60000,9,2,215769,56467,48539,159289,293465,1,0,0,0,0.139612
60001,9,2,215647,56383,48586,159251,292914,1,0,0,0,0.13716
60004,9,1,154261,39235,34030,115026,201421,0,0,0,0,0.0474216
60009,9,1,154573,39509,34127,115064,202564,0,0,0,0,0.0658436
60010,9,2,214931,56182,48302,158736,292324,1,0,0,0,0.143627
60011,9,2,223825,58865,51041,164948,307262,1,0,0,0,0.143678
60014,9,2,221909,58279,50832,163618,302923,1,0,0,0,0.134482
60019,9,1,175272,45517,39918,129755,233555,0,0,0,0,0.050943
60020,9,2,214741,56115,48361,158613,291930,1,0,0,0,0.137483
60021,9,2,222880,58636,50718,164232,306047,1,0,0,0,0.160144
60024,9,2,221883,58279,50840,163592,302931,1,0,0,0,0.131709
60029,9,1,175308,45565,39954,129743,233868,0,0,0,0,0.0722984
60050,9,2,214561,55972,48218,158576,290799,1,0,0,0,0.150226
60051,9,2,214770,55983,48378,158774,290686,1,0,0,0,0.142175
60054,9,1,145917,37416,32448,108501,193243,0,0,0,0,0.063531
60059,9,1,160576,40672,35271,119904,207403,0,0,0,0,0.0703362
60060,9,2,220547,58183,50218,162351,303343,1,0,0,0,0.147723
60061,9,2,224725,59666,52022,165047,312356,1,0,0,0,0.16979
60064,9,1,171753,44994,39178,126759,231835,0,0,0,0,0.0681231
60069,9,1,178544,46264,40644,132280,236896,0,0,0,0,0.0594171
60070,9,2,219993,58012,50135,161968,302411,1,0,0,0,0.161707
60071,9,2,224335,59576,51996,164747,311908,1,0,0,0,0.151514
60074,9,1,171762,45002,39180,126760,231881,0,0,0,0,0.0551409
60079,9,1,178612,46309,40676,132303,237146,0,0,0,0,0.0647542
60100,9,1,158674,40679,35187,117995,207147,0,0,0,0,0.0601047
60101,9,2,220500,58189,50741,162299,303279,1,0,0,0,0.181804
60104,9,1,168846,43854,38637,124992,224929,0,0,0,0,0.0525401
60109,9,1,178644,46211,40257,132433,237239,0,0,0,0,0.0747887
60110,9,1,159421,40792,35321,118629,207529,0,0,0,0,0.0730522
60111,9,2,220420,58173,50734,162235,303207,1,0,0,0,0.153696
60114,9,1,168719,43826,38604,124893,224785,0,0,0,0,0.0504321
60119,9,1,178590,46207,40265,132383,237207,0,0,0,0,0.0586596
60140,9,1,155378,39146,34152,116232,198501,0,0,0,0,0.0492618
60141,9,1,153215,39035,34022,114180,200329,0,0,0,0,0.047576
60144,9,1,144113,36574,31607,107539,188129,0,0,0,0,0.0509561
60149,9,1,171215,43261,37602,127954,220919,0,0,0,0,0.086175
60190,9,1,136785,34558,29713,102227,177445,0,0,0,0,0.0485851
60191,9,1,154967,39752,34703,115215,204133,0,0,0,0,0.0513792
60192,9,1,174270,45452,40074,128818,233486,0,0,0,0,0.0638215
60193,9,1,174627,45586,40151,129041,234266,0,0,0,0,0.0562184
60194,9,1,160550,40964,35903,119586,209351,0,0,0,0,0.0502037
60195,9,1,179141,46755,41371,132386,239843,0,0,0,0,0.056753
60196,9,1,179712,46941,41492,132771,240852,0,0,0,0,0.05796
60197,9,1,180101,46580,40680,133521,238973,0,0,0,0,0.0560666
60198,9,1,180207,46618,40740,133589,239145,0,0,0,0,0.0754528
60199,9,1,171452,43834,38142,127618,224877,0,0,0,0,0.092803
60482,18,1,137920,34442,29382,103478,175682,0,0,0,0,0.058528
60485,18,1,145386,37299,32254,108087,191551,0,0,0,0,0.0587274
60488,18,1,138900,35695,30610,103205,184533,0,0,0,0,0.0555859
60492,18,1,138161,34432,29370,103729,175464,0,0,0,0,0.0686272
60495,18,1,146183,37414,32397,108769,191865,0,0,0,0,0.0454328
60498,18,1,139282,35715,30701,103567,184404,0,0,0,0,0.0477158
60502,18,1,137408,34377,29342,103031,177167,0,0,0,0,0.0668283
60505,18,1,165710,43357,37065,122353,226796,0,0,0,0,0.0514539
60508,18,1,163665,42869,36796,120796,224201,0,0,0,0,0.0517994
60512,18,1,139652,35997,30751,103655,187344,0,0,0,0,0.0512105
60515,18,1,154572,40028,34490,114544,207711,0,0,0,0,0.0556946
60518,18,1,155726,39351,33942,116375,201777,0,0,0,0,0.0715591
60522,18,1,132277,34263,29343,98014,180159,0,0,0,0,0.0567535
60525,18,1,152672,39663,34108,113009,207578,0,0,0,0,0.0519283
60528,18,1,149656,37945,32633,111711,196331,0,0,0,0,0.0531884
60530,18,1,147194,36732,31373,110462,188651,0,0,0,0,0.0794341
60531,18,1,152957,38434,32795,114523,195552,0,0,0,0,0.0771179
60532,18,1,144486,36454,31206,108032,187384,0,0,0,0,0.0612383
60533,18,1,127353,31992,27239,95361,164898,0,0,0,0,0.0611897
60534,18,1,171639,44649,38686,126990,231397,0,0,0,0,0.080985
60535,18,1,165775,42822,37145,122953,221593,0,0,0,0,0.0607463
60536,18,1,150788,38641,33205,112147,199811,0,0,0,0,0.0587054
60537,18,1,154859,38763,33142,116096,196945,0,0,0,0,0.0552094
60538,18,1,172841,44917,39040,127924,232538,0,0,0,0,0.0601154
60539,18,1,161916,42193,36553,119723,219683,0,0,0,0,0.0633599
60552,18,1,167602,42944,36719,124658,219392,0,0,0,0,0.0579605
60555,18,1,166351,42414,36449,123937,217326,0,0,0,0,0.050421
60558,18,1,152627,38325,32882,114302,195826,0,0,0,0,0.0450584
60562,18,1,175167,45426,39093,129741,234870,0,0,0,0,0.0610854
60565,18,1,177436,47003,40940,130433,245321,0,0,0,0,0.0509945
60568,18,1,171746,44909,38951,126837,233315,0,0,0,0,0.0481398
60572,18,1,186877,48592,41960,138285,251072,0,0,0,0,0.0506908
60575,18,1,196857,52150,45214,144707,270943,0,0,0,0,0.0542443
60578,18,1,185232,48650,42092,136582,253347,0,0,0,0,0.0531057
60582,18,1,176688,46287,39823,130401,241813,0,0,0,0,0.0535081
60585,18,1,196866,51955,45086,144911,269917,0,0,0,0,0.0528948
60588,18,1,189608,49892,43206,139716,260250,0,0,0,0,0.0522315
60590,18,1,167915,43629,37795,124286,226126,0,0,0,0,0.0720661
60591,18,1,185209,48485,41996,136724,251348,0,0,0,0,0.0593326
60592,18,1,172585,45081,38889,127504,235613,0,0,0,0,0.0503813
60593,18,1,156361,40920,35604,115441,214643,0,0,0,0,0.0491917
60594,18,1,195965,51817,45312,144148,269558,0,0,0,0,0.0557598
60595,18,1,190749,50482,44320,140267,263285,0,0,0,0,0.0544066
60596,18,1,186695,49140,42962,137555,255676,0,0,0,0,0.0576519
60597,18,1,189896,49982,43666,139914,259299,0,0,0,0,0.0567398
60598,18,1,189343,49583,43039,139760,256748,0,0,0,0,0.0583897
60599,18,1,179326,46923,40577,132403,244531,0,0,0,0,0.0554981
60612,18,1,170100,44274,38209,125826,229774,0,0,0,0,0.0593511
60615,18,1,166410,43831,37899,122579,228841,0,0,0,0,0.0512835
60618,18,1,170888,44679,38653,126209,232507,0,0,0,0,0.0490711
60622,18,1,187405,48950,42567,138455,253474,0,0,0,0,0.0537811
60625,18,1,195876,51824,44798,144052,269467,0,0,0,0,0.0553927
60628,18,1,180664,47356,41022,133308,246665,0,0,0,0,0.0614004
60632,18,1,176055,46284,39968,129771,242375,0,0,0,0,0.0554216
60635,18,1,198611,52527,45503,146084,273793,0,0,0,0,0.0605427
60638,18,1,184896,48783,42030,136113,254768,0,0,0,0,0.0749686
60640,18,1,174594,45818,39741,128776,238109,0,0,0,0,0.0587094
60641,18,1,185027,48578,42163,136449,251942,0,0,0,0,0.052871
60642,18,1,174715,45936,39799,128779,240135,0,0,0,0,0.0553921
60644,18,1,187948,49576,43244,138372,258241,0,0,0,0,0.0550326
60645,18,1,199259,52664,45785,146595,272947,0,0,0,0,0.062255
60646,18,1,190600,50097,43913,140503,259758,0,0,0,0,0.0558966
60647,18,1,179978,47492,41341,132486,248295,0,0,0,0,0.0625642
60648,18,1,187544,49588,43139,137956,258729,0,0,0,0,0.071151
60649,18,1,188775,49630,43324,139145,258071,0,0,0,0,0.0541694
60653,18,1,156818,41269,35976,115549,216676,0,0,0,0,0.0486341
60662,18,1,199325,52853,45867,146472,275017,0,0,0,0,0.0545338
60665,18,1,188990,49888,43209,139102,259877,0,0,0,0,0.0524049
60668,18,1,164733,43089,36977,121644,224938,0,0,0,0,0.0669292
60672,18,1,195945,52222,45648,143723,273146,0,0,0,0,0.0802105
60675,18,1,203002,53736,46819,149266,278590,0,0,0,0,0.0720891
60678,18,2,235716,62510,53839,173194,329519,1,0,0,0,0.159753
60680,18,1,177535,46482,39943,131053,239033,0,0,0,0,0.0633202
60681,18,1,202812,54597,47429,148215,285724,0,0,0,0,0.067691
60682,18,1,198583,53019,46208,145564,276979,0,0,0,0,0.0643876
60684,18,1,203998,54720,47548,149278,286093,0,0,0,0,0.0730428
60685,18,1,203991,54433,47394,149558,284367,0,0,0,0,0.0683893
60688,18,1,178648,47051,40745,131597,246180,0,0,0,0,0.0544972
60689,18,1,188118,49149,42634,138969,254548,0,0,0,0,0.0544879
60693,18,1,190040,50622,44485,139418,264329,0,0,0,0,0.0549486
60696,18,1,194347,51508,45376,142839,267725,0,0,0,0,0.0554208
60697,18,1,172986,45580,39233,127406,239249,0,0,0,0,0.0554982
60702,18,1,186015,48499,42247,137516,250726,0,0,0,0,0.0551806
60705,18,1,176282,45937,39805,130345,239165,0,0,0,0,0.0689638
60708,18,1,168875,43726,37635,125149,228154,0,0,0,0,0.0603773
60710,18,1,173650,45609,39547,128041,235852,0,0,0,0,0.0513226
60711,18,1,178489,47302,41121,131187,246983,0,0,0,0,0.0732666
60714,18,1,165778,43540,37638,122238,227268,0,0,0,0,0.0652667
60719,18,1,188046,49945,43641,138101,261949,0,0,0,0,0.0658942
60722,18,1,194484,51859,45021,142625,271647,0,0,0,0,0.0530914
60723,18,1,194687,51824,45243,142863,269890,0,0,0,0,0.0576395
60725,18,1,191725,51048,43977,140677,266888,0,0,0,0,0.0614144
60726,18,1,189667,50405,44078,139262,263172,0,0,0,0,0.0538224
60727,18,2,254743,68107,58708,186624,359953,1,0,0,0,0.166423
60728,18,1,178044,46770,40595,131274,244705,0,0,0,0,0.0757908
60740,18,1,161967,42452,36550,119515,220182,0,0,0,0,0.0615648
60741,18,1,177614,47462,41159,130152,248550,0,0,0,0,0.0597771
60742,18,1,193788,51881,45285,141907,272191,0,0,0,0,0.080757
60743,18,1,185674,49724,43562,135950,260960,0,0,0,0,0.070354
60744,18,1,176198,46885,40669,129313,245696,0,0,0,0,0.0497459
60745,18,1,188806,50177,43544,138629,262203,0,0,0,0,0.0539242
60746,18,1,195182,52032,45641,143150,271599,0,0,0,0,0.0679118
60747,18,1,174391,46343,39538,128048,242924,0,0,0,0,0.059554
60748,18,1,187649,49055,42461,138594,254390,0,0,0,0,0.0666553
60749,18,1,187686,50393,44234,137293,265152,0,0,0,0,0.0992825
61320,9,1,116439,28798,24792,87641,146947,0,0,0,0,0.0489798
61321,9,1,117005,28887,24905,88118,147273,0,0,0,0,0.0475925
61322,9,1,117008,28863,24924,88145,148674,0,0,0,0,0.0524822
61323,9,1,127264,31730,27289,95534,163344,0,0,0,0,0.103793
61324,9,1,129285,31809,27382,97476,160278,0,0,0,0,0.0521767
61325,9,1,127334,31742,27661,95592,161797,0,0,0,0,0.0532053
61326,9,1,136641,33668,28760,102973,170103,0,0,0,0,0.0544401
61327,9,1,121015,30551,26474,90464,158014,0,0,0,0,0.0628924
61328,9,1,124631,31146,26460,93485,160225,0,0,0,0,0.0697489
61329,9,1,119299,29998,25106,89301,154985,0,0,0,0,0.0747662
61330,9,1,116955,28800,24863,88155,146671,0,0,0,0,0.0720648
61331,9,1,117521,28889,24976,88632,146997,0,0,0,0,0.0560709
61332,9,1,117397,28854,24941,88543,148383,0,0,0,0,0.0652085
61333,9,1,128377,31935,27442,96442,164238,0,0,0,0,0.0988763
61334,9,1,130548,32057,27668,98491,161299,0,0,0,0,0.0455202
61335,9,1,127818,31785,27712,96033,161831,0,0,0,0,0.0546099
61336,9,1,137018,33660,28746,103358,169831,0,0,0,0,0.0512294
61337,9,1,121394,30560,26492,90834,157860,0,0,0,0,0.0484482
61338,9,1,124901,31108,26427,93793,159818,0,0,0,0,0.0508182
61339,9,1,119722,30022,25194,89700,154919,0,0,0,0,0.0768748
61340,9,1,114002,28229,24307,85773,145907,0,0,0,0,0.0611121
61341,9,1,114372,28252,24351,86120,145841,0,0,0,0,0.056831
61342,9,1,116441,28775,24822,87666,149636,0,0,0,0,0.0777269
61343,9,1,125036,31132,26811,93904,161764,0,0,0,0,0.091863
61344,9,1,142553,35504,30366,107049,181184,0,0,0,0,0.0660211
61345,9,1,145647,37263,31916,108384,193909,0,0,0,0,0.0752407
61346,9,1,149399,37850,32340,111549,196457,0,0,0,0,0.0560297
61347,9,1,140305,36086,31313,104219,188272,0,0,0,0,0.0569754
61348,9,1,147197,37828,32124,109369,197287,0,0,0,0,0.0732568
61349,9,1,141026,36026,30598,105000,186010,0,0,0,0,0.0559644
61350,9,1,123485,30755,26361,92730,158933,0,0,0,0,0.0651648
61351,9,2,170932,44301,37804,126620,230959,1,0,0,0,0.144273
61352,9,2,155130,40519,34935,114598,212921,1,0,0,0,0.169511
61353,9,1,130883,32676,28310,98207,167720,0,0,0,0,0.0573786
61354,9,1,148789,38145,33128,110644,197608,0,0,0,0,0.0523356
61355,9,2,158250,41478,35965,116761,217976,1,0,0,0,0.175185
61356,9,1,149463,37747,33081,111716,193345,0,0,0,0,0.0609154
61357,9,2,147246,38201,32920,109033,200495,1,0,0,0,0.179352
61358,9,1,145415,35913,30912,109502,181179,0,0,0,0,0.0473598
61359,9,1,141209,35920,31027,105289,185899,0,0,0,0,0.0509081
61360,9,1,124053,30830,26496,93223,159163,0,0,0,0,0.0944973
61361,9,2,170756,44266,37796,126479,230795,1,0,0,0,0.155526
61362,9,2,145041,37400,32140,107628,196036,1,0,0,0,0.144156
61363,9,1,119980,29970,25845,90010,156150,0,0,0,0,0.0557556
61364,9,1,148755,38143,33138,110612,197592,0,0,0,0,0.0516766
61365,9,2,153639,40046,34832,113581,210218,1,0,0,0,0.176985
61366,9,1,139496,35276,30656,104220,183009,0,0,0,0,0.0562489
61367,9,2,145478,37676,32476,107790,197625,1,0,0,0,0.157128
61368,9,1,139717,34565,29892,105152,176098,0,0,0,0,0.0691158
61369,9,1,141193,35903,30976,105290,185814,0,0,0,0,0.0529395
61370,9,1,123402,30642,26161,92760,159531,0,0,0,0,0.0779482
61371,9,2,171951,44865,38642,127073,236306,1,0,0,0,0.157686
61372,9,1,131117,32615,27514,98502,169474,0,0,0,0,0.0567039
61373,9,1,111517,27896,23852,83621,145885,0,0,0,0,0.0567057
61374,9,1,149624,38631,33272,110993,202303,0,0,0,0,0.0550883
61375,9,1,145839,37100,31754,108739,193771,0,0,0,0,0.0582571
61376,9,1,136772,34929,30126,101843,182221,0,0,0,0,0.0733451
61377,9,1,151547,39139,34414,112408,202533,0,0,0,0,0.0560592
61378,9,1,140186,35122,30245,105064,181386,0,0,0,0,0.0532421
61379,9,1,137640,35058,30002,102582,183299,0,0,0,0,0.0554746
61380,9,1,135452,34097,29427,101355,177207,0,0,0,0,0.110501
61381,9,1,148685,37119,31904,111566,190087,0,0,0,0,0.0734734
61382,9,1,135281,34167,29326,101114,177748,0,0,0,0,0.0705839
61383,9,1,131377,32944,28029,98433,171063,0,0,0,0,0.0763323
61384,9,1,162375,41833,36627,120542,217479,0,0,0,0,0.071874
61385,9,1,154990,39727,34691,115263,206863,0,0,0,0,0.0711283
61386,9,1,151412,38680,33484,112732,201907,0,0,0,0,0.0788507
61387,9,1,154995,38949,33892,116046,199549,0,0,0,0,0.0795372
61388,9,1,143496,35994,31199,107502,185874,0,0,0,0,0.0655251
61389,9,1,137467,34625,29878,102842,179853,0,0,0,0,0.0668151
61390,9,4,304889,80686,70006,224177,435349,1,1,2,0,0.223263
61391,9,4,305179,80745,70031,224408,435630,1,1,2,0,0.211933
61392,9,1,139507,35024,29922,104483,179793,0,0,0,0,0.0786744
61393,9,1,167215,42659,37100,124556,218962,0,0,0,0,0.0920611
61394,9,4,348614,92626,81108,255962,497894,1,1,2,0,0.197261
61395,9,2,210438,54073,46688,156353,278257,1,0,0,0,0.147599
61396,9,1,166419,42262,36108,124157,215216,0,0,0,0,0.0522455
61397,9,2,193344,48958,41553,144374,251270,1,0,0,0,0.128122
61398,9,1,147585,37175,31856,110410,190218,0,0,0,0,0.051423
61399,9,1,136756,34276,29102,102480,175494,0,0,0,0,0.0536611
61400,9,4,303946,81284,70992,222636,442137,1,1,2,0,0.20415
61401,9,4,304425,81401,71095,222998,442762,1,1,2,0,0.202842
61402,9,1,146229,36965,31937,109264,191628,0,0,0,0,0.0542163
61403,9,1,167444,43290,37788,124154,225338,0,0,0,0,0.0787
61404,9,4,326859,88718,77790,238115,482641,1,1,2,0,0.266224
61405,9,1,157781,40239,35028,117542,207858,0,0,0,0,0.0531011
61406,9,1,168003,43419,37682,124584,225463,0,0,0,0,0.0572867
61407,9,2,206132,53514,46053,152605,279003,1,0,0,0,0.12691
61408,9,1,164090,42233,36738,121857,218736,0,0,0,0,0.0524579
61409,9,1,149993,37898,32960,112095,193589,0,0,0,0,0.0559601
61410,9,4,306500,81733,70588,224741,444782,1,1,2,0,0.220288
61411,9,4,354043,95725,83286,258292,521878,1,1,2,0,0.223202
61412,9,1,169208,43055,37042,126153,221179,0,0,0,0,0.0694745
61413,9,1,185119,47570,40889,137549,243968,0,0,0,0,0.0860046
61414,9,4,337595,91952,79801,245617,501556,1,1,2,0,0.230785
61415,9,2,217770,57815,50210,159942,303882,1,0,0,0,0.137656
61416,9,1,180667,47005,40373,133662,242603,0,0,0,0,0.0842777
61417,9,2,205285,53578,46379,151694,280069,1,0,0,0,0.151938
61418,9,1,182474,47199,41086,135275,244217,0,0,0,0,0.0604122
61419,9,1,168106,43387,37376,124719,222956,0,0,0,0,0.0691836
61420,9,4,306854,81797,70667,225031,445091,1,1,2,0,0.219537
61421,9,4,353914,95715,83279,258173,521855,1,1,2,0,0.184853
61422,9,1,162666,41729,35789,120937,216641,0,0,0,0,0.0468033
61423,9,1,165325,42562,36680,122763,221083,0,0,0,0,0.0556625
61424,9,4,337673,91959,79814,245688,501563,1,1,2,0,0.19826
61425,9,2,214629,56348,48850,158268,295416,1,0,0,0,0.135272
61426,9,1,180844,47087,40585,133757,243266,0,0,0,0,0.0692903
61427,9,1,168887,43418,38192,125469,224019,0,0,0,0,0.0533546
61428,9,1,185565,48267,42095,137298,250516,0,0,0,0,0.0609943
61429,9,1,168178,43416,37398,124762,223125,0,0,0,0,0.0544987
61430,9,1,146224,36740,31596,109484,190066,0,0,0,0,0.0575221
61431,9,1,167885,42650,36249,125235,219003,0,0,0,0,0.068263
61432,9,1,159878,40948,34671,118930,212688,0,0,0,0,0.0543788
61433,9,1,158417,40969,35158,117448,213893,0,0,0,0,0.0574374
61434,9,1,173521,44367,38381,129154,228257,0,0,0,0,0.0533682
61435,9,1,172633,44003,37861,128630,226681,0,0,0,0,0.0549111
61436,9,1,179472,47091,40745,132381,244194,0,0,0,0,0.0828671
61437,9,1,167698,43425,37908,124273,224796,0,0,0,0,0.0528872
61438,9,1,177279,45774,39666,131505,235921,0,0,0,0,0.0536398
61439,9,1,173657,44943,38716,128714,233129,0,0,0,0,0.0579019
61440,9,1,159421,41325,36051,118096,215477,0,0,0,0,0.078432
61441,9,1,176239,45207,39476,131032,231939,0,0,0,0,0.05853
61442,9,1,158909,40972,35516,117937,213163,0,0,0,0,0.0659589
61443,9,1,154525,39862,34325,114663,207922,0,0,0,0,0.0837493
61444,9,1,179192,46192,40387,133000,238607,0,0,0,0,0.0674856
61445,9,1,176720,45699,40074,131021,236347,0,0,0,0,0.069688
61446,9,1,175932,45351,39333,130581,234154,0,0,0,0,0.070333
61447,9,2,208143,54019,46687,154111,281221,1,0,0,0,0.201196
61448,9,1,167377,43115,37703,124262,222580,0,0,0,0,0.0571102
61449,9,1,158403,40874,35413,117529,212529,0,0,0,0,0.0612892
61450,9,4,292892,78289,68123,214577,426518,1,1,2,0,0.275414
61451,9,4,292990,78299,68190,214665,426534,1,1,2,0,0.26646
61452,9,1,142113,35992,31112,106121,186880,0,0,0,0,0.0607957
61453,9,1,160034,41806,36657,118228,218426,0,0,0,0,0.0740582
61454,9,4,312490,84127,73040,228337,456276,1,1,2,0,0.210086
61455,9,2,207531,54467,46953,153051,285588,1,0,0,0,0.128757
61456,9,1,161848,41885,36434,119963,217646,0,0,0,0,0.0538024
61457,9,2,204624,53374,46133,151237,278855,1,0,0,0,0.170356
61458,9,1,164759,42301,36891,122458,219161,0,0,0,0,0.0527718
61459,9,1,159426,40136,34914,119290,204725,0,0,0,0,0.0502011
61460,9,4,304888,81996,70895,222866,446658,1,1,2,0,0.259945
61461,9,4,350134,94481,81922,255628,514894,1,1,2,0,0.203601
61462,9,1,168685,42773,36665,125912,219248,0,0,0,0,0.0524659
61463,9,1,177364,45207,39054,132157,231162,0,0,0,0,0.0568712
61464,9,4,325526,88644,76682,236856,484466,1,1,2,0,0.227199
61465,9,1,176986,45668,39327,131318,235424,0,0,0,0,0.0815703
61466,9,2,224177,59361,51621,164803,311800,1,0,0,0,0.16304
61467,9,2,206163,54123,46949,152027,284077,1,0,0,0,0.16714
61468,9,1,181081,46840,40573,134241,242643,0,0,0,0,0.0596602
61469,9,1,175724,45511,39413,130213,233884,0,0,0,0,0.0612003
61470,9,4,305133,82040,70943,223067,446924,1,1,2,0,0.275195
61471,9,4,350008,94420,81873,255563,514479,1,1,2,0,0.19845
61472,9,1,161746,41521,35404,120225,215634,0,0,0,0,0.0558616
61473,9,1,160314,41362,35590,118952,215187,0,0,0,0,0.0721095
61474,9,4,325447,88620,76674,236801,484319,1,1,2,0,0.23114
61475,9,1,173272,44119,37920,129153,226931,0,0,0,0,0.0491344
61476,9,2,217257,57573,50215,159671,302634,1,0,0,0,0.137011
61477,9,1,155196,39570,34417,115626,205066,0,0,0,0,0.0511978
61478,9,1,188127,49117,42641,139010,255371,0,0,0,0,0.060682
61479,9,1,175825,45545,39449,130280,234045,0,0,0,0,0.0554973
61480,9,1,147201,37594,32297,109607,195583,0,0,0,0,0.0582853
61481,9,1,169583,43256,37055,126327,222351,0,0,0,0,0.047528
61482,9,1,158956,40923,34929,118033,212890,0,0,0,0,0.0647906
61483,9,1,155040,40197,34583,114843,210064,0,0,0,0,0.0827991
61484,9,1,170903,43886,38142,127017,226753,0,0,0,0,0.067954
61485,9,1,176353,44968,38649,131385,230443,0,0,0,0,0.0583775
61486,9,1,186089,48914,42423,137175,253054,0,0,0,0,0.0716226
61487,9,1,154907,39622,34343,115285,205226,0,0,0,0,0.055758
61488,9,1,170985,44428,38638,126557,230835,0,0,0,0,0.0564951
61489,9,1,181528,46998,40824,134530,243032,0,0,0,0,0.083038
61490,9,1,165082,43133,37653,121949,225250,0,0,0,0,0.11262
61491,9,1,184107,47761,41386,136346,245911,0,0,0,0,0.0669162
61492,9,1,164222,42473,36760,121749,220749,0,0,0,0,0.0620464
61493,9,1,156997,40911,35559,116086,213841,0,0,0,0,0.076224
61494,9,1,174909,45359,39459,129550,235257,0,0,0,0,0.0589735
61495,9,1,182637,47235,41268,135402,243127,0,0,0,0,0.084858
61496,9,1,192626,49749,43392,142877,254603,0,0,0,0,0.0768403
61497,9,2,207062,54282,46984,152767,284311,1,0,0,0,0.174656
61498,9,1,169122,43960,38418,125162,228460,0,0,0,0,0.0595384
61499,9,1,167604,42897,37248,124707,221336,0,0,0,0,0.0562206
61500,9,4,297187,79208,68241,217953,427912,1,1,2,0,0.25533
61501,9,4,332819,90197,78106,242597,490721,1,1,2,0,0.274389
61502,9,1,176759,45579,39332,131180,235119,0,0,0,0,0.0709555
61503,9,1,181886,47295,41387,134591,245335,0,0,0,0,0.0795915
61504,9,4,326403,88296,76533,238081,480897,1,1,2,0,0.211807
61505,9,1,171074,44073,37989,127001,227875,0,0,0,0,0.0536198
61506,9,1,179040,46747,40793,132293,243357,0,0,0,0,0.065271
61507,9,1,141690,35939,30883,105751,186373,0,0,0,0,0.0565612
61508,9,1,173701,44958,38725,128743,233590,0,0,0,0,0.0639587
61509,9,1,172308,44310,38424,127998,228094,0,0,0,0,0.0619545
61510,9,4,297372,79246,68279,218100,428114,1,1,2,0,0.241688
61511,9,4,332807,90214,78123,242568,490869,1,1,2,0,0.207974
61512,9,1,178608,46137,39809,132471,238725,0,0,0,0,0.0512073
61513,9,1,179922,47019,41222,132903,244399,0,0,0,0,0.0764853
61514,9,4,326313,88279,76526,238008,480805,1,1,2,0,0.230632
61515,9,1,181497,46662,40262,134835,239490,0,0,0,0,0.0754948
61516,9,1,187865,49050,43277,138815,253728,0,0,0,0,0.0818768
61517,9,1,147343,37482,32365,109861,194630,0,0,0,0,0.0579715
61518,9,1,181407,47098,41229,134309,244812,0,0,0,0,0.0681963
61519,9,1,172807,44425,38383,128382,228684,0,0,0,0,0.0620694
61520,9,1,142474,36152,30987,106322,186125,0,0,0,0,0.0555879
61521,9,2,220851,58855,51201,161983,309877,1,0,0,0,0.138549
61522,9,2,213505,56664,49360,156828,298378,1,0,0,0,0.171683
61523,9,1,181430,47594,41303,133836,247443,0,0,0,0,0.0591854
61524,9,1,184292,47738,41208,136554,246440,0,0,0,0,0.0557934
61525,9,1,174685,44972,38911,129713,232358,0,0,0,0,0.0540394
61526,9,1,197461,51566,44945,145895,264881,0,0,0,0,0.0697955
61527,9,1,146855,37441,32369,109414,194536,0,0,0,0,0.0567252
61528,9,1,161430,41991,36390,119439,219614,0,0,0,0,0.0843084
61529,9,1,172696,44716,38656,127980,231272,0,0,0,0,0.0831098
61530,9,1,172188,45090,39338,127098,233092,0,0,0,0,0.107448
61531,9,1,187699,49530,42773,138169,257319,0,0,0,0,0.0875314
61532,9,1,183630,48283,41618,135347,250839,0,0,0,0,0.088957
61533,9,1,184675,48730,42337,135945,253074,0,0,0,0,0.0891249
61534,9,2,225061,59924,52079,165124,314900,1,0,0,0,0.199127
61535,9,2,218008,58484,50957,159511,308608,1,0,0,0,0.166583
61536,9,1,188590,49911,43710,138679,258662,0,0,0,0,0.0614676
61537,9,1,164887,42759,37044,122128,221368,0,0,0,0,0.0658583
61538,9,1,167958,43231,37610,124727,222518,0,0,0,0,0.0635512
61539,9,1,170986,43612,37747,127374,221868,0,0,0,0,0.0582984
61540,9,4,340415,90473,78876,249916,486634,1,1,2,0,0.246154
61541,9,4,331732,89578,77674,242128,486726,1,1,2,0,0.201624
61542,9,1,175156,45400,39945,129756,234912,0,0,0,0,0.0598806
61543,9,2,204436,53250,46459,151173,277398,1,0,0,0,0.131819
61544,9,4,325852,87639,75652,238187,476099,1,1,2,0,0.26137
61545,9,1,161518,41164,35834,120354,213063,0,0,0,0,0.0664756
61546,9,2,205512,53847,46810,151652,281911,1,0,0,0,0.145743
61547,9,1,150349,37998,33037,112351,196771,0,0,0,0,0.0603782
61548,9,1,159891,40774,35154,119117,209833,0,0,0,0,0.0615009
61549,9,1,158218,39700,34196,118518,203112,0,0,0,0,0.100502
61550,9,2,219516,57565,49991,161939,298548,1,0,0,0,0.203699
61551,9,1,155102,39363,34105,115739,202729,0,0,0,0,0.0719714
61552,9,1,177051,45950,40717,131101,237825,0,0,0,0,0.0829667
61553,9,1,168437,43398,37708,125039,223979,0,0,0,0,0.0800971
61554,9,2,206643,53743,46503,152887,281091,1,0,0,0,0.197757
61555,9,1,160047,40864,35681,119183,211886,0,0,0,0,0.0777835
61556,9,1,169759,44060,38353,125699,228867,0,0,0,0,0.0823492
61557,9,1,149368,37892,32956,111476,196743,0,0,0,0,0.0766107
61558,9,1,165459,42020,36335,123439,215586,0,0,0,0,0.0532359
61559,9,1,165068,42701,37169,122367,222641,0,0,0,0,0.097125
61560,9,1,167438,42593,36794,124845,216683,0,0,0,0,0.0853548
61561,9,1,165302,42594,37125,122708,221152,0,0,0,0,0.0787007
61562,9,1,183995,48028,41920,135967,249659,0,0,0,0,0.0839702
61563,9,1,178713,46471,40341,132242,240104,0,0,0,0,0.0749541
61564,9,1,157810,40609,35378,117201,210555,0,0,0,0,0.0586712
61565,9,1,181966,47652,41366,134314,248003,0,0,0,0,0.0844899
61566,9,1,172331,45093,39069,127238,234887,0,0,0,0,0.083287
61567,9,1,177492,46212,40179,131280,240541,0,0,0,0,0.0873685
61568,9,1,162223,42277,36627,119946,221564,0,0,0,0,0.0801499
61569,9,1,161719,41694,36247,120025,217433,0,0,0,0,0.0785273
61570,9,2,208838,54357,46431,154469,282035,1,0,0,0,0.157808
61571,9,2,211805,55273,47804,156519,289379,1,0,0,0,0.135729
61572,9,2,212114,56003,48625,156098,294277,1,0,0,0,0.165906
61573,9,1,161007,41534,35944,119473,215809,0,0,0,0,0.0523832
61574,9,2,204260,53072,45823,151175,277476,1,0,0,0,0.162561
61575,9,2,211191,55747,48303,155431,293581,1,0,0,0,0.192026
61576,9,1,170613,44026,38176,126587,227756,0,0,0,0,0.0622506
61577,9,1,143972,36573,31543,107399,189742,0,0,0,0,0.0667922
61578,9,1,171149,43219,37362,127930,219242,0,0,0,0,0.0764726
61579,9,1,161324,41857,36612,119467,218762,0,0,0,0,0.0749447
61580,9,1,151200,38735,33444,112465,199339,0,0,0,0,0.0583566
61581,9,1,162345,42002,36625,120343,218187,0,0,0,0,0.0576623
61582,9,1,186465,48928,42563,137537,254613,0,0,0,0,0.0639613
61583,9,1,173586,45749,39938,127837,238886,0,0,0,0,0.0832818
61584,9,1,161249,41455,36282,119794,214975,0,0,0,0,0.0655457
61585,9,1,180098,47070,40794,133028,244962,0,0,0,0,0.0604683
61586,9,1,180309,47150,41278,133159,244695,0,0,0,0,0.0904184
61587,9,1,172686,45024,38906,127662,235083,0,0,0,0,0.0733817
61588,9,1,174261,45013,39016,129248,232769,0,0,0,0,0.0849895
61589,9,1,165424,43376,37960,122048,227084,0,0,0,0,0.0979458
61590,9,1,147084,37803,32228,109281,195549,0,0,0,0,0.0907403
61591,9,1,158352,40808,35745,117544,210394,0,0,0,0,0.0728066
61592,9,1,175061,46097,39988,128964,238901,0,0,0,0,0.0687382
61593,9,1,175148,46129,40013,129019,239092,0,0,0,0,0.0822838
61594,9,1,165665,42490,37106,123175,218611,0,0,0,0,0.0712302
61595,9,1,182070,47970,41586,134100,248338,0,0,0,0,0.0876461
61596,9,1,182192,48026,41640,134166,248648,0,0,0,0,0.0883932
61597,9,1,181395,47419,41167,133976,245256,0,0,0,0,0.0929849
61598,9,1,181489,47413,41094,134076,245186,0,0,0,0,0.0893248
61599,9,1,165496,43073,37453,122423,222802,0,0,0,0,0.120723
63560,9,1,133305,36044,31033,97261,190690,0,0,0,0,0.0919583
63561,9,1,152285,40863,35242,111422,215772,0,0,0,0,0.0868817
63564,9,1,163427,43328,37841,120099,227135,0,0,0,0,0.0819371
63569,9,1,153892,40828,35541,113064,214740,0,0,0,0,0.0939605
63570,9,1,132289,34653,29802,97636,180355,0,0,0,0,0.0574901
63571,9,2,207843,56889,49285,150941,301369,1,0,0,0,0.18485
63574,9,2,211667,56298,49240,155356,295380,1,0,0,0,0.195152
63579,9,1,155420,41045,35595,114375,213924,0,0,0,0,0.105738
63580,9,1,140421,36296,31407,104125,189570,0,0,0,0,0.0738496
63581,9,1,161866,41792,36285,120074,216527,0,0,0,0,0.0569157
63584,9,2,244163,65944,57356,178206,347808,1,0,0,0,0.216566
63589,9,1,154526,40033,34676,114493,207381,0,0,0,0,0.0745338
63590,9,1,140309,36272,31390,104037,189428,0,0,0,0,0.0791401
63591,9,1,165779,42777,37390,123002,220935,0,0,0,0,0.0762407
63594,9,2,240689,65342,56787,175334,345894,1,0,0,0,0.210694
63599,9,1,141381,36370,31233,105011,188406,0,0,0,0,0.0642314
63600,9,2,227523,61291,53357,166220,323104,1,0,0,0,0.221644
63601,9,2,231472,61987,54154,169473,326060,1,0,0,0,0.185032
63604,9,2,233120,63683,55576,169424,337261,1,0,0,0,0.200577
63609,9,1,133347,34380,29652,98967,178847,0,0,0,0,0.0781534
63630,9,1,131017,33164,28537,97853,169596,0,0,0,0,0.0663375
63631,9,1,150166,38726,33766,111440,199119,0,0,0,0,0.0512257
63634,9,1,165635,42877,37505,122758,219677,0,0,0,0,0.0520068
63639,9,1,151292,38567,33579,112725,197833,0,0,0,0,0.0773658
63640,9,1,163275,43907,38137,119368,230079,0,0,0,0,0.0761709
63641,9,2,355886,96333,84103,259541,506247,1,0,0,0,0.223156
63644,9,1,170548,45564,39241,124984,237793,0,0,0,0,0.0538888
63649,9,1,167492,42757,36984,124735,218376,0,0,0,0,0.0496707
63650,9,1,163123,43877,38130,119246,229936,0,0,0,0,0.0508213
63651,9,2,363048,98309,85970,264727,515871,1,0,0,0,0.190103
63654,9,1,170875,45929,39928,124946,240481,0,0,0,0,0.0579251
63659,9,1,153041,38993,33326,114048,200021,0,0,0,0,0.0970764
63660,9,2,351799,94503,82336,257283,494770,1,0,0,0,0.208682
63661,9,2,358657,96481,84028,262163,504164,1,0,0,0,0.193332
63664,9,1,168204,44576,38691,123628,232153,0,0,0,0,0.055338
63669,9,1,140696,35592,30325,105104,182270,0,0,0,0,0.0498854
63690,9,1,159258,42070,36410,117188,218960,0,0,0,0,0.0509931
63691,9,2,253030,69333,60789,183685,367423,1,0,0,0,0.140878
63694,9,1,167111,43977,37910,123134,227917,0,0,0,0,0.0563878
63699,9,1,178251,46333,40189,131918,238136,0,0,0,0,0.0551317
63700,9,1,159116,42032,36429,117084,218796,0,0,0,0,0.050932
63701,9,2,265981,72977,64160,192992,386158,1,0,0,0,0.148078
63704,9,1,167785,44214,38068,123571,229479,0,0,0,0,0.0559043
63709,9,1,167700,43237,37393,124463,221485,0,0,0,0,0.0517468
63710,9,2,342264,90508,78796,251744,471048,1,0,0,0,0.182901
63711,9,2,348432,92394,80557,256026,480962,1,0,0,0,0.180534
63714,9,1,165297,43659,37426,121638,227071,0,0,0,0,0.0527158
63719,9,1,166353,42853,36944,123500,219993,0,0,0,0,0.0492089
63740,9,1,168442,44048,37732,124394,229206,0,0,0,0,0.0577668
63741,9,1,169014,44517,38687,124497,232254,0,0,0,0,0.0543846
63744,9,1,185172,48743,42351,136429,251783,0,0,0,0,0.0570714
63749,9,2,257371,68587,59952,188772,357583,1,0,0,0,0.148762
63750,9,2,283792,77512,67267,206267,409267,1,0,0,0,0.173208
63751,9,2,322743,86248,75641,236483,451473,1,0,0,0,0.170699
63754,9,2,189679,51387,45247,138279,270584,1,0,0,0,0.164597
63759,9,2,246563,65078,56856,181473,339127,1,0,0,0,0.146271
63780,9,2,282989,76575,66766,206401,401938,1,0,0,0,0.192198
63781,9,2,313972,82642,72544,231318,429737,1,0,0,0,0.180417
63784,9,2,187348,50106,44066,137229,262352,1,0,0,0,0.184287
63789,9,2,238221,62364,54462,175845,324422,1,0,0,0,0.189374
63830,9,1,182074,47073,41130,135001,242661,0,0,0,0,0.0948952
63831,9,1,183619,47714,40987,135905,245124,0,0,0,0,0.0875247
63832,9,1,172981,44984,38769,127997,233119,0,0,0,0,0.0664533
63833,9,1,169354,44189,37945,125165,229809,0,0,0,0,0.0619946
63834,9,1,189539,50258,43999,139281,261475,0,0,0,0,0.0617203
63835,9,1,193497,51447,45092,142050,267080,0,0,0,0,0.0622191
63836,9,1,202320,53528,46895,148792,276394,0,0,0,0,0.0654237
63837,9,1,170438,44947,39151,125491,234441,0,0,0,0,0.068905
63838,9,1,169382,44151,38083,125231,228457,0,0,0,0,0.0593988
63839,9,1,169217,44107,38034,125110,228232,0,0,0,0,0.05895
64122,18,1,157181,42470,36439,114711,224869,0,0,0,0,0.0599365
64125,18,1,163301,43579,37336,119722,229276,0,0,0,0,0.0634374
64128,18,1,167281,44570,38683,122711,234545,0,0,0,0,0.0666614
64132,18,1,155633,40851,35309,114782,212611,0,0,0,0,0.0545923
64135,18,1,161360,42096,36493,119264,218100,0,0,0,0,0.060416
64138,18,1,163517,42506,36722,121011,220145,0,0,0,0,0.0584602
64142,18,1,149352,39024,34130,110328,204925,0,0,0,0,0.0583396
64145,18,1,183263,49372,42583,133891,260089,0,0,0,0,0.0570689
64148,18,1,170517,44698,38750,125819,232772,0,0,0,0,0.051205
64152,18,1,158686,41358,36112,117328,216051,0,0,0,0,0.0618518
64155,18,1,178535,47881,41134,130654,251705,0,0,0,0,0.0564064
64158,18,1,161068,42308,36433,118760,221070,0,0,0,0,0.0497697
64162,18,1,156793,40190,34854,116603,207645,0,0,0,0,0.0802391
64165,18,1,161807,43033,37091,118774,225675,0,0,0,0,0.07005
64168,18,1,154761,41236,35644,113525,216694,0,0,0,0,0.0683197
64170,18,1,131694,33544,29202,98150,174369,0,0,0,0,0.0543978
64171,18,1,142837,36379,31887,106458,188165,0,0,0,0,0.0522564
64172,18,1,156405,40126,34970,116279,207900,0,0,0,0,0.076813
64173,18,1,150210,38953,34272,111257,203473,0,0,0,0,0.100139
64174,18,1,163536,42778,37190,120758,222273,0,0,0,0,0.0732784
64175,18,1,155089,40640,35455,114449,211845,0,0,0,0,0.0725637
64176,18,1,174200,46263,40349,127937,241794,0,0,0,0,0.0832661
64177,18,1,155335,40902,35612,114433,213467,0,0,0,0,0.0735997
64178,18,1,156430,41001,35418,115429,214320,0,0,0,0,0.0637553
64179,18,1,140767,36636,31453,104131,191792,0,0,0,0,0.0828493
64192,18,1,156403,40687,35108,115716,210599,0,0,0,0,0.0727066
64195,18,1,164241,42634,36992,121607,220193,0,0,0,0,0.0621222
64198,18,1,168251,43783,38012,124468,225896,0,0,0,0,0.0818736
64202,18,1,178623,47806,41456,130817,249856,0,0,0,0,0.0748716
64205,18,1,183111,48739,41823,134372,254543,0,0,0,0,0.0587753
64208,18,1,190237,50880,43384,139357,265196,0,0,0,0,0.0620201
64212,18,1,187254,50124,43639,137130,261323,0,0,0,0,0.109409
64215,18,1,182791,48823,41998,133968,256024,0,0,0,0,0.0687639
64218,18,1,178175,47667,40652,130508,249400,0,0,0,0,0.0713067
64222,18,1,185898,49822,42895,136076,260435,0,0,0,0,0.0814067
64225,18,2,281732,77367,67455,204353,409694,1,0,0,0,0.292654
64228,18,1,184133,49713,42958,134420,260781,0,0,0,0,0.0958554
64230,18,1,182106,48814,42435,133292,255495,0,0,0,0,0.123974
64231,18,1,193442,51658,44496,141784,268922,0,0,0,0,0.117135
64232,18,1,201347,54288,47031,147059,283658,0,0,0,0,0.127077
64233,18,1,194275,53432,46989,140843,282083,0,0,0,0,0.0861643
64234,18,1,175552,46378,40076,129174,242267,0,0,0,0,0.061734
64235,18,1,177382,46823,40398,130559,244169,0,0,0,0,0.0758907
64236,18,1,198020,53608,46059,144412,281123,0,0,0,0,0.0753371
64237,18,1,177133,47267,40702,129866,246195,0,0,0,0,0.0735928
64238,18,1,182721,49238,42619,133483,257905,0,0,0,0,0.0644891
64239,18,1,169502,45564,39258,123938,238792,0,0,0,0,0.0794092
64252,18,1,165150,43291,37441,121859,225436,0,0,0,0,0.0695096
64255,18,1,175537,46499,40202,129038,241930,0,0,0,0,0.0723142
64258,18,1,196277,52971,46067,143306,276819,0,0,0,0,0.0682324
64262,18,1,176442,46522,40508,129920,241296,0,0,0,0,0.0858249
64265,18,1,175608,46439,40067,129169,241555,0,0,0,0,0.0522127
64268,18,1,191207,51522,44570,139685,269050,0,0,0,0,0.0583388
64272,18,1,169974,44631,38555,125343,231675,0,0,0,0,0.055568
64275,18,1,182884,48487,42003,134397,252409,0,0,0,0,0.0578339
64278,18,1,193323,52146,45277,141177,272409,0,0,0,0,0.0736767
64280,18,1,166666,43760,38083,122906,227114,0,0,0,0,0.0695429
64281,18,1,176158,46459,40523,129699,241015,0,0,0,0,0.0707264
64282,18,1,183487,48652,42266,134835,253668,0,0,0,0,0.0753606
64284,18,1,156070,40618,34666,115452,210514,0,0,0,0,0.0658589
64285,18,1,175917,46816,40734,129101,244105,0,0,0,0,0.0572506
64286,18,1,182727,48635,42170,134092,252920,0,0,0,0,0.0648145
64287,18,1,185778,49984,43452,135794,261707,0,0,0,0,0.0780823
64288,18,2,269807,74363,65152,195432,393903,1,0,0,0,0.183365
64289,18,2,245910,66974,58637,178923,353090,1,0,0,0,0.168794
64293,18,1,180249,48272,42120,131977,252590,0,0,0,0,0.0731399
64302,18,1,191490,51377,44543,140113,268245,0,0,0,0,0.0578406
64305,18,1,187595,50550,43829,137045,264552,0,0,0,0,0.0632538
64308,18,1,185236,49918,43450,135318,261285,0,0,0,0,0.0795109
64312,18,1,173743,45579,39587,128164,236627,0,0,0,0,0.0704532
64315,18,1,189808,50671,44128,139137,264796,0,0,0,0,0.0801236
64318,18,1,176083,46891,41089,129192,245286,0,0,0,0,0.0778899
64320,18,1,189682,50371,43474,139311,262367,0,0,0,0,0.0935947
64321,18,1,184461,48666,42106,135795,253045,0,0,0,0,0.0631631
64322,18,1,197373,53071,46291,144302,277275,0,0,0,0,0.0647064
64324,18,2,339629,91916,79944,247700,481911,1,0,0,0,0.163125
64325,18,1,210194,56866,49153,153328,297633,0,0,0,0,0.0536176
64328,18,1,182647,48511,42146,134136,253074,0,0,0,0,0.0516871
64329,18,1,184246,49210,42860,135036,255831,0,0,0,0,0.0522518
64333,18,1,191598,51341,44483,140257,268073,0,0,0,0,0.056361
64336,18,1,189395,51143,44143,138252,268137,0,0,0,0,0.0514498
64337,18,1,179649,48256,41873,131393,252969,0,0,0,0,0.0540443
64342,18,1,159838,41340,35973,118498,213847,0,0,0,0,0.0624117
64345,18,1,192728,51553,45011,141175,268793,0,0,0,0,0.0586686
64348,18,1,169262,44282,38749,124980,229791,0,0,0,0,0.0508175
64350,18,1,194162,51321,44538,142841,266005,0,0,0,0,0.0631357
64351,18,1,178044,46763,40506,131281,242373,0,0,0,0,0.051176
64354,18,2,329995,89019,77676,240963,466492,1,0,0,0,0.156349
64359,18,1,172380,45654,39862,126726,237539,0,0,0,0,0.0514076
64362,18,1,185066,49514,43007,135552,259064,0,0,0,0,0.0518083
64363,18,1,170062,44551,38792,125511,231378,0,0,0,0,0.0521501
64365,18,1,209277,56703,49278,152574,296917,0,0,0,0,0.0563597
64366,18,1,189448,51041,44172,138407,267048,0,0,0,0,0.0530641
64367,18,1,165522,43887,38231,121635,229604,0,0,0,0,0.058327
64368,18,1,175527,46113,40210,129414,240032,0,0,0,0,0.0528422
64380,18,1,187162,49453,42693,137709,257220,0,0,0,0,0.0693954
64381,18,1,168146,43747,37329,124399,225291,0,0,0,0,0.0491751
64382,18,1,163268,42526,36438,120742,220174,0,0,0,0,0.0500741
64383,18,1,149301,38568,33460,110733,199737,0,0,0,0,0.0523074
64384,18,1,176234,46813,40268,129421,244423,0,0,0,0,0.0525855
64385,18,1,180488,47774,41083,132714,247931,0,0,0,0,0.0518199
64386,18,1,181416,48199,41952,133217,250203,0,0,0,0,0.0525307
64387,18,1,148524,38483,33208,110041,199807,0,0,0,0,0.0571456
64388,18,1,157938,41042,36155,116896,212421,0,0,0,0,0.0477206
64389,18,1,157913,41047,36130,116866,212497,0,0,0,0,0.047861
66080,9,1,132863,35888,30768,96975,189970,0,0,0,0,0.0615562
66081,9,1,154028,41269,35536,112759,217797,0,0,0,0,0.0566296
66084,9,1,163101,43217,37631,119884,226607,0,0,0,0,0.0558645
66089,9,1,154223,40951,35576,113272,215391,0,0,0,0,0.0779934
66090,9,1,131962,34533,29710,97429,179624,0,0,0,0,0.0538734
66091,9,2,207700,56796,49208,150891,300751,1,0,0,0,0.15176
66094,9,2,212975,56788,49650,156174,298151,1,0,0,0,0.142789
66099,9,1,156244,41193,35704,115051,214387,0,0,0,0,0.0694821
66100,9,1,140768,36446,31536,104322,190443,0,0,0,0,0.0545585
66101,9,1,163025,42018,36360,121007,217607,0,0,0,0,0.0512193
66104,9,2,268903,73312,63826,195578,387471,1,0,0,0,0.152748
66109,9,1,155691,40207,34723,115484,208016,0,0,0,0,0.0515115
66110,9,1,140682,36426,31518,104256,190315,0,0,0,0,0.0495652
66111,9,1,168020,43265,37709,124755,223292,0,0,0,0,0.0576811
66114,9,2,265324,72756,63130,192555,385869,1,0,0,0,0.215359
66119,9,1,141728,36400,31191,105328,188361,0,0,0,0,0.0528868
66120,9,2,252214,68181,59357,184021,358927,1,0,0,0,0.172299
66121,9,2,256290,68792,60270,187486,360910,1,0,0,0,0.173413
66124,9,2,256328,70532,61549,185783,373741,1,0,0,0,0.168138
66129,9,1,133500,34449,29627,99051,179272,0,0,0,0,0.0585697
66150,9,1,132160,33594,28817,98566,172062,0,0,0,0,0.0509314
66151,9,1,150228,38838,33865,111390,199894,0,0,0,0,0.0514846
66154,9,1,165319,42937,37588,122382,220338,0,0,0,0,0.0601161
66159,9,1,151557,38764,33864,112793,199044,0,0,0,0,0.088687
66160,9,1,163844,44128,38325,119716,231225,0,0,0,0,0.051107
66161,9,2,358959,97121,84951,261826,510001,1,0,0,0,0.178498
66164,9,1,170692,45641,39322,125051,238279,0,0,0,0,0.0566193
66169,9,1,166930,42900,37104,124030,219706,0,0,0,0,0.0702694
66170,9,1,163563,44049,38306,119514,230800,0,0,0,0,0.070532
66171,9,2,366411,99258,86800,267141,520715,1,0,0,0,0.195437
66174,9,1,171091,46202,40172,124889,242368,0,0,0,0,0.0703145
66179,9,1,153208,39213,33483,113995,201456,0,0,0,0,0.0737647
66180,9,2,353761,95041,82806,258707,497482,1,0,0,0,0.223872
66181,9,2,360474,96967,84416,263494,506491,1,0,0,0,0.178012
66184,9,1,169042,44932,38967,124110,234268,0,0,0,0,0.0838862
66189,9,1,141246,35927,30638,105319,184287,0,0,0,0,0.0541782
66210,9,1,159686,42295,36618,117391,220319,0,0,0,0,0.0542494
66211,9,2,282788,77816,68342,204960,411859,1,0,0,0,0.185221
66214,9,1,167662,43998,38032,123664,227797,0,0,0,0,0.0721278
66219,9,1,178606,46495,40522,132111,239046,0,0,0,0,0.0541361
66220,9,1,159135,42158,36548,116977,219664,0,0,0,0,0.0562823
66221,9,2,296889,81506,71759,215371,429750,1,0,0,0,0.189038
66224,9,1,167629,44055,38111,123574,228459,0,0,0,0,0.0567491
66229,9,1,169236,43670,37958,125566,223797,0,0,0,0,0.0510689
66230,9,2,344761,91030,79189,253719,473312,1,0,0,0,0.208599
66231,9,2,350872,93114,81205,257746,484547,1,0,0,0,0.209252
66234,9,1,165421,43687,37459,121734,227243,0,0,0,0,0.0582981
66239,9,1,166004,42910,37087,123094,220519,0,0,0,0,0.0539093
66260,9,1,169741,44541,38095,125200,232123,0,0,0,0,0.0633502
66261,9,1,169564,44808,38880,124756,234071,0,0,0,0,0.0803054
66264,9,1,185134,48869,42433,136265,252762,0,0,0,0,0.079548
66269,9,2,281208,75240,65880,205956,391064,1,0,0,0,0.196947
66270,9,2,261114,71059,61665,190042,375347,1,0,0,0,0.231459
66271,9,2,325089,87156,76465,237921,456565,1,0,0,0,0.197938
66274,9,2,188940,51406,45453,137521,270867,1,0,0,0,0.172109
66279,9,2,267374,70907,62022,196455,368785,1,0,0,0,0.17379
66300,9,2,259926,69939,61088,189974,367078,1,0,0,0,0.182667
66301,9,2,314405,83075,72955,231318,432543,1,0,0,0,0.205938
66304,9,2,185557,49644,43750,135900,259823,1,0,0,0,0.167059
66309,9,2,258067,67853,59481,190202,352368,1,0,0,0,0.177382
66350,9,1,184142,47921,41837,136221,247602,0,0,0,0,0.0835839
66351,9,1,185811,48441,41488,137370,249118,0,0,0,0,0.0618968
66352,9,1,175646,45930,39448,129716,238372,0,0,0,0,0.0652312
66353,9,1,171131,44864,38447,126267,233790,0,0,0,0,0.0838888
66354,9,1,190488,50927,44484,139561,265845,0,0,0,0,0.0635829
66355,9,1,193798,51832,45321,141966,269699,0,0,0,0,0.0662033
66356,9,1,202483,53697,46984,148786,277499,0,0,0,0,0.077068
66357,9,1,170953,45153,39149,125800,235783,0,0,0,0,0.0625221
66358,9,1,170067,44371,38246,125696,229654,0,0,0,0,0.0571073
66359,9,1,169878,44322,38192,125556,229406,0,0,0,0,0.0678779
66642,18,1,158311,42985,36879,115326,227911,0,0,0,0,0.0697406
66645,18,1,163705,43875,37621,119830,231280,0,0,0,0,0.0517843
66648,18,1,168418,44829,38826,123589,235898,0,0,0,0,0.0560646
66652,18,1,155699,40942,35462,114757,213070,0,0,0,0,0.0496753
66655,18,1,162932,42690,37275,120242,221441,0,0,0,0,0.0503227
66658,18,1,162116,41937,36224,120179,216874,0,0,0,0,0.0507248
66662,18,1,149634,39031,34183,110603,204790,0,0,0,0,0.0480239
66665,18,1,186713,50304,43285,136409,264928,0,0,0,0,0.0512602
66668,18,1,171599,44964,39067,126635,234015,0,0,0,0,0.0517503
66672,18,1,159185,41477,36254,117708,216734,0,0,0,0,0.0538462
66675,18,1,181117,48595,41710,132522,255400,0,0,0,0,0.0647066
66678,18,1,162000,42536,36642,119464,222153,0,0,0,0,0.048361
66682,18,1,156980,40166,34832,116814,207454,0,0,0,0,0.0537912
66685,18,1,164935,43987,37968,120948,230690,0,0,0,0,0.0490239
66688,18,1,156785,41681,36005,115104,218722,0,0,0,0,0.0531681
66690,18,1,133297,34079,29644,99218,177287,0,0,0,0,0.0491338
66691,18,1,145096,37140,32627,107956,192449,0,0,0,0,0.0509168
66692,18,1,156619,40270,35164,116349,208876,0,0,0,0,0.0569621
66693,18,1,150901,39276,34528,111625,205463,0,0,0,0,0.0747365
66694,18,1,166817,43788,37986,123029,227741,0,0,0,0,0.0567498
66695,18,1,158006,41653,36336,116353,217654,0,0,0,0,0.0546843
66696,18,1,176328,46924,41034,129404,245275,0,0,0,0,0.0622113
66697,18,1,157402,41429,36128,115973,216102,0,0,0,0,0.0546549
66698,18,1,159684,41873,36291,117811,218580,0,0,0,0,0.0592631
66699,18,1,142604,37129,31979,105475,194251,0,0,0,0,0.0533211
66712,18,1,157363,41139,35559,116224,213338,0,0,0,0,0.0535607
66715,18,1,165162,43078,37487,122084,222884,0,0,0,0,0.0529853
66718,18,1,168088,43889,38068,124199,226857,0,0,0,0,0.0549364
66722,18,1,179548,48014,41655,131534,250835,0,0,0,0,0.052493
66725,18,1,183579,48988,42107,134591,256026,0,0,0,0,0.0523935
66728,18,1,189199,50698,43274,138501,264375,0,0,0,0,0.0528667
66732,18,1,187676,50274,43788,137402,262247,0,0,0,0,0.0542561
66735,18,1,183774,49269,42481,134505,258676,0,0,0,0,0.0562986
66738,18,1,178014,47795,40677,130219,250325,0,0,0,0,0.0527017
66742,18,1,185434,49749,42866,135685,260158,0,0,0,0,0.0530684
66745,18,2,306435,84397,73676,222026,446460,1,0,0,0,0.182673
66748,18,1,184996,50142,43417,134854,263313,0,0,0,0,0.0504595
66750,18,1,184321,49564,43054,134757,259639,0,0,0,0,0.0494913
66751,18,1,194090,51915,44795,142175,270384,0,0,0,0,0.051258
66752,18,1,202412,54685,47369,147727,285832,0,0,0,0,0.0538315
66753,18,1,194825,53515,47041,141310,282254,0,0,0,0,0.0677301
66754,18,1,177952,47203,40792,130749,246812,0,0,0,0,0.0543972
66755,18,1,179480,47650,40998,131830,248937,0,0,0,0,0.0516033
66756,18,1,199689,54318,46707,145371,285094,0,0,0,0,0.0544956
66757,18,1,178707,47996,41190,130711,250389,0,0,0,0,0.0536228
66758,18,1,185004,50069,43309,134935,262439,0,0,0,0,0.0529028
66759,18,1,171220,46152,39870,125068,242045,0,0,0,0,0.0513273
66772,18,1,165408,43332,37500,122076,225589,0,0,0,0,0.0479111
66775,18,1,176176,46667,40413,129509,242727,0,0,0,0,0.0471745
66778,18,1,196510,53056,46119,143454,277216,0,0,0,0,0.054742
66782,18,1,176543,46502,40566,130041,241172,0,0,0,0,0.0522132
66785,18,1,175197,46373,40078,128824,241240,0,0,0,0,0.0499669
66788,18,1,191390,51619,44685,139771,269615,0,0,0,0,0.0583689
66792,18,1,169266,44308,38333,124958,229739,0,0,0,0,0.0526386
66795,18,1,183020,48563,42122,134457,252886,0,0,0,0,0.0547936
66798,18,1,194587,52483,45558,142104,274227,0,0,0,0,0.0531272
66800,18,1,168115,44294,38678,123821,230200,0,0,0,0,0.0474612
66801,18,1,178102,47108,41132,130994,244573,0,0,0,0,0.0503202
66802,18,1,184319,49018,42589,135301,255877,0,0,0,0,0.0590893
66804,18,1,156646,40786,34950,115860,211319,0,0,0,0,0.0475499
66805,18,1,175426,46850,40793,128576,244570,0,0,0,0,0.0511999
66806,18,1,182799,48777,42288,134022,253848,0,0,0,0,0.0719756
66807,18,1,186203,50212,43766,135991,263111,0,0,0,0,0.0611033
66808,18,2,297431,82337,72018,215082,436082,1,0,0,0,0.147357
66809,18,2,248312,67861,59346,180438,358240,1,0,0,0,0.140787
66813,18,1,178890,47916,41804,130974,250655,0,0,0,0,0.0640331
66822,18,1,192007,51746,44885,140261,270625,0,0,0,0,0.052309
66825,18,1,187679,50742,44044,136937,265884,0,0,0,0,0.0521773
66828,18,1,186463,50392,43879,136071,263985,0,0,0,0,0.0563795
66832,18,1,174276,45921,39913,128355,238709,0,0,0,0,0.0490398
66835,18,1,191120,51316,44753,139804,268577,0,0,0,0,0.0533655
66838,18,1,177861,47462,41616,130399,248377,0,0,0,0,0.052731
66840,18,1,191121,50800,43791,140321,264586,0,0,0,0,0.0616478
66841,18,1,185600,49069,42331,136531,255348,0,0,0,0,0.0506777
66842,18,1,198766,53611,46632,145155,280389,0,0,0,0,0.0559311
66844,18,2,341816,92500,80329,249303,485056,1,0,0,0,0.18795
66845,18,1,211179,57091,49440,154088,298616,0,0,0,0,0.0583602
66848,18,1,183354,48760,42404,134594,254345,0,0,0,0,0.0631568
66849,18,1,185071,49513,43122,135558,257498,0,0,0,0,0.0680988
66853,18,1,192295,51586,44725,140709,269297,0,0,0,0,0.0540362
66856,18,1,189849,51360,44385,138489,269294,0,0,0,0,0.0530025
66857,18,1,180433,48422,42152,132011,253814,0,0,0,0,0.0559193
66862,18,1,160084,41550,36228,118534,215246,0,0,0,0,0.0445872
66865,18,1,193353,51998,45395,141355,271643,0,0,0,0,0.0528608
66868,18,1,169783,44542,39042,125241,231513,0,0,0,0,0.0497789
66870,18,1,195342,51745,44893,143597,268403,0,0,0,0,0.0603172
66871,18,1,178733,47052,40750,131681,244202,0,0,0,0,0.049765
66874,18,2,331479,89328,77823,242138,468076,1,0,0,0,0.150925
66879,18,1,173402,46030,40210,127372,239666,0,0,0,0,0.0491982
66882,18,1,186477,49990,43405,136487,261777,0,0,0,0,0.0567416
66883,18,1,170226,44618,38900,125608,231645,0,0,0,0,0.0564505
66885,18,1,209875,57023,49625,152852,298937,0,0,0,0,0.0545742
66886,18,1,189870,51346,44406,138524,268960,0,0,0,0,0.0525098
66887,18,1,166256,43911,38370,122345,229443,0,0,0,0,0.0525426
66888,18,1,175215,46043,40133,129172,239722,0,0,0,0,0.048313
66900,18,1,188697,49969,43190,138728,260110,0,0,0,0,0.0658597
66901,18,1,168447,44060,37551,124387,227332,0,0,0,0,0.0491548
66902,18,1,164367,43066,37025,121301,223472,0,0,0,0,0.0487333
66903,18,1,149134,38683,33599,110451,200605,0,0,0,0,0.0491749
66904,18,1,177141,47239,40587,129902,246999,0,0,0,0,0.0496109
66905,18,1,179963,47794,41088,132169,248373,0,0,0,0,0.0509144
66906,18,1,179486,47790,41656,131696,248207,0,0,0,0,0.0513062
66907,18,1,148574,38454,33243,110120,199783,0,0,0,0,0.0559333
66908,18,1,158348,41178,36216,117170,213145,0,0,0,0,0.048962
66909,18,1,158323,41183,36191,117140,213221,0,0,0,0,0.0458016
68320,9,1,119930,31795,26869,88135,168834,0,0,0,0,0.0582472
68321,9,1,139674,37224,31873,102450,197478,0,0,0,0,0.0741884
68324,9,1,152321,40256,34936,112065,212018,0,0,0,0,0.0566005
68329,9,1,143529,38120,32572,105409,201954,0,0,0,0,0.0841318
68330,9,1,115333,29557,25434,85776,154142,0,0,0,0,0.0522198
68331,9,2,178183,47552,40811,130618,252131,1,0,0,0,0.213252
68334,9,2,182781,47566,41218,135202,250062,1,0,0,0,0.158997
68339,9,1,139418,36476,31271,102942,190817,0,0,0,0,0.0739712
68340,9,1,128673,32917,28290,95756,172570,0,0,0,0,0.0502289
68341,9,1,159222,41309,35491,117913,215759,0,0,0,0,0.052483
68344,9,1,145876,38506,33015,107370,203199,0,0,0,0,0.0528318
68349,9,1,142643,36566,31247,106077,190024,0,0,0,0,0.0523832
68350,9,1,128742,32927,28309,95815,172603,0,0,0,0,0.0499834
68351,9,1,162708,42270,36403,120438,220428,0,0,0,0,0.0550139
68354,9,1,142884,37517,32112,105367,197610,0,0,0,0,0.0529944
68359,9,1,129948,33101,27979,96847,172132,0,0,0,0,0.0530236
68360,9,1,128626,32406,28033,96220,167120,0,0,0,0,0.0484068
68361,9,1,143329,36472,31552,106857,187680,0,0,0,0,0.0512158
68364,9,1,134556,35104,30000,99452,183745,0,0,0,0,0.0506586
68369,9,1,120885,30856,26031,90029,161210,0,0,0,0,0.0520293
68390,9,1,140444,36283,31152,104161,187793,0,0,0,0,0.0505033
68391,9,1,158183,41112,35495,117071,212730,0,0,0,0,0.051267
68394,9,2,168938,44603,38671,124322,233881,1,0,0,0,0.130901
68399,9,2,201870,53693,46836,148164,282438,1,0,0,0,0.199114
68400,9,1,147762,38861,33306,108901,202129,0,0,0,0,0.0489678
68401,9,2,164457,44257,38494,120187,233835,1,0,0,0,0.155061
68404,9,2,162905,42945,37506,119947,224812,1,0,0,0,0.134174
68409,9,2,215575,57638,50071,157925,303206,1,0,0,0,0.179663
68410,9,1,148060,38909,33359,109151,202301,0,0,0,0,0.046461
68411,9,2,168780,45377,39477,123390,239864,1,0,0,0,0.127591
68414,9,1,164927,43796,37860,121131,228549,0,0,0,0,0.0563363
68419,9,2,202239,54002,46580,148224,284605,1,0,0,0,0.138111
68420,9,2,330083,88536,76480,241535,464680,1,0,0,0,0.163835
68421,9,2,173191,46510,40468,126668,245421,1,0,0,0,0.125745
68424,9,1,172708,46405,39811,126303,242526,0,0,0,0,0.0590453
68429,9,1,145587,37493,31713,108094,194422,0,0,0,0,0.0521479
68450,9,1,151471,39815,34091,111656,206920,0,0,0,0,0.0480644
68451,9,2,322592,85814,73730,236766,448957,1,0,0,0,0.163735
68454,9,2,156533,40763,35614,115758,211999,1,0,0,0,0.132766
68459,9,2,161420,42312,36850,119095,221215,1,0,0,0,0.156518
68460,9,1,151429,39796,34050,111633,206840,0,0,0,0,0.0505668
68461,9,2,172350,46136,40139,126201,243163,1,0,0,0,0.124718
68464,9,2,155953,40832,35511,115109,213129,1,0,0,0,0.130369
68469,9,2,154621,40502,35135,114106,211980,1,0,0,0,0.120993
68470,9,2,167679,44894,39003,122772,236690,1,0,0,0,0.160819
68471,9,2,171225,45738,39775,125474,240914,1,0,0,0,0.126736
68474,9,2,156618,41090,35930,115516,214524,1,0,0,0,0.127042
68479,9,2,153951,40140,34733,113799,209667,1,0,0,0,0.175371
68500,9,1,140886,36052,30920,104834,186021,0,0,0,0,0.0718075
68501,9,1,164239,43805,37507,120434,228892,0,0,0,0,0.070189
68504,9,2,159618,42018,36595,117587,219796,1,0,0,0,0.132718
68509,9,2,147542,37846,32707,109684,196451,1,0,0,0,0.122288
68510,9,1,157710,40977,35250,116733,212103,0,0,0,0,0.0509495
68511,9,1,165004,44139,37968,120865,231015,0,0,0,0,0.0535941
68514,9,2,159939,41822,36488,118105,218138,1,0,0,0,0.13451
68519,9,2,146162,37465,32440,108685,194570,1,0,0,0,0.134178
68540,9,2,165423,43126,37605,122284,225951,1,0,0,0,0.124524
68541,9,2,162652,42920,37830,119719,225161,1,0,0,0,0.125686
68544,9,2,153358,39457,34626,113889,204882,1,0,0,0,0.126889
68549,9,2,144928,36905,31958,108011,191189,1,0,0,0,0.129213
68590,9,2,204804,54411,47500,150380,286540,1,0,0,0,0.172747
68591,9,2,219158,58801,51238,160345,310002,1,0,0,0,0.138361
68592,9,2,207340,55817,48332,151510,295484,1,0,0,0,0.14538
68593,9,1,145129,37261,31403,107868,192896,0,0,0,0,0.0521151
68594,9,2,166066,43585,37859,122468,228116,1,0,0,0,0.148026
68595,9,2,159816,42090,36433,117713,220832,1,0,0,0,0.139535
68596,9,2,159050,41753,36060,117285,218798,1,0,0,0,0.144532
68597,9,2,150601,38821,33522,111768,202020,1,0,0,0,0.140142
68598,9,2,151408,38816,33633,112580,201703,1,0,0,0,0.131679
68599,9,2,149148,38008,32920,111128,197089,1,0,0,0,0.131093
68882,18,1,146973,39626,33597,107347,210572,0,0,0,0,0.056391
68885,18,1,154428,41470,35240,112958,219955,0,0,0,0,0.0557532
68888,18,1,156988,41877,36256,115111,221548,0,0,0,0,0.0600387
68892,18,1,145025,38093,32768,106932,199535,0,0,0,0,0.0532527
68895,18,1,153674,40343,35008,113331,210898,0,0,0,0,0.0592713
68898,18,1,150477,38645,33397,111832,200160,0,0,0,0,0.0593559
68902,18,1,141382,36426,31496,104956,191587,0,0,0,0,0.0533908
68905,18,1,172064,46466,39720,125598,246543,0,0,0,0,0.0525038
68908,18,1,163102,43097,37176,120005,226682,0,0,0,0,0.051709
68912,18,1,148968,38295,33215,110673,200330,0,0,0,0,0.0546544
68915,18,1,168851,45711,38838,123140,242524,0,0,0,0,0.0512281
68918,18,1,153162,40371,34645,112791,212684,0,0,0,0,0.0502033
68922,18,1,142290,35907,30827,106383,185713,0,0,0,0,0.0538645
68925,18,1,153657,41237,35129,112420,218796,0,0,0,0,0.0491116
68928,18,1,147966,39554,33820,108412,209871,0,0,0,0,0.0492842
68930,18,1,123229,31253,26517,91976,164014,0,0,0,0,0.0467374
68931,18,1,139781,35862,30674,103919,188019,0,0,0,0,0.0498463
68932,18,1,153421,39892,34568,113529,208727,0,0,0,0,0.0576518
68933,18,1,139494,36381,31540,103113,192156,0,0,0,0,0.073574
68934,18,1,151233,39627,33668,111606,208016,0,0,0,0,0.0626458
68935,18,1,146688,38516,32894,108172,203137,0,0,0,0,0.0491494
68936,18,1,165892,44459,38360,121433,235072,0,0,0,0,0.0567718
68937,18,1,153066,40365,34638,112701,212233,0,0,0,0,0.0598675
68938,18,1,144051,37726,32457,106325,198542,0,0,0,0,0.0525273
68939,18,1,131912,34015,28712,97897,178994,0,0,0,0,0.05867
68952,18,1,160503,42238,36208,118265,220477,0,0,0,0,0.0533193
68955,18,2,185283,49976,43451,135295,263606,1,0,0,0,0.15874
68958,18,2,209363,55913,48662,153437,293867,1,0,0,0,0.143899
68962,18,2,177141,47898,41461,129230,253623,1,0,0,0,0.125879
68965,18,2,167852,44592,39008,123247,234328,1,0,0,0,0.116679
68968,18,2,211823,56565,49182,155245,297848,1,0,0,0,0.126774
68972,18,2,181346,49267,42925,132066,261143,1,0,0,0,0.147246
68975,18,2,226131,61885,53630,164233,328397,1,0,0,0,0.144696
68978,18,2,205765,54740,47208,151013,288082,1,0,0,0,0.13184
68982,18,1,178583,47622,40890,130961,248098,0,0,0,0,0.0527926
68985,18,1,190821,51402,44132,139419,269575,0,0,0,0,0.0517036
68988,18,1,183484,49273,42440,134211,257962,0,0,0,0,0.0554029
68990,18,1,158535,41399,35515,117136,215105,0,0,0,0,0.0467973
68991,18,2,181969,49134,42583,132822,260061,1,0,0,0,0.128665
68992,18,1,171480,44960,38809,126520,231314,0,0,0,0,0.0492484
68993,18,1,170163,45640,39501,124523,238500,0,0,0,0,0.0634049
68994,18,1,188789,51107,43843,137682,268130,0,0,0,0,0.0624771
68995,18,1,169463,44830,38389,124633,233324,0,0,0,0,0.0706596
68996,18,1,182403,49538,42450,132865,259535,0,0,0,0,0.0637882
68997,18,1,164560,43003,37044,121557,221907,0,0,0,0,0.0524812
68998,18,1,160609,42550,36764,118059,221662,0,0,0,0,0.0544152
68999,18,1,139049,35858,30807,103191,185543,0,0,0,0,0.0649579
69012,18,1,160429,41841,35595,118588,216908,0,0,0,0,0.0524941
69015,18,2,163335,43570,38022,119752,228463,1,0,0,0,0.129584
69018,18,2,162024,42821,37084,119190,224515,1,0,0,0,0.116227
69022,18,2,185693,50272,43777,135408,265823,1,0,0,0,0.132079
69025,18,2,160027,42549,36885,117465,223240,1,0,0,0,0.117412
69028,18,2,156012,41261,35550,114738,216676,1,0,0,0,0.118353
69032,18,1,178582,47808,40875,130774,247203,0,0,0,0,0.0503105
69035,18,2,161700,42784,37153,118903,224623,1,0,0,0,0.116289
69038,18,2,160900,42620,36785,118267,223981,1,0,0,0,0.123514
69040,18,2,178298,48103,41576,130182,254719,1,0,0,0,0.145402
69041,18,2,182705,49712,43090,132980,263882,1,0,0,0,0.177364
69042,18,1,172907,45740,39483,127167,237443,0,0,0,0,0.0514847
69044,18,2,163709,42923,37457,120773,224510,1,0,0,0,0.12703
69045,18,2,164875,43760,38037,121102,229799,1,0,0,0,0.117148
69046,18,2,165713,44014,38199,121686,231285,1,0,0,0,0.165276
69047,18,2,161181,42666,36963,118502,224276,1,0,0,0,0.144888
69048,18,2,164461,43909,38112,120539,231422,1,0,0,0,0.128418
69049,18,2,165067,44380,38670,120674,233912,1,0,0,0,0.12987
69053,18,1,170426,45616,39238,124810,237905,0,0,0,0,0.0668111
69062,18,1,181844,48105,41310,133739,250200,0,0,0,0,0.0517161
69065,18,2,162218,42734,37399,119471,223901,1,0,0,0,0.125381
69068,18,2,150975,39019,33827,111944,203408,1,0,0,0,0.141193
69072,18,1,171985,45162,38723,126823,234371,0,0,0,0,0.0476429
69075,18,2,165474,43813,38186,121648,230145,1,0,0,0,0.132617
69078,18,2,158627,41126,35385,117489,214982,1,0,0,0,0.131931
69080,18,1,160097,42090,36076,118007,219707,0,0,0,0,0.052172
69081,18,2,230859,63112,55256,167734,335317,1,0,0,0,0.136887
69082,18,1,185962,49492,42476,136470,258456,0,0,0,0,0.0532363
69084,18,2,164791,43722,38306,121056,229505,1,0,0,0,0.129429
69085,18,2,167871,44883,39185,122975,236664,1,0,0,0,0.123672
69088,18,2,162574,42846,36972,119715,224917,1,0,0,0,0.133472
69089,18,2,160832,42331,36816,118488,222289,1,0,0,0,0.150145
69093,18,1,185575,50389,43555,135186,263941,0,0,0,0,0.0566929
69096,18,2,167066,44293,38672,122760,232745,1,0,0,0,0.13785
69097,18,2,159816,41795,36122,118009,218813,1,0,0,0,0.136491
69102,18,1,168362,43997,38057,124365,227283,0,0,0,0,0.0704344
69105,18,2,160426,42161,36821,118252,221194,1,0,0,0,0.120218
69108,18,2,156322,41005,35566,115305,215210,1,0,0,0,0.162552
69110,18,2,183436,49125,42748,134299,258867,1,0,0,0,0.142299
69111,18,2,170445,45295,39914,125137,238185,1,0,0,0,0.121764
69114,18,2,163884,43323,37972,120548,226879,1,0,0,0,0.11746
69119,18,2,157485,41437,35883,116035,217543,1,0,0,0,0.133084
69122,18,1,179861,47934,41078,131927,250617,0,0,0,0,0.0514328
69123,18,1,166489,44331,38274,122158,231206,0,0,0,0,0.0495315
69125,18,2,164708,44027,38005,120668,232511,1,0,0,0,0.123499
69126,18,2,165414,44056,38017,121345,232211,1,0,0,0,0.121079
69127,18,2,158628,41608,35983,117008,218096,1,0,0,0,0.129366
69128,18,2,160699,42410,36562,118276,222923,1,0,0,0,0.121644
69140,18,2,209822,55982,48812,153827,294440,1,0,0,0,0.145666
69141,18,2,215554,57892,50200,157649,305507,1,0,0,0,0.125969
69142,18,2,210298,56703,48926,153583,299994,1,0,0,0,0.136219
69143,18,1,145076,37767,32253,107309,195874,0,0,0,0,0.048258
69144,18,2,165760,43888,38216,121859,230448,1,0,0,0,0.118488
69145,18,2,164728,43909,38061,120806,231380,1,0,0,0,0.121102
69146,18,2,169802,45468,39588,124321,239452,1,0,0,0,0.130316
69147,18,2,155846,40694,35474,115140,212897,1,0,0,0,0.140033
69148,18,2,163433,42993,37325,120427,225505,1,0,0,0,0.133474
69149,18,2,160692,42147,36672,118532,220787,1,0,0,0,0.141756
70280,9,1,119629,31038,25994,88591,163309,0,0,0,0,0.0896586
70281,9,1,140035,36196,30931,103839,189542,0,0,0,0,0.0841073
70284,9,1,155686,40435,34750,115251,211029,0,0,0,0,0.0862531
70289,9,1,142780,36973,31784,105807,193897,0,0,0,0,0.173424
70290,9,1,123730,32875,27905,90855,174489,0,0,0,0,0.0863105
70291,9,1,138933,36517,31212,102416,192676,0,0,0,0,0.0692761
70294,9,1,151573,40049,34393,111524,210422,0,0,0,0,0.0591157
70299,9,1,145914,38075,32442,107839,200188,0,0,0,0,0.0851175
70300,9,1,141008,37102,31571,103906,194775,0,0,0,0,0.0700808
70301,9,2,222358,60238,52587,162107,320248,1,0,0,0,0.241716
70304,9,1,154104,41065,35198,113039,216674,0,0,0,0,0.0945124
70309,9,1,148940,39283,33910,109657,205993,0,0,0,0,0.062009
70310,9,1,140935,37091,31570,103844,194737,0,0,0,0,0.0666777
70311,9,2,219125,59158,51519,159954,313890,1,0,0,0,0.225056
70314,9,1,155429,41017,35324,114412,216136,0,0,0,0,0.0877574
70319,9,1,140354,36769,31135,103585,193710,0,0,0,0,0.0627771
70320,9,2,161313,42364,36619,118936,223239,1,0,0,0,0.171938
70321,9,2,160022,42080,36707,117929,221909,1,0,0,0,0.171538
70324,9,1,146818,38668,32863,108150,203764,0,0,0,0,0.0852138
70329,9,1,125198,33284,28044,91914,176826,0,0,0,0,0.0614078
70350,9,1,133364,35631,30968,97733,188159,0,0,0,0,0.0587802
70351,9,1,152776,40225,35192,112551,210955,0,0,0,0,0.0569906
70354,9,1,165209,43366,38141,121843,225472,0,0,0,0,0.0763618
70359,9,1,155003,40340,34862,114663,210509,0,0,0,0,0.114482
70360,9,1,156597,42499,36626,114098,223813,0,0,0,0,0.0668666
70361,9,2,238981,65363,56780,173605,346673,1,0,0,0,0.166311
70364,9,1,169972,45470,38853,124502,239169,0,0,0,0,0.0729058
70369,9,1,165366,43182,37713,122184,223468,0,0,0,0,0.0676254
70370,9,1,156572,42489,36624,114083,223744,0,0,0,0,0.0867533
70371,9,2,241832,66182,57829,175637,351126,1,0,0,0,0.189849
70374,9,1,171404,45677,39881,125727,240126,0,0,0,0,0.0857529
70379,9,1,150758,39455,34202,111303,206203,0,0,0,0,0.0542496
70380,9,2,169608,44908,39061,124687,236305,1,0,0,0,0.155069
70381,9,2,172825,45798,39762,127014,241131,1,0,0,0,0.167664
70384,9,1,164427,43605,37864,120822,229111,0,0,0,0,0.0784806
70389,9,1,136158,36107,31352,100051,190151,0,0,0,0,0.0579918
70410,9,1,160979,43343,37353,117636,228064,0,0,0,0,0.0621215
70411,9,2,164809,43785,38114,121011,230495,1,0,0,0,0.1864
70414,9,1,157390,41848,36290,115542,219264,0,0,0,0,0.0584739
70419,9,1,181807,48978,42502,132829,255695,0,0,0,0,0.0593732
70420,9,1,161058,43361,37339,117697,228169,0,0,0,0,0.0627484
70421,9,2,169173,44898,39026,124262,236313,1,0,0,0,0.163134
70424,9,1,159722,42643,37099,117079,223100,0,0,0,0,0.0596504
70429,9,2,159005,41751,36175,117241,219111,1,0,0,0,0.149468
70430,9,2,243809,66593,58073,177203,352824,1,0,0,0,0.248158
70431,9,2,242823,66276,58036,176534,350534,1,0,0,0,0.172919
70434,9,1,167534,45146,39420,122388,236606,0,0,0,0,0.0690137
70439,9,2,163745,43259,37617,120473,227381,1,0,0,0,0.160533
70460,9,1,130455,34335,29516,96120,180672,0,0,0,0,0.0580226
70461,9,1,152388,40568,34888,111820,213524,0,0,0,0,0.0755953
70464,9,1,160991,42688,37116,118303,222906,0,0,0,0,0.0589088
70469,9,1,205763,54915,48106,150848,284623,0,0,0,0,0.0601792
70470,9,1,147699,38806,33550,108893,203457,0,0,0,0,0.0580424
70471,9,1,164668,43402,37800,121266,227180,0,0,0,0,0.0744584
70474,9,1,158949,42310,36908,116639,221017,0,0,0,0,0.0574686
70479,9,1,196119,52684,46101,143435,273837,0,0,0,0,0.0590526
70500,9,1,163072,42672,37371,120400,221918,0,0,0,0,0.0535099
70501,9,1,165570,43825,38294,121745,229882,0,0,0,0,0.0737044
70504,9,1,159273,42730,37614,116543,224192,0,0,0,0,0.0602507
70509,9,1,188794,51241,44925,137553,268181,0,0,0,0,0.0653475
70550,9,1,151829,39639,34252,112190,207202,0,0,0,0,0.0751851
70551,9,1,163072,42591,37151,120481,220502,0,0,0,0,0.0590456
70552,9,1,148563,38779,33493,109784,202689,0,0,0,0,0.0540896
70553,9,1,133043,34827,29879,98216,182815,0,0,0,0,0.0565791
70554,9,1,179919,48414,42059,131505,252647,0,0,0,0,0.0570748
70555,9,2,161524,42868,37408,118643,226054,1,0,0,0,0.143806
70556,9,2,166833,44025,38177,122795,231573,1,0,0,0,0.16507
70557,9,1,208205,56350,49655,151855,293770,0,0,0,0,0.0640505
70558,9,1,198305,53179,46595,145126,276381,0,0,0,0,0.0628302
70559,9,1,187942,50392,44173,137550,262482,0,0,0,0,0.0616535
70842,18,1,147629,38720,33018,108909,203568,0,0,0,0,0.0926119
70845,18,1,157086,41172,35279,115914,215768,0,0,0,0,0.114905
70848,18,1,158137,41273,35478,116864,216267,0,0,0,0,0.0880757
70852,18,1,146401,38709,32992,107692,204733,0,0,0,0,0.0670604
70855,18,1,152651,40253,34694,112398,212169,0,0,0,0,0.0639323
70858,18,1,160218,42157,36153,118061,221719,0,0,0,0,0.0686001
70862,18,2,213461,57063,49254,156385,302293,1,0,0,0,0.204127
70865,18,1,171182,45717,39311,125465,240765,0,0,0,0,0.0895786
70868,18,1,163385,43709,37427,119676,230063,0,0,0,0,0.0719427
70872,18,2,214113,57470,49745,156630,304728,1,0,0,0,0.203448
70875,18,1,175411,46634,40067,128777,245060,0,0,0,0,0.0636236
70878,18,1,157077,42231,36120,114846,223579,0,0,0,0,0.0821197
70882,18,1,164556,42962,36774,121594,224128,0,0,0,0,0.0863428
70885,18,1,170039,45771,39030,124268,243027,0,0,0,0,0.067435
70888,18,1,170326,45974,39349,124352,243823,0,0,0,0,0.068104
70890,18,2,157283,41466,35588,115804,219115,1,0,0,0,0.166687
70891,18,2,156298,41119,35546,115166,217175,1,0,0,0,0.186633
70892,18,1,189665,51586,44822,138079,270221,0,0,0,0,0.0790301
70893,18,1,177563,47930,41315,129633,253220,0,0,0,0,0.110075
70894,18,1,162457,42332,36599,120125,221337,0,0,0,0,0.0771811
70895,18,1,165478,44090,37974,121388,233159,0,0,0,0,0.0717775
70896,18,1,173699,46646,39776,127053,246177,0,0,0,0,0.0758111
70897,18,1,175481,47500,41132,127981,250636,0,0,0,0,0.0838225
70898,18,1,161010,42754,36283,118256,224996,0,0,0,0,0.0893396
70899,18,1,144792,38660,32722,106132,203680,0,0,0,0,0.0935199
70912,18,1,163339,43406,37540,119933,228423,0,0,0,0,0.0832265
70915,18,1,174119,46030,40050,128089,240999,0,0,0,0,0.0668166
70918,18,1,177781,46469,40282,131312,241824,0,0,0,0,0.082683
70922,18,2,229147,61959,53563,167175,327801,1,0,0,0,0.196516
70925,18,1,186619,50502,43664,136117,265876,0,0,0,0,0.0668189
70928,18,1,176435,47075,40480,129360,246560,0,0,0,0,0.0622024
70932,18,2,230036,62509,54326,167514,331240,1,0,0,0,0.183453
70935,18,1,189769,51274,44559,138495,269903,0,0,0,0,0.0746289
70938,18,1,166994,44838,38496,122156,236023,0,0,0,0,0.0637479
70942,18,1,181396,48350,41706,133046,252168,0,0,0,0,0.0647683
70945,18,1,186170,50587,43915,135583,268165,0,0,0,0,0.0713082
70948,18,1,184034,50259,43217,133775,266517,0,0,0,0,0.0733889
70950,18,2,169118,44799,38483,124306,235824,1,0,0,0,0.200431
70951,18,2,170963,45360,39098,125590,239036,1,0,0,0,0.158171
70952,18,1,201191,55030,47978,146161,287377,0,0,0,0,0.0650303
70953,18,1,196676,54096,47228,142580,285760,0,0,0,0,0.0904253
70954,18,1,179620,48067,41805,131553,252423,0,0,0,0,0.0708415
70955,18,1,176873,47660,41416,129213,251104,0,0,0,0,0.0676337
70956,18,1,190250,51847,44767,138403,273487,0,0,0,0,0.0651444
70957,18,1,176010,47272,40955,128738,247729,0,0,0,0,0.0612054
70958,18,1,175385,47538,41006,127847,250287,0,0,0,0,0.0681647
70959,18,1,159147,43056,36771,116091,226413,0,0,0,0,0.0649704
70972,18,2,173093,46470,40173,126610,245403,1,0,0,0,0.16884
70975,18,1,179747,48607,42226,131140,256618,0,0,0,0,0.0580037
70978,18,1,180168,48806,42353,131362,258144,0,0,0,0,0.0606097
70982,18,2,171960,45949,39989,125998,242370,1,0,0,0,0.168201
70985,18,1,185183,50023,43528,135160,263707,0,0,0,0,0.0663161
70988,18,1,181630,48849,42173,132781,256910,0,0,0,0,0.0781003
70992,18,1,201560,54424,47223,147136,282865,0,0,0,0,0.0903781
70995,18,1,201694,55004,47596,146690,291049,0,0,0,0,0.0825422
70998,18,1,200257,54848,47544,145409,290444,0,0,0,0,0.0604407
71000,18,2,223184,60169,52276,163002,318177,1,0,0,0,0.170577
71001,18,2,224790,60743,52790,164034,321212,1,0,0,0,0.167933
71002,18,1,178760,47601,41300,131159,248210,0,0,0,0,0.0595615
71004,18,1,182553,49282,42635,133271,260539,0,0,0,0,0.0598513
71005,18,1,179350,48000,41447,131350,253088,0,0,0,0,0.058113
71006,18,1,184068,50020,43347,134048,265218,0,0,0,0,0.061743
71007,18,1,178653,47852,41264,130801,252367,0,0,0,0,0.0582447
71008,18,1,181197,49104,42663,132093,260053,0,0,0,0,0.068886
71009,18,1,172966,46471,39899,126495,245397,0,0,0,0,0.0621493
71013,18,1,190243,51396,44369,138847,270147,0,0,0,0,0.0821063
71022,18,1,172207,45418,39529,126789,237005,0,0,0,0,0.0572882
71025,18,1,176669,47165,40664,129504,248147,0,0,0,0,0.0604309
71028,18,1,181411,48979,42545,132432,258664,0,0,0,0,0.0637606
71032,18,1,175775,46817,40413,128958,245789,0,0,0,0,0.0588964
71035,18,1,184269,49624,42882,134645,262289,0,0,0,0,0.071881
71038,18,1,196072,53161,46191,142911,281132,0,0,0,0,0.0773942
71040,18,1,157457,41269,35621,116188,216140,0,0,0,0,0.073741
71041,18,1,185869,49513,42948,136356,259425,0,0,0,0,0.0895535
71042,18,1,175605,47072,40307,128533,247999,0,0,0,0,0.0628177
71044,18,1,186635,50526,43550,136109,266641,0,0,0,0,0.0761626
71045,18,1,197767,53899,46949,143868,284760,0,0,0,0,0.057922
71048,18,1,211946,58447,50808,153499,309901,0,0,0,0,0.0608672
71049,18,2,277552,76060,65924,201479,402978,1,0,0,0,0.220645
71053,18,1,186755,50701,43714,136054,266652,0,0,0,0,0.0901446
71056,18,1,186728,50711,43587,136017,268501,0,0,0,0,0.0670928
71057,18,1,207711,56833,49400,150878,300913,0,0,0,0,0.0709788
71062,18,1,179846,47718,41415,132128,249007,0,0,0,0,0.0857421
71065,18,1,185869,50164,43352,135705,265493,0,0,0,0,0.0869224
71068,18,1,204467,55973,48740,148494,296700,0,0,0,0,0.087218
71070,18,1,167058,44062,38091,122996,230633,0,0,0,0,0.0781453
71071,18,1,184969,49463,42955,135506,259583,0,0,0,0,0.0944259
71074,18,1,182645,49695,43060,132950,262926,0,0,0,0,0.057738
71079,18,1,190643,52087,44964,138556,275507,0,0,0,0,0.0626396
71082,18,1,173916,47120,40505,126796,248850,0,0,0,0,0.0589405
71083,18,1,176990,47913,41179,129077,252136,0,0,0,0,0.061574
71085,18,1,199378,54397,46938,144981,287347,0,0,0,0,0.0573636
71086,18,1,182256,49665,43352,132591,263338,0,0,0,0,0.0588128
71087,18,1,206498,56486,49458,150012,299592,0,0,0,0,0.0779423
71088,18,1,213469,58708,50943,154761,311107,0,0,0,0,0.0727702
71100,18,1,176909,46714,40385,130195,244100,0,0,0,0,0.0668567
71101,18,1,180704,48105,41638,132599,251316,0,0,0,0,0.0651549
71102,18,1,173892,46402,39973,127490,243693,0,0,0,0,0.0605912
71103,18,1,168271,45578,39291,122693,239944,0,0,0,0,0.0660225
71104,18,1,183875,50205,43657,133670,266115,0,0,0,0,0.0772523
71105,18,1,186751,50445,43642,136306,265638,0,0,0,0,0.0791891
71106,18,1,174783,47710,41311,127073,253053,0,0,0,0,0.0748324
71107,18,1,191471,52428,46107,139043,278491,0,0,0,0,0.0673327
71108,18,2,257222,71087,61895,186122,378422,1,0,0,0,0.164449
71109,18,1,194882,53651,46607,141231,284303,0,0,0,0,0.0677444
71960,9,1,125105,31687,27153,93418,163820,0,0,0,0,0.078776
71961,9,1,144044,36564,31545,107480,188274,0,0,0,0,0.0753639
71964,9,1,157220,40091,34645,117129,205871,0,0,0,0,0.0848357
71969,9,1,144754,36953,31851,107801,190306,0,0,0,0,0.117747
71970,9,1,117558,30813,26254,86745,161895,0,0,0,0,0.0554463
71971,9,1,133015,34372,29601,98643,178902,0,0,0,0,0.0538906
71974,9,1,145422,37722,32677,107700,195681,0,0,0,0,0.0530259
71979,9,1,137993,35855,30667,102138,186279,0,0,0,0,0.0784273
71980,9,1,139511,36455,30813,103056,190827,0,0,0,0,0.0621796
71981,9,2,166563,43813,38052,122738,231416,1,0,0,0,0.157053
71984,9,1,157478,41385,35284,116093,216678,0,0,0,0,0.076164
71989,9,1,156507,41214,35655,115293,215394,0,0,0,0,0.0561281
71990,9,1,139556,36480,30857,103076,190983,0,0,0,0,0.0578394
71991,9,2,157312,40900,35240,116400,215262,1,0,0,0,0.155465
71994,9,1,154292,40302,34731,113990,210770,0,0,0,0,0.076792
71999,9,1,146070,38458,32902,107612,202211,0,0,0,0,0.053403
72000,9,2,160759,42188,36528,118560,222583,1,0,0,0,0.161303
72001,9,2,162164,42635,37070,119518,224944,1,0,0,0,0.179167
72004,9,1,147974,38869,33397,109105,204012,0,0,0,0,0.071425
72009,9,1,139773,37488,31921,102285,199221,0,0,0,0,0.0556429
72030,9,1,133471,34766,30276,98705,180655,0,0,0,0,0.0495472
72031,9,2,260834,68866,59079,191956,357630,1,0,0,0,0.1649
72034,9,2,276922,72988,62912,203922,377585,1,0,0,0,0.166945
72039,9,1,154741,40449,35435,114292,208752,0,0,0,0,0.0686307
72040,9,1,156317,41836,36131,114481,219694,0,0,0,0,0.0550105
72041,9,2,173127,45826,39859,127289,241537,1,0,0,0,0.171386
72044,9,1,172769,45769,39592,127000,238488,0,0,0,0,0.0706863
72049,9,1,173547,45191,39439,128356,232556,0,0,0,0,0.0538923
72050,9,1,156346,41826,36126,114520,219626,0,0,0,0,0.0557046
72051,9,2,167143,43800,38001,123331,230131,1,0,0,0,0.141968
72054,9,1,175202,46399,40246,128803,241951,0,0,0,0,0.0730806
72059,9,1,161607,42422,36672,119185,220436,0,0,0,0,0.0505347
72060,9,2,174716,46536,40565,128169,245821,1,0,0,0,0.145651
72061,9,2,176090,46947,40918,129132,248177,1,0,0,0,0.150354
72064,9,1,167530,44361,38522,123169,231639,0,0,0,0,0.0701827
72069,9,1,152131,40383,34811,111748,211871,0,0,0,0,0.0528615
72090,9,1,150907,39469,33805,111438,205813,0,0,0,0,0.0523082
72091,9,2,168599,44911,39174,123677,237359,1,0,0,0,0.143932
72094,9,1,167496,44756,39321,122740,233199,0,0,0,0,0.0532631
72099,9,1,167353,44274,38631,123079,230038,0,0,0,0,0.0521567
72100,9,1,150917,39492,33823,111425,205973,0,0,0,0,0.0531645
72101,9,2,171306,45691,39796,125604,241604,1,0,0,0,0.151764
72104,9,1,171848,46309,40469,125539,242134,0,0,0,0,0.0557602
72109,9,2,262471,70565,61148,191894,371092,1,0,0,0,0.150916
72110,9,2,173622,46278,40237,127332,244659,1,0,0,0,0.159905
72111,9,2,167565,44020,38186,123533,231519,1,0,0,0,0.153075
72114,9,1,177976,48080,42174,129896,250967,0,0,0,0,0.0621104
72119,9,2,270441,72290,62409,198138,378176,1,0,0,0,0.159779
72140,9,1,130202,33806,29286,96396,175432,0,0,0,0,0.0501951
72141,9,1,156418,40599,35017,115819,211157,0,0,0,0,0.0688541
72144,9,1,169916,44923,38921,124993,233502,0,0,0,0,0.0592987
72149,9,1,172345,45190,39642,127155,234535,0,0,0,0,0.0563305
72150,9,2,240363,63562,54974,176789,330152,1,0,0,0,0.156762
72151,9,1,163113,42399,36635,120714,220029,0,0,0,0,0.0694491
72154,9,1,171800,45923,40080,125877,239943,0,0,0,0,0.0566522
72159,9,1,160909,41696,36706,119213,215006,0,0,0,0,0.0501029
72180,9,2,252319,66220,57157,186087,342218,1,0,0,0,0.174348
72181,9,1,162646,42491,36629,120155,221447,0,0,0,0,0.0748016
72184,9,1,169758,45387,39747,124371,236818,0,0,0,0,0.062571
72189,9,1,155292,40127,34878,115165,207215,0,0,0,0,0.0529983
72230,9,1,147739,38419,33728,109320,197914,0,0,0,0,0.0774132
72231,9,1,170888,44466,38955,126422,228673,0,0,0,0,0.0773988
72232,9,1,158892,41557,36173,117335,215632,0,0,0,0,0.0562115
72233,9,1,149507,39542,33972,109965,207398,0,0,0,0,0.0729661
72234,9,1,164913,43447,38014,121466,225204,0,0,0,0,0.0677294
72235,9,2,245042,66120,57458,178910,348807,1,0,0,0,0.17756
72236,9,2,249605,66788,57692,182804,350465,1,0,0,0,0.200267
72237,9,1,177334,46745,41140,130589,242705,0,0,0,0,0.0780169
72238,9,1,165852,42718,37399,123134,219637,0,0,0,0,0.054016
72239,9,1,156273,40195,34937,116078,207084,0,0,0,0,0.0615174
72522,18,1,155112,40620,34892,114492,211285,0,0,0,0,0.0887387
72525,18,1,164286,43088,37368,121198,223755,0,0,0,0,0.0876719
72528,18,1,159214,40588,35082,118626,208493,0,0,0,0,0.086123
72532,18,1,139726,36144,31000,103582,187799,0,0,0,0,0.0747443
72535,18,1,147073,38212,33022,108861,198485,0,0,0,0,0.0773097
72538,18,1,150169,38752,33061,111417,200505,0,0,0,0,0.0718327
72542,18,1,155158,40401,34340,114757,210887,0,0,0,0,0.0624928
72545,18,1,173789,46188,39842,127601,241407,0,0,0,0,0.0645909
72548,18,1,175011,47424,40627,127587,249939,0,0,0,0,0.0604402
72552,18,1,163948,42916,36748,121032,223957,0,0,0,0,0.0742544
72555,18,1,175665,46560,40058,129105,242896,0,0,0,0,0.0604953
72558,18,1,167924,45638,39019,122286,241338,0,0,0,0,0.0572576
72562,18,1,156773,40362,34738,116411,209985,0,0,0,0,0.0570894
72565,18,1,172363,46482,39597,125881,246273,0,0,0,0,0.0681198
72568,18,1,179036,48782,41403,130254,258619,0,0,0,0,0.0660884
72570,18,2,150474,38854,33318,111607,204233,1,0,0,0,0.166731
72571,18,2,151006,38875,33353,112118,204138,1,0,0,0,0.165912
72572,18,2,151327,39233,33530,112081,206602,1,0,0,0,0.215309
72573,18,1,164988,44044,37897,120944,231479,0,0,0,0,0.0795614
72574,18,1,154377,39961,34568,114416,208055,0,0,0,0,0.0770332
72575,18,1,163159,43183,37175,119976,227518,0,0,0,0,0.0680795
72576,18,2,165547,44201,37985,121333,234186,1,0,0,0,0.16088
72577,18,1,165401,44593,38197,120808,236273,0,0,0,0,0.0731541
72578,18,2,163819,43676,37514,120130,231355,1,0,0,0,0.233233
72579,18,2,159634,41944,36100,117677,221007,1,0,0,0,0.207216
72592,18,1,159695,41751,36380,117944,215677,0,0,0,0,0.0762863
72595,18,1,169429,44293,38822,125136,228265,0,0,0,0,0.0783886
72598,18,1,169116,43528,37646,125588,222445,0,0,0,0,0.0699547
72602,18,2,277091,74559,64845,202519,393545,1,0,0,0,0.197838
72605,18,1,189935,51235,44650,138700,267464,0,0,0,0,0.0645687
72608,18,1,182620,48838,42365,133782,253914,0,0,0,0,0.0591164
72612,18,2,280389,75751,66107,204625,399988,1,0,0,0,0.178277
72615,18,1,195380,52709,45732,142671,275340,0,0,0,0,0.0680503
72618,18,1,175937,47161,40759,128776,246378,0,0,0,0,0.0855853
72622,18,1,178001,47419,41097,130582,247569,0,0,0,0,0.085983
72625,18,1,191385,51486,44397,139899,270536,0,0,0,0,0.0698719
72628,18,1,195957,53488,46100,142469,282167,0,0,0,0,0.0680099
72630,18,2,164043,42899,36819,121131,225276,1,0,0,0,0.154873
72631,18,2,161817,42472,36476,119332,223638,1,0,0,0,0.155588
72632,18,2,160896,42413,36479,118470,223365,1,0,0,0,0.168755
72633,18,1,185792,51260,44524,134532,270828,0,0,0,0,0.0792789
72634,18,1,174208,45726,39907,128482,237417,0,0,0,0,0.0618498
72635,18,1,178249,47368,41214,130881,247650,0,0,0,0,0.0656985
72636,18,2,170211,46052,39554,124146,243764,1,0,0,0,0.213711
72637,18,1,178282,47985,41595,130297,252122,0,0,0,0,0.0754899
72638,18,2,170220,46057,39488,124150,243739,1,0,0,0,0.185529
72639,18,2,163217,43789,37588,119415,230785,1,0,0,0,0.182882
72652,18,2,166719,43814,37879,122892,230205,1,0,0,0,0.148439
72655,18,1,187589,50122,43308,137467,262435,0,0,0,0,0.0527251
72658,18,2,279212,76030,65659,203169,401562,1,0,0,0,0.1709
72662,18,2,165867,43516,37480,122338,228749,1,0,0,0,0.167668
72665,18,1,192029,51310,44328,140719,268634,0,0,0,0,0.0569473
72668,18,2,275552,74809,64361,200730,394722,1,0,0,0,0.167357
72672,18,2,161294,42568,36730,118713,224308,1,0,0,0,0.16376
72675,18,1,206984,56241,48828,150743,295916,0,0,0,0,0.0782962
72678,18,1,196397,52991,46053,143406,278513,0,0,0,0,0.0568115
72680,18,2,247217,65994,57431,181210,348227,1,0,0,0,0.197639
72681,18,2,247810,66059,57664,181738,348100,1,0,0,0,0.251864
72682,18,1,169859,44150,37970,125709,229070,0,0,0,0,0.0837523
72684,18,1,188067,50769,43387,137298,267037,0,0,0,0,0.0842637
72685,18,1,185162,49270,42389,135892,257639,0,0,0,0,0.0796193
72686,18,1,193969,52900,45624,141069,278548,0,0,0,0,0.0954409
72687,18,1,178710,47044,40527,131666,245165,0,0,0,0,0.0810484
72688,18,1,180591,48321,41879,132270,252550,0,0,0,0,0.0909816
72689,18,1,162731,42878,37135,119853,223195,0,0,0,0,0.0843368
72693,18,1,175073,46947,40589,128126,245991,0,0,0,0,0.107099
72702,18,1,166762,43155,37613,123607,223047,0,0,0,0,0.0648307
72705,18,1,180231,48013,41067,132218,251122,0,0,0,0,0.0825599
72708,18,1,161032,42065,36322,118967,218510,0,0,0,0,0.0793622
72712,18,1,172913,45482,39171,127431,237055,0,0,0,0,0.0819225
72715,18,1,179903,47389,40642,132514,247118,0,0,0,0,0.0801
72718,18,1,177097,46711,40519,130386,243506,0,0,0,0,0.0827074
72720,18,1,155547,40687,35355,114860,210086,0,0,0,0,0.0747335
72721,18,1,189809,50354,43628,139455,261625,0,0,0,0,0.0891481
72722,18,1,178323,47341,40670,130982,247197,0,0,0,0,0.0810762
72724,18,1,190587,50925,43675,139662,266540,0,0,0,0,0.0822072
72725,18,1,202855,54806,47265,148049,287553,0,0,0,0,0.0733764
72728,18,1,193626,51736,44885,141890,271253,0,0,0,0,0.0609165
72729,18,1,183093,48621,42242,134472,253184,0,0,0,0,0.0752506
72733,18,2,172584,46486,40195,126085,245880,1,0,0,0,0.189818
72736,18,1,197426,53855,46480,143571,283682,0,0,0,0,0.0715427
72737,18,1,188404,50137,43626,138267,262268,0,0,0,0,0.0817026
72742,18,1,176475,46779,40523,129696,244454,0,0,0,0,0.0710177
72745,18,1,179504,47448,40740,132056,247922,0,0,0,0,0.0787476
72748,18,1,180752,47674,41113,133078,248590,0,0,0,0,0.084357
72750,18,1,161992,42375,37139,119617,218114,0,0,0,0,0.0767629
72751,18,1,188825,50088,43369,138737,260625,0,0,0,0,0.0716811
72754,18,1,190416,51373,44046,139043,269838,0,0,0,0,0.0644098
72759,18,1,175262,46611,40200,128651,243667,0,0,0,0,0.0740847
72762,18,1,183450,49562,42711,133888,260201,0,0,0,0,0.0832317
72763,18,2,176931,48154,41562,128764,255388,1,0,0,0,0.223133
72765,18,1,195706,52815,45694,142891,277298,0,0,0,0,0.0837511
72766,18,1,186881,50645,43799,136236,266000,0,0,0,0,0.0768332
72767,18,1,189225,50671,43974,138554,265620,0,0,0,0,0.0846255
72768,18,1,195422,52413,45167,143009,274913,0,0,0,0,0.0760078
72780,18,1,169768,43913,38035,125855,224624,0,0,0,0,0.0797096
72781,18,1,187184,49945,43102,137239,259559,0,0,0,0,0.0652888
72782,18,1,183819,49365,42585,134454,258232,0,0,0,0,0.0788571
72783,18,2,175512,47813,41431,127686,253453,1,0,0,0,0.235095
72784,18,2,261546,71683,62456,189850,379906,1,0,0,0,0.219711
72785,18,2,258153,70482,61099,187658,373417,1,0,0,0,0.209938
72786,18,1,168913,45039,38536,123874,235369,0,0,0,0,0.0832373
72787,18,1,175823,46961,40577,128862,245760,0,0,0,0,0.0780752
72788,18,1,193767,51904,45220,141863,270678,0,0,0,0,0.0791823
72789,18,1,185221,49529,43031,135692,259024,0,0,0,0,0.0764893
73360,9,1,126205,31283,26715,94922,160774,0,0,0,0,0.105554
73361,9,1,162349,41371,35711,120978,213591,0,0,0,0,0.104048
73364,9,1,144812,36412,31175,108400,187435,0,0,0,0,0.108952
73369,9,1,151538,38325,32874,113213,196870,0,0,0,0,0.112241
73370,9,1,128433,32545,28004,95888,168398,0,0,0,0,0.0750934
73371,9,1,163675,42357,36666,121318,219192,0,0,0,0,0.0787164
73374,9,1,135879,35000,30558,100879,181935,0,0,0,0,0.0562071
73379,9,1,138539,35456,30660,103083,182879,0,0,0,0,0.0543085
73380,9,1,132751,33009,27895,99742,168470,0,0,0,0,0.0719289
73381,9,1,170012,43840,37357,126172,225555,0,0,0,0,0.0826762
73384,9,1,148570,38207,33065,110363,197651,0,0,0,0,0.0792394
73389,9,1,141140,36441,31133,104699,189372,0,0,0,0,0.0749827
73390,9,1,144454,36235,31094,108219,185593,0,0,0,0,0.0794315
73391,9,1,163534,42663,36757,120871,222518,0,0,0,0,0.0782641
73394,9,1,181862,48053,41612,133809,249794,0,0,0,0,0.0877101
73399,9,1,167112,42864,37027,124248,221279,0,0,0,0,0.0824064
73400,9,1,168315,43600,37561,124715,225101,0,0,0,0,0.0888263
73401,9,1,162103,42509,36267,119594,221976,0,0,0,0,0.0823943
73404,9,1,177889,47402,40882,130487,247406,0,0,0,0,0.0689943
73409,9,1,148481,38351,33004,110130,199563,0,0,0,0,0.0798362
73430,9,1,149660,38320,33149,111340,197525,0,0,0,0,0.0777401
73431,9,1,177653,46443,40468,131210,239372,0,0,0,0,0.0822734
73434,9,1,152287,39182,34479,113105,201467,0,0,0,0,0.0739434
73439,9,1,156630,40581,35101,116049,207942,0,0,0,0,0.0739653
73440,9,1,161636,42159,36684,119477,218028,0,0,0,0,0.0830377
73441,9,1,195095,51754,45189,143341,267756,0,0,0,0,0.0899805
73444,9,1,169651,44399,39228,125252,228662,0,0,0,0,0.0646199
73449,9,1,156257,40071,34676,116186,206063,0,0,0,0,0.0749033
73450,9,1,161373,40768,35314,120605,207434,0,0,0,0,0.078465
73451,9,1,173253,45528,39350,127725,236954,0,0,0,0,0.0706527
73454,9,1,197923,52864,46093,145059,273598,0,0,0,0,0.0889003
73459,9,2,161703,42527,36348,119163,222814,1,0,0,0,0.199913
73460,9,1,185415,48197,42303,137218,247349,0,0,0,0,0.0846579
73461,9,1,174929,46509,40372,128420,243032,0,0,0,0,0.0808813
73464,9,1,194585,51974,45282,142611,269204,0,0,0,0,0.088813
73469,9,1,161420,41300,35693,120120,213145,0,0,0,0,0.0774654
73490,9,1,157360,39745,34347,117615,202365,0,0,0,0,0.0722434
73491,9,1,180941,46738,40638,134203,239392,0,0,0,0,0.0840458
73494,9,2,180541,48907,42498,131621,258396,1,0,0,0,0.178678
73499,9,2,177500,47643,41358,129844,251133,1,0,0,0,0.182325
73500,9,1,152933,39171,33758,113762,201225,0,0,0,0,0.0791615
73501,9,1,170885,45021,39126,125864,234082,0,0,0,0,0.0795308
73504,9,1,185629,49537,43433,136092,257083,0,0,0,0,0.0770061
73509,9,1,190631,50303,43763,140328,261641,0,0,0,0,0.0747312
73510,9,1,191736,50443,43831,141293,260155,0,0,0,0,0.0874705
73511,9,1,182952,48662,42235,134290,254107,0,0,0,0,0.0761835
73514,9,1,184130,49065,42802,135065,253941,0,0,0,0,0.0747265
73519,9,1,185300,48657,42334,136643,251480,0,0,0,0,0.0732813
73540,9,1,151721,39236,34045,112485,202440,0,0,0,0,0.0851661
73541,9,1,198840,53188,46794,145652,275777,0,0,0,0,0.0897793
73544,9,1,185984,48975,42856,137009,252569,0,0,0,0,0.0781692
73549,9,1,191104,50402,44237,140702,260676,0,0,0,0,0.0766458
73550,9,1,181457,47472,41527,133985,244570,0,0,0,0,0.0817511
73551,9,1,205248,55313,48470,149935,287753,0,0,0,0,0.0825526
73554,9,1,187224,49953,43870,137271,259201,0,0,0,0,0.0710745
73559,9,2,159703,41788,36147,117902,218579,1,0,0,0,0.181411
73580,9,1,153704,39487,34699,114217,203355,0,0,0,0,0.0728432
73581,9,1,167507,43457,37877,124050,224125,0,0,0,0,0.0777018
73584,9,2,178191,46902,40722,131276,245117,1,0,0,0,0.191518
73589,9,1,178151,46160,40086,131991,238880,0,0,0,0,0.0797866
73630,9,1,153738,39740,34618,113998,203466,0,0,0,0,0.0741161
73631,9,1,150609,38775,33480,111834,200256,0,0,0,0,0.0725266
73632,9,2,167508,44157,37711,123338,231940,1,0,0,0,0.208788
73633,9,1,157000,40231,34694,116769,207842,0,0,0,0,0.0776082
73634,9,2,183074,48659,42269,134402,255407,1,0,0,0,0.204169
73635,9,1,193310,51619,45111,141691,269428,0,0,0,0,0.0644936
73636,9,1,186282,48770,42480,137512,251735,0,0,0,0,0.0784161
73637,9,1,190609,50278,43961,140331,259963,0,0,0,0,0.0659862
73638,9,2,168238,44259,38286,123966,231797,1,0,0,0,0.178482
73639,9,1,177787,45968,39774,131819,237862,0,0,0,0,0.0830216
73922,18,1,150237,38242,33003,111995,198086,0,0,0,0,0.113325
73925,18,1,168808,43965,37934,124843,228508,0,0,0,0,0.0999273
73928,18,1,159659,40720,35229,118939,209992,0,0,0,0,0.0948402
73932,18,1,149154,38972,33977,110182,203145,0,0,0,0,0.0707939
73935,18,1,168607,44996,38657,123611,235883,0,0,0,0,0.0759888
73938,18,1,158427,41715,35969,116712,217664,0,0,0,0,0.0710392
73942,18,1,156341,39979,34319,116362,206370,0,0,0,0,0.0738028
73945,18,1,160237,41537,35703,118700,215982,0,0,0,0,0.0736751
73948,18,1,176608,47143,40338,129465,247231,0,0,0,0,0.0766997
73952,18,1,181786,47964,41402,133822,249720,0,0,0,0,0.0760563
73955,18,1,182329,48244,41831,134085,250962,0,0,0,0,0.06605
73958,18,1,166084,43495,38039,122589,226902,0,0,0,0,0.0768729
73962,18,1,167453,43730,37490,123723,227387,0,0,0,0,0.0730022
73965,18,1,185013,49432,42236,135581,259079,0,0,0,0,0.0809485
73968,18,1,169936,44449,38928,125487,232226,0,0,0,0,0.0805498
73970,18,1,157771,41030,35553,116741,213375,0,0,0,0,0.078277
73971,18,1,175802,46032,39722,129770,239509,0,0,0,0,0.0780695
73972,18,1,179500,47222,40772,132278,246290,0,0,0,0,0.076349
73973,18,1,174909,47137,40184,127772,248053,0,0,0,0,0.085817
73974,18,1,185743,49690,42909,136053,260334,0,0,0,0,0.0777587
73975,18,1,195865,52790,45540,143075,276459,0,0,0,0,0.0815944
73976,18,1,169825,45556,39152,124269,239978,0,0,0,0,0.0846573
73977,18,1,154754,40552,35498,114202,212984,0,0,0,0,0.0741995
73978,18,1,170139,44533,38966,125606,233282,0,0,0,0,0.0814328
73979,18,2,154708,40658,34708,114037,214340,1,0,0,0,0.221343
73992,18,1,167214,43757,37988,123457,226452,0,0,0,0,0.0847682
73995,18,2,284774,78065,67634,206696,408820,1,0,0,0,0.226379
73998,18,1,164301,42699,37487,121602,219872,0,0,0,0,0.0734691
74002,18,1,179117,47353,41255,131764,245789,0,0,0,0,0.0634753
74005,18,1,175204,45890,40156,129314,237800,0,0,0,0,0.0525903
74008,18,1,181166,48118,42028,133048,250536,0,0,0,0,0.0601126
74012,18,2,264097,71801,62753,192284,380288,1,0,0,0,0.199301
74015,18,1,195340,51564,45089,143776,266060,0,0,0,0,0.0541923
74018,18,2,161214,42296,35971,118905,221653,1,0,0,0,0.18178
74022,18,1,182907,47964,41552,134943,248054,0,0,0,0,0.0716651
74025,18,1,208692,56656,49184,152036,295908,0,0,0,0,0.0788255
74028,18,2,324646,87269,75847,237364,459072,1,0,0,0,0.21707
74030,18,1,175012,45651,39992,129361,235204,0,0,0,0,0.0830706
74031,18,1,193464,51642,45001,141822,269197,0,0,0,0,0.0539871
74032,18,1,193241,51095,44471,142146,264524,0,0,0,0,0.070771
74033,18,1,185641,50574,43612,135067,265946,0,0,0,0,0.0761033
74034,18,1,204687,55443,47988,149244,289267,0,0,0,0,0.0600116
74035,18,1,210700,57172,49486,153528,297377,0,0,0,0,0.0804668
74036,18,2,327332,89603,78007,237716,473295,1,0,0,0,0.283685
74037,18,1,172357,45456,39883,126901,236769,0,0,0,0,0.0791407
74038,18,2,165281,44143,37827,121125,232803,1,0,0,0,0.158032
74039,18,2,163120,43221,37212,119886,226926,1,0,0,0,0.249114
74052,18,1,170702,44353,38557,126349,228264,0,0,0,0,0.0805854
74055,18,1,184007,48919,42293,135088,255487,0,0,0,0,0.0725269
74058,18,1,169101,44453,38404,124648,231459,0,0,0,0,0.0839691
74062,18,1,194186,51194,44436,142992,265297,0,0,0,0,0.0971587
74065,18,2,169933,45589,39537,124331,240694,1,0,0,0,0.2125
74068,18,1,190847,50540,43788,140307,262938,0,0,0,0,0.0917799
74072,18,1,197038,51906,45139,145132,268120,0,0,0,0,0.109127
74075,18,1,192351,51764,45257,140587,271653,0,0,0,0,0.0972065
74078,18,1,201152,54529,47827,146623,287098,0,0,0,0,0.0987195
74080,18,1,167589,43661,37749,123928,225383,0,0,0,0,0.103219
74081,18,2,280245,76901,67208,203332,408622,1,0,0,0,0.241444
74082,18,1,179194,46947,40945,132247,242679,0,0,0,0,0.0531248
74084,18,1,197046,53224,46032,143822,279200,0,0,0,0,0.07653
74085,18,2,290970,80267,70013,210690,425991,1,0,0,0,0.294687
74086,18,2,185418,50580,44186,134825,268352,1,0,0,0,0.230358
74087,18,1,196845,53414,46553,143431,280381,0,0,0,0,0.0973674
74088,18,1,210829,57065,49821,153764,299543,0,0,0,0,0.0931862
74089,18,1,186937,49453,43299,137484,257272,0,0,0,0,0.0747996
74093,18,1,179585,47586,40842,131999,247735,0,0,0,0,0.0954653
74102,18,1,202745,53972,46739,148773,280170,0,0,0,0,0.119311
74105,18,1,195934,52278,45063,143656,273079,0,0,0,0,0.117355
74108,18,1,184493,48459,42195,136034,250798,0,0,0,0,0.0732355
74112,18,1,214911,57768,50349,157143,299406,0,0,0,0,0.0791019
74115,18,2,269036,74089,65030,194934,393400,1,0,0,0,0.188359
74118,18,1,208488,56299,49263,152189,294320,0,0,0,0,0.0572954
74120,18,1,161730,42760,37656,118970,222164,0,0,0,0,0.0755373
74121,18,1,205319,54785,47591,150534,284403,0,0,0,0,0.074251
74122,18,1,205511,55654,48180,149857,291067,0,0,0,0,0.100374
74124,18,2,171432,46086,40198,125333,243447,1,0,0,0,0.225237
74125,18,1,191290,51339,44927,139951,269006,0,0,0,0,0.0914739
74128,18,2,232914,64198,56210,168703,341598,1,0,0,0,0.190818
74129,18,1,184369,48816,42544,135553,252949,0,0,0,0,0.0891809
74133,18,2,321204,87592,76342,233599,462821,1,0,0,0,0.264214
74136,18,2,185692,50978,44545,134701,271098,1,0,0,0,0.177762
74137,18,2,280402,77209,67405,203180,409725,1,0,0,0,0.278896
74142,18,1,174517,45954,40333,128563,239354,0,0,0,0,0.0994225
74145,18,1,190544,50875,44406,139669,265247,0,0,0,0,0.0829178
74148,18,2,256174,69776,60999,186385,369593,1,0,0,0,0.216744
74150,18,2,255228,68489,59320,186726,356665,1,0,0,0,0.274678
74151,18,1,170961,44886,39259,126075,232778,0,0,0,0,0.0946078
74154,18,1,184384,48817,42308,135567,254626,0,0,0,0,0.0559774
74159,18,1,192262,50766,44288,141496,264716,0,0,0,0,0.0882418
74162,18,2,316630,85161,74482,231456,447959,1,0,0,0,0.290154
74163,18,2,168357,45001,38814,123343,237445,1,0,0,0,0.223756
74165,18,1,201813,54730,47755,147083,287900,0,0,0,0,0.0807432
74166,18,1,207676,55962,48677,151714,293112,0,0,0,0,0.0765435
74167,18,1,205025,54765,47812,150260,285280,0,0,0,0,0.0874966
74168,18,2,231234,63430,55245,167791,337294,1,0,0,0,0.161246
74180,18,1,168029,44205,38871,123824,228463,0,0,0,0,0.069786
74181,18,1,183335,48852,42446,134483,254782,0,0,0,0,0.0757124
74182,18,2,163497,43365,37313,120119,228229,1,0,0,0,0.22797
74183,18,2,168989,45389,39193,123587,239655,1,0,0,0,0.271222
74184,18,1,172521,45584,39605,126937,237805,0,0,0,0,0.0497906
74185,18,1,194361,51813,44818,142548,270328,0,0,0,0,0.0703981
74186,18,1,188178,49618,43069,138560,257790,0,0,0,0,0.0750176
74187,18,1,189085,50113,43501,138972,260516,0,0,0,0,0.0537159
74188,18,1,189307,50373,43694,138934,261829,0,0,0,0,0.0698421
74189,18,1,195433,51735,44969,143698,270467,0,0,0,0,0.0867198
74480,9,1,126405,31340,26728,95065,161086,0,0,0,0,0.094869
74481,9,1,170996,43468,37559,127528,223421,0,0,0,0,0.136437
74484,9,1,140078,34967,29977,105111,179262,0,0,0,0,0.0904687
74489,9,1,134996,33978,28996,101018,174813,0,0,0,0,0.0951036
74490,9,1,128841,32650,28057,96191,168951,0,0,0,0,0.0965037
74491,9,1,165805,42692,37133,123113,219949,0,0,0,0,0.100281
74494,9,1,132575,33779,28951,98796,174984,0,0,0,0,0.0959624
74499,9,1,124198,31453,27069,92745,162298,0,0,0,0,0.0854288
74500,9,1,133170,33127,27988,100043,169105,0,0,0,0,0.0941372
74501,9,1,172710,44161,37956,128549,225931,0,0,0,0,0.10036
74504,9,1,134828,34798,29712,100030,180976,0,0,0,0,0.105506
74509,9,1,129296,32738,27987,96558,168834,0,0,0,0,0.0912734
74510,9,1,144986,36375,31183,108611,186287,0,0,0,0,0.0779853
74511,9,1,157825,41030,35193,116795,213245,0,0,0,0,0.0913048
74514,9,1,167404,43986,37856,123418,228892,0,0,0,0,0.0986487
74519,9,1,170274,43806,37784,126468,225164,0,0,0,0,0.0982686
74520,9,1,175180,45156,38669,130024,231492,0,0,0,0,0.101062
74521,9,1,152537,39348,33489,113189,203730,0,0,0,0,0.0948807
74524,9,1,158190,41255,35693,116935,214325,0,0,0,0,0.0802426
74529,9,1,133531,33876,29025,99655,176137,0,0,0,0,0.0801696
74550,9,1,150114,38445,33202,111669,198193,0,0,0,0,0.0756345
74551,9,1,179422,46906,40760,132516,241447,0,0,0,0,0.0604366
74554,9,1,147707,37794,32903,109913,193861,0,0,0,0,0.0809849
74559,9,1,142899,37056,32056,105843,191096,0,0,0,0,0.0921426
74560,9,1,162033,42281,36738,119752,218716,0,0,0,0,0.10612
74561,9,2,182562,48905,42323,133644,257686,1,0,0,0,0.22622
74564,9,1,155948,41035,35529,114913,212813,0,0,0,0,0.102802
74569,9,1,151824,38944,33950,112880,199761,0,0,0,0,0.0905836
74570,9,1,162005,40961,35432,121044,208460,0,0,0,0,0.0977525
74571,9,2,196901,53130,45857,143758,280760,1,0,0,0,0.218481
74574,9,1,182697,48557,42199,134140,251687,0,0,0,0,0.133199
74579,9,2,163070,42887,36785,120170,224090,1,0,0,0,0.237919
74580,9,2,233163,62528,54414,170622,328363,1,0,0,0,0.202633
74581,9,1,169808,44657,38746,125151,231384,0,0,0,0,0.0851121
74584,9,1,180910,48086,41528,132824,249814,0,0,0,0,0.112092
74589,9,1,149962,38500,33262,111462,199592,0,0,0,0,0.0950362
74610,9,1,157980,39932,34465,118048,203374,0,0,0,0,0.0888336
74611,9,2,232393,63165,54918,169215,333471,1,0,0,0,0.229037
74614,9,2,180635,48794,42114,131828,257414,1,0,0,0,0.170559
74619,9,2,176364,47696,41177,128655,251543,1,0,0,0,0.19956
74620,9,1,153183,39238,33807,113945,201592,0,0,0,0,0.0934162
74621,9,1,164654,42707,36953,121947,220339,0,0,0,0,0.086498
74624,9,1,176203,46630,40634,129573,241013,0,0,0,0,0.0524946
74629,9,1,186932,49039,42855,137893,253534,0,0,0,0,0.0795186
74630,9,2,178311,48015,41576,130283,254048,1,0,0,0,0.277741
74631,9,2,198717,54600,47304,144104,290616,1,0,0,0,0.231722
74634,9,1,174265,46385,40367,127880,240832,0,0,0,0,0.0964564
74639,9,1,176124,45941,40053,130183,237786,0,0,0,0,0.0994391
74660,9,1,152092,39358,34112,112734,203119,0,0,0,0,0.0924893
74661,9,1,179051,47536,41407,131515,246853,0,0,0,0,0.0952839
74664,9,1,171133,44714,38732,126419,230628,0,0,0,0,0.0706718
74669,9,1,182785,48211,42376,134574,250384,0,0,0,0,0.0994969
74670,9,1,182913,47850,41859,135063,246225,0,0,0,0,0.0722088
74671,9,1,191192,51322,44687,139870,267293,0,0,0,0,0.0860406
74674,9,1,178757,47312,41454,131445,244585,0,0,0,0,0.1036
74679,9,2,158766,41518,35795,117235,216528,1,0,0,0,0.199116
74700,9,1,145380,37273,32679,108107,191213,0,0,0,0,0.0794512
74701,9,1,150800,39192,33922,111608,202908,0,0,0,0,0.0998334
74704,9,2,176081,46194,39867,129874,241014,1,0,0,0,0.22227
74709,9,1,182050,46675,40715,135375,239439,0,0,0,0,0.0739091
74750,9,1,138913,36030,31454,102883,185524,0,0,0,0,0.0754016
74751,9,1,144056,36730,31888,107326,188144,0,0,0,0,0.0494002
74752,9,2,171646,45549,39102,126084,239100,1,0,0,0,0.245066
74753,9,1,144756,37007,31790,107749,191920,0,0,0,0,0.0927387
74754,9,2,188171,50519,43738,137639,265814,1,0,0,0,0.220054
74755,9,1,191961,51215,44626,140746,266369,0,0,0,0,0.095182
74756,9,1,174777,45246,39387,129531,233318,0,0,0,0,0.0798988
74757,9,1,184910,49121,43008,135789,255574,0,0,0,0,0.0572199
74758,9,2,169051,44353,38237,124685,231934,1,0,0,0,0.177045
74759,9,1,183004,47020,40989,135984,241636,0,0,0,0,0.0815547
75042,18,1,159356,40418,35009,118938,208053,0,0,0,0,0.118427
75045,18,1,170524,44687,38420,125837,232273,0,0,0,0,0.110791
75048,18,1,150053,38080,32699,111973,196344,0,0,0,0,0.0928577
75052,18,1,153426,39690,34646,113736,205330,0,0,0,0,0.0788051
75055,18,1,166451,44388,38132,122063,232400,0,0,0,0,0.060572
75058,18,1,146366,38269,32817,108097,199662,0,0,0,0,0.0680724
75062,18,1,162711,41393,35603,121318,211797,0,0,0,0,0.0795287
75065,18,1,149612,38842,33296,110770,202165,0,0,0,0,0.0745903
75068,18,1,164502,43250,36750,121252,225830,0,0,0,0,0.0579777
75072,18,1,180050,47340,40821,132710,245515,0,0,0,0,0.0765912
75075,18,1,173806,46012,39678,127794,239964,0,0,0,0,0.0834557
75078,18,1,172749,45157,39561,127592,233974,0,0,0,0,0.0843578
75082,18,1,149901,38113,32936,111788,196766,0,0,0,0,0.0614791
75085,18,1,179142,47515,40581,131627,248135,0,0,0,0,0.0762535
75088,18,1,159071,41232,35864,117839,215388,0,0,0,0,0.0865553
75090,18,1,165563,42992,37472,122571,222258,0,0,0,0,0.0780038
75091,18,1,169391,43941,37762,125450,227203,0,0,0,0,0.0611678
75092,18,1,162960,42299,36609,120661,219885,0,0,0,0,0.0759253
75093,18,1,151872,39813,34160,112059,207889,0,0,0,0,0.0833678
75094,18,1,169631,44912,38622,124719,235486,0,0,0,0,0.0993562
75095,18,1,190799,51223,44180,139576,268033,0,0,0,0,0.105124
75096,18,1,165482,44000,37948,121482,231529,0,0,0,0,0.110276
75097,18,1,146596,37690,32463,108906,196383,0,0,0,0,0.0893829
75098,18,1,165358,42957,37267,122401,224924,0,0,0,0,0.0891927
75099,18,2,153117,40020,34199,113084,210511,1,0,0,0,0.208137
75112,18,1,175018,45687,39772,129331,235470,0,0,0,0,0.0807095
75115,18,2,279484,76527,66737,202944,400855,1,0,0,0,0.193963
75118,18,1,158775,41359,36419,117416,213530,0,0,0,0,0.0675509
75122,18,1,183541,48362,42442,135179,249091,0,0,0,0,0.133872
75125,18,1,166521,43816,38047,122705,227872,0,0,0,0,0.0688509
75128,18,1,178588,47075,40854,131513,244266,0,0,0,0,0.0896295
75132,18,2,266515,72545,63142,193958,383909,1,0,0,0,0.25617
75135,18,1,185527,49163,42771,136364,254435,0,0,0,0,0.0547764
75138,18,2,166373,43820,37505,122540,229498,1,0,0,0,0.251235
75142,18,1,171041,44402,38383,126639,229332,0,0,0,0,0.0910847
75145,18,1,206162,55691,48258,150471,290356,0,0,0,0,0.0844803
75148,18,2,317883,85560,74291,232310,450685,1,0,0,0,0.225683
75150,18,2,257216,69204,60076,188000,364339,1,0,0,0,0.277758
75151,18,2,255625,69420,60374,186193,367316,1,0,0,0,0.254667
75152,18,1,178796,46558,40661,132238,240050,0,0,0,0,0.0802452
75153,18,1,164783,44034,38102,120749,230597,0,0,0,0,0.0981827
75154,18,1,191590,51641,44718,139949,269887,0,0,0,0,0.0958342
75155,18,2,264035,72353,63047,191669,382942,1,0,0,0,0.290828
75156,18,2,324740,88819,77479,235908,469410,1,0,0,0,0.247513
75157,18,2,235095,63157,54816,171926,333380,1,0,0,0,0.258479
75158,18,2,166730,44589,38245,122128,235225,1,0,0,0,0.199824
75159,18,2,163679,43294,37095,120372,227174,1,0,0,0,0.186526
75172,18,2,280361,76650,66534,203699,405042,1,0,0,0,0.235574
75175,18,1,180121,47680,41134,132441,248516,0,0,0,0,0.0886042
75178,18,2,222206,60898,52634,161296,323137,1,0,0,0,0.187578
75182,18,2,278294,75251,65121,203031,396984,1,0,0,0,0.19383
75185,18,2,172768,46136,39879,126619,242929,1,0,0,0,0.19656
75188,18,1,189029,50093,43365,138936,259955,0,0,0,0,0.085392
75192,18,1,180500,46925,40749,133575,242029,0,0,0,0,0.0545287
75195,18,1,187103,50137,43422,136966,263147,0,0,0,0,0.0773066
75198,18,1,199884,54304,47434,145580,286077,0,0,0,0,0.103714
75200,18,1,174647,45414,39356,129233,233057,0,0,0,0,0.109045
75201,18,2,286623,78597,68307,208014,416592,1,0,0,0,0.25823
75202,18,1,163827,41947,36479,121880,215572,0,0,0,0,0.0524791
75204,18,1,189691,51300,44087,138391,269771,0,0,0,0,0.0900417
75205,18,2,286042,78490,68164,207539,416297,1,0,0,0,0.22995
75206,18,2,184313,50374,43884,133926,267545,1,0,0,0,0.220678
75207,18,1,189232,51259,44758,137973,269140,0,0,0,0,0.104904
75208,18,1,208819,56631,49605,152188,296807,0,0,0,0,0.0992021
75209,18,1,177730,46941,41035,130789,245097,0,0,0,0,0.0746275
75213,18,1,160795,42054,36035,118741,218765,0,0,0,0,0.0871906
75222,18,1,186137,49213,42627,136924,255540,0,0,0,0,0.093963
75225,18,1,184562,49068,42143,135494,256789,0,0,0,0,0.0817068
75228,18,1,176296,46396,40410,129900,241176,0,0,0,0,0.101129
75232,18,2,291588,79696,69209,211879,420883,1,0,0,0,0.292163
75235,18,2,259736,71368,62304,188355,379133,1,0,0,0,0.201929
75238,18,1,205735,55241,48363,150494,288283,0,0,0,0,0.0755516
75240,18,1,169020,44459,39074,124561,229777,0,0,0,0,0.0517052
75241,18,1,194318,51721,44656,142597,268754,0,0,0,0,0.080507
75242,18,1,201052,53909,46634,147143,280900,0,0,0,0,0.0978884
75244,18,2,171913,46122,40179,125778,243334,1,0,0,0,0.220042
75245,18,1,184118,49144,42760,134974,257207,0,0,0,0,0.0988164
75248,18,2,231915,63785,55535,168117,339007,1,0,0,0,0.261849
75249,18,1,184265,48809,42169,135456,252984,0,0,0,0,0.103841
75253,18,2,318470,86853,75509,231604,459348,1,0,0,0,0.276634
75256,18,2,184634,50842,44328,133779,270736,1,0,0,0,0.222158
75257,18,1,176924,47044,40925,129880,245386,0,0,0,0,0.0815897
75262,18,2,262855,70704,61273,192139,372988,1,0,0,0,0.230858
75265,18,1,184330,49440,42776,134890,258588,0,0,0,0,0.0832309
75268,18,1,172285,45451,39764,126834,236022,0,0,0,0,0.0859924
75270,18,2,251358,67686,58876,183659,353206,1,0,0,0,0.260608
75271,18,1,162583,42644,37274,119939,221422,0,0,0,0,0.0867498
75274,18,1,177344,46511,40246,130833,241576,0,0,0,0,0.097778
75279,18,1,194162,51056,44532,143106,265180,0,0,0,0,0.0968695
75282,18,2,308785,82877,72122,225895,436095,1,0,0,0,0.312792
75283,18,2,168199,44983,38723,123203,237600,1,0,0,0,0.274151
75285,18,1,197667,53431,46360,144236,280552,0,0,0,0,0.0998348
75286,18,1,209289,56947,49631,152342,298587,0,0,0,0,0.0962848
75287,18,1,197283,52555,45973,144728,273509,0,0,0,0,0.096956
75288,18,2,227915,61952,53827,165950,328594,1,0,0,0,0.224465
75300,18,1,160556,42475,37250,118081,220341,0,0,0,0,0.092247
75301,18,1,179448,47495,41012,131953,246867,0,0,0,0,0.0865152
75302,18,2,171354,45964,39798,125377,242362,1,0,0,0,0.26689
75303,18,2,166636,44594,38575,122029,235186,1,0,0,0,0.222616
75304,18,2,225573,61220,53139,164341,323406,1,0,0,0,0.214725
75305,18,1,193324,51668,44683,141656,269069,0,0,0,0,0.0722636
75306,18,1,177640,46678,40398,130962,243125,0,0,0,0,0.0540808
75307,18,1,181880,48355,41894,133525,252455,0,0,0,0,0.0892317
75308,18,1,185562,49085,42273,136477,254515,0,0,0,0,0.100448
75309,18,1,199702,52867,45891,146835,275280,0,0,0,0,0.0980609
75320,9,1,137133,33533,28819,103600,168640,0,0,0,0,0.0927069
75321,9,1,137813,33612,28939,104201,168773,0,0,0,0,0.109986
75324,9,1,129096,31689,26979,97407,159863,0,0,0,0,0.19302
75329,9,1,121968,30476,25660,91492,156688,0,0,0,0,0.176221
75330,9,2,198739,50732,43463,147994,259921,1,0,0,0,0.233311
75331,9,2,198716,50652,43360,148051,259345,1,0,0,0,0.252776
75334,9,1,121333,30315,25738,91018,154953,0,0,0,0,0.0660675
75339,9,1,111521,28074,23958,83447,145281,0,0,0,0,0.0818772
75340,9,2,167586,43679,37380,123895,226795,1,0,0,0,0.274031
75341,9,2,167134,43539,37257,123583,226034,1,0,0,0,0.228714
75344,9,1,119889,30372,25618,89517,157626,0,0,0,0,0.0760423
75349,9,1,114914,28667,24463,86247,146112,0,0,0,0,0.0717805
75350,9,2,163756,41784,35477,121960,215713,1,0,0,0,0.197702
75351,9,2,158390,40524,35180,117854,209330,1,0,0,0,0.241047
75354,9,2,152292,38824,33633,113455,200196,1,0,0,0,0.202016
75359,9,1,131614,33283,28628,98331,171348,0,0,0,0,0.0703828
75360,9,2,163828,41788,35536,122028,215640,1,0,0,0,0.196315
75361,9,2,158389,40520,35178,117857,209302,1,0,0,0,0.332645
75364,9,2,152279,38818,33625,113448,200148,1,0,0,0,0.216386
75369,9,1,131642,33294,28637,98348,171414,0,0,0,0,0.0764678
75390,9,2,210708,54585,46703,156110,279366,1,0,0,0,0.190078
75391,9,2,210601,54528,46658,156060,279048,1,0,0,0,0.147069
75394,9,1,136497,34550,30079,101947,175324,0,0,0,0,0.064267
75399,9,1,133103,34247,29409,98856,176720,0,0,0,0,0.0666377
75400,9,2,173841,45458,38792,128371,235545,1,0,0,0,0.19463
75401,9,2,173287,45310,38736,127965,234796,1,0,0,0,0.226455
75404,9,1,145675,38159,32933,107516,198568,0,0,0,0,0.0962994
75409,9,1,135043,34230,29741,100813,173605,0,0,0,0,0.0866305
75410,9,2,179811,47597,41125,132202,248202,1,0,0,0,0.24961
75411,9,2,163622,42451,36709,121159,219749,1,0,0,0,0.249062
75414,9,2,160591,41246,35822,119332,212210,1,0,0,0,0.193126
75419,9,1,140487,36041,31612,104446,184833,0,0,0,0,0.0630355
75420,9,2,179827,47595,41162,132220,248151,1,0,0,0,0.353026
75421,9,2,163651,42447,36715,121192,219682,1,0,0,0,0.252576
75424,9,2,160564,41237,35817,119314,212156,1,0,0,0,0.236779
75429,9,1,140474,36054,31631,104420,184921,0,0,0,0,0.0520106
75450,9,2,177191,47332,40535,129847,247911,1,0,0,0,0.238911
75451,9,2,177211,47315,40580,129884,247775,1,0,0,0,0.170411
75454,9,2,174512,45592,39105,128907,235473,1,0,0,0,0.187576
75459,9,2,181215,47770,40624,133432,245950,1,0,0,0,0.178475
75460,9,2,174269,45889,39200,128368,238853,1,0,0,0,0.175409
75461,9,2,166390,43448,37689,122930,226210,1,0,0,0,0.208901
75464,9,2,166806,43905,37957,122888,228136,1,0,0,0,0.222793
75469,9,2,184465,49034,42408,135418,254458,1,0,0,0,0.211817
75470,9,2,173632,45717,39018,127903,237912,1,0,0,0,0.249911
75471,9,2,166320,43434,37680,122874,226139,1,0,0,0,0.22577
75474,9,2,166809,43917,37964,122879,228228,1,0,0,0,0.181592
75479,9,2,184601,49045,42417,135543,254513,1,0,0,0,0.210355
75500,9,2,211869,55690,47776,156166,286688,1,0,0,0,0.214192
75501,9,2,159458,41131,35732,118314,212185,1,0,0,0,0.212342
75504,9,2,165457,43254,37056,122190,224393,1,0,0,0,0.180679
75509,9,2,209031,55683,48020,153335,289713,1,0,0,0,0.197623
75510,9,2,211761,55590,47639,156158,285931,1,0,0,0,0.283248
75511,9,2,159376,41107,35714,118256,212044,1,0,0,0,0.240967
75514,9,2,165618,43275,37088,122330,224440,1,0,0,0,0.18937
75519,9,2,208942,55661,48000,153268,289600,1,0,0,0,0.169268
75540,9,1,132845,33559,28908,99286,170043,0,0,0,0,0.0470282
75541,9,1,139240,35646,30495,103594,184301,0,0,0,0,0.0688131
75544,9,2,166177,42582,36640,123582,218769,1,0,0,0,0.178275
75549,9,1,170090,43470,38050,126620,222162,0,0,0,0,0.0530089
75590,9,1,129890,33356,28715,96534,171957,0,0,0,0,0.0694736
75591,9,1,131009,33111,28554,97898,167896,0,0,0,0,0.0900678
75592,9,1,137432,34986,30724,102446,178492,0,0,0,0,0.0884049
75593,9,1,137433,34988,30726,102445,178508,0,0,0,0,0.0480795
75594,9,2,191125,49846,42576,141266,255945,1,0,0,0,0.17531
75595,9,2,193132,51557,44537,141562,267531,1,0,0,0,0.170499
75596,9,2,193077,51551,44526,141513,267513,1,0,0,0,0.203501
75597,9,2,218068,57793,49793,160262,300004,1,0,0,0,0.15483
75598,9,2,217947,57776,49784,160158,299948,1,0,0,0,0.208367
75599,9,1,168999,43174,37936,125825,220554,0,0,0,0,0.0721053
75882,18,1,150928,37801,32641,113127,192417,0,0,0,0,0.106714
75885,18,1,166084,43633,37873,122451,225715,0,0,0,0,0.0946986
75888,18,1,153181,40250,34880,112931,209574,0,0,0,0,0.098564
75892,18,1,147853,37512,32017,110341,191871,0,0,0,0,0.0785651
75895,18,1,149062,39619,34499,109443,206392,0,0,0,0,0.0976171
75898,18,1,144334,38521,33272,105813,202191,0,0,0,0,0.085663
75902,18,1,153335,38312,32398,115023,194121,0,0,0,0,0.138082
75905,18,1,150150,38923,33246,111227,202105,0,0,0,0,0.101867
75908,18,1,155943,40599,35153,115344,209627,0,0,0,0,0.0695256
75912,18,1,155762,39462,33689,116300,201450,0,0,0,0,0.0499311
75915,18,2,210230,56245,48516,153973,297984,1,0,0,0,0.209648
75918,18,2,149395,38854,33375,110529,204371,1,0,0,0,0.19074
75922,18,1,149612,37878,32352,111734,194713,0,0,0,0,0.071091
75925,18,2,190107,51660,44431,138435,275168,1,0,0,0,0.175337
75928,18,2,145605,37823,32420,107771,198904,1,0,0,0,0.193416
75930,18,1,153203,38323,32748,114880,195047,0,0,0,0,0.055797
75931,18,2,198134,52149,44626,145972,275138,1,0,0,0,0.186547
75932,18,1,149934,38406,32692,111528,198709,0,0,0,0,0.0652576
75933,18,1,134994,34480,28992,100514,179108,0,0,0,0,0.0563517
75934,18,2,178446,47994,41368,130439,254235,1,0,0,0,0.251335
75935,18,2,177417,48095,41362,129309,255798,1,0,0,0,0.200787
75936,18,1,158999,41395,35355,117604,214434,0,0,0,0,0.1037
75937,18,1,141961,35520,30173,106441,182030,0,0,0,0,0.0563351
75938,18,1,149868,38198,32959,111670,197319,0,0,0,0,0.0818112
75939,18,1,149898,38241,32957,111657,197623,0,0,0,0,0.0889893
75952,18,1,168201,43021,37021,125180,219195,0,0,0,0,0.0838075
75955,18,1,161762,42680,37426,119082,220145,0,0,0,0,0.0669823
75958,18,1,156198,41133,35665,115065,213252,0,0,0,0,0.0502651
75962,18,1,182651,47731,41068,134920,245133,0,0,0,0,0.0916483
75965,18,1,170897,45171,38881,125726,234929,0,0,0,0,0.0915381
75968,18,1,176777,46773,40405,130004,241605,0,0,0,0,0.090023
75972,18,2,192642,52350,45569,140279,278012,1,0,0,0,0.222955
75975,18,2,220561,59386,51543,161163,313631,1,0,0,0,0.281686
75978,18,2,161741,42253,35861,119476,220874,1,0,0,0,0.296295
75982,18,2,183749,49453,42849,134283,262150,1,0,0,0,0.235454
75985,18,2,197414,54106,46805,143296,287511,1,0,0,0,0.244247
75988,18,2,160091,41966,35619,118114,219991,1,0,0,0,0.234492
75990,18,2,240782,63447,54841,177322,331494,1,0,0,0,0.29187
75991,18,2,170741,45490,39387,125239,240021,1,0,0,0,0.232517
75992,18,1,167217,43661,37584,123556,226013,0,0,0,0,0.0877637
75993,18,1,154330,40517,34635,113813,211438,0,0,0,0,0.100664
75994,18,2,192418,52160,45131,140245,275288,1,0,0,0,0.20732
75995,18,2,181897,50127,43505,131758,266514,1,0,0,0,0.252668
75996,18,1,177710,47376,41150,130334,245561,0,0,0,0,0.102747
75997,18,2,238950,63570,55116,175368,333468,1,0,0,0,0.293842
75998,18,2,161792,42726,36535,119053,224453,1,0,0,0,0.259385
75999,18,2,161575,42747,36472,118815,224952,1,0,0,0,0.233643
76012,18,2,265319,71807,62206,193499,378141,1,0,0,0,0.241089
76015,18,2,277190,75971,65860,201206,401654,1,0,0,0,0.166164
76018,18,2,193339,53315,45958,140012,283191,1,0,0,0,0.129861
76022,18,2,173211,46818,40500,126381,248743,1,0,0,0,0.15773
76025,18,2,220847,59644,51307,161190,315316,1,0,0,0,0.156948
76028,18,2,229863,62139,53575,167712,327495,1,0,0,0,0.191379
76032,18,1,165432,42140,35866,123292,216057,0,0,0,0,0.0581335
76035,18,2,226568,61699,53507,164856,327160,1,0,0,0,0.136539
76038,18,2,228629,61873,53811,166744,327098,1,0,0,0,0.190849
76040,18,1,169087,43374,36820,125713,221726,0,0,0,0,0.0745672
76041,18,2,183667,49929,43323,133725,265373,1,0,0,0,0.140829
76042,18,2,182905,49843,43105,133049,265605,1,0,0,0,0.18675
76044,18,1,175930,46762,40309,129168,243903,0,0,0,0,0.0878049
76045,18,1,180115,47039,40824,133076,242290,0,0,0,0,0.0901097
76046,18,1,152509,39601,34320,112908,204000,0,0,0,0,0.0859702
76047,18,1,171077,46094,39900,124983,242115,0,0,0,0,0.0814753
76048,18,2,232579,63505,55084,169062,336491,1,0,0,0,0.167451
76049,18,2,228096,61965,53581,166119,327991,1,0,0,0,0.188213
76053,18,1,144012,36723,31227,107289,189651,0,0,0,0,0.0815226
76062,18,2,189893,51658,44289,138222,273407,1,0,0,0,0.161957
76065,18,1,175973,46976,40610,128997,245272,0,0,0,0,0.0549852
76068,18,2,213967,57334,49556,156620,301815,1,0,0,0,0.144705
76072,18,2,179936,49482,42847,130442,263692,1,0,0,0,0.194433
76075,18,1,183891,48695,42264,135196,251904,0,0,0,0,0.0742868
76078,18,2,222751,60001,52234,162737,316292,1,0,0,0,0.169392
76080,18,1,168744,43408,37645,125336,221466,0,0,0,0,0.0608253
76081,18,2,220810,59948,52447,160850,317614,1,0,0,0,0.142216
76082,18,2,197939,54935,47775,142992,293454,1,0,0,0,0.142982
76084,18,2,221624,59874,51725,161737,316562,1,0,0,0,0.135919
76085,18,2,225743,61814,53496,163916,328372,1,0,0,0,0.13617
76088,18,1,177622,46354,40160,131268,239432,0,0,0,0,0.0522958
76089,18,1,182560,47457,41234,135103,243449,0,0,0,0,0.0547887
76093,18,1,171475,44740,38697,126735,230002,0,0,0,0,0.0553835
76096,18,1,156894,41167,35465,115727,212756,0,0,0,0,0.0692056
76097,18,1,162064,42476,36885,119588,220386,0,0,0,0,0.0525927
76102,18,2,260715,69158,59586,191545,362338,1,0,0,0,0.158538
76105,18,1,167459,44436,38308,123023,232240,0,0,0,0,0.0492153
76108,18,1,159316,41476,35964,117840,214745,0,0,0,0,0.0466036
76110,18,1,162552,42890,37290,119662,221005,0,0,0,0,0.0472616
76111,18,1,165707,43384,37507,122323,224849,0,0,0,0,0.0479568
76114,18,2,250580,67391,58423,183176,354998,1,0,0,0,0.173088
76119,18,1,190395,49623,43418,140772,257946,0,0,0,0,0.0534227
76122,18,2,159689,41910,35741,117768,219958,1,0,0,0,0.152883
76123,18,2,164644,43688,37396,120943,230167,1,0,0,0,0.193158
76125,18,2,233821,63713,55162,170096,337682,1,0,0,0,0.142749
76126,18,2,233196,63778,55340,169406,338190,1,0,0,0,0.143051
76127,18,2,227322,61687,53764,165622,326068,1,0,0,0,0.173167
76128,18,1,177489,46812,40698,130677,243108,0,0,0,0,0.0647581
76140,18,1,157660,42314,36885,115346,220293,0,0,0,0,0.0705367
76141,18,1,170096,44261,38449,125835,227183,0,0,0,0,0.0747143
76142,18,2,168173,44754,38404,123407,235632,1,0,0,0,0.181907
76143,18,2,164516,43782,37661,120721,231002,1,0,0,0,0.161977
76144,18,2,194770,53215,46198,141543,281623,1,0,0,0,0.16059
76145,18,2,238749,64862,55979,173875,342566,1,0,0,0,0.156451
76146,18,2,233557,63692,55412,169853,337544,1,0,0,0,0.160976
76147,18,2,221345,59760,52025,161572,315374,1,0,0,0,0.172675
76148,18,1,180921,47476,41412,133445,244503,0,0,0,0,0.0669603
76149,18,1,189269,49281,43042,139988,256105,0,0,0,0,0.0627832
76720,9,1,129245,31530,27091,97715,159532,0,0,0,0,0.0708953
76721,9,1,129647,31583,27188,98064,159694,0,0,0,0,0.0726257
76722,9,1,128240,31497,26966,96743,161323,0,0,0,0,0.0734247
76723,9,1,144494,35942,31206,108552,184214,0,0,0,0,0.150693
76724,9,1,143572,35043,30051,108529,175729,0,0,0,0,0.0904694
76725,9,1,139502,34891,29858,104611,177713,0,0,0,0,0.0874904
76726,9,1,146838,35992,30833,110846,181426,0,0,0,0,0.104896
76727,9,1,134013,33838,29199,100175,174556,0,0,0,0,0.0925936
76728,9,1,134471,33346,28493,101125,170798,0,0,0,0,0.0726065
76729,9,1,121715,30180,25616,91535,155046,0,0,0,0,0.0775132
76730,9,2,202893,51634,44273,151246,264339,1,0,0,0,0.161826
76731,9,2,202776,51581,44226,151182,264025,1,0,0,0,0.19787
76732,9,1,131606,33104,28348,98502,170655,0,0,0,0,0.0545387
76733,9,1,140996,35887,31004,105109,185395,0,0,0,0,0.0988934
76734,9,1,139011,34231,29457,104780,172849,0,0,0,0,0.0492964
76735,9,1,133961,34146,28955,99815,176522,0,0,0,0,0.0706647
76736,9,2,192879,50106,43106,142760,261301,1,0,0,0,0.200186
76737,9,1,127965,32840,27598,95125,171281,0,0,0,0,0.0486498
76738,9,2,182355,47414,40335,134928,248016,1,0,0,0,0.149502
76739,9,2,178204,46095,39149,132096,240658,1,0,0,0,0.152746
76740,9,2,168619,43523,37560,125084,226050,1,0,0,0,0.143526
76741,9,2,168247,43402,37405,124833,225359,1,0,0,0,0.144024
76742,9,1,133280,32693,27579,100587,165929,0,0,0,0,0.0494934
76743,9,1,148359,36837,31163,111522,187552,0,0,0,0,0.0713965
76744,9,1,125581,31040,26236,94541,159272,0,0,0,0,0.0530281
76745,9,1,134618,33346,28227,101272,171040,0,0,0,0,0.0634068
76746,9,2,192444,51042,44095,141390,269985,1,0,0,0,0.166897
76747,9,1,145612,36040,30516,109572,182946,0,0,0,0,0.0527167
76748,9,2,185253,48666,42176,136575,256872,1,0,0,0,0.180917
76749,9,2,181114,46757,39910,134344,243515,1,0,0,0,0.211266
76750,9,2,163629,41569,35651,122048,214925,1,0,0,0,0.217497
76751,9,2,158970,40822,35070,118138,211741,1,0,0,0,0.160846
76752,9,2,164222,43712,38050,120498,231243,1,0,0,0,0.183616
76753,9,1,145411,35985,30615,109426,181463,0,0,0,0,0.0745582
76754,9,2,153564,39423,34155,114128,204020,1,0,0,0,0.14754
76755,9,2,202096,54296,47082,147787,287757,1,0,0,0,0.15883
76756,9,2,199052,52981,45926,146058,280235,1,0,0,0,0.175
76757,9,1,143900,36910,31831,106990,192512,0,0,0,0,0.0703161
76758,9,1,138420,35243,29915,103177,183533,0,0,0,0,0.0517878
76759,9,1,130847,32704,28259,98143,168213,0,0,0,0,0.0454549
76760,9,2,163436,41497,35579,121927,214487,1,0,0,0,0.18908
76761,9,2,158971,40822,35076,118139,211736,1,0,0,0,0.174745
76762,9,2,150537,39184,33815,111341,206295,1,0,0,0,0.148805
76763,9,1,134653,33307,27995,101346,169573,0,0,0,0,0.0524479
76764,9,2,153551,39418,34152,114120,203981,1,0,0,0,0.178216
76765,9,2,200740,53565,46278,147162,284054,1,0,0,0,0.191925
76766,9,2,193590,51147,44439,142430,270445,1,0,0,0,0.157352
76767,9,1,144541,36648,31562,107893,190214,0,0,0,0,0.072016
76768,9,1,137214,34698,29506,102516,180334,0,0,0,0,0.0531222
76769,9,1,130794,32665,28216,98129,167962,0,0,0,0,0.0467935
76770,9,1,133063,33232,28405,99831,171143,0,0,0,0,0.0674458
76771,9,2,161917,42363,36348,119543,223142,1,0,0,0,0.2065
76772,9,2,152787,39936,34397,112840,210608,1,0,0,0,0.174387
76773,9,1,130280,32121,27072,98159,163255,0,0,0,0,0.0540035
76774,9,1,159108,40819,34890,118289,212026,0,0,0,0,0.0633833
76775,9,1,167280,42542,36348,124738,218012,0,0,0,0,0.0726536
76776,9,2,191797,50455,43704,141329,265980,1,0,0,0,0.196508
76777,9,1,141151,35752,30547,105399,185751,0,0,0,0,0.0719997
76778,9,2,183367,47717,40960,135637,251372,1,0,0,0,0.187019
76779,9,2,182257,47213,40545,135031,248374,1,0,0,0,0.190536
76780,9,1,151543,38117,32848,113426,195784,0,0,0,0,0.0880089
76781,9,2,152616,39214,33878,113390,205055,1,0,0,0,0.156209
76782,9,2,147618,38012,32886,109594,199304,1,0,0,0,0.159843
76783,9,2,146827,37740,32484,109075,197812,1,0,0,0,0.170549
76784,9,2,165256,43262,37431,121982,227200,1,0,0,0,0.156235
76785,9,2,164642,43418,37762,121212,228788,1,0,0,0,0.150927
76786,9,2,160870,42374,36718,118484,223338,1,0,0,0,0.150323
76787,9,1,151558,38913,34224,112645,200911,0,0,0,0,0.0637106
76788,9,1,147781,37558,32902,110223,192763,0,0,0,0,0.060133
76789,9,1,147352,37475,32845,109877,192368,0,0,0,0,0.0563278
76790,9,2,212614,54937,47409,157664,281558,1,0,0,0,0.149418
76791,9,2,212610,54891,47414,157706,281236,1,0,0,0,0.140959
76792,9,1,142323,36358,31594,105965,187646,0,0,0,0,0.0543414
76793,9,1,161287,41336,35856,119951,212313,0,0,0,0,0.0910029
76794,9,1,147086,36785,32305,110301,185565,0,0,0,0,0.0683153
76795,9,1,144169,36888,32044,107281,189058,0,0,0,0,0.0628898
76796,9,2,212084,56505,48955,155566,293648,1,0,0,0,0.165233
76797,9,1,136886,35403,30542,101483,183534,0,0,0,0,0.0667374
76798,9,2,203884,53756,46217,150115,278962,1,0,0,0,0.206891
76799,9,2,198835,52392,44684,146430,272114,1,0,0,0,0.18234
76800,9,2,175727,45425,39077,130290,235255,1,0,0,0,0.148381
76801,9,2,175268,45316,39014,129940,234705,1,0,0,0,0.171958
76802,9,1,151970,38347,33397,113623,195435,0,0,0,0,0.0577405
76803,9,1,170364,43899,38393,126465,225425,0,0,0,0,0.095383
76804,9,1,146808,37077,32008,109731,190709,0,0,0,0,0.0556207
76805,9,1,154253,39217,33990,115036,201732,0,0,0,0,0.0774928
76806,9,2,200849,54410,47269,146427,287975,1,0,0,0,0.156619
76807,9,1,160599,40734,35547,119865,206979,0,0,0,0,0.0550416
76808,9,2,199901,53701,46646,146188,283052,1,0,0,0,0.180312
76809,9,2,205096,54082,46405,151002,280443,1,0,0,0,0.1574
76810,9,2,174605,45017,39107,129576,233647,1,0,0,0,0.133977
76811,9,2,163940,42727,36974,121203,222184,1,0,0,0,0.145498
76812,9,2,170129,45477,39582,124640,240111,1,0,0,0,0.156328
76813,9,1,172956,43690,37869,129266,220463,0,0,0,0,0.052991
76814,9,2,162348,41734,36350,120601,215000,1,0,0,0,0.128214
76815,9,2,213914,57696,50092,156205,304755,1,0,0,0,0.138575
76816,9,2,210589,56952,49446,153624,301127,1,0,0,0,0.139529
76817,9,1,168481,43901,38364,124580,228252,0,0,0,0,0.0704276
76818,9,1,158116,40561,35206,117555,209989,0,0,0,0,0.0546607
76819,9,1,142952,36327,31836,106625,186338,0,0,0,0,0.0496736
76820,9,2,174595,44983,39104,129600,233362,1,0,0,0,0.135169
76821,9,2,163908,42720,36975,121178,222144,1,0,0,0,0.123172
76822,9,2,159648,42319,36743,117317,223218,1,0,0,0,0.167643
76823,9,1,159602,40751,35235,118851,208802,0,0,0,0,0.057886
76824,9,2,162309,41726,36348,120570,214956,1,0,0,0,0.139978
76825,9,2,184917,50254,43612,134651,265845,1,0,0,0,0.152358
76826,9,2,206088,55686,48451,150389,294792,1,0,0,0,0.155225
76827,9,1,166541,43367,37944,123174,225931,0,0,0,0,0.0766139
76828,9,1,159347,41069,35638,118278,213651,0,0,0,0,0.0543835
76829,9,1,142963,36328,31828,106635,186338,0,0,0,0,0.0480742
76830,9,1,149516,37539,32610,111977,191302,0,0,0,0,0.0592733
76831,9,2,168001,44194,38352,123796,232146,1,0,0,0,0.132693
76832,9,2,161078,42631,36810,118436,224816,1,0,0,0,0.137441
76833,9,1,154447,39632,34187,114815,203772,0,0,0,0,0.0753576
76834,9,1,179369,46850,40645,132519,242882,0,0,0,0,0.0631588
76835,9,2,176356,47417,41116,128927,250045,1,0,0,0,0.142026
76836,9,2,207894,56241,49084,151640,297186,1,0,0,0,0.154525
76837,9,1,159575,40997,35680,118578,212975,0,0,0,0,0.0750532
76838,9,2,164598,43426,37026,121159,227894,1,0,0,0,0.143717
76839,9,2,161999,42641,36559,119345,223765,1,0,0,0,0.147908
76840,9,1,164712,41305,36282,123407,209692,0,0,0,0,0.0694051
76841,9,2,158387,41400,35918,116974,217126,1,0,0,0,0.142963
76842,9,2,155762,40913,35595,114837,215193,1,0,0,0,0.142282
76843,9,2,156725,41482,35805,115231,218789,1,0,0,0,0.15405
76844,9,2,172129,45457,39612,126660,238114,1,0,0,0,0.147636
76845,9,2,163813,43392,37530,120409,227737,1,0,0,0,0.153149
76846,9,2,162916,43023,37112,119880,225748,1,0,0,0,0.168846
76847,9,2,157766,40971,35228,116783,213790,1,0,0,0,0.142021
76848,9,2,159935,41973,35976,117950,220056,1,0,0,0,0.198792
76849,9,2,157593,41281,35400,116300,216345,1,0,0,0,0.177251
76850,9,2,170775,44393,38310,126370,230847,1,0,0,0,0.15312
76851,9,2,170768,44386,38360,126370,230783,1,0,0,0,0.142627
76852,9,1,149316,37434,32334,111882,190773,0,0,0,0,0.0526693
76853,9,1,166082,41756,36149,124326,212321,0,0,0,0,0.0671421
76854,9,2,204954,53928,46772,151013,280956,1,0,0,0,0.130903
76855,9,2,208635,55815,48218,152808,294600,1,0,0,0,0.132208
76856,9,1,150014,38515,33168,111499,199496,0,0,0,0,0.047578
76857,9,2,179471,48085,41373,131375,253143,1,0,0,0,0.12598
76858,9,2,188447,51563,44718,136872,273389,1,0,0,0,0.141133
76859,9,1,141091,35241,30564,105850,177551,0,0,0,0,0.0707574
76860,9,2,172565,44792,38714,127761,232715,1,0,0,0,0.132464
76861,9,2,165423,43302,37512,122111,225994,1,0,0,0,0.127373
76862,9,2,165846,44313,38525,121522,234570,1,0,0,0,0.194713
76863,9,2,158569,42076,36332,116480,222385,1,0,0,0,0.179135
76864,9,2,208456,55653,48270,152790,291731,1,0,0,0,0.224455
76865,9,2,162775,43653,37675,119109,230289,1,0,0,0,0.152026
76866,9,2,167744,44947,38868,122785,237017,1,0,0,0,0.134485
76867,9,2,161001,42241,36015,118747,221069,1,0,0,0,0.125261
76868,9,2,172138,45953,39560,126173,242125,1,0,0,0,0.124395
76869,9,2,165982,43607,37512,122363,225510,1,0,0,0,0.160917
76870,9,2,172270,44680,38578,127578,232033,1,0,0,0,0.186041
76871,9,2,165355,43286,37501,122059,225905,1,0,0,0,0.130297
76872,9,2,160707,42716,36832,117980,225868,1,0,0,0,0.144307
76873,9,2,155425,40988,35410,114425,216299,1,0,0,0,0.157752
76874,9,2,208413,55639,48265,152761,291635,1,0,0,0,0.136441
76875,9,2,167186,44845,39085,122328,236556,1,0,0,0,0.130267
76876,9,2,170474,45531,39720,124931,239890,1,0,0,0,0.174147
76877,9,2,189075,50976,44216,138087,269547,1,0,0,0,0.144982
76878,9,1,182734,47630,41363,135104,247118,0,0,0,0,0.0610708
76879,9,2,165966,43604,37508,122350,225491,1,0,0,0,0.133763
76880,9,1,151498,38003,32855,113495,193381,0,0,0,0,0.0554954
76881,9,2,165928,44034,38394,121882,232045,1,0,0,0,0.133532
76882,9,2,159691,42330,36668,117349,223715,1,0,0,0,0.132729
76883,9,2,155172,40982,35332,114178,216449,1,0,0,0,0.149251
76884,9,2,208946,55720,48584,153213,293265,1,0,0,0,0.149295
76885,9,2,214450,57348,50004,157089,302226,1,0,0,0,0.131049
76886,9,1,164296,42676,36906,121620,222153,0,0,0,0,0.0523269
76887,9,1,165905,43006,37256,122899,223538,0,0,0,0,0.0530546
76888,9,2,222368,59587,51748,162768,314612,1,0,0,0,0.130682
76889,9,2,216729,57883,50240,158833,305007,1,0,0,0,0.131349
76890,9,1,163165,41732,36025,121433,214176,0,0,0,0,0.0676172
76891,9,1,162095,40651,35092,121444,204868,0,0,0,0,0.0516018
76892,9,1,152112,38383,32930,113729,195967,0,0,0,0,0.0503014
76893,9,1,145170,36767,31430,108403,188265,0,0,0,0,0.0540368
76894,9,1,171909,44007,37946,127902,226276,0,0,0,0,0.0539586
76895,9,1,177025,44850,38578,132175,228084,0,0,0,0,0.0537112
76896,9,1,172686,44170,38109,128516,225854,0,0,0,0,0.0575474
76897,9,1,185217,47770,41791,137447,243952,0,0,0,0,0.0545992
76898,9,1,188975,48419,42162,140556,246495,0,0,0,0,0.0517001
76899,9,1,183205,47254,41326,135951,242778,0,0,0,0,0.0539481
76900,9,2,209526,54400,46738,155113,279571,1,0,0,0,0.131923
76901,9,2,159199,40991,35497,118195,211595,1,0,0,0,0.127425
76902,9,1,178497,46660,40349,131837,242256,0,0,0,0,0.0556768
76903,9,2,170212,45369,39268,124831,238688,1,0,0,0,0.137806
76904,9,2,202595,53765,46508,148817,281506,1,0,0,0,0.126246
76905,9,2,206994,55895,48259,151086,295226,1,0,0,0,0.131511
76906,9,1,179820,46785,40621,133035,241575,0,0,0,0,0.0563364
76907,9,2,200547,52868,45607,147668,276753,1,0,0,0,0.136913
76908,9,2,209862,56168,48538,153681,295737,1,0,0,0,0.128689
76909,9,2,209473,55788,48126,153672,290779,1,0,0,0,0.17495
76910,9,2,209391,54350,46727,155028,279265,1,0,0,0,0.165357
76911,9,2,159148,40973,35488,118162,211482,1,0,0,0,0.139379
76912,9,2,177316,48149,42003,129155,255539,1,0,0,0,0.154882
76913,9,2,165947,44107,38000,121828,232356,1,0,0,0,0.165824
76914,9,2,202466,53720,46481,148733,281233,1,0,0,0,0.163251
76915,9,2,218680,59100,51497,159567,312147,1,0,0,0,0.178858
76916,9,1,182804,47009,41046,135795,239874,0,0,0,0,0.0726891
76917,9,2,161431,42163,36211,119255,220593,1,0,0,0,0.171325
76918,9,2,166673,43977,37973,122683,230654,1,0,0,0,0.129223
76919,9,2,209489,55785,48132,153691,290735,1,0,0,0,0.204434
76920,9,1,140492,35706,31318,104786,183609,0,0,0,0,0.0635239
76921,9,2,215190,58193,51075,156984,308390,1,0,0,0,0.147555
76922,9,2,187197,51299,44901,135886,272835,1,0,0,0,0.141488
76923,9,2,163977,43592,37867,120372,229651,1,0,0,0,0.201739
76924,9,2,163975,43172,37298,120790,226456,1,0,0,0,0.141221
76925,9,2,170421,45272,39355,125136,237877,1,0,0,0,0.147125
76926,9,1,178282,45957,39995,132325,235003,0,0,0,0,0.0839251
76927,9,2,163308,42566,37012,120732,222634,1,0,0,0,0.19079
76928,9,2,170311,45033,39125,125266,236871,1,0,0,0,0.184047
76929,9,2,165659,43561,37674,122086,228790,1,0,0,0,0.147802
76930,9,1,161139,41540,36514,119599,213930,0,0,0,0,0.0745771
76931,9,2,211620,56851,49214,154756,300501,1,0,0,0,0.159398
76932,9,2,205573,55009,47847,150551,290742,1,0,0,0,0.18312
76933,9,2,208382,56122,48793,152247,296658,1,0,0,0,0.206312
76934,9,2,166367,44292,38890,122063,233151,1,0,0,0,0.185118
76935,9,2,170135,45506,39935,124617,239909,1,0,0,0,0.142514
76936,9,1,165824,43150,37379,122674,224816,0,0,0,0,0.0633541
76937,9,1,162099,41882,36347,120217,217548,0,0,0,0,0.0577015
76938,9,1,166961,42692,37174,124269,219718,0,0,0,0,0.0553381
76939,9,2,211817,55795,48503,156009,292758,1,0,0,0,0.141174
76940,9,1,142757,35508,30911,107249,178580,0,0,0,0,0.0480707
76941,9,1,142952,35954,31036,106998,184887,0,0,0,0,0.053075
76942,9,1,146132,36964,31835,109168,191395,0,0,0,0,0.0775512
76943,9,2,158484,41574,35674,116898,218006,1,0,0,0,0.159498
76944,9,2,193628,50360,43746,143255,261546,1,0,0,0,0.13881
76945,9,1,163558,42395,36951,121163,220214,0,0,0,0,0.0586489
76946,9,1,190784,49739,43540,141045,255083,0,0,0,0,0.0618825
76947,9,2,162990,42919,37529,120061,225350,1,0,0,0,0.156325
76948,9,1,160175,41248,35889,118927,214203,0,0,0,0,0.0621113
76949,9,1,155535,39472,34004,116063,203247,0,0,0,0,0.0633805
76950,9,1,141250,35808,30803,105442,182950,0,0,0,0,0.0703031
76951,9,1,149126,37316,32045,111810,190874,0,0,0,0,0.060125
76952,9,1,150238,37829,32890,112409,195291,0,0,0,0,0.0692587
76953,9,2,161612,42866,36644,118734,226248,1,0,0,0,0.167513
76954,9,2,207485,54464,47299,153009,285904,1,0,0,0,0.169707
76955,9,2,194113,52333,45664,141768,276703,1,0,0,0,0.138899
76956,9,1,194176,50233,43930,143943,256467,0,0,0,0,0.0571183
76957,9,2,164066,43274,37466,120779,227345,1,0,0,0,0.136726
76958,9,1,164126,42005,36419,122121,216413,0,0,0,0,0.0495599
76959,9,1,165561,42185,36228,123376,218707,0,0,0,0,0.054401
76960,9,2,218021,57920,50288,160088,301347,1,0,0,0,0.150334
76961,9,2,205384,54890,47719,150482,289885,1,0,0,0,0.141461
76962,9,1,159036,40371,35066,118665,208639,0,0,0,0,0.0536206
76963,9,2,165240,44269,37911,120958,233894,1,0,0,0,0.146616
76964,9,1,149399,38299,33033,111100,198449,0,0,0,0,0.0504688
76965,9,1,183359,47650,41334,135709,246714,0,0,0,0,0.0514908
76966,9,2,223568,60367,52507,163188,319496,1,0,0,0,0.13539
76967,9,2,168290,44685,38834,123592,235224,1,0,0,0,0.123068
76968,9,2,169496,45015,39082,124469,237423,1,0,0,0,0.123269
76969,9,1,168185,43068,37128,125117,223321,0,0,0,0,0.0524525
76970,9,1,135589,35037,30302,100552,181419,0,0,0,0,0.045426
76971,9,1,152645,37868,32591,114777,191013,0,0,0,0,0.0481159
76972,9,1,148174,37610,32343,110564,194530,0,0,0,0,0.0913798
76973,9,2,162516,43070,37121,119434,227387,1,0,0,0,0.164261
76974,9,2,180239,47953,41770,132275,251916,1,0,0,0,0.177024
76975,9,2,167810,44074,38167,123723,231220,1,0,0,0,0.132343
76976,9,1,187100,48687,42781,138413,250979,0,0,0,0,0.0650019
76977,9,2,206040,54240,47229,151788,284400,1,0,0,0,0.155372
76978,9,2,212401,55956,48634,156432,293900,1,0,0,0,0.139398
76979,9,1,164814,42068,36426,122746,218345,0,0,0,0,0.0556922
76980,9,2,214041,57325,49449,156703,299417,1,0,0,0,0.164089
76981,9,2,210793,56983,49527,153798,301603,1,0,0,0,0.159409
76982,9,1,157479,39945,34885,117534,205626,0,0,0,0,0.0548207
76983,9,2,165340,44113,37919,121214,232899,1,0,0,0,0.156942
76984,9,2,187392,50659,44121,136721,267400,1,0,0,0,0.143392
76985,9,2,177299,47359,41110,129928,249732,1,0,0,0,0.128429
76986,9,2,220672,59470,51739,161189,314404,1,0,0,0,0.133948
76987,9,2,213599,57025,49725,156561,300501,1,0,0,0,0.137168
76988,9,2,166691,44245,38181,122434,233541,1,0,0,0,0.121415
76989,9,1,168547,43271,37344,125276,224573,0,0,0,0,0.0528024
76990,9,2,211146,56648,48718,154485,295793,1,0,0,0,0.160796
76991,9,2,215299,57751,49725,157536,301240,1,0,0,0,0.150733
76992,9,1,142763,36190,32044,106573,185199,0,0,0,0,0.0456635
76993,9,1,142775,36210,32089,106565,185305,0,0,0,0,0.0450879
76994,9,1,141785,35533,31040,106252,179127,0,0,0,0,0.0470303
76995,9,2,175336,47030,40378,128294,245217,1,0,0,0,0.124578
76996,9,2,175405,47043,40390,128350,245280,1,0,0,0,0.125453
76997,9,2,218720,58638,50935,160069,306430,1,0,0,0,0.135918
76998,9,2,218682,58636,50936,160033,306428,1,0,0,0,0.161125
76999,9,1,161973,41373,35495,120600,213241,0,0,0,0,0.075462
78960,9,1,133384,36100,31062,97284,191062,0,0,0,0,0.0595096
78961,9,1,152171,40883,35273,111288,215987,0,0,0,0,0.0647003
78964,9,1,163213,43322,37831,119891,227229,0,0,0,0,0.0592427
78969,9,1,153669,40804,35526,112865,214697,0,0,0,0,0.0940132
78970,9,1,145468,38231,33206,107237,198705,0,0,0,0,0.0683512
78971,9,2,216351,59458,51728,156880,315119,1,0,0,0,0.144667
78974,9,2,221618,59514,52329,162091,313247,1,0,0,0,0.149354
78979,9,1,164973,43107,37459,121866,223069,0,0,0,0,0.0698335
78980,9,1,153273,39868,34544,113405,207960,0,0,0,0,0.0599321
78981,9,2,273444,74129,64760,199302,390591,1,0,0,0,0.166956
78984,9,2,257510,70192,61356,187305,370729,1,0,0,0,0.163009
78989,9,1,161225,41548,36033,119677,213985,0,0,0,0,0.0512822
78990,9,1,153039,39825,34532,113214,207750,0,0,0,0,0.0521506
78991,9,2,273107,73730,64220,199364,387709,1,0,0,0,0.168348
78994,9,2,255598,69684,60633,185901,368341,1,0,0,0,0.177118
78999,9,1,147344,37796,32627,109548,194968,0,0,0,0,0.0539416
79000,9,2,239808,64698,56612,175098,340684,1,0,0,0,0.163692
79001,9,2,242238,65153,56908,177073,342678,1,0,0,0,0.159853
79004,9,2,247945,68004,59131,179928,359586,1,0,0,0,0.168725
79009,9,1,139381,35692,30808,103689,184411,0,0,0,0,0.0526806
79030,9,1,136221,34860,29947,101361,179320,0,0,0,0,0.0562852
79031,9,1,156287,40316,35065,115971,207891,0,0,0,0,0.0583749
79034,9,1,168909,43822,38348,125087,224987,0,0,0,0,0.0540892
79039,9,1,158248,40876,35495,117372,211297,0,0,0,0,0.0790658
79040,9,1,168229,46227,39657,122002,244211,0,0,0,0,0.0555553
79041,9,1,185654,50048,43857,135606,261967,0,0,0,0,0.0564909
79044,9,1,175754,47462,41015,128292,249460,0,0,0,0,0.0605906
79049,9,1,169492,43377,37482,126115,221997,0,0,0,0,0.0578639
79050,9,1,168193,46222,39657,121971,244205,0,0,0,0,0.0683385
79051,9,1,196739,53182,46617,143557,277912,0,0,0,0,0.0593024
79054,9,1,174908,47284,41111,127624,248791,0,0,0,0,0.0622379
79059,9,1,153767,39024,33746,114743,200011,0,0,0,0,0.0535734
79060,9,2,354070,95536,82939,258522,500551,1,0,0,0,0.176242
79061,9,2,272318,74967,65538,197338,396020,1,0,0,0,0.152507
79064,9,1,169083,45163,38977,123920,236408,0,0,0,0,0.0573175
79069,9,1,142016,35990,31078,106026,184515,0,0,0,0,0.0504446
79090,9,1,145182,38845,33605,106337,204230,0,0,0,0,0.0475253
79091,9,2,247159,68255,59675,178892,362883,1,0,0,0,0.148529
79094,9,1,167238,44008,37981,123230,228075,0,0,0,0,0.052728
79099,9,1,171742,44725,38804,127017,230428,0,0,0,0,0.0564187
79100,9,1,145148,38814,33585,106334,204038,0,0,0,0,0.051533
79101,9,2,258074,70913,62217,187149,376202,1,0,0,0,0.152794
79104,9,1,175605,46056,39828,129549,238019,0,0,0,0,0.0531095
79109,9,1,175200,45511,39896,129689,233777,0,0,0,0,0.0515602
79110,9,1,157155,41104,36010,116051,213369,0,0,0,0,0.0462322
79111,9,1,166351,43306,38143,123045,223792,0,0,0,0,0.0469848
79114,9,1,182858,48486,41962,134372,251479,0,0,0,0,0.0587062
79119,9,1,182414,47386,41148,135028,242622,0,0,0,0,0.0571824
79140,9,1,153848,40114,34134,113734,209582,0,0,0,0,0.0595549
79141,9,1,158922,41736,36189,117186,218831,0,0,0,0,0.0586614
79144,9,1,185234,48757,42414,136477,251848,0,0,0,0,0.0580337
79149,9,2,249179,66091,57887,183076,344795,1,0,0,0,0.149465
79150,9,1,169781,45040,38925,124741,235438,0,0,0,0,0.057957
79151,9,1,157485,41272,35944,116213,215104,0,0,0,0,0.0517729
79154,9,2,189730,51799,45641,137918,274135,1,0,0,0,0.145524
79159,9,2,243294,64341,56103,178941,336280,1,0,0,0,0.176068
79180,9,1,174172,46013,39743,128159,239018,0,0,0,0,0.0564816
79181,9,1,149863,39219,34056,110644,204389,0,0,0,0,0.0532379
79184,9,2,191467,52061,45592,139393,274568,1,0,0,0,0.153237
79189,9,2,242538,63816,55770,178710,332620,1,0,0,0,0.185626
79230,9,1,169688,44066,38426,125622,229096,0,0,0,0,0.0770911
79231,9,1,173493,45049,38759,128444,232652,0,0,0,0,0.0580966
79232,9,1,164371,42704,36738,121667,222249,0,0,0,0,0.0560434
79233,9,1,161493,42055,35969,119438,219769,0,0,0,0,0.0566067
79234,9,1,175951,46477,40199,129474,242742,0,0,0,0,0.0560642
79235,9,1,181209,47576,41221,133633,247058,0,0,0,0,0.054967
79236,9,1,202994,53665,46986,149329,277053,0,0,0,0,0.0636598
79237,9,1,157741,41196,35547,116545,214999,0,0,0,0,0.0578628
79238,9,1,160466,41727,35740,118739,217051,0,0,0,0,0.0535426
79239,9,1,169490,44184,38109,125306,228624,0,0,0,0,0.0567232
79522,18,1,157033,42451,36427,114582,224808,0,0,0,0,0.0556953
79525,18,1,163303,43604,37368,119699,229428,0,0,0,0,0.0542346
79528,18,1,167711,44676,38788,123035,235066,0,0,0,0,0.058998
79532,18,1,167855,43898,38253,123957,227135,0,0,0,0,0.0506946
79535,18,1,173702,45331,39736,128371,233807,0,0,0,0,0.0516783
79538,18,1,170831,44100,38016,126731,227258,0,0,0,0,0.0577795
79542,18,2,271648,73972,64716,197663,392616,1,0,0,0,0.173266
79545,18,1,197228,53164,46316,144064,278503,0,0,0,0,0.0526175
79548,18,1,179212,46931,40544,132281,243205,0,0,0,0,0.049205
79552,18,2,273920,74551,65157,199356,395441,1,0,0,0,0.171272
79555,18,1,193219,51833,45101,141386,270958,0,0,0,0,0.0548611
79558,18,1,168703,44343,38245,124360,230878,0,0,0,0,0.0480235
79562,18,1,167641,43112,37351,124529,222390,0,0,0,0,0.0529704
79565,18,1,174317,46324,40338,127993,241344,0,0,0,0,0.0487916
79568,18,1,162268,43122,37512,119146,225485,0,0,0,0,0.0486842
79570,18,1,142298,36317,31876,105981,187967,0,0,0,0,0.0464876
79571,18,1,150808,38495,33737,112313,198614,0,0,0,0,0.0487122
79572,18,1,156007,40047,34969,115960,207560,0,0,0,0,0.0508681
79573,18,1,162242,42068,36823,120174,218944,0,0,0,0,0.0665442
79574,18,1,177069,46756,40853,130313,242772,0,0,0,0,0.054776
79575,18,1,167074,43982,38554,123092,228641,0,0,0,0,0.0513311
79576,18,1,183439,48394,42250,135045,251422,0,0,0,0,0.0560507
79577,18,1,155705,41022,35686,114683,214159,0,0,0,0,0.0491785
79578,18,1,165432,43264,37277,122168,225261,0,0,0,0,0.0518396
79579,18,1,150566,39036,33467,111530,203286,0,0,0,0,0.0519508
79592,18,1,161813,42265,36835,119548,219333,0,0,0,0,0.0508529
79595,18,1,169415,44429,38771,124986,230599,0,0,0,0,0.0509636
79598,18,1,172996,45170,39155,127826,234101,0,0,0,0,0.0543959
79602,18,1,181821,48999,42932,132822,257021,0,0,0,0,0.050269
79605,18,1,185199,49636,43045,135563,260096,0,0,0,0,0.0538302
79608,18,1,190997,51254,44010,139743,267510,0,0,0,0,0.0594978
79612,18,1,189857,51042,44598,138815,266784,0,0,0,0,0.0539421
79615,18,1,187067,50224,43762,136843,263909,0,0,0,0,0.0521675
79618,18,1,180372,48657,41784,131715,255247,0,0,0,0,0.0708835
79622,18,1,192085,51571,44646,140514,270143,0,0,0,0,0.066201
79625,18,2,281173,77844,67886,203317,413224,1,0,0,0,0.160427
79628,18,1,185032,50063,43488,134969,263065,0,0,0,0,0.0537431
79630,18,1,183661,49708,43268,133953,261235,0,0,0,0,0.0573294
79631,18,1,193736,51956,45184,141780,271238,0,0,0,0,0.0515864
79632,18,1,201166,54296,47033,146870,283779,0,0,0,0,0.0540818
79633,18,1,195773,53924,47361,141849,285355,0,0,0,0,0.0848142
79634,18,1,181753,48575,42169,133178,254769,0,0,0,0,0.0770684
79635,18,1,179405,47776,41450,131629,249730,0,0,0,0,0.0531829
79636,18,1,200782,54649,46821,146133,287108,0,0,0,0,0.0571576
79637,18,1,177071,47278,40708,129793,246316,0,0,0,0,0.0558324
79638,18,1,185239,50449,43510,134790,265340,0,0,0,0,0.0556721
79639,18,1,172106,46634,40258,125472,245169,0,0,0,0,0.0586419
79652,18,1,158034,41503,36151,116531,217042,0,0,0,0,0.0480792
79655,18,1,172706,45778,39467,126928,238710,0,0,0,0,0.0516854
79658,18,1,189107,51111,44386,137996,268162,0,0,0,0,0.0535311
79662,18,1,171970,45420,39537,126550,237134,0,0,0,0,0.0530206
79665,18,1,181024,47934,41132,133090,249568,0,0,0,0,0.0548749
79668,18,1,196550,52970,45857,143580,276642,0,0,0,0,0.0655147
79672,18,1,170228,44649,38591,125579,231667,0,0,0,0,0.0506847
79675,18,1,188707,50063,43293,138644,261011,0,0,0,0,0.0575322
79678,18,1,198282,53326,46375,144956,278809,0,0,0,0,0.0628747
79680,18,1,156878,41010,35812,115868,213278,0,0,0,0,0.045426
79681,18,1,166202,43669,38171,122533,227152,0,0,0,0,0.0465662
79682,18,1,176875,47131,41037,129744,247408,0,0,0,0,0.0505413
79684,18,1,158608,41394,35489,117214,215154,0,0,0,0,0.0483446
79685,18,1,177673,47341,41047,130332,247101,0,0,0,0,0.0523198
79686,18,1,185405,49507,42912,135898,258709,0,0,0,0,0.050585
79687,18,1,186565,50052,43607,136513,262086,0,0,0,0,0.0761583
79688,18,2,272490,75110,65881,197368,398408,1,0,0,0,0.15158
79689,18,2,250992,68466,60071,182513,361511,1,0,0,0,0.148218
79693,18,1,169297,45218,39655,124079,237706,0,0,0,0,0.0657806
79702,18,1,181147,48321,41815,132826,252716,0,0,0,0,0.0516127
79705,18,1,182812,49094,42379,133718,257325,0,0,0,0,0.0685318
79708,18,1,173775,46448,40214,127327,243805,0,0,0,0,0.0752566
79712,18,1,167202,43953,38185,123249,229444,0,0,0,0,0.0483152
79715,18,1,189247,50501,43847,138746,263899,0,0,0,0,0.0522471
79718,18,1,170489,45454,39794,125035,238519,0,0,0,0,0.0513418
79720,18,1,172095,45450,39385,126645,237535,0,0,0,0,0.0582611
79721,18,1,175315,46032,39715,129283,240358,0,0,0,0,0.0524583
79722,18,1,183680,49174,42795,134506,258389,0,0,0,0,0.0526905
79724,18,1,190964,50515,43344,140449,262550,0,0,0,0,0.0556166
79725,18,1,212416,57513,49859,154903,301601,0,0,0,0,0.0615404
79728,18,1,182870,48847,42408,134023,255865,0,0,0,0,0.0528158
79729,18,1,182073,48663,42288,133410,254137,0,0,0,0,0.050939
79733,18,1,184027,49352,42905,134675,258924,0,0,0,0,0.057446
79736,18,1,192981,52614,45507,140367,277339,0,0,0,0,0.0545532
79737,18,1,179467,48241,41882,131226,253617,0,0,0,0,0.0577883
79742,18,1,159883,41377,35998,118506,214106,0,0,0,0,0.0462714
79745,18,1,195293,52374,45668,142919,273489,0,0,0,0,0.0540456
79748,18,1,168036,43889,38309,124147,228198,0,0,0,0,0.0506621
79750,18,1,175412,45899,39755,129513,238649,0,0,0,0,0.0708242
79751,18,1,166871,43485,37384,123386,226256,0,0,0,0,0.0683564
79754,18,1,182911,48392,41677,134519,252296,0,0,0,0,0.0769569
79759,18,1,180526,48010,41949,132516,249967,0,0,0,0,0.0626778
79762,18,1,178004,47386,41007,130618,248489,0,0,0,0,0.0499816
79763,18,1,162641,42948,37289,119693,224696,0,0,0,0,0.0496851
79765,18,1,213136,57992,50580,155144,305064,0,0,0,0,0.055042
79766,18,1,195794,53141,46083,142653,279695,0,0,0,0,0.0545685
79767,18,1,169547,45097,39213,124450,236531,0,0,0,0,0.0640865
79768,18,1,173664,45814,39936,127850,239356,0,0,0,0,0.0621672
79780,18,1,174070,45889,39570,128181,239849,0,0,0,0,0.063985
79781,18,1,162640,42444,36148,120196,220057,0,0,0,0,0.0596474
79782,18,1,157295,41117,35035,116178,214347,0,0,0,0,0.0700539
79783,18,1,141705,36760,32224,104945,191775,0,0,0,0,0.0652001
79784,18,1,176580,46921,40347,129659,245773,0,0,0,0,0.0491556
79785,18,1,183659,48854,42043,134805,254665,0,0,0,0,0.0503677
79786,18,1,190898,50695,44399,140203,263086,0,0,0,0,0.0518944
79787,18,1,149810,38793,33331,111017,201771,0,0,0,0,0.050718
79788,18,1,157928,41119,36044,116809,214069,0,0,0,0,0.0482502
79789,18,1,163633,42612,37453,121021,220653,0,0,0,0,0.0470706
