20010,9,1,146958,38527,32913,108431,200383,0,0,0,0,0.0577823
20011,9,2,239726,62210,53725,177503,321078,1,0,0,0,0.1691
20014,9,2,201984,53086,45618,148885,277258,1,0,0,0,0.151164
20019,9,2,203151,52909,45692,150229,275475,1,0,0,0,0.151694
20020,9,1,146826,38514,32917,108312,200338,0,0,0,0,0.0541823
20021,9,2,198930,51759,44326,147159,268623,1,0,0,0,0.14611
20024,9,2,202567,53423,45633,149132,279500,1,0,0,0,0.136499
20029,9,2,206110,54280,46994,151817,283801,1,0,0,0,0.151373
20030,9,2,205166,53616,45659,151537,278623,1,0,0,0,0.1697
20031,9,2,205396,53772,45764,151611,279776,1,0,0,0,0.171327
20034,9,2,206667,54794,46451,151861,286700,1,0,0,0,0.163238
20039,9,2,204315,54060,46463,150243,282994,1,0,0,0,0.168161
20060,9,1,132372,34674,29991,97698,180409,0,0,0,0,0.0741057
20061,9,1,128616,33670,29010,94946,176176,0,0,0,0,0.0546761
20064,9,2,240075,63910,54698,176152,334404,1,0,0,0,0.184608
20069,9,2,245321,64843,56256,180465,337786,1,0,0,0,0.213819
20070,9,2,240996,63394,54502,177590,329925,1,0,0,0,0.225218
20071,9,2,236156,61998,53095,174145,322960,1,0,0,0,0.172109
20074,9,2,197939,52035,44343,145891,271711,1,0,0,0,0.157631
20079,9,2,199503,52063,44422,147427,271344,1,0,0,0,0.175242
20100,9,2,248310,64943,55761,183355,336683,1,0,0,0,0.249158
20101,9,2,241757,63664,54505,178081,331584,1,0,0,0,0.151265
20104,9,2,199876,52395,44571,147468,273265,1,0,0,0,0.140394
20109,9,2,197828,51394,43677,146421,267532,1,0,0,0,0.142456
20150,9,1,152023,40298,35052,111725,209582,0,0,0,0,0.105399
20151,9,1,168617,44127,38285,124490,227496,0,0,0,0,0.105578
20152,9,1,152341,39820,34519,112521,205590,0,0,0,0,0.0714556
20153,9,1,141614,36940,31696,104674,191543,0,0,0,0,0.072051
20154,9,1,161097,42015,36675,119082,217417,0,0,0,0,0.0647015
20155,9,1,165575,43367,37669,122208,224346,0,0,0,0,0.0923937
20156,9,1,164212,43166,37613,121046,223657,0,0,0,0,0.0900073
20157,9,1,160799,41800,36197,118999,216622,0,0,0,0,0.093648
20158,9,1,162808,42024,36067,120784,216382,0,0,0,0,0.0860167
20159,9,1,153682,40049,34471,113633,207314,0,0,0,0,0.0816849
20442,18,1,135102,35063,30016,100039,181830,0,0,0,0,0.0637078
20445,18,1,146510,38450,33228,108060,199575,0,0,0,0,0.0605743
20448,18,1,151888,39650,34367,112238,205053,0,0,0,0,0.0673625
20452,18,1,153231,40014,34717,113217,207443,0,0,0,0,0.0667169
20455,18,2,203700,53673,46224,150014,280283,1,0,0,0,0.141913
20458,18,2,200664,52765,45315,147886,275003,1,0,0,0,0.143775
20462,18,1,156700,41124,35783,115576,213880,0,0,0,0,0.0504295
20465,18,2,164910,43689,37510,121208,228279,1,0,0,0,0.120882
20468,18,2,204700,54442,47056,150245,285352,1,0,0,0,0.133149
20472,18,2,201062,53582,45860,147467,280703,1,0,0,0,0.143729
20475,18,2,160070,41820,35884,118237,217342,1,0,0,0,0.116201
20478,18,1,162494,42765,36898,119729,221943,0,0,0,0,0.0464211
20482,18,2,290234,76730,66022,213493,399886,1,0,0,0,0.176185
20485,18,2,323532,86833,75014,236687,454425,1,0,0,0,0.154479
20488,18,2,314793,83781,71997,231000,437501,1,0,0,0,0.14869
20490,18,1,146119,37958,32697,108161,197207,0,0,0,0,0.0456976
20491,18,1,153756,39692,34494,114064,205097,0,0,0,0,0.0523333
20492,18,1,158436,40753,35422,117683,209977,0,0,0,0,0.0532037
20493,18,1,159333,42663,36997,116670,223352,0,0,0,0,0.0723783
20494,18,1,183397,49037,42515,134360,255471,0,0,0,0,0.0542218
20495,18,1,170260,44931,39039,125329,233086,0,0,0,0,0.0509026
20496,18,1,190853,52111,45030,138742,273612,0,0,0,0,0.0575173
20497,18,1,165634,43558,37817,122076,225472,0,0,0,0,0.0503762
20498,18,1,166424,44332,38508,122092,231050,0,0,0,0,0.0566024
20499,18,1,146434,38659,33098,107775,201502,0,0,0,0,0.0531108
20512,18,1,166297,43426,37580,122871,224449,0,0,0,0,0.0506908
20515,18,2,207002,54191,46512,152798,282249,1,0,0,0,0.135676
20518,18,2,205278,53912,46239,151353,280695,1,0,0,0,0.140547
20522,18,1,163392,42939,37376,120453,222979,0,0,0,0,0.0515666
20525,18,2,168250,44215,37718,124022,230370,1,0,0,0,0.117738
20528,18,2,208709,55281,47694,153415,288764,1,0,0,0,0.127449
20532,18,2,205869,54281,46330,151575,283555,1,0,0,0,0.142539
20535,18,2,162698,42394,36013,120291,219997,1,0,0,0,0.112721
20538,18,2,257144,68258,58824,188873,356665,1,0,0,0,0.139949
20542,18,2,291078,76948,66154,214119,400460,1,0,0,0,0.165605
20545,18,2,323660,87495,75527,236153,458051,1,0,0,0,0.175724
20548,18,2,311691,83509,71710,228170,436484,1,0,0,0,0.165067
20550,18,1,153831,39693,34441,114138,205155,0,0,0,0,0.047477
20551,18,1,159797,41242,36043,118555,212317,0,0,0,0,0.047206
20552,18,1,158020,40624,35386,117396,209237,0,0,0,0,0.0487091
20553,18,1,169471,45558,39564,123913,238377,0,0,0,0,0.0686514
20554,18,1,192923,51925,44870,140998,270798,0,0,0,0,0.053477
20555,18,1,177742,47189,40933,130553,244469,0,0,0,0,0.0479443
20556,18,1,198228,54134,46772,144094,283435,0,0,0,0,0.0575427
20557,18,1,165438,43504,37778,121934,225133,0,0,0,0,0.0479604
20558,18,1,172767,46030,40015,126737,239280,0,0,0,0,0.0518475
20559,18,1,151555,40083,34619,111472,208694,0,0,0,0,0.051245
20572,18,1,162918,42530,37263,120388,219643,0,0,0,0,0.0484116
20575,18,1,182466,49260,43056,133206,258033,0,0,0,0,0.0484312
20578,18,1,177926,47518,41571,130408,247895,0,0,0,0,0.0491749
20582,18,2,299191,78812,68161,220366,407470,1,0,0,0,0.164802
20585,18,2,213115,57214,49043,155888,300370,1,0,0,0,0.126654
20588,18,2,211141,56442,48881,154686,295863,1,0,0,0,0.125931
20592,18,1,172031,44405,38308,127626,226355,0,0,0,0,0.0512151
20595,18,2,218734,58841,50940,159880,309008,1,0,0,0,0.130371
20598,18,2,218843,58538,50436,160292,307307,1,0,0,0,0.126589
20600,18,1,158857,41055,35782,117802,211887,0,0,0,0,0.0517195
20601,18,1,158518,41026,35749,117492,211898,0,0,0,0,0.0527678
20602,18,1,152044,39183,33913,112861,202728,0,0,0,0,0.0530527
20604,18,2,204094,54245,46249,149836,283723,1,0,0,0,0.128318
20605,18,2,214941,58432,50427,156496,308003,1,0,0,0,0.155175
20606,18,2,212985,57683,49689,155289,303709,1,0,0,0,0.175759
20607,18,2,212759,57368,49373,155378,301735,1,0,0,0,0.158484
20608,18,2,215138,58121,50158,157004,305957,1,0,0,0,0.168132
20609,18,2,205979,54635,46855,151331,285795,1,0,0,0,0.176545
20613,18,1,172778,45562,39471,127216,236270,0,0,0,0,0.0709525
20622,18,1,170425,45799,39593,124626,237709,0,0,0,0,0.05443
20625,18,1,169952,46077,40315,123875,240246,0,0,0,0,0.0782465
20628,18,1,167448,45142,39526,122306,235026,0,0,0,0,0.0705477
20632,18,1,157070,41349,35897,115721,214387,0,0,0,0,0.0490922
20635,18,1,174079,46987,41377,127092,245737,0,0,0,0,0.0551779
20638,18,1,168522,44808,38835,123714,233214,0,0,0,0,0.0504891
20640,18,1,159834,42962,37184,116872,224487,0,0,0,0,0.085736
20641,18,1,172283,45985,39545,126298,239925,0,0,0,0,0.0653378
20642,18,1,177552,47296,40896,130256,245232,0,0,0,0,0.0601492
20644,18,1,169352,44818,38835,124534,233071,0,0,0,0,0.0581849
20645,18,1,182345,48463,42066,133882,252057,0,0,0,0,0.0710083
20648,18,1,183072,49085,42213,133987,256262,0,0,0,0,0.0623485
20649,18,1,168746,44790,38812,123956,233078,0,0,0,0,0.0574077
20653,18,1,168485,44406,38279,124079,230364,0,0,0,0,0.0743906
20656,18,2,315959,85583,73557,230363,450048,1,0,0,0,0.184044
20657,18,2,321008,85555,73849,235440,447130,1,0,0,0,0.200225
20662,18,1,149941,38499,33393,111442,197728,0,0,0,0,0.0693878
20665,18,1,169435,45069,39592,124366,234519,0,0,0,0,0.0524512
20668,18,1,161841,42358,36892,119483,219417,0,0,0,0,0.0698138
20670,18,1,165077,44370,38670,120707,231591,0,0,0,0,0.0807972
20671,18,1,179140,47571,40766,131569,246654,0,0,0,0,0.0613005
20674,18,1,173368,46075,39933,127293,239554,0,0,0,0,0.0554261
20679,18,1,168733,44802,38815,123931,233184,0,0,0,0,0.0762729
20682,18,1,163116,42777,36891,120339,220970,0,0,0,0,0.05506
20683,18,1,154378,40145,34694,114233,207857,0,0,0,0,0.0688621
20685,18,1,174976,46111,39840,128865,239275,0,0,0,0,0.0782967
20686,18,1,172504,45659,39504,126845,237911,0,0,0,0,0.0678084
20687,18,1,175949,46757,40711,129192,243578,0,0,0,0,0.0559155
20688,18,1,171475,45401,39220,126074,236340,0,0,0,0,0.0725977
20700,18,1,162906,42716,37108,120190,220905,0,0,0,0,0.094384
20701,18,1,182816,47765,41046,135051,245102,0,0,0,0,0.0640996
20702,18,1,171356,44867,38625,126489,230996,0,0,0,0,0.0591736
20703,18,1,142812,36817,31414,105995,190326,0,0,0,0,0.0582178
20704,18,1,182141,48356,41948,133785,250773,0,0,0,0,0.0607215
20705,18,1,183821,48797,42210,135024,252905,0,0,0,0,0.0597649
20706,18,1,164746,42748,37269,121998,219917,0,0,0,0,0.0548749
20707,18,1,170858,44247,38378,126611,227271,0,0,0,0,0.0612314
20708,18,1,186497,49635,43041,136862,256836,0,0,0,0,0.062685
20709,18,1,176901,47244,41054,129657,245523,0,0,0,0,0.0561137
22120,9,1,117916,30082,25590,87834,156313,0,0,0,0,0.0509713
22121,9,1,138173,36017,31310,102156,188304,0,0,0,0,0.0529522
22124,9,1,151214,39585,34744,111629,205708,0,0,0,0,0.0501128
22129,9,1,139845,35939,31340,103906,187110,0,0,0,0,0.0696541
22130,9,1,147089,38055,32587,109034,197931,0,0,0,0,0.0541966
22131,9,1,160909,42215,36752,118694,219643,0,0,0,0,0.0540783
22134,9,1,165885,43503,37801,122382,224904,0,0,0,0,0.0537724
22139,9,1,164908,42461,37170,122447,219192,0,0,0,0,0.0727431
22140,9,1,140386,36443,31698,103943,189742,0,0,0,0,0.0507417
22141,9,2,188274,49616,42811,138645,259182,1,0,0,0,0.171058
22144,9,2,251057,67975,58902,183071,357200,1,0,0,0,0.171576
22149,9,1,164080,42660,37088,121420,220322,0,0,0,0,0.0727174
22150,9,1,140562,36496,31734,104066,190043,0,0,0,0,0.0637582
22151,9,2,193520,50892,44026,142615,265491,1,0,0,0,0.158023
22154,9,2,253519,68481,58643,185027,359646,1,0,0,0,0.178279
22159,9,1,154381,39872,34519,114509,206685,0,0,0,0,0.0601044
22160,9,2,250997,66843,57199,184141,349972,1,0,0,0,0.17049
22161,9,2,253230,67164,57595,186053,351019,1,0,0,0,0.179359
22164,9,2,261606,71109,60648,190486,373782,1,0,0,0,0.171642
22169,9,1,149106,38773,33460,110333,201585,0,0,0,0,0.0542705
22190,9,1,128865,33417,28959,95448,174312,0,0,0,0,0.0476244
22191,9,2,234768,61984,53199,172771,324566,1,0,0,0,0.135909
22194,9,2,243472,64183,55536,179276,334371,1,0,0,0,0.137729
22199,9,1,155876,39869,34819,116007,205967,0,0,0,0,0.0689022
22200,9,1,159714,42319,36337,117395,221263,0,0,0,0,0.0687591
22201,9,2,168647,45069,38386,123565,236382,1,0,0,0,0.185361
22204,9,1,156811,41244,36213,115567,214902,0,0,0,0,0.0679535
22209,9,1,183034,48223,42163,134811,248930,0,0,0,0,0.0797833
22210,9,1,159676,42328,36351,117348,221359,0,0,0,0,0.0549384
22211,9,2,173138,46183,39589,126942,241949,1,0,0,0,0.179072
22214,9,1,153830,40463,35308,113367,210971,0,0,0,0,0.0518854
22219,9,1,166201,43734,38115,122467,227166,0,0,0,0,0.0533458
22220,9,2,222120,60501,52101,161606,319667,1,0,0,0,0.137597
22221,9,2,225455,60764,52533,164678,319788,1,0,0,0,0.143589
22224,9,1,140771,37232,32555,103539,194638,0,0,0,0,0.0495818
22229,9,1,156973,41469,35540,115504,216172,0,0,0,0,0.0572681
22250,9,1,149653,39499,33778,110154,206324,0,0,0,0,0.0511514
22251,9,2,242180,63834,54983,178333,332679,1,0,0,0,0.147378
22254,9,1,167101,43761,37479,123340,227832,0,0,0,0,0.0748481
22259,9,2,252994,66995,57610,185987,349405,1,0,0,0,0.20063
22260,9,1,149444,39451,33735,109993,206068,0,0,0,0,0.0645538
22261,9,2,252196,66934,57927,185250,349148,1,0,0,0,0.172882
22264,9,1,168523,43978,37792,124545,228412,0,0,0,0,0.0708497
22269,9,2,252168,67195,57855,184961,351708,1,0,0,0,0.189379
22270,9,2,211920,56903,48933,155006,299356,1,0,0,0,0.174566
22271,9,2,212626,56588,48851,156027,296282,1,0,0,0,0.187545
22274,9,2,263205,69164,59123,194029,361090,1,0,0,0,0.208688
22279,9,2,246033,65457,56060,180564,342495,1,0,0,0,0.203572
22300,9,1,139822,36324,31493,103498,188500,0,0,0,0,0.0757599
22301,9,2,235293,61440,52794,173841,319861,1,0,0,0,0.200106
22304,9,1,171056,44849,38860,126207,232807,0,0,0,0,0.0631526
22309,9,1,150603,38378,33241,112225,195256,0,0,0,0,0.0657944
22310,9,2,199677,52272,44720,147392,272589,1,0,0,0,0.17501
22311,9,2,244171,63817,54859,180342,331698,1,0,0,0,0.205089
22314,9,2,270441,70632,60687,199796,366845,1,0,0,0,0.175836
22319,9,1,145071,37021,32128,108050,190668,0,0,0,0,0.0597276
22340,9,2,206369,54233,46286,152123,283094,1,0,0,0,0.183729
22341,9,2,246757,64884,55449,181861,338459,1,0,0,0,0.172609
22344,9,2,269058,70941,61127,198104,370374,1,0,0,0,0.204688
22349,9,1,141983,36535,31956,105448,189264,0,0,0,0,0.0599578
22390,9,1,159207,41330,35666,117877,213342,0,0,0,0,0.0821802
22391,9,1,173700,45113,38675,128587,231361,0,0,0,0,0.083199
22392,9,1,160931,41722,35769,119209,214577,0,0,0,0,0.0596499
22393,9,1,150157,39044,33291,111113,201744,0,0,0,0,0.0585905
22394,9,1,169671,44277,38961,125394,229134,0,0,0,0,0.0561987
22395,9,1,180577,47194,41475,133383,243546,0,0,0,0,0.0782599
22396,9,1,186445,48768,42690,137677,250803,0,0,0,0,0.0809137
22397,9,1,150954,39018,33725,111936,202269,0,0,0,0,0.0694715
22398,9,1,149272,38589,33102,110683,199268,0,0,0,0,0.0537694
22399,9,1,149005,38531,33075,110474,199022,0,0,0,0,0.0669722
22682,18,1,138657,35737,30775,102920,186025,0,0,0,0,0.0764873
22685,18,1,149296,38787,33487,110509,201979,0,0,0,0,0.0645842
22688,18,1,150137,39051,33945,111086,203919,0,0,0,0,0.0546645
22692,18,1,167052,43857,37964,123195,228715,0,0,0,0,0.0679383
22695,18,1,169805,44265,38395,125540,229296,0,0,0,0,0.0774011
22698,18,1,171759,45037,39437,126722,234546,0,0,0,0,0.080507
22702,18,1,138796,35525,31027,103271,184077,0,0,0,0,0.0491821
22705,18,2,215578,58346,50414,157219,307891,1,0,0,0,0.137438
22708,18,2,211741,56405,48833,155323,296555,1,0,0,0,0.147116
22712,18,1,151330,39105,34010,112225,202743,0,0,0,0,0.0972503
22715,18,2,213489,57944,49969,155532,305837,1,0,0,0,0.161025
22718,18,2,206199,54873,47484,151313,288483,1,0,0,0,0.136434
22722,18,1,151258,39150,34040,112108,203692,0,0,0,0,0.0536396
22725,18,1,170782,45325,39615,125457,237629,0,0,0,0,0.0657842
22728,18,1,162655,42630,36905,120025,222686,0,0,0,0,0.0722319
22730,18,1,145256,37822,33280,107434,197171,0,0,0,0,0.0693358
22731,18,1,151965,39106,34466,112859,202416,0,0,0,0,0.0583321
22732,18,1,158247,40101,34365,118146,205144,0,0,0,0,0.0511877
22733,18,1,150776,39361,34696,111415,205713,0,0,0,0,0.0820202
22734,18,1,169963,44847,39338,125116,234005,0,0,0,0,0.0567343
22735,18,1,169040,44433,38856,124607,231553,0,0,0,0,0.0564051
22736,18,1,179343,47777,41970,131566,249485,0,0,0,0,0.073321
22737,18,1,158744,41352,36085,117392,214172,0,0,0,0,0.0649484
22738,18,1,154711,40847,35746,113864,213617,0,0,0,0,0.0516555
22739,18,1,140051,36003,31044,104048,187067,0,0,0,0,0.0598601
22752,18,2,235030,61643,53017,173375,322181,1,0,0,0,0.173001
22755,18,2,246908,64817,56106,182079,337998,1,0,0,0,0.140315
22758,18,1,168332,44165,38755,124167,229364,0,0,0,0,0.0642468
22762,18,1,174571,46449,40370,128122,242808,0,0,0,0,0.053419
22765,18,1,183603,49344,43184,134259,259074,0,0,0,0,0.0521783
22768,18,1,180802,47540,41453,133262,246338,0,0,0,0,0.0533474
22772,18,1,179039,47833,41878,131206,249664,0,0,0,0,0.0487712
22775,18,1,178335,47863,41830,130472,251548,0,0,0,0,0.0495829
22778,18,1,174467,46188,40115,128279,240711,0,0,0,0,0.0481651
22782,18,1,171632,45601,39611,126031,237457,0,0,0,0,0.048998
22785,18,2,225134,61586,53285,163535,325581,1,0,0,0,0.132586
22788,18,2,220280,60120,51973,160147,317651,1,0,0,0,0.156152
22790,18,1,168907,44734,39123,124173,233859,0,0,0,0,0.0591509
22791,18,1,178933,47420,41294,131513,246732,0,0,0,0,0.0490833
22792,18,1,177691,46364,40170,131327,239306,0,0,0,0,0.0512283
22793,18,1,178822,47780,41779,131042,250214,0,0,0,0,0.084842
22794,18,2,264299,71504,61519,192783,376709,1,0,0,0,0.166768
22795,18,1,171085,45689,39720,125396,239571,0,0,0,0,0.0667898
22796,18,1,194079,52654,46250,141425,275839,0,0,0,0,0.0803567
22797,18,1,162422,42263,36765,120159,218799,0,0,0,0,0.0637773
22798,18,1,172051,45904,40136,126147,239640,0,0,0,0,0.0508905
22799,18,1,159739,42158,36734,117581,219451,0,0,0,0,0.071966
22812,18,1,163481,42824,36819,120657,222701,0,0,0,0,0.0464743
22815,18,1,174484,46361,40076,128123,241882,0,0,0,0,0.0464501
22818,18,1,175614,46008,40118,129606,239220,0,0,0,0,0.0473759
22822,18,2,207766,55942,48083,151811,294637,1,0,0,0,0.128353
22825,18,1,174109,46293,40155,127816,241540,0,0,0,0,0.0489879
22828,18,1,181537,48173,42123,133364,251709,0,0,0,0,0.0519802
22832,18,1,176228,46821,40924,129407,242923,0,0,0,0,0.0519239
22835,18,2,217220,58985,51044,158223,311375,1,0,0,0,0.136625
22838,18,2,219720,60098,51856,159610,318272,1,0,0,0,0.150589
22840,18,1,162318,42685,37092,119633,222183,0,0,0,0,0.0608964
22841,18,1,164823,43181,37862,121642,223515,0,0,0,0,0.0659551
22842,18,1,166705,43571,37810,123134,225308,0,0,0,0,0.0573375
22844,18,1,154965,41383,35514,113582,217037,0,0,0,0,0.051587
22845,18,1,168238,45316,39265,122922,237945,0,0,0,0,0.0523416
22846,18,1,176650,47111,40726,129539,246299,0,0,0,0,0.051794
22847,18,1,172699,46326,40289,126373,243156,0,0,0,0,0.0579755
22848,18,1,179720,47978,41520,131742,251148,0,0,0,0,0.0725893
22849,18,2,266435,72322,62966,194100,380637,1,0,0,0,0.157953
22853,18,1,173488,45905,40161,127583,239177,0,0,0,0,0.0687454
22862,18,1,168785,44424,38760,124361,230506,0,0,0,0,0.0606795
22865,18,1,159380,41380,36058,118000,214412,0,0,0,0,0.0611089
22868,18,1,153416,39292,33741,114124,202132,0,0,0,0,0.0495606
22872,18,1,166568,43944,38096,122624,228426,0,0,0,0,0.0539782
22875,18,1,173300,45636,40187,127664,238255,0,0,0,0,0.0521204
22878,18,1,162876,42767,37474,120109,222881,0,0,0,0,0.0589237
22880,18,1,163354,42820,36972,120534,221891,0,0,0,0,0.0563017
22881,18,1,176864,46874,40472,129990,243915,0,0,0,0,0.0538628
22882,18,2,274793,74988,64994,199792,395033,1,0,0,0,0.196621
22884,18,1,184807,48696,42309,136111,253006,0,0,0,0,0.0609519
22885,18,1,196119,52486,45667,143633,274791,0,0,0,0,0.0500188
22888,18,1,171405,45967,40049,125438,240479,0,0,0,0,0.060484
22889,18,1,173142,45650,39867,127492,236983,0,0,0,0,0.0485891
22893,18,2,274281,75531,64933,198738,399351,1,0,0,0,0.185881
22896,18,1,187266,49981,43547,137285,261910,0,0,0,0,0.0679007
22897,18,1,169006,44162,38407,124844,229473,0,0,0,0,0.0528455
22902,18,1,157087,41307,35554,115780,215107,0,0,0,0,0.0496461
22905,18,2,264853,70883,61492,193958,372374,1,0,0,0,0.139428
22908,18,1,159824,41983,36607,117841,219112,0,0,0,0,0.06363
22910,18,1,167635,43982,38047,123653,227319,0,0,0,0,0.074587
22911,18,1,176371,47058,40556,129313,245951,0,0,0,0,0.0583406
22914,18,1,179668,47495,41334,132173,248094,0,0,0,0,0.0719845
22919,18,1,172266,45846,39898,126420,239504,0,0,0,0,0.0684083
22922,18,1,165875,43909,37984,121966,228416,0,0,0,0,0.0488401
22923,18,1,161048,42680,36621,118368,222642,0,0,0,0,0.0563157
22925,18,1,200916,53582,46554,147334,280078,0,0,0,0,0.0717037
22926,18,2,273384,75292,64759,198080,399615,1,0,0,0,0.190319
22927,18,1,161303,42197,36536,119106,219929,0,0,0,0,0.0531414
22928,18,1,170109,45733,39763,124376,239521,0,0,0,0,0.0469835
22940,18,1,164521,42952,36629,121569,221706,0,0,0,0,0.0594192
22941,18,1,162865,42348,36086,120517,218889,0,0,0,0,0.0459133
22942,18,1,159106,41574,35477,117532,215583,0,0,0,0,0.0526928
22943,18,1,146243,37919,32274,108324,196576,0,0,0,0,0.0725788
22944,18,1,174973,46298,39939,128675,242098,0,0,0,0,0.0720781
22945,18,1,182867,48290,41534,134577,251577,0,0,0,0,0.0591332
22946,18,2,270261,73889,63344,196361,389518,1,0,0,0,0.168258
22947,18,1,147972,38251,32680,109721,198778,0,0,0,0,0.059375
22948,18,1,164023,43633,38001,120390,227821,0,0,0,0,0.0531739
22949,18,1,163971,43635,37987,120336,227891,0,0,0,0,0.0488259
24080,9,1,118560,30279,25697,88281,157391,0,0,0,0,0.0583222
24081,9,1,138612,36142,31411,102470,188977,0,0,0,0,0.0554505
24084,9,1,151362,39633,34788,111729,205982,0,0,0,0,0.0505327
24089,9,1,140122,36047,31388,104075,187717,0,0,0,0,0.0877387
24090,9,1,154899,39856,34157,115043,206034,0,0,0,0,0.0775079
24091,9,2,262467,69532,59891,192922,363486,1,0,0,0,0.159723
24094,9,2,265568,70444,60838,195111,367120,1,0,0,0,0.197297
24099,9,1,169418,43773,38569,125645,225406,0,0,0,0,0.0778859
24100,9,2,297399,77274,66565,220113,400751,1,0,0,0,0.213295
24101,9,2,189600,49640,43257,139947,258633,1,0,0,0,0.154676
24104,9,2,179362,48181,41655,131169,252486,1,0,0,0,0.149211
24109,9,1,169413,43817,38073,125596,224975,0,0,0,0,0.0826959
24110,9,2,297015,77174,66471,219829,400261,1,0,0,0,0.242901
24111,9,2,194825,51154,44804,143658,266555,1,0,0,0,0.191652
24114,9,2,182001,48864,42173,133125,255547,1,0,0,0,0.184567
24119,9,1,156952,40448,34972,116504,208533,0,0,0,0,0.0709029
24120,9,2,259828,68900,59529,190915,359561,1,0,0,0,0.199777
24121,9,2,264146,69967,60221,194166,364834,1,0,0,0,0.23771
24124,9,2,272619,74005,63525,198603,387122,1,0,0,0,0.219284
24129,9,1,151900,39510,34212,112390,204451,0,0,0,0,0.0703229
24150,9,1,124811,32086,27642,92725,166606,0,0,0,0,0.0497663
24151,9,1,141891,36564,31955,105327,188961,0,0,0,0,0.0718576
24154,9,1,153919,39751,34834,114168,204471,0,0,0,0,0.0606426
24159,9,1,153269,39085,33955,114184,200926,0,0,0,0,0.10161
24160,9,1,157937,41638,35448,116299,216855,0,0,0,0,0.0656675
24161,9,2,172045,45782,38835,126251,239607,1,0,0,0,0.148829
24164,9,1,155462,40428,35426,115034,209647,0,0,0,0,0.0532124
24169,9,1,180031,47178,41008,132853,242892,0,0,0,0,0.0748168
24170,9,1,157990,41645,35451,116345,216876,0,0,0,0,0.0600053
24171,9,2,181344,48424,41371,132908,253446,1,0,0,0,0.187043
24174,9,1,152200,39834,34655,112366,207442,0,0,0,0,0.0623581
24179,9,1,161815,42265,36546,119550,218813,0,0,0,0,0.0540928
24180,9,2,181638,48696,41816,132929,255517,1,0,0,0,0.176304
24181,9,2,181443,48124,41367,133306,251505,1,0,0,0,0.156515
24184,9,1,143193,37437,32459,105756,194998,0,0,0,0,0.0595633
24189,9,1,151376,39789,34085,111587,206674,0,0,0,0,0.0788231
24210,9,1,136746,35869,30789,100877,187365,0,0,0,0,0.068818
24211,9,2,233502,61371,52522,172118,320363,1,0,0,0,0.205496
24214,9,1,168272,44166,37839,124106,230004,0,0,0,0,0.0784617
24219,9,2,245046,64717,55682,180317,337650,1,0,0,0,0.206483
24220,9,1,136758,35871,30781,100887,187369,0,0,0,0,0.06776
24221,9,2,246185,64984,56050,181189,338828,1,0,0,0,0.200185
24224,9,1,173703,45563,39337,128140,236205,0,0,0,0,0.0789292
24229,9,2,252858,67032,57657,185814,350141,1,0,0,0,0.200331
24230,9,2,202386,54302,46424,148073,286113,1,0,0,0,0.208572
24231,9,2,204435,54364,46606,150060,285311,1,0,0,0,0.190834
24234,9,2,272364,71508,61353,200844,371963,1,0,0,0,0.187893
24239,9,2,256847,68592,58993,188243,358493,1,0,0,0,0.194446
24260,9,1,123986,31873,27447,92113,165168,0,0,0,0,0.0533034
24261,9,1,135407,35075,30257,100332,182252,0,0,0,0,0.0528109
24264,9,1,171953,45085,38968,126868,233984,0,0,0,0,0.0751546
24269,9,1,136020,34321,29561,101699,174372,0,0,0,0,0.0434829
24270,9,2,189469,49433,41813,140023,258257,1,0,0,0,0.156851
24271,9,2,234396,61253,52340,173131,319127,1,0,0,0,0.186052
24274,9,2,271865,71235,61157,200617,370158,1,0,0,0,0.171617
24279,9,1,139450,35464,30801,103986,181813,0,0,0,0,0.0605839
24300,9,2,194901,50863,43151,144025,265359,1,0,0,0,0.159359
24301,9,2,236102,61802,52637,174288,322655,1,0,0,0,0.214476
24304,9,2,269783,70767,60970,199003,368657,1,0,0,0,0.183724
24309,9,1,144554,37019,32415,107535,190921,0,0,0,0,0.049675
24350,9,1,143161,37410,32314,105751,194059,0,0,0,0,0.0725703
24351,9,1,159770,41406,35532,118364,213046,0,0,0,0,0.0541914
24352,9,1,147934,38372,32860,109562,198125,0,0,0,0,0.0504311
24353,9,1,141633,36848,31299,104785,191079,0,0,0,0,0.0509015
24354,9,1,157303,40760,35779,116543,210664,0,0,0,0,0.0507111
24355,9,1,171190,44523,38945,126667,229983,0,0,0,0,0.0548855
24356,9,1,187485,49120,42969,138365,252760,0,0,0,0,0.0577513
24357,9,1,135437,35091,30082,100346,182364,0,0,0,0,0.0488462
24358,9,1,139369,36020,31011,103349,186230,0,0,0,0,0.0461964
24359,9,1,149081,38558,33099,110523,199172,0,0,0,0,0.0492723
24642,18,1,138709,35800,30825,102909,186415,0,0,0,0,0.0502528
24645,18,1,149146,38778,33476,110368,201962,0,0,0,0,0.050444
24648,18,1,150339,39134,33990,111205,204398,0,0,0,0,0.0528477
24652,18,1,171980,45390,39709,126590,236147,0,0,0,0,0.055916
24655,18,1,174647,45836,39908,128811,237190,0,0,0,0,0.0536011
24658,18,1,175798,46049,40359,129749,238491,0,0,0,0,0.0599969
24662,18,1,146131,37339,32717,108792,192335,0,0,0,0,0.0634838
24665,18,2,220045,59378,51503,160654,312557,1,0,0,0,0.181632
24668,18,2,213892,56996,49333,156883,299178,1,0,0,0,0.199112
24672,18,1,157945,40930,35842,117015,211629,0,0,0,0,0.070491
24675,18,2,216664,58276,50436,158375,306206,1,0,0,0,0.19737
24678,18,2,208119,55274,47790,152832,290127,1,0,0,0,0.192267
24682,18,1,155256,40138,34790,115118,207758,0,0,0,0,0.0779821
24685,18,2,337416,89069,77172,248335,464207,1,0,0,0,0.207442
24688,18,2,319562,83984,72497,235566,437420,1,0,0,0,0.197793
24690,18,1,152515,39106,34412,113409,201987,0,0,0,0,0.0753374
24691,18,1,157165,40314,35385,116851,207170,0,0,0,0,0.0727091
24692,18,1,157549,39825,34130,117724,203590,0,0,0,0,0.0759625
24693,18,1,156009,40193,35154,115816,207998,0,0,0,0,0.0992605
24694,18,1,182754,48469,42458,134285,252085,0,0,0,0,0.082626
24695,18,1,176491,46345,40487,130146,240107,0,0,0,0,0.0740233
24696,18,1,183405,48575,42479,134830,251890,0,0,0,0,0.0650847
24697,18,1,159035,41427,36099,117608,214449,0,0,0,0,0.0535892
24698,18,1,160369,42106,36591,118263,218695,0,0,0,0,0.0504559
24699,18,1,144639,37136,32155,107503,191878,0,0,0,0,0.0792591
24712,18,1,147968,38374,33335,109594,198884,0,0,0,0,0.0647118
24715,18,1,157122,40871,35650,116251,211402,0,0,0,0,0.052523
24718,18,1,163915,42723,37163,121192,221019,0,0,0,0,0.05587
24722,18,1,169436,44509,38632,124927,231285,0,0,0,0,0.0474945
24725,18,1,181746,48549,41942,133197,254385,0,0,0,0,0.0686922
24728,18,1,176694,46086,39968,130608,238430,0,0,0,0,0.0669208
24732,18,2,217836,58583,50613,159240,308066,1,0,0,0,0.130902
24735,18,1,174957,46423,39909,128534,242743,0,0,0,0,0.0481239
24738,18,1,169425,44427,38465,124998,230928,0,0,0,0,0.0467911
24742,18,1,170610,45535,39336,125075,236509,0,0,0,0,0.0473433
24745,18,2,226006,61706,53317,164287,326061,1,0,0,0,0.128562
24748,18,2,222793,60697,52222,162083,320356,1,0,0,0,0.130411
24750,18,1,166919,43946,38051,122973,228903,0,0,0,0,0.0482023
24751,18,1,175883,46374,40278,129509,240510,0,0,0,0,0.0486565
24752,18,1,177573,46446,40232,131127,239923,0,0,0,0,0.058417
24753,18,1,176741,47271,41190,129470,247092,0,0,0,0,0.088431
24754,18,2,257731,69315,59737,188404,364162,1,0,0,0,0.143504
24755,18,1,169317,44788,38745,124529,233792,0,0,0,0,0.0506836
24756,18,1,192235,51758,44883,140477,270050,0,0,0,0,0.0539619
24757,18,1,163390,42646,37011,120744,221033,0,0,0,0,0.045938
24758,18,1,168515,44586,38371,123929,231922,0,0,0,0,0.0675301
24759,18,1,157732,41428,35454,116304,215179,0,0,0,0,0.0707765
24772,18,1,154933,40609,34762,114324,211613,0,0,0,0,0.067323
24775,18,1,168984,44843,38676,124141,233876,0,0,0,0,0.0646331
24778,18,1,170904,44944,39088,125960,234117,0,0,0,0,0.0704984
24782,18,2,203557,54596,46511,148948,287588,1,0,0,0,0.191782
24785,18,1,175390,46533,40445,128857,241483,0,0,0,0,0.0546853
24788,18,1,184786,48730,42428,136056,253539,0,0,0,0,0.0742343
24792,18,1,175934,46717,40816,129217,242312,0,0,0,0,0.060604
24795,18,2,216377,58075,49928,158290,305423,1,0,0,0,0.180812
24798,18,2,220664,59778,51514,160874,315549,1,0,0,0,0.180271
24800,18,1,150290,39159,34077,111131,203473,0,0,0,0,0.06547
24801,18,1,156342,40780,35719,115562,211347,0,0,0,0,0.0647887
24802,18,1,153723,39950,34725,113773,206679,0,0,0,0,0.0534253
24804,18,1,147924,38809,33374,109115,201664,0,0,0,0,0.0462956
24805,18,1,162979,43198,37109,119781,225058,0,0,0,0,0.069681
24806,18,1,175254,46512,40185,128742,242723,0,0,0,0,0.068981
24807,18,1,169424,45217,39084,124207,236591,0,0,0,0,0.0541923
24808,18,2,291330,79104,68728,212213,416625,1,0,0,0,0.168014
24809,18,2,269562,72728,63095,196821,382055,1,0,0,0,0.18558
24813,18,1,163022,43085,37407,119937,224958,0,0,0,0,0.0663919
24822,18,1,158617,41446,36013,117171,214984,0,0,0,0,0.0439069
24825,18,1,152250,39281,34112,112969,202978,0,0,0,0,0.0448248
24828,18,1,144499,36929,31744,107570,190220,0,0,0,0,0.0463419
24832,18,1,160310,42379,36726,117931,220950,0,0,0,0,0.0463416
24835,18,1,168155,44262,38757,123893,230684,0,0,0,0,0.0487248
24838,18,1,155867,40921,35920,114946,213196,0,0,0,0,0.0470024
24840,18,1,143924,37503,32507,106421,194504,0,0,0,0,0.0483196
24841,18,1,165448,43381,37086,122067,225685,0,0,0,0,0.0455755
24842,18,1,169899,45142,39070,124757,235786,0,0,0,0,0.0469713
24844,18,1,181064,47790,41292,133274,247972,0,0,0,0,0.0536561
24845,18,1,194562,51791,45104,142771,270136,0,0,0,0,0.0696739
24848,18,1,166167,44106,38545,122061,229539,0,0,0,0,0.051161
24849,18,1,166371,43508,38024,122863,225165,0,0,0,0,0.0445436
24853,18,2,260699,71317,61084,189370,377370,1,0,0,0,0.140198
24856,18,1,184974,49265,43089,135709,257145,0,0,0,0,0.0491702
24857,18,1,164891,42862,37194,122029,222462,0,0,0,0,0.058394
24862,18,1,157931,41615,35726,116316,216816,0,0,0,0,0.0446742
24865,18,2,262046,69855,60537,192179,366337,1,0,0,0,0.131202
24868,18,1,155262,41002,35805,114260,214429,0,0,0,0,0.0455545
24870,18,1,149715,39061,33783,110654,202301,0,0,0,0,0.0476679
24871,18,1,163598,43431,37073,120167,227438,0,0,0,0,0.0448502
24874,18,1,177388,47026,40502,130362,245490,0,0,0,0,0.046636
24879,18,1,172830,45590,39934,127240,237107,0,0,0,0,0.0451269
24882,18,1,158898,42016,36369,116882,219039,0,0,0,0,0.0442191
24883,18,1,155014,41056,35118,113958,214658,0,0,0,0,0.0440815
24885,18,1,198105,52553,45432,145552,273899,0,0,0,0,0.0493815
24886,18,2,273064,75008,64878,198044,397282,1,0,0,0,0.136357
24887,18,1,158412,41341,35685,117071,215060,0,0,0,0,0.0477121
24888,18,1,164469,43888,38094,120581,228685,0,0,0,0,0.0445241
24900,18,1,152211,39651,33917,112560,205039,0,0,0,0,0.0514271
24901,18,1,156531,40762,34643,115769,211357,0,0,0,0,0.0435698
24902,18,1,150481,39260,33315,111221,204009,0,0,0,0,0.0430031
24903,18,1,141714,36937,31305,104777,192184,0,0,0,0,0.045094
24904,18,1,173728,45589,39230,128139,237367,0,0,0,0,0.0464191
24905,18,1,181987,47890,41090,134097,248960,0,0,0,0,0.0477071
24906,18,2,275588,75165,64536,200412,396215,1,0,0,0,0.13803
24907,18,1,143370,36847,31490,106523,190987,0,0,0,0,0.046909
24908,18,1,161226,42826,37234,118400,223507,0,0,0,0,0.0443813
24909,18,1,167890,44604,38891,123286,232610,0,0,0,0,0.0591644
25760,9,1,127108,31996,27726,95112,162820,0,0,0,0,0.0494237
25761,9,2,199718,51490,43771,148215,264909,1,0,0,0,0.126454
25764,9,2,207609,53521,45645,154075,275228,1,0,0,0,0.123623
25769,9,1,145372,37324,32544,108048,190668,0,0,0,0,0.0601264
25770,9,1,127787,32075,27827,95712,162995,0,0,0,0,0.0424658
25771,9,2,199787,51441,43688,148333,264472,1,0,0,0,0.127058
25774,9,2,207909,53515,45609,154381,274953,1,0,0,0,0.125085
25779,9,1,146629,37607,32849,109022,191978,0,0,0,0,0.0605548
25780,9,2,188836,49224,42270,139599,256507,1,0,0,0,0.223276
25781,9,2,189407,48990,42389,140406,253447,1,0,0,0,0.150896
25784,9,2,157968,40683,35308,117272,209962,1,0,0,0,0.125696
25789,9,2,161503,41427,35538,120063,213601,1,0,0,0,0.139059
25790,9,2,188870,49240,42299,139617,256597,1,0,0,0,0.172004
25791,9,2,194514,50383,43632,144120,260890,1,0,0,0,0.160235
25794,9,2,154490,39853,34203,114624,205798,1,0,0,0,0.132488
25799,9,2,160175,41185,35273,118977,212413,1,0,0,0,0.133832
25800,9,2,206830,54522,46937,152295,284850,1,0,0,0,0.233643
25801,9,2,206865,54548,46969,152304,284916,1,0,0,0,0.228596
25804,9,2,157426,40782,35081,116631,210730,1,0,0,0,0.204117
25809,9,2,158530,41246,34891,117271,213944,1,0,0,0,0.20707
25830,9,1,114836,28711,24801,86125,146251,0,0,0,0,0.0727322
25831,9,2,191792,48397,40636,143382,246657,1,0,0,0,0.210334
25834,9,2,195433,49242,41742,146178,250558,1,0,0,0,0.187651
25839,9,1,143915,36549,31571,107366,185916,0,0,0,0,0.0901272
25840,9,1,144717,37958,32973,106759,196881,0,0,0,0,0.0615747
25841,9,2,166421,43704,37249,122706,227785,1,0,0,0,0.139706
25844,9,2,210636,55745,48223,154878,290791,1,0,0,0,0.163409
25849,9,1,160007,42136,36532,117871,217181,0,0,0,0,0.0678684
25850,9,1,144697,37951,32973,106746,196843,0,0,0,0,0.0769685
25851,9,2,171891,45289,38626,126591,236177,1,0,0,0,0.154877
25854,9,2,200375,52537,45086,147825,273340,1,0,0,0,0.175765
25859,9,1,165463,43495,37669,121968,223988,0,0,0,0,0.0595344
25860,9,2,176050,46805,40069,129233,245046,1,0,0,0,0.143648
25861,9,2,179246,47545,40801,131689,248262,1,0,0,0,0.187409
25864,9,1,147439,38160,32914,109279,197610,0,0,0,0,0.0468399
25869,9,1,171838,45619,39263,126219,235628,0,0,0,0,0.0549567
25890,9,1,139497,37100,32516,102397,194426,0,0,0,0,0.0592555
25891,9,2,195658,51423,43737,144224,269381,1,0,0,0,0.176835
25894,9,2,202426,53150,45812,149263,277061,1,0,0,0,0.159672
25899,9,1,167780,43721,38109,124059,223703,0,0,0,0,0.0512365
25900,9,1,139469,37089,32516,102380,194356,0,0,0,0,0.0488035
25901,9,2,201035,52970,45065,148054,277567,1,0,0,0,0.13148
25904,9,2,194529,50787,43190,143729,264450,1,0,0,0,0.129553
25909,9,1,173337,45486,39490,127851,233516,0,0,0,0,0.0511827
25910,9,2,206986,55109,47135,151864,289750,1,0,0,0,0.139668
25911,9,2,209857,55773,47807,154071,292516,1,0,0,0,0.133762
25914,9,1,144438,37618,32403,106820,195325,0,0,0,0,0.0478163
25919,9,1,178459,47470,41058,130989,245005,0,0,0,0,0.0625271
25940,9,1,112263,28364,24479,83899,146825,0,0,0,0,0.0595617
25941,9,1,141616,36726,31847,104890,190414,0,0,0,0,0.0476558
25944,9,1,150083,38734,33623,111349,200195,0,0,0,0,0.0654613
25949,9,1,132540,33558,29276,98982,171390,0,0,0,0,0.0724816
25950,9,2,180270,46410,39131,133847,241484,1,0,0,0,0.173402
25951,9,1,146135,37523,32659,108612,193151,0,0,0,0,0.0496569
25954,9,1,155491,39610,34731,115881,202767,0,0,0,0,0.0444847
25959,9,1,140211,35598,31188,104613,181382,0,0,0,0,0.0503598
25980,9,2,183300,46930,39603,136357,243451,1,0,0,0,0.155652
25981,9,1,153034,39231,34266,113803,201215,0,0,0,0,0.0682357
25984,9,1,164993,42069,36947,122924,214369,0,0,0,0,0.0553036
25989,9,1,151475,38529,33699,112946,196135,0,0,0,0,0.0475719
26030,9,1,132815,34400,29338,98415,178575,0,0,0,0,0.0714247
26031,9,2,154950,39341,33200,115597,201852,1,0,0,0,0.128405
26032,9,2,152144,38897,32820,113235,200388,1,0,0,0,0.135146
26033,9,2,151217,38583,32683,112622,198480,1,0,0,0,0.195044
26034,9,2,161095,41463,35202,119620,213590,1,0,0,0,0.138138
26035,9,2,156756,40530,34730,116214,209349,1,0,0,0,0.133925
26036,9,2,158371,40945,35061,117413,211200,1,0,0,0,0.15938
26037,9,1,125863,32408,27849,93455,168558,0,0,0,0,0.0500469
26038,9,1,135113,34826,30027,100287,180760,0,0,0,0,0.050793
26039,9,1,148287,38255,32852,110032,198190,0,0,0,0,0.0547353
26322,18,2,196445,50311,42571,146122,258747,1,0,0,0,0.128687
26325,18,2,202273,52067,44343,150194,268115,1,0,0,0,0.126351
26328,18,1,150543,38085,32994,112458,193264,0,0,0,0,0.0469071
26332,18,2,196291,50140,42569,146139,257437,1,0,0,0,0.131733
26335,18,2,201959,51865,44241,150082,266680,1,0,0,0,0.126921
26338,18,1,151503,38266,33081,113237,193957,0,0,0,0,0.0472025
26342,18,2,194894,50584,43650,144297,263202,1,0,0,0,0.150279
26345,18,2,166850,43222,37351,123615,223942,1,0,0,0,0.159685
26348,18,2,169738,44095,38028,125630,228978,1,0,0,0,0.125608
26352,18,2,201585,52656,45465,148916,274502,1,0,0,0,0.146269
26355,18,2,164562,42515,36644,122034,219848,1,0,0,0,0.116497
26358,18,2,171419,44568,38262,126838,231605,1,0,0,0,0.14443
26362,18,1,155511,39619,33934,115892,202868,0,0,0,0,0.0676396
26365,18,2,170663,44171,38229,126479,228397,1,0,0,0,0.134082
26368,18,2,170947,44411,38144,126523,230248,1,0,0,0,0.130511
26370,18,1,155992,39428,34248,116564,201138,0,0,0,0,0.053884
26371,18,1,155879,39401,34238,116478,200989,0,0,0,0,0.0529652
26372,18,1,147478,37008,31620,110470,188987,0,0,0,0,0.0705848
26373,18,1,158886,40445,34782,118441,207237,0,0,0,0,0.0887966
26374,18,2,153836,39756,33978,114067,205833,1,0,0,0,0.162337
26375,18,2,165146,42840,36822,122293,222030,1,0,0,0,0.131162
26376,18,2,166003,42930,37182,123060,222033,1,0,0,0,0.126845
26377,18,2,168276,43360,37153,124903,224047,1,0,0,0,0.130727
26378,18,2,172970,45249,39334,127708,234929,1,0,0,0,0.190215
26379,18,2,161476,41650,35770,119813,215654,1,0,0,0,0.187202
26392,18,2,188495,47558,40004,140925,242564,1,0,0,0,0.19666
26395,18,2,195038,49219,41593,145807,250666,1,0,0,0,0.149303
26398,18,1,152616,38742,33790,113874,196373,0,0,0,0,0.0495791
26402,18,2,202487,53449,45604,149025,279480,1,0,0,0,0.124954
26405,18,2,208702,55386,47231,153303,289695,1,0,0,0,0.117268
26408,18,2,208220,55242,47569,152965,288986,1,0,0,0,0.116525
26412,18,2,209757,55622,47620,154122,291061,1,0,0,0,0.143776
26415,18,2,203825,54057,45696,149755,282784,1,0,0,0,0.126508
26418,18,2,212254,56426,48493,155815,295083,1,0,0,0,0.169178
26422,18,1,172769,45738,39754,127031,236419,0,0,0,0,0.0590941
26425,18,2,217698,58272,50171,159413,305854,1,0,0,0,0.148769
26428,18,2,218183,58880,50692,159290,309913,1,0,0,0,0.129633
26430,18,1,154313,40045,34617,114268,206122,0,0,0,0,0.0460908
26431,18,1,162942,42264,36491,120678,216881,0,0,0,0,0.0520755
26432,18,1,164832,42847,36775,121985,220694,0,0,0,0,0.0482993
26433,18,1,165722,45231,39698,120491,236433,0,0,0,0,0.0680247
26434,18,2,201716,53278,45604,148425,278267,1,0,0,0,0.15389
26435,18,2,210986,56305,48205,154668,295250,1,0,0,0,0.137115
26436,18,2,218474,58622,50235,159839,307607,1,0,0,0,0.144101
26437,18,2,211139,56313,48457,154813,295016,1,0,0,0,0.147999
26438,18,2,219218,58956,50501,160249,309920,1,0,0,0,0.179453
26439,18,1,175906,46163,40251,129743,237990,0,0,0,0,0.049412
26452,18,2,196711,52265,44280,144433,274534,1,0,0,0,0.15795
26455,18,2,202819,53834,45871,148972,282265,1,0,0,0,0.139873
26458,18,2,207034,55115,47485,151906,289445,1,0,0,0,0.125949
26462,18,2,202078,53877,45935,148188,283178,1,0,0,0,0.142519
26465,18,2,198904,52546,44574,146345,275121,1,0,0,0,0.170526
26468,18,2,211959,56655,48479,155291,297686,1,0,0,0,0.131274
26472,18,1,166523,44627,39108,121896,232789,0,0,0,0,0.0540718
26475,18,2,213782,57415,49239,156354,302015,1,0,0,0,0.129557
26478,18,2,217869,58829,50625,159027,310291,1,0,0,0,0.156383
26480,18,1,150861,39691,34542,111170,206210,0,0,0,0,0.0478341
26481,18,1,157456,41414,35865,116042,214743,0,0,0,0,0.0644227
26482,18,1,160463,42248,36331,118215,219613,0,0,0,0,0.0476325
26484,18,2,200953,53323,45507,147617,279103,1,0,0,0,0.128437
26485,18,2,212959,57303,48781,155643,301581,1,0,0,0,0.131307
26486,18,2,217368,58357,49971,158998,307405,1,0,0,0,0.13889
26487,18,2,212271,57071,48783,155187,300267,1,0,0,0,0.173718
26488,18,2,220445,59650,51278,160782,314700,1,0,0,0,0.138876
26489,18,1,187518,49581,43314,137937,255958,0,0,0,0,0.0511555
26493,18,1,161532,44207,38711,117325,232252,0,0,0,0,0.0624742
26502,18,2,186700,48743,41632,137944,254422,1,0,0,0,0.130134
26505,18,2,191579,50191,42991,141375,262135,1,0,0,0,0.118585
26508,18,1,142081,36502,31120,105579,189202,0,0,0,0,0.0467305
26512,18,1,158708,42285,36732,116423,221116,0,0,0,0,0.047434
26515,18,2,204316,54549,47015,149754,286859,1,0,0,0,0.123715
26518,18,1,153762,40425,34923,113337,211393,0,0,0,0,0.0481964
26520,18,1,134641,34819,29706,99822,180891,0,0,0,0,0.0505361
26521,18,1,160444,42355,36318,118089,220225,0,0,0,0,0.047156
26522,18,2,202666,54224,46382,148430,284924,1,0,0,0,0.12186
26524,18,2,296980,79416,67917,217552,415054,1,0,0,0,0.147405
26525,18,2,213974,57347,49070,156615,301572,1,0,0,0,0.126424
26528,18,1,169548,45397,39544,124151,236085,0,0,0,0,0.0507075
26529,18,1,164723,43299,37731,121424,224909,0,0,0,0,0.0472642
26533,18,1,164531,44233,38290,120298,231522,0,0,0,0,0.0511346
26536,18,1,180345,48132,41805,132213,250409,0,0,0,0,0.0498608
26537,18,1,158886,41519,35793,117367,216376,0,0,0,0,0.0496613
26542,18,2,218139,58198,49694,159929,305538,1,0,0,0,0.165333
26545,18,2,204842,54402,46686,150427,285808,1,0,0,0,0.121816
26548,18,1,152608,39962,34711,112646,208478,0,0,0,0,0.0502537
26550,18,1,141357,36496,31190,104861,189216,0,0,0,0,0.050903
26551,18,1,164236,43311,37121,120925,224903,0,0,0,0,0.0456527
26554,18,2,302212,81132,69488,221068,423869,1,0,0,0,0.184278
26559,18,1,174473,45976,40177,128497,238222,0,0,0,0,0.0669242
26562,18,2,159799,41981,35398,117805,218814,1,0,0,0,0.122263
26563,18,2,221308,60876,51866,160420,322634,1,0,0,0,0.139443
26565,18,2,171125,45324,38444,125788,236571,1,0,0,0,0.120411
26566,18,2,236799,64762,55859,172025,342027,1,0,0,0,0.141902
26567,18,1,152739,39423,33708,113316,204687,0,0,0,0,0.0497713
26568,18,1,164369,44330,38323,120039,231092,0,0,0,0,0.0471626
26580,18,1,143438,36931,31212,106507,190866,0,0,0,0,0.0598932
26581,18,2,203640,54325,46202,149302,284812,1,0,0,0,0.138772
26582,18,2,203164,54395,45966,148756,285847,1,0,0,0,0.154918
26583,18,2,204734,55349,47332,149374,291512,1,0,0,0,0.132916
26584,18,2,211780,56756,48623,155012,297856,1,0,0,0,0.125935
26585,18,2,211759,56896,48642,154851,299135,1,0,0,0,0.129083
26586,18,2,215184,58446,50527,156727,308196,1,0,0,0,0.13082
26587,18,1,142537,36701,31111,105836,191123,0,0,0,0,0.0509487
26588,18,1,162222,43450,37686,118772,227529,0,0,0,0,0.0459694
26589,18,1,172685,46212,40175,126473,241354,0,0,0,0,0.0480648
27160,9,1,124781,31231,27008,93550,159227,0,0,0,0,0.0454201
27161,9,1,145670,37173,32315,108497,189867,0,0,0,0,0.0469833
27164,9,4,313547,84161,73214,229360,457034,1,1,2,0,0.22398
27169,9,4,325167,86905,75398,238236,469569,1,1,2,0,0.229225
27170,9,1,125477,31349,27126,94128,159694,0,0,0,0,0.0476257
27171,9,1,146515,37306,32413,109209,190373,0,0,0,0,0.0497003
27174,9,4,313842,84216,73327,229600,457278,1,1,2,0,0.204199
27179,9,4,325991,87080,75554,238885,470436,1,1,2,0,0.228745
27180,9,1,125762,31412,26616,94350,161606,0,0,0,0,0.0580182
27181,9,1,147905,37877,32429,110028,195394,0,0,0,0,0.0579337
27184,9,1,150320,38500,33598,111820,198552,0,0,0,0,0.0514342
27189,9,1,150817,38538,33360,112279,198332,0,0,0,0,0.0624381
27190,9,1,126243,31724,27581,94519,163598,0,0,0,0,0.0744623
27191,9,1,148463,37591,32576,110872,191725,0,0,0,0,0.0564363
27194,9,1,156521,40056,35175,116465,206010,0,0,0,0,0.0584433
27199,9,1,151845,39035,33915,112810,201659,0,0,0,0,0.0553048
27200,9,1,167172,43573,38209,123599,226006,0,0,0,0,0.0772454
27201,9,1,170211,43501,37486,126710,221941,0,0,0,0,0.0565412
27204,9,1,172849,44614,39042,128235,229463,0,0,0,0,0.0560285
27209,9,1,167673,43128,37302,124545,221698,0,0,0,0,0.0560664
27230,9,1,131417,32239,27597,99178,161729,0,0,0,0,0.0464538
27231,9,1,164409,41617,36160,122792,210805,0,0,0,0,0.0509469
27234,9,1,134476,34128,29825,100348,174320,0,0,0,0,0.0450531
27239,9,1,141715,35782,31296,105933,181599,0,0,0,0,0.0498037
27240,9,1,127868,31776,26969,96092,161699,0,0,0,0,0.0511972
27241,9,1,159072,41020,35378,118052,210578,0,0,0,0,0.0665562
27244,9,4,318554,86486,75449,232042,472677,1,1,2,0,0.201124
27249,9,4,318720,86071,74894,232623,469899,1,1,2,0,0.198741
27250,9,1,136113,33949,29017,102164,172405,0,0,0,0,0.0499545
27251,9,1,159648,41279,36355,118369,212322,0,0,0,0,0.0484112
27254,9,1,175769,45803,39990,129966,236198,0,0,0,0,0.0477566
27259,9,1,164717,42252,36758,122465,216598,0,0,0,0,0.0502159
27260,9,1,173572,44345,38397,129227,226080,0,0,0,0,0.0527407
27261,9,1,167056,43840,38648,123216,226415,0,0,0,0,0.0535554
27264,9,1,177310,46556,40241,130754,240239,0,0,0,0,0.0491893
27269,9,1,171482,44105,38408,127377,226268,0,0,0,0,0.0606917
27290,9,1,123201,31106,26391,92095,160565,0,0,0,0,0.0504658
27291,9,1,152579,39411,34129,113168,203703,0,0,0,0,0.0527231
27294,9,4,316102,85287,74110,230789,465808,1,1,2,0,0.197801
27299,9,4,324596,87962,76471,236608,480223,1,1,2,0,0.200821
27300,9,1,126617,31897,27519,94720,164300,0,0,0,0,0.0494177
27301,9,1,155237,40640,35763,114597,211184,0,0,0,0,0.0473027
27304,9,1,180544,47420,41352,133124,245576,0,0,0,0,0.0500006
27309,9,1,161803,41342,35920,120461,212622,0,0,0,0,0.0602864
27310,9,1,163248,41996,36417,121252,216329,0,0,0,0,0.068815
27311,9,1,159212,41816,36737,117396,217312,0,0,0,0,0.0457914
27314,9,1,180636,47486,41151,133150,245502,0,0,0,0,0.0477149
27319,9,1,169948,44118,38493,125830,227952,0,0,0,0,0.0498177
27340,9,1,123705,31253,26490,92452,161436,0,0,0,0,0.0537834
27341,9,2,194983,51598,44042,143372,270452,1,0,0,0,0.138144
27344,9,2,204094,53769,45779,150312,281096,1,0,0,0,0.124964
27349,9,1,156884,40004,34870,116880,204550,0,0,0,0,0.0505727
27350,9,1,156940,40505,34921,116435,209541,0,0,0,0,0.060721
27351,9,2,194430,51651,44260,142766,271175,1,0,0,0,0.125371
27354,9,2,208559,55666,47638,152880,292468,1,0,0,0,0.128343
27359,9,1,163487,42454,36881,121033,220264,0,0,0,0,0.05473
27380,9,1,131461,34129,29496,97332,178263,0,0,0,0,0.0532608
27381,9,1,144498,37524,32464,106974,195389,0,0,0,0,0.0699557
27384,9,1,159670,41327,36310,118343,213630,0,0,0,0,0.0525142
27389,9,1,162011,41790,36585,120221,216024,0,0,0,0,0.0725947
27430,9,1,132867,34024,28960,98843,176080,0,0,0,0,0.0530627
27431,9,1,144735,37179,31767,107556,191674,0,0,0,0,0.0547543
27432,9,1,152471,39580,34317,112891,203909,0,0,0,0,0.0544763
27433,9,1,163869,42550,37145,121319,218635,0,0,0,0,0.052964
27434,9,1,161698,42013,36557,119685,216529,0,0,0,0,0.0535791
27435,9,1,163829,42524,37204,121305,218329,0,0,0,0,0.0531277
27436,9,1,177109,46373,40520,130736,238537,0,0,0,0,0.0539669
27437,9,1,162698,42006,36600,120692,214077,0,0,0,0,0.0561507
27438,9,1,174610,45971,39708,128639,237669,0,0,0,0,0.0558393
27439,9,1,168759,43690,37814,125069,225133,0,0,0,0,0.0743334
27722,18,1,138716,35389,30937,103327,181624,0,0,0,0,0.0546696
27725,18,4,278604,74179,63952,204399,404003,1,1,2,0,0.224178
27728,18,4,311060,83307,71948,227727,451540,1,1,2,0,0.17728
27732,18,1,139334,35500,31066,103834,182107,0,0,0,0,0.0543422
27735,18,4,279182,74330,64113,204826,404792,1,1,2,0,0.190053
27738,18,4,311767,83475,72110,228266,452388,1,1,2,0,0.205605
27742,18,1,137412,35072,30278,102340,181951,0,0,0,0,0.0519608
27745,18,1,165396,43188,37558,122208,224387,0,0,0,0,0.0490716
27748,18,1,167630,43598,38095,124032,225534,0,0,0,0,0.05025
27752,18,1,162480,42409,37170,120071,219394,0,0,0,0,0.0834292
27755,18,1,176921,47033,41531,129888,244100,0,0,0,0,0.0727037
27758,18,2,211128,56133,48571,154984,293669,1,0,0,0,0.162793
27762,18,1,160592,42017,36762,118575,219237,0,0,0,0,0.051247
27765,18,1,178010,47231,41686,130779,246750,0,0,0,0,0.0561514
27768,18,1,178307,47120,41510,131187,245384,0,0,0,0,0.0557073
27770,18,1,146664,37519,32950,109145,194381,0,0,0,0,0.0668059
27771,18,1,158742,40678,35517,118064,209682,0,0,0,0,0.0518501
27772,18,1,163203,42429,37397,120774,219331,0,0,0,0,0.0526759
27773,18,1,165645,43084,37292,122561,221775,0,0,0,0,0.0503089
27774,18,1,160686,41862,36814,118824,217117,0,0,0,0,0.0484993
27775,18,1,177859,46607,40816,131252,241998,0,0,0,0,0.0510263
27776,18,1,170637,44963,39628,125674,234172,0,0,0,0,0.0499497
27777,18,1,171355,45372,40255,125983,236209,0,0,0,0,0.0502228
27778,18,1,180559,47634,41608,132925,247161,0,0,0,0,0.0503696
27779,18,1,167664,43982,38370,123682,228130,0,0,0,0,0.0502622
27792,18,1,151796,38176,33174,113620,193855,0,0,0,0,0.0515068
27795,18,2,160900,40694,34445,120193,206524,1,0,0,0,0.111594
27798,18,1,146467,37236,32809,109231,189923,0,0,0,0,0.0393401
27802,18,1,146750,37532,32506,109218,192994,0,0,0,0,0.0452494
27805,18,4,298721,81467,70300,217228,447476,1,1,2,0,0.164849
27808,18,4,338643,92267,80418,246350,504945,1,1,2,0,0.176357
27812,18,2,156762,40528,34533,116221,210060,1,0,0,0,0.112489
27815,18,1,181434,47909,41770,133525,248267,0,0,0,0,0.0469368
27818,18,1,180420,47512,41440,132908,246512,0,0,0,0,0.0493976
27822,18,1,175865,46150,39893,129715,238254,0,0,0,0,0.048289
27825,18,1,189357,50154,44053,139203,260259,0,0,0,0,0.0531983
27828,18,2,159061,41482,35390,117566,215262,1,0,0,0,0.120121
27830,18,1,158824,40393,34707,118431,206078,0,0,0,0,0.0612489
27831,18,1,172756,44938,38894,127818,230497,0,0,0,0,0.0560461
27832,18,1,177731,46741,40401,130990,241446,0,0,0,0,0.0456504
27833,18,1,174743,46399,39606,128344,239774,0,0,0,0,0.0462505
27834,18,1,182792,48546,42166,134246,251134,0,0,0,0,0.0479696
27835,18,1,197896,52529,45823,145367,271835,0,0,0,0,0.0477011
27836,18,1,185961,49861,42771,136100,259581,0,0,0,0,0.0542313
27837,18,1,162237,42099,36429,120138,217323,0,0,0,0,0.0611206
27838,18,1,170720,44629,38905,126091,230809,0,0,0,0,0.0479366
27839,18,1,180944,47356,41393,133588,244765,0,0,0,0,0.0500433
27852,18,1,140770,36697,31710,104073,191433,0,0,0,0,0.0662101
27855,18,4,347925,95265,82383,252634,521797,1,1,2,0,0.21584
27858,18,4,338604,92855,80963,245723,509298,1,1,2,0,0.213901
27862,18,2,148351,38206,32230,110132,198247,1,0,0,0,0.114893
27865,18,1,186663,49541,42981,137122,257709,0,0,0,0,0.0512534
27868,18,1,179554,48011,41941,131543,251539,0,0,0,0,0.0519427
27872,18,1,167100,44527,38551,122573,233421,0,0,0,0,0.0479476
27875,18,1,189688,50637,44457,139051,264235,0,0,0,0,0.0506691
27878,18,2,157207,41167,34853,116027,214645,1,0,0,0,0.122333
27880,18,1,147501,38189,33241,109312,197905,0,0,0,0,0.0522262
27881,18,1,164454,43122,37223,121332,223969,0,0,0,0,0.0489734
27882,18,1,168455,44427,38307,124028,232001,0,0,0,0,0.0478739
27884,18,1,181924,48370,41990,133554,250750,0,0,0,0,0.0494338
27885,18,1,201678,53735,46823,147943,278920,0,0,0,0,0.0526325
27886,18,1,187016,50300,43987,136716,262598,0,0,0,0,0.0514427
27887,18,1,166835,44046,38337,122789,228973,0,0,0,0,0.0525894
27888,18,1,170604,44931,39075,125673,233745,0,0,0,0,0.0496833
27889,18,1,180536,47805,41911,132731,248540,0,0,0,0,0.0497072
27893,18,1,171600,46030,39533,125570,240059,0,0,0,0,0.0496039
27902,18,2,198780,52801,45432,145966,276974,1,0,0,0,0.16714
27905,18,2,211285,56633,48937,154639,297895,1,0,0,0,0.129562
27908,18,1,166270,43929,38690,122341,229803,0,0,0,0,0.0512101
27912,18,2,159240,42130,35802,117097,220282,1,0,0,0,0.124535
27915,18,2,167964,44682,38065,123269,234102,1,0,0,0,0.14229
27918,18,2,154719,40299,34019,114407,209549,1,0,0,0,0.148692
27920,18,1,140539,36270,31184,104269,188813,0,0,0,0,0.0660082
27921,18,2,200468,53789,45917,146666,283125,1,0,0,0,0.129328
27922,18,2,208985,56896,48991,152076,300775,1,0,0,0,0.133131
27924,18,2,211608,56587,48546,155008,297021,1,0,0,0,0.130755
27925,18,2,222661,60824,52610,161824,321657,1,0,0,0,0.135061
27928,18,1,168693,44755,38842,123938,232991,0,0,0,0,0.0480952
27929,18,1,177769,47076,41352,130693,245801,0,0,0,0,0.0504784
27933,18,2,217202,60137,51345,157052,319361,1,0,0,0,0.177999
27936,18,2,227169,63134,54404,164022,335310,1,0,0,0,0.141553
27937,18,1,161095,42576,36845,118519,221807,0,0,0,0,0.0653715
27942,18,2,193921,51655,44304,142256,271408,1,0,0,0,0.1635
27945,18,2,201350,53561,46273,147779,280697,1,0,0,0,0.166776
27948,18,2,202560,53758,46184,148791,281585,1,0,0,0,0.168128
27950,18,1,161704,43493,37389,118211,228715,0,0,0,0,0.0708457
27951,18,1,173432,46875,40808,126557,246229,0,0,0,0,0.0646684
27954,18,1,183910,49395,43225,134515,258155,0,0,0,0,0.0518028
27959,18,1,185515,49185,43083,136330,256307,0,0,0,0,0.0716566
27962,18,1,177473,47309,41288,130164,247399,0,0,0,0,0.0524911
27963,18,1,172586,46238,40231,126348,241839,0,0,0,0,0.0619228
27965,18,1,190389,50850,44435,139539,265314,0,0,0,0,0.0731778
27966,18,1,184551,49298,43114,135253,256763,0,0,0,0,0.058635
27967,18,1,188278,50526,44254,137752,262910,0,0,0,0,0.0476403
27968,18,1,178859,47096,40747,131763,242576,0,0,0,0,0.0476916
27980,18,1,142598,37394,32068,105204,194777,0,0,0,0,0.0453099
27981,18,1,158260,42008,36285,116252,219215,0,0,0,0,0.0446464
27982,18,1,169257,44933,38803,124324,234473,0,0,0,0,0.0477296
27983,18,1,160767,42317,36562,118450,219997,0,0,0,0,0.0460696
27984,18,1,174692,46147,40362,128545,239470,0,0,0,0,0.0591562
27985,18,1,179376,47564,41397,131812,247379,0,0,0,0,0.07429
27986,18,1,172676,45470,39646,127206,235619,0,0,0,0,0.0683266
27987,18,2,255314,68363,58784,186938,358315,1,0,0,0,0.165163
27988,18,1,176196,46270,40097,129926,239399,0,0,0,0,0.0549874
27989,18,1,180403,48172,42328,132231,251847,0,0,0,0,0.066211
28280,9,1,125041,31304,27045,93737,159612,0,0,0,0,0.0475609
28281,9,4,317993,84939,73759,233028,458544,1,1,2,0,0.21198
28284,9,4,315169,83855,72984,231288,453709,1,1,2,0,0.205286
28289,9,4,299156,79472,69015,219658,429574,1,1,2,0,0.212533
28290,9,1,125737,31422,27163,94315,160079,0,0,0,0,0.0455418
28291,9,4,318258,84993,73740,233239,458857,1,1,2,0,0.212991
28294,9,4,315625,83950,73107,231649,454151,1,1,2,0,0.198992
28299,9,4,299585,79527,69080,220032,429759,1,1,2,0,0.203711
28300,9,1,126195,31533,26700,94662,162219,0,0,0,0,0.0535987
28301,9,4,313891,84279,72930,229586,457362,1,1,2,0,0.234057
28304,9,4,334549,90291,78688,244232,491650,1,1,2,0,0.20864
28309,9,4,333461,89578,77725,243857,486879,1,1,2,0,0.217115
28310,9,1,126468,31777,27591,94691,163869,0,0,0,0,0.0688911
28311,9,4,293361,78246,67779,215089,424939,1,1,2,0,0.221415
28314,9,4,307746,83318,72590,224402,455460,1,1,2,0,0.223417
28319,9,4,301148,80167,69570,220955,436715,1,1,2,0,0.21619
28320,9,1,170209,43891,38581,126318,226198,0,0,0,0,0.0716939
28321,9,1,176663,44689,38634,131974,225236,0,0,0,0,0.0543109
28324,9,1,177469,45721,40061,131748,233893,0,0,0,0,0.0708143
28329,9,1,167395,43098,37283,124297,221634,0,0,0,0,0.0601773
28350,9,1,131884,32358,27649,99526,162346,0,0,0,0,0.0453014
28351,9,4,368273,99450,86819,268797,537172,1,1,2,0,0.197154
28354,9,6,345676,93300,79265,252327,508409,1,1,2,2,0.50014
28359,9,1,125946,31705,27565,94241,161184,0,0,0,0,0.045136
28360,9,1,128332,31897,27041,96435,162318,0,0,0,0,0.0439531
28361,9,4,343462,92815,80396,250621,503509,1,1,2,0,0.190289
28364,9,6,348831,95157,81034,253626,522134,1,1,2,2,0.486832
28369,9,4,313796,84722,73392,229048,462192,1,1,2,0,0.191437
28370,9,1,136406,34023,29065,102383,172780,0,0,0,0,0.0465612
28371,9,4,335435,91863,79876,243546,502367,1,1,2,0,0.18339
28374,9,2,210233,55439,47774,154781,288811,1,0,0,0,0.120661
28379,9,1,157044,40596,34995,116448,208772,0,0,0,0,0.0481594
28380,9,1,177681,45488,39387,132193,231502,0,0,0,0,0.0571064
28381,9,1,158467,40836,35746,117631,209378,0,0,0,0,0.0457058
28384,9,1,165268,42777,37125,122491,220287,0,0,0,0,0.045208
28389,9,1,159387,40906,35521,118481,210284,0,0,0,0,0.0490214
28410,9,1,123580,31202,26459,92378,161043,0,0,0,0,0.0459537
28411,9,2,195820,50708,43180,145099,262929,1,0,0,0,0.16935
28414,9,6,347300,94781,80550,252471,520918,1,1,2,2,0.610678
28419,9,4,325697,88071,76818,237600,480554,1,1,2,0,0.248064
28420,9,1,126952,31975,27566,94977,164686,0,0,0,0,0.075586
28421,9,2,194197,51272,43645,142912,268418,1,0,0,0,0.161048
28424,9,2,210200,55692,47571,154495,291468,1,0,0,0,0.129752
28429,9,1,156898,40267,34709,116631,207128,0,0,0,0,0.0513557
28430,9,1,167777,43313,37804,124464,222985,0,0,0,0,0.0553586
28431,9,1,151626,39138,34254,112488,202092,0,0,0,0,0.0470347
28434,9,1,171850,45073,39023,126777,233503,0,0,0,0,0.0536057
28439,9,1,167470,43134,37728,124336,221850,0,0,0,0,0.0539245
28460,9,1,124193,31403,26585,92790,162269,0,0,0,0,0.0564493
28461,9,2,192726,50599,43053,142114,264166,1,0,0,0,0.141347
28464,9,2,202929,53535,45671,149381,279649,1,0,0,0,0.138905
28469,9,1,152086,38909,33723,113177,199275,0,0,0,0,0.0545613
28470,9,1,161153,41467,35657,119686,213798,0,0,0,0,0.066037
28471,9,2,199327,52895,45165,146419,277304,1,0,0,0,0.171897
28474,9,2,211423,56403,48475,155007,296002,1,0,0,0,0.144661
28479,9,1,175318,45167,39257,130151,231705,0,0,0,0,0.0621499
28500,9,1,125783,32449,27932,93334,168702,0,0,0,0,0.0522568
28501,9,1,137098,35136,30412,101962,181642,0,0,0,0,0.0577453
28504,9,1,154552,39690,34564,114862,204268,0,0,0,0,0.0744181
28509,9,1,153961,40003,34980,113958,206727,0,0,0,0,0.0987958
28550,9,1,117525,29682,25218,87843,153070,0,0,0,0,0.0606877
28551,9,1,132444,34119,29213,98325,176610,0,0,0,0,0.0468945
28552,9,1,142867,37117,31978,105750,191887,0,0,0,0,0.0469695
28553,9,1,147418,38071,33065,109347,195814,0,0,0,0,0.0467525
28554,9,1,152797,39869,34482,112928,206692,0,0,0,0,0.0483589
28555,9,1,154794,40337,35140,114457,208407,0,0,0,0,0.0547249
28556,9,1,164270,43009,37478,121261,222032,0,0,0,0,0.0542873
28557,9,1,154852,40315,34918,114537,206847,0,0,0,0,0.0575014
28558,9,1,175306,46213,39958,129093,238874,0,0,0,0,0.0733176
28559,9,1,151951,39313,34234,112638,203135,0,0,0,0,0.0749939
28842,18,4,293476,77425,67032,216025,419122,1,1,2,0,0.204651
28845,18,4,275193,73122,63081,202046,397433,1,1,2,0,0.172234
28848,18,4,293208,78390,67429,214792,425328,1,1,2,0,0.182586
28852,18,4,293828,77508,67094,216294,419551,1,1,2,0,0.20696
28855,18,4,275814,73237,63237,202552,397960,1,1,2,0,0.175751
28858,18,4,293876,78565,67582,215285,426271,1,1,2,0,0.228803
28862,18,4,288368,76681,66047,211661,418037,1,1,2,0,0.214618
28865,18,4,336490,91071,78784,245393,496331,1,1,2,0,0.188608
28868,18,4,342403,92880,80412,249497,505999,1,1,2,0,0.197813
28872,18,4,278139,75508,65168,202605,414847,1,1,2,0,0.205767
28875,18,4,294639,81013,70455,213600,446122,1,1,2,0,0.210475
28878,18,4,292152,79035,68750,213091,432307,1,1,2,0,0.227341
28882,18,1,154121,40090,34697,114031,209358,0,0,0,0,0.0556517
28885,18,1,172555,45380,39614,127175,236824,0,0,0,0,0.0604256
28888,18,1,173027,45153,39533,127874,234126,0,0,0,0,0.0557442
28890,18,1,152067,38668,34019,113399,198811,0,0,0,0,0.0702437
28891,18,1,166403,42299,37069,124104,215683,0,0,0,0,0.0589806
28892,18,1,149447,38567,33885,110880,199574,0,0,0,0,0.0532183
28893,18,1,149687,38092,32637,111595,195333,0,0,0,0,0.051421
28894,18,1,169437,44022,38760,125415,226827,0,0,0,0,0.0495012
28895,18,1,168311,43731,38532,124580,226749,0,0,0,0,0.0578762
28896,18,1,166269,43294,37795,122975,224419,0,0,0,0,0.0650911
28897,18,1,167992,43720,38151,124272,226273,0,0,0,0,0.0751998
28898,18,1,172308,44877,38906,127431,232310,0,0,0,0,0.0568656
28899,18,1,167722,44033,38406,123689,228421,0,0,0,0,0.0497798
28912,18,4,340878,91579,79443,249273,496369,1,1,2,0,0.221421
28915,18,4,299424,81342,70340,218057,443960,1,1,2,0,0.202408
28918,18,1,136792,34568,30081,102224,176240,0,0,0,0,0.0404111
28922,18,4,316045,85394,73834,230625,465460,1,1,2,0,0.204966
28925,18,4,296599,81031,69738,215543,444397,1,1,2,0,0.204454
28928,18,4,333126,90689,78737,242411,495828,1,1,2,0,0.177225
28932,18,4,303961,82541,71094,221395,451344,1,1,2,0,0.175239
28935,18,2,210489,55714,47714,154762,291078,1,0,0,0,0.1272
28938,18,1,170991,44601,38780,126390,230606,0,0,0,0,0.048477
28942,18,1,162851,42188,36522,120663,217604,0,0,0,0,0.0462846
28945,18,1,183310,48333,42296,134977,251109,0,0,0,0,0.0530501
28948,18,2,159259,41507,35426,117739,215533,1,0,0,0,0.155542
28950,18,1,161941,40930,35347,121011,207164,0,0,0,0,0.0551249
28951,18,1,171194,44478,38362,126716,227649,0,0,0,0,0.0711407
28952,18,1,160803,41490,35821,119313,213546,0,0,0,0,0.0458299
28953,18,1,155161,40274,34948,114887,206930,0,0,0,0,0.0647607
28954,18,1,172753,45452,39898,127301,235035,0,0,0,0,0.0611171
28955,18,1,193040,50440,43998,142600,259904,0,0,0,0,0.0637693
28956,18,1,177613,46905,40952,130708,242790,0,0,0,0,0.0500297
28957,18,1,155923,40332,35125,115591,208178,0,0,0,0,0.0629477
28958,18,1,164013,42194,36786,121819,216755,0,0,0,0,0.0655476
28959,18,1,170946,44684,39171,126262,231397,0,0,0,0,0.068439
28972,18,2,196644,51570,43831,145061,269250,1,0,0,0,0.171205
28975,18,4,342745,93818,81109,248902,512753,1,1,2,0,0.229374
28978,18,4,339222,92764,80577,246432,508208,1,1,2,0,0.230675
28982,18,2,150351,38893,32810,111446,201699,1,0,0,0,0.126448
28985,18,2,215314,57401,49226,157900,301203,1,0,0,0,0.13221
28988,18,1,171043,45242,39453,125801,236314,0,0,0,0,0.048927
28992,18,1,159899,42042,36479,117857,219217,0,0,0,0,0.046353
28995,18,1,187251,49642,43723,137609,258842,0,0,0,0,0.0496505
28998,18,2,157822,41004,34656,116805,213349,1,0,0,0,0.146821
29000,18,1,150323,38452,33418,111871,197571,0,0,0,0,0.060717
29001,18,1,160663,42105,36174,118558,218300,0,0,0,0,0.0628106
29002,18,1,157415,40788,35218,116627,211698,0,0,0,0,0.0641466
29004,18,1,175964,46728,40512,129236,242824,0,0,0,0,0.0719105
29005,18,1,193733,51010,44463,142723,264353,0,0,0,0,0.0716016
29006,18,1,185809,49307,43263,136502,256653,0,0,0,0,0.0537769
29007,18,1,160051,41867,36241,118184,217187,0,0,0,0,0.0493974
29008,18,1,163780,42443,37153,121337,219246,0,0,0,0,0.0485307
29009,18,1,177534,46484,40795,131050,240592,0,0,0,0,0.0634824
29013,18,1,154148,40842,35533,113306,212559,0,0,0,0,0.0674278
29022,18,2,199404,53058,45717,146333,278336,1,0,0,0,0.15652
29025,18,2,209695,56140,48573,153542,294877,1,0,0,0,0.146857
29028,18,1,155603,40907,35466,114696,213560,0,0,0,0,0.0473914
29032,18,2,159249,41975,35738,117261,219460,1,0,0,0,0.117525
29035,18,2,167992,44736,38233,123243,234730,1,0,0,0,0.155618
29038,18,2,154591,40160,33950,114418,208855,1,0,0,0,0.129709
29040,18,1,148811,38103,32845,110708,196895,0,0,0,0,0.0537139
29041,18,2,204386,54646,46580,149727,287080,1,0,0,0,0.123406
29042,18,2,207166,55815,47864,151339,294494,1,0,0,0,0.143662
29044,18,2,214571,57296,49091,157262,300549,1,0,0,0,0.172105
29045,18,2,220352,60064,51851,160276,317937,1,0,0,0,0.140378
29048,18,1,161943,42288,36941,119655,218993,0,0,0,0,0.0471312
29049,18,1,185443,48964,42834,136479,253531,0,0,0,0,0.0523327
29053,18,2,212644,58263,49582,154369,308264,1,0,0,0,0.136238
29056,18,2,226184,62456,53595,163716,330998,1,0,0,0,0.140434
29057,18,1,156705,40803,34892,115902,212070,0,0,0,0,0.071902
29062,18,1,159850,42333,36854,117517,221583,0,0,0,0,0.0705378
29065,18,1,166539,44172,38989,122367,230578,0,0,0,0,0.0597263
29068,18,1,175903,46535,40737,129368,242141,0,0,0,0,0.0615877
29070,18,1,158674,42402,36265,116272,222066,0,0,0,0,0.0540482
29071,18,1,167638,44655,38649,122983,233102,0,0,0,0,0.058206
29074,18,1,180102,47911,41703,132191,249602,0,0,0,0,0.0559042
29079,18,1,177359,46504,40664,130855,241060,0,0,0,0,0.0660901
29082,18,1,175569,46641,40575,128928,243779,0,0,0,0,0.0683611
29083,18,1,169794,45322,39426,124472,237024,0,0,0,0,0.0525304
29085,18,1,188923,50257,43890,138666,261920,0,0,0,0,0.0484797
29086,18,1,180122,47711,41631,132411,248056,0,0,0,0,0.0522213
29087,18,2,157206,40753,34351,116440,211648,1,0,0,0,0.165074
29088,18,2,296120,79277,68292,216831,414819,1,0,0,0,0.154142
29100,18,1,133241,34854,29657,98387,181862,0,0,0,0,0.0459168
29101,18,1,151509,40174,34677,111335,209867,0,0,0,0,0.0482599
29102,18,1,161299,42962,37165,118337,224982,0,0,0,0,0.0481759
29103,18,1,150151,39328,33990,110823,204495,0,0,0,0,0.0443074
29104,18,1,170713,45030,39230,125683,234126,0,0,0,0,0.049226
29105,18,1,170457,45211,39350,125246,235827,0,0,0,0,0.0562648
29106,18,1,166576,43796,38181,122780,227216,0,0,0,0,0.0667852
29107,18,2,299591,78606,67324,220972,409347,1,0,0,0,0.196335
29108,18,1,175767,46193,40072,129574,239052,0,0,0,0,0.0477756
29109,18,1,173114,46184,40407,126930,241688,0,0,0,0,0.0714264
29120,9,4,287355,75112,65288,212223,403412,1,1,2,0,0.270025
29121,9,4,287808,75215,65354,212573,403914,1,1,2,0,0.198744
29124,9,4,314482,82477,71703,231985,442565,1,1,2,0,0.205673
29129,9,4,284295,74658,64486,209611,403196,1,1,2,0,0.235893
29130,9,4,287425,75083,65248,212322,403239,1,1,2,0,0.238732
29131,9,4,287878,75186,65314,212672,403741,1,1,2,0,0.200341
29134,9,4,314601,82408,71690,232173,442041,1,1,2,0,0.237575
29139,9,4,284928,74789,64665,210113,403794,1,1,2,0,0.262543
29140,9,4,290970,76467,65920,214477,413093,1,1,2,0,0.213953
29141,9,4,291219,76513,65954,214680,413276,1,1,2,0,0.220476
29144,9,4,350385,93672,82161,256687,505839,1,1,2,0,0.218417
29149,9,4,331224,88341,76718,242857,477465,1,1,2,0,0.206811
29150,9,4,303357,80198,69413,223133,434368,1,1,2,0,0.290145
29151,9,4,325965,86160,74237,239779,462895,1,1,2,0,0.204149
29154,9,4,319186,85429,74763,233731,463387,1,1,2,0,0.19606
29159,9,4,298095,78867,68551,219203,427112,1,1,2,0,0.192252
29160,9,4,303794,80283,69494,223485,434781,1,1,2,0,0.265885
29161,9,4,325583,86057,74205,239500,462301,1,1,2,0,0.204564
29164,9,4,319230,85429,74763,233775,463350,1,1,2,0,0.193524
29169,9,4,297915,78857,68526,219033,427128,1,1,2,0,0.227192
29190,9,4,287571,75784,65164,211765,407164,1,1,2,0,0.243136
29191,9,4,287835,75780,65189,212033,406948,1,1,2,0,0.23108
29194,9,6,326888,86427,72775,240418,465591,1,1,2,2,0.566348
29199,9,1,111599,27712,23603,83887,141120,0,0,0,0,0.0482009
29200,9,4,277404,73606,63153,203774,397807,1,1,2,0,0.240767
29201,9,4,277654,73653,63204,203977,398002,1,1,2,0,0.18769
29204,9,6,344903,92409,78759,252447,501734,1,1,2,2,0.575756
29209,9,4,311455,84011,72818,227418,457089,1,1,2,0,0.226876
29210,9,4,298366,79408,68477,218933,428084,1,1,2,0,0.25789
29211,9,4,297966,80787,69978,217154,439366,1,1,2,0,0.195742
29214,9,4,303606,82767,71516,220813,451485,1,1,2,0,0.182741
29219,9,4,325883,89044,76613,236814,485651,1,1,2,0,0.227525
29220,9,4,298694,79456,68533,219213,428263,1,1,2,0,0.230951
29221,9,4,297921,80793,69960,217103,439452,1,1,2,0,0.212505
29224,9,4,303742,82809,71541,220907,451772,1,1,2,0,0.176609
29229,9,4,326228,89199,76731,237004,486622,1,1,2,0,0.202378
29250,9,2,186910,47468,40136,139429,242841,1,0,0,0,0.142583
29251,9,2,186285,47336,40083,138936,242251,1,0,0,0,0.15946
29254,9,6,347926,93711,79597,254168,510120,1,1,2,2,0.649287
29259,9,4,330890,89655,77932,241209,488425,1,1,2,0,0.251304
29260,9,2,192209,49102,41679,143094,251506,1,0,0,0,0.150039
29261,9,2,196199,51140,43824,145046,263714,1,0,0,0,0.129558
29264,9,4,306449,83566,72659,222857,456235,1,1,2,0,0.182596
29269,9,4,340437,92885,80487,247527,506317,1,1,2,0,0.210715
29270,9,2,192331,49060,41592,143258,251102,1,0,0,0,0.160412
29271,9,2,196230,51146,43838,145071,263729,1,0,0,0,0.136332
29274,9,4,306502,83592,72706,222884,456372,1,1,2,0,0.185106
29279,9,4,340345,92906,80521,247414,506476,1,1,2,0,0.211948
29300,9,1,130264,32338,27554,97926,163797,0,0,0,0,0.0479416
29301,9,2,192178,49746,42484,142419,255834,1,0,0,0,0.129962
29304,9,2,201544,52510,45019,149022,270466,1,0,0,0,0.146495
29309,9,1,152755,39000,33807,113755,197773,0,0,0,0,0.074661
29310,9,1,130821,32356,27640,98465,163559,0,0,0,0,0.0597147
29311,9,2,192106,49749,42509,142344,255875,1,0,0,0,0.180906
29314,9,2,201284,52478,45021,148794,270353,1,0,0,0,0.138007
29319,9,1,152775,39015,33810,113760,197849,0,0,0,0,0.055789
29340,9,1,114624,28420,24552,86204,144513,0,0,0,0,0.0626032
29341,9,1,124743,31649,27259,93094,162056,0,0,0,0,0.0561567
29344,9,1,138191,35470,30855,102721,182726,0,0,0,0,0.0494378
29349,9,1,143851,36941,31749,106910,188360,0,0,0,0,0.0770513
29390,9,1,107952,27153,22792,80799,140767,0,0,0,0,0.0819021
29391,9,1,123747,31805,27123,91942,165391,0,0,0,0,0.071919
29392,9,1,132451,34206,29168,98245,177029,0,0,0,0,0.0760522
29393,9,1,132474,34234,29236,98240,177185,0,0,0,0,0.073806
29394,9,1,141204,36748,32017,104456,191824,0,0,0,0,0.0591282
29395,9,1,143347,37331,32293,106016,193797,0,0,0,0,0.0616073
29396,9,1,143394,37357,32318,106037,193925,0,0,0,0,0.0799578
29397,9,1,150677,39126,33811,111551,202385,0,0,0,0,0.0609546
29398,9,1,150724,39154,33830,111570,202510,0,0,0,0,0.0674496
29399,9,1,137601,35479,30310,102122,184149,0,0,0,0,0.0699483
29682,18,4,301194,78637,67735,222531,423643,1,1,2,0,0.286747
29685,18,4,277802,73668,63523,204109,398537,1,1,2,0,0.22343
29688,18,4,302974,81022,69733,221926,439873,1,1,2,0,0.251256
29692,18,4,301387,78675,67743,222686,423834,1,1,2,0,0.25365
29695,18,4,277775,73606,63495,204144,398053,1,1,2,0,0.21067
29698,18,4,303183,81057,69789,222100,440005,1,1,2,0,0.218352
29702,18,4,296069,77616,66642,218427,420501,1,1,2,0,0.365596
29705,18,4,347833,94315,81652,253492,516190,1,1,2,0,0.225079
29708,18,4,343742,93370,80893,250346,511583,1,1,2,0,0.283049
29712,18,4,274685,73915,63751,200746,404353,1,1,2,0,0.296679
29715,18,4,288193,77534,67743,210635,423097,1,1,2,0,0.284755
29718,18,4,289087,77338,67015,211724,421439,1,1,2,0,0.229097
29722,18,2,188319,48815,41745,139492,254277,1,0,0,0,0.205192
29725,18,2,198129,51568,44374,146548,268864,1,0,0,0,0.180734
29728,18,2,194974,51022,43936,143939,266457,1,0,0,0,0.138052
29730,18,1,146022,36089,30839,109933,182364,0,0,0,0,0.0706944
29731,18,1,153647,38227,32529,115420,191851,0,0,0,0,0.0573904
29732,18,1,146708,36594,31162,110114,185073,0,0,0,0,0.0547203
29733,18,1,132074,33033,27810,99041,168475,0,0,0,0,0.0556968
29734,18,1,170704,43516,37521,127188,221666,0,0,0,0,0.0560493
29735,18,1,167959,42789,36936,125170,217931,0,0,0,0,0.0821834
29736,18,1,155217,39385,33713,115832,200954,0,0,0,0,0.0618258
29737,18,1,155377,38490,32891,116887,193299,0,0,0,0,0.0598515
29738,18,1,176129,45094,38924,131035,229656,0,0,0,0,0.0710136
29739,18,1,167286,42937,37192,124349,220008,0,0,0,0,0.0545341
29752,18,4,331654,87953,75529,243675,473985,1,1,2,0,0.294829
29755,18,4,291311,78905,67960,212382,429229,1,1,2,0,0.251906
29758,18,2,185791,47430,40299,138350,242832,1,0,0,0,0.161553
29762,18,4,318020,84346,72643,233648,456727,1,1,2,0,0.233132
29765,18,4,287144,78336,67475,208784,429533,1,1,2,0,0.185769
29768,18,4,324211,88217,75869,235968,482513,1,1,2,0,0.239793
29772,18,4,293985,79271,68130,214689,431248,1,1,2,0,0.261887
29775,18,4,344224,94341,81430,249858,516925,1,1,2,0,0.258138
29778,18,4,302946,83087,71507,219833,456054,1,1,2,0,0.263807
29782,18,2,188742,48961,41746,139769,254133,1,0,0,0,0.18188
29785,18,2,197880,51944,44672,145923,270847,1,0,0,0,0.151762
29788,18,2,152087,38827,32904,113248,199871,1,0,0,0,0.176781
29790,18,1,154631,38676,32680,115955,194557,0,0,0,0,0.0750956
29791,18,1,157578,39714,33872,117864,200003,0,0,0,0,0.0641409
29792,18,1,150011,38164,32695,111847,194305,0,0,0,0,0.0637447
29793,18,1,136423,35189,30569,101234,180821,0,0,0,0,0.0688109
29794,18,1,167279,43246,37518,124033,222482,0,0,0,0,0.0697349
29795,18,1,172441,44144,38401,128297,224880,0,0,0,0,0.0694242
29796,18,1,165641,42753,37337,122888,218723,0,0,0,0,0.0705238
29797,18,4,307215,83222,71587,223967,455061,1,1,2,0,0.290781
29798,18,1,158786,40644,35545,118142,207210,0,0,0,0,0.0660901
29799,18,1,158604,40611,35525,117993,207094,0,0,0,0,0.0663703
29812,18,4,308767,82805,71289,225936,450916,1,1,2,0,0.321595
29815,18,4,329398,89961,77312,239412,492212,1,1,2,0,0.263507
29818,18,4,332612,90863,78227,241723,497753,1,1,2,0,0.256
29822,18,4,283893,77074,66143,206794,421445,1,1,2,0,0.198109
29825,18,4,353576,96809,83600,256741,530369,1,1,2,0,0.187455
29828,18,2,197240,51800,43995,145427,270643,1,0,0,0,0.129564
29832,18,2,187022,48707,41607,138303,253893,1,0,0,0,0.131471
29835,18,2,206031,54376,46734,151642,284485,1,0,0,0,0.130227
29838,18,2,150990,38807,32761,112171,200917,1,0,0,0,0.177938
29840,18,1,148721,37485,31783,111236,190406,0,0,0,0,0.075917
29841,18,1,151933,39087,33505,112846,199690,0,0,0,0,0.0654713
29842,18,1,147347,37966,32499,109381,195671,0,0,0,0,0.0641782
29844,18,1,167379,43974,38019,123405,228094,0,0,0,0,0.0688056
29845,18,1,174964,45364,39468,129600,232932,0,0,0,0,0.0709233
29846,18,1,177782,46097,40340,131685,236352,0,0,0,0,0.0613263
29847,18,4,310487,84222,72112,226239,460854,1,1,2,0,0.302422
29848,18,1,162929,42434,36980,120495,219519,0,0,0,0,0.0676871
29849,18,1,167216,43144,37929,124072,220531,0,0,0,0,0.0683039
29853,18,1,134786,35524,30889,99262,185208,0,0,0,0,0.0679425
29862,18,4,328826,90386,77788,238414,497351,1,1,2,0,0.241929
29865,18,4,342505,94160,81129,248319,517276,1,1,2,0,0.268402
29868,18,1,152446,39966,34611,112480,208167,0,0,0,0,0.0662139
29872,18,2,147065,37799,31873,109254,195519,1,0,0,0,0.172872
29875,18,4,307942,84174,72797,223743,461859,1,1,2,0,0.253517
29878,18,2,148316,37832,31841,110472,195540,1,0,0,0,0.18958
29880,18,1,143964,36142,30474,107822,184056,0,0,0,0,0.0780226
29881,18,2,199392,53015,45225,146365,277882,1,0,0,0,0.196508
29882,18,2,196630,52388,44874,144230,275021,1,0,0,0,0.159945
29884,18,2,214375,57332,49151,157030,300818,1,0,0,0,0.168649
29885,18,2,210299,56615,48528,153672,298019,1,0,0,0,0.184143
29888,18,1,160579,42242,36420,118337,219816,0,0,0,0,0.0713549
29889,18,1,165866,43034,37029,122832,221028,0,0,0,0,0.0659943
29893,18,2,202037,54438,46497,147586,286991,1,0,0,0,0.18955
29896,18,2,215335,58776,50330,156547,310741,1,0,0,0,0.14277
29897,18,1,145532,37427,31523,108105,194599,0,0,0,0,0.0556675
29902,18,1,138721,35598,30364,103123,183569,0,0,0,0,0.0493039
29905,18,1,145645,37525,32302,108120,193870,0,0,0,0,0.0496029
29908,18,1,154106,39672,34017,114434,205084,0,0,0,0,0.0532442
29910,18,1,141107,36781,31718,104326,189924,0,0,0,0,0.0486739
29911,18,1,157245,41273,35704,115972,213452,0,0,0,0,0.0521027
29914,18,1,171726,45458,39443,126268,235049,0,0,0,0,0.0487302
29919,18,1,174900,46797,40933,128103,243344,0,0,0,0,0.0656617
29922,18,1,158179,41293,35751,116886,213029,0,0,0,0,0.0474436
29923,18,2,196670,52613,44557,144044,276589,1,0,0,0,0.183822
29925,18,2,253395,67232,58031,186152,350907,1,0,0,0,0.22747
29926,18,2,205908,55501,47212,150394,292006,1,0,0,0,0.197729
29927,18,2,150408,38621,32428,111774,200064,1,0,0,0,0.229424
29928,18,1,164218,42247,36593,121971,216612,0,0,0,0,0.0688284
29940,18,1,135422,35885,30965,99537,187559,0,0,0,0,0.0758139
29941,18,1,154904,41246,35325,113658,215705,0,0,0,0,0.0680813
29942,18,1,153840,40498,35352,113342,210606,0,0,0,0,0.0611287
29943,18,2,193500,51705,43629,141782,272109,1,0,0,0,0.204291
29944,18,1,168360,45248,39211,123112,236627,0,0,0,0,0.095925
29945,18,2,247443,65565,56614,181867,342847,1,0,0,0,0.190926
29946,18,2,205919,55196,46941,150710,290110,1,0,0,0,0.208835
29947,18,2,148272,38121,32089,110138,197449,1,0,0,0,0.315169
29948,18,1,164219,42273,36650,121946,216795,0,0,0,0,0.0857752
29949,18,1,168292,45440,39519,122852,238284,0,0,0,0,0.123798
30520,9,4,241542,62446,53238,179076,335261,1,1,2,0,0.362847
30521,9,4,241810,62499,53256,179291,335505,1,1,2,0,0.334798
30522,9,4,244627,63430,54057,181171,342717,1,1,2,0,0.398296
30523,9,4,259781,67524,57886,192231,364521,1,1,2,0,0.568608
30524,9,4,255656,66146,57178,189489,354650,1,1,2,0,0.289658
30525,9,4,247633,64335,55150,183275,346710,1,1,2,0,0.306205
30526,9,4,263251,68816,59375,194410,370210,1,1,2,0,0.344108
30527,9,4,266491,70094,60086,196372,379739,1,1,2,0,0.287806
30528,9,4,270093,71148,61398,198919,384986,1,1,2,0,0.264132
30529,9,4,257132,67922,57795,189184,368693,1,1,2,0,0.268844
30530,9,4,241946,62495,53191,179431,335536,1,1,2,0,0.386264
30531,9,4,242214,62548,53209,179646,335780,1,1,2,0,0.370209
30532,9,4,245098,63524,54052,181548,343231,1,1,2,0,0.324791
30533,9,4,260187,67628,57935,192533,365131,1,1,2,0,0.494604
30534,9,4,256088,66278,57254,189789,355417,1,1,2,0,0.318736
30535,9,4,248289,64496,55248,183770,347576,1,1,2,0,0.341006
30536,9,4,263804,68956,59466,194823,370990,1,1,2,0,0.235431
30537,9,4,266954,70186,60136,196743,380235,1,1,2,0,0.290372
30538,9,4,270672,71309,61498,199337,385933,1,1,2,0,0.306988
30539,9,4,257907,68115,57929,189766,369768,1,1,2,0,0.29564
30540,9,4,244465,63462,54198,180977,343025,1,1,2,0,0.306123
30541,9,4,244677,63474,54218,181177,342961,1,1,2,0,0.312309
30542,9,4,242766,63397,53820,179343,345228,1,1,2,0,0.378112
30543,9,4,254096,66518,56813,187552,362001,1,1,2,0,0.406408
30544,9,4,294976,78056,67058,216894,421347,1,1,2,0,0.311901
30545,9,4,299675,80250,69247,219399,437249,1,1,2,0,0.255016
30546,9,4,295168,78490,67294,216653,427062,1,1,2,0,0.31822
30547,9,4,292533,78418,67800,214089,428043,1,1,2,0,0.276167
30548,9,4,297780,79958,68809,217798,435934,1,1,2,0,0.327385
30549,9,4,291978,77713,66395,214241,420939,1,1,2,0,0.309189
30550,9,4,261434,68010,58284,193398,367337,1,1,2,0,0.509674
30551,9,4,279837,74081,63406,205732,400666,1,1,2,0,0.28347
30552,9,4,259642,67601,58348,192016,362773,1,1,2,0,0.29747
30553,9,4,229438,60119,51832,169294,326924,1,1,2,0,0.277104
30554,9,4,298397,79400,68900,218972,430313,1,1,2,0,0.32945
30555,9,4,272071,71786,62335,200261,387916,1,1,2,0,0.370258
30556,9,4,250793,65240,56735,185528,352510,1,1,2,0,0.257528
30557,9,5,253556,66931,57052,186589,363788,1,1,2,1,0.558096
30558,9,4,274838,71797,61858,203016,386113,1,1,2,0,0.253463
30559,9,4,288503,76394,66039,212083,413952,1,1,2,0,0.290211
30560,9,4,261663,68059,58320,193578,367610,1,1,2,0,0.374891
30561,9,4,279967,74165,63507,205778,401143,1,1,2,0,0.321368
30562,9,2,151030,38786,33193,112232,200569,1,0,0,0,0.251815
30563,9,2,183226,47965,41318,135249,250817,1,0,0,0,0.223475
30564,9,4,298365,79382,68892,218958,430158,1,1,2,0,0.238046
30565,9,2,155733,39786,34032,115935,205016,1,0,0,0,0.16567
30566,9,2,193325,50674,43592,142639,264539,1,0,0,0,0.193121
30567,9,2,155649,40571,34837,115066,210449,1,0,0,0,0.174749
30568,9,4,289594,76161,65835,213407,411451,1,1,2,0,0.29715
30569,9,4,288510,76357,65962,212127,413718,1,1,2,0,0.316137
30570,9,1,127514,31695,27358,95819,162710,0,0,0,0,0.11221
30571,9,2,170526,44251,37941,126263,229223,1,0,0,0,0.232059
30572,9,2,186265,48120,41325,138133,250318,1,0,0,0,0.191554
30573,9,1,115468,28784,24674,86684,148734,0,0,0,0,0.0787695
30574,9,4,297339,79738,68635,217575,435776,1,1,2,0,0.285373
30575,9,2,194376,50502,43587,143862,262949,1,0,0,0,0.219711
30576,9,1,137219,34770,30195,102449,178962,0,0,0,0,0.0915789
30577,9,1,149542,38227,33458,111315,195651,0,0,0,0,0.0862638
30578,9,4,286059,75577,64907,210456,410594,1,1,2,0,0.386158
30579,9,4,280355,74792,63748,205537,408547,1,1,2,0,0.323639
30580,9,1,136371,34377,29873,101994,176454,0,0,0,0,0.138447
30581,9,1,149590,36990,31768,112600,186593,0,0,0,0,0.143107
30582,9,1,139637,34958,29950,104679,179196,0,0,0,0,0.109815
30583,9,1,134706,34232,29244,100474,176884,0,0,0,0,0.111302
30584,9,1,162413,41085,35851,121328,210333,0,0,0,0,0.116543
30585,9,1,154652,39146,34251,115506,200885,0,0,0,0,0.110379
30586,9,1,154255,39210,34235,115045,202030,0,0,0,0,0.112445
30587,9,1,156623,39233,33981,117390,199619,0,0,0,0,0.105718
30588,9,1,146830,36622,31963,110208,186470,0,0,0,0,0.0870026
30589,9,1,140398,35448,31065,104950,182172,0,0,0,0,0.0922459
30590,9,4,259975,67484,58029,192470,362212,1,1,2,0,0.311529
30591,9,4,259953,67447,57982,192485,361933,1,1,2,0,0.304955
30592,9,4,292363,76386,65651,215951,411942,1,1,2,0,0.347484
30593,9,4,309312,81252,70038,228034,438613,1,1,2,0,0.40017
30594,9,4,271744,70837,60747,200886,377519,1,1,2,0,0.235236
30595,9,4,258281,67672,58391,190585,365154,1,1,2,0,0.317921
30596,9,4,276478,72299,62695,204154,387521,1,1,2,0,0.35513
30597,9,2,171278,42817,36336,128449,217860,1,0,0,0,0.221506
30598,9,2,183882,46131,39007,137739,234543,1,0,0,0,0.192715
30599,9,1,126557,30948,26165,95609,155291,0,0,0,0,0.0654953
30600,9,4,244059,63138,54233,180898,339955,1,1,2,0,0.301231
30601,9,4,244185,63124,54213,181038,339743,1,1,2,0,0.328693
30602,9,4,274237,71667,61715,202544,388210,1,1,2,0,0.300265
30603,9,4,285241,75177,64833,210038,408221,1,1,2,0,0.570243
30604,9,4,261528,68691,59252,192813,369083,1,1,2,0,0.337369
30605,9,4,262717,70114,60325,192578,381727,1,1,2,0,0.297427
30606,9,4,268273,71722,62437,196526,391111,1,1,2,0,0.412444
30607,9,4,293357,78645,67875,214686,428807,1,1,2,0,0.287854
30608,9,4,301781,80470,69874,221285,437547,1,1,2,0,0.326401
30609,9,4,280448,75171,65212,205253,408127,1,1,2,0,0.2989
30610,9,4,264697,69231,59315,195441,372715,1,1,2,0,0.252685
30611,9,4,287123,76103,65894,210995,410412,1,1,2,0,0.242373
30612,9,4,282782,75314,65290,207443,407511,1,1,2,0,0.292132
30613,9,4,285704,76357,66071,209322,413817,1,1,2,0,0.309898
30614,9,4,276783,73989,63618,202768,402559,1,1,2,0,0.278118
30615,9,4,298283,80942,69478,217316,442595,1,1,2,0,0.228071
30616,9,4,314308,84727,72628,229555,462168,1,1,2,0,0.3547
30617,9,4,287831,76429,66008,211376,416234,1,1,2,0,0.344312
30618,9,4,310730,82847,71725,227858,450502,1,1,2,0,0.368486
30619,9,4,291088,78550,68112,212513,427731,1,1,2,0,0.315448
30620,9,4,265097,69299,59345,195773,372981,1,1,2,0,0.36773
30621,9,4,287321,76171,65955,211125,410772,1,1,2,0,0.310207
30622,9,2,148509,38103,32371,110395,196822,1,0,0,0,0.202888
30623,9,2,190913,49990,42961,140911,260875,1,0,0,0,0.217436
30624,9,4,276582,73902,63598,202654,402063,1,1,2,0,0.31311
30625,9,4,287814,77785,66545,210004,425453,1,1,2,0,0.273601
30626,9,2,197532,51639,44299,145880,268955,1,0,0,0,0.205302
30627,9,4,249986,66080,57196,183881,359554,1,1,2,0,0.277187
30628,9,2,156467,39970,33802,116485,205559,1,0,0,0,0.184977
30629,9,4,291213,78634,68133,212554,428253,1,1,2,0,0.350757
30630,9,1,136561,33456,28333,103105,168562,0,0,0,0,0.075546
30631,9,2,155926,40408,34553,115506,208626,1,0,0,0,0.19838
30632,9,2,152238,39465,33794,112761,204405,1,0,0,0,0.216174
30633,9,1,136944,34506,29398,102438,175853,0,0,0,0,0.0876041
30634,9,4,284848,77648,66869,207174,426215,1,1,2,0,0.305945
30635,9,4,288227,77606,66811,210595,423829,1,1,2,0,0.319009
30636,9,1,157503,40110,34326,117393,203893,0,0,0,0,0.093338
30637,9,4,246705,65136,56038,181544,352809,1,1,2,0,0.367132
30638,9,2,195749,50684,43278,145053,262779,1,0,0,0,0.218745
30639,9,2,195095,50500,43091,144583,261824,1,0,0,0,0.206612
30640,9,1,145872,36287,31301,109585,183311,0,0,0,0,0.102126
30641,9,1,157869,38748,32978,119121,192349,0,0,0,0,0.0741301
30642,9,1,147894,36869,31593,111025,186178,0,0,0,0,0.102085
30643,9,1,145643,36527,31142,109116,185771,0,0,0,0,0.0774033
30644,9,1,171264,43696,37939,127568,223150,0,0,0,0,0.097211
30645,9,1,177938,44940,39161,132998,227182,0,0,0,0,0.103614
30646,9,1,182079,45601,39689,136478,228400,0,0,0,0,0.0553997
30647,9,4,308000,82163,71045,225811,446255,1,1,2,0,0.348753
30648,9,4,308635,81957,70881,226652,443474,1,1,2,0,0.335469
30649,9,4,308093,81738,70728,226329,442104,1,1,2,0,0.320729
30650,9,4,263527,68999,59207,194504,373464,1,1,2,0,0.337513
30651,9,4,263740,69017,59221,194699,373481,1,1,2,0,0.333475
30652,9,4,262940,69412,59282,193502,378317,1,1,2,0,0.345709
30653,9,4,271519,72238,62079,199255,394317,1,1,2,0,0.470286
30654,9,4,304565,80658,68956,223883,432224,1,1,2,0,0.37444
30655,9,4,303067,81305,70311,221738,441593,1,1,2,0,0.342759
30656,9,4,306051,82079,71163,223946,446979,1,1,2,0,0.351373
30657,9,4,298856,80248,69543,218583,437456,1,1,2,0,0.339914
30658,9,4,306622,81926,70942,224671,446314,1,1,2,0,0.302151
30659,9,4,289259,77391,67306,211844,419241,1,1,2,0,0.295755
30660,9,4,275128,72292,62215,202810,390429,1,1,2,0,0.296345
30661,9,4,273247,72592,62752,200630,393310,1,1,2,0,0.25127
30662,9,4,273405,73077,63138,200303,397235,1,1,2,0,0.252859
30663,9,4,275290,74044,64046,201221,403499,1,1,2,0,0.265572
30664,9,4,279561,75152,64592,204383,409322,1,1,2,0,0.221605
30665,9,4,341317,92214,79611,249077,502432,1,1,2,0,0.268963
30666,9,4,337364,91172,78493,246166,496703,1,1,2,0,0.235212
30667,9,4,291661,78144,67386,213491,425844,1,1,2,0,0.26324
30668,9,2,199628,52223,44396,147393,272230,1,0,0,0,0.149956
30669,9,4,303712,82181,71475,221506,447643,1,1,2,0,0.249419
30670,9,4,275494,72358,62253,203110,390732,1,1,2,0,0.247458
30671,9,4,273260,72600,62767,200635,393357,1,1,2,0,0.208166
30672,9,2,188013,49305,42084,138696,257913,1,0,0,0,0.165901
30673,9,2,187553,49540,42403,138001,259888,1,0,0,0,0.17352
30674,9,4,279750,75207,64771,204517,409626,1,1,2,0,0.259621
30675,9,4,334664,90493,78343,244145,493719,1,1,2,0,0.258961
30676,9,2,201596,52997,45144,148586,276870,1,0,0,0,0.183097
30677,9,4,252692,67239,58071,185428,366171,1,1,2,0,0.29884
30678,9,2,155833,40056,33761,115765,206924,1,0,0,0,0.199761
30679,9,4,304040,82332,71555,221683,448525,1,1,2,0,0.241521
30680,9,1,127112,31446,26558,95666,160852,0,0,0,0,0.0644559
30681,9,2,195396,51085,43692,144298,266032,1,0,0,0,0.194646
30682,9,2,186935,49104,42045,137819,256810,1,0,0,0,0.19312
30683,9,1,132660,33889,29174,98771,175169,0,0,0,0,0.0712143
30684,9,4,327811,89605,77203,238180,490104,1,1,2,0,0.344478
30685,9,4,334297,90117,78062,244154,490417,1,1,2,0,0.324977
30686,9,1,166116,42368,36287,123748,215053,0,0,0,0,0.100246
30687,9,4,250972,66818,57497,184129,362410,1,1,2,0,0.359216
30688,9,2,193996,50861,43386,143123,265795,1,0,0,0,0.226931
30689,9,2,196426,51096,43667,145318,265522,1,0,0,0,0.219891
30690,9,1,137359,34505,29671,102854,176865,0,0,0,0,0.0902712
30691,9,1,151292,37530,32240,113762,188993,0,0,0,0,0.0901874
30692,9,1,142293,35734,30618,106559,182654,0,0,0,0,0.0783542
30693,9,1,139075,35064,29962,104011,180409,0,0,0,0,0.104752
30694,9,1,161688,41314,35535,120374,212965,0,0,0,0,0.106158
30695,9,1,168842,42698,36959,126144,218048,0,0,0,0,0.100162
30696,9,1,181972,45539,39608,136433,227998,0,0,0,0,0.105313
30697,9,4,286929,76904,66057,209999,419967,1,1,2,0,0.32496
30698,9,4,293229,78039,67097,215164,424212,1,1,2,0,0.392744
30699,9,4,309185,82039,70937,227120,443742,1,1,2,0,0.327919
30700,9,4,261475,68791,58333,192658,372714,1,1,2,0,0.303206
30701,9,4,292445,78489,67327,213930,426063,1,1,2,0,0.45377
30702,9,4,309688,83925,72075,225737,459483,1,1,2,0,0.309371
30703,9,4,316818,86128,74051,230664,471842,1,1,2,0,0.392353
30704,9,4,307649,82807,71222,224816,449637,1,1,2,0,0.317442
30705,9,4,326353,88754,76628,237573,485702,1,1,2,0,0.300319
30706,9,4,317754,86270,74167,231458,472290,1,1,2,0,0.311389
30707,9,1,144808,37062,31674,107746,191008,0,0,0,0,0.0762947
30708,9,1,157719,40987,35050,116732,212531,0,0,0,0,0.10613
30709,9,1,158219,40196,34496,118023,203717,0,0,0,0,0.0963889
30710,9,4,261652,68828,58350,192798,372906,1,1,2,0,0.371539
30711,9,4,292525,78534,67361,213965,426342,1,1,2,0,0.202605
30712,9,2,148384,38017,32225,110355,196395,1,0,0,0,0.142255
30713,9,2,149256,38811,32571,110433,201628,1,0,0,0,0.173403
30714,9,4,307699,82844,71262,224829,449904,1,1,2,0,0.203609
30715,9,4,296095,79819,69009,216251,435333,1,1,2,0,0.189196
30716,9,4,283276,76235,66261,207016,416189,1,1,2,0,0.192234
30717,9,2,146366,37806,31869,108548,196259,1,0,0,0,0.135319
30718,9,2,150513,38775,32836,111726,200735,1,0,0,0,0.130264
30719,9,1,157866,39999,34318,117867,202430,0,0,0,0,0.0521281
30720,9,1,122989,30552,25709,92437,156977,0,0,0,0,0.0616118
30721,9,2,151407,39222,33224,112173,202956,1,0,0,0,0.143761
30722,9,2,149626,38809,32993,110805,201573,1,0,0,0,0.179572
30723,9,2,149309,38900,33152,110397,202076,1,0,0,0,0.183288
30724,9,4,284374,76623,65569,207726,418017,1,1,2,0,0.232599
30725,9,4,282877,76044,65323,206808,415077,1,1,2,0,0.220819
30726,9,2,156378,40828,34700,115538,212227,1,0,0,0,0.172003
30727,9,2,148250,38417,32398,109821,199569,1,0,0,0,0.152982
30728,9,2,193708,50880,43501,142816,265980,1,0,0,0,0.146483
30729,9,2,174863,46212,39366,128638,241468,1,0,0,0,0.138012
30730,9,1,134067,33775,28806,100292,173795,0,0,0,0,0.0958221
30731,9,2,197770,52115,45164,145644,271523,1,0,0,0,0.172488
30732,9,2,148756,38844,33276,109899,201882,1,0,0,0,0.13839
30733,9,2,150209,39358,33564,110841,205093,1,0,0,0,0.153287
30734,9,2,211958,56365,49033,155581,294269,1,0,0,0,0.150019
30735,9,2,160598,42305,36242,118280,220301,1,0,0,0,0.163851
30736,9,2,159330,41894,35912,117426,218079,1,0,0,0,0.194178
30737,9,1,134122,33987,28725,100135,175979,0,0,0,0,0.0715031
30738,9,1,135464,33934,28913,101530,174343,0,0,0,0,0.0734554
30739,9,1,141796,35429,30467,106367,179983,0,0,0,0,0.0521831
30740,9,4,294250,77730,67270,216494,420095,1,1,2,0,0.201897
30741,9,4,305530,81251,70315,224253,439067,1,1,2,0,0.208272
30742,9,1,139038,35142,30332,103896,178974,0,0,0,0,0.0652209
30743,9,2,185493,47662,40483,137819,247553,1,0,0,0,0.126969
30744,9,4,326661,87404,75668,239231,472463,1,1,2,0,0.19356
30745,9,1,153088,38872,33655,114216,197911,0,0,0,0,0.0462519
30746,9,4,314605,83436,72114,231144,451291,1,1,2,0,0.199927
30747,9,1,160124,40157,35100,119967,202857,0,0,0,0,0.0461527
30748,9,1,139577,34413,29380,105164,173391,0,0,0,0,0.0448011
30749,9,1,147408,37030,31798,110378,187436,0,0,0,0,0.0641702
30750,9,2,182393,47218,40229,135163,245208,1,0,0,0,0.1468
30751,9,2,185262,48179,41209,137071,250603,1,0,0,0,0.130568
30752,9,2,184831,48014,40705,136805,250621,1,0,0,0,0.139655
30753,9,2,181211,46802,39621,134396,244002,1,0,0,0,0.135894
30754,9,4,318045,85440,74302,232579,464337,1,1,2,0,0.206134
30755,9,2,196553,51607,43840,144934,269926,1,0,0,0,0.164321
30756,9,2,188456,48629,41260,139815,252635,1,0,0,0,0.156448
30757,9,2,198443,51739,44101,146691,269463,1,0,0,0,0.162208
30758,9,1,139467,34486,29174,104981,173199,0,0,0,0,0.0675803
30759,9,1,144826,36749,31534,108077,188410,0,0,0,0,0.0694263
30760,9,1,130952,32411,27375,98541,164159,0,0,0,0,0.0648227
30761,9,1,147260,37279,32137,109981,190353,0,0,0,0,0.0645161
30762,9,1,152606,38427,33059,114179,195896,0,0,0,0,0.0512443
30763,9,2,162672,42876,36483,119784,224104,1,0,0,0,0.138985
30764,9,1,163767,42069,36236,121698,214920,0,0,0,0,0.0515338
30765,9,1,162745,41262,36012,121483,210435,0,0,0,0,0.0520179
30766,9,2,170552,45434,38760,125106,238103,1,0,0,0,0.136439
30767,9,2,202559,52994,45406,149552,276001,1,0,0,0,0.150589
30768,9,1,161401,40704,35005,120697,206602,0,0,0,0,0.0525432
30769,9,1,156433,39777,34333,116656,203268,0,0,0,0,0.0849915
30770,9,2,174070,44959,37811,129099,234335,1,0,0,0,0.152026
30771,9,2,179601,46836,39743,132753,244721,1,0,0,0,0.170797
30772,9,2,183323,47674,40422,135637,249081,1,0,0,0,0.144039
30773,9,2,176585,46012,38985,130560,241039,1,0,0,0,0.141595
30774,9,4,309311,83439,72022,225846,455369,1,1,2,0,0.233937
30775,9,2,192760,50750,43244,141998,265945,1,0,0,0,0.196908
30776,9,2,187921,48498,40991,139411,252336,1,0,0,0,0.154586
30777,9,1,151249,38726,33719,112523,199775,0,0,0,0,0.0701617
30778,9,1,139410,34487,29168,104923,173239,0,0,0,0,0.052431
30779,9,1,140124,36013,31054,104111,186932,0,0,0,0,0.0636936
30780,9,1,121714,30573,25842,91141,157305,0,0,0,0,0.0534206
30781,9,1,139861,35789,30724,104072,184979,0,0,0,0,0.0545701
30782,9,1,146946,37259,32236,109687,191747,0,0,0,0,0.0532431
30783,9,2,188306,49471,42363,138822,259204,1,0,0,0,0.155136
30784,9,1,157829,40679,35269,117150,210042,0,0,0,0,0.0568279
30785,9,1,158161,40407,35071,117754,208000,0,0,0,0,0.0615393
30786,9,2,199743,52642,45138,147088,275445,1,0,0,0,0.174825
30787,9,1,160257,41540,35856,118717,214990,0,0,0,0,0.0567993
30788,9,1,161191,40657,34986,120534,206389,0,0,0,0,0.0520424
30789,9,1,147667,37973,32770,109694,196678,0,0,0,0,0.0912322
30790,9,1,116955,29465,24618,87490,152297,0,0,0,0,0.0623427
30791,9,1,135631,35066,29916,100565,182549,0,0,0,0,0.0549602
30792,9,1,143510,36990,31637,106520,191962,0,0,0,0,0.079258
30793,9,1,143455,37040,31685,106415,192393,0,0,0,0,0.0802571
30794,9,1,151397,39290,33747,112107,204232,0,0,0,0,0.0667814
30795,9,1,152695,39568,33896,113127,205674,0,0,0,0,0.0610825
30796,9,1,152674,39575,33914,113099,205714,0,0,0,0,0.0963927
30797,9,1,155177,40123,34529,115054,208561,0,0,0,0,0.0614761
30798,9,1,155216,40126,34506,115090,208542,0,0,0,0,0.0659002
30799,9,1,144810,37197,31778,107613,193123,0,0,0,0,0.0858571
32760,9,1,99405,25990,21850,73415,137916,0,0,0,0,0.0649837
32761,9,1,121625,31612,26792,90013,166386,0,0,0,0,0.0603307
32764,9,1,139991,36795,31660,103196,193220,0,0,0,0,0.0783911
32769,9,1,132822,34655,29498,98167,181879,0,0,0,0,0.08657
32770,9,1,121038,31555,26895,89483,166224,0,0,0,0,0.0545995
32771,9,1,142792,37526,32474,105266,197587,0,0,0,0,0.0530052
32774,9,1,151825,40087,34911,111738,210001,0,0,0,0,0.0551305
32779,9,1,150144,39132,33891,111012,204854,0,0,0,0,0.0776752
32780,9,1,127159,33253,28091,93906,175026,0,0,0,0,0.0548732
32781,9,1,147403,38707,32877,108696,204053,0,0,0,0,0.0528968
32784,9,1,153548,41388,35332,112160,217913,0,0,0,0,0.0569949
32789,9,1,166411,43935,37782,122476,229438,0,0,0,0,0.0583859
32790,9,1,127151,33249,28090,93902,175002,0,0,0,0,0.0536638
32791,9,1,159421,41864,35924,117557,219623,0,0,0,0,0.0546948
32794,9,1,151867,40497,34942,111370,212808,0,0,0,0,0.0597531
32799,9,1,152081,40079,34446,112002,210339,0,0,0,0,0.0736646
32800,9,1,154438,40599,35043,113839,213419,0,0,0,0,0.0759324
32801,9,1,164254,43105,37382,121149,225197,0,0,0,0,0.0610982
32804,9,1,158893,42346,36431,116547,222092,0,0,0,0,0.0864917
32809,9,1,145035,38120,32478,106915,200566,0,0,0,0,0.0640712
32830,9,1,138619,36322,31196,102297,190550,0,0,0,0,0.0635912
32831,9,2,306731,80832,69515,225886,424425,1,0,0,0,0.198411
32834,9,2,274780,73738,64072,201029,388320,1,0,0,0,0.191406
32839,9,1,163356,42652,36736,120704,222291,0,0,0,0,0.0852359
32840,9,1,137262,36406,30587,100856,192259,0,0,0,0,0.0778127
32841,9,1,154809,40930,35134,113879,215336,0,0,0,0,0.0774247
32844,9,1,169801,46222,39952,123579,242530,0,0,0,0,0.0656864
32849,9,1,179730,47273,40648,132457,244899,0,0,0,0,0.0601554
32850,9,1,137191,36383,30577,100808,192122,0,0,0,0,0.0601667
32851,9,1,166030,43755,37894,122275,228740,0,0,0,0,0.0578921
32854,9,1,167960,45270,39497,122690,237344,0,0,0,0,0.0657808
32859,9,1,162683,42650,36522,120033,222095,0,0,0,0,0.0608912
32860,9,1,162004,42552,37117,119452,222919,0,0,0,0,0.0534194
32861,9,1,173330,45569,39606,127761,237593,0,0,0,0,0.0542134
32864,9,1,168523,45097,39105,123426,235651,0,0,0,0,0.0643753
32869,9,1,153932,40347,34370,113585,210618,0,0,0,0,0.063125
32890,9,1,147277,39023,33218,108254,205783,0,0,0,0,0.0736961
32891,9,1,155839,41033,35481,114806,213841,0,0,0,0,0.0585083
32894,9,1,160684,42338,36339,118346,222591,0,0,0,0,0.0569362
32899,9,1,170400,45043,39269,125357,235949,0,0,0,0,0.0544908
32900,9,1,147094,38979,33192,108115,205546,0,0,0,0,0.0596981
32901,9,1,169120,44413,38585,124707,230719,0,0,0,0,0.0598012
32904,9,1,171951,45306,39365,126645,237271,0,0,0,0,0.0671661
32909,9,1,183366,48489,42158,134877,252838,0,0,0,0,0.0797801
32910,9,1,169908,44721,38452,125187,233379,0,0,0,0,0.0645753
32911,9,1,170034,44743,38475,125291,233420,0,0,0,0,0.0782667
32914,9,1,191064,50438,43299,140626,261802,0,0,0,0,0.0603705
32919,9,1,190946,50296,43522,140650,260771,0,0,0,0,0.0627596
32940,9,1,126571,32822,27907,93749,172416,0,0,0,0,0.0848441
32941,9,1,126712,33595,28288,93117,178607,0,0,0,0,0.065464
32944,9,1,144363,38302,32565,106061,202389,0,0,0,0,0.0705955
32949,9,1,150135,39694,34669,110441,208658,0,0,0,0,0.0725084
32950,9,1,147105,38135,32881,108970,199681,0,0,0,0,0.106782
32951,9,1,140013,36644,31266,103369,193250,0,0,0,0,0.0626637
32954,9,1,150117,38903,33555,111214,203319,0,0,0,0,0.0529621
32959,9,1,154834,40362,35233,114472,210017,0,0,0,0,0.0662313
32980,9,1,159961,41337,35942,118624,214859,0,0,0,0,0.072023
32981,9,1,148496,38758,33446,109738,202885,0,0,0,0,0.0535888
32984,9,1,159221,41375,35998,117846,214951,0,0,0,0,0.0533617
32989,9,1,154609,40297,35155,114312,209638,0,0,0,0,0.052951
33030,9,1,144735,37311,32285,107424,195235,0,0,0,0,0.110374
33031,9,1,171166,44721,38923,126445,232835,0,0,0,0,0.0777796
33032,9,1,151486,39505,33937,111981,206737,0,0,0,0,0.074064
33033,9,1,136371,35499,30442,100872,186319,0,0,0,0,0.074293
33034,9,1,159892,41789,36571,118103,218906,0,0,0,0,0.0710871
33035,9,1,163583,42988,37458,120595,225440,0,0,0,0,0.0720218
33036,9,1,159482,41760,36281,117722,219020,0,0,0,0,0.0735986
33037,9,1,163911,43108,37455,120803,226262,0,0,0,0,0.0719862
33038,9,1,161568,42253,36309,119315,221157,0,0,0,0,0.0704702
33039,9,1,148893,39033,33773,109860,205110,0,0,0,0,0.0725315
33322,18,1,130182,34094,28699,96088,179416,0,0,0,0,0.0545118
33325,18,1,139444,36861,31261,102583,194003,0,0,0,0,0.0744049
33328,18,1,148769,39140,33299,109629,205579,0,0,0,0,0.0814444
33332,18,1,147397,39211,33841,108186,207175,0,0,0,0,0.0598496
33335,18,1,155737,41262,35622,114475,217000,0,0,0,0,0.0717717
33338,18,1,159258,41989,35963,117269,220030,0,0,0,0,0.0690347
33342,18,1,153327,40335,34506,112992,212473,0,0,0,0,0.06677
33345,18,1,169802,45754,39092,124048,242565,0,0,0,0,0.0829426
33348,18,1,167171,44604,37813,122567,234585,0,0,0,0,0.0814888
33352,18,1,164200,43472,37312,120728,228878,0,0,0,0,0.0665149
33355,18,1,169838,45581,38863,124257,241448,0,0,0,0,0.0629904
33358,18,1,156719,41796,35539,114923,220866,0,0,0,0,0.0605714
33362,18,1,153669,40054,34578,113615,210095,0,0,0,0,0.0576966
33365,18,1,176232,47446,40844,128786,251482,0,0,0,0,0.0603229
33368,18,1,170039,45306,38920,124733,239264,0,0,0,0,0.0547217
33370,18,1,140751,36617,31194,104134,192675,0,0,0,0,0.0592414
33371,18,1,148727,38674,32993,110053,203003,0,0,0,0,0.0774925
33372,18,1,154865,40264,34624,114601,210937,0,0,0,0,0.0673703
33373,18,1,144095,37477,32059,106618,196857,0,0,0,0,0.0849762
33374,18,1,172168,45949,39092,126219,242876,0,0,0,0,0.0730192
33375,18,1,161924,43154,36877,118770,228253,0,0,0,0,0.0630507
33376,18,1,178753,48398,41328,130355,256829,0,0,0,0,0.0851107
33377,18,1,157564,41514,35714,116050,217896,0,0,0,0,0.0549842
33378,18,1,158756,42202,35964,116554,222728,0,0,0,0,0.0612826
33379,18,1,140143,36635,30972,103508,192438,0,0,0,0,0.0676163
33392,18,1,165745,43959,38187,121786,230668,0,0,0,0,0.0592459
33395,18,1,172780,46000,39951,126780,240810,0,0,0,0,0.0797027
33398,18,1,171834,45357,39048,126477,236445,0,0,0,0,0.0678954
33402,18,1,161837,42588,36607,119249,223810,0,0,0,0,0.0578708
33405,18,1,181927,49471,42435,132456,261963,0,0,0,0,0.0586529
33408,18,1,173993,46399,39479,127594,243148,0,0,0,0,0.057148
33412,18,1,175731,46767,40161,128964,245782,0,0,0,0,0.0783506
33415,18,1,182983,49488,42765,133495,261984,0,0,0,0,0.052808
33418,18,1,162640,43553,37100,119087,229839,0,0,0,0,0.0500442
33422,18,1,168146,44248,38303,123898,231679,0,0,0,0,0.0549313
33425,18,1,191338,51569,44692,139769,272031,0,0,0,0,0.0528839
33428,18,1,179856,48010,41289,131846,253064,0,0,0,0,0.049882
33430,18,1,149744,39000,33179,110744,204613,0,0,0,0,0.0501774
33431,18,1,156585,41005,35120,115580,214838,0,0,0,0,0.0505168
33432,18,1,154686,40206,34608,114480,210586,0,0,0,0,0.0543057
33433,18,1,156761,40900,35011,115861,214535,0,0,0,0,0.0689606
33434,18,1,184908,49541,42354,135367,261272,0,0,0,0,0.05671
33435,18,1,171129,45506,39049,125623,239119,0,0,0,0,0.0527972
33436,18,1,188805,51123,43588,137682,270216,0,0,0,0,0.0592344
33437,18,1,157440,41463,35680,115977,217534,0,0,0,0,0.0512761
33438,18,1,166176,44062,37504,122114,231335,0,0,0,0,0.057237
33439,18,1,147389,38521,32469,108868,201367,0,0,0,0,0.0562121
33452,18,1,163752,43527,38095,120225,229305,0,0,0,0,0.0554182
33455,18,1,178026,48020,41192,130006,254420,0,0,0,0,0.0536096
33458,18,1,177826,47792,40926,130034,253242,0,0,0,0,0.0548743
33462,18,1,178490,47207,41498,131283,247123,0,0,0,0,0.0565424
33465,18,1,189694,51186,44231,138508,270548,0,0,0,0,0.0529099
33468,18,1,186194,50035,43127,136159,263876,0,0,0,0,0.0577914
33472,18,1,173387,45296,39101,128091,235262,0,0,0,0,0.055928
33475,18,1,194623,51924,44928,142699,273799,0,0,0,0,0.0549459
33478,18,1,197057,52765,45685,144292,278566,0,0,0,0,0.0537772
33480,18,1,158217,41172,35482,117045,215818,0,0,0,0,0.0565972
33481,18,1,158077,41148,35448,116929,215721,0,0,0,0,0.0626907
33482,18,1,149933,38956,33278,110977,204996,0,0,0,0,0.0587802
33484,18,1,176493,46672,39395,129821,244170,0,0,0,0,0.0631751
33485,18,1,175360,47028,39988,128332,248863,0,0,0,0,0.0570812
33486,18,1,177757,47278,40358,130479,249660,0,0,0,0,0.0574701
33487,18,1,173936,46367,39664,127569,245060,0,0,0,0,0.0721672
33488,18,1,173156,46035,39017,127121,243183,0,0,0,0,0.0550166
33489,18,1,171791,45588,38628,126203,239145,0,0,0,0,0.0595513
33493,18,1,164626,43641,37669,120985,230127,0,0,0,0,0.0800757
33502,18,1,162211,43073,37249,119138,225950,0,0,0,0,0.0591535
33505,18,1,160094,43001,37386,117093,226651,0,0,0,0,0.0546743
33508,18,1,162602,43626,37486,118976,229768,0,0,0,0,0.0557344
33512,18,1,157249,41316,35679,115933,217180,0,0,0,0,0.0573596
33515,18,1,164952,43856,38216,121096,231786,0,0,0,0,0.05333
33518,18,1,164388,43982,38007,120406,232712,0,0,0,0,0.0562278
33520,18,1,147325,38181,32993,109144,200089,0,0,0,0,0.0731592
33521,18,1,169142,44919,38849,124223,237012,0,0,0,0,0.0561029
33522,18,1,169130,45082,39069,124048,237902,0,0,0,0,0.0601917
33524,18,1,167590,44503,37803,123087,234654,0,0,0,0,0.0526305
33525,18,1,179916,48082,41663,131834,254151,0,0,0,0,0.0574991
33528,18,1,176311,47260,40470,129051,250005,0,0,0,0,0.0759632
33529,18,1,168128,44842,38207,123286,236427,0,0,0,0,0.0532422
33533,18,1,169661,45604,39074,124057,241568,0,0,0,0,0.0587176
33536,18,1,175280,47177,40795,128103,250242,0,0,0,0,0.0558896
33537,18,1,180125,48077,41738,132048,253459,0,0,0,0,0.0584991
33542,18,1,151219,38892,33375,112327,202413,0,0,0,0,0.0526872
33545,18,1,163636,43197,37710,120439,227668,0,0,0,0,0.0574249
33548,18,1,164146,43575,37720,120571,229907,0,0,0,0,0.0854868
33550,18,1,158868,41829,36183,117039,219735,0,0,0,0,0.0851504
33551,18,1,181630,48441,41604,133189,254349,0,0,0,0,0.0595804
33554,18,1,173817,46271,39537,127546,243388,0,0,0,0,0.0577497
33559,18,1,168126,44844,38211,123282,236462,0,0,0,0,0.0574389
33562,18,1,160306,42235,36232,118071,221571,0,0,0,0,0.0628923
33563,18,1,152791,40342,34791,112449,212786,0,0,0,0,0.0615883
33565,18,1,174309,46292,39797,128017,244274,0,0,0,0,0.0611659
33566,18,1,172211,46087,39614,126124,244028,0,0,0,0,0.0621103
33567,18,1,181193,48734,42315,132459,257583,0,0,0,0,0.0624413
33568,18,1,169640,45219,38662,124421,239217,0,0,0,0,0.057311
33580,18,1,158642,41625,35996,117017,218738,0,0,0,0,0.0828617
33581,18,1,183342,48546,41531,134796,253484,0,0,0,0,0.0656235
33582,18,1,168881,44742,38252,124139,234919,0,0,0,0,0.0651689
33583,18,1,144176,37543,31937,106633,197109,0,0,0,0,0.0611515
33584,18,1,179948,48428,41988,131520,256246,0,0,0,0,0.0788552
33585,18,1,180012,48226,41647,131786,254560,0,0,0,0,0.0849922
33586,18,1,162295,42728,36877,119567,224479,0,0,0,0,0.0726195
33587,18,1,173842,45627,39594,128215,238284,0,0,0,0,0.0589758
33588,18,1,180917,48394,41997,132523,254388,0,0,0,0,0.0601624
33589,18,1,169811,45286,39261,124525,238938,0,0,0,0,0.08549
35280,9,1,109877,28401,24305,81476,148315,0,0,0,0,0.0774244
35281,9,1,131113,33983,29208,97130,176896,0,0,0,0,0.051929
35284,9,2,192101,49893,42731,142196,259371,1,0,0,0,0.15482
35289,9,1,135614,34986,30273,100628,181161,0,0,0,0,0.0733121
35290,9,1,127758,33156,28746,94602,172598,0,0,0,0,0.0521419
35291,9,2,291868,74977,64501,216878,387134,1,0,0,0,0.17647
35294,9,2,199686,52085,44691,147588,270956,1,0,0,0,0.16102
35299,9,2,196126,51088,43612,145025,266287,1,0,0,0,0.177899
35300,9,1,139069,36792,31663,102277,192469,0,0,0,0,0.0804388
35301,9,2,194395,51172,43769,143210,267493,1,0,0,0,0.189596
35304,9,2,171548,45766,39032,125769,239776,1,0,0,0,0.173202
35309,9,2,204099,53734,46142,150352,280706,1,0,0,0,0.143275
35310,9,1,138979,36779,31664,102200,192410,0,0,0,0,0.049798
35311,9,2,199637,52731,45127,146894,275738,1,0,0,0,0.193101
35314,9,2,207434,56086,47931,151335,295381,1,0,0,0,0.191419
35319,9,2,191808,50182,42703,141613,261713,1,0,0,0,0.170351
35320,9,2,198666,52323,44697,146330,273374,1,0,0,0,0.162131
35321,9,2,202434,53296,45575,149125,278586,1,0,0,0,0.152032
35324,9,2,166784,44407,37471,122366,232934,1,0,0,0,0.142953
35329,9,2,272615,71462,60666,201142,372249,1,0,0,0,0.170595
35350,9,1,139253,35981,31253,103272,186321,0,0,0,0,0.0509193
35351,9,2,280363,73390,62876,206960,381044,1,0,0,0,0.162393
35354,9,2,204268,53140,45444,151115,275832,1,0,0,0,0.183252
35359,9,2,197538,50975,43534,146550,264631,1,0,0,0,0.167392
35360,9,1,144376,38153,32898,106223,199173,0,0,0,0,0.0674655
35361,9,2,198302,51673,44014,146616,269200,1,0,0,0,0.16668
35364,9,2,174882,46299,39355,128570,241668,1,0,0,0,0.13761
35369,9,2,207199,54472,46714,152714,284346,1,0,0,0,0.156904
35370,9,1,144286,38143,32912,106143,199127,0,0,0,0,0.0766083
35371,9,2,204265,53639,45891,150614,279730,1,0,0,0,0.148011
35374,9,2,213886,57550,48999,156323,302089,1,0,0,0,0.13796
35379,9,2,194609,50827,43232,143769,264932,1,0,0,0,0.153164
35380,9,2,204333,53758,45908,150562,280790,1,0,0,0,0.157418
35381,9,2,206432,54354,46553,152065,284002,1,0,0,0,0.145868
35384,9,2,171113,45424,38437,125678,237724,1,0,0,0,0.147429
35389,9,2,270129,70928,60295,199190,368787,1,0,0,0,0.166002
35410,9,1,147434,38499,32892,108935,199927,0,0,0,0,0.0521674
35411,9,2,218443,56501,48650,161929,291818,1,0,0,0,0.180889
35414,9,2,202442,52986,45533,149443,276339,1,0,0,0,0.18468
35419,9,2,202240,52641,45443,149586,274074,1,0,0,0,0.159027
35420,9,1,147310,38490,32899,108820,199908,0,0,0,0,0.052823
35421,9,2,199003,51703,44126,147288,268307,1,0,0,0,0.146609
35424,9,2,201872,53131,45391,148729,277874,1,0,0,0,0.138248
35429,9,2,206386,54349,46974,152024,284267,1,0,0,0,0.144868
35430,9,2,205361,53523,45452,151825,277991,1,0,0,0,0.15135
35431,9,2,206613,53897,45814,152703,280109,1,0,0,0,0.147406
35434,9,2,206660,54637,46366,152011,285614,1,0,0,0,0.146061
35439,9,2,204362,53890,46297,150460,281855,1,0,0,0,0.163523
35460,9,1,132719,34546,29641,98173,179423,0,0,0,0,0.0790686
35461,9,1,129105,33563,28849,95542,175300,0,0,0,0,0.0553124
35464,9,2,224465,59536,50828,164916,311137,1,0,0,0,0.148728
35469,9,2,229418,60566,52351,168839,315569,1,0,0,0,0.150951
35470,9,2,223318,58575,50257,164731,304562,1,0,0,0,0.212223
35471,9,2,220273,57718,49354,162542,300465,1,0,0,0,0.165505
35474,9,2,197572,51790,44048,145769,270365,1,0,0,0,0.164972
35479,9,2,199801,52034,44326,147754,271253,1,0,0,0,0.165513
35500,9,2,229783,59946,51353,169825,310621,1,0,0,0,0.212699
35501,9,2,226239,59438,50648,166789,309439,1,0,0,0,0.149152
35504,9,2,200340,52326,44469,148001,272683,1,0,0,0,0.167206
35509,9,2,198536,51425,43655,147098,267632,1,0,0,0,0.136895
35550,9,1,151135,39834,34539,111301,206797,0,0,0,0,0.107024
35551,9,1,169159,44100,38186,125059,227062,0,0,0,0,0.11495
35552,9,1,152745,39813,34411,112932,205392,0,0,0,0,0.093146
35553,9,1,141444,36759,31470,104685,190502,0,0,0,0,0.0714524
35554,9,1,160176,41501,36197,118675,214296,0,0,0,0,0.0930911
35555,9,1,164915,42908,37212,122007,221471,0,0,0,0,0.0735571
35556,9,1,163798,42757,37221,121041,221024,0,0,0,0,0.0757159
35557,9,1,161639,41842,36146,119797,216556,0,0,0,0,0.0996197
35558,9,1,162230,41629,35727,120601,213932,0,0,0,0,0.100491
35559,9,1,153068,39629,34057,113439,204707,0,0,0,0,0.0889263
35842,18,1,136779,35127,29998,101652,181458,0,0,0,0,0.0616148
35845,18,1,148680,38731,33292,109949,200601,0,0,0,0,0.0596833
35848,18,1,152367,39556,34346,112811,204209,0,0,0,0,0.0627807
35852,18,1,154718,40230,34863,114488,208277,0,0,0,0,0.0575987
35855,18,2,203651,53467,45992,150171,278989,1,0,0,0,0.197107
35858,18,2,201746,52702,45199,149031,274140,1,0,0,0,0.188886
35862,18,1,156738,40883,35632,115855,212088,0,0,0,0,0.0578326
35865,18,2,164168,43252,37230,120903,225562,1,0,0,0,0.165873
35868,18,2,204846,54206,46882,150627,283620,1,0,0,0,0.167125
35872,18,2,199138,52979,45380,146146,277570,1,0,0,0,0.164712
35875,18,2,158690,41303,35469,117374,214360,1,0,0,0,0.144687
35878,18,1,163304,42744,36778,120560,221483,0,0,0,0,0.0717228
35882,18,2,290511,76608,65964,213892,398963,1,0,0,0,0.239044
35885,18,2,323024,86497,74869,236515,452420,1,0,0,0,0.170526
35888,18,2,315717,83754,72041,231951,436968,1,0,0,0,0.15243
35890,18,1,146555,37847,32659,108708,196105,0,0,0,0,0.0471976
35891,18,1,154419,39652,34510,114767,204407,0,0,0,0,0.0500396
35892,18,1,158949,40718,35422,118231,209398,0,0,0,0,0.0508584
35893,18,1,159262,42460,36831,116802,221994,0,0,0,0,0.0683186
35894,18,1,184193,48937,42463,135256,254331,0,0,0,0,0.0589332
35895,18,1,170652,44689,38806,125963,231233,0,0,0,0,0.0515209
35896,18,1,191768,52043,44977,139725,272659,0,0,0,0,0.0580602
35897,18,1,166176,43423,37683,122753,224294,0,0,0,0,0.0536859
35898,18,1,166804,44108,38258,122696,229239,0,0,0,0,0.0515857
35899,18,1,147336,38570,33095,108766,200307,0,0,0,0,0.0517407
35912,18,1,168413,43733,37878,124680,225477,0,0,0,0,0.0493492
35915,18,2,207099,54036,46378,153050,281247,1,0,0,0,0.129263
35918,18,2,206222,53757,46105,152452,279223,1,0,0,0,0.151144
35922,18,1,163295,42733,37335,120562,221508,0,0,0,0,0.0502109
35925,18,2,167785,43816,37385,123956,227868,1,0,0,0,0.144203
35928,18,2,209085,55056,47594,154016,287071,1,0,0,0,0.127402
35932,18,2,205112,53946,46036,151153,281683,1,0,0,0,0.140427
35935,18,2,161679,41952,35669,119714,217454,1,0,0,0,0.113448
35938,18,2,234417,61913,53417,172491,323064,1,0,0,0,0.129257
35942,18,2,290108,76467,65890,213630,397571,1,0,0,0,0.165534
35945,18,2,324212,87411,75553,236789,457360,1,0,0,0,0.14776
35948,18,2,314040,83805,72124,230223,437557,1,0,0,0,0.148217
35950,18,1,154671,39675,34445,114996,204539,0,0,0,0,0.0484803
35951,18,1,160666,41189,36108,119477,211388,0,0,0,0,0.0483199
35952,18,1,158500,40581,35359,117919,208617,0,0,0,0,0.0515456
35953,18,1,169983,45400,39528,124583,236913,0,0,0,0,0.0686713
35954,18,1,193440,51761,44765,141679,269341,0,0,0,0,0.055912
35955,18,1,177581,46835,40659,130746,242127,0,0,0,0,0.0499239
35956,18,1,199159,54085,46776,145074,282543,0,0,0,0,0.0581311
35957,18,1,165951,43366,37645,122585,223956,0,0,0,0,0.050776
35958,18,1,173498,45944,39951,127554,238241,0,0,0,0,0.0542572
35959,18,1,152694,40099,34683,112595,208032,0,0,0,0,0.0534095
35972,18,1,163675,42573,37278,121102,219470,0,0,0,0,0.0509077
35975,18,1,183349,49255,43001,134094,257661,0,0,0,0,0.0511465
35978,18,1,178550,47432,41415,131118,247070,0,0,0,0,0.0493385
35982,18,2,300207,78769,68206,221425,406728,1,0,0,0,0.169514
35985,18,2,211520,56592,48521,154915,296827,1,0,0,0,0.126024
35988,18,2,209884,55883,48387,153988,292651,1,0,0,0,0.127401
35992,18,1,173490,44590,38577,128900,226858,0,0,0,0,0.0528147
35995,18,2,218579,58673,50726,159893,308018,1,0,0,0,0.128573
35998,18,2,217341,58062,50020,159266,304738,1,0,0,0,0.163521
36000,18,1,160386,41213,35935,119173,212113,0,0,0,0,0.0574304
36001,18,1,160011,41179,35900,118832,212118,0,0,0,0,0.0558238
36002,18,1,152034,39046,33826,112988,201774,0,0,0,0,0.0550992
36004,18,2,205133,54232,46196,150888,283163,1,0,0,0,0.129871
36005,18,2,214799,58133,50130,156653,306052,1,0,0,0,0.130891
36006,18,2,212279,57285,49380,154981,301383,1,0,0,0,0.137308
36007,18,2,212376,57086,49184,155277,300039,1,0,0,0,0.131922
36008,18,2,214162,57660,49783,156489,303243,1,0,0,0,0.143382
36009,18,2,206150,54469,46758,151668,284733,1,0,0,0,0.143119
36013,18,1,174665,45818,39664,128847,237003,0,0,0,0,0.0733249
36022,18,1,171133,45747,39506,125386,236967,0,0,0,0,0.0689086
36025,18,1,171427,46109,40147,125318,239835,0,0,0,0,0.0684302
36028,18,1,168253,45054,39346,123199,234056,0,0,0,0,0.0578049
36032,18,1,158456,41543,36013,116913,215027,0,0,0,0,0.0514912
36035,18,1,175044,47039,41331,128005,245666,0,0,0,0,0.0530922
36038,18,1,169120,44755,38836,124365,232591,0,0,0,0,0.0511558
36040,18,1,159861,42738,36998,117123,222865,0,0,0,0,0.0696094
36041,18,1,172616,45837,39466,126779,238689,0,0,0,0,0.0555558
36042,18,1,177798,47199,40738,130599,244457,0,0,0,0,0.0563625
36044,18,1,169370,44561,38638,124809,231301,0,0,0,0,0.0550027
36045,18,1,181929,48064,41689,133865,249533,0,0,0,0,0.0549422
36048,18,1,182982,48768,41888,134214,254085,0,0,0,0,0.0516052
36049,18,1,168998,44572,38623,124426,231387,0,0,0,0,0.0515804
36053,18,1,168573,44187,38212,124386,228682,0,0,0,0,0.0545069
36056,18,2,315412,85063,73031,230336,446933,1,0,0,0,0.199948
36057,18,2,321868,85616,73926,236239,447316,1,0,0,0,0.174084
36062,18,1,151474,38803,33505,112671,199133,0,0,0,0,0.0500267
36065,18,1,170086,45017,39483,125069,233909,0,0,0,0,0.0650359
36068,18,1,162876,42431,36925,120445,219492,0,0,0,0,0.0598431
36070,18,1,164656,43998,38345,120658,229074,0,0,0,0,0.0785203
36071,18,1,179644,47478,40639,132166,245777,0,0,0,0,0.0587549
36074,18,1,173402,45777,39746,127625,237484,0,0,0,0,0.0614342
36079,18,1,169008,44598,38641,124410,231577,0,0,0,0,0.0816138
36082,18,1,162363,42457,36669,119906,219078,0,0,0,0,0.0566766
36083,18,1,154717,40076,34688,114641,207163,0,0,0,0,0.0766366
36085,18,1,174778,45800,39573,128978,237227,0,0,0,0,0.0713536
36086,18,1,171679,45171,39146,126508,234892,0,0,0,0,0.0549064
36087,18,1,176577,46679,40694,129898,242762,0,0,0,0,0.0556791
36088,18,1,171349,45166,39075,126183,234787,0,0,0,0,0.0560316
36100,18,1,163029,42641,37037,120388,220348,0,0,0,0,0.101632
36101,18,1,182202,47469,40762,134733,243321,0,0,0,0,0.0591381
36102,18,1,170598,44538,38345,126060,229080,0,0,0,0,0.0564949
36103,18,1,143103,36848,31478,106255,190361,0,0,0,0,0.0529492
36104,18,1,181611,47983,41592,133628,248492,0,0,0,0,0.0532413
36105,18,1,183390,48444,41915,134946,250709,0,0,0,0,0.0546998
36106,18,1,165057,42588,37161,122469,218602,0,0,0,0,0.0535838
36107,18,1,171495,44277,38380,127218,227116,0,0,0,0,0.0530876
36108,18,1,185701,49254,42712,136447,254581,0,0,0,0,0.0548874
36109,18,1,176807,46937,40811,129870,243435,0,0,0,0,0.0559203
37520,9,1,116868,29732,25365,87136,154513,0,0,0,0,0.0478991
37521,9,1,138125,35828,31142,102297,187045,0,0,0,0,0.0723414
37524,9,1,150764,39322,34541,111442,204120,0,0,0,0,0.0551311
37529,9,1,138907,35546,31051,103361,184841,0,0,0,0,0.0686563
37530,9,1,146269,37768,32365,108501,196344,0,0,0,0,0.0525001
37531,9,1,161427,42232,36747,119195,219559,0,0,0,0,0.0717387
37534,9,1,165961,43389,37724,122572,224121,0,0,0,0,0.0586722
37539,9,1,165081,42396,37128,122685,218666,0,0,0,0,0.0895133
37540,9,1,139837,36216,31568,103621,188509,0,0,0,0,0.0479604
37541,9,2,187581,49193,42243,138375,256674,1,0,0,0,0.13664
37544,9,2,230000,62092,53723,167897,326278,1,0,0,0,0.139098
37549,9,1,163905,42470,37012,121435,219125,0,0,0,0,0.0516413
37550,9,1,140007,36268,31604,103739,188805,0,0,0,0,0.0489516
37551,9,2,192664,50453,43526,142198,262913,1,0,0,0,0.143241
37554,9,2,230434,62217,53235,168206,327074,1,0,0,0,0.166914
37559,9,1,153912,39567,34322,114345,204759,0,0,0,0,0.0547528
37560,9,2,227978,60754,52049,167211,318172,1,0,0,0,0.157608
37561,9,2,230440,61119,52580,169308,319634,1,0,0,0,0.150181
37564,9,2,237881,64584,55069,173286,339625,1,0,0,0,0.150994
37569,9,1,148420,38424,33225,109996,199415,0,0,0,0,0.0534325
37590,9,1,129115,33311,28801,95804,173541,0,0,0,0,0.0474918
37591,9,2,217359,57091,48870,160255,298311,1,0,0,0,0.133569
37594,9,2,225505,59096,51007,166396,307418,1,0,0,0,0.130545
37599,9,1,156196,39789,34711,116407,205252,0,0,0,0,0.0659001
37600,9,1,160120,42293,36317,117827,220928,0,0,0,0,0.0490046
37601,9,2,167954,44532,37944,123409,233041,1,0,0,0,0.118732
37604,9,1,157069,41288,36266,115781,215134,0,0,0,0,0.0491322
37609,9,1,183318,48193,42211,135125,248588,0,0,0,0,0.0552652
37610,9,1,160085,42303,36333,117782,221029,0,0,0,0,0.0480178
37611,9,2,172914,45887,39356,127014,240129,1,0,0,0,0.117927
37614,9,1,153259,40212,35161,113047,209502,0,0,0,0,0.0480136
37619,9,1,166681,43754,38193,122927,227101,0,0,0,0,0.0518962
37620,9,2,222082,60360,51891,161709,318871,1,0,0,0,0.129282
37621,9,2,225251,60580,52287,164658,318821,1,0,0,0,0.129064
37624,9,1,139793,36909,32293,102884,192885,0,0,0,0,0.048185
37629,9,1,156997,41375,35558,115622,215486,0,0,0,0,0.0531062
37650,9,1,149197,39310,33657,109887,205240,0,0,0,0,0.0597225
37651,9,2,220822,58042,49706,162767,302744,1,0,0,0,0.138382
37654,9,1,166761,43638,37404,123123,227152,0,0,0,0,0.0548874
37659,9,2,230143,60728,52065,169403,316439,1,0,0,0,0.127454
37660,9,1,148975,39257,33607,109718,204955,0,0,0,0,0.0511264
37661,9,2,228657,60586,52210,168059,316473,1,0,0,0,0.142581
37664,9,1,168120,43832,37730,124288,227598,0,0,0,0,0.0517327
37669,9,2,229573,61099,52504,168462,319847,1,0,0,0,0.127219
37670,9,2,212142,56713,48727,155418,298002,1,0,0,0,0.130514
37671,9,2,212825,56419,48601,156395,295135,1,0,0,0,0.13011
37674,9,2,260877,68346,58464,192519,356627,1,0,0,0,0.146064
37679,9,2,223922,59519,50808,164391,311503,1,0,0,0,0.135806
37700,9,1,140157,36293,31349,103864,188204,0,0,0,0,0.0483804
37701,9,2,216899,56550,48517,160337,294545,1,0,0,0,0.133632
37704,9,1,171576,44847,38875,126729,232543,0,0,0,0,0.0515643
37709,9,1,150848,38290,33149,112558,194486,0,0,0,0,0.0456431
37710,9,2,200432,52258,44621,148161,272182,1,0,0,0,0.162735
37711,9,2,225347,58843,50472,166492,306134,1,0,0,0,0.135529
37714,9,2,269180,70137,60170,199030,364295,1,0,0,0,0.145337
37719,9,1,145075,36865,31958,108210,189547,0,0,0,0,0.0466838
37740,9,2,207167,54200,46204,152954,282524,1,0,0,0,0.134481
37741,9,2,227707,59883,51134,167812,312703,1,0,0,0,0.139371
37744,9,2,268094,70456,60656,197625,367631,1,0,0,0,0.190363
37749,9,1,141852,36372,31813,105480,188194,0,0,0,0,0.0563534
37790,9,1,159182,41165,35453,118017,212159,0,0,0,0,0.088836
37791,9,1,174115,45095,38643,129020,230987,0,0,0,0,0.0673516
37792,9,1,161360,41724,35739,119636,214378,0,0,0,0,0.0700655
37793,9,1,150234,38866,33014,111368,200497,0,0,0,0,0.0530318
37794,9,1,168896,43858,38597,125038,226622,0,0,0,0,0.0522595
37795,9,1,180018,46845,41219,133173,241423,0,0,0,0,0.0755547
37796,9,1,186775,48724,42611,138051,250433,0,0,0,0,0.0628905
37797,9,1,150910,38816,33504,112094,200878,0,0,0,0,0.0500374
37798,9,1,149069,38391,32905,110678,197986,0,0,0,0,0.0483214
37799,9,1,148794,38332,32878,110462,197737,0,0,0,0,0.0481423
38082,18,1,137992,35400,30546,102592,184095,0,0,0,0,0.0503145
38085,18,1,149622,38623,33367,110999,200714,0,0,0,0,0.0503346
38088,18,1,150248,38902,33799,111346,202877,0,0,0,0,0.0524894
38092,18,1,168149,44020,38157,124129,229422,0,0,0,0,0.0545161
38095,18,1,170614,44273,38468,126341,228966,0,0,0,0,0.0607754
38098,18,1,172089,44953,39393,127136,233834,0,0,0,0,0.0563636
38102,18,1,138187,35213,30820,102974,182182,0,0,0,0,0.0469164
38105,18,2,213439,57562,49709,155864,303580,1,0,0,0,0.128603
38108,18,2,209671,55521,47936,154137,291398,1,0,0,0,0.127336
38112,18,1,151379,38946,33917,112433,201654,0,0,0,0,0.0478474
38115,18,2,211068,57084,49110,153971,301154,1,0,0,0,0.127918
38118,18,2,203532,53872,46464,149647,282782,1,0,0,0,0.128233
38122,18,1,151074,38981,34001,112093,202660,0,0,0,0,0.0505897
38125,18,1,170537,45104,39456,125433,236334,0,0,0,0,0.0488771
38128,18,1,162371,42482,36790,119889,221980,0,0,0,0,0.0497895
38130,18,1,145278,37810,33281,107468,197158,0,0,0,0,0.0487648
38131,18,1,152728,39267,34608,113461,203148,0,0,0,0,0.0477434
38132,18,1,158290,39970,34315,118320,204250,0,0,0,0,0.0501688
38133,18,1,150846,39343,34747,111503,205581,0,0,0,0,0.0786009
38134,18,1,170377,44850,39335,125527,233934,0,0,0,0,0.053794
38135,18,1,168831,44344,38833,124487,231141,0,0,0,0,0.0533073
38136,18,1,179408,47627,41892,131781,248451,0,0,0,0,0.0756101
38137,18,1,158748,41248,36050,117500,213483,0,0,0,0,0.0486991
38138,18,1,154802,40746,35686,114056,212943,0,0,0,0,0.050457
38139,18,1,139952,35919,30992,104033,186634,0,0,0,0,0.0499909
38152,18,2,215961,56399,48325,159550,294368,1,0,0,0,0.129658
38155,18,2,227005,59332,51099,167661,309058,1,0,0,0,0.130941
38158,18,1,169968,44464,38985,125504,230723,0,0,0,0,0.0520463
38162,18,1,174980,46486,40403,128494,242882,0,0,0,0,0.0473879
38165,18,1,184481,49455,43293,135026,259473,0,0,0,0,0.0502282
38168,18,1,181353,47596,41525,133757,246544,0,0,0,0,0.0484727
38172,18,1,179998,47958,41996,132040,250094,0,0,0,0,0.0514985
38175,18,1,178848,47827,41823,131021,251049,0,0,0,0,0.0475704
38178,18,1,174607,46134,40113,128473,240267,0,0,0,0,0.0465473
38182,18,1,172390,45697,39701,126693,237751,0,0,0,0,0.0470707
38185,18,2,224615,61176,52888,163426,323056,1,0,0,0,0.120498
38188,18,2,220208,59816,51742,160379,315638,1,0,0,0,0.120447
38190,18,1,170069,45018,39313,125051,235386,0,0,0,0,0.0445561
38191,18,1,180468,47764,41536,132704,248389,0,0,0,0,0.046759
38192,18,1,179720,46857,40623,132863,241743,0,0,0,0,0.0468351
38193,18,1,179593,47889,41811,131704,250629,0,0,0,0,0.0599339
38194,18,2,241494,65169,56101,176313,343003,1,0,0,0,0.126266
38195,18,1,170248,45333,39464,124915,237442,0,0,0,0,0.0455253
38196,18,1,194030,52519,46116,141511,274869,0,0,0,0,0.0511986
38197,18,1,161691,41985,36585,119706,217247,0,0,0,0,0.0432863
38198,18,1,171748,45766,40003,125982,238865,0,0,0,0,0.0470458
38199,18,1,159991,42165,36660,117826,219393,0,0,0,0,0.0497691
38212,18,1,162989,42593,36689,120396,221303,0,0,0,0,0.0497041
38215,18,1,174433,46232,40049,128201,241045,0,0,0,0,0.0462169
38218,18,1,175706,46009,40237,129697,239245,0,0,0,0,0.045416
38222,18,2,206787,55472,47469,151302,291880,1,0,0,0,0.123381
38225,18,1,174416,46278,40212,128138,241252,0,0,0,0,0.0468497
38228,18,1,181997,48299,42308,133698,252479,0,0,0,0,0.0478483
38232,18,1,176823,46892,40981,129931,243115,0,0,0,0,0.0483799
38235,18,2,217231,58754,50805,158465,309836,1,0,0,0,0.118687
38238,18,2,219211,59684,51484,159515,315687,1,0,0,0,0.123082
38240,18,1,163029,42851,37265,120178,222933,0,0,0,0,0.0466251
38241,18,1,166399,43488,38110,122911,224795,0,0,0,0,0.0459929
38242,18,1,167305,43597,37978,123708,225133,0,0,0,0,0.0450696
38244,18,1,154389,41174,35437,113215,215853,0,0,0,0,0.0468405
38245,18,1,168033,45174,39170,122859,236995,0,0,0,0,0.0469739
38246,18,1,176724,47112,40823,129612,246219,0,0,0,0,0.0469583
38247,18,1,172315,46097,40208,126218,241778,0,0,0,0,0.0486385
38248,18,1,180430,48079,41640,132351,251498,0,0,0,0,0.0476725
38249,18,2,241569,65293,56712,176263,343567,1,0,0,0,0.195049
38253,18,1,173687,45903,40266,127784,238998,0,0,0,0,0.0774351
38262,18,1,168069,44037,38404,124032,228148,0,0,0,0,0.0496103
38265,18,1,160707,41530,36217,119177,214880,0,0,0,0,0.0456824
38268,18,1,154425,39449,33871,114976,202822,0,0,0,0,0.047721
38272,18,1,166351,43716,37869,122635,227042,0,0,0,0,0.0445692
38275,18,1,173613,45557,40152,128056,237536,0,0,0,0,0.0475522
38278,18,1,163744,42859,37548,120885,223089,0,0,0,0,0.0493082
38280,18,1,163398,42650,36845,120748,220593,0,0,0,0,0.0595803
38281,18,1,177100,46784,40405,130316,243161,0,0,0,0,0.0545143
38282,18,2,249179,67981,58790,181185,358496,1,0,0,0,0.190165
38284,18,1,184820,48591,42217,136229,252221,0,0,0,0,0.0514593
38285,18,1,196574,52464,45695,144110,274350,0,0,0,0,0.0501936
38288,18,1,171596,45840,39980,125756,239470,0,0,0,0,0.047976
38289,18,1,173645,45707,39880,127938,237066,0,0,0,0,0.04854
38293,18,2,248292,68250,58538,180030,361112,1,0,0,0,0.142011
38296,18,1,188241,50133,43729,138108,262435,0,0,0,0,0.0522462
38297,18,1,168540,43988,38340,124552,228532,0,0,0,0,0.0734004
38302,18,1,156796,41073,35345,115723,213713,0,0,0,0,0.051304
38305,18,2,241495,64326,55669,177157,337646,1,0,0,0,0.13835
38308,18,1,160244,41973,36657,118271,218861,0,0,0,0,0.0584969
38310,18,1,167901,43861,37995,124040,226235,0,0,0,0,0.0536138
38311,18,1,176662,46960,40481,129702,245105,0,0,0,0,0.0761373
38314,18,1,179644,47397,41263,132247,247409,0,0,0,0,0.0715475
38319,18,1,172475,45848,39815,126627,239402,0,0,0,0,0.0739821
38322,18,1,165708,43684,37809,122024,226969,0,0,0,0,0.05744
38323,18,1,161527,42715,36729,118812,222576,0,0,0,0,0.0522268
38325,18,1,201006,53474,46588,147532,279234,0,0,0,0,0.0513542
38326,18,2,247891,68048,58331,179831,361103,1,0,0,0,0.133823
38327,18,1,160410,41879,36305,118531,218203,0,0,0,0,0.0510659
38328,18,1,168985,45268,39415,123717,236739,0,0,0,0,0.0467017
38340,18,1,164911,42959,36726,121952,221481,0,0,0,0,0.0582564
38341,18,1,162390,42121,35926,120269,217507,0,0,0,0,0.047695
38342,18,1,158507,41265,35264,117242,213646,0,0,0,0,0.0448956
38343,18,1,145536,37629,32023,107907,194882,0,0,0,0,0.0463969
38344,18,1,175216,46199,39848,129017,241357,0,0,0,0,0.0476357
38345,18,1,183250,48246,41543,135004,251135,0,0,0,0,0.0513498
38346,18,2,245474,67067,57303,178396,353892,1,0,0,0,0.192718
38347,18,1,147170,38042,32559,109128,197836,0,0,0,0,0.0690834
38348,18,1,163748,43515,37897,120233,227067,0,0,0,0,0.068749
38349,18,1,163696,43517,37883,120179,227137,0,0,0,0,0.0677912
39480,9,1,117505,29907,25427,87598,155437,0,0,0,0,0.0500397
39481,9,1,138763,36001,31254,102762,187961,0,0,0,0,0.0535567
39484,9,1,151280,39465,34601,111815,204888,0,0,0,0,0.0585363
39489,9,1,139181,35654,31068,103527,185443,0,0,0,0,0.102789
39490,9,1,154380,39584,33964,114796,204379,0,0,0,0,0.0793426
39491,9,2,239189,63004,54284,176172,328761,1,0,0,0,0.158985
39494,9,2,242230,63758,55115,178459,331674,1,0,0,0,0.139643
39499,9,1,169341,43616,38451,125725,224354,0,0,0,0,0.0732182
39500,9,2,296059,76496,65872,219551,396103,1,0,0,0,0.210165
39501,9,2,188505,49088,42596,139404,255389,1,0,0,0,0.208425
39504,9,2,177493,47425,40990,130056,248115,1,0,0,0,0.178042
39509,9,1,168872,43505,37802,125367,223078,0,0,0,0,0.0609149
39510,9,2,295909,76452,65833,219445,395871,1,0,0,0,0.213886
39511,9,2,194381,50752,44292,143616,264051,1,0,0,0,0.144283
39514,9,2,178694,47727,41150,130955,249281,1,0,0,0,0.171176
39519,9,1,156282,40103,34725,116179,206439,0,0,0,0,0.0756151
39520,9,2,235721,62398,53884,173310,325552,1,0,0,0,0.203956
39521,9,2,240178,63524,54825,176641,331392,1,0,0,0,0.178388
39524,9,2,246305,66738,57261,179556,349374,1,0,0,0,0.165638
39529,9,1,151403,39141,33947,112262,202019,0,0,0,0,0.0577254
39550,9,1,124049,31714,27314,92335,164380,0,0,0,0,0.0505268
39551,9,1,141653,36389,31785,105264,187827,0,0,0,0,0.0518432
39554,9,1,153332,39448,34562,113884,202602,0,0,0,0,0.0481788
39559,9,1,153791,39039,33809,114752,200436,0,0,0,0,0.0700684
39560,9,1,158234,41505,35303,116729,215839,0,0,0,0,0.051798
39561,9,2,171244,45184,38315,126048,235836,1,0,0,0,0.124401
39564,9,1,155845,40512,35452,115333,210182,0,0,0,0,0.0505747
39569,9,1,180903,47310,41016,133593,243382,0,0,0,0,0.0577666
39570,9,1,158273,41509,35305,116764,215845,0,0,0,0,0.0511664
39571,9,2,180703,47993,40941,132698,250850,1,0,0,0,0.128004
39574,9,1,152238,39732,34592,112506,206775,0,0,0,0,0.0646342
39579,9,1,162325,42269,36562,120056,218563,0,0,0,0,0.0783067
39580,9,2,180836,48307,41437,132516,253281,1,0,0,0,0.17299
39581,9,2,180256,47631,40895,132612,248746,1,0,0,0,0.149069
39584,9,1,142134,37078,32136,105056,193064,0,0,0,0,0.0506671
39589,9,1,151640,39771,34070,111869,206437,0,0,0,0,0.0565199
39610,9,1,135709,35544,30574,100165,185597,0,0,0,0,0.0441438
39611,9,2,212648,55712,47382,156923,291052,1,0,0,0,0.130572
39614,9,1,168068,44075,37788,123993,229457,0,0,0,0,0.0570605
39619,9,2,223266,58655,50290,164599,305482,1,0,0,0,0.181185
39620,9,1,135654,35531,30557,100123,185526,0,0,0,0,0.0446606
39621,9,2,222393,58576,50287,163805,305787,1,0,0,0,0.128259
39624,9,1,173369,45423,39278,127946,235421,0,0,0,0,0.0533614
39629,9,2,230421,60896,52327,169513,317916,1,0,0,0,0.134437
39630,9,2,202139,54016,46072,148112,284343,1,0,0,0,0.131399
39631,9,2,204093,54047,46198,150035,283419,1,0,0,0,0.137285
39634,9,2,270734,70852,60761,199870,368315,1,0,0,0,0.151739
39639,9,2,232349,61867,53010,170470,323388,1,0,0,0,0.157435
39660,9,1,124149,31794,27325,92355,164612,0,0,0,0,0.0483568
39661,9,1,135582,34915,30052,100667,181046,0,0,0,0,0.0477177
39664,9,1,173270,45234,39089,128036,234361,0,0,0,0,0.0533369
39669,9,1,136304,34214,29401,102090,173488,0,0,0,0,0.043749
39670,9,2,189866,49316,41646,140537,257282,1,0,0,0,0.139243
39671,9,2,215982,56286,47952,159684,293244,1,0,0,0,0.147168
39674,9,2,271617,70923,60730,200681,368331,1,0,0,0,0.169984
39679,9,1,140020,35466,30660,104554,181529,0,0,0,0,0.0484294
39700,9,2,195331,50731,43015,144587,264290,1,0,0,0,0.147017
39701,9,2,218157,57024,48442,161121,297789,1,0,0,0,0.147127
39704,9,2,269293,70361,60507,198919,366267,1,0,0,0,0.15513
39709,9,1,144468,36855,32217,107613,189821,0,0,0,0,0.052099
39750,9,1,143117,37262,32156,105855,193025,0,0,0,0,0.0746257
39751,9,1,160276,41446,35493,118830,213042,0,0,0,0,0.0555469
39752,9,1,148258,38327,32814,109931,197611,0,0,0,0,0.0550748
39753,9,1,141706,36718,31126,104988,190151,0,0,0,0,0.0562957
39754,9,1,156544,40326,35386,116218,208059,0,0,0,0,0.0530683
39755,9,1,170195,44045,38561,126150,227169,0,0,0,0,0.0545886
39756,9,1,187887,49098,42892,138789,252501,0,0,0,0,0.0844714
39757,9,1,135488,34869,29846,100619,180761,0,0,0,0,0.0509741
39758,9,1,139403,35881,30861,103522,185285,0,0,0,0,0.052313
39759,9,1,149018,38400,32938,110618,198122,0,0,0,0,0.0496235
