81480,9,1,132660,35888,30783,96772,190056,0,0,0,0,0.0640154
81481,9,1,153764,41243,35529,112521,217768,0,0,0,0,0.0742376
81484,9,1,163092,43236,37646,119856,226769,0,0,0,0,0.0689909
81489,9,1,154182,40954,35600,113228,215445,0,0,0,0,0.0838677
81490,9,1,143989,37743,32787,106246,196013,0,0,0,0,0.0539167
81491,9,2,215929,59335,51645,156581,314400,1,0,0,0,0.157108
81494,9,2,223282,60045,52721,163224,316132,1,0,0,0,0.209166
81499,9,1,166280,43325,37794,122955,223886,0,0,0,0,0.089312
81500,9,1,154134,40140,34885,113994,209380,0,0,0,0,0.057669
81501,9,2,253052,68683,60077,184356,362284,1,0,0,0,0.188921
81504,9,2,266503,73136,63929,193354,387145,1,0,0,0,0.21294
81509,9,1,161573,41452,35949,120121,213130,0,0,0,0,0.0704749
81510,9,1,153992,40117,34880,113875,209259,0,0,0,0,0.0714212
81511,9,2,251449,68030,59421,183406,358406,1,0,0,0,0.164489
81514,9,2,279709,76881,66800,202815,407010,1,0,0,0,0.22487
81519,9,1,147316,37652,32534,109664,193944,0,0,0,0,0.0616378
81520,9,2,265637,71888,62902,193737,377867,1,0,0,0,0.237759
81521,9,2,268100,72287,63364,195801,379167,1,0,0,0,0.211073
81524,9,2,272132,75061,65265,197058,396895,1,0,0,0,0.169955
81529,9,1,138812,35534,30647,103278,183591,0,0,0,0,0.0513496
81550,9,1,136276,35046,30151,101230,180603,0,0,0,0,0.0545679
81551,9,1,155770,40279,35043,115491,207865,0,0,0,0,0.0519021
81554,9,1,167687,43627,38255,124060,224267,0,0,0,0,0.0500586
81559,9,1,157951,40870,35591,117081,211357,0,0,0,0,0.0725806
81560,9,1,170950,47078,40415,123872,248642,0,0,0,0,0.0540915
81561,9,1,185632,50107,43889,135525,262249,0,0,0,0,0.0518066
81564,9,1,175264,47367,40944,127897,248979,0,0,0,0,0.0572409
81569,9,1,168155,43233,37381,124922,221761,0,0,0,0,0.0690045
81570,9,1,170921,47075,40418,123846,248647,0,0,0,0,0.0806957
81571,9,1,196697,53281,46691,143416,278529,0,0,0,0,0.0616856
81574,9,1,176020,47702,41480,128318,251100,0,0,0,0,0.0579508
81579,9,1,153475,39030,33782,114445,200136,0,0,0,0,0.0525734
81580,9,2,357659,96628,83965,261019,506213,1,0,0,0,0.177318
81581,9,2,298022,82175,71785,215834,433325,1,0,0,0,0.185465
81584,9,1,169547,45350,39110,124197,237373,0,0,0,0,0.0592194
81589,9,1,141960,36135,31213,105825,185528,0,0,0,0,0.055934
81610,9,1,145238,38947,33696,106291,204820,0,0,0,0,0.0512837
81611,9,2,275005,76063,66450,198930,404040,1,0,0,0,0.21135
81614,9,1,167939,44071,38099,123868,228178,0,0,0,0,0.0692488
81619,9,1,171141,44591,38830,126550,229671,0,0,0,0,0.0507575
81620,9,1,145127,38903,33674,106224,204580,0,0,0,0,0.0483511
81621,9,2,287357,79145,69552,208200,419317,1,0,0,0,0.177364
81624,9,1,175315,45894,39834,129421,237102,0,0,0,0,0.0577792
81629,9,1,175368,45611,40072,129757,234379,0,0,0,0,0.073326
81630,9,1,157870,41321,36144,116549,214413,0,0,0,0,0.0697871
81631,9,1,166356,43430,38224,122926,224575,0,0,0,0,0.0524741
81634,9,1,181820,48155,41824,133665,249633,0,0,0,0,0.0702907
81639,9,1,182034,47468,41281,134566,243380,0,0,0,0,0.0618644
81660,9,1,153679,40139,34077,113540,209916,0,0,0,0,0.0593701
81661,9,1,160841,42415,36613,118426,222681,0,0,0,0,0.0585273
81664,9,1,185256,48914,42516,136342,253034,0,0,0,0,0.0620212
81669,9,2,272845,72810,63950,200023,378939,1,0,0,0,0.167766
81670,9,1,170225,45322,38990,124903,237212,0,0,0,0,0.0778717
81671,9,1,158883,41819,36492,117064,218244,0,0,0,0,0.0733866
81674,9,2,187841,51422,45363,136406,272192,1,0,0,0,0.187571
81679,9,2,262705,69766,60820,192927,363986,1,0,0,0,0.177362
81700,9,1,174660,46314,39824,128346,240858,0,0,0,0,0.0863135
81701,9,1,151929,39989,34817,111940,208734,0,0,0,0,0.0529802
81704,9,2,187711,51073,44768,136625,269403,1,0,0,0,0.168378
81709,9,2,263392,69585,60914,193795,361935,1,0,0,0,0.194946
81750,9,1,170736,44530,38724,126206,231896,0,0,0,0,0.118039
81751,9,1,175865,45862,39313,130003,237262,0,0,0,0,0.0641767
81752,9,1,166255,43436,37284,122819,226448,0,0,0,0,0.0641649
81753,9,1,162988,42609,36424,120379,222984,0,0,0,0,0.0628916
81754,9,1,176341,46738,40267,129603,244508,0,0,0,0,0.0637966
81755,9,1,180972,47675,41156,133297,247906,0,0,0,0,0.0641271
81756,9,1,203109,53818,47059,149291,278068,0,0,0,0,0.0772446
81757,9,1,158622,41402,35473,117220,216076,0,0,0,0,0.0800383
81758,9,1,161012,41878,35808,119134,217952,0,0,0,0,0.0569018
81759,9,1,170165,44396,38276,125769,229775,0,0,0,0,0.0658094
82042,18,1,158175,42954,36856,115221,227740,0,0,0,0,0.0838444
82045,18,1,163678,43887,37609,119791,231374,0,0,0,0,0.0797712
82048,18,1,169003,44960,38944,124043,236520,0,0,0,0,0.0881318
82052,18,1,168808,44071,38423,124737,227849,0,0,0,0,0.064207
82055,18,1,174772,45618,40138,129154,235246,0,0,0,0,0.0759263
82058,18,1,170678,43964,37969,126714,226474,0,0,0,0,0.0733866
82062,18,2,248520,67302,59038,181205,356548,1,0,0,0,0.239314
82065,18,1,198406,53447,46522,144959,279951,0,0,0,0,0.069904
82068,18,1,179734,47002,40683,132732,243380,0,0,0,0,0.0490946
82072,18,2,250247,67742,59277,182492,358701,1,0,0,0,0.188482
82075,18,1,194086,52050,45182,142036,272144,0,0,0,0,0.0521508
82078,18,1,170205,44690,38558,125515,232519,0,0,0,0,0.0526816
82082,18,1,167654,43087,37376,124567,222285,0,0,0,0,0.0520637
82085,18,1,177232,47288,41170,129944,246550,0,0,0,0,0.049669
82088,18,1,164034,43557,37921,120477,227559,0,0,0,0,0.0477496
82090,18,1,144211,36975,32516,107236,191620,0,0,0,0,0.0462952
82091,18,1,152859,39186,34416,113673,202382,0,0,0,0,0.0508352
82092,18,1,156260,40212,35170,116048,208673,0,0,0,0,0.0507177
82093,18,1,163104,42568,37346,120536,222109,0,0,0,0,0.0684794
82094,18,1,180217,47792,41670,132425,248459,0,0,0,0,0.0535803
82095,18,1,169419,44894,39321,124525,234061,0,0,0,0,0.0525973
82096,18,1,185318,49124,42909,136194,255553,0,0,0,0,0.0667215
82097,18,1,157699,41513,36189,116186,216551,0,0,0,0,0.0498774
82098,18,1,168400,44148,38147,124252,229878,0,0,0,0,0.0708628
82099,18,1,151390,39383,33890,112007,205323,0,0,0,0,0.0771937
82112,18,1,162207,42474,37047,119733,220556,0,0,0,0,0.0540374
82115,18,1,169473,44597,38966,124876,231692,0,0,0,0,0.0556862
82118,18,1,172377,45178,39169,127199,234558,0,0,0,0,0.0621977
82122,18,1,183345,49385,43150,133960,258863,0,0,0,0,0.0547291
82125,18,1,186033,49871,43223,136162,261293,0,0,0,0,0.055326
82128,18,1,190878,51288,44034,139590,267692,0,0,0,0,0.0571515
82132,18,1,191078,51463,44875,139615,269073,0,0,0,0,0.0592118
82135,18,1,188260,50626,44038,137634,266043,0,0,0,0,0.0702498
82138,18,1,180650,48824,41936,131826,256150,0,0,0,0,0.0675191
82142,18,1,193166,51996,45009,141170,272466,0,0,0,0,0.0728759
82145,18,2,305518,84922,74031,220584,450373,1,0,0,0,0.153664
82148,18,1,186564,50607,43877,135957,266077,0,0,0,0,0.0553766
82150,18,1,185739,50404,43846,135335,264958,0,0,0,0,0.0615845
82151,18,1,194618,52267,45464,142351,272855,0,0,0,0,0.0616373
82152,18,1,202164,54692,47350,147472,285962,0,0,0,0,0.0627505
82153,18,1,197989,54676,48110,143313,289427,0,0,0,0,0.075679
82154,18,1,183509,49164,42677,134345,258043,0,0,0,0,0.0728411
82155,18,1,180769,48388,41876,132381,253261,0,0,0,0,0.0689339
82156,18,1,203454,55606,47652,147848,292342,0,0,0,0,0.0576276
82157,18,1,178536,47969,41192,130567,250277,0,0,0,0,0.0540447
82158,18,1,187368,51228,44141,136140,269594,0,0,0,0,0.0812928
82159,18,1,174107,47299,40754,126808,248774,0,0,0,0,0.0809961
82172,18,1,158410,41636,36254,116774,217697,0,0,0,0,0.0685654
82175,18,1,173591,46030,39700,127561,239975,0,0,0,0,0.0613772
82178,18,1,190483,51527,44705,138956,270291,0,0,0,0,0.0616629
82182,18,1,172534,45610,39701,126924,238208,0,0,0,0,0.0539085
82185,18,1,180798,47910,41168,132888,249473,0,0,0,0,0.0596931
82188,18,1,198497,53524,46275,144973,279495,0,0,0,0,0.0597207
82192,18,1,169346,44307,38390,125039,229753,0,0,0,0,0.0596525
82195,18,1,189361,50360,43557,139001,262768,0,0,0,0,0.0742573
82198,18,1,200376,53942,46852,146434,282077,0,0,0,0,0.0736724
82200,18,1,158260,41506,36353,116754,216046,0,0,0,0,0.058993
82201,18,1,167612,44296,38748,123316,230770,0,0,0,0,0.0497856
82202,18,1,178361,47625,41410,130736,250110,0,0,0,0,0.0649631
82204,18,1,159242,41544,35757,117698,215793,0,0,0,0,0.0515228
82205,18,1,178738,47819,41469,130919,249965,0,0,0,0,0.0533397
82206,18,1,185325,49667,43100,135658,259840,0,0,0,0,0.0538578
82207,18,1,187325,50380,44003,136945,263954,0,0,0,0,0.0554387
82208,18,2,301276,83376,72861,217888,441989,1,0,0,0,0.190327
82209,18,2,252570,69093,60544,183464,365029,1,0,0,0,0.152825
82213,18,1,170450,45586,39944,124864,239634,0,0,0,0,0.0746608
82222,18,1,182644,48880,42300,133764,255946,0,0,0,0,0.0814809
82225,18,1,183785,49437,42682,134348,259270,0,0,0,0,0.0746759
82228,18,1,174945,46853,40626,128092,246027,0,0,0,0,0.0820309
82232,18,1,168940,44581,38723,124359,232949,0,0,0,0,0.0691072
82235,18,1,191142,51245,44395,139897,268062,0,0,0,0,0.051834
82238,18,1,172167,46007,40284,126160,241617,0,0,0,0,0.0523255
82240,18,1,171843,45496,39431,126347,237873,0,0,0,0,0.0567184
82241,18,1,175487,46257,39777,129230,241900,0,0,0,0,0.0490004
82242,18,1,185176,49783,43172,135393,261907,0,0,0,0,0.0509363
82244,18,1,191916,50823,43507,141093,264274,0,0,0,0,0.0549253
82245,18,1,214104,58078,50308,156026,304688,0,0,0,0,0.0547621
82248,18,1,183378,48954,42492,134424,256303,0,0,0,0,0.0526692
82249,18,1,181861,48633,42309,133228,253901,0,0,0,0,0.0499919
82253,18,1,185423,49908,43346,135515,262030,0,0,0,0,0.0512682
82256,18,1,194643,53171,45914,141472,280328,0,0,0,0,0.0560482
82257,18,1,179597,48220,42029,131377,253355,0,0,0,0,0.0544721
82262,18,1,160178,41579,36244,118599,215394,0,0,0,0,0.0463954
82265,18,1,196583,52957,46078,143626,276912,0,0,0,0,0.053358
82268,18,1,168755,44218,38649,124537,230212,0,0,0,0,0.0499495
82270,18,1,175974,46197,40023,129777,240526,0,0,0,0,0.0582653
82271,18,1,166846,43592,37486,123254,227067,0,0,0,0,0.0499175
82274,18,1,183983,48656,41832,135327,253622,0,0,0,0,0.0496734
82279,18,1,181051,48256,42150,132795,251407,0,0,0,0,0.0501249
82282,18,1,179209,47886,41381,131323,251480,0,0,0,0,0.0513861
82283,18,1,163042,43149,37490,119893,225811,0,0,0,0,0.0611309
82285,18,1,214014,58327,50880,155687,306982,0,0,0,0,0.0562073
82286,18,1,196369,53378,46266,142991,280957,0,0,0,0,0.0729419
82287,18,1,170376,45094,39221,125282,236061,0,0,0,0,0.0644809
82288,18,1,173844,45861,40008,127983,239567,0,0,0,0,0.05542
82300,18,1,174700,46242,39894,128458,242105,0,0,0,0,0.0718004
82301,18,1,162415,42592,36297,119823,221195,0,0,0,0,0.0504843
82302,18,1,157448,41273,35260,116175,215399,0,0,0,0,0.0492255
82303,18,1,141773,36920,32401,104853,192758,0,0,0,0,0.0525054
82304,18,1,177939,47340,40621,130599,248020,0,0,0,0,0.0574644
82305,18,1,183203,48784,41993,134419,254390,0,0,0,0,0.0680697
82306,18,1,189233,50575,44411,138658,262926,0,0,0,0,0.0552839
82307,18,1,149582,38743,33354,110839,201671,0,0,0,0,0.0532347
82308,18,1,158748,41386,36211,117362,215514,0,0,0,0,0.0484256
82309,18,1,163912,42815,37564,121097,221864,0,0,0,0,0.0469933
83720,9,1,119769,31758,26829,88011,168658,0,0,0,0,0.062741
83721,9,1,139538,37194,31846,102344,197358,0,0,0,0,0.084405
83724,9,1,152174,40233,34909,111941,211955,0,0,0,0,0.0686118
83729,9,1,143600,38136,32572,105464,202028,0,0,0,0,0.10156
83730,9,1,130018,33428,29055,96590,173534,0,0,0,0,0.0633606
83731,9,2,191157,51203,44136,139941,271408,1,0,0,0,0.18706
83734,9,2,193991,50911,44037,143067,267856,1,0,0,0,0.14919
83739,9,1,155749,40640,34942,115109,211447,0,0,0,0,0.0974375
83740,9,1,145100,37548,32217,107552,196893,0,0,0,0,0.0590157
83741,9,2,224429,60373,52305,164043,320117,1,0,0,0,0.201958
83744,9,2,229381,62164,54396,167204,330475,1,0,0,0,0.204891
83749,9,1,150807,38723,33331,112084,200259,0,0,0,0,0.0578559
83750,9,1,145141,37563,32228,107578,196968,0,0,0,0,0.0592086
83751,9,2,226214,60761,52452,165440,322110,1,0,0,0,0.168452
83754,9,1,161939,42522,36810,119417,221763,0,0,0,0,0.0582032
83759,9,1,136086,34611,29652,101475,179050,0,0,0,0,0.0774128
83760,9,1,147854,37774,32582,110080,194755,0,0,0,0,0.0597494
83761,9,1,159597,40792,35278,118805,209214,0,0,0,0,0.0737027
83764,9,1,155210,40684,35221,114526,210974,0,0,0,0,0.080201
83769,9,1,127455,32250,27514,95205,166882,0,0,0,0,0.0812888
83790,9,1,153376,40086,34705,113290,207710,0,0,0,0,0.0594423
83791,9,2,332011,87587,75213,244411,456049,1,0,0,0,0.181516
83794,9,2,172675,45619,39248,127043,238846,1,0,0,0,0.122016
83799,9,2,210384,56268,48911,154103,295961,1,0,0,0,0.189463
83800,9,1,157952,41891,35963,116061,217920,0,0,0,0,0.0514962
83801,9,2,168775,45520,39344,123242,240431,1,0,0,0,0.15413
83804,9,2,167118,43958,38166,123147,229372,1,0,0,0,0.130499
83809,9,2,221678,59559,51822,162107,313169,1,0,0,0,0.147572
83810,9,1,157906,41853,35939,116053,217643,0,0,0,0,0.0488577
83811,9,2,173241,46519,40310,126709,245354,1,0,0,0,0.136973
83814,9,2,325349,87686,76259,237650,459595,1,0,0,0,0.238551
83819,9,2,207231,55362,47782,151856,291419,1,0,0,0,0.18539
83820,9,2,340997,91217,78941,249768,477137,1,0,0,0,0.189663
83821,9,2,178615,47921,41586,130681,252538,1,0,0,0,0.165282
83824,9,1,185855,50245,43746,135610,261633,0,0,0,0,0.0745096
83829,9,1,154316,39757,33822,114559,205307,0,0,0,0,0.0582609
83850,9,1,167728,44686,38634,123042,232551,0,0,0,0,0.0702624
83851,9,2,345320,92832,79880,252476,486117,1,0,0,0,0.231602
83854,9,2,162744,43012,37533,119720,225290,1,0,0,0,0.208751
83859,9,2,168462,44574,38645,123875,233834,1,0,0,0,0.185011
83860,9,1,167640,44672,38619,122968,232517,0,0,0,0,0.0612946
83861,9,2,183436,49891,43536,133532,263829,1,0,0,0,0.131684
83864,9,2,161187,42650,37245,118525,223543,1,0,0,0,0.133258
83869,9,2,165789,43888,37841,121888,230395,1,0,0,0,0.129475
83870,9,2,178450,47979,41861,130458,252756,1,0,0,0,0.130587
83871,9,2,181104,48831,42582,132260,257568,1,0,0,0,0.128578
83874,9,2,162672,43143,37770,119517,226288,1,0,0,0,0.148617
83879,9,2,164666,43505,37751,121149,228262,1,0,0,0,0.128
83900,9,1,153798,39950,34495,113848,206754,0,0,0,0,0.0522342
83901,9,1,182116,49230,42634,132886,256691,0,0,0,0,0.0650291
83904,9,2,159133,41979,36651,117142,220004,1,0,0,0,0.151142
83909,9,2,153555,40054,34675,113489,209084,1,0,0,0,0.145934
83910,9,2,332306,87493,75461,244800,455772,1,0,0,0,0.180134
83911,9,2,340212,92651,80799,247548,487141,1,0,0,0,0.180339
83914,9,2,160529,41942,36918,118575,218918,1,0,0,0,0.139174
83919,9,2,150481,39014,33812,111455,203405,1,0,0,0,0.138294
83940,9,2,170877,44974,39316,125890,235716,1,0,0,0,0.137346
83941,9,2,171311,45393,39949,125905,238016,1,0,0,0,0.153744
83944,9,2,157906,40898,36154,116996,212864,1,0,0,0,0.132249
83949,9,2,150377,38629,33415,111736,200880,1,0,0,0,0.141118
83990,9,2,214582,57296,49996,157273,301864,1,0,0,0,0.216142
83991,9,2,225535,60802,52825,164721,320743,1,0,0,0,0.145998
83992,9,2,215251,57928,50222,157310,306172,1,0,0,0,0.147903
83993,9,1,153679,39373,33424,114306,203054,0,0,0,0,0.0536327
83994,9,2,168498,44432,38734,124053,233054,1,0,0,0,0.167127
83995,9,2,166216,44068,38170,122135,231702,1,0,0,0,0.146296
83996,9,2,164461,43372,37736,121077,227469,1,0,0,0,0.140144
83997,9,2,155659,40749,35384,114898,213226,1,0,0,0,0.137553
83998,9,2,153314,39864,34736,113438,208304,1,0,0,0,0.203874
83999,9,2,152509,39286,34112,113211,204752,1,0,0,0,0.203211
84282,18,1,146949,39605,33587,107344,210433,0,0,0,0,0.072562
84285,18,1,154283,41432,35213,112851,219768,0,0,0,0,0.0665788
84288,18,1,157305,41954,36335,115351,221942,0,0,0,0,0.0769874
84292,18,1,164072,43178,37386,120894,225301,0,0,0,0,0.0694806
84295,18,1,171221,45187,39343,126034,235375,0,0,0,0,0.0593799
84298,18,1,164611,42340,36557,122271,218786,0,0,0,0,0.0595159
84302,18,1,160127,41739,36087,118388,219628,0,0,0,0,0.0624458
84305,18,1,187980,50595,43709,137385,266376,0,0,0,0,0.0556973
84308,18,1,173259,45654,39543,127605,238421,0,0,0,0,0.0556731
84312,18,1,168123,43725,37852,124398,228892,0,0,0,0,0.063269
84315,18,1,185680,49940,42915,135740,262924,0,0,0,0,0.0553487
84318,18,1,164669,43350,37348,121319,227180,0,0,0,0,0.0536319
84322,18,1,161313,41439,35545,119874,215031,0,0,0,0,0.0588498
84325,18,1,172768,46378,39920,126390,244236,0,0,0,0,0.0526304
84328,18,1,159904,42400,36384,117504,223178,0,0,0,0,0.0608286
84330,18,1,139832,35919,30782,103913,188316,0,0,0,0,0.0738966
84331,18,1,152611,39380,33688,113231,205710,0,0,0,0,0.0657031
84332,18,1,153271,39881,34633,113390,208729,0,0,0,0,0.0571479
84333,18,1,155956,40910,35369,115046,215514,0,0,0,0,0.072907
84334,18,1,171202,45257,39053,125945,236788,0,0,0,0,0.0567857
84335,18,1,164698,43743,37694,120955,229905,0,0,0,0,0.0527686
84336,18,1,181494,48668,41823,132826,256068,0,0,0,0,0.0595248
84337,18,1,153261,40419,34688,112842,212515,0,0,0,0,0.0514564
84338,18,1,159151,41906,36024,117245,220032,0,0,0,0,0.0589823
84339,18,1,146273,37903,31942,108370,198774,0,0,0,0,0.0597279
84352,18,1,175729,46504,39613,129225,242330,0,0,0,0,0.0576944
84355,18,2,189270,51214,44617,138044,269695,1,0,0,0,0.141202
84358,18,2,220638,58861,50961,161764,308778,1,0,0,0,0.14108
84362,18,2,179961,48605,42160,131343,257009,1,0,0,0,0.130625
84365,18,2,171779,45482,39668,126284,238208,1,0,0,0,0.14058
84368,18,2,218456,58430,50869,160013,306866,1,0,0,0,0.128254
84372,18,2,183864,49788,43372,134063,263407,1,0,0,0,0.129317
84375,18,2,233819,64134,55647,169672,339853,1,0,0,0,0.138201
84378,18,2,214990,57412,49496,157566,301946,1,0,0,0,0.126654
84382,18,1,189395,50505,43334,138890,262215,0,0,0,0,0.0533112
84385,18,1,202880,55088,47620,147792,288075,0,0,0,0,0.0551802
84388,18,1,191509,51578,44359,139931,269594,0,0,0,0,0.0518069
84390,18,1,167935,43855,37761,124080,227252,0,0,0,0,0.047269
84391,18,2,186552,50326,43555,136213,265827,1,0,0,0,0.127663
84392,18,1,171620,44994,38854,126626,231459,0,0,0,0,0.0487356
84393,18,1,180509,48464,41792,132045,252570,0,0,0,0,0.064311
84394,18,1,196699,53411,46076,143288,279635,0,0,0,0,0.053738
84395,18,1,176300,46856,40370,129444,243301,0,0,0,0,0.047692
84396,18,1,191212,51891,44459,139321,270882,0,0,0,0,0.0539045
84397,18,1,164193,42928,36999,121265,221574,0,0,0,0,0.0462308
84398,18,1,168709,44803,38745,123906,232833,0,0,0,0,0.0492403
84399,18,1,145790,37713,32543,108077,194615,0,0,0,0,0.0471383
84412,18,1,171940,45085,38642,126855,233379,0,0,0,0,0.0489698
84415,18,2,169959,45511,39749,124435,239327,1,0,0,0,0.125199
84418,18,2,168169,44751,38794,123405,235407,1,0,0,0,0.135309
84422,18,2,192515,52151,45383,140351,275443,1,0,0,0,0.135814
84425,18,2,165301,44453,38650,120835,234446,1,0,0,0,0.123592
84428,18,2,166954,44713,38846,122228,235710,1,0,0,0,0.127657
84432,18,1,178632,47826,40914,130806,247256,0,0,0,0,0.0742926
84435,18,2,167735,44936,39272,122786,237259,1,0,0,0,0.130259
84438,18,2,169421,45319,39316,124089,239026,1,0,0,0,0.12209
84440,18,2,187611,50852,43899,136746,268863,1,0,0,0,0.13509
84441,18,2,191050,52077,44997,138960,275871,1,0,0,0,0.132694
84442,18,1,187746,50068,43088,137678,259866,0,0,0,0,0.075651
84444,18,2,167875,44523,38924,123339,233794,1,0,0,0,0.13941
84445,18,2,170498,45538,39784,124947,239571,1,0,0,0,0.12018
84446,18,2,170088,45794,40036,124281,241702,1,0,0,0,0.125049
84447,18,2,167476,44890,38886,122573,237230,1,0,0,0,0.12224
84448,18,2,175560,47376,41257,128171,250507,1,0,0,0,0.130449
84449,18,2,177712,48054,41936,129645,253790,1,0,0,0,0.131742
84453,18,1,187841,51153,43774,136688,267254,0,0,0,0,0.0652278
84462,18,1,194366,51952,45143,142414,270465,0,0,0,0,0.0570404
84465,18,2,162845,43048,37920,119784,225833,1,0,0,0,0.141714
84468,18,2,159095,42036,36282,117047,220649,1,0,0,0,0.175961
84472,18,1,180021,47356,40926,132665,244976,0,0,0,0,0.0504495
84475,18,2,167276,44249,38656,123014,232390,1,0,0,0,0.119285
84478,18,2,161675,42692,36943,118971,224668,1,0,0,0,0.1376
84480,18,1,177252,46962,40152,130290,244706,0,0,0,0,0.057359
84481,18,2,241926,66751,58647,175162,354808,1,0,0,0,0.148568
84482,18,1,201230,54108,46518,147122,281967,0,0,0,0,0.0596533
84484,18,2,165485,44054,38713,121418,231685,1,0,0,0,0.135926
84485,18,2,168676,45188,39574,123475,238453,1,0,0,0,0.156004
84488,18,2,164384,43467,37472,120904,228532,1,0,0,0,0.173122
84489,18,2,163229,43366,37757,119850,228173,1,0,0,0,0.157951
84493,18,1,196891,53523,46190,143368,279445,0,0,0,0,0.0784357
84496,18,2,167443,44436,38928,122994,233624,1,0,0,0,0.138366
84497,18,2,162289,42879,37089,119398,225487,1,0,0,0,0.155985
84502,18,1,168216,43970,38015,124246,227180,0,0,0,0,0.0491906
84505,18,2,162041,42832,37449,119196,225159,1,0,0,0,0.150767
84508,18,2,158616,41893,36391,116711,220457,1,0,0,0,0.133084
84510,18,2,189380,51222,44889,138146,270200,1,0,0,0,0.147305
84511,18,2,177454,47228,41539,130213,248126,1,0,0,0,0.149352
84514,18,2,166278,43924,38495,122341,229954,1,0,0,0,0.13249
84519,18,2,161845,43113,37463,118719,227111,1,0,0,0,0.126001
84522,18,1,190016,51009,43955,139007,266586,0,0,0,0,0.0536409
84523,18,1,176374,47090,40733,129284,245043,0,0,0,0,0.051024
84525,18,2,167788,44925,39004,122850,237310,1,0,0,0,0.122348
84526,18,2,168492,45217,39190,123262,239103,1,0,0,0,0.120004
84527,18,2,161588,42837,36986,118739,225379,1,0,0,0,0.131407
84528,18,2,163162,43292,37447,119857,228049,1,0,0,0,0.127304
84540,18,2,219069,58647,51082,160409,308234,1,0,0,0,0.144561
84541,18,2,222841,59965,52168,162863,315774,1,0,0,0,0.134044
84542,18,2,222028,60023,52161,161993,317168,1,0,0,0,0.130924
84543,18,1,154624,40493,34711,114131,209726,0,0,0,0,0.050701
84544,18,2,167537,44240,38429,123284,231968,1,0,0,0,0.120848
84545,18,2,167935,44658,38908,123264,234787,1,0,0,0,0.147894
84546,18,2,173386,46514,40599,126859,245100,1,0,0,0,0.126749
84547,18,2,162679,42923,37221,119744,225173,1,0,0,0,0.13307
84548,18,2,164242,43666,37938,120563,229731,1,0,0,0,0.127237
84549,18,2,163054,43333,37656,119708,227960,1,0,0,0,0.131195
85680,9,1,117463,30222,25255,87241,158548,0,0,0,0,0.0852802
85681,9,1,138223,35479,30356,102744,185332,0,0,0,0,0.0804091
85684,9,1,154082,39729,34221,114353,206772,0,0,0,0,0.0785978
85689,9,1,141003,36171,31052,104832,189077,0,0,0,0,0.126994
85690,9,1,122652,32494,27447,90158,172475,0,0,0,0,0.077415
85691,9,1,141643,37470,32169,104173,198225,0,0,0,0,0.0634796
85694,9,1,153997,40615,35226,113382,212950,0,0,0,0,0.0607468
85699,9,1,143231,37129,31979,106102,194859,0,0,0,0,0.0923202
85700,9,1,144601,38502,33038,106099,202073,0,0,0,0,0.118658
85701,9,1,176461,47520,41246,128941,249353,0,0,0,0,0.0839904
85704,9,1,155289,41337,35448,113952,217922,0,0,0,0,0.0966093
85709,9,1,151156,39982,34615,111174,210051,0,0,0,0,0.0657237
85710,9,1,144646,38517,33052,106129,202159,0,0,0,0,0.0651281
85711,9,1,187840,50444,44160,137396,262984,0,0,0,0,0.0635584
85714,9,1,158871,42016,36121,116855,221924,0,0,0,0,0.0966196
85719,9,1,136932,35984,30754,100948,189826,0,0,0,0,0.0613305
85720,9,1,160216,42530,36510,117686,222902,0,0,0,0,0.0753059
85721,9,1,176663,47208,41144,129455,246802,0,0,0,0,0.0723469
85724,9,1,149786,39642,34111,110144,209519,0,0,0,0,0.0828912
85729,9,1,124635,33325,28271,91310,177366,0,0,0,0,0.0642787
85750,9,1,137398,35955,30866,101443,188521,0,0,0,0,0.0618795
85751,9,1,157812,41346,35950,116466,216583,0,0,0,0,0.0596102
85754,9,1,171997,44866,39480,127131,232829,0,0,0,0,0.0626032
85759,9,1,160002,41279,36098,118723,214979,0,0,0,0,0.0829468
85760,9,1,152779,40547,34590,112232,211808,0,0,0,0,0.0637731
85761,9,1,187602,50847,44103,136755,266358,0,0,0,0,0.0675899
85764,9,1,168255,44805,38391,123450,235706,0,0,0,0,0.0927181
85769,9,1,169151,44137,38395,125014,228874,0,0,0,0,0.0837563
85770,9,1,152630,40510,34561,112120,211608,0,0,0,0,0.0671921
85771,9,1,199805,54043,47439,145762,281365,0,0,0,0,0.0668103
85774,9,1,171994,45500,39156,126494,239134,0,0,0,0,0.0884342
85779,9,1,155583,40581,35313,115002,212073,0,0,0,0,0.0570045
85780,9,1,173208,46304,40044,126904,242262,0,0,0,0,0.0596484
85781,9,1,190751,51344,45155,139407,267922,0,0,0,0,0.0629878
85784,9,1,164190,43425,37725,120765,228428,0,0,0,0,0.0789963
85789,9,1,139484,36672,31707,102812,192607,0,0,0,0,0.0857505
85810,9,1,163298,44008,37922,119290,231264,0,0,0,0,0.0734084
85811,9,1,174422,46800,40675,127622,244859,0,0,0,0,0.0709025
85814,9,1,163870,44443,38866,119427,234127,0,0,0,0,0.0641702
85819,9,1,180238,48385,42115,131853,252241,0,0,0,0,0.0643621
85820,9,1,163353,44022,37918,119331,231344,0,0,0,0,0.0715592
85821,9,1,188884,50178,44027,138706,260493,0,0,0,0,0.0677396
85824,9,1,161230,43203,38053,118027,227021,0,0,0,0,0.0626758
85829,9,2,248182,68094,58950,180075,361696,1,0,0,0,0.1868
85830,9,1,194570,52381,45804,142189,273520,0,0,0,0,0.0702025
85831,9,1,203230,54918,48490,148312,285204,0,0,0,0,0.0742609
85834,9,1,166897,44590,38895,122307,233788,0,0,0,0,0.0675551
85839,9,2,242953,66273,57360,176668,350958,1,0,0,0,0.189119
85860,9,1,131082,34384,29257,96698,180795,0,0,0,0,0.0560374
85861,9,1,152844,40531,35117,112313,213201,0,0,0,0,0.0783583
85864,9,1,166360,44389,38816,121971,232676,0,0,0,0,0.0668896
85869,9,1,205166,54650,47892,150516,283101,0,0,0,0,0.0614348
85870,9,1,155002,40842,35344,114160,214009,0,0,0,0,0.0621063
85871,9,1,168700,45180,39421,123520,237770,0,0,0,0,0.0821484
85874,9,1,159249,42672,37483,116577,223740,0,0,0,0,0.0661633
85879,9,1,197052,52779,46415,144273,274088,0,0,0,0,0.0664598
85900,9,1,169546,44505,38942,125041,231605,0,0,0,0,0.0648547
85901,9,1,171186,46220,40511,124966,244019,0,0,0,0,0.0814059
85904,9,1,157743,41973,36767,115770,219795,0,0,0,0,0.0781036
85909,9,1,189096,51368,44955,137728,269289,0,0,0,0,0.0685974
85950,9,1,157484,41153,35869,116331,215122,0,0,0,0,0.0926076
85951,9,1,167515,43999,38404,123516,228707,0,0,0,0,0.0703811
85952,9,1,152217,39927,34586,112290,209084,0,0,0,0,0.0672372
85953,9,1,138183,36150,30964,102033,189718,0,0,0,0,0.0678006
85954,9,1,178409,47784,41629,130625,248871,0,0,0,0,0.0752309
85955,9,2,237481,64573,56017,172895,342239,1,0,0,0,0.204713
85956,9,2,236160,64008,55443,172140,338375,1,0,0,0,0.17961
85957,9,1,207469,55942,49281,151527,291303,0,0,0,0,0.0726622
85958,9,1,199559,53714,47203,145845,279595,0,0,0,0,0.0713143
85959,9,1,190911,51559,44902,139352,269697,0,0,0,0,0.0667958
86242,18,1,145754,37934,32363,107820,198912,0,0,0,0,0.0875594
86245,18,1,155250,40342,34553,114908,210711,0,0,0,0,0.0900708
86248,18,1,156789,40719,34955,116070,213006,0,0,0,0,0.0980611
86252,18,1,149194,39727,34066,109467,210202,0,0,0,0,0.0687617
86255,18,1,154085,40691,35131,113394,214105,0,0,0,0,0.060393
86258,18,1,166423,43940,38109,122483,231461,0,0,0,0,0.0736586
86262,18,2,237763,63923,55223,173827,338610,1,0,0,0,0.197884
86265,18,1,170022,45347,39329,124675,239207,0,0,0,0,0.0729347
86268,18,1,163138,43862,37515,119276,231789,0,0,0,0,0.0718499
86272,18,2,242317,65003,55929,177301,344048,1,0,0,0,0.202009
86275,18,1,175095,46761,40571,128334,246956,0,0,0,0,0.0637097
86278,18,1,155491,41871,35978,113620,222137,0,0,0,0,0.0668589
86282,18,1,170217,45112,38969,125105,236501,0,0,0,0,0.078502
86285,18,1,170772,46288,40217,124484,246238,0,0,0,0,0.0802328
86288,18,1,171728,46479,40279,125249,246889,0,0,0,0,0.081472
86290,18,1,178481,48021,41604,130460,252457,0,0,0,0,0.0898928
86291,18,1,187980,50841,44239,137139,266942,0,0,0,0,0.0720014
86292,18,1,188655,51066,44453,137589,267031,0,0,0,0,0.0625736
86293,18,1,178504,48256,41825,130248,254793,0,0,0,0,0.0897095
86294,18,1,167959,44387,38644,123572,233543,0,0,0,0,0.0678438
86295,18,1,168938,45646,39585,123292,242599,0,0,0,0,0.0708751
86296,18,1,176740,47885,41419,128855,252973,0,0,0,0,0.0830749
86297,18,1,173961,46836,40590,127125,246663,0,0,0,0,0.0708796
86298,18,1,162699,43618,37776,119081,229727,0,0,0,0,0.0795437
86299,18,1,145064,38664,33228,106400,203278,0,0,0,0,0.0823308
86312,18,1,171964,45770,39717,126194,241158,0,0,0,0,0.0631498
86315,18,1,180672,47829,41720,132843,250491,0,0,0,0,0.0739159
86318,18,1,177443,46211,40109,131232,240633,0,0,0,0,0.0720042
86322,18,2,248554,66425,57809,182116,349621,1,0,0,0,0.163836
86325,18,1,187830,50521,43826,137309,265917,0,0,0,0,0.0604454
86328,18,1,178382,47656,41070,130726,249530,0,0,0,0,0.0593206
86332,18,2,252666,67767,59094,184886,356929,1,0,0,0,0.173738
86335,18,1,191410,51619,44833,139791,271926,0,0,0,0,0.0705422
86338,18,1,167760,44935,38595,122825,236368,0,0,0,0,0.0613262
86342,18,1,184050,48839,42583,135211,254362,0,0,0,0,0.0638453
86345,18,1,184462,49762,43196,134700,262973,0,0,0,0,0.0639011
86348,18,1,182990,49269,42447,133721,260223,0,0,0,0,0.0679884
86350,18,1,190844,51435,44715,139409,269012,0,0,0,0,0.0614272
86351,18,1,202999,54960,48450,148039,286769,0,0,0,0,0.0625111
86352,18,1,200688,54585,47568,146103,284505,0,0,0,0,0.0657751
86353,18,1,194934,52569,45697,142365,276093,0,0,0,0,0.101023
86354,18,1,183704,48990,42620,134714,257417,0,0,0,0,0.0699631
86355,18,1,178017,47774,41711,130243,251323,0,0,0,0,0.0692135
86356,18,1,189817,51365,44607,138452,269984,0,0,0,0,0.0696237
86357,18,1,176260,47035,40691,129225,245982,0,0,0,0,0.0806193
86358,18,1,173515,46813,40543,126702,245887,0,0,0,0,0.0937777
86359,18,1,153944,40973,35202,112971,214187,0,0,0,0,0.0796449
86372,18,1,189011,50536,43949,138475,263588,0,0,0,0,0.0611277
86375,18,1,180977,49289,42703,131688,260803,0,0,0,0,0.0812301
86378,18,1,179661,48903,42146,130758,259071,0,0,0,0,0.0649683
86382,18,1,203395,54256,47471,149139,281798,0,0,0,0,0.0780962
86385,18,1,182039,49518,43199,132521,262317,0,0,0,0,0.0593827
86388,18,1,185673,50481,43742,135192,266972,0,0,0,0,0.0574727
86392,18,1,200622,53985,46887,146637,280182,0,0,0,0,0.0705101
86395,18,1,204889,55960,48584,148929,296991,0,0,0,0,0.0629974
86398,18,1,204599,55991,48625,148608,297047,0,0,0,0,0.0634025
86400,18,2,268108,72284,63371,195811,381164,1,0,0,0,0.265614
86401,18,2,273910,74011,64778,199886,390248,1,0,0,0,0.237333
86402,18,1,183289,49070,42959,134219,256198,0,0,0,0,0.060679
86404,18,1,179810,48714,42402,131096,258098,0,0,0,0,0.0725196
86405,18,1,177439,47880,41636,129559,253299,0,0,0,0,0.0622547
86406,18,1,185070,50247,43840,134823,266499,0,0,0,0,0.0628934
86407,18,1,178262,48223,41760,130039,255081,0,0,0,0,0.0616378
86408,18,1,181716,49305,42878,132411,261490,0,0,0,0,0.0642049
86409,18,1,173965,47146,40855,126819,250017,0,0,0,0,0.0672764
86413,18,1,192791,51954,45435,140837,272856,0,0,0,0,0.088161
86422,18,1,177451,47135,41262,130316,246874,0,0,0,0,0.0617071
86425,18,1,171956,46275,39989,125681,244532,0,0,0,0,0.0614264
86428,18,1,182023,49879,43266,132144,264769,0,0,0,0,0.0659644
86432,18,1,177873,47335,41147,130538,248380,0,0,0,0,0.0794807
86435,18,1,181862,49102,42661,132760,259778,0,0,0,0,0.0645751
86438,18,1,199332,54912,47838,144420,291895,0,0,0,0,0.0677794
86440,18,1,163889,43316,37651,120573,227235,0,0,0,0,0.0584942
86441,18,1,190342,50770,44186,139572,266360,0,0,0,0,0.0648709
86442,18,1,177959,47918,41405,130041,252594,0,0,0,0,0.0607688
86444,18,1,183828,49890,43124,133938,264244,0,0,0,0,0.0577488
86445,18,1,202104,54904,47700,147200,290570,0,0,0,0,0.0869664
86448,18,1,214983,59197,51724,155786,314146,0,0,0,0,0.0745145
86449,18,2,274789,75396,65233,199380,400121,1,0,0,0,0.165467
86453,18,1,186594,50235,43561,136359,263611,0,0,0,0,0.0613252
86456,18,1,186017,50097,43602,135920,264911,0,0,0,0,0.0606669
86457,18,1,209446,57844,50615,151602,307189,0,0,0,0,0.0735984
86462,18,1,178769,47268,41117,131501,246442,0,0,0,0,0.05954
86465,18,1,182682,49725,43278,132957,263945,0,0,0,0,0.0627233
86468,18,1,208272,57574,50238,150698,306059,0,0,0,0,0.0664566
86470,18,1,172844,45908,40036,126936,240648,0,0,0,0,0.0609477
86471,18,1,189350,50802,44613,138548,267032,0,0,0,0,0.0634842
86474,18,1,182562,49490,42829,133072,261705,0,0,0,0,0.0749022
86479,18,1,188969,51867,44695,137102,274985,0,0,0,0,0.0776688
86482,18,1,175587,47648,41206,127939,251766,0,0,0,0,0.0885046
86483,18,1,178465,48263,41885,130202,253798,0,0,0,0,0.0815779
86485,18,1,201407,54969,47577,146438,291042,0,0,0,0,0.0698295
86486,18,1,182115,49229,42850,132886,260852,0,0,0,0,0.0650169
86487,18,1,206206,56747,49922,149459,301519,0,0,0,0,0.0735319
86488,18,1,217267,59843,51942,157424,317564,0,0,0,0,0.0596547
86500,18,1,177992,46900,40816,131092,245290,0,0,0,0,0.0623027
86501,18,1,183366,49048,42607,134318,256785,0,0,0,0,0.0602645
86502,18,1,175878,47182,40800,128696,248364,0,0,0,0,0.0594879
86503,18,1,165712,44775,38593,120937,235723,0,0,0,0,0.0660371
86504,18,1,182146,49645,42964,132501,263322,0,0,0,0,0.060007
86505,18,1,186577,50492,43693,136085,266546,0,0,0,0,0.0591528
86506,18,1,168619,45727,39733,122892,242449,0,0,0,0,0.0659109
86507,18,1,189224,51775,45153,137449,275276,0,0,0,0,0.0670124
86508,18,2,257317,70939,61752,186365,377471,1,0,0,0,0.19288
86509,18,1,196114,54238,47125,141876,288316,0,0,0,0,0.0813994
87360,9,1,124880,31518,26965,93362,162758,0,0,0,0,0.0738442
87361,9,1,144396,36584,31553,107812,188230,0,0,0,0,0.0909577
87364,9,1,157580,40108,34649,117472,205779,0,0,0,0,0.0801629
87369,9,1,144188,36678,31584,107510,188698,0,0,0,0,0.13761
87370,9,1,117799,30888,26256,86911,162355,0,0,0,0,0.0595034
87371,9,1,133194,34419,29573,98775,179173,0,0,0,0,0.0533882
87374,9,1,145386,37704,32639,107682,195569,0,0,0,0,0.0563548
87379,9,1,137564,35777,30592,101787,185977,0,0,0,0,0.0771598
87380,9,1,128140,33333,28093,94807,175630,0,0,0,0,0.0564677
87381,9,2,290028,75700,64367,214316,397804,1,0,0,0,0.198896
87384,9,1,159627,41563,35775,118064,216988,0,0,0,0,0.0980416
87389,9,2,279062,74204,64500,204845,389565,1,0,0,0,0.208481
87390,9,1,128232,33369,28142,94863,175832,0,0,0,0,0.0597713
87391,9,2,297362,77771,66257,219579,408247,1,0,0,0,0.230171
87394,9,1,161919,42085,36201,119834,219376,0,0,0,0,0.0782189
87399,9,2,271816,72447,62490,199356,381503,1,0,0,0,0.191906
87400,9,2,276564,71702,60666,204851,376938,1,0,0,0,0.208742
87401,9,2,284503,74194,63076,210298,389748,1,0,0,0,0.21165
87404,9,1,150687,39329,33868,111358,206232,0,0,0,0,0.077034
87409,9,1,165603,44606,38365,120997,234974,0,0,0,0,0.0607203
87430,9,1,133105,34681,30181,98424,180243,0,0,0,0,0.0789201
87431,9,2,260879,68886,59077,191981,357764,1,0,0,0,0.18756
87434,9,2,276936,73018,62904,203906,377793,1,0,0,0,0.170112
87439,9,1,154479,40378,35381,114101,208361,0,0,0,0,0.0741134
87440,9,1,147001,39592,33842,107409,209865,0,0,0,0,0.0567858
87441,9,2,179182,48196,41711,130973,255229,1,0,0,0,0.169739
87444,9,1,174426,45961,40048,128465,239647,0,0,0,0,0.0987858
87449,9,2,280231,75956,66462,204262,398641,1,0,0,0,0.184083
87450,9,1,146974,39562,33837,107412,209679,0,0,0,0,0.0543888
87451,9,2,181619,48852,42367,132754,258841,1,0,0,0,0.154891
87454,9,1,178753,47142,41129,131611,245808,0,0,0,0,0.0775839
87459,9,2,269572,72863,63655,196696,382885,1,0,0,0,0.173209
87460,9,2,315081,83380,71606,231690,438995,1,0,0,0,0.193092
87461,9,2,321656,85640,73910,236005,450756,1,0,0,0,0.1885
87464,9,1,168722,44291,38376,124431,230952,0,0,0,0,0.0721999
87469,9,1,170550,45642,39888,124908,238115,0,0,0,0,0.0587472
87490,9,1,142263,37376,31869,104887,196367,0,0,0,0,0.0544154
87491,9,2,303759,79564,68368,224184,417159,1,0,0,0,0.224089
87494,9,1,186341,49943,44256,136398,259198,0,0,0,0,0.0742465
87499,9,1,163579,42697,36909,120882,221389,0,0,0,0,0.0541846
87500,9,1,142396,37423,31896,104973,196632,0,0,0,0,0.0519537
87501,9,2,314502,82788,71255,231703,433953,1,0,0,0,0.198244
87504,9,1,189515,51237,45247,138278,267042,0,0,0,0,0.0620082
87509,9,2,260381,69889,60579,190480,367539,1,0,0,0,0.160422
87510,9,2,180300,48817,42270,131470,258701,1,0,0,0,0.157793
87511,9,2,180484,48979,42594,131492,259590,1,0,0,0,0.16913
87514,9,1,191006,51833,45885,139173,270329,0,0,0,0,0.0710333
87519,9,2,268262,71871,62003,196378,376220,1,0,0,0,0.170661
87540,9,1,129885,33734,29205,96151,175083,0,0,0,0,0.0505695
87541,9,1,154992,40252,34873,114740,209732,0,0,0,0,0.0731965
87544,9,1,188769,50068,43879,138701,259470,0,0,0,0,0.062189
87549,9,1,164545,43125,37651,121420,224638,0,0,0,0,0.0560359
87550,9,2,240262,63556,54972,176694,330186,1,0,0,0,0.16175
87551,9,1,166423,43119,37372,123304,223744,0,0,0,0,0.0731944
87554,9,1,194061,52201,46222,141860,271478,0,0,0,0,0.0612428
87559,9,1,155993,40272,35205,115721,208250,0,0,0,0,0.0528501
87580,9,2,252130,66180,57127,185938,342034,1,0,0,0,0.18016
87581,9,1,164732,42563,36936,122169,220797,0,0,0,0,0.0813343
87584,9,1,194737,52301,46170,142436,271889,0,0,0,0,0.0622487
87589,9,1,147136,37984,32959,109152,197034,0,0,0,0,0.0510624
87630,9,1,147487,38376,33678,109111,197731,0,0,0,0,0.0702616
87631,9,2,256187,69401,60295,186773,365715,1,0,0,0,0.173644
87632,9,2,249015,67492,58724,181510,356399,1,0,0,0,0.168788
87633,9,1,172198,45880,40143,126318,239428,0,0,0,0,0.061861
87634,9,1,163844,42890,37191,120954,222217,0,0,0,0,0.0548976
87635,9,2,239465,64666,56126,174787,341245,1,0,0,0,0.164316
87636,9,2,245861,65857,56764,179991,345495,1,0,0,0,0.165095
87637,9,1,169524,44673,39027,124851,232644,0,0,0,0,0.057392
87638,9,1,158469,40785,35352,117684,210476,0,0,0,0,0.0510384
87639,9,1,147300,37955,32859,109345,196501,0,0,0,0,0.0533206
87922,18,1,154873,40466,34777,114407,210306,0,0,0,0,0.0765886
87925,18,1,164076,42947,37277,121129,222823,0,0,0,0,0.0820176
87928,18,1,159488,40574,35040,118914,208248,0,0,0,0,0.0769788
87932,18,1,139502,36102,30967,103400,187659,0,0,0,0,0.0522051
87935,18,1,146773,38134,32955,108639,198113,0,0,0,0,0.0514292
87938,18,1,150012,38721,32994,111291,200384,0,0,0,0,0.0538123
87942,18,1,143597,37396,31611,106201,196804,0,0,0,0,0.0548507
87945,18,2,327523,86914,75202,240596,455907,1,0,0,0,0.178138
87948,18,1,185563,50113,43218,135450,263511,0,0,0,0,0.0581834
87952,18,1,153832,40212,34193,113620,211527,0,0,0,0,0.056211
87955,18,2,330614,87352,75077,243249,457530,1,0,0,0,0.191781
87958,18,1,179178,48380,41408,130798,255231,0,0,0,0,0.0574346
87962,18,1,147928,38169,32709,109759,200220,0,0,0,0,0.0567159
87965,18,1,178014,47437,40650,130577,250072,0,0,0,0,0.0592989
87968,18,1,187495,50900,43892,136595,269543,0,0,0,0,0.062018
87970,18,1,146485,38124,32559,108361,200318,0,0,0,0,0.0516726
87971,18,1,161732,42700,36388,119032,224580,0,0,0,0,0.0568059
87972,18,1,155835,41104,35228,114731,216122,0,0,0,0,0.0563573
87973,18,1,153127,40359,34405,112768,212418,0,0,0,0,0.0753902
87974,18,1,155909,40155,34447,115754,208642,0,0,0,0,0.0590185
87975,18,1,164144,43101,36970,121043,225890,0,0,0,0,0.05472
87976,18,1,170752,44688,38458,126064,233703,0,0,0,0,0.0543511
87977,18,1,170212,45561,39247,124651,240807,0,0,0,0,0.053954
87978,18,1,179670,47845,41312,131825,251596,0,0,0,0,0.0569045
87979,18,2,157416,41415,35778,115988,218320,1,0,0,0,0.160034
87992,18,1,159374,41686,36302,117688,215391,0,0,0,0,0.0536765
87995,18,1,169043,44214,38752,124829,227909,0,0,0,0,0.0521732
87998,18,1,168990,43492,37592,125498,222243,0,0,0,0,0.0525019
88002,18,1,156927,41211,35379,115716,215498,0,0,0,0,0.0514488
88005,18,2,357014,95892,83524,261109,502812,1,0,0,0,0.176727
88008,18,1,190982,51277,44658,139705,267101,0,0,0,0,0.0566055
88012,18,1,167874,44508,38636,123366,233072,0,0,0,0,0.0548257
88015,18,2,357381,96009,83324,261359,503596,1,0,0,0,0.188637
88018,18,1,186486,50217,43532,136269,263122,0,0,0,0,0.0591123
88022,18,1,170924,45437,39360,125487,238454,0,0,0,0,0.0582854
88025,18,1,194354,52241,45361,142113,274370,0,0,0,0,0.0646182
88028,18,1,202166,55041,47818,147125,290206,0,0,0,0,0.0631981
88030,18,1,165224,44048,38206,121176,232182,0,0,0,0,0.057397
88031,18,2,241156,64810,56216,176333,343169,1,0,0,0,0.185423
88032,18,2,240681,64551,55769,176117,341288,1,0,0,0,0.177464
88033,18,1,176255,48338,42027,127917,256566,0,0,0,0,0.0836309
88034,18,1,175439,45895,39918,129544,238152,0,0,0,0,0.065647
88035,18,1,180996,48043,41426,132953,251335,0,0,0,0,0.061752
88036,18,1,194420,52326,45325,142094,274707,0,0,0,0,0.0632839
88037,18,1,181951,48875,42407,133076,256744,0,0,0,0,0.0598928
88038,18,1,196117,53323,46555,142794,280906,0,0,0,0,0.0657971
88039,18,2,164095,43680,37896,120402,229379,1,0,0,0,0.175997
88052,18,1,159714,41301,35472,118413,215289,0,0,0,0,0.0566132
88055,18,1,197074,53270,45954,143804,280164,0,0,0,0,0.0721948
88058,18,2,283234,76694,66429,206527,404394,1,0,0,0,0.156098
88062,18,2,262719,70632,61486,192074,373489,1,0,0,0,0.178356
88065,18,1,202241,54719,47431,147522,287620,0,0,0,0,0.061527
88068,18,2,274630,74191,64067,200426,391045,1,0,0,0,0.174894
88072,18,2,259715,69803,60591,189899,368534,1,0,0,0,0.245383
88075,18,1,214289,58290,50830,155999,307142,0,0,0,0,0.0862907
88078,18,1,201189,54239,46951,146950,284876,0,0,0,0,0.0825882
88080,18,1,161104,42040,36306,119064,219714,0,0,0,0,0.0616587
88081,18,1,168166,43993,38187,124173,229525,0,0,0,0,0.0687397
88082,18,1,163261,42527,36856,120734,222317,0,0,0,0,0.0820147
88084,18,1,203382,55513,48117,147869,291832,0,0,0,0,0.0661495
88085,18,1,193488,51833,45300,141655,271594,0,0,0,0,0.0681806
88086,18,1,198073,54288,46633,143785,286598,0,0,0,0,0.0694188
88087,18,1,184386,48885,42455,135501,255038,0,0,0,0,0.0723526
88088,18,1,183067,49105,42534,133962,257339,0,0,0,0,0.06478
88089,18,1,163145,42848,36970,120297,223125,0,0,0,0,0.0605055
88093,18,1,167818,44983,39051,122835,236920,0,0,0,0,0.0746982
88102,18,1,170736,44124,38187,126612,227766,0,0,0,0,0.0557667
88105,18,1,195833,52643,45366,143190,274974,0,0,0,0,0.0589812
88108,18,1,153924,40276,34441,113648,210354,0,0,0,0,0.0558441
88112,18,1,180701,47752,41523,132949,249486,0,0,0,0,0.082829
88115,18,1,191065,50672,44051,140393,264343,0,0,0,0,0.0716494
88118,18,1,167448,44675,38415,122773,235253,0,0,0,0,0.0629919
88120,18,1,155407,40677,35323,114730,210103,0,0,0,0,0.0519881
88121,18,2,352235,93701,81512,258521,490030,1,0,0,0,0.178124
88122,18,1,180616,47818,41288,132798,249515,0,0,0,0,0.0552708
88124,18,1,203490,55199,47582,148291,290293,0,0,0,0,0.057153
88125,18,1,211458,57204,49608,154254,300381,0,0,0,0,0.0564369
88128,18,1,177946,47231,40658,130715,248237,0,0,0,0,0.0507701
88129,18,1,168511,44576,38555,123935,233088,0,0,0,0,0.0489307
88133,18,1,188952,49980,43466,138972,260320,0,0,0,0,0.0568491
88136,18,1,201748,54998,47785,146750,289835,0,0,0,0,0.060816
88137,18,1,174373,46596,40207,127777,245174,0,0,0,0,0.057067
88142,18,1,186640,49752,43493,136888,260434,0,0,0,0,0.0576144
88145,18,1,185373,49209,42397,136164,257006,0,0,0,0,0.0553979
88148,18,1,170838,45340,38719,125498,238356,0,0,0,0,0.0590596
88150,18,1,162083,42433,37182,119650,218422,0,0,0,0,0.0544793
88151,18,2,354816,94377,81759,260426,493633,1,0,0,0,0.194903
88154,18,1,200679,54603,47144,146076,287751,0,0,0,0,0.0684482
88159,18,1,160280,42374,36403,117906,222308,0,0,0,0,0.0478676
88162,18,1,192939,52039,44958,140900,273094,0,0,0,0,0.0575597
88163,18,1,193804,51869,45189,141935,271403,0,0,0,0,0.0603419
88165,18,1,203307,54906,47491,148401,288072,0,0,0,0,0.0580413
88166,18,1,188327,51077,44042,137250,268661,0,0,0,0,0.0591062
88167,18,1,175150,46922,40148,128228,247665,0,0,0,0,0.0709698
88168,18,1,181604,48391,41377,133213,254470,0,0,0,0,0.0742768
88180,18,1,169561,43872,38024,125689,224428,0,0,0,0,0.057478
88181,18,1,197471,52971,45901,144500,275924,0,0,0,0,0.0605574
88182,18,1,192836,51979,45016,140857,272498,0,0,0,0,0.0635313
88183,18,2,175336,47488,41301,127835,250973,1,0,0,0,0.20424
88184,18,2,262678,71433,61982,191232,377650,1,0,0,0,0.151479
88185,18,2,255328,69278,60042,186037,366150,1,0,0,0,0.146069
88186,18,1,170335,45228,38844,125107,236283,0,0,0,0,0.059791
88187,18,1,167480,44746,38179,122734,235189,0,0,0,0,0.0593624
88188,18,1,180728,48403,41642,132325,254121,0,0,0,0,0.0610958
88189,18,1,170079,45535,38985,124544,239664,0,0,0,0,0.055899
88760,9,1,125775,31099,26577,94676,159704,0,0,0,0,0.097319
88761,9,1,162126,41247,35608,120879,212848,0,0,0,0,0.0802988
88764,9,1,144765,36327,31073,108438,186861,0,0,0,0,0.0726909
88769,9,1,151247,38195,32744,113052,196095,0,0,0,0,0.0772405
88770,9,1,128236,32520,27977,95716,168343,0,0,0,0,0.0503115
88771,9,1,163341,42309,36597,121032,219063,0,0,0,0,0.0552223
88774,9,1,135795,35001,30551,100794,181958,0,0,0,0,0.0516423
88779,9,1,138359,35438,30646,102921,182844,0,0,0,0,0.0511524
88780,9,1,122986,30760,26275,92226,158876,0,0,0,0,0.0665137
88781,9,1,158113,40854,35158,117259,212531,0,0,0,0,0.057964
88784,9,1,149150,38227,32864,110923,197991,0,0,0,0,0.0533469
88789,9,1,141640,36407,31116,105233,188982,0,0,0,0,0.0532538
88790,9,1,126965,31940,27322,95025,165902,0,0,0,0,0.0554993
88791,9,1,153327,39866,34217,113461,208847,0,0,0,0,0.0581099
88794,9,1,184726,48981,42137,135745,254844,0,0,0,0,0.0587811
88799,9,1,165734,43317,37465,122417,225606,0,0,0,0,0.0557969
88800,9,1,146582,37847,32438,108735,197543,0,0,0,0,0.057547
88801,9,1,151961,40010,34356,111951,210754,0,0,0,0,0.058119
88804,9,1,181544,48460,42055,133084,252876,0,0,0,0,0.0594458
88809,9,1,148562,38381,32742,110181,200503,0,0,0,0,0.0557184
88830,9,1,149306,38250,33081,111056,197210,0,0,0,0,0.0544445
88831,9,1,177119,46326,40364,130793,238846,0,0,0,0,0.0548217
88834,9,1,152500,39230,34488,113270,201694,0,0,0,0,0.0501552
88839,9,1,156163,40494,35047,115669,207582,0,0,0,0,0.0518264
88840,9,1,149942,38873,33706,111069,202608,0,0,0,0,0.0586556
88841,9,1,178217,46860,41155,131357,243426,0,0,0,0,0.0622583
88844,9,1,175105,45887,39970,129218,237054,0,0,0,0,0.0547421
88849,9,1,162624,42063,36486,120561,217273,0,0,0,0,0.0516828
88850,9,1,141173,35883,31080,105290,185276,0,0,0,0,0.0542699
88851,9,1,165329,43412,37590,121917,227316,0,0,0,0,0.0593958
88854,9,1,199914,53384,46735,146530,276924,0,0,0,0,0.0657321
88859,9,2,169716,44626,38391,125077,233792,1,0,0,0,0.147021
88860,9,1,163587,42300,36925,121287,219046,0,0,0,0,0.0598013
88861,9,1,165790,43867,38009,121923,230268,0,0,0,0,0.057811
88864,9,1,196577,52555,45858,144022,272778,0,0,0,0,0.0615356
88869,9,1,161177,41695,36225,119482,216256,0,0,0,0,0.0539446
88890,9,1,144451,36902,31883,107549,190789,0,0,0,0,0.0541435
88891,9,1,167715,43764,38082,123951,227247,0,0,0,0,0.0593154
88894,9,2,223350,60798,52783,162539,321874,1,0,0,0,0.153272
88899,9,2,217617,58615,50541,158989,309465,1,0,0,0,0.165429
88900,9,1,144350,37026,31906,107324,191718,0,0,0,0,0.0571344
88901,9,1,161806,42471,36999,119335,221974,0,0,0,0,0.0789964
88904,9,1,186085,49874,43561,136211,260008,0,0,0,0,0.0788882
88909,9,1,189536,50003,43279,139533,260202,0,0,0,0,0.0639255
88910,9,1,180583,47236,41126,133347,244810,0,0,0,0,0.0575233
88911,9,1,176281,46815,40687,129466,245501,0,0,0,0,0.0544665
88914,9,1,185041,49430,43052,135611,257025,0,0,0,0,0.0512484
88919,9,1,187109,48904,42612,138205,252620,0,0,0,0,0.0501987
88940,9,1,151623,39232,34011,112391,202468,0,0,0,0,0.0520287
88941,9,1,199378,53237,46928,146141,276320,0,0,0,0,0.0612252
88944,9,1,184092,48435,42419,135657,250745,0,0,0,0,0.0518852
88949,9,1,174554,45595,39260,128959,236913,0,0,0,0,0.0483163
88950,9,1,181453,47481,41505,133972,244673,0,0,0,0,0.0560724
88951,9,1,209141,56178,49304,152963,291776,0,0,0,0,0.0623065
88954,9,1,191276,51358,44957,139918,267623,0,0,0,0,0.0758603
88959,9,2,152568,39200,33476,113355,204415,1,0,0,0,0.22169
88980,9,1,154075,39589,34733,114486,203903,0,0,0,0,0.0763409
88981,9,1,171462,43969,38175,127493,226002,0,0,0,0,0.0848323
88984,9,2,216536,57350,49913,159173,300605,1,0,0,0,0.201166
88989,9,1,154491,39638,34176,114853,205625,0,0,0,0,0.0711326
89030,9,1,153295,39651,34552,113644,203070,0,0,0,0,0.0547398
89031,9,1,157499,40827,35225,116672,211329,0,0,0,0,0.0722548
89032,9,2,171288,45388,39099,125887,238901,1,0,0,0,0.271174
89033,9,1,158970,40990,35522,117980,212540,0,0,0,0,0.0943526
89034,9,2,220475,58780,50883,161682,308948,1,0,0,0,0.172026
89035,9,1,190341,50761,44521,139580,264848,0,0,0,0,0.0943311
89036,9,1,184522,48135,41834,136387,248365,0,0,0,0,0.0935966
89037,9,1,173438,45652,39605,127786,237837,0,0,0,0,0.0736586
89038,9,2,156936,41052,35233,115871,215314,1,0,0,0,0.181301
89039,9,1,153267,39317,33966,113950,204026,0,0,0,0,0.0976705
89322,18,1,150248,38256,33032,111992,198245,0,0,0,0,0.127708
89325,18,1,168852,43975,37896,124877,228579,0,0,0,0,0.113316
89328,18,1,159641,40744,35245,118897,210171,0,0,0,0,0.087128
89332,18,1,148777,38940,33958,109837,203181,0,0,0,0,0.0843976
89335,18,1,168697,45002,38640,123695,235883,0,0,0,0,0.0826891
89338,18,1,158705,41819,36049,116886,218308,0,0,0,0,0.0931923
89342,18,1,144804,37557,32316,107247,196815,0,0,0,0,0.0596467
89345,18,1,160437,41596,36000,118841,216252,0,0,0,0,0.0891503
89348,18,1,176634,47792,41234,128842,251769,0,0,0,0,0.0924527
89352,18,1,172120,45545,38789,126575,239221,0,0,0,0,0.0875526
89355,18,1,187164,49697,42787,137467,259044,0,0,0,0,0.106578
89358,18,1,170982,45275,39393,125707,238011,0,0,0,0,0.0993689
89362,18,1,154366,40368,34199,113998,212579,0,0,0,0,0.0690434
89365,18,1,190385,51267,44159,139118,268996,0,0,0,0,0.0557515
89368,18,1,173729,45869,40049,127860,240850,0,0,0,0,0.0725329
89370,18,1,139540,36284,31259,103256,190833,0,0,0,0,0.0705629
89371,18,1,163886,42954,36773,120932,225717,0,0,0,0,0.0522259
89372,18,1,163423,43246,37204,120177,228145,0,0,0,0,0.070431
89373,18,1,166979,45244,38453,121735,240441,0,0,0,0,0.0974919
89374,18,1,183695,48868,42036,134827,255594,0,0,0,0,0.0914564
89375,18,1,200240,54518,47040,145722,286979,0,0,0,0,0.102205
89376,18,1,177359,47726,41130,129633,251162,0,0,0,0,0.0946766
89377,18,1,161933,42818,37375,119115,225466,0,0,0,0,0.0953502
89378,18,1,177635,47153,41116,130482,248593,0,0,0,0,0.100922
89379,18,2,157714,41421,35889,116280,218387,1,0,0,0,0.209717
89392,18,1,166883,43629,37845,123254,225723,0,0,0,0,0.0794117
89395,18,2,284911,78121,67656,206777,409156,1,0,0,0,0.167248
89398,18,1,164352,42743,37482,121609,220215,0,0,0,0,0.0646543
89402,18,1,167534,44169,38585,123365,231115,0,0,0,0,0.0739206
89405,18,1,181237,47334,41065,133903,244754,0,0,0,0,0.0534803
89408,18,1,187172,49752,43598,137420,259307,0,0,0,0,0.0789822
89412,18,2,257369,70017,60871,187339,371882,1,0,0,0,0.209175
89415,18,2,262210,70808,61928,191390,373714,1,0,0,0,0.186928
89418,18,2,168307,43715,37564,124579,228308,1,0,0,0,0.183489
89422,18,1,170125,44837,38590,125288,234705,0,0,0,0,0.0989522
89425,18,1,210498,57157,49802,153341,298817,0,0,0,0,0.0967615
89428,18,2,313021,83905,72960,229103,442117,1,0,0,0,0.289274
89430,18,1,155563,40840,35547,114723,213663,0,0,0,0,0.107914
89431,18,1,181553,48377,41765,133176,254441,0,0,0,0,0.0991611
89432,18,1,178460,47278,40921,131182,247790,0,0,0,0,0.0661723
89433,18,1,179605,48962,42450,130643,259203,0,0,0,0,0.104052
89434,18,1,200360,54098,46893,146262,282505,0,0,0,0,0.100189
89435,18,1,211860,57256,49920,154604,298034,0,0,0,0,0.105431
89436,18,2,325692,88616,77377,237063,467644,1,0,0,0,0.222533
89437,18,1,177248,46972,41120,130276,245239,0,0,0,0,0.0712256
89438,18,2,171380,45485,39200,125882,239344,1,0,0,0,0.147152
89439,18,2,168164,44501,38580,123650,233671,1,0,0,0,0.189034
89452,18,1,155288,40735,35490,114553,212511,0,0,0,0,0.0780984
89455,18,1,189252,50812,44016,138440,266060,0,0,0,0,0.0594914
89458,18,1,175814,46431,40265,129383,241892,0,0,0,0,0.0523997
89462,18,1,184101,48565,41936,135536,254037,0,0,0,0,0.059587
89465,18,2,169433,45226,39323,124194,238074,1,0,0,0,0.144654
89468,18,1,194588,52400,45645,142188,274034,0,0,0,0,0.0687017
89472,18,1,183635,48780,42530,134855,255478,0,0,0,0,0.0757731
89475,18,1,195989,52678,45891,143311,276285,0,0,0,0,0.0839523
89478,18,1,205078,56387,49416,148691,297994,0,0,0,0,0.0828383
89480,18,1,159868,41752,36076,118116,217568,0,0,0,0,0.0805188
89481,18,2,273243,74494,64824,198736,395890,1,0,0,0,0.214662
89482,18,1,168491,44278,38543,124213,231422,0,0,0,0,0.0748595
89484,18,1,196060,53083,45999,142977,279264,0,0,0,0,0.080104
89485,18,2,297184,82107,71801,215064,436328,1,0,0,0,0.220473
89486,18,2,192393,53121,46436,139259,282488,1,0,0,0,0.209837
89487,18,1,200310,54563,47468,145747,286725,0,0,0,0,0.0796348
89488,18,1,213713,58242,51037,155471,306020,0,0,0,0,0.0612598
89489,18,1,186218,49485,43335,136733,257679,0,0,0,0,0.0577753
89493,18,1,175260,46899,40469,128361,246592,0,0,0,0,0.0613795
89502,18,1,203144,54395,47087,148749,283119,0,0,0,0,0.0664142
89505,18,1,198317,53349,46224,144968,279867,0,0,0,0,0.0679426
89508,18,1,171877,45266,39269,126611,236249,0,0,0,0,0.0741219
89512,18,1,216625,58630,51497,157995,304959,0,0,0,0,0.0817721
89515,18,2,271019,74668,65403,196338,397130,1,0,0,0,0.150177
89518,18,1,193864,52221,45306,141643,275029,0,0,0,0,0.0539416
89520,18,1,161644,42760,37630,118884,222235,0,0,0,0,0.0532986
89521,18,2,289176,79506,69399,209658,421024,1,0,0,0,0.154237
89522,18,1,209023,56871,49434,152152,297891,0,0,0,0,0.0608066
89524,18,2,168709,44860,38752,123836,235918,1,0,0,0,0.119275
89525,18,1,196089,52574,45925,143515,275418,0,0,0,0,0.0532977
89528,18,2,306772,82803,71824,223957,437344,1,0,0,0,0.175697
89529,18,1,171351,45021,38993,126330,234238,0,0,0,0,0.0496524
89533,18,2,321366,87859,76718,233494,464364,1,0,0,0,0.16535
89536,18,2,188279,51731,45302,136535,274807,1,0,0,0,0.193081
89537,18,2,266889,72876,63050,194000,387439,1,0,0,0,0.21189
89542,18,1,179136,47334,41568,131802,247057,0,0,0,0,0.0751013
89545,18,1,199979,54007,47191,145972,282662,0,0,0,0,0.062017
89548,18,2,242146,65599,56712,176534,348174,1,0,0,0,0.179427
89550,18,2,254892,68442,59269,186437,356540,1,0,0,0,0.191097
89551,18,1,177825,46738,40725,131087,242179,0,0,0,0,0.05793
89554,18,1,187604,49933,43371,137671,260973,0,0,0,0,0.0609596
89559,18,1,174552,46365,39993,128187,242825,0,0,0,0,0.0572695
89562,18,2,307806,82924,72285,224869,437569,1,0,0,0,0.187067
89563,18,2,170764,45346,39100,125405,238890,1,0,0,0,0.170002
89565,18,1,208348,57090,49852,151258,301073,0,0,0,0,0.0605343
89566,18,1,214718,58421,50941,156297,306545,0,0,0,0,0.0618153
89567,18,1,190022,51026,44396,138996,268329,0,0,0,0,0.0572793
89568,18,2,309108,83956,72574,225140,444751,1,0,0,0,0.194897
89580,18,1,168228,44298,38903,123930,229076,0,0,0,0,0.0499755
89581,18,1,187709,50042,43709,137667,260857,0,0,0,0,0.0532079
89582,18,2,169382,44731,38711,124638,235187,1,0,0,0,0.160831
89583,18,2,169902,45316,39312,124573,238658,1,0,0,0,0.163427
89584,18,1,181241,48151,41596,133090,251331,0,0,0,0,0.0773288
89585,18,1,199882,53778,46688,146104,281523,0,0,0,0,0.0792531
89586,18,1,191963,51353,44526,140610,267975,0,0,0,0,0.0621112
89587,18,1,174008,45988,39725,128020,240612,0,0,0,0,0.051632
89588,18,1,177968,47393,40939,130575,247755,0,0,0,0,0.0519721
89589,18,1,174905,46128,39728,128777,241216,0,0,0,0,0.05307
89880,9,1,126053,31178,26617,94875,160130,0,0,0,0,0.081986
89881,9,1,170590,43305,37400,127285,222509,0,0,0,0,0.0805175
89884,9,1,139673,34782,29800,104891,178143,0,0,0,0,0.0726709
89889,9,1,135002,33929,28931,101073,174448,0,0,0,0,0.072619
89890,9,1,128644,32625,28030,96019,168896,0,0,0,0,0.0605234
89891,9,1,165273,42622,37053,122651,219775,0,0,0,0,0.0563908
89894,9,1,132668,33798,28931,98870,175094,0,0,0,0,0.0499517
89899,9,1,123918,31403,27014,92515,162103,0,0,0,0,0.0514284
89900,9,1,123538,30919,26369,92619,159730,0,0,0,0,0.0545073
89901,9,1,163218,42140,36172,121078,218483,0,0,0,0,0.0624323
89904,9,1,137907,35313,30223,102594,183370,0,0,0,0,0.060084
89909,9,1,138146,35005,30035,103141,180548,0,0,0,0,0.0519023
89910,9,1,127322,32051,27394,95271,166494,0,0,0,0,0.0767478
89911,9,1,149320,38853,33239,110467,203258,0,0,0,0,0.0592426
89914,9,1,169139,44431,38022,124708,231127,0,0,0,0,0.0557753
89919,9,1,169938,44324,38537,125614,230212,0,0,0,0,0.0593154
89920,9,1,154238,39812,34106,114426,206719,0,0,0,0,0.0702889
89921,9,1,142616,36677,31394,105939,191417,0,0,0,0,0.0727714
89924,9,1,165318,43485,37464,121833,226636,0,0,0,0,0.05862
89929,9,1,151608,38980,33483,112628,202761,0,0,0,0,0.0606084
89950,9,1,149760,38375,33134,111385,197878,0,0,0,0,0.0732533
89951,9,1,179073,46832,40666,132241,241116,0,0,0,0,0.0572595
89954,9,1,147648,37810,32893,109838,194028,0,0,0,0,0.0553971
89959,9,1,142399,36952,31987,105447,190598,0,0,0,0,0.0499989
89960,9,1,150503,39029,33790,111474,203438,0,0,0,0,0.0587898
89961,9,1,181790,47621,42049,134169,246098,0,0,0,0,0.0598794
89964,9,1,161727,42595,36985,119132,221310,0,0,0,0,0.0548075
89969,9,1,156767,40068,35036,116699,205326,0,0,0,0,0.0548975
89970,9,1,141826,36108,31208,105718,186530,0,0,0,0,0.0547925
89971,9,1,156583,40666,35296,115917,211603,0,0,0,0,0.0537169
89974,9,1,184110,48757,42680,135353,252784,0,0,0,0,0.0582955
89979,9,2,168326,44293,38219,124020,231539,1,0,0,0,0.135039
89980,9,2,220919,59002,51388,161904,310740,1,0,0,0,0.15304
89981,9,1,161105,42460,36809,118645,221990,0,0,0,0,0.0593343
89984,9,1,183490,48819,42364,134671,253977,0,0,0,0,0.058352
89989,9,1,162449,41718,36235,120731,215621,0,0,0,0,0.0523076
90010,9,1,144969,37086,32002,107883,191842,0,0,0,0,0.051998
90011,9,2,220975,59846,52114,161116,316299,1,0,0,0,0.160162
90014,9,2,226194,61313,53338,164868,323810,1,0,0,0,0.141605
90019,9,2,214883,58138,50074,156733,306633,1,0,0,0,0.141517
90020,9,1,144509,37071,31921,107438,191957,0,0,0,0,0.0576979
90021,9,1,155899,40490,34956,115409,210456,0,0,0,0,0.0780126
90024,9,1,176132,46658,40724,129474,241852,0,0,0,0,0.0621191
90029,9,1,183670,48027,41882,135643,248277,0,0,0,0,0.0509427
90030,9,1,180946,46908,40775,134038,241559,0,0,0,0,0.0567751
90031,9,1,170162,44887,38838,125275,234547,0,0,0,0,0.0633761
90034,9,1,186326,49975,43722,136351,259368,0,0,0,0,0.077554
90039,9,1,180183,47084,41023,133099,243823,0,0,0,0,0.0559974
90060,9,1,151994,39354,34078,112640,203147,0,0,0,0,0.0529597
90061,9,1,184903,49489,43394,135414,258128,0,0,0,0,0.0843373
90064,9,1,184612,48709,42478,135903,251574,0,0,0,0,0.0791238
90069,9,1,173663,45452,39336,128211,236442,0,0,0,0,0.0526759
90070,9,1,182937,47856,41799,135081,246287,0,0,0,0,0.0652996
90071,9,1,195789,52230,45568,143559,271345,0,0,0,0,0.0931196
90074,9,1,185326,49359,43183,135967,256275,0,0,0,0,0.0726017
90079,9,2,152319,39282,33488,113024,204341,1,0,0,0,0.137417
90100,9,1,145353,37284,32651,108069,191333,0,0,0,0,0.0555101
90101,9,1,158649,40988,35496,117661,211823,0,0,0,0,0.0550452
90104,9,2,218945,57950,50477,160982,303433,1,0,0,0,0.155501
90109,9,1,162237,41318,35851,120919,212863,0,0,0,0,0.0552138
90150,9,1,138452,35925,31369,102527,184996,0,0,0,0,0.0501866
90151,9,1,149465,38117,33147,111348,195405,0,0,0,0,0.0487588
90152,9,2,175840,46845,40491,128982,246386,1,0,0,0,0.1419
90153,9,1,157420,40296,34825,117124,208328,0,0,0,0,0.0579897
90154,9,2,224958,60424,52459,164522,317914,1,0,0,0,0.149961
90155,9,1,188491,49979,43601,138512,259737,0,0,0,0,0.0526411
90156,9,1,177034,45980,39964,131054,237633,0,0,0,0,0.0572276
90157,9,1,174575,46396,40164,128179,242625,0,0,0,0,0.0605673
90158,9,2,160278,41921,35764,118344,219812,1,0,0,0,0.155468
90159,9,1,159909,40627,35204,119282,209166,0,0,0,0,0.0522732
90442,18,1,159739,40516,35084,119223,208591,0,0,0,0,0.0822476
90445,18,1,170410,44578,38359,125832,231519,0,0,0,0,0.0694585
90448,18,1,150050,38058,32687,111992,196166,0,0,0,0,0.073255
90452,18,1,153155,39656,34600,113499,205290,0,0,0,0,0.0533898
90455,18,1,166770,44486,38167,122284,232948,0,0,0,0,0.0568251
90458,18,1,146541,38327,32857,108214,200031,0,0,0,0,0.0490829
90462,18,1,156641,40338,34787,116303,209547,0,0,0,0,0.0632008
90465,18,1,151460,39206,33641,112254,203949,0,0,0,0,0.0517018
90468,18,1,174754,46489,39895,128265,243361,0,0,0,0,0.0540142
90472,18,1,166814,44066,37768,122748,231119,0,0,0,0,0.0530331
90475,18,1,176347,46906,40306,129441,245321,0,0,0,0,0.0525866
90478,18,1,177053,46679,40681,130374,243723,0,0,0,0,0.0630178
90482,18,1,144743,37361,32003,107382,195984,0,0,0,0,0.0494843
90485,18,1,192558,51798,44596,140760,271848,0,0,0,0,0.055624
90488,18,1,168989,44422,38677,124567,233369,0,0,0,0,0.0582709
90490,18,1,149216,38914,33886,110302,203755,0,0,0,0,0.0550099
90491,18,1,154610,39858,34101,114752,208012,0,0,0,0,0.0513596
90492,18,1,154407,40358,34883,114049,211645,0,0,0,0,0.0542665
90493,18,1,144407,38215,32765,106192,201859,0,0,0,0,0.0553299
90494,18,1,172946,45950,39419,126996,241173,0,0,0,0,0.0546056
90495,18,1,197730,53802,46436,143928,282911,0,0,0,0,0.062081
90496,18,1,175688,46981,41149,128707,247024,0,0,0,0,0.0592332
90497,18,1,155060,40541,35085,114519,212824,0,0,0,0,0.0565169
90498,18,1,174231,46146,40140,128085,243470,0,0,0,0,0.0577242
90499,18,2,161593,42254,36583,119326,221610,1,0,0,0,0.198418
90512,18,1,174710,45624,39685,129086,235179,0,0,0,0,0.081772
90515,18,2,279760,76574,66772,203173,401060,1,0,0,0,0.190251
90518,18,1,158773,41390,36401,117383,213790,0,0,0,0,0.0473614
90522,18,1,172606,45020,39264,127586,233301,0,0,0,0,0.0574145
90525,18,1,173533,45545,39364,127988,236319,0,0,0,0,0.071044
90528,18,1,186331,49184,43027,137147,255168,0,0,0,0,0.0763993
90532,18,2,258695,70125,60768,188557,371280,1,0,0,0,0.216199
90535,18,2,257777,69606,60990,188159,367106,1,0,0,0,0.151225
90538,18,2,170404,44439,38378,125952,232204,1,0,0,0,0.141213
90542,18,1,164233,42925,37133,121308,223896,0,0,0,0,0.0502035
90545,18,1,210844,57154,49469,153690,298622,0,0,0,0,0.0588492
90548,18,2,313426,83817,73080,229596,441426,1,0,0,0,0.1765
90550,18,2,247883,66440,58133,181431,350737,1,0,0,0,0.16929
90551,18,2,245720,66238,57681,179470,350815,1,0,0,0,0.143957
90552,18,1,171517,45017,39244,126500,234591,0,0,0,0,0.0522212
90553,18,1,159241,42663,37014,116578,225062,0,0,0,0,0.0556766
90554,18,1,193009,52204,45137,140805,273830,0,0,0,0,0.0847048
90555,18,2,264540,72334,63492,192193,383098,1,0,0,0,0.158116
90556,18,2,324077,88747,77940,235317,469615,1,0,0,0,0.185525
90557,18,2,239673,64170,55942,175491,338524,1,0,0,0,0.15672
90558,18,2,169230,44719,38502,124498,234772,1,0,0,0,0.137884
90559,18,2,169723,44888,38879,124822,235083,1,0,0,0,0.142159
90572,18,2,271423,74276,64519,197135,393512,1,0,0,0,0.167555
90575,18,1,190040,50816,44062,139224,265990,0,0,0,0,0.0528352
90578,18,2,228423,62438,53733,165973,330632,1,0,0,0,0.171946
90582,18,2,265908,71757,62131,194139,379413,1,0,0,0,0.162786
90585,18,2,172349,45972,39741,126364,241682,1,0,0,0,0.158475
90588,18,1,192736,51886,45353,140850,270672,0,0,0,0,0.0644944
90592,18,1,175947,46093,40155,129854,240031,0,0,0,0,0.0497624
90595,18,1,192500,51464,44660,141036,269979,0,0,0,0,0.0548832
90598,18,1,206088,56473,49250,149615,298084,0,0,0,0,0.0813522
90600,18,1,166409,43164,37255,123245,223535,0,0,0,0,0.0734305
90601,18,2,275724,75075,64913,200636,398142,1,0,0,0,0.154707
90602,18,1,160227,41399,36211,118828,214945,0,0,0,0,0.0491235
90604,18,1,197882,53738,46530,144144,282305,0,0,0,0,0.0534608
90605,18,2,288418,79372,69310,209033,421531,1,0,0,0,0.17034
90606,18,1,177354,46975,40782,130379,243804,0,0,0,0,0.0587301
90607,18,1,193353,52486,45699,140867,275818,0,0,0,0,0.0546635
90608,18,1,211307,57670,50710,153637,302697,0,0,0,0,0.0586879
90609,18,1,180119,47999,42118,132120,251182,0,0,0,0,0.0538451
90613,18,1,156480,41317,35624,115163,217042,0,0,0,0,0.0511567
90622,18,1,189510,50672,43942,138838,264437,0,0,0,0,0.0533972
90625,18,1,198459,53461,46398,144998,279990,0,0,0,0,0.052358
90628,18,1,171011,45210,39189,125801,236144,0,0,0,0,0.0527501
90632,18,2,291573,79784,70026,211776,421519,1,0,0,0,0.155502
90635,18,2,264894,72563,63338,192318,385404,1,0,0,0,0.137455
90638,18,1,190214,50788,43816,139426,266990,0,0,0,0,0.0517408
90640,18,1,168856,44442,39033,124414,229788,0,0,0,0,0.0511954
90641,18,2,285801,78488,68427,207301,415961,1,0,0,0,0.152683
90642,18,1,210446,57060,49587,153386,298472,0,0,0,0,0.0585923
90644,18,2,170985,45772,39548,125200,241125,1,0,0,0,0.155848
90645,18,1,191556,51167,44450,140389,267903,0,0,0,0,0.057599
90648,18,2,307979,83369,72008,224598,441227,1,0,0,0,0.161642
90649,18,1,169711,44671,38362,125040,232488,0,0,0,0,0.05392
90653,18,2,321293,88071,76722,233209,466400,1,0,0,0,0.187725
90656,18,1,180764,47617,41056,133147,246983,0,0,0,0,0.055417
90657,18,1,169231,45220,39012,124011,238054,0,0,0,0,0.0519406
90662,18,2,265294,71029,61635,194253,374394,1,0,0,0,0.165866
90665,18,1,193313,52163,45684,141150,273014,0,0,0,0,0.0563623
90668,18,1,163172,43199,37361,119973,226342,0,0,0,0,0.0535063
90670,18,2,250771,67584,58803,183174,352814,1,0,0,0,0.14389
90671,18,1,171731,45145,39059,126586,234443,0,0,0,0,0.0509553
90674,18,1,186357,49409,42811,136948,257902,0,0,0,0,0.0539635
90679,18,1,177965,46794,40446,131171,243600,0,0,0,0,0.0535986
90682,18,2,305825,82036,71293,223776,432164,1,0,0,0,0.194741
90683,18,2,167392,44072,37756,123307,231370,1,0,0,0,0.169089
90685,18,1,209646,57296,49982,152350,301533,0,0,0,0,0.0655136
90686,18,1,216442,59240,51702,157202,311049,0,0,0,0,0.063418
90687,18,1,184029,48913,42464,135116,256283,0,0,0,0,0.0594132
90688,18,2,304799,82394,71265,222393,436108,1,0,0,0,0.181041
90700,18,1,160578,42541,37270,118037,220873,0,0,0,0,0.0496846
90701,18,1,187219,49392,42810,137827,256348,0,0,0,0,0.0519516
90702,18,2,173820,46302,40325,127505,243617,1,0,0,0,0.148342
90703,18,2,171512,45740,39740,125759,240579,1,0,0,0,0.141931
90704,18,2,227916,61942,53702,165962,327204,1,0,0,0,0.162908
90705,18,1,196150,52845,46052,143305,275799,0,0,0,0,0.0546563
90706,18,1,183700,48930,42335,134770,256080,0,0,0,0,0.0521788
90707,18,1,174202,46582,40103,127620,244576,0,0,0,0,0.0495959
90708,18,1,173480,45858,39202,127622,238967,0,0,0,0,0.0505515
90709,18,1,181517,47763,41227,133754,248699,0,0,0,0,0.0525098
90720,9,1,136699,33274,28550,103425,167046,0,0,0,0,0.0663226
90721,9,1,137407,33364,28686,104043,167238,0,0,0,0,0.0666206
90724,9,1,128857,31534,26760,97323,158908,0,0,0,0,0.09317
90729,9,1,121684,30312,25473,91372,155674,0,0,0,0,0.0786332
90730,9,2,198732,50741,43443,147978,259977,1,0,0,0,0.17071
90731,9,2,198709,50661,43340,148035,259401,1,0,0,0,0.148667
90734,9,1,121389,30325,25731,91064,154994,0,0,0,0,0.0519226
90739,9,1,111272,28032,23907,83240,145122,0,0,0,0,0.0571444
90740,9,1,131392,32986,28125,98406,168615,0,0,0,0,0.0709721
90741,9,1,131684,32941,28212,98743,168043,0,0,0,0,0.0548506
90744,9,1,123479,31158,26564,92321,161525,0,0,0,0,0.0547093
90749,9,1,125413,31534,27079,93879,160760,0,0,0,0,0.0462698
90750,9,2,198361,51410,43644,146938,267931,1,0,0,0,0.152251
90751,9,1,135602,34801,29665,100801,180134,0,0,0,0,0.0518683
90754,9,2,155452,39434,34215,116005,203157,1,0,0,0,0.139492
90759,9,1,147495,37807,32480,109688,194793,0,0,0,0,0.0514509
90760,9,2,198072,51294,43667,146765,267198,1,0,0,0,0.19004
90761,9,1,135566,34778,29641,100788,180005,0,0,0,0,0.0661885
90764,9,2,155333,39392,34180,115929,202929,1,0,0,0,0.186556
90769,9,1,147483,37785,32470,109698,194609,0,0,0,0,0.157528
90790,9,2,210624,54557,46668,156054,279179,1,0,0,0,0.184593
90791,9,2,210517,54500,46622,156004,278861,1,0,0,0,0.136761
90794,9,1,136482,34561,30070,101921,175421,0,0,0,0,0.0467882
90799,9,1,132786,34186,29360,98600,176442,0,0,0,0,0.0502335
90800,9,2,206471,54426,46738,152032,284503,1,0,0,0,0.140499
90801,9,2,205911,54270,46692,151628,283661,1,0,0,0,0.154891
90804,9,1,147509,38579,33349,108930,200742,0,0,0,0,0.0799084
90809,9,1,141396,35765,31278,105631,180876,0,0,0,0,0.0532397
90810,9,2,208119,54296,46882,153810,283017,1,0,0,0,0.139251
90811,9,2,203132,53700,46405,149420,281088,1,0,0,0,0.144253
90814,9,2,166060,42694,37350,123353,219503,1,0,0,0,0.173041
90819,9,1,150482,38612,34034,111870,197239,0,0,0,0,0.0469667
90820,9,2,207906,54194,46792,153699,282362,1,0,0,0,0.145302
90821,9,2,203205,53697,46406,149496,280993,1,0,0,0,0.14127
90824,9,2,166057,42692,37346,123353,219489,1,0,0,0,0.145397
90829,9,1,150490,38632,34042,111858,197340,0,0,0,0,0.0485472
90850,9,2,207561,55226,47475,152322,289755,1,0,0,0,0.146724
90851,9,2,207337,55123,47437,152201,289163,1,0,0,0,0.144822
90854,9,2,182392,47963,41157,134416,247755,1,0,0,0,0.142654
90859,9,2,219596,57691,49387,161893,296933,1,0,0,0,0.137221
90860,9,2,206982,54560,46770,152409,285367,1,0,0,0,0.142712
90861,9,2,203852,54275,46946,149565,284975,1,0,0,0,0.140858
90864,9,2,173611,45951,39771,127647,238597,1,0,0,0,0.144423
90869,9,2,215845,57153,49475,158680,296455,1,0,0,0,0.140555
90870,9,2,206267,54359,46624,151895,284245,1,0,0,0,0.154476
90871,9,2,203806,54267,46938,149527,284926,1,0,0,0,0.179361
90874,9,2,173537,45946,39769,127578,238600,1,0,0,0,0.156613
90879,9,2,215915,57159,49473,158744,296499,1,0,0,0,0.144723
90900,9,2,211635,55672,47763,155950,286692,1,0,0,0,0.16223
90901,9,2,162069,41618,36134,120439,214361,1,0,0,0,0.145878
90904,9,2,172338,44945,38478,127380,232224,1,0,0,0,0.123109
90909,9,2,200120,52816,45211,147291,274598,1,0,0,0,0.141322
90910,9,2,211532,55574,47626,155945,285949,1,0,0,0,0.198522
90911,9,2,162086,41619,36131,120454,214363,1,0,0,0,0.136062
90914,9,2,172384,44944,38488,127427,232195,1,0,0,0,0.12082
90919,9,2,200010,52795,45195,147202,274510,1,0,0,0,0.131696
90940,9,1,132682,33520,28875,99162,169826,0,0,0,0,0.0488829
90941,9,1,145120,37193,31831,107927,192602,0,0,0,0,0.0511644
90944,9,2,169997,43600,37482,126384,223341,1,0,0,0,0.117953
90949,9,1,158543,40414,35022,118129,206589,0,0,0,0,0.0479713
90990,9,1,129587,33300,28666,96287,171715,0,0,0,0,0.0517522
90991,9,1,141025,35910,31177,105115,182343,0,0,0,0,0.0461094
90992,9,1,147885,37777,33121,110108,192493,0,0,0,0,0.0480313
90993,9,1,147786,37747,33108,110039,192284,0,0,0,0,0.0456008
90994,9,2,226227,59137,50883,167078,303834,1,0,0,0,0.142692
90995,9,2,225920,60342,52242,165566,313532,1,0,0,0,0.131829
90996,9,2,225916,60343,52251,165561,313535,1,0,0,0,0.129353
90997,9,2,208995,54977,47032,154005,285368,1,0,0,0,0.131617
90998,9,2,208821,54950,47018,153858,285256,1,0,0,0,0.128824
90999,9,1,158153,40467,35225,117686,207063,0,0,0,0,0.0487322
91282,18,1,150282,37588,32509,112694,191277,0,0,0,0,0.074004
91285,18,1,165985,43553,37816,122432,225198,0,0,0,0,0.0705423
91288,18,1,153138,40162,34820,112976,208985,0,0,0,0,0.0688024
91292,18,1,147461,37446,31957,110015,191614,0,0,0,0,0.0549939
91295,18,1,148945,39597,34457,109348,206323,0,0,0,0,0.0501208
91298,18,1,144399,38546,33266,105853,202363,0,0,0,0,0.0496575
91302,18,1,148790,37729,32191,111061,193551,0,0,0,0,0.058794
91305,18,1,153169,39997,34030,113172,208590,0,0,0,0,0.050585
91308,18,1,160571,42236,36354,118335,219726,0,0,0,0,0.0503344
91312,18,1,147524,37847,32443,109677,196156,0,0,0,0,0.0475387
91315,18,1,173421,45655,39317,127766,237914,0,0,0,0,0.0506339
91318,18,1,168215,43496,37658,124719,224914,0,0,0,0,0.0550077
91322,18,1,143143,36785,31522,106358,191924,0,0,0,0,0.0530616
91325,18,1,182508,47995,41451,134513,248296,0,0,0,0,0.0653311
91328,18,1,169905,43968,37985,125937,227439,0,0,0,0,0.0551681
91330,18,1,143101,36260,31160,106841,187134,0,0,0,0,0.0589542
91331,18,2,190982,50239,42996,140730,265315,1,0,0,0,0.16553
91332,18,1,141622,36298,30604,105324,189345,0,0,0,0,0.0499799
91333,18,1,128711,33056,27920,95655,173383,0,0,0,0,0.0560874
91334,18,1,169831,45317,38546,124514,237609,0,0,0,0,0.0564895
91335,18,1,182924,48702,41661,134222,253469,0,0,0,0,0.0539826
91336,18,1,174327,45878,39743,128449,237553,0,0,0,0,0.0605721
91337,18,1,148638,37744,32106,110894,194591,0,0,0,0,0.0646645
91338,18,1,154365,40061,34456,114304,209702,0,0,0,0,0.0648325
91339,18,1,167330,43139,37406,124191,223047,0,0,0,0,0.0535054
91352,18,1,167875,42982,36984,124893,219099,0,0,0,0,0.0526185
91355,18,1,161413,42584,37320,118829,219678,0,0,0,0,0.0464882
91358,18,1,156067,41115,35628,114952,213217,0,0,0,0,0.0460017
91362,18,1,172890,44883,38831,128007,231374,0,0,0,0,0.056166
91365,18,1,172168,45787,39411,126381,238643,0,0,0,0,0.0497706
91368,18,1,178013,47048,40823,130965,243070,0,0,0,0,0.0522774
91372,18,2,191719,51708,44855,139998,274437,1,0,0,0,0.15848
91375,18,1,187039,49670,43265,137369,257479,0,0,0,0,0.0552042
91378,18,2,275521,74026,64472,201483,389134,1,0,0,0,0.164111
91382,18,2,180157,48540,42083,131604,257739,1,0,0,0,0.137345
91385,18,1,197222,52624,46036,144598,271612,0,0,0,0,0.0567059
91388,18,2,279352,75163,65583,204177,395557,1,0,0,0,0.190281
91390,18,2,236589,62423,54061,174153,327297,1,0,0,0,0.154042
91391,18,2,168485,44767,38610,123706,236440,1,0,0,0,0.128991
91392,18,1,160588,42206,36139,118382,220427,0,0,0,0,0.0472705
91393,18,1,146012,38466,32810,107546,202447,0,0,0,0,0.0546315
91394,18,2,256873,69325,60545,187536,364838,1,0,0,0,0.143331
91395,18,2,184516,50286,44002,134218,266299,1,0,0,0,0.130715
91396,18,1,186058,49404,43082,136654,254761,0,0,0,0,0.0722808
91397,18,2,237368,63022,54964,174334,330455,1,0,0,0,0.152672
91398,18,2,167811,44421,38451,123377,233446,1,0,0,0,0.133632
91399,18,2,167602,44388,38157,123201,233041,1,0,0,0,0.143255
91412,18,2,261056,70647,61010,190396,372295,1,0,0,0,0.196442
91415,18,2,283120,77596,67172,205511,410125,1,0,0,0,0.162255
91418,18,2,191985,52761,45272,139212,279692,1,0,0,0,0.154463
91422,18,2,166568,44656,38632,121900,236600,1,0,0,0,0.130851
91425,18,1,188396,49961,43620,138435,258317,0,0,0,0,0.0744449
91428,18,2,340210,90679,78543,249518,473034,1,0,0,0,0.177564
91432,18,1,159767,40842,34529,118925,211165,0,0,0,0,0.047925
91435,18,1,180960,47958,41720,133002,249307,0,0,0,0,0.054869
91438,18,1,187876,50416,43716,137460,263579,0,0,0,0,0.0547038
91440,18,1,162020,41301,35243,120719,212112,0,0,0,0,0.0596184
91441,18,2,183693,49401,42612,134279,262045,1,0,0,0,0.152982
91442,18,2,176388,47868,41386,128507,254938,1,0,0,0,0.130849
91444,18,1,185285,49389,42783,135896,257013,0,0,0,0,0.0612434
91445,18,1,178856,46863,40759,131993,242870,0,0,0,0,0.074605
91446,18,1,157123,40877,35373,116246,211161,0,0,0,0,0.0508412
91447,18,1,181780,49305,42828,132475,258682,0,0,0,0,0.0505002
91448,18,2,231015,63104,54834,167899,334301,1,0,0,0,0.141961
91449,18,2,226673,61749,53308,164912,326515,1,0,0,0,0.138929
91453,18,1,138874,35794,30448,103080,186788,0,0,0,0,0.0530374
91462,18,2,278641,75762,65297,202867,399673,1,0,0,0,0.179724
91465,18,1,191129,51489,44819,139640,268622,0,0,0,0,0.0649096
91468,18,2,204917,54545,46868,150359,287048,1,0,0,0,0.137241
91472,18,2,180814,49319,42842,131483,261593,1,0,0,0,0.136527
91475,18,1,183564,48751,42356,134813,253575,0,0,0,0,0.0520335
91478,18,2,209250,55897,48230,153340,294975,1,0,0,0,0.13984
91480,18,1,168946,43485,37643,125461,221921,0,0,0,0,0.0608539
91481,18,1,195856,52598,45841,143258,273748,0,0,0,0,0.0591329
91482,18,1,205465,55098,48273,150367,285015,0,0,0,0,0.0591675
91484,18,1,188938,49933,43129,139005,257730,0,0,0,0,0.053912
91485,18,1,182108,48393,41836,133715,251629,0,0,0,0,0.0543722
91488,18,1,166154,43011,37006,123143,223204,0,0,0,0,0.0485168
91489,18,1,168413,43369,37482,125044,223437,0,0,0,0,0.049749
91493,18,1,182065,47715,41589,134350,244974,0,0,0,0,0.0670524
91496,18,1,163177,42523,36493,120654,220033,0,0,0,0,0.0530987
91497,18,1,155118,40891,35342,114227,213588,0,0,0,0,0.0527345
91502,18,2,257500,68329,59379,189159,358205,1,0,0,0,0.179965
91505,18,1,182486,48956,42454,133530,255692,0,0,0,0,0.0671416
91508,18,1,151841,39590,34194,112251,206144,0,0,0,0,0.0771656
91510,18,1,162623,42946,37286,119677,221412,0,0,0,0,0.0636829
91511,18,1,169400,44685,38431,124715,232434,0,0,0,0,0.0541479
91514,18,2,251167,67239,58175,183915,353359,1,0,0,0,0.14349
91519,18,1,168977,43942,38170,125035,229205,0,0,0,0,0.0490387
91522,18,2,249153,66794,58068,182347,352074,1,0,0,0,0.157697
91523,18,2,166775,43950,37831,122812,230761,1,0,0,0,0.135175
91525,18,1,197451,53582,46421,143869,281104,0,0,0,0,0.0571805
91526,18,2,235179,64227,55996,170940,340182,1,0,0,0,0.157921
91527,18,2,213222,57699,49935,155510,305962,1,0,0,0,0.186924
91528,18,1,165552,43493,37737,122059,226946,0,0,0,0,0.0607977
91540,18,1,157848,42402,36935,115446,220874,0,0,0,0,0.050362
91541,18,1,173614,45276,39121,128338,232918,0,0,0,0,0.0556856
91542,18,2,252500,68162,59647,184326,359874,1,0,0,0,0.188488
91543,18,2,169027,45023,38747,123991,237076,1,0,0,0,0.145516
91544,18,2,189380,51514,44713,137854,272085,1,0,0,0,0.185885
91545,18,2,353408,94989,82587,258406,496916,1,0,0,0,0.176842
91546,18,2,234814,64080,55828,170722,339281,1,0,0,0,0.150068
91547,18,2,212564,57067,49417,155484,301349,1,0,0,0,0.167434
91548,18,1,168782,44163,38491,124619,228883,0,0,0,0,0.0669173
91549,18,1,168248,43774,38054,124474,228378,0,0,0,0,0.0588683
92120,9,1,128791,31319,26926,97472,158279,0,0,0,0,0.0967235
92121,9,1,129200,31375,27036,97825,158458,0,0,0,0,0.0691031
92122,9,1,127662,31308,26846,96354,160317,0,0,0,0,0.0792998
92123,9,1,144574,35912,31171,108662,184014,0,0,0,0,0.122076
92124,9,1,143619,34969,29979,108650,175148,0,0,0,0,0.0809206
92125,9,1,139261,34781,29767,104480,177056,0,0,0,0,0.0969579
92126,9,1,146621,35919,30758,110702,181025,0,0,0,0,0.0962273
92127,9,1,133008,33396,28746,99612,171969,0,0,0,0,0.0745935
92128,9,1,134407,33276,28435,101131,170337,0,0,0,0,0.0966239
92129,9,1,121445,30101,25575,91344,154644,0,0,0,0,0.10046
92130,9,2,203072,51668,44247,151391,264468,1,0,0,0,0.148935
92131,9,2,202955,51615,44200,151327,264154,1,0,0,0,0.152581
92132,9,1,131100,33031,28271,98069,170403,0,0,0,0,0.051366
92133,9,1,140714,35857,31002,104857,185365,0,0,0,0,0.0964422
92134,9,1,139810,34421,29575,105389,173710,0,0,0,0,0.0725946
92135,9,1,134039,34175,28968,99864,176688,0,0,0,0,0.0584377
92136,9,2,192524,50051,43051,142460,261110,1,0,0,0,0.15068
92137,9,1,128056,32865,27619,95191,171432,0,0,0,0,0.0490585
92138,9,2,182289,47388,40313,134888,247835,1,0,0,0,0.161523
92139,9,2,178500,46165,39160,132322,240991,1,0,0,0,0.167201
92140,9,2,189471,48931,42246,140527,255381,1,0,0,0,0.162338
92141,9,2,189077,48802,42056,140262,254653,1,0,0,0,0.165474
92142,9,1,128179,31893,27305,96286,164380,0,0,0,0,0.0599022
92143,9,1,141915,36135,31065,105780,187282,0,0,0,0,0.0793848
92144,9,1,131117,32450,27654,98667,166564,0,0,0,0,0.0596228
92145,9,1,142155,35913,30812,106242,185367,0,0,0,0,0.0799365
92146,9,2,191776,50800,43968,140964,268860,1,0,0,0,0.218188
92147,9,1,153895,38706,33222,115189,197761,0,0,0,0,0.0638701
92148,9,2,192280,51027,44367,141241,270030,1,0,0,0,0.175916
92149,9,2,195220,50670,43495,144537,262891,1,0,0,0,0.173014
92150,9,2,190702,48634,41729,142056,252866,1,0,0,0,0.190928
92151,9,1,143938,36362,31299,107576,187831,0,0,0,0,0.0481711
92152,9,1,140815,35586,29971,105229,183957,0,0,0,0,0.0480566
92153,9,1,140877,35363,30073,105514,181155,0,0,0,0,0.0523307
92154,9,2,198471,51969,45140,146490,271137,1,0,0,0,0.150165
92155,9,1,166448,43496,37259,122952,227031,0,0,0,0,0.0563225
92156,9,2,206839,55324,47974,151502,293087,1,0,0,0,0.151603
92157,9,1,150670,38548,33435,112122,200769,0,0,0,0,0.073204
92158,9,1,147006,37617,32328,109389,196544,0,0,0,0,0.0536405
92159,9,1,150772,38223,33266,112549,196431,0,0,0,0,0.048898
92160,9,2,190307,48498,41554,141797,252091,1,0,0,0,0.154044
92161,9,1,143873,36334,31270,107539,187644,0,0,0,0,0.0500711
92162,9,1,133586,33945,28696,99641,177317,0,0,0,0,0.0509769
92163,9,1,130648,32767,27841,97881,169521,0,0,0,0,0.0529186
92164,9,2,198418,51957,45133,146450,271070,1,0,0,0,0.148953
92165,9,1,180079,46935,40408,133144,242651,0,0,0,0,0.0565705
92166,9,2,207840,55318,48503,152509,292470,1,0,0,0,0.149574
92167,9,1,152578,38948,33819,113630,202767,0,0,0,0,0.0714966
92168,9,1,146249,37443,32090,108806,195655,0,0,0,0,0.054168
92169,9,1,150732,38209,33267,112523,196318,0,0,0,0,0.0513591
92170,9,1,116695,28991,24665,87704,150950,0,0,0,0,0.0545117
92171,9,2,185017,48407,41712,136598,255293,1,0,0,0,0.147559
92172,9,1,133249,33808,28441,99441,176617,0,0,0,0,0.0515003
92173,9,1,123713,30800,26164,92913,159068,0,0,0,0,0.0570997
92174,9,1,167517,43505,37425,124012,226720,0,0,0,0,0.0603089
92175,9,1,179376,46371,39825,133005,239220,0,0,0,0,0.0613701
92176,9,2,207168,54807,48169,152348,288303,1,0,0,0,0.149156
92177,9,1,146781,37348,32217,109433,194471,0,0,0,0,0.0722637
92178,9,2,188841,49669,43070,139159,262700,1,0,0,0,0.146394
92179,9,2,196619,51518,44706,145088,270786,1,0,0,0,0.152225
92180,9,1,131451,33361,28894,98090,173925,0,0,0,0,0.0722692
92181,9,2,190758,49646,42844,141099,261601,1,0,0,0,0.15879
92182,9,1,131053,32879,28355,98174,170693,0,0,0,0,0.0495035
92183,9,1,131232,33189,28317,98043,173302,0,0,0,0,0.0556463
92184,9,1,146135,37782,32346,108353,196743,0,0,0,0,0.0518344
92185,9,2,172941,45479,39486,127450,239892,1,0,0,0,0.14972
92186,9,2,165635,43277,37908,122346,227451,1,0,0,0,0.147499
92187,9,1,132835,33798,29358,99037,176326,0,0,0,0,0.0544899
92188,9,1,132833,33318,28863,99515,172727,0,0,0,0,0.0503114
92189,9,1,147400,37435,32847,109965,192039,0,0,0,0,0.0514297
92190,9,2,212473,54905,47391,157555,281415,1,0,0,0,0.136473
92191,9,2,212502,54865,47400,157624,281121,1,0,0,0,0.136815
92192,9,1,142074,36325,31561,105749,187543,0,0,0,0,0.0479268
92193,9,1,160947,41276,35809,119671,212057,0,0,0,0,0.0670543
92194,9,1,147485,36927,32508,110558,186318,0,0,0,0,0.0454788
92195,9,1,144055,36877,32037,107178,189039,0,0,0,0,0.0473024
92196,9,2,212192,56523,48953,155656,293712,1,0,0,0,0.150574
92197,9,1,136860,35405,30532,101455,183551,0,0,0,0,0.0462531
92198,9,2,204092,53785,46212,150294,279049,1,0,0,0,0.150958
92199,9,2,199228,52480,44730,146735,272537,1,0,0,0,0.181831
92200,9,2,202299,52882,45766,149404,276626,1,0,0,0,0.211274
92201,9,2,201819,52785,45727,149021,276170,1,0,0,0,0.171493
92202,9,1,142478,36054,31327,106424,185858,0,0,0,0,0.0605602
92203,9,1,159253,40994,36069,118259,212326,0,0,0,0,0.0757398
92204,9,1,150933,38191,32961,112742,196422,0,0,0,0,0.0567079
92205,9,1,160822,41106,35684,119716,211694,0,0,0,0,0.0545517
92206,9,2,210054,56636,49198,153406,299514,1,0,0,0,0.146667
92207,9,1,166150,42139,36714,124011,213929,0,0,0,0,0.0538253
92208,9,2,210693,56841,49344,153840,299992,1,0,0,0,0.166351
92209,9,2,213266,56309,48483,156945,291378,1,0,0,0,0.186341
92210,9,2,202344,52344,45814,149988,272928,1,0,0,0,0.154385
92211,9,2,203176,53607,46678,149557,281248,1,0,0,0,0.141089
92212,9,1,160117,41150,35287,118967,212242,0,0,0,0,0.0554064
92213,9,1,162729,41379,35956,121350,211168,0,0,0,0,0.0565809
92214,9,2,216429,57276,50175,159140,298382,1,0,0,0,0.147049
92215,9,2,217926,58360,50923,159553,307585,1,0,0,0,0.148423
92216,9,2,218081,58681,51177,159387,309617,1,0,0,0,0.16524
92217,9,1,172010,44688,39134,127322,232196,0,0,0,0,0.0989747
92218,9,1,160471,41322,35869,119149,214645,0,0,0,0,0.0606331
92219,9,1,153673,39233,34498,114440,200830,0,0,0,0,0.0503776
92220,9,2,202065,52245,45683,149808,272373,1,0,0,0,0.149887
92221,9,2,203328,53626,46691,149690,281264,1,0,0,0,0.138944
92222,9,1,151976,39170,33579,112806,204058,0,0,0,0,0.0521678
92223,9,1,152074,38888,33616,113186,201146,0,0,0,0,0.0552273
92224,9,2,216395,57267,50178,159115,298326,1,0,0,0,0.146615
92225,9,2,180630,48304,42186,132314,254515,1,0,0,0,0.138553
92226,9,2,219890,58971,51714,160906,310846,1,0,0,0,0.144886
92227,9,1,171190,44537,39029,126653,232204,0,0,0,0,0.0796163
92228,9,1,159966,41374,36019,118592,215603,0,0,0,0,0.0550904
92229,9,1,153809,39263,34531,114546,200926,0,0,0,0,0.0480723
92230,9,1,137186,34421,29790,102765,177704,0,0,0,0,0.0536326
92231,9,2,168702,44822,38774,123868,236404,1,0,0,0,0.134569
92232,9,1,146240,37270,31859,108970,193569,0,0,0,0,0.0510219
92233,9,1,145090,37140,32009,107950,192576,0,0,0,0,0.0557887
92234,9,1,182667,47858,41658,134809,248882,0,0,0,0,0.0596682
92235,9,2,174235,46644,40698,127579,246094,1,0,0,0,0.137797
92236,9,2,221071,59558,52233,161500,313557,1,0,0,0,0.150908
92237,9,1,161068,41286,35852,119782,214393,0,0,0,0,0.0736222
92238,9,2,170688,45275,39014,125400,237917,1,0,0,0,0.142535
92239,9,2,170115,45193,38775,124909,237384,1,0,0,0,0.181313
92240,9,1,147696,37200,32631,110496,191385,0,0,0,0,0.0693124
92241,9,2,158169,41351,35652,116805,217146,1,0,0,0,0.143957
92242,9,2,168683,45147,39319,123525,239567,1,0,0,0,0.204211
92243,9,1,147498,37409,32231,110089,193257,0,0,0,0,0.0615678
92244,9,1,167264,43912,38099,123352,227976,0,0,0,0,0.0767114
92245,9,2,164002,43046,37433,120944,225678,1,0,0,0,0.17955
92246,9,2,166703,43544,37896,123146,227832,1,0,0,0,0.158826
92247,9,2,162145,42105,36415,120028,219986,1,0,0,0,0.18971
92248,9,2,163094,42765,36965,120317,223971,1,0,0,0,0.199606
92249,9,2,163563,42856,36876,120695,224155,1,0,0,0,0.185069
92250,9,2,201636,52825,45618,148799,276688,1,0,0,0,0.172625
92251,9,2,201260,52695,45486,148553,275933,1,0,0,0,0.195108
92252,9,1,136891,34607,29853,102284,179155,0,0,0,0,0.0720921
92253,9,1,148965,38077,33205,110888,196669,0,0,0,0,0.0834638
92254,9,2,218631,57863,50470,160755,301264,1,0,0,0,0.159915
92255,9,2,216907,58285,50277,158610,307749,1,0,0,0,0.150405
92256,9,1,157532,40745,35230,116787,211553,0,0,0,0,0.0712342
92257,9,2,178752,47869,41026,130872,251381,1,0,0,0,0.144633
92258,9,2,186248,51117,44204,135119,271049,1,0,0,0,0.156487
92259,9,1,141078,35293,30871,105785,178166,0,0,0,0,0.053961
92260,9,2,202197,52969,45767,149215,277372,1,0,0,0,0.164619
92261,9,2,203390,54037,46926,149341,284148,1,0,0,0,0.149961
92262,9,2,167743,45184,39173,122547,239777,1,0,0,0,0.154582
92263,9,2,155525,41119,35391,114393,216844,1,0,0,0,0.156874
92264,9,2,217155,58047,50563,159095,303265,1,0,0,0,0.137155
92265,9,2,164619,44164,38145,120442,232692,1,0,0,0,0.163754
92266,9,2,166911,44635,38471,122264,235105,1,0,0,0,0.155381
92267,9,2,162755,42689,36427,120053,223006,1,0,0,0,0.137235
92268,9,2,180163,48638,41786,131513,256672,1,0,0,0,0.173307
92269,9,2,165621,43503,37254,122106,224494,1,0,0,0,0.128121
92270,9,2,201930,52876,45671,149041,276805,1,0,0,0,0.181049
92271,9,2,203207,53988,46892,149207,283878,1,0,0,0,0.156967
92272,9,1,149128,37920,32480,111208,196443,0,0,0,0,0.0521813
92273,9,2,165250,44254,38414,120985,234690,1,0,0,0,0.177148
92274,9,2,217138,58043,50560,159082,303245,1,0,0,0,0.135826
92275,9,2,170478,45912,39970,124553,242225,1,0,0,0,0.133036
92276,9,2,175008,46866,40904,128130,246996,1,0,0,0,0.14457
92277,9,2,203039,55244,47957,147783,292216,1,0,0,0,0.158391
92278,9,1,189761,49872,43771,139889,259045,0,0,0,0,0.0676751
92279,9,2,165629,43500,37253,122117,224458,1,0,0,0,0.131054
92280,9,1,141502,35572,30749,105930,183055,0,0,0,0,0.0577219
92281,9,1,152852,38579,33121,114273,198028,0,0,0,0,0.051953
92282,9,1,150434,38319,32966,112115,198702,0,0,0,0,0.050843
92283,9,1,144405,36631,31452,107774,189204,0,0,0,0,0.0534926
92284,9,2,220768,59163,51757,161592,310870,1,0,0,0,0.137591
92285,9,2,220967,59318,51717,161636,312774,1,0,0,0,0.140161
92286,9,1,166877,43281,37622,123596,225110,0,0,0,0,0.0607815
92287,9,1,186021,48851,42777,137170,253571,0,0,0,0,0.0608681
92288,9,2,222038,60127,52546,161898,318104,1,0,0,0,0.15635
92289,9,2,217984,59046,51118,158925,312010,1,0,0,0,0.155797
92290,9,1,153863,39248,33985,114615,202917,0,0,0,0,0.0794788
92291,9,1,155409,39112,33734,116297,198957,0,0,0,0,0.0553093
92292,9,1,146159,36813,31774,109346,189248,0,0,0,0,0.077563
92293,9,1,137615,34815,29770,102800,179755,0,0,0,0,0.0756982
92294,9,1,171428,43874,37860,127554,225526,0,0,0,0,0.0571397
92295,9,1,168999,42908,36687,126091,220369,0,0,0,0,0.0539261
92296,9,1,158634,40332,34366,118302,208034,0,0,0,0,0.0531908
92297,9,1,184831,47690,41742,137141,243534,0,0,0,0,0.0664046
92298,9,1,184896,47540,41031,137356,243283,0,0,0,0,0.0791756
92299,9,1,176514,45660,39290,130854,235761,0,0,0,0,0.0587122
92300,9,2,209045,54296,46677,154736,279076,1,0,0,0,0.167225
92301,9,2,215122,57244,49899,157866,299302,1,0,0,0,0.185181
92302,9,1,186396,48912,42370,137484,254528,0,0,0,0,0.0787357
92303,9,1,168964,44590,38454,124374,231889,0,0,0,0,0.0712259
92304,9,2,213715,56721,49046,156981,295904,1,0,0,0,0.149379
92305,9,2,220048,59519,51513,160516,313796,1,0,0,0,0.142279
92306,9,1,179547,46735,40639,132812,241325,0,0,0,0,0.0651417
92307,9,2,194205,51150,43703,143044,268218,1,0,0,0,0.144796
92308,9,2,206456,55474,47636,150969,292878,1,0,0,0,0.168335
92309,9,2,203284,53958,46324,149313,281530,1,0,0,0,0.152292
92310,9,2,208910,54246,46666,154651,278770,1,0,0,0,0.137613
92311,9,2,215083,57237,49890,157834,299262,1,0,0,0,0.152908
92312,9,2,173613,46400,40579,127201,244845,1,0,0,0,0.16069
92313,9,2,166730,43960,38137,122758,230946,1,0,0,0,0.154843
92314,9,2,213634,56697,49037,156924,295759,1,0,0,0,0.135508
92315,9,2,222944,60153,52406,162778,317445,1,0,0,0,0.141241
92316,9,1,172314,44358,38311,127956,228526,0,0,0,0,0.0561908
92317,9,2,154120,39824,34020,114283,207653,1,0,0,0,0.134347
92318,9,2,206553,54877,47378,151663,289169,1,0,0,0,0.148573
92319,9,2,203246,53943,46320,149290,281424,1,0,0,0,0.141912
92320,9,1,140243,35696,31312,104547,183653,0,0,0,0,0.0506635
92321,9,2,217459,58243,50835,159203,307481,1,0,0,0,0.160167
92322,9,2,182840,49169,43010,133659,259666,1,0,0,0,0.162265
92323,9,2,166277,43746,38165,122518,229557,1,0,0,0,0.160474
92324,9,2,165875,43648,37675,122214,228813,1,0,0,0,0.164136
92325,9,2,173085,45993,39779,127079,241774,1,0,0,0,0.136453
92326,9,1,163321,41870,35805,121451,216145,0,0,0,0,0.0609039
92327,9,2,156890,40464,34796,116416,211097,1,0,0,0,0.182624
92328,9,1,160051,40994,35738,119057,212757,0,0,0,0,0.0516011
92329,9,1,164909,42351,36723,122558,218468,0,0,0,0,0.0667287
92330,9,1,161222,41548,36522,119674,213930,0,0,0,0,0.0973002
92331,9,2,215742,57876,50671,157853,305035,1,0,0,0,0.149815
92332,9,2,216383,58106,51213,158264,306318,1,0,0,0,0.150699
92333,9,2,219622,59270,52113,160339,312125,1,0,0,0,0.163263
92334,9,2,164835,43512,37710,121311,228350,1,0,0,0,0.170708
92335,9,2,171149,45648,39936,125489,240563,1,0,0,0,0.132648
92336,9,1,170186,44388,38532,125798,231209,0,0,0,0,0.0596871
92337,9,1,155784,39847,34469,115937,207049,0,0,0,0,0.0519272
92338,9,1,159433,40695,35309,118738,210331,0,0,0,0,0.0772151
92339,9,2,205818,53678,46288,152127,281271,1,0,0,0,0.188444
92340,9,1,143654,35764,31100,107890,179926,0,0,0,0,0.0626456
92341,9,1,148115,37383,31796,110732,191904,0,0,0,0,0.0580347
92342,9,1,155458,39470,34046,115988,204636,0,0,0,0,0.0776653
92343,9,2,159238,41368,35505,117858,216112,1,0,0,0,0.151187
92344,9,2,202057,52409,45836,149635,271172,1,0,0,0,0.173027
92345,9,1,188979,49842,43817,139137,259045,0,0,0,0,0.0620447
92346,9,1,190362,49630,43432,140732,254510,0,0,0,0,0.0795249
92347,9,2,157547,40972,35386,116565,214459,1,0,0,0,0.173408
92348,9,1,152655,38840,33639,113815,201434,0,0,0,0,0.0731911
92349,9,1,142894,35857,30842,107037,183757,0,0,0,0,0.0514575
92350,9,1,141374,35863,30867,105511,183228,0,0,0,0,0.0454355
92351,9,1,157706,39868,34150,117838,204205,0,0,0,0,0.0594488
92352,9,1,160599,40625,35229,119974,209868,0,0,0,0,0.0750176
92353,9,2,161794,42394,36135,119388,222656,1,0,0,0,0.193263
92354,9,2,210734,55283,48034,155439,289701,1,0,0,0,0.16358
92355,9,2,203046,55246,48257,147788,292235,1,0,0,0,0.176861
92356,9,1,188315,48876,42579,139439,251172,0,0,0,0,0.0715837
92357,9,2,158749,41463,35736,117273,217366,1,0,0,0,0.161113
92358,9,1,157933,40116,34641,117817,207042,0,0,0,0,0.0657501
92359,9,1,150752,38219,32650,112533,198359,0,0,0,0,0.0795578
92360,9,2,217106,57737,50169,159356,300495,1,0,0,0,0.197112
92361,9,2,209412,55573,48477,153827,292744,1,0,0,0,0.178614
92362,9,1,164245,42266,36645,121979,219805,0,0,0,0,0.0617474
92363,9,2,165944,44064,37926,121867,231769,1,0,0,0,0.205554
92364,9,1,157036,40478,35049,116558,209879,0,0,0,0,0.0522935
92365,9,1,192418,50737,44622,141681,263780,0,0,0,0,0.0613488
92366,9,2,222467,60275,52677,162179,318831,1,0,0,0,0.206985
92367,9,2,205901,54910,47748,150978,289913,1,0,0,0,0.200004
92368,9,1,162443,41752,36381,120691,216827,0,0,0,0,0.0702307
92369,9,1,148959,37650,32562,111309,195052,0,0,0,0,0.0786938
92370,9,1,135713,35079,30328,100634,181610,0,0,0,0,0.0704689
92371,9,1,163642,41131,35512,122511,208327,0,0,0,0,0.0831559
92372,9,1,154696,39276,33821,115420,203021,0,0,0,0,0.0936637
92373,9,2,162965,43116,37103,119837,227045,1,0,0,0,0.203475
92374,9,2,176189,46676,40516,129502,244354,1,0,0,0,0.19205
92375,9,2,164653,43198,37465,121442,226054,1,0,0,0,0.190078
92376,9,1,177225,46361,40420,130864,240520,0,0,0,0,0.0833335
92377,9,2,200092,52429,45494,147651,275042,1,0,0,0,0.171947
92378,9,2,205987,53784,46154,152190,282266,1,0,0,0,0.161092
92379,9,1,143715,36612,31756,107103,190531,0,0,0,0,0.0633008
92380,9,2,213393,57199,49371,156181,298814,1,0,0,0,0.203395
92381,9,2,216073,57921,50728,158140,305416,1,0,0,0,0.195402
92382,9,1,161603,41423,36047,120180,214721,0,0,0,0,0.0531769
92383,9,2,168918,45110,38972,123795,237303,1,0,0,0,0.143836
92384,9,2,181215,48933,42578,132270,258061,1,0,0,0,0.135579
92385,9,2,181679,49020,42320,132647,258881,1,0,0,0,0.127801
92386,9,2,219787,59877,52280,159897,317041,1,0,0,0,0.156351
92387,9,2,208874,55834,48486,153027,294604,1,0,0,0,0.15149
92388,9,1,162852,41578,36175,121274,214032,0,0,0,0,0.069023
92389,9,1,150430,38510,33114,111920,200586,0,0,0,0,0.0649925
92390,9,2,210866,56602,48678,154251,295606,1,0,0,0,0.223275
92391,9,2,225198,60600,52569,164586,315670,1,0,0,0,0.163418
92392,9,1,154633,39441,34858,115192,201673,0,0,0,0,0.0530899
92393,9,1,154769,39488,34920,115281,201878,0,0,0,0,0.0521392
92394,9,1,144362,36486,31937,107876,185009,0,0,0,0,0.0518048
92395,9,2,176552,47490,40906,129050,246928,1,0,0,0,0.132295
92396,9,2,176607,47505,40896,129090,247000,1,0,0,0,0.183396
92397,9,2,214749,57397,49628,157339,299859,1,0,0,0,0.196375
92398,9,2,214724,57395,49635,157316,299840,1,0,0,0,0.171489
92399,9,1,149956,38399,32926,111557,198247,0,0,0,0,0.0811656
94360,9,1,162771,43325,37565,119446,226900,0,0,0,0,0.0862617
94361,9,1,179010,47942,42177,131068,250817,0,0,0,0,0.066152
94364,9,1,181184,47959,42020,133225,249178,0,0,0,0,0.0539459
94369,9,1,182117,47840,41972,134277,249138,0,0,0,0,0.0965493
94370,9,1,163049,43353,37567,119696,226941,0,0,0,0,0.0805966
94371,9,1,178912,47882,42177,131030,250416,0,0,0,0,0.060394
94374,9,1,181065,47896,42045,133169,248747,0,0,0,0,0.063068
94379,9,1,182256,47813,41962,134443,248948,0,0,0,0,0.0903377
94380,9,1,168395,44678,38711,123717,233581,0,0,0,0,0.0901996
94381,9,1,173943,45135,38741,128808,231447,0,0,0,0,0.0718369
94384,9,2,233583,64061,55644,169509,340228,1,0,0,0,0.204161
94389,9,2,248872,67586,58879,181273,358487,1,0,0,0,0.177342
94390,9,1,168241,44633,38690,123608,233308,0,0,0,0,0.0708807
94391,9,1,174965,44949,38614,130016,229188,0,0,0,0,0.0745227
94394,9,2,235020,64807,56133,170200,344685,1,0,0,0,0.20169
94399,9,2,251034,67948,59008,183073,359950,1,0,0,0,0.217484
94400,9,1,165951,43503,37261,122448,224139,0,0,0,0,0.0646123
94401,9,1,166335,43488,37328,122847,223762,0,0,0,0,0.0807368
94404,9,2,232381,63568,54940,168800,336376,1,0,0,0,0.205873
94409,9,2,245109,66287,57544,178809,350540,1,0,0,0,0.201051
94430,9,1,159914,41982,35979,117932,216911,0,0,0,0,0.0949781
94431,9,1,170211,45084,39184,125127,233467,0,0,0,0,0.0889217
94434,9,1,177235,46827,40870,130408,241562,0,0,0,0,0.0706619
94439,9,1,175048,45931,40070,129117,237390,0,0,0,0,0.0898175
94440,9,1,177562,48555,41586,129007,255640,0,0,0,0,0.0546621
94441,9,2,331455,91828,80043,239614,487004,1,0,0,0,0.165361
94444,9,1,199734,53311,46773,146423,277705,0,0,0,0,0.0593224
94449,9,1,176097,45611,39238,130486,235539,0,0,0,0,0.0577534
94450,9,1,177568,48567,41586,129001,255720,0,0,0,0,0.0645647
94451,9,2,337676,93351,81278,244312,494268,1,0,0,0,0.176852
94454,9,1,186739,49420,43171,137319,258042,0,0,0,0,0.0549091
94459,9,1,176947,45595,39391,131352,235328,0,0,0,0,0.0566399
94460,9,2,337364,92143,80448,245209,485276,1,0,0,0,0.19563
94461,9,2,340676,92896,80845,247768,488448,1,0,0,0,0.297016
94464,9,1,179665,47224,40942,132441,246486,0,0,0,0,0.0764567
94469,9,2,290032,76642,66756,213378,399621,1,0,0,0,0.23669
94490,9,1,165892,44860,38160,121032,236373,0,0,0,0,0.0702501
94491,9,1,186187,50568,44002,135619,266712,0,0,0,0,0.0593952
94494,9,1,197983,52443,45755,145540,272454,0,0,0,0,0.0718368
94499,9,1,188871,49805,43249,139066,257502,0,0,0,0,0.0870512
94500,9,1,165938,44877,38158,121061,236477,0,0,0,0,0.0793912
94501,9,1,187914,50891,44456,137023,267515,0,0,0,0,0.0638878
94504,9,1,184103,48587,42063,135516,253559,0,0,0,0,0.0629062
94509,9,1,189285,49607,43176,139678,256669,0,0,0,0,0.0662133
94510,9,2,314286,86450,74751,227824,457701,1,0,0,0,0.185099
94511,9,2,314451,85949,74484,228490,453758,1,0,0,0,0.176789
94514,9,1,173477,45393,39163,128084,236560,0,0,0,0,0.0718669
94519,9,2,298332,79194,69104,219126,413644,1,0,0,0,0.169751
94540,9,1,150093,39559,33596,110534,207413,0,0,0,0,0.0703157
94541,9,1,168746,44772,38489,123974,235555,0,0,0,0,0.0821475
94544,9,1,177403,47587,41242,129816,250943,0,0,0,0,0.0837981
94549,9,1,152514,39467,33988,113047,203499,0,0,0,0,0.0864766
94550,9,1,164965,43826,37939,121139,229341,0,0,0,0,0.0732768
94551,9,2,252488,69215,60370,183260,367497,1,0,0,0,0.154885
94554,9,2,261960,72085,62967,189862,382715,1,0,0,0,0.178494
94559,9,1,153692,39432,34129,114260,202714,0,0,0,0,0.0791973
94580,9,1,170034,44981,39021,125053,233775,0,0,0,0,0.0920908
94581,9,2,258713,70620,61002,188080,373463,1,0,0,0,0.222047
94584,9,2,267741,73498,63811,194230,388501,1,0,0,0,0.19465
94589,9,1,165516,42432,36918,123084,216744,0,0,0,0,0.0795108
94630,9,1,162890,42535,36939,120355,221913,0,0,0,0,0.123774
94631,9,1,186200,49358,42661,136842,257798,0,0,0,0,0.0925951
94632,9,1,189705,50420,43747,139285,263898,0,0,0,0,0.0677907
94633,9,1,190047,50482,43782,139565,263586,0,0,0,0,0.0940509
94634,9,1,201205,54378,47662,146827,284281,0,0,0,0,0.0935006
94635,9,1,207928,56228,49138,151700,294631,0,0,0,0,0.0975847
94636,9,1,205672,55555,48427,150117,290794,0,0,0,0,0.0742566
94637,9,1,146071,37696,32224,108375,196239,0,0,0,0,0.0928309
94638,9,1,151413,39113,33452,112300,203879,0,0,0,0,0.0856342
94639,9,1,161360,41947,35999,119413,217927,0,0,0,0,0.0843267
94922,18,1,186602,50103,43630,136499,262690,0,0,0,0,0.066958
94925,18,1,190802,50905,44230,139897,265923,0,0,0,0,0.0623479
94928,18,1,192766,51361,44613,141405,268492,0,0,0,0,0.0994088
94932,18,1,186653,50088,43633,136565,262526,0,0,0,0,0.0612023
94935,18,1,191309,50989,44330,140320,266190,0,0,0,0,0.0698243
94938,18,1,193119,51404,44653,141715,268602,0,0,0,0,0.0777291
94942,18,1,172518,45920,40053,126598,241673,0,0,0,0,0.0780963
94945,18,1,198977,54192,47132,144785,285500,0,0,0,0,0.0574646
94948,18,2,255739,70005,61308,185722,371707,1,0,0,0,0.145704
94952,18,1,181261,47744,41678,133517,249331,0,0,0,0,0.0631651
94955,18,1,203767,55225,48270,148542,289518,0,0,0,0,0.0699048
94958,18,2,254419,69737,60863,184670,370370,1,0,0,0,0.174066
94962,18,1,174853,45052,38914,129801,232311,0,0,0,0,0.0621778
94965,18,1,196295,53380,46260,142915,281536,0,0,0,0,0.0551055
94968,18,2,260038,71496,62413,188529,380562,1,0,0,0,0.139933
94970,18,1,155672,40203,34812,115469,208848,0,0,0,0,0.055526
94971,18,1,155882,40246,34851,115636,209017,0,0,0,0,0.0564925
94972,18,1,152683,39410,33977,113273,205799,0,0,0,0,0.0554282
94973,18,1,176862,46390,40649,130472,242583,0,0,0,0,0.0773198
94974,18,2,267112,72969,62811,194130,386157,1,0,0,0,0.16314
94975,18,1,182108,48959,42664,133149,258056,0,0,0,0,0.0563071
94976,18,2,248816,67866,59358,180937,360276,1,0,0,0,0.182983
94977,18,2,244496,66504,57981,177979,353124,1,0,0,0,0.178204
94978,18,2,259759,71268,62260,188478,379119,1,0,0,0,0.153898
94979,18,2,259568,70574,61499,188981,373768,1,0,0,0,0.156726
94992,18,1,182117,48482,42142,133635,251789,0,0,0,0,0.0759858
94995,18,1,185793,49021,42688,136772,253080,0,0,0,0,0.0616713
94998,18,1,187780,49414,42707,138366,255947,0,0,0,0,0.0646271
95002,18,1,193147,52507,45658,140640,276228,0,0,0,0,0.0648519
95005,18,1,197122,52415,45155,144707,273332,0,0,0,0,0.0639492
95008,18,1,201757,54558,47183,147199,286976,0,0,0,0,0.0675922
95012,18,1,194051,52247,45710,141804,273323,0,0,0,0,0.0818412
95015,18,1,194206,52059,44960,142147,273108,0,0,0,0,0.0803164
95018,18,1,203135,54909,47557,148226,288983,0,0,0,0,0.0776955
95022,18,1,195062,52690,45802,142372,275915,0,0,0,0,0.0706039
95025,18,2,275682,75614,65987,200056,400714,1,0,0,0,0.196722
95028,18,1,199478,53336,46461,146142,279388,0,0,0,0,0.0730038
95030,18,1,189831,51468,44990,138363,270096,0,0,0,0,0.0811962
95031,18,1,194740,52369,45620,142371,273372,0,0,0,0,0.0911775
95032,18,1,199464,53829,46809,145635,282191,0,0,0,0,0.0897067
95033,18,1,199549,54955,48606,144594,289716,0,0,0,0,0.114958
95034,18,1,180664,48173,41507,132491,252511,0,0,0,0,0.0815207
95035,18,1,190112,50800,44247,139312,266006,0,0,0,0,0.0660881
95036,18,1,197201,53669,46188,143532,282645,0,0,0,0,0.0823789
95037,18,1,197799,53319,46407,144480,280121,0,0,0,0,0.0799185
95038,18,1,202126,54838,47265,147288,288713,0,0,0,0,0.0816441
95039,18,1,202741,54911,48012,147830,288123,0,0,0,0,0.08385
95052,18,1,174138,46808,40656,127330,246409,0,0,0,0,0.0783249
95055,18,1,198060,52900,45530,145160,276116,0,0,0,0,0.0808357
95058,18,1,208437,56655,49085,151782,297877,0,0,0,0,0.0798888
95062,18,1,178897,47607,41457,131290,249462,0,0,0,0,0.0524206
95065,18,1,194566,52193,44864,142373,273721,0,0,0,0,0.0531136
95068,18,1,206162,55911,48807,150251,294364,0,0,0,0,0.0555031
95072,18,1,178016,47034,40616,130982,245983,0,0,0,0,0.0535953
95075,18,1,195341,51693,44653,143648,270186,0,0,0,0,0.0547826
95078,18,1,200662,53864,46972,146798,282291,0,0,0,0,0.0626918
95080,18,1,176672,47428,41062,129244,249340,0,0,0,0,0.065032
95081,18,1,181718,48365,42037,133353,252948,0,0,0,0,0.0759607
95082,18,1,183844,49052,42515,134792,257725,0,0,0,0,0.0746777
95084,18,1,174286,46128,39726,128158,241049,0,0,0,0,0.0535848
95085,18,1,186254,49577,43014,136677,259321,0,0,0,0,0.0522479
95086,18,1,195454,53063,45913,142391,279611,0,0,0,0,0.0535277
95087,18,1,196697,53197,46346,143500,279902,0,0,0,0,0.0547411
95088,18,1,206021,55915,48609,150106,294487,0,0,0,0,0.0699053
95089,18,1,212318,57911,50725,154407,304257,0,0,0,0,0.0582928
95093,18,1,181874,48974,42580,132900,257858,0,0,0,0,0.0706489
95102,18,1,181771,48943,42230,132828,257670,0,0,0,0,0.0568701
95105,18,1,191918,52052,45003,139866,274140,0,0,0,0,0.0542837
95108,18,1,165502,44059,37940,121443,231819,0,0,0,0,0.0530712
95112,18,1,181088,48477,42216,132611,254919,0,0,0,0,0.0508349
95115,18,1,197303,53379,46655,143924,280790,0,0,0,0,0.054196
95118,18,1,160493,42709,37325,117784,224641,0,0,0,0,0.0498875
95120,18,1,168528,44735,38389,123793,234654,0,0,0,0,0.0604835
95121,18,2,255875,69993,60829,185869,371259,1,0,0,0,0.137433
95122,18,1,203994,55594,48138,148400,293845,0,0,0,0,0.0550027
95124,18,2,267475,73298,63543,194164,388608,1,0,0,0,0.138738
95125,18,1,219501,60971,52815,158530,323183,0,0,0,0,0.0592144
95128,18,1,179636,47709,41411,131927,249692,0,0,0,0,0.0509521
95129,18,1,177298,47482,41550,129816,249230,0,0,0,0,0.0505836
95133,18,1,189525,51352,44561,138173,271313,0,0,0,0,0.0525044
95136,18,1,204028,55607,47921,148421,293815,0,0,0,0,0.0574157
95137,18,1,168382,44970,39108,123412,237049,0,0,0,0,0.0542831
95142,18,2,267590,73353,63744,194224,389953,1,0,0,0,0.141579
95145,18,2,279098,77277,67791,201808,411420,1,0,0,0,0.142443
95148,18,1,162662,42716,37113,119946,223091,0,0,0,0,0.050482
95150,18,1,171296,45137,38991,126159,235455,0,0,0,0,0.0597434
95151,18,2,256969,69944,60787,187012,369809,1,0,0,0,0.13758
95154,18,2,269549,73281,63411,196255,386590,1,0,0,0,0.143193
95159,18,1,187251,50193,43782,137058,261967,0,0,0,0,0.0549501
95162,18,1,203855,55494,48195,148361,293390,0,0,0,0,0.0591798
95163,18,2,265328,72918,63291,192397,387996,1,0,0,0,0.148001
95165,18,1,222236,61691,53558,160545,327239,0,0,0,0,0.0654744
95166,18,2,286288,79543,69220,206732,424271,1,0,0,0,0.146948
95167,18,1,163919,43596,37656,120323,229830,0,0,0,0,0.0523627
95168,18,1,172552,45283,39297,127269,236594,0,0,0,0,0.0501887
95180,18,1,171963,45286,39094,126677,237392,0,0,0,0,0.0619959
95181,18,1,180453,48032,41194,132421,252368,0,0,0,0,0.0511098
95182,18,1,181053,48015,41120,133038,252086,0,0,0,0,0.050387
95183,18,2,257237,69809,60693,187415,369865,1,0,0,0,0.144634
95184,18,1,197618,53548,46115,144070,281961,0,0,0,0,0.0540742
95185,18,1,198196,53291,45929,144905,280179,0,0,0,0,0.0540725
95186,18,2,168795,44823,38889,123960,236082,1,0,0,0,0.125186
95187,18,1,155026,40616,34403,114410,213501,0,0,0,0,0.0576978
95188,18,1,158109,41399,36084,116710,216466,0,0,0,0,0.0456794
95189,18,1,165397,43248,37640,122149,224677,0,0,0,0,0.0485888
96880,9,1,163210,43390,37509,119820,227128,0,0,0,0,0.0633866
96881,9,1,178984,47784,41889,131200,249659,0,0,0,0,0.0638065
96884,9,1,181254,47875,41804,133379,248529,0,0,0,0,0.0537858
96889,9,1,181181,47485,41639,133696,247091,0,0,0,0,0.0778105
96890,9,1,163483,43415,37514,120068,227132,0,0,0,0,0.0565589
96891,9,1,178885,47731,41882,131154,249301,0,0,0,0,0.0569774
96894,9,1,181114,47818,41810,133296,248158,0,0,0,0,0.0548632
96899,9,1,181346,47465,41656,133881,246936,0,0,0,0,0.10025
96900,9,1,169915,45095,38986,124820,235822,0,0,0,0,0.0873762
96901,9,1,173266,44959,38633,128307,230606,0,0,0,0,0.0827898
96904,9,2,233006,64053,55654,168940,340299,1,0,0,0,0.166165
96909,9,2,274842,74985,65229,199844,397869,1,0,0,0,0.211169
96910,9,1,169721,45046,38960,124675,235546,0,0,0,0,0.0635953
96911,9,1,174911,44996,38594,129915,229608,0,0,0,0,0.0714113
96914,9,2,233791,64462,55883,169316,342699,1,0,0,0,0.155203
96919,9,2,277464,75572,65569,201879,400524,1,0,0,0,0.219485
96920,9,1,166513,43660,37471,122853,224970,0,0,0,0,0.0530499
96921,9,1,166926,43652,37545,123274,224626,0,0,0,0,0.0649321
96924,9,2,232046,63428,54807,168605,335396,1,0,0,0,0.157568
96929,9,2,275389,74821,64899,200555,395123,1,0,0,0,0.163804
96950,9,1,159760,41919,35918,117841,216441,0,0,0,0,0.064124
96951,9,1,170522,45032,39107,125490,232964,0,0,0,0,0.0629568
96954,9,1,176787,46592,40663,130195,240251,0,0,0,0,0.0589981
96959,9,1,174997,46011,40190,128986,237979,0,0,0,0,0.0803217
96960,9,1,180620,49336,42138,131284,259446,0,0,0,0,0.0589052
96961,9,2,337997,93679,81473,244305,496629,1,0,0,0,0.170124
96964,9,1,199227,53313,46649,145914,277915,0,0,0,0,0.0589571
96969,9,1,174993,45355,39193,129638,234066,0,0,0,0,0.0548947
96970,9,1,180617,49347,42136,131270,259523,0,0,0,0,0.0562075
96971,9,2,342448,94820,82543,247615,502244,1,0,0,0,0.188547
96974,9,1,186604,49527,43176,137077,258823,0,0,0,0,0.0710181
96979,9,1,176472,45542,39380,130930,235180,0,0,0,0,0.0626288
96980,9,2,339802,92904,81097,246886,489125,1,0,0,0,0.208479
96981,9,2,343049,93595,81353,249442,491959,1,0,0,0,0.17243
96984,9,1,179400,47393,41058,132007,247729,0,0,0,0,0.0601544
96989,9,2,288533,76353,66307,212168,398235,1,0,0,0,0.161675
97010,9,1,168094,45506,38581,122588,239794,0,0,0,0,0.0566834
97011,9,1,187564,50929,44260,136635,268505,0,0,0,0,0.0567477
97014,9,1,196459,52198,45442,144261,271386,0,0,0,0,0.0619571
97019,9,1,188766,49852,43363,138914,257767,0,0,0,0,0.0622806
97020,9,1,168138,45522,38576,122616,239892,0,0,0,0,0.0548499
97021,9,1,188737,51110,44633,137627,268640,0,0,0,0,0.0531711
97024,9,1,183226,48435,41839,134791,252836,0,0,0,0,0.0619693
97029,9,1,189455,49712,43280,139743,257258,0,0,0,0,0.0845045
97030,9,2,315359,86889,75075,228458,460076,1,0,0,0,0.193692
97031,9,2,317476,86957,75171,230507,459208,1,0,0,0,0.170159
97034,9,1,172331,45158,38993,127173,235410,0,0,0,0,0.0593183
97039,9,2,297858,79129,68943,218717,413207,1,0,0,0,0.161319
97060,9,1,150088,39720,33679,110368,208563,0,0,0,0,0.0625733
97061,9,1,169807,45105,38758,124702,237519,0,0,0,0,0.0550926
97064,9,1,178859,48059,41607,130800,253677,0,0,0,0,0.0605356
97069,9,1,152325,39442,33979,112883,203439,0,0,0,0,0.0609292
97070,9,1,166113,44195,38133,121918,231288,0,0,0,0,0.0838553
97071,9,2,272204,74738,65308,197453,396626,1,0,0,0,0.186826
97074,9,2,281131,77374,67575,203744,410406,1,0,0,0,0.158463
97079,9,1,154204,39589,34126,114615,203480,0,0,0,0,0.0543126
97100,9,1,170690,45243,39175,125447,235220,0,0,0,0,0.0631833
97101,9,2,278696,76101,65990,202582,402056,1,0,0,0,0.173874
97104,9,2,287927,79001,68627,208913,416959,1,0,0,0,0.168709
97109,9,1,165310,42478,36866,122832,217106,0,0,0,0,0.0589341
97150,9,1,163941,42963,37137,120978,224481,0,0,0,0,0.0900332
97151,9,1,187222,49728,42904,137494,259962,0,0,0,0,0.066938
97152,9,1,191705,50999,44124,140706,267069,0,0,0,0,0.0814894
97153,9,1,192157,51232,44291,140925,267904,0,0,0,0,0.101047
97154,9,1,203161,55175,48347,147986,288908,0,0,0,0,0.0820259
97155,9,1,209809,56860,49669,152949,298170,0,0,0,0,0.0653747
97156,9,1,206562,55969,48714,150593,293381,0,0,0,0,0.06889
97157,9,1,147256,38068,32433,109188,198443,0,0,0,0,0.0628856
97158,9,1,153061,39668,33736,113393,207175,0,0,0,0,0.0635166
97159,9,1,163130,42607,36389,120523,221815,0,0,0,0,0.0765105
97442,18,1,187114,50249,43746,136865,263339,0,0,0,0,0.0776222
97445,18,1,189926,50658,44069,139268,264544,0,0,0,0,0.0821174
97448,18,1,191368,51090,44376,140278,267456,0,0,0,0,0.0716527
97452,18,1,187043,50220,43741,136823,263147,0,0,0,0,0.0598418
97455,18,1,190413,50773,44210,139640,265077,0,0,0,0,0.0619822
97458,18,1,191826,51148,44430,140678,267599,0,0,0,0,0.0709622
97462,18,1,173147,45965,40012,127182,241613,0,0,0,0,0.0688104
97465,18,1,199144,54144,47128,145000,285087,0,0,0,0,0.0809931
97468,18,2,286729,78961,69089,207756,419277,1,0,0,0,0.180103
97472,18,1,182217,47991,41853,134226,250550,0,0,0,0,0.0635167
97475,18,1,204163,55266,48261,148897,289720,0,0,0,0,0.0613618
97478,18,2,286267,78907,68747,207348,418982,1,0,0,0,0.159956
97482,18,1,176593,45604,39445,130989,235490,0,0,0,0,0.0641031
97485,18,1,197855,53730,46663,144125,283057,0,0,0,0,0.0600094
97488,18,2,291250,80455,70206,210782,428157,1,0,0,0,0.18851
97490,18,1,155115,40081,34798,115034,208256,0,0,0,0,0.0596797
97491,18,1,155316,40126,34836,115190,208446,0,0,0,0,0.0738125
97492,18,1,153777,39685,34307,114092,207155,0,0,0,0,0.0781218
97493,18,1,178927,47012,41382,131915,245878,0,0,0,0,0.0796106
97494,18,2,298257,81396,69858,216848,429651,1,0,0,0,0.163377
97495,18,1,184666,49646,43283,135020,261560,0,0,0,0,0.0616827
97496,18,2,281051,77091,67349,203947,409120,1,0,0,0,0.170018
97497,18,2,275862,75776,66065,200073,402770,1,0,0,0,0.154129
97498,18,2,291967,80370,70215,211584,427368,1,0,0,0,0.160352
97499,18,2,291356,79449,69122,211894,420334,1,0,0,0,0.191201
97512,18,1,181039,48267,42025,132772,250727,0,0,0,0,0.0898162
97515,18,1,185318,49055,42776,136263,253610,0,0,0,0,0.0643666
97518,18,1,187098,49369,42658,137729,256171,0,0,0,0,0.0674574
97522,18,1,192953,52273,45336,140680,274619,0,0,0,0,0.0757348
97525,18,1,196532,52335,45106,144197,272968,0,0,0,0,0.104799
97528,18,1,201886,54630,47321,147256,287294,0,0,0,0,0.085829
97532,18,1,194152,52103,45533,142049,272149,0,0,0,0,0.0818114
97535,18,1,193927,52023,44921,141904,272913,0,0,0,0,0.0635169
97538,18,1,202826,54928,47691,147898,289101,0,0,0,0,0.0585998
97542,18,1,195701,52921,45926,142780,277115,0,0,0,0,0.0587964
97545,18,2,303469,83500,72743,219957,442042,1,0,0,0,0.158123
97548,18,1,199181,53332,46459,145849,279357,0,0,0,0,0.0552022
97550,18,1,189805,51410,45001,138395,269570,0,0,0,0,0.0584629
97551,18,1,194326,52198,45533,142128,272306,0,0,0,0,0.0556211
97552,18,1,200555,54251,47156,146304,284520,0,0,0,0,0.0604324
97553,18,1,201569,55707,49319,145862,293787,0,0,0,0,0.0767699
97554,18,1,182056,48632,41803,133424,254933,0,0,0,0,0.083581
97555,18,1,190165,50945,44430,139220,266942,0,0,0,0,0.0535851
97556,18,1,198559,54161,46630,144398,285259,0,0,0,0,0.0687736
97557,18,1,197730,53366,46524,144364,280287,0,0,0,0,0.0654505
97558,18,1,202548,54967,47459,147581,289171,0,0,0,0,0.062984
97559,18,1,203541,55251,48237,148290,289953,0,0,0,0,0.0822949
97572,18,1,174200,46745,40628,127455,245893,0,0,0,0,0.0759516
97575,18,1,198305,53076,45715,145229,277138,0,0,0,0,0.0767895
97578,18,1,208784,56774,49217,152010,298315,0,0,0,0,0.0725611
97582,18,1,179125,47683,41505,131442,249891,0,0,0,0,0.076293
97585,18,1,194628,52279,44933,142349,274164,0,0,0,0,0.0561064
97588,18,1,206361,56079,49079,150282,295192,0,0,0,0,0.0559592
97592,18,1,178114,47151,40686,130963,246718,0,0,0,0,0.0548288
97595,18,1,195392,51795,44819,143597,270800,0,0,0,0,0.0518683
97598,18,1,201087,54124,47094,146963,283789,0,0,0,0,0.0556078
97600,18,1,176421,47376,41043,129045,249051,0,0,0,0,0.05324
97601,18,1,180886,48186,41848,132700,252122,0,0,0,0,0.0514657
97602,18,1,184710,49320,42764,135390,259165,0,0,0,0,0.0525737
97604,18,1,174372,46186,39782,128186,241412,0,0,0,0,0.0538736
97605,18,1,186476,49736,43210,136740,260340,0,0,0,0,0.0756344
97606,18,1,196503,53609,46428,142894,282853,0,0,0,0,0.0645793
97607,18,1,196455,53236,46490,143219,280189,0,0,0,0,0.071544
97608,18,1,206898,56249,48947,150649,296243,0,0,0,0,0.0804666
97609,18,1,213640,58387,51029,155253,306810,0,0,0,0,0.0566164
97613,18,1,183891,49664,43235,134227,261678,0,0,0,0,0.0687542
97622,18,1,182436,49208,42409,133228,259296,0,0,0,0,0.0547752
97625,18,1,192959,52472,45347,140487,276593,0,0,0,0,0.0559012
97628,18,1,167731,44827,38639,122904,236100,0,0,0,0,0.0551642
97632,18,1,182858,49123,42756,133735,258539,0,0,0,0,0.0535819
97635,18,1,199021,53983,47189,145038,284126,0,0,0,0,0.0570361
97638,18,1,162371,43378,37985,118993,228426,0,0,0,0,0.0538137
97640,18,1,169125,45033,38584,124092,236404,0,0,0,0,0.0612084
97641,18,2,278439,76421,66403,202005,405245,1,0,0,0,0.146658
97642,18,1,205111,56011,48497,149100,296258,0,0,0,0,0.0555132
97644,18,2,290396,79790,69001,210593,422994,1,0,0,0,0.188435
97645,18,1,220051,61224,53106,158827,324704,0,0,0,0,0.0684906
97648,18,1,179174,47701,41417,131473,249911,0,0,0,0,0.0698785
97649,18,1,177169,47510,41591,129659,249389,0,0,0,0,0.0508917
97653,18,1,189563,51523,44722,138040,272475,0,0,0,0,0.0558786
97656,18,1,204351,55792,48026,148559,294921,0,0,0,0,0.0561064
97657,18,1,170554,45590,39745,124964,240336,0,0,0,0,0.0546779
97662,18,2,291582,80198,69983,211371,425997,1,0,0,0,0.159236
97665,18,2,304194,84362,74086,219819,448446,1,0,0,0,0.156351
97668,18,1,164325,43398,37635,120927,227188,0,0,0,0,0.0534286
97670,18,1,173185,45742,39460,127443,238871,0,0,0,0,0.0600381
97671,18,2,279874,76504,66394,203357,404457,1,0,0,0,0.146304
97674,18,2,293344,80002,69107,213329,421794,1,0,0,0,0.152335
97679,18,1,187626,50427,43980,137199,263351,0,0,0,0,0.0520954
97682,18,1,205334,56019,48599,149315,296394,0,0,0,0,0.0561245
97683,18,2,289389,79651,69287,209725,423398,1,0,0,0,0.160069
97685,18,1,224019,62262,54044,161757,330381,0,0,0,0,0.0662738
97686,18,2,309012,85766,74762,223233,456603,1,0,0,0,0.221239
97687,18,1,165777,44112,38110,121665,232526,0,0,0,0,0.0587555
97688,18,1,172240,45345,39351,126895,237225,0,0,0,0,0.0753115
97700,18,1,172774,45621,39388,127153,239390,0,0,0,0,0.0674489
97701,18,1,180967,48164,41321,132803,252914,0,0,0,0,0.0693667
97702,18,1,181712,48226,41399,133486,253193,0,0,0,0,0.0531174
97703,18,2,279158,76047,66307,203098,403006,1,0,0,0,0.185036
97704,18,1,198767,53852,46432,144915,283429,0,0,0,0,0.0570728
97705,18,1,199284,53605,46363,145679,281831,0,0,0,0,0.0563571
97706,18,2,168987,45067,39228,123908,237592,1,0,0,0,0.152057
97707,18,1,155397,40634,34511,114763,213400,0,0,0,0,0.0814985
97708,18,1,158949,41692,36423,117257,218069,0,0,0,0,0.05105
97709,18,1,166093,43532,37892,122561,226224,0,0,0,0,0.0512519
99120,9,1,161199,43176,37365,118023,227972,0,0,0,0,0.0622826
99121,9,1,174052,46808,40980,127244,246263,0,0,0,0,0.0620003
99124,9,1,174039,46255,40402,127784,241555,0,0,0,0,0.0582101
99129,9,1,172066,45246,39332,126820,237156,0,0,0,0,0.0829976
99130,9,1,160840,43082,37296,117758,227492,0,0,0,0,0.0651272
99131,9,1,174207,46827,41013,127380,246322,0,0,0,0,0.0857688
99134,9,1,174012,46232,40395,127780,241379,0,0,0,0,0.0832535
99139,9,1,171734,45158,39289,126576,236688,0,0,0,0,0.095022
99140,9,1,166174,44255,38080,121919,233109,0,0,0,0,0.0939908
99141,9,1,170696,44548,38099,126148,230901,0,0,0,0,0.0747019
99144,9,1,175735,46745,40482,128990,245355,0,0,0,0,0.0568268
99149,9,1,164609,43383,37242,121226,228582,0,0,0,0,0.0620323
99150,9,1,165582,44060,37948,121522,231950,0,0,0,0,0.0640973
99151,9,1,173412,44990,38505,128422,232154,0,0,0,0,0.0633662
99154,9,1,182364,48226,41796,134138,251311,0,0,0,0,0.0577895
99159,9,1,170888,44616,38271,126272,233103,0,0,0,0,0.0611388
99160,9,1,163347,42759,36463,120588,221303,0,0,0,0,0.0532024
99161,9,1,163654,42703,36494,120951,220658,0,0,0,0,0.0583391
99164,9,1,180461,47236,40674,133225,243537,0,0,0,0,0.0544617
99169,9,1,170126,44042,37672,126084,227533,0,0,0,0,0.0536921
99190,9,1,181047,48884,42339,132163,256064,0,0,0,0,0.0609209
99191,9,2,362346,97006,84157,265327,505079,1,0,0,0,0.177098
99194,9,2,178283,47045,40989,131225,244016,1,0,0,0,0.128324
99199,9,2,230142,61899,53945,168230,324449,1,0,0,0,0.199472
99200,9,1,182470,49277,42520,133193,258630,0,0,0,0,0.053221
99201,9,2,317945,87419,75933,230513,462188,1,0,0,0,0.152708
99204,9,2,166555,44131,38475,122411,231335,1,0,0,0,0.120151
99209,9,2,218571,59244,51180,159314,313976,1,0,0,0,0.133772
99210,9,1,182363,49217,42453,133146,258213,0,0,0,0,0.0525406
99211,9,2,173269,46360,40274,126896,244375,1,0,0,0,0.12445
99214,9,2,320115,86962,76050,233140,457277,1,0,0,0,0.191076
99219,9,2,216777,58725,50873,158039,311414,1,0,0,0,0.149353
99220,9,2,337350,91497,79086,245840,481700,1,0,0,0,0.163644
99221,9,2,174124,46622,40271,127489,245816,1,0,0,0,0.127125
99224,9,1,195833,52882,45967,142951,276794,0,0,0,0,0.061704
99229,9,2,265224,70888,60964,194324,372301,1,0,0,0,0.157797
99250,9,1,184695,50207,43400,134488,264169,0,0,0,0,0.0576984
99251,9,2,336799,91955,79714,244831,485006,1,0,0,0,0.219737
99254,9,2,169162,44941,39047,124208,236394,1,0,0,0,0.135468
99259,9,2,170077,45519,39343,124545,240120,1,0,0,0,0.152292
99260,9,1,185070,50317,43479,134753,264702,0,0,0,0,0.0574926
99261,9,2,176656,47712,41481,128931,252129,1,0,0,0,0.147038
99264,9,2,312033,85584,74364,226436,452730,1,0,0,0,0.188874
99269,9,2,222359,60803,52725,161543,323307,1,0,0,0,0.168749
99270,9,2,326368,89607,77525,236748,473843,1,0,0,0,0.196349
99271,9,2,176129,47172,40754,128944,248750,1,0,0,0,0.126693
99274,9,1,182105,49106,42589,132999,257958,0,0,0,0,0.058474
99279,9,2,271482,73057,63020,198413,384641,1,0,0,0,0.146689
99300,9,1,180227,48441,42058,131786,253637,0,0,0,0,0.0579017
99301,9,1,199606,53965,46483,145641,282471,0,0,0,0,0.0600714
99304,9,1,180584,47955,41222,132629,250922,0,0,0,0,0.0551459
99309,9,1,165357,43273,37073,122084,224946,0,0,0,0,0.0545661
99310,9,2,373010,99685,86888,273312,519283,1,0,0,0,0.17684
99311,9,2,334147,91396,79343,242738,481508,1,0,0,0,0.165008
99314,9,2,309902,84671,73831,225218,447646,1,0,0,0,0.155379
99319,9,1,169984,43744,37106,126240,224768,0,0,0,0,0.0533816
99340,9,2,184545,48408,42266,136124,251067,1,0,0,0,0.151532
99341,9,2,171901,45592,40106,126296,239398,1,0,0,0,0.134454
99344,9,2,165149,43352,38235,121784,227106,1,0,0,0,0.128509
99349,9,1,170130,43789,37136,126341,225024,0,0,0,0,0.0573842
99390,9,2,234117,62559,54621,171545,327405,1,0,0,0,0.195269
99391,9,2,222452,59943,51912,162496,317346,1,0,0,0,0.153302
99392,9,2,223913,60779,52791,163121,323118,1,0,0,0,0.1647
99393,9,2,249145,66806,57626,182327,352738,1,0,0,0,0.164657
99394,9,2,169148,44892,38999,124243,236164,1,0,0,0,0.151511
99395,9,2,222400,60673,52811,161714,322567,1,0,0,0,0.153162
99396,9,2,247300,66653,57764,180635,352339,1,0,0,0,0.150182
99397,9,1,168254,44237,38061,124017,230341,0,0,0,0,0.055438
99398,9,1,172486,44790,38281,127696,230791,0,0,0,0,0.0573613
99399,9,1,172442,44791,38269,127651,230816,0,0,0,0,0.0538637
99682,18,1,184455,50119,43372,134336,265040,0,0,0,0,0.060744
99685,18,1,188285,51032,44425,137253,269214,0,0,0,0,0.0610472
99688,18,1,186003,49954,43512,136049,263200,0,0,0,0,0.0645352
99692,18,1,183937,49976,43317,133961,264204,0,0,0,0,0.0608305
99695,18,1,188028,50981,44419,137047,268921,0,0,0,0,0.0631133
99698,18,1,186084,49949,43539,136135,263055,0,0,0,0,0.0671977
99702,18,1,166419,44264,38556,122155,233634,0,0,0,0,0.0614502
99705,18,1,190171,51427,44059,138744,271699,0,0,0,0,0.0540004
99708,18,2,278772,75347,65462,203413,400308,1,0,0,0,0.151086
99712,18,1,175984,46612,40607,129372,244521,0,0,0,0,0.0829644
99715,18,1,195954,53025,45815,142929,279567,0,0,0,0,0.0775091
99718,18,2,277555,75354,65078,202189,400899,1,0,0,0,0.198441
99722,18,1,164652,42913,37305,121739,223349,0,0,0,0,0.0702712
99725,18,1,191177,52200,44493,138977,276988,0,0,0,0,0.0547189
99728,18,1,187945,51050,44091,136895,270441,0,0,0,0,0.0536147
99730,18,1,155929,40863,35439,115066,214752,0,0,0,0,0.0588969
99731,18,1,156054,40891,35467,115163,214855,0,0,0,0,0.0580816
99732,18,1,148508,38780,33475,109728,204216,0,0,0,0,0.0618852
99733,18,1,168124,44411,38590,123713,233865,0,0,0,0,0.0812455
99734,18,1,183935,49072,41426,134863,257134,0,0,0,0,0.0653352
99735,18,1,180097,48547,41805,131550,257175,0,0,0,0,0.058825
99736,18,1,180225,48840,42096,131385,259315,0,0,0,0,0.0578544
99737,18,1,176574,47920,41422,128654,254452,0,0,0,0,0.0571855
99738,18,1,176544,47522,41047,129022,252009,0,0,0,0,0.0576885
99739,18,1,175671,46627,39904,129044,244682,0,0,0,0,0.0646454
99752,18,1,198318,52745,45803,145573,274906,0,0,0,0,0.0599412
99755,18,2,192367,51848,45314,140507,270950,1,0,0,0,0.136841
99758,18,2,236738,63520,55024,173205,332115,1,0,0,0,0.154534
99762,18,1,188922,50386,43463,138536,264169,0,0,0,0,0.0524929
99765,18,2,172935,46191,40225,126731,242397,1,0,0,0,0.129057
99768,18,2,225604,60606,52568,164985,319394,1,0,0,0,0.131639
99772,18,2,183235,49333,42988,133889,260237,1,0,0,0,0.145914
99775,18,1,203428,55175,47446,148253,290374,0,0,0,0,0.0601
99778,18,2,225173,60750,52755,164410,320961,1,0,0,0,0.137378
99782,18,1,184753,48937,42169,135816,254537,0,0,0,0,0.0539045
99785,18,1,216477,59085,51400,157392,311218,0,0,0,0,0.0825819
99788,18,1,214155,58042,50406,156113,305289,0,0,0,0,0.0818769
99790,18,1,192186,51505,44325,140681,270062,0,0,0,0,0.062171
99791,18,2,179711,48448,42039,131250,255745,1,0,0,0,0.138991
99792,18,1,185215,49175,42611,136040,256075,0,0,0,0,0.0775226
99793,18,1,194696,52515,45409,142181,275142,0,0,0,0,0.100022
99794,18,1,196126,52818,45702,143308,277071,0,0,0,0,0.0567779
99795,18,1,197264,52939,46117,144325,277764,0,0,0,0,0.0584625
99796,18,1,197178,53925,46535,143253,283989,0,0,0,0,0.0569724
99797,18,1,196816,52962,46257,143854,278008,0,0,0,0,0.0650487
99798,18,1,191749,51831,44927,139918,271699,0,0,0,0,0.0773572
99799,18,1,187006,49752,42914,137254,258281,0,0,0,0,0.0553441
99812,18,1,191580,51655,44631,139925,271318,0,0,0,0,0.0546131
99815,18,2,175105,47398,41405,127694,250566,1,0,0,0,0.165152
99818,18,2,168306,44512,38700,123781,233706,1,0,0,0,0.137017
99822,18,2,182387,48968,42481,133406,257866,1,0,0,0,0.170139
99825,18,1,204929,55539,47756,149390,291678,0,0,0,0,0.0637485
99828,18,1,199035,53838,46664,145197,282213,0,0,0,0,0.0542697
99832,18,1,189197,50711,43820,138486,264364,0,0,0,0,0.0561361
99835,18,1,215855,59385,51593,156470,313580,0,0,0,0,0.0808971
99838,18,1,221487,60957,53319,160530,321850,0,0,0,0,0.0682264
99840,18,1,194312,52367,45054,141945,275411,0,0,0,0,0.0759898
99841,18,2,187600,50862,43887,136725,268985,1,0,0,0,0.195512
99842,18,1,191239,51239,44131,140000,267570,0,0,0,0,0.0995584
99844,18,1,185261,49522,42850,135739,259629,0,0,0,0,0.0985807
99845,18,1,192085,51685,44900,140400,271114,0,0,0,0,0.0779251
99846,18,1,200012,54510,47282,145502,287092,0,0,0,0,0.0546793
99847,18,1,202583,55143,47988,147440,289943,0,0,0,0,0.0799357
99848,18,1,205610,56320,48920,149290,296726,0,0,0,0,0.0839777
99849,18,1,207775,57037,49401,150738,298814,0,0,0,0,0.115884
99853,18,1,200529,54691,47458,145838,287582,0,0,0,0,0.12434
99862,18,1,197581,53304,46194,144277,279742,0,0,0,0,0.0938354
99865,18,1,182118,48246,41321,133872,252236,0,0,0,0,0.0531126
99868,18,1,170094,45357,38795,124737,237693,0,0,0,0,0.0689374
99872,18,1,200550,54292,47202,146258,285693,0,0,0,0,0.059835
99875,18,1,193575,51988,45286,141587,272711,0,0,0,0,0.0574875
99878,18,1,182906,49612,43065,133294,261287,0,0,0,0,0.0642448
99880,18,1,201109,53703,46784,147406,280423,0,0,0,0,0.0750009
99881,18,1,208318,56240,48608,152078,295239,0,0,0,0,0.0576572
99882,18,1,214737,58524,50737,156213,307863,0,0,0,0,0.061657
99884,18,1,206202,55311,47572,150891,289505,0,0,0,0,0.0608269
99885,18,1,210287,57175,49547,153112,300893,0,0,0,0,0.0675812
99888,18,1,184555,49118,42502,135437,255973,0,0,0,0,0.0601262
99889,18,1,175263,46793,40553,128470,244105,0,0,0,0,0.0557367
99893,18,1,201854,55304,47917,146550,291615,0,0,0,0,0.0859033
99896,18,1,198992,53940,46738,145052,283461,0,0,0,0,0.0735268
99897,18,2,210179,57185,50043,152983,303672,1,0,0,0,0.155939
99902,18,1,198482,53973,47231,144509,284581,0,0,0,0,0.0811676
99905,18,1,201530,55011,47888,146519,290013,0,0,0,0,0.0779775
99908,18,2,209093,57108,49774,151974,303735,1,0,0,0,0.166808
99910,18,2,193527,51910,45510,141605,271048,1,0,0,0,0.146569
99911,18,2,177112,47366,41737,129733,249030,1,0,0,0,0.142815
99914,18,2,171403,45759,40276,125631,240777,1,0,0,0,0.146467
99919,18,1,175050,46735,40503,128315,243817,0,0,0,0,0.0617384
99922,18,1,213537,58226,50474,155311,306817,0,0,0,0,0.0599303
99923,18,1,197667,53302,46281,144365,279689,0,0,0,0,0.0602679
99925,18,1,217697,59599,51635,158098,314369,0,0,0,0,0.0625802
99926,18,1,205780,55891,48318,149889,294073,0,0,0,0,0.0635183
99927,18,1,188562,51159,44859,137403,269600,0,0,0,0,0.0664264
99928,18,1,188064,50214,43558,137850,262156,0,0,0,0,0.0594622
99940,18,2,238536,63852,55339,174671,333798,1,0,0,0,0.190345
99941,18,2,229350,62016,53855,167321,328193,1,0,0,0,0.137357
99942,18,2,231451,62748,54508,168690,332698,1,0,0,0,0.169865
99943,18,1,193124,51685,44423,141439,268880,0,0,0,0,0.0524084
99944,18,2,166149,43540,38036,122596,227881,1,0,0,0,0.140089
99945,18,1,204781,55214,47998,149567,289576,0,0,0,0,0.0731384
99946,18,1,208161,56752,48891,151409,296619,0,0,0,0,0.0556333
99947,18,1,180471,48476,41775,131995,254898,0,0,0,0,0.0627272
99948,18,1,176750,47075,40505,129675,245207,0,0,0,0,0.051602
99949,18,1,176591,47015,40464,129576,244876,0,0,0,0,0.0516532
