40042,18,1,138217,35508,30609,102709,184713,0,0,0,0,0.0561704
40045,18,1,149865,38707,33387,111158,201166,0,0,0,0,0.0684603
40048,18,1,150539,39003,33855,111536,203438,0,0,0,0,0.070586
40052,18,1,173441,45510,39885,127931,236300,0,0,0,0,0.0570478
40055,18,1,176053,45968,40108,130085,237498,0,0,0,0,0.0607121
40058,18,1,176460,46094,40399,130366,238568,0,0,0,0,0.0634445
40062,18,1,146240,37218,32621,109022,191448,0,0,0,0,0.0605702
40065,18,2,217905,58462,50728,159430,307255,1,0,0,0,0.183542
40068,18,2,211862,56073,48472,155776,293672,1,0,0,0,0.145221
40072,18,1,158332,40824,35793,117508,210684,0,0,0,0,0.0518306
40075,18,2,214121,57248,49517,156860,300360,1,0,0,0,0.135328
40078,18,2,205580,54226,46758,151341,283973,1,0,0,0,0.158117
40082,18,1,155458,40041,34775,115417,206936,0,0,0,0,0.0642906
40085,18,2,334365,87775,75989,246578,456831,1,0,0,0,0.174048
40088,18,2,316854,82861,71469,233981,430991,1,0,0,0,0.180894
40090,18,1,153258,39267,34564,113991,202740,0,0,0,0,0.0535848
40091,18,1,159521,40852,35952,118669,209816,0,0,0,0,0.0514646
40092,18,1,157571,39697,34096,117874,202736,0,0,0,0,0.0539928
40093,18,1,156764,40345,35330,116419,208718,0,0,0,0,0.0666075
40094,18,1,183566,48522,42489,135044,252206,0,0,0,0,0.0555694
40095,18,1,176687,46291,40471,130396,239712,0,0,0,0,0.0506872
40096,18,1,183881,48567,42536,135314,251692,0,0,0,0,0.0587933
40097,18,1,158940,41306,36047,117634,213693,0,0,0,0,0.0503731
40098,18,1,160711,42047,36565,118664,218160,0,0,0,0,0.0538616
40099,18,1,144692,37086,32130,107606,191631,0,0,0,0,0.0532828
40112,18,1,147954,38288,33215,109666,198329,0,0,0,0,0.0494161
40115,18,1,157421,40848,35597,116573,211141,0,0,0,0,0.0715568
40118,18,1,165046,42792,37203,122254,220964,0,0,0,0,0.0587606
40122,18,1,169631,44428,38573,125203,230581,0,0,0,0,0.05797
40125,18,1,182188,48495,41894,133693,253779,0,0,0,0,0.0631033
40128,18,1,177342,46164,39987,131178,238714,0,0,0,0,0.0492331
40132,18,2,215470,57769,49928,157688,303620,1,0,0,0,0.17025
40135,18,1,175283,46339,39886,128944,241987,0,0,0,0,0.0480768
40138,18,1,169155,44273,38300,124882,230024,0,0,0,0,0.0461633
40142,18,1,171734,45695,39479,126039,237048,0,0,0,0,0.0504644
40145,18,2,225153,61119,52781,164021,322391,1,0,0,0,0.176907
40148,18,2,222014,60168,51774,161833,317081,1,0,0,0,0.135115
40150,18,1,167220,44007,38199,123213,229196,0,0,0,0,0.0470908
40151,18,1,177006,46633,40516,130373,241733,0,0,0,0,0.0491213
40152,18,1,179342,46888,40603,132454,242149,0,0,0,0,0.0521749
40153,18,1,177290,47289,41194,130001,246927,0,0,0,0,0.0882938
40154,18,2,235665,63052,54256,172601,330615,1,0,0,0,0.135518
40155,18,1,168344,44439,38489,123905,231835,0,0,0,0,0.0461262
40156,18,1,192519,51679,44841,140840,269351,0,0,0,0,0.0514838
40157,18,1,162693,42370,36839,120323,219478,0,0,0,0,0.0484541
40158,18,1,168341,44429,38321,123912,230897,0,0,0,0,0.047257
40159,18,1,158171,41445,35444,116726,215051,0,0,0,0,0.0491846
40172,18,1,154515,40471,34757,114044,210831,0,0,0,0,0.0461138
40175,18,1,168814,44634,38541,124180,232445,0,0,0,0,0.0474191
40178,18,1,171269,44930,39175,126339,233839,0,0,0,0,0.0452179
40182,18,2,201504,53876,45769,147615,283599,1,0,0,0,0.132532
40185,18,1,175520,46447,40456,129073,240768,0,0,0,0,0.0492573
40188,18,1,185780,48926,42647,136854,254504,0,0,0,0,0.0486595
40192,18,1,176479,46776,40841,129703,242440,0,0,0,0,0.0490143
40195,18,2,215367,57592,49423,157763,302654,1,0,0,0,0.141295
40198,18,2,219435,59158,51006,160265,311852,1,0,0,0,0.136195
40200,18,1,150994,39327,34243,111667,204259,0,0,0,0,0.046141
40201,18,1,157489,40975,35901,116514,212066,0,0,0,0,0.051153
40202,18,1,153938,39894,34726,114044,206096,0,0,0,0,0.0593815
40204,18,1,147556,38623,33318,108933,200544,0,0,0,0,0.0462419
40205,18,1,162302,42889,36947,119413,223207,0,0,0,0,0.047676
40206,18,1,176171,46584,40301,129587,242660,0,0,0,0,0.047207
40207,18,1,169115,44961,38985,124154,234933,0,0,0,0,0.0486694
40208,18,2,266462,72245,62752,194204,380632,1,0,0,0,0.176716
40209,18,2,243957,65514,56748,178430,344042,1,0,0,0,0.158138
40213,18,1,163143,43031,37406,120112,224423,0,0,0,0,0.0858073
40222,18,1,159026,41433,35941,117593,214705,0,0,0,0,0.0590005
40225,18,1,152342,39158,34038,113184,202148,0,0,0,0,0.059798
40228,18,1,145567,37070,31838,108497,190754,0,0,0,0,0.0490452
40232,18,1,160198,42207,36551,117991,219866,0,0,0,0,0.0540509
40235,18,1,168820,44260,38782,124560,230398,0,0,0,0,0.0548357
40238,18,1,157083,41067,36044,116016,213672,0,0,0,0,0.052243
40240,18,1,144114,37378,32402,106736,193455,0,0,0,0,0.0492944
40241,18,1,165606,43273,37048,122333,224840,0,0,0,0,0.0491109
40242,18,1,169968,45046,38986,124922,235087,0,0,0,0,0.0478968
40244,18,1,181143,47649,41138,133494,246912,0,0,0,0,0.0675965
40245,18,1,194838,51677,45062,143161,269126,0,0,0,0,0.0664198
40248,18,1,167006,44145,38644,122861,229391,0,0,0,0,0.071054
40249,18,1,166583,43501,37989,123082,224982,0,0,0,0,0.0564017
40253,18,2,235053,64103,54693,170938,339307,1,0,0,0,0.149649
40256,18,1,185894,49440,43364,136454,257966,0,0,0,0,0.0490783
40257,18,1,164948,42794,37146,122154,221983,0,0,0,0,0.0486163
40262,18,1,157544,41345,35492,116199,215192,0,0,0,0,0.0535714
40265,18,2,238329,63176,54756,175141,330982,1,0,0,0,0.15003
40268,18,1,156028,41023,35839,115005,214266,0,0,0,0,0.0495423
40270,18,1,149765,38911,33642,110854,201095,0,0,0,0,0.0562347
40271,18,1,163424,43185,36829,120239,225782,0,0,0,0,0.0466642
40274,18,1,177097,46792,40291,130305,244001,0,0,0,0,0.0508366
40279,18,1,173337,45691,39948,127646,237560,0,0,0,0,0.045848
40282,18,1,158397,41712,36091,116685,217178,0,0,0,0,0.0462357
40283,18,1,155012,40932,35123,114080,213725,0,0,0,0,0.0478289
40285,18,1,197120,52088,45159,145032,271063,0,0,0,0,0.0497989
40286,18,2,247898,67796,58580,180090,358792,1,0,0,0,0.135743
40287,18,1,158314,41182,35549,117132,214069,0,0,0,0,0.0495135
40288,18,1,163664,43491,37767,120173,226246,0,0,0,0,0.0470712
40300,18,1,152802,39684,33920,113118,204927,0,0,0,0,0.0568535
40301,18,1,155499,40381,34338,115118,209178,0,0,0,0,0.048293
40302,18,1,149393,38856,33003,110537,201671,0,0,0,0,0.0448484
40303,18,1,140860,36640,31079,104220,190506,0,0,0,0,0.0463519
40304,18,1,173525,45376,39083,128149,236014,0,0,0,0,0.0489393
40305,18,1,182152,47751,40992,134401,247876,0,0,0,0,0.0501018
40306,18,2,250743,68186,58395,182546,359445,1,0,0,0,0.140782
40307,18,1,142567,36538,31283,106029,189245,0,0,0,0,0.0524704
40308,18,1,161167,42675,37110,118492,222424,0,0,0,0,0.0472342
40309,18,1,167501,44410,38751,123091,231389,0,0,0,0,0.0515845
41160,9,1,125891,31532,27278,94359,160170,0,0,0,0,0.0434053
41161,9,2,200250,51196,43455,149041,262578,1,0,0,0,0.129331
41164,9,2,209439,53515,45533,155911,274287,1,0,0,0,0.132481
41169,9,1,144341,36985,32245,107356,188829,0,0,0,0,0.0654533
41170,9,1,126630,31618,27394,95012,160352,0,0,0,0,0.064918
41171,9,2,200126,51113,43355,149000,262000,1,0,0,0,0.141918
41174,9,2,209596,53478,45471,156105,273862,1,0,0,0,0.169115
41179,9,1,145552,37265,32557,108287,190138,0,0,0,0,0.0853714
41180,9,2,187753,48655,41638,139085,253132,1,0,0,0,0.191863
41181,9,2,188786,48562,41863,140213,250942,1,0,0,0,0.155299
41184,9,2,155347,39837,34458,115497,205382,1,0,0,0,0.151646
41189,9,2,161039,40972,35111,120054,210611,1,0,0,0,0.153128
41190,9,2,187748,48662,41659,139073,253172,1,0,0,0,0.160415
41191,9,2,194664,50135,43272,144518,259171,1,0,0,0,0.145085
41194,9,2,152391,39102,33486,113276,201615,1,0,0,0,0.13018
41199,9,2,160028,40873,34964,119142,210424,1,0,0,0,0.129557
41200,9,2,205179,53796,46228,151370,280605,1,0,0,0,0.181409
41201,9,2,205511,53966,46410,151532,281563,1,0,0,0,0.155496
41204,9,2,155254,40034,34303,115207,206621,1,0,0,0,0.180145
41209,9,2,158948,40974,34683,117961,211866,1,0,0,0,0.166363
41230,9,1,114070,28266,24249,85804,143471,0,0,0,0,0.0626725
41231,9,2,191503,47907,40151,143583,243316,1,0,0,0,0.170203
41234,9,2,196152,49022,41621,147117,248586,1,0,0,0,0.144483
41239,9,1,145229,36653,31490,108576,185932,0,0,0,0,0.0688917
41240,9,1,144633,37743,32866,106890,195447,0,0,0,0,0.0471592
41241,9,2,165116,43067,36583,122038,224077,1,0,0,0,0.144004
41244,9,2,209466,55105,47627,154348,286955,1,0,0,0,0.150766
41249,9,1,159808,41899,36248,117909,215522,0,0,0,0,0.051763
41250,9,1,144621,37739,32865,106882,195427,0,0,0,0,0.0606664
41251,9,2,170453,44653,38047,125789,232487,1,0,0,0,0.149799
41254,9,2,199373,51955,44551,147405,269835,1,0,0,0,0.141206
41259,9,1,165914,43419,37645,122495,223096,0,0,0,0,0.0593312
41260,9,2,174710,46169,39495,128529,241266,1,0,0,0,0.174599
41261,9,2,177931,46875,40175,131044,244223,1,0,0,0,0.131987
41264,9,1,146315,37724,32525,108591,195153,0,0,0,0,0.052975
41269,9,1,171939,45524,39111,126415,234909,0,0,0,0,0.0552919
41290,9,1,139131,36853,32320,102278,192898,0,0,0,0,0.0442742
41291,9,2,194467,50872,43148,143584,266320,1,0,0,0,0.148939
41294,9,2,201630,52627,45328,148990,273930,1,0,0,0,0.130885
41299,9,1,167328,43484,37822,123844,222205,0,0,0,0,0.0587086
41300,9,1,139106,36843,32321,102263,192834,0,0,0,0,0.0595188
41301,9,2,200084,52502,44650,147571,274910,1,0,0,0,0.157355
41304,9,2,193542,50235,42658,143294,261214,1,0,0,0,0.147
41309,9,1,173708,45502,39548,128206,233361,0,0,0,0,0.0756369
41310,9,2,206197,54617,46662,151567,286746,1,0,0,0,0.154758
41311,9,2,208875,55203,47254,153659,289077,1,0,0,0,0.158108
41314,9,1,143544,37246,32089,106298,193196,0,0,0,0,0.0478477
41319,9,1,178464,47369,40919,131095,244229,0,0,0,0,0.0587112
41340,9,1,112110,28114,24102,83996,145222,0,0,0,0,0.0781799
41341,9,1,143048,36962,32026,106086,191524,0,0,0,0,0.0588024
41344,9,1,150982,38794,33653,112188,200281,0,0,0,0,0.0465621
41349,9,1,132603,33373,28993,99230,170042,0,0,0,0,0.0594638
41350,9,2,180514,46306,39011,134195,240695,1,0,0,0,0.177847
41351,9,1,146829,37484,32543,109345,192509,0,0,0,0,0.0470904
41354,9,1,156132,39600,34679,116532,202405,0,0,0,0,0.0498853
41359,9,1,140271,35481,30990,104790,180533,0,0,0,0,0.0490639
41380,9,2,183608,46816,39477,136779,242636,1,0,0,0,0.152896
41381,9,1,153615,39244,34275,114371,201033,0,0,0,0,0.0493415
41384,9,1,165922,42153,36940,123769,214523,0,0,0,0,0.0625425
41389,9,1,151697,38453,33518,113244,195506,0,0,0,0,0.0471374
41430,9,1,132298,34060,28949,98238,176475,0,0,0,0,0.0714177
41431,9,2,155315,39303,33041,116000,201621,1,0,0,0,0.160977
41432,9,2,153243,39021,32808,114210,201026,1,0,0,0,0.137538
41433,9,2,151911,38643,32580,113256,198878,1,0,0,0,0.161065
41434,9,2,161773,41384,34975,120377,212887,1,0,0,0,0.124881
41435,9,2,157462,40503,34568,116947,209016,1,0,0,0,0.128451
41436,9,2,158537,40841,34842,117683,210646,1,0,0,0,0.158674
41437,9,1,126233,32259,27614,93974,167324,0,0,0,0,0.0545979
41438,9,1,135036,34654,29813,100382,179600,0,0,0,0,0.0499581
41439,9,1,148388,38137,32702,110251,197330,0,0,0,0,0.0527619
41722,18,2,194851,49480,41843,145359,253785,1,0,0,0,0.131882
41725,18,2,202222,51637,43942,150573,265198,1,0,0,0,0.134925
41728,18,1,150917,38134,33027,112783,193473,0,0,0,0,0.0583504
41732,18,2,194636,49302,41838,145322,252473,1,0,0,0,0.161567
41735,18,2,201886,51431,43834,150443,263753,1,0,0,0,0.154156
41738,18,1,151846,38314,33145,113532,194176,0,0,0,0,0.0525054
41742,18,2,193798,50070,43236,143715,260234,1,0,0,0,0.193944
41745,18,2,163677,42066,36303,121598,217378,1,0,0,0,0.176053
41748,18,2,167771,43284,37306,124474,224212,1,0,0,0,0.151073
41752,18,2,200304,52065,44979,148226,271079,1,0,0,0,0.230721
41755,18,2,161450,41364,35594,120073,213271,1,0,0,0,0.129916
41758,18,2,169077,43619,37391,125445,226115,1,0,0,0,0.124485
41762,18,1,156648,39802,34171,116846,203662,0,0,0,0,0.0533834
41765,18,2,168887,43451,37572,125423,224255,1,0,0,0,0.120422
41768,18,2,168559,43535,37401,125011,225292,1,0,0,0,0.127569
41770,18,1,155959,39236,34176,116723,199824,0,0,0,0,0.0541428
41771,18,1,155856,39212,34168,116644,199692,0,0,0,0,0.068914
41772,18,1,146532,36671,31345,109861,187173,0,0,0,0,0.0782191
41773,18,1,158715,40321,34662,118394,206503,0,0,0,0,0.103709
41774,18,2,152016,38968,33298,113035,201139,1,0,0,0,0.169686
41775,18,2,162235,41816,35914,120406,216347,1,0,0,0,0.144917
41776,18,2,163617,41984,36229,121620,216615,1,0,0,0,0.172366
41777,18,2,165542,42339,36226,123190,218223,1,0,0,0,0.155098
41778,18,2,170657,44274,38383,126370,229252,1,0,0,0,0.186637
41779,18,2,160709,41193,35284,119503,212899,1,0,0,0,0.191027
41792,18,2,187722,46957,39392,140753,238740,1,0,0,0,0.186271
41795,18,2,196010,49126,41379,146872,249630,1,0,0,0,0.194349
41798,18,1,154022,38944,33873,115078,197144,0,0,0,0,0.0742291
41802,18,2,200817,52799,44954,148005,275826,1,0,0,0,0.170254
41805,18,2,207373,54680,46597,152680,285422,1,0,0,0,0.153621
41808,18,2,207803,54791,47034,152999,286186,1,0,0,0,0.158969
41812,18,2,207276,54805,46830,152458,286600,1,0,0,0,0.185789
41815,18,2,202644,53373,45130,149258,278568,1,0,0,0,0.14183
41818,18,2,211891,55988,47976,155890,292307,1,0,0,0,0.166659
41822,18,1,173908,45882,39853,128026,236761,0,0,0,0,0.0745499
41825,18,2,216967,57698,49634,159256,302206,1,0,0,0,0.141838
41828,18,2,216720,58157,50044,158550,305571,1,0,0,0,0.182413
41830,18,1,154737,39986,34577,114751,205447,0,0,0,0,0.0547285
41831,18,1,163399,42228,36508,121171,216394,0,0,0,0,0.0601543
41832,18,1,165403,42922,36833,122481,220829,0,0,0,0,0.0529246
41833,18,1,165608,44991,39533,120617,234763,0,0,0,0,0.0883816
41834,18,2,198849,52257,44735,146579,272549,1,0,0,0,0.143458
41835,18,2,209373,55570,47497,153790,290950,1,0,0,0,0.168207
41836,18,2,216213,57803,49509,158397,303083,1,0,0,0,0.153654
41837,18,2,209789,55720,47905,154056,291562,1,0,0,0,0.173279
41838,18,2,218167,58349,49938,159805,306290,1,0,0,0,0.143828
41839,18,1,176830,46265,40359,130565,238238,0,0,0,0,0.0504825
41852,18,2,195311,51686,43690,143612,271286,1,0,0,0,0.135824
41855,18,2,201699,53189,45332,148497,278324,1,0,0,0,0.125565
41858,18,2,206684,54617,46920,152054,286187,1,0,0,0,0.166365
41862,18,2,200628,53325,45326,147290,280077,1,0,0,0,0.159553
41865,18,2,198066,51941,44109,146112,271240,1,0,0,0,0.117001
41868,18,2,212245,56395,48166,155837,295860,1,0,0,0,0.120326
41872,18,1,167967,44815,39340,123152,233344,0,0,0,0,0.0540916
41875,18,2,213294,56984,48767,156297,299311,1,0,0,0,0.163516
41878,18,2,216779,58204,50082,158562,306485,1,0,0,0,0.154835
41880,18,1,151478,39683,34592,111795,205810,0,0,0,0,0.0469338
41881,18,1,157717,41285,35827,116432,213646,0,0,0,0,0.0491047
41882,18,1,161547,42416,36522,119131,220111,0,0,0,0,0.0509851
41884,18,2,199271,52619,44886,146639,275040,1,0,0,0,0.156016
41885,18,2,211865,56740,48272,155112,298229,1,0,0,0,0.151635
41886,18,2,215498,57540,49208,157945,302607,1,0,0,0,0.16854
41887,18,2,210879,56509,48287,154357,297030,1,0,0,0,0.127452
41888,18,2,219453,59084,50731,160356,311375,1,0,0,0,0.127866
41889,18,1,188573,49794,43520,138779,256963,0,0,0,0,0.0559785
41893,18,1,161709,44045,38606,117664,231003,0,0,0,0,0.0627139
41902,18,2,186745,48462,41307,138270,252567,1,0,0,0,0.132211
41905,18,2,191493,49888,42665,141592,260185,1,0,0,0,0.124768
41908,18,1,142716,36452,31081,106264,188539,0,0,0,0,0.0488123
41912,18,1,159100,42200,36676,116900,220294,0,0,0,0,0.0496379
41915,18,2,203702,54072,46577,149617,283961,1,0,0,0,0.158252
41918,18,1,153167,40080,34659,113087,209214,0,0,0,0,0.0486085
41920,18,1,134981,34710,29547,100271,179939,0,0,0,0,0.0503624
41921,18,1,161095,42334,36297,118761,219776,0,0,0,0,0.0499638
41922,18,2,201177,53642,45836,147523,281806,1,0,0,0,0.158986
41924,18,2,294727,78394,67007,216321,409159,1,0,0,0,0.198531
41925,18,2,212326,56639,48431,155675,297593,1,0,0,0,0.178064
41928,18,1,170156,45360,39456,124796,235523,0,0,0,0,0.0725831
41929,18,1,165340,43381,37794,121959,225161,0,0,0,0,0.0496678
41933,18,1,164736,44125,38274,120611,230675,0,0,0,0,0.0503942
41936,18,1,180948,48062,41826,132886,249713,0,0,0,0,0.0652027
41937,18,1,158741,41352,35750,117389,215274,0,0,0,0,0.0776003
41942,18,2,216177,57407,48932,158758,301137,1,0,0,0,0.167072
41945,18,2,204030,53851,46217,150166,282573,1,0,0,0,0.134943
41948,18,1,151906,39541,34423,112365,205812,0,0,0,0,0.0612755
41950,18,1,141138,36224,30957,104914,187316,0,0,0,0,0.0527436
41951,18,1,164725,43212,37072,121513,223953,0,0,0,0,0.0505646
41954,18,2,299865,79988,68554,219865,417033,1,0,0,0,0.185521
41959,18,1,175357,46082,40216,129275,238527,0,0,0,0,0.0584594
41962,18,2,158289,41388,34815,116888,215568,1,0,0,0,0.126434
41963,18,2,220424,60326,51259,160086,319483,1,0,0,0,0.140087
41965,18,2,170490,44740,37975,125737,232922,1,0,0,0,0.12367
41966,18,2,235979,64133,55306,171834,338166,1,0,0,0,0.170101
41967,18,1,152124,39113,33467,113011,202844,0,0,0,0,0.0640395
41968,18,1,163457,43917,37977,119540,228578,0,0,0,0,0.0624465
41980,18,1,144094,36974,31260,107120,190804,0,0,0,0,0.0666723
41981,18,2,203450,53994,45909,149443,282691,1,0,0,0,0.130023
41982,18,2,202295,53867,45481,148415,282726,1,0,0,0,0.160449
41983,18,2,203520,54732,46689,148777,287847,1,0,0,0,0.189809
41984,18,2,211321,56265,48136,155044,294753,1,0,0,0,0.14286
41985,18,2,211074,56358,48095,154704,295828,1,0,0,0,0.165033
41986,18,2,214713,57946,49985,156756,305042,1,0,0,0,0.173651
41987,18,1,142032,36321,30822,105711,188630,0,0,0,0,0.0523085
41988,18,1,162425,43364,37575,119061,226723,0,0,0,0,0.0527153
41989,18,1,172625,46058,40067,126567,240184,0,0,0,0,0.0494263
42560,9,1,124131,30846,26635,93285,156808,0,0,0,0,0.0444295
42561,9,1,145437,36900,32133,108537,188065,0,0,0,0,0.051385
42564,9,4,313239,84076,73155,229137,456519,1,1,2,0,0.265665
42569,9,4,324961,86853,75370,238082,469242,1,1,2,0,0.277981
42570,9,1,124841,30964,26765,93877,157272,0,0,0,0,0.0523651
42571,9,1,146386,37060,32263,109326,188713,0,0,0,0,0.071549
42574,9,4,313526,84129,73274,229371,456751,1,1,2,0,0.213245
42579,9,4,325799,87032,75528,238741,470133,1,1,2,0,0.232572
42580,9,1,125702,31258,26520,94444,160624,0,0,0,0,0.0547389
42581,9,1,148190,37803,32447,110387,194790,0,0,0,0,0.0764846
42584,9,1,150643,38445,33511,112198,198145,0,0,0,0,0.0740629
42589,9,1,150585,38347,33206,112238,197199,0,0,0,0,0.0616667
42590,9,1,126045,31563,27426,94482,162625,0,0,0,0,0.0800346
42591,9,1,147949,37405,32297,110544,190745,0,0,0,0,0.0557145
42594,9,1,156227,39843,35049,116384,204754,0,0,0,0,0.0773985
42599,9,1,152103,38985,33964,113118,201329,0,0,0,0,0.0748222
42600,9,1,167524,43462,38174,124062,225067,0,0,0,0,0.095906
42601,9,1,170569,43518,37517,127051,221904,0,0,0,0,0.0782559
42604,9,1,172958,44485,38884,128473,228551,0,0,0,0,0.0823241
42609,9,1,168033,43072,37216,124961,221156,0,0,0,0,0.0825538
42630,9,1,131429,32092,27450,99337,160621,0,0,0,0,0.074801
42631,9,1,165553,41694,36276,123859,210668,0,0,0,0,0.0693841
42634,9,1,136235,34394,29945,101841,175362,0,0,0,0,0.0650461
42639,9,1,143859,36144,31346,107715,183174,0,0,0,0,0.0619408
42640,9,1,127599,31530,26774,96069,160071,0,0,0,0,0.05255
42641,9,1,159566,40833,35274,118733,208958,0,0,0,0,0.0538107
42644,9,4,319097,86552,75466,232519,472907,1,1,2,0,0.217638
42649,9,4,318811,86035,74829,232750,469555,1,1,2,0,0.209731
42650,9,1,135271,33610,28692,101661,170481,0,0,0,0,0.0551736
42651,9,1,159296,41022,36117,118274,210667,0,0,0,0,0.0737395
42654,9,1,176847,45869,39944,130978,236143,0,0,0,0,0.0735037
42659,9,1,164627,42110,36575,122517,215636,0,0,0,0,0.059299
42660,9,1,173507,44145,38269,129362,224687,0,0,0,0,0.0786159
42661,9,1,166695,43616,38470,123079,225025,0,0,0,0,0.0708394
42664,9,1,177525,46417,40093,131108,239180,0,0,0,0,0.0738584
42669,9,1,172516,44229,38459,128287,226627,0,0,0,0,0.0788243
42690,9,1,122547,30720,26078,91827,158132,0,0,0,0,0.0715953
42691,9,1,153163,39281,34017,113882,202507,0,0,0,0,0.0631247
42694,9,4,316570,85326,74068,231218,465863,1,1,2,0,0.221088
42699,9,4,324957,87967,76440,236964,480046,1,1,2,0,0.214122
42700,9,1,126148,31706,27374,94442,163237,0,0,0,0,0.0602876
42701,9,1,154945,40428,35594,114517,209819,0,0,0,0,0.0520078
42704,9,1,181726,47545,41427,134181,245883,0,0,0,0,0.0610771
42709,9,1,162335,41374,35961,120961,212570,0,0,0,0,0.0580435
42710,9,1,163008,41811,36247,121197,215149,0,0,0,0,0.0945139
42711,9,1,159087,41644,36640,117443,216175,0,0,0,0,0.0547924
42714,9,1,180591,47370,41005,133221,244707,0,0,0,0,0.0527128
42719,9,1,170248,44129,38489,126119,227902,0,0,0,0,0.0547951
42740,9,1,123330,31022,26273,92308,160033,0,0,0,0,0.0553612
42741,9,2,194393,51243,43662,143137,268507,1,0,0,0,0.137325
42744,9,2,204281,53591,45592,150677,279976,1,0,0,0,0.146784
42749,9,1,156741,39772,34743,116969,202897,0,0,0,0,0.0762318
42750,9,1,156709,40309,34719,116400,208365,0,0,0,0,0.0892275
42751,9,2,194470,51337,43811,143120,269161,1,0,0,0,0.150044
42754,9,2,208857,55363,47314,153481,290315,1,0,0,0,0.145799
42759,9,1,162821,42077,36630,120744,217835,0,0,0,0,0.054855
42780,9,1,131371,33977,29312,97394,177353,0,0,0,0,0.0536225
42781,9,1,143881,37200,32249,106681,193373,0,0,0,0,0.0537221
42784,9,1,159004,40984,36040,118020,211454,0,0,0,0,0.052277
42789,9,1,161604,41473,36267,120131,213991,0,0,0,0,0.102097
42830,9,1,132199,33806,28743,98393,174930,0,0,0,0,0.0771668
42831,9,1,145002,37112,31654,107890,191147,0,0,0,0,0.0735971
42832,9,1,152757,39457,34162,113300,202867,0,0,0,0,0.0769849
42833,9,1,163741,42413,36984,121328,217738,0,0,0,0,0.080998
42834,9,1,161437,41829,36372,119608,215378,0,0,0,0,0.0781711
42835,9,1,162825,42014,36726,120811,215244,0,0,0,0,0.0790033
42836,9,1,176457,46058,40252,130399,236597,0,0,0,0,0.085123
42837,9,1,161958,41669,36191,120289,212115,0,0,0,0,0.0772036
42838,9,1,173774,45569,39383,128205,235224,0,0,0,0,0.080816
42839,9,1,168756,43471,37553,125285,223559,0,0,0,0,0.10873
43122,18,1,138774,35223,30782,103551,180480,0,0,0,0,0.0677438
43125,18,4,278109,74078,63939,204005,403469,1,1,2,0,0.241592
43128,18,4,311023,83275,71953,227722,451264,1,1,2,0,0.256948
43132,18,1,139443,35346,30916,104097,181014,0,0,0,0,0.0686767
43135,18,4,278636,74226,64097,204384,404278,1,1,2,0,0.21572
43138,18,4,311589,83433,72104,228130,452148,1,1,2,0,0.18585
43142,18,1,137068,34862,30151,102206,180728,0,0,0,0,0.053986
43145,18,1,165079,42903,37283,122176,222629,0,0,0,0,0.0479469
43148,18,1,167438,43340,37830,124098,223935,0,0,0,0,0.0494331
43152,18,1,162005,42163,36971,119842,218009,0,0,0,0,0.0536878
43155,18,1,176725,46741,41397,129984,242111,0,0,0,0,0.0550098
43158,18,2,209738,55465,47948,154262,289740,1,0,0,0,0.173986
43162,18,1,160671,41915,36690,118756,218597,0,0,0,0,0.0881659
43165,18,1,178439,47214,41689,131225,246469,0,0,0,0,0.0715038
43168,18,1,178974,47180,41574,131794,245532,0,0,0,0,0.0572775
43170,18,1,147225,37602,33087,109623,194818,0,0,0,0,0.069198
43171,18,1,159414,40749,35633,118665,209904,0,0,0,0,0.0711012
43172,18,1,163913,42509,37450,121404,219737,0,0,0,0,0.0541595
43173,18,1,165223,42888,37133,122335,220730,0,0,0,0,0.0535027
43174,18,1,161333,41897,36852,119436,217096,0,0,0,0,0.0617345
43175,18,1,178069,46503,40781,131566,241241,0,0,0,0,0.0806121
43176,18,1,170828,44901,39643,125927,233741,0,0,0,0,0.0769462
43177,18,1,170602,44994,39914,125608,233980,0,0,0,0,0.0844017
43178,18,1,180267,47454,41446,132813,246106,0,0,0,0,0.0626173
43179,18,1,168408,44020,38415,124388,228018,0,0,0,0,0.0586298
43192,18,1,152271,38149,33165,114122,193309,0,0,0,0,0.0480362
43195,18,2,163623,40938,34632,122672,206993,1,0,0,0,0.113785
43198,18,1,148452,37532,32912,110920,191027,0,0,0,0,0.0420367
43202,18,1,146911,37426,32423,109485,192152,0,0,0,0,0.0473446
43205,18,4,298724,81431,70284,217267,447179,1,1,2,0,0.172697
43208,18,4,338434,92166,80303,246242,504364,1,1,2,0,0.179885
43212,18,2,156290,40154,34161,116123,207771,1,0,0,0,0.115605
43215,18,1,180511,47441,41440,133070,245399,0,0,0,0,0.052922
43218,18,1,180506,47336,41354,133170,245247,0,0,0,0,0.0475102
43222,18,1,176364,46159,39882,130205,238108,0,0,0,0,0.0497372
43225,18,1,189078,49993,43906,139085,259337,0,0,0,0,0.0512696
43228,18,2,158290,40928,34926,117349,211727,1,0,0,0,0.138679
43230,18,1,158367,40246,34614,118121,205298,0,0,0,0,0.076174
43231,18,1,172799,44777,38752,128022,229343,0,0,0,0,0.0763103
43232,18,1,177136,46364,40096,130772,239092,0,0,0,0,0.0734024
43233,18,1,175107,46311,39599,128796,238910,0,0,0,0,0.0746993
43234,18,1,182816,48424,42064,134392,250247,0,0,0,0,0.0781105
43235,18,1,198169,52470,45807,145699,271256,0,0,0,0,0.0660765
43236,18,1,186447,49873,42757,136574,259447,0,0,0,0,0.0570946
43237,18,1,162306,41897,36279,120409,215813,0,0,0,0,0.0654647
43238,18,1,170303,44385,38721,125918,229277,0,0,0,0,0.0783429
43239,18,1,181940,47477,41484,134463,245079,0,0,0,0,0.0543427
43252,18,1,140447,36379,31420,104068,189372,0,0,0,0,0.0682508
43255,18,4,347963,95272,82411,252665,521866,1,1,2,0,0.273308
43258,18,4,338751,92887,80990,245838,509476,1,1,2,0,0.219963
43262,18,2,149017,38086,32119,110918,197147,1,0,0,0,0.16713
43265,18,1,186971,49449,42845,137522,256847,0,0,0,0,0.0760972
43268,18,1,180109,47876,41848,132233,250370,0,0,0,0,0.0734168
43272,18,1,167175,44434,38411,122741,232815,0,0,0,0,0.0712156
43275,18,1,189798,50627,44405,139171,264127,0,0,0,0,0.0776781
43278,18,2,156295,40540,34373,115742,210634,1,0,0,0,0.162329
43280,18,1,147720,38243,33337,109477,198261,0,0,0,0,0.0623827
43281,18,1,164035,42846,36977,121189,222255,0,0,0,0,0.0625844
43282,18,1,167687,44064,38032,123623,229903,0,0,0,0,0.0508294
43284,18,1,182106,48291,41899,133815,250082,0,0,0,0,0.0600001
43285,18,1,202635,53854,46922,148781,279284,0,0,0,0,0.0640756
43286,18,1,187067,50170,43852,136897,261571,0,0,0,0,0.0581674
43287,18,1,167107,43983,38247,123124,228373,0,0,0,0,0.0585782
43288,18,1,171177,44928,39123,126249,233387,0,0,0,0,0.0620419
43289,18,1,181445,47996,42038,133449,249425,0,0,0,0,0.0616425
43293,18,1,171619,45890,39484,125729,239045,0,0,0,0,0.0587007
43302,18,2,198664,52534,45103,146117,275270,1,0,0,0,0.134031
43305,18,2,210953,56292,48594,154648,295788,1,0,0,0,0.14445
43308,18,1,166990,43979,38783,123011,229785,0,0,0,0,0.0672877
43312,18,2,158074,41469,35121,116592,216173,1,0,0,0,0.17391
43315,18,2,167327,44201,37650,123113,231044,1,0,0,0,0.135973
43318,18,2,153651,39755,33577,113883,206303,1,0,0,0,0.130033
43320,18,1,140409,36194,31168,104215,188351,0,0,0,0,0.0521189
43321,18,2,200885,53647,45770,147225,282108,1,0,0,0,0.156959
43322,18,2,209147,56699,48635,152435,299528,1,0,0,0,0.18543
43324,18,2,212008,56414,48360,155581,295798,1,0,0,0,0.150929
43325,18,2,222785,60603,52254,162169,320308,1,0,0,0,0.15739
43328,18,1,168825,44653,38855,124172,232138,0,0,0,0,0.0491944
43329,18,1,178730,47187,41466,131543,246052,0,0,0,0,0.0699938
43333,18,2,217920,60054,51241,157853,318504,1,0,0,0,0.158682
43336,18,2,227982,63131,54410,164838,335068,1,0,0,0,0.163083
43337,18,1,161063,42420,36754,118643,220753,0,0,0,0,0.0761031
43342,18,2,192763,50982,43559,141771,267369,1,0,0,0,0.203021
43345,18,2,200321,52992,45638,147319,277469,1,0,0,0,0.173942
43348,18,2,201885,53330,45681,148544,279161,1,0,0,0,0.176917
43350,18,1,161201,43283,37229,117918,227510,0,0,0,0,0.0617966
43351,18,1,173613,46832,40765,126781,245865,0,0,0,0,0.0555971
43354,18,1,184378,49400,43232,134978,257954,0,0,0,0,0.0560864
43359,18,1,186983,49451,43210,137532,257493,0,0,0,0,0.0724105
43362,18,1,177271,47202,41213,130069,246791,0,0,0,0,0.0575798
43363,18,1,172350,46041,40103,126309,240526,0,0,0,0,0.0571251
43365,18,1,189858,50599,44279,139259,263836,0,0,0,0,0.0699492
43366,18,1,184443,49040,42852,135403,254952,0,0,0,0,0.0732666
43367,18,1,188582,50475,44198,138107,262446,0,0,0,0,0.0538702
43368,18,1,178540,46844,40557,131696,240927,0,0,0,0,0.0569674
43380,18,1,141704,37132,31976,104572,193351,0,0,0,0,0.0501219
43381,18,1,157310,41678,36148,115632,217314,0,0,0,0,0.0481923
43382,18,1,169034,44762,38716,124272,233325,0,0,0,0,0.0505205
43383,18,1,160599,42203,36537,118396,219230,0,0,0,0,0.052844
43384,18,1,174031,45803,40156,128228,237274,0,0,0,0,0.0494551
43385,18,1,179511,47457,41388,132054,246490,0,0,0,0,0.0502385
43386,18,1,172664,45327,39604,127337,234499,0,0,0,0,0.0486796
43387,18,2,231434,61781,52938,169640,324069,1,0,0,0,0.169801
43388,18,1,175877,46096,39980,129781,238258,0,0,0,0,0.049741
43389,18,1,180367,48053,42270,132314,250969,0,0,0,0,0.0663226
43680,9,1,124391,30919,26671,93472,157193,0,0,0,0,0.0490877
43681,9,4,317167,84730,73650,232411,457356,1,1,2,0,0.252465
43684,9,4,314914,83787,72937,231101,453312,1,1,2,0,0.258969
43689,9,4,298904,79413,68994,219465,429232,1,1,2,0,0.252296
43690,9,1,125101,31037,26801,94064,157657,0,0,0,0,0.0472757
43691,9,4,317432,84784,73631,232622,457669,1,1,2,0,0.209469
43694,9,4,315376,83883,73071,231467,453757,1,1,2,0,0.199976
43699,9,4,299345,79471,69062,219848,429435,1,1,2,0,0.206557
43700,9,1,126132,31378,26605,94754,161231,0,0,0,0,0.0517354
43701,9,4,312849,84005,72784,228818,455818,1,1,2,0,0.222897
43704,9,4,334009,90157,78628,243826,490903,1,1,2,0,0.205027
43709,9,4,333010,89477,77662,243507,486354,1,1,2,0,0.269265
43710,9,1,126317,31627,27441,94690,162946,0,0,0,0,0.073426
43711,9,4,292629,78109,67737,214494,424245,1,1,2,0,0.298116
43714,9,4,307607,83260,72565,224321,455049,1,1,2,0,0.284514
43719,9,4,301094,80159,69584,220909,436676,1,1,2,0,0.320965
43720,9,1,170577,43714,38461,126863,224772,0,0,0,0,0.100529
43721,9,1,176983,44696,38667,132287,225092,0,0,0,0,0.0867529
43724,9,1,178258,45701,39994,132557,233414,0,0,0,0,0.0883276
43729,9,1,167707,43015,37187,124692,220920,0,0,0,0,0.0774049
43750,9,1,131891,32209,27502,99682,161226,0,0,0,0,0.0721446
43751,9,4,367809,99294,86719,268489,536239,1,1,2,0,0.308282
43754,9,6,344456,93032,79103,251375,507009,1,1,2,2,0.789712
43759,9,1,127857,31994,27574,95863,162309,0,0,0,0,0.0672862
43760,9,1,128068,31653,26848,96415,160702,0,0,0,0,0.0678075
43761,9,4,342926,92634,80293,250266,502397,1,1,2,0,0.285089
43764,9,6,347918,94973,80951,252897,521192,1,1,2,2,0.725887
43769,9,4,313814,84674,73333,229114,461782,1,1,2,0,0.270984
43770,9,1,135592,33685,28749,101907,170848,0,0,0,0,0.0671972
43771,9,4,335061,91724,79782,243311,501515,1,1,2,0,0.256069
43774,9,2,208777,54727,47122,154037,284704,1,0,0,0,0.144006
43779,9,1,156870,40383,34792,116487,207289,0,0,0,0,0.0760081
43780,9,1,177441,45222,39219,132219,229738,0,0,0,0,0.0824847
43781,9,1,158248,40644,35583,117604,208133,0,0,0,0,0.0712534
43784,9,1,165348,42577,36892,122771,218892,0,0,0,0,0.0703542
43789,9,1,160109,40977,35538,119132,210422,0,0,0,0,0.0802909
43810,9,1,122934,30818,26147,92116,158621,0,0,0,0,0.0572888
43811,9,2,195970,50454,42824,145503,261246,1,0,0,0,0.175416
43814,9,6,346553,94638,80458,251867,520227,1,1,2,2,0.55995
43819,9,4,326067,88076,76825,237965,480354,1,1,2,0,0.223558
43820,9,1,126553,31801,27419,94752,163704,0,0,0,0,0.0638957
43821,9,2,194142,50959,43260,143170,266542,1,0,0,0,0.126572
43824,9,2,210092,55348,47278,154731,289259,1,0,0,0,0.127192
43829,9,1,156917,40093,34567,116824,205824,0,0,0,0,0.0482072
43830,9,1,167600,43108,37637,124492,221656,0,0,0,0,0.0544787
43831,9,1,151228,38881,34058,112347,200465,0,0,0,0,0.0503513
43834,9,1,171675,44943,38850,126732,232739,0,0,0,0,0.05457
43839,9,1,168744,43363,37844,125381,222810,0,0,0,0,0.0684398
43860,9,1,123793,31156,26350,92637,160761,0,0,0,0,0.0820057
43861,9,2,192081,50198,42585,141870,261958,1,0,0,0,0.157364
43864,9,2,203014,53298,45382,149703,278144,1,0,0,0,0.124946
43869,9,1,151774,38622,33511,113152,197333,0,0,0,0,0.0500235
43870,9,1,160537,41137,35386,119400,211799,0,0,0,0,0.0770701
43871,9,2,198648,52390,44687,146245,274218,1,0,0,0,0.130011
43874,9,2,211366,55983,48044,155370,293159,1,0,0,0,0.126331
43879,9,1,174700,44777,38923,129923,229121,0,0,0,0,0.0523386
43900,9,1,125000,32074,27613,92926,166462,0,0,0,0,0.0489985
43901,9,1,136058,34679,30089,101379,178830,0,0,0,0,0.0471789
43904,9,1,154198,39403,34353,114795,202314,0,0,0,0,0.0500548
43909,9,1,155141,40171,35070,114970,207406,0,0,0,0,0.0679749
43950,9,1,117263,29563,25056,87700,152426,0,0,0,0,0.0536766
43951,9,1,132823,34095,29153,98728,176264,0,0,0,0,0.0493378
43952,9,1,142730,36913,31770,105817,190498,0,0,0,0,0.0535845
43953,9,1,147301,37916,32836,109385,194740,0,0,0,0,0.0556756
43954,9,1,152230,39609,34285,112621,205127,0,0,0,0,0.0503915
43955,9,1,154093,39905,34776,114188,205685,0,0,0,0,0.0522937
43956,9,1,163705,42654,37156,121051,219736,0,0,0,0,0.0569475
43957,9,1,154221,39998,34564,114223,205025,0,0,0,0,0.0575447
43958,9,1,174481,45825,39627,128656,236530,0,0,0,0,0.0614842
43959,9,1,152265,39172,33990,113093,201983,0,0,0,0,0.0875677
44242,18,4,293062,77330,67018,215706,418559,1,1,2,0,0.249803
44245,18,4,274626,72975,63034,201626,396643,1,1,2,0,0.192243
44248,18,4,293160,78358,67424,214776,425065,1,1,2,0,0.191039
44252,18,4,293414,77413,67080,215975,418988,1,1,2,0,0.226224
44255,18,4,275231,73089,63191,202117,397176,1,1,2,0,0.192888
44258,18,4,293724,78526,67569,215172,426038,1,1,2,0,0.193335
44262,18,4,287817,76549,66047,211242,417247,1,1,2,0,0.277582
44265,18,4,335782,90886,78724,244870,495273,1,1,2,0,0.245603
44268,18,4,341895,92744,80384,249125,505192,1,1,2,0,0.259117
44272,18,4,277345,75312,65101,202007,413721,1,1,2,0,0.24765
44275,18,4,294511,80937,70453,213548,445570,1,1,2,0,0.203851
44278,18,4,292057,78992,68761,213039,432011,1,1,2,0,0.209041
44282,18,1,154270,40034,34668,114236,208994,0,0,0,0,0.0586995
44285,18,1,173369,45462,39723,127907,237007,0,0,0,0,0.0598512
44288,18,1,173680,45181,39509,128499,234011,0,0,0,0,0.0720268
44290,18,1,152902,38772,34160,114130,199183,0,0,0,0,0.0754625
44291,18,1,167150,42363,37191,124787,215791,0,0,0,0,0.0499494
44292,18,1,149372,38476,33813,110896,199050,0,0,0,0,0.0521183
44293,18,1,148767,37772,32403,110995,193589,0,0,0,0,0.0500194
44294,18,1,170368,44105,38856,126263,226999,0,0,0,0,0.0525044
44295,18,1,168911,43777,38593,125134,226762,0,0,0,0,0.0528508
44296,18,1,166436,43207,37840,123229,223707,0,0,0,0,0.0520618
44297,18,1,167487,43458,37911,124029,224660,0,0,0,0,0.0540397
44298,18,1,172141,44718,38789,127423,231192,0,0,0,0,0.0564438
44299,18,1,168447,44062,38439,124385,228258,0,0,0,0,0.0535605
44312,18,4,340916,91541,79420,249349,496013,1,1,2,0,0.205158
44315,18,4,299619,81366,70375,218228,444011,1,1,2,0,0.181883
44318,18,1,137878,34700,30096,103178,176617,0,0,0,0,0.0453597
44322,18,4,316064,85386,73838,230652,465373,1,1,2,0,0.273505
44325,18,4,296838,81037,69758,215776,444269,1,1,2,0,0.211817
44328,18,4,332969,90597,78678,242346,495230,1,1,2,0,0.226775
44332,18,4,303112,82283,70839,220804,449925,1,1,2,0,0.22372
44335,18,2,209245,55021,47156,154211,286830,1,0,0,0,0.132553
44338,18,1,170747,44287,38556,126460,228438,0,0,0,0,0.0462231
44342,18,1,163706,42349,36655,121357,218386,0,0,0,0,0.0471185
44345,18,1,183387,48224,42265,135163,250271,0,0,0,0,0.049302
44348,18,2,158560,40984,34932,117563,212165,1,0,0,0,0.125294
44350,18,1,161699,40834,35317,120865,206584,0,0,0,0,0.0514543
44351,18,1,171404,44370,38254,127034,226676,0,0,0,0,0.0465594
44352,18,1,161107,41401,35711,119706,212675,0,0,0,0,0.0462591
44353,18,1,155220,40196,34888,115024,206347,0,0,0,0,0.046057
44354,18,1,172471,45161,39547,127310,233115,0,0,0,0,0.0474194
44355,18,1,193815,50471,44061,143344,259663,0,0,0,0,0.0490278
44356,18,1,178034,46875,40903,131159,242480,0,0,0,0,0.0520295
44357,18,1,155961,40075,34775,115886,206318,0,0,0,0,0.0498121
44358,18,1,163656,41946,36571,121710,215116,0,0,0,0,0.0460524
44359,18,1,171286,44617,39099,126669,230698,0,0,0,0,0.0481299
44372,18,2,198570,51678,43818,146879,269159,1,0,0,0,0.139926
44375,18,4,342759,93793,81150,248941,512537,1,1,2,0,0.195444
44378,18,4,339205,92732,80520,246447,507982,1,1,2,0,0.195625
44382,18,2,150813,38703,32615,112098,200261,1,0,0,0,0.119502
44385,18,2,214676,56960,48838,157703,298575,1,0,0,0,0.124366
44388,18,1,171429,45069,39279,126360,234901,0,0,0,0,0.0514411
44392,18,1,160264,42077,36454,118187,219420,0,0,0,0,0.0474972
44395,18,1,187631,49647,43710,137984,258643,0,0,0,0,0.0530486
44398,18,2,155577,40076,33855,115488,207881,1,0,0,0,0.137683
44400,18,1,150306,38413,33437,111893,197348,0,0,0,0,0.0519258
44401,18,1,160778,41977,36068,118801,217323,0,0,0,0,0.0484432
44402,18,1,157658,40721,35204,116937,211060,0,0,0,0,0.0468697
44404,18,1,175621,46496,40245,129125,241321,0,0,0,0,0.0498924
44405,18,1,194843,51139,44563,143704,264641,0,0,0,0,0.0525472
44406,18,1,186164,49303,43240,136861,256434,0,0,0,0,0.0517309
44407,18,1,160499,41740,36074,118759,215988,0,0,0,0,0.0542554
44408,18,1,163879,42317,37049,121562,218196,0,0,0,0,0.0534173
44409,18,1,177845,46417,40777,131428,239833,0,0,0,0,0.0535623
44413,18,1,154106,40710,35449,113396,211662,0,0,0,0,0.0487975
44422,18,2,198953,52684,45256,146256,276044,1,0,0,0,0.156289
44425,18,2,209560,55838,48163,153709,292924,1,0,0,0,0.131648
44428,18,1,155221,40684,35397,114537,212149,0,0,0,0,0.0441453
44432,18,2,158762,41464,35218,117285,216068,1,0,0,0,0.116462
44435,18,2,168218,44397,37893,123808,232178,1,0,0,0,0.118456
44438,18,2,152620,39400,33196,113207,204521,1,0,0,0,0.12292
44440,18,1,148547,37912,32740,110635,195606,0,0,0,0,0.0524228
44441,18,2,205063,54548,46352,150502,286228,1,0,0,0,0.123216
44442,18,2,206936,55523,47465,151401,292744,1,0,0,0,0.124091
44444,18,2,215493,57214,48977,158266,299657,1,0,0,0,0.126277
44445,18,2,220322,59850,51581,160460,316739,1,0,0,0,0.126819
44448,18,1,161373,41931,36644,119442,216664,0,0,0,0,0.0603929
44449,18,1,186577,49062,42903,137515,253611,0,0,0,0,0.0771268
44453,18,2,213530,58233,49398,155285,307807,1,0,0,0,0.168323
44456,18,2,227093,62429,53477,164652,330583,1,0,0,0,0.148656
44457,18,1,156963,40649,34783,116314,210784,0,0,0,0,0.0540131
44462,18,1,159554,42062,36535,117492,219781,0,0,0,0,0.05323
44465,18,1,165785,43761,38658,122024,228023,0,0,0,0,0.0541999
44468,18,1,175566,46352,40549,129214,240972,0,0,0,0,0.0551176
44470,18,1,158237,42164,36131,116073,220658,0,0,0,0,0.0499658
44471,18,1,167714,44547,38580,123167,232330,0,0,0,0,0.0471618
44474,18,1,180403,47827,41639,132576,248836,0,0,0,0,0.0472453
44479,18,1,178499,46645,40777,131854,241623,0,0,0,0,0.06229
44482,18,1,175069,46379,40419,128690,242124,0,0,0,0,0.0485952
44483,18,1,169893,45164,39265,124729,235823,0,0,0,0,0.0474567
44485,18,1,188643,50028,43706,138615,260451,0,0,0,0,0.0538575
44486,18,1,180147,47493,41404,132654,246436,0,0,0,0,0.0596457
44487,18,2,155738,40164,33843,115561,208404,1,0,0,0,0.121342
44488,18,2,296171,78971,67952,217188,412903,1,0,0,0,0.164429
44500,18,1,132623,34621,29490,98002,180513,0,0,0,0,0.0438752
44501,18,1,151185,39997,34586,111188,208739,0,0,0,0,0.0442095
44502,18,1,161531,42870,37098,118661,224174,0,0,0,0,0.0463197
44503,18,1,149982,39183,33916,110799,203525,0,0,0,0,0.045121
44504,18,1,170460,44785,39053,125675,232448,0,0,0,0,0.0482337
44505,18,1,171136,45226,39344,125910,235572,0,0,0,0,0.0475762
44506,18,1,166591,43687,38161,122904,226383,0,0,0,0,0.046051
44507,18,2,296996,77564,66318,219419,403407,1,0,0,0,0.155328
44508,18,1,175454,46023,39961,129431,237937,0,0,0,0,0.0469745
44509,18,1,172855,45966,40242,126889,240270,0,0,0,0,0.0636164
44520,9,4,286771,74954,65199,211797,402492,1,1,2,0,0.243067
44521,9,4,287224,75057,65267,212147,402994,1,1,2,0,0.211031
44524,9,4,314315,82393,71674,231902,441939,1,1,2,0,0.197167
44529,9,4,284056,74595,64463,209435,402791,1,1,2,0,0.218442
44530,9,4,286841,74925,65159,211896,402319,1,1,2,0,0.23051
44531,9,4,287294,75028,65227,212246,402821,1,1,2,0,0.22418
44534,9,4,314374,82310,71639,232044,441337,1,1,2,0,0.211447
44539,9,4,284722,74732,64631,209964,403417,1,1,2,0,0.214794
44540,9,4,290266,76280,65846,213960,411988,1,1,2,0,0.24172
44541,9,4,290515,76326,65880,214163,412171,1,1,2,0,0.207781
44544,9,4,350156,93578,82105,256552,505207,1,1,2,0,0.272319
44549,9,4,331116,88307,76719,242783,477233,1,1,2,0,0.212075
44550,9,4,302711,80016,69354,222669,433300,1,1,2,0,0.277516
44551,9,4,325643,86083,74163,239534,462418,1,1,2,0,0.216232
44554,9,4,319070,85364,74685,233680,462902,1,1,2,0,0.213889
44559,9,4,297874,78779,68495,219070,426491,1,1,2,0,0.200702
44560,9,4,303170,80104,69435,223040,433719,1,1,2,0,0.318499
44561,9,4,325261,85980,74131,239255,461824,1,1,2,0,0.235888
44564,9,4,319114,85364,74685,233724,462865,1,1,2,0,0.229275
44569,9,4,297694,78769,68470,218900,426507,1,1,2,0,0.229017
44590,9,4,286921,75608,65000,211291,406163,1,1,2,0,0.182901
44591,9,4,287185,75604,65025,211559,405947,1,1,2,0,0.185718
44594,9,6,325802,86218,72685,239541,464542,1,1,2,2,0.580269
44599,9,1,111737,27453,23342,84284,139158,0,0,0,0,0.0462276
44600,9,4,276216,73256,62958,202936,395791,1,1,2,0,0.190502
44601,9,4,276461,73301,63002,203136,395974,1,1,2,0,0.202899
44604,9,6,343949,92211,78669,251691,500675,1,1,2,2,0.564916
44609,9,4,311280,83906,72711,227348,456351,1,1,2,0,0.200245
44610,9,4,297729,79201,68431,218503,426874,1,1,2,0,0.1968
44611,9,4,296908,80469,69782,216414,437429,1,1,2,0,0.17363
44614,9,4,302951,82485,71432,220440,449646,1,1,2,0,0.17314
44619,9,4,324835,88626,76267,236184,483004,1,1,2,0,0.197029
44620,9,4,298082,79255,68485,218802,427089,1,1,2,0,0.19635
44621,9,4,296823,80466,69754,216332,437466,1,1,2,0,0.176182
44624,9,4,303098,82529,71459,220543,449943,1,1,2,0,0.176752
44629,9,4,325180,88781,76392,236374,483975,1,1,2,0,0.201403
44650,9,2,188803,47668,40021,141122,243569,1,0,0,0,0.157882
44651,9,2,188073,47522,39959,140538,242958,1,0,0,0,0.148378
44654,9,6,346923,93503,79517,253373,509008,1,1,2,2,0.57786
44659,9,4,330797,89530,77853,241241,487465,1,1,2,0,0.264778
44660,9,2,193349,48957,41507,144379,249965,1,0,0,0,0.148463
44661,9,2,196390,50684,43292,145693,260591,1,0,0,0,0.179078
44664,9,4,305684,83291,72523,222367,454566,1,1,2,0,0.204167
44669,9,4,339386,92481,80123,246880,503809,1,1,2,0,0.248773
44670,9,2,193266,48892,41409,144361,249529,1,0,0,0,0.144369
44671,9,2,196432,50691,43313,145728,260603,1,0,0,0,0.141189
44674,9,4,305963,83394,72637,222543,455171,1,1,2,0,0.217389
44679,9,4,339296,92504,80164,246767,503980,1,1,2,0,0.207897
44700,9,1,129365,31986,27235,97379,161784,0,0,0,0,0.047018
44701,9,2,191254,49153,41883,142088,252362,1,0,0,0,0.129453
44704,9,2,201299,52091,44553,149196,267812,1,0,0,0,0.126835
44709,9,1,152441,38819,33571,113622,196562,0,0,0,0,0.0514155
44710,9,1,130020,32037,27340,97983,161727,0,0,0,0,0.0464223
44711,9,2,191216,49160,41904,142043,252420,1,0,0,0,0.169542
44714,9,2,201081,52067,44553,149002,267738,1,0,0,0,0.132843
44719,9,1,152548,38849,33571,113699,196702,0,0,0,0,0.0534411
44740,9,1,114096,28070,24066,86026,142288,0,0,0,0,0.0724875
44741,9,1,124235,31340,26971,92895,160127,0,0,0,0,0.0477584
44744,9,1,137938,35282,30683,102656,181542,0,0,0,0,0.0464239
44749,9,1,143954,36701,31405,107253,186569,0,0,0,0,0.0721217
44790,9,1,107321,26855,22396,80466,138993,0,0,0,0,0.0529943
44791,9,1,123327,31527,26857,91800,163603,0,0,0,0,0.0493469
44792,9,1,131946,33707,28708,98239,173668,0,0,0,0,0.0550054
44793,9,1,131988,33745,28777,98243,173896,0,0,0,0,0.0514982
44794,9,1,140511,36365,31714,104146,189388,0,0,0,0,0.0486562
44795,9,1,143009,36913,31896,106096,190987,0,0,0,0,0.0497745
44796,9,1,143051,36939,31921,106112,191118,0,0,0,0,0.0525017
44797,9,1,150525,38835,33522,111690,200424,0,0,0,0,0.0534003
44798,9,1,150572,38863,33541,111709,200549,0,0,0,0,0.0548732
44799,9,1,138224,35373,30127,102851,183060,0,0,0,0,0.0833101
45082,18,4,300524,78481,67666,222017,422743,1,1,2,0,0.27157
45085,18,4,277530,73613,63511,203892,398251,1,1,2,0,0.193266
45088,18,4,302756,80979,69765,221751,439632,1,1,2,0,0.191751
45092,18,4,300717,78519,67674,222172,422934,1,1,2,0,0.215882
45095,18,4,277522,73557,63486,203940,397801,1,1,2,0,0.175232
45098,18,4,302973,81018,69822,221929,439788,1,1,2,0,0.235174
45102,18,4,295250,77411,66577,217813,419312,1,1,2,0,0.228118
45105,18,4,347424,94194,81638,253204,515469,1,1,2,0,0.186082
45108,18,4,343170,93202,80825,249942,510598,1,1,2,0,0.189232
45112,18,4,274147,73783,63737,200340,403616,1,1,2,0,0.203867
45115,18,4,288222,77523,67793,210675,422979,1,1,2,0,0.186357
45118,18,4,288772,77292,67033,211455,421234,1,1,2,0,0.189044
45122,18,2,189733,48930,41888,140791,254408,1,0,0,0,0.143438
45125,18,2,198292,51282,44090,146997,266759,1,0,0,0,0.135596
45128,18,2,195029,50648,43525,144368,263773,1,0,0,0,0.134733
45130,18,1,145678,35874,30718,109804,181121,0,0,0,0,0.0687844
45131,18,1,152876,37891,32280,114985,189876,0,0,0,0,0.0512338
45132,18,1,146770,36533,31192,110237,184605,0,0,0,0,0.0497889
45133,18,1,130850,32627,27524,98223,166218,0,0,0,0,0.0540417
45134,18,1,170395,43303,37389,127092,220342,0,0,0,0,0.0526598
45135,18,1,167397,42540,36776,124857,216494,0,0,0,0,0.0516242
45136,18,1,154331,39002,33485,115329,198676,0,0,0,0,0.0487998
45137,18,1,154912,38181,32632,116731,191303,0,0,0,0,0.0464426
45138,18,1,175728,44901,38749,130827,228493,0,0,0,0,0.0522896
45139,18,1,167557,42837,37150,124720,219139,0,0,0,0,0.0510506
45152,18,4,331490,87882,75536,243582,473463,1,1,2,0,0.202339
45155,18,4,291257,78858,67967,212375,428871,1,1,2,0,0.173379
45158,18,2,187598,47402,40287,140185,241785,1,0,0,0,0.124164
45162,18,4,317538,84228,72582,233284,456058,1,1,2,0,0.214734
45165,18,4,287267,78321,67508,208922,429293,1,1,2,0,0.207364
45168,18,4,324520,88227,75875,236267,482357,1,1,2,0,0.188975
45172,18,4,293632,79140,68056,214467,430400,1,1,2,0,0.185341
45175,18,4,343704,94127,81272,249552,515570,1,1,2,0,0.177839
45178,18,4,303294,83043,71484,220225,455567,1,1,2,0,0.185915
45182,18,2,188468,48610,41328,139846,251967,1,0,0,0,0.122614
45185,18,2,198659,51820,44429,146826,269776,1,0,0,0,0.116477
45188,18,2,152643,38647,32710,113984,198312,1,0,0,0,0.118457
45190,18,1,153523,38228,32349,115295,192035,0,0,0,0,0.0519047
45191,18,1,158043,39581,33797,118462,198739,0,0,0,0,0.0444059
45192,18,1,150043,37924,32529,112119,192550,0,0,0,0,0.0462394
45193,18,1,136605,35046,30469,101559,179661,0,0,0,0,0.0442661
45194,18,1,167902,43141,37384,124761,221447,0,0,0,0,0.0475929
45195,18,1,173543,44200,38366,129343,224683,0,0,0,0,0.0467311
45196,18,1,165941,42633,37293,123308,217772,0,0,0,0,0.0461538
45197,18,4,307775,83244,71553,224505,454845,1,1,2,0,0.23102
45198,18,1,158596,40431,35251,118165,205767,0,0,0,0,0.0517948
45199,18,1,158405,40396,35232,118009,205645,0,0,0,0,0.0510117
45212,18,4,308119,82639,71201,225454,449943,1,1,2,0,0.24622
45215,18,4,329477,89913,77324,239539,491732,1,1,2,0,0.200629
45218,18,4,332748,90822,78204,241900,497316,1,1,2,0,0.196317
45222,18,4,283516,76956,66045,206535,420698,1,1,2,0,0.178772
45225,18,4,353458,96684,83512,256748,529453,1,1,2,0,0.186797
45228,18,2,196614,51194,43452,145407,266621,1,0,0,0,0.131745
45232,18,2,186759,48368,41216,138379,251767,1,0,0,0,0.124768
45235,18,2,206158,54191,46537,151954,283264,1,0,0,0,0.13412
45238,18,2,151060,38512,32476,112536,198785,1,0,0,0,0.132624
45240,18,1,148336,37227,31590,111109,188770,0,0,0,0,0.0517073
45241,18,1,153150,39137,33529,114013,199424,0,0,0,0,0.0446057
45242,18,1,147728,37810,32377,109918,194432,0,0,0,0,0.0611454
45244,18,1,167915,43880,37939,124035,227186,0,0,0,0,0.0592158
45245,18,1,175819,45388,39426,130431,232611,0,0,0,0,0.0734649
45246,18,1,178458,46066,40371,132392,235758,0,0,0,0,0.073683
45247,18,4,310997,84244,72115,226727,460729,1,1,2,0,0.251297
45248,18,1,163201,42335,36842,120866,218625,0,0,0,0,0.0533322
45249,18,1,167378,43018,37753,124360,219478,0,0,0,0,0.0523272
45253,18,1,134964,35366,30791,99598,183983,0,0,0,0,0.0516078
45262,18,4,328935,90376,77845,238533,497175,1,1,2,0,0.218281
45265,18,4,342576,94144,81114,248406,517057,1,1,2,0,0.212076
45268,18,1,152477,39836,34535,112641,207174,0,0,0,0,0.0509826
45272,18,2,146654,37408,31457,109234,193018,1,0,0,0,0.122589
45275,18,4,307842,84121,72767,223696,461491,1,1,2,0,0.207851
45278,18,2,147335,37252,31328,110071,191941,1,0,0,0,0.126561
45280,18,1,143632,35872,30258,107760,182278,0,0,0,0,0.0560184
45281,18,2,200418,53014,45251,147392,277529,1,0,0,0,0.161707
45282,18,2,197605,52392,44756,145201,274699,1,0,0,0,0.181244
45284,18,2,215100,57230,49029,157857,299875,1,0,0,0,0.13494
45285,18,2,211560,56651,48487,154897,297819,1,0,0,0,0.139197
45288,18,1,160710,42012,36232,118698,218012,0,0,0,0,0.0497174
45289,18,1,165433,42692,36760,122741,218738,0,0,0,0,0.0665189
45293,18,2,202781,54376,46384,148392,286356,1,0,0,0,0.137868
45296,18,2,216328,58740,50249,157576,310240,1,0,0,0,0.133811
45297,18,1,145964,37365,31564,108599,193957,0,0,0,0,0.0511112
45302,18,1,137540,35008,29868,102532,179818,0,0,0,0,0.0465332
45305,18,1,144687,37022,31838,107665,190715,0,0,0,0,0.0470499
45308,18,1,153850,39461,33782,114389,203638,0,0,0,0,0.0495158
45310,18,1,141044,36561,31519,104483,188391,0,0,0,0,0.0451665
45311,18,1,157513,41195,35668,116318,212752,0,0,0,0,0.0453722
45314,18,1,172040,45304,39259,126736,233779,0,0,0,0,0.0478673
45319,18,1,175190,46679,40802,128511,242397,0,0,0,0,0.0602202
45322,18,1,158246,41045,35502,117201,211155,0,0,0,0,0.044442
45323,18,2,197411,52485,44305,144913,275636,1,0,0,0,0.133069
45325,18,2,228464,60427,51890,168026,315603,1,0,0,0,0.139402
45326,18,2,205801,55135,46870,150653,289771,1,0,0,0,0.145467
45327,18,2,149470,38104,31866,111353,197035,1,0,0,0,0.164104
45328,18,1,164328,42095,36473,122233,215419,0,0,0,0,0.044255
45340,18,1,135306,35651,30744,99655,185962,0,0,0,0,0.0450618
45341,18,1,154465,40981,35172,113484,214023,0,0,0,0,0.0454786
45342,18,1,154122,40333,35186,113789,209301,0,0,0,0,0.0451964
45343,18,2,194363,51564,43302,142786,270955,1,0,0,0,0.138626
45344,18,1,167984,44898,38916,123086,234292,0,0,0,0,0.0469676
45345,18,2,223935,59074,50801,164850,308712,1,0,0,0,0.136702
45346,18,2,206564,55048,46736,151503,289070,1,0,0,0,0.132019
45347,18,2,146720,37441,31429,109266,193534,1,0,0,0,0.129487
45348,18,1,164312,42124,36499,122188,215647,0,0,0,0,0.0463984
45349,18,1,168463,45210,39285,123253,236579,0,0,0,0,0.065774
45920,9,4,240766,62231,53124,178515,333989,1,1,2,0,0.185047
45921,9,4,241034,62284,53142,178730,334233,1,1,2,0,0.189546
45922,9,4,243748,63215,53976,180507,341507,1,1,2,0,0.207698
45923,9,4,259243,67406,57817,191811,363889,1,1,2,0,0.261036
45924,9,4,255563,66117,57157,189425,354500,1,1,2,0,0.212149
45925,9,4,247199,64254,55118,182922,346301,1,1,2,0,0.216575
45926,9,4,262740,68712,59337,194003,369661,1,1,2,0,0.23299
45927,9,4,266141,70031,60080,196085,379415,1,1,2,0,0.214883
45928,9,4,269434,70994,61312,198414,384166,1,1,2,0,0.211332
45929,9,4,256833,67836,57772,188971,368157,1,1,2,0,0.26622
45930,9,4,241170,62280,53076,178870,334264,1,1,2,0,0.257312
45931,9,4,241438,62333,53094,179085,334508,1,1,2,0,0.208776
45932,9,4,244219,63309,53971,180884,342021,1,1,2,0,0.244257
45933,9,4,259649,67510,57866,192113,364499,1,1,2,0,0.353616
45934,9,4,256012,66253,57247,189738,355291,1,1,2,0,0.248469
45935,9,4,247855,64415,55217,183417,347167,1,1,2,0,0.184454
45936,9,4,263285,68851,59427,194409,370439,1,1,2,0,0.227193
45937,9,4,266604,70123,60130,196456,379911,1,1,2,0,0.241836
45938,9,4,270034,71160,61413,198848,385143,1,1,2,0,0.207565
45939,9,4,257553,68027,57900,189500,369268,1,1,2,0,0.25526
45940,9,4,243281,63172,54071,180083,341362,1,1,2,0,0.256312
45941,9,4,243472,63182,54089,180264,341298,1,1,2,0,0.28681
45942,9,4,241671,63133,53778,178512,343762,1,1,2,0,0.308463
45943,9,4,253258,66317,56735,186915,360922,1,1,2,0,0.337298
45944,9,4,294238,77862,66919,216350,420317,1,1,2,0,0.205034
45945,9,4,299009,80066,69140,218917,436198,1,1,2,0,0.248073
45946,9,4,294482,78310,67216,216147,426045,1,1,2,0,0.20068
45947,9,4,291650,78200,67733,213424,426829,1,1,2,0,0.232543
45948,9,4,297106,79803,68717,217279,435124,1,1,2,0,0.210634
45949,9,4,291328,77509,66276,213795,419721,1,1,2,0,0.225396
45950,9,4,260450,67775,58172,192649,366059,1,1,2,0,0.324198
45951,9,4,278838,73813,63286,205001,399144,1,1,2,0,0.227898
45952,9,4,258758,67384,58253,191349,361516,1,1,2,0,0.201959
45953,9,4,228829,59994,51802,168810,326267,1,1,2,0,0.233207
45954,9,4,298388,79410,68932,218953,430378,1,1,2,0,0.280789
45955,9,4,271963,71751,62339,200188,387677,1,1,2,0,0.232263
45956,9,4,250287,65104,56687,185158,351674,1,1,2,0,0.21475
45957,9,5,252355,66688,56982,185631,362523,1,1,2,1,0.423281
45958,9,4,274298,71642,61807,202631,385235,1,1,2,0,0.251616
45959,9,4,288220,76289,66008,211905,413310,1,1,2,0,0.21782
45960,9,4,260679,67824,58208,192829,366332,1,1,2,0,0.298169
45961,9,4,279016,73912,63407,205080,399715,1,1,2,0,0.259783
45962,9,2,152953,38979,33415,113962,200997,1,0,0,0,0.183357
45963,9,2,184566,48001,41281,136553,250514,1,0,0,0,0.185076
45964,9,4,298356,79392,68924,218939,430223,1,1,2,0,0.262574
45965,9,2,155674,39510,33877,116152,203032,1,0,0,0,0.147329
45966,9,2,193644,50381,43294,143251,262392,1,0,0,0,0.163995
45967,9,2,156220,40430,34702,115778,209278,1,0,0,0,0.150428
45968,9,4,289260,76055,65792,213179,410822,1,1,2,0,0.199316
45969,9,4,288227,76252,65931,211949,413076,1,1,2,0,0.194682
45970,9,1,126665,31373,27148,95292,160933,0,0,0,0,0.0726326
45971,9,2,170736,44091,37894,126633,228178,1,0,0,0,0.139866
45972,9,2,186319,47941,41229,138366,249284,1,0,0,0,0.142683
45973,9,1,114270,28358,24462,85912,146267,0,0,0,0,0.048686
45974,9,4,297236,79753,68651,217457,435878,1,1,2,0,0.214381
45975,9,2,194507,50299,43410,144196,261518,1,0,0,0,0.135837
45976,9,1,136411,34435,30009,101976,177015,0,0,0,0,0.0682376
45977,9,1,149103,37940,33321,111163,193810,0,0,0,0,0.0583313
45978,9,4,285550,75420,64876,210104,409605,1,1,2,0,0.219245
45979,9,4,279993,74690,63733,205277,407922,1,1,2,0,0.292652
45980,9,1,136768,34335,29875,102433,176099,0,0,0,0,0.0967861
45981,9,1,149714,36888,31618,112826,185891,0,0,0,0,0.0685805
45982,9,1,139985,34929,29957,105056,178867,0,0,0,0,0.0681886
45983,9,1,134764,34083,29111,100681,175787,0,0,0,0,0.0774394
45984,9,1,163009,41135,35983,121874,210418,0,0,0,0,0.0727721
45985,9,1,155167,39111,34242,116056,200337,0,0,0,0,0.0670942
45986,9,1,155657,39486,34524,116171,203387,0,0,0,0,0.0807008
45987,9,1,156438,38998,33834,117440,197995,0,0,0,0,0.085332
45988,9,1,146370,36369,31751,110001,184891,0,0,0,0,0.0704829
45989,9,1,140577,35337,31004,105240,181393,0,0,0,0,0.0651689
45990,9,4,259719,67407,58004,192291,361744,1,1,2,0,0.197234
45991,9,4,259702,67370,57957,192311,361463,1,1,2,0,0.200195
45992,9,4,292258,76318,65651,215914,411423,1,1,2,0,0.216635
45993,9,4,308978,81163,69970,227789,438083,1,1,2,0,0.263957
45994,9,4,270963,70576,60590,200366,375950,1,1,2,0,0.225023
45995,9,4,258233,67628,58314,190581,364852,1,1,2,0,0.199183
45996,9,4,276792,72360,62721,204407,387858,1,1,2,0,0.236816
45997,9,2,174759,43185,36444,131562,218797,1,0,0,0,0.145055
45998,9,2,186292,46358,39079,139922,235147,1,0,0,0,0.136257
45999,9,1,127887,31011,26178,96876,154944,0,0,0,0,0.0452466
46000,9,4,243554,63007,54201,180524,339222,1,1,2,0,0.189228
46001,9,4,243680,62993,54181,180664,339010,1,1,2,0,0.195228
46002,9,4,274081,71606,61684,202449,387830,1,1,2,0,0.218736
46003,9,4,284568,74994,64715,209548,407176,1,1,2,0,0.32855
46004,9,4,261461,68594,59212,192843,368330,1,1,2,0,0.202376
46005,9,4,262730,70069,60366,192636,381309,1,1,2,0,0.252271
46006,9,4,268590,71741,62379,196824,391102,1,1,2,0,0.205543
46007,9,4,293508,78633,67852,214849,428609,1,1,2,0,0.229853
46008,9,4,302025,80492,69859,221507,437591,1,1,2,0,0.225444
46009,9,4,280615,75151,65179,205440,407877,1,1,2,0,0.229964
46010,9,4,263699,68872,59078,194802,370600,1,1,2,0,0.259168
46011,9,4,286831,75937,65825,210869,409272,1,1,2,0,0.211119
46012,9,4,282403,75184,65277,207194,406735,1,1,2,0,0.194177
46013,9,4,285179,76235,65981,208919,413178,1,1,2,0,0.21361
46014,9,4,276540,73837,63563,202677,401502,1,1,2,0,0.208331
46015,9,4,297866,80794,69390,217047,441643,1,1,2,0,0.229999
46016,9,4,314083,84586,72531,229471,461295,1,1,2,0,0.224291
46017,9,4,287390,76277,65911,211087,415319,1,1,2,0,0.203394
46018,9,4,310025,82595,71579,227405,449008,1,1,2,0,0.216246
46019,9,4,290581,78315,67928,212241,426276,1,1,2,0,0.220065
46020,9,4,264080,68938,59107,195117,370866,1,1,2,0,0.197068
46021,9,4,287029,76005,65886,210999,409632,1,1,2,0,0.176526
46022,9,2,148957,37945,32169,111001,195599,1,0,0,0,0.115286
46023,9,2,190311,49547,42463,140752,258153,1,0,0,0,0.151231
46024,9,4,276350,73751,63541,202573,401006,1,1,2,0,0.248777
46025,9,4,287432,77661,66460,209746,424689,1,1,2,0,0.219048
46026,9,2,197122,51178,43793,145931,265974,1,0,0,0,0.170953
46027,9,4,249566,65917,57101,183624,358569,1,1,2,0,0.263376
46028,9,2,156617,39703,33542,116902,203711,1,0,0,0,0.149838
46029,9,4,290713,78400,67950,212288,426802,1,1,2,0,0.264056
46030,9,1,136066,33158,28181,102908,166659,0,0,0,0,0.0494041
46031,9,2,156270,40170,34263,116088,206945,1,0,0,0,0.141511
46032,9,2,152708,39278,33563,113418,203009,1,0,0,0,0.126734
46033,9,1,136479,34298,29302,102181,174567,0,0,0,0,0.0489004
46034,9,4,284994,77637,66840,207331,426102,1,1,2,0,0.178965
46035,9,4,287567,77410,66673,210131,422687,1,1,2,0,0.181181
46036,9,1,157820,40097,34330,117723,203596,0,0,0,0,0.049938
46037,9,4,246372,65032,55940,181315,352201,1,1,2,0,0.246266
46038,9,2,195576,50387,42899,145177,260921,1,0,0,0,0.1564
46039,9,2,194788,50142,42645,144634,259591,1,0,0,0,0.178129
46040,9,1,145998,36192,31187,109806,182660,0,0,0,0,0.107372
46041,9,1,157695,38542,32823,119153,190923,0,0,0,0,0.0768367
46042,9,1,147486,36575,31370,110911,184341,0,0,0,0,0.0756874
46043,9,1,144831,36205,30906,108626,183922,0,0,0,0,0.0775622
46044,9,1,172362,43818,38181,128544,223480,0,0,0,0,0.0721342
46045,9,1,178700,45012,39253,133688,227289,0,0,0,0,0.0792136
46046,9,1,182720,45605,39651,137115,228136,0,0,0,0,0.0786392
46047,9,4,307769,81958,70815,225785,444875,1,1,2,0,0.296693
46048,9,4,307403,81517,70505,225860,440928,1,1,2,0,0.253354
46049,9,4,306869,81299,70351,225544,439558,1,1,2,0,0.302698
46050,9,4,262837,68847,59183,193966,372639,1,1,2,0,0.234048
46051,9,4,263050,68865,59197,194161,372656,1,1,2,0,0.276854
46052,9,4,262828,69373,59277,193429,378047,1,1,2,0,0.281976
46053,9,4,270881,72092,61955,198763,393540,1,1,2,0,0.307649
46054,9,4,304439,80534,68867,223881,431308,1,1,2,0,0.240978
46055,9,4,303125,81255,70328,221846,441129,1,1,2,0,0.250285
46056,9,4,306560,82170,71196,224364,447365,1,1,2,0,0.288606
46057,9,4,298789,80189,69517,218575,437019,1,1,2,0,0.270895
46058,9,4,307092,81996,70975,225071,446578,1,1,2,0,0.259983
46059,9,4,289592,77447,67297,212121,419523,1,1,2,0,0.280951
46060,9,4,274324,72059,62063,202239,389049,1,1,2,0,0.225371
46061,9,4,272922,72472,62698,200425,392556,1,1,2,0,0.255174
46062,9,4,273011,72976,63120,200010,396717,1,1,2,0,0.26088
46063,9,4,274956,73983,64012,200948,403216,1,1,2,0,0.271717
46064,9,4,279173,74957,64472,204190,408038,1,1,2,0,0.258222
46065,9,4,341265,92126,79563,249113,501755,1,1,2,0,0.276682
46066,9,4,337046,91007,78373,246013,495684,1,1,2,0,0.276837
46067,9,4,291132,77955,67265,213151,424729,1,1,2,0,0.299604
46068,9,2,199514,51843,44044,147659,269586,1,0,0,0,0.18567
46069,9,4,303471,82013,71303,221433,446524,1,1,2,0,0.273938
46070,9,4,274690,72125,62102,202539,389352,1,1,2,0,0.207982
46071,9,4,272932,72479,62714,200428,392597,1,1,2,0,0.168447
46072,9,2,188370,49185,41904,139173,257006,1,0,0,0,0.130523
46073,9,2,187061,49145,41956,137904,257436,1,0,0,0,0.175397
46074,9,4,279338,75010,64645,204302,408348,1,1,2,0,0.260789
46075,9,4,333709,90191,78070,243492,491943,1,1,2,0,0.229085
46076,9,2,201094,52496,44624,148585,273656,1,0,0,0,0.126571
46077,9,4,252036,67018,57932,184993,364858,1,1,2,0,0.195467
46078,9,2,155487,39739,33442,115736,204929,1,0,0,0,0.121913
46079,9,4,303796,82163,71380,221608,447400,1,1,2,0,0.239694
46080,9,1,126315,31027,26295,95288,158251,0,0,0,0,0.0723384
46081,9,2,195970,50966,43474,144991,265041,1,0,0,0,0.192434
46082,9,2,187659,49063,41922,138584,256325,1,0,0,0,0.187002
46083,9,1,131696,33558,28974,98138,173322,0,0,0,0,0.074846
46084,9,4,327687,89483,77154,238178,489286,1,1,2,0,0.28226
46085,9,4,333716,89891,77896,243799,489108,1,1,2,0,0.285683
46086,9,1,167223,42566,36493,124657,215814,0,0,0,0,0.0753379
46087,9,4,250396,66617,57397,183754,361215,1,1,2,0,0.306697
46088,9,2,192698,50253,42789,142433,262260,1,0,0,0,0.182294
46089,9,2,194949,50396,43016,144541,261403,1,0,0,0,0.194367
46090,9,1,137568,34427,29641,103141,176259,0,0,0,0,0.111684
46091,9,1,150577,37229,32043,113348,187259,0,0,0,0,0.0778887
46092,9,1,141732,35402,30330,106330,180639,0,0,0,0,0.072634
46093,9,1,138350,34751,29749,103599,178630,0,0,0,0,0.0743788
46094,9,1,163952,41765,35992,122187,215012,0,0,0,0,0.0669099
46095,9,1,169685,42832,37088,126853,218631,0,0,0,0,0.0916451
46096,9,1,182607,45530,39574,137077,227618,0,0,0,0,0.0624687
46097,9,4,287063,76815,65983,210222,419265,1,1,2,0,0.304919
46098,9,4,292801,77830,66905,214945,422927,1,1,2,0,0.32549
46099,9,4,307960,81600,70564,226334,441196,1,1,2,0,0.321728
46100,9,4,261178,68710,58317,192442,372227,1,1,2,0,0.344213
46101,9,4,292166,78386,67295,213754,425462,1,1,2,0,0.279568
46102,9,4,309393,83774,71915,225593,458568,1,1,2,0,0.259468
46103,9,4,316362,85971,73959,230365,470884,1,1,2,0,0.29688
46104,9,4,307015,82619,71134,224370,448565,1,1,2,0,0.330719
46105,9,4,326005,88604,76454,237375,484761,1,1,2,0,0.385615
46106,9,4,317286,86107,74066,231153,471286,1,1,2,0,0.383956
46107,9,1,144899,36954,31648,107945,190195,0,0,0,0,0.0893105
46108,9,1,157123,40647,34858,116476,210343,0,0,0,0,0.0751334
46109,9,1,157864,39945,34342,117919,202021,0,0,0,0,0.133351
46110,9,4,261355,68747,58333,192582,372419,1,1,2,0,0.898184
46111,9,4,292235,78427,67329,213782,425717,1,1,2,0,0.694081
46112,9,2,148661,37864,31943,110785,195355,1,0,0,0,0.43506
46113,9,2,149617,38621,32305,110984,200210,1,0,0,0,0.271754
46114,9,4,307071,82658,71174,224387,448844,1,1,2,0,0.324474
46115,9,4,295754,79706,68946,216023,434657,1,1,2,0,0.332176
46116,9,4,282985,76140,66158,206820,415622,1,1,2,0,0.351003
46117,9,2,147348,37721,31736,109615,195190,1,0,0,0,0.190575
46118,9,2,150427,38424,32317,111991,198388,1,0,0,0,0.153542
46119,9,1,157563,39760,34146,117803,200799,0,0,0,0,0.0684083
46120,9,1,122249,30276,25549,91973,155431,0,0,0,0,0.101434
46121,9,2,150468,38703,32727,111753,199903,1,0,0,0,0.218038
46122,9,2,149468,38553,32713,110903,199999,1,0,0,0,0.200308
46123,9,2,149546,38662,32777,110872,200367,1,0,0,0,0.175794
46124,9,4,284172,76581,65622,207566,417764,1,1,2,0,0.373791
46125,9,4,282882,75997,65361,206860,414663,1,1,2,0,0.331673
46126,9,2,156668,40554,34332,116102,210238,1,0,0,0,0.193365
46127,9,2,149124,38290,32191,110822,198301,1,0,0,0,0.22189
46128,9,2,193525,50503,43063,143010,263494,1,0,0,0,0.220219
46129,9,2,175388,45958,39035,129417,239429,1,0,0,0,0.234048
46130,9,1,134238,33745,28832,100493,173538,0,0,0,0,0.106595
46131,9,2,197914,51887,44910,146016,269984,1,0,0,0,0.221109
46132,9,2,148777,38694,33063,110070,201049,1,0,0,0,0.210392
46133,9,2,150672,39283,33379,111379,204467,1,0,0,0,0.18416
46134,9,2,212153,56108,48757,156033,292440,1,0,0,0,0.176793
46135,9,2,160594,42157,36078,118424,219495,1,0,0,0,0.205654
46136,9,2,159476,41764,35817,117702,217264,1,0,0,0,0.210883
46137,9,1,134497,33965,28817,100532,175601,0,0,0,0,0.0870341
46138,9,1,135199,33745,28866,101454,173088,0,0,0,0,0.0518579
46139,9,1,141618,35246,30365,106372,178766,0,0,0,0,0.0678598
46140,9,4,294223,77715,67233,216482,420016,1,1,2,0,0.236315
46141,9,4,305645,81246,70273,224373,438992,1,1,2,0,0.35212
46142,9,1,139587,35043,30277,104544,177939,0,0,0,0,0.055119
46143,9,2,184930,47229,39909,137689,244984,1,0,0,0,0.237695
46144,9,4,327126,87508,75710,239592,472974,1,1,2,0,0.305425
46145,9,1,152954,38661,33543,114293,196479,0,0,0,0,0.0464733
46146,9,4,314307,83336,72097,230946,450656,1,1,2,0,0.362665
46147,9,1,160826,40080,35000,120746,201864,0,0,0,0,0.0982947
46148,9,1,140150,34390,29334,105760,172759,0,0,0,0,0.0923761
46149,9,1,147553,36953,31735,110600,186766,0,0,0,0,0.0986882
46150,9,2,181546,46667,39677,134867,241789,1,0,0,0,0.259232
46151,9,2,184361,47684,40707,136665,247725,1,0,0,0,0.254178
46152,9,2,183038,47281,39888,135745,246515,1,0,0,0,0.24866
46153,9,2,180850,46422,39132,134415,241662,1,0,0,0,0.177607
46154,9,4,318298,85436,74310,232836,464173,1,1,2,0,0.284059
46155,9,2,195670,51127,43293,144531,267196,1,0,0,0,0.219023
46156,9,2,187466,48170,40746,139284,250132,1,0,0,0,0.21183
46157,9,2,198043,51418,43605,146612,267673,1,0,0,0,0.184359
46158,9,1,139300,34258,29063,105042,171524,0,0,0,0,0.0635218
46159,9,1,144923,36595,31421,108328,187196,0,0,0,0,0.0891307
46160,9,1,130407,32207,27235,98200,163026,0,0,0,0,0.0503181
46161,9,1,146854,37064,32011,109790,188971,0,0,0,0,0.0656727
46162,9,1,152718,38268,32931,114450,194669,0,0,0,0,0.0485169
46163,9,2,162283,42565,36048,119706,222242,1,0,0,0,0.171346
46164,9,1,163210,41821,36061,121389,213456,0,0,0,0,0.0669871
46165,9,1,162475,41016,35834,121459,208840,0,0,0,0,0.0955646
46166,9,2,170380,45214,38392,125154,236944,1,0,0,0,0.144664
46167,9,2,201691,52582,44885,149096,273800,1,0,0,0,0.218481
46168,9,1,161333,40532,34851,120801,205396,0,0,0,0,0.0779261
46169,9,1,156347,39620,34208,116727,202172,0,0,0,0,0.0978077
46170,9,2,173439,44471,37261,128956,231380,1,0,0,0,0.232918
46171,9,2,178858,46358,39241,132488,241861,1,0,0,0,0.255028
46172,9,2,181505,46933,39628,134560,244934,1,0,0,0,0.231326
46173,9,2,176207,45597,38406,130597,238513,1,0,0,0,0.254151
46174,9,4,309826,83514,72062,226286,455650,1,1,2,0,0.359621
46175,9,2,191899,50249,42699,141638,263022,1,0,0,0,0.186975
46176,9,2,186916,48053,40456,138851,249922,1,0,0,0,0.202444
46177,9,1,150154,38356,33419,111798,197678,0,0,0,0,0.0908335
46178,9,1,139210,34252,29063,104958,171535,0,0,0,0,0.0729451
46179,9,1,138611,35436,30604,103175,183626,0,0,0,0,0.108715
46180,9,1,121375,30397,25722,90978,156267,0,0,0,0,0.0937894
46181,9,1,139525,35593,30611,103932,183707,0,0,0,0,0.101895
46182,9,1,146878,37081,32079,109797,190508,0,0,0,0,0.0903388
46183,9,2,187437,49059,41892,138365,256858,1,0,0,0,0.190097
46184,9,1,157065,40346,35028,116719,208058,0,0,0,0,0.0543096
46185,9,1,157883,40187,34895,117696,206592,0,0,0,0,0.0839934
46186,9,2,199585,52476,44813,147096,274632,1,0,0,0,0.202208
46187,9,1,159888,41239,35643,118649,212947,0,0,0,0,0.0772874
46188,9,1,161062,40472,34824,120590,205126,0,0,0,0,0.0740025
46189,9,1,146965,37617,32526,109348,194460,0,0,0,0,0.11547
46190,9,1,116269,29248,24506,87021,151161,0,0,0,0,0.103404
46191,9,1,135208,34901,29812,100307,181600,0,0,0,0,0.0978438
46192,9,1,143402,36905,31501,106497,191462,0,0,0,0,0.0765441
46193,9,1,143315,36945,31549,106370,191831,0,0,0,0,0.056536
46194,9,1,151002,39099,33613,111903,203114,0,0,0,0,0.0748606
46195,9,1,152610,39337,33693,113273,204111,0,0,0,0,0.0823945
46196,9,1,152589,39344,33715,113245,204151,0,0,0,0,0.0550498
46197,9,1,154705,39803,34305,114902,206483,0,0,0,0,0.0728206
46198,9,1,154744,39806,34282,114938,206464,0,0,0,0,0.0757359
46199,9,1,144276,36932,31585,107344,191557,0,0,0,0,0.0932014
48160,9,1,135490,35816,30839,99674,189140,0,0,0,0,0.0637776
48161,9,1,150876,40015,34542,110861,211021,0,0,0,0,0.0989396
48164,9,1,163759,43124,37628,120635,225038,0,0,0,0,0.102778
48169,9,1,167167,44301,38704,122866,232547,0,0,0,0,0.133704
48170,9,1,148467,39068,34112,109399,204667,0,0,0,0,0.0947209
48171,9,1,164474,43581,38081,120893,228366,0,0,0,0,0.0984176
48174,9,1,172634,45859,40405,126775,238993,0,0,0,0,0.0655158
48179,9,1,176705,46744,41108,129961,244332,0,0,0,0,0.153627
48180,9,1,162276,43937,37945,118339,232357,0,0,0,0,0.0806612
48181,9,1,178425,48139,42026,130286,253762,0,0,0,0,0.0602297
48184,9,1,184534,49694,43185,134840,259627,0,0,0,0,0.0841049
48189,9,1,193973,51438,44799,142535,267347,0,0,0,0,0.0794517
48190,9,1,161641,43771,37854,117870,231492,0,0,0,0,0.10018
48191,9,1,186373,49819,43570,136554,260770,0,0,0,0,0.101946
48194,9,1,183142,49509,43246,133633,259273,0,0,0,0,0.0991696
48199,9,1,178121,47286,41347,130835,247366,0,0,0,0,0.0830047
48200,9,1,182005,49186,42999,132819,259078,0,0,0,0,0.0612068
48201,9,1,182922,48877,42899,134045,255375,0,0,0,0,0.0767618
48204,9,1,186030,50204,44186,135826,262352,0,0,0,0,0.0780624
48209,9,1,170473,45008,38991,125465,235399,0,0,0,0,0.0761837
48230,9,1,153468,40393,35248,113075,210801,0,0,0,0,0.0544573
48231,9,2,331436,87702,76312,243721,458493,1,0,0,0,0.245373
48234,9,2,284023,76822,67525,207188,404266,1,0,0,0,0.220666
48239,9,1,182879,48028,42223,134851,249399,0,0,0,0,0.103496
48240,9,1,169574,45422,39441,124152,238589,0,0,0,0,0.0784777
48241,9,2,280729,75967,66483,204749,400676,1,0,0,0,0.224039
48244,9,2,179388,47631,41827,131744,249457,1,0,0,0,0.201937
48249,9,1,195749,51802,45368,143947,267739,0,0,0,0,0.0881445
48250,9,1,168934,45211,39344,123723,237393,0,0,0,0,0.083254
48251,9,2,288310,77472,67822,210825,406980,1,0,0,0,0.305533
48254,9,1,192229,51779,45289,140450,270031,0,0,0,0,0.106219
48259,9,1,181333,47991,41850,133342,249776,0,0,0,0,0.103922
48260,9,1,183835,49106,43212,134729,256838,0,0,0,0,0.0904746
48261,9,1,186478,49560,43479,136918,257327,0,0,0,0,0.10458
48264,9,1,193678,51930,45731,141748,269984,0,0,0,0,0.115236
48269,9,1,173894,45995,39730,127899,239405,0,0,0,0,0.0994649
48290,9,1,175370,46945,40654,128425,247118,0,0,0,0,0.090129
48291,9,2,272948,73398,64174,199537,385905,1,0,0,0,0.255253
48294,9,2,279497,75567,66403,203917,399129,1,0,0,0,0.254474
48299,9,2,279589,75249,66078,204327,395556,1,0,0,0,0.195134
48300,9,1,175284,46925,40600,128359,247009,0,0,0,0,0.0798758
48301,9,2,268171,71563,62600,196596,375382,1,0,0,0,0.214214
48304,9,2,283569,76586,67095,206970,403913,1,0,0,0,0.235574
48309,9,2,281441,76040,66958,205388,400371,1,0,0,0,0.273506
48310,9,1,185751,49059,42696,136692,254585,0,0,0,0,0.102344
48311,9,1,185534,48995,42682,136539,254224,0,0,0,0,0.10207
48314,9,1,215716,57266,50169,158450,296211,0,0,0,0,0.0785644
48319,9,1,213271,56333,49355,156938,290390,0,0,0,0,0.060198
48340,9,1,158955,41175,35662,117780,214606,0,0,0,0,0.139221
48341,9,1,151663,39718,33947,111945,208154,0,0,0,0,0.116204
48344,9,2,275057,74065,64243,200979,390369,1,0,0,0,0.305401
48349,9,2,272842,73119,63678,199710,384430,1,0,0,0,0.304729
48350,9,1,176703,46469,40872,130234,242673,0,0,0,0,0.165105
48351,9,1,159293,41456,36015,117837,216001,0,0,0,0,0.114239
48354,9,2,280753,75354,65656,205386,396003,1,0,0,0,0.30777
48359,9,2,280271,74540,64787,205718,390111,1,0,0,0,0.315996
48380,9,1,180586,47025,41220,133561,243298,0,0,0,0,0.172956
48381,9,1,163655,42503,36973,121152,220142,0,0,0,0,0.110411
48384,9,2,285278,76208,66550,209057,398857,1,0,0,0,0.306408
48389,9,2,280980,74619,64847,206348,390392,1,0,0,0,0.277114
48430,9,1,179748,46382,40482,133366,240660,0,0,0,0,0.194698
48431,9,1,185723,48015,41364,137708,247490,0,0,0,0,0.148127
48432,9,1,175117,45224,38710,129893,234524,0,0,0,0,0.110493
48433,9,1,170701,44253,37834,126448,230131,0,0,0,0,0.108374
48434,9,1,189645,49498,43337,140147,257184,0,0,0,0,0.147859
48435,9,1,186911,48835,42676,138076,253816,0,0,0,0,0.132958
48436,9,1,184567,48139,42225,136428,250707,0,0,0,0,0.159428
48437,9,1,195089,51315,44778,143774,266848,0,0,0,0,0.132245
48438,9,1,180169,47057,41230,133112,244450,0,0,0,0,0.095999
48439,9,1,176882,46125,40467,130757,240066,0,0,0,0,0.100477
48722,18,1,158172,41973,35947,116199,221154,0,0,0,0,0.0986131
48725,18,1,166530,44285,38025,122245,232586,0,0,0,0,0.119671
48728,18,1,170965,45492,39337,125473,238932,0,0,0,0,0.0921521
48732,18,1,174894,46813,40844,128081,246292,0,0,0,0,0.10084
48735,18,1,182614,48969,42741,133645,257072,0,0,0,0,0.104694
48738,18,1,183509,48807,42214,134702,254793,0,0,0,0,0.10693
48742,18,1,176977,47473,41516,129504,250194,0,0,0,0,0.105564
48745,18,1,198257,54390,47353,143867,288259,0,0,0,0,0.0955228
48748,18,1,191779,51404,44353,140375,268887,0,0,0,0,0.1746
48752,18,1,189331,50515,44070,138816,264849,0,0,0,0,0.0822784
48755,18,1,201948,55239,47961,146709,292804,0,0,0,0,0.0572902
48758,18,1,183237,49189,42543,134048,258473,0,0,0,0,0.075715
48762,18,1,177356,46721,40838,130635,243883,0,0,0,0,0.0988849
48765,18,1,200253,54396,46895,145857,287518,0,0,0,0,0.0769552
48768,18,1,191474,51591,44433,139883,271777,0,0,0,0,0.0883615
48770,18,1,170648,45595,39614,125053,239986,0,0,0,0,0.127377
48771,18,1,179488,47662,41558,131826,249564,0,0,0,0,0.111388
48772,18,1,187003,49727,43278,137276,260870,0,0,0,0,0.110564
48773,18,1,184344,49161,42915,135183,258685,0,0,0,0,0.163223
48774,18,1,200725,54189,47022,146536,285535,0,0,0,0,0.112333
48775,18,1,185541,49412,42787,136129,259466,0,0,0,0,0.10237
48776,18,1,209793,57147,49590,152646,302532,0,0,0,0,0.104557
48777,18,1,177844,46822,40529,131022,243926,0,0,0,0,0.0809937
48778,18,1,187210,50232,43274,136978,264769,0,0,0,0,0.104585
48779,18,1,177725,47492,40697,130233,249633,0,0,0,0,0.115524
48792,18,1,180149,48039,41807,132110,251138,0,0,0,0,0.0955383
48795,18,1,187641,50125,43580,137516,261083,0,0,0,0,0.106846
48798,18,1,187412,49642,42971,137770,257494,0,0,0,0,0.0907272
48802,18,1,181647,48510,42604,133137,254774,0,0,0,0,0.0767594
48805,18,1,208679,57389,50209,151290,302987,0,0,0,0,0.0874546
48808,18,1,195723,52342,45226,143381,272811,0,0,0,0,0.0952933
48812,18,1,196351,52288,45914,144063,273137,0,0,0,0,0.0959624
48815,18,1,206021,56222,48930,149799,296563,0,0,0,0,0.112391
48818,18,1,186914,50052,43357,136862,262026,0,0,0,0,0.0886514
48822,18,1,182425,47700,41674,134725,247217,0,0,0,0,0.108325
48825,18,1,210206,56886,49284,153320,298469,0,0,0,0,0.110337
48828,18,1,198096,53348,46029,144748,280162,0,0,0,0,0.100926
48830,18,1,179588,47768,41730,131820,250177,0,0,0,0,0.100635
48831,18,1,184720,49037,42781,135683,255856,0,0,0,0,0.0973458
48832,18,1,186552,49578,43139,136974,260014,0,0,0,0,0.110919
48833,18,1,190479,50764,44558,139715,266089,0,0,0,0,0.13342
48834,18,1,209870,56654,49365,153216,297653,0,0,0,0,0.0832569
48835,18,1,192054,50987,44368,141067,266042,0,0,0,0,0.0768592
48836,18,1,215088,58462,50942,156626,307904,0,0,0,0,0.0929145
48837,18,1,178015,46834,40563,131181,243883,0,0,0,0,0.0586866
48838,18,1,191325,51117,44204,140208,267900,0,0,0,0,0.0879248
48839,18,1,180249,47803,41045,132446,249605,0,0,0,0,0.0914957
48852,18,1,187755,50126,43624,137629,262962,0,0,0,0,0.0953487
48855,18,1,200641,54330,47411,146311,286670,0,0,0,0,0.0894264
48858,18,1,197064,53130,46067,143934,280119,0,0,0,0,0.0872493
48862,18,1,197813,52527,45820,145286,273477,0,0,0,0,0.0926385
48865,18,1,211353,57325,50130,154028,301330,0,0,0,0,0.0835183
48868,18,1,209456,56747,49379,152709,298200,0,0,0,0,0.068845
48872,18,1,185916,48567,42237,137349,250510,0,0,0,0,0.0856865
48875,18,1,212192,56952,49629,155240,298855,0,0,0,0,0.0779771
48878,18,1,211968,56791,49402,155177,297824,0,0,0,0,0.0846936
48880,18,1,191258,50847,44540,140411,265983,0,0,0,0,0.0979028
48881,18,1,191015,50788,44515,140227,265689,0,0,0,0,0.0935939
48882,18,1,181471,48070,41751,133401,252953,0,0,0,0,0.102246
48884,18,1,199028,53534,46381,145494,279786,0,0,0,0,0.0616512
48885,18,1,199390,53730,46800,145660,283162,0,0,0,0,0.0769091
48886,18,1,208530,55921,49051,152609,294175,0,0,0,0,0.080186
48887,18,2,282621,75916,66259,206692,400408,1,0,0,0,0.221198
48888,18,1,201559,54211,47428,147348,285326,0,0,0,0,0.100732
48889,18,1,205998,55402,47979,150596,290424,0,0,0,0,0.113125
48893,18,1,200966,53876,47272,147090,283598,0,0,0,0,0.154441
48902,18,1,190203,51049,44689,139154,267098,0,0,0,0,0.10203
48905,18,1,192169,52260,45914,139909,274702,0,0,0,0,0.113659
48908,18,1,194324,52395,45520,141929,274579,0,0,0,0,0.110684
48912,18,1,178487,46915,40945,131572,245280,0,0,0,0,0.101723
48915,18,1,190428,51223,45007,139205,269975,0,0,0,0,0.0942636
48918,18,1,187107,49985,43465,137122,262813,0,0,0,0,0.091568
48920,18,1,187620,49748,43419,137872,260668,0,0,0,0,0.0978737
48921,18,1,194057,51815,45144,142242,272112,0,0,0,0,0.0801503
48922,18,1,202578,54023,46857,148555,282996,0,0,0,0,0.0905372
48924,18,1,196749,52972,45936,143777,278999,0,0,0,0,0.0971732
48925,18,2,303466,83081,72806,220372,440173,1,0,0,0,0.270089
48928,18,1,205611,55885,48279,149726,294666,0,0,0,0,0.134691
48929,18,1,196034,52152,45294,143882,272486,0,0,0,0,0.102133
48933,18,1,201430,54175,47519,147255,284854,0,0,0,0,0.10123
48936,18,1,203260,54973,48599,148287,290155,0,0,0,0,0.0644419
48937,18,2,297731,80992,70861,216726,428911,1,0,0,0,0.325134
48942,18,1,168691,43397,37602,125294,224572,0,0,0,0,0.109448
48945,18,1,184759,49225,43072,135534,258528,0,0,0,0,0.0993265
48948,18,1,183173,48556,42312,134617,254720,0,0,0,0,0.0988572
48950,18,1,191486,50601,44405,140885,263841,0,0,0,0,0.143197
48951,18,1,199874,53112,46283,146762,276700,0,0,0,0,0.108412
48954,18,1,203778,54854,47765,148924,287723,0,0,0,0,0.0978313
48959,18,1,195996,52146,45297,143850,272445,0,0,0,0,0.0814985
48962,18,1,186873,49037,42296,137836,255539,0,0,0,0,0.0988042
48963,18,1,183634,48768,42581,134866,255964,0,0,0,0,0.104462
48965,18,1,204409,54612,47615,149797,286691,0,0,0,0,0.116254
48966,18,1,195246,52560,46002,142686,277207,0,0,0,0,0.0866935
48967,18,1,201852,54358,47435,147494,286122,0,0,0,0,0.0806022
48968,18,1,198282,53335,46109,144947,280492,0,0,0,0,0.089128
48980,18,1,187853,49571,43228,138282,259033,0,0,0,0,0.129404
48981,18,1,200130,52882,45262,147248,274337,0,0,0,0,0.0950048
48982,18,1,191339,50741,43743,140598,264870,0,0,0,0,0.124403
48983,18,1,171367,45002,38736,126365,235453,0,0,0,0,0.109704
48984,18,1,209363,56248,49465,153115,294909,0,0,0,0,0.0836195
48985,18,1,208473,55924,49054,152549,293125,0,0,0,0,0.116804
48986,18,1,190331,50730,44407,139601,265771,0,0,0,0,0.13378
48987,18,1,198642,52878,46176,145764,275847,0,0,0,0,0.0975836
48988,18,1,207479,55705,48823,151774,291557,0,0,0,0,0.118736
48989,18,1,199592,53759,47000,145833,282871,0,0,0,0,0.0801015
50680,9,1,135946,35985,30771,99961,190089,0,0,0,0,0.0581508
50681,9,1,152086,40411,34834,111675,213159,0,0,0,0,0.0733275
50684,9,1,164006,43335,37677,120671,226425,0,0,0,0,0.0812246
50689,9,1,167798,44707,39125,123091,235055,0,0,0,0,0.0973644
50690,9,1,149475,39416,34362,110059,206555,0,0,0,0,0.0643645
50691,9,1,165622,44034,38393,121588,230996,0,0,0,0,0.0756112
50694,9,1,173072,46110,40545,126962,240574,0,0,0,0,0.0824602
50699,9,1,176784,46988,41381,129796,245956,0,0,0,0,0.126637
50700,9,1,162526,43999,38027,118527,232549,0,0,0,0,0.101817
50701,9,1,178576,48181,42033,130395,253763,0,0,0,0,0.138455
50704,9,1,184525,49872,43401,134653,260667,0,0,0,0,0.104287
50709,9,1,194284,51765,44943,142519,269420,0,0,0,0,0.116704
50710,9,1,161841,43822,37945,118019,231631,0,0,0,0,0.0793916
50711,9,1,187290,50142,43828,137148,262401,0,0,0,0,0.058137
50714,9,1,183500,49861,43544,133639,261419,0,0,0,0,0.0751981
50719,9,1,178214,47525,41483,130689,248887,0,0,0,0,0.0756485
50720,9,1,183365,49571,43268,133794,261035,0,0,0,0,0.057826
50721,9,1,183236,49100,43090,134136,256821,0,0,0,0,0.0735998
50724,9,1,186212,50505,44495,135707,264249,0,0,0,0,0.0783132
50729,9,1,170367,45196,39177,125171,236677,0,0,0,0,0.0585469
50750,9,1,154424,40769,35540,113655,212974,0,0,0,0,0.0730081
50751,9,2,331896,88010,76532,243873,460491,1,0,0,0,0.218419
50754,9,2,266466,72226,63631,194227,380453,1,0,0,0,0.239289
50759,9,1,183083,48231,42404,134852,250605,0,0,0,0,0.137135
50760,9,1,169680,45524,39511,124156,239381,0,0,0,0,0.109846
50761,9,2,256226,69147,60705,187066,364647,1,0,0,0,0.209576
50764,9,2,180922,48134,42317,132775,252210,1,0,0,0,0.188612
50769,9,1,195811,52107,45425,143704,269893,0,0,0,0,0.0755073
50770,9,1,169081,45343,39442,123738,238377,0,0,0,0,0.0783202
50771,9,2,262657,70576,62024,192068,371365,1,0,0,0,0.223661
50774,9,1,193801,52415,45812,141386,273651,0,0,0,0,0.0773048
50779,9,1,181491,48303,42014,133188,251814,0,0,0,0,0.0860085
50780,9,1,184762,49437,43392,135325,258694,0,0,0,0,0.107835
50781,9,1,186842,49791,43623,137051,258830,0,0,0,0,0.104869
50784,9,1,194314,52296,46051,142018,272197,0,0,0,0,0.106646
50789,9,1,174406,46341,40053,128065,241518,0,0,0,0,0.0860129
50810,9,1,176178,47257,40915,128921,248975,0,0,0,0,0.107855
50811,9,2,250075,67324,58932,182738,354452,1,0,0,0,0.240963
50814,9,2,259767,70297,61787,189457,371710,1,0,0,0,0.257039
50819,9,2,260771,70282,61884,190476,369554,1,0,0,0,0.24411
50820,9,1,176125,47242,40864,128883,248885,0,0,0,0,0.0885484
50821,9,2,261089,69723,61117,191353,366130,1,0,0,0,0.293828
50824,9,2,261888,70924,62322,190951,375113,1,0,0,0,0.190522
50829,9,2,260038,70449,62129,189576,371688,1,0,0,0,0.194517
50830,9,1,186485,49332,42930,137153,256164,0,0,0,0,0.0573657
50831,9,1,186248,49268,42910,136980,255817,0,0,0,0,0.0727341
50834,9,1,214979,57385,50204,157594,297404,0,0,0,0,0.156356
50839,9,1,212308,56395,49343,155913,291300,0,0,0,0,0.107558
50860,9,1,158628,41294,35740,117334,215593,0,0,0,0,0.124871
50861,9,1,153535,40426,34449,113109,212307,0,0,0,0,0.114113
50864,9,2,251660,68023,59133,183624,359238,1,0,0,0,0.305355
50869,9,2,249077,66855,58400,182209,352015,1,0,0,0,0.270736
50870,9,1,177100,46709,41132,130391,244114,0,0,0,0,0.133506
50871,9,1,160494,41886,36352,118608,218444,0,0,0,0,0.107421
50874,9,2,257203,69238,60386,187952,364752,1,0,0,0,0.279094
50879,9,2,255384,67981,59313,187390,356316,1,0,0,0,0.258583
50900,9,1,180868,47252,41481,133616,244771,0,0,0,0,0.142613
50901,9,1,164532,42858,37307,121674,222114,0,0,0,0,0.099556
50904,9,2,261567,69842,61016,191712,366094,1,0,0,0,0.264842
50909,9,2,256505,68135,59391,188357,357080,1,0,0,0,0.291157
50950,9,1,179164,46530,40659,132634,242101,0,0,0,0,0.21479
50951,9,1,186026,48412,41806,137614,250220,0,0,0,0,0.147903
50952,9,1,176549,45908,39387,130641,238681,0,0,0,0,0.157318
50953,9,1,171552,44819,38392,126733,233729,0,0,0,0,0.136237
50954,9,1,190731,50195,44114,140536,261560,0,0,0,0,0.15886
50955,9,1,187837,49469,43347,138368,257896,0,0,0,0,0.138022
50956,9,1,184777,48561,42643,136216,253614,0,0,0,0,0.161421
50957,9,1,194845,51436,44832,143409,267843,0,0,0,0,0.143609
50958,9,1,180442,47385,41564,133057,246708,0,0,0,0,0.137107
50959,9,1,176589,46197,40522,130392,240639,0,0,0,0,0.123789
51242,18,1,160207,42751,36543,117456,225531,0,0,0,0,0.112456
51245,18,1,168578,44999,38520,123579,236485,0,0,0,0,0.105526
51248,18,1,172286,46011,39751,126275,241926,0,0,0,0,0.102515
51252,18,1,176901,47572,41453,129329,250598,0,0,0,0,0.10049
51255,18,1,183818,49550,43248,134268,260491,0,0,0,0,0.101091
51258,18,1,183322,48904,42295,134418,255534,0,0,0,0,0.10267
51262,18,1,177638,47840,41879,129798,252318,0,0,0,0,0.0986389
51265,18,1,199309,54859,47784,144450,290873,0,0,0,0,0.107909
51268,18,1,192901,51911,44795,140990,271797,0,0,0,0,0.102039
51272,18,1,190568,51044,44474,139524,267801,0,0,0,0,0.100887
51275,18,1,202690,55664,48342,147026,295278,0,0,0,0,0.0996499
51278,18,1,184001,49640,42997,134361,261086,0,0,0,0,0.0826197
51282,18,1,177512,46836,41002,130676,244575,0,0,0,0,0.0965245
51285,18,1,200722,54725,47326,145997,289521,0,0,0,0,0.0962926
51288,18,1,191582,51798,44742,139784,273146,0,0,0,0,0.0892375
51290,18,1,170474,45609,39677,124865,240018,0,0,0,0,0.104864
51291,18,1,178293,47482,41457,130811,248879,0,0,0,0,0.0999341
51292,18,1,186448,49819,43361,136629,261766,0,0,0,0,0.105179
51293,18,1,185096,49396,43198,135700,259931,0,0,0,0,0.0852451
51294,18,1,200841,54391,47219,146450,286877,0,0,0,0,0.110047
51295,18,1,187627,50196,43528,137431,264040,0,0,0,0,0.0944094
51296,18,1,210654,57607,50063,153047,305068,0,0,0,0,0.0912879
51297,18,1,178990,47280,40987,131710,246662,0,0,0,0,0.0822008
51298,18,1,187592,50499,43613,137093,266294,0,0,0,0,0.0877458
51299,18,1,176751,47423,40761,129328,249545,0,0,0,0,0.0952216
51312,18,1,181339,48593,42156,132746,254453,0,0,0,0,0.0954972
51315,18,1,188406,50533,43817,137873,263574,0,0,0,0,0.0689029
51318,18,1,186833,49596,42882,137237,257360,0,0,0,0,0.065004
51322,18,1,181887,48716,42751,133171,256019,0,0,0,0,0.0823592
51325,18,1,210681,58273,50930,152408,308016,0,0,0,0,0.0733728
51328,18,1,196290,52672,45508,143618,274704,0,0,0,0,0.0737124
51332,18,1,197325,52622,46203,144703,274807,0,0,0,0,0.0817805
51335,18,1,207869,57147,49644,150722,302051,0,0,0,0,0.0842071
51338,18,1,188051,50616,43840,137435,265299,0,0,0,0,0.0766119
51342,18,1,182421,47891,41870,134530,248599,0,0,0,0,0.0895161
51345,18,1,211210,57505,49864,153705,302235,0,0,0,0,0.0660592
51348,18,1,198699,53754,46396,144945,282595,0,0,0,0,0.0796888
51350,18,1,178482,47603,41621,130879,249495,0,0,0,0,0.0830376
51351,18,1,182796,48671,42493,134125,254277,0,0,0,0,0.0809264
51352,18,1,185993,49663,43218,136330,260838,0,0,0,0,0.0809812
51353,18,1,191123,51028,44760,140095,267615,0,0,0,0,0.131173
51354,18,1,209703,56897,49534,152806,299421,0,0,0,0,0.122793
51355,18,1,193362,51567,44949,141795,269529,0,0,0,0,0.0769696
51356,18,1,215504,58833,51241,156671,310206,0,0,0,0,0.0798035
51357,18,1,179263,47326,41063,131937,246804,0,0,0,0,0.0814157
51358,18,1,191870,51456,44504,140414,269981,0,0,0,0,0.0784393
51359,18,1,180093,47964,41232,132129,250844,0,0,0,0,0.0631415
51372,18,1,189462,50788,44219,138674,266560,0,0,0,0,0.0632524
51375,18,1,201457,54654,47728,146803,288325,0,0,0,0,0.0677065
51378,18,1,198366,53493,46404,144873,281907,0,0,0,0,0.0595287
51382,18,1,200420,53289,46522,147131,277378,0,0,0,0,0.0586367
51385,18,1,212511,57803,50591,154708,303874,0,0,0,0,0.0598756
51388,18,1,211216,57337,49949,153879,301275,0,0,0,0,0.0688406
51392,18,1,186139,48689,42345,137450,251253,0,0,0,0,0.0830006
51395,18,1,213150,57348,49942,155802,301037,0,0,0,0,0.0890207
51398,18,1,212766,57169,49694,155597,299975,0,0,0,0,0.0812057
51400,18,1,190665,50748,44470,139917,265548,0,0,0,0,0.0939458
51401,18,1,190417,50690,44447,139727,265266,0,0,0,0,0.105594
51402,18,1,181212,48183,41933,133029,253748,0,0,0,0,0.0981405
51404,18,1,198201,53468,46385,144733,279745,0,0,0,0,0.0914577
51405,18,1,200013,54009,46987,146004,284666,0,0,0,0,0.0867916
51406,18,1,209152,56340,49377,152812,296720,0,0,0,0,0.0638322
51407,18,2,255571,68425,59888,187133,360466,1,0,0,0,0.170715
51408,18,1,203359,54999,48061,148360,289838,0,0,0,0,0.0723598
51409,18,1,204766,55366,48023,149400,290744,0,0,0,0,0.0704959
51413,18,1,202409,54291,47727,148118,285713,0,0,0,0,0.10499
51422,18,1,192431,51860,45409,140571,271587,0,0,0,0,0.0885778
51425,18,1,194756,53160,46686,141596,279637,0,0,0,0,0.0755134
51428,18,1,195741,52997,46018,142744,278067,0,0,0,0,0.0673799
51432,18,1,180118,47599,41611,132519,249291,0,0,0,0,0.0770213
51435,18,1,192434,51977,45626,140457,274226,0,0,0,0,0.0776802
51438,18,1,188353,50459,43842,137894,265525,0,0,0,0,0.0637823
51440,18,1,187046,49680,43368,137366,260466,0,0,0,0,0.083791
51441,18,1,194740,52206,45482,142534,274440,0,0,0,0,0.06245
51442,18,1,203127,54366,47207,148761,284980,0,0,0,0,0.0839531
51444,18,1,196675,53176,46132,143499,280357,0,0,0,0,0.0645735
51445,18,2,272217,74561,65454,197643,395349,1,0,0,0,0.158807
51448,18,1,206443,56169,48541,150274,296118,0,0,0,0,0.0594076
51449,18,1,195540,52192,45333,143348,273001,0,0,0,0,0.0577849
51453,18,1,202225,54586,47886,147639,287271,0,0,0,0,0.062158
51456,18,1,204062,55348,48902,148714,292275,0,0,0,0,0.0598839
51457,18,2,268760,72909,63757,195838,385990,1,0,0,0,0.16035
51462,18,1,169618,43786,37907,125832,226819,0,0,0,0,0.0535935
51465,18,1,186299,49757,43518,136542,261428,0,0,0,0,0.0632681
51468,18,1,183932,48896,42525,135036,256716,0,0,0,0,0.0597833
51470,18,1,190423,50468,44295,139955,263541,0,0,0,0,0.0849353
51471,18,1,199862,53368,46501,146494,278499,0,0,0,0,0.0643751
51474,18,1,203820,55143,47951,148677,289688,0,0,0,0,0.0609233
51479,18,1,195574,52238,45389,143336,273272,0,0,0,0,0.0656035
51482,18,1,187055,49284,42649,137771,257155,0,0,0,0,0.0768249
51483,18,1,184519,49236,43126,135283,258810,0,0,0,0,0.0728516
51485,18,1,204751,54868,47865,149883,288185,0,0,0,0,0.0690738
51486,18,1,195372,52754,46246,142618,278412,0,0,0,0,0.0604676
51487,18,1,203744,54999,47955,148745,289564,0,0,0,0,0.0606912
51488,18,1,197893,53392,46215,144501,281068,0,0,0,0,0.0591605
51500,18,1,188299,49803,43484,138496,260458,0,0,0,0,0.0853535
51501,18,1,200490,53091,45481,147399,275660,0,0,0,0,0.0652135
51502,18,1,191239,50891,43902,140348,265991,0,0,0,0,0.0640718
51503,18,1,170971,45076,38904,125895,236125,0,0,0,0,0.0645093
51504,18,1,210780,56854,49924,153926,298459,0,0,0,0,0.0642435
51505,18,1,209841,56520,49494,153321,296593,0,0,0,0,0.0636036
51506,18,1,190840,50985,44650,139855,267148,0,0,0,0,0.060549
51507,18,1,198381,52860,46241,145521,275808,0,0,0,0,0.0622475
51508,18,1,207630,55980,49087,151650,293310,0,0,0,0,0.0615609
51509,18,1,199665,53946,47147,145719,284075,0,0,0,0,0.0624951
52920,9,1,113322,28972,24258,84350,151617,0,0,0,0,0.0539635
52921,9,1,132252,34300,29323,97952,179977,0,0,0,0,0.0562507
52924,9,1,146210,38214,32724,107996,199653,0,0,0,0,0.0561345
52929,9,1,133093,34330,29557,98763,180214,0,0,0,0,0.0776526
52930,9,1,143011,37390,31850,105621,196011,0,0,0,0,0.0606368
52931,9,1,158355,41889,36064,116466,219673,0,0,0,0,0.0684935
52934,9,1,164021,43380,37448,120641,226155,0,0,0,0,0.0637217
52939,9,1,157938,40801,35260,117137,212680,0,0,0,0,0.0837394
52940,9,1,133738,35052,30183,98686,184728,0,0,0,0,0.0536556
52941,9,1,133220,34390,29597,98830,178709,0,0,0,0,0.0478133
52944,9,1,139298,36424,31822,102874,190337,0,0,0,0,0.0525157
52949,9,1,157406,40899,35020,116507,212729,0,0,0,0,0.0730764
52950,9,1,133978,35112,30255,98866,185045,0,0,0,0,0.0940612
52951,9,1,145300,37574,32478,107726,194685,0,0,0,0,0.052368
52954,9,1,144406,37930,33007,106476,198907,0,0,0,0,0.0585193
52959,9,1,146168,37800,32334,108368,197444,0,0,0,0,0.0922041
52960,9,1,159460,42131,36287,117329,221574,0,0,0,0,0.0615934
52961,9,1,161325,41885,36126,119440,217947,0,0,0,0,0.0538841
52964,9,1,159233,42457,36968,116776,222338,0,0,0,0,0.0614749
52969,9,1,140619,36329,30877,104290,189517,0,0,0,0,0.0609382
52990,9,1,150635,39414,33839,111221,206833,0,0,0,0,0.0532087
52991,9,1,167715,44476,38282,123239,233652,0,0,0,0,0.0755662
52994,9,1,175498,46055,39702,129443,239386,0,0,0,0,0.0680335
52999,9,1,168292,43960,38193,124332,229945,0,0,0,0,0.0926832
53000,9,1,170728,45517,38945,125211,239123,0,0,0,0,0.0795169
53001,9,1,191093,51426,44420,139667,269957,0,0,0,0,0.0605531
53004,9,1,177723,46757,40401,130966,244486,0,0,0,0,0.0828835
53009,9,1,191014,50566,43943,140448,262940,0,0,0,0,0.0690832
53010,9,1,170744,45521,38950,125223,239141,0,0,0,0,0.0681714
53011,9,1,197385,52964,45709,144421,276767,0,0,0,0,0.0770708
53014,9,1,171379,45058,38759,126321,235941,0,0,0,0,0.0580471
53019,9,1,173438,45723,39710,127715,239052,0,0,0,0,0.0567213
53020,9,1,180326,47838,41328,132488,250502,0,0,0,0,0.066736
53021,9,2,277722,74489,64188,203221,392914,1,0,0,0,0.153387
53024,9,1,166521,43523,37726,122998,227525,0,0,0,0,0.078814
53029,9,1,165797,43621,37249,122176,228274,0,0,0,0,0.064545
53050,9,1,171141,45519,38876,125622,239090,0,0,0,0,0.0559
53051,9,1,178547,47408,40933,131139,248339,0,0,0,0,0.0510089
53054,9,1,181128,47562,41015,133566,247880,0,0,0,0,0.0627945
53059,9,1,176608,45953,40005,130655,238884,0,0,0,0,0.0535513
53060,9,1,170993,45487,38889,125506,238911,0,0,0,0,0.0526701
53061,9,2,251058,67127,57917,183919,354241,1,0,0,0,0.13783
53064,9,1,183755,48568,42234,135187,253919,0,0,0,0,0.0644278
53069,9,1,180506,47340,40853,133166,247359,0,0,0,0,0.0584982
53070,9,1,193254,52164,45261,141090,274264,0,0,0,0,0.0567908
53071,9,1,197497,53190,46061,144307,278547,0,0,0,0,0.0567153
53074,9,1,181879,47728,41363,134151,248551,0,0,0,0,0.0706223
53079,9,1,189434,50173,43248,139261,263318,0,0,0,0,0.0596175
53100,9,1,145542,37726,32235,107816,197363,0,0,0,0,0.0534915
53101,9,1,170182,44859,38964,125323,235050,0,0,0,0,0.0606872
53104,9,1,184270,48593,42379,135677,253312,0,0,0,0,0.0675782
53109,9,1,166954,43031,37326,123923,221274,0,0,0,0,0.0628161
53110,9,1,163096,43100,36904,119996,226271,0,0,0,0,0.0918487
53111,9,1,177659,47219,41065,130440,247725,0,0,0,0,0.0647227
53114,9,1,186774,49034,42557,137740,255887,0,0,0,0,0.0955053
53119,9,2,222514,58433,50465,164068,306818,1,0,0,0,0.184736
53140,9,1,175108,46027,39603,129081,239508,0,0,0,0,0.0612013
53141,9,1,184659,49264,42787,135395,258630,0,0,0,0,0.0903949
53144,9,1,183430,48123,41083,135307,251017,0,0,0,0,0.0787433
53149,9,2,220189,58113,49783,162063,306475,1,0,0,0,0.166708
53190,9,1,166395,43446,37359,122949,227317,0,0,0,0,0.0805725
53191,9,1,188083,49655,42930,138428,257749,0,0,0,0,0.0864829
53192,9,1,172665,45621,39619,127044,238536,0,0,0,0,0.0832434
53193,9,1,163199,42618,36558,120581,222223,0,0,0,0,0.0851931
53194,9,1,174092,45310,39686,128782,235637,0,0,0,0,0.061632
53195,9,1,177011,46209,40216,130802,240903,0,0,0,0,0.0769014
53196,9,1,189898,50472,43753,139426,264807,0,0,0,0,0.0633523
53197,9,1,166856,43167,37849,123689,222190,0,0,0,0,0.0549582
53198,9,2,246228,64707,55742,181508,339528,1,0,0,0,0.205753
53199,9,2,244430,64610,55137,179807,340396,1,0,0,0,0.183058
53482,18,1,133160,34387,29255,98773,180190,0,0,0,0,0.0543731
53485,18,1,139769,36174,30619,103595,189282,0,0,0,0,0.0527007
53488,18,1,143494,37403,32222,106091,196595,0,0,0,0,0.0580679
53492,18,1,164343,43540,37280,120803,228706,0,0,0,0,0.0618002
53495,18,1,166681,43871,37719,122810,229287,0,0,0,0,0.0642477
53498,18,1,169748,44261,38351,125487,231451,0,0,0,0,0.075568
53502,18,1,133930,34611,30004,99319,181837,0,0,0,0,0.0515883
53505,18,1,159796,42478,36943,117318,223697,0,0,0,0,0.0507695
53508,18,1,156595,41038,35368,115557,214281,0,0,0,0,0.0543176
53512,18,1,146302,38279,33095,108023,201489,0,0,0,0,0.0686669
53515,18,1,163031,43645,37997,119386,230585,0,0,0,0,0.0496456
53518,18,1,150079,39247,33657,110832,205641,0,0,0,0,0.051476
53522,18,1,147636,38679,33343,108957,204015,0,0,0,0,0.0592423
53525,18,1,166440,44265,38406,122175,233760,0,0,0,0,0.0569591
53528,18,1,160444,42210,36094,118234,222659,0,0,0,0,0.0523151
53530,18,1,136653,36391,31696,100262,193749,0,0,0,0,0.0547979
53531,18,1,150674,39522,34200,111152,208398,0,0,0,0,0.0797682
53532,18,1,157047,40597,34945,116450,211095,0,0,0,0,0.0831548
53533,18,1,145821,38627,33449,107194,204910,0,0,0,0,0.0945902
53534,18,1,161728,42966,37181,118762,227024,0,0,0,0,0.0711832
53535,18,1,166611,44849,38863,121762,237544,0,0,0,0,0.086892
53536,18,1,175086,47487,40874,127599,251819,0,0,0,0,0.0593547
53537,18,1,162536,43134,37138,119402,226541,0,0,0,0,0.0688111
53538,18,1,151643,40624,34926,111019,215409,0,0,0,0,0.0840269
53539,18,1,136279,35517,30289,100762,186808,0,0,0,0,0.0805289
53552,18,1,171158,45249,39014,125909,237859,0,0,0,0,0.0655805
53555,18,1,175506,46048,39581,129458,240651,0,0,0,0,0.0559499
53558,18,1,177135,46482,40116,130653,242516,0,0,0,0,0.0593538
53562,18,1,184284,49124,42533,135160,257864,0,0,0,0,0.0556355
53565,18,1,195870,52569,45053,143301,276838,0,0,0,0,0.0571191
53568,18,1,185092,48637,41875,136455,252794,0,0,0,0,0.05361
53572,18,1,189979,50794,44365,139185,266317,0,0,0,0,0.0531397
53575,18,1,188399,50558,43516,137841,266442,0,0,0,0,0.0544981
53578,18,1,176536,46567,39927,129969,243344,0,0,0,0,0.0542215
53582,18,1,185890,49509,43289,136381,258873,0,0,0,0,0.0560367
53585,18,1,196537,53284,46275,143253,281183,0,0,0,0,0.0563271
53588,18,1,185607,49522,42654,136085,260584,0,0,0,0,0.053811
53590,18,1,176053,47192,40855,128861,248217,0,0,0,0,0.0603516
53591,18,1,188849,50452,43747,138397,264347,0,0,0,0,0.0703886
53592,18,1,192506,51942,44962,140564,272237,0,0,0,0,0.0801681
53593,18,1,193984,52391,45931,141593,276152,0,0,0,0,0.0808766
53594,18,1,191031,51930,45146,139101,274297,0,0,0,0,0.0561755
53595,18,1,183308,49184,42532,134124,258515,0,0,0,0,0.0536168
53596,18,1,206627,57017,49305,149610,302188,0,0,0,0,0.0619384
53597,18,1,174932,46368,39886,128564,241890,0,0,0,0,0.0553952
53598,18,1,185447,50542,43877,134905,266778,0,0,0,0,0.0578649
53599,18,1,171186,45603,39176,125583,238931,0,0,0,0,0.0572987
53612,18,1,176481,46954,40617,129527,246312,0,0,0,0,0.0520837
53615,18,1,186591,49253,42384,137338,258058,0,0,0,0,0.0536397
53618,18,1,184364,48707,41922,135657,255410,0,0,0,0,0.0523779
53622,18,1,194590,52409,45323,142181,275339,0,0,0,0,0.0565691
53625,18,1,184465,48974,42486,135491,256989,0,0,0,0,0.0531031
53628,18,1,186836,49808,43007,137028,262002,0,0,0,0,0.0524639
53632,18,1,199371,54039,47092,145332,283244,0,0,0,0,0.0618308
53635,18,1,205287,55419,47728,149868,292807,0,0,0,0,0.0581912
53638,18,1,205274,55917,48344,149357,296220,0,0,0,0,0.0576397
53640,18,1,179689,47751,41337,131938,250311,0,0,0,0,0.0523557
53641,18,1,183940,48950,42513,134990,256064,0,0,0,0,0.0513338
53642,18,1,186599,50017,43677,136582,262273,0,0,0,0,0.056031
53644,18,1,177657,47467,41121,130190,249511,0,0,0,0,0.0525273
53645,18,1,182735,49149,42733,133586,259005,0,0,0,0,0.0533058
53646,18,1,189639,51234,44492,138405,270774,0,0,0,0,0.0543425
53647,18,1,191121,52235,45312,138886,276797,0,0,0,0,0.0532001
53648,18,1,194212,52658,45387,141554,278569,0,0,0,0,0.0542051
53649,18,1,204243,55933,48138,148310,296171,0,0,0,0,0.0582488
53653,18,1,196193,53167,46667,143026,280588,0,0,0,0,0.0751276
53662,18,1,189313,50789,44217,138524,266922,0,0,0,0,0.0525506
53665,18,1,166317,42990,37160,123327,223482,0,0,0,0,0.0494998
53668,18,1,162010,42348,36082,119662,221320,0,0,0,0,0.0518801
53672,18,1,186127,50079,43288,136048,263534,0,0,0,0,0.0534062
53675,18,1,183166,49047,42698,134119,258648,0,0,0,0,0.0513477
53678,18,1,169989,45058,38821,124931,237527,0,0,0,0,0.0558828
53680,18,1,167510,44267,38019,123243,232718,0,0,0,0,0.0546049
53681,18,1,190399,51162,44252,139237,269619,0,0,0,0,0.0533235
53682,18,1,196685,53148,46292,143537,279942,0,0,0,0,0.0543204
53684,18,1,181433,48369,42034,133064,254436,0,0,0,0,0.0513665
53685,18,1,203770,55077,47529,148693,290909,0,0,0,0,0.0564564
53688,18,1,182348,49259,42699,133089,260843,0,0,0,0,0.0508887
53689,18,1,185324,49640,43262,135684,260397,0,0,0,0,0.0524117
53693,18,1,209635,57601,49943,152034,304768,0,0,0,0,0.0585975
53696,18,1,187620,50273,43500,137347,265106,0,0,0,0,0.054561
53697,18,1,171790,45750,39959,126040,241274,0,0,0,0,0.0533301
53702,18,1,179550,48024,41134,131526,251713,0,0,0,0,0.0504423
53705,18,1,191966,52056,45337,139910,275548,0,0,0,0,0.0542123
53708,18,1,174024,46445,40585,127579,244936,0,0,0,0,0.0548613
53710,18,1,172955,45777,39455,127178,240019,0,0,0,0,0.0545758
53711,18,1,194088,52156,45187,141932,274423,0,0,0,0,0.0530001
53714,18,1,181641,48322,41814,133319,253850,0,0,0,0,0.051019
53719,18,1,181462,49127,42527,132335,259286,0,0,0,0,0.0509341
53722,18,1,184687,48958,42224,135729,256502,0,0,0,0,0.0512133
53723,18,1,189000,51299,44422,137701,270627,0,0,0,0,0.0537981
53725,18,1,207442,56359,48728,151083,298099,0,0,0,0,0.0579058
53726,18,1,190584,51668,44643,138916,273394,0,0,0,0,0.052877
53727,18,1,174603,46692,40657,127911,246675,0,0,0,0,0.0543761
53728,18,1,183839,49679,43316,134160,262881,0,0,0,0,0.0514057
53740,18,1,174893,46130,39720,128763,241262,0,0,0,0,0.0574025
53741,18,1,187510,49298,42227,138212,256651,0,0,0,0,0.051308
53742,18,1,180469,47690,40863,132779,249773,0,0,0,0,0.0532567
53743,18,1,174835,46926,40297,127909,246774,0,0,0,0,0.0561074
53744,18,1,189553,50405,43586,139148,265073,0,0,0,0,0.0760754
53745,18,1,191024,51204,44368,139820,269784,0,0,0,0,0.0553121
53746,18,1,206044,56405,48618,149639,298511,0,0,0,0,0.0601001
53747,18,1,173508,46476,39968,127032,244769,0,0,0,0,0.0602772
53748,18,1,187386,50276,43898,137110,263850,0,0,0,0,0.05261
53749,18,1,181512,48781,42480,132731,256838,0,0,0,0,0.0526799
54880,9,1,113992,29263,24444,84729,153267,0,0,0,0,0.0543136
54881,9,1,132952,34572,29505,98380,181518,0,0,0,0,0.0556769
54884,9,1,146856,38452,32887,108404,200990,0,0,0,0,0.0544708
54889,9,1,133639,34521,29690,99118,181265,0,0,0,0,0.0754687
54890,9,1,146401,37696,31899,108705,195729,0,0,0,0,0.054555
54891,9,2,272914,71604,61410,201297,375705,1,0,0,0,0.163113
54894,9,2,232114,61415,52835,170686,322876,1,0,0,0,0.151776
54899,9,1,164346,42317,36786,122029,219194,0,0,0,0,0.0762854
54900,9,2,299232,78017,67234,221203,408964,1,0,0,0,0.18831
54901,9,2,194551,51219,44552,143319,270263,1,0,0,0,0.153232
54904,9,2,175441,46667,40299,128762,246095,1,0,0,0,0.144233
54909,9,1,161109,41592,35589,119517,214637,0,0,0,0,0.0572303
54910,9,2,299346,78040,67238,221294,409071,1,0,0,0,0.196916
54911,9,2,198555,52287,45684,146255,275800,1,0,0,0,0.159641
54914,9,2,172785,45995,39458,126778,242862,1,0,0,0,0.148784
54919,9,1,151068,38738,33080,112330,200568,0,0,0,0,0.0615011
54920,9,2,317785,83448,71971,234325,437426,1,0,0,0,0.190292
54921,9,2,239708,63395,55013,176300,333840,1,0,0,0,0.181363
54924,9,1,177107,47323,41320,129784,245855,0,0,0,0,0.0691633
54929,9,1,144021,37180,31714,106841,192804,0,0,0,0,0.062168
54950,9,1,157529,40932,34968,116597,213521,0,0,0,0,0.0500582
54951,9,2,254725,67331,57884,187381,353033,1,0,0,0,0.18347
54954,9,2,256978,67480,58176,189485,351938,1,0,0,0,0.162319
54959,9,1,177791,45945,39952,131846,238190,0,0,0,0,0.11476
54960,9,1,175636,46305,39670,129331,241713,0,0,0,0,0.0544697
54961,9,2,261215,70784,60864,190418,374145,1,0,0,0,0.138054
54964,9,2,261352,70012,60441,191327,368201,1,0,0,0,0.143211
54969,9,1,198341,52341,45167,146000,270752,0,0,0,0,0.0661461
54970,9,1,175633,46299,39670,129334,241667,0,0,0,0,0.0531628
54971,9,2,267584,71996,62283,195575,379205,1,0,0,0,0.13804
54974,9,1,187089,49289,42466,137800,256454,0,0,0,0,0.0587768
54979,9,1,178187,46556,40161,131631,241660,0,0,0,0,0.0565452
54980,9,1,187064,49446,42639,137618,258090,0,0,0,0,0.0531842
54981,9,2,283311,75754,65547,207545,398182,1,0,0,0,0.148369
54984,9,1,179554,47248,40957,132306,246177,0,0,0,0,0.0695884
54989,9,1,173474,45358,38669,128116,235745,0,0,0,0,0.0710007
55010,9,1,178606,47470,40838,131136,248259,0,0,0,0,0.0556994
55011,9,1,189195,50550,44125,138645,264506,0,0,0,0,0.0529298
55014,9,1,181617,47788,41171,133829,249051,0,0,0,0,0.0614105
55019,9,1,177309,46241,40198,131068,240513,0,0,0,0,0.0522289
55020,9,1,178417,47422,40807,130995,248013,0,0,0,0,0.0554076
55021,9,2,259180,69940,60725,189228,369697,1,0,0,0,0.142452
55024,9,1,186103,49112,42225,136991,255287,0,0,0,0,0.0601256
55029,9,1,187658,49062,42492,138596,254676,0,0,0,0,0.0540557
55030,9,2,287514,77713,67193,209788,410515,1,0,0,0,0.154991
55031,9,2,290905,78531,68264,212361,413842,1,0,0,0,0.154142
55034,9,1,192538,50910,44304,141628,264581,0,0,0,0,0.0712085
55039,9,1,203321,54155,46925,149166,283047,0,0,0,0,0.0712397
55060,9,1,153693,39605,33895,114088,205891,0,0,0,0,0.0581962
55061,9,1,183968,48880,42619,135088,255107,0,0,0,0,0.0699139
55064,9,1,195656,51829,44690,143827,269573,0,0,0,0,0.0680552
55069,9,1,166918,43078,37387,123840,221601,0,0,0,0,0.0526867
55070,9,2,235781,62027,53499,173741,325570,1,0,0,0,0.181301
55071,9,1,193873,51615,44848,142258,269163,0,0,0,0,0.0659863
55074,9,1,188177,49531,42598,138646,257053,0,0,0,0,0.070795
55079,9,2,229856,60503,52409,169340,317384,1,0,0,0,0.155168
55100,9,2,249861,66210,57300,183638,347561,1,0,0,0,0.149575
55101,9,2,290444,78603,68275,211828,414141,1,0,0,0,0.225208
55104,9,1,182382,47906,41096,134476,249531,0,0,0,0,0.073645
55109,9,2,225936,59527,51260,166396,312752,1,0,0,0,0.172736
55150,9,1,174531,45273,39000,129258,234900,0,0,0,0,0.0907652
55151,9,1,195469,51460,44290,144009,265833,0,0,0,0,0.0866698
55152,9,1,178056,46704,40374,131352,242559,0,0,0,0,0.0752402
55153,9,1,168605,43870,37482,124735,227333,0,0,0,0,0.0564966
55154,9,1,174643,45519,39809,129124,236819,0,0,0,0,0.0565054
55155,9,1,183707,47997,41909,135710,248932,0,0,0,0,0.0587043
55156,9,1,202658,54293,47312,148365,284030,0,0,0,0,0.0625953
55157,9,1,166923,43211,37868,123712,222481,0,0,0,0,0.051216
55158,9,2,256378,67681,58775,188684,354862,1,0,0,0,0.153063
55159,9,2,250134,66011,57046,184110,346631,1,0,0,0,0.181335
55442,18,1,134073,34743,29547,99330,182175,0,0,0,0,0.0558041
55445,18,1,140510,36454,30819,104056,190866,0,0,0,0,0.0555901
55448,18,1,143885,37551,32318,106334,197435,0,0,0,0,0.0597389
55452,18,1,166473,43491,37446,122982,226410,0,0,0,0,0.0610648
55455,18,1,172455,45030,38898,127425,233790,0,0,0,0,0.0609985
55458,18,1,174783,45905,39592,128878,239261,0,0,0,0,0.0753827
55462,18,1,147300,38468,33773,108832,201638,0,0,0,0,0.080431
55465,18,2,334430,90003,77764,244415,474925,1,0,0,0,0.178268
55468,18,2,321912,84717,72864,237183,443384,1,0,0,0,0.163519
55472,18,1,160238,42149,36916,118089,220945,0,0,0,0,0.0524859
55475,18,2,325229,87271,75477,237946,460748,1,0,0,0,0.166186
55478,18,2,304813,80407,68495,224394,423061,1,0,0,0,0.183929
55482,18,1,156210,40897,35587,115313,214259,0,0,0,0,0.084232
55485,18,2,332723,88255,76039,244456,464920,1,0,0,0,0.197616
55488,18,2,311817,82240,70461,229565,433403,1,0,0,0,0.214254
55490,18,1,150664,39486,34296,111178,207976,0,0,0,0,0.0587134
55491,18,1,160662,42309,36877,118353,221740,0,0,0,0,0.0524537
55492,18,1,155425,39966,34394,115459,207610,0,0,0,0,0.0545176
55493,18,1,158559,41791,36296,116768,220083,0,0,0,0,0.0794637
55494,18,1,178145,47922,41564,130223,252482,0,0,0,0,0.0577466
55495,18,1,177291,47108,40964,130183,246806,0,0,0,0,0.0571365
55496,18,1,185297,50213,43380,135084,264727,0,0,0,0,0.0597349
55497,18,1,162927,43123,37239,119804,226072,0,0,0,0,0.0583436
55498,18,1,165060,44387,38162,120673,234059,0,0,0,0,0.0616914
55499,18,1,148533,38776,33148,109757,202589,0,0,0,0,0.0637611
55512,18,1,180844,47580,40720,133264,248519,0,0,0,0,0.0594643
55515,18,1,185808,48730,41913,137078,253165,0,0,0,0,0.0805981
55518,18,1,184430,48148,41286,136282,249682,0,0,0,0,0.0631595
55522,18,1,187089,49662,43273,137427,258976,0,0,0,0,0.0811699
55525,18,1,205342,55072,47063,150270,288797,0,0,0,0,0.0647791
55528,18,1,190602,49993,43019,140609,258864,0,0,0,0,0.0554481
55532,18,1,196267,52127,45340,144140,271456,0,0,0,0,0.0638961
55535,18,1,198928,53269,45902,145659,279345,0,0,0,0,0.0826633
55538,18,1,181757,47906,41158,133851,249678,0,0,0,0,0.0787518
55542,18,1,192058,50933,44360,141125,264999,0,0,0,0,0.0631686
55545,18,1,206004,55813,48334,150191,293114,0,0,0,0,0.0614565
55548,18,1,191397,51013,44120,140384,267257,0,0,0,0,0.0588208
55550,18,1,180818,48302,42204,132516,253117,0,0,0,0,0.0589147
55551,18,1,191203,51062,44320,140141,266318,0,0,0,0,0.0570859
55552,18,1,192827,52117,45104,140710,273275,0,0,0,0,0.0617141
55553,18,1,198590,53517,46932,145073,280954,0,0,0,0,0.076768
55554,18,1,199199,54377,47272,144822,286693,0,0,0,0,0.0571675
55555,18,1,189969,50884,43865,139085,266364,0,0,0,0,0.0544176
55556,18,1,209094,57509,49787,151585,303481,0,0,0,0,0.0614999
55557,18,1,175151,46508,39980,128643,242775,0,0,0,0,0.0500828
55558,18,1,188970,51118,44092,137852,268499,0,0,0,0,0.0596047
55559,18,1,174006,46132,39626,127874,240946,0,0,0,0,0.0566541
55572,18,1,186395,50029,43446,136366,262498,0,0,0,0,0.0621247
55575,18,1,188683,50048,43269,138635,261861,0,0,0,0,0.058615
55578,18,1,187535,49677,42902,137858,259877,0,0,0,0,0.061445
55582,18,1,197497,53229,45990,144268,278256,0,0,0,0,0.0804891
55585,18,1,192772,51432,44727,141340,268358,0,0,0,0,0.0656862
55588,18,1,196749,52207,45107,144542,272523,0,0,0,0,0.0613927
55592,18,1,200063,54409,47323,145654,285500,0,0,0,0,0.0812442
55595,18,1,214617,58120,50361,156497,306126,0,0,0,0,0.0630008
55598,18,1,216235,58843,51029,157392,310238,0,0,0,0,0.0618971
55600,18,1,187505,50082,43738,137423,261979,0,0,0,0,0.0573689
55601,18,1,194003,51595,44856,142408,268896,0,0,0,0,0.0606252
55602,18,1,193794,52163,45634,141631,272976,0,0,0,0,0.0548685
55604,18,1,181175,48480,42011,132695,254190,0,0,0,0,0.0565461
55605,18,1,193268,52120,45206,141148,273767,0,0,0,0,0.0542211
55606,18,1,200128,54187,47081,145941,285331,0,0,0,0,0.0576677
55607,18,1,203010,55219,47933,147791,291074,0,0,0,0,0.0553677
55608,18,1,204404,55371,48101,149033,291926,0,0,0,0,0.0566828
55609,18,1,212227,57709,49981,154518,304318,0,0,0,0,0.0614466
55613,18,1,202181,54748,48221,147433,287889,0,0,0,0,0.0824614
55622,18,1,196948,52890,45840,144058,277233,0,0,0,0,0.0741802
55625,18,1,170331,44052,38044,126279,228317,0,0,0,0,0.0510777
55628,18,1,166536,43432,37288,123104,226847,0,0,0,0,0.0624274
55632,18,1,192291,51682,44563,140609,270943,0,0,0,0,0.0796334
55635,18,1,192233,51503,44503,140730,270414,0,0,0,0,0.0694218
55638,18,1,181724,48420,42033,133304,255122,0,0,0,0,0.0714168
55640,18,1,178175,47141,40647,131034,246573,0,0,0,0,0.0785799
55641,18,1,201814,54328,47183,147486,285296,0,0,0,0,0.0584438
55642,18,1,205687,55485,48283,150202,290536,0,0,0,0,0.0563587
55644,18,1,190753,50931,43916,139822,265896,0,0,0,0,0.0533038
55645,18,1,210052,56931,49170,153121,299963,0,0,0,0,0.0591107
55648,18,1,190599,51331,44613,139268,271022,0,0,0,0,0.0545386
55649,18,1,192406,51599,45078,140807,270058,0,0,0,0,0.0585961
55653,18,1,215004,59104,51272,155900,311849,0,0,0,0,0.0701524
55656,18,1,196737,52779,45651,143958,277118,0,0,0,0,0.0685157
55657,18,1,180904,48152,42124,132752,253722,0,0,0,0,0.0611359
55662,18,1,179682,48116,41169,131566,252260,0,0,0,0,0.0504621
55665,18,1,203876,54997,47625,148879,289414,0,0,0,0,0.0554965
55668,18,1,182953,48814,42843,134139,257176,0,0,0,0,0.0631599
55670,18,1,183700,48726,42068,134974,253945,0,0,0,0,0.0740075
55671,18,1,206227,55575,48169,150652,291636,0,0,0,0,0.0847958
55674,18,1,185914,49456,42710,136458,259019,0,0,0,0,0.0787974
55679,18,1,190935,51647,44961,139288,272103,0,0,0,0,0.0605767
55682,18,1,190085,50606,43789,139479,264635,0,0,0,0,0.0766371
55683,18,1,194594,52893,45577,141701,278383,0,0,0,0,0.0654335
55685,18,1,216086,58707,50583,157379,309402,0,0,0,0,0.0769241
55686,18,1,202970,54739,47399,148231,288094,0,0,0,0,0.0822706
55687,18,1,183908,49132,42804,134776,259107,0,0,0,0,0.0851996
55688,18,1,192258,51739,45210,140519,272926,0,0,0,0,0.0814441
55700,18,1,182811,48034,41110,134777,249631,0,0,0,0,0.0803214
55701,18,1,193156,50954,43622,142202,264433,0,0,0,0,0.0777356
55702,18,1,186001,49536,42496,136465,259226,0,0,0,0,0.079488
55703,18,1,180800,48459,41875,132341,253982,0,0,0,0,0.0641002
55704,18,1,192706,51332,44695,141374,269320,0,0,0,0,0.0653678
55705,18,1,202680,54204,46911,148476,283817,0,0,0,0,0.0824571
55706,18,1,213301,57997,50157,155304,305457,0,0,0,0,0.0591269
55707,18,1,177938,47526,40760,130412,250212,0,0,0,0,0.0583538
55708,18,1,192444,51540,45361,140904,269597,0,0,0,0,0.076087
55709,18,1,188324,50488,44212,137836,265168,0,0,0,0,0.0724034
56560,9,1,125868,32154,27381,93714,166021,0,0,0,0,0.0514707
56561,9,2,262327,67969,57930,194345,352957,1,0,0,0,0.157067
56564,9,2,276726,71526,60813,205189,370331,1,0,0,0,0.159292
56569,9,1,137576,35910,30641,101666,186420,0,0,0,0,0.069507
56570,9,1,126684,32230,27524,94454,166080,0,0,0,0,0.0516828
56571,9,2,253189,65754,56173,187422,341666,1,0,0,0,0.162802
56574,9,2,266305,68927,58791,197367,357031,1,0,0,0,0.158662
56579,9,1,138382,36088,30918,102294,187201,0,0,0,0,0.0719038
56580,9,2,189450,49025,42207,140412,257635,1,0,0,0,0.164318
56581,9,2,191239,49617,42824,141611,260078,1,0,0,0,0.15893
56584,9,2,154719,39900,34347,114807,208312,1,0,0,0,0.142318
56589,9,2,263406,69095,59620,194299,361696,1,0,0,0,0.183415
56590,9,2,189459,49028,42208,140418,257649,1,0,0,0,0.165789
56591,9,2,197278,51274,44162,145993,268998,1,0,0,0,0.184004
56594,9,2,155619,40617,34873,114990,213057,1,0,0,0,0.146467
56599,9,2,271465,71731,61450,199722,376392,1,0,0,0,0.18153
56600,9,2,203158,53038,45687,150107,278714,1,0,0,0,0.169091
56601,9,2,205150,53604,46250,151533,281751,1,0,0,0,0.165536
56604,9,1,197043,52430,45704,144613,269561,0,0,0,0,0.0671889
56609,9,1,174568,45965,39643,128603,238341,0,0,0,0,0.0595112
56630,9,1,147678,37300,32263,110378,191348,0,0,0,0,0.0509163
56631,9,2,206432,53054,45315,153365,273356,1,0,0,0,0.137515
56634,9,2,215362,55507,47361,159842,285975,1,0,0,0,0.137721
56639,9,1,175378,45031,39075,130347,231174,0,0,0,0,0.0865191
56640,9,1,168562,44732,38540,123830,235105,0,0,0,0,0.0493699
56641,9,2,338534,88647,76273,249876,462211,1,0,0,0,0.163933
56644,9,2,264643,70886,61606,193744,371775,1,0,0,0,0.154285
56649,9,1,183981,48216,41551,135765,249014,0,0,0,0,0.0552785
56650,9,1,168135,44599,38463,123536,234305,0,0,0,0,0.0508619
56651,9,2,255180,67907,58365,187260,357451,1,0,0,0,0.141945
56654,9,1,189579,49953,43784,139626,258611,0,0,0,0,0.0602615
56659,9,1,183989,48351,41442,135638,249696,0,0,0,0,0.0567432
56660,9,2,341657,89531,77099,252115,467608,1,0,0,0,0.16704
56661,9,2,274232,72999,62953,201220,384065,1,0,0,0,0.153745
56664,9,1,180250,47200,41196,133050,244901,0,0,0,0,0.0765799
56669,9,1,187705,49305,42099,138400,254342,0,0,0,0,0.0679904
56690,9,1,169052,45213,39160,123839,238011,0,0,0,0,0.0638313
56691,9,2,343793,90907,78461,252875,476222,1,0,0,0,0.197881
56694,9,2,250933,66819,58160,184101,351121,1,0,0,0,0.1574
56699,9,1,191943,50683,43776,141260,261578,0,0,0,0,0.0541256
56700,9,1,168878,45170,39156,123708,237764,0,0,0,0,0.049444
56701,9,2,257079,68830,59715,188236,363581,1,0,0,0,0.139314
56704,9,1,175595,45963,40094,129632,238586,0,0,0,0,0.0554584
56709,9,1,195903,51907,44775,143996,268656,0,0,0,0,0.0598112
56710,9,2,340763,89777,77514,250975,469919,1,0,0,0,0.174618
56711,9,2,275285,73643,63847,201629,388468,1,0,0,0,0.165516
56714,9,1,166856,43312,37778,123544,225141,0,0,0,0,0.0699309
56719,9,1,196562,51763,44579,144799,266648,0,0,0,0,0.0615147
56740,9,1,147128,37406,32659,109722,192403,0,0,0,0,0.0478998
56741,9,1,185301,48832,43019,136469,253722,0,0,0,0,0.0580124
56744,9,1,167983,43581,38032,124402,226532,0,0,0,0,0.0631541
56749,9,1,158717,40175,34591,118542,206202,0,0,0,0,0.0788185
56750,9,2,211854,54895,47088,156946,283877,1,0,0,0,0.14547
56751,9,1,196864,52423,46092,144441,272204,0,0,0,0,0.0654947
56754,9,1,176457,46247,40572,130210,240138,0,0,0,0,0.0609605
56759,9,1,164974,41828,35909,123146,213811,0,0,0,0,0.0642674
56780,9,2,224663,58600,50393,166050,303420,1,0,0,0,0.184576
56781,9,2,291644,78798,68721,212833,414028,1,0,0,0,0.172464
56784,9,2,277184,74196,64649,202975,390159,1,0,0,0,0.144726
56789,9,1,165147,41883,35938,123264,214168,0,0,0,0,0.0495662
56830,9,1,174733,45651,39752,129082,235948,0,0,0,0,0.0787778
56831,9,1,181733,47948,41404,133785,248224,0,0,0,0,0.0534316
56832,9,1,183848,48505,41882,135343,250763,0,0,0,0,0.0544663
56833,9,1,185055,48774,42077,136281,251437,0,0,0,0,0.0567379
56834,9,1,189264,50119,43562,139145,258966,0,0,0,0,0.0547903
56835,9,1,192878,51158,44595,141720,264678,0,0,0,0,0.0579279
56836,9,1,192816,50769,44033,142047,261190,0,0,0,0,0.0625425
56837,9,1,159789,40859,35395,118930,210348,0,0,0,0,0.0517349
56838,9,1,163533,41535,35745,121998,212237,0,0,0,0,0.0513792
56839,9,1,163491,41533,35740,121958,212276,0,0,0,0,0.0545674
57122,18,1,138711,36056,30624,102655,187410,0,0,0,0,0.0526101
57125,18,1,145571,37943,32359,107628,197158,0,0,0,0,0.0518305
57128,18,1,146290,37725,32001,108565,194513,0,0,0,0,0.0691392
57132,18,1,139612,36199,30797,103413,187877,0,0,0,0,0.0623487
57135,18,1,146527,38141,32594,108386,197982,0,0,0,0,0.0492269
57138,18,1,147096,37864,32159,109232,194972,0,0,0,0,0.0534648
57142,18,2,262980,68220,58733,194749,355985,1,0,0,0,0.178852
57145,18,2,305150,81161,70281,223977,426826,1,0,0,0,0.155765
57148,18,2,175014,46476,40235,128526,245554,1,0,0,0,0.128766
57152,18,2,276372,72268,62406,204093,378047,1,0,0,0,0.174913
57155,18,2,307804,82069,71007,225723,431191,1,0,0,0,0.152588
57158,18,2,173345,46019,39730,127314,243382,1,0,0,0,0.126377
57162,18,1,149939,38665,33234,111274,200945,0,0,0,0,0.0542052
57165,18,2,331279,87803,75709,243464,461959,1,0,0,0,0.159216
57168,18,2,321446,85473,73559,235961,450261,1,0,0,0,0.156674
57170,18,1,153735,39219,33986,114516,203169,0,0,0,0,0.0549583
57171,18,1,153553,39178,33965,114375,202929,0,0,0,0,0.0533311
57172,18,1,142886,36289,31039,106597,188233,0,0,0,0,0.0552947
57173,18,1,156223,40661,35190,115562,212124,0,0,0,0,0.07263
57174,18,1,166943,43604,37702,123339,224729,0,0,0,0,0.0557453
57175,18,1,167814,44206,38067,123608,231660,0,0,0,0,0.0751491
57176,18,1,168926,45020,38651,123906,236784,0,0,0,0,0.0715749
57177,18,1,158010,41431,35445,116579,216541,0,0,0,0,0.0782341
57178,18,1,167861,44935,38463,122926,236424,0,0,0,0,0.0757398
57179,18,1,167049,44481,38209,122568,232287,0,0,0,0,0.0625583
57192,18,1,173353,44467,38391,128886,228513,0,0,0,0,0.0570187
57195,18,1,185838,48013,41809,137825,246452,0,0,0,0,0.0569395
57198,18,1,175717,44692,37969,131025,227718,0,0,0,0,0.0575382
57202,18,1,182710,48497,41889,134213,254198,0,0,0,0,0.0553931
57205,18,1,203584,54736,47004,148848,286190,0,0,0,0,0.0570799
57208,18,1,192386,51099,44313,141287,266134,0,0,0,0,0.0571363
57212,18,1,192428,51299,44340,141129,268309,0,0,0,0,0.058538
57215,18,1,196181,52616,45165,143565,275721,0,0,0,0,0.0579454
57218,18,1,196830,51991,45126,144839,270035,0,0,0,0,0.057249
57222,18,1,186833,49815,43522,137018,260860,0,0,0,0,0.0573289
57225,18,1,210439,57076,49385,153363,300343,0,0,0,0,0.06139
57228,18,1,203668,54726,47573,148942,286798,0,0,0,0,0.0559103
57230,18,1,176956,46815,40371,130141,245635,0,0,0,0,0.0533235
57231,18,1,184060,48855,42303,135205,255633,0,0,0,0,0.0685739
57232,18,1,183830,49017,42481,134813,257047,0,0,0,0,0.0620738
57233,18,1,188381,51270,44299,137111,271449,0,0,0,0,0.0662822
57234,18,1,186306,49337,42794,136969,256909,0,0,0,0,0.0512877
57235,18,1,189581,50576,43851,139005,264916,0,0,0,0,0.051605
57236,18,1,195495,53058,46182,142437,279150,0,0,0,0,0.073813
57237,18,1,187686,49660,43036,138026,259072,0,0,0,0,0.0528765
57238,18,1,193108,52455,45238,140653,275608,0,0,0,0,0.0543007
57239,18,1,190216,50907,44244,139309,264550,0,0,0,0,0.0553485
57252,18,1,182186,48866,42208,133320,257046,0,0,0,0,0.0534995
57255,18,1,205108,55384,47701,149724,289640,0,0,0,0,0.0581355
57258,18,1,193181,50966,43910,142215,265375,0,0,0,0,0.0597625
57262,18,1,189671,50915,44162,138756,267324,0,0,0,0,0.0564424
57265,18,1,198822,53557,46003,145265,280634,0,0,0,0,0.0563954
57268,18,1,194384,51162,44197,143222,266207,0,0,0,0,0.0540181
57272,18,1,187432,50497,43634,136935,265499,0,0,0,0,0.055398
57275,18,1,206846,56120,48466,150726,295414,0,0,0,0,0.0572685
57278,18,1,206291,55537,48247,150754,291532,0,0,0,0,0.0626554
57280,18,1,178761,47466,41296,131295,248921,0,0,0,0,0.0548386
57281,18,1,186518,49657,43251,136861,259716,0,0,0,0,0.0555496
57282,18,1,188571,50720,44399,137851,266626,0,0,0,0,0.0557517
57284,18,1,180655,48021,41273,132634,251169,0,0,0,0,0.0526283
57285,18,1,195906,52983,45526,142923,278403,0,0,0,0,0.05441
57286,18,1,197943,53877,46450,144066,283698,0,0,0,0,0.0572182
57287,18,1,197335,53013,45646,144322,277877,0,0,0,0,0.056004
57288,18,1,200974,54916,47655,146058,289082,0,0,0,0,0.0565769
57289,18,1,201444,53950,46884,147494,279969,0,0,0,0,0.0558386
57293,18,1,191377,52706,45951,138671,279886,0,0,0,0,0.074191
57302,18,1,176891,45826,39658,131065,237069,0,0,0,0,0.0520349
57305,18,1,172184,44516,38279,127668,230677,0,0,0,0,0.0506693
57308,18,1,167709,43196,36729,124513,224715,0,0,0,0,0.0567441
57312,18,1,190261,50479,44095,139782,264094,0,0,0,0,0.0532344
57315,18,1,192223,51069,44082,141154,266919,0,0,0,0,0.0530452
57318,18,1,177865,46809,40254,131056,245559,0,0,0,0,0.057532
57320,18,1,176952,46712,40434,130240,242143,0,0,0,0,0.0570807
57321,18,1,195500,52266,45412,143234,273375,0,0,0,0,0.0590593
57322,18,1,206782,55926,48529,150856,293601,0,0,0,0,0.0576492
57324,18,1,193905,51638,44591,142267,269617,0,0,0,0,0.0581462
57325,18,1,201204,54275,46657,146929,284736,0,0,0,0,0.0558893
57328,18,1,194870,52435,45204,142435,273973,0,0,0,0,0.0565935
57329,18,1,194165,51842,44833,142323,270531,0,0,0,0,0.0555897
57333,18,1,197858,53645,46657,144213,282327,0,0,0,0,0.0657344
57336,18,1,197088,53118,45978,143970,278727,0,0,0,0,0.0693642
57337,18,1,186178,49630,43299,136548,260954,0,0,0,0,0.0589432
57342,18,1,192834,51690,44936,141144,270870,0,0,0,0,0.0540047
57345,18,1,199525,53644,46102,145881,281402,0,0,0,0,0.0565042
57348,18,1,186694,49647,42946,137047,260755,0,0,0,0,0.0630902
57350,18,1,185207,48819,42448,136388,252309,0,0,0,0,0.0578305
57351,18,1,202030,54139,47234,147891,282957,0,0,0,0,0.0596159
57354,18,1,199615,53396,46164,146219,278456,0,0,0,0,0.0542539
57359,18,1,194337,51970,44929,142367,271328,0,0,0,0,0.0548943
57362,18,1,202940,55140,47674,147800,289928,0,0,0,0,0.0560537
57363,18,1,195824,53152,45826,142672,279573,0,0,0,0,0.0605589
57365,18,1,206522,55674,48008,150848,291932,0,0,0,0,0.072222
57366,18,1,201520,54741,47443,146779,287774,0,0,0,0,0.0761758
57367,18,1,182961,48410,41920,134551,254036,0,0,0,0,0.0769506
57368,18,1,195268,52394,45037,142874,273577,0,0,0,0,0.082503
57380,18,1,178997,46641,39850,132356,239708,0,0,0,0,0.075422
57381,18,1,204005,55380,47837,148625,290865,0,0,0,0,0.0550718
57382,18,1,205508,55692,48060,149816,292135,0,0,0,0,0.0676739
57383,18,1,197678,53314,46320,144364,278270,0,0,0,0,0.0710055
57384,18,1,202835,54140,46987,148695,282849,0,0,0,0,0.0809346
57385,18,1,201998,53956,46812,148042,282129,0,0,0,0,0.0598244
57386,18,1,207755,55833,48631,151922,290167,0,0,0,0,0.0582501
57387,18,1,177432,46676,40020,130756,244185,0,0,0,0,0.060056
57388,18,1,194627,52190,45124,142437,272595,0,0,0,0,0.0549393
57389,18,1,194969,52347,45290,142622,273550,0,0,0,0,0.0545715
57960,9,1,122291,30620,25874,91671,158128,0,0,0,0,0.0752125
57961,9,1,141862,36324,31189,105538,188265,0,0,0,0,0.0735085
57964,9,1,136916,35015,30041,101901,180938,0,0,0,0,0.0550426
57969,9,1,144261,37195,31512,107066,191657,0,0,0,0,0.0596427
57970,9,1,122890,30677,25978,92213,158214,0,0,0,0,0.0577572
57971,9,1,142780,36415,31244,106365,188398,0,0,0,0,0.057687
57974,9,1,137582,35078,30144,102504,180926,0,0,0,0,0.0487754
57979,9,1,145152,37344,31749,107808,192180,0,0,0,0,0.0508097
57980,9,1,119879,29864,25309,90015,155059,0,0,0,0,0.0561591
57981,9,1,139451,35659,30469,103792,185885,0,0,0,0,0.060923
57984,9,1,144911,37363,32282,107548,194332,0,0,0,0,0.0545676
57989,9,1,148794,38624,32939,110170,201075,0,0,0,0,0.0574827
57990,9,1,124231,31320,27003,92911,163312,0,0,0,0,0.0792303
57991,9,1,139019,35372,30446,103647,182455,0,0,0,0,0.0573625
57994,9,1,157331,41115,35577,116216,214743,0,0,0,0,0.0616009
57999,9,1,143804,37159,31831,106645,193928,0,0,0,0,0.058941
58000,9,1,161743,42238,36805,119505,221325,0,0,0,0,0.0978579
58001,9,1,163501,42271,36748,121230,218680,0,0,0,0,0.0710222
58004,9,1,171846,45368,39320,126478,237051,0,0,0,0,0.0623065
58009,9,1,161495,41492,35233,120003,214721,0,0,0,0,0.0741778
58030,9,1,143797,35940,30511,107857,183556,0,0,0,0,0.0763815
58031,9,2,249334,65311,55566,184010,337531,1,0,0,0,0.154671
58034,9,2,235341,61384,52654,173944,317579,1,0,0,0,0.163883
58039,9,1,163375,41736,36014,121639,212755,0,0,0,0,0.0508076
58040,9,1,146871,37659,32197,109212,196111,0,0,0,0,0.0535894
58041,9,1,185800,49025,42495,136775,255479,0,0,0,0,0.0673001
58044,9,2,246708,64964,56384,181731,339957,1,0,0,0,0.168947
58049,9,1,167844,43318,37520,124526,223852,0,0,0,0,0.0506515
58050,9,1,148905,38284,32695,110621,199763,0,0,0,0,0.053135
58051,9,1,180301,47746,41307,132555,250147,0,0,0,0,0.0520345
58054,9,2,256186,68059,59396,188114,357598,1,0,0,0,0.154807
58059,9,1,181143,47670,41705,133473,247935,0,0,0,0,0.0559518
58060,9,2,251963,66669,57521,185281,350196,1,0,0,0,0.160305
58061,9,1,181008,48271,42028,132737,253204,0,0,0,0,0.0579733
58064,9,1,187563,49077,42669,138486,254765,0,0,0,0,0.0775215
58069,9,1,179427,46625,40027,132802,241752,0,0,0,0,0.0646593
58090,9,1,149290,38592,33049,110698,201755,0,0,0,0,0.0639321
58091,9,2,274560,73187,63570,201360,384960,1,0,0,0,0.178977
58094,9,2,235891,62034,53799,173844,325884,1,0,0,0,0.141042
58099,9,1,164366,42952,37288,121414,223523,0,0,0,0,0.0504937
58100,9,1,150075,39333,34126,110742,206309,0,0,0,0,0.0597944
58101,9,1,182896,48941,42750,133955,257153,0,0,0,0,0.054157
58104,9,2,253006,67119,58365,185874,353085,1,0,0,0,0.139744
58109,9,1,181839,47750,41734,134089,248393,0,0,0,0,0.0553527
58110,9,1,185333,49227,42618,136106,257511,0,0,0,0,0.0613561
58111,9,1,179876,47828,41600,132048,250512,0,0,0,0,0.0508628
58114,9,1,189041,49651,43035,139390,257379,0,0,0,0,0.0526851
58119,9,1,174851,45768,39510,129083,238418,0,0,0,0,0.0542939
58140,9,1,150718,38962,33378,111756,201493,0,0,0,0,0.0561829
58141,9,1,194074,51368,45226,142706,267518,0,0,0,0,0.0636461
58144,9,1,191539,50517,44238,141022,261985,0,0,0,0,0.0697242
58149,9,1,183870,48294,41848,135576,251180,0,0,0,0,0.0675847
58150,9,2,283123,75143,64458,207967,389307,1,0,0,0,0.185561
58151,9,2,284805,76087,66252,208705,399737,1,0,0,0,0.164366
58154,9,2,279829,74520,64859,205296,391023,1,0,0,0,0.154583
58159,9,1,168026,43632,37654,124394,227572,0,0,0,0,0.0718884
58180,9,2,266195,69733,60181,196449,359620,1,0,0,0,0.18518
58181,9,2,265027,70054,60794,194960,366471,1,0,0,0,0.212717
58184,9,2,254814,67269,58173,187532,352772,1,0,0,0,0.152661
58189,9,1,172529,44821,39042,127708,233698,0,0,0,0,0.0744717
58230,9,1,163876,42091,36396,121785,214943,0,0,0,0,0.0503469
58231,9,1,166752,43449,37975,123303,225288,0,0,0,0,0.0520557
58232,9,1,179686,46955,40954,132731,243438,0,0,0,0,0.0557468
58233,9,1,180981,47525,41132,133456,247046,0,0,0,0,0.0565372
58234,9,1,163133,42627,37135,120506,221787,0,0,0,0,0.0515193
58235,9,1,182999,48062,41994,134937,250100,0,0,0,0,0.0593106
58236,9,1,175259,46082,39956,129177,240304,0,0,0,0,0.0562222
58237,9,1,183022,47771,41263,135251,247921,0,0,0,0,0.0619906
58238,9,1,169850,44273,38128,125577,231195,0,0,0,0,0.0768687
58239,9,1,171340,44526,38755,126814,232287,0,0,0,0,0.0900495
58522,18,1,135015,34562,29840,100453,179628,0,0,0,0,0.054218
58525,18,1,151621,39459,33824,112162,205309,0,0,0,0,0.0528979
58528,18,1,142998,36626,31174,106372,189072,0,0,0,0,0.0474236
58532,18,1,135621,34633,29936,100988,179777,0,0,0,0,0.0522919
58535,18,1,152019,39430,33827,112589,204895,0,0,0,0,0.0503867
58538,18,1,143620,36700,31312,106920,189247,0,0,0,0,0.0562331
58542,18,1,134827,34600,29716,100227,181737,0,0,0,0,0.0664335
58545,18,1,163492,43173,37159,120319,226256,0,0,0,0,0.0614604
58548,18,1,162875,42262,36385,120613,219737,0,0,0,0,0.0681305
58552,18,1,154904,40749,35567,114155,213635,0,0,0,0,0.0723687
58555,18,1,170552,45698,39978,124854,239991,0,0,0,0,0.0873005
58558,18,2,200554,52973,46083,147570,280070,1,0,0,0,0.219265
58562,18,1,154771,40378,35008,114393,212331,0,0,0,0,0.0774932
58565,18,1,173333,46296,40266,127037,244516,0,0,0,0,0.0915365
58568,18,1,173176,46236,40198,126940,243888,0,0,0,0,0.0825282
58570,18,1,142372,36928,31977,105444,194598,0,0,0,0,0.110969
58571,18,1,152028,39291,33809,112737,205509,0,0,0,0,0.08049
58572,18,1,154442,40144,34858,114298,210243,0,0,0,0,0.0678938
58573,18,1,158796,41668,35796,117128,217144,0,0,0,0,0.0678502
58574,18,1,158756,41718,36109,117038,219104,0,0,0,0,0.0808227
58575,18,1,173575,46018,39948,127557,242580,0,0,0,0,0.0836661
58576,18,1,169190,45249,39569,123941,238583,0,0,0,0,0.0672373
58577,18,1,165620,44228,38877,121392,232882,0,0,0,0,0.0538786
58578,18,1,179245,48132,41745,131113,253748,0,0,0,0,0.0581277
58579,18,1,167311,44401,38298,122910,232908,0,0,0,0,0.0575341
58592,18,1,165096,42917,36718,122179,222165,0,0,0,0,0.0804393
58595,18,2,251043,66674,57293,184356,346520,1,0,0,0,0.14581
58598,18,1,161543,41502,35777,120041,213081,0,0,0,0,0.047028
58602,18,1,164871,43625,37821,121246,229535,0,0,0,0,0.0702226
58605,18,2,259936,70458,61013,189465,372025,1,0,0,0,0.172844
58608,18,1,177622,46553,40280,131069,241869,0,0,0,0,0.0527685
58612,18,1,191582,50913,44014,140669,267010,0,0,0,0,0.0563298
58615,18,1,191942,50745,44176,141197,264518,0,0,0,0,0.0556298
58618,18,2,268349,71769,62507,196567,377827,1,0,0,0,0.162197
58622,18,1,191394,50973,44023,140421,268134,0,0,0,0,0.0740386
58625,18,1,204195,54473,47660,149722,285202,0,0,0,0,0.0656574
58628,18,1,209574,56968,49835,152606,299982,0,0,0,0,0.0667369
58630,18,1,158185,41662,36046,116523,219024,0,0,0,0,0.0562346
58631,18,1,189448,50404,43547,139044,264528,0,0,0,0,0.0554803
58632,18,1,185670,49418,42356,136252,259960,0,0,0,0,0.0653144
58633,18,1,192609,51495,44592,141114,269872,0,0,0,0,0.0818228
58634,18,1,197693,52952,46010,144741,276817,0,0,0,0,0.0791944
58635,18,1,205299,55237,47403,150062,289504,0,0,0,0,0.0565878
58636,18,1,196702,52555,45693,144147,274543,0,0,0,0,0.0543603
58637,18,1,199836,54415,47354,145421,286334,0,0,0,0,0.0566949
58638,18,1,198603,53689,46556,144914,281011,0,0,0,0,0.0588209
58639,18,1,184517,48855,42580,135662,254353,0,0,0,0,0.055198
58652,18,1,159255,42197,36831,117058,222302,0,0,0,0,0.054068
58655,18,2,252106,67902,58906,184191,358764,1,0,0,0,0.146075
58658,18,1,175371,45911,39638,129460,239025,0,0,0,0,0.0499382
58662,18,1,189284,50536,43892,138748,265239,0,0,0,0,0.0516853
58665,18,1,192072,51050,44291,141022,266583,0,0,0,0,0.0520687
58668,18,1,195225,52407,45913,142818,274912,0,0,0,0,0.0787724
58672,18,1,186473,49803,43153,136670,262543,0,0,0,0,0.0735491
58675,18,1,201344,53820,46973,147524,282026,0,0,0,0,0.0749157
58678,18,1,205018,56000,49004,149018,295179,0,0,0,0,0.0690395
58680,18,1,164124,43696,38171,120428,230324,0,0,0,0,0.0589948
58681,18,1,189512,50392,43573,139120,264269,0,0,0,0,0.0591405
58682,18,1,193962,51820,44601,142142,272604,0,0,0,0,0.0618054
58684,18,1,198095,52774,45651,145321,275188,0,0,0,0,0.0809167
58685,18,1,208700,56396,48292,152304,295650,0,0,0,0,0.0725365
58686,18,1,195590,52425,45415,143165,274524,0,0,0,0,0.0527444
58687,18,1,190379,51312,44523,139067,269674,0,0,0,0,0.05461
58688,18,1,197442,53159,45973,144283,278676,0,0,0,0,0.0545889
58689,18,1,184645,49158,42435,135487,257162,0,0,0,0,0.0513922
58693,18,1,191911,51798,44987,140113,272200,0,0,0,0,0.0540893
58702,18,1,197586,52927,46012,144659,276760,0,0,0,0,0.0570228
58705,18,1,197523,52774,46260,144749,275146,0,0,0,0,0.0548279
58708,18,1,182077,48077,41965,134000,252010,0,0,0,0,0.0550917
58712,18,1,210407,56903,49420,153504,298871,0,0,0,0,0.0779807
58715,18,1,212929,57658,49814,155271,302540,0,0,0,0,0.0612444
58718,18,1,192567,51891,45356,140676,273406,0,0,0,0,0.0595198
58720,18,1,167996,44183,38209,123813,229603,0,0,0,0,0.0663142
58721,18,1,193066,51353,44607,141713,268404,0,0,0,0,0.0590876
58722,18,1,208504,56003,48707,152501,293893,0,0,0,0,0.0658579
58724,18,1,192676,51352,44428,141324,268431,0,0,0,0,0.0763717
58725,18,1,201592,53925,46913,147667,282477,0,0,0,0,0.0802212
58728,18,1,189256,50568,44147,138688,264622,0,0,0,0,0.0610736
58729,18,1,188091,50001,43599,138090,261598,0,0,0,0,0.0592872
58733,18,1,199170,53537,46459,145633,280504,0,0,0,0,0.07572
58736,18,1,196405,52896,45963,143509,277335,0,0,0,0,0.062105
58737,18,1,184688,49601,42991,135087,261446,0,0,0,0,0.0674451
58742,18,1,200377,54540,47806,145837,287050,0,0,0,0,0.068874
58745,18,1,192419,51819,44946,140600,272580,0,0,0,0,0.0623384
58748,18,1,184589,49330,42988,135259,259725,0,0,0,0,0.0624881
58750,18,2,281285,75838,65228,205434,395565,1,0,0,0,0.147365
58751,18,2,283519,77152,66684,206354,407641,1,0,0,0,0.158173
58754,18,2,275388,74238,64476,201137,391649,1,0,0,0,0.207304
58759,18,1,196024,52456,45976,143568,275645,0,0,0,0,0.0856703
58762,18,1,212943,57954,50211,154989,305951,0,0,0,0,0.0836066
58763,18,1,201087,54572,47949,146515,286171,0,0,0,0,0.0764065
58765,18,1,206680,56056,48797,150624,294994,0,0,0,0,0.104521
58766,18,1,197520,53210,46122,144310,279021,0,0,0,0,0.0771422
58767,18,1,193011,51857,44950,141154,272494,0,0,0,0,0.0692069
58768,18,1,189214,50505,44172,138709,264133,0,0,0,0,0.0629527
58780,18,1,162584,42246,36698,120338,217875,0,0,0,0,0.0588283
58781,18,1,178503,47371,41149,131132,247207,0,0,0,0,0.0731102
58782,18,2,251619,67966,59595,183640,359854,1,0,0,0,0.178624
58783,18,1,188924,50510,44093,138414,264009,0,0,0,0,0.0574251
58784,18,1,177883,47164,40689,130719,246278,0,0,0,0,0.0589335
58785,18,1,197178,53125,46447,144053,278824,0,0,0,0,0.0744834
58786,18,1,187130,50158,43674,136972,262857,0,0,0,0,0.0791251
58787,18,1,183631,48966,42529,134665,256915,0,0,0,0,0.055474
58788,18,1,187634,49904,43327,137730,261173,0,0,0,0,0.0548685
58789,18,1,192998,51240,44735,141758,268599,0,0,0,0,0.0757678
59080,9,1,122457,30662,25874,91795,158351,0,0,0,0,0.0557693
59081,9,1,149995,38403,32962,111592,198182,0,0,0,0,0.0689862
59084,9,1,129705,32997,28527,96708,169855,0,0,0,0,0.0556286
59089,9,1,128000,32795,27847,95205,169064,0,0,0,0,0.0759142
59090,9,1,123080,30725,25980,92355,158466,0,0,0,0,0.0620902
59091,9,1,150594,38406,32955,112188,197877,0,0,0,0,0.0585651
59094,9,1,130486,33078,28636,97408,169905,0,0,0,0,0.0673692
59099,9,1,128754,32916,28040,95838,169464,0,0,0,0,0.0565503
59100,9,1,120209,29969,25379,90240,155611,0,0,0,0,0.0579527
59101,9,1,147597,37846,32292,109751,196694,0,0,0,0,0.063957
59104,9,1,150883,38568,33371,112315,199214,0,0,0,0,0.0708737
59109,9,1,155808,40256,34537,115552,208335,0,0,0,0,0.0561935
59110,9,1,124664,31450,27085,93214,164011,0,0,0,0,0.0785582
59111,9,1,137200,34802,29883,102398,179174,0,0,0,0,0.0545066
59114,9,1,152611,39779,34419,112832,207684,0,0,0,0,0.0572601
59119,9,1,133343,34125,29555,99218,177517,0,0,0,0,0.0505031
59120,9,1,165818,42721,37352,123097,221828,0,0,0,0,0.076718
59121,9,1,171558,43780,37805,127778,223028,0,0,0,0,0.0596472
59124,9,1,177363,46277,40270,131086,239131,0,0,0,0,0.0611704
59129,9,1,161164,41452,35260,119712,214622,0,0,0,0,0.0559672
59150,9,1,143952,35978,30526,107974,183765,0,0,0,0,0.0545
59151,9,2,256059,66757,57227,189289,344105,1,0,0,0,0.149597
59154,9,1,161527,41439,36073,120088,213439,0,0,0,0,0.0499111
59159,9,1,148417,37434,32076,110983,191557,0,0,0,0,0.0583229
59160,9,1,147102,37736,32241,109366,196518,0,0,0,0,0.0617426
59161,9,2,261638,69793,60036,191832,366219,1,0,0,0,0.212456
59164,9,1,168446,43385,37543,125061,224117,0,0,0,0,0.0737342
59169,9,1,164235,42166,36525,122069,217267,0,0,0,0,0.0534854
59170,9,1,148987,38346,32735,110641,200132,0,0,0,0,0.0551853
59171,9,1,177879,46977,40992,130902,245744,0,0,0,0,0.0526257
59174,9,2,262122,70185,61124,191924,369043,1,0,0,0,0.14102
59179,9,1,175310,45697,39932,129613,236632,0,0,0,0,0.0570138
59180,9,2,258651,68144,58840,190494,356780,1,0,0,0,0.161691
59181,9,1,178565,47084,41119,131481,245867,0,0,0,0,0.0532596
59184,9,1,185239,48506,41929,136733,251574,0,0,0,0,0.0659859
59189,9,1,180248,46968,40303,133280,243703,0,0,0,0,0.0557887
59210,9,1,149226,38599,33020,110627,201812,0,0,0,0,0.0590785
59211,9,2,284838,75554,65490,209271,395685,1,0,0,0,0.178684
59214,9,1,161986,41793,35682,120193,216872,0,0,0,0,0.0751358
59219,9,1,160604,41256,35787,119348,213281,0,0,0,0,0.0488521
59220,9,1,150418,39465,34262,110953,207037,0,0,0,0,0.059792
59221,9,1,180829,48036,42149,132793,251645,0,0,0,0,0.0578362
59224,9,2,256405,68613,59760,187779,360942,1,0,0,0,0.169733
59229,9,1,179805,47105,41034,132700,244816,0,0,0,0,0.0688308
59230,9,2,278879,74375,64822,204491,389577,1,0,0,0,0.150916
59231,9,1,175225,46402,40504,128823,242935,0,0,0,0,0.0518969
59234,9,1,176854,46397,40007,130457,241145,0,0,0,0,0.0514097
59239,9,1,186316,48533,42000,137783,251292,0,0,0,0,0.0573423
59260,9,1,150820,38982,33391,111838,201575,0,0,0,0,0.0559806
59261,9,1,190250,50113,44069,140137,260342,0,0,0,0,0.0529632
59264,9,1,180226,47247,41154,132979,245377,0,0,0,0,0.0553906
59269,9,1,179351,46997,40554,132354,244520,0,0,0,0,0.0619717
59270,9,2,284718,75134,64504,209571,387924,1,0,0,0,0.151612
59271,9,2,288231,77176,67447,211042,405285,1,0,0,0,0.150121
59274,9,2,282610,75370,65530,207227,395385,1,0,0,0,0.147015
59279,9,1,181318,46979,40670,134339,243009,0,0,0,0,0.0550652
59300,9,1,160801,41517,36370,119284,213951,0,0,0,0,0.0507838
59301,9,1,166307,43018,37466,123289,222573,0,0,0,0,0.0506876
59304,9,1,156063,40181,34514,115882,208342,0,0,0,0,0.0519506
59309,9,1,180569,46567,40757,134002,240921,0,0,0,0,0.0763917
59350,9,1,146498,37490,32606,109008,192823,0,0,0,0,0.0505814
59351,9,1,163347,42297,36911,121050,218748,0,0,0,0,0.0504565
59352,9,1,176495,45908,40120,130587,237528,0,0,0,0,0.0531551
59353,9,1,181587,47745,41319,133842,248228,0,0,0,0,0.0619837
59354,9,1,160144,41450,35968,118694,215017,0,0,0,0,0.0549679
59355,9,1,180818,47387,41290,133431,246329,0,0,0,0,0.0582465
59356,9,1,185953,48684,42266,137269,252183,0,0,0,0,0.0552001
59357,9,1,179709,46751,40341,132958,242631,0,0,0,0,0.0609148
59358,9,1,182667,47504,41079,135163,246166,0,0,0,0,0.0601334
59359,9,1,175977,45457,39560,130520,235494,0,0,0,0,0.0751845
59642,18,1,139293,35409,30891,103884,182879,0,0,0,0,0.0519492
59645,18,1,146363,37630,32508,108733,194428,0,0,0,0,0.0434174
59648,18,1,134928,34500,29323,100428,178236,0,0,0,0,0.048566
59652,18,1,140005,35518,30983,104487,183244,0,0,0,0,0.0508063
59655,18,1,146892,37637,32513,109255,194187,0,0,0,0,0.0437456
59658,18,1,135679,34603,29487,101076,178548,0,0,0,0,0.0447077
59662,18,1,144600,36852,31865,107748,191759,0,0,0,0,0.0547126
59665,18,1,168442,44115,37997,124327,229951,0,0,0,0,0.0595669
59668,18,1,166430,43079,37176,123351,223126,0,0,0,0,0.057459
59672,18,1,147480,38578,33434,108902,201973,0,0,0,0,0.0559274
59675,18,1,168860,45523,39740,123337,239275,0,0,0,0,0.0594131
59678,18,2,199874,52527,45584,147336,276863,1,0,0,0,0.188891
59682,18,1,145968,38070,32825,107898,200980,0,0,0,0,0.0721261
59685,18,1,168733,44345,38291,124388,233234,0,0,0,0,0.0654945
59688,18,1,168018,44187,38371,123831,231992,0,0,0,0,0.0566193
59690,18,1,156417,40463,35262,115954,211601,0,0,0,0,0.077621
59691,18,1,165957,42645,36775,123312,220237,0,0,0,0,0.0589244
59692,18,1,144841,37539,32593,107302,196653,0,0,0,0,0.071842
59693,18,1,144755,37169,32199,107586,192835,0,0,0,0,0.0559982
59694,18,1,172869,45441,39166,127428,236821,0,0,0,0,0.0574442
59695,18,1,165944,43652,37861,122292,229945,0,0,0,0,0.0767198
59696,18,1,165167,43826,38093,121341,230350,0,0,0,0,0.0780391
59697,18,1,165221,43546,37815,121675,228477,0,0,0,0,0.0648955
59698,18,1,171111,45519,38998,125592,239834,0,0,0,0,0.070333
59699,18,1,167143,44375,38307,122768,232790,0,0,0,0,0.0858823
59712,18,1,170501,44320,38400,126181,228651,0,0,0,0,0.0742078
59715,18,1,181910,48195,41514,133715,250828,0,0,0,0,0.057163
59718,18,1,154429,39342,33622,115087,202143,0,0,0,0,0.0907087
59722,18,1,175330,46398,40409,128932,243050,0,0,0,0,0.0773087
59725,18,1,193177,52238,45207,140939,274666,0,0,0,0,0.0584337
59728,18,1,173745,45688,39876,128057,237464,0,0,0,0,0.0518971
59732,18,1,195638,52084,45105,143554,272903,0,0,0,0,0.072913
59735,18,1,199949,53117,46088,146832,276371,0,0,0,0,0.0802857
59738,18,1,193843,51613,45392,142230,269849,0,0,0,0,0.0779977
59742,18,1,180482,47722,41308,132760,250738,0,0,0,0,0.059967
59745,18,1,199247,53072,46369,146175,277847,0,0,0,0,0.0703106
59748,18,1,213611,57888,50461,155723,304491,0,0,0,0,0.074546
59750,18,1,169509,44744,39046,124765,234228,0,0,0,0,0.0887719
59751,18,1,190310,50528,43703,139782,264333,0,0,0,0,0.0823994
59752,18,1,177898,46881,40105,131017,246051,0,0,0,0,0.0658502
59753,18,1,176266,46649,40351,129617,244354,0,0,0,0,0.0585052
59754,18,1,194024,51694,44797,142330,269458,0,0,0,0,0.065639
59755,18,1,206802,55312,47850,151490,289506,0,0,0,0,0.0625923
59756,18,1,193908,51558,44949,142350,269203,0,0,0,0,0.0676923
59757,18,1,199029,53224,46603,145805,278913,0,0,0,0,0.0658225
59758,18,1,199262,53573,46462,145689,280297,0,0,0,0,0.0644795
59759,18,1,184447,48882,42647,135565,254570,0,0,0,0,0.0541775
59772,18,1,171718,45208,39485,126510,236500,0,0,0,0,0.0557753
59775,18,1,188624,50356,43658,138268,263810,0,0,0,0,0.0602479
59778,18,1,174159,45528,39493,128631,236887,0,0,0,0,0.0500824
59782,18,1,195807,52338,45476,143469,274377,0,0,0,0,0.0569276
59785,18,1,198212,52963,45935,145249,275842,0,0,0,0,0.0730222
59788,18,1,189534,50277,44115,139257,262673,0,0,0,0,0.0792298
59792,18,1,178321,47275,40945,131046,248473,0,0,0,0,0.0778175
59795,18,1,201699,53668,46813,148031,281123,0,0,0,0,0.080358
59798,18,1,207909,56461,49200,151448,297177,0,0,0,0,0.0863539
59800,18,1,175622,46585,40897,129037,243977,0,0,0,0,0.0667627
59801,18,1,193590,51573,44713,142017,270218,0,0,0,0,0.0771506
59802,18,1,181115,47928,41106,133187,251708,0,0,0,0,0.0643162
59804,18,1,187804,49859,42899,137945,260307,0,0,0,0,0.0605029
59805,18,1,210259,56336,48698,153923,294877,0,0,0,0,0.0800728
59806,18,1,193228,51359,44656,141869,268276,0,0,0,0,0.0541004
59807,18,1,188138,50318,43811,137820,264109,0,0,0,0,0.0593022
59808,18,1,197855,52878,46124,144977,276542,0,0,0,0,0.0567952
59809,18,1,189842,50363,43957,139479,261691,0,0,0,0,0.0565915
59813,18,1,175108,46672,40511,128436,244926,0,0,0,0,0.0532534
59822,18,1,197569,53027,46289,144542,277356,0,0,0,0,0.0785444
59825,18,1,189546,50403,43742,139143,263444,0,0,0,0,0.0777089
59828,18,1,175742,46391,40200,129351,243145,0,0,0,0,0.0702379
59832,18,1,211172,56588,49331,154584,296266,0,0,0,0,0.082237
59835,18,1,212823,57244,49801,155579,299971,0,0,0,0,0.0854985
59838,18,1,193103,52088,45147,141015,274593,0,0,0,0,0.0844906
59840,18,1,175882,46043,40058,129839,238036,0,0,0,0,0.0610691
59841,18,1,200735,53680,46714,147055,280062,0,0,0,0,0.0563504
59842,18,1,206298,55185,48313,151113,289064,0,0,0,0,0.0594381
59844,18,1,198999,53244,46278,145755,277359,0,0,0,0,0.0585993
59845,18,1,204280,54707,47749,149573,286902,0,0,0,0,0.0580083
59848,18,1,188887,50193,44046,138694,262144,0,0,0,0,0.0537977
59849,18,1,195456,51654,45060,143802,268061,0,0,0,0,0.056764
59853,18,1,197631,52937,46151,144694,277199,0,0,0,0,0.0556388
59856,18,1,196105,52463,45774,143642,274466,0,0,0,0,0.0538889
59857,18,1,183644,49017,42385,134627,258075,0,0,0,0,0.0577671
59862,18,1,197607,52993,46599,144614,277919,0,0,0,0,0.0580283
59865,18,1,188940,50594,43990,138346,265792,0,0,0,0,0.0562829
59868,18,1,184691,49017,42439,135674,258122,0,0,0,0,0.0598547
59870,18,1,184085,49382,42725,134703,257996,0,0,0,0,0.0542531
59871,18,1,192605,51678,44813,140927,271087,0,0,0,0,0.0548807
59874,18,1,184156,48855,42505,135301,255328,0,0,0,0,0.0545698
59879,18,1,198456,52815,46226,145641,276170,0,0,0,0,0.0738661
59882,18,1,212096,57283,49713,154813,301550,0,0,0,0,0.0607739
59883,18,1,200616,54054,47218,146562,283122,0,0,0,0,0.0688718
59885,18,1,208943,56287,48807,152656,295844,0,0,0,0,0.0743906
59886,18,1,197482,52789,46152,144693,276308,0,0,0,0,0.0718373
59887,18,1,191415,51206,44309,140209,268996,0,0,0,0,0.0659931
59888,18,1,187456,49752,43567,137704,259764,0,0,0,0,0.0581408
59900,18,1,155467,40425,34813,115042,209254,0,0,0,0,0.0549916
59901,18,1,176087,46833,40829,129254,244565,0,0,0,0,0.0577691
59902,18,1,196937,52826,46632,144111,276988,0,0,0,0,0.0579121
59903,18,1,189256,50659,44184,138597,264894,0,0,0,0,0.057818
59904,18,1,178005,47310,41154,130695,247325,0,0,0,0,0.0563941
59905,18,1,193519,51689,45324,141830,270349,0,0,0,0,0.0655882
59906,18,1,194844,52156,45692,142688,271850,0,0,0,0,0.056592
59907,18,1,178169,47370,40872,130799,248692,0,0,0,0,0.0524495
59908,18,1,196916,51950,45080,144966,269437,0,0,0,0,0.0557174
59909,18,1,197873,52593,46108,145280,274928,0,0,0,0,0.0730407
59920,9,1,129169,32275,27749,96894,164022,0,0,0,0,0.0437029
59921,9,1,129697,32326,27849,97371,164028,0,0,0,0,0.0483825
59924,9,1,127078,31848,27285,95230,161570,0,0,0,0,0.067409
59929,9,1,121764,30697,25770,91067,157937,0,0,0,0,0.0682662
59930,9,1,130032,32352,27867,97680,164016,0,0,0,0,0.0447997
59931,9,1,130560,32403,27966,98157,164022,0,0,0,0,0.051948
59934,9,1,127606,31893,27447,95713,161404,0,0,0,0,0.0591252
59939,9,1,122358,30780,25971,91578,158104,0,0,0,0,0.0495186
59940,9,1,130063,32748,27671,97315,168433,0,0,0,0,0.057175
59941,9,1,130720,32814,27832,97906,168463,0,0,0,0,0.054049
59944,9,1,156913,40145,34687,116768,205840,0,0,0,0,0.0567459
59949,9,1,150883,38687,33159,112196,199055,0,0,0,0,0.0723923
59950,9,1,129019,32359,27685,96660,166481,0,0,0,0,0.0674564
59951,9,1,143128,35949,30443,107179,181787,0,0,0,0,0.0510409
59954,9,1,152427,39377,34189,113050,202829,0,0,0,0,0.0563479
59959,9,1,131462,33546,28971,97916,172882,0,0,0,0,0.0539697
59960,9,1,130013,32497,27939,97516,166829,0,0,0,0,0.0691925
59961,9,1,142971,35915,30400,107056,181608,0,0,0,0,0.05347
59964,9,1,151812,39197,34042,112615,201773,0,0,0,0,0.0757743
59969,9,1,131634,33613,29011,98021,173273,0,0,0,0,0.0595092
59990,9,1,151988,38046,32445,113942,191957,0,0,0,0,0.0679627
59991,9,1,152636,38143,32576,114493,192239,0,0,0,0,0.0602318
59994,9,1,156323,39217,33886,117106,198666,0,0,0,0,0.0998672
59999,9,1,138160,34474,29262,103686,176167,0,0,0,0,0.0686237
