0,1,1,62360,15196,12178,47164,82260,0,0,0,0,0.611235
1,3,1,65302,16156,13077,49146,88326,0,0,0,0,0.291907
4,3,1,76019,19162,16074,56857,104844,0,0,0,0,0.244867
9,3,1,75078,19172,16006,55906,105243,0,0,0,0,0.237072
10,1,1,68357,17117,13890,51240,93852,0,0,0,0,0.372623
11,3,1,69359,17537,14478,51822,96528,0,0,0,0,0.174191
14,3,1,88525,23019,19542,65506,126559,0,0,0,0,0.132758
19,3,1,80017,20776,17676,59241,114591,0,0,0,0,0.143178
20,1,1,68394,17127,13898,51267,93912,0,0,0,0,0.364913
21,3,1,69381,17542,14474,51839,96558,0,0,0,0,0.17199
24,3,1,88966,23143,19572,65823,127257,0,0,0,0,0.172524
29,3,1,80236,20815,17699,59421,114757,0,0,0,0,0.153807
30,1,1,68407,17132,13898,51275,93942,0,0,0,0,0.345732
31,3,1,83931,21907,18418,62024,121290,0,0,0,0,0.166076
34,3,1,98714,25795,21853,72919,141625,0,0,0,0,0.153713
39,3,1,71998,18078,14884,53920,99108,0,0,0,0,0.207888
40,3,1,62999,15623,12769,47376,85632,0,0,0,0,0.177148
41,3,1,78642,20062,16767,58580,110194,0,0,0,0,0.16586
42,6,1,75762,19375,15991,56387,107068,0,0,0,0,0.161336
44,3,1,90550,23428,20193,67122,128098,0,0,0,0,0.150054
45,6,1,84214,21880,18189,62334,120952,0,0,0,0,0.168547
48,6,1,83185,21578,18316,61607,119138,0,0,0,0,0.157042
49,3,1,71488,17900,14723,53588,98090,0,0,0,0,0.293904
70,1,1,76195,18954,15847,57241,103118,0,0,0,0,0.282828
71,3,1,76758,19623,16609,57135,107807,0,0,0,0,0.135683
74,3,1,99366,25779,22262,73587,140875,0,0,0,0,0.163065
79,3,1,89056,22778,19285,66278,124240,0,0,0,0,0.148773
80,1,1,76296,18976,15856,57320,103238,0,0,0,0,0.256473
81,3,1,76764,19624,16601,57140,107813,0,0,0,0,0.158616
84,3,1,99392,25772,22256,73620,140795,0,0,0,0,0.147923
89,3,1,88994,22767,19281,66227,124186,0,0,0,0,0.120104
90,1,1,76273,18981,15850,57292,103304,0,0,0,0,0.241487
91,3,1,98352,25663,21932,72689,140863,0,0,0,0,0.131219
94,3,1,109395,28635,24586,80760,156772,0,0,0,0,0.120044
99,3,1,78575,19682,16651,58893,107056,0,0,0,0,0.159083
100,3,1,73239,18567,15517,54672,101772,0,0,0,0,0.178542
101,3,1,88365,22695,19429,65670,124050,0,0,0,0,0.127257
102,6,1,89475,23024,19836,66451,126529,0,0,0,0,0.122819
104,3,1,97599,25052,21775,72547,135896,0,0,0,0,0.119198
105,6,1,99365,26117,22696,73248,143819,0,0,0,0,0.14207
108,6,1,94146,24648,21219,69498,135730,0,0,0,0,0.133638
109,3,1,82705,20807,17748,61898,113222,0,0,0,0,0.242196
130,1,1,71238,18010,15023,53228,98327,0,0,0,0,0.265093
131,3,1,68321,17476,14605,50845,96138,0,0,0,0,0.148168
134,3,1,82503,21477,18087,61026,117830,0,0,0,0,0.13216
139,3,1,97407,25376,21803,72031,139263,0,0,0,0,0.123878
140,1,1,71168,17991,15026,53177,98213,0,0,0,0,0.253161
141,3,1,83411,22023,18909,61388,121404,0,0,0,0,0.136818
144,3,1,89812,23664,19911,66148,130549,0,0,0,0,0.162417
149,3,1,91355,23912,20365,67443,131465,0,0,0,0,0.120523
150,3,1,77678,20173,16972,57505,111093,0,0,0,0,0.174778
151,3,1,89390,23394,19770,65996,128397,0,0,0,0,0.142471
154,3,1,90388,23795,20286,66593,131296,0,0,0,0,0.153292
155,6,1,105054,28229,24122,76825,156709,0,0,0,0,0.121094
158,6,1,99405,26386,22484,73019,145362,0,0,0,0,0.111077
159,3,1,97017,24837,21097,72180,135616,0,0,0,0,0.163936
162,6,1,92473,24120,20497,68353,132999,0,0,0,0,0.119804
180,1,1,71244,18011,15043,53233,98333,0,0,0,0,0.267888
181,3,1,98136,26128,22951,72008,143341,0,0,0,0,0.122468
184,3,1,91738,24109,20559,67629,132725,0,0,0,0,0.129022
189,3,1,83487,21199,17800,62288,115951,0,0,0,0,0.134593
190,3,1,77764,20196,16981,57568,111231,0,0,0,0,0.164973
191,3,1,102791,27148,23318,75643,148790,0,0,0,0,0.131727
194,3,1,90481,23788,20234,66693,131280,0,0,0,0,0.139784
199,3,1,86382,22167,18792,64215,121601,0,0,0,0,0.142667
202,6,1,100797,26691,23085,74106,147251,0,0,0,0,0.136631
205,6,1,107419,29072,24660,78347,162078,0,0,0,0,0.127501
208,6,1,92357,24241,20645,68116,133645,0,0,0,0,0.110661
220,3,1,96296,25033,21495,71263,136953,0,0,0,0,0.134736
221,3,1,96308,25020,21477,71288,136837,0,0,0,0,0.151561
224,3,1,84618,22122,18925,62496,121211,0,0,0,0,0.14643
229,3,1,73444,18724,15702,54720,102526,0,0,0,0,0.14967
242,6,1,102710,27406,23634,75304,151659,0,0,0,0,0.183931
245,6,1,98171,25829,21788,72342,142108,0,0,0,0,0.101409
248,6,1,92022,23941,20189,68081,131782,0,0,0,0,0.10848
270,3,1,84269,21690,18380,62579,118702,0,0,0,0,0.128545
271,3,1,84267,21685,18375,62582,118654,0,0,0,0,0.130402
272,3,1,74172,18830,15790,55342,103062,0,0,0,0,0.147596
273,3,1,77645,19953,16767,57692,109487,0,0,0,0,0.250666
274,3,1,99213,26035,22379,73178,143118,0,0,0,0,0.139539
275,3,1,92931,24097,20553,68834,132115,0,0,0,0,0.14699
276,3,1,104372,27794,23828,76578,153431,0,0,0,0,0.147845
277,3,1,84644,21532,18138,63112,117783,0,0,0,0,0.153542
278,3,1,89737,23448,20026,66289,129218,0,0,0,0,0.140519
279,3,1,75907,19716,16361,56191,108590,0,0,0,0,0.178153
280,1,1,69566,17379,14127,52187,95022,0,0,0,0,0.31076
281,3,1,70842,18090,14645,52752,99678,0,0,0,0,0.169272
284,3,1,86880,22707,19023,64173,125240,0,0,0,0,0.146666
289,3,1,79137,20658,17421,58479,113768,0,0,0,0,0.187877
290,1,1,76506,19544,16343,56962,107393,0,0,0,0,0.192625
291,3,1,78904,20625,16903,58279,114140,0,0,0,0,0.102552
294,3,1,96621,25739,21873,70882,142023,0,0,0,0,0.0845043
299,3,1,88866,23736,20085,65130,131771,0,0,0,0,0.089446
300,1,1,76519,19547,16345,56972,107411,0,0,0,0,0.159541
301,3,1,78913,20621,16909,58292,114104,0,0,0,0,0.0998065
304,3,1,96858,25776,21911,71082,142160,0,0,0,0,0.0824969
309,3,1,88816,23738,20082,65078,131822,0,0,0,0,0.0895526
310,1,1,76504,19544,16343,56960,107393,0,0,0,0,0.160697
311,3,1,94411,25421,21333,68990,141398,0,0,0,0,0.0911465
314,3,1,105788,28158,23991,77630,155073,0,0,0,0,0.18622
319,3,1,79663,20638,17241,59025,114100,0,0,0,0,0.121165
320,3,1,74772,19309,16039,55463,106771,0,0,0,0,0.10655
321,3,1,87398,22893,19398,64505,126637,0,0,0,0,0.0933881
322,6,1,83071,21699,18123,61372,120248,0,0,0,0,0.091052
324,3,1,100203,26683,23017,73520,147249,0,0,0,0,0.0852
325,6,1,90616,24043,20234,66573,133530,0,0,0,0,0.0825403
328,6,1,90921,23794,20419,67127,131254,0,0,0,0,0.0926075
329,3,1,77616,19831,16663,57785,109076,0,0,0,0,0.141966
350,1,1,94744,24796,21144,69948,136205,0,0,0,0,0.142551
351,3,1,92003,24385,20546,67618,134819,0,0,0,0,0.13183
354,3,1,107134,28583,24309,78551,157075,0,0,0,0,0.101197
359,3,1,101846,27047,23124,74799,148884,0,0,0,0,0.0946204
360,1,1,94719,24745,21110,69974,135848,0,0,0,0,0.154782
361,3,1,91901,24335,20531,67566,134477,0,0,0,0,0.0995528
364,3,1,107221,28581,24332,78640,156988,0,0,0,0,0.0844213
369,3,1,101649,26980,23095,74669,148483,0,0,0,0,0.0900517
370,1,1,94732,24741,21109,69991,135814,0,0,0,0,0.175556
371,3,1,115621,31656,26870,83965,175543,0,0,0,0,0.107159
374,3,1,121703,33281,28755,88422,183486,0,0,0,0,0.120996
379,3,1,94302,24699,20789,69603,135814,0,0,0,0,0.10364
380,3,1,92963,24700,20648,68263,136813,0,0,0,0,0.0870678
381,3,1,103755,27894,23778,75861,154186,0,0,0,0,0.0747377
382,6,1,102301,27508,23590,74793,152465,0,0,0,0,0.0774897
384,3,1,112459,30186,26055,82273,165622,0,0,0,0,0.113591
385,6,1,108720,29188,25066,79532,161269,0,0,0,0,0.0740203
388,6,1,103085,27707,23562,75378,153189,0,0,0,0,0.0830187
389,3,1,97166,25645,21602,71521,141213,0,0,0,0,0.153894
410,1,1,82558,21220,17962,61338,116613,0,0,0,0,0.167868
411,3,1,74747,19221,16278,55526,105843,0,0,0,0,0.0992745
414,3,1,93226,24591,20660,68635,135491,0,0,0,0,0.103279
419,3,1,99882,25966,22294,73916,142021,0,0,0,0,0.0813831
420,1,1,82530,21215,17961,61315,116583,0,0,0,0,0.152044
421,3,1,88830,23401,20229,65429,129032,0,0,0,0,0.0904423
424,3,1,95336,25521,21730,69815,141349,0,0,0,0,0.0872646
429,3,1,95890,25314,21441,70576,139660,0,0,0,0,0.098175
430,3,1,85236,22230,18714,63006,122543,0,0,0,0,0.098803
431,3,1,100318,26650,22606,73668,147225,0,0,0,0,0.0934872
434,3,1,104195,27809,23733,76386,153664,0,0,0,0,0.110084
435,6,1,109477,29415,25204,80062,162965,0,0,0,0,0.0678611
438,6,1,106621,28707,24469,77914,158601,0,0,0,0,0.0718249
439,3,1,110348,29459,25025,80889,161963,0,0,0,0,0.101985
442,6,1,94598,24942,21255,69656,138131,0,0,0,0,0.110376
460,1,1,82555,21225,17968,61330,116643,0,0,0,0,0.2084
461,3,1,100031,26636,23336,73395,146404,0,0,0,0,0.0821078
464,3,1,95874,25547,21982,70327,141106,0,0,0,0,0.0796557
469,3,1,87472,23038,19506,64434,127318,0,0,0,0,0.0789657
470,3,1,85246,22238,18705,63008,122610,0,0,0,0,0.154659
471,3,1,109146,29149,25154,79997,160563,0,0,0,0,0.135665
474,3,1,107450,28956,24627,78494,160662,0,0,0,0,0.103433
479,3,1,97012,25750,21781,71262,141906,0,0,0,0,0.0987957
482,6,1,102873,27279,23585,75594,150525,0,0,0,0,0.122007
485,6,1,110032,29599,25355,80433,164044,0,0,0,0,0.0964651
488,6,1,99458,26563,22401,72895,146971,0,0,0,0,0.0881288
500,3,1,105498,27800,23881,77698,152454,0,0,0,0,0.109645
501,3,1,105733,27882,23914,77851,152962,0,0,0,0,0.107006
504,3,1,109112,29271,25089,79841,161241,0,0,0,0,0.0796807
509,3,1,92490,24431,20408,68059,134948,0,0,0,0,0.0856097
522,6,1,104239,27672,23705,76567,152897,0,0,0,0,0.0851882
525,6,1,113780,30850,26373,82930,170592,0,0,0,0,0.0643999
528,6,1,103952,28184,23881,75768,156309,0,0,0,0,0.0651832
550,3,1,88029,22908,19438,65121,125804,0,0,0,0,0.084218
551,3,1,88166,22944,19448,65222,126008,0,0,0,0,0.107528
552,3,1,82470,21148,17761,61322,116171,0,0,0,0,0.114752
553,3,1,89939,23486,20003,66453,129264,0,0,0,0,0.145891
554,3,1,107358,28550,24692,78808,156871,0,0,0,0,0.0810347
555,3,1,97044,25575,21992,71469,140400,0,0,0,0,0.113236
556,3,1,107250,28921,24827,78329,159702,0,0,0,0,0.113036
557,3,1,88556,23339,19761,65217,128738,0,0,0,0,0.0808299
558,3,1,93691,24897,21320,68794,137469,0,0,0,0,0.0982975
559,3,1,84607,22239,18631,62368,122783,0,0,0,0,0.0951776
560,1,1,69568,17381,14131,52187,95034,0,0,0,0,0.374514
561,3,1,70858,18093,14648,52765,99696,0,0,0,0,0.210268
564,3,1,86859,22705,19025,64154,125229,0,0,0,0,0.153727
569,3,1,79157,20665,17425,58492,113812,0,0,0,0,0.15486
570,1,1,76506,19545,16336,56961,107401,0,0,0,0,0.193327
571,3,1,78742,20605,16890,58137,114097,0,0,0,0,0.123337
574,3,1,96599,25738,21867,70861,142026,0,0,0,0,0.0891203
579,3,1,88818,23729,20080,65089,131749,0,0,0,0,0.123504
580,1,1,76519,19548,16338,56971,107419,0,0,0,0,0.186039
581,3,1,78751,20601,16896,58150,114061,0,0,0,0,0.139432
584,3,1,96836,25775,21905,71061,142163,0,0,0,0,0.112348
589,3,1,88768,23731,20077,65037,131800,0,0,0,0,0.0978924
590,1,1,76504,19545,16336,56959,107401,0,0,0,0,0.221186
591,3,1,94263,25385,21312,68878,141203,0,0,0,0,0.102912
594,3,1,105757,28147,24004,77610,154984,0,0,0,0,0.0917593
599,3,1,79677,20644,17233,59033,114151,0,0,0,0,0.120587
600,3,1,74757,19309,16024,55448,106781,0,0,0,0,0.16212
601,3,1,87276,22876,19381,64400,126575,0,0,0,0,0.112147
602,6,1,83110,21710,18131,61400,120320,0,0,0,0,0.108639
604,3,1,100229,26688,23011,73541,147265,0,0,0,0,0.111901
605,6,1,90638,24048,20241,66590,133562,0,0,0,0,0.0969673
608,6,1,90912,23787,20409,67125,131212,0,0,0,0,0.09658
609,3,1,77645,19837,16666,57808,109109,0,0,0,0,0.145455
630,1,1,94997,24839,21164,70158,136399,0,0,0,0,0.188434
631,3,1,92327,24422,20572,67905,134880,0,0,0,0,0.113797
634,3,1,106895,28524,24282,78371,156748,0,0,0,0,0.0788841
639,3,1,101950,27035,23126,74915,148706,0,0,0,0,0.082379
640,1,1,94972,24788,21130,70184,136042,0,0,0,0,0.205917
641,3,1,92225,24372,20557,67853,134538,0,0,0,0,0.09089
644,3,1,106977,28521,24304,78456,156656,0,0,0,0,0.105713
649,3,1,101758,26969,23097,74789,148310,0,0,0,0,0.0871761
650,1,1,95001,24787,21133,70214,136023,0,0,0,0,0.195593
651,3,1,115606,31632,26850,83974,175350,0,0,0,0,0.0992306
654,3,1,121757,33252,28762,88505,183209,0,0,0,0,0.123305
659,3,1,94494,24716,20809,69778,135846,0,0,0,0,0.128417
660,3,1,92907,24675,20634,68232,136645,0,0,0,0,0.0975236
661,3,1,104014,27937,23824,76077,154376,0,0,0,0,0.0849453
662,6,1,102498,27521,23616,74977,152444,0,0,0,0,0.0919419
664,3,1,112573,30204,26089,82369,165703,0,0,0,0,0.115831
665,6,1,108736,29150,25045,79586,160960,0,0,0,0,0.108162
668,6,1,103216,27712,23563,75504,153138,0,0,0,0,0.120657
669,3,1,97420,25686,21632,71734,141371,0,0,0,0,0.197587
690,1,1,82468,21198,17968,61270,116481,0,0,0,0,0.174888
691,3,1,74606,19190,16274,55416,105659,0,0,0,0,0.119072
694,3,1,93057,24518,20658,68539,134977,0,0,0,0,0.13666
699,3,1,99713,25937,22288,73776,141908,0,0,0,0,0.117039
700,1,1,82440,21193,17967,61247,116451,0,0,0,0,0.218024
701,3,1,88604,23351,20196,65253,128739,0,0,0,0,0.0928175
704,3,1,94647,25319,21601,69328,140182,0,0,0,0,0.130326
709,3,1,95747,25275,21431,70472,139427,0,0,0,0,0.0870796
710,3,1,85169,22219,18721,62950,122492,0,0,0,0,0.140265
711,3,1,100098,26609,22606,73489,147024,0,0,0,0,0.0898247
714,3,1,103931,27729,23695,76202,153191,0,0,0,0,0.092458
715,6,1,109420,29368,25187,80052,162643,0,0,0,0,0.0800673
718,6,1,106481,28657,24447,77824,158298,0,0,0,0,0.0745537
719,3,1,110774,29529,25078,81245,162235,0,0,0,0,0.121824
722,6,1,94488,24913,21247,69575,137937,0,0,0,0,0.106864
740,1,1,82465,21203,17974,61262,116511,0,0,0,0,0.213576
741,3,1,99806,26591,23313,73215,146162,0,0,0,0,0.12397
744,3,1,95132,25346,21792,69786,139999,0,0,0,0,0.0897553
749,3,1,87191,22969,19474,64222,126914,0,0,0,0,0.110389
750,3,1,85179,22227,18712,62952,122559,0,0,0,0,0.12174
751,3,1,109026,29133,25187,79893,160516,0,0,0,0,0.0891676
754,3,1,107415,28888,24605,78527,160162,0,0,0,0,0.0781617
759,3,1,97403,25816,21839,71587,142179,0,0,0,0,0.103673
762,6,1,102760,27258,23602,75502,150384,0,0,0,0,0.102542
765,6,1,109962,29517,25277,80445,163454,0,0,0,0,0.070099
768,6,1,99378,26532,22414,72846,146750,0,0,0,0,0.0732701
780,3,1,105276,27745,23839,77531,152142,0,0,0,0,0.0936237
781,3,1,105586,27846,23903,77740,152756,0,0,0,0,0.090491
784,3,1,108827,29185,25041,79642,160731,0,0,0,0,0.109041
789,3,1,93256,24565,20515,68691,135522,0,0,0,0,0.137469
802,6,1,103788,27566,23663,76222,152303,0,0,0,0,0.135174
805,6,1,113372,30765,26318,82607,170159,0,0,0,0,0.0996396
808,6,1,103803,28147,23877,75656,156092,0,0,0,0,0.106502
830,3,1,87665,22816,19405,64849,125279,0,0,0,0,0.132131
831,3,1,87802,22852,19415,64950,125483,0,0,0,0,0.13042
832,3,1,81994,21035,17747,60959,115519,0,0,0,0,0.134938
833,3,1,89580,23395,19982,66185,128735,0,0,0,0,0.197101
834,3,1,106799,28434,24634,78365,156311,0,0,0,0,0.116805
835,3,1,96821,25515,21961,71306,140052,0,0,0,0,0.109624
836,3,1,107026,28804,24789,78222,158945,0,0,0,0,0.109587
837,3,1,88203,23254,19722,64949,128247,0,0,0,0,0.1197
838,3,1,93340,24778,21268,68562,136753,0,0,0,0,0.131644
839,3,1,84502,22213,18625,62289,122630,0,0,0,0,0.142713
840,1,1,69549,17379,14131,52170,95022,0,0,0,0,0.374988
841,3,1,70833,18089,14648,52744,99672,0,0,0,0,0.175844
844,3,1,86818,22697,19020,64121,125177,0,0,0,0,0.180054
849,3,1,79124,20660,17426,58464,113783,0,0,0,0,0.171959
850,1,1,91096,23700,20018,67396,130740,0,0,0,0,0.190546
851,3,1,88816,23495,19761,65321,130321,0,0,0,0,0.0950316
854,3,1,102118,27018,23095,75100,148901,0,0,0,0,0.0858635
859,3,1,98458,26173,22349,72285,144566,0,0,0,0,0.122573
860,1,1,91042,23687,20016,67355,130656,0,0,0,0,0.17419
861,3,1,88732,23475,19762,65257,130201,0,0,0,0,0.109115
864,3,1,102294,27043,23124,75251,148973,0,0,0,0,0.124727
869,3,1,98740,26207,22409,72533,144638,0,0,0,0,0.123242
870,1,1,91039,23686,20022,67353,130644,0,0,0,0,0.209123
871,3,1,109435,29530,24968,79905,163614,0,0,0,0,0.125261
874,3,1,119691,32186,27502,87505,177420,0,0,0,0,0.123736
879,3,1,93227,24344,20502,68883,134151,0,0,0,0,0.145027
880,3,1,85669,22426,18832,63243,123992,0,0,0,0,0.152625
881,3,1,99791,26459,22749,73332,146015,0,0,0,0,0.134111
882,6,1,95769,25184,21561,70585,139375,0,0,0,0,0.126971
884,3,1,109896,29570,25609,80326,163047,0,0,0,0,0.125518
885,6,1,104752,27731,23860,77021,153015,0,0,0,0,0.133481
888,6,1,106395,28117,24303,78278,155075,0,0,0,0,0.137548
889,3,1,95473,24843,21175,70630,136515,0,0,0,0,0.215451
910,1,1,105037,27535,23561,77502,150950,0,0,0,0,0.203217
911,3,1,100394,26645,22873,73749,146762,0,0,0,0,0.115672
914,3,1,113645,30156,25750,83489,165162,0,0,0,0,0.122846
919,3,1,108007,28498,24517,79509,156000,0,0,0,0,0.119509
920,1,1,105121,27544,23565,77577,150949,0,0,0,0,0.217734
921,3,1,100338,26621,22840,73717,146583,0,0,0,0,0.10117
924,3,1,113864,30184,25777,83680,165230,0,0,0,0,0.105179
929,3,1,107741,28353,24458,79388,155024,0,0,0,0,0.100757
930,1,1,105160,27555,23570,77605,151014,0,0,0,0,0.154211
931,3,1,122356,32911,28019,89445,181179,0,0,0,0,0.0837016
934,3,1,129461,34885,29942,94576,191538,0,0,0,0,0.164533
939,3,1,104041,27178,23210,76863,148820,0,0,0,0,0.132826
940,3,1,98350,25747,22051,72603,141193,0,0,0,0,0.113725
941,3,1,110273,29364,25454,80909,161353,0,0,0,0,0.087829
942,6,1,112067,29955,25907,82112,165363,0,0,0,0,0.108305
944,3,1,118159,31664,27573,86495,173191,0,0,0,0,0.100994
945,6,1,119464,32123,27815,87341,177036,0,0,0,0,0.100188
948,6,1,114081,30310,26386,83771,166259,0,0,0,0,0.118171
949,3,1,107065,28080,24156,78985,153762,0,0,0,0,0.133511
970,1,1,76858,19403,16004,57455,106515,0,0,0,0,0.177083
971,3,1,69140,17393,14380,51747,95691,0,0,0,0,0.168397
974,3,1,85768,22504,18796,63264,124353,0,0,0,0,0.123435
979,3,1,86583,22778,19389,63805,126171,0,0,0,0,0.144151
980,1,1,76804,19391,16001,57413,106443,0,0,0,0,0.170006
981,3,1,81502,20769,17678,60733,114263,0,0,0,0,0.117426
984,3,1,95615,25286,21519,70329,139611,0,0,0,0,0.11083
989,3,1,95704,25243,21443,70461,139471,0,0,0,0,0.0901611
990,3,1,78873,20220,16763,58653,111439,0,0,0,0,0.156413
991,3,1,90387,23596,19912,66791,130455,0,0,0,0,0.106854
994,3,1,99373,26238,22354,73135,144673,0,0,0,0,0.0867628
995,6,1,103522,27679,23633,75843,153172,0,0,0,0,0.10355
998,6,1,102256,27226,23350,75030,150458,0,0,0,0,0.0891277
999,3,1,97939,25838,21967,72101,142454,0,0,0,0,0.0918554
1002,6,1,83871,21587,18101,62284,119385,0,0,0,0,0.122167
1020,1,1,76885,19413,16011,57472,106575,0,0,0,0,0.203775
1021,3,1,93633,24660,21347,68973,136110,0,0,0,0,0.114638
1024,3,1,108096,28854,24842,79242,159109,0,0,0,0,0.0967971
1029,3,1,105940,27942,23704,77998,153437,0,0,0,0,0.0875261
1030,3,1,78936,20236,16760,58700,111525,0,0,0,0,0.104004
1031,3,1,100803,26577,22817,74226,146194,0,0,0,0,0.0909215
1034,3,1,109688,29377,25297,80311,162139,0,0,0,0,0.0911422
1039,3,1,103577,27427,23110,76150,150971,0,0,0,0,0.0809425
1042,6,1,93365,24518,20806,68847,135778,0,0,0,0,0.108494
1045,6,1,112065,30315,25847,81750,167705,0,0,0,0,0.0797489
1048,6,1,108304,29021,24819,79283,160188,0,0,0,0,0.0848401
1060,3,1,97663,25697,21813,71966,141612,0,0,0,0,0.0784815
1061,3,1,97920,25764,21872,72156,141978,0,0,0,0,0.0788842
1064,3,1,122375,33007,28622,89368,182020,0,0,0,0,0.0741209
1069,3,1,109180,28977,24769,80203,159200,0,0,0,0,0.0754583
1082,6,1,96579,25169,21275,71410,138780,0,0,0,0,0.0896841
1085,6,1,113330,30579,26337,82751,169727,0,0,0,0,0.063019
1088,6,1,110961,29781,25454,81180,165172,0,0,0,0,0.0656613
1110,3,1,80464,20633,17408,59831,113347,0,0,0,0,0.0912318
1111,3,1,80758,20700,17452,60058,113703,0,0,0,0,0.0904947
1112,3,1,75819,19182,15975,56637,105565,0,0,0,0,0.101576
1113,3,1,82752,21149,17799,61603,116138,0,0,0,0,0.140195
1114,3,1,102418,27290,23326,75128,150421,0,0,0,0,0.0830195
1115,3,1,99489,26359,22500,73130,145567,0,0,0,0,0.0770245
1116,3,1,96434,25604,22053,70830,141419,0,0,0,0,0.0788158
1117,3,1,94360,24760,21221,69600,136129,0,0,0,0,0.0908652
1118,3,1,94899,25215,21439,69684,139441,0,0,0,0,0.0886018
1119,3,1,92898,24485,20520,68413,134856,0,0,0,0,0.0906513
1120,1,1,69698,17514,14230,52184,96096,0,0,0,0,0.172087
1121,3,1,72448,18615,15568,53833,102631,0,0,0,0,0.0998304
1124,3,1,91992,24484,20698,67508,135063,0,0,0,0,0.0824745
1129,3,1,75804,19436,16344,56368,106937,0,0,0,0,0.095664
1130,1,1,84835,21680,18302,63155,118970,0,0,0,0,0.168273
1131,3,1,84731,22049,18732,62682,121660,0,0,0,0,0.137338
1134,3,1,102826,27420,23782,75406,150986,0,0,0,0,0.0757197
1139,3,1,86527,22533,19320,63994,124134,0,0,0,0,0.0875654
1140,1,1,79276,20237,16817,59039,111438,0,0,0,0,0.139695
1141,3,1,79126,20444,16902,58682,113119,0,0,0,0,0.0891407
1144,3,1,90991,24150,20108,66841,133834,0,0,0,0,0.0829792
1149,3,1,101402,27361,23304,74041,152051,0,0,0,0,0.0746585
1150,1,1,79254,20234,16818,59020,111424,0,0,0,0,0.147261
1151,3,1,95981,25528,21846,70453,141864,0,0,0,0,0.0712621
1154,3,1,94928,25272,21357,69656,140404,0,0,0,0,0.0750821
1159,3,1,94987,25241,21660,69746,139824,0,0,0,0,0.0718046
1160,3,1,82240,21426,18100,60814,118515,0,0,0,0,0.0791717
1161,3,1,101111,26812,22652,74299,148089,0,0,0,0,0.0725873
1162,6,1,82353,21264,18059,61089,117770,0,0,0,0,0.0749323
1164,3,1,91876,24136,20711,67740,133314,0,0,0,0,0.0765163
1165,6,1,104252,28202,24018,76050,157253,0,0,0,0,0.069648
1168,6,1,100225,26540,22629,73685,146917,0,0,0,0,0.0778483
1169,3,1,103199,27197,23247,76002,149815,0,0,0,0,0.151908
1190,1,1,98062,25319,21772,72743,138179,0,0,0,0,0.224867
1191,3,1,96893,25020,21338,71873,136636,0,0,0,0,0.128851
1194,3,1,112857,29911,26019,82946,163188,0,0,0,0,0.11189
1199,3,1,98709,25656,22102,73053,140310,0,0,0,0,0.121437
1200,1,1,88106,22842,19179,65264,125926,0,0,0,0,0.185954
1201,3,1,87210,22900,19037,64310,127121,0,0,0,0,0.13131
1204,3,1,96627,25604,21169,71023,141092,0,0,0,0,0.0992483
1209,3,1,108915,29102,25101,79813,160608,0,0,0,0,0.0743515
1210,1,1,88113,22834,19183,65279,125845,0,0,0,0,0.136017
1211,3,1,105756,28425,24417,77331,157867,0,0,0,0,0.0725139
1214,3,1,102817,27626,23444,75191,153145,0,0,0,0,0.0751828
1219,3,1,101526,26933,23164,74593,148494,0,0,0,0,0.0699214
1220,3,1,93290,24708,20966,68582,136754,0,0,0,0,0.0769701
1221,3,1,108536,28899,24580,79637,159128,0,0,0,0,0.0739225
1222,6,1,95022,25049,21434,69973,139085,0,0,0,0,0.0736568
1224,3,1,98928,25891,22401,73037,141855,0,0,0,0,0.0713578
1225,6,1,113041,30547,26280,82494,169218,0,0,0,0,0.0623009
1228,6,1,106241,28258,24206,77983,155906,0,0,0,0,0.0707364
1229,3,1,113438,29834,25382,83604,163075,0,0,0,0,0.0866972
1250,1,1,85849,22267,18949,63582,122750,0,0,0,0,0.198229
1251,3,1,80716,20882,17632,59834,115174,0,0,0,0,0.144754
1254,3,1,97298,25812,22069,71486,142048,0,0,0,0,0.127838
1259,3,1,97663,26307,22356,71356,145279,0,0,0,0,0.0906869
1260,1,1,85832,22264,18939,63568,122754,0,0,0,0,0.15511
1261,3,1,95756,25321,21731,70435,140050,0,0,0,0,0.0792069
1264,3,1,106645,28953,24634,77692,161399,0,0,0,0,0.0834748
1269,3,1,105065,28381,24245,76684,157857,0,0,0,0,0.0808848
1270,3,1,95114,25217,21607,69897,139579,0,0,0,0,0.09254
1271,3,1,93890,24371,20766,69519,133028,0,0,0,0,0.0805923
1274,3,1,102368,27273,23436,75095,150564,0,0,0,0,0.0766255
1275,6,1,110428,29928,25702,80500,166453,0,0,0,0,0.0721972
1278,6,1,107233,28637,24411,78596,158492,0,0,0,0,0.0761355
1279,3,1,92913,24311,20652,68602,133945,0,0,0,0,0.108049
1282,6,1,93998,24347,21046,69651,133893,0,0,0,0,0.0819243
1300,1,1,70573,17499,14551,53074,95475,0,0,0,0,0.244779
1301,3,1,82268,21148,18030,61120,116069,0,0,0,0,0.124539
1304,3,1,92441,24561,20874,67880,135954,0,0,0,0,0.121296
1309,3,1,86404,22596,19215,63808,124780,0,0,0,0,0.115692
1310,3,1,77422,19826,16602,57596,109074,0,0,0,0,0.143722
1311,3,1,89770,23600,20063,66170,130385,0,0,0,0,0.0915044
1314,3,1,97990,26084,22232,71906,144716,0,0,0,0,0.0848465
1319,3,1,92962,24561,20762,68401,136041,0,0,0,0,0.0816567
1322,6,1,98823,26510,22508,72313,147219,0,0,0,0,0.0776909
1325,6,1,107112,29121,25082,77991,161997,0,0,0,0,0.0812904
1328,6,1,112596,30688,26626,81908,170579,0,0,0,0,0.0820321
1340,3,1,95780,25048,21177,70732,138037,0,0,0,0,0.153593
1341,3,1,110950,29696,25295,81254,163252,0,0,0,0,0.116531
1344,3,1,107802,28903,24795,78899,160083,0,0,0,0,0.0799541
1349,3,1,99449,26273,22379,73176,144971,0,0,0,0,0.085773
1362,6,1,94575,25115,21549,69460,139179,0,0,0,0,0.107322
1365,6,1,105200,28392,24559,76808,157646,0,0,0,0,0.0864901
1368,6,1,111296,30193,25940,81103,167888,0,0,0,0,0.0861762
1390,3,1,83502,21471,18320,62031,117787,0,0,0,0,0.141698
1391,3,1,115183,30687,26597,84496,168478,0,0,0,0,0.0869614
1392,3,1,100694,26027,22310,74667,141415,0,0,0,0,0.0891213
1393,3,1,94498,24833,21332,69665,137090,0,0,0,0,0.104846
1394,3,1,104759,28097,24298,76662,155463,0,0,0,0,0.0814717
1395,3,1,109366,29057,25045,80309,159501,0,0,0,0,0.0831615
1396,3,1,101794,26653,23134,75141,146229,0,0,0,0,0.0858542
1397,3,1,111148,28927,25243,82221,157499,0,0,0,0,0.0836078
1398,3,1,114401,30445,26389,83956,166835,0,0,0,0,0.0917781
1399,3,1,95131,25216,21541,69915,139231,0,0,0,0,0.101131
1400,1,1,69670,17506,14228,52164,96048,0,0,0,0,0.211324
1401,3,1,72469,18619,15569,53850,102655,0,0,0,0,0.128725
1404,3,1,92152,24500,20712,67652,135070,0,0,0,0,0.0827329
1409,3,1,75764,19427,16345,56337,106883,0,0,0,0,0.13539
1410,1,1,84795,21655,18284,63140,118779,0,0,0,0,0.148259
1411,3,1,84689,22038,18721,62651,121590,0,0,0,0,0.0967284
1414,3,1,103008,27461,23825,75547,151200,0,0,0,0,0.0782225
1419,3,1,86622,22544,19336,64078,124140,0,0,0,0,0.086184
1420,1,1,79293,20241,16813,59052,111464,0,0,0,0,0.192543
1421,3,1,79100,20438,16901,58662,113087,0,0,0,0,0.125239
1424,3,1,90964,24142,20105,66822,133784,0,0,0,0,0.0815833
1429,3,1,101324,27339,23281,73985,151922,0,0,0,0,0.0747257
1430,1,1,79228,20227,16812,59001,111384,0,0,0,0,0.137709
1431,3,1,106035,28236,24290,77799,155912,0,0,0,0,0.0770117
1434,3,1,97350,26121,22043,71229,145550,0,0,0,0,0.0992963
1439,3,1,90168,23870,20256,66298,132402,0,0,0,0,0.116923
1440,3,1,82209,21420,18092,60789,118485,0,0,0,0,0.120405
1441,3,1,110266,29484,25195,80782,162613,0,0,0,0,0.116626
1442,6,1,90037,23469,20028,66568,129899,0,0,0,0,0.125078
1444,3,1,93632,24541,20992,69091,135659,0,0,0,0,0.109719
1445,6,1,104959,28562,24347,76397,159825,0,0,0,0,0.0664715
1448,6,1,94699,24994,21006,69705,138738,0,0,0,0,0.0918965
1449,3,1,92215,24201,20499,68014,133899,0,0,0,0,0.114055
1470,1,1,98142,25327,21791,72815,138203,0,0,0,0,0.144486
1471,3,1,96801,25005,21332,71796,136574,0,0,0,0,0.117381
1474,3,1,112796,29875,26022,82921,162937,0,0,0,0,0.0783027
1479,3,1,98775,25670,22126,73105,140369,0,0,0,0,0.0835033
1480,1,1,88141,22850,19187,65291,125974,0,0,0,0,0.147944
1481,3,1,87285,22912,19049,64373,127171,0,0,0,0,0.130428
1484,3,1,96677,25615,21186,71062,141158,0,0,0,0,0.0858645
1489,3,1,108724,29063,25074,79661,160413,0,0,0,0,0.0781549
1490,1,1,88112,22832,19199,65280,125813,0,0,0,0,0.160761
1491,3,1,115516,31240,27104,84276,172697,0,0,0,0,0.101971
1494,3,1,104790,28285,24138,76505,157066,0,0,0,0,0.101196
1499,3,1,96867,25540,21806,71327,140843,0,0,0,0,0.0752283
1500,3,1,93269,24710,20958,68559,136759,0,0,0,0,0.0813649
1501,3,1,117710,31647,27087,86063,174152,0,0,0,0,0.0756679
1502,6,1,101386,26834,22999,74552,148741,0,0,0,0,0.0770154
1504,3,1,102497,26789,23127,75708,146839,0,0,0,0,0.0949559
1505,6,1,114896,31296,26963,83600,174222,0,0,0,0,0.08152
1508,6,1,99670,26491,22617,73179,146807,0,0,0,0,0.103471
1509,3,1,101666,26615,22621,75051,146128,0,0,0,0,0.0917972
1530,1,1,85842,22266,18947,63576,122743,0,0,0,0,0.176176
1531,3,1,80688,20873,17625,59815,115113,0,0,0,0,0.129741
1534,3,1,97257,25798,22067,71459,141964,0,0,0,0,0.113794
1539,3,1,97622,26292,22349,71330,145171,0,0,0,0,0.10759
1540,1,1,85901,22276,18953,63625,122815,0,0,0,0,0.142748
1541,3,1,113071,30447,26180,82624,168077,0,0,0,0,0.073143
1544,3,1,115674,31643,27196,84031,176057,0,0,0,0,0.0747859
1549,3,1,113521,30997,26623,82524,172365,0,0,0,0,0.0747305
1550,3,1,95127,25221,21604,69906,139601,0,0,0,0,0.0806003
1551,3,1,106955,27975,23934,78980,151958,0,0,0,0,0.0738806
1554,3,1,113004,30331,26110,82673,167481,0,0,0,0,0.0712452
1555,6,1,115108,31283,27067,83825,173450,0,0,0,0,0.0638253
1558,6,1,113374,30398,25989,82976,167641,0,0,0,0,0.0620221
1559,3,1,101509,26697,22557,74812,146939,0,0,0,0,0.0743587
1562,6,1,102862,27104,23433,75758,149669,0,0,0,0,0.0766174
1580,1,1,70597,17505,14553,53092,95511,0,0,0,0,0.249774
1581,3,1,87079,22505,19027,64574,123940,0,0,0,0,0.129171
1584,3,1,93529,24764,21123,68765,137150,0,0,0,0,0.182913
1589,3,1,89973,23500,19943,66473,129705,0,0,0,0,0.116171
1590,3,1,77421,19825,16602,57596,109068,0,0,0,0,0.141313
1591,3,1,90838,23769,20228,67069,131068,0,0,0,0,0.0963327
1594,3,1,97906,26110,22276,71796,144895,0,0,0,0,0.083698
1599,3,1,94404,25041,21279,69363,138882,0,0,0,0,0.0796586
1602,6,1,103156,27522,23579,75634,152686,0,0,0,0,0.0799636
1605,6,1,109215,29640,25690,79575,164721,0,0,0,0,0.0784015
1608,6,1,113448,31114,27166,82334,173285,0,0,0,0,0.0811773
1620,3,1,95855,25054,21177,70801,138033,0,0,0,0,0.127644
1621,3,1,110767,29650,25261,81117,162996,0,0,0,0,0.106313
1624,3,1,107736,28893,24789,78843,160038,0,0,0,0,0.0770233
1629,3,1,99482,26293,22396,73189,145100,0,0,0,0,0.0739845
1642,6,1,86922,22718,19193,64204,125561,0,0,0,0,0.0793356
1645,6,1,99027,26576,22907,72451,147613,0,0,0,0,0.0696793
1648,6,1,105373,28460,24297,76913,158681,0,0,0,0,0.0728867
1670,3,1,83497,21473,18321,62024,117811,0,0,0,0,0.128278
1671,3,1,114705,30569,26490,84136,167865,0,0,0,0,0.0768
1672,3,1,90208,23182,19649,67026,126421,0,0,0,0,0.0820589
1673,3,1,82407,21098,17840,61309,116251,0,0,0,0,0.0949421
1674,3,1,104611,28065,24253,76546,155291,0,0,0,0,0.074003
1675,3,1,100374,26605,22687,73769,146695,0,0,0,0,0.07679
1676,3,1,93327,24271,20886,69056,133767,0,0,0,0,0.079785
1677,3,1,103259,26988,23204,76271,148255,0,0,0,0,0.0765342
1678,3,1,106268,27972,23958,78296,153432,0,0,0,0,0.0761122
1679,3,1,95028,25192,21534,69836,139105,0,0,0,0,0.0792769
1680,1,1,69655,17503,14228,52152,96030,0,0,0,0,0.190496
1681,3,1,82739,21586,18130,61153,119317,0,0,0,0,0.102814
1684,3,1,94762,24797,21212,69965,135981,0,0,0,0,0.0943096
1689,3,1,69377,17422,14397,51955,95809,0,0,0,0,0.11301
1690,1,1,84817,21659,18285,63158,118802,0,0,0,0,0.146898
1691,3,1,97063,25767,22057,71296,142560,0,0,0,0,0.0867475
1694,3,1,108083,28833,24846,79250,158915,0,0,0,0,0.0849687
1699,3,1,82702,21052,17661,61650,115695,0,0,0,0,0.121003
1700,1,1,79267,20234,16811,59033,111424,0,0,0,0,0.149987
1701,3,1,90553,23491,19800,67062,129836,0,0,0,0,0.0871604
1704,3,1,89157,23331,19538,65826,129145,0,0,0,0,0.0827614
1709,3,1,94075,24899,21139,69176,137564,0,0,0,0,0.0758534
1710,1,1,79245,20231,16809,59014,111410,0,0,0,0,0.143186
1711,3,1,100065,26372,22624,73693,145755,0,0,0,0,0.0796772
1714,3,1,92681,24665,20877,68016,137198,0,0,0,0,0.0792476
1719,3,1,86792,22830,19173,63962,126450,0,0,0,0,0.079054
1720,3,1,96144,25549,21832,70595,141600,0,0,0,0,0.0784524
1721,3,1,107554,28561,24512,78993,157398,0,0,0,0,0.118982
1722,6,1,90363,23585,20001,66778,130782,0,0,0,0,0.0846301
1724,3,1,98462,26106,22017,72356,144474,0,0,0,0,0.0853652
1725,6,1,96924,25999,22040,70925,145047,0,0,0,0,0.0673446
1728,6,1,94633,25134,21142,69499,139629,0,0,0,0,0.0713891
1729,3,1,88572,23392,19650,65180,129776,0,0,0,0,0.0978767
1750,1,1,98181,25336,21797,72845,138252,0,0,0,0,0.153809
1751,3,1,109225,28914,24845,80311,158881,0,0,0,0,0.0826625
1754,3,1,118443,31526,27229,86917,172602,0,0,0,0,0.0815948
1759,3,1,94182,24179,20434,70003,132263,0,0,0,0,0.0995074
1760,1,1,88142,22849,19207,65293,125950,0,0,0,0,0.148626
1761,3,1,99462,26123,22054,73339,144614,0,0,0,0,0.117535
1764,3,1,97327,25689,21632,71638,141849,0,0,0,0,0.0860664
1769,3,1,100276,26431,22750,73845,145136,0,0,0,0,0.0802477
1770,1,1,88147,22839,19206,65308,125853,0,0,0,0,0.141022
1771,3,1,109906,29395,25366,80511,162793,0,0,0,0,0.0788216
1774,3,1,101251,27046,22978,74205,149984,0,0,0,0,0.0847807
1779,3,1,92034,24105,20589,67929,132730,0,0,0,0,0.103505
1780,3,1,107705,28799,24555,78906,159287,0,0,0,0,0.0744653
1781,3,1,112155,30030,25918,82125,165300,0,0,0,0,0.0751853
1782,6,1,100135,26526,22577,73609,146975,0,0,0,0,0.0851654
1784,3,1,107503,28620,24536,78883,157610,0,0,0,0,0.0803321
1785,6,1,105639,28502,24553,77137,158226,0,0,0,0,0.0633995
1788,6,1,98226,26063,22120,72163,144340,0,0,0,0,0.0677843
1789,3,1,95219,24907,21053,70312,136801,0,0,0,0,0.0976228
1810,1,1,85921,22276,18957,63645,122776,0,0,0,0,0.17201
1811,3,1,92035,24030,20520,68005,132691,0,0,0,0,0.0853755
1814,3,1,102301,27131,23094,75170,149976,0,0,0,0,0.0827678
1819,3,1,104751,28317,24023,76434,157853,0,0,0,0,0.0803915
1820,1,1,85904,22273,18949,63631,122782,0,0,0,0,0.150156
1821,3,1,105262,28237,24519,77025,156465,0,0,0,0,0.0838307
1824,3,1,113861,30750,26390,83111,170547,0,0,0,0,0.0796851
1829,3,1,114478,31107,26585,83371,173128,0,0,0,0,0.0794474
1830,3,1,115591,30780,26446,84811,169089,0,0,0,0,0.0779191
1831,3,1,115380,30711,26455,84669,168675,0,0,0,0,0.0802853
1834,3,1,128652,34598,29921,94054,189771,0,0,0,0,0.0795087
1835,6,1,112911,30784,26251,82127,171414,0,0,0,0,0.063075
1838,6,1,112796,30777,26131,82019,171625,0,0,0,0,0.0657351
1839,3,1,115340,30538,25988,84802,167207,0,0,0,0,0.0823614
1842,6,1,95837,25024,21303,70813,137902,0,0,0,0,0.0935312
1860,1,1,70595,17506,14553,53089,95517,0,0,0,0,0.243634
1861,3,1,82147,21179,17732,60968,116743,0,0,0,0,0.127107
1864,3,1,87805,22956,19346,64849,126710,0,0,0,0,0.124935
1869,3,1,89006,23515,19766,65491,130322,0,0,0,0,0.122475
1870,3,1,93265,24288,20669,68977,133948,0,0,0,0,0.135303
1871,3,1,101878,26831,22837,75047,147837,0,0,0,0,0.0860679
1874,3,1,101859,26975,22923,74884,149132,0,0,0,0,0.0749454
1879,3,1,104754,27692,23930,77062,152329,0,0,0,0,0.076226
1882,6,1,94706,25075,21311,69631,139461,0,0,0,0,0.077503
1885,6,1,103546,28018,24033,75528,156343,0,0,0,0,0.0754795
1888,6,1,102297,27745,23750,74552,155068,0,0,0,0,0.0764098
1900,3,1,107993,28296,24211,79697,155561,0,0,0,0,0.126262
1901,3,1,115979,30401,26248,85578,165772,0,0,0,0,0.0833697
1904,3,1,113219,30105,25764,83114,166083,0,0,0,0,0.0777397
1909,3,1,104694,27684,23922,77010,152307,0,0,0,0,0.0758447
1922,6,1,94012,24845,21194,69167,137752,0,0,0,0,0.0962889
1925,6,1,104313,28115,24267,76198,156456,0,0,0,0,0.0845407
1928,6,1,108197,29482,25500,78715,164476,0,0,0,0,0.0730954
1950,3,1,78534,19879,16584,58655,109178,0,0,0,0,0.141709
1951,3,1,100499,26236,22370,74263,144200,0,0,0,0,0.0852477
1952,3,1,88050,22779,19180,65271,125552,0,0,0,0,0.0888221
1953,3,1,74478,19029,15802,55449,105102,0,0,0,0,0.102587
1954,3,1,92207,24517,20824,67690,136574,0,0,0,0,0.0805187
1955,3,1,91075,24068,20429,67007,133605,0,0,0,0,0.0784879
1956,3,1,84913,22024,18546,62889,121751,0,0,0,0,0.0881896
1957,3,1,95029,24735,21156,70294,136119,0,0,0,0,0.0832368
1958,3,1,95533,25310,21449,70223,140089,0,0,0,0,0.0972326
1959,3,1,83417,21871,18353,61546,121266,0,0,0,0,0.0837712
1960,3,1,59877,14822,12243,45055,81306,0,0,0,0,0.11762
1961,3,1,74926,19041,15980,55885,104731,0,0,0,0,0.100616
1962,6,1,76970,19638,16321,57332,108108,0,0,0,0,0.0923537
1964,3,1,88825,22953,19513,65872,126111,0,0,0,0,0.0942916
1965,6,1,86323,22596,19063,63727,125124,0,0,0,0,0.0923021
1968,6,1,87270,22692,19127,64578,125030,0,0,0,0,0.0935011
1969,3,1,72973,18388,15324,54585,100785,0,0,0,0,0.147975
1970,3,1,74816,18975,15985,55841,104199,0,0,0,0,0.105577
1971,3,1,86707,22407,18912,64300,123702,0,0,0,0,0.0866624
1972,6,1,88242,22936,19458,65306,126803,0,0,0,0,0.0805213
1974,3,1,95583,24844,21249,70739,136552,0,0,0,0,0.0821029
1975,6,1,97092,25561,21809,71531,141336,0,0,0,0,0.0781665
1978,6,1,98709,25891,22029,72818,142667,0,0,0,0,0.0840521
1979,3,1,87519,22540,19226,64979,123970,0,0,0,0,0.138572
1980,3,1,75650,19309,16154,56341,106359,0,0,0,0,0.0926043
1981,3,1,88693,23016,19474,65677,127113,0,0,0,0,0.0871417
1982,6,1,87108,22960,19652,64148,127757,0,0,0,0,0.0746048
1984,3,1,90191,23739,20168,66452,131516,0,0,0,0,0.0853711
1985,6,1,97257,26081,22136,71176,145482,0,0,0,0,0.0652867
1988,6,1,97293,26062,22125,71231,144834,0,0,0,0,0.0694677
1989,3,1,101142,26564,22856,74578,145960,0,0,0,0,0.101106
1990,3,1,75650,19309,16153,56341,106359,0,0,0,0,0.0973243
1991,3,1,97795,25661,21961,72134,141630,0,0,0,0,0.0784272
1992,6,1,98142,26302,22519,71840,146507,0,0,0,0,0.0744729
1994,3,1,94379,25000,21171,69379,138585,0,0,0,0,0.0845412
1995,6,1,102773,27559,23206,75214,153921,0,0,0,0,0.0657458
1998,6,1,89365,23725,20148,65640,131903,0,0,0,0,0.066393
1999,3,1,91779,24011,20481,67768,132272,0,0,0,0,0.0843839
2000,3,1,92399,24102,20586,68297,133192,0,0,0,0,0.0777934
2001,3,1,101148,26406,22971,74742,144816,0,0,0,0,0.0727535
2002,6,1,93233,24662,21146,68571,136945,0,0,0,0,0.0761605
2004,3,1,96601,25590,21763,71011,141468,0,0,0,0,0.0854385
2005,6,1,105353,28261,23913,77092,157474,0,0,0,0,0.0814357
2008,6,1,101440,27163,22879,74277,151332,0,0,0,0,0.0734743
2009,3,1,88241,23144,19538,65097,127916,0,0,0,0,0.106569
2010,6,1,79979,20881,17463,59098,116079,0,0,0,0,0.11524
2011,6,1,88715,23345,19566,65370,129843,0,0,0,0,0.0999556
2012,6,1,92570,24164,20631,68406,133714,0,0,0,0,0.0865229
2013,6,1,80029,20551,17413,59478,113645,0,0,0,0,0.174645
2014,6,1,100351,26673,22570,73678,148326,0,0,0,0,0.0855942
2015,6,1,94894,25356,21634,69538,141104,0,0,0,0,0.0741057
2016,6,1,103604,28028,23865,75576,156348,0,0,0,0,0.079584
2017,6,1,93912,24845,21212,69067,137074,0,0,0,0,0.0750038
2018,6,1,90742,24110,20405,66632,134084,0,0,0,0,0.119141
2019,6,1,82530,21655,17905,60875,120178,0,0,0,0,0.0989152
2030,3,1,88630,22864,19475,65766,125351,0,0,0,0,0.0965775
2031,3,1,100182,26018,22352,74164,142474,0,0,0,0,0.0817415
2032,6,1,102299,26943,23287,75356,148370,0,0,0,0,0.0914199
2034,3,1,106093,27751,23932,78342,151392,0,0,0,0,0.0929332
2035,6,1,110613,29401,25497,81212,161765,0,0,0,0,0.130311
2038,6,1,108050,28566,24560,79484,156813,0,0,0,0,0.0896628
2039,3,1,101555,26325,22683,75230,143806,0,0,0,0,0.138231
2040,3,1,86778,22694,19145,64084,125661,0,0,0,0,0.0967506
2041,3,1,96080,25216,21536,70864,139201,0,0,0,0,0.082487
2042,6,1,96660,25797,22159,70863,143557,0,0,0,0,0.0743841
2044,3,1,100266,26334,22583,73932,144397,0,0,0,0,0.0879453
2045,6,1,108504,29188,25001,79316,162025,0,0,0,0,0.0920151
2048,6,1,103097,27592,23589,75505,152529,0,0,0,0,0.079498
2049,3,1,109825,28707,24684,81118,156383,0,0,0,0,0.122676
2050,3,1,86761,22691,19147,64070,125646,0,0,0,0,0.092031
2051,3,1,107494,28468,24437,79026,156888,0,0,0,0,0.0787911
2052,6,1,106832,28894,24825,77938,160844,0,0,0,0,0.0727043
2054,3,1,106673,28210,24068,78463,155262,0,0,0,0,0.0822934
2055,6,1,110965,29903,25587,81062,166541,0,0,0,0,0.0688449
2058,6,1,95081,25278,21719,69803,140049,0,0,0,0,0.0740397
2059,3,1,99703,26154,22421,73549,143305,0,0,0,0,0.102912
2060,3,1,101887,26839,23035,75048,148295,0,0,0,0,0.0746931
2061,3,1,110713,29317,25357,81396,161199,0,0,0,0,0.0759506
2062,6,1,105399,28577,24501,76822,158962,0,0,0,0,0.0751248
2064,3,1,109621,29152,25048,80469,160381,0,0,0,0,0.083012
2065,6,1,116778,31479,27048,85299,174638,0,0,0,0,0.0643681
2068,6,1,108429,29103,24666,79326,161611,0,0,0,0,0.0666952
2069,3,1,94602,24696,20993,69906,135291,0,0,0,0,0.0868565
2070,6,1,89239,23487,19693,65752,130614,0,0,0,0,0.111112
2071,6,1,94610,25083,21232,69527,139157,0,0,0,0,0.0773187
2072,6,1,92493,24146,20625,68347,133627,0,0,0,0,0.083299
2073,6,1,91812,24064,20218,67748,133389,0,0,0,0,0.124177
2074,6,1,107391,28866,24744,78525,160441,0,0,0,0,0.0745094
2075,6,1,102955,27537,23633,75418,152435,0,0,0,0,0.0974026
2076,6,1,113868,31083,26621,82785,173090,0,0,0,0,0.117406
2077,6,1,93759,24811,21204,68948,136893,0,0,0,0,0.0766008
2078,6,1,98132,26341,22468,71791,146232,0,0,0,0,0.0823401
2079,6,1,87235,22949,19070,64286,126897,0,0,0,0,0.0893318
2090,3,1,88425,23130,19490,65295,127806,0,0,0,0,0.0945452
2091,3,1,91387,23683,20074,67704,129458,0,0,0,0,0.0968593
2092,6,1,96165,25282,21754,70883,139829,0,0,0,0,0.111705
2094,3,1,91616,24117,20469,67499,133152,0,0,0,0,0.0788134
2095,6,1,103620,28185,23784,75435,157426,0,0,0,0,0.0640388
2098,6,1,102481,27830,23702,74651,155454,0,0,0,0,0.0639037
2099,3,1,101638,27117,23244,74521,149754,0,0,0,0,0.0705286
2100,3,1,88388,23116,19477,65272,127723,0,0,0,0,0.0917351
2101,3,1,101770,26337,22511,75433,143438,0,0,0,0,0.0763057
2102,6,1,106931,28575,24771,78356,158330,0,0,0,0,0.070918
2104,3,1,100603,26786,22775,73817,147873,0,0,0,0,0.0711863
2105,6,1,112179,30712,26136,81467,171362,0,0,0,0,0.0649684
2108,6,1,108542,29465,25092,79077,164078,0,0,0,0,0.0630105
2109,3,1,108957,28901,24690,80056,158510,0,0,0,0,0.068986
2110,3,1,109949,28777,24765,81172,157717,0,0,0,0,0.0732515
2111,3,1,109855,28732,24775,81123,157383,0,0,0,0,0.0733349
2112,6,1,105325,27838,23819,77487,153129,0,0,0,0,0.0720651
2114,3,1,113434,30339,26157,83095,166166,0,0,0,0,0.0723639
2115,6,1,116669,31530,26865,85139,174988,0,0,0,0,0.0603961
2118,6,1,117520,31758,27165,85762,176235,0,0,0,0,0.060384
2119,3,1,113237,30185,26101,83052,165045,0,0,0,0,0.0701948
2120,6,1,93779,24507,21114,69272,135718,0,0,0,0,0.0790754
2121,6,1,93733,24500,21106,69233,135684,0,0,0,0,0.0828272
2122,6,1,85444,22122,18833,63322,122468,0,0,0,0,0.0888577
2124,6,1,106441,28821,24504,77620,160000,0,0,0,0,0.0752009
2125,6,1,102926,27926,23455,75000,155952,0,0,0,0,0.0711844
2126,6,1,102296,27820,23139,74476,155339,0,0,0,0,0.0728941
2127,6,1,100543,27227,22833,73316,152167,0,0,0,0,0.0803181
2128,6,1,102881,27888,23335,74993,155523,0,0,0,0,0.0772512
2129,6,1,98420,26250,22113,72170,145118,0,0,0,0,0.0822235
2133,6,1,91549,23847,20219,67702,131805,0,0,0,0,0.124047
2140,3,1,71711,17996,14887,53715,98575,0,0,0,0,0.1773
2141,3,1,75695,19268,16025,56427,106400,0,0,0,0,0.101511
2142,6,1,96453,25414,21638,71039,140441,0,0,0,0,0.0827061
2144,3,1,86295,22357,18757,63938,123579,0,0,0,0,0.0900262
2145,6,1,96948,25704,22017,71244,142581,0,0,0,0,0.101322
2148,6,1,93297,24901,21164,68396,138558,0,0,0,0,0.091821
2149,3,1,95543,24877,21321,70666,136951,0,0,0,0,0.0832107
2150,3,1,87564,22444,18995,65120,123413,0,0,0,0,0.12823
2151,3,1,85332,21821,18416,63511,120096,0,0,0,0,0.0934204
2152,6,1,94260,24514,20744,69746,135540,0,0,0,0,0.0792884
2154,3,1,91862,23758,20242,68104,130700,0,0,0,0,0.0796031
2155,6,1,95877,25476,21894,70401,141859,0,0,0,0,0.0759842
2158,6,1,95412,25523,21721,69889,142274,0,0,0,0,0.0732827
2159,3,1,99653,25990,22416,73663,142464,0,0,0,0,0.0783312
2160,6,1,81269,20867,17637,60402,115208,0,0,0,0,0.122743
2161,6,1,99503,26291,22431,73212,145707,0,0,0,0,0.0765935
2162,6,1,100871,26798,22918,74073,148241,0,0,0,0,0.0818763
2164,6,1,94807,25195,21539,69612,139959,0,0,0,0,0.0703997
2165,6,1,103881,28147,24277,75734,157097,0,0,0,0,0.0757252
2168,6,1,107122,29011,24836,78111,161532,0,0,0,0,0.0732804
2169,6,1,99573,26802,23099,72771,149117,0,0,0,0,0.0779307
2173,6,1,97833,25971,22171,71862,143974,0,0,0,0,0.0828359
2176,6,1,104896,28305,24098,76591,157824,0,0,0,0,0.0744158
2177,6,1,102919,27558,23634,75361,153074,0,0,0,0,0.0734798
2180,3,1,101443,26141,22484,75302,142717,0,0,0,0,0.157603
2181,3,1,94991,24384,20647,70607,133336,0,0,0,0,0.0865978
2182,6,1,94422,24567,20940,69855,135156,0,0,0,0,0.076793
2184,3,1,101437,26439,22753,74998,144947,0,0,0,0,0.0877323
2185,6,1,96811,25804,22366,71007,143362,0,0,0,0,0.0840548
2188,6,1,97191,26018,22406,71173,144676,0,0,0,0,0.0674786
2189,3,1,99304,25906,22332,73398,142006,0,0,0,0,0.0951997
2190,6,1,90950,23635,20042,67315,130421,0,0,0,0,0.117025
2191,6,1,104880,27616,23854,77264,151903,0,0,0,0,0.0723844
2194,6,1,102042,27323,23442,74719,151742,0,0,0,0,0.0682322
2199,6,1,99486,26799,23082,72687,149168,0,0,0,0,0.0708941
2202,6,1,96245,25541,21552,70704,141381,0,0,0,0,0.0847814
2203,6,1,89585,23476,19999,66109,129875,0,0,0,0,0.0783997
2205,6,1,101983,27469,23551,74514,153121,0,0,0,0,0.0718661
2206,6,1,104664,28337,23934,76327,158239,0,0,0,0,0.0732356
2207,6,1,104921,28115,24041,76806,156025,0,0,0,0,0.0705982
2208,6,1,104022,28057,23952,75965,156360,0,0,0,0,0.0998381
2220,6,1,91696,23621,20028,68075,130028,0,0,0,0,0.135429
2221,6,1,110216,29517,25189,80699,162880,0,0,0,0,0.100308
2222,6,1,99844,26527,22528,73317,146635,0,0,0,0,0.110806
2223,6,1,83422,21803,18372,61619,120573,0,0,0,0,0.106253
2224,6,1,107125,29100,25056,78025,162241,0,0,0,0,0.0906742
2225,6,1,106901,28820,24807,78081,160010,0,0,0,0,0.109823
2226,6,1,96816,25583,21590,71233,141789,0,0,0,0,0.0820069
2227,6,1,101508,26991,22892,74517,149231,0,0,0,0,0.0774184
2228,6,1,111301,30337,26361,80964,168597,0,0,0,0,0.0765069
2229,6,1,104690,28480,24467,76210,158810,0,0,0,0,0.108133
2230,3,1,74078,18535,15440,55543,101432,0,0,0,0,0.242435
2231,3,1,102511,26437,22597,76074,144469,0,0,0,0,0.14023
2232,3,1,87260,22216,18775,65044,121404,0,0,0,0,0.199538
2233,3,1,77316,19503,16093,57813,106664,0,0,0,0,0.142098
2234,3,1,91357,24100,20461,67257,133758,0,0,0,0,0.115919
2235,3,1,94772,24784,20897,69988,136844,0,0,0,0,0.130719
2236,3,1,91543,23807,20217,67736,131284,0,0,0,0,0.14458
2237,3,1,98853,25786,22185,73067,141977,0,0,0,0,0.155753
2238,3,1,93800,24635,20886,69165,135846,0,0,0,0,0.124857
2239,3,1,79996,20756,17569,59240,114690,0,0,0,0,0.126097
2800,1,1,81372,20445,17150,60927,111261,0,0,0,0,0.259606
2801,3,1,80248,20424,17194,59824,111599,0,0,0,0,0.148361
2804,3,1,97543,25558,21954,71985,140619,0,0,0,0,0.158244
2809,3,1,90920,24039,20692,66881,132546,0,0,0,0,0.126982
2810,1,1,85831,22181,18875,63650,121721,0,0,0,0,0.153871
2811,3,1,87841,22995,19344,64846,126801,0,0,0,0,0.0960793
2814,3,1,106601,28426,24567,78175,156480,0,0,0,0,0.0838635
2819,3,1,94264,25088,21772,69176,138578,0,0,0,0,0.0899383
2820,1,1,85584,22100,18816,63484,121240,0,0,0,0,0.219134
2821,3,1,87818,22983,19318,64835,126716,0,0,0,0,0.0945095
2824,3,1,106577,28421,24562,78156,156459,0,0,0,0,0.0796745
2829,3,1,94599,25181,21827,69418,139096,0,0,0,0,0.0821751
2830,1,1,85575,22098,18808,63477,121228,0,0,0,0,0.169891
2831,3,1,100861,27125,23119,73736,150402,0,0,0,0,0.0801209
2834,3,1,113091,30294,26108,82797,166928,0,0,0,0,0.0774371
2839,3,1,86050,22428,19206,63622,123756,0,0,0,0,0.0853834
2840,3,1,78000,20254,17357,57746,111592,0,0,0,0,0.0902213
2841,3,1,93724,24854,21419,68870,137576,0,0,0,0,0.0790592
2842,6,1,91818,24292,20758,67526,134294,0,0,0,0,0.0733813
2844,3,1,106492,28549,25069,77943,157282,0,0,0,0,0.0720995
2845,6,1,101232,27014,23090,74218,149518,0,0,0,0,0.072524
2848,6,1,108033,28608,24631,79425,157717,0,0,0,0,0.084248
2849,3,1,90729,23784,20392,66945,130940,0,0,0,0,0.120795
2870,1,1,100245,25970,22474,74275,141502,0,0,0,0,0.126724
2871,3,1,99872,26292,22536,73580,144114,0,0,0,0,0.0761329
2874,3,1,117510,31348,27282,86162,171601,0,0,0,0,0.081922
2879,3,1,106995,28303,24527,78692,154994,0,0,0,0,0.0685999
2880,1,1,100141,25913,22418,74228,141124,0,0,0,0,0.139737
2881,3,1,99707,26229,22507,73478,143716,0,0,0,0,0.0805018
2884,3,1,117511,31327,27286,86184,171418,0,0,0,0,0.0732292
2889,3,1,107101,28280,24562,78821,154773,0,0,0,0,0.0701207
2890,1,1,100186,25928,22425,74258,141214,0,0,0,0,0.131952
2891,3,1,119228,32227,27856,87001,177527,0,0,0,0,0.0811999
2894,3,1,128487,34727,30372,93760,190381,0,0,0,0,0.0740696
2899,3,1,102248,26972,23045,75276,148059,0,0,0,0,0.0800812
2900,3,1,98537,26264,22544,72273,145061,0,0,0,0,0.081504
2901,3,1,111931,30018,25979,81913,165150,0,0,0,0,0.075836
2902,6,1,109848,29302,25338,80546,161229,0,0,0,0,0.0746065
2904,3,1,119094,31964,27838,87130,174889,0,0,0,0,0.0715279
2905,6,1,118347,31924,27741,86423,175754,0,0,0,0,0.0746535
2908,6,1,119244,31581,27423,87663,172296,0,0,0,0,0.0802414
2909,3,1,105054,27634,23937,77420,150994,0,0,0,0,0.115929
2930,1,1,90970,23134,19865,67836,125780,0,0,0,0,0.128483
2931,3,1,84407,21774,18419,62633,119130,0,0,0,0,0.0814398
2934,3,1,101812,26910,23189,74902,147291,0,0,0,0,0.0785728
2939,3,1,110883,28986,25118,81897,158155,0,0,0,0,0.0700886
2940,1,1,90920,23122,19858,67798,125708,0,0,0,0,0.133193
2941,3,1,94399,24477,21042,69922,133433,0,0,0,0,0.0706465
2944,3,1,97207,25449,22254,71758,139211,0,0,0,0,0.0722298
2949,3,1,99031,25713,22224,73318,140424,0,0,0,0,0.0691637
2950,3,1,90431,23160,19768,67271,126107,0,0,0,0,0.0960036
2951,3,1,110680,29211,25193,81469,159664,0,0,0,0,0.0881189
2954,3,1,106660,28242,24628,78418,154916,0,0,0,0,0.0981985
2955,6,1,113826,30380,26410,83446,167110,0,0,0,0,0.0892775
2958,6,1,112023,29672,25538,82351,162486,0,0,0,0,0.0954257
2959,3,1,114742,30683,26601,84059,168019,0,0,0,0,0.0979012
2962,6,1,103006,26922,23216,76084,147433,0,0,0,0,0.104005
2980,1,1,91022,23163,19891,67859,125954,0,0,0,0,0.186161
2981,3,1,105699,27557,24246,78142,149293,0,0,0,0,0.112099
2984,3,1,94758,24594,21458,70164,133904,0,0,0,0,0.0976777
2989,3,1,89645,23135,19950,66510,126309,0,0,0,0,0.079177
2990,3,1,90540,23209,19813,67331,126397,0,0,0,0,0.0971039
2991,3,1,121480,32133,27838,89347,175011,0,0,0,0,0.074432
2994,3,1,110014,29369,25501,80645,161547,0,0,0,0,0.0969841
2999,3,1,104124,27727,24056,76397,152321,0,0,0,0,0.0794529
3002,6,1,110415,28865,25037,81550,157467,0,0,0,0,0.0707216
3005,6,1,113105,30314,26231,82791,166718,0,0,0,0,0.0577126
3008,6,1,102825,27161,23371,75664,149083,0,0,0,0,0.0847595
3020,3,1,104591,26817,23412,77774,145018,0,0,0,0,0.0789949
3021,3,1,104757,26840,23431,77917,145100,0,0,0,0,0.0697594
3024,3,1,108977,28873,24993,80104,157905,0,0,0,0,0.0850611
3029,3,1,96201,25299,21668,70902,138849,0,0,0,0,0.11884
3042,6,1,107435,27526,23821,79909,149019,0,0,0,0,0.115317
3045,6,1,111808,29917,26077,81891,163992,0,0,0,0,0.075323
3048,6,1,105654,28159,24490,77495,154779,0,0,0,0,0.0706263
3070,3,1,90899,23159,19759,67740,125676,0,0,0,0,0.0697852
3071,3,1,90897,23160,19775,67737,125681,0,0,0,0,0.0784729
3072,3,1,86636,21894,18671,64742,118850,0,0,0,0,0.106587
3073,3,1,94809,23990,20536,70819,129879,0,0,0,0,0.138644
3074,3,1,104165,26744,23258,77421,144306,0,0,0,0,0.0875235
3075,3,1,96786,24622,21327,72164,133076,0,0,0,0,0.0825401
3076,3,1,104047,26508,23010,77539,142695,0,0,0,0,0.0854257
3077,3,1,91510,23603,20330,67907,128798,0,0,0,0,0.101239
3078,3,1,94926,24259,20859,70667,131499,0,0,0,0,0.0742722
3079,3,1,88130,22614,19313,65516,123034,0,0,0,0,0.0839666
3080,1,1,81487,20469,17156,61018,111393,0,0,0,0,0.245778
3081,3,1,80421,20461,17204,59960,111809,0,0,0,0,0.172787
3084,3,1,97700,25589,21964,72111,140785,0,0,0,0,0.158671
3089,3,1,91043,24063,20703,66980,132679,0,0,0,0,0.140842
3090,1,1,85884,22194,18873,63690,121799,0,0,0,0,0.171148
3091,3,1,87959,23027,19349,64932,126990,0,0,0,0,0.104703
3094,3,1,106651,28436,24558,78215,156533,0,0,0,0,0.110923
3099,3,1,94276,25086,21766,69190,138570,0,0,0,0,0.0848194
3100,1,1,85640,22114,18814,63526,121324,0,0,0,0,0.204608
3101,3,1,87941,23016,19323,64925,126910,0,0,0,0,0.1011
3104,3,1,106627,28431,24552,78196,156512,0,0,0,0,0.101687
3109,3,1,94611,25178,21830,69433,139080,0,0,0,0,0.080557
3110,1,1,85631,22112,18806,63519,121312,0,0,0,0,0.155589
3111,3,1,100930,27138,23125,73792,150465,0,0,0,0,0.0994069
3114,3,1,113105,30295,26104,82810,166905,0,0,0,0,0.0981697
3119,3,1,86050,22425,19187,63625,123739,0,0,0,0,0.0918813
3120,3,1,77939,20240,17340,57699,111512,0,0,0,0,0.0936882
3121,3,1,93728,24852,21413,68876,137551,0,0,0,0,0.0822114
3122,6,1,91856,24296,20747,67560,134314,0,0,0,0,0.114845
3124,3,1,106570,28559,25093,78011,157320,0,0,0,0,0.101619
3125,6,1,101257,27023,23086,74234,149576,0,0,0,0,0.0766037
3128,6,1,108097,28623,24637,79474,157791,0,0,0,0,0.0895329
3129,3,1,90704,23782,20393,66922,130938,0,0,0,0,0.136137
3150,1,1,100145,25921,22429,74224,141183,0,0,0,0,0.152211
3151,3,1,99801,26263,22514,73538,143929,0,0,0,0,0.103794
3154,3,1,117368,31323,27298,86045,171458,0,0,0,0,0.0786436
3159,3,1,107181,28307,24520,78874,154895,0,0,0,0,0.0803461
3160,1,1,100041,25864,22374,74177,140805,0,0,0,0,0.159135
3161,3,1,99636,26200,22485,73436,143531,0,0,0,0,0.118169
3164,3,1,117378,31303,27302,86075,171278,0,0,0,0,0.075622
3169,3,1,107294,28286,24554,79008,154686,0,0,0,0,0.0789552
3170,1,1,100086,25879,22381,74207,140895,0,0,0,0,0.187798
3171,3,1,119296,32229,27889,87067,177469,0,0,0,0,0.102164
3174,3,1,128603,34719,30415,93884,190239,0,0,0,0,0.0722997
3179,3,1,102581,27034,23056,75547,148352,0,0,0,0,0.0806207
3180,3,1,98659,26278,22536,72381,145099,0,0,0,0,0.0841981
3181,3,1,112107,30013,25998,82094,165002,0,0,0,0,0.0710296
3182,6,1,110083,29352,25396,80731,161484,0,0,0,0,0.0754719
3184,3,1,119097,31929,27828,87168,174618,0,0,0,0,0.0973799
3185,6,1,118528,31957,27739,86571,175951,0,0,0,0,0.0954609
3188,6,1,119414,31639,27422,87775,172669,0,0,0,0,0.0860394
3189,3,1,105245,27663,23946,77582,151132,0,0,0,0,0.142556
3210,1,1,91040,23165,19888,67875,125973,0,0,0,0,0.171901
3211,3,1,84419,21775,18420,62644,119127,0,0,0,0,0.119486
3214,3,1,101963,26947,23224,75016,147471,0,0,0,0,0.0815037
3219,3,1,111147,29057,25143,82090,158572,0,0,0,0,0.094804
3220,1,1,90990,23153,19881,67837,125901,0,0,0,0,0.131717
3221,3,1,94362,24462,21048,69900,133344,0,0,0,0,0.0912957
3224,3,1,97196,25447,22236,71749,139189,0,0,0,0,0.0712385
3229,3,1,99208,25716,22190,73492,140423,0,0,0,0,0.0742491
3230,3,1,90427,23171,19768,67256,126194,0,0,0,0,0.102157
3231,3,1,110713,29210,25168,81503,159650,0,0,0,0,0.0794995
3234,3,1,106914,28294,24656,78620,155157,0,0,0,0,0.087022
3235,6,1,113850,30384,26396,83466,167135,0,0,0,0,0.0715919
3238,6,1,112371,29732,25558,82639,162775,0,0,0,0,0.0641345
3239,3,1,115077,30767,26677,84310,168448,0,0,0,0,0.0724316
3242,6,1,103094,26930,23224,76164,147466,0,0,0,0,0.0755769
3260,1,1,91092,23194,19914,67898,126147,0,0,0,0,0.126723
3261,3,1,105655,27552,24269,78103,149256,0,0,0,0,0.0698257
3264,3,1,94909,24626,21488,70283,134036,0,0,0,0,0.0680019
3269,3,1,89831,23170,19969,66661,126485,0,0,0,0,0.0658371
3270,3,1,90547,23222,19816,67325,126494,0,0,0,0,0.0777056
3271,3,1,121153,31999,27747,89154,174226,0,0,0,0,0.0748705
3274,3,1,110165,29365,25475,80800,161417,0,0,0,0,0.070135
3279,3,1,104021,27691,23988,76330,152094,0,0,0,0,0.0809625
3282,6,1,110476,28862,24992,81614,157414,0,0,0,0,0.0740162
3285,6,1,113036,30298,26238,82738,166633,0,0,0,0,0.0584747
3288,6,1,103128,27234,23441,75894,149457,0,0,0,0,0.0630218
3300,3,1,104537,26801,23398,77736,144932,0,0,0,0,0.152157
3301,3,1,104703,26824,23417,77879,145014,0,0,0,0,0.0987962
3304,3,1,108595,28715,24840,79880,156894,0,0,0,0,0.0946246
3309,3,1,96183,25282,21655,70901,138734,0,0,0,0,0.0789584
3322,6,1,107327,27502,23815,79825,148894,0,0,0,0,0.0818434
3325,6,1,111854,29913,26079,81941,163912,0,0,0,0,0.0676514
3328,6,1,105718,28168,24502,77550,154793,0,0,0,0,0.0913747
3350,3,1,90823,23149,19730,67674,125652,0,0,0,0,0.0842779
3351,3,1,90821,23150,19746,67671,125657,0,0,0,0,0.0693859
3352,3,1,86575,21891,18652,64684,118870,0,0,0,0,0.0759808
3353,3,1,94685,23966,20528,70719,129757,0,0,0,0,0.117189
3354,3,1,104176,26721,23247,77455,144123,0,0,0,0,0.0676125
3355,3,1,96762,24607,21296,72155,132965,0,0,0,0,0.0631199
3356,3,1,104139,26539,23024,77600,142890,0,0,0,0,0.0705657
3357,3,1,91603,23627,20338,67976,128945,0,0,0,0,0.0670906
3358,3,1,94975,24287,20868,70688,131689,0,0,0,0,0.0735147
3359,3,1,88286,22664,19331,65622,123341,0,0,0,0,0.119795
3360,1,1,81486,20475,17155,61011,111453,0,0,0,0,0.266925
3361,3,1,80412,20464,17207,59948,111851,0,0,0,0,0.153208
3364,3,1,97601,25575,21952,72026,140749,0,0,0,0,0.181612
3369,3,1,90937,24043,20687,66894,132579,0,0,0,0,0.170332
3370,1,1,104559,27426,23533,77133,150461,0,0,0,0,0.156467
3371,3,1,110306,29612,25434,80694,163723,0,0,0,0,0.087954
3374,3,1,125259,33486,29117,91773,183915,0,0,0,0,0.0942501
3379,3,1,113466,30162,26184,83304,165544,0,0,0,0,0.104045
3380,1,1,104551,27419,23523,77132,150419,0,0,0,0,0.148182
3381,3,1,110354,29623,25452,80731,163790,0,0,0,0,0.120444
3384,3,1,125225,33484,29121,91741,183911,0,0,0,0,0.0917207
3389,3,1,113457,30156,26194,83301,165487,0,0,0,0,0.104006
3390,1,1,104551,27422,23528,77129,150437,0,0,0,0,0.141359
3391,3,1,125141,33659,28954,91482,185621,0,0,0,0,0.0904277
3394,3,1,130340,34731,30128,95609,190092,0,0,0,0,0.11726
3399,3,1,103409,27204,23369,76205,149418,0,0,0,0,0.112494
3400,3,1,96040,25315,21792,70725,139345,0,0,0,0,0.0855589
3401,3,1,109514,29437,25614,80077,162366,0,0,0,0,0.0763344
3402,6,1,116434,31292,26881,85142,173139,0,0,0,0,0.0725575
3404,3,1,117456,31459,27600,85997,172199,0,0,0,0,0.0728795
3405,6,1,122295,32830,28527,89465,180916,0,0,0,0,0.0736964
3408,6,1,128431,34503,30008,93928,189992,0,0,0,0,0.0879302
3409,3,1,110573,29183,25345,81390,160094,0,0,0,0,0.124002
3430,1,1,116007,30474,26301,85533,166715,0,0,0,0,0.126887
3431,3,1,119158,32041,27771,87117,176335,0,0,0,0,0.0807784
3434,3,1,133261,35824,31134,97437,196228,0,0,0,0,0.0740395
3439,3,1,123421,32904,28770,90517,179865,0,0,0,0,0.0724694
3440,1,1,115801,30404,26253,85397,166274,0,0,0,0,0.124322
3441,3,1,119016,31990,27729,87026,176008,0,0,0,0,0.0800586
3444,3,1,133240,35813,31144,97427,196148,0,0,0,0,0.072761
3449,3,1,123605,32945,28828,90660,180017,0,0,0,0,0.0725027
3450,1,1,115763,30398,26242,85365,166244,0,0,0,0,0.124376
3451,3,1,132313,35821,31088,96492,196924,0,0,0,0,0.106881
3454,3,1,140089,37634,32906,102455,205547,0,0,0,0,0.115694
3459,3,1,112907,29793,25781,83114,162991,0,0,0,0,0.097282
3460,3,1,105788,28133,24363,77655,154309,0,0,0,0,0.0780878
3461,3,1,119995,32345,28334,87650,177599,0,0,0,0,0.0745852
3462,6,1,125099,33863,29566,91236,186687,0,0,0,0,0.0724299
3464,3,1,127244,34318,30111,92926,187317,0,0,0,0,0.0723153
3465,6,1,130194,35270,30973,94924,193834,0,0,0,0,0.0760862
3468,6,1,134423,36010,31401,98413,197124,0,0,0,0,0.108288
3469,3,1,119514,31633,27684,87881,172856,0,0,0,0,0.187689
3490,1,1,84574,21314,18128,63260,115949,0,0,0,0,0.153927
3491,3,1,80221,20480,17164,59741,112058,0,0,0,0,0.0970302
3494,3,1,101311,26961,22825,74350,148750,0,0,0,0,0.0869946
3499,3,1,100173,26248,22569,73925,144096,0,0,0,0,0.0802593
3500,1,1,84480,21291,18107,63189,115811,0,0,0,0,0.141554
3501,3,1,91578,23590,20004,67988,129300,0,0,0,0,0.0782872
3504,3,1,107721,28440,24496,79281,156062,0,0,0,0,0.0776774
3509,3,1,108026,28349,24395,79677,155519,0,0,0,0,0.0736013
3510,3,1,84350,21471,18170,62879,117175,0,0,0,0,0.0860935
3511,3,1,103354,27086,23110,76268,148307,0,0,0,0,0.0840826
3514,3,1,109813,29286,25386,80527,161320,0,0,0,0,0.0746944
3515,6,1,114639,30564,26233,84075,168417,0,0,0,0,0.0758701
3518,6,1,118302,31651,27358,86651,174372,0,0,0,0,0.0937129
3519,3,1,110681,29549,25295,81132,162796,0,0,0,0,0.106597
3522,6,1,93293,24150,20442,69143,132745,0,0,0,0,0.102868
3540,1,1,84420,21270,18089,63150,115685,0,0,0,0,0.142759
3541,3,1,101765,26426,23097,75339,143953,0,0,0,0,0.0753575
3544,3,1,121069,32321,28161,88748,177050,0,0,0,0,0.0793388
3549,3,1,119864,31539,27399,88325,172136,0,0,0,0,0.0802961
3550,3,1,84555,21558,18238,62997,117696,0,0,0,0,0.141581
3551,3,1,113077,29645,25601,83432,161601,0,0,0,0,0.119271
3554,3,1,115566,30838,26711,84728,169472,0,0,0,0,0.103657
3559,3,1,115648,30813,26538,84835,169182,0,0,0,0,0.0819152
3562,6,1,100636,26292,22661,74344,144314,0,0,0,0,0.10171
3565,6,1,119972,32053,27790,87919,175982,0,0,0,0,0.0782737
3568,6,1,123715,33137,28712,90578,181994,0,0,0,0,0.0940801
3580,3,1,100364,25592,22080,74772,138535,0,0,0,0,0.077007
3581,3,1,100698,25677,22155,75021,138992,0,0,0,0,0.0766236
3584,3,1,125513,33403,29306,92110,182683,0,0,0,0,0.0723684
3589,3,1,115774,30618,26682,85156,167484,0,0,0,0,0.0702189
3602,6,1,100545,25758,22252,74787,140230,0,0,0,0,0.0801566
3605,6,1,121460,32660,28354,88800,180460,0,0,0,0,0.0703457
3608,6,1,120370,32322,28015,88048,178541,0,0,0,0,0.0664467
3630,3,1,87406,22161,18775,65245,120422,0,0,0,0,0.0838487
3631,3,1,87548,22192,18821,65356,120568,0,0,0,0,0.10023
3632,3,1,82743,20823,17537,61920,113574,0,0,0,0,0.0906044
3633,3,1,86127,21536,18315,64591,117007,0,0,0,0,0.120759
3634,3,1,101740,26572,23018,75168,144715,0,0,0,0,0.074633
3635,3,1,103234,26960,23270,76274,147633,0,0,0,0,0.0725146
3636,3,1,105159,27671,23807,77488,151977,0,0,0,0,0.0732256
3637,3,1,105720,27924,24026,77796,153443,0,0,0,0,0.0817386
3638,3,1,103854,27266,23333,76588,149656,0,0,0,0,0.0786637
3639,3,1,100789,26353,22729,74436,143722,0,0,0,0,0.0931531
3640,1,1,83006,21483,18079,61523,118035,0,0,0,0,0.195712
3641,3,1,84309,21841,18228,62468,120184,0,0,0,0,0.142237
3644,3,1,98180,25994,22516,72186,142532,0,0,0,0,0.106425
3649,3,1,88833,23249,19784,65584,127990,0,0,0,0,0.123683
3650,1,1,92252,23464,20163,68788,127744,0,0,0,0,0.195915
3651,3,1,92012,23601,20200,68411,128802,0,0,0,0,0.114278
3654,3,1,107355,28296,24672,79059,154336,0,0,0,0,0.0717213
3659,3,1,97077,25264,21741,71813,138302,0,0,0,0,0.0789566
3660,1,1,91301,23411,20143,67890,128116,0,0,0,0,0.190114
3661,3,1,86477,22523,19194,63954,124081,0,0,0,0,0.120159
3664,3,1,104616,27658,23709,76958,152120,0,0,0,0,0.114294
3669,3,1,110164,29351,25652,80813,161983,0,0,0,0,0.105068
3670,1,1,91332,23418,20142,67914,128158,0,0,0,0,0.191212
3671,3,1,103865,27699,23822,76166,153192,0,0,0,0,0.077778
3674,3,1,102259,27198,23482,75061,150165,0,0,0,0,0.073638
3679,3,1,103695,27200,23529,76495,149263,0,0,0,0,0.0721962
3680,3,1,92916,24525,21219,68391,135341,0,0,0,0,0.0772686
3681,3,1,106977,28046,24349,78931,153522,0,0,0,0,0.0726304
3682,6,1,94556,24415,21183,70141,134001,0,0,0,0,0.0718361
3684,3,1,94445,24654,21272,69791,135003,0,0,0,0,0.0835055
3685,6,1,113504,30773,26525,82731,170592,0,0,0,0,0.0642628
3688,6,1,111832,29834,25958,81998,163995,0,0,0,0,0.0604109
3689,3,1,119931,31999,27704,87932,175436,0,0,0,0,0.078594
3710,1,1,101163,25599,22137,75564,138184,0,0,0,0,0.119679
3711,3,1,99717,25507,21891,74210,138266,0,0,0,0,0.0723303
3714,3,1,116694,30661,26584,86033,165776,0,0,0,0,0.0650782
3719,3,1,104676,27061,23478,77615,146719,0,0,0,0,0.0721227
3720,1,1,100051,25963,22457,74088,142140,0,0,0,0,0.128938
3721,3,1,93037,24440,21034,68597,134634,0,0,0,0,0.0813176
3724,3,1,109473,29143,25207,80330,159858,0,0,0,0,0.0747264
3729,3,1,116143,30942,27121,85201,169806,0,0,0,0,0.0685839
3730,1,1,100048,25952,22446,74096,142059,0,0,0,0,0.121787
3731,3,1,110599,29397,25444,81202,161713,0,0,0,0,0.0681614
3734,3,1,108707,28922,25012,79785,159052,0,0,0,0,0.0710903
3739,3,1,109686,28966,25261,80720,158735,0,0,0,0,0.0680103
3740,3,1,101547,27001,23470,74546,148697,0,0,0,0,0.0738622
3741,3,1,114277,30027,26152,84250,163612,0,0,0,0,0.0699805
3742,6,1,100663,26180,22864,74483,143547,0,0,0,0,0.0669864
3744,3,1,103442,27061,23514,76381,147354,0,0,0,0,0.068528
3745,6,1,122878,33389,28930,89489,184351,0,0,0,0,0.0660759
3748,6,1,116453,31025,27047,85428,169892,0,0,0,0,0.0679983
3749,3,1,126452,33828,29490,92624,184847,0,0,0,0,0.083272
3770,1,1,96175,25433,21763,70742,140261,0,0,0,0,0.140682
3771,3,1,90047,23784,20163,66263,131325,0,0,0,0,0.110409
3774,3,1,109917,29465,25509,80452,161788,0,0,0,0,0.131031
3779,3,1,107900,28861,24947,79039,158704,0,0,0,0,0.122072
3780,1,1,96230,25453,21760,70777,140386,0,0,0,0,0.217429
3781,3,1,101604,27097,23160,74507,149653,0,0,0,0,0.114721
3784,3,1,112793,30474,26418,82319,168843,0,0,0,0,0.105129
3789,3,1,110968,29698,25642,81270,164148,0,0,0,0,0.0827008
3790,3,1,102234,27431,23821,74803,151234,0,0,0,0,0.108488
3791,3,1,103107,26934,22980,76173,146357,0,0,0,0,0.11718
3794,3,1,108872,28932,25231,79940,158587,0,0,0,0,0.102023
3795,6,1,115797,31526,26992,84271,174792,0,0,0,0,0.0917696
3798,6,1,114535,30624,26421,83911,168564,0,0,0,0,0.0910048
3799,3,1,101943,27093,23577,74850,148877,0,0,0,0,0.103537
3802,6,1,98270,25668,22376,72602,141023,0,0,0,0,0.106988
3820,1,1,86900,22057,18742,64843,120068,0,0,0,0,0.327059
3821,3,1,93494,24203,20699,69291,132632,0,0,0,0,0.18274
3824,3,1,101402,26519,22884,74883,145365,0,0,0,0,0.168783
3829,3,1,96837,25112,21811,71725,137437,0,0,0,0,0.16204
3830,3,1,85730,22043,18741,63687,120595,0,0,0,0,0.213803
3831,3,1,98826,25852,21926,72974,142045,0,0,0,0,0.11618
3834,3,1,103205,27145,23702,76060,149520,0,0,0,0,0.112767
3839,3,1,100789,26659,23160,74130,146912,0,0,0,0,0.107234
3842,6,1,111390,30159,26190,81231,167212,0,0,0,0,0.115203
3845,6,1,119190,32468,28478,86722,179989,0,0,0,0,0.11615
3848,6,1,120399,32462,28336,87937,179205,0,0,0,0,0.110771
3860,3,1,103141,26908,23142,76233,147106,0,0,0,0,0.176879
3861,3,1,113024,29818,25418,83206,162678,0,0,0,0,0.111643
3864,3,1,114662,30477,26626,84185,167206,0,0,0,0,0.10805
3869,3,1,105106,27841,24096,77265,152888,0,0,0,0,0.0916782
3882,6,1,103668,27798,24184,75870,153501,0,0,0,0,0.0799376
3885,6,1,111959,29673,25975,82286,162970,0,0,0,0,0.0963181
3888,6,1,113365,29968,26039,83397,164518,0,0,0,0,0.10237
3910,3,1,94713,24224,20989,70489,131626,0,0,0,0,0.181203
3911,3,1,111755,29070,25317,82685,157865,0,0,0,0,0.0834475
3912,3,1,109474,28035,24107,81439,151024,0,0,0,0,0.082501
3913,3,1,95597,24467,20994,71130,132952,0,0,0,0,0.0816465
3914,3,1,108830,28514,24807,80316,155515,0,0,0,0,0.0717726
3915,3,1,114846,29653,25713,85193,160633,0,0,0,0,0.0713046
3916,3,1,104417,26823,23420,77594,145466,0,0,0,0,0.0857928
3917,3,1,112667,28983,25585,83684,156128,0,0,0,0,0.0764983
3918,3,1,112774,29320,25436,83454,158849,0,0,0,0,0.0962845
3919,3,1,102838,26835,23057,76003,146632,0,0,0,0,0.0907711
3920,1,1,83015,21488,18085,61527,118065,0,0,0,0,0.229824
3921,3,1,84299,21837,18226,62462,120154,0,0,0,0,0.147327
3924,3,1,98495,26059,22599,72436,142832,0,0,0,0,0.11517
3929,3,1,88830,23250,19789,65580,127996,0,0,0,0,0.131489
3930,1,1,92251,23449,20148,68802,127615,0,0,0,0,0.201859
3931,3,1,91904,23568,20185,68336,128588,0,0,0,0,0.113898
3934,3,1,107596,28316,24738,79280,154326,0,0,0,0,0.105408
3939,3,1,97191,25277,21737,71914,138327,0,0,0,0,0.115773
3940,1,1,91396,23433,20145,67963,128244,0,0,0,0,0.19642
3941,3,1,86437,22518,19189,63919,124065,0,0,0,0,0.127759
3944,3,1,104585,27650,23705,76935,152076,0,0,0,0,0.117205
3949,3,1,110155,29350,25642,80805,161986,0,0,0,0,0.0909323
3950,1,1,91476,23451,20164,68025,128339,0,0,0,0,0.173812
3951,3,1,114781,30856,26960,83925,170006,0,0,0,0,0.102427
3954,3,1,103344,27433,23735,75911,151395,0,0,0,0,0.108507
3959,3,1,96403,25180,21827,71223,138440,0,0,0,0,0.0992335
3960,3,1,92944,24536,21222,68408,135416,0,0,0,0,0.116268
3961,3,1,117170,30979,27088,86191,169354,0,0,0,0,0.103543
3962,6,1,102024,26778,23257,75246,147329,0,0,0,0,0.106779
3964,3,1,98950,25793,22169,73157,141269,0,0,0,0,0.0820817
3965,6,1,113562,30672,26688,82890,169913,0,0,0,0,0.0599361
3968,6,1,104260,27598,23904,76662,151956,0,0,0,0,0.064858
3969,3,1,108634,28733,24813,79901,157713,0,0,0,0,0.098359
3990,1,1,101285,25620,22161,75665,138289,0,0,0,0,0.182924
3991,3,1,99592,25482,21876,74110,138145,0,0,0,0,0.117175
3994,3,1,116737,30656,26703,86081,165682,0,0,0,0,0.0994427
3999,3,1,104704,27064,23487,77640,146728,0,0,0,0,0.10883
4000,1,1,100100,25976,22461,74124,142220,0,0,0,0,0.187263
4001,3,1,92986,24434,21031,68552,134616,0,0,0,0,0.120376
4004,3,1,109452,29139,25212,80313,159837,0,0,0,0,0.115433
4009,3,1,116128,30934,27113,85194,169743,0,0,0,0,0.102128
4010,1,1,100003,25935,22434,74068,141957,0,0,0,0,0.163042
4011,3,1,123294,33215,28975,90079,182589,0,0,0,0,0.106316
4014,3,1,109557,29263,25321,80294,161151,0,0,0,0,0.109218
4019,3,1,101931,26594,23286,75337,145592,0,0,0,0,0.0702003
4020,3,1,101534,26997,23467,74537,148675,0,0,0,0,0.112965
4021,3,1,124129,32955,28640,91174,179501,0,0,0,0,0.106771
4022,6,1,109044,28665,25075,80379,157237,0,0,0,0,0.100265
4024,3,1,107677,28173,24501,79504,153567,0,0,0,0,0.122542
4025,6,1,122851,33477,29114,89374,185269,0,0,0,0,0.116497
4028,6,1,108107,28718,24899,79389,157925,0,0,0,0,0.1289
4029,3,1,115229,30553,26529,84676,167188,0,0,0,0,0.187209
4050,1,1,96192,25441,21764,70751,140318,0,0,0,0,0.237381
4051,3,1,89932,23766,20147,66166,131252,0,0,0,0,0.17751
4054,3,1,109916,29457,25506,80459,161729,0,0,0,0,0.164058
4059,3,1,107843,28842,24928,79001,158568,0,0,0,0,0.135513
4060,1,1,96323,25469,21769,70854,140459,0,0,0,0,0.327337
4061,3,1,117956,32087,27753,85869,177115,0,0,0,0,0.162272
4064,3,1,122513,33472,29156,89041,185125,0,0,0,0,0.123144
4069,3,1,123954,33978,29777,89976,188424,0,0,0,0,0.149977
4070,3,1,102282,27452,23827,74830,151359,0,0,0,0,0.101013
4071,3,1,117472,31077,26589,86395,168593,0,0,0,0,0.0990327
4074,3,1,120721,32169,27851,88552,176151,0,0,0,0,0.11761
4075,6,1,120195,32500,28208,87695,179083,0,0,0,0,0.108606
4078,6,1,123866,33322,28750,90544,183204,0,0,0,0,0.111559
4079,3,1,112239,29887,25736,82352,164010,0,0,0,0,0.124955
4082,6,1,109767,29097,25104,80670,160222,0,0,0,0,0.15343
4100,1,1,86979,22073,18749,64906,120152,0,0,0,0,0.428473
4101,3,1,94668,24768,21359,69900,136195,0,0,0,0,0.17514
4104,3,1,104220,27571,23772,76649,151840,0,0,0,0,0.199715
4109,3,1,100045,26183,22895,73862,143866,0,0,0,0,0.416329
4110,3,1,85777,22054,18739,63723,120661,0,0,0,0,0.516529
4111,3,1,101592,26863,23151,74729,148131,0,0,0,0,0.367296
4114,3,1,105379,27839,24289,77540,153470,0,0,0,0,0.277171
4119,3,1,104185,27743,24325,76442,153235,0,0,0,0,0.308685
4122,6,1,111206,30008,26287,81198,166050,0,0,0,0,0.217058
4125,6,1,121171,32908,28912,88263,182194,0,0,0,0,0.137306
4128,6,1,122723,33131,29044,89592,183079,0,0,0,0,0.163953
4140,3,1,103187,26905,23135,76282,147029,0,0,0,0,0.162869
4141,3,1,112900,29800,25388,83100,162601,0,0,0,0,0.144174
4144,3,1,114565,30468,26614,84097,167198,0,0,0,0,0.12856
4149,3,1,105030,27836,24096,77194,152893,0,0,0,0,0.144889
4162,6,1,97200,25626,21996,71574,141194,0,0,0,0,0.108774
4165,6,1,106202,28201,24645,78001,155427,0,0,0,0,0.135545
4168,6,1,107995,28714,24903,79281,158496,0,0,0,0,0.107232
4190,3,1,94682,24222,20989,70460,131626,0,0,0,0,0.164423
4191,3,1,111385,28943,25230,82442,157112,0,0,0,0,0.0901814
4192,3,1,99846,25856,22289,73990,140602,0,0,0,0,0.0984126
4193,3,1,86565,22073,18628,64492,120589,0,0,0,0,0.100369
4194,3,1,108659,28474,24766,80185,155287,0,0,0,0,0.0973577
4195,3,1,109315,28348,24412,80967,154459,0,0,0,0,0.0903255
4196,3,1,98067,25247,21831,72820,137930,0,0,0,0,0.0985088
4197,3,1,105557,27439,23785,78118,149434,0,0,0,0,0.0952393
4198,3,1,108018,28090,24257,79928,153144,0,0,0,0,0.0752329
4199,3,1,102796,26830,23042,75966,146616,0,0,0,0,0.127185
4200,1,1,83015,21487,18087,61528,118059,0,0,0,0,0.25363
4201,3,1,98840,26448,22354,72392,146691,0,0,0,0,0.104992
4204,3,1,110082,29337,25209,80745,161126,0,0,0,0,0.0982051
4209,3,1,80308,20619,17137,59689,113363,0,0,0,0,0.163876
4210,1,1,92238,23450,20143,68788,127631,0,0,0,0,0.215498
4211,3,1,107090,28221,24090,78869,155113,0,0,0,0,0.0923697
4214,3,1,118295,31415,27288,86880,172097,0,0,0,0,0.093491
4219,3,1,89106,22706,19375,66400,123873,0,0,0,0,0.107939
4220,1,1,91540,23466,20167,68074,128425,0,0,0,0,0.191375
4221,3,1,100440,26280,22810,74160,144671,0,0,0,0,0.103982
4224,3,1,103062,27106,23203,75956,149313,0,0,0,0,0.115304
4229,3,1,103916,27412,23753,76504,150538,0,0,0,0,0.0952281
4230,1,1,91571,23473,20164,68098,128467,0,0,0,0,0.173865
4231,3,1,111174,29598,25894,81576,163033,0,0,0,0,0.0975024
4234,3,1,105068,27801,23909,77267,153526,0,0,0,0,0.0926336
4239,3,1,95581,25132,21885,70449,138472,0,0,0,0,0.118587
4240,3,1,115479,30706,26518,84773,168948,0,0,0,0,0.115012
4241,3,1,122352,32505,28417,89847,178092,0,0,0,0,0.099871
4242,6,1,104569,27338,23766,77231,150131,0,0,0,0,0.0950013
4244,3,1,106485,28357,24639,78128,155531,0,0,0,0,0.10143
4245,6,1,107436,28770,24821,78666,159249,0,0,0,0,0.0875691
4248,6,1,104782,28030,24122,76752,155121,0,0,0,0,0.0880096
4249,3,1,101342,26752,22826,74590,146809,0,0,0,0,0.150306
4270,1,1,101275,25621,22162,75654,138308,0,0,0,0,0.238891
4271,3,1,116163,30522,26283,85641,166561,0,0,0,0,0.135646
4274,3,1,126093,33263,28881,92830,180874,0,0,0,0,0.125679
4279,3,1,96220,24415,20995,71805,132149,0,0,0,0,0.161465
4280,1,1,100046,25959,22449,74087,142126,0,0,0,0,0.152979
4281,3,1,108717,28585,24822,80132,157141,0,0,0,0,0.0944671
4284,3,1,111469,29622,25618,81847,162984,0,0,0,0,0.0933051
4289,3,1,108996,28714,25035,80282,157018,0,0,0,0,0.0952025
4290,1,1,100052,25947,22437,74105,142029,0,0,0,0,0.24111
4291,3,1,116872,31084,27237,85788,170806,0,0,0,0,0.154086
4294,3,1,111165,29534,25555,81631,162697,0,0,0,0,0.0979659
4299,3,1,100754,26414,23169,74340,144928,0,0,0,0,0.0946843
4300,3,1,122958,32747,28587,90211,179457,0,0,0,0,0.0942147
4301,3,1,128398,34132,29945,94266,186295,0,0,0,0,0.0938353
4302,6,1,112354,29549,25770,82805,161791,0,0,0,0,0.115827
4304,3,1,114307,30210,26328,84097,164469,0,0,0,0,0.101576
4305,6,1,115701,31136,26833,84565,171806,0,0,0,0,0.0793983
4308,6,1,109561,29284,25258,80277,161567,0,0,0,0,0.0957034
4309,3,1,108972,28772,24867,80200,157109,0,0,0,0,0.103425
4330,1,1,96267,25452,21770,70815,140358,0,0,0,0,0.184169
4331,3,1,101029,26568,22837,74461,146187,0,0,0,0,0.0945509
4334,3,1,108949,29038,25106,79911,160131,0,0,0,0,0.0922938
4339,3,1,111562,29968,25745,81594,166056,0,0,0,0,0.104139
4340,1,1,96352,25477,21773,70875,140507,0,0,0,0,0.164451
4341,3,1,113557,30491,26703,83066,168018,0,0,0,0,0.164626
4344,3,1,121598,32659,28502,88939,179827,0,0,0,0,0.0955558
4349,3,1,123088,33438,29183,89650,184956,0,0,0,0,0.103108
4350,3,1,130624,35198,30692,95426,192656,0,0,0,0,0.0994571
4351,3,1,130405,35142,30660,95263,192346,0,0,0,0,0.103188
4354,3,1,139863,37613,32949,102250,205162,0,0,0,0,0.113445
4355,6,1,124459,34315,29669,90144,190399,0,0,0,0,0.0997756
4358,6,1,124166,34108,29539,90058,189186,0,0,0,0,0.116341
4359,3,1,130382,35044,30541,95338,191830,0,0,0,0,0.158557
4362,6,1,108972,28879,24920,80093,158542,0,0,0,0,0.136974
4380,1,1,86953,22073,18741,64880,120176,0,0,0,0,0.401356
4381,3,1,90880,23640,20177,67240,129946,0,0,0,0,0.194057
4384,3,1,97279,25327,21808,71952,138946,0,0,0,0,0.163373
4389,3,1,100281,26566,23058,73715,146559,0,0,0,0,0.154587
4390,3,1,110904,29318,25379,81586,160843,0,0,0,0,0.247954
4391,3,1,113470,29897,25823,83573,163597,0,0,0,0,0.127539
4394,3,1,115482,30557,26535,84925,167617,0,0,0,0,0.0898181
4399,3,1,117243,31249,27189,85994,171652,0,0,0,0,0.110927
4402,6,1,108099,28982,25111,79117,160662,0,0,0,0,0.119166
4405,6,1,114275,30843,26943,83432,170955,0,0,0,0,0.14301
4408,6,1,113968,30833,26854,83135,170968,0,0,0,0,0.116948
4420,3,1,118645,31183,26881,87462,170342,0,0,0,0,0.189726
4421,3,1,127388,33679,29169,93709,183160,0,0,0,0,0.133291
4424,3,1,125026,33398,29123,91628,183121,0,0,0,0,0.107085
4429,3,1,117237,31247,27181,85990,171642,0,0,0,0,0.092266
4442,6,1,108060,28945,24740,79115,160454,0,0,0,0,0.094334
4445,6,1,117390,31869,27450,85521,176916,0,0,0,0,0.116965
4448,6,1,115919,31247,27194,84672,172992,0,0,0,0,0.0958263
4470,3,1,88973,22680,19332,66293,123573,0,0,0,0,0.264306
4471,3,1,104197,27009,23002,77188,147465,0,0,0,0,0.114346
4472,3,1,95286,24758,21039,70528,135865,0,0,0,0,0.164466
4473,3,1,80104,20398,17128,59706,111400,0,0,0,0,0.145694
4474,3,1,101382,26632,22788,74750,146748,0,0,0,0,0.103938
4475,3,1,99906,25993,22175,73913,143027,0,0,0,0,0.109006
4476,3,1,90409,23381,19956,67028,128018,0,0,0,0,0.140125
4477,3,1,98260,25557,21974,72703,139447,0,0,0,0,0.0966978
4478,3,1,102437,26905,23116,75532,148099,0,0,0,0,0.121199
4479,3,1,94830,24821,21328,70009,136654,0,0,0,0,0.127232
4480,3,1,74470,19362,16410,55108,106750,0,0,0,0,0.189375
4481,3,1,85449,22047,18820,63402,121120,0,0,0,0,0.169505
4482,6,1,87945,22910,19455,65035,126287,0,0,0,0,0.107211
4484,3,1,95025,24589,21229,70436,134038,0,0,0,0,0.0979164
4485,6,1,97099,25606,21790,71493,141385,0,0,0,0,0.104805
4488,6,1,98643,26060,22553,72583,143638,0,0,0,0,0.107924
4489,3,1,84548,21842,18495,62706,119926,0,0,0,0,0.20628
4490,3,1,85666,22074,18892,63592,120824,0,0,0,0,0.120721
4491,3,1,93909,24213,20821,69696,132430,0,0,0,0,0.161361
4492,6,1,97208,25243,21724,71965,138559,0,0,0,0,0.126712
4494,3,1,102925,26559,23034,76366,144157,0,0,0,0,0.0860633
4495,6,1,104923,27549,23874,77374,151187,0,0,0,0,0.0862991
4498,6,1,107088,28036,24446,79052,153152,0,0,0,0,0.115796
4499,3,1,96802,24863,21567,71939,135621,0,0,0,0,0.213125
4500,3,1,89997,23594,20198,66403,129949,0,0,0,0,0.112678
4501,3,1,100655,26388,22796,74267,144767,0,0,0,0,0.108044
4502,6,1,97931,25641,22351,72290,141367,0,0,0,0,0.0939494
4504,3,1,105934,27959,24135,77975,153537,0,0,0,0,0.149969
4505,6,1,111266,30020,25707,81246,166808,0,0,0,0,0.105146
4508,6,1,107734,28663,24694,79071,158074,0,0,0,0,0.110445
4509,3,1,107233,28123,24420,79110,153325,0,0,0,0,0.129618
4510,3,1,89961,23572,20178,66389,129832,0,0,0,0,0.113849
4511,3,1,108287,28356,24630,79931,154965,0,0,0,0,0.106514
4512,6,1,108964,29138,25506,79826,161142,0,0,0,0,0.135989
4514,3,1,105832,28022,24118,77810,153890,0,0,0,0,0.119147
4515,6,1,112964,30334,25884,82630,168390,0,0,0,0,0.0883039
4518,6,1,100182,26434,22625,73748,145807,0,0,0,0,0.116057
4519,3,1,97823,25565,22027,72258,139937,0,0,0,0,0.124163
4520,3,1,102516,27011,23459,75505,148502,0,0,0,0,0.147632
4521,3,1,110195,28810,25158,81385,157113,0,0,0,0,0.114602
4522,6,1,108680,28927,25200,79753,159344,0,0,0,0,0.102015
4524,3,1,105741,27983,24187,77758,153246,0,0,0,0,0.123911
4525,6,1,112968,30261,25988,82707,167523,0,0,0,0,0.0974281
4528,6,1,108266,28853,24807,79413,159309,0,0,0,0,0.0981892
4529,3,1,92153,24001,20402,68152,131435,0,0,0,0,0.159648
4530,6,1,96721,25477,21996,71244,140653,0,0,0,0,0.111313
4531,6,1,104868,27658,24059,77210,152205,0,0,0,0,0.0920481
4532,6,1,104791,27833,24076,76958,153432,0,0,0,0,0.113363
4533,6,1,94056,24271,21056,69785,133100,0,0,0,0,0.149896
4534,6,1,107717,28634,24669,79083,158259,0,0,0,0,0.139042
4535,6,1,102745,27320,23700,75425,150861,0,0,0,0,0.102177
4536,6,1,113491,30579,26619,82912,169314,0,0,0,0,0.103992
4537,6,1,99422,26156,22984,73266,143653,0,0,0,0,0.121494
4538,6,1,101681,27246,23561,74435,151001,0,0,0,0,0.137249
4539,6,1,92155,24048,20533,68107,132223,0,0,0,0,0.143135
4550,3,1,93669,24088,20861,69581,130954,0,0,0,0,0.108089
4551,3,1,102632,26433,22827,76199,143508,0,0,0,0,0.134352
4552,6,1,106720,27820,24130,78900,151886,0,0,0,0,0.149528
4554,3,1,111101,28666,24876,82435,154597,0,0,0,0,0.0992846
4555,6,1,113953,29768,25857,84185,162086,0,0,0,0,0.103068
4558,6,1,114499,29941,26148,84558,162704,0,0,0,0,0.120551
4559,3,1,104193,26669,23190,77524,144502,0,0,0,0,0.206329
4560,3,1,96604,25289,21809,71315,138724,0,0,0,0,0.181215
4561,3,1,110324,29144,25178,81180,159520,0,0,0,0,0.149184
4562,6,1,108608,29005,25377,79603,160155,0,0,0,0,0.142778
4564,3,1,113931,30323,26342,83608,166124,0,0,0,0,0.147077
4565,6,1,120155,32511,28169,87644,179873,0,0,0,0,0.0822338
4568,6,1,113021,30089,26008,82932,165317,0,0,0,0,0.10805
4569,3,1,114370,29905,26077,84465,161930,0,0,0,0,0.164087
4570,3,1,96494,25265,21795,71229,138599,0,0,0,0,0.129264
4571,3,1,114517,30098,26214,84419,163924,0,0,0,0,0.104174
4572,6,1,117719,31763,27931,85956,175399,0,0,0,0,0.182785
4574,3,1,113194,30000,26115,83194,164029,0,0,0,0,0.138161
4575,6,1,119608,32127,27640,87481,177721,0,0,0,0,0.112615
4578,6,1,105156,27796,23991,77360,152870,0,0,0,0,0.139692
4579,3,1,104499,27356,23598,77143,149148,0,0,0,0,0.102712
4580,3,1,109065,28736,25317,80329,157272,0,0,0,0,0.118809
4581,3,1,115503,30446,26784,85057,165887,0,0,0,0,0.113759
4582,6,1,116884,31263,27284,85621,171772,0,0,0,0,0.11749
4584,3,1,116285,30982,27100,85303,169231,0,0,0,0,0.150382
4585,6,1,122998,32820,28224,90178,180350,0,0,0,0,0.105356
4588,6,1,114517,30466,26188,84051,167439,0,0,0,0,0.110804
4589,3,1,99011,25693,22032,73318,139780,0,0,0,0,0.13297
4590,6,1,104769,27586,24015,77183,151708,0,0,0,0,0.156404
4591,6,1,109818,29151,25480,80667,160282,0,0,0,0,0.132974
4592,6,1,104635,27712,23926,76923,152624,0,0,0,0,0.160964
4593,6,1,101814,26381,22813,75433,144339,0,0,0,0,0.187889
4594,6,1,116304,31030,26951,85274,171130,0,0,0,0,0.117351
4595,6,1,107964,28515,24857,79449,156407,0,0,0,0,0.120665
4596,6,1,120429,32657,28523,87772,180434,0,0,0,0,0.15845
4597,6,1,99594,26220,23044,73374,144004,0,0,0,0,0.127065
4598,6,1,108121,29096,25311,79025,160795,0,0,0,0,0.132761
4599,6,1,99613,26144,22414,73469,143415,0,0,0,0,0.161675
4610,3,1,95345,25253,21644,70092,139194,0,0,0,0,0.144473
4611,3,1,105949,27953,23826,77996,152272,0,0,0,0,0.13439
4612,6,1,108104,28808,24839,79296,158807,0,0,0,0,0.0756198
4614,3,1,102732,27407,23743,75325,151056,0,0,0,0,0.1474
4615,6,1,110869,30009,25871,80860,166425,0,0,0,0,0.113479
4618,6,1,111949,30353,26176,81596,168484,0,0,0,0,0.0808773
4619,3,1,108986,28969,25121,80017,158997,0,0,0,0,0.0922678
4620,3,1,95368,25257,21640,70111,139206,0,0,0,0,0.114368
4621,3,1,112394,29440,25362,82954,159344,0,0,0,0,0.128392
4622,6,1,118356,31859,27550,86497,175413,0,0,0,0,0.148609
4624,3,1,111057,29588,25766,81469,162284,0,0,0,0,0.134393
4625,6,1,118438,32246,27821,86192,178601,0,0,0,0,0.109527
4628,6,1,118554,32105,27710,86449,177169,0,0,0,0,0.111259
4629,3,1,115268,30671,26750,84597,167503,0,0,0,0,0.14495
4630,3,1,115730,30230,26208,85500,164305,0,0,0,0,0.132738
4631,3,1,115806,30224,26242,85582,164195,0,0,0,0,0.122701
4632,6,1,115933,30819,26655,85114,168326,0,0,0,0,0.0959918
4634,3,1,120898,32049,27776,88849,174118,0,0,0,0,0.0912643
4635,6,1,123210,33294,28693,89916,183747,0,0,0,0,0.0958548
4638,6,1,124837,33863,29305,90974,187017,0,0,0,0,0.0884927
4639,3,1,120498,31886,27701,88612,173193,0,0,0,0,0.0932518
4640,6,1,107800,28691,24902,79109,157971,0,0,0,0,0.111574
4641,6,1,107748,28674,24884,79074,157860,0,0,0,0,0.101658
4642,6,1,96255,25341,21734,70914,139836,0,0,0,0,0.108582
4644,6,1,114120,30643,26285,83477,168657,0,0,0,0,0.116178
4645,6,1,108846,29462,25446,79384,163333,0,0,0,0,0.155769
4646,6,1,110083,29803,25779,80280,165254,0,0,0,0,0.134294
4647,6,1,108406,29111,25073,79295,161272,0,0,0,0,0.0959839
4648,6,1,110278,30005,25790,80273,166686,0,0,0,0,0.0935683
4649,6,1,110456,29424,25383,81032,161666,0,0,0,0,0.100848
4653,6,1,103258,27127,23276,76131,149097,0,0,0,0,0.173099
4660,3,1,87688,22613,19210,65075,123666,0,0,0,0,0.185365
4661,3,1,81733,20869,17647,60864,114309,0,0,0,0,0.145312
4662,6,1,108965,28818,24840,80147,158354,0,0,0,0,0.111803
4664,3,1,92751,24101,20523,68650,132228,0,0,0,0,0.15966
4665,6,1,110292,29304,25362,80988,161787,0,0,0,0,0.108677
4668,6,1,107945,28909,25160,79036,159960,0,0,0,0,0.101744
4669,3,1,100590,26309,22753,74281,143805,0,0,0,0,0.0987514
4670,3,1,98047,25268,22002,72779,137779,0,0,0,0,0.190265
4671,3,1,92124,23435,19992,68689,127550,0,0,0,0,0.136299
4672,6,1,102354,26890,23065,75464,147836,0,0,0,0,0.120583
4674,3,1,97667,25254,21680,72413,137755,0,0,0,0,0.14768
4675,6,1,105388,27957,24113,77431,154496,0,0,0,0,0.108305
4678,6,1,105019,27834,24058,77185,153658,0,0,0,0,0.120248
4679,3,1,103641,26880,23326,76761,145830,0,0,0,0,0.11089
4680,6,1,99476,25781,22302,73695,141341,0,0,0,0,0.181436
4681,6,1,105186,27542,23809,77644,151174,0,0,0,0,0.0901859
4682,6,1,111760,29636,25992,82124,162408,0,0,0,0,0.111417
4684,6,1,105215,27912,24110,77303,153952,0,0,0,0,0.10339
4685,6,1,114665,30819,27080,83846,170341,0,0,0,0,0.149521
4688,6,1,116809,31648,27598,85161,175208,0,0,0,0,0.120532
4689,6,1,106348,28378,24887,77970,156518,0,0,0,0,0.122191
4693,6,1,108711,29112,24987,79599,160935,0,0,0,0,0.128148
4696,6,1,114437,30958,26983,83479,171804,0,0,0,0,0.158741
4697,6,1,114998,31161,27143,83837,172780,0,0,0,0,0.121306
4700,3,1,105760,26976,23335,78784,145687,0,0,0,0,0.173491
4701,3,1,98675,25159,21640,73516,136101,0,0,0,0,0.132604
4702,6,1,99742,25900,22365,73842,141599,0,0,0,0,0.101253
4704,3,1,105126,27230,23569,77896,147660,0,0,0,0,0.147597
4705,6,1,105761,27760,23903,78001,152845,0,0,0,0,0.125732
4708,6,1,103039,27057,23379,75982,148845,0,0,0,0,0.117127
4709,3,1,103540,26857,23294,76683,145696,0,0,0,0,0.10742
4710,6,1,106049,27659,24077,78390,151358,0,0,0,0,0.156654
4711,6,1,112998,29647,25625,83351,161828,0,0,0,0,0.120747
4714,6,1,111614,29736,25953,81878,163641,0,0,0,0,0.116693
4719,6,1,106736,28518,24994,78218,157334,0,0,0,0,0.117375
4722,6,1,108282,28693,24902,79589,157656,0,0,0,0,0.15116
4723,6,1,98627,26293,22729,72334,145617,0,0,0,0,0.112921
4725,6,1,110478,29432,25589,81046,162546,0,0,0,0,0.098988
4726,6,1,110433,29638,25630,80795,164345,0,0,0,0,0.110689
4727,6,1,110708,29589,25728,81119,163438,0,0,0,0,0.090789
4728,6,1,110427,29608,25860,80819,163714,0,0,0,0,0.0966004
4740,6,1,102298,26707,22878,75591,146171,0,0,0,0,0.194254
4741,6,1,114073,30498,26251,83575,166867,0,0,0,0,0.180075
4742,6,1,106292,28454,24522,77838,156425,0,0,0,0,0.140342
4743,6,1,90677,23983,20314,66694,132472,0,0,0,0,0.155152
4744,6,1,112646,30232,26088,82414,166784,0,0,0,0,0.10076
4745,6,1,112285,30099,25960,82186,165908,0,0,0,0,0.0762889
4746,6,1,102399,27231,23415,75168,150153,0,0,0,0,0.135551
4747,6,1,108584,28867,24841,79717,158535,0,0,0,0,0.108521
4748,6,1,116892,31599,27547,85293,174260,0,0,0,0,0.110343
4749,6,1,108963,29579,25638,79384,164035,0,0,0,0,0.101697
4750,3,1,89906,22945,19647,66961,124674,0,0,0,0,0.281326
4751,3,1,107682,27954,23694,79728,152133,0,0,0,0,0.190829
4752,3,1,98676,25602,21628,73074,139869,0,0,0,0,0.148585
4753,3,1,87585,22683,19227,64902,123914,0,0,0,0,0.179264
4754,3,1,98993,25772,22120,73221,141262,0,0,0,0,0.139259
4755,3,1,102741,26669,22913,76072,145769,0,0,0,0,0.18869
4756,3,1,98786,25606,21980,73180,140209,0,0,0,0,0.241226
4757,3,1,104171,27062,23300,77109,147790,0,0,0,0,0.140378
4758,3,1,99676,25878,22311,73798,141457,0,0,0,0,0.160964
4759,3,1,91713,23761,20347,67952,130051,0,0,0,0,0.129571
5320,1,1,68931,17268,14438,51663,93933,0,0,0,0,0.302971
5321,3,1,72039,18414,15377,53625,101127,0,0,0,0,0.191699
5324,3,1,88186,23028,19672,65158,126721,0,0,0,0,0.202115
5329,3,1,81291,21501,18349,59790,118963,0,0,0,0,0.19229
5330,1,1,69279,17619,14798,51660,96417,0,0,0,0,0.206237
5331,3,1,77003,20115,16768,56888,111180,0,0,0,0,0.137542
5334,3,1,96304,25561,21938,70743,140558,0,0,0,0,0.140245
5339,3,1,76600,19924,16813,56676,109674,0,0,0,0,0.108374
5340,1,1,69272,17621,14802,51651,96429,0,0,0,0,0.219948
5341,3,1,77053,20124,16768,56929,111215,0,0,0,0,0.186108
5344,3,1,96627,25606,21981,71021,140738,0,0,0,0,0.101115
5349,3,1,76600,19923,16823,56677,109650,0,0,0,0,0.120045
5350,1,1,69262,17620,14802,51642,96423,0,0,0,0,0.22396
5351,3,1,80915,21271,17884,59644,117364,0,0,0,0,0.148698
5354,3,1,95277,25028,21191,70249,137157,0,0,0,0,0.0979174
5359,3,1,69890,17816,14956,52074,98023,0,0,0,0,0.131735
5360,3,1,63502,16170,13619,47332,88966,0,0,0,0,0.117911
5361,3,1,76923,19915,17095,57008,109737,0,0,0,0,0.102633
5362,6,1,84434,22082,18674,62352,122086,0,0,0,0,0.0945025
5364,3,1,91094,23928,20782,67166,131152,0,0,0,0,0.0974127
5365,6,1,93666,24727,21050,68939,136671,0,0,0,0,0.144026
5368,6,1,95482,25231,21596,70251,138954,0,0,0,0,0.113419
5369,3,1,74855,19309,16172,55546,106220,0,0,0,0,0.13898
5390,1,1,83612,21360,17860,62252,116416,0,0,0,0,0.173561
5391,3,1,83604,21701,18336,61903,118826,0,0,0,0,0.0990898
5394,3,1,104205,27678,23709,76527,151470,0,0,0,0,0.0992052
5399,3,1,93222,24236,20734,68986,131834,0,0,0,0,0.104343
5400,1,1,83662,21366,17865,62296,116452,0,0,0,0,0.193922
5401,3,1,83732,21733,18358,61999,119000,0,0,0,0,0.104015
5404,3,1,104257,27700,23745,76557,151604,0,0,0,0,0.11694
5409,3,1,93140,24220,20723,68920,131752,0,0,0,0,0.0995529
5410,1,1,83664,21366,17869,62298,116452,0,0,0,0,0.187438
5411,3,1,106186,28526,24211,77660,157179,0,0,0,0,0.114884
5414,3,1,118413,32031,27666,86382,175726,0,0,0,0,0.116598
5419,3,1,84009,21546,18188,62463,117610,0,0,0,0,0.102879
5420,3,1,80826,20923,17610,59903,114522,0,0,0,0,0.157121
5421,3,1,92782,24362,20844,68420,133271,0,0,0,0,0.0956286
5422,6,1,95059,25264,21388,69795,139211,0,0,0,0,0.0928228
5424,3,1,108620,28976,25023,79644,158449,0,0,0,0,0.100242
5425,6,1,103883,27729,23735,76154,152446,0,0,0,0,0.0878585
5428,6,1,110028,29602,25257,80426,163016,0,0,0,0,0.109528
5429,3,1,90806,23685,20166,67121,129578,0,0,0,0,0.144533
5450,1,1,101776,25965,22269,75811,140915,0,0,0,0,0.208347
5451,3,1,100286,26315,22751,73971,143816,0,0,0,0,0.144558
5454,3,1,112759,30181,26130,82578,165474,0,0,0,0,0.130556
5459,3,1,115789,30310,26321,85479,164777,0,0,0,0,0.117264
5460,1,1,101758,25966,22273,75792,140930,0,0,0,0,0.289421
5461,3,1,110950,29522,25730,81428,161368,0,0,0,0,0.154749
5464,3,1,105164,27694,24000,77470,151684,0,0,0,0,0.0764137
5469,3,1,102004,26817,23254,75187,146918,0,0,0,0,0.0878035
5470,3,1,97187,25300,21576,71887,138439,0,0,0,0,0.0972217
5471,3,1,125754,33834,29329,91920,185398,0,0,0,0,0.092414
5474,3,1,94056,25035,21465,69021,137810,0,0,0,0,0.0908721
5475,6,1,115057,30917,26554,84140,170300,0,0,0,0,0.0778991
5478,6,1,111471,29801,25637,81670,163745,0,0,0,0,0.0839847
5479,3,1,102653,26837,22990,75816,146403,0,0,0,0,0.0929831
5482,6,1,108858,28842,24920,80016,158224,0,0,0,0,0.0687914
5500,1,1,101951,26016,22308,75935,141220,0,0,0,0,0.1607
5501,3,1,121480,32369,28412,89111,175804,0,0,0,0,0.0836804
5504,3,1,101724,26646,22822,75078,145440,0,0,0,0,0.0890514
5509,3,1,91513,23953,20455,67560,131421,0,0,0,0,0.069212
5510,3,1,97434,25373,21612,72061,138875,0,0,0,0,0.0963754
5511,3,1,134301,36258,31575,98043,198113,0,0,0,0,0.0873799
5514,3,1,91514,24068,20479,67446,131728,0,0,0,0,0.0939756
5519,3,1,87970,22699,19502,65271,123638,0,0,0,0,0.0947175
5522,6,1,116530,30959,26732,85571,169395,0,0,0,0,0.0783846
5525,6,1,112994,30268,25809,82726,166181,0,0,0,0,0.0626206
5528,6,1,101913,27025,23107,74888,148588,0,0,0,0,0.0635827
5540,3,1,105147,27423,23536,77724,149195,0,0,0,0,0.0701309
5541,3,1,105113,27406,23525,77707,149046,0,0,0,0,0.0696491
5544,3,1,82448,21231,17901,61217,114947,0,0,0,0,0.0802639
5549,3,1,75717,19463,16392,56254,106449,0,0,0,0,0.0884325
5562,6,1,109073,28729,24742,80344,156955,0,0,0,0,0.0787734
5565,6,1,102553,27171,23269,75382,148637,0,0,0,0,0.063502
5568,6,1,95255,25020,21327,70235,137258,0,0,0,0,0.0631498
5590,3,1,107882,27857,23996,80025,151265,0,0,0,0,0.0709559
5591,3,1,107940,27879,24009,80061,151402,0,0,0,0,0.0692283
5592,3,1,103048,26819,23197,76229,146318,0,0,0,0,0.0757986
5593,3,1,104108,26871,23025,77237,146100,0,0,0,0,0.119433
5594,3,1,105311,27302,23218,78009,147287,0,0,0,0,0.0717817
5595,3,1,93906,24628,20947,69278,134297,0,0,0,0,0.0688748
5596,3,1,105234,27552,23551,77682,149661,0,0,0,0,0.0744822
5597,3,1,87156,22680,19334,64476,124397,0,0,0,0,0.0718166
5598,3,1,95499,24720,21103,70779,134776,0,0,0,0,0.0738296
5599,3,1,87849,22490,19165,65359,122411,0,0,0,0,0.0880787
5600,1,1,68863,17251,14438,51612,93831,0,0,0,0,0.305156
5601,3,1,71922,18383,15373,53539,100941,0,0,0,0,0.158275
5604,3,1,88067,23000,19663,65067,126554,0,0,0,0,0.127219
5609,3,1,81192,21477,18341,59715,118821,0,0,0,0,0.121428
5610,1,1,84182,21595,18689,62587,117671,0,0,0,0,0.180102
5611,3,1,92649,24419,20965,68230,134356,0,0,0,0,0.0817942
5614,3,1,110316,29383,25602,80933,160627,0,0,0,0,0.0739596
5619,3,1,89475,23360,20155,66115,127968,0,0,0,0,0.0924033
5620,1,1,84092,21555,18652,62537,117386,0,0,0,0,0.149514
5621,3,1,92699,24426,20975,68273,134372,0,0,0,0,0.114643
5624,3,1,110409,29380,25648,81029,160530,0,0,0,0,0.0991454
5629,3,1,89510,23356,20155,66154,127920,0,0,0,0,0.100576
5630,1,1,84056,21553,18643,62503,117391,0,0,0,0,0.168267
5631,3,1,97197,25734,22015,71463,141623,0,0,0,0,0.0852761
5634,3,1,110186,29283,25040,80903,160415,0,0,0,0,0.108187
5639,3,1,81999,21183,18299,60816,116129,0,0,0,0,0.0989998
5640,3,1,77003,19919,17146,57084,109340,0,0,0,0,0.0819774
5641,3,1,89385,23507,20274,65878,129389,0,0,0,0,0.0711953
5642,6,1,99133,26332,22599,72801,145426,0,0,0,0,0.0722688
5644,3,1,101205,26724,23346,74481,146014,0,0,0,0,0.0744806
5645,6,1,107100,28670,24622,78430,158190,0,0,0,0,0.0698854
5648,6,1,107145,28434,24701,78711,155705,0,0,0,0,0.0745089
5649,3,1,89259,23410,20193,65849,128356,0,0,0,0,0.123703
5670,1,1,91102,23545,19996,67557,129053,0,0,0,0,0.195335
5671,3,1,92061,24092,20697,67969,132695,0,0,0,0,0.0931884
5674,3,1,109751,29652,25681,80099,163962,0,0,0,0,0.0704594
5679,3,1,97282,25643,21901,71639,140953,0,0,0,0,0.0759507
5680,1,1,91123,23548,19998,67575,129071,0,0,0,0,0.14765
5681,3,1,92078,24095,20700,67983,132698,0,0,0,0,0.0785475
5684,3,1,109939,29680,25726,80259,164043,0,0,0,0,0.0787803
5689,3,1,96686,25491,21753,71195,140141,0,0,0,0,0.073217
5690,1,1,91192,23566,20021,67626,129179,0,0,0,0,0.130397
5691,3,1,108909,29138,25083,79771,160682,0,0,0,0,0.0778825
5694,3,1,120267,32554,28167,87713,179063,0,0,0,0,0.0756858
5699,3,1,91390,23599,19864,67791,129285,0,0,0,0,0.111521
5700,3,1,87204,22734,19188,64470,124921,0,0,0,0,0.123193
5701,3,1,97444,25435,21860,72009,139575,0,0,0,0,0.0713127
5702,6,1,98734,26237,22436,72497,145063,0,0,0,0,0.070005
5704,3,1,109839,29145,25402,80694,159611,0,0,0,0,0.0689913
5705,6,1,107095,28777,24889,78318,159226,0,0,0,0,0.0717594
5708,6,1,114053,30772,26389,83281,170310,0,0,0,0,0.0794766
5709,3,1,97112,25445,21612,71667,139925,0,0,0,0,0.164753
5730,1,1,92434,23790,20249,68644,129949,0,0,0,0,0.18345
5731,3,1,88149,22779,19736,65370,124141,0,0,0,0,0.0961138
5734,3,1,110698,29745,25848,80953,164013,0,0,0,0,0.0805085
5739,3,1,106053,28105,24410,77948,153859,0,0,0,0,0.0849123
5740,1,1,92323,23770,20242,68553,129850,0,0,0,0,0.145058
5741,3,1,98250,25697,22518,72553,140422,0,0,0,0,0.0860637
5744,3,1,105327,28077,24416,77250,154895,0,0,0,0,0.0681817
5749,3,1,100691,26617,22816,74074,146598,0,0,0,0,0.065691
5750,3,1,92242,23915,20347,68327,130914,0,0,0,0,0.0800637
5751,3,1,116657,31283,26951,85374,171815,0,0,0,0,0.0905559
5754,3,1,98441,26217,22487,72224,144439,0,0,0,0,0.0720119
5755,6,1,115885,31223,27082,84662,172327,0,0,0,0,0.0614395
5758,6,1,114331,31043,26752,83288,171749,0,0,0,0,0.0576817
5759,3,1,99264,26390,22835,72874,145224,0,0,0,0,0.0906201
5762,6,1,99931,26485,22743,73446,145812,0,0,0,0,0.0674507
5780,1,1,92440,23807,20266,68633,130094,0,0,0,0,0.117702
5781,3,1,111011,29204,25624,81807,158871,0,0,0,0,0.064941
5784,3,1,103315,27391,23816,75924,150679,0,0,0,0,0.0651863
5789,3,1,98712,26020,22204,72692,143174,0,0,0,0,0.0636593
5790,3,1,92438,23975,20380,68463,131286,0,0,0,0,0.0758834
5791,3,1,126923,34064,29532,92859,186308,0,0,0,0,0.0672456
5794,3,1,95424,25130,21370,70294,137956,0,0,0,0,0.0716905
5799,3,1,96368,25420,21842,70948,139708,0,0,0,0,0.0779004
5802,6,1,107611,28702,24781,78909,157601,0,0,0,0,0.0690695
5805,6,1,113651,30543,26340,83108,168249,0,0,0,0,0.0574441
5808,6,1,109846,29637,25567,80209,163924,0,0,0,0,0.0576973
5820,3,1,101103,26514,22632,74589,144534,0,0,0,0,0.0725502
5821,3,1,101372,26576,22684,74796,144806,0,0,0,0,0.0660158
5824,3,1,89218,23265,19679,65953,126691,0,0,0,0,0.0723155
5829,3,1,87065,22683,19360,64382,124251,0,0,0,0,0.0726092
5842,6,1,103541,27148,23336,76393,148338,0,0,0,0,0.0768289
5845,6,1,104103,27457,23548,76646,150758,0,0,0,0,0.0578468
5848,6,1,102012,27050,23173,74962,148987,0,0,0,0,0.0561674
5870,3,1,95768,24728,21541,71040,134512,0,0,0,0,0.0616644
5871,3,1,95951,24767,21584,71184,134701,0,0,0,0,0.0649805
5872,3,1,93008,24088,20919,68920,131597,0,0,0,0,0.0697551
5873,3,1,95178,24797,21228,70381,136006,0,0,0,0,0.110582
5874,3,1,97701,25261,21850,72440,137090,0,0,0,0,0.0670901
5875,3,1,96756,25158,21359,71598,137684,0,0,0,0,0.0658191
5876,3,1,100600,26662,23115,73938,146877,0,0,0,0,0.0665401
5877,3,1,93839,24471,21003,69368,134165,0,0,0,0,0.0627396
5878,3,1,98811,26121,22394,72690,144144,0,0,0,0,0.0661246
5879,3,1,102622,26806,23003,75816,146648,0,0,0,0,0.0712712
5880,1,1,82429,21314,18018,61115,117041,0,0,0,0,0.143324
5881,3,1,84212,22164,18632,62048,122675,0,0,0,0,0.0915371
5884,3,1,102623,27566,23778,75057,152488,0,0,0,0,0.0743958
5889,3,1,92736,24706,21238,68030,136636,0,0,0,0,0.0798767
5890,1,1,89864,23342,19990,66522,127546,0,0,0,0,0.125978
5891,3,1,93738,24593,20891,69145,134975,0,0,0,0,0.0867898
5894,3,1,114790,30646,26611,84144,167914,0,0,0,0,0.0719257
5899,3,1,105003,27676,23529,77327,151342,0,0,0,0,0.0739882
5900,1,1,93882,24206,20656,69676,132719,0,0,0,0,0.132248
5901,3,1,92511,24408,21045,68103,134687,0,0,0,0,0.100317
5904,3,1,109126,29436,25412,79690,162792,0,0,0,0,0.0962852
5909,3,1,116673,31472,27196,85201,174243,0,0,0,0,0.0874378
5910,1,1,94243,24268,20712,69975,132960,0,0,0,0,0.129097
5911,3,1,99864,26263,22524,73601,144740,0,0,0,0,0.0704623
5914,3,1,98270,26161,22261,72109,144601,0,0,0,0,0.0711886
5919,3,1,102827,27146,23213,75681,148882,0,0,0,0,0.066962
5920,3,1,86708,22591,19299,64117,124272,0,0,0,0,0.0801231
5921,3,1,103079,27345,23707,75734,150514,0,0,0,0,0.0739157
5922,6,1,99250,26198,22732,73052,144746,0,0,0,0,0.0710015
5924,3,1,92495,24251,20975,68244,132816,0,0,0,0,0.0787074
5925,6,1,105455,28418,24300,77037,157435,0,0,0,0,0.0586407
5928,6,1,110174,29661,25411,80513,163867,0,0,0,0,0.063157
5929,3,1,111986,30326,26337,81660,166778,0,0,0,0,0.0877403
5950,1,1,94982,24909,21389,70073,136968,0,0,0,0,0.201899
5951,3,1,93907,24686,21075,69221,135800,0,0,0,0,0.0945715
5954,3,1,110382,29756,25816,80626,164112,0,0,0,0,0.0944394
5959,3,1,98983,26260,22506,72723,144536,0,0,0,0,0.0796992
5960,1,1,110033,29161,25182,80872,160774,0,0,0,0,0.131028
5961,3,1,105538,28491,24592,77047,157964,0,0,0,0,0.0974671
5964,3,1,123732,34007,29604,89725,188487,0,0,0,0,0.0673791
5969,3,1,118412,32151,27816,86261,178136,0,0,0,0,0.0833211
5970,1,1,110252,29238,25254,81014,161250,0,0,0,0,0.107845
5971,3,1,120400,32838,28185,87562,182161,0,0,0,0,0.0619147
5974,3,1,114803,31067,26752,83736,171926,0,0,0,0,0.0637931
5979,3,1,112860,30064,25755,82796,165368,0,0,0,0,0.0794975
5980,3,1,104968,28071,23939,76897,155477,0,0,0,0,0.100732
5981,3,1,120680,33030,28538,87650,183465,0,0,0,0,0.0821893
5982,6,1,113454,30487,26250,82967,168923,0,0,0,0,0.0896136
5984,3,1,105060,28275,24392,76785,156410,0,0,0,0,0.108755
5985,6,1,117817,32000,27374,85817,177539,0,0,0,0,0.0620099
5988,6,1,122051,33512,28852,88539,186236,0,0,0,0,0.0580564
5989,3,1,117954,31659,27350,86295,173930,0,0,0,0,0.0766241
6010,1,1,103995,27389,23519,76606,150032,0,0,0,0,0.109459
6011,3,1,102898,27475,23370,75423,151218,0,0,0,0,0.0678784
6014,3,1,123391,33597,29114,89794,185151,0,0,0,0,0.0648946
6019,3,1,111356,29891,25600,81465,164518,0,0,0,0,0.0632988
6020,1,1,103963,27383,23526,76580,150000,0,0,0,0,0.107127
6021,3,1,115364,30853,26471,84511,169239,0,0,0,0,0.065994
6024,3,1,122679,32653,28453,90026,178698,0,0,0,0,0.0638178
6029,3,1,105393,28184,23820,77209,155575,0,0,0,0,0.0793105
6030,3,1,99692,26624,22795,73068,146631,0,0,0,0,0.0710981
6031,3,1,121171,33209,28520,87962,183651,0,0,0,0,0.0628595
6034,3,1,119952,32424,28449,87528,178275,0,0,0,0,0.0796974
6035,6,1,116668,31697,27237,84971,175414,0,0,0,0,0.0767109
6038,6,1,119112,32620,28016,86492,181284,0,0,0,0,0.0701733
6039,3,1,103261,27752,23594,75509,153053,0,0,0,0,0.0797115
6042,6,1,109083,29165,25159,79918,160759,0,0,0,0,0.0668266
6060,1,1,100880,25927,22226,74953,140972,0,0,0,0,0.182101
6061,3,1,113799,30386,26215,83413,166765,0,0,0,0,0.0966522
6064,3,1,132154,35739,31245,96415,195726,0,0,0,0,0.0825945
6069,3,1,108813,28350,24362,80463,154757,0,0,0,0,0.0809399
6070,3,1,101830,26607,22574,75223,145537,0,0,0,0,0.0844021
6071,3,1,113364,30435,26168,82929,167430,0,0,0,0,0.0688746
6074,3,1,127096,34572,30192,92524,191028,0,0,0,0,0.0642962
6079,3,1,107605,28764,24517,78841,158899,0,0,0,0,0.0740236
6082,6,1,119504,32651,27939,86853,180547,0,0,0,0,0.0609768
6085,6,1,125437,34478,29486,90959,191442,0,0,0,0,0.0588746
6088,6,1,119763,32509,28122,87254,180387,0,0,0,0,0.0655337
6100,3,1,111453,29151,25009,82302,158368,0,0,0,0,0.074751
6101,3,1,105784,28232,24117,77552,154417,0,0,0,0,0.0614251
6104,3,1,113871,30790,26745,83081,169794,0,0,0,0,0.0668626
6109,3,1,98298,26335,22337,71963,145302,0,0,0,0,0.072368
6122,6,1,108264,29183,24991,79081,160512,0,0,0,0,0.0594576
6125,6,1,110603,30015,25635,80588,166479,0,0,0,0,0.0676655
6128,6,1,109604,29385,25274,80219,162410,0,0,0,0,0.0605243
6150,3,1,105696,27000,23186,78696,145717,0,0,0,0,0.0709015
6151,3,1,115903,30865,26691,85038,168465,0,0,0,0,0.0582159
6152,3,1,112432,30068,25745,82364,164449,0,0,0,0,0.0578287
6153,3,1,115399,30984,26772,84415,169481,0,0,0,0,0.0718826
6154,3,1,113340,30061,25934,83279,164854,0,0,0,0,0.0634101
6155,3,1,113074,30139,26178,82935,165654,0,0,0,0,0.0626289
6156,3,1,104712,28053,24071,76659,154849,0,0,0,0,0.0687744
6157,3,1,97052,25605,22114,71447,140911,0,0,0,0,0.0686887
6158,3,1,105751,28182,24426,77569,155445,0,0,0,0,0.0675101
6159,3,1,112184,30034,26057,82150,165136,0,0,0,0,0.07043
6160,1,1,82415,21311,18018,61104,117023,0,0,0,0,0.154931
6161,3,1,84217,22165,18632,62052,122681,0,0,0,0,0.088925
6164,3,1,102702,27573,23803,75129,152482,0,0,0,0,0.0728313
6169,3,1,92668,24697,21268,67971,136596,0,0,0,0,0.0805224
6170,1,1,89864,23342,19990,66522,127546,0,0,0,0,0.126947
6171,3,1,93727,24590,20893,69137,134957,0,0,0,0,0.077587
6174,3,1,114654,30612,26601,84042,167721,0,0,0,0,0.0753967
6179,3,1,104887,27647,23520,77240,151166,0,0,0,0,0.0748921
6180,1,1,93823,24196,20655,69627,132658,0,0,0,0,0.125716
6181,3,1,92481,24408,21044,68073,134691,0,0,0,0,0.0787781
6184,3,1,109173,29452,25431,79721,162868,0,0,0,0,0.0795152
6189,3,1,116719,31492,27216,85227,174367,0,0,0,0,0.0698733
6190,1,1,94136,24244,20697,69892,132820,0,0,0,0,0.123161
6191,3,1,109999,28915,24878,81084,158599,0,0,0,0,0.0741793
6194,3,1,100265,26457,22628,73808,145936,0,0,0,0,0.0709
6199,3,1,95121,25086,21352,70035,138319,0,0,0,0,0.0721319
6200,3,1,86629,22574,19291,64055,124178,0,0,0,0,0.0789656
6201,3,1,114795,30685,26659,84110,168606,0,0,0,0,0.072533
6202,6,1,109342,29049,25241,80293,160291,0,0,0,0,0.0745017
6204,3,1,95904,25219,21911,70685,138220,0,0,0,0,0.0746756
6205,6,1,105672,28425,24280,77247,157442,0,0,0,0,0.0583968
6208,6,1,102730,27392,23294,75338,151317,0,0,0,0,0.0634293
6209,3,1,100030,26749,23221,73281,147172,0,0,0,0,0.0868068
6230,1,1,94975,24907,21386,70068,136956,0,0,0,0,0.16416
6231,3,1,93904,24687,21071,69217,135809,0,0,0,0,0.0773686
6234,3,1,110585,29781,25851,80804,164171,0,0,0,0,0.0708309
6239,3,1,98993,26249,22508,72744,144435,0,0,0,0,0.0740043
6240,1,1,110019,29168,25189,80851,160852,0,0,0,0,0.10855
6241,3,1,105207,28413,24527,76794,157544,0,0,0,0,0.062994
6244,3,1,123139,33853,29493,89286,187610,0,0,0,0,0.0637377
6249,3,1,118422,32152,27814,86270,178172,0,0,0,0,0.0615672
6250,1,1,110339,29255,25253,81084,161337,0,0,0,0,0.105138
6251,3,1,129948,35692,30582,94256,197581,0,0,0,0,0.0598325
6254,3,1,114146,30864,26695,83282,170622,0,0,0,0,0.0655049
6259,3,1,105003,27754,23664,77249,152851,0,0,0,0,0.0651491
6260,3,1,105030,28087,23948,76943,155570,0,0,0,0,0.0710391
6261,3,1,128779,35400,30545,93379,196182,0,0,0,0,0.0873257
6262,6,1,119204,32464,28010,86740,180115,0,0,0,0,0.0671154
6264,3,1,104694,28108,24205,76586,155374,0,0,0,0,0.0701287
6265,6,1,114911,31030,26582,83881,171820,0,0,0,0,0.0550209
6268,6,1,112795,30757,26395,82038,170929,0,0,0,0,0.0578071
6269,3,1,104832,27858,24104,76974,153134,0,0,0,0,0.0834543
6290,1,1,103926,27370,23518,76556,149914,0,0,0,0,0.107515
6291,3,1,102831,27463,23353,75368,151160,0,0,0,0,0.0675342
6294,3,1,123304,33568,29107,89736,184975,0,0,0,0,0.0658203
6299,3,1,111334,29886,25597,81448,164488,0,0,0,0,0.0659623
6300,1,1,103930,27378,23524,76552,149988,0,0,0,0,0.110137
6301,3,1,126103,34001,29211,92102,186435,0,0,0,0,0.0651048
6304,3,1,115035,30722,26538,84313,168718,0,0,0,0,0.0641046
6309,3,1,109085,29054,24711,80031,160032,0,0,0,0,0.0656048
6310,3,1,99677,26619,22795,73058,146597,0,0,0,0,0.0678168
6311,3,1,130428,35964,31123,94464,198530,0,0,0,0,0.0635768
6314,3,1,112365,30392,26438,81973,168004,0,0,0,0,0.070462
6315,6,1,111876,30252,25838,81624,167498,0,0,0,0,0.0593316
6318,6,1,121565,33162,28514,88403,183891,0,0,0,0,0.0626525
6319,3,1,105548,28226,24149,77322,155301,0,0,0,0,0.0961724
6322,6,1,116171,31232,26982,84939,172044,0,0,0,0,0.0889073
6340,1,1,101002,25946,22235,75056,141047,0,0,0,0,0.169114
6341,3,1,109916,29165,25354,80751,159862,0,0,0,0,0.0750117
6344,3,1,122282,32992,28711,89290,181783,0,0,0,0,0.0763945
6349,3,1,114249,30019,26048,84230,164332,0,0,0,0,0.0772771
6350,3,1,101702,26566,22542,75136,145290,0,0,0,0,0.0830038
6351,3,1,114268,30809,26701,83459,169782,0,0,0,0,0.0656128
6354,3,1,121755,33047,28753,88708,183007,0,0,0,0,0.0635984
6359,3,1,111677,30026,25797,81651,165988,0,0,0,0,0.0771368
6362,6,1,121253,33428,28661,87825,185627,0,0,0,0,0.0661365
6365,6,1,120687,33086,28306,87601,184241,0,0,0,0,0.0593794
6368,6,1,123720,33762,29211,89958,187551,0,0,0,0,0.0622094
6380,3,1,111552,29149,25010,82403,158274,0,0,0,0,0.077549
6381,3,1,105791,28241,24124,77550,154494,0,0,0,0,0.0666573
6384,3,1,114085,30826,26772,83259,169945,0,0,0,0,0.0625265
6389,3,1,98306,26349,22351,71957,145401,0,0,0,0,0.0756678
6402,6,1,102068,27314,23334,74754,150281,0,0,0,0,0.0612078
6405,6,1,111160,30108,25645,81052,166905,0,0,0,0,0.0765199
6408,6,1,111020,29843,25659,81177,164911,0,0,0,0,0.0873629
6430,3,1,105732,27006,23196,78726,145731,0,0,0,0,0.0877917
6431,3,1,115901,30864,26668,85037,168465,0,0,0,0,0.060433
6432,3,1,104416,27717,23749,76699,152047,0,0,0,0,0.0628107
6433,3,1,103451,27570,23761,75881,151506,0,0,0,0,0.0770006
6434,3,1,113389,30082,25952,83307,164912,0,0,0,0,0.0614089
6435,3,1,114749,30696,26670,84053,169047,0,0,0,0,0.0601189
6436,3,1,106349,28574,24466,77775,157855,0,0,0,0,0.0904321
6437,3,1,99537,26269,22563,73268,144289,0,0,0,0,0.100674
6438,3,1,107973,28975,24974,78998,159908,0,0,0,0,0.0737452
6439,3,1,112192,30058,26072,82134,165281,0,0,0,0,0.0761762
6440,1,1,82395,21307,18018,61088,116999,0,0,0,0,0.14362
6441,3,1,102211,27593,23469,74618,153373,0,0,0,0,0.0856037
6444,3,1,120846,32941,28462,87905,182404,0,0,0,0,0.0858632
6449,3,1,84493,22124,18676,62369,122243,0,0,0,0,0.0865476
6450,1,1,89847,23339,19991,66508,127528,0,0,0,0,0.129988
6451,3,1,116929,31532,27031,85397,173611,0,0,0,0,0.0777029
6454,3,1,129778,35243,30545,94535,193837,0,0,0,0,0.0752746
6459,3,1,93189,24205,20402,68984,132341,0,0,0,0,0.0793571
6460,1,1,93712,24171,20645,69541,132512,0,0,0,0,0.128369
6461,3,1,106914,28468,24803,78446,157032,0,0,0,0,0.0709988
6464,3,1,110594,29721,25683,80873,164511,0,0,0,0,0.0734539
6469,3,1,109775,29588,25610,80187,163741,0,0,0,0,0.0739211
6470,1,1,94073,24233,20699,69840,132753,0,0,0,0,0.172319
6471,3,1,117924,31470,27614,86454,173014,0,0,0,0,0.103886
6474,3,1,105006,27973,24264,77033,154382,0,0,0,0,0.0689165
6479,3,1,100328,26666,22925,73662,147131,0,0,0,0,0.0665103
6480,3,1,105113,27993,24297,77120,154555,0,0,0,0,0.0659759
6481,3,1,116821,31410,27639,85411,172653,0,0,0,0,0.0665603
6482,6,1,105686,27894,24429,77792,153024,0,0,0,0,0.0711712
6484,3,1,98881,26272,22789,72609,144053,0,0,0,0,0.0726004
6485,6,1,113739,30788,26762,82951,170601,0,0,0,0,0.0572693
6488,6,1,112757,30639,26407,82118,170083,0,0,0,0,0.058795
6489,3,1,96051,25415,21719,70636,139648,0,0,0,0,0.0791205
6510,1,1,94995,24912,21388,70083,136986,0,0,0,0,0.127111
6511,3,1,110662,30103,26140,80559,166726,0,0,0,0,0.0788618
6514,3,1,122978,33283,28963,89695,183054,0,0,0,0,0.0740277
6519,3,1,90838,23568,20183,67270,129152,0,0,0,0,0.0773526
6520,1,1,110080,29177,25193,80903,160885,0,0,0,0,0.100079
6521,3,1,121159,32994,28791,88165,182707,0,0,0,0,0.0586534
6524,3,1,117467,31933,27772,85534,176869,0,0,0,0,0.0607674
6529,3,1,111822,29785,25685,82037,163646,0,0,0,0,0.0582874
6530,1,1,110301,29255,25255,81046,161376,0,0,0,0,0.103446
6531,3,1,128207,35059,30575,93148,193760,0,0,0,0,0.0741568
6534,3,1,113755,30754,26554,83001,170137,0,0,0,0,0.0974037
6539,3,1,101093,26617,22863,74476,146417,0,0,0,0,0.0728836
6540,3,1,115266,31271,26877,83995,173522,0,0,0,0,0.076158
6541,3,1,124132,33880,29550,90252,187345,0,0,0,0,0.0770816
6542,6,1,116863,31357,27136,85506,172922,0,0,0,0,0.0690902
6544,3,1,96056,25569,22046,70487,141040,0,0,0,0,0.0794648
6545,6,1,120976,33201,28757,87775,184560,0,0,0,0,0.0603371
6548,6,1,116365,31808,27428,84557,176859,0,0,0,0,0.0623663
6549,3,1,97426,25936,22162,71490,143019,0,0,0,0,0.0857875
6570,1,1,103885,27360,23515,76525,149862,0,0,0,0,0.117233
6571,3,1,111277,29843,26011,81434,164436,0,0,0,0,0.0857853
6574,3,1,115383,30968,26605,84415,170700,0,0,0,0,0.0837004
6579,3,1,108507,28824,24934,79683,158519,0,0,0,0,0.0636949
6580,1,1,103861,27359,23524,76502,149870,0,0,0,0,0.131979
6581,3,1,122679,32980,28763,89699,180983,0,0,0,0,0.0600308
6584,3,1,112312,30023,25807,82289,165284,0,0,0,0,0.0724993
6589,3,1,107749,28797,24748,78952,158842,0,0,0,0,0.0831057
6590,3,1,115899,31370,27128,84529,172686,0,0,0,0,0.0661028
6591,3,1,124284,34051,29496,90233,187512,0,0,0,0,0.069173
6594,3,1,106118,28431,24520,77687,157064,0,0,0,0,0.0756295
6595,6,1,119710,32677,28286,87033,181295,0,0,0,0,0.0576554
6598,6,1,117136,31816,27328,85320,176132,0,0,0,0,0.0561843
6599,3,1,108084,28740,24531,79344,157737,0,0,0,0,0.0756523
6602,6,1,120977,32256,27804,88721,176823,0,0,0,0,0.0692656
6620,1,1,101050,25955,22239,75095,141092,0,0,0,0,0.174626
6621,3,1,104620,27539,23987,77081,150802,0,0,0,0,0.0964438
6624,3,1,116658,31221,26986,85437,171900,0,0,0,0,0.109524
6629,3,1,107589,28040,24343,79549,152883,0,0,0,0,0.0796556
6630,3,1,120636,31890,27510,88746,173875,0,0,0,0,0.0850464
6631,3,1,113696,30716,26388,82980,169048,0,0,0,0,0.100169
6634,3,1,126912,34596,30093,92316,191252,0,0,0,0,0.0936
6639,3,1,111941,29835,25809,82106,163812,0,0,0,0,0.0736612
6642,6,1,120351,32742,28092,87609,180746,0,0,0,0,0.0581929
6645,6,1,125563,34532,29651,91031,192104,0,0,0,0,0.0585967
6648,6,1,123213,33491,29216,89722,185232,0,0,0,0,0.0615212
6660,3,1,128366,34006,29323,94360,184893,0,0,0,0,0.0889187
6661,3,1,108898,29013,24986,79885,159239,0,0,0,0,0.0663564
6664,3,1,116881,31683,27199,85198,175393,0,0,0,0,0.0664566
6669,3,1,103427,27471,23461,75956,151208,0,0,0,0,0.0695423
6682,6,1,110357,29616,25339,80741,163354,0,0,0,0,0.0592405
6685,6,1,121188,33188,28589,88000,184633,0,0,0,0,0.056344
6688,6,1,115637,31222,27151,84415,172750,0,0,0,0,0.0724039
6710,3,1,97136,24608,20927,72528,133122,0,0,0,0,0.0990223
6711,3,1,101133,26424,22781,74709,143674,0,0,0,0,0.0619037
6712,3,1,96173,25004,21438,71169,136211,0,0,0,0,0.070218
6713,3,1,97892,25822,22032,72070,141342,0,0,0,0,0.107409
6714,3,1,109215,29280,25258,79935,161955,0,0,0,0,0.060741
6715,3,1,113637,30261,26253,83376,166410,0,0,0,0,0.0585587
6716,3,1,107414,28527,24462,78887,156556,0,0,0,0,0.0685379
6717,3,1,94556,24616,21145,69940,133723,0,0,0,0,0.0679896
6718,3,1,104421,27670,23797,76751,152138,0,0,0,0,0.0700196
6719,3,1,104551,27741,23850,76810,152625,0,0,0,0,0.0659802
6720,3,1,79167,20845,17588,58322,115412,0,0,0,0,0.0918199
6721,3,1,92993,24832,21352,68161,137715,0,0,0,0,0.079971
6722,6,1,88530,23453,20017,65077,130169,0,0,0,0,0.0736795
6724,3,1,105839,28341,24647,77498,156091,0,0,0,0,0.0748328
6725,6,1,97770,26208,22368,71562,145358,0,0,0,0,0.0770708
6728,6,1,101080,26764,23170,74316,147298,0,0,0,0,0.0806954
6729,3,1,84120,21702,18495,62418,118937,0,0,0,0,0.142715
6730,3,1,90123,23643,20023,66480,129842,0,0,0,0,0.0858697
6731,3,1,105561,28159,24392,77402,154781,0,0,0,0,0.0799422
6732,6,1,103199,27510,23652,75689,151795,0,0,0,0,0.0828384
6734,3,1,115844,30930,27037,84914,168960,0,0,0,0,0.108852
6735,6,1,109428,29145,25266,80283,160136,0,0,0,0,0.0879954
6738,6,1,109547,28861,24993,80686,158073,0,0,0,0,0.0806935
6739,3,1,95076,24842,21304,70234,135978,0,0,0,0,0.124883
6740,3,1,93483,24511,21227,68972,134961,0,0,0,0,0.0864491
6741,3,1,111459,29537,25647,81922,161756,0,0,0,0,0.085756
6742,6,1,93249,24491,21082,68758,135262,0,0,0,0,0.0736332
6744,3,1,101461,26997,23377,74464,148703,0,0,0,0,0.100727
6745,6,1,115839,31562,27389,84277,175290,0,0,0,0,0.0613625
6748,6,1,112909,30747,26573,82162,170066,0,0,0,0,0.0672497
6749,3,1,108130,28616,24734,79514,156829,0,0,0,0,0.104263
6750,3,1,93613,24550,21268,69063,135177,0,0,0,0,0.0991354
6751,3,1,118674,31262,27218,87412,170327,0,0,0,0,0.0858266
6752,6,1,99173,26150,22569,73023,144229,0,0,0,0,0.0712089
6754,3,1,102012,27073,23272,74939,149056,0,0,0,0,0.0856924
6755,6,1,115749,31485,27257,84264,174979,0,0,0,0,0.078185
6758,6,1,105919,28492,24532,77427,157684,0,0,0,0,0.0814132
6759,3,1,96225,25225,21729,71000,138378,0,0,0,0,0.122447
6760,3,1,103654,27158,23443,76496,148671,0,0,0,0,0.105554
6761,3,1,111830,29567,25707,82263,161529,0,0,0,0,0.0755371
6762,6,1,97755,25558,21914,72197,140558,0,0,0,0,0.0813734
6764,3,1,99676,26582,22990,73094,145785,0,0,0,0,0.0760534
6765,6,1,103395,27683,23831,75712,152976,0,0,0,0,0.0573402
6768,6,1,100733,26909,22995,73824,148615,0,0,0,0,0.0621475
6769,3,1,88064,23006,19644,65058,126096,0,0,0,0,0.0795708
6790,3,1,88359,22906,19473,65453,125330,0,0,0,0,0.0876605
6791,3,1,100239,26520,22854,73719,145830,0,0,0,0,0.0790197
6792,6,1,101935,27352,23571,74583,151342,0,0,0,0,0.0741714
6794,3,1,112742,29980,25798,82762,164171,0,0,0,0,0.0786553
6795,6,1,110486,29846,25751,80640,165290,0,0,0,0,0.0765029
6798,6,1,113513,30833,26719,82680,170743,0,0,0,0,0.0819742
6799,3,1,95057,24946,21528,70111,136863,0,0,0,0,0.118742
6800,3,1,106256,28501,24343,77755,157854,0,0,0,0,0.0677449
6801,3,1,123246,33766,29175,89480,187229,0,0,0,0,0.0617317
6802,6,1,112769,30513,26295,82256,169212,0,0,0,0,0.0595119
6804,3,1,107234,28895,24852,78339,159723,0,0,0,0,0.0716805
6805,6,1,117465,32108,27589,85357,178458,0,0,0,0,0.0590239
6808,6,1,120047,32828,28412,87219,182171,0,0,0,0,0.058147
6809,3,1,117458,31401,27295,86057,172366,0,0,0,0,0.0756039
6810,3,1,106273,28502,24344,77771,157842,0,0,0,0,0.071325
6811,3,1,131102,35864,31072,95238,198302,0,0,0,0,0.0639249
6812,6,1,117258,31811,27546,85447,176023,0,0,0,0,0.064262
6814,3,1,106215,28447,24392,77768,156981,0,0,0,0,0.0724855
6815,6,1,115421,31565,27276,83856,175522,0,0,0,0,0.0606747
6818,6,1,114256,31225,26835,83031,173756,0,0,0,0,0.0601294
6819,3,1,104960,28096,24156,76864,155012,0,0,0,0,0.0785815
6820,3,1,112415,30189,25821,82226,166743,0,0,0,0,0.0621672
6821,3,1,120752,32633,28297,88119,179446,0,0,0,0,0.0595085
6822,6,1,115687,31060,26708,84627,171297,0,0,0,0,0.0660881
6824,3,1,96392,25353,21771,71039,139239,0,0,0,0,0.0720477
6825,6,1,111950,30490,26345,81460,169056,0,0,0,0,0.0799543
6828,6,1,110322,30149,25972,80173,167336,0,0,0,0,0.0615798
6829,3,1,96872,25745,21978,71127,141831,0,0,0,0,0.116295
6830,6,1,111230,30043,25919,81187,166772,0,0,0,0,0.0660748
6831,6,1,118784,32231,27974,86553,178230,0,0,0,0,0.0562217
6832,6,1,124100,33625,29142,90475,185490,0,0,0,0,0.0780712
6833,6,1,109447,29127,24995,80320,160793,0,0,0,0,0.0862813
6834,6,1,105883,27853,23894,78030,153093,0,0,0,0,0.0723403
6835,6,1,105130,27735,23552,77395,152528,0,0,0,0,0.0718715
6836,6,1,123404,33624,29018,89780,186268,0,0,0,0,0.066185
6837,6,1,103988,27370,23831,76618,150006,0,0,0,0,0.0988895
6838,6,1,112498,30549,26513,81949,169347,0,0,0,0,0.0660082
6839,6,1,107024,28895,24894,78129,159914,0,0,0,0,0.0684795
6850,3,1,101243,26724,22875,74519,146747,0,0,0,0,0.0661801
6851,3,1,118056,31839,27562,86217,175096,0,0,0,0,0.0618477
6852,6,1,103907,27816,23967,76091,153345,0,0,0,0,0.0621473
6854,3,1,106953,28896,24615,78057,159651,0,0,0,0,0.072149
6855,6,1,114080,31112,26881,82968,172482,0,0,0,0,0.0682482
6858,6,1,119614,32602,28290,87012,180805,0,0,0,0,0.0586384
6859,3,1,113537,30631,26751,82906,169255,0,0,0,0,0.0851015
6860,3,1,101230,26720,22881,74510,146725,0,0,0,0,0.0680648
6861,3,1,126529,34117,29629,92412,186848,0,0,0,0,0.0632013
6862,6,1,111142,30152,26103,80990,166083,0,0,0,0,0.0636935
6864,3,1,106137,28522,24244,77615,157501,0,0,0,0,0.0708281
6865,6,1,113365,30871,26727,82494,171112,0,0,0,0,0.0573826
6868,6,1,117070,31871,27558,85199,176796,0,0,0,0,0.0561521
6869,3,1,111680,30171,26250,81509,166785,0,0,0,0,0.0685238
6870,3,1,109841,29009,25030,80832,158613,0,0,0,0,0.060652
6871,3,1,116544,30993,26863,85551,169157,0,0,0,0,0.0594088
6872,6,1,116307,31327,26876,84980,172287,0,0,0,0,0.063418
6874,3,1,98020,26080,22128,71940,143680,0,0,0,0,0.0719755
6875,6,1,114000,30732,26312,83268,169787,0,0,0,0,0.057348
6878,6,1,117751,31810,27157,85941,175432,0,0,0,0,0.0531434
6879,3,1,109302,29138,25160,80164,160238,0,0,0,0,0.0992073
6880,6,1,110169,29405,25268,80764,161962,0,0,0,0,0.0714049
6881,6,1,116939,31323,27088,85616,172114,0,0,0,0,0.0618715
6882,6,1,117978,31897,27447,86081,176081,0,0,0,0,0.0669541
6884,6,1,98215,25894,22031,72321,142834,0,0,0,0,0.0677141
6885,6,1,106093,28365,24308,77728,156644,0,0,0,0,0.0593238
6886,6,1,115554,31321,26955,84233,173167,0,0,0,0,0.0612285
6887,6,1,111701,30068,25795,81633,166207,0,0,0,0,0.0617653
6888,6,1,117264,31582,27049,85682,174177,0,0,0,0,0.0780182
6889,6,1,122232,32983,28482,89249,182119,0,0,0,0,0.0615797
6893,6,1,106064,28170,24140,77894,154656,0,0,0,0,0.0895005
6900,3,1,96190,24762,21064,71428,134571,0,0,0,0,0.0814014
6901,3,1,104323,27684,23990,76639,152096,0,0,0,0,0.0780128
6902,6,1,117686,31861,27497,85825,176309,0,0,0,0,0.0620816
6904,3,1,117058,31505,27385,85553,173629,0,0,0,0,0.0740374
6905,6,1,112640,30352,26382,82288,168015,0,0,0,0,0.061909
6908,6,1,120193,33011,28532,87182,183398,0,0,0,0,0.0741115
6909,3,1,112635,30059,25973,82576,164537,0,0,0,0,0.0741987
6910,3,1,106595,27705,24148,78890,150145,0,0,0,0,0.0749201
6911,3,1,105114,28098,24458,77016,154070,0,0,0,0,0.0895338
6912,6,1,106697,28498,24463,78199,156744,0,0,0,0,0.0570326
6914,3,1,116876,31223,27049,85653,171434,0,0,0,0,0.0721401
6915,6,1,112443,30206,26108,82237,166922,0,0,0,0,0.0595189
6918,6,1,113142,30655,26643,82487,169552,0,0,0,0,0.0680142
6919,3,1,103828,27495,23708,76333,150772,0,0,0,0,0.0732087
6920,6,1,112967,29947,25600,83020,164425,0,0,0,0,0.104897
6921,6,1,114385,30923,26613,83462,170662,0,0,0,0,0.0619005
6922,6,1,122264,33248,28477,89016,183390,0,0,0,0,0.0569137
6924,6,1,123437,34029,29349,89408,188709,0,0,0,0,0.0625332
6925,6,1,130851,36218,31018,94633,201368,0,0,0,0,0.0591891
6928,6,1,119031,32021,27345,87010,176750,0,0,0,0,0.0652463
6929,6,1,125029,34060,29773,90969,188306,0,0,0,0,0.0888359
6933,6,1,120711,32725,28011,87986,180445,0,0,0,0,0.0806671
6936,6,1,117702,32278,27841,85424,179269,0,0,0,0,0.0577336
6937,6,1,109809,29851,25546,79958,165723,0,0,0,0,0.0664011
6940,3,1,113275,29322,25529,83953,157800,0,0,0,0,0.0792403
6941,3,1,103918,27512,23777,76406,150545,0,0,0,0,0.073029
6942,6,1,101197,26749,22879,74448,146541,0,0,0,0,0.0620319
6944,3,1,109442,29149,25018,80293,160676,0,0,0,0,0.0897266
6945,6,1,115273,31082,26923,84191,171704,0,0,0,0,0.0571214
6948,6,1,108215,29164,25209,79051,161270,0,0,0,0,0.0664527
6949,3,1,93895,24691,21146,69204,135831,0,0,0,0,0.0697098
6950,6,1,117974,31334,27033,86640,171475,0,0,0,0,0.108606
6951,6,1,112856,30438,25900,82418,167991,0,0,0,0,0.0695204
6954,6,1,115915,31873,27453,84042,177378,0,0,0,0,0.06235
6959,6,1,117149,31959,27693,85190,177622,0,0,0,0,0.0629041
6962,6,1,115686,31234,26691,84452,172337,0,0,0,0,0.0640994
6963,6,1,107525,28887,24704,78638,159279,0,0,0,0,0.0651912
6965,6,1,129020,35568,30498,93452,197402,0,0,0,0,0.0574876
6966,6,1,116381,31884,27349,84497,176875,0,0,0,0,0.0581515
6967,6,1,103289,27814,23844,75475,154128,0,0,0,0,0.0909382
6968,6,1,117576,31655,27092,85921,174727,0,0,0,0,0.0684739
6980,6,1,111135,29650,25314,81485,162603,0,0,0,0,0.0847704
6981,6,1,106196,28455,24200,77741,155955,0,0,0,0,0.0654401
6982,6,1,101753,27288,23248,74465,150344,0,0,0,0,0.062667
6983,6,1,96112,25376,21742,70736,139087,0,0,0,0,0.0710962
6984,6,1,109928,29858,25346,80070,165611,0,0,0,0,0.0594534
6985,6,1,114482,31132,26552,83350,172002,0,0,0,0,0.0589867
6986,6,1,116597,31216,26764,85381,171484,0,0,0,0,0.0766441
6987,6,1,93124,24774,21097,68350,136884,0,0,0,0,0.0864939
6988,6,1,110272,29551,25574,80721,162638,0,0,0,0,0.0582428
6989,6,1,110206,29550,25572,80656,162697,0,0,0,0,0.0615475
6990,3,1,104015,26800,23081,77215,145630,0,0,0,0,0.164457
6991,3,1,117631,30919,26527,86712,167857,0,0,0,0,0.0892464
6992,3,1,107754,28354,24288,79400,154792,0,0,0,0,0.083357
6993,3,1,103541,27308,23300,76233,149565,0,0,0,0,0.085633
6994,3,1,119867,31946,27602,87921,175610,0,0,0,0,0.0758538
6995,3,1,125484,33428,29095,92056,183137,0,0,0,0,0.079596
6996,3,1,124951,33012,28781,91939,179607,0,0,0,0,0.0736805
6997,3,1,101437,26324,22552,75113,143955,0,0,0,0,0.0827597
6998,3,1,103223,26767,23026,76456,145833,0,0,0,0,0.0822075
6999,3,1,103095,26730,22965,76365,145626,0,0,0,0,0.0804355
7050,6,1,99047,25940,22478,73107,142836,0,0,0,0,0.0746768
7051,6,1,107789,28664,24752,79125,157951,0,0,0,0,0.0926237
7052,6,1,107814,28659,24665,79155,157651,0,0,0,0,0.118905
7053,6,1,95636,24763,21343,70873,135899,0,0,0,0,0.110757
7054,6,1,106988,28451,24522,78537,156758,0,0,0,0,0.068149
7055,6,1,102177,27482,23747,74695,152309,0,0,0,0,0.0716259
7056,6,1,114625,30879,26727,83746,170567,0,0,0,0,0.071116
7057,6,1,103987,27709,23890,76278,152490,0,0,0,0,0.0711986
7058,6,1,104389,28163,24258,76226,156131,0,0,0,0,0.092577
7059,6,1,92653,24514,20946,68139,135360,0,0,0,0,0.083173
7560,1,1,69015,17291,14472,51724,94071,0,0,0,0,0.236074
7561,3,1,72178,18451,15390,53727,101349,0,0,0,0,0.170749
7564,3,1,88347,23080,19677,65267,127046,0,0,0,0,0.127258
7569,3,1,81593,21569,18370,60024,119339,0,0,0,0,0.150373
7570,1,1,99530,25667,22497,73863,139037,0,0,0,0,0.153425
7571,3,1,105461,27891,24285,77570,152496,0,0,0,0,0.0824183
7574,3,1,119013,31521,27713,87492,170895,0,0,0,0,0.0799027
7579,3,1,98350,25715,22541,72635,139868,0,0,0,0,0.0800399
7580,1,1,99392,25636,22484,73756,138869,0,0,0,0,0.14934
7581,3,1,105498,27896,24284,77602,152515,0,0,0,0,0.0838245
7584,3,1,120407,31888,28055,88519,172805,0,0,0,0,0.0682716
7589,3,1,98293,25717,22558,72576,139926,0,0,0,0,0.0738897
7590,1,1,99377,25635,22479,73742,138869,0,0,0,0,0.150151
7591,3,1,108949,29053,25195,79896,158977,0,0,0,0,0.0717469
7594,3,1,117198,31211,27229,85987,169926,0,0,0,0,0.0702794
7599,3,1,96042,24985,21972,71057,136266,0,0,0,0,0.0809514
7600,3,1,88120,22822,20011,65298,124267,0,0,0,0,0.0830829
7601,3,1,99957,26382,23206,73575,144137,0,0,0,0,0.0747656
7602,6,1,112024,29979,26215,82045,164698,0,0,0,0,0.101178
7604,3,1,108537,28823,25585,79714,156667,0,0,0,0,0.0734542
7605,6,1,118441,31769,27886,86672,174234,0,0,0,0,0.0741467
7608,6,1,116984,31194,27193,85790,169959,0,0,0,0,0.0928896
7609,3,1,104352,27194,23729,77158,147952,0,0,0,0,0.167615
7630,1,1,93318,24312,20818,69006,133515,0,0,0,0,0.134387
7631,3,1,94574,24710,21159,69864,135902,0,0,0,0,0.0806094
7634,3,1,110692,29769,25739,80923,164383,0,0,0,0,0.0684479
7639,3,1,97037,25536,22012,71501,140362,0,0,0,0,0.0847542
7640,1,1,93492,24355,20844,69137,133773,0,0,0,0,0.139743
7641,3,1,94586,24713,21180,69873,135921,0,0,0,0,0.0861721
7644,3,1,110900,29817,25800,81083,164611,0,0,0,0,0.0780908
7649,3,1,97199,25575,22032,71624,140556,0,0,0,0,0.0818395
7650,1,1,93565,24373,20857,69192,133881,0,0,0,0,0.140602
7651,3,1,112126,30221,26190,81905,166867,0,0,0,0,0.0860512
7654,3,1,121766,32969,28644,88797,181435,0,0,0,0,0.0924225
7659,3,1,91967,23938,20504,68029,131449,0,0,0,0,0.0866226
7660,3,1,86272,22406,19009,63866,123030,0,0,0,0,0.0856922
7661,3,1,98189,25778,22149,72411,141875,0,0,0,0,0.0867394
7662,6,1,103302,27716,23624,75586,153808,0,0,0,0,0.0819115
7664,3,1,108751,28701,24961,80050,157072,0,0,0,0,0.0894297
7665,6,1,110144,29660,25489,80484,164383,0,0,0,0,0.0931204
7668,6,1,115505,31142,26754,84363,172083,0,0,0,0,0.0795641
7669,3,1,97187,25757,22079,71430,142027,0,0,0,0,0.11654
7690,1,1,85287,21584,18223,63703,117484,0,0,0,0,0.153752
7691,3,1,83334,21559,18309,61775,118067,0,0,0,0,0.0796076
7694,3,1,104664,28096,24505,76568,154877,0,0,0,0,0.0710789
7699,3,1,102884,27258,23490,75626,149077,0,0,0,0,0.0728724
7700,1,1,85243,21575,18219,63668,117430,0,0,0,0,0.125104
7701,3,1,91739,23960,20709,67779,131481,0,0,0,0,0.0690092
7704,3,1,102489,27198,23556,75291,149770,0,0,0,0,0.0683865
7709,3,1,98279,25949,22475,72330,142226,0,0,0,0,0.0691726
7710,3,1,86040,22339,18871,63701,122772,0,0,0,0,0.0775062
7711,3,1,107983,28969,24717,79014,159843,0,0,0,0,0.0947678
7714,3,1,97859,26168,22731,71691,144466,0,0,0,0,0.0796708
7715,6,1,117179,31856,27879,85323,175878,0,0,0,0,0.0608772
7718,6,1,114890,31281,27056,83609,173221,0,0,0,0,0.0583124
7719,3,1,102141,27196,23813,74945,149495,0,0,0,0,0.0742631
7722,6,1,91678,24251,20724,67427,134043,0,0,0,0,0.101016
7740,1,1,85319,21594,18231,63725,117544,0,0,0,0,0.145791
7741,3,1,104096,27378,23919,76718,149333,0,0,0,0,0.0964406
7744,3,1,103165,27322,23737,75843,150211,0,0,0,0,0.0888863
7749,3,1,99370,26182,22710,73188,143600,0,0,0,0,0.077569
7750,3,1,86194,22380,18896,63814,123018,0,0,0,0,0.0969185
7751,3,1,117892,31609,27277,86283,173411,0,0,0,0,0.0972616
7754,3,1,97906,25996,22480,71910,143103,0,0,0,0,0.0659215
7759,3,1,103670,27686,24026,75984,152577,0,0,0,0,0.0666228
7762,6,1,99227,26385,22595,72842,145450,0,0,0,0,0.0849255
7765,6,1,116570,31562,27452,85008,173989,0,0,0,0,0.0581629
7768,6,1,113070,30722,26743,82348,170129,0,0,0,0,0.055145
7780,3,1,95205,24811,21122,70394,135521,0,0,0,0,0.0689088
7781,3,1,95371,24833,21135,70538,135572,0,0,0,0,0.0686429
7784,3,1,96073,25131,21585,70942,137100,0,0,0,0,0.070404
7789,3,1,97880,25800,22275,72080,141564,0,0,0,0,0.0790725
7802,6,1,97793,25660,22128,72133,140725,0,0,0,0,0.0915472
7805,6,1,103984,27862,24087,76122,153771,0,0,0,0,0.0653044
7808,6,1,104641,28095,24376,76546,155082,0,0,0,0,0.0566505
7830,3,1,87094,22438,19512,64656,122606,0,0,0,0,0.0825612
7831,3,1,87393,22497,19554,64896,122884,0,0,0,0,0.0890839
7832,3,1,87405,22613,19260,64792,123855,0,0,0,0,0.0773086
7833,3,1,87384,22711,19280,64673,124774,0,0,0,0,0.115781
7834,3,1,102237,26722,22933,75515,144766,0,0,0,0,0.103421
7835,3,1,96148,25219,21616,70929,138064,0,0,0,0,0.072383
7836,3,1,104737,27883,24347,76854,153477,0,0,0,0,0.0675692
7837,3,1,96073,25063,21589,71010,137038,0,0,0,0,0.0666421
7838,3,1,102624,27367,23754,75257,151027,0,0,0,0,0.0651134
7839,3,1,109683,28939,24934,80744,158471,0,0,0,0,0.0682889
7840,1,1,82589,21363,18050,61226,117343,0,0,0,0,0.149429
7841,3,1,84428,22226,18681,62202,123039,0,0,0,0,0.0876527
7844,3,1,102852,27649,23802,75203,153052,0,0,0,0,0.0994596
7849,3,1,92765,24711,21233,68054,136659,0,0,0,0,0.0811088
7850,1,1,106090,27716,23936,78374,150931,0,0,0,0,0.133036
7851,3,1,102896,27222,23383,75674,149007,0,0,0,0,0.0792428
7854,3,1,123661,33198,28726,90463,181307,0,0,0,0,0.0784572
7859,3,1,116888,31104,26702,85784,169606,0,0,0,0,0.0735563
7860,1,1,103605,27200,23354,76405,149598,0,0,0,0,0.128879
7861,3,1,99149,26464,22782,72685,146355,0,0,0,0,0.108337
7864,3,1,117143,31779,27331,85364,175295,0,0,0,0,0.0904041
7869,3,1,123916,33501,29152,90415,184415,0,0,0,0,0.107282
7870,1,1,103416,27146,23319,76270,149281,0,0,0,0,0.173729
7871,3,1,108068,28674,24617,79394,157919,0,0,0,0,0.0820602
7874,3,1,105010,28043,24201,76967,154312,0,0,0,0,0.0734778
7879,3,1,110179,29352,25286,80827,160819,0,0,0,0,0.0711532
7880,3,1,94535,24847,21368,69688,136385,0,0,0,0,0.0763751
7881,3,1,110291,29437,25561,80854,161602,0,0,0,0,0.076073
7882,6,1,109933,29414,25513,80519,162592,0,0,0,0,0.0693486
7884,3,1,101447,26808,23349,74639,146288,0,0,0,0,0.0694531
7885,6,1,116700,31561,27335,85139,174202,0,0,0,0,0.0594152
7888,6,1,116479,31352,27050,85127,172359,0,0,0,0,0.062564
7889,3,1,123691,33510,29318,90181,183273,0,0,0,0,0.0956343
7910,1,1,99497,26477,22577,73020,145991,0,0,0,0,0.154633
7911,3,1,97125,25910,22157,71215,143041,0,0,0,0,0.0843014
7914,3,1,115632,31481,27370,84151,174094,0,0,0,0,0.070353
7919,3,1,100845,26790,22825,74055,147453,0,0,0,0,0.0746066
7920,1,1,114756,30916,26529,83840,171624,0,0,0,0,0.103984
7921,3,1,109165,29541,25481,79624,163838,0,0,0,0,0.0623877
7924,3,1,124740,34364,29921,90376,190775,0,0,0,0,0.0600438
7929,3,1,117780,31547,27135,86233,174109,0,0,0,0,0.0572069
7930,1,1,114822,30938,26557,83884,171764,0,0,0,0,0.102186
7931,3,1,123296,33858,29012,89438,188244,0,0,0,0,0.059503
7934,3,1,117420,31906,27479,85514,176718,0,0,0,0,0.0606145
7939,3,1,114918,30781,26491,84137,169520,0,0,0,0,0.0595234
7940,3,1,108769,29472,24921,79297,164078,0,0,0,0,0.0687855
7941,3,1,123619,33912,29393,89707,188574,0,0,0,0,0.0609286
7942,6,1,119071,32392,27920,86679,180058,0,0,0,0,0.0608357
7944,3,1,105968,28610,24688,77358,158347,0,0,0,0,0.102926
7945,6,1,118810,32467,28037,86343,180232,0,0,0,0,0.0911818
7948,6,1,121546,33386,28889,88160,185273,0,0,0,0,0.0908703
7949,3,1,119566,32438,28122,87128,178676,0,0,0,0,0.113117
7970,1,1,96204,25236,21658,70968,138607,0,0,0,0,0.139389
7971,3,1,96872,25841,21976,71031,142657,0,0,0,0,0.0719206
7974,3,1,118735,32412,28052,86323,179147,0,0,0,0,0.0944854
7979,3,1,107599,28817,24672,78782,158761,0,0,0,0,0.0821119
7980,1,1,96275,25247,21690,71028,138650,0,0,0,0,0.148865
7981,3,1,109240,29142,25058,80098,160568,0,0,0,0,0.066809
7984,3,1,127167,34113,29627,93054,187667,0,0,0,0,0.0743388
7989,3,1,106915,28495,24547,78420,157170,0,0,0,0,0.0904819
7990,3,1,92770,24709,21211,68061,136392,0,0,0,0,0.102306
7991,3,1,115637,31642,27223,83995,175609,0,0,0,0,0.100005
7994,3,1,119393,32383,28073,87010,178238,0,0,0,0,0.0726955
7995,6,1,117166,31751,27454,85415,175468,0,0,0,0,0.0620375
7998,6,1,119636,32686,28106,86950,181648,0,0,0,0,0.0576167
7999,3,1,111918,30216,25784,81702,166569,0,0,0,0,0.070706
8002,6,1,102131,27275,23611,74856,150703,0,0,0,0,0.0608248
8020,1,1,91709,23804,20565,67905,130586,0,0,0,0,0.135705
8021,3,1,105458,28206,24221,77252,155745,0,0,0,0,0.101381
8024,3,1,122874,33217,28947,89657,182516,0,0,0,0,0.0927517
8029,3,1,96314,25124,21558,71190,137669,0,0,0,0,0.0774135
8030,3,1,89262,23336,20008,65926,128324,0,0,0,0,0.0824514
8031,3,1,106197,28530,24487,77667,157612,0,0,0,0,0.0638432
8034,3,1,125644,34034,29676,91610,188096,0,0,0,0,0.0646677
8039,3,1,108271,28962,24867,79309,160009,0,0,0,0,0.0774422
8042,6,1,113689,31012,26415,82677,172353,0,0,0,0,0.0600619
8045,6,1,129888,36064,31044,93824,200712,0,0,0,0,0.0616256
8048,6,1,117044,31936,27477,85108,177657,0,0,0,0,0.0659884
8060,3,1,104317,27355,23555,76962,149512,0,0,0,0,0.0884936
8061,3,1,100729,27022,22965,73707,148782,0,0,0,0,0.0875457
8064,3,1,117138,31691,27450,85447,174979,0,0,0,0,0.0716529
8069,3,1,104210,28067,23995,76143,155090,0,0,0,0,0.0758052
8082,6,1,103946,27976,24013,75970,154165,0,0,0,0,0.0678317
8085,6,1,112426,30385,26001,82041,168449,0,0,0,0,0.055995
8088,6,1,111335,29934,25728,81401,165707,0,0,0,0,0.0696944
8110,3,1,96593,24810,21299,71783,134847,0,0,0,0,0.0740438
8111,3,1,109289,28916,24837,80373,158246,0,0,0,0,0.0606462
8112,3,1,108970,29007,24871,79963,158911,0,0,0,0,0.0602728
8113,3,1,110195,29678,25722,80517,162983,0,0,0,0,0.0919697
8114,3,1,118090,31824,27603,86266,175272,0,0,0,0,0.0921501
8115,3,1,117987,31465,27283,86522,173121,0,0,0,0,0.0642976
8116,3,1,113494,30568,26449,82926,168696,0,0,0,0,0.0717682
8117,3,1,99073,26054,22471,73019,142994,0,0,0,0,0.0717361
8118,3,1,106173,28311,24454,77862,156226,0,0,0,0,0.0760819
8119,3,1,118891,32295,27862,86596,178364,0,0,0,0,0.0743741
8120,1,1,82570,21358,18046,61212,117313,0,0,0,0,0.161942
8121,3,1,84433,22227,18681,62206,123045,0,0,0,0,0.125724
8124,3,1,102934,27658,23840,75276,153057,0,0,0,0,0.0763636
8129,3,1,92705,24706,21252,67999,136643,0,0,0,0,0.0806061
8130,1,1,106046,27695,23914,78351,150776,0,0,0,0,0.185187
8131,3,1,102788,27192,23351,75596,148819,0,0,0,0,0.0825177
8134,3,1,123594,33166,28743,90428,181078,0,0,0,0,0.108094
8139,3,1,116935,31141,26735,85794,169823,0,0,0,0,0.0719024
8140,1,1,103548,27183,23346,76365,149482,0,0,0,0,0.12865
8141,3,1,99104,26455,22770,72649,146310,0,0,0,0,0.0838622
8144,3,1,117086,31767,27313,85319,175231,0,0,0,0,0.0809023
8149,3,1,123952,33512,29150,90440,184476,0,0,0,0,0.105752
8150,1,1,103308,27118,23305,76190,149113,0,0,0,0,0.129514
8151,3,1,116648,31014,26671,85634,170177,0,0,0,0,0.0877235
8154,3,1,105850,27987,24215,77863,153639,0,0,0,0,0.0759835
8159,3,1,101929,26980,23241,74949,148249,0,0,0,0,0.0685777
8160,3,1,94541,24843,21372,69698,136353,0,0,0,0,0.0746915
8161,3,1,120865,32408,28175,88457,177524,0,0,0,0,0.0697182
8162,6,1,117465,31550,27606,85915,174039,0,0,0,0,0.0654438
8164,3,1,103213,27126,23545,76087,147992,0,0,0,0,0.0689814
8165,6,1,115871,31381,27032,84490,173588,0,0,0,0,0.0580104
8168,6,1,107898,28841,24753,79057,158868,0,0,0,0,0.0603604
8169,3,1,110010,29531,25739,80479,161951,0,0,0,0,0.0806465
8190,1,1,99478,26472,22573,73006,145961,0,0,0,0,0.164175
8191,3,1,97096,25905,22152,71191,143012,0,0,0,0,0.10913
8194,3,1,115892,31516,27374,84376,174211,0,0,0,0,0.0769693
8199,3,1,100629,26680,22706,73949,146782,0,0,0,0,0.0958702
8200,1,1,114564,30860,26506,83704,171303,0,0,0,0,0.11106
8201,3,1,109015,29520,25467,79495,163742,0,0,0,0,0.0968269
8204,3,1,124505,34324,29867,90181,190618,0,0,0,0,0.0709313
8209,3,1,117581,31513,27112,86068,173952,0,0,0,0,0.0607017
8210,1,1,114872,30945,26587,83927,171795,0,0,0,0,0.113733
8211,3,1,132861,36667,31639,96194,203273,0,0,0,0,0.0816075
8214,3,1,116942,31778,27298,85164,176083,0,0,0,0,0.0846355
8219,3,1,106266,28321,24147,77945,156399,0,0,0,0,0.0916596
8220,3,1,108746,29473,24922,79273,164098,0,0,0,0,0.0754372
8221,3,1,129045,35424,30772,93621,196261,0,0,0,0,0.0787216
8222,6,1,123942,33930,29258,90012,188533,0,0,0,0,0.0679814
8224,3,1,104803,28274,24352,76529,156584,0,0,0,0,0.0840946
8225,6,1,117765,32095,27623,85670,178073,0,0,0,0,0.0828284
8228,6,1,113272,30969,26687,82303,171998,0,0,0,0,0.0816428
8229,3,1,106442,28689,24822,77753,158322,0,0,0,0,0.0858027
8250,1,1,96291,25259,21681,71032,138744,0,0,0,0,0.121099
8251,3,1,96832,25832,21973,71000,142607,0,0,0,0,0.0790765
8254,3,1,118701,32408,28058,86293,179113,0,0,0,0,0.0648192
8259,3,1,107598,28817,24668,78781,158761,0,0,0,0,0.0685796
8260,1,1,96247,25239,21675,71008,138606,0,0,0,0,0.108171
8261,3,1,120792,32628,28122,88164,179902,0,0,0,0,0.0598759
8264,3,1,120716,32336,27824,88380,178148,0,0,0,0,0.0615814
8269,3,1,109135,29030,25059,80105,159780,0,0,0,0,0.0608836
8270,3,1,92752,24703,21205,68049,136356,0,0,0,0,0.0662097
8271,3,1,125473,34701,30074,90772,192393,0,0,0,0,0.0737635
8274,3,1,111585,30331,26267,81254,168000,0,0,0,0,0.10473
8275,6,1,111356,30125,25936,81231,166922,0,0,0,0,0.0852593
8278,6,1,122339,33404,28842,88935,185392,0,0,0,0,0.0735581
8279,3,1,114265,30676,26288,83589,168820,0,0,0,0,0.0725055
8282,6,1,110724,29784,25816,80940,164650,0,0,0,0,0.0638136
8300,1,1,91824,23816,20551,68008,130599,0,0,0,0,0.137443
8301,3,1,100005,26586,22870,73419,146779,0,0,0,0,0.0925251
8304,3,1,113701,30723,26526,82978,169940,0,0,0,0,0.0925655
8309,3,1,101104,26552,22864,74552,145756,0,0,0,0,0.0742092
8310,3,1,89294,23329,19971,65965,128252,0,0,0,0,0.0814122
8311,3,1,108887,29583,25610,79304,164047,0,0,0,0,0.0654234
8314,3,1,120339,32483,28443,87856,179850,0,0,0,0,0.0625714
8319,3,1,110630,29825,25611,80805,165219,0,0,0,0,0.0740225
8322,6,1,113711,31139,26695,82572,173297,0,0,0,0,0.0638014
8325,6,1,125067,34491,29593,90576,192215,0,0,0,0,0.0616985
8328,6,1,118953,32545,28030,86408,180924,0,0,0,0,0.0627526
8340,3,1,104399,27372,23568,77027,149603,0,0,0,0,0.072075
8341,3,1,100710,27018,22964,73692,148760,0,0,0,0,0.0632313
8344,3,1,117099,31685,27457,85414,174929,0,0,0,0,0.061175
8349,3,1,104137,28055,24001,76082,155018,0,0,0,0,0.0716133
8362,6,1,98196,26313,22359,71883,145389,0,0,0,0,0.060757
8365,6,1,112731,30426,25949,82305,168627,0,0,0,0,0.054866
8368,6,1,112032,30307,26104,81725,167841,0,0,0,0,0.0694553
8390,3,1,96703,24832,21315,71871,134950,0,0,0,0,0.110948
8391,3,1,109402,28932,24817,80470,158305,0,0,0,0,0.0653947
8392,3,1,100201,26634,22783,73567,146559,0,0,0,0,0.061295
8393,3,1,98151,26252,22646,71899,144791,0,0,0,0,0.0760217
8394,3,1,118353,31898,27693,86455,175622,0,0,0,0,0.0642116
8395,3,1,117343,31328,27018,86015,172916,0,0,0,0,0.0902306
8396,3,1,114013,30871,26615,83142,170842,0,0,0,0,0.0850447
8397,3,1,101356,26768,23031,74588,147021,0,0,0,0,0.070197
8398,3,1,107581,28849,24991,78732,159189,0,0,0,0,0.074525
8399,3,1,118918,32318,27869,86600,178491,0,0,0,0,0.0801752
8400,1,1,82550,21354,18046,61196,117289,0,0,0,0,0.181196
8401,3,1,102377,27638,23508,74739,153620,0,0,0,0,0.0861606
8404,3,1,121146,33034,28499,88112,182978,0,0,0,0,0.085295
8409,3,1,84604,22150,18674,62454,122379,0,0,0,0,0.0916077
8410,1,1,106003,27685,23911,78318,150721,0,0,0,0,0.140984
8411,3,1,128241,34773,30017,93468,190663,0,0,0,0,0.0787114
8414,3,1,139635,37949,32858,101686,207587,0,0,0,0,0.0802482
8419,3,1,103080,27046,23187,76034,147368,0,0,0,0,0.0776165
8420,1,1,103442,27157,23334,76285,149330,0,0,0,0,0.128161
8421,3,1,113354,30318,26376,83036,166914,0,0,0,0,0.0816621
8424,3,1,116199,31291,27206,84908,172750,0,0,0,0,0.0878241
8429,3,1,115347,31017,26987,84330,170847,0,0,0,0,0.0774908
8430,1,1,103261,27107,23300,76154,149045,0,0,0,0,0.141013
8431,3,1,123362,33143,29221,90219,181945,0,0,0,0,0.103117
8434,3,1,111509,29862,25999,81647,164454,0,0,0,0,0.0793723
8439,3,1,105712,28085,24307,77627,154493,0,0,0,0,0.0730226
8440,3,1,113526,30393,26778,83133,167160,0,0,0,0,0.0750184
8441,3,1,123038,33132,29157,89906,181640,0,0,0,0,0.0995747
8442,6,1,114035,30129,26577,83906,164472,0,0,0,0,0.0891176
8444,3,1,108902,29031,25253,79871,158399,0,0,0,0,0.0889289
8445,6,1,123599,33709,29712,89890,186106,0,0,0,0,0.0670412
8448,6,1,118134,32161,28020,85973,178054,0,0,0,0,0.0677777
8449,3,1,104485,27812,24126,76673,152175,0,0,0,0,0.0989267
8470,1,1,99422,26459,22572,72963,145883,0,0,0,0,0.14065
8471,3,1,112285,30636,26524,81649,169548,0,0,0,0,0.0842858
8474,3,1,124555,34096,29543,90459,188051,0,0,0,0,0.0794511
8479,3,1,96047,25180,21298,70867,138622,0,0,0,0,0.0935274
8480,1,1,114609,30869,26536,83740,171348,0,0,0,0,0.155675
8481,3,1,122700,33432,29035,89268,185408,0,0,0,0,0.0722857
8484,3,1,118943,32438,28128,86505,179824,0,0,0,0,0.0655081
8489,3,1,113417,30367,26084,83050,167333,0,0,0,0,0.0658966
8490,1,1,114633,30883,26552,83750,171450,0,0,0,0,0.121305
8491,3,1,130247,35613,31107,94634,196668,0,0,0,0,0.0918384
8494,3,1,115825,31356,27010,84469,173498,0,0,0,0,0.0983752
8499,3,1,101653,26883,23053,74770,148065,0,0,0,0,0.0941772
8500,3,1,116307,31622,27239,84685,175532,0,0,0,0,0.0871554
8501,3,1,124912,34081,29615,90831,188290,0,0,0,0,0.066266
8502,6,1,121739,33073,28445,88666,183080,0,0,0,0,0.0709231
8504,3,1,95514,25333,21835,70181,139387,0,0,0,0,0.0815243
8505,6,1,118851,32662,28274,86189,181462,0,0,0,0,0.0576649
8508,6,1,115665,31685,27328,83980,176146,0,0,0,0,0.0584345
8509,3,1,97654,26055,22399,71599,143577,0,0,0,0,0.08762
8530,1,1,96263,25251,21669,71012,138700,0,0,0,0,0.108532
8531,3,1,105094,28312,24438,76782,156914,0,0,0,0,0.062737
8534,3,1,110278,29608,25437,80670,163642,0,0,0,0,0.0615166
8539,3,1,103267,27192,23585,76075,149017,0,0,0,0,0.0667668
8540,1,1,96334,25262,21700,71072,138743,0,0,0,0,0.117055
8541,3,1,116785,31606,27523,85179,174316,0,0,0,0,0.0598498
8544,3,1,116768,31373,27283,85395,172870,0,0,0,0,0.0634502
8549,3,1,114078,30363,26427,83715,166659,0,0,0,0,0.0642413
8550,3,1,108149,29289,25385,78860,161675,0,0,0,0,0.0669637
8551,3,1,114632,31188,27275,83444,171733,0,0,0,0,0.0615471
8554,3,1,105665,28400,24480,77265,157032,0,0,0,0,0.071208
8555,6,1,116673,31608,27323,85065,175291,0,0,0,0,0.0551673
8558,6,1,116091,31562,27373,84529,175001,0,0,0,0,0.0544256
8559,3,1,115323,31072,26687,84251,171137,0,0,0,0,0.0718665
8562,6,1,114241,30519,26237,83722,168123,0,0,0,0,0.0684856
8580,1,1,91870,23822,20568,68048,130604,0,0,0,0,0.136342
8581,3,1,96288,25349,21911,70939,139628,0,0,0,0,0.103
8584,3,1,109453,29340,25230,80113,162167,0,0,0,0,0.0815601
8589,3,1,95833,24967,21515,70866,136561,0,0,0,0,0.0726412
8590,3,1,110642,29550,25573,81092,162346,0,0,0,0,0.0798324
8591,3,1,109263,29712,25549,79551,164646,0,0,0,0,0.066596
8594,3,1,125008,34060,29806,90948,188302,0,0,0,0,0.0624425
8599,3,1,111345,29746,25598,81599,163964,0,0,0,0,0.0719146
8602,6,1,112975,30719,26251,82256,170499,0,0,0,0,0.0846197
8605,6,1,124209,34160,29489,90049,190228,0,0,0,0,0.0783714
8608,6,1,118481,32209,27856,86272,178433,0,0,0,0,0.0871318
8620,3,1,118964,31887,27674,87077,174879,0,0,0,0,0.120097
8621,3,1,101907,27322,23594,74585,150907,0,0,0,0,0.0814544
8624,3,1,119414,32553,28259,86861,180559,0,0,0,0,0.0664658
8629,3,1,110148,29540,25593,80608,163141,0,0,0,0,0.0733808
8642,6,1,106160,28587,24460,77573,158467,0,0,0,0,0.0630201
8645,6,1,122344,33529,28989,88815,186687,0,0,0,0,0.0584481
8648,6,1,115844,31432,27181,84412,174136,0,0,0,0,0.0628037
8670,3,1,90114,22914,19396,67200,124673,0,0,0,0,0.0823193
8671,3,1,96845,25374,21831,71471,138424,0,0,0,0,0.0600719
8672,3,1,92114,24143,20598,67971,132222,0,0,0,0,0.0640306
8673,3,1,93059,24657,20930,68402,135610,0,0,0,0,0.0803629
8674,3,1,111565,30180,25834,81385,167285,0,0,0,0,0.0688928
8675,3,1,117042,31435,27176,85607,173247,0,0,0,0,0.0656527
8676,3,1,113183,30373,26126,82810,166955,0,0,0,0,0.0858249
8677,3,1,98001,25642,22097,72359,139042,0,0,0,0,0.0691879
8678,3,1,101607,27010,23073,74597,149099,0,0,0,0,0.0653267
8679,3,1,108197,28853,24762,79344,158991,0,0,0,0,0.0717037
8680,3,1,79221,20856,17590,58365,115476,0,0,0,0,0.107765
8681,3,1,93093,24876,21392,68217,137990,0,0,0,0,0.0779634
8682,6,1,88639,23482,20022,65157,130339,0,0,0,0,0.111178
8684,3,1,105888,28376,24672,77512,156324,0,0,0,0,0.0875309
8685,6,1,97859,26240,22384,71619,145559,0,0,0,0,0.0753853
8688,6,1,101018,26757,23179,74261,147256,0,0,0,0,0.0896991
8689,3,1,84325,21763,18510,62562,119314,0,0,0,0,0.131517
8690,3,1,102705,27321,23334,75384,149723,0,0,0,0,0.082181
8691,3,1,115575,30889,26726,84686,169075,0,0,0,0,0.0705632
8692,6,1,114210,30582,26464,83628,167879,0,0,0,0,0.0706365
8694,3,1,123045,32841,28793,90204,178447,0,0,0,0,0.0688268
8695,6,1,120559,32256,28092,88303,176568,0,0,0,0,0.0714125
8698,6,1,117742,31298,27118,86444,171393,0,0,0,0,0.0756847
8699,3,1,109544,28787,24835,80757,157067,0,0,0,0,0.119528
8700,3,1,102580,27115,23489,75465,149078,0,0,0,0,0.0845481
8701,3,1,116676,30840,26786,85836,167996,0,0,0,0,0.0792102
8702,6,1,103517,27468,23892,76049,151315,0,0,0,0,0.0816727
8704,3,1,111501,29885,26202,81616,163972,0,0,0,0,0.0863748
8705,6,1,124577,34123,29757,90454,188815,0,0,0,0,0.0678935
8708,6,1,118220,32106,27929,86114,176937,0,0,0,0,0.0728328
8709,3,1,115135,30363,26213,84772,165486,0,0,0,0,0.0901682
8710,3,1,102558,27104,23468,75454,149020,0,0,0,0,0.083572
8711,3,1,123112,32496,28180,90616,176363,0,0,0,0,0.0734828
8712,6,1,109031,29053,25267,79978,159890,0,0,0,0,0.0799009
8714,3,1,111280,29789,25970,81491,163311,0,0,0,0,0.0761751
8715,6,1,123490,33657,29334,89833,186153,0,0,0,0,0.0612469
8718,6,1,110952,29945,25983,81007,165455,0,0,0,0,0.0728453
8719,3,1,103232,27151,23532,76081,148365,0,0,0,0,0.0821086
8720,3,1,112723,29812,26058,82911,162799,0,0,0,0,0.0760861
8721,3,1,118113,31182,27185,86931,169445,0,0,0,0,0.0936354
8722,6,1,108270,28723,24667,79547,158058,0,0,0,0,0.0893085
8724,3,1,109417,29375,25514,80042,160458,0,0,0,0,0.0803836
8725,6,1,112934,30462,26358,82472,167741,0,0,0,0,0.0931284
8728,6,1,105629,28333,24392,77296,156115,0,0,0,0,0.0782279
8729,3,1,94268,24679,21281,69589,134765,0,0,0,0,0.100488
8750,3,1,91255,23892,20283,67363,131188,0,0,0,0,0.123272
8751,3,1,104169,27564,23464,76605,151762,0,0,0,0,0.119173
8752,6,1,104732,28488,24326,76244,158265,0,0,0,0,0.0763571
8754,3,1,114357,30403,26321,83954,166561,0,0,0,0,0.0799334
8755,6,1,113786,31134,26725,82652,172970,0,0,0,0,0.0872066
8758,6,1,118084,32243,27834,85841,178717,0,0,0,0,0.0911585
8759,3,1,102793,27571,23610,75222,152102,0,0,0,0,0.140437
8760,3,1,111564,30251,25769,81313,168079,0,0,0,0,0.0889631
8761,3,1,123612,33704,29293,89908,187088,0,0,0,0,0.0919209
8762,6,1,116529,31923,27497,84606,177973,0,0,0,0,0.0681187
8764,3,1,108373,29074,24912,79299,160705,0,0,0,0,0.0788009
8765,6,1,118354,32348,27835,86006,179998,0,0,0,0,0.0636372
8768,6,1,121596,33395,28874,88201,185495,0,0,0,0,0.0626158
8769,3,1,118539,31929,27733,86610,175665,0,0,0,0,0.0839628
8770,3,1,111603,30264,25777,81339,168166,0,0,0,0,0.0717469
8771,3,1,129363,35330,30760,94033,195562,0,0,0,0,0.0680802
8772,6,1,120697,33056,28589,87641,183624,0,0,0,0,0.0702524
8774,3,1,106950,28778,24592,78172,159139,0,0,0,0,0.0788595
8775,6,1,116647,31845,27457,84802,177024,0,0,0,0,0.0612235
8778,6,1,114283,31370,26980,82913,174667,0,0,0,0,0.0629331
8779,3,1,105104,28256,24456,76848,156022,0,0,0,0,0.0881957
8780,3,1,118234,32095,27527,86139,178096,0,0,0,0,0.0994303
8781,3,1,124172,33557,29020,90615,185077,0,0,0,0,0.0648957
8782,6,1,121080,32949,28368,88131,182491,0,0,0,0,0.0684007
8784,3,1,95398,25071,21738,70327,137769,0,0,0,0,0.0756503
8785,6,1,116806,31776,27319,85030,176066,0,0,0,0,0.0616472
8788,6,1,111999,30667,26522,81332,170511,0,0,0,0,0.0605475
8789,3,1,96664,25910,22271,70754,143006,0,0,0,0,0.083973
8810,3,1,94810,24967,21450,69843,137373,0,0,0,0,0.0767566
8811,3,1,111878,30348,26140,81530,167885,0,0,0,0,0.0660054
8814,3,1,106857,28874,24615,77983,159537,0,0,0,0,0.0804564
8815,6,1,110788,30198,26059,80590,167642,0,0,0,0,0.0598396
8818,6,1,115893,31679,27383,84214,175959,0,0,0,0,0.0571952
8819,3,1,109970,29682,25718,80288,164150,0,0,0,0,0.0790494
8820,3,1,94693,24919,21417,69774,137066,0,0,0,0,0.0984631
8821,3,1,119864,32504,28202,87360,179135,0,0,0,0,0.0847061
8824,3,1,113208,30657,26143,82551,168962,0,0,0,0,0.0744763
8825,6,1,116401,31559,27350,84842,174324,0,0,0,0,0.0643372
8828,6,1,121535,33057,28773,88478,182966,0,0,0,0,0.0584914
8829,3,1,117114,31455,27620,85659,173280,0,0,0,0,0.0766201
8830,3,1,101726,26847,23247,74879,147474,0,0,0,0,0.0664841
8831,3,1,108465,28744,25018,79721,157603,0,0,0,0,0.0634636
8834,3,1,109723,29337,25302,80386,161152,0,0,0,0,0.0746251
8835,6,1,117214,31473,27134,85741,173437,0,0,0,0,0.058854
8838,6,1,120237,32345,27912,87892,178251,0,0,0,0,0.0740722
8839,3,1,122300,32826,28546,89474,180083,0,0,0,0,0.0683452
8840,6,1,103156,27388,23530,75768,151161,0,0,0,0,0.0642213
8841,6,1,108369,29031,25166,79338,160102,0,0,0,0,0.0787447
8842,6,1,110080,30054,25927,80026,167015,0,0,0,0,0.0647305
8844,6,1,97933,25754,22038,72179,141891,0,0,0,0,0.0689307
8845,6,1,105894,28317,24337,77577,156362,0,0,0,0,0.0678103
8846,6,1,117495,31904,27478,85591,176597,0,0,0,0,0.0623325
8847,6,1,111223,29889,25659,81334,165093,0,0,0,0,0.059206
8848,6,1,118046,31922,27324,86124,176482,0,0,0,0,0.0545696
8849,6,1,128916,35086,30443,93830,194104,0,0,0,0,0.0590651
8860,3,1,88299,22765,19206,65534,124501,0,0,0,0,0.0819676
8861,3,1,98161,26066,22361,72095,143892,0,0,0,0,0.0725909
8864,3,1,117279,31572,27409,85707,174015,0,0,0,0,0.0692017
8865,6,1,111268,30198,25952,81070,167756,0,0,0,0,0.0650349
8868,6,1,111920,30573,26342,81347,170048,0,0,0,0,0.0690665
8869,3,1,100601,26657,22970,73944,146133,0,0,0,0,0.0703259
8870,3,1,98026,25526,22061,72500,139241,0,0,0,0,0.0746057
8871,3,1,98755,26449,22853,72306,145628,0,0,0,0,0.0713438
8874,3,1,123536,33285,28857,90251,182931,0,0,0,0,0.076725
8875,6,1,114250,30728,26707,83522,169959,0,0,0,0,0.0625611
8878,6,1,107802,29286,25248,78516,162565,0,0,0,0,0.0688542
8879,3,1,104274,27751,23647,76523,152649,0,0,0,0,0.0886989
8880,6,1,102131,27232,23118,74899,150598,0,0,0,0,0.104696
8881,6,1,107142,28907,24966,78235,160166,0,0,0,0,0.0651786
8882,6,1,115731,31364,26816,84367,173723,0,0,0,0,0.0608003
8884,6,1,123984,34036,29632,89948,188606,0,0,0,0,0.0652758
8885,6,1,133148,37011,32009,96137,206077,0,0,0,0,0.0621677
8888,6,1,117160,31508,26809,85652,174107,0,0,0,0,0.0642354
8889,6,1,119459,32499,28163,86960,180243,0,0,0,0,0.0601401
8896,6,1,120356,33283,28819,87073,185167,0,0,0,0,0.0621179
8897,6,1,110957,30246,25826,80711,168110,0,0,0,0,0.0779394
8900,3,1,103562,26764,23084,76798,144855,0,0,0,0,0.0990979
8901,3,1,97834,25952,22332,71882,142802,0,0,0,0,0.0908755
8904,3,1,114802,30770,26614,84032,169580,0,0,0,0,0.0720875
8905,6,1,119068,32086,27884,86982,177290,0,0,0,0,0.0611429
8908,6,1,108383,29235,25377,79148,161882,0,0,0,0,0.09561
8909,3,1,101606,27018,23295,74588,148865,0,0,0,0,0.0803441
8910,6,1,105561,27958,23992,77603,153598,0,0,0,0,0.0970562
8911,6,1,106055,28478,24521,77577,157640,0,0,0,0,0.062363
8914,6,1,118094,32400,28108,85694,180123,0,0,0,0,0.0914738
8919,6,1,120091,32738,28527,87353,181677,0,0,0,0,0.076978
8922,6,1,111780,30273,25910,81507,167592,0,0,0,0,0.067916
8925,6,1,130186,35897,30710,94289,199627,0,0,0,0,0.0699396
8926,6,1,120932,33351,28749,87581,185355,0,0,0,0,0.0683435
8927,6,1,104414,28354,24394,76060,157581,0,0,0,0,0.0778496
8928,6,1,115113,30981,26373,84132,171314,0,0,0,0,0.0684742
8940,6,1,104294,27782,23780,76512,152852,0,0,0,0,0.110255
8941,6,1,102240,27505,23390,74735,151520,0,0,0,0,0.0722425
8942,6,1,97893,26320,22296,71573,145521,0,0,0,0,0.0888859
8944,6,1,110608,30235,25766,80373,168086,0,0,0,0,0.0901726
8945,6,1,116138,31813,27174,84325,176336,0,0,0,0,0.0638378
8946,6,1,124034,33689,29167,90345,185531,0,0,0,0,0.0636509
8947,6,1,95761,25549,21826,70212,141297,0,0,0,0,0.0801366
8948,6,1,109527,29386,25347,80141,162359,0,0,0,0,0.0609509
8949,6,1,115742,31157,27007,84585,171654,0,0,0,0,0.0637647
8950,3,1,95223,24752,21230,70471,135611,0,0,0,0,0.130017
8951,3,1,108354,28681,24725,79673,156792,0,0,0,0,0.106732
8952,3,1,100504,26604,22627,73900,146161,0,0,0,0,0.0830347
8953,3,1,95553,25282,21573,70271,139261,0,0,0,0,0.0883358
8954,3,1,110735,29519,25436,81216,162966,0,0,0,0,0.109837
8955,3,1,118470,31578,27408,86892,173876,0,0,0,0,0.0732014
8956,3,1,124723,32950,28715,91773,179321,0,0,0,0,0.0756452
8957,3,1,90907,23569,20081,67338,129266,0,0,0,0,0.0913125
8958,3,1,94976,24623,21001,70353,134793,0,0,0,0,0.0910519
8959,3,1,102877,26693,22956,76184,145468,0,0,0,0,0.0972829
9010,6,1,107791,28589,24659,79202,157376,0,0,0,0,0.0824248
9011,6,1,112787,30167,26160,82620,166096,0,0,0,0,0.0728733
9012,6,1,107625,28628,24625,78997,157523,0,0,0,0,0.0793026
9013,6,1,103692,27019,23313,76673,148102,0,0,0,0,0.129141
9014,6,1,115474,30955,26907,84519,170370,0,0,0,0,0.090493
9015,6,1,108303,29164,25388,79139,160887,0,0,0,0,0.076658
9016,6,1,120980,32782,28414,88198,180654,0,0,0,0,0.0803038
9017,6,1,103943,27690,23914,76253,152354,0,0,0,0,0.075565
9018,6,1,109340,29591,25459,79749,163572,0,0,0,0,0.0988251
9019,6,1,99190,26303,22621,72887,144792,0,0,0,0,0.0848277
9070,6,1,112002,30519,26476,81483,170111,0,0,0,0,0.0873458
9071,6,1,121844,33133,28746,88711,183336,0,0,0,0,0.0620043
9072,6,1,124002,33568,29125,90434,185093,0,0,0,0,0.0611366
9073,6,1,113764,30617,26205,83147,169991,0,0,0,0,0.0901763
9074,6,1,105571,27763,23942,77808,152636,0,0,0,0,0.0614918
9075,6,1,104795,27733,23667,77062,152752,0,0,0,0,0.0566057
9076,6,1,124540,34084,29368,90456,189092,0,0,0,0,0.0579379
9077,6,1,104447,27551,23951,76896,151095,0,0,0,0,0.0581359
9078,6,1,116200,31885,27479,84315,177375,0,0,0,0,0.0733202
9079,6,1,108941,29549,25299,79392,163875,0,0,0,0,0.0834995
9092,6,1,96893,25908,22411,70985,143454,0,0,0,0,0.0610306
9102,6,1,106546,28850,24996,77696,159453,0,0,0,0,0.0597708
9112,6,1,116600,31390,26893,85210,172624,0,0,0,0,0.0661857
9133,6,1,98975,26227,22601,72748,144542,0,0,0,0,0.0949396
9142,6,1,110864,30070,25837,80794,167028,0,0,0,0,0.0589295
9152,6,1,102060,27488,23417,74572,152175,0,0,0,0,0.0624464
9173,6,1,115206,31348,26733,83858,173772,0,0,0,0,0.0600098
9182,6,1,101274,26772,22870,74502,146676,0,0,0,0,0.0597959
9203,6,1,101788,27297,23285,74491,151085,0,0,0,0,0.0699965
9223,6,1,91058,24091,20584,66967,132689,0,0,0,0,0.0706386
9520,1,1,101324,26424,22883,74900,144486,0,0,0,0,0.170525
9521,3,1,97206,25857,22241,71349,142487,0,0,0,0,0.0924322
9524,3,1,113737,30446,26442,83291,166699,0,0,0,0,0.0867233
9529,3,1,105687,27876,24247,77811,152143,0,0,0,0,0.0775037
9530,1,1,101320,26409,22882,74911,144372,0,0,0,0,0.148649
9531,3,1,97380,25866,22293,71514,142479,0,0,0,0,0.0942851
9534,3,1,113855,30449,26478,83406,166628,0,0,0,0,0.0874943
9539,3,1,105878,27933,24347,77945,152464,0,0,0,0,0.074367
9540,1,1,107201,28589,24548,78612,157876,0,0,0,0,0.143026
9541,3,1,100170,27042,22848,73128,150243,0,0,0,0,0.1028
9544,3,1,121483,33594,28849,87889,186482,0,0,0,0,0.0864326
9549,3,1,120118,33086,28578,87032,183417,0,0,0,0,0.0844626
9550,1,1,106880,28527,24527,78353,157586,0,0,0,0,0.140886
9551,3,1,103038,27497,23453,75541,152078,0,0,0,0,0.0824464
9554,3,1,114205,31174,26945,83031,173102,0,0,0,0,0.0857202
9559,3,1,111584,30600,26423,80984,170370,0,0,0,0,0.08128
9560,3,1,94132,25074,21414,69058,138376,0,0,0,0,0.0842705
9561,3,1,105076,27825,23979,77251,151598,0,0,0,0,0.10967
9562,6,1,105989,28152,24165,77837,154853,0,0,0,0,0.0765846
9564,3,1,106493,28748,24872,77745,159100,0,0,0,0,0.107986
9565,6,1,117018,32091,27637,84927,178685,0,0,0,0,0.0809494
9568,6,1,114307,31353,27082,82954,174398,0,0,0,0,0.0598639
9569,3,1,115854,31503,27485,84351,174006,0,0,0,0,0.0693024
9590,1,1,94682,25148,21602,69534,137948,0,0,0,0,0.136977
9591,3,1,94643,25192,21519,69451,138660,0,0,0,0,0.0805371
9594,3,1,113242,30349,26478,82893,166312,0,0,0,0,0.0694221
9599,3,1,100210,26434,22502,73776,144235,0,0,0,0,0.0753414
9600,1,1,108458,28900,24832,79558,159047,0,0,0,0,0.115573
9601,3,1,105186,28235,24145,76951,155796,0,0,0,0,0.0907819
9604,3,1,126600,34708,29988,91892,192194,0,0,0,0,0.0599304
9609,3,1,110348,29551,25388,80797,162508,0,0,0,0,0.0643511
9610,1,1,108328,28876,24812,79452,158919,0,0,0,0,0.102616
9611,3,1,113593,30764,26454,82829,169935,0,0,0,0,0.059246
9614,3,1,115166,31330,27297,83836,173643,0,0,0,0,0.060597
9619,3,1,107861,28577,24649,79284,157011,0,0,0,0,0.060588
9620,3,1,102288,27339,23247,74949,150707,0,0,0,0,0.0747232
9621,3,1,120169,32615,28148,87554,179790,0,0,0,0,0.0666609
9622,6,1,108885,29095,24876,79790,160432,0,0,0,0,0.059871
9624,3,1,115859,31522,27159,84337,174105,0,0,0,0,0.0736738
9625,6,1,119034,32529,27602,86505,180578,0,0,0,0,0.0584353
9628,6,1,121308,33150,28504,88158,184020,0,0,0,0,0.0570339
9629,3,1,115851,31422,27250,84429,174223,0,0,0,0,0.0719991
9650,1,1,98306,25904,22295,72402,142557,0,0,0,0,0.110697
9651,3,1,96747,25854,21925,70893,143088,0,0,0,0,0.0680307
9654,3,1,119979,32667,27998,87312,180783,0,0,0,0,0.0626512
9659,3,1,102758,27343,23336,75415,150232,0,0,0,0,0.0680684
9660,1,1,98244,25889,22284,72355,142469,0,0,0,0,0.111855
9661,3,1,105779,28653,24480,77126,158908,0,0,0,0,0.0618042
9664,3,1,108194,28893,25104,79301,159422,0,0,0,0,0.0660542
9669,3,1,103816,27496,23579,76320,151057,0,0,0,0,0.0656669
9670,3,1,93257,24626,20959,68631,135670,0,0,0,0,0.0725057
9671,3,1,109843,29834,25533,80009,165174,0,0,0,0,0.0686076
9674,3,1,115642,31505,27160,84137,174092,0,0,0,0,0.0805675
9675,6,1,113422,30708,26032,82714,170012,0,0,0,0,0.0639552
9678,6,1,117982,32300,27579,85682,179782,0,0,0,0,0.0621967
9679,3,1,109358,29552,25386,79806,163966,0,0,0,0,0.0811482
9682,6,1,101596,27151,23041,74445,150200,0,0,0,0,0.0664078
9700,1,1,82206,21090,17898,61116,115278,0,0,0,0,0.171384
9701,3,1,103378,27595,23639,75783,151724,0,0,0,0,0.098959
9704,3,1,113301,30242,26079,83059,165790,0,0,0,0,0.10989
9709,3,1,80979,20662,17501,60317,112874,0,0,0,0,0.11463
9710,3,1,81026,20911,17752,60115,114478,0,0,0,0,0.0935231
9711,3,1,102657,27612,23756,75045,153048,0,0,0,0,0.0627202
9714,3,1,110443,29640,25472,80803,163992,0,0,0,0,0.0663787
9719,3,1,107313,28881,24763,78432,160048,0,0,0,0,0.0847104
9722,6,1,110086,30074,25557,80012,167705,0,0,0,0,0.0671262
9725,6,1,113205,30770,26251,82435,171016,0,0,0,0,0.065715
9728,6,1,103069,27906,23899,75163,155298,0,0,0,0,0.0727597
9740,3,1,96293,24907,21439,71386,135631,0,0,0,0,0.0807825
9741,3,1,108825,29302,25140,79523,161940,0,0,0,0,0.0638478
9744,3,1,116311,31366,27010,84945,173393,0,0,0,0,0.0615533
9749,3,1,111180,29928,25602,81252,165327,0,0,0,0,0.0773321
9762,6,1,105396,28561,24325,76835,158809,0,0,0,0,0.0616392
9765,6,1,110851,29960,25542,80891,166172,0,0,0,0,0.0612275
9768,6,1,104451,28028,23901,76423,155624,0,0,0,0,0.0647122
9790,3,1,89132,22769,19225,66363,123448,0,0,0,0,0.0869056
9791,3,1,100737,26775,22992,73962,147166,0,0,0,0,0.0921988
9792,3,1,102132,26934,22885,75198,148331,0,0,0,0,0.0899634
9793,3,1,106068,28452,24699,77616,157397,0,0,0,0,0.0865071
9794,3,1,111558,29796,25610,81762,163881,0,0,0,0,0.0977776
9795,3,1,109685,29101,24988,80584,160339,0,0,0,0,0.0918297
9796,3,1,106120,28464,24680,77656,157434,0,0,0,0,0.0748583
9797,3,1,95416,25032,21407,70384,136695,0,0,0,0,0.111701
9798,3,1,108100,28783,24551,79317,158434,0,0,0,0,0.0872193
9799,3,1,118798,32278,27724,86520,177987,0,0,0,0,0.101418
9800,1,1,101322,26412,22870,74910,144379,0,0,0,0,0.165887
9801,3,1,97108,25824,22214,71284,142271,0,0,0,0,0.0754115
9804,3,1,113778,30445,26444,83333,166654,0,0,0,0,0.0668777
9809,3,1,105599,27856,24248,77743,152036,0,0,0,0,0.0666629
9810,1,1,101318,26397,22869,74921,144265,0,0,0,0,0.122984
9811,3,1,97293,25835,22266,71458,142273,0,0,0,0,0.0740507
9814,3,1,113896,30448,26481,83448,166583,0,0,0,0,0.0773734
9819,3,1,105825,27917,24352,77908,152363,0,0,0,0,0.0739501
9820,1,1,107250,28603,24555,78647,157962,0,0,0,0,0.152462
9821,3,1,100100,27036,22843,73064,150239,0,0,0,0,0.0990358
9824,3,1,121330,33544,28806,87786,186155,0,0,0,0,0.0852048
9829,3,1,120070,33085,28579,86985,183439,0,0,0,0,0.0829759
9830,1,1,106876,28540,24533,78336,157685,0,0,0,0,0.139226
9831,3,1,115673,31188,26891,84485,171918,0,0,0,0,0.0759661
9834,3,1,126265,34593,29974,91672,191740,0,0,0,0,0.0875587
9839,3,1,122065,33540,29086,88525,185995,0,0,0,0,0.0907744
9840,3,1,94028,25051,21392,68977,138246,0,0,0,0,0.112113
9841,3,1,116386,30896,26676,85490,168021,0,0,0,0,0.0976102
9842,6,1,118826,31776,27223,87050,174545,0,0,0,0,0.0759345
9844,3,1,119679,32589,28368,87090,179994,0,0,0,0,0.069367
9845,6,1,128049,35175,30408,92874,195374,0,0,0,0,0.0637435
9848,6,1,122359,33415,28924,88944,184892,0,0,0,0,0.0652737
9849,3,1,124871,33804,29511,91067,185652,0,0,0,0,0.0972284
9870,1,1,94665,25149,21605,69516,137954,0,0,0,0,0.14906
9871,3,1,94668,25201,21521,69467,138714,0,0,0,0,0.0927812
9874,3,1,113506,30433,26524,83073,166832,0,0,0,0,0.0724626
9879,3,1,100408,26499,22523,73909,144618,0,0,0,0,0.0812715
9880,1,1,108481,28916,24844,79565,159176,0,0,0,0,0.110185
9881,3,1,105190,28254,24168,76936,155951,0,0,0,0,0.0780187
9884,3,1,126481,34691,29989,91790,192132,0,0,0,0,0.063204
9889,3,1,110309,29557,25390,80752,162607,0,0,0,0,0.0651486
9890,1,1,108319,28872,24808,79447,158892,0,0,0,0,0.117691
9891,3,1,124946,34139,29504,90807,188001,0,0,0,0,0.0727988
9894,3,1,117299,31679,27510,85620,175035,0,0,0,0,0.0710563
9899,3,1,108430,28707,24472,79723,157855,0,0,0,0,0.0639828
9900,3,1,102139,27300,23207,74839,150472,0,0,0,0,0.0700938
9901,3,1,126964,34451,29970,92513,189128,0,0,0,0,0.0660925
9902,6,1,118032,31969,27426,86063,176382,0,0,0,0,0.0651151
9904,3,1,116672,31737,27379,84935,175593,0,0,0,0,0.0928162
9905,6,1,118507,32324,27604,86183,179455,0,0,0,0,0.0899809
9908,6,1,121199,33232,28615,87967,184740,0,0,0,0,0.060789
9909,3,1,114734,30991,26969,83743,171583,0,0,0,0,0.0764399
9930,1,1,98395,25929,22304,72466,142696,0,0,0,0,0.112158
9931,3,1,96720,25850,21923,70870,143078,0,0,0,0,0.0684838
9934,3,1,119675,32600,27946,87075,180420,0,0,0,0,0.0618664
9939,3,1,102644,27319,23329,75325,150105,0,0,0,0,0.0704422
9940,1,1,98177,25863,22292,72314,142274,0,0,0,0,0.114756
9941,3,1,118274,32239,27918,86035,178097,0,0,0,0,0.0648484
9944,3,1,116029,31065,27102,84964,170865,0,0,0,0,0.0637356
9949,3,1,109665,28758,24675,80907,157046,0,0,0,0,0.0613389
9950,3,1,93034,24564,20910,68470,135317,0,0,0,0,0.0700358
9951,3,1,121243,33103,28803,88140,182955,0,0,0,0,0.0639751
9954,3,1,123234,33606,28941,89628,185393,0,0,0,0,0.0801753
9955,6,1,115870,31427,26927,84443,173587,0,0,0,0,0.0622576
9958,6,1,125604,34452,29570,91152,191317,0,0,0,0,0.064348
9959,3,1,118403,31821,27582,86582,175850,0,0,0,0,0.0735473
9962,6,1,112955,30584,26145,82371,169199,0,0,0,0,0.0657109
9980,1,1,82210,21092,17898,61118,115290,0,0,0,0,0.155518
9981,3,1,107028,28428,24521,78600,156240,0,0,0,0,0.0836815
9984,3,1,121114,32389,28123,88725,177100,0,0,0,0,0.0822715
9989,3,1,88694,22990,19652,65704,126077,0,0,0,0,0.0818327
9990,3,1,81042,20917,17752,60125,114514,0,0,0,0,0.0949112
9991,3,1,107019,28939,24866,78080,160758,0,0,0,0,0.0648744
9994,3,1,118522,31903,27544,86619,175987,0,0,0,0,0.0648523
9999,3,1,110598,29658,25620,80940,163717,0,0,0,0,0.0846372
10002,6,1,112088,30708,26212,81380,171344,0,0,0,0,0.0655301
10005,6,1,119438,32659,28083,86779,181408,0,0,0,0,0.0671572
10008,6,1,107437,29232,25151,78205,162791,0,0,0,0,0.0675902
10020,3,1,96415,24925,21451,71490,135691,0,0,0,0,0.100105
10021,3,1,108722,29277,25123,79445,161790,0,0,0,0,0.068325
10024,3,1,116364,31379,27017,84985,173492,0,0,0,0,0.0619071
10029,3,1,111203,29929,25564,81274,165322,0,0,0,0,0.081538
10042,6,1,108270,29185,24939,79085,161723,0,0,0,0,0.067843
10045,6,1,115930,31430,27055,84500,173926,0,0,0,0,0.0593444
10048,6,1,105646,28224,24171,77422,156174,0,0,0,0,0.0671379
10070,3,1,89174,22741,19222,66433,123251,0,0,0,0,0.0814324
10071,3,1,100718,26773,22991,73945,147159,0,0,0,0,0.0622646
10072,3,1,102702,27248,23290,75454,149981,0,0,0,0,0.0628446
10073,3,1,104272,27865,23996,76407,153860,0,0,0,0,0.0690538
10074,3,1,111545,29802,25616,81743,163951,0,0,0,0,0.0913278
10075,3,1,118017,31316,27050,86701,171561,0,0,0,0,0.073836
10076,3,1,112376,30124,26067,82252,166060,0,0,0,0,0.0692152
10077,3,1,98011,25762,22180,72249,140822,0,0,0,0,0.0761229
10078,3,1,107585,28390,24423,79195,155415,0,0,0,0,0.0762605
10079,3,1,118624,32230,27670,86394,177723,0,0,0,0,0.0762929
10080,1,1,101331,26416,22873,74915,144404,0,0,0,0,0.129089
10081,3,1,123934,33954,29520,89980,187396,0,0,0,0,0.076831
10084,3,1,134094,36678,31860,97416,201758,0,0,0,0,0.074357
10089,3,1,99805,26159,22552,73646,143076,0,0,0,0,0.0754343
10090,1,1,101327,26401,22872,74926,144290,0,0,0,0,0.129023
10091,3,1,124171,34005,29573,90166,187632,0,0,0,0,0.0756515
10094,3,1,134325,36713,31906,97612,201874,0,0,0,0,0.0760118
10099,3,1,100225,26190,22600,74035,143123,0,0,0,0,0.0904778
10100,1,1,107257,28617,24574,78640,158060,0,0,0,0,0.160747
10101,3,1,106661,28527,24805,78134,157304,0,0,0,0,0.107866
10104,3,1,120940,33158,28502,87782,184123,0,0,0,0,0.080141
10109,3,1,120397,32805,28237,87592,181915,0,0,0,0,0.108935
10110,1,1,106880,28549,24539,78331,157761,0,0,0,0,0.161547
10111,3,1,120954,32800,28622,88154,180739,0,0,0,0,0.0780848
10114,3,1,131964,36691,31990,95273,204134,0,0,0,0,0.0895927
10119,3,1,130756,36093,31351,94663,200365,0,0,0,0,0.100493
10120,3,1,119865,32062,27784,87803,175475,0,0,0,0,0.112108
10121,3,1,120162,32121,27856,88041,175771,0,0,0,0,0.0947204
10122,6,1,117669,31110,27030,86559,169354,0,0,0,0,0.0836182
10124,3,1,132581,36310,31703,96271,198943,0,0,0,0,0.0745063
10125,6,1,130025,35585,30730,94440,196907,0,0,0,0,0.0635178
10128,6,1,128998,35385,30629,93613,195881,0,0,0,0,0.0662034
10129,3,1,133075,36309,31743,96766,198802,0,0,0,0,0.0772265
10150,1,1,94663,25149,21609,69514,137954,0,0,0,0,0.200842
10151,3,1,115902,31606,27350,84296,174020,0,0,0,0,0.103528
10154,3,1,127884,34947,30261,92937,192131,0,0,0,0,0.118608
10159,3,1,92754,24322,20671,68432,133135,0,0,0,0,0.13078
10160,1,1,108485,28918,24848,79567,159197,0,0,0,0,0.139933
10161,3,1,119714,32349,27687,87365,178231,0,0,0,0,0.0707218
10164,3,1,127636,34360,29834,93276,189245,0,0,0,0,0.0648569
10169,3,1,110405,29431,25506,80974,161832,0,0,0,0,0.0653452
10170,1,1,108360,28897,24832,79463,159093,0,0,0,0,0.104517
10171,3,1,128235,34983,30199,93252,192675,0,0,0,0,0.0876116
10174,3,1,122729,33125,28510,89604,183073,0,0,0,0,0.0649244
10179,3,1,111839,29953,25862,81886,165256,0,0,0,0,0.0621244
10180,3,1,113764,30266,26081,83498,165889,0,0,0,0,0.0637857
10181,3,1,122123,32857,28608,89266,180023,0,0,0,0,0.0623344
10182,6,1,121832,32701,27880,89131,179658,0,0,0,0,0.0690797
10184,3,1,107765,29231,25158,78534,161641,0,0,0,0,0.078992
10185,6,1,124215,34016,29157,90199,189132,0,0,0,0,0.0595013
10188,6,1,125857,34605,29749,91252,192305,0,0,0,0,0.0641841
10189,3,1,109607,29327,25350,80280,161421,0,0,0,0,0.0714426
10210,1,1,98328,25903,22312,72425,142501,0,0,0,0,0.110759
10211,3,1,111924,30231,26016,81693,167300,0,0,0,0,0.0626319
10214,3,1,125355,33526,28719,91829,184445,0,0,0,0,0.0639384
10219,3,1,109351,29062,25003,80289,159813,0,0,0,0,0.0638877
10220,1,1,98266,25888,22300,72378,142413,0,0,0,0,0.117077
10221,3,1,120798,32907,28489,87891,182067,0,0,0,0,0.065822
10224,3,1,119882,31939,27316,87943,176059,0,0,0,0,0.0629506
10229,3,1,111170,29678,25672,81492,163577,0,0,0,0,0.0663547
10230,3,1,107017,28543,24768,78474,157169,0,0,0,0,0.0634625
10231,3,1,115163,30937,26770,84226,170161,0,0,0,0,0.0624102
10234,3,1,119544,32393,28126,87151,178134,0,0,0,0,0.0764253
10235,6,1,125610,34445,29750,91165,191229,0,0,0,0,0.0605058
10238,6,1,126504,34552,29784,91952,191387,0,0,0,0,0.0630826
10239,3,1,122650,33109,28940,89541,182082,0,0,0,0,0.0719249
10242,6,1,121823,32718,27882,89105,179781,0,0,0,0,0.0715773
10260,1,1,82226,21094,17900,61132,115302,0,0,0,0,0.148339
10261,3,1,109010,28937,24863,80073,158414,0,0,0,0,0.0844246
10264,3,1,120095,32045,27811,88050,174938,0,0,0,0,0.0856045
10269,3,1,87973,22650,19363,65323,123876,0,0,0,0,0.0799404
10270,3,1,101555,26807,23062,74748,146938,0,0,0,0,0.0863551
10271,3,1,110428,29667,25347,80761,164592,0,0,0,0,0.0644738
10274,3,1,121509,32739,28212,88770,181070,0,0,0,0,0.0644887
10279,3,1,106561,28431,24346,78130,157189,0,0,0,0,0.075829
10282,6,1,116160,31540,26916,84620,175213,0,0,0,0,0.0619916
10285,6,1,124528,33896,29170,90632,188264,0,0,0,0,0.0616803
10288,6,1,110225,29786,25671,80439,165392,0,0,0,0,0.0693481
10300,3,1,112438,29815,25799,82623,163163,0,0,0,0,0.100494
10301,3,1,116420,31301,27033,85119,173180,0,0,0,0,0.0658644
10304,3,1,126449,34102,29661,92347,187984,0,0,0,0,0.0616107
10309,3,1,118294,31558,27300,86736,173481,0,0,0,0,0.0781079
10322,6,1,115252,31481,27053,83771,175127,0,0,0,0,0.0645588
10325,6,1,123724,33824,29069,89900,188003,0,0,0,0,0.0594611
10328,6,1,109546,29602,25534,79944,164251,0,0,0,0,0.062479
10350,3,1,83174,21067,17542,62107,114698,0,0,0,0,0.0906422
10351,3,1,100570,26888,22873,73682,148383,0,0,0,0,0.0625438
10352,3,1,98858,26233,22283,72625,144504,0,0,0,0,0.0594781
10353,3,1,103925,27741,23856,76184,152759,0,0,0,0,0.0708038
10354,3,1,111888,30123,25929,81765,165977,0,0,0,0,0.0663119
10355,3,1,111039,29652,25685,81387,163000,0,0,0,0,0.0847285
10356,3,1,114524,30709,26749,83815,168420,0,0,0,0,0.0914663
10357,3,1,93624,24600,21303,69024,133496,0,0,0,0,0.0995143
10358,3,1,100315,26587,22517,73728,146906,0,0,0,0,0.0833639
10359,3,1,109867,29059,24865,80808,159344,0,0,0,0,0.072606
10360,3,1,99470,26488,22970,72982,145719,0,0,0,0,0.0954298
10361,3,1,109616,29171,25227,80445,159884,0,0,0,0,0.0705004
10362,6,1,108214,28990,25091,79224,159833,0,0,0,0,0.0714815
10364,3,1,116499,30696,26621,85803,166762,0,0,0,0,0.0709819
10365,6,1,114952,30852,26834,84100,169668,0,0,0,0,0.0728148
10368,6,1,114109,30387,26266,83722,166259,0,0,0,0,0.0765559
10369,3,1,105686,27901,24318,77785,152700,0,0,0,0,0.119497
10370,3,1,99589,26484,22963,73105,145633,0,0,0,0,0.0781013
10371,3,1,109566,29133,25227,80433,159628,0,0,0,0,0.0797718
10372,6,1,108140,28948,25107,79192,159522,0,0,0,0,0.0678035
10374,3,1,116397,30643,26597,85754,166428,0,0,0,0,0.0681875
10375,6,1,115015,30838,26870,84177,169476,0,0,0,0,0.0688638
10378,6,1,114061,30327,26251,83734,165835,0,0,0,0,0.0758185
10379,3,1,105991,27990,24453,78001,153171,0,0,0,0,0.116645
10380,3,1,105062,28125,24180,76937,154491,0,0,0,0,0.081241
10381,3,1,109075,28578,24356,80497,155042,0,0,0,0,0.0785315
10384,3,1,115982,31410,27372,84572,173407,0,0,0,0,0.0691199
10385,6,1,118656,32641,28103,86015,181154,0,0,0,0,0.0590096
10388,6,1,121803,33194,28514,88609,183795,0,0,0,0,0.0623237
10389,3,1,106750,28657,24681,78093,158299,0,0,0,0,0.0707293
10390,3,1,104978,28101,24139,76877,154332,0,0,0,0,0.083719
10391,3,1,119037,31100,26567,87937,167830,0,0,0,0,0.0717916
10394,3,1,123195,33469,29071,89726,184556,0,0,0,0,0.0666861
10395,6,1,128245,35592,30798,92653,197509,0,0,0,0,0.0634492
10398,6,1,128932,35437,30751,93495,196084,0,0,0,0,0.0633418
10399,3,1,112467,30352,25901,82115,167533,0,0,0,0,0.0676142
10400,3,1,120586,32254,27782,88332,176104,0,0,0,0,0.0717632
10401,3,1,120890,32300,27842,88590,176278,0,0,0,0,0.0783827
10404,3,1,135530,36457,31864,99073,198797,0,0,0,0,0.0708528
10405,6,1,123077,34090,29359,88987,189587,0,0,0,0,0.0575404
10408,6,1,122238,33833,29215,88405,188297,0,0,0,0,0.0590757
10409,3,1,123475,33011,28671,90464,180507,0,0,0,0,0.0694176
10430,3,1,91927,24466,20662,67461,134500,0,0,0,0,0.0905493
10431,3,1,103265,27477,23361,75788,150692,0,0,0,0,0.0782407
10432,6,1,105608,28530,24347,77078,157535,0,0,0,0,0.0765584
10434,3,1,114062,30446,26137,83616,166292,0,0,0,0,0.0778033
10435,6,1,111438,30041,25986,81397,165311,0,0,0,0,0.0748792
10438,6,1,117700,32010,27519,85690,176673,0,0,0,0,0.0813506
10439,3,1,102689,27735,23947,74954,152556,0,0,0,0,0.13915
10440,3,1,110364,29751,25270,80613,164416,0,0,0,0,0.103403
10441,3,1,122153,33257,28507,88896,183823,0,0,0,0,0.0659147
10444,3,1,120360,32504,28422,87856,178744,0,0,0,0,0.0747028
10445,6,1,120285,32880,28481,87405,182097,0,0,0,0,0.0616889
10448,6,1,123273,33718,28879,89555,187529,0,0,0,0,0.0629432
10449,3,1,111837,30410,26023,81427,168197,0,0,0,0,0.103723
10450,3,1,110368,29757,25274,80611,164455,0,0,0,0,0.0782744
10451,3,1,127473,34595,29781,92878,190399,0,0,0,0,0.0890549
10454,3,1,110611,29655,25656,80956,163586,0,0,0,0,0.0816856
10455,6,1,116533,31860,27520,84673,176942,0,0,0,0,0.0622168
10458,6,1,123924,33945,29259,89979,188792,0,0,0,0,0.0697695
10459,3,1,112925,30735,26441,82190,170073,0,0,0,0,0.0785342
10460,3,1,118512,31915,27402,86597,175294,0,0,0,0,0.0672428
10461,3,1,122264,32820,28257,89444,179511,0,0,0,0,0.0880827
10464,3,1,106331,28498,24715,77833,157475,0,0,0,0,0.074379
10465,6,1,119021,32405,27855,86616,179497,0,0,0,0,0.0599802
10468,6,1,118435,32324,27981,86111,179088,0,0,0,0,0.0574293
10469,3,1,112502,30566,26487,81936,168687,0,0,0,0,0.0764142
10490,3,1,102289,27476,23327,74813,151875,0,0,0,0,0.0773177
10491,3,1,115350,31274,26881,84076,173170,0,0,0,0,0.0655359
10494,3,1,118576,32169,27676,86407,177271,0,0,0,0,0.0736706
10495,6,1,119692,32702,28265,86990,181001,0,0,0,0,0.0616918
10498,6,1,122633,33724,29016,88909,187583,0,0,0,0,0.0602968
10499,3,1,119048,32315,27749,86733,178229,0,0,0,0,0.0735055
10500,3,1,102317,27490,23339,74827,151960,0,0,0,0,0.0809345
10501,3,1,119731,32357,27971,87374,178568,0,0,0,0,0.0921367
10504,3,1,109846,29564,25343,80282,163484,0,0,0,0,0.0911296
10505,6,1,114927,31451,27164,83476,174795,0,0,0,0,0.0598062
10508,6,1,124376,34188,29650,90188,190195,0,0,0,0,0.0717137
10509,3,1,119564,32504,27996,87060,179609,0,0,0,0,0.112834
10510,3,1,110576,29663,25464,80913,163171,0,0,0,0,0.0827003
10511,3,1,113131,30167,25955,82964,165124,0,0,0,0,0.0734065
10514,3,1,105177,28193,24202,76984,155926,0,0,0,0,0.0963513
10515,6,1,115518,31297,26985,84221,173271,0,0,0,0,0.0611383
10518,6,1,117105,31920,27682,85185,176968,0,0,0,0,0.0723629
10519,3,1,117756,32111,27826,85645,177255,0,0,0,0,0.0878159
10540,3,1,82112,21122,17548,60990,115576,0,0,0,0,0.0993448
10541,3,1,99245,26619,22890,72626,147494,0,0,0,0,0.0724452
10544,3,1,104818,28114,24310,76704,155618,0,0,0,0,0.0741915
10549,3,1,93663,24688,20945,68975,135170,0,0,0,0,0.0844776
10550,3,1,90857,23486,20112,67371,128050,0,0,0,0,0.0856262
10551,3,1,103825,27676,23972,76149,152527,0,0,0,0,0.0798554
10554,3,1,110493,29727,25857,80766,164184,0,0,0,0,0.0777212
10559,3,1,102495,27072,23039,75423,148127,0,0,0,0,0.0762844
10560,6,1,90342,23582,20242,66760,129519,0,0,0,0,0.0845989
10561,6,1,104907,28256,24273,76651,156819,0,0,0,0,0.0596011
10562,6,1,114703,31533,27214,83170,175667,0,0,0,0,0.0593881
10564,6,1,111164,29970,25856,81194,165975,0,0,0,0,0.0597411
10565,6,1,121372,33344,28940,88028,185229,0,0,0,0,0.0577134
10568,6,1,110722,29527,25090,81195,162645,0,0,0,0,0.0669096
10569,6,1,117881,32139,27895,85742,178770,0,0,0,0,0.0651158
10580,3,1,99119,25378,21955,73741,137057,0,0,0,0,0.0834525
10581,3,1,112100,29872,26023,82228,163855,0,0,0,0,0.0692036
10584,3,1,119117,32025,27986,87092,175906,0,0,0,0,0.0681168
10589,3,1,110526,29065,24904,81461,158341,0,0,0,0,0.0766668
10590,6,1,96877,25317,21890,71560,138603,0,0,0,0,0.0829596
10591,6,1,109903,29727,25619,80176,164718,0,0,0,0,0.0601137
10594,6,1,115601,31286,27114,84315,172931,0,0,0,0,0.059665
10599,6,1,127152,34553,30253,92599,190789,0,0,0,0,0.0643428
10602,6,1,114554,31241,26765,83313,173460,0,0,0,0,0.0595023
10605,6,1,123980,33921,29057,90059,188236,0,0,0,0,0.057551
10608,6,1,110068,29369,24862,80699,161630,0,0,0,0,0.0652685
10620,6,1,95047,24943,21338,70104,137096,0,0,0,0,0.0887545
10621,6,1,107758,29157,24675,78601,162003,0,0,0,0,0.067376
10622,6,1,108802,29555,25155,79247,164222,0,0,0,0,0.0623116
10624,6,1,115050,31536,26999,83514,175586,0,0,0,0,0.0604571
10625,6,1,114775,31419,26936,83356,174864,0,0,0,0,0.0599263
10628,6,1,110962,29877,25697,81085,165436,0,0,0,0,0.0659705
10629,6,1,120932,32515,27951,88417,178913,0,0,0,0,0.067378
10630,3,1,87745,22610,19449,65135,123450,0,0,0,0,0.142243
10631,3,1,102813,27273,23458,75540,149874,0,0,0,0,0.087247
10632,3,1,106039,28299,24338,77740,155785,0,0,0,0,0.0820958
10633,3,1,107526,28850,24761,78676,158801,0,0,0,0,0.0823362
10634,3,1,116120,31061,26954,85059,170112,0,0,0,0,0.0788074
10635,3,1,115225,30653,26435,84572,167823,0,0,0,0,0.0769791
10636,3,1,116593,31271,26815,85322,171525,0,0,0,0,0.075353
10637,3,1,81521,20885,17663,60636,114243,0,0,0,0,0.0903996
10638,3,1,86989,22330,18943,64659,122187,0,0,0,0,0.084083
10639,3,1,94277,24043,20565,70234,130588,0,0,0,0,0.101281
10662,6,1,102776,27381,23614,75395,151102,0,0,0,0,0.0742551
10672,6,1,109165,29290,25323,79875,161785,0,0,0,0,0.0788595
10682,6,1,106758,28617,24486,78141,157865,0,0,0,0,0.0792613
10690,6,1,110428,29567,25458,80861,163004,0,0,0,0,0.0982909
10691,6,1,110531,29589,25451,80942,163100,0,0,0,0,0.10087
10692,6,1,101785,27085,23191,74700,149705,0,0,0,0,0.100269
10694,6,1,122541,33703,29097,88838,186711,0,0,0,0,0.0796274
10695,6,1,113764,31280,26847,82484,174136,0,0,0,0,0.076029
10696,6,1,117095,32188,27568,84907,179237,0,0,0,0,0.0755861
10697,6,1,113323,31241,26943,82082,174165,0,0,0,0,0.0739269
10698,6,1,114836,31695,27291,83141,176794,0,0,0,0,0.0747095
10699,6,1,117494,32146,27640,85348,178019,0,0,0,0,0.0954605
10722,6,1,111992,30261,26047,81731,167331,0,0,0,0,0.069741
10732,6,1,118077,32008,27707,86069,176591,0,0,0,0,0.0655583
10742,6,1,123382,33421,28773,89961,184160,0,0,0,0,0.0675875
10750,6,1,113130,30462,26069,82668,168381,0,0,0,0,0.0612044
10751,6,1,118968,32105,27776,86863,176971,0,0,0,0,0.0609856
10752,6,1,120013,32404,27722,87609,178700,0,0,0,0,0.0684965
10754,6,1,102420,27142,23184,75278,149481,0,0,0,0,0.0659452
10755,6,1,107566,28780,24746,78786,159036,0,0,0,0,0.0675605
10756,6,1,121293,33522,28848,87771,186397,0,0,0,0,0.0620379
10757,6,1,110245,29434,25347,80811,162392,0,0,0,0,0.0607443
10758,6,1,121613,33770,29053,87843,187891,0,0,0,0,0.0602447
10759,6,1,126520,35127,30736,91393,195642,0,0,0,0,0.0641122
10772,6,1,102222,27521,23679,74701,152544,0,0,0,0,0.0649725
10782,6,1,107995,29123,25182,78872,161074,0,0,0,0,0.0611958
10792,6,1,113648,30686,26469,82962,169407,0,0,0,0,0.069682
10800,6,1,104465,28079,23931,76386,155633,0,0,0,0,0.0607723
10801,6,1,109531,29502,25293,80029,163122,0,0,0,0,0.0598569
10802,6,1,110716,30124,25684,80592,167358,0,0,0,0,0.0623345
10804,6,1,100430,26569,22594,73861,146208,0,0,0,0,0.0657824
10805,6,1,105657,28487,24298,77170,157702,0,0,0,0,0.0598632
10806,6,1,117559,32265,27719,85294,179184,0,0,0,0,0.0564069
10807,6,1,110347,29673,25400,80674,164169,0,0,0,0,0.0570385
10808,6,1,118209,32538,28060,85671,180840,0,0,0,0,0.0555487
10809,6,1,130453,36282,31803,94171,201972,0,0,0,0,0.0624505
10822,6,1,101180,27072,23154,74108,149746,0,0,0,0,0.0638061
10825,6,1,106384,28632,24578,77752,158529,0,0,0,0,0.0637283
10828,6,1,103493,27835,23858,75658,154397,0,0,0,0,0.0923573
10832,6,1,100309,26806,22820,73503,148354,0,0,0,0,0.0661124
10835,6,1,111851,30131,25849,81720,166886,0,0,0,0,0.0727218
10838,6,1,103429,27982,23924,75447,155692,0,0,0,0,0.077202
10853,6,1,106978,28992,24999,77986,161210,0,0,0,0,0.0680255
10856,6,1,116049,31611,27281,84438,175381,0,0,0,0,0.0620844
10857,6,1,106531,28741,24402,77790,159922,0,0,0,0,0.079067
10862,6,1,104086,28060,24049,76026,155727,0,0,0,0,0.0638899
10865,6,1,115485,31184,26738,84301,172668,0,0,0,0,0.0606395
10868,6,1,103880,28078,24094,75802,156175,0,0,0,0,0.0928893
10883,6,1,106574,28992,24733,77582,161275,0,0,0,0,0.0870658
10886,6,1,115178,31439,27061,83739,174378,0,0,0,0,0.0778647
10887,6,1,104603,28315,24095,76288,157773,0,0,0,0,0.138963
10903,6,1,110461,29785,25584,80676,165189,0,0,0,0,0.0843522
10906,6,1,120638,32769,28273,87869,181602,0,0,0,0,0.0869562
10907,6,1,100291,26974,22826,73317,149961,0,0,0,0,0.102446
10973,6,1,107421,28581,24436,78840,157492,0,0,0,0,0.168671
11033,6,1,109178,29032,25040,80146,159514,0,0,0,0,0.114115
11093,6,1,102177,27030,23210,75147,148818,0,0,0,0,0.136224
11200,1,1,78497,19865,17042,58632,107962,0,0,0,0,0.155943
11201,3,1,74624,18993,16166,55631,103720,0,0,0,0,0.136642
11204,3,1,90627,23615,19980,67012,128763,0,0,0,0,0.163306
11209,3,1,105925,27465,23541,78460,149423,0,0,0,0,0.0989441
11210,1,1,78344,19826,17020,58518,107726,0,0,0,0,0.141898
11211,3,1,74428,18942,16125,55486,103407,0,0,0,0,0.0981179
11214,3,1,90543,23592,19965,66951,128630,0,0,0,0,0.144042
11219,3,1,106482,27584,23648,78898,150038,0,0,0,0,0.0935161
11220,1,1,73161,18363,15584,54798,99928,0,0,0,0,0.230314
11221,3,1,70052,17758,14874,52294,97309,0,0,0,0,0.172775
11224,3,1,85559,22441,19028,63118,123364,0,0,0,0,0.100333
11229,3,1,86286,22512,19111,63774,123675,0,0,0,0,0.119018
11230,1,1,76235,19435,16371,56800,106328,0,0,0,0,0.250627
11231,3,1,83430,21556,18206,61874,118121,0,0,0,0,0.16605
11234,3,1,92789,24458,20914,68331,134644,0,0,0,0,0.160309
11239,3,1,88102,23296,19732,64806,128610,0,0,0,0,0.152752
11240,3,1,75231,19355,16248,55876,106144,0,0,0,0,0.175
11241,3,1,74265,18857,15907,55408,103212,0,0,0,0,0.114057
11242,6,1,99476,26288,22518,73188,144134,0,0,0,0,0.0999866
11244,3,1,86567,22515,19254,64052,123756,0,0,0,0,0.111068
11245,6,1,98450,25989,22440,72461,142965,0,0,0,0,0.108349
11248,6,1,97002,25766,22096,71236,142066,0,0,0,0,0.145936
11249,3,1,95928,24986,21482,70942,136578,0,0,0,0,0.116652
11270,1,1,108128,28118,24186,80010,153820,0,0,0,0,0.18653
11271,3,1,98273,25943,22543,72330,142294,0,0,0,0,0.118763
11274,3,1,114969,30610,26629,84359,167524,0,0,0,0,0.132837
11279,3,1,114948,30237,26327,84711,164803,0,0,0,0,0.143056
11280,1,1,100636,26103,22091,74533,142726,0,0,0,0,0.204796
11281,3,1,89188,23197,19845,65991,126687,0,0,0,0,0.105917
11284,3,1,108018,28963,25299,79055,159475,0,0,0,0,0.119883
11289,3,1,104688,27804,23760,76884,152570,0,0,0,0,0.0957402
11290,1,1,109655,28997,24983,80658,159172,0,0,0,0,0.223869
11291,3,1,106920,28608,24813,78312,157310,0,0,0,0,0.143131
11294,3,1,115825,31306,26906,84519,172819,0,0,0,0,0.0997882
11299,3,1,111816,29731,25627,82085,163134,0,0,0,0,0.0783039
11300,3,1,97618,25872,22117,71746,141967,0,0,0,0,0.134351
11301,3,1,99421,26226,22584,73195,143889,0,0,0,0,0.124209
11302,6,1,115712,31446,27270,84266,173958,0,0,0,0,0.113945
11304,3,1,123237,33699,29187,89538,186561,0,0,0,0,0.111719
11305,6,1,111905,29904,25697,82001,165241,0,0,0,0,0.067471
11308,6,1,111040,29982,25918,81058,165591,0,0,0,0,0.0965435
11309,3,1,112646,30068,25975,82578,164895,0,0,0,0,0.0958915
11330,1,1,88714,22648,19091,66066,123836,0,0,0,0,0.145892
11331,3,1,82053,21207,17910,60846,116277,0,0,0,0,0.112808
11334,3,1,98556,26236,22816,72320,144211,0,0,0,0,0.105574
11339,3,1,94112,24776,21125,69336,135575,0,0,0,0,0.107128
11340,1,1,92132,24040,20713,68092,132109,0,0,0,0,0.172221
11341,3,1,98006,25936,22260,72070,143009,0,0,0,0,0.113072
11344,3,1,103050,27541,23558,75509,151921,0,0,0,0,0.110516
11349,3,1,97223,25502,21584,71721,139950,0,0,0,0,0.111036
11350,3,1,83646,21719,18452,61927,118980,0,0,0,0,0.125587
11351,3,1,92608,24372,20777,68236,134394,0,0,0,0,0.109926
11354,3,1,123524,33776,29237,89748,187037,0,0,0,0,0.107559
11355,6,1,104798,27881,23827,76917,153967,0,0,0,0,0.0933037
11358,6,1,101370,26972,23078,74398,148848,0,0,0,0,0.101135
11359,3,1,96771,25437,21690,71334,139142,0,0,0,0,0.106098
11362,6,1,108030,29006,24879,79024,160579,0,0,0,0,0.088729
11380,1,1,77472,19816,16475,57656,108567,0,0,0,0,0.237954
11381,3,1,105882,28369,24198,77513,156224,0,0,0,0,0.119658
11384,3,1,121250,32775,28404,88475,180166,0,0,0,0,0.0896296
11389,3,1,85848,22264,18947,63584,122158,0,0,0,0,0.0830119
11390,3,1,74011,19009,15897,55002,104098,0,0,0,0,0.100474
11391,3,1,95796,25544,21898,70252,141557,0,0,0,0,0.088623
11394,3,1,102089,27280,23496,74809,151181,0,0,0,0,0.103599
11399,3,1,85210,22106,18694,63104,120977,0,0,0,0,0.101023
11402,6,1,94712,24849,21210,69863,136726,0,0,0,0,0.0651829
11405,6,1,99378,26294,22605,73084,144943,0,0,0,0,0.061526
11408,6,1,95468,25061,21210,70407,138261,0,0,0,0,0.0763726
11420,3,1,80520,20698,17352,59822,113018,0,0,0,0,0.0894678
11421,3,1,88996,23262,19880,65734,127756,0,0,0,0,0.0792059
11424,3,1,97340,25589,21900,71751,140657,0,0,0,0,0.0963959
11429,3,1,88046,22953,19244,65093,125873,0,0,0,0,0.124118
11442,6,1,88078,23420,19763,64658,129856,0,0,0,0,0.0777069
11445,6,1,92119,24674,20958,67445,136921,0,0,0,0,0.0843604
11448,6,1,99202,26218,22410,72984,144591,0,0,0,0,0.0811925
11470,3,1,94039,24635,21178,69404,134781,0,0,0,0,0.0782855
11471,3,1,101673,26938,23387,74735,147746,0,0,0,0,0.084627
11472,3,1,100046,26453,22851,73593,145379,0,0,0,0,0.0734131
11473,3,1,102803,26881,22838,75922,146616,0,0,0,0,0.0754424
11474,3,1,107833,28525,24762,79308,156049,0,0,0,0,0.091535
11475,3,1,106451,28186,24576,78265,154754,0,0,0,0,0.0684924
11476,3,1,102501,26802,22804,75699,146186,0,0,0,0,0.0866563
11477,3,1,114504,29958,26080,84546,163232,0,0,0,0,0.101071
11478,3,1,97598,25114,21451,72484,136644,0,0,0,0,0.0732795
11479,3,1,106396,27773,23495,78623,151673,0,0,0,0,0.119281
11480,1,1,78486,19863,17042,58623,107950,0,0,0,0,0.123507
11481,3,1,87701,22794,19860,64907,124654,0,0,0,0,0.0715034
11484,3,1,98971,25994,22392,72977,142238,0,0,0,0,0.082638
11489,3,1,98796,25934,22424,72862,142046,0,0,0,0,0.0663683
11490,1,1,78333,19824,17020,58509,107714,0,0,0,0,0.158174
11491,3,1,87313,22702,19810,64611,124125,0,0,0,0,0.0726035
11494,3,1,98771,25937,22358,72834,141874,0,0,0,0,0.0725026
11499,3,1,98494,25848,22378,72646,141515,0,0,0,0,0.0677591
11500,1,1,73134,18357,15584,54777,99892,0,0,0,0,0.136457
11501,3,1,82124,21194,18358,60930,116451,0,0,0,0,0.0782103
11504,3,1,97513,25532,21968,71981,139748,0,0,0,0,0.073109
11509,3,1,99767,26218,22307,73549,143824,0,0,0,0,0.0790148
11510,1,1,76158,19414,16370,56744,106208,0,0,0,0,0.238065
11511,3,1,92118,24141,20774,67977,132594,0,0,0,0,0.11403
11514,3,1,98433,25914,22358,72519,142425,0,0,0,0,0.157003
11519,3,1,95949,25345,21786,70604,139497,0,0,0,0,0.13346
11520,3,1,90272,23589,20492,66683,129250,0,0,0,0,0.11889
11521,3,1,87272,22438,19321,64834,122615,0,0,0,0,0.102055
11522,6,1,99084,26161,22480,72923,143881,0,0,0,0,0.0717348
11524,3,1,94195,24513,21118,69682,133971,0,0,0,0,0.0744451
11525,6,1,101735,26998,23550,74737,148706,0,0,0,0,0.0873054
11528,6,1,101645,27204,23513,74441,150437,0,0,0,0,0.0925794
11529,3,1,102181,26734,23210,75447,145387,0,0,0,0,0.0772071
11550,1,1,108112,28117,24193,79995,153823,0,0,0,0,0.143519
11551,3,1,116926,31740,27861,85186,174536,0,0,0,0,0.0990025
11554,3,1,111536,29750,26067,81786,163545,0,0,0,0,0.0842237
11559,3,1,104913,27569,23833,77344,150863,0,0,0,0,0.0672046
11560,1,1,100597,26098,22087,74499,142706,0,0,0,0,0.153254
11561,3,1,102826,27383,23979,75443,150284,0,0,0,0,0.0657718
11564,3,1,104579,27813,24096,76766,153304,0,0,0,0,0.069746
11569,3,1,100621,26590,22876,74031,146422,0,0,0,0,0.100432
11570,1,1,109669,28999,24981,80670,159185,0,0,0,0,0.164613
11571,3,1,115632,31429,27320,84203,173484,0,0,0,0,0.0813949
11574,3,1,122947,33497,29000,89450,185026,0,0,0,0,0.0966264
11579,3,1,115036,30975,27015,84061,170898,0,0,0,0,0.105788
11580,3,1,111894,30114,26382,81780,164986,0,0,0,0,0.0767886
11581,3,1,103640,27510,24002,76130,150859,0,0,0,0,0.0731474
11582,6,1,112234,30300,26251,81934,167091,0,0,0,0,0.0615372
11584,3,1,122090,32793,28731,89297,180598,0,0,0,0,0.0785907
11585,6,1,115405,31398,27274,84007,174099,0,0,0,0,0.0584816
11588,6,1,112857,30626,26766,82231,169542,0,0,0,0,0.0717443
11589,3,1,104830,27916,24014,76914,153626,0,0,0,0,0.0899838
11610,1,1,88647,22634,19091,66013,123752,0,0,0,0,0.170495
11611,3,1,92857,24533,21265,68324,135069,0,0,0,0,0.0805745
11614,3,1,100839,26558,22994,74281,145972,0,0,0,0,0.0707937
11619,3,1,96344,25404,21797,70940,139353,0,0,0,0,0.104342
11620,1,1,92198,24053,20719,68145,132207,0,0,0,0,0.138686
11621,3,1,103301,27809,24013,75492,154059,0,0,0,0,0.0761749
11624,3,1,109695,29687,25483,80008,164210,0,0,0,0,0.0726372
11629,3,1,99768,26521,22814,73247,146317,0,0,0,0,0.0745612
11630,3,1,100158,26665,23085,73493,146590,0,0,0,0,0.0782142
11631,3,1,96525,25483,22132,71042,140178,0,0,0,0,0.0732881
11634,3,1,128795,34798,30400,93997,191521,0,0,0,0,0.0734936
11635,6,1,113133,30516,26370,82617,168828,0,0,0,0,0.0639239
11638,6,1,105358,28493,24742,76865,157959,0,0,0,0,0.0776409
11639,3,1,101051,26612,22642,74439,146148,0,0,0,0,0.102427
11642,6,1,105926,28477,24581,77449,157577,0,0,0,0,0.0863845
11660,1,1,77464,19814,16474,57650,108555,0,0,0,0,0.170812
11661,3,1,107225,28853,24820,78372,159268,0,0,0,0,0.0936149
11664,3,1,120033,32716,28355,87317,180467,0,0,0,0,0.100416
11669,3,1,87573,22786,19609,64787,125165,0,0,0,0,0.114679
11670,3,1,89567,23608,20099,65959,129778,0,0,0,0,0.0925157
11671,3,1,103643,27703,24011,75940,153160,0,0,0,0,0.0933509
11674,3,1,109744,29470,25688,80274,163137,0,0,0,0,0.0717886
11679,3,1,98749,25841,22041,72908,141276,0,0,0,0,0.0789953
11682,6,1,101956,27204,23359,74752,150579,0,0,0,0,0.0851319
11685,6,1,111408,29877,26004,81531,165211,0,0,0,0,0.0889058
11688,6,1,101246,27148,23426,74098,150381,0,0,0,0,0.0731245
11700,3,1,87734,22870,19324,64864,125666,0,0,0,0,0.0926835
11701,3,1,94287,24866,21257,69421,137268,0,0,0,0,0.0873244
11704,3,1,106519,28377,24321,78142,156542,0,0,0,0,0.0704081
11709,3,1,93425,24323,20690,69102,133531,0,0,0,0,0.134349
11722,6,1,95917,25847,22006,70070,143618,0,0,0,0,0.0686882
11725,6,1,104323,28352,24267,75971,158016,0,0,0,0,0.0683614
11728,6,1,108785,29524,25617,79261,164078,0,0,0,0,0.0732811
11750,3,1,88627,23071,19561,65556,126457,0,0,0,0,0.0765836
11751,3,1,95284,25100,21580,70184,138140,0,0,0,0,0.0717519
11752,3,1,94582,24775,21600,69807,135784,0,0,0,0,0.0658752
11753,3,1,90185,23683,20359,66502,130198,0,0,0,0,0.0648291
11754,3,1,104431,27688,24133,76743,152119,0,0,0,0,0.0706945
11755,3,1,102054,26834,23518,75220,147189,0,0,0,0,0.0673759
11756,3,1,94970,24838,21323,70132,136102,0,0,0,0,0.0711748
11757,3,1,114004,29972,26450,84032,164017,0,0,0,0,0.0875177
11758,3,1,103632,26746,22883,76886,145027,0,0,0,0,0.0776821
11759,3,1,96013,24959,21344,71054,136764,0,0,0,0,0.139635
11760,3,1,88673,23112,19767,65561,126389,0,0,0,0,0.0811527
11761,3,1,97911,25569,22003,72342,139465,0,0,0,0,0.0731721
11764,3,1,104649,27751,23930,76898,152094,0,0,0,0,0.0720471
11765,6,1,113687,30392,26365,83295,167190,0,0,0,0,0.0880388
11768,6,1,109972,29358,25353,80614,160860,0,0,0,0,0.0764757
11769,3,1,114755,30520,26626,84235,166790,0,0,0,0,0.0770671
11770,3,1,88591,23089,19767,65502,126244,0,0,0,0,0.0783667
11771,3,1,97666,25509,21978,72157,139131,0,0,0,0,0.101351
11774,3,1,104652,27744,23929,76908,152032,0,0,0,0,0.106596
11775,6,1,113394,30312,26334,83082,166695,0,0,0,0,0.0818257
11778,6,1,109807,29313,25374,80494,160597,0,0,0,0,0.0629471
11779,3,1,114898,30490,26618,84408,166535,0,0,0,0,0.0994588
11780,3,1,82239,21183,18055,61056,115928,0,0,0,0,0.093126
11781,3,1,89096,23126,19803,65970,126381,0,0,0,0,0.11179
11784,3,1,101039,26693,22777,74346,146797,0,0,0,0,0.106035
11785,6,1,107159,28553,24307,78606,157239,0,0,0,0,0.0869225
11788,6,1,108450,28896,24807,79554,158921,0,0,0,0,0.0624925
11789,3,1,102063,26972,22947,75091,148202,0,0,0,0,0.0679765
11790,3,1,87674,22848,19233,64826,125412,0,0,0,0,0.128189
11791,3,1,99064,26230,22543,72834,144232,0,0,0,0,0.0827515
11794,3,1,102394,26986,23211,75408,148375,0,0,0,0,0.0752848
11799,3,1,101683,26910,23199,74773,148007,0,0,0,0,0.0769648
11800,3,1,96378,25442,21614,70936,139519,0,0,0,0,0.116606
11801,3,1,103058,27141,23310,75917,148192,0,0,0,0,0.0764011
11804,3,1,107724,28376,24345,79348,155204,0,0,0,0,0.0752269
11809,3,1,110408,29264,25203,81144,159759,0,0,0,0,0.0803228
11830,3,1,110547,29783,25595,80764,164309,0,0,0,0,0.0860039
11831,3,1,128246,35161,30271,93085,193998,0,0,0,0,0.077057
11834,3,1,102315,27327,23144,74988,150324,0,0,0,0,0.0763036
11835,6,1,119948,32419,27990,87529,178822,0,0,0,0,0.0800177
11838,6,1,116162,31130,26835,85032,171417,0,0,0,0,0.0760573
11839,3,1,107152,28275,24323,78877,154237,0,0,0,0,0.0772776
11840,3,1,101253,26742,22772,74511,146610,0,0,0,0,0.0799806
11841,3,1,113673,30552,26184,83121,167796,0,0,0,0,0.0984687
11844,3,1,94803,24757,21271,70046,135655,0,0,0,0,0.0697114
11845,6,1,111776,30077,25966,81699,166042,0,0,0,0,0.0593543
11848,6,1,109326,29406,25403,79920,162571,0,0,0,0,0.0605097
11849,3,1,100683,26687,23101,73996,146589,0,0,0,0,0.0726888
11850,3,1,112429,30403,26045,82026,167512,0,0,0,0,0.0931607
11851,3,1,114134,30846,26341,83288,170280,0,0,0,0,0.0687666
11854,3,1,119930,32691,28276,87239,181192,0,0,0,0,0.0654312
11859,3,1,112512,30302,26309,82210,167388,0,0,0,0,0.0747866
11860,3,1,123520,33651,28754,89869,185178,0,0,0,0,0.0777484
11861,3,1,115040,31078,26464,83962,171510,0,0,0,0,0.0657688
11864,3,1,124878,34291,29477,90587,189985,0,0,0,0,0.0647413
11869,3,1,111976,30211,26408,81765,166554,0,0,0,0,0.070867
11890,3,1,93748,24540,20560,69208,134590,0,0,0,0,0.0852405
11891,3,1,102928,27423,23425,75505,150849,0,0,0,0,0.0715853
11894,3,1,92504,24014,20643,68490,131313,0,0,0,0,0.0773356
11895,6,1,108532,29086,25079,79446,160044,0,0,0,0,0.0863849
11898,6,1,106708,28591,24792,78117,157593,0,0,0,0,0.0636498
11899,3,1,97059,25666,22284,71393,140729,0,0,0,0,0.0678583
11900,3,1,97378,26028,22309,71350,143683,0,0,0,0,0.127387
11901,3,1,106328,29002,24707,77326,161225,0,0,0,0,0.081689
11904,3,1,118676,31980,27702,86696,176686,0,0,0,0,0.0634417
11909,3,1,110303,29747,25617,80556,164516,0,0,0,0,0.0979538
11910,3,1,109677,29697,25482,79980,163645,0,0,0,0,0.130527
11911,3,1,107117,29150,24968,77967,161818,0,0,0,0,0.101384
11914,3,1,120841,32856,28533,87985,181509,0,0,0,0,0.101958
11919,3,1,108777,29237,25272,79540,161457,0,0,0,0,0.10091
11940,3,1,84217,21984,18430,62233,120806,0,0,0,0,0.149354
11941,3,1,103672,27798,23797,75874,154005,0,0,0,0,0.0951024
11944,3,1,116191,31218,26927,84973,172178,0,0,0,0,0.0935621
11949,3,1,107182,28636,24593,78546,158116,0,0,0,0,0.120068
11950,3,1,95744,25268,21237,70476,138578,0,0,0,0,0.102983
11951,3,1,103247,27769,23766,75478,153843,0,0,0,0,0.0660952
11954,3,1,113930,30838,26882,83092,170762,0,0,0,0,0.0653944
11959,3,1,105124,28064,24143,77060,155219,0,0,0,0,0.0772686
11980,3,1,88848,23178,19723,65670,127050,0,0,0,0,0.090192
11981,3,1,97917,25996,22292,71921,143627,0,0,0,0,0.077672
11984,3,1,106511,28433,24584,78078,157026,0,0,0,0,0.0745003
11989,3,1,93374,24307,20826,69067,133039,0,0,0,0,0.119056
11990,6,1,102846,27287,23390,75559,150592,0,0,0,0,0.0663227
11991,6,1,111941,30262,26073,81679,168091,0,0,0,0,0.0654058
11994,6,1,120781,32700,28312,88081,181293,0,0,0,0,0.0669226
11999,6,1,111354,29771,25690,81583,164915,0,0,0,0,0.0930246
12020,6,1,93681,24334,20716,69347,132864,0,0,0,0,0.0715032
12021,6,1,106249,28346,24302,77903,156182,0,0,0,0,0.070648
12024,6,1,115469,31076,26947,84393,171275,0,0,0,0,0.0641241
12029,6,1,108604,28863,24725,79741,158751,0,0,0,0,0.107679
12030,3,1,90971,23259,20019,67712,126353,0,0,0,0,0.0934287
12031,3,1,102703,26723,23117,75980,146000,0,0,0,0,0.0775435
12032,3,1,104408,27748,23866,76660,152625,0,0,0,0,0.0745978
12033,3,1,112020,29772,25794,82248,163214,0,0,0,0,0.0742414
12034,3,1,109911,28859,25181,81052,157327,0,0,0,0,0.0713724
12035,3,1,113744,30431,26386,83313,167572,0,0,0,0,0.0729672
12036,3,1,117718,31688,27349,86030,174614,0,0,0,0,0.0924436
12037,3,1,118726,31695,27530,87031,173480,0,0,0,0,0.115972
12038,3,1,119372,31779,27426,87593,174221,0,0,0,0,0.0877945
12039,3,1,101887,26325,22727,75562,143379,0,0,0,0,0.121004
12042,6,1,101778,26861,23022,74917,147846,0,0,0,0,0.0795313
12052,6,1,101530,26795,23032,74735,147455,0,0,0,0,0.0731558
12062,6,1,92930,24502,20933,68428,135436,0,0,0,0,0.0798513
12072,6,1,112261,30374,26258,81887,168012,0,0,0,0,0.0923721
12075,6,1,120376,32932,28885,87444,182756,0,0,0,0,0.0894981
12078,6,1,121003,33099,28772,87904,183555,0,0,0,0,0.0790411
12082,6,1,100195,26596,22892,73599,146459,0,0,0,0,0.0740438
12085,6,1,107719,29059,25396,78660,160507,0,0,0,0,0.0839921
12088,6,1,105210,28438,24609,76772,157339,0,0,0,0,0.0969531
12090,6,1,98045,25561,21815,72484,140413,0,0,0,0,0.127843
12091,6,1,111198,29725,25604,81473,163869,0,0,0,0,0.0737489
12092,6,1,109917,29197,25294,80720,160320,0,0,0,0,0.0750524
12094,6,1,110022,29571,25587,80451,163541,0,0,0,0,0.0681234
12095,6,1,117045,31471,27458,85574,173573,0,0,0,0,0.0864337
12098,6,1,118325,31803,27508,86522,175480,0,0,0,0,0.1019
12099,6,1,108442,29357,25387,79085,162611,0,0,0,0,0.072514
12112,6,1,115266,31117,26972,84149,171852,0,0,0,0,0.0904997
12122,6,1,106987,28728,24609,78259,158697,0,0,0,0,0.0687638
12132,6,1,122932,33705,29039,89227,187147,0,0,0,0,0.0613657
12135,6,1,124448,34307,29534,90141,191330,0,0,0,0,0.0600193
12138,6,1,122312,33156,28737,89156,183917,0,0,0,0,0.0626007
12142,6,1,118525,32381,27999,86144,178838,0,0,0,0,0.0575329
12145,6,1,125083,34500,29812,90583,191571,0,0,0,0,0.0561059
12148,6,1,124385,33914,29338,90471,187952,0,0,0,0,0.0591013
12150,6,1,120952,32705,28283,88247,180373,0,0,0,0,0.0774041
12151,6,1,118781,32186,27844,86595,177699,0,0,0,0,0.0600538
12152,6,1,122563,33263,28657,89300,183259,0,0,0,0,0.0606583
12154,6,1,128295,35291,30607,93004,195829,0,0,0,0,0.062489
12155,6,1,133652,36691,31630,96961,203514,0,0,0,0,0.056436
12158,6,1,118305,32255,28144,86050,178752,0,0,0,0,0.0606951
12159,6,1,124482,34060,29870,90422,188844,0,0,0,0,0.0584917
12172,6,1,94333,25077,21677,69256,138551,0,0,0,0,0.0703887
12182,6,1,115177,31593,27090,83584,176011,0,0,0,0,0.0610299
12185,6,1,122980,33835,29168,89145,188317,0,0,0,0,0.0614192
12188,6,1,112200,30378,26142,81822,168420,0,0,0,0,0.0578972
12192,6,1,110268,29974,25707,80294,166205,0,0,0,0,0.0584496
12195,6,1,119915,32850,28219,87065,182269,0,0,0,0,0.056646
12198,6,1,117815,32006,27501,85809,177399,0,0,0,0,0.0567164
12200,6,1,103598,27685,24003,75913,152746,0,0,0,0,0.0750375
12201,6,1,112309,30317,25924,81992,167800,0,0,0,0,0.0600781
12202,6,1,113027,30589,26325,82438,169463,0,0,0,0,0.0573252
12204,6,1,125842,34278,29768,91564,189467,0,0,0,0,0.0606977
12205,6,1,133643,36687,31667,96956,203440,0,0,0,0,0.0586607
12208,6,1,111851,30055,25947,81796,165751,0,0,0,0,0.060749
12209,6,1,117415,31963,27529,85452,177343,0,0,0,0,0.0566666
12222,6,1,107833,29335,25145,78498,163189,0,0,0,0,0.0600522
12225,6,1,115180,31463,27010,83717,174456,0,0,0,0,0.0603896
12228,6,1,103547,27717,23662,75830,153674,0,0,0,0,0.0608606
12232,6,1,110305,29817,25555,80488,165088,0,0,0,0,0.0569314
12235,6,1,120073,32676,28165,87397,181191,0,0,0,0,0.0565453
12238,6,1,108219,29213,24926,79006,161985,0,0,0,0,0.0607294
12240,6,1,91580,24026,20385,67554,132183,0,0,0,0,0.0817901
12241,6,1,107226,28811,24575,78415,159527,0,0,0,0,0.0602123
12242,6,1,112026,30645,26324,81381,170473,0,0,0,0,0.0578553
12244,6,1,112752,30449,26094,82303,168601,0,0,0,0,0.0606432
12245,6,1,121672,33374,28637,88298,185465,0,0,0,0,0.0578654
12248,6,1,106434,28165,24251,78269,154385,0,0,0,0,0.0641662
12249,6,1,114148,30770,26496,83378,170583,0,0,0,0,0.0617949
12282,6,1,114327,31312,27092,83015,174637,0,0,0,0,0.055512
12283,6,1,106282,28638,24564,77644,159082,0,0,0,0,0.0637512
12285,6,1,120372,33164,28684,87208,184945,0,0,0,0,0.059152
12286,6,1,113312,30817,26533,82495,171418,0,0,0,0,0.0594868
12287,6,1,128174,35611,30830,92563,198345,0,0,0,0,0.0596828
12288,6,1,118849,32246,27977,86603,177665,0,0,0,0,0.0636102
12302,6,1,105487,28207,24125,77280,155395,0,0,0,0,0.0809968
12303,6,1,104800,27851,23956,76949,152925,0,0,0,0,0.104616
12305,6,1,112311,30577,26218,81734,169450,0,0,0,0,0.0785509
12306,6,1,109378,29064,25233,80314,159585,0,0,0,0,0.0574289
12307,6,1,121559,33225,28603,88334,184155,0,0,0,0,0.0645371
12308,6,1,119642,32135,27579,87507,176861,0,0,0,0,0.060531
12373,6,1,112441,30411,26133,82030,168291,0,0,0,0,0.0744081
12376,6,1,115262,31084,26935,84178,172053,0,0,0,0,0.067817
12377,6,1,113922,30566,26603,83356,168928,0,0,0,0,0.0686269
12433,6,1,123880,33775,28732,90105,186627,0,0,0,0,0.0627337
12436,6,1,123187,33647,28713,89540,186709,0,0,0,0,0.0579913
12437,6,1,108425,29170,25329,79255,161347,0,0,0,0,0.0842248
12486,6,1,120526,32776,28215,87750,181517,0,0,0,0,0.0678482
12487,6,1,105149,28029,24228,77120,154601,0,0,0,0,0.0699092
12493,6,1,117425,31998,27219,85427,177518,0,0,0,0,0.0639559
12533,6,1,104003,27876,23866,76127,154493,0,0,0,0,0.0680214
12536,6,1,113871,30682,26350,83189,169824,0,0,0,0,0.0832578
12537,6,1,97676,25873,22372,71803,143157,0,0,0,0,0.0716091
12542,6,1,101191,27357,23325,73834,151701,0,0,0,0,0.0753419
12545,6,1,108811,29512,25305,79299,163775,0,0,0,0,0.0937164
12548,6,1,112372,30576,26773,81796,169704,0,0,0,0,0.0857237
12600,1,1,78559,19883,17061,58676,108070,0,0,0,0,0.124973
12601,3,1,102234,26709,23408,75525,145143,0,0,0,0,0.0809985
12604,3,1,102822,27230,23415,75592,149468,0,0,0,0,0.0846221
12609,3,1,92101,24122,20873,67979,132246,0,0,0,0,0.0694386
12610,1,1,78406,19844,17039,58562,107834,0,0,0,0,0.126841
12611,3,1,101936,26638,23402,75298,144718,0,0,0,0,0.0717367
12614,3,1,102693,27192,23380,75501,149221,0,0,0,0,0.0730727
12619,3,1,91799,24051,20817,67748,131820,0,0,0,0,0.0680031
12620,1,1,73289,18397,15599,54892,100132,0,0,0,0,0.144629
12621,3,1,96628,25310,21912,71318,138511,0,0,0,0,0.0959953
12624,3,1,113858,29908,25761,83950,163436,0,0,0,0,0.0871616
12629,3,1,115192,30508,26490,84684,167168,0,0,0,0,0.0761958
12630,1,1,76250,19438,16387,56812,106352,0,0,0,0,0.226928
12631,3,1,92067,24008,20660,68059,131658,0,0,0,0,0.185711
12634,3,1,99610,26088,22557,73522,143215,0,0,0,0,0.110565
12639,3,1,102339,27204,23435,75135,150141,0,0,0,0,0.116455
12640,3,1,99963,26347,23157,73616,143757,0,0,0,0,0.117369
12641,3,1,95814,24955,21763,70859,135957,0,0,0,0,0.0854947
12642,6,1,101353,26732,23119,74621,146479,0,0,0,0,0.0802774
12644,3,1,104058,27191,23600,76867,147869,0,0,0,0,0.0745601
12645,6,1,103105,27544,24072,75561,151762,0,0,0,0,0.0728464
12648,6,1,104440,28124,24499,76316,155593,0,0,0,0,0.0686684
12649,3,1,102065,26711,23182,75354,145250,0,0,0,0,0.0710106
12670,1,1,108316,28187,24237,80129,154261,0,0,0,0,0.128622
12671,3,1,129935,35052,30848,94883,191078,0,0,0,0,0.0723083
12674,3,1,107490,28409,24831,79081,155674,0,0,0,0,0.0793929
12679,3,1,96990,25456,21901,71534,139576,0,0,0,0,0.0729298
12680,1,1,100600,26115,22105,74485,142854,0,0,0,0,0.126847
12681,3,1,120073,32026,28110,88047,174859,0,0,0,0,0.0748804
12684,3,1,103867,27570,23806,76297,151644,0,0,0,0,0.0720595
12689,3,1,101767,26869,23121,74898,147773,0,0,0,0,0.074912
12690,1,1,109844,29070,25043,80774,159656,0,0,0,0,0.204341
12691,3,1,120515,32906,28701,87609,181936,0,0,0,0,0.125549
12694,3,1,136329,37190,32279,99139,204114,0,0,0,0,0.0914985
12699,3,1,115107,31085,27125,84022,171902,0,0,0,0,0.118467
12700,3,1,120815,32497,28508,88318,177310,0,0,0,0,0.103097
12701,3,1,103144,27197,23720,75947,149032,0,0,0,0,0.0731804
12702,6,1,108628,29269,25130,79359,161554,0,0,0,0,0.0589083
12704,3,1,113772,30541,26642,83231,168824,0,0,0,0,0.0932085
12705,6,1,118121,32322,27940,85799,179504,0,0,0,0,0.0631678
12708,6,1,112393,30568,26580,81825,169571,0,0,0,0,0.0768183
12709,3,1,96127,25538,21758,70589,140912,0,0,0,0,0.0731519
12730,1,1,88705,22650,19091,66055,123848,0,0,0,0,0.122913
12731,3,1,111484,29765,26022,81719,163327,0,0,0,0,0.0705836
12734,3,1,99876,26260,22880,73616,144185,0,0,0,0,0.0660554
12739,3,1,100699,26524,22973,74175,145555,0,0,0,0,0.0709571
12740,1,1,92137,24059,20726,68078,132312,0,0,0,0,0.135249
12741,3,1,111221,30245,26076,80976,168198,0,0,0,0,0.0764796
12744,3,1,122211,33157,28583,89054,182419,0,0,0,0,0.0708458
12749,3,1,100340,26709,23035,73631,147742,0,0,0,0,0.0730058
12750,3,1,110404,29532,25692,80872,161825,0,0,0,0,0.077279
12751,3,1,95600,25332,21812,70268,139823,0,0,0,0,0.0714082
12754,3,1,119644,32327,28103,87317,178693,0,0,0,0,0.0694029
12755,6,1,117506,31933,27844,85573,176928,0,0,0,0,0.0557966
12758,6,1,107339,29176,25331,78163,162059,0,0,0,0,0.0643607
12759,3,1,103504,27635,23743,75869,152455,0,0,0,0,0.0685177
12762,6,1,108905,29343,25209,79562,161956,0,0,0,0,0.0582603
12780,1,1,77542,19830,16482,57712,108645,0,0,0,0,0.148426
12781,3,1,107890,28900,24911,78990,159196,0,0,0,0,0.0836231
12784,3,1,113443,30717,26416,82726,169625,0,0,0,0,0.0782132
12789,3,1,82908,21355,18332,61553,117174,0,0,0,0,0.0790066
12790,3,1,103415,27565,23907,75850,150971,0,0,0,0,0.0784379
12791,3,1,116024,31063,27033,84961,171138,0,0,0,0,0.0680715
12794,3,1,119250,32101,27962,87149,176882,0,0,0,0,0.0688584
12799,3,1,113205,29800,25468,83405,162818,0,0,0,0,0.0758464
12802,6,1,110635,30026,25872,80609,166854,0,0,0,0,0.0783522
12805,6,1,121428,32901,28564,88527,182384,0,0,0,0,0.0678674
12808,6,1,101159,27245,23556,73914,151270,0,0,0,0,0.0661638
12820,3,1,86164,22460,19020,63704,123553,0,0,0,0,0.0824561
12821,3,1,97194,25845,22154,71349,143080,0,0,0,0,0.0873432
12824,3,1,105518,28142,24103,77376,155346,0,0,0,0,0.077323
12829,3,1,94610,24635,21013,69975,135085,0,0,0,0,0.11353
12842,6,1,102550,27684,23923,74866,153503,0,0,0,0,0.0703789
12845,6,1,108919,29599,25488,79320,164475,0,0,0,0,0.0991226
12848,6,1,112225,30572,26563,81653,169701,0,0,0,0,0.0701853
12870,3,1,81651,20926,17729,60725,114334,0,0,0,0,0.0768667
12871,3,1,89501,23480,20062,66021,129519,0,0,0,0,0.0723363
12872,3,1,87860,23089,19860,64771,127108,0,0,0,0,0.0685602
12873,3,1,84863,22167,19004,62696,121988,0,0,0,0,0.0689742
12874,3,1,99661,26344,22767,73317,145192,0,0,0,0,0.0662702
12875,3,1,95685,25125,21806,70560,138246,0,0,0,0,0.0659655
12876,3,1,90929,23801,20499,67128,130926,0,0,0,0,0.0645213
12877,3,1,101309,26497,23127,74812,145547,0,0,0,0,0.072057
12878,3,1,103875,26816,22905,77059,145451,0,0,0,0,0.071674
12879,3,1,88852,22918,19502,65934,125498,0,0,0,0,0.111353
12880,3,1,88744,23131,19770,65613,126503,0,0,0,0,0.0749231
12881,3,1,110835,29110,25250,81725,158443,0,0,0,0,0.0705241
12884,3,1,109306,29258,25338,80048,160888,0,0,0,0,0.0689581
12889,3,1,105009,27828,24144,77181,152517,0,0,0,0,0.071108
12890,3,1,88662,23108,19770,65554,126358,0,0,0,0,0.074347
12891,3,1,110293,28984,25184,81309,157739,0,0,0,0,0.0741516
12894,3,1,109268,29218,25322,80050,160565,0,0,0,0,0.0697768
12899,3,1,105134,27810,24135,77324,152337,0,0,0,0,0.0834629
12900,3,1,82379,21218,18057,61161,116138,0,0,0,0,0.101775
12901,3,1,105036,27591,23654,77445,150699,0,0,0,0,0.0822999
12904,3,1,111085,29630,25500,81455,162844,0,0,0,0,0.0912501
12909,3,1,109907,29210,24968,80697,160309,0,0,0,0,0.101544
12910,3,1,87747,22868,19241,64879,125532,0,0,0,0,0.172181
12911,3,1,103277,27627,23746,75650,152518,0,0,0,0,0.128162
12914,3,1,104854,28172,24450,76682,155803,0,0,0,0,0.0822276
12919,3,1,104172,27951,24254,76221,154340,0,0,0,0,0.0758709
12920,3,1,109045,29027,24951,80018,158718,0,0,0,0,0.117559
12921,3,1,118585,31412,26983,87173,170548,0,0,0,0,0.0782484
12924,3,1,116415,30971,26817,85444,169148,0,0,0,0,0.0697158
12929,3,1,110456,29276,25204,81180,159839,0,0,0,0,0.0712345
12950,3,1,110733,29836,25636,80897,164616,0,0,0,0,0.0848016
12951,3,1,137502,37557,32685,99945,206151,0,0,0,0,0.0740178
12954,3,1,102163,27108,22933,75055,148711,0,0,0,0,0.0942547
12959,3,1,96389,25502,21904,70887,139697,0,0,0,0,0.127348
12960,3,1,101305,26775,22790,74530,146856,0,0,0,0,0.102536
12961,3,1,125315,33766,29015,91549,185000,0,0,0,0,0.0864558
12964,3,1,94692,24742,21140,69950,135480,0,0,0,0,0.105178
12969,3,1,100910,26832,22970,74078,147645,0,0,0,0,0.0821236
12970,3,1,112510,30422,26054,82088,167605,0,0,0,0,0.0909962
12971,3,1,117517,31905,27189,85612,176391,0,0,0,0,0.0762727
12974,3,1,124456,33897,29542,90559,187422,0,0,0,0,0.0665788
12979,3,1,113777,30835,26695,82942,170622,0,0,0,0,0.0903524
12980,3,1,130263,35498,30689,94765,194628,0,0,0,0,0.104256
12981,3,1,115519,31129,26567,84390,171405,0,0,0,0,0.0878792
12984,3,1,120060,33065,28408,86995,183871,0,0,0,0,0.0732366
12989,3,1,106125,28647,24711,77478,158270,0,0,0,0,0.107515
13010,3,1,93786,24549,20565,69237,134644,0,0,0,0,0.0858742
13011,3,1,114179,30658,26420,83521,168371,0,0,0,0,0.0939617
13014,3,1,91186,23566,20280,67620,128601,0,0,0,0,0.0690405
13019,3,1,99711,26362,22841,73349,144820,0,0,0,0,0.0912335
13020,3,1,97259,25997,22301,71262,143528,0,0,0,0,0.132886
13021,3,1,109303,29622,25453,79681,164383,0,0,0,0,0.0731993
13024,3,1,122814,33329,28930,89485,184178,0,0,0,0,0.0729199
13029,3,1,110662,29859,25765,80803,165252,0,0,0,0,0.0935587
13030,3,1,118835,32352,27882,86483,178035,0,0,0,0,0.110064
13031,3,1,106476,28657,24594,77819,158298,0,0,0,0,0.0733769
13034,3,1,116835,31818,27366,85017,176370,0,0,0,0,0.0643474
13039,3,1,110820,30038,26248,80782,166010,0,0,0,0,0.0742426
13060,3,1,84366,22026,18449,62340,121058,0,0,0,0,0.11538
13061,3,1,106960,28850,24830,78110,160125,0,0,0,0,0.0647084
13064,3,1,110149,29572,25536,80577,163569,0,0,0,0,0.0816201
13069,3,1,106492,28553,24487,77939,157931,0,0,0,0,0.0982143
13070,3,1,108944,29204,24966,79740,160399,0,0,0,0,0.0801398
13071,3,1,108877,29129,25438,79748,160885,0,0,0,0,0.0607657
13074,3,1,120247,32532,28315,87715,179640,0,0,0,0,0.060989
13079,3,1,122356,33043,28842,89313,182176,0,0,0,0,0.0782025
13100,3,1,91987,24109,20381,67878,132531,0,0,0,0,0.111159
13101,3,1,98267,25968,22061,72299,143263,0,0,0,0,0.0966119
13104,3,1,107759,28863,24920,78896,159658,0,0,0,0,0.0856831
13109,3,1,101021,26997,23126,74024,148806,0,0,0,0,0.126573
13150,3,1,82918,21198,18145,61720,115625,0,0,0,0,0.0951977
13151,3,1,95329,24910,21284,70419,137007,0,0,0,0,0.0847248
13152,3,1,99563,26401,22595,73162,145441,0,0,0,0,0.0822062
13153,3,1,104324,27740,23741,76584,152817,0,0,0,0,0.0832007
13154,3,1,102399,27021,23445,75378,148455,0,0,0,0,0.0803624
13155,3,1,109228,29367,25323,79861,162432,0,0,0,0,0.0770423
13156,3,1,110096,29565,25403,80531,163424,0,0,0,0,0.0798176
13157,3,1,111314,29885,25790,81429,164697,0,0,0,0,0.107597
13158,3,1,119489,31807,27458,87682,174387,0,0,0,0,0.0746593
13159,3,1,94608,24560,21047,70048,134537,0,0,0,0,0.137498
13162,6,1,108062,28567,24754,79495,156574,0,0,0,0,0.0829349
13165,6,1,116867,31482,27167,85385,173747,0,0,0,0,0.0586059
13168,6,1,104008,27825,24079,76183,152969,0,0,0,0,0.060245
13172,6,1,107641,28452,24716,79189,155897,0,0,0,0,0.080112
13175,6,1,116562,31399,27136,85163,173260,0,0,0,0,0.073509
13178,6,1,103799,27790,24082,76009,152821,0,0,0,0,0.0633858
13182,6,1,99528,26384,22745,73144,145496,0,0,0,0,0.0916718
13185,6,1,112877,30010,25740,82867,164669,0,0,0,0,0.067353
13188,6,1,114109,30416,26258,83693,166855,0,0,0,0,0.0717495
13192,6,1,111485,30267,26248,81218,167685,0,0,0,0,0.0965861
13195,6,1,120541,32953,28774,87588,182887,0,0,0,0,0.0785294
13198,6,1,122137,33518,29225,88619,185868,0,0,0,0,0.116092
13210,6,1,105988,28106,24159,77882,154608,0,0,0,0,0.154297
13211,6,1,121596,32854,28466,88742,180918,0,0,0,0,0.0733602
13214,6,1,115874,31473,27417,84401,174099,0,0,0,0,0.0737865
13219,6,1,108297,29355,25393,78942,162671,0,0,0,0,0.0843013
13232,6,1,122535,33036,28681,89499,181766,0,0,0,0,0.0811811
13235,6,1,119298,32269,27805,87029,178301,0,0,0,0,0.0672899
13238,6,1,108177,29044,25142,79133,160563,0,0,0,0,0.0661288
13242,6,1,113072,30594,26426,82478,168710,0,0,0,0,0.0806708
13245,6,1,112519,30286,26050,82233,167187,0,0,0,0,0.0859104
13248,6,1,108870,29366,25220,79504,162932,0,0,0,0,0.0863892
13252,6,1,123419,33750,29278,89669,186938,0,0,0,0,0.0814551
13255,6,1,128825,35540,30767,93285,197695,0,0,0,0,0.0682116
13258,6,1,120982,32857,28518,88125,182648,0,0,0,0,0.082532
13270,6,1,126501,34136,29634,92365,187486,0,0,0,0,0.0804691
13271,6,1,119639,32719,28278,86920,181293,0,0,0,0,0.0630269
13274,6,1,122258,33511,28772,88747,186454,0,0,0,0,0.0668101
13279,6,1,118400,32545,28192,85855,181533,0,0,0,0,0.0640834
13292,6,1,102319,27460,23715,74859,151666,0,0,0,0,0.0894635
13295,6,1,109635,29434,25566,80201,161963,0,0,0,0,0.0571521
13298,6,1,106331,28668,24919,77663,158778,0,0,0,0,0.0536916
13302,6,1,115809,31602,27099,84207,175601,0,0,0,0,0.060557
13305,6,1,127497,35116,30283,92381,194943,0,0,0,0,0.0583765
13308,6,1,114170,30931,26692,83239,171764,0,0,0,0,0.058763
13320,6,1,110513,29716,25858,80797,163941,0,0,0,0,0.0761931
13321,6,1,111322,30045,25852,81277,166306,0,0,0,0,0.0596581
13324,6,1,120304,32736,28265,87568,181608,0,0,0,0,0.0607948
13329,6,1,120526,33059,28745,87467,183978,0,0,0,0,0.0592175
13342,6,1,107603,29111,24983,78492,161857,0,0,0,0,0.0721802
13345,6,1,111673,30350,26107,81323,168628,0,0,0,0,0.0666391
13348,6,1,101789,27320,23316,74469,151803,0,0,0,0,0.0604822
13360,6,1,99424,26336,22648,73088,145001,0,0,0,0,0.0793409
13361,6,1,112000,30213,25942,81787,167076,0,0,0,0,0.0584034
13364,6,1,117365,31754,27418,85611,175333,0,0,0,0,0.0576413
13369,6,1,124602,33744,29543,90858,186109,0,0,0,0,0.0606892
13390,6,1,105632,28270,24087,77362,156610,0,0,0,0,0.0663928
13391,6,1,113021,30713,26465,82308,170886,0,0,0,0,0.0607444
13394,6,1,122357,33315,28731,89042,185093,0,0,0,0,0.0579126
13399,6,1,115076,31036,26768,84040,172478,0,0,0,0,0.091216
13420,6,1,87916,22729,19434,65187,124354,0,0,0,0,0.0697665
13421,6,1,100608,26855,23030,73753,148617,0,0,0,0,0.0617935
13422,6,1,100637,26889,22703,73748,148948,0,0,0,0,0.0594838
13423,6,1,97746,26175,22593,71571,144840,0,0,0,0,0.0583214
13424,6,1,110250,29658,25770,80592,164065,0,0,0,0,0.0789672
13425,6,1,106494,28864,24528,77630,160396,0,0,0,0,0.066673
13426,6,1,103775,27617,24121,76158,152403,0,0,0,0,0.0559234
13427,6,1,112943,30843,26322,82100,171864,0,0,0,0,0.0635993
13428,6,1,119941,32232,27617,87709,177450,0,0,0,0,0.0618949
13429,6,1,101088,26843,22923,74245,148191,0,0,0,0,0.0946726
13482,6,1,97442,25818,21982,71624,142175,0,0,0,0,0.0769957
13485,6,1,108601,29239,25300,79362,161369,0,0,0,0,0.074872
13488,6,1,108972,29490,25485,79482,163148,0,0,0,0,0.0698019
13492,6,1,109622,29114,25043,80508,160271,0,0,0,0,0.101072
13493,6,1,105916,28663,24438,77253,159166,0,0,0,0,0.0843632
13495,6,1,116394,31289,27340,85105,172744,0,0,0,0,0.0701874
13496,6,1,114821,30952,26564,83869,171327,0,0,0,0,0.0731472
13497,6,1,117315,31754,27577,85561,175976,0,0,0,0,0.0695618
13498,6,1,118005,31907,27562,86098,176488,0,0,0,0,0.0706968
13542,6,1,111114,30397,26349,80717,168484,0,0,0,0,0.060698
13545,6,1,124081,34414,29799,89667,191701,0,0,0,0,0.0579185
13548,6,1,121134,33151,28704,87983,184320,0,0,0,0,0.0614931
13552,6,1,116418,31629,27183,84789,174902,0,0,0,0,0.06074
13553,6,1,113215,30573,25997,82642,168882,0,0,0,0,0.0647873
13555,6,1,133036,36575,31653,96461,203069,0,0,0,0,0.0580493
13556,6,1,122607,33662,28612,88945,186997,0,0,0,0,0.0594564
13557,6,1,104416,28050,24218,76366,155296,0,0,0,0,0.0691952
13558,6,1,119770,32677,28216,87093,181067,0,0,0,0,0.061305
13592,6,1,106896,29153,25301,77743,161950,0,0,0,0,0.0603126
13595,6,1,120911,33461,29179,87450,186344,0,0,0,0,0.0560795
13598,6,1,117412,31941,27501,85471,177167,0,0,0,0,0.0595313
13602,6,1,111285,30198,26021,81087,167450,0,0,0,0,0.0658701
13605,6,1,131999,36260,31356,95739,201378,0,0,0,0,0.0690497
13606,6,1,120795,32962,28339,87833,182448,0,0,0,0,0.0613462
13607,6,1,103277,27749,23915,75528,153677,0,0,0,0,0.0686312
13608,6,1,113892,30763,26351,83129,169935,0,0,0,0,0.0600388
13613,6,1,107533,29037,24569,78496,161047,0,0,0,0,0.0649307
13632,6,1,114015,31112,26583,82903,172857,0,0,0,0,0.0558027
13635,6,1,124132,34098,29289,90034,189526,0,0,0,0,0.0563126
13638,6,1,107687,28978,24900,78709,160340,0,0,0,0,0.0629364
13642,6,1,115651,31499,26945,84152,174686,0,0,0,0,0.0719761
13645,6,1,124442,34104,29325,90338,189311,0,0,0,0,0.0794752
13648,6,1,105403,28069,23894,77334,154142,0,0,0,0,0.0663314
13653,6,1,105061,28254,24023,76807,156808,0,0,0,0,0.0654949
13656,6,1,114191,30775,26289,83416,170259,0,0,0,0,0.0597658
13657,6,1,98116,25994,22222,72122,143835,0,0,0,0,0.0745907
13662,6,1,100315,27119,23207,73196,150708,0,0,0,0,0.0855253
13665,6,1,109184,29733,25575,79451,165481,0,0,0,0,0.0821001
13668,6,1,114585,31305,27211,83280,173938,0,0,0,0,0.0952202
13682,6,1,117308,32179,27684,85129,179375,0,0,0,0,0.0607442
13683,6,1,109893,29900,25575,79993,166536,0,0,0,0,0.0738956
13685,6,1,121123,33271,28991,87852,185224,0,0,0,0,0.0864128
13686,6,1,117439,32217,27604,85222,179689,0,0,0,0,0.0853493
13687,6,1,127398,35263,30558,92135,196240,0,0,0,0,0.0906859
13688,6,1,120568,32876,28368,87692,181461,0,0,0,0,0.0936796
13720,3,1,112631,29969,26019,82662,164314,0,0,0,0,0.0694428
13721,3,1,112796,29991,26059,82805,164372,0,0,0,0,0.0685908
13724,3,1,112304,30309,26364,81995,166409,0,0,0,0,0.0723861
13729,3,1,98063,25942,22426,72121,142435,0,0,0,0,0.0797684
13730,3,1,112389,29889,25984,82500,163796,0,0,0,0,0.0693488
13731,3,1,112554,29911,26024,82643,163854,0,0,0,0,0.0923072
13734,3,1,112224,30222,26307,82002,165740,0,0,0,0,0.0832966
13739,3,1,98285,25973,22448,72312,142533,0,0,0,0,0.079454
13740,3,1,108961,29107,25110,79854,160029,0,0,0,0,0.0778343
13741,3,1,109211,29146,25162,80065,160159,0,0,0,0,0.0740449
13744,3,1,126781,33946,29584,92835,185577,0,0,0,0,0.0689365
13749,3,1,116415,30916,26921,85499,169121,0,0,0,0,0.0716938
13750,3,1,109432,28966,24691,80466,158791,0,0,0,0,0.117813
13751,3,1,117299,31123,27082,86176,169775,0,0,0,0,0.0797921
13754,3,1,111656,29590,26005,82066,161984,0,0,0,0,0.0701852
13759,3,1,103652,27221,23777,76431,148928,0,0,0,0,0.0697637
13760,3,1,109363,28949,24691,80414,158697,0,0,0,0,0.130907
13761,3,1,117362,31175,27206,86187,170043,0,0,0,0,0.0993029
13764,3,1,111571,29562,25988,82009,161800,0,0,0,0,0.0947238
13769,3,1,103662,27233,23808,76429,149006,0,0,0,0,0.0705174
13790,3,1,115428,31248,27087,84180,171734,0,0,0,0,0.0950774
13791,3,1,115743,31310,27132,84433,171956,0,0,0,0,0.0705816
13794,3,1,92314,24244,20869,68070,131463,0,0,0,0,0.0810641
13799,3,1,87636,23176,19612,64460,127136,0,0,0,0,0.0899508
13800,3,1,110890,29645,25424,81245,162557,0,0,0,0,0.0694816
13801,3,1,111030,29648,25443,81382,162482,0,0,0,0,0.0708778
13804,3,1,89470,23212,19848,66258,125964,0,0,0,0,0.0724401
13809,3,1,95799,25451,21894,70348,139943,0,0,0,0,0.075323
13810,3,1,124464,33455,29131,91009,182729,0,0,0,0,0.10633
13811,3,1,118992,32326,27651,86666,178386,0,0,0,0,0.0681587
13814,3,1,118198,32201,27640,85997,178139,0,0,0,0,0.065881
13819,3,1,106960,29100,24818,77860,160919,0,0,0,0,0.0774618
13820,3,1,124620,33474,29135,91146,182774,0,0,0,0,0.0811236
13821,3,1,119045,32338,27650,86707,178450,0,0,0,0,0.0682648
13824,3,1,118096,32169,27635,85927,177954,0,0,0,0,0.0626783
13829,3,1,106887,29089,24817,77798,160864,0,0,0,0,0.0767422
13850,3,1,102621,27406,23684,75215,150489,0,0,0,0,0.0746781
13851,3,1,102776,27427,23679,75349,150542,0,0,0,0,0.0746794
13854,3,1,87271,22299,19110,64972,120538,0,0,0,0,0.070086
13859,3,1,100558,26855,23324,73703,147988,0,0,0,0,0.074815
13860,3,1,111845,30051,26038,81794,165402,0,0,0,0,0.0780951
13861,3,1,109999,29675,25333,80324,163973,0,0,0,0,0.0683914
13864,3,1,118208,32020,27707,86188,176496,0,0,0,0,0.0628124
13869,3,1,112796,30675,26183,82121,169525,0,0,0,0,0.0762634
13870,3,1,112008,30077,26065,81931,165492,0,0,0,0,0.0869883
13871,3,1,110062,29690,25342,80372,164059,0,0,0,0,0.0684104
13874,3,1,118249,32033,27738,86216,176554,0,0,0,0,0.0614202
13879,3,1,112598,30641,26159,81957,169339,0,0,0,0,0.0760851
13900,3,1,101300,26750,22969,74550,146784,0,0,0,0,0.0832866
13901,3,1,108647,29176,25296,79471,160719,0,0,0,0,0.0639642
13904,3,1,113615,30125,26174,83490,164980,0,0,0,0,0.0859015
13909,3,1,117789,32185,27860,85604,178160,0,0,0,0,0.0911302
13910,3,1,101411,26763,22987,74648,146814,0,0,0,0,0.0823147
13911,3,1,108617,29163,25293,79454,160628,0,0,0,0,0.0632638
13914,3,1,113679,30142,26197,83537,165093,0,0,0,0,0.0608009
13919,3,1,117677,32165,27796,85512,178075,0,0,0,0,0.0818053
13940,3,1,91672,24230,20490,67442,133011,0,0,0,0,0.0972369
13941,3,1,98154,25961,22126,72193,142700,0,0,0,0,0.0890349
13944,3,1,103828,27591,23561,76237,151774,0,0,0,0,0.0771898
13949,3,1,97572,25924,22371,71648,142143,0,0,0,0,0.125356
13990,3,1,75810,19412,16325,56398,106149,0,0,0,0,0.102982
13991,3,1,86226,22429,19033,63797,123257,0,0,0,0,0.0953838
13992,3,1,92301,24535,20721,67766,135745,0,0,0,0,0.0813914
13993,3,1,92355,24561,20702,67794,135890,0,0,0,0,0.0808809
13994,3,1,94784,24831,21139,69953,136567,0,0,0,0,0.0773668
13995,3,1,99762,26728,22704,73034,148263,0,0,0,0,0.0774161
13996,3,1,99741,26726,22700,73015,148255,0,0,0,0,0.0811944
13997,3,1,104349,27939,24059,76410,154782,0,0,0,0,0.0860738
13998,3,1,104352,27935,24038,76417,154749,0,0,0,0,0.123467
13999,3,1,84974,21911,18555,63063,119867,0,0,0,0,0.176744
14282,6,1,108292,28625,24712,79667,156587,0,0,0,0,0.0773541
14285,6,1,114299,30983,26804,83316,170463,0,0,0,0,0.062002
14288,6,1,107962,29253,25207,78709,161644,0,0,0,0,0.0644946
14292,6,1,107994,28559,24679,79435,156202,0,0,0,0,0.0796843
14295,6,1,114006,30895,26817,83111,169918,0,0,0,0,0.0664747
14298,6,1,107791,29212,25184,78579,161384,0,0,0,0,0.0622849
14302,6,1,101554,26770,23084,74784,146849,0,0,0,0,0.0834436
14305,6,1,121155,32711,28053,88444,180524,0,0,0,0,0.0851666
14308,6,1,118356,31867,27571,86489,175720,0,0,0,0,0.0770114
14312,6,1,107506,29011,25199,78495,159991,0,0,0,0,0.089983
14315,6,1,119475,32342,28467,87133,178182,0,0,0,0,0.0696419
14318,6,1,118948,32146,27822,86802,177271,0,0,0,0,0.0674811
14322,6,1,99919,26558,22879,73361,146466,0,0,0,0,0.0860293
14325,6,1,112205,30157,26418,82048,166577,0,0,0,0,0.0819319
14328,6,1,113187,30345,26245,82842,167850,0,0,0,0,0.077071
14330,6,1,110931,29840,25557,81091,164918,0,0,0,0,0.152214
14331,6,1,123704,33461,28505,90243,183636,0,0,0,0,0.0955925
14332,6,1,114539,30931,26194,83608,170571,0,0,0,0,0.092793
14333,6,1,101746,27586,23486,74160,153313,0,0,0,0,0.116717
14334,6,1,118657,32203,28083,86454,178148,0,0,0,0,0.095257
14335,6,1,119814,32607,28321,87207,180358,0,0,0,0,0.108345
14336,6,1,112372,30341,26050,82031,167563,0,0,0,0,0.085458
14337,6,1,121735,33016,28376,88719,182078,0,0,0,0,0.0830414
14338,6,1,125286,34473,29798,90813,190854,0,0,0,0,0.081921
14339,6,1,114750,31480,27005,83270,174831,0,0,0,0,0.10591
14352,6,1,121168,32507,28095,88661,178174,0,0,0,0,0.0852689
14355,6,1,111104,29766,25645,81338,163234,0,0,0,0,0.103842
14358,6,1,105243,28041,24064,77202,154315,0,0,0,0,0.0873637
14362,6,1,115057,30679,26118,84378,168123,0,0,0,0,0.0793437
14365,6,1,105405,28112,23920,77293,154753,0,0,0,0,0.0608211
14368,6,1,106754,28734,24417,78020,158915,0,0,0,0,0.0613197
14372,6,1,115683,31669,26902,84014,175285,0,0,0,0,0.0812438
14375,6,1,119592,32819,28111,86773,182536,0,0,0,0,0.0604012
14378,6,1,114342,31020,26581,83322,172110,0,0,0,0,0.0620962
14382,6,1,108683,29576,25239,79107,163872,0,0,0,0,0.0648342
14385,6,1,120160,32998,28071,87162,183608,0,0,0,0,0.0587652
14388,6,1,114222,30969,26654,83253,171749,0,0,0,0,0.0635667
14390,6,1,121598,32986,28214,88612,181416,0,0,0,0,0.0911508
14391,6,1,115653,31617,27028,84036,174283,0,0,0,0,0.0719657
14392,6,1,110180,29914,25629,80266,164983,0,0,0,0,0.0726169
14393,6,1,104485,28005,23842,76480,154421,0,0,0,0,0.0750678
14394,6,1,118044,32531,27690,85513,181331,0,0,0,0,0.0735534
14395,6,1,125703,34896,29650,90807,194195,0,0,0,0,0.0651801
14396,6,1,120997,32770,27969,88227,181036,0,0,0,0,0.102267
14397,6,1,97047,25867,21975,71180,142980,0,0,0,0,0.117898
14398,6,1,111116,29836,25737,81280,164584,0,0,0,0,0.0718522
14399,6,1,111032,29822,25716,81210,164552,0,0,0,0,0.0678391
14412,6,1,105857,28226,24112,77631,155315,0,0,0,0,0.0962905
14415,6,1,102090,27068,23204,75022,148843,0,0,0,0,0.0855345
14418,6,1,103675,27669,23789,76006,152575,0,0,0,0,0.0792578
14422,6,1,110947,30405,25979,80542,168707,0,0,0,0,0.0959738
14425,6,1,119179,32380,27823,86799,179519,0,0,0,0,0.088096
14428,6,1,111773,30384,26133,81389,168499,0,0,0,0,0.091415
14432,6,1,104336,28286,24059,76050,156889,0,0,0,0,0.0937004
14435,6,1,120210,32777,27934,87433,182040,0,0,0,0,0.0803257
14438,6,1,110569,29903,25634,80666,165554,0,0,0,0,0.0664363
14440,6,1,111307,30242,25810,81065,166935,0,0,0,0,0.0942558
14441,6,1,111484,30561,26060,80923,169088,0,0,0,0,0.0909783
14442,6,1,104856,28422,24197,76434,157103,0,0,0,0,0.0996857
14444,6,1,115377,31513,26790,83864,175220,0,0,0,0,0.0795454
14445,6,1,123506,34091,29158,89415,189439,0,0,0,0,0.0677687
14446,6,1,125273,34010,29050,91263,187579,0,0,0,0,0.0695078
14447,6,1,93927,24830,21233,69097,136883,0,0,0,0,0.0814901
14448,6,1,108811,29281,25112,79530,162068,0,0,0,0,0.0802772
14449,6,1,116159,31426,27013,84733,173652,0,0,0,0,0.0714692
14453,6,1,98764,26285,22278,72479,145069,0,0,0,0,0.0945734
14462,6,1,110981,30199,25783,80782,168177,0,0,0,0,0.0622106
14465,6,1,115875,31553,27039,84322,175362,0,0,0,0,0.0636914
14468,6,1,104171,28062,24162,76109,155851,0,0,0,0,0.0908997
14472,6,1,110000,29785,25469,80215,165280,0,0,0,0,0.0788945
14475,6,1,122153,33174,28515,88979,183467,0,0,0,0,0.0642872
14478,6,1,103483,27717,23767,75766,153221,0,0,0,0,0.0643033
14480,6,1,104516,28312,24001,76204,156986,0,0,0,0,0.0895293
14481,6,1,106264,28743,24681,77521,159287,0,0,0,0,0.0867123
14482,6,1,109591,29963,25774,79628,166608,0,0,0,0,0.0725163
14484,6,1,116355,31789,27429,84566,176689,0,0,0,0,0.0647072
14485,6,1,117565,32234,27884,85331,179225,0,0,0,0,0.0633153
14488,6,1,106336,28396,24223,77940,157018,0,0,0,0,0.0845659
14489,6,1,116604,31050,26645,85554,170662,0,0,0,0,0.0797758
14493,6,1,108562,29307,24687,79255,162721,0,0,0,0,0.10746
14496,6,1,116761,31446,26704,85315,173900,0,0,0,0,0.0757688
14497,6,1,94003,24700,21015,69303,136467,0,0,0,0,0.0903895
14502,6,1,101982,27630,23735,74352,153654,0,0,0,0,0.0819393
14505,6,1,105062,28561,24577,76501,158999,0,0,0,0,0.0824876
14508,6,1,111570,30375,26167,81195,168675,0,0,0,0,0.0811912
14510,6,1,99375,26057,22157,73318,142625,0,0,0,0,0.0779768
14511,6,1,108701,28918,24630,79783,159192,0,0,0,0,0.0655778
14514,6,1,116377,31060,26556,85317,170649,0,0,0,0,0.0595602
14519,6,1,112111,29938,25640,82173,164942,0,0,0,0,0.0951094
14522,6,1,110586,30042,25662,80544,166181,0,0,0,0,0.0696687
14523,6,1,109712,29564,25373,80148,163403,0,0,0,0,0.05935
14525,6,1,116920,32251,27624,84669,179318,0,0,0,0,0.0652733
14526,6,1,115227,31075,26842,84152,171517,0,0,0,0,0.0625833
14527,6,1,123581,34013,29341,89568,188622,0,0,0,0,0.0703203
14528,6,1,122590,33120,28522,89470,182641,0,0,0,0,0.0629304
14540,6,1,91788,23907,20230,67881,131000,0,0,0,0,0.0713
14541,6,1,101735,27028,22977,74707,149219,0,0,0,0,0.0649686
14542,6,1,102786,27643,23431,75143,153245,0,0,0,0,0.0619385
14543,6,1,100913,27104,23230,73809,150193,0,0,0,0,0.0618596
14544,6,1,111701,29993,25661,81708,165929,0,0,0,0,0.0596672
14545,6,1,108664,29662,25308,79002,165189,0,0,0,0,0.0620514
14546,6,1,107524,28910,25045,78614,159956,0,0,0,0,0.0581825
14547,6,1,113464,31018,26570,82446,172675,0,0,0,0,0.0910682
14548,6,1,122464,33089,28510,89375,182497,0,0,0,0,0.0639354
14549,6,1,101869,27032,23074,74837,149131,0,0,0,0,0.0951081
15120,3,1,86538,22175,18953,64363,120733,0,0,0,0,0.0708422
15121,3,1,86573,22181,18932,64392,120751,0,0,0,0,0.0685352
15122,3,1,80776,20447,17288,60329,111266,0,0,0,0,0.0884072
15123,3,1,84545,21702,18453,62843,118332,0,0,0,0,0.121837
15124,3,1,111377,29453,25677,81924,161119,0,0,0,0,0.0845072
15125,3,1,101619,26629,22963,74990,145409,0,0,0,0,0.102743
15126,3,1,109111,28959,25218,80152,158049,0,0,0,0,0.0766449
15127,3,1,92120,24075,20668,68045,131972,0,0,0,0,0.100815
15128,3,1,96141,25208,21759,70933,137795,0,0,0,0,0.0854578
15129,3,1,87458,22737,19311,64721,124414,0,0,0,0,0.0794222
15130,3,1,86251,22097,18856,64154,120280,0,0,0,0,0.0696471
15131,3,1,86290,22104,18836,64186,120304,0,0,0,0,0.0729011
15132,3,1,80351,20343,17231,60008,110654,0,0,0,0,0.0773732
15133,3,1,84190,21615,18410,62575,117824,0,0,0,0,0.110758
15134,3,1,111126,29405,25668,81721,160862,0,0,0,0,0.0802664
15135,3,1,101144,26527,22938,74617,144860,0,0,0,0,0.0974204
15136,3,1,108759,28845,25177,79914,157352,0,0,0,0,0.0795015
15137,3,1,91813,23998,20658,67815,131517,0,0,0,0,0.0707717
15138,3,1,96072,25187,21764,70885,137647,0,0,0,0,0.0750693
15139,3,1,87346,22699,19306,64647,124171,0,0,0,0,0.0908898
15140,3,1,81028,20613,17474,60415,112305,0,0,0,0,0.095667
15141,3,1,81207,20645,17479,60562,112441,0,0,0,0,0.115957
15142,3,1,75439,19121,15961,56318,104730,0,0,0,0,0.100386
15143,3,1,78811,20137,17028,58674,110285,0,0,0,0,0.1415
15144,3,1,99343,26119,22270,73224,142615,0,0,0,0,0.0881976
15145,3,1,94274,24688,21036,69586,135252,0,0,0,0,0.0697473
15146,3,1,94119,24620,21002,69499,134907,0,0,0,0,0.0732772
15147,3,1,95534,24902,21142,70632,136235,0,0,0,0,0.0701889
15148,3,1,93696,24760,21206,68936,135923,0,0,0,0,0.0843894
15149,3,1,90660,23577,20025,67083,128491,0,0,0,0,0.112565
15150,3,1,85967,22265,18981,63702,121678,0,0,0,0,0.126223
15151,3,1,113164,29762,25770,83402,162126,0,0,0,0,0.0725819
15152,3,1,105565,27446,23653,78119,148031,0,0,0,0,0.0715756
15153,3,1,91807,23567,20080,68240,128209,0,0,0,0,0.0910458
15154,3,1,104210,27230,23564,76980,148511,0,0,0,0,0.0720178
15155,3,1,115764,30460,26520,85304,165800,0,0,0,0,0.0861222
15156,3,1,102569,26625,23226,75944,144971,0,0,0,0,0.101648
15157,3,1,111880,29136,25452,82744,157708,0,0,0,0,0.0715396
15158,3,1,116998,30730,26452,86268,166837,0,0,0,0,0.0738865
15159,3,1,97477,25224,21619,72253,137469,0,0,0,0,0.0653686
15160,3,1,85994,22265,18979,63729,121654,0,0,0,0,0.135074
15161,3,1,113539,29935,25922,83604,163143,0,0,0,0,0.107409
15162,3,1,96634,25111,21435,71523,136355,0,0,0,0,0.0822812
15163,3,1,80485,20657,17523,59828,113103,0,0,0,0,0.0904614
15164,3,1,104160,27206,23558,76954,148346,0,0,0,0,0.0977011
15165,3,1,106311,27783,23786,78528,151718,0,0,0,0,0.0929886
15166,3,1,92313,23974,20706,68339,131528,0,0,0,0,0.0739041
15167,3,1,105998,27959,24115,78039,153229,0,0,0,0,0.0815221
15168,3,1,107801,28047,23965,79754,152709,0,0,0,0,0.0782515
15169,3,1,97407,25203,21598,72204,137355,0,0,0,0,0.0702729
15170,3,1,79426,20414,17225,59012,111817,0,0,0,0,0.166165
15171,3,1,105970,27983,24096,77987,153015,0,0,0,0,0.108525
15172,3,1,94896,24912,21378,69984,136819,0,0,0,0,0.114058
15173,3,1,72518,18393,15386,54125,100628,0,0,0,0,0.142567
15174,3,1,96879,25386,21708,71493,139526,0,0,0,0,0.106184
15175,3,1,99462,26182,22498,73280,144065,0,0,0,0,0.114759
15176,3,1,84452,21885,18640,62567,120257,0,0,0,0,0.116771
15177,3,1,95703,24961,21395,70742,136440,0,0,0,0,0.1165
15178,3,1,101370,26615,22900,74755,145878,0,0,0,0,0.0772601
15179,3,1,92081,24161,20618,67920,133055,0,0,0,0,0.0780785
15180,3,1,82213,21321,17873,60892,117072,0,0,0,0,0.300258
15181,3,1,109699,28872,24550,80827,157726,0,0,0,0,0.172238
15182,3,1,94124,24594,20962,69530,134839,0,0,0,0,0.169477
15183,3,1,78026,20153,16900,57873,110565,0,0,0,0,0.161874
15184,3,1,96025,25208,21747,70817,138426,0,0,0,0,0.145025
15185,3,1,99077,26062,22475,73015,143138,0,0,0,0,0.127277
15186,3,1,95868,25149,21719,70719,138065,0,0,0,0,0.123604
15187,3,1,104623,27667,23806,76956,151750,0,0,0,0,0.118886
15188,3,1,99756,26225,22363,73531,143875,0,0,0,0,0.119696
15189,3,1,87326,22842,19349,64484,125631,0,0,0,0,0.117231
15190,3,1,112088,29782,25795,82306,163153,0,0,0,0,0.0944554
15191,3,1,112164,29792,25809,82372,163190,0,0,0,0,0.0776151
15192,3,1,109366,29060,25109,80306,159546,0,0,0,0,0.077749
15193,3,1,110690,29265,25340,81425,160602,0,0,0,0,0.119786
15194,3,1,112097,29781,25871,82316,162064,0,0,0,0,0.0944104
15195,3,1,100981,26737,23163,74244,146469,0,0,0,0,0.0822892
15196,3,1,110303,29354,25596,80949,160523,0,0,0,0,0.0785158
15197,3,1,92302,24166,20769,68136,132612,0,0,0,0,0.0726364
15198,3,1,99242,26153,22808,73089,143559,0,0,0,0,0.0775204
15199,3,1,95074,24715,21363,70359,135355,0,0,0,0,0.082241
15200,3,1,99067,26006,22478,73061,142087,0,0,0,0,0.0693005
15201,3,1,99121,26017,22486,73104,142129,0,0,0,0,0.0716559
15202,3,1,98454,26120,22465,72334,143539,0,0,0,0,0.0761794
15203,3,1,101638,26760,22795,74878,146764,0,0,0,0,0.122891
15204,3,1,98334,25656,22169,72678,139609,0,0,0,0,0.0714121
15205,3,1,96618,25558,21938,71060,140683,0,0,0,0,0.0676668
15206,3,1,100495,26859,23392,73636,148302,0,0,0,0,0.0750071
15207,3,1,95044,24967,21516,70077,137481,0,0,0,0,0.0671839
15208,3,1,99952,26659,23104,73293,147386,0,0,0,0,0.084129
15209,3,1,104484,27766,24242,76718,153020,0,0,0,0,0.0730977
15210,3,1,109872,29348,25333,80524,160514,0,0,0,0,0.0760121
15211,3,1,119068,32024,27686,87044,175570,0,0,0,0,0.0596585
15212,3,1,115395,31059,26614,84336,170747,0,0,0,0,0.0588123
15213,3,1,114619,30868,26841,83751,169511,0,0,0,0,0.0762599
15214,3,1,113700,30712,26472,82988,169655,0,0,0,0,0.0610481
15215,3,1,114053,30905,26787,83148,171150,0,0,0,0,0.0588693
15216,3,1,109277,29699,25480,79578,164930,0,0,0,0,0.0700912
15217,3,1,96960,25799,22121,71161,142408,0,0,0,0,0.067679
15218,3,1,105863,28087,24308,77776,154674,0,0,0,0,0.0683227
15219,3,1,111755,29862,25866,81893,164412,0,0,0,0,0.0705069
15220,3,1,110000,29358,25350,80642,160488,0,0,0,0,0.0738162
15221,3,1,119024,32015,27681,87009,175527,0,0,0,0,0.0607223
15222,3,1,106728,28755,24584,77973,158900,0,0,0,0,0.0624395
15223,3,1,100077,26647,22951,73430,146720,0,0,0,0,0.0757529
15224,3,1,113716,30701,26518,83015,169537,0,0,0,0,0.0598283
15225,3,1,113412,30777,26764,82635,170449,0,0,0,0,0.0750011
15226,3,1,108790,29605,25402,79185,164560,0,0,0,0,0.105887
15227,3,1,100162,26676,22947,73486,147000,0,0,0,0,0.102005
15228,3,1,105364,28108,24221,77256,155115,0,0,0,0,0.102782
15229,3,1,111648,29858,25851,81790,164433,0,0,0,0,0.106975
15230,3,1,103982,27684,23777,76298,151990,0,0,0,0,0.126483
15231,3,1,105959,28292,24269,77667,155074,0,0,0,0,0.0840642
15232,3,1,100582,26885,22987,73697,148031,0,0,0,0,0.0968446
15233,3,1,94269,24860,21087,69409,136656,0,0,0,0,0.113731
15234,3,1,105855,28417,24306,77438,157214,0,0,0,0,0.0809836
15235,3,1,112946,30484,26165,82462,168296,0,0,0,0,0.0769915
15236,3,1,109828,29590,25538,80238,163458,0,0,0,0,0.11605
15237,3,1,97242,25646,21969,71596,140186,0,0,0,0,0.108284
15238,3,1,99802,26486,22938,73316,145846,0,0,0,0,0.106333
15239,3,1,99829,26493,22940,73336,145899,0,0,0,0,0.106441
15240,3,1,112593,30070,25751,82523,165390,0,0,0,0,0.21937
15241,3,1,121445,32651,28122,88794,179103,0,0,0,0,0.129625
15242,3,1,110281,29671,25539,80610,163472,0,0,0,0,0.12379
15243,3,1,103068,27640,23648,75428,152539,0,0,0,0,0.0998768
15244,3,1,115583,31322,27006,84261,173225,0,0,0,0,0.0820073
15245,3,1,122778,33474,29018,89304,184765,0,0,0,0,0.0920283
15246,3,1,127860,34825,30254,93035,191483,0,0,0,0,0.103305
15247,3,1,106322,28497,24614,77825,157353,0,0,0,0,0.119989
15248,3,1,108491,29006,24883,79485,159719,0,0,0,0,0.112773
15249,3,1,108006,28877,24792,79129,158983,0,0,0,0,0.0977531
15250,3,1,89455,23353,20162,66102,127914,0,0,0,0,0.106183
15251,3,1,89492,23354,20162,66138,127890,0,0,0,0,0.102338
15252,3,1,88245,23210,19805,65035,127854,0,0,0,0,0.115526
15253,3,1,89846,23206,19643,66640,127115,0,0,0,0,0.124955
15254,3,1,96857,25086,21382,71771,135468,0,0,0,0,0.0783003
15255,3,1,94630,24908,21309,69722,136621,0,0,0,0,0.075529
15256,3,1,98154,26117,22819,72037,144038,0,0,0,0,0.0977772
15257,3,1,93936,24616,21264,69320,135163,0,0,0,0,0.100284
15258,3,1,100149,26664,23201,73485,147242,0,0,0,0,0.0911713
15259,3,1,110467,29464,25752,81003,161990,0,0,0,0,0.0830607
15260,3,1,96460,25316,21869,71144,138273,0,0,0,0,0.0773532
15261,3,1,112356,30001,25877,82355,164968,0,0,0,0,0.102831
15262,3,1,110666,29757,25506,80909,164090,0,0,0,0,0.0738561
15263,3,1,107620,28954,25257,78666,159502,0,0,0,0,0.0754974
15264,3,1,112582,30240,25981,82342,166568,0,0,0,0,0.0678286
15265,3,1,116009,31108,26805,84901,171802,0,0,0,0,0.0634897
15266,3,1,116775,31676,27067,85099,175512,0,0,0,0,0.0660779
15267,3,1,96663,25479,21815,71184,140148,0,0,0,0,0.0657047
15268,3,1,102248,27265,23517,74983,150553,0,0,0,0,0.0662619
15269,3,1,118331,31840,27767,86491,175568,0,0,0,0,0.0756334
15270,3,1,96700,25374,21928,71326,138586,0,0,0,0,0.0996307
15271,3,1,112334,30000,25891,82334,164970,0,0,0,0,0.0886448
15272,3,1,98965,26314,22388,72651,145361,0,0,0,0,0.0684922
15273,3,1,94724,25092,21581,69632,138462,0,0,0,0,0.0752048
15274,3,1,112964,30327,26164,82637,167012,0,0,0,0,0.0775971
15275,3,1,116473,31099,26837,85374,171618,0,0,0,0,0.0598717
15276,3,1,116548,31634,27100,84914,175338,0,0,0,0,0.0676514
15277,3,1,98757,26025,22256,72732,142895,0,0,0,0,0.069194
15278,3,1,103249,27625,23645,75624,152532,0,0,0,0,0.072889
15279,3,1,118207,31827,27731,86380,175531,0,0,0,0,0.0718044
15280,3,1,89784,23425,20055,66359,128387,0,0,0,0,0.0856741
15281,3,1,101129,26828,22974,74301,147190,0,0,0,0,0.0829644
15282,3,1,95186,25349,21673,69837,139909,0,0,0,0,0.0889074
15283,3,1,88378,23216,19723,65162,128002,0,0,0,0,0.0980419
15284,3,1,103749,27665,23787,76084,152751,0,0,0,0,0.0902196
15285,3,1,111637,29951,25717,81686,165077,0,0,0,0,0.0918964
15286,3,1,115057,31007,26623,84050,170879,0,0,0,0,0.0966027
15287,3,1,97032,25498,21738,71534,138769,0,0,0,0,0.0767165
15288,3,1,96073,25459,21868,70614,140669,0,0,0,0,0.0673056
15289,3,1,104351,27831,24005,76520,153398,0,0,0,0,0.0687574
15290,3,1,97203,25610,21979,71593,140902,0,0,0,0,0.137247
15291,3,1,110199,29433,25295,80766,161822,0,0,0,0,0.0875291
15292,3,1,100296,26794,22942,73502,147923,0,0,0,0,0.10218
15293,3,1,94455,25304,21461,69151,140367,0,0,0,0,0.124454
15294,3,1,101109,27015,23133,74094,149211,0,0,0,0,0.107113
15295,3,1,111739,30073,25900,81666,165956,0,0,0,0,0.107473
15296,3,1,128273,34960,30315,93313,192280,0,0,0,0,0.0730041
15297,3,1,92927,24526,20883,68401,135489,0,0,0,0,0.111065
15298,3,1,98063,26004,22119,72059,143575,0,0,0,0,0.113844
15299,3,1,108473,29005,24876,79468,159713,0,0,0,0,0.103406
15300,3,1,86205,22299,18826,63906,121626,0,0,0,0,0.0933537
15301,3,1,97805,25807,21970,71998,141678,0,0,0,0,0.0675673
15302,3,1,101497,26812,22733,74685,147768,0,0,0,0,0.066732
15303,3,1,102961,27432,23758,75529,151721,0,0,0,0,0.095145
15304,3,1,105017,27649,23614,77368,151476,0,0,0,0,0.0770238
15305,3,1,109237,28792,24519,80445,158142,0,0,0,0,0.0717982
15306,3,1,103046,27455,23786,75591,151817,0,0,0,0,0.0796822
15307,3,1,86045,22133,18812,63912,120615,0,0,0,0,0.0758979
15308,3,1,104901,27799,23901,77102,153065,0,0,0,0,0.0761421
15309,3,1,119141,32131,27912,87010,177010,0,0,0,0,0.0768108
15310,3,1,86414,22362,18908,64052,121994,0,0,0,0,0.0930702
15311,3,1,97842,25816,21983,72026,141734,0,0,0,0,0.0741551
15312,3,1,102267,27148,22987,75119,149585,0,0,0,0,0.0781327
15313,3,1,100615,26926,23157,73689,149007,0,0,0,0,0.0879675
15314,3,1,105055,27659,23629,77396,151538,0,0,0,0,0.0661802
15315,3,1,116968,31022,26613,85946,169883,0,0,0,0,0.0743893
15316,3,1,110937,29787,25936,81150,164440,0,0,0,0,0.0856439
15317,3,1,90211,23426,19987,66785,127619,0,0,0,0,0.0814324
15318,3,1,105263,27568,23584,77695,150603,0,0,0,0,0.116454
15319,3,1,119243,32155,27912,87088,177135,0,0,0,0,0.0919307
15320,3,1,79125,20396,17078,58729,111815,0,0,0,0,0.114011
15321,3,1,97199,25754,21939,71445,141904,0,0,0,0,0.0679408
15322,3,1,98462,26052,22149,72410,143440,0,0,0,0,0.0725542
15323,3,1,100750,26655,22649,74095,146854,0,0,0,0,0.0709676
15324,3,1,108773,28618,24414,80155,156786,0,0,0,0,0.0916389
15325,3,1,110829,29261,25061,81568,160406,0,0,0,0,0.0899022
15326,3,1,114723,30776,26861,83947,169369,0,0,0,0,0.102513
15327,3,1,87672,22570,19269,65102,121915,0,0,0,0,0.0979349
15328,3,1,94620,24722,21191,69898,136059,0,0,0,0,0.0771313
15329,3,1,110076,29300,25260,80776,160969,0,0,0,0,0.111769
15330,3,1,84604,21907,18475,62697,120161,0,0,0,0,0.17328
15331,3,1,103474,27618,23731,75856,152199,0,0,0,0,0.0863268
15332,3,1,106155,28485,24409,77670,157245,0,0,0,0,0.0869082
15333,3,1,108409,29375,25190,79034,162452,0,0,0,0,0.106538
15334,3,1,112824,30081,25988,82743,164965,0,0,0,0,0.106141
15335,3,1,116293,30946,26804,85347,169686,0,0,0,0,0.0892676
15336,3,1,120888,32640,28095,88248,179697,0,0,0,0,0.0768875
15337,3,1,78394,20243,17155,58151,111294,0,0,0,0,0.0893377
15338,3,1,88092,22924,19601,65168,126294,0,0,0,0,0.084794
15339,3,1,100049,26274,22605,73775,144399,0,0,0,0,0.0991035
15340,3,1,102280,27181,23556,75099,149360,0,0,0,0,0.118824
15341,3,1,103439,27333,23850,76106,149835,0,0,0,0,0.108352
15342,3,1,103016,27359,23663,75657,150812,0,0,0,0,0.104243
15343,3,1,106838,28042,24169,78796,153241,0,0,0,0,0.104169
15344,3,1,107953,28577,24956,79376,156300,0,0,0,0,0.103301
15345,3,1,107130,28435,24774,78695,156250,0,0,0,0,0.101248
15346,3,1,106899,28065,24202,78834,153401,0,0,0,0,0.105427
15347,3,1,108365,28050,24200,80315,152407,0,0,0,0,0.0846156
15348,3,1,102725,26631,22816,76094,145420,0,0,0,0,0.0781403
15349,3,1,113381,29984,25818,83397,164578,0,0,0,0,0.128537
15350,3,1,94539,24766,20896,69773,135824,0,0,0,0,0.0788717
15351,3,1,96986,25613,22039,71373,140917,0,0,0,0,0.0719633
15352,3,1,96645,25447,22168,71198,139889,0,0,0,0,0.0779808
15353,3,1,93919,24748,21343,69171,136166,0,0,0,0,0.101919
15354,3,1,104107,27565,23855,76542,151295,0,0,0,0,0.100537
15355,3,1,101881,26735,23399,75146,146618,0,0,0,0,0.0704108
15356,3,1,99978,26420,22744,73558,145233,0,0,0,0,0.0703775
15357,3,1,109840,28539,24723,81301,155107,0,0,0,0,0.075649
15358,3,1,106836,27783,23935,79053,151256,0,0,0,0,0.0781064
15359,3,1,101086,26490,22620,74596,145280,0,0,0,0,0.116668
15360,3,1,99415,26401,22571,73014,145640,0,0,0,0,0.0976561
15361,3,1,104915,27972,24127,76943,154559,0,0,0,0,0.0800169
15362,3,1,104950,27919,23964,77031,153908,0,0,0,0,0.0771654
15363,3,1,114232,30632,26272,83600,168953,0,0,0,0,0.0964853
15364,3,1,112518,29886,26046,82632,164164,0,0,0,0,0.116259
15365,3,1,110626,29655,25415,80971,163720,0,0,0,0,0.0966994
15366,3,1,120288,32721,28224,87567,181229,0,0,0,0,0.0773072
15367,3,1,115223,30465,26061,84758,166400,0,0,0,0,0.0820881
15368,3,1,124550,33588,28941,90962,185108,0,0,0,0,0.0809385
15369,3,1,109110,28849,24818,80261,158373,0,0,0,0,0.128058
15370,3,1,82974,21366,18053,61608,117060,0,0,0,0,0.0831082
15371,3,1,87749,22914,19642,64835,126187,0,0,0,0,0.0749747
15372,3,1,86714,22632,19461,64082,124649,0,0,0,0,0.091665
15373,3,1,84596,22083,18937,62513,121518,0,0,0,0,0.0952121
15374,3,1,98376,26004,22331,72372,143352,0,0,0,0,0.0907612
15375,3,1,92643,24100,20902,68543,132428,0,0,0,0,0.0648336
15376,3,1,91228,23986,20642,67242,132169,0,0,0,0,0.0901019
15377,3,1,98617,25403,21758,73214,138688,0,0,0,0,0.111015
15378,3,1,106850,27794,23921,79056,151338,0,0,0,0,0.0786723
15379,3,1,88846,22822,19356,66024,124908,0,0,0,0,0.124361
15380,3,1,83302,21733,18706,61569,119738,0,0,0,0,0.0959013
15381,3,1,92859,24547,21048,68312,136046,0,0,0,0,0.0838931
15382,3,1,96943,25665,21781,71278,141700,0,0,0,0,0.0776022
15383,3,1,100308,26660,22868,73648,147255,0,0,0,0,0.0912128
15384,3,1,102978,27249,23668,75729,150469,0,0,0,0,0.101359
15385,3,1,104194,27802,23661,76392,153954,0,0,0,0,0.0896858
15386,3,1,107215,28926,24818,78289,160604,0,0,0,0,0.071642
15387,3,1,103254,27361,23338,75893,150488,0,0,0,0,0.0827946
15388,3,1,124438,33563,28944,90875,184990,0,0,0,0,0.10669
15389,3,1,93594,24426,20834,69168,134324,0,0,0,0,0.127841
15390,3,1,73067,18943,15840,54124,104226,0,0,0,0,0.138438
15391,3,1,83521,21817,18279,61704,120693,0,0,0,0,0.0815869
15392,3,1,83098,21889,18353,61209,121238,0,0,0,0,0.0814622
15393,3,1,83280,21937,18377,61343,121505,0,0,0,0,0.11009
15394,3,1,93843,24777,21054,69066,137233,0,0,0,0,0.106746
15395,3,1,89377,23702,20026,65675,131693,0,0,0,0,0.0730976
15396,3,1,89313,23693,20016,65620,131645,0,0,0,0,0.0746785
15397,3,1,95135,24973,21377,70162,137628,0,0,0,0,0.0954768
15398,3,1,95148,24975,21396,70173,137639,0,0,0,0,0.0850687
15399,3,1,81360,20921,17463,60439,114851,0,0,0,0,0.146838
17360,9,1,100065,26305,22282,73760,139785,0,0,0,0,0.0563916
17361,9,1,122334,31980,27167,90354,168607,0,0,0,0,0.0549757
17364,9,1,140462,37082,31907,103380,194987,0,0,0,0,0.0540885
17369,9,1,134516,35372,30290,99144,186062,0,0,0,0,0.0775901
17370,9,1,121605,31907,27215,89698,168392,0,0,0,0,0.0546618
17371,9,1,142839,37681,32633,105158,198611,0,0,0,0,0.0564959
17374,9,1,151791,40261,35018,111530,211269,0,0,0,0,0.0558221
17379,9,1,150502,39549,34316,110953,207618,0,0,0,0,0.0752081
17380,9,1,128769,33910,28685,94859,178840,0,0,0,0,0.0541416
17381,9,1,149130,39347,33424,109783,207668,0,0,0,0,0.0546788
17384,9,1,154419,41849,35775,112570,220661,0,0,0,0,0.0574929
17389,9,1,166418,44239,37999,122179,231540,0,0,0,0,0.0585252
17390,9,1,128755,33905,28684,94850,178811,0,0,0,0,0.0512038
17391,9,1,160767,42482,36444,118285,223292,0,0,0,0,0.0560708
17394,9,1,152382,40853,35275,111529,215040,0,0,0,0,0.0538668
17399,9,1,152574,40414,34754,112160,212401,0,0,0,0,0.0541761
17400,9,1,154204,40796,35238,113408,214892,0,0,0,0,0.0517029
17401,9,1,165849,43846,38000,122003,229686,0,0,0,0,0.0531565
17404,9,1,159419,42788,36839,116631,225011,0,0,0,0,0.056438
17409,9,1,145852,38545,32804,107307,203144,0,0,0,0,0.0561657
17430,9,1,138801,36581,31387,102220,192317,0,0,0,0,0.054168
17431,9,2,306716,81197,69877,225506,426943,1,0,0,0,0.203551
17434,9,2,274730,74110,64416,200607,390794,1,0,0,0,0.169709
17439,9,1,163257,42989,37103,120268,224750,0,0,0,0,0.0743807
17440,9,1,138947,37107,31257,101840,196382,0,0,0,0,0.0574232
17441,9,1,155496,41394,35540,114102,218243,0,0,0,0,0.0549259
17444,9,1,170628,46724,40359,123904,245591,0,0,0,0,0.0581511
17449,9,1,179698,47643,41008,132055,247617,0,0,0,0,0.0574604
17450,9,1,138876,37084,31246,101792,196245,0,0,0,0,0.054806
17451,9,1,167287,44369,38465,122918,232478,0,0,0,0,0.0525785
17454,9,1,168729,45679,39877,123050,239791,0,0,0,0,0.0555588
17459,9,1,162608,42906,36712,119702,223982,0,0,0,0,0.0535115
17460,9,1,163435,43230,37727,120205,227026,0,0,0,0,0.0518615
17461,9,1,174905,46170,40105,128735,241022,0,0,0,0,0.0520056
17464,9,1,169184,45535,39534,123649,238412,0,0,0,0,0.0568896
17469,9,1,154093,40611,34664,113482,212397,0,0,0,0,0.0537952
17490,9,1,148066,39442,33659,108624,208354,0,0,0,0,0.058612
17491,9,1,156585,41546,36004,115039,216976,0,0,0,0,0.0563652
17494,9,1,160560,42577,36590,117983,224361,0,0,0,0,0.0539984
17499,9,1,170282,45294,39526,124988,237739,0,0,0,0,0.0530351
17500,9,1,147883,39398,33633,108485,208117,0,0,0,0,0.0571991
17501,9,1,170203,44951,39081,125252,233926,0,0,0,0,0.0569806
17504,9,1,172004,45511,39569,126493,238617,0,0,0,0,0.0571118
17509,9,1,183006,48730,42382,134276,254698,0,0,0,0,0.0546246
17510,9,1,171313,45368,38967,125945,237274,0,0,0,0,0.0522534
17511,9,1,171381,45361,38956,126020,237140,0,0,0,0,0.0527027
17514,9,1,190507,50542,43386,139965,262659,0,0,0,0,0.0561425
17519,9,1,190270,50373,43618,139897,261524,0,0,0,0,0.053981
17540,9,1,127192,33240,28434,93952,174998,0,0,0,0,0.0768561
17541,9,1,126868,33858,28606,93010,180414,0,0,0,0,0.0574228
17544,9,1,144038,38528,32872,105510,204172,0,0,0,0,0.055941
17549,9,1,149848,39890,34924,109958,210198,0,0,0,0,0.0540997
17550,9,1,147370,38513,33248,108857,202193,0,0,0,0,0.0733072
17551,9,1,139976,36870,31447,103106,194892,0,0,0,0,0.0606649
17554,9,1,149166,38990,33655,110176,204399,0,0,0,0,0.0529157
17559,9,1,153766,40375,35338,113391,210652,0,0,0,0,0.0514853
17580,9,1,159134,41408,36021,117726,215756,0,0,0,0,0.0717686
17581,9,1,148467,38976,33625,109491,204441,0,0,0,0,0.0537754
17584,9,1,157944,41344,36005,116600,215361,0,0,0,0,0.0521248
17589,9,1,153522,40300,35247,113222,210208,0,0,0,0,0.0568952
17630,9,1,145940,37944,32988,107996,199003,0,0,0,0,0.124548
17631,9,1,169916,44866,39116,125050,234411,0,0,0,0,0.0768744
17632,9,1,151522,39840,34325,111682,209026,0,0,0,0,0.0739243
17633,9,1,137304,36039,31069,101265,189605,0,0,0,0,0.0758929
17634,9,1,160339,42404,37278,117935,222941,0,0,0,0,0.0711181
17635,9,1,164462,43721,38126,120741,230106,0,0,0,0,0.0761813
17636,9,1,159380,42173,36797,117207,221991,0,0,0,0,0.109871
17637,9,1,164119,43537,37796,120582,229192,0,0,0,0,0.101436
17638,9,1,162594,42880,36831,119714,225006,0,0,0,0,0.077856
17639,9,1,149689,39636,34373,110053,208989,0,0,0,0,0.0675844
17922,18,1,131299,34661,29260,96638,182762,0,0,0,0,0.0529873
17925,18,1,140959,37528,31928,103431,197932,0,0,0,0,0.0547781
17928,18,1,149834,39701,33893,110133,208993,0,0,0,0,0.0705489
17932,18,1,148547,39818,34340,108729,210872,0,0,0,0,0.0534698
17935,18,1,157198,41951,36233,115247,221157,0,0,0,0,0.0531892
17938,18,1,160002,42446,36411,117556,222935,0,0,0,0,0.0542027
17942,18,1,154173,40846,34939,113327,215613,0,0,0,0,0.0517462
17945,18,1,172055,46837,39962,125218,249117,0,0,0,0,0.0506258
17948,18,1,168052,45216,38366,122836,238404,0,0,0,0,0.072221
17952,18,1,164820,43936,37752,120884,231802,0,0,0,0,0.0534678
17955,18,1,171134,46306,39380,124828,245911,0,0,0,0,0.0532717
17958,18,1,157331,42287,36010,115044,223941,0,0,0,0,0.0498628
17962,18,1,153005,40108,34662,112897,210848,0,0,0,0,0.0531393
17965,18,1,177456,48123,41306,129333,255593,0,0,0,0,0.0545365
17968,18,1,171309,45928,39483,125381,242952,0,0,0,0,0.0546223
17970,18,1,142053,37163,31622,104890,195848,0,0,0,0,0.0511662
17971,18,1,150091,39262,33502,110829,206434,0,0,0,0,0.0561062
17972,18,1,154279,40373,34800,113906,211982,0,0,0,0,0.0546369
17973,18,1,145721,38207,32673,107514,201179,0,0,0,0,0.0667966
17974,18,1,173853,46764,39712,127089,247876,0,0,0,0,0.0575098
17975,18,1,163589,43929,37519,119660,232862,0,0,0,0,0.0517957
17976,18,1,180209,49196,42037,131013,261753,0,0,0,0,0.056323
17977,18,1,159632,42361,36466,117271,222661,0,0,0,0,0.0522872
17978,18,1,159190,42650,36373,116540,225701,0,0,0,0,0.0584947
17979,18,1,141470,37227,31526,104243,195910,0,0,0,0,0.0553367
17992,18,1,165982,44353,38533,121629,233344,0,0,0,0,0.0548075
17995,18,1,173175,46431,40323,126744,243661,0,0,0,0,0.0561638
17998,18,1,171991,45652,39361,126339,238480,0,0,0,0,0.0579866
18002,18,1,162775,43139,37074,119636,227219,0,0,0,0,0.0516888
18005,18,1,183627,50441,43206,133186,267922,0,0,0,0,0.0528524
18008,18,1,175447,47164,39974,128283,247809,0,0,0,0,0.0538867
18012,18,1,176452,47303,40652,129149,249232,0,0,0,0,0.0552544
18015,18,1,185018,50500,43490,134518,268133,0,0,0,0,0.0521492
18018,18,1,163818,44260,37604,119558,234232,0,0,0,0,0.0771981
18022,18,1,167458,44397,38344,123061,233110,0,0,0,0,0.0696172
18025,18,1,192260,52257,45154,140003,276444,0,0,0,0,0.0547284
18028,18,1,180859,48593,41802,132266,256658,0,0,0,0,0.0718972
18030,18,1,151264,39634,33667,111630,208301,0,0,0,0,0.0531488
18031,18,1,157603,41541,35525,116062,218081,0,0,0,0,0.0518971
18032,18,1,154157,40329,34802,113828,211719,0,0,0,0,0.0541414
18033,18,1,158155,41698,35703,116457,219463,0,0,0,0,0.0702477
18034,18,1,187399,50570,43103,136829,267365,0,0,0,0,0.0587112
18035,18,1,173516,46507,39805,127009,244915,0,0,0,0,0.0538719
18036,18,1,190708,52107,44346,138601,276197,0,0,0,0,0.0586039
18037,18,1,159541,42317,36423,117224,222336,0,0,0,0,0.0554928
18038,18,1,166774,44639,37961,122135,235109,0,0,0,0,0.0586231
18039,18,1,149075,39299,33231,109776,206013,0,0,0,0,0.0603466
18052,18,1,164383,43973,38481,120410,232106,0,0,0,0,0.07399
18055,18,1,178652,48553,41640,130099,257752,0,0,0,0,0.075794
18058,18,1,177534,48099,41165,129435,255394,0,0,0,0,0.0684185
18062,18,1,179004,47686,41872,131318,250242,0,0,0,0,0.0554896
18065,18,1,190332,51698,44757,138634,273726,0,0,0,0,0.0538019
18068,18,1,186357,50449,43501,135908,266584,0,0,0,0,0.0538624
18072,18,1,172813,45422,39125,127391,236407,0,0,0,0,0.0524925
18075,18,1,194322,52144,45142,142178,275389,0,0,0,0,0.0524091
18078,18,1,197012,53069,45919,143943,280634,0,0,0,0,0.0536755
18080,18,1,158857,41670,35944,117187,219103,0,0,0,0,0.0650725
18081,18,1,158754,41647,35906,117107,218982,0,0,0,0,0.0685765
18082,18,1,149826,39210,33632,110616,206847,0,0,0,0,0.0601739
18084,18,1,178106,47478,40093,130628,249017,0,0,0,0,0.0575295
18085,18,1,177449,47930,40722,129519,254179,0,0,0,0,0.0569805
18086,18,1,179221,48068,41083,131153,254485,0,0,0,0,0.0561465
18087,18,1,174257,46816,40102,127441,248002,0,0,0,0,0.0545755
18088,18,1,174756,46820,39664,127936,247793,0,0,0,0,0.0552144
18089,18,1,172260,46086,39104,126174,242469,0,0,0,0,0.0592337
18093,18,1,164894,44025,38111,120869,232672,0,0,0,0,0.113391
18102,18,1,163965,43835,37881,120130,230476,0,0,0,0,0.0776365
18105,18,1,161304,43699,37959,117605,231022,0,0,0,0,0.0813618
18108,18,1,163484,44293,38105,119191,234089,0,0,0,0,0.08702
18112,18,1,159073,42001,36204,117072,221078,0,0,0,0,0.0914364
18115,18,1,166616,44692,38897,121924,236796,0,0,0,0,0.0857399
18118,18,1,166067,44790,38774,121277,237519,0,0,0,0,0.083573
18120,18,1,149476,39104,33783,110372,205439,0,0,0,0,0.101608
18121,18,1,169958,45516,39297,124442,240822,0,0,0,0,0.0594185
18122,18,1,169945,45618,39511,124327,241209,0,0,0,0,0.0638662
18124,18,1,169438,45414,38612,124024,240083,0,0,0,0,0.0602611
18125,18,1,181333,48874,42233,132459,259016,0,0,0,0,0.0690331
18128,18,1,177754,48170,41173,129584,255690,0,0,0,0,0.074986
18129,18,1,169632,45562,38785,124070,240767,0,0,0,0,0.0600731
18133,18,1,169463,45894,39319,123569,243771,0,0,0,0,0.062677
18136,18,1,177049,48111,41424,128938,255946,0,0,0,0,0.0567344
18137,18,1,181780,48826,42383,132954,257894,0,0,0,0,0.0565927
18142,18,1,152076,39266,33781,112810,204581,0,0,0,0,0.0516524
18145,18,1,164530,43761,38197,120769,231056,0,0,0,0,0.0748134
18148,18,1,164961,44075,38269,120886,232956,0,0,0,0,0.0584447
18150,18,1,160787,42726,37015,118061,225096,0,0,0,0,0.0826058
18151,18,1,181854,48828,41886,133026,256989,0,0,0,0,0.0581019
18154,18,1,175180,47073,40221,128107,248327,0,0,0,0,0.0544243
18159,18,1,169542,45533,38760,124009,240621,0,0,0,0,0.0639444
18162,18,1,161237,42794,36821,118443,225113,0,0,0,0,0.0585742
18163,18,1,152739,40622,35085,112117,214829,0,0,0,0,0.0589319
18165,18,1,175845,47112,40552,128733,249258,0,0,0,0,0.0551457
18166,18,1,173623,46731,40123,126892,247777,0,0,0,0,0.060629
18167,18,1,182832,49553,42969,133279,262460,0,0,0,0,0.0849122
18168,18,1,170468,45857,39232,124611,243252,0,0,0,0,0.0635824
18180,18,1,159688,42209,36593,117479,222329,0,0,0,0,0.0835802
18181,18,1,183597,48846,41875,134751,255416,0,0,0,0,0.0633331
18182,18,1,169576,45108,38562,124468,237132,0,0,0,0,0.0598815
18183,18,1,143652,37728,32146,105924,198621,0,0,0,0,0.0589156
18184,18,1,180654,48948,42483,131706,259437,0,0,0,0,0.0611124
18185,18,1,180224,48598,42011,131626,256994,0,0,0,0,0.0600874
18186,18,1,161433,42732,36897,118701,224898,0,0,0,0,0.0581137
18187,18,1,173644,45883,39777,127761,240268,0,0,0,0,0.0850972
18188,18,1,181992,48988,42463,133004,258003,0,0,0,0,0.0655337
18189,18,1,170699,45881,39762,124818,242634,0,0,0,0,0.0806799
19880,9,1,109948,28642,24623,81306,149954,0,0,0,0,0.0758796
19881,9,1,129409,33803,29151,95606,176454,0,0,0,0,0.0747589
19884,9,2,191874,50037,42950,141825,260370,1,0,0,0,0.178304
19889,9,1,136139,35390,30733,100749,183705,0,0,0,0,0.0727382
19890,9,1,127033,33146,28805,93887,172793,0,0,0,0,0.0520681
19891,9,2,290114,74848,64381,215253,387071,1,0,0,0,0.232158
19894,9,2,199219,52216,44868,146990,272074,1,0,0,0,0.18184
19899,9,2,195758,51214,43782,144531,267159,1,0,0,0,0.171361
19900,9,1,138445,36893,31812,101552,193526,0,0,0,0,0.0496018
19901,9,2,195049,51500,44067,143536,269319,1,0,0,0,0.145908
19904,9,2,172600,46223,39504,126364,242435,1,0,0,0,0.162783
19909,9,2,203689,53776,46202,149900,281045,1,0,0,0,0.138412
19910,9,1,138416,36892,31824,101524,193527,0,0,0,0,0.0487856
19911,9,2,200218,52980,45405,147226,277035,1,0,0,0,0.146117
19914,9,2,208556,56483,48307,152060,297509,1,0,0,0,0.14077
19919,9,2,192462,50392,42894,142057,262710,1,0,0,0,0.141394
19920,9,2,198573,52451,44832,146109,274295,1,0,0,0,0.14709
19921,9,2,202130,53378,45686,148739,279238,1,0,0,0,0.142921
19924,9,2,167587,44761,37760,122815,234954,1,0,0,0,0.163591
19929,9,2,273644,71847,60985,201786,374290,1,0,0,0,0.201142
19950,9,1,137981,35873,31237,102108,186145,0,0,0,0,0.0712444
19951,9,2,280041,73550,62960,206478,382271,1,0,0,0,0.180348
19954,9,2,204175,53329,45615,150833,277200,1,0,0,0,0.161301
19959,9,2,197159,51155,43720,145991,265954,1,0,0,0,0.175273
19960,9,1,143979,38317,33047,105662,200576,0,0,0,0,0.0533887
19961,9,2,199323,52042,44355,147268,271085,1,0,0,0,0.193358
19964,9,2,175676,46706,39777,128957,244055,1,0,0,0,0.182638
19969,9,2,206378,54512,46736,151853,284976,1,0,0,0,0.172004
19970,9,1,143925,38314,33061,105611,200562,0,0,0,0,0.0538551
19971,9,2,204894,53835,46150,151047,280612,1,0,0,0,0.165296
19974,9,2,214956,58041,49426,156902,304998,1,0,0,0,0.193786
19979,9,2,194627,50927,43374,143687,265466,1,0,0,0,0.170702
19980,9,2,204533,53902,46027,150618,281662,1,0,0,0,0.199978
19981,9,2,206355,54413,46612,151929,284314,1,0,0,0,0.156306
19984,9,2,172053,45841,38811,126201,240178,1,0,0,0,0.187529
19989,9,2,270492,71174,60526,199307,370103,1,0,0,0,0.176243
