101080,9,1,149819,39552,34378,110267,207356,0,0,0,0,0.0964371
101081,9,1,169340,44830,39298,124510,234938,0,0,0,0,0.0903808
101084,9,1,176577,46178,40248,130399,240175,0,0,0,0,0.0827249
101089,9,1,174909,44897,39250,130012,233148,0,0,0,0,0.133544
101090,9,1,143475,37879,32414,105596,199466,0,0,0,0,0.0799476
101091,9,1,161248,42814,37271,118434,225045,0,0,0,0,0.0609874
101094,9,1,166690,44154,38551,122536,230690,0,0,0,0,0.0640433
101099,9,1,168562,43513,37676,125049,226744,0,0,0,0,0.0883283
101100,9,1,163895,44115,38019,119780,232807,0,0,0,0,0.0769444
101101,9,1,178535,48369,42171,130166,255469,0,0,0,0,0.0640157
101104,9,1,171752,45235,39091,126517,237997,0,0,0,0,0.0993699
101109,9,1,169144,44233,38498,124911,230234,0,0,0,0,0.0750104
101110,9,1,163794,44080,37972,119714,232628,0,0,0,0,0.0914733
101111,9,1,184588,49705,43556,134883,260758,0,0,0,0,0.0661054
101114,9,1,173115,45347,39202,127768,238210,0,0,0,0,0.115967
101119,9,1,158549,41380,35920,117169,216718,0,0,0,0,0.0845854
101120,9,1,167300,44992,39372,122308,237381,0,0,0,0,0.0789911
101121,9,1,178547,47764,41510,130783,250559,0,0,0,0,0.0703037
101124,9,1,165860,43320,37271,122540,227266,0,0,0,0,0.0802484
101129,9,1,149968,38795,33285,111173,203303,0,0,0,0,0.062291
101150,9,1,156236,41115,35418,115121,214510,0,0,0,0,0.0602667
101151,9,1,174372,46168,40395,128204,240766,0,0,0,0,0.0588217
101154,9,2,180529,46913,40885,133603,243225,1,0,0,0,0.150406
101159,9,1,183256,47419,41678,135837,245266,0,0,0,0,0.0773907
101160,9,1,171768,46205,39966,125563,243055,0,0,0,0,0.0609443
101161,9,2,233121,62981,55108,170127,333680,1,0,0,0,0.16428
101164,9,1,190077,50519,44091,139558,264989,0,0,0,0,0.0772936
101169,9,1,189673,50039,44136,139634,259567,0,0,0,0,0.0566518
101170,9,1,171518,46122,39896,125396,242576,0,0,0,0,0.0611856
101171,9,2,235840,63568,55549,172259,336084,1,0,0,0,0.170558
101174,9,1,192115,51106,44562,141009,268365,0,0,0,0,0.0865307
101179,9,1,180718,47763,41955,132955,250100,0,0,0,0,0.0645037
101180,9,1,186149,50384,44132,135765,265008,0,0,0,0,0.0676115
101181,9,1,191769,51754,45409,140015,271016,0,0,0,0,0.0682908
101184,9,1,180245,47474,41397,132771,248554,0,0,0,0,0.0835162
101189,9,1,169030,44665,38564,124365,234510,0,0,0,0,0.0656777
101210,9,1,181383,49869,43221,131514,263548,0,0,0,0,0.0682158
101211,9,1,187196,51328,44801,135868,270486,0,0,0,0,0.0639727
101214,9,1,182672,48729,42772,133943,254631,0,0,0,0,0.065023
101219,9,1,192069,51344,44933,140725,267759,0,0,0,0,0.0678839
101220,9,1,181396,49883,43231,131513,263640,0,0,0,0,0.0935769
101221,9,1,192043,51915,45253,140128,271148,0,0,0,0,0.0754215
101224,9,1,180444,47887,41768,132557,250362,0,0,0,0,0.0590017
101229,9,2,240305,65657,56986,174635,348619,1,0,0,0,0.157394
101230,9,2,239387,65713,57582,173661,348950,1,0,0,0,0.202489
101231,9,2,241491,65923,57763,175555,349382,1,0,0,0,0.167938
101234,9,1,179259,47516,41573,131743,248005,0,0,0,0,0.0602478
101239,9,2,241556,65596,56772,175948,347245,1,0,0,0,0.164054
101260,9,1,153914,40404,34551,113510,211093,0,0,0,0,0.0575797
101261,9,1,180660,48265,41626,132395,254233,0,0,0,0,0.0770423
101264,9,1,183538,48610,42207,134928,253975,0,0,0,0,0.0597426
101269,9,1,199961,53781,46850,146180,281096,0,0,0,0,0.0606206
101270,9,1,170237,45107,39502,125130,235188,0,0,0,0,0.0557203
101271,9,1,188511,50356,44047,138155,264295,0,0,0,0,0.0778249
101274,9,1,183264,48947,42708,134317,256274,0,0,0,0,0.0599547
101279,9,2,217082,59254,51452,157815,314517,1,0,0,0,0.149557
101300,9,2,182192,47370,41358,134809,245622,1,0,0,0,0.147871
101301,9,1,184110,49206,43089,134904,258429,0,0,0,0,0.0820006
101304,9,1,184203,49022,43028,135181,256234,0,0,0,0,0.0635652
101309,9,1,191558,52342,45580,139216,275934,0,0,0,0,0.0757663
101350,9,1,182448,47578,41699,134870,246946,0,0,0,0,0.109512
101351,9,1,185553,48929,42822,136624,253853,0,0,0,0,0.0831588
101352,9,1,175731,46177,40219,129554,241485,0,0,0,0,0.082539
101353,9,1,164252,43184,36796,121068,226952,0,0,0,0,0.058182
101354,9,1,187967,50189,43778,137778,261892,0,0,0,0,0.0620903
101355,9,2,231306,62615,54183,168678,331714,1,0,0,0,0.174461
101356,9,2,231620,62790,54357,168818,332592,1,0,0,0,0.184912
101357,9,1,201662,54412,47880,147250,284447,0,0,0,0,0.0651071
101358,9,2,220840,60071,52211,160756,319007,1,0,0,0,0.160635
101359,9,1,189867,51855,45518,138012,273600,0,0,0,0,0.0647552
101642,18,1,186350,49906,43352,136444,262868,0,0,0,0,0.103519
101645,18,1,193298,51310,44852,141988,268592,0,0,0,0,0.097895
101648,18,1,185861,48714,42726,137147,254565,0,0,0,0,0.110856
101652,18,1,175016,47104,40958,127912,248398,0,0,0,0,0.0699155
101655,18,1,177020,46962,40919,130058,245912,0,0,0,0,0.0722035
101658,18,1,182770,48281,42069,134489,253227,0,0,0,0,0.0787234
101662,18,1,170167,45828,39897,124339,242296,0,0,0,0,0.088455
101665,18,1,187997,50697,43905,137300,267622,0,0,0,0,0.0908864
101668,18,1,182735,48495,41929,134240,254392,0,0,0,0,0.0657573
101672,18,1,174307,46537,40235,127770,244822,0,0,0,0,0.0745
101675,18,1,190798,51237,44510,139561,270111,0,0,0,0,0.070152
101678,18,1,177751,47241,40845,130510,248842,0,0,0,0,0.076977
101682,18,1,177622,47705,41120,129917,251489,0,0,0,0,0.0973222
101685,18,1,185482,49630,43107,135852,262070,0,0,0,0,0.0806767
101688,18,1,189689,51129,44399,138560,270745,0,0,0,0,0.0759825
101690,18,1,178334,48726,42380,129608,259131,0,0,0,0,0.0817227
101691,18,1,184135,49749,43428,134386,262565,0,0,0,0,0.0818462
101692,18,1,181327,48776,42400,132551,256827,0,0,0,0,0.0653325
101693,18,1,187877,51132,44935,136745,270957,0,0,0,0,0.094442
101694,18,1,173768,45625,39116,128143,239312,0,0,0,0,0.0654154
101695,18,1,179201,47656,41545,131545,251473,0,0,0,0,0.0784772
101696,18,1,176056,47356,41041,128700,250400,0,0,0,0,0.0610849
101697,18,1,185783,49776,43397,136007,263248,0,0,0,0,0.0810919
101698,18,1,182283,49537,42751,132746,262874,0,0,0,0,0.0754455
101699,18,1,175044,46865,40133,128179,246484,0,0,0,0,0.0754794
101712,18,1,188708,50271,44040,138437,262917,0,0,0,0,0.0708888
101715,18,1,196309,51658,45357,144651,268308,0,0,0,0,0.0681597
101718,18,1,190799,49976,43506,140823,259302,0,0,0,0,0.0685661
101722,18,2,258688,70135,61425,188540,371506,1,0,0,0,0.192867
101725,18,1,208163,56586,49363,151577,298447,0,0,0,0,0.0777369
101728,18,1,199132,53327,46483,145805,279642,0,0,0,0,0.0864634
101732,18,2,260593,70352,61343,190228,371625,1,0,0,0,0.174928
101735,18,1,211643,57708,50485,153935,304758,0,0,0,0,0.070058
101738,18,1,192712,51883,45006,140829,273522,0,0,0,0,0.0589518
101742,18,1,188405,50466,44126,137939,264078,0,0,0,0,0.0613245
101745,18,1,204819,55754,48950,149065,294897,0,0,0,0,0.0631457
101748,18,1,206280,56342,49339,149938,298411,0,0,0,0,0.0926204
101750,18,1,199410,54708,47811,144702,289617,0,0,0,0,0.0881811
101751,18,1,201991,54636,47801,147355,286634,0,0,0,0,0.12356
101752,18,1,199373,54366,47473,145007,285167,0,0,0,0,0.129095
101753,18,1,206219,56660,50236,149559,299008,0,0,0,0,0.119451
101754,18,1,189830,50606,43863,139224,265749,0,0,0,0,0.0653636
101755,18,1,193190,52229,45670,140961,275729,0,0,0,0,0.0609739
101756,18,2,276849,75962,66114,200874,404197,1,0,0,0,0.174181
101757,18,1,197946,53656,46913,144290,283308,0,0,0,0,0.063028
101758,18,1,200039,54470,47676,145569,287699,0,0,0,0,0.0627112
101759,18,1,192270,52058,45024,140212,272933,0,0,0,0,0.0664129
101772,18,1,194019,53026,46850,140993,279759,0,0,0,0,0.0636467
101775,18,1,199940,55050,48016,144890,291638,0,0,0,0,0.0672144
101778,18,1,199626,54509,47120,145117,287526,0,0,0,0,0.0587022
101782,18,1,198220,53271,46684,144949,278281,0,0,0,0,0.0652065
101785,18,1,201225,54875,47642,146350,289978,0,0,0,0,0.0587824
101788,18,1,200579,54497,47111,146082,286946,0,0,0,0,0.0581632
101792,18,1,192057,51984,45392,140073,271631,0,0,0,0,0.0616401
101795,18,1,216723,59125,51266,157598,312807,0,0,0,0,0.0622315
101798,18,1,213237,58276,50542,154961,308210,0,0,0,0,0.0606564
101800,18,2,281312,76678,66909,204621,405915,1,0,0,0,0.181967
101801,18,2,282366,76815,67044,205538,405747,1,0,0,0,0.184863
101802,18,1,193732,52507,46252,141225,275863,0,0,0,0,0.0650006
101804,18,1,193253,51822,45069,141431,272558,0,0,0,0,0.0587072
101805,18,1,194843,52909,46025,141934,279638,0,0,0,0,0.0589962
101806,18,1,203117,55451,48301,147666,293998,0,0,0,0,0.0682874
101807,18,1,195655,53173,46339,142482,281039,0,0,0,0,0.0604484
101808,18,1,197558,53844,46763,143714,284918,0,0,0,0,0.0679168
101809,18,1,188044,50968,44093,137076,268775,0,0,0,0,0.0678817
101813,18,1,202742,55711,49415,147031,293850,0,0,0,0,0.12401
101822,18,1,188369,50021,43258,138348,262005,0,0,0,0,0.0695836
101825,18,1,193008,52238,45540,140770,275645,0,0,0,0,0.0788303
101828,18,1,189360,52110,44713,137250,276987,0,0,0,0,0.0646334
101832,18,1,191974,51630,45310,140344,272075,0,0,0,0,0.063169
101835,18,1,195008,53245,46430,141763,282023,0,0,0,0,0.0592935
101838,18,1,194603,53648,46912,140955,285166,0,0,0,0,0.0790956
101840,18,1,189260,50545,44106,138715,264659,0,0,0,0,0.078972
101841,18,1,207637,55987,49062,151650,294376,0,0,0,0,0.0913426
101842,18,1,195932,52876,46021,143056,278422,0,0,0,0,0.0675984
101844,18,1,207379,56962,49326,150417,301530,0,0,0,0,0.0723126
101845,18,1,217680,59458,51533,158222,314228,0,0,0,0,0.0733502
101848,18,1,214241,59336,51388,154905,315700,0,0,0,0,0.085938
101849,18,1,199825,54672,46689,145153,288651,0,0,0,0,0.0772368
101853,18,2,298207,81557,71379,216637,433433,1,0,0,0,0.210712
101856,18,1,205841,55988,49015,149853,296197,0,0,0,0,0.0647516
101857,18,1,203186,56199,48902,146987,299193,0,0,0,0,0.0713703
101862,18,1,194487,52437,45977,142050,276285,0,0,0,0,0.0673883
101865,18,1,191926,51827,45280,140099,273364,0,0,0,0,0.0808428
101868,18,1,198534,54966,47835,143568,292641,0,0,0,0,0.0895184
101870,18,1,195376,51604,45224,143772,268370,0,0,0,0,0.0764339
101871,18,1,204176,55116,48250,149060,289857,0,0,0,0,0.0820522
101874,18,1,203397,56111,48692,147286,297453,0,0,0,0,0.0833528
101879,18,1,193763,53692,45852,140071,285843,0,0,0,0,0.0745838
101882,18,1,194242,52594,45613,141648,277751,0,0,0,0,0.093428
101883,18,1,200919,54378,47650,146541,286911,0,0,0,0,0.0768998
101885,18,1,213909,58420,50724,155489,308586,0,0,0,0,0.0619588
101886,18,1,200268,54743,47772,145525,290186,0,0,0,0,0.0670827
101887,18,1,197415,54462,47431,142953,290263,0,0,0,0,0.0671993
101888,18,1,216186,59685,51740,156501,317401,0,0,0,0,0.0670539
101900,18,1,192843,50832,44322,142011,264495,0,0,0,0,0.06825
101901,18,1,195979,52044,45197,143935,271971,0,0,0,0,0.0623144
101902,18,1,194132,51747,44906,142385,271804,0,0,0,0,0.0805126
101903,18,1,203622,54889,47548,148733,287425,0,0,0,0,0.0744531
101904,18,1,201563,55158,47753,146405,291418,0,0,0,0,0.0611664
101905,18,1,197353,53291,46183,144062,280290,0,0,0,0,0.0574172
101906,18,1,192516,52260,45608,140256,276119,0,0,0,0,0.0662996
101907,18,1,194858,53378,46107,141480,283490,0,0,0,0,0.0730141
101908,18,1,201961,54871,47309,147090,289139,0,0,0,0,0.0835657
101909,18,1,199412,54989,47359,144423,292385,0,0,0,0,0.0676257
102760,9,1,150189,39681,34364,110508,208085,0,0,0,0,0.0974194
102761,9,1,170126,45090,39475,125036,236356,0,0,0,0,0.0924972
102764,9,1,177185,46390,40401,130795,241378,0,0,0,0,0.0867275
102769,9,1,175219,45052,39367,130167,234153,0,0,0,0,0.130256
102770,9,1,145476,38635,33086,106841,203861,0,0,0,0,0.0755338
102771,9,1,163340,43605,37990,119735,229532,0,0,0,0,0.069791
102774,9,1,168602,44924,39129,123678,235062,0,0,0,0,0.0638384
102779,9,1,171440,44744,38817,126696,233610,0,0,0,0,0.0925632
102780,9,1,151727,40517,34725,111210,214354,0,0,0,0,0.0687756
102781,9,1,164454,43811,37810,120643,231573,0,0,0,0,0.0576427
102784,9,1,175891,46180,39810,129711,242339,0,0,0,0,0.079522
102789,9,2,277114,73874,64191,203227,389488,1,0,0,0,0.176877
102790,9,1,151721,40502,34724,111219,214257,0,0,0,0,0.0661707
102791,9,1,170453,45148,39243,125305,237011,0,0,0,0,0.07851
102794,9,1,175447,45712,39354,129735,239668,0,0,0,0,0.0849096
102799,9,2,266121,70790,61487,195318,374224,1,0,0,0,0.188425
102800,9,1,157233,41680,36133,115553,219901,0,0,0,0,0.0707087
102801,9,1,164592,43519,37462,121073,228697,0,0,0,0,0.0833917
102804,9,1,168062,43715,37159,124347,229583,0,0,0,0,0.105033
102809,9,1,172284,45591,39434,126693,239520,0,0,0,0,0.0655664
102830,9,1,159051,42215,36332,116836,220834,0,0,0,0,0.0672331
102831,9,1,176505,47266,41398,129239,247381,0,0,0,0,0.06847
102834,9,2,180615,46948,40878,133654,243466,1,0,0,0,0.178125
102839,9,1,186067,48605,42824,137462,252075,0,0,0,0,0.0817706
102840,9,1,162368,43369,37326,118999,228937,0,0,0,0,0.0596919
102841,9,2,225301,60732,52877,164556,322390,1,0,0,0,0.183193
102844,9,1,190767,50768,44272,139999,266213,0,0,0,0,0.0863297
102849,9,2,292853,78586,68993,214254,412015,1,0,0,0,0.173378
102850,9,1,162239,43324,37280,118915,228679,0,0,0,0,0.0648939
102851,9,2,227989,61147,53403,166829,323590,1,0,0,0,0.164787
102854,9,1,190826,50357,43861,140469,263722,0,0,0,0,0.0850554
102859,9,2,282253,75761,66076,206479,398974,1,0,0,0,0.171191
102860,9,1,178353,48146,41630,130207,254446,0,0,0,0,0.0807856
102861,9,1,186640,50302,43720,136338,264720,0,0,0,0,0.0779509
102864,9,1,180904,47224,41026,133680,246875,0,0,0,0,0.081534
102869,9,1,184689,49166,42726,135523,257494,0,0,0,0,0.0670226
102890,9,1,167141,45421,38853,121720,240544,0,0,0,0,0.0659046
102891,9,1,173639,47311,40792,126328,250474,0,0,0,0,0.0629753
102894,9,1,207755,56528,49913,151227,296308,0,0,0,0,0.0677677
102899,9,1,189189,50241,43498,138948,262702,0,0,0,0,0.060561
102900,9,1,167098,45420,38831,121678,240556,0,0,0,0,0.0664471
102901,9,1,178978,48032,41572,130946,251828,0,0,0,0,0.0587537
102904,9,1,202320,54648,48184,147672,286424,0,0,0,0,0.0624485
102909,9,1,189398,49530,42914,139868,257532,0,0,0,0,0.0596455
102910,9,2,227475,61926,54031,165536,329064,1,0,0,0,0.164596
102911,9,2,227180,61420,53686,165747,325469,1,0,0,0,0.15975
102914,9,1,199464,54023,47708,145441,283462,0,0,0,0,0.065076
102919,9,1,179425,46822,40316,132603,242336,0,0,0,0,0.0566773
102940,9,1,155253,40973,35021,114280,214493,0,0,0,0,0.070804
102941,9,1,175896,46114,39626,129782,242012,0,0,0,0,0.09738
102944,9,1,207758,56067,48921,151691,293964,0,0,0,0,0.0833761
102949,9,1,184813,48879,42096,135934,256232,0,0,0,0,0.0665535
102950,9,1,171350,45666,40006,125684,238590,0,0,0,0,0.0633833
102951,9,1,185533,48407,41948,137126,252617,0,0,0,0,0.106865
102954,9,1,208161,56497,49679,151664,295943,0,0,0,0,0.0632766
102959,9,1,175334,46349,39751,128985,242313,0,0,0,0,0.0576115
102980,9,2,182806,47535,41458,135258,246547,1,0,0,0,0.144123
102981,9,1,179809,47091,41044,132718,246032,0,0,0,0,0.0749528
102984,9,1,213833,58136,51098,155697,304402,0,0,0,0,0.0660712
102989,9,1,172941,46126,39612,126815,242850,0,0,0,0,0.0544842
103030,9,1,184798,48588,42638,136210,252727,0,0,0,0,0.0959903
103031,9,2,263512,71153,62238,192346,375085,1,0,0,0,0.208493
103032,9,2,252999,68692,59873,184294,364476,1,0,0,0,0.190793
103033,9,1,187520,50113,43201,137407,263287,0,0,0,0,0.0831763
103034,9,1,185195,49041,42259,136154,256533,0,0,0,0,0.0807944
103035,9,1,186918,48951,42074,137967,254880,0,0,0,0,0.0818909
103036,9,1,183191,47918,41466,135273,248131,0,0,0,0,0.0713852
103037,9,1,185112,49123,42473,135989,257487,0,0,0,0,0.0652976
103038,9,1,174779,46162,39752,128617,241220,0,0,0,0,0.0712333
103039,9,1,169907,45404,39073,124503,239384,0,0,0,0,0.0647103
103322,18,1,186069,49842,43324,136227,262561,0,0,0,0,0.104901
103325,18,1,192864,51187,44785,141677,267975,0,0,0,0,0.0946529
103328,18,1,185832,48757,42794,137075,254870,0,0,0,0,0.0913372
103332,18,1,174664,47150,41020,127514,248908,0,0,0,0,0.0621326
103335,18,1,177693,47227,41155,130466,247335,0,0,0,0,0.0617119
103338,18,1,183559,48553,42138,135006,254709,0,0,0,0,0.0655778
103342,18,1,157690,41648,35693,116042,220151,0,0,0,0,0.0596515
103345,18,2,300469,80625,70067,219831,426127,1,0,0,0,0.178429
103348,18,1,196649,53077,45853,143572,279750,0,0,0,0,0.0620015
103352,18,1,164065,43261,37110,120804,228277,0,0,0,0,0.0609866
103355,18,2,298965,80055,69644,218897,423594,1,0,0,0,0.17831
103358,18,1,187947,50600,43613,137347,267732,0,0,0,0,0.0603192
103362,18,1,162182,42616,36238,119566,224853,0,0,0,0,0.063696
103365,18,1,186312,49604,42823,136708,261933,0,0,0,0,0.0784393
103368,18,1,195297,52697,45783,142600,279085,0,0,0,0,0.0624185
103370,18,1,161509,43416,37276,118093,231022,0,0,0,0,0.0585152
103371,18,1,168278,44851,38876,123427,237154,0,0,0,0,0.0561295
103372,18,1,166638,44205,37910,122433,233531,0,0,0,0,0.0586833
103373,18,1,168318,44600,38574,123718,235947,0,0,0,0,0.0813052
103374,18,1,171428,44656,38057,126772,234073,0,0,0,0,0.062992
103375,18,1,176118,46384,40195,129734,244629,0,0,0,0,0.0589021
103376,18,1,181029,48508,42104,132521,256483,0,0,0,0,0.0588971
103377,18,1,185625,49571,43085,136054,262194,0,0,0,0,0.0597759
103378,18,1,187803,51041,44277,136762,270845,0,0,0,0,0.0621228
103379,18,1,196400,53211,45822,143189,279304,0,0,0,0,0.0683543
103392,18,1,189045,50654,44257,138391,265484,0,0,0,0,0.0594438
103395,18,1,196561,51828,45458,144733,269397,0,0,0,0,0.0602803
103398,18,1,191890,50444,43832,141446,261913,0,0,0,0,0.0600592
103402,18,1,173761,46492,40416,127269,245311,0,0,0,0,0.0583626
103405,18,2,330630,89522,77999,241095,472138,1,0,0,0,0.187225
103408,18,1,207728,55955,48724,151773,293297,0,0,0,0,0.0821674
103412,18,1,180976,48433,42237,132543,254831,0,0,0,0,0.0645378
103415,18,2,330592,89705,78369,240874,474327,1,0,0,0,0.197486
103418,18,1,200442,54148,46770,146294,285553,0,0,0,0,0.0651825
103422,18,1,178280,47389,41173,130891,248692,0,0,0,0,0.0803592
103425,18,1,207889,56053,49026,151836,295647,0,0,0,0,0.0664364
103428,18,1,211431,57573,50269,153858,304617,0,0,0,0,0.0708509
103430,18,1,185332,50477,43981,134855,268197,0,0,0,0,0.0631138
103431,18,1,190126,51346,44806,138780,271029,0,0,0,0,0.0658394
103432,18,1,185484,50083,43637,135401,263925,0,0,0,0,0.063648
103433,18,1,194408,52932,46343,141476,280312,0,0,0,0,0.0983306
103434,18,1,186873,49675,43144,137198,260448,0,0,0,0,0.073219
103435,18,1,192308,51514,44946,140794,271580,0,0,0,0,0.0720234
103436,18,2,275027,74919,65481,200095,397939,1,0,0,0,0.197543
103437,18,1,198303,53656,46970,144647,283389,0,0,0,0,0.0808155
103438,18,1,208655,56950,50441,151705,301136,0,0,0,0,0.074824
103439,18,1,211815,58040,50430,153775,304168,0,0,0,0,0.0923595
103452,18,1,180445,48742,42454,131703,258063,0,0,0,0,0.074624
103455,18,1,209661,57711,50057,151950,306098,0,0,0,0,0.0700143
103458,18,1,200704,54566,47128,146138,287764,0,0,0,0,0.0669673
103462,18,1,183599,48973,42656,134626,257089,0,0,0,0,0.0652696
103465,18,1,210116,57558,49991,152558,304897,0,0,0,0,0.0677809
103468,18,2,284780,77230,66748,207537,408416,1,0,0,0,0.192939
103472,18,1,179047,47764,41544,131283,250648,0,0,0,0,0.0695365
103475,18,1,222562,60863,52871,161699,322318,0,0,0,0,0.0663888
103478,18,1,211639,57407,49778,154232,303287,0,0,0,0,0.0641275
103480,18,1,175493,47118,41107,128375,248690,0,0,0,0,0.0617535
103481,18,1,179222,47871,41721,131351,251615,0,0,0,0,0.0611977
103482,18,1,179826,47869,41761,131957,251627,0,0,0,0,0.0622993
103484,18,1,209499,57091,49703,152408,300780,0,0,0,0,0.0706505
103485,18,1,204787,55813,48890,148974,294833,0,0,0,0,0.0817797
103486,18,1,204892,55807,48384,149085,295710,0,0,0,0,0.0650246
103487,18,1,202873,54913,47872,147960,289630,0,0,0,0,0.0607062
103488,18,1,197311,53449,46300,143862,282277,0,0,0,0,0.0741825
103489,18,1,182812,48551,41614,134261,254673,0,0,0,0,0.0850147
103493,18,1,184647,49815,43448,134832,263042,0,0,0,0,0.0796085
103502,18,1,184985,48639,41908,136346,254239,0,0,0,0,0.0704583
103505,18,1,209508,57392,49956,152116,303195,0,0,0,0,0.0908251
103508,18,1,175382,46891,39758,128491,247627,0,0,0,0,0.0799122
103512,18,1,189890,50672,44245,139218,266519,0,0,0,0,0.0738059
103515,18,1,204720,55803,48765,148917,294783,0,0,0,0,0.0619795
103518,18,1,181685,49123,42124,132562,260407,0,0,0,0,0.0589554
103520,18,1,189690,50821,44233,138869,266397,0,0,0,0,0.0611397
103521,18,2,329517,88843,77664,240661,468717,1,0,0,0,0.177634
103522,18,1,196470,52691,45900,143779,277154,0,0,0,0,0.0632887
103524,18,1,214197,58874,51117,155323,311967,0,0,0,0,0.0617488
103525,18,1,223942,61282,53305,162660,323997,0,0,0,0,0.0646124
103528,18,1,193782,52572,45232,141210,278958,0,0,0,0,0.054
103529,18,1,184346,49873,42526,134473,263590,0,0,0,0,0.0548197
103533,18,2,290104,78328,68584,211763,415299,1,0,0,0,0.177412
103536,18,1,209868,57272,49811,152596,303481,0,0,0,0,0.065107
103537,18,1,185978,49919,42988,136059,264048,0,0,0,0,0.0653338
103542,18,1,194821,52341,45809,142480,275635,0,0,0,0,0.062072
103545,18,1,200455,54175,47435,146280,285457,0,0,0,0,0.0607627
103548,18,1,184554,49895,42991,134659,264357,0,0,0,0,0.0826569
103550,18,1,196322,52019,45493,144303,270798,0,0,0,0,0.0745448
103551,18,2,332110,89454,78090,242643,471685,1,0,0,0,0.186119
103554,18,1,212118,58651,50788,153467,311648,0,0,0,0,0.0630089
103559,18,1,179360,48904,41600,130456,259803,0,0,0,0,0.0550362
103562,18,1,201076,54532,47417,146544,288140,0,0,0,0,0.0700135
103563,18,1,206689,56043,49212,150646,296206,0,0,0,0,0.0650147
103565,18,1,213711,58191,50369,155520,307335,0,0,0,0,0.0612919
103566,18,1,202199,55309,48190,146890,293199,0,0,0,0,0.066663
103567,18,1,185053,49993,43003,135060,265316,0,0,0,0,0.0713358
103568,18,1,199685,54204,46394,145481,287816,0,0,0,0,0.0785944
103580,18,1,193783,51215,44603,142568,266612,0,0,0,0,0.0635905
103581,18,1,207070,55425,48218,151645,289768,0,0,0,0,0.0605266
103582,18,1,201724,54011,46691,147713,284060,0,0,0,0,0.0617179
103583,18,1,221808,60169,52383,161639,314453,0,0,0,0,0.0696086
103584,18,1,206616,56351,48562,150265,297831,0,0,0,0,0.0645763
103585,18,2,256209,69923,60812,186273,371426,1,0,0,0,0.16121
103586,18,1,191613,51414,44329,140199,271014,0,0,0,0,0.0677689
103587,18,1,186295,50245,42812,136050,266080,0,0,0,0,0.0699797
103588,18,1,184877,49472,42015,135405,260775,0,0,0,0,0.06069
103589,18,1,181303,48932,41614,132371,259354,0,0,0,0,0.0557436
104160,9,1,118995,29485,24653,89510,152726,0,0,0,0,0.0846249
104161,9,1,150501,38328,32578,112173,199405,0,0,0,0,0.0857575
104164,9,1,159832,40993,35103,118839,213806,0,0,0,0,0.0800057
104169,9,1,159317,40905,35069,118412,213560,0,0,0,0,0.0802687
104170,9,1,124970,32495,27301,92475,170959,0,0,0,0,0.0616534
104171,9,1,153713,40641,34419,113072,213729,0,0,0,0,0.0745583
104174,9,1,155012,40882,35139,114130,215640,0,0,0,0,0.0736213
104179,9,1,149274,39020,33280,110254,204878,0,0,0,0,0.0571486
104180,9,1,124614,32385,27228,92229,170350,0,0,0,0,0.0587255
104181,9,1,153458,40579,34418,112879,213379,0,0,0,0,0.0645158
104184,9,1,155060,40901,35147,114159,215736,0,0,0,0,0.0561192
104189,9,1,149754,39196,33432,110558,205887,0,0,0,0,0.0539698
104190,9,1,118395,29775,24982,88620,154889,0,0,0,0,0.0561959
104191,9,1,161667,42570,36466,119097,224045,0,0,0,0,0.0581971
104194,9,1,174822,46254,39513,128568,243017,0,0,0,0,0.058786
104199,9,1,157109,40822,35094,116287,212103,0,0,0,0,0.0621308
104200,9,1,136418,34962,29605,101456,181953,0,0,0,0,0.0615579
104201,9,1,157701,41416,35650,116285,217919,0,0,0,0,0.0776186
104204,9,1,170656,45235,39050,125421,237920,0,0,0,0,0.088873
104209,9,1,140656,35954,30578,104702,187931,0,0,0,0,0.0786172
104230,9,1,149791,39423,33567,110368,207171,0,0,0,0,0.0802521
104231,9,1,177197,47541,40948,129656,249768,0,0,0,0,0.0974094
104234,9,2,283630,76704,66973,206913,404318,1,0,0,0,0.19784
104239,9,1,168830,44211,38291,124619,230778,0,0,0,0,0.0578632
104240,9,1,149935,39408,33570,110527,206995,0,0,0,0,0.0620348
104241,9,1,177564,47655,41065,129909,250358,0,0,0,0,0.0738689
104244,9,2,283297,76631,66911,206653,403954,1,0,0,0,0.214678
104249,9,1,169351,44336,38442,125015,231400,0,0,0,0,0.0524
104250,9,1,139263,36150,30989,103113,188728,0,0,0,0,0.0561246
104251,9,1,174283,45991,39665,128292,241150,0,0,0,0,0.0552429
104254,9,1,182993,48447,41945,134546,253484,0,0,0,0,0.0557735
104259,9,1,166348,43660,37601,122688,225941,0,0,0,0,0.0578858
104260,9,1,159606,41803,36105,117803,218367,0,0,0,0,0.0595639
104261,9,1,176181,46087,39995,130094,241142,0,0,0,0,0.0551289
104264,9,1,186054,48827,42484,137227,255052,0,0,0,0,0.066166
104269,9,1,151116,39043,33749,112073,203193,0,0,0,0,0.0561364
104290,9,1,138753,35930,30633,102823,187487,0,0,0,0,0.0575269
104291,9,1,157220,40949,35067,116271,213453,0,0,0,0,0.0580722
104294,9,2,226248,61799,53636,164436,326407,1,0,0,0,0.138396
104299,9,2,218039,58580,50444,159446,307514,1,0,0,0,0.140976
104300,9,1,147889,38841,33050,109048,204082,0,0,0,0,0.0600448
104301,9,1,174281,45920,40064,128361,240629,0,0,0,0,0.0587637
104304,9,1,181014,47835,41192,133179,249315,0,0,0,0,0.0516977
104309,9,1,188777,50148,43151,138629,262663,0,0,0,0,0.0535429
104310,9,1,176832,46991,40483,129841,246789,0,0,0,0,0.0630066
104311,9,1,186793,49962,43023,136831,262880,0,0,0,0,0.0666553
104314,9,1,189855,50824,44135,139031,265945,0,0,0,0,0.0764909
104319,9,1,178879,46886,40237,131993,243349,0,0,0,0,0.0513859
104340,9,1,147822,38824,33027,108998,203987,0,0,0,0,0.0829788
104341,9,1,184213,48660,42565,135553,254578,0,0,0,0,0.0666416
104344,9,1,182408,48281,41597,134127,252008,0,0,0,0,0.060388
104349,9,1,181119,48185,41634,132934,253055,0,0,0,0,0.0629263
104350,9,1,176723,47012,40489,129711,246945,0,0,0,0,0.0697865
104351,9,1,196130,52467,45410,143663,275107,0,0,0,0,0.0636241
104354,9,1,188871,50653,44139,138218,264861,0,0,0,0,0.0621957
104359,9,1,173136,45321,38822,127815,235612,0,0,0,0,0.0784754
104380,9,2,242630,64084,55688,178533,335702,1,0,0,0,0.16721
104381,9,2,242641,64092,55737,178536,335757,1,0,0,0,0.184433
104384,9,2,221451,58954,51304,162484,308605,1,0,0,0,0.138201
104389,9,1,150166,38814,33095,111352,202239,0,0,0,0,0.0544695
104430,9,1,162370,42277,36499,120093,220126,0,0,0,0,0.0521935
104431,9,1,162927,42401,36621,120526,220730,0,0,0,0,0.0540344
104432,9,1,169034,44273,38029,124761,228968,0,0,0,0,0.0607817
104433,9,1,154032,39630,34140,114402,205793,0,0,0,0,0.0562039
104434,9,2,216680,57672,49520,158995,302060,1,0,0,0,0.147084
104435,9,1,190993,50946,43925,140047,267097,0,0,0,0,0.0562328
104436,9,1,179481,47124,40671,132357,244801,0,0,0,0,0.052585
104437,9,1,182615,48568,41894,134047,254935,0,0,0,0,0.0569741
104438,9,1,172341,45160,38951,127181,234820,0,0,0,0,0.0566356
104439,9,1,149620,38535,33028,111085,200408,0,0,0,0,0.0578046
104722,18,1,143136,37426,32212,105710,197222,0,0,0,0,0.0823922
104725,18,1,186488,49803,42864,136685,261472,0,0,0,0,0.0824329
104728,18,1,184802,49110,42339,135692,257572,0,0,0,0,0.0804443
104732,18,1,147926,40007,33762,107919,213204,0,0,0,0,0.0668378
104735,18,1,179503,48633,41291,130870,256943,0,0,0,0,0.0598876
104738,18,1,184005,50351,43242,133654,266773,0,0,0,0,0.0619768
104742,18,1,147902,39978,33746,107924,213039,0,0,0,0,0.0643413
104745,18,1,179674,48642,41302,131032,256939,0,0,0,0,0.0591914
104748,18,1,184220,50373,43269,133847,266829,0,0,0,0,0.0590738
104752,18,1,168608,45086,38644,123522,237938,0,0,0,0,0.0552867
104755,18,1,178200,47724,41187,130476,251569,0,0,0,0,0.059334
104758,18,1,151136,39635,34227,111501,208364,0,0,0,0,0.0587068
104762,18,1,170856,45691,38983,125165,241236,0,0,0,0,0.0588677
104765,18,1,181183,48690,41695,132493,256817,0,0,0,0,0.0628107
104768,18,1,162629,42522,36763,120107,223651,0,0,0,0,0.0606573
104770,18,1,131451,34485,29279,96966,182243,0,0,0,0,0.0582784
104771,18,1,163799,43319,37062,120480,228084,0,0,0,0,0.0592673
104772,18,1,176721,47802,40899,128919,253468,0,0,0,0,0.0769808
104773,18,1,179864,48608,41935,131256,256730,0,0,0,0,0.0729894
104774,18,1,175024,46537,39983,128487,244729,0,0,0,0,0.0608957
104775,18,1,188779,51216,44222,137563,271105,0,0,0,0,0.0625131
104776,18,1,180223,48628,41945,131595,256766,0,0,0,0,0.0666643
104777,18,1,166169,44086,38272,122083,231700,0,0,0,0,0.0627653
104778,18,1,166729,43473,37718,123256,227736,0,0,0,0,0.0642558
104779,18,1,162185,42676,36664,119509,222942,0,0,0,0,0.0606795
104792,18,1,164121,44430,38202,119691,235941,0,0,0,0,0.0601715
104795,18,2,299424,83504,72565,215907,443377,1,0,0,0,0.164172
104798,18,1,191677,51921,44817,139756,273582,0,0,0,0,0.0595761
104802,18,1,164132,44408,38203,119724,235814,0,0,0,0,0.062563
104805,18,2,298935,83388,72469,215534,442783,1,0,0,0,0.165465
104808,18,1,191944,51953,44932,139991,273626,0,0,0,0,0.0569761
104812,18,1,187832,50220,43374,137612,263575,0,0,0,0,0.0588152
104815,18,1,195081,52147,45324,142934,273007,0,0,0,0,0.0594037
104818,18,1,162910,43220,37355,119690,226676,0,0,0,0,0.0558313
104822,18,1,188771,50772,43863,137999,267425,0,0,0,0,0.0581207
104825,18,1,196125,52706,45556,143419,276790,0,0,0,0,0.0650246
104828,18,1,178380,47374,41218,131006,248840,0,0,0,0,0.0626574
104830,18,1,150939,40330,34882,110609,213126,0,0,0,0,0.0609724
104831,18,1,187541,50248,43377,137293,264677,0,0,0,0,0.0597743
104832,18,1,197130,53936,47116,143194,285252,0,0,0,0,0.0774782
104833,18,1,195499,53201,46396,142298,280812,0,0,0,0,0.0765892
104834,18,1,195852,52285,45291,143567,274251,0,0,0,0,0.0584666
104835,18,1,206007,56308,49371,149699,296963,0,0,0,0,0.0730049
104836,18,1,196040,53364,46482,142676,281782,0,0,0,0,0.0724206
104837,18,1,176967,47152,40634,129815,246456,0,0,0,0,0.0631219
104838,18,1,185618,49645,43197,135973,260433,0,0,0,0,0.0716504
104839,18,1,169742,44823,38707,124919,232519,0,0,0,0,0.0605619
104852,18,1,146409,38827,33376,107582,204837,0,0,0,0,0.0603997
104855,18,1,193905,52978,45920,140927,278462,0,0,0,0,0.0646975
104858,18,1,179432,48174,41844,131258,251887,0,0,0,0,0.0604489
104862,18,1,187371,50158,43213,137213,263758,0,0,0,0,0.0622183
104865,18,1,187213,50404,43869,136809,265747,0,0,0,0,0.0587431
104868,18,1,185524,49443,42499,136081,258816,0,0,0,0,0.0576769
104872,18,1,199898,54676,47822,145222,289040,0,0,0,0,0.0613278
104875,18,1,199037,53895,46862,145142,284382,0,0,0,0,0.0574007
104878,18,1,200603,54760,47503,145843,289384,0,0,0,0,0.0642782
104880,18,1,159930,42816,36786,117114,226713,0,0,0,0,0.0651192
104881,18,1,193963,52715,45355,141248,278353,0,0,0,0,0.0619835
104882,18,1,189794,51366,44515,138428,270436,0,0,0,0,0.0609681
104884,18,1,191916,52116,45273,139800,275737,0,0,0,0,0.0620797
104885,18,1,194522,52626,45814,141896,277517,0,0,0,0,0.0576206
104886,18,1,188058,50182,43300,137876,262220,0,0,0,0,0.0590711
104887,18,1,196509,53467,45880,143042,281272,0,0,0,0,0.0626233
104888,18,1,205928,56327,49021,149601,297688,0,0,0,0,0.0642572
104889,18,1,179274,47600,40989,131674,248504,0,0,0,0,0.0582073
104893,18,1,192111,52181,45519,139930,274916,0,0,0,0,0.0701366
104902,18,1,198538,53073,45990,145465,278122,0,0,0,0,0.0655028
104905,18,1,188750,50778,44136,137972,267695,0,0,0,0,0.0622286
104908,18,1,177304,47254,40704,130050,247971,0,0,0,0,0.0535503
104912,18,1,209880,57427,50423,152453,302740,0,0,0,0,0.0623172
104915,18,1,198061,53677,46632,144384,283097,0,0,0,0,0.0572742
104918,18,1,192254,52579,45545,139675,278621,0,0,0,0,0.0644287
104920,18,1,159772,42800,36784,116972,226662,0,0,0,0,0.0657129
104921,18,1,202327,54771,47282,147556,288106,0,0,0,0,0.0666715
104922,18,1,198476,53660,46620,144816,281677,0,0,0,0,0.0588633
104924,18,1,191728,52224,45390,139504,276561,0,0,0,0,0.0576487
104925,18,1,195518,52737,45932,142781,278155,0,0,0,0,0.0564536
104928,18,1,196459,53531,46415,142928,283377,0,0,0,0,0.0620934
104929,18,1,171720,45597,39199,126123,238593,0,0,0,0,0.0803983
104933,18,1,192330,52221,45604,140109,275123,0,0,0,0,0.0739624
104936,18,1,188315,50244,43429,138071,262599,0,0,0,0,0.0543499
104937,18,1,195936,53302,45716,142634,280409,0,0,0,0,0.0562314
104942,18,1,178772,47422,41339,131350,247271,0,0,0,0,0.0602154
104945,18,1,196642,53331,45754,143311,280364,0,0,0,0,0.0649414
104948,18,1,196388,53240,45659,143148,279917,0,0,0,0,0.0566475
104950,18,2,262138,70868,61438,191257,373612,1,0,0,0,0.169776
104951,18,2,261680,70746,61368,190921,372937,1,0,0,0,0.180719
104954,18,1,194112,52807,45750,141305,277507,0,0,0,0,0.0699606
104959,18,1,168117,44794,38312,123323,234598,0,0,0,0,0.058808
104962,18,1,170649,45449,39556,125200,238819,0,0,0,0,0.0622428
104963,18,1,182479,48462,42072,134017,253409,0,0,0,0,0.0696512
104965,18,1,198401,54168,47267,144233,286152,0,0,0,0,0.0621619
104966,18,1,205040,55685,47916,149355,294108,0,0,0,0,0.0640499
104967,18,1,188265,51136,44438,137129,270311,0,0,0,0,0.0597066
104968,18,1,194700,52839,45457,141861,279612,0,0,0,0,0.0697963
104980,18,1,193898,52142,45150,141756,274013,0,0,0,0,0.0742176
104981,18,1,194289,52201,45251,142088,274192,0,0,0,0,0.0803733
104982,18,1,170778,45786,39314,124992,241012,0,0,0,0,0.060661
104983,18,1,174293,45770,39795,128523,237060,0,0,0,0,0.0607851
104984,18,1,183183,49186,42777,133997,257619,0,0,0,0,0.0601045
104985,18,1,189102,50763,43884,138339,267194,0,0,0,0,0.0593599
104986,18,1,183572,48936,42105,134636,255988,0,0,0,0,0.0600856
104987,18,1,179653,48010,41340,131643,253023,0,0,0,0,0.0630342
104988,18,1,175103,46648,40153,128455,244529,0,0,0,0,0.053942
104989,18,1,172903,46067,39393,126836,241244,0,0,0,0,0.0573221
105280,9,1,119215,29566,24704,89649,153171,0,0,0,0,0.0812158
105281,9,1,158089,40086,34131,118003,206866,0,0,0,0,0.0805289
105284,9,1,172472,44317,38192,128155,229623,0,0,0,0,0.0793553
105289,9,1,170437,43898,37894,126539,227564,0,0,0,0,0.0786548
105290,9,1,126166,32919,27574,93247,173315,0,0,0,0,0.062629
105291,9,1,161854,42914,36303,118940,225267,0,0,0,0,0.0647375
105294,9,1,164094,42769,36702,121325,223443,0,0,0,0,0.0600226
105299,9,1,157270,40767,34870,116503,212372,0,0,0,0,0.0564894
105300,9,1,125800,32807,27500,92993,172699,0,0,0,0,0.0612898
105301,9,1,161489,42828,36248,118661,224799,0,0,0,0,0.0623023
105304,9,1,164079,42787,36695,121292,223535,0,0,0,0,0.062886
105309,9,1,157516,40818,34946,116698,212603,0,0,0,0,0.0615575
105310,9,1,118640,29876,25064,88764,155466,0,0,0,0,0.0911907
105311,9,1,168471,44275,38332,124196,231657,0,0,0,0,0.0845903
105314,9,1,182668,48465,41848,134203,252785,0,0,0,0,0.0678411
105319,9,1,163953,42279,36383,121674,217999,0,0,0,0,0.0642789
105320,9,1,143182,36817,31512,106365,190725,0,0,0,0,0.0735051
105321,9,1,166406,43497,37480,122909,227344,0,0,0,0,0.0630322
105324,9,1,180209,47379,40814,132830,246411,0,0,0,0,0.0674409
105329,9,1,155549,39861,34048,115688,206724,0,0,0,0,0.061574
105350,9,1,150427,39651,33672,110776,208442,0,0,0,0,0.0730244
105351,9,1,180916,48232,41748,132684,252137,0,0,0,0,0.067623
105354,9,2,293200,79071,69275,214116,415425,1,0,0,0,0.18698
105359,9,1,172486,44466,38719,128020,229276,0,0,0,0,0.0582036
105360,9,1,150568,39636,33675,110932,208266,0,0,0,0,0.0730373
105361,9,1,181152,48310,41796,132842,252516,0,0,0,0,0.071092
105364,9,2,292995,79050,69288,213932,415415,1,0,0,0,0.181995
105369,9,1,173028,44575,38816,128453,229760,0,0,0,0,0.0585284
105370,9,1,139543,36271,31090,103272,189416,0,0,0,0,0.0610879
105371,9,1,181903,48029,41837,133874,250339,0,0,0,0,0.0584603
105374,9,1,191234,50709,44300,140525,263592,0,0,0,0,0.0619968
105379,9,2,255337,67823,58593,187502,354022,1,0,0,0,0.179827
105380,9,2,216398,57820,50692,158565,304241,1,0,0,0,0.193263
105381,9,1,180658,47112,40795,133546,244670,0,0,0,0,0.0718357
105384,9,1,193287,50756,44298,142531,262845,0,0,0,0,0.0663486
105389,9,1,163491,42064,36179,121427,216996,0,0,0,0,0.0648882
105410,9,1,139198,36104,30759,103094,188478,0,0,0,0,0.0615666
105411,9,2,212681,57353,49716,155315,302577,1,0,0,0,0.174179
105414,9,2,236434,64442,56015,171979,339721,1,0,0,0,0.17463
105419,9,2,226738,61322,52635,165404,321578,1,0,0,0,0.181206
105420,9,1,148171,38944,33158,109227,204639,0,0,0,0,0.073777
105421,9,1,182188,48051,41794,134137,250030,0,0,0,0,0.0599265
105424,9,1,192924,50973,44210,141951,264461,0,0,0,0,0.0594021
105429,9,1,201750,53555,46430,148195,277777,0,0,0,0,0.0567388
105430,9,1,177946,47234,40819,130712,246730,0,0,0,0,0.0619275
105431,9,1,193283,51660,44629,141623,270393,0,0,0,0,0.0603091
105434,9,1,197751,52486,45773,145265,272402,0,0,0,0,0.0546261
105439,9,1,185061,48284,41681,136777,248755,0,0,0,0,0.0550212
105460,9,1,148117,38930,33139,109187,204559,0,0,0,0,0.058127
105461,9,1,194950,51699,44937,143251,268141,0,0,0,0,0.0592588
105464,9,1,196311,51930,45324,144381,269535,0,0,0,0,0.0543656
105469,9,1,193327,51236,44442,142091,266588,0,0,0,0,0.0584246
105470,9,1,177872,47245,40846,130627,246813,0,0,0,0,0.0625215
105471,9,1,202305,54261,47016,148044,282808,0,0,0,0,0.0634345
105474,9,1,199167,53114,46282,146053,275912,0,0,0,0,0.0691083
105479,9,1,176402,46014,39732,130388,237878,0,0,0,0,0.0525405
105500,9,2,250632,65777,57272,184842,342864,1,0,0,0,0.153822
105501,9,2,250558,65757,57308,184788,342739,1,0,0,0,0.151358
105504,9,2,229326,60847,53064,168466,317795,1,0,0,0,0.145177
105509,9,1,155500,39925,34350,115575,206598,0,0,0,0,0.0736334
105550,9,1,166593,42776,37058,123817,220133,0,0,0,0,0.0737013
105551,9,1,167288,42927,37193,124361,220855,0,0,0,0,0.0533121
105552,9,2,281475,75380,65385,206083,394485,1,0,0,0,0.185996
105553,9,1,167514,42826,37074,124688,220383,0,0,0,0,0.0589316
105554,9,2,230105,61855,53349,168238,323839,1,0,0,0,0.152517
105555,9,1,204630,54814,47579,149816,284962,0,0,0,0,0.0577323
105556,9,1,184147,48244,41823,135903,248697,0,0,0,0,0.0558354
105557,9,1,194997,51967,45108,143030,270810,0,0,0,0,0.0602028
105558,9,1,173901,45377,39348,128524,234536,0,0,0,0,0.0663544
105559,9,1,157232,40323,34723,116909,208475,0,0,0,0,0.0591606
105842,18,1,157419,41078,35763,116341,214794,0,0,0,0,0.0850489
105845,18,1,193221,51147,44375,142074,267077,0,0,0,0,0.0768419
105848,18,1,193908,51292,44597,142616,267844,0,0,0,0,0.0803729
105852,18,1,159807,42678,36520,117129,225543,0,0,0,0,0.0619552
105855,18,1,183046,49238,42071,133808,258813,0,0,0,0,0.0595877
105858,18,1,191155,51639,44098,139516,271877,0,0,0,0,0.0662564
105862,18,1,159805,42674,36538,117131,225532,0,0,0,0,0.0777718
105865,18,1,183084,49212,42074,133872,258597,0,0,0,0,0.059573
105868,18,1,191407,51670,44158,139737,271928,0,0,0,0,0.0588247
105872,18,1,173462,46445,39950,127017,244500,0,0,0,0,0.0577296
105875,18,1,184675,49501,43043,135174,259586,0,0,0,0,0.0579329
105878,18,1,162498,43060,37324,119438,225846,0,0,0,0,0.0616014
105882,18,1,170191,45087,38515,125104,237854,0,0,0,0,0.0721077
105885,18,1,193902,52446,45008,141456,276808,0,0,0,0,0.079986
105888,18,1,163194,42456,36645,120738,223389,0,0,0,0,0.0643292
105890,18,1,144100,37758,32361,106342,198378,0,0,0,0,0.0626619
105891,18,1,171838,45489,38829,126349,238508,0,0,0,0,0.0608638
105892,18,1,175980,46897,40024,129083,248519,0,0,0,0,0.059831
105893,18,1,169192,44414,38259,124778,234004,0,0,0,0,0.0767148
105894,18,1,184293,49044,41977,135249,256405,0,0,0,0,0.0707165
105895,18,1,198171,53875,46521,144296,284991,0,0,0,0,0.0628795
105896,18,1,189683,51088,44331,138595,269559,0,0,0,0,0.0713546
105897,18,1,157390,41224,35235,116166,217181,0,0,0,0,0.0626218
105898,18,1,162019,41878,36045,120141,219385,0,0,0,0,0.0666542
105899,18,1,174448,46114,39664,128334,239642,0,0,0,0,0.0662298
105912,18,1,175034,46597,40448,128437,244987,0,0,0,0,0.0628529
105915,18,2,304967,84480,73928,220474,446775,1,0,0,0,0.184835
105918,18,1,194678,51909,45142,142769,270736,0,0,0,0,0.0556809
105922,18,1,174920,46566,40437,128354,244836,0,0,0,0,0.0602531
105925,18,2,304393,84364,73951,220016,446236,1,0,0,0,0.173415
105928,18,1,195177,51988,45291,143189,270987,0,0,0,0,0.0567575
105932,18,1,189045,50431,43970,138614,263315,0,0,0,0,0.0543946
105935,18,1,197086,52579,46053,144507,273582,0,0,0,0,0.0577101
105938,18,2,252099,67915,59258,184171,357639,1,0,0,0,0.181304
105942,18,1,191362,51152,44279,140210,268933,0,0,0,0,0.0615945
105945,18,1,206724,55725,48464,150999,292249,0,0,0,0,0.0726467
105948,18,1,178877,47528,41252,131349,249667,0,0,0,0,0.0748196
105950,18,2,241161,64545,56338,176604,340584,1,0,0,0,0.234455
105951,18,1,196034,52641,45502,143393,275879,0,0,0,0,0.0845313
105952,18,1,197672,53470,46659,144202,282133,0,0,0,0,0.0804941
105953,18,1,191623,51708,45287,139915,272975,0,0,0,0,0.0620102
105954,18,1,203801,54738,47518,149063,285703,0,0,0,0,0.0644883
105955,18,1,212363,57799,50731,154564,303637,0,0,0,0,0.0606164
105956,18,1,204454,55846,48797,148608,294550,0,0,0,0,0.0664733
105957,18,2,237432,63503,55043,173917,335836,1,0,0,0,0.174753
105958,18,1,177837,46626,40501,131211,242965,0,0,0,0,0.07592
105959,18,1,181221,47834,41182,133387,246483,0,0,0,0,0.0611642
105972,18,2,259947,71086,61384,188849,376738,1,0,0,0,0.179024
105975,18,1,201070,54329,47126,146741,284402,0,0,0,0,0.0601869
105978,18,2,233786,64042,54944,169731,338163,1,0,0,0,0.18528
105982,18,1,198663,53329,46103,145334,278968,0,0,0,0,0.0651428
105985,18,1,199131,53689,46711,145442,282264,0,0,0,0,0.0588494
105988,18,1,196884,52668,45594,144216,274167,0,0,0,0,0.0551266
105992,18,1,198841,53607,46336,145234,282471,0,0,0,0,0.0639674
105995,18,1,196133,52829,45662,143304,278238,0,0,0,0,0.0568096
105998,18,1,208077,57023,49305,151054,301112,0,0,0,0,0.0593369
106000,18,1,166517,43852,37962,122665,229854,0,0,0,0,0.0585871
106001,18,1,199637,54277,46974,145360,285236,0,0,0,0,0.0577172
106002,18,1,190215,50678,44192,139537,265931,0,0,0,0,0.0562934
106004,18,1,202933,55062,47825,147871,289955,0,0,0,0,0.0560966
106005,18,1,190389,50582,44051,139807,265203,0,0,0,0,0.0638095
106006,18,1,182013,48229,41700,133784,251866,0,0,0,0,0.0515906
106007,18,1,202942,55008,47431,147934,289218,0,0,0,0,0.055033
106008,18,1,214739,58659,50781,156080,309439,0,0,0,0,0.0590452
106009,18,1,180443,47632,41125,132811,246862,0,0,0,0,0.0536846
106013,18,1,183570,48957,42717,134613,257256,0,0,0,0,0.0589883
106022,18,1,208808,56183,48663,152625,292826,0,0,0,0,0.0648155
106025,18,1,201175,54348,47344,146827,285768,0,0,0,0,0.0635025
106028,18,1,187567,50173,43427,137394,262020,0,0,0,0,0.059004
106032,18,1,216664,59317,51805,157347,312123,0,0,0,0,0.0882419
106035,18,1,199680,53685,46526,145995,282652,0,0,0,0,0.0647117
106038,18,1,191519,51923,44738,139596,274735,0,0,0,0,0.0571867
106040,18,1,166496,43863,37965,122633,229942,0,0,0,0,0.0587558
106041,18,1,207467,56376,48992,151091,295217,0,0,0,0,0.0626229
106042,18,1,208430,56353,49263,152077,295405,0,0,0,0,0.0602551
106044,18,1,202703,55153,47822,147550,290783,0,0,0,0,0.071102
106045,18,1,192740,51434,44658,141306,269822,0,0,0,0,0.0797401
106048,18,1,195465,52767,45479,142698,278604,0,0,0,0,0.0567222
106049,18,1,172966,45777,39423,127189,238478,0,0,0,0,0.0511751
106053,18,1,198527,53731,46924,144796,282199,0,0,0,0,0.058833
106056,18,1,186356,49591,42793,136765,259453,0,0,0,0,0.0635345
106057,18,1,191978,51737,44487,140241,272782,0,0,0,0,0.0674494
106062,18,2,258775,69671,59965,189092,368341,1,0,0,0,0.197067
106065,18,1,201080,54121,46675,146959,283875,0,0,0,0,0.059145
106068,18,1,189526,50520,43343,139006,265549,0,0,0,0,0.0620289
106070,18,2,269471,72436,63095,197022,380480,1,0,0,0,0.16087
106071,18,2,269154,72360,63048,196781,380081,1,0,0,0,0.160346
106074,18,1,199422,53679,46624,145743,280737,0,0,0,0,0.0596162
106079,18,1,171773,45373,39303,126400,236511,0,0,0,0,0.0577456
106082,18,1,172169,45664,39486,126505,239514,0,0,0,0,0.0594181
106083,18,1,174100,45342,39525,128758,235664,0,0,0,0,0.0603093
106085,18,1,205982,56295,48828,149687,296631,0,0,0,0,0.0628976
106086,18,1,213077,58018,50240,155059,305762,0,0,0,0,0.0727615
106087,18,1,187425,50402,43644,137023,265830,0,0,0,0,0.0781883
106088,18,1,193668,52013,44784,141655,274442,0,0,0,0,0.0558034
106100,18,1,199525,53075,45761,146450,276528,0,0,0,0,0.062529
106101,18,1,199818,53126,45848,146692,276669,0,0,0,0,0.077568
106102,18,2,282296,77797,67954,204486,412654,1,0,0,0,0.173381
106103,18,1,184115,48187,41899,135928,247588,0,0,0,0,0.0613455
106104,18,2,234467,63863,55290,170591,335927,1,0,0,0,0.142106
106105,18,1,200917,54293,46875,146624,284196,0,0,0,0,0.0558474
106106,18,1,191495,51140,44133,140355,266140,0,0,0,0,0.0547675
106107,18,1,189718,51033,44084,138685,267602,0,0,0,0,0.0565321
106108,18,1,181447,48408,41745,133039,252764,0,0,0,0,0.0529724
106109,18,1,177163,47218,40773,129945,246977,0,0,0,0,0.055161
106120,9,1,128066,31899,26896,96167,163464,0,0,0,0,0.0681595
106121,9,1,128699,31955,27016,96744,163408,0,0,0,0,0.07142
106124,9,1,160692,40351,34890,120341,205927,0,0,0,0,0.0686653
106129,9,1,160678,40415,35133,120263,206394,0,0,0,0,0.0688258
106130,9,1,129206,33350,27982,95856,173466,0,0,0,0,0.0499429
106131,9,1,129640,33357,28132,96283,173248,0,0,0,0,0.0500131
106134,9,1,146830,37146,32029,109684,191138,0,0,0,0,0.0498485
106139,9,1,142338,36065,31436,106273,184966,0,0,0,0,0.0494395
106140,9,1,129122,33316,28000,95806,173254,0,0,0,0,0.0505061
106141,9,1,129556,33323,28150,96233,173036,0,0,0,0,0.0533549
106144,9,1,145804,36876,31847,108928,189756,0,0,0,0,0.0503716
106149,9,1,142540,36129,31508,106411,185391,0,0,0,0,0.0465684
106150,9,1,126507,32333,27343,94174,166818,0,0,0,0,0.0503379
106151,9,1,152482,39560,34383,112922,205682,0,0,0,0,0.0530559
106154,9,2,206240,54483,47045,151746,285439,1,0,0,0,0.150967
106159,9,1,151154,38692,33272,112462,198712,0,0,0,0,0.0501899
106160,9,1,126961,32349,27465,94612,166597,0,0,0,0,0.0541361
106161,9,1,152347,39526,34364,112821,205514,0,0,0,0,0.0501542
106164,9,2,206281,54489,47070,151782,285453,1,0,0,0,0.14596
106169,9,1,150805,38582,33197,112223,198078,0,0,0,0,0.0480752
106190,9,1,161225,42919,37184,118306,224237,0,0,0,0,0.0547498
106191,9,1,161575,42923,37262,118652,224043,0,0,0,0,0.0552307
106194,9,1,165578,42626,37160,122952,219111,0,0,0,0,0.0498146
106199,9,1,156400,39619,34535,116781,201290,0,0,0,0,0.050001
106200,9,1,160989,42811,37060,118178,223534,0,0,0,0,0.0550049
106201,9,1,161383,42822,37150,118561,223364,0,0,0,0,0.0592095
106204,9,1,164705,42378,37036,122327,217801,0,0,0,0,0.052748
106209,9,1,157079,39818,34713,117261,202371,0,0,0,0,0.0536095
106210,9,2,205604,54148,46699,151443,282667,1,0,0,0,0.160969
106211,9,1,171382,44204,38937,127178,227642,0,0,0,0,0.0675725
106214,9,2,182181,47924,41917,134245,249050,1,0,0,0,0.149743
106219,9,1,154572,39358,34147,115214,200255,0,0,0,0,0.055587
106220,9,2,205446,54079,46714,151354,282248,1,0,0,0,0.206203
106221,9,1,171377,44210,38981,127167,227713,0,0,0,0,0.0879167
106224,9,2,182191,47929,41919,134250,249075,1,0,0,0,0.210762
106229,9,1,154254,39261,34102,114993,199685,0,0,0,0,0.0678882
106250,9,2,200202,53172,45554,147017,278339,1,0,0,0,0.196417
106251,9,2,199928,53069,45569,146846,277785,1,0,0,0,0.271314
106254,9,2,179320,46534,39861,132773,237611,1,0,0,0,0.167083
106259,9,2,235025,62334,53304,172679,319857,1,0,0,0,0.182228
106260,9,1,152926,40084,34591,112842,208674,0,0,0,0,0.0711615
106261,9,1,177249,46622,40766,130627,241542,0,0,0,0,0.0986145
106264,9,2,168651,44076,37771,124562,228311,1,0,0,0,0.181238
106269,9,2,223131,60118,51491,163003,313717,1,0,0,0,0.163612
106270,9,1,153780,40205,34825,113575,208979,0,0,0,0,0.0740754
106271,9,1,177463,46748,40871,130715,242323,0,0,0,0,0.0781658
106274,9,2,168785,44094,37843,124678,228367,1,0,0,0,0.149773
106279,9,2,223134,60121,51447,163002,313742,1,0,0,0,0.201277
106300,9,1,152814,40062,34586,112752,208574,0,0,0,0,0.0727734
106301,9,2,180466,47888,41817,132566,250032,1,0,0,0,0.182763
106304,9,2,168482,44032,37459,124437,228055,1,0,0,0,0.130203
106309,9,1,166843,43411,37981,123432,222923,0,0,0,0,0.0636943
106310,9,1,153668,40183,34820,113485,208879,0,0,0,0,0.0605154
106311,9,2,180365,47859,41791,132494,249872,1,0,0,0,0.253967
106314,9,2,168732,44090,37532,124629,228362,1,0,0,0,0.214948
106319,9,1,167257,43520,38045,123737,223472,0,0,0,0,0.0994486
106340,9,1,164288,41579,35862,122709,212902,0,0,0,0,0.0852754
106341,9,1,163575,41403,35801,122172,212006,0,0,0,0,0.0787287
106344,9,2,168640,42737,36467,125890,216548,1,0,0,0,0.138907
106349,9,1,153494,39024,33812,114470,199516,0,0,0,0,0.0713188
106390,9,1,155924,39617,34635,116307,201708,0,0,0,0,0.0932144
106391,9,1,156563,39803,34769,116760,202709,0,0,0,0,0.0554098
106392,9,1,156704,39999,34787,116705,203503,0,0,0,0,0.0709326
106393,9,1,156407,39908,34732,116499,202961,0,0,0,0,0.113076
106394,9,2,237611,62697,54028,174902,321046,1,0,0,0,0.208371
106395,9,2,235828,63737,55345,172081,332527,1,0,0,0,0.2055
106396,9,2,235995,63780,55362,172204,332751,1,0,0,0,0.1974
106397,9,1,166953,43626,38437,123327,223653,0,0,0,0,0.0762512
106398,9,1,167171,43711,38506,123460,224151,0,0,0,0,0.0746627
106399,9,1,155889,39966,34596,115923,204929,0,0,0,0,0.0843231
106682,18,1,145149,37174,31933,107975,192382,0,0,0,0,0.120781
106685,18,1,182434,48547,42209,133887,255240,0,0,0,0,0.110228
106688,18,1,184794,49723,43567,135071,262189,0,0,0,0,0.103252
106692,18,1,150343,39222,33433,111121,204764,0,0,0,0,0.0899237
106695,18,1,170035,45738,39287,124297,241684,0,0,0,0,0.0846369
106698,18,1,172558,46333,39676,126225,244733,0,0,0,0,0.0560144
106702,18,1,149898,39106,33375,110792,204194,0,0,0,0,0.095457
106705,18,1,170294,45779,39381,124515,241809,0,0,0,0,0.0847476
106708,18,1,172945,46411,39778,126534,245094,0,0,0,0,0.078331
106712,18,1,161919,42205,36395,119714,221078,0,0,0,0,0.0514305
106715,18,1,181917,48496,42281,133421,254085,0,0,0,0,0.0720664
106718,18,1,154236,39408,33618,114828,203290,0,0,0,0,0.10989
106722,18,1,161155,41977,36042,119178,220558,0,0,0,0,0.0942687
106725,18,1,182050,48457,42002,133593,254488,0,0,0,0,0.087563
106728,18,1,155094,39829,34610,115265,206142,0,0,0,0,0.091008
106730,18,1,136796,35000,29821,101796,181875,0,0,0,0,0.0703196
106731,18,1,161513,41885,35370,119628,219514,0,0,0,0,0.0571741
106732,18,1,160210,41565,35120,118645,218642,0,0,0,0,0.0647151
106733,18,1,160372,41218,35518,119154,215621,0,0,0,0,0.0621815
106734,18,1,182288,48479,41273,133809,254184,0,0,0,0,0.074944
106735,18,1,181952,48471,41552,133481,255363,0,0,0,0,0.0619855
106736,18,1,183277,48926,42541,134351,257523,0,0,0,0,0.087114
106737,18,1,153038,39055,33204,113983,202280,0,0,0,0,0.0784419
106738,18,1,141577,36157,31060,105420,189287,0,0,0,0,0.059437
106739,18,1,152582,38804,33482,113778,200767,0,0,0,0,0.0581637
106752,18,1,168524,44147,38190,124377,229994,0,0,0,0,0.0620425
106755,18,1,185250,49816,43352,135434,261605,0,0,0,0,0.0570488
106758,18,1,185616,49299,42837,136317,257475,0,0,0,0,0.0531757
106762,18,1,168482,44136,38213,124346,229928,0,0,0,0,0.0791088
106765,18,1,185308,49790,43374,135518,261379,0,0,0,0,0.0765353
106768,18,1,185989,49341,42830,136648,257560,0,0,0,0,0.0783174
106772,18,1,179196,47013,40870,132183,244853,0,0,0,0,0.0775846
106775,18,1,197772,52387,45787,145385,272087,0,0,0,0,0.0808836
106778,18,2,263949,70065,60671,193872,366769,1,0,0,0,0.248564
106782,18,1,184075,48515,42018,135560,253811,0,0,0,0,0.075626
106785,18,1,200342,53364,46640,146978,278395,0,0,0,0,0.0813487
106788,18,2,263120,70554,61515,192554,371549,1,0,0,0,0.249763
106790,18,2,244593,64993,56587,179588,341538,1,0,0,0,0.208597
106791,18,1,184634,49020,41975,135614,257267,0,0,0,0,0.0545173
106792,18,1,182910,48398,41661,134512,254357,0,0,0,0,0.0650329
106793,18,1,178330,47018,40962,131312,246020,0,0,0,0,0.0816376
106794,18,2,261315,70411,61246,190892,371801,1,0,0,0,0.190984
106795,18,2,256842,69624,60517,187206,369923,1,0,0,0,0.185462
106796,18,1,196141,52811,46246,143330,276934,0,0,0,0,0.0887947
106797,18,2,234386,62185,53899,172189,327062,1,0,0,0,0.204551
106798,18,1,155231,40121,34669,115110,209079,0,0,0,0,0.0518433
106799,18,1,163387,42015,36501,121372,216397,0,0,0,0,0.0527101
106812,18,2,265369,71739,62136,193618,378174,1,0,0,0,0.188842
106815,18,2,295734,81299,70666,214423,429015,1,0,0,0,0.179748
106818,18,2,188314,51507,44363,136795,271758,1,0,0,0,0.157161
106822,18,1,184928,48629,41426,136299,254143,0,0,0,0,0.0593862
106825,18,1,185971,50011,43301,135960,262801,0,0,0,0,0.0582649
106828,18,2,286446,77392,66939,209042,407433,1,0,0,0,0.170479
106832,18,1,177883,46481,39715,131402,242903,0,0,0,0,0.057098
106835,18,1,178729,47544,41414,131185,249269,0,0,0,0,0.0598694
106838,18,1,191735,51861,44938,139874,272185,0,0,0,0,0.0638009
106840,18,1,164669,42561,36506,122108,220939,0,0,0,0,0.0821539
106841,18,1,182017,48321,42330,133696,252956,0,0,0,0,0.0713549
106842,18,1,182868,48460,42095,134408,254312,0,0,0,0,0.0773281
106844,18,1,183896,48828,42155,135068,255637,0,0,0,0,0.0549075
106845,18,1,177823,46641,40486,131182,243512,0,0,0,0,0.0505772
106846,18,1,171569,44918,38588,126651,234314,0,0,0,0,0.0498441
106847,18,1,198298,53644,46113,144654,282420,0,0,0,0,0.0580847
106848,18,1,185176,48928,42380,136248,254902,0,0,0,0,0.058576
106849,18,1,189139,50779,44065,138360,265483,0,0,0,0,0.0614657
106853,18,1,170964,44315,38575,126649,230320,0,0,0,0,0.0563004
106862,18,2,287820,78427,67927,209381,414021,1,0,0,0,0.198793
106865,18,1,191250,51868,44872,139382,272939,0,0,0,0,0.0530662
106868,18,2,270864,72729,62568,198123,383522,1,0,0,0,0.148546
106872,18,2,277252,75603,65507,201637,401378,1,0,0,0,0.158476
106875,18,1,182010,48503,42249,133507,254295,0,0,0,0,0.0526986
106878,18,1,175187,46691,40169,128496,245316,0,0,0,0,0.0516631
106880,18,1,164424,42514,36466,121910,220704,0,0,0,0,0.0581873
106881,18,1,203345,54612,48080,148733,285028,0,0,0,0,0.0562497
106882,18,1,201554,54213,47425,147341,283871,0,0,0,0,0.0603
106884,18,1,183307,49037,42280,134270,257600,0,0,0,0,0.0516178
106885,18,1,178639,47279,41126,131360,247511,0,0,0,0,0.051337
106888,18,1,168724,43869,37725,124855,228439,0,0,0,0,0.0531908
106889,18,1,172160,45748,39459,126412,239907,0,0,0,0,0.0695446
106893,18,1,189440,50236,43872,139204,261725,0,0,0,0,0.0661791
106896,18,1,175199,46107,39683,129092,241096,0,0,0,0,0.0576916
106897,18,1,182080,48749,41750,133331,256943,0,0,0,0,0.0574047
106902,18,2,251284,66432,57386,184840,348521,1,0,0,0,0.186636
106905,18,1,191968,51214,44596,140754,267782,0,0,0,0,0.0828351
106908,18,1,173625,45341,39098,128284,236639,0,0,0,0,0.0529094
106910,18,1,184289,49087,42438,135202,257424,0,0,0,0,0.0534429
106911,18,1,184443,49090,42491,135353,257368,0,0,0,0,0.0554517
106914,18,2,261427,69728,60259,191687,365271,1,0,0,0,0.149608
106919,18,1,159881,41722,36048,118159,217773,0,0,0,0,0.0622275
106922,18,2,240404,64479,55729,175913,340650,1,0,0,0,0.173731
106923,18,1,157339,40571,35134,116768,211117,0,0,0,0,0.0547693
106925,18,1,203719,55749,48264,147970,294059,0,0,0,0,0.0665331
106926,18,1,193555,51693,44851,141862,270454,0,0,0,0,0.0559301
106927,18,1,183795,49380,42367,134415,260081,0,0,0,0,0.0538132
106928,18,1,175017,46134,39861,128883,241671,0,0,0,0,0.0500055
106940,18,1,186590,49388,43023,137202,257523,0,0,0,0,0.0525916
106941,18,1,186831,49401,43052,137430,257461,0,0,0,0,0.0525914
106942,18,2,251894,68230,59492,183652,360724,1,0,0,0,0.178474
106943,18,1,164538,42197,36495,122341,217371,0,0,0,0,0.0531439
106944,18,2,187740,50954,44403,136774,267565,1,0,0,0,0.157514
106945,18,2,274223,74804,65063,199407,396147,1,0,0,0,0.177195
106946,18,1,195376,52945,45961,142431,277593,0,0,0,0,0.0712098
106947,18,2,259177,70349,60911,188816,373067,1,0,0,0,0.154521
106948,18,1,175803,46960,40649,128843,246636,0,0,0,0,0.0503415
106949,18,1,162401,42797,37191,119604,224036,0,0,0,0,0.050441
107520,9,1,121869,30044,25530,91825,154533,0,0,0,0,0.0738484
107521,9,1,122204,30047,25546,92157,154369,0,0,0,0,0.0766438
107522,9,1,125320,31295,26835,94025,162577,0,0,0,0,0.106472
107523,9,1,137021,34661,29874,102360,180168,0,0,0,0,0.128723
107524,9,1,153260,38583,33099,114677,197706,0,0,0,0,0.0770965
107525,9,1,165413,42779,37082,122634,223428,0,0,0,0,0.0843997
107526,9,1,162520,42293,36557,120227,221448,0,0,0,0,0.0823386
107527,9,1,164220,42729,37247,121491,223511,0,0,0,0,0.108511
107528,9,1,165325,43245,37773,122080,226607,0,0,0,0,0.120217
107529,9,1,156726,39798,34382,116928,204511,0,0,0,0,0.0970068
107530,9,1,125803,31931,26830,93872,166120,0,0,0,0,0.0669378
107531,9,1,125935,31886,26817,94049,165735,0,0,0,0,0.0810676
107532,9,1,128622,32962,27781,95660,173061,0,0,0,0,0.0717709
107533,9,1,140176,36718,31265,103458,193809,0,0,0,0,0.113653
107534,9,1,147778,37013,31448,110765,189683,0,0,0,0,0.0584822
107535,9,1,155111,40441,34736,114670,211731,0,0,0,0,0.0690002
107536,9,2,214016,57608,50077,156395,305131,1,0,0,0,0.190503
107537,9,1,154056,40650,34572,113406,214074,0,0,0,0,0.0686187
107538,9,1,169221,45170,39153,124051,237767,0,0,0,0,0.0703107
107539,9,2,218542,57424,49772,161105,298343,1,0,0,0,0.202215
107540,9,1,125661,31889,26808,93772,165885,0,0,0,0,0.0836222
107541,9,1,125792,31844,26800,93948,165500,0,0,0,0,0.0722631
107542,9,1,128739,32980,27784,95759,173161,0,0,0,0,0.0884076
107543,9,1,140086,36675,31249,103411,193545,0,0,0,0,0.113187
107544,9,1,147439,36885,31446,110554,188927,0,0,0,0,0.0846517
107545,9,1,155127,40435,34771,114692,211650,0,0,0,0,0.0875273
107546,9,2,214233,57664,50097,156556,305463,1,0,0,0,0.172028
107547,9,1,153880,40612,34575,113268,213871,0,0,0,0,0.0716319
107548,9,1,168870,44975,39011,123895,236558,0,0,0,0,0.0609657
107549,9,2,218154,57367,49686,160774,298095,1,0,0,0,0.222324
107550,9,1,111505,27858,23592,83647,144669,0,0,0,0,0.0616656
107551,9,1,145088,37012,31566,108076,191879,0,0,0,0,0.0598989
107552,9,1,151215,39274,33756,111941,206056,0,0,0,0,0.064996
107553,9,1,151270,39228,33744,112042,205761,0,0,0,0,0.0639311
107554,9,2,198280,52056,45057,146212,272130,1,0,0,0,0.17025
107555,9,1,166873,43909,37821,122964,229825,0,0,0,0,0.0718109
107556,9,1,172231,45366,39125,126865,237105,0,0,0,0,0.0609022
107557,9,1,144398,36857,31518,107541,192014,0,0,0,0,0.0720217
107558,9,1,149512,38452,33244,111060,201078,0,0,0,0,0.0683101
107559,9,1,157462,40717,34969,116745,210805,0,0,0,0,0.0766793
107560,9,1,111803,27853,23633,83950,144441,0,0,0,0,0.057323
107561,9,1,144608,36879,31530,107729,191171,0,0,0,0,0.0616681
107562,9,1,148694,38404,33110,110290,201396,0,0,0,0,0.0813312
107563,9,1,147874,37901,32823,109973,198268,0,0,0,0,0.062474
107564,9,2,198244,52048,45046,146185,272084,1,0,0,0,0.174488
107565,9,1,164513,43403,37751,121110,228324,0,0,0,0,0.0594808
107566,9,2,196408,52447,45643,143949,278753,1,0,0,0,0.166541
107567,9,1,146721,37417,32473,109304,195355,0,0,0,0,0.0779506
107568,9,1,145488,37224,32127,108264,194369,0,0,0,0,0.0656955
107569,9,1,157313,40639,34930,116674,210254,0,0,0,0,0.059146
107570,9,1,109848,27583,23408,82265,144570,0,0,0,0,0.0640491
107571,9,1,150728,38980,33186,111748,204137,0,0,0,0,0.066982
107572,9,1,153308,39814,33867,113494,209385,0,0,0,0,0.0710853
107573,9,1,146667,36779,31619,109888,189174,0,0,0,0,0.0553204
107574,9,1,168292,44191,37807,124101,231394,0,0,0,0,0.0686206
107575,9,1,169787,44697,38585,125090,235192,0,0,0,0,0.0645549
107576,9,1,169471,43807,37991,125664,226820,0,0,0,0,0.0924161
107577,9,1,137174,34563,29742,102611,180332,0,0,0,0,0.103382
107578,9,1,142970,35766,30923,107204,184294,0,0,0,0,0.0591375
107579,9,1,157810,39801,34256,118009,203071,0,0,0,0,0.0553853
107580,9,1,123682,31712,27323,91970,166605,0,0,0,0,0.0981501
107581,9,1,140770,35957,30493,104813,187275,0,0,0,0,0.0557058
107582,9,1,145215,37098,31823,108117,193611,0,0,0,0,0.0572382
107583,9,1,151356,38749,33248,112607,201991,0,0,0,0,0.0651657
107584,9,1,160973,41781,35733,119192,217233,0,0,0,0,0.0599506
107585,9,1,164182,42463,36587,121719,221098,0,0,0,0,0.0721826
107586,9,1,169099,43796,37920,125303,227748,0,0,0,0,0.0866981
107587,9,1,119344,30282,26187,89062,158984,0,0,0,0,0.0698543
107588,9,1,124052,31107,26952,92945,162517,0,0,0,0,0.0670727
107589,9,1,136086,34319,29687,101767,177068,0,0,0,0,0.0638841
107590,9,1,146332,37729,32503,108603,196546,0,0,0,0,0.0808345
107591,9,1,146096,37610,32430,108486,195837,0,0,0,0,0.0761198
107592,9,1,143421,36955,31509,106466,193731,0,0,0,0,0.0674423
107593,9,1,158303,41406,36048,116897,217236,0,0,0,0,0.0980649
107594,9,1,154599,38920,33748,115679,198983,0,0,0,0,0.0700633
107595,9,1,168406,44112,38614,124294,229987,0,0,0,0,0.060888
107596,9,2,231611,63233,55080,168365,334393,1,0,0,0,0.150265
107597,9,1,167237,43891,37983,123346,228948,0,0,0,0,0.0783259
107598,9,1,178641,47189,40890,131452,246127,0,0,0,0,0.0705438
107599,9,2,230192,60954,52603,169225,313938,1,0,0,0,0.158727
107600,9,1,146462,37727,32428,108735,196520,0,0,0,0,0.0669685
107601,9,1,146206,37602,32362,108604,195779,0,0,0,0,0.069735
107602,9,1,143515,36945,31480,106570,193605,0,0,0,0,0.0618117
107603,9,1,158169,41367,36032,116802,216987,0,0,0,0,0.0814933
107604,9,1,153716,38642,33590,115074,197441,0,0,0,0,0.0544933
107605,9,1,168465,44087,38648,124378,229722,0,0,0,0,0.0585749
107606,9,2,231371,63171,55056,168187,334075,1,0,0,0,0.150756
107607,9,1,167413,43895,38023,123518,228834,0,0,0,0,0.0561379
107608,9,1,178658,47120,40919,131538,245575,0,0,0,0,0.0595751
107609,9,2,229875,60907,52566,168955,313710,1,0,0,0,0.230237
107610,9,1,133430,34293,29942,99137,178297,0,0,0,0,0.0700388
107611,9,1,165157,42408,36862,122749,218866,0,0,0,0,0.0559531
107612,9,1,172118,44519,38724,127599,231430,0,0,0,0,0.0565716
107613,9,1,167956,43786,38052,124170,227851,0,0,0,0,0.0585796
107614,9,2,220073,57885,50474,162176,301370,1,0,0,0,0.161492
107615,9,1,185367,48263,42317,137104,250340,0,0,0,0,0.0732456
107616,9,1,186487,48757,42563,137730,252355,0,0,0,0,0.0602792
107617,9,1,158373,40800,35492,117573,211609,0,0,0,0,0.107737
107618,9,1,156692,40282,34926,116410,209398,0,0,0,0,0.0706921
107619,9,1,156381,40102,34729,116279,205455,0,0,0,0,0.0603213
107620,9,1,133838,34276,29945,99562,177884,0,0,0,0,0.0761297
107621,9,1,165576,42545,37032,123031,219600,0,0,0,0,0.0588595
107622,9,1,170527,44539,38639,125988,233183,0,0,0,0,0.103475
107623,9,1,166213,43255,37776,122958,225658,0,0,0,0,0.0790473
107624,9,2,220103,57891,50482,162201,301375,1,0,0,0,0.175182
107625,9,1,181143,47589,41491,133554,248611,0,0,0,0,0.108016
107626,9,2,216408,58339,51056,158057,309390,1,0,0,0,0.168165
107627,9,1,161556,42280,36874,119276,221602,0,0,0,0,0.0993683
107628,9,1,160379,42012,36416,118367,220115,0,0,0,0,0.094041
107629,9,1,156147,40028,34691,116119,204995,0,0,0,0,0.0777862
107630,9,1,132191,33701,29338,98490,175686,0,0,0,0,0.0689822
107631,9,1,174417,45432,39372,128985,237318,0,0,0,0,0.0738348
107632,9,1,169146,44205,38356,124941,231964,0,0,0,0,0.112392
107633,9,1,168759,43754,38151,125005,225775,0,0,0,0,0.0810781
107634,9,1,188403,49438,42993,138965,257427,0,0,0,0,0.0870236
107635,9,1,181421,47805,41700,133616,250574,0,0,0,0,0.0705226
107636,9,1,183457,47962,42095,135495,247303,0,0,0,0,0.0656948
107637,9,1,152492,38915,33915,113577,202783,0,0,0,0,0.0838399
107638,9,1,160064,41039,35684,119025,211494,0,0,0,0,0.0847744
107639,9,1,172952,44618,38742,128334,228013,0,0,0,0,0.0649601
107640,9,1,143156,36777,32414,106379,191488,0,0,0,0,0.0763029
107641,9,1,168000,43144,37348,124856,223319,0,0,0,0,0.0591663
107642,9,1,165559,43012,37877,122547,223632,0,0,0,0,0.0592706
107643,9,1,165513,42739,37361,122774,220865,0,0,0,0,0.0582591
107644,9,1,184787,48079,41664,136708,248414,0,0,0,0,0.0641556
107645,9,1,182318,47512,41775,134806,246083,0,0,0,0,0.0731743
107646,9,1,182278,47390,41710,134888,244247,0,0,0,0,0.0652693
107647,9,1,137106,35349,30837,101757,184386,0,0,0,0,0.0677887
107648,9,1,140377,35467,31182,104910,183219,0,0,0,0,0.0599091
107649,9,1,149539,37737,33042,111802,192464,0,0,0,0,0.0575189
107650,9,1,127514,32486,28047,95028,168736,0,0,0,0,0.0540807
107651,9,1,127976,32469,28090,95507,168288,0,0,0,0,0.0548444
107652,9,1,128556,32722,28228,95834,170619,0,0,0,0,0.0675808
107653,9,1,141304,36268,31569,105036,188730,0,0,0,0,0.0828058
107654,9,1,178970,46482,40634,132488,239861,0,0,0,0,0.0558543
107655,9,1,175680,46139,40392,129541,240295,0,0,0,0,0.0631694
107656,9,1,167315,43680,37492,123635,227226,0,0,0,0,0.0584973
107657,9,2,171940,45173,38912,126756,234790,1,0,0,0,0.137612
107658,9,2,190341,51896,44995,138432,273217,1,0,0,0,0.145778
107659,9,1,146716,37168,31928,109548,188251,0,0,0,0,0.0591307
107660,9,1,145726,37216,32020,108510,193389,0,0,0,0,0.0579071
107661,9,1,172434,44604,38625,127830,230847,0,0,0,0,0.0593167
107662,9,1,174251,45741,39080,128510,239287,0,0,0,0,0.0620003
107663,9,1,166412,42869,36976,123543,221895,0,0,0,0,0.0569158
107664,9,1,184621,48738,42438,135883,253109,0,0,0,0,0.0610982
107665,9,1,192516,51078,44645,141438,267033,0,0,0,0,0.0704625
107666,9,1,180120,46909,40638,133211,244680,0,0,0,0,0.0616308
107667,9,2,162802,42543,36718,120246,221984,1,0,0,0,0.148301
107668,9,1,182207,47875,41375,134332,248428,0,0,0,0,0.0665062
107669,9,2,218733,59184,50887,159536,308904,1,0,0,0,0.148223
107670,9,1,145952,37233,32121,108719,193379,0,0,0,0,0.0679464
107671,9,1,172797,44706,38653,128091,231427,0,0,0,0,0.075056
107672,9,1,164016,42447,36843,121569,221686,0,0,0,0,0.0631722
107673,9,1,166314,43250,37792,123064,224940,0,0,0,0,0.0592901
107674,9,1,184201,48599,42312,135602,252356,0,0,0,0,0.0531804
107675,9,1,182485,48045,42068,134440,249938,0,0,0,0,0.0573295
107676,9,1,170152,43806,38017,126346,227738,0,0,0,0,0.0585441
107677,9,1,185703,49569,43059,136134,259547,0,0,0,0,0.0644747
107678,9,1,180153,47490,41221,132663,248246,0,0,0,0,0.0575291
107679,9,2,218855,59218,50912,159624,309087,1,0,0,0,0.192199
107680,9,1,141152,35953,31104,105199,187774,0,0,0,0,0.0631312
107681,9,1,171800,44598,38605,127202,232191,0,0,0,0,0.0714691
107682,9,1,167584,43553,37760,124031,227646,0,0,0,0,0.057217
107683,9,1,165328,42738,37036,122590,220878,0,0,0,0,0.0577498
107684,9,1,191363,50642,43980,140721,264349,0,0,0,0,0.0568828
107685,9,1,181708,47637,41753,134071,247584,0,0,0,0,0.0594021
107686,9,1,158157,40581,35244,117576,210936,0,0,0,0,0.0628189
107687,9,1,177289,46295,40374,130994,240993,0,0,0,0,0.0628793
107688,9,1,176978,46041,39723,130937,239542,0,0,0,0,0.0547705
107689,9,1,182039,47638,40918,134401,247177,0,0,0,0,0.0588703
107690,9,1,155309,40244,34949,115065,210719,0,0,0,0,0.0752801
107691,9,1,168084,43605,37942,124479,226651,0,0,0,0,0.0564056
107692,9,1,166147,42956,37397,123191,223563,0,0,0,0,0.0551599
107693,9,1,164363,42162,36490,122201,216639,0,0,0,0,0.0572961
107694,9,1,177796,45843,39681,131953,237658,0,0,0,0,0.0580295
107695,9,1,167725,42495,36989,125230,219141,0,0,0,0,0.0554934
107696,9,1,156685,39580,34002,117105,204244,0,0,0,0,0.0559698
107697,9,1,167221,42590,36971,124631,220000,0,0,0,0,0.0561681
107698,9,1,172625,44127,38468,128498,227559,0,0,0,0,0.0613606
107699,9,1,174365,45241,39291,129124,233889,0,0,0,0,0.0553253
107700,9,1,145704,37207,32009,108497,193317,0,0,0,0,0.0598982
107701,9,2,220896,58845,50885,162040,308044,1,0,0,0,0.15631
107702,9,1,191400,50821,43872,140579,265022,0,0,0,0,0.0717188
107703,9,1,184335,48043,41635,136292,247996,0,0,0,0,0.064214
107704,9,1,182947,48403,42087,134544,251718,0,0,0,0,0.0527975
107705,9,1,195973,52514,45888,143459,275346,0,0,0,0,0.0599613
107706,9,1,181355,47482,41239,133873,247728,0,0,0,0,0.077807
107707,9,2,152493,39622,33698,112858,206701,1,0,0,0,0.159073
107708,9,1,171715,45052,38870,126663,234709,0,0,0,0,0.0660246
107709,9,2,210034,56204,47985,153817,293837,1,0,0,0,0.206587
107710,9,1,145920,37222,32112,108698,193296,0,0,0,0,0.0595358
107711,9,2,220834,58829,50872,161993,307954,1,0,0,0,0.161094
107712,9,1,177463,46549,40762,130914,242982,0,0,0,0,0.0629696
107713,9,1,183054,47931,41929,135123,248544,0,0,0,0,0.0710278
107714,9,1,182018,48130,41883,133888,250236,0,0,0,0,0.0582838
107715,9,1,188297,49967,43740,138330,260761,0,0,0,0,0.057556
107716,9,1,168861,43280,37486,125581,224530,0,0,0,0,0.0804074
107717,9,1,164555,43288,37569,121267,227063,0,0,0,0,0.060164
107718,9,1,170944,44743,38538,126201,234100,0,0,0,0,0.0562768
107719,9,2,210110,56228,47990,153869,293971,1,0,0,0,0.145703
107720,9,1,141127,35958,31082,105169,187790,0,0,0,0,0.0606926
107721,9,1,185660,48377,42322,137283,250950,0,0,0,0,0.0902064
107722,9,1,179699,47080,41266,132619,245499,0,0,0,0,0.103439
107723,9,1,183319,48029,41887,135290,248075,0,0,0,0,0.0596287
107724,9,1,193437,51554,44779,141883,270155,0,0,0,0,0.0553744
107725,9,1,185244,48974,42712,136270,255339,0,0,0,0,0.056547
107726,9,1,155437,39655,34470,115782,205625,0,0,0,0,0.055503
107727,9,1,159383,40959,35557,118424,213172,0,0,0,0,0.0608204
107728,9,1,166417,42883,36938,123534,223113,0,0,0,0,0.0519014
107729,9,1,169912,44177,37840,125735,229921,0,0,0,0,0.0555526
107730,9,1,155368,40262,34954,115106,210841,0,0,0,0,0.0788102
107731,9,1,189415,49580,43564,139835,256726,0,0,0,0,0.0673576
107732,9,2,214192,57366,50117,156814,303362,1,0,0,0,0.157378
107733,9,1,181846,47527,41444,134319,244698,0,0,0,0,0.0593385
107734,9,1,178770,46241,40187,132529,240576,0,0,0,0,0.0573811
107735,9,1,169918,43563,37972,126355,226108,0,0,0,0,0.0559215
107736,9,1,160267,41001,35568,119266,212813,0,0,0,0,0.0549345
107737,9,1,151777,38334,33003,113443,198586,0,0,0,0,0.0539733
107738,9,1,156942,39746,34447,117196,205371,0,0,0,0,0.0565608
107739,9,1,159581,40981,35421,118600,212654,0,0,0,0,0.0529898
107740,9,1,155652,39202,33470,116450,200460,0,0,0,0,0.0589678
107741,9,1,154760,38906,33302,115854,198790,0,0,0,0,0.0796261
107742,9,1,149770,37951,32837,111819,196719,0,0,0,0,0.085549
107743,9,1,135139,34532,30098,100607,179786,0,0,0,0,0.0568943
107744,9,1,174959,44925,39225,130034,230904,0,0,0,0,0.0612558
107745,9,1,184066,48831,42679,135235,255064,0,0,0,0,0.0833171
107746,9,1,169423,43556,37907,125867,225751,0,0,0,0,0.069086
107747,9,1,161137,41699,36169,119438,217641,0,0,0,0,0.0642539
107748,9,1,153082,38783,33596,114299,201200,0,0,0,0,0.0758353
107749,9,1,133130,33625,28698,99505,172743,0,0,0,0,0.0819211
107750,9,1,165620,43144,37365,122476,225245,0,0,0,0,0.0622099
107751,9,1,165623,43093,37402,122530,224765,0,0,0,0,0.0814268
107752,9,1,158787,40611,34837,118176,211213,0,0,0,0,0.0948264
107753,9,1,137368,34666,30279,102702,179051,0,0,0,0,0.0576512
107754,9,1,175816,46351,40642,129465,242026,0,0,0,0,0.057081
107755,9,1,190488,50821,44354,139667,266003,0,0,0,0,0.0719354
107756,9,1,172349,44248,38315,128101,228558,0,0,0,0,0.0609777
107757,9,1,163418,42431,36842,120987,221539,0,0,0,0,0.0786268
107758,9,1,155161,39457,33998,115704,204527,0,0,0,0,0.0610883
107759,9,1,142028,36821,31652,105207,192187,0,0,0,0,0.0614485
107760,9,2,223966,59506,51951,164447,312340,1,0,0,0,0.164265
107761,9,2,223851,59492,51964,164346,312283,1,0,0,0,0.155564
107762,9,1,161168,41256,35575,119912,214594,0,0,0,0,0.0611367
107763,9,1,158994,40454,34993,118540,208026,0,0,0,0,0.0608385
107764,9,1,169236,44115,38304,125121,229327,0,0,0,0,0.0584102
107765,9,1,182921,48009,41444,134912,250352,0,0,0,0,0.0551945
107766,9,1,183960,48002,41425,135958,249583,0,0,0,0,0.0575731
107767,9,1,169704,43872,37763,125832,228509,0,0,0,0,0.0552182
107768,9,1,169512,43730,37606,125782,227554,0,0,0,0,0.0532301
107769,9,1,141016,36085,30956,104931,187534,0,0,0,0,0.058449
107770,9,1,160629,41417,35953,119212,214742,0,0,0,0,0.0535572
107771,9,1,160769,41411,35978,119358,214570,0,0,0,0,0.0537643
107772,9,1,158733,40937,35483,117796,212600,0,0,0,0,0.0705222
107773,9,1,146839,36813,31845,110026,187324,0,0,0,0,0.0514921
107774,9,2,165895,43141,37379,122743,223323,1,0,0,0,0.12674
107775,9,2,166723,44102,38237,122608,231525,1,0,0,0,0.131786
107776,9,1,175017,45785,39798,129232,237550,0,0,0,0,0.0579958
107777,9,2,160789,42412,36505,118364,223015,1,0,0,0,0.133074
107778,9,1,157593,40644,35050,116949,211304,0,0,0,0,0.0528647
107779,9,1,136048,34989,30256,101059,182613,0,0,0,0,0.0547041
107780,9,1,176754,46344,40721,130410,240793,0,0,0,0,0.059765
107781,9,1,176823,46321,40742,130502,240544,0,0,0,0,0.0563655
107782,9,1,158292,40564,35303,117728,210464,0,0,0,0,0.058282
107783,9,1,169203,42932,36951,126271,218193,0,0,0,0,0.0538392
107784,9,2,187030,50590,44192,136427,265383,1,0,0,0,0.188645
107785,9,1,183476,48170,41798,135306,250087,0,0,0,0,0.0779986
107786,9,1,186192,49045,42312,137147,255145,0,0,0,0,0.0825345
107787,9,1,170748,44451,38482,126297,231299,0,0,0,0,0.0615052
107788,9,1,170179,44214,38285,125965,230108,0,0,0,0,0.0608635
107789,9,1,143246,37634,32396,105612,197404,0,0,0,0,0.059559
107790,9,2,245510,65698,56872,179799,339114,1,0,0,0,0.205096
107791,9,2,245447,65663,56795,179771,338863,1,0,0,0,0.181448
107792,9,1,163532,42445,36916,121087,218527,0,0,0,0,0.0559983
107793,9,1,163350,42350,36858,121000,217905,0,0,0,0,0.0716235
107794,9,1,154999,40187,34694,114812,205393,0,0,0,0,0.0621479
107795,9,2,235062,64657,56017,170392,339196,1,0,0,0,0.146141
107796,9,2,235192,64692,56047,170487,339385,1,0,0,0,0.169674
107797,9,2,224173,60870,52193,163290,319751,1,0,0,0,0.16626
107798,9,2,224208,60877,52192,163318,319785,1,0,0,0,0.141674
107799,9,1,144177,37321,31704,106856,193480,0,0,0,0,0.056932
109760,9,1,146284,39537,34396,106747,208030,0,0,0,0,0.0527537
109761,9,1,140531,36974,32115,103557,192430,0,0,0,0,0.0489929
109764,9,2,192912,52196,45501,140703,273258,1,0,0,0,0.158755
109769,9,1,178120,46603,40200,131517,241421,0,0,0,0,0.0556164
109770,9,1,146011,39462,34385,106549,207564,0,0,0,0,0.0537924
109771,9,1,140225,36885,32078,103340,191878,0,0,0,0,0.0470018
109774,9,2,192712,52153,45479,140546,273046,1,0,0,0,0.133727
109779,9,1,178394,46618,40281,131776,241330,0,0,0,0,0.0558956
109780,9,1,142038,38254,33082,103784,202042,0,0,0,0,0.0565645
109781,9,1,140340,36823,31800,103517,192193,0,0,0,0,0.0513408
109784,9,2,224813,61758,53989,163042,327190,1,0,0,0,0.17467
109789,9,2,220744,60353,53231,160378,320477,1,0,0,0,0.142919
109790,9,1,156828,42555,36656,114273,224807,0,0,0,0,0.0815316
109791,9,1,147906,38539,33347,109367,199268,0,0,0,0,0.0557812
109794,9,1,163431,42953,37496,120478,223292,0,0,0,0,0.0545101
109799,9,1,158331,41660,36118,116671,218186,0,0,0,0,0.0521102
109800,9,1,152840,40336,35091,112504,209939,0,0,0,0,0.0715858
109801,9,1,136657,34799,30211,101858,177227,0,0,0,0,0.0483361
109804,9,2,220580,60338,52020,160230,319412,1,0,0,0,0.14681
109809,9,1,154995,40176,35160,114819,206657,0,0,0,0,0.0635239
109830,9,1,172687,46701,40556,125986,245418,0,0,0,0,0.0642332
109831,9,1,178480,47188,41353,131292,244462,0,0,0,0,0.0569002
109834,9,1,162263,42276,36784,119987,217824,0,0,0,0,0.0584356
109839,9,1,171100,44607,38555,126493,229813,0,0,0,0,0.0573211
109840,9,1,161547,43161,36975,118386,225859,0,0,0,0,0.0602119
109841,9,1,160929,41871,36277,119058,215493,0,0,0,0,0.0497377
109844,9,1,166763,44616,39194,122147,233142,0,0,0,0,0.0545314
109849,9,1,153050,38759,33368,114291,198424,0,0,0,0,0.0513875
109850,9,1,179912,49311,42117,130601,259326,0,0,0,0,0.0649203
109851,9,1,170588,45527,39879,125061,236704,0,0,0,0,0.0507021
109854,9,1,190664,51311,44783,139353,269207,0,0,0,0,0.0712266
109859,9,1,161832,41711,36147,120121,215798,0,0,0,0,0.0750556
109860,9,1,179734,47841,41119,131893,247589,0,0,0,0,0.0572298
109861,9,1,163695,43251,37517,120444,224232,0,0,0,0,0.0587901
109864,9,1,188175,50629,44143,137546,265301,0,0,0,0,0.0516598
109869,9,1,164857,42398,36718,122459,218108,0,0,0,0,0.0696184
109890,9,1,145591,38843,33372,106748,204155,0,0,0,0,0.0567014
109891,9,1,146854,38059,32959,108795,196517,0,0,0,0,0.0470965
109894,9,1,165360,43594,37991,121766,227199,0,0,0,0,0.0525086
109899,9,1,147495,37270,32301,110225,189965,0,0,0,0,0.0586559
109900,9,1,162531,44416,37763,118115,234477,0,0,0,0,0.078296
109901,9,1,160764,42832,37311,117932,223394,0,0,0,0,0.0543614
109904,9,1,187307,49957,43655,137350,261361,0,0,0,0,0.0714426
109909,9,1,163288,42151,36320,121137,217381,0,0,0,0,0.0560574
109910,9,1,161295,42587,36857,118708,220470,0,0,0,0,0.0617582
109911,9,1,155851,41250,35748,114601,214683,0,0,0,0,0.0518247
109914,9,1,183412,48788,42675,134624,254315,0,0,0,0,0.0651937
109919,9,1,156749,40124,34696,116625,206246,0,0,0,0,0.071289
109940,9,1,148055,40024,33634,108031,211233,0,0,0,0,0.0613899
109941,9,2,248319,68705,60024,179601,365300,1,0,0,0,0.157291
109944,9,2,258782,71627,62898,187142,380218,1,0,0,0,0.224595
109949,9,2,242515,64268,55970,178235,336307,1,0,0,0,0.190953
109950,9,1,144654,37766,32122,106888,196311,0,0,0,0,0.0714072
109951,9,1,158832,41671,36009,117161,217575,0,0,0,0,0.0468904
109954,9,1,173985,45874,40096,128111,239140,0,0,0,0,0.0620353
109959,9,1,158442,40833,34942,117609,210924,0,0,0,0,0.060393
109980,9,1,134771,34150,29390,100621,174743,0,0,0,0,0.0786134
109981,9,1,153888,39659,34680,114229,204492,0,0,0,0,0.0617084
109984,9,1,170183,44198,38638,125985,227611,0,0,0,0,0.0539168
109989,9,1,155135,39925,34657,115210,205449,0,0,0,0,0.0690311
110030,9,1,157336,41017,35222,116319,212995,0,0,0,0,0.0587934
110031,9,1,169976,44401,38730,125575,230513,0,0,0,0,0.0592511
110032,9,1,170334,44125,37736,126209,228936,0,0,0,0,0.064737
110033,9,1,179732,46853,40149,132879,243093,0,0,0,0,0.0582351
110034,9,1,180775,47655,41957,133120,246348,0,0,0,0,0.0791158
110035,9,1,176788,46307,40009,130481,240819,0,0,0,0,0.0860647
110036,9,1,185742,49039,42350,136703,254948,0,0,0,0,0.0706114
110037,9,1,176895,45580,39511,131315,233968,0,0,0,0,0.0715923
110038,9,1,186187,49104,41979,137083,255162,0,0,0,0,0.0840528
110039,9,1,181707,47445,41073,134262,245982,0,0,0,0,0.107307
110322,18,1,147498,38937,34147,108561,204167,0,0,0,0,0.0576881
110325,18,1,181641,49153,43043,132488,256682,0,0,0,0,0.0552759
110328,18,1,167675,44218,38584,123457,229436,0,0,0,0,0.0499143
110332,18,1,147114,38821,34099,108293,203430,0,0,0,0,0.0492734
110335,18,1,181147,49011,42953,132136,255834,0,0,0,0,0.0524966
110338,18,1,167705,44207,38600,123498,229346,0,0,0,0,0.0481658
110342,18,1,144237,37768,32964,106469,198616,0,0,0,0,0.0572785
110345,18,1,175646,47220,40648,128426,246261,0,0,0,0,0.0528769
110348,18,1,173766,46444,40228,127322,241783,0,0,0,0,0.0547607
110352,18,1,187745,50805,44060,136940,265562,0,0,0,0,0.0778507
110355,18,1,201457,55722,48761,145735,293113,0,0,0,0,0.0911458
110358,18,2,175075,47376,41208,127687,250643,1,0,0,0,0.162645
110362,18,1,164907,43760,38029,121147,229346,0,0,0,0,0.0795039
110365,18,1,176159,47562,41516,128597,250693,0,0,0,0,0.0604438
110368,18,1,168145,44950,39031,123195,235765,0,0,0,0,0.0609463
110370,18,1,151457,39614,34629,111843,207379,0,0,0,0,0.072737
110371,18,1,162905,43052,37407,119853,225073,0,0,0,0,0.0707843
110372,18,1,159871,41848,36575,118023,217234,0,0,0,0,0.0690635
110373,18,1,171770,45633,39560,126137,239246,0,0,0,0,0.0579333
110374,18,1,165696,43765,37783,121931,228753,0,0,0,0,0.0542333
110375,18,1,177306,47137,41153,130169,246925,0,0,0,0,0.0599084
110376,18,1,170435,44599,38983,125836,232931,0,0,0,0,0.0580948
110377,18,2,328565,87556,76216,240997,459052,1,0,0,0,0.215759
110378,18,1,177559,46774,40576,130785,244198,0,0,0,0,0.053062
110379,18,1,162006,42282,36948,119724,220419,0,0,0,0,0.0503005
110392,18,1,173516,45605,39787,127911,237693,0,0,0,0,0.075359
110395,18,2,207939,56314,49113,151612,294318,1,0,0,0,0.134363
110398,18,1,178087,47022,40966,131065,243903,0,0,0,0,0.0523338
110402,18,1,161227,41710,36203,119517,216212,0,0,0,0,0.0506941
110405,18,1,182793,48726,42280,134067,254191,0,0,0,0,0.0723305
110408,18,1,175283,46506,40348,128777,242739,0,0,0,0,0.070085
110412,18,2,248179,68657,59621,179510,364353,1,0,0,0,0.147553
110415,18,2,365340,98474,85412,266853,517390,1,0,0,0,0.170859
110418,18,1,184652,49356,43010,135296,258435,0,0,0,0,0.0535067
110422,18,2,275351,76135,66168,199204,404003,1,0,0,0,0.170528
110425,18,2,271176,74843,65000,196321,397276,1,0,0,0,0.165604
110428,18,2,268811,73755,64415,195044,391018,1,0,0,0,0.144504
110430,18,1,175182,45850,39999,129332,237681,0,0,0,0,0.0593017
110431,18,2,368637,99121,86273,269503,519114,1,0,0,0,0.206654
110432,18,1,190763,50907,43937,139856,265213,0,0,0,0,0.069756
110433,18,1,202142,55119,47971,147023,289119,0,0,0,0,0.0637825
110434,18,2,361433,96807,84614,264613,506861,1,0,0,0,0.210002
110435,18,1,214533,58615,50963,155918,308893,0,0,0,0,0.0582419
110436,18,1,193109,52228,45511,140881,274686,0,0,0,0,0.0565911
110437,18,1,189795,51002,44850,138793,268057,0,0,0,0,0.0598147
110438,18,1,183711,49404,43390,134307,259517,0,0,0,0,0.0513103
110439,18,1,191493,51668,44954,139825,270141,0,0,0,0,0.0550657
110452,18,1,143278,36851,32017,106427,191726,0,0,0,0,0.0494225
110455,18,1,175516,46249,40236,129267,239983,0,0,0,0,0.0572968
110458,18,1,168707,44436,38590,124271,231388,0,0,0,0,0.0600563
110462,18,1,186393,50288,43490,136105,264187,0,0,0,0,0.0712607
110465,18,2,365839,98964,85810,266862,520018,1,0,0,0,0.166547
110468,18,1,178562,47615,41122,130947,249264,0,0,0,0,0.0505121
110472,18,1,177589,47196,40798,130393,246546,0,0,0,0,0.0530587
110475,18,2,267355,73637,64097,193706,391175,1,0,0,0,0.140006
110478,18,1,188517,50512,43933,138005,264688,0,0,0,0,0.0547052
110480,18,1,154855,40540,35179,114315,211662,0,0,0,0,0.0547289
110481,18,1,179638,47828,41101,131810,250262,0,0,0,0,0.0509566
110482,18,1,176690,46990,40453,129700,246330,0,0,0,0,0.0494303
110484,18,2,355484,94735,82781,260736,495549,1,0,0,0,0.158303
110485,18,1,212714,58082,50588,154632,306261,0,0,0,0,0.0599168
110486,18,1,193541,52203,45405,141338,273755,0,0,0,0,0.0560012
110487,18,1,191662,51405,44830,140257,270372,0,0,0,0,0.0598667
110488,18,1,173842,45957,40359,127885,239985,0,0,0,0,0.0492597
110489,18,1,184783,49527,42893,135256,258673,0,0,0,0,0.0530664
110493,18,1,189939,51510,44656,138429,271466,0,0,0,0,0.0545265
110502,18,1,183553,49629,42795,133924,261350,0,0,0,0,0.0536522
110505,18,1,201237,54684,47329,146553,286211,0,0,0,0,0.0577345
110508,18,1,169299,45454,39490,123845,239040,0,0,0,0,0.0501413
110512,18,2,274410,75975,65718,198422,404441,1,0,0,0,0.145408
110515,18,2,281720,78073,68235,203634,415441,1,0,0,0,0.157336
110518,18,1,175299,46295,40323,129004,241695,0,0,0,0,0.0548517
110520,18,1,137063,35244,30270,101819,183699,0,0,0,0,0.0532365
110521,18,1,173777,45870,39760,127907,239790,0,0,0,0,0.0516064
110522,18,1,189331,51232,44356,138099,270282,0,0,0,0,0.0533577
110524,18,1,183460,48494,42174,134966,252835,0,0,0,0,0.0544323
110525,18,1,201885,54917,47934,146968,289836,0,0,0,0,0.0733077
110528,18,2,241741,65548,57109,176181,347269,1,0,0,0,0.146403
110529,18,1,185525,50103,43304,135422,262655,0,0,0,0,0.0576186
110533,18,1,172213,46016,40233,126197,242009,0,0,0,0,0.0667603
110536,18,2,266327,73302,64126,193013,389491,1,0,0,0,0.191689
110537,18,1,181099,48153,41999,132946,253580,0,0,0,0,0.0715303
110542,18,2,157733,41567,36074,116155,218283,1,0,0,0,0.140082
110545,18,2,156726,41141,35587,115574,216043,1,0,0,0,0.133171
110548,18,2,156292,41073,35558,115207,215850,1,0,0,0,0.133125
110550,18,1,168474,45029,39024,123445,235357,0,0,0,0,0.0542604
110551,18,1,181106,48705,42271,132401,255115,0,0,0,0,0.0553469
110554,18,1,200236,54121,47127,146115,282803,0,0,0,0,0.0570465
110559,18,1,194335,52936,46530,141399,278558,0,0,0,0,0.0727472
110562,18,1,187811,50698,43931,137113,266678,0,0,0,0,0.0570616
110563,18,1,176154,47458,41214,128696,249966,0,0,0,0,0.0533391
110565,18,1,202733,55169,48009,147564,290548,0,0,0,0,0.058874
110566,18,1,187190,50522,44214,136668,265138,0,0,0,0,0.0551609
110567,18,1,205789,55876,48237,149913,294023,0,0,0,0,0.0606851
110568,18,2,243323,66298,57734,177014,350655,1,0,0,0,0.145816
110580,18,1,149808,38811,33545,110997,200926,0,0,0,0,0.0502855
110581,18,1,165761,43553,38092,122208,226381,0,0,0,0,0.0504092
110582,18,1,165997,43102,36915,122895,223480,0,0,0,0,0.0494603
110583,18,1,162178,42276,36806,119902,219208,0,0,0,0,0.0536254
110584,18,2,245838,66864,58581,178962,353049,1,0,0,0,0.165964
110585,18,1,177703,46491,40195,131212,241244,0,0,0,0,0.0891159
110586,18,1,177100,47067,41099,130033,244897,0,0,0,0,0.0541625
110587,18,2,214783,57864,50389,156906,306177,1,0,0,0,0.16222
110588,18,1,185976,50228,43442,135748,262852,0,0,0,0,0.0601061
110589,18,1,176915,46904,40900,130011,244952,0,0,0,0,0.0707297
112280,9,1,146101,39381,34206,106720,206945,0,0,0,0,0.0564315
112281,9,1,140752,36850,31963,103902,191291,0,0,0,0,0.0778179
112284,9,2,194140,52397,45666,141730,273875,1,0,0,0,0.149943
112289,9,1,177814,46486,40020,131328,240745,0,0,0,0,0.0611696
112290,9,1,145719,39288,34176,106431,206428,0,0,0,0,0.0554726
112291,9,1,140335,36745,31922,103590,190692,0,0,0,0,0.0565783
112294,9,2,193828,52336,45611,141479,273597,1,0,0,0,0.177593
112299,9,1,177927,46469,40088,131458,240490,0,0,0,0,0.0589096
112300,9,1,141772,38014,32853,103758,200532,0,0,0,0,0.060908
112301,9,1,140504,36621,31633,103883,190611,0,0,0,0,0.0532161
112304,9,2,227430,62393,54361,165024,330439,1,0,0,0,0.147629
112309,9,2,222914,60852,53505,162049,322847,1,0,0,0,0.15188
112310,9,1,157265,42418,36585,114847,223593,0,0,0,0,0.0824158
112311,9,1,148159,38520,33277,109639,199063,0,0,0,0,0.0566239
112314,9,1,164974,43400,37856,121574,225697,0,0,0,0,0.0587816
112319,9,1,160480,42317,36691,118163,221751,0,0,0,0,0.0557478
112320,9,1,153511,40322,35091,113189,209413,0,0,0,0,0.0721014
112321,9,1,137662,35039,30361,102623,178384,0,0,0,0,0.0542132
112324,9,2,219696,59974,51625,159710,317263,1,0,0,0,0.165584
112329,9,1,155033,40112,35016,114921,206206,0,0,0,0,0.050282
112350,9,1,173846,47008,40847,126838,246922,0,0,0,0,0.0634489
112351,9,1,179279,47317,41426,131962,244805,0,0,0,0,0.0612635
112354,9,1,163392,42563,36910,120829,219249,0,0,0,0,0.056704
112359,9,1,172020,44877,38748,127143,231290,0,0,0,0,0.0568439
112360,9,1,164127,44073,37843,120054,230803,0,0,0,0,0.0784726
112361,9,1,162303,42337,36668,119966,217988,0,0,0,0,0.0637138
112364,9,1,168538,45218,39489,123320,236545,0,0,0,0,0.058407
112369,9,1,153234,38881,33448,114353,199210,0,0,0,0,0.0483532
112370,9,1,180771,49199,42089,131572,257975,0,0,0,0,0.0645393
112371,9,1,172472,46122,40253,126350,239944,0,0,0,0,0.052621
112374,9,1,192365,51806,45185,140559,271796,0,0,0,0,0.054021
112379,9,1,162103,41783,36153,120320,216102,0,0,0,0,0.0538862
112380,9,1,182821,48491,41648,134330,250448,0,0,0,0,0.0569632
112381,9,1,165952,43909,38019,122043,227603,0,0,0,0,0.0501658
112384,9,1,190788,51485,44817,139303,269848,0,0,0,0,0.0532697
112389,9,1,164237,42303,36685,121934,217803,0,0,0,0,0.053213
112410,9,1,148493,39788,34107,108705,209348,0,0,0,0,0.0557815
112411,9,1,147624,38428,33307,109196,198725,0,0,0,0,0.0481204
112414,9,1,167494,44279,38449,123215,231020,0,0,0,0,0.0567923
112419,9,1,147555,37395,32462,110160,190815,0,0,0,0,0.0488956
112420,9,1,162547,44126,37650,118421,232387,0,0,0,0,0.0623805
112421,9,1,162896,43562,37787,119334,227569,0,0,0,0,0.0491333
112424,9,1,189121,50551,44175,138570,264591,0,0,0,0,0.0747391
112429,9,1,163350,42225,36336,121125,217793,0,0,0,0,0.058522
112430,9,1,163642,43152,37419,120490,223166,0,0,0,0,0.0828351
112431,9,1,158189,42021,36320,116168,218965,0,0,0,0,0.0465403
112434,9,1,185346,49466,43216,135880,258028,0,0,0,0,0.0526143
112439,9,1,156716,40200,34817,116516,206761,0,0,0,0,0.0504831
112460,9,1,149733,40456,33979,109277,213516,0,0,0,0,0.0602222
112461,9,2,273478,75872,66308,197593,403001,1,0,0,0,0.150962
112464,9,2,284069,78739,69205,205317,417154,1,0,0,0,0.148093
112469,9,2,257951,68445,59404,189494,357404,1,0,0,0,0.148691
112470,9,1,146527,38196,32526,108331,198371,0,0,0,0,0.0535032
112471,9,1,160255,42131,36396,118124,219978,0,0,0,0,0.0466052
112474,9,1,175137,46344,40488,128793,241757,0,0,0,0,0.0497239
112479,9,1,160381,41534,35579,118847,214787,0,0,0,0,0.0508847
112500,9,1,135902,34578,29731,101324,177179,0,0,0,0,0.0649341
112501,9,1,154422,39944,34892,114478,206233,0,0,0,0,0.0816672
112504,9,1,170244,44288,38658,125956,228178,0,0,0,0,0.0540077
112509,9,1,155864,40285,35043,115579,207546,0,0,0,0,0.0669781
112550,9,1,159008,41527,35473,117481,215846,0,0,0,0,0.0580549
112551,9,1,171858,44994,39059,126864,233796,0,0,0,0,0.0554067
112552,9,1,170812,44502,37966,126310,231469,0,0,0,0,0.0543108
112553,9,1,181574,47617,40688,133957,247510,0,0,0,0,0.0551261
112554,9,1,182535,48261,42309,134274,249644,0,0,0,0,0.0546347
112555,9,1,177024,46544,40132,130480,242465,0,0,0,0,0.0557836
112556,9,1,187095,49611,42640,137484,258237,0,0,0,0,0.0559
112557,9,1,177818,46069,39739,131749,236969,0,0,0,0,0.0554519
112558,9,1,188619,49934,42735,138685,259703,0,0,0,0,0.057021
112559,9,1,183480,48144,41642,135336,250109,0,0,0,0,0.0761946
112842,18,1,148204,38995,34215,109209,204152,0,0,0,0,0.0478696
112845,18,1,184439,50040,43893,134399,261401,0,0,0,0,0.0517126
112848,18,1,168047,44258,38583,123789,229511,0,0,0,0,0.0476057
112852,18,1,147749,38866,34174,108883,203359,0,0,0,0,0.0480885
112855,18,1,183950,49897,43811,134053,260525,0,0,0,0,0.0519547
112858,18,1,168122,44258,38596,123864,229476,0,0,0,0,0.0472638
112862,18,1,145152,38012,33349,107140,199895,0,0,0,0,0.0516324
112865,18,1,176821,47503,40916,129318,247555,0,0,0,0,0.0529143
112868,18,1,175728,47000,40745,128728,244578,0,0,0,0,0.0504967
112872,18,1,190633,51856,45105,138777,271693,0,0,0,0,0.0617653
112875,18,1,203632,56621,49478,147011,298498,0,0,0,0,0.0616697
112878,18,2,172744,46725,40606,126007,246956,1,0,0,0,0.13112
112882,18,1,165839,43990,38311,121849,230520,0,0,0,0,0.054281
112885,18,1,177605,47918,41789,129687,252405,0,0,0,0,0.0541929
112888,18,1,170644,45785,39761,124859,240502,0,0,0,0,0.0570404
112890,18,1,152564,39832,34842,112732,208358,0,0,0,0,0.106666
112891,18,1,164713,43644,37829,121069,228411,0,0,0,0,0.0625106
112892,18,1,161902,42311,36995,119591,219433,0,0,0,0,0.0523417
112893,18,1,174574,46546,40342,128028,244336,0,0,0,0,0.0554883
112894,18,1,166279,43800,37920,122479,228558,0,0,0,0,0.0527194
112895,18,1,181277,48300,42121,132977,253158,0,0,0,0,0.0572611
112896,18,1,172433,45377,39683,127056,237222,0,0,0,0,0.0562034
112897,18,2,331315,88467,77033,242836,463911,1,0,0,0,0.219931
112898,18,1,179257,47384,41176,131873,247706,0,0,0,0,0.0575007
112899,18,1,163435,42741,37305,120694,223030,0,0,0,0,0.0548981
112912,18,1,175232,46091,40126,129141,240210,0,0,0,0,0.0628611
112915,18,2,209784,56747,49540,153024,296357,1,0,0,0,0.185422
112918,18,1,178974,47292,41116,131682,245332,0,0,0,0,0.0573145
112922,18,1,161561,41909,36388,119652,217383,0,0,0,0,0.0757921
112925,18,1,183203,48818,42492,134385,254594,0,0,0,0,0.073649
112928,18,1,176228,46847,40631,129381,244666,0,0,0,0,0.0579185
112932,18,2,250799,69450,60300,181337,368322,1,0,0,0,0.147771
112935,18,2,367647,99145,85889,268489,520629,1,0,0,0,0.197684
112938,18,1,185907,49564,43245,136343,259173,0,0,0,0,0.0598907
112942,18,2,304911,84713,73577,220186,448841,1,0,0,0,0.219553
112945,18,2,297644,82597,71725,215035,438064,1,0,0,0,0.18025
112948,18,2,291680,80374,70341,211294,425943,1,0,0,0,0.189523
112950,18,1,176702,46220,40361,130482,239374,0,0,0,0,0.0641785
112951,18,2,371213,99951,87126,271249,523419,1,0,0,0,0.190498
112952,18,1,192536,51617,44523,140919,269209,0,0,0,0,0.0766527
112953,18,1,203539,55552,48277,147987,291419,0,0,0,0,0.0799981
112954,18,2,364718,97977,85589,266728,513088,1,0,0,0,0.177507
112955,18,1,214454,58808,51151,155646,310291,0,0,0,0,0.0604726
112956,18,1,193913,52540,45698,141373,276465,0,0,0,0,0.0567133
112957,18,1,190820,51405,45211,139415,270278,0,0,0,0,0.060562
112958,18,1,184947,49850,43693,135097,262025,0,0,0,0,0.0559233
112959,18,1,194066,52353,45455,141713,273479,0,0,0,0,0.057111
112972,18,1,143891,37151,32345,106740,193548,0,0,0,0,0.0604989
112975,18,1,175947,46506,40586,129441,241591,0,0,0,0,0.0721667
112978,18,1,169848,44884,39105,124964,233960,0,0,0,0,0.0609652
112982,18,1,187685,50849,43943,136836,267507,0,0,0,0,0.0541307
112985,18,2,367969,99620,86282,268336,523212,1,0,0,0,0.195234
112988,18,1,179186,47929,41588,131257,251073,0,0,0,0,0.0617924
112992,18,1,179664,47928,41413,131736,250639,0,0,0,0,0.0593032
112995,18,2,293176,81130,70588,212034,430320,1,0,0,0,0.169053
112998,18,1,190670,51335,44722,139335,269344,0,0,0,0,0.0733012
113000,18,1,156271,40857,35453,115414,213141,0,0,0,0,0.0726716
113001,18,1,180662,48176,41400,132486,252083,0,0,0,0,0.0723484
113002,18,1,178432,47729,40995,130703,250564,0,0,0,0,0.0662344
113004,18,2,357311,95443,83337,261855,499337,1,0,0,0,0.178978
113005,18,1,213502,58574,50968,154928,309311,0,0,0,0,0.0717765
113006,18,1,193912,52454,45471,141458,275345,0,0,0,0,0.0769931
113007,18,1,193136,51968,45390,141168,273535,0,0,0,0,0.0801476
113008,18,1,174679,46457,40722,128222,243034,0,0,0,0,0.0741405
113009,18,1,187836,50309,43493,137527,262456,0,0,0,0,0.0602197
113013,18,1,191534,51996,45159,139538,273994,0,0,0,0,0.0607195
113022,18,1,184192,49967,43066,134225,263314,0,0,0,0,0.0594528
113025,18,1,201301,54918,47610,146383,287809,0,0,0,0,0.0623347
113028,18,1,170314,45932,40004,124382,241744,0,0,0,0,0.0559329
113032,18,2,301025,83706,72568,217306,445449,1,0,0,0,0.167386
113035,18,2,310980,86466,75611,224501,459528,1,0,0,0,0.169546
113038,18,1,176416,46705,40693,129711,243945,0,0,0,0,0.0601492
113040,18,1,138690,35663,30704,103027,185836,0,0,0,0,0.0696344
113041,18,1,174959,46333,40106,128626,242537,0,0,0,0,0.0591153
113042,18,1,190779,51725,44763,139054,272898,0,0,0,0,0.0556856
113044,18,1,184641,48920,42575,135721,255324,0,0,0,0,0.0533849
113045,18,1,203118,55486,48258,147632,293079,0,0,0,0,0.0566233
113048,18,2,267905,72989,63524,194904,386580,1,0,0,0,0.169535
113049,18,1,185757,50219,43498,135538,263218,0,0,0,0,0.0614705
113053,18,1,174153,46595,40782,127558,245064,0,0,0,0,0.0552014
113056,18,2,292392,80770,70853,211610,429101,1,0,0,0,0.169935
113057,18,1,182358,48644,42438,133714,256384,0,0,0,0,0.067191
113062,18,2,160300,42389,36796,117900,222718,1,0,0,0,0.163775
113065,18,2,159428,42002,36326,117415,220616,1,0,0,0,0.141788
113068,18,2,158782,41771,36124,116999,219435,1,0,0,0,0.15901
113070,18,1,170314,45609,39574,124705,238428,0,0,0,0,0.0609916
113071,18,1,182943,49250,42737,133693,257896,0,0,0,0,0.0601995
113074,18,1,201977,54700,47662,147277,285869,0,0,0,0,0.0805904
113079,18,1,194643,53200,46862,141443,280082,0,0,0,0,0.103371
113082,18,1,188560,51001,44267,137559,268441,0,0,0,0,0.0771329
113083,18,1,177045,47814,41624,129231,251919,0,0,0,0,0.0741845
113085,18,1,203695,55530,48277,148165,292539,0,0,0,0,0.0821757
113086,18,1,188502,51083,44599,137419,268335,0,0,0,0,0.0618067
113087,18,1,206772,56328,48767,150444,296760,0,0,0,0,0.0651301
113088,18,2,264441,72303,62737,192127,382132,1,0,0,0,0.162304
113100,18,1,151070,39203,33870,111867,203051,0,0,0,0,0.0505653
113101,18,1,167326,44026,38518,123300,228786,0,0,0,0,0.0514434
113102,18,1,164838,42888,36729,121950,222607,0,0,0,0,0.0669915
113103,18,1,162670,42386,36887,120284,219785,0,0,0,0,0.0648654
113104,18,2,269441,73518,64522,195911,388062,1,0,0,0,0.165764
113105,18,1,177230,46415,40129,130815,240913,0,0,0,0,0.0693285
113106,18,1,177631,47147,41188,130484,245164,0,0,0,0,0.0778692
113107,18,2,217395,58622,50960,158760,310145,1,0,0,0,0.177261
113108,18,1,186689,50671,43952,136018,265403,0,0,0,0,0.0536581
113109,18,1,176767,46806,40865,129961,244171,0,0,0,0,0.06594
114520,9,1,139242,37217,32148,102025,197212,0,0,0,0,0.0593914
114521,9,1,135007,34833,30062,100174,181570,0,0,0,0,0.0561507
114524,9,2,174347,46165,40248,128169,242188,1,0,0,0,0.146663
114529,9,1,179260,47299,40234,131961,246352,0,0,0,0,0.0622473
114530,9,1,138866,37130,32120,101736,196754,0,0,0,0,0.0823358
114531,9,1,134482,34733,29999,99749,181116,0,0,0,0,0.0565311
114534,9,2,173760,46002,40078,127745,241250,1,0,0,0,0.141411
114539,9,1,178741,47125,40192,131616,245306,0,0,0,0,0.0643316
114540,9,1,128671,34267,29282,94404,182186,0,0,0,0,0.0582788
114541,9,1,125286,32026,27326,93260,167324,0,0,0,0,0.0593695
114544,9,2,201887,54281,47039,147593,287557,1,0,0,0,0.185509
114549,9,2,201454,54290,47132,147151,288612,1,0,0,0,0.163086
114550,9,1,147467,39572,33641,107895,209809,0,0,0,0,0.0882806
114551,9,1,129604,33265,28595,96339,173352,0,0,0,0,0.0605817
114554,9,1,155030,40649,34918,114381,213275,0,0,0,0,0.0581639
114559,9,1,149631,39304,33688,110327,207400,0,0,0,0,0.0557636
114560,9,1,138550,36066,31118,102484,188487,0,0,0,0,0.0782388
114561,9,1,123560,30989,26751,92571,158788,0,0,0,0,0.0487431
114564,9,1,146368,37621,32502,108747,194166,0,0,0,0,0.050374
114569,9,1,145785,36993,31952,108792,190160,0,0,0,0,0.0516746
114590,9,1,149872,39498,33540,110374,205500,0,0,0,0,0.0725552
114591,9,2,168350,44619,38747,123718,232033,1,0,0,0,0.139991
114594,9,2,189145,50238,44381,138895,260699,1,0,0,0,0.149007
114599,9,2,229794,61833,53973,167949,323677,1,0,0,0,0.162929
114600,9,1,157852,42306,36136,115546,221877,0,0,0,0,0.083486
114601,9,2,166470,44527,38517,121930,234117,1,0,0,0,0.175135
114604,9,2,180849,48513,42662,132323,255341,1,0,0,0,0.160936
114609,9,2,215863,57111,49739,158740,299506,1,0,0,0,0.178662
114610,9,1,157304,41961,35636,115343,219645,0,0,0,0,0.0587039
114611,9,2,178891,48369,42066,130509,255283,1,0,0,0,0.137869
114614,9,2,171229,45972,40355,125244,241953,1,0,0,0,0.148388
114619,9,2,206927,54710,47348,152205,287758,1,0,0,0,0.169827
114620,9,2,163673,43612,37667,120049,229281,1,0,0,0,0.149385
114621,9,2,181327,49305,43075,132009,260614,1,0,0,0,0.13719
114624,9,2,170966,45400,39822,125553,238331,1,0,0,0,0.161545
114629,9,2,207642,54911,47381,152718,288595,1,0,0,0,0.153198
114650,9,1,156445,41845,35700,114600,219653,0,0,0,0,0.0636131
114651,9,2,167715,44815,38741,122887,235505,1,0,0,0,0.150775
114654,9,2,174871,46504,40943,128354,244733,1,0,0,0,0.158449
114659,9,2,159660,41656,36289,117991,216977,1,0,0,0,0.151804
114660,9,1,161358,43754,36988,117604,230263,0,0,0,0,0.0626047
114661,9,2,183512,49744,43458,133755,262476,1,0,0,0,0.143804
114664,9,2,166357,44396,39004,121948,233574,1,0,0,0,0.135983
114669,9,2,157078,40996,35507,116069,214512,1,0,0,0,0.132833
114670,9,2,168234,45170,39127,123052,237824,1,0,0,0,0.156784
114671,9,2,181660,49305,43262,132342,260318,1,0,0,0,0.139348
114674,9,2,168224,44840,39435,123371,235570,1,0,0,0,0.131509
114679,9,2,202520,54014,46724,148493,284823,1,0,0,0,0.143431
114700,9,1,158849,42527,36164,116322,222036,0,0,0,0,0.0588306
114701,9,2,173435,46598,40655,126824,245427,1,0,0,0,0.131698
114704,9,2,166756,44927,39380,121816,237257,1,0,0,0,0.145825
114709,9,2,156495,41450,35834,115032,217950,1,0,0,0,0.147441
114710,9,2,176782,47083,41245,129688,244952,1,0,0,0,0.163173
114711,9,2,173288,47047,41131,126228,248383,1,0,0,0,0.184168
114714,9,2,162970,43709,38315,119248,230285,1,0,0,0,0.164792
114719,9,2,201164,53954,46596,147197,284911,1,0,0,0,0.165854
114740,9,2,194445,51764,45613,142669,269381,1,0,0,0,0.192109
114741,9,2,181912,48771,42662,133128,256718,1,0,0,0,0.180028
114744,9,2,171607,45539,39953,126055,239438,1,0,0,0,0.164902
114749,9,1,155476,40461,34768,115015,209590,0,0,0,0,0.0912242
114790,9,2,229818,61777,54001,168029,323815,1,0,0,0,0.157947
114791,9,2,217833,57423,50061,160398,301146,1,0,0,0,0.211084
114792,9,2,209341,55434,48034,153895,291926,1,0,0,0,0.212508
114793,9,2,208793,55286,48003,153494,291194,1,0,0,0,0.207418
114794,9,2,160383,41777,36433,118593,217694,1,0,0,0,0.18372
114795,9,2,159229,41732,36357,117484,218841,1,0,0,0,0.184071
114796,9,2,205665,55093,47882,150559,291417,1,0,0,0,0.164949
114797,9,2,157849,41815,36387,116021,220352,1,0,0,0,0.204968
114798,9,2,203077,54901,47487,148163,291147,1,0,0,0,0.208383
114799,9,1,156156,40614,34862,115542,210516,0,0,0,0,0.0842171
115082,18,1,146082,38276,33082,107806,201347,0,0,0,0,0.0755328
115085,18,1,182414,50322,43898,132092,266514,0,0,0,0,0.0822675
115088,18,1,166129,44393,38247,121736,232866,0,0,0,0,0.071985
115092,18,1,145549,38173,33040,107376,200851,0,0,0,0,0.0756824
115095,18,1,181454,50067,43761,131387,265089,0,0,0,0,0.0798878
115098,18,1,165275,44192,38121,121083,231806,0,0,0,0,0.07745
115102,18,1,138583,36033,31314,102550,190007,0,0,0,0,0.0714619
115105,18,1,168565,45540,38997,123025,239221,0,0,0,0,0.0778594
115108,18,1,166749,44629,37894,122120,233963,0,0,0,0,0.0536937
115112,18,1,178834,48423,41696,130411,255723,0,0,0,0,0.0666173
115115,18,1,187534,51736,44461,135798,274162,0,0,0,0,0.0899752
115118,18,2,153183,40765,35034,112406,215685,1,0,0,0,0.167122
115122,18,1,157228,41661,35581,115567,220512,0,0,0,0,0.0844639
115125,18,1,164238,44244,38084,119994,235270,0,0,0,0,0.0574234
115128,18,1,159706,42734,36315,116972,226358,0,0,0,0,0.0570688
115130,18,1,142824,36768,31667,106056,193024,0,0,0,0,0.107499
115131,18,1,149718,39368,33751,110350,207278,0,0,0,0,0.0553254
115132,18,1,148528,38454,33243,110074,201014,0,0,0,0,0.0593666
115133,18,1,168119,44859,38795,123260,236529,0,0,0,0,0.0622721
115134,18,1,158488,41905,35885,116583,221141,0,0,0,0,0.10636
115135,18,1,174119,46519,40360,127600,245825,0,0,0,0,0.085149
115136,18,1,164767,43214,37064,121553,226813,0,0,0,0,0.0833234
115137,18,2,299390,79527,68566,219851,419030,1,0,0,0,0.269892
115138,18,1,169942,44714,38366,125228,234967,0,0,0,0,0.0779467
115139,18,1,158605,41575,35832,117030,218402,0,0,0,0,0.0665362
115152,18,2,175026,46104,40373,128911,239416,1,0,0,0,0.170072
115155,18,2,198986,54099,47243,144875,282933,1,0,0,0,0.193998
115158,18,2,168734,44051,38392,124671,227507,1,0,0,0,0.148505
115162,18,2,174778,46307,40052,128459,243165,1,0,0,0,0.160919
115165,18,2,192552,52808,46209,139731,279074,1,0,0,0,0.140149
115168,18,2,161451,42152,36475,119286,219672,1,0,0,0,0.146266
115172,18,2,191525,52064,45295,139448,275646,1,0,0,0,0.142456
115175,18,2,181823,49300,43043,132510,260247,1,0,0,0,0.181653
115178,18,2,165269,43741,38013,121515,229838,1,0,0,0,0.172652
115182,18,2,177000,47460,41429,129527,249880,1,0,0,0,0.133047
115185,18,2,172528,45963,39988,126552,241734,1,0,0,0,0.121858
115188,18,2,233406,62907,54635,170486,332240,1,0,0,0,0.138917
115190,18,2,166142,43844,38011,122286,229875,1,0,0,0,0.17398
115191,18,2,191988,52380,45747,139595,277473,1,0,0,0,0.162221
115192,18,2,177199,47600,41462,129586,250427,1,0,0,0,0.171549
115193,18,1,206898,56981,49352,149917,299809,0,0,0,0,0.0701511
115194,18,2,195893,54021,47051,141859,286414,1,0,0,0,0.179511
115195,18,2,175976,47187,40998,128776,248260,1,0,0,0,0.178175
115196,18,2,229582,62502,54464,167067,330898,1,0,0,0,0.16004
115197,18,1,179657,47982,41504,131675,249654,0,0,0,0,0.079916
115198,18,1,181515,48332,42047,133183,251605,0,0,0,0,0.0773212
115199,18,1,172073,45390,39195,126683,235417,0,0,0,0,0.0586698
115212,18,2,172050,45295,39026,126743,237246,1,0,0,0,0.141093
115215,18,2,189180,51488,45430,137679,271903,1,0,0,0,0.141649
115218,18,2,158991,41705,36360,117273,217884,1,0,0,0,0.14807
115222,18,2,190038,51548,44653,138477,272463,1,0,0,0,0.134354
115225,18,2,179697,48885,42870,130799,258590,1,0,0,0,0.134068
115228,18,2,160293,42569,36937,117712,224103,1,0,0,0,0.188509
115232,18,2,176210,46801,40692,129396,245589,1,0,0,0,0.175214
115235,18,2,169350,45197,39557,124140,238030,1,0,0,0,0.134899
115238,18,2,217135,58340,50593,158782,308736,1,0,0,0,0.173451
115240,18,2,170186,45499,39554,124675,239404,1,0,0,0,0.173068
115241,18,2,193102,52594,45893,140495,278501,1,0,0,0,0.169572
115242,18,2,176326,47150,40847,129163,247819,1,0,0,0,0.160076
115244,18,2,189777,51876,45287,137888,274841,1,0,0,0,0.134573
115245,18,2,171638,45807,39972,125818,241029,1,0,0,0,0.146798
115246,18,2,226424,61659,53766,164752,326559,1,0,0,0,0.149874
115247,18,1,174365,46312,40176,128053,242498,0,0,0,0,0.054495
115248,18,1,177204,47073,41279,130131,244644,0,0,0,0,0.0536263
115249,18,1,174035,46671,40577,127364,243553,0,0,0,0,0.053278
115253,18,1,208138,57675,49775,150463,304141,0,0,0,0,0.0615748
115262,18,2,195433,54030,46802,141390,286391,1,0,0,0,0.16419
115265,18,2,184518,50667,44337,133838,268532,1,0,0,0,0.127923
115268,18,2,162845,44470,38675,118362,236216,1,0,0,0,0.142022
115272,18,2,172539,45794,39771,126732,239976,1,0,0,0,0.12373
115275,18,2,169660,45054,39335,124593,236924,1,0,0,0,0.123047
115278,18,2,212825,57933,50325,154879,307715,1,0,0,0,0.175122
115280,18,2,180432,47431,41299,132990,246580,1,0,0,0,0.171676
115281,18,2,188654,51500,44890,137141,272594,1,0,0,0,0.185235
115282,18,2,175164,46894,40995,128257,246681,1,0,0,0,0.136083
115284,18,2,182551,49855,43694,132683,264502,1,0,0,0,0.132905
115285,18,2,169019,45442,39605,123564,239928,1,0,0,0,0.128725
115288,18,1,155961,40251,34900,115710,206586,0,0,0,0,0.0506675
115289,18,1,174813,47187,40372,127626,247226,0,0,0,0,0.0570859
115293,18,2,231644,63144,55142,168487,334202,1,0,0,0,0.179957
115296,18,2,225581,61073,53281,164495,323209,1,0,0,0,0.170098
115297,18,1,172230,46074,40070,126156,242246,0,0,0,0,0.0747902
115302,18,1,180522,48401,41886,132121,252184,0,0,0,0,0.0560306
115305,18,1,175137,46510,40354,128627,243567,0,0,0,0,0.0601052
115308,18,1,172991,46390,40172,126601,244260,0,0,0,0,0.0635205
115310,18,2,201080,54625,47847,146443,286236,1,0,0,0,0.149042
115311,18,2,191552,52304,45810,139235,276219,1,0,0,0,0.162537
115314,18,2,183951,49768,43905,134170,262385,1,0,0,0,0.159138
115319,18,1,168166,44971,38755,123195,234465,0,0,0,0,0.0642747
115322,18,2,236261,64293,55948,171955,340854,1,0,0,0,0.149475
115323,18,1,185629,49848,43232,135781,260524,0,0,0,0,0.0537754
115325,18,2,216340,58466,50630,157861,310199,1,0,0,0,0.141059
115326,18,1,177571,47186,41035,130385,245396,0,0,0,0,0.0547696
115327,18,2,210569,57374,49557,153182,305226,1,0,0,0,0.144545
115328,18,1,157536,40979,35659,116557,210964,0,0,0,0,0.0476567
115340,18,2,170420,44382,38781,126026,229645,1,0,0,0,0.131113
115341,18,2,165665,43550,37812,122102,227895,1,0,0,0,0.151124
115342,18,2,172821,46106,40380,126702,243052,1,0,0,0,0.144901
115343,18,1,175058,46296,39758,128762,240346,0,0,0,0,0.0633102
115344,18,2,162089,42625,37167,119451,223139,1,0,0,0,0.173946
115345,18,2,168033,45182,39480,122839,239242,1,0,0,0,0.169283
115346,18,1,171578,45420,39000,126158,236243,0,0,0,0,0.0521356
115347,18,2,168855,45990,40453,122852,244629,1,0,0,0,0.15201
115348,18,1,175232,47046,40167,128186,245921,0,0,0,0,0.0551139
115349,18,1,170896,45661,39200,125235,237932,0,0,0,0,0.101368
116480,9,1,143442,37519,32527,105923,196370,0,0,0,0,0.119629
116481,9,1,142281,36260,31471,106021,186731,0,0,0,0,0.10667
116484,9,1,139948,35231,30458,104717,180269,0,0,0,0,0.0813586
116489,9,1,178040,45906,39358,132134,237349,0,0,0,0,0.101141
116490,9,1,156720,42029,35982,114691,221180,0,0,0,0,0.0600388
116491,9,1,159057,41763,36103,117294,216349,0,0,0,0,0.057791
116494,9,1,126326,31886,27535,94440,163626,0,0,0,0,0.0500449
116499,9,1,170832,44429,37974,126403,230755,0,0,0,0,0.0617275
116500,9,1,162384,43175,36950,119209,226185,0,0,0,0,0.0712318
116501,9,1,168615,44029,38164,124586,226667,0,0,0,0,0.0850352
116504,9,1,161831,42245,37097,119586,219347,0,0,0,0,0.0887307
116509,9,1,151405,38837,33382,112568,199981,0,0,0,0,0.0888554
116510,9,1,151209,40282,34386,110927,212622,0,0,0,0,0.0768073
116511,9,1,145207,37635,32371,107572,196579,0,0,0,0,0.0788987
116514,9,1,180028,47391,40932,132637,247285,0,0,0,0,0.0864203
116519,9,1,136252,34587,29860,101665,178078,0,0,0,0,0.0698094
116520,9,1,151279,39215,33694,112064,203051,0,0,0,0,0.081558
116521,9,1,142979,36408,31215,106571,189108,0,0,0,0,0.0923894
116524,9,1,172264,44752,38755,127512,232474,0,0,0,0,0.094929
116529,9,1,148491,38619,33170,109872,202218,0,0,0,0,0.0845195
116550,9,1,163509,43914,37648,119595,230386,0,0,0,0,0.0867682
116551,9,2,167828,44055,37896,123760,229272,1,0,0,0,0.196974
116554,9,2,195128,51932,45448,143183,269778,1,0,0,0,0.21043
116559,9,1,177999,46262,40029,131737,238654,0,0,0,0,0.0863671
116560,9,1,180968,48587,41791,132381,254141,0,0,0,0,0.0946188
116561,9,1,191548,51185,44676,140363,264950,0,0,0,0,0.0864265
116564,9,2,232149,62566,54837,169570,329928,1,0,0,0,0.166039
116569,9,2,250217,66329,58157,183876,346493,1,0,0,0,0.152417
116570,9,1,168832,44845,38623,123987,234367,0,0,0,0,0.0625086
116571,9,1,172520,45219,39718,127301,235148,0,0,0,0,0.0597519
116574,9,1,202525,54144,47412,148381,282538,0,0,0,0,0.0628868
116579,9,1,149943,38119,33413,111824,194905,0,0,0,0,0.0516545
116580,9,1,169941,44422,38544,125519,228715,0,0,0,0,0.0757576
116581,9,1,165710,43170,37458,122540,224694,0,0,0,0,0.053438
116584,9,1,196706,51934,45210,144772,270136,0,0,0,0,0.0599376
116589,9,1,161841,42070,36008,119771,218531,0,0,0,0,0.0667706
116610,9,1,168056,44770,38658,123286,234449,0,0,0,0,0.0602267
116611,9,1,166824,43568,37686,123256,224492,0,0,0,0,0.0532632
116614,9,2,174030,45875,40125,128142,240051,1,0,0,0,0.133877
116619,9,2,162491,42405,36535,120073,221538,1,0,0,0,0.123901
116620,9,1,179612,48998,42170,130614,257152,0,0,0,0,0.0616866
116621,9,1,164758,42755,37180,122003,221820,0,0,0,0,0.0553262
116624,9,1,177670,47701,41410,129969,248840,0,0,0,0,0.0749371
116629,9,2,161466,42520,36555,118933,223389,1,0,0,0,0.165148
116630,9,1,189182,50575,44184,138607,261311,0,0,0,0,0.0802619
116631,9,1,168614,43817,38344,124797,227110,0,0,0,0,0.0722866
116634,9,2,223430,59928,52101,163490,316344,1,0,0,0,0.149767
116639,9,2,214180,56910,49441,157257,299727,1,0,0,0,0.13719
116660,9,1,167457,45014,38636,122443,236058,0,0,0,0,0.0578962
116661,9,1,200525,53494,47013,147031,279224,0,0,0,0,0.0625748
116664,9,2,223514,60245,52602,163257,318247,1,0,0,0,0.150883
116669,9,2,156424,41253,35508,115158,217121,1,0,0,0,0.13964
116670,9,2,178403,46702,40244,131688,243034,1,0,0,0,0.155399
116671,9,1,199662,53035,46387,146627,276485,0,0,0,0,0.0641375
116674,9,1,174426,46269,40427,128157,240903,0,0,0,0,0.0704536
116679,9,2,209003,55816,48534,153174,295033,1,0,0,0,0.161328
116700,9,2,199884,53117,46725,146754,276736,1,0,0,0,0.157565
116701,9,2,221437,59607,52351,161817,314651,1,0,0,0,0.191404
116704,9,2,179261,48053,41727,131195,253151,1,0,0,0,0.155719
116709,9,2,160216,42147,36291,118056,220750,1,0,0,0,0.144632
116750,9,1,179037,46742,40344,132295,241430,0,0,0,0,0.0627093
116751,9,2,274325,73448,64185,200865,385396,1,0,0,0,0.165777
116752,9,1,150868,38544,33485,112324,197224,0,0,0,0,0.0536373
116753,9,1,159488,41617,35733,117871,216590,0,0,0,0,0.0601447
116754,9,2,163683,42958,37193,120712,225099,1,0,0,0,0.145285
116755,9,2,163949,43074,37125,120862,226339,1,0,0,0,0.172179
116756,9,2,216210,57766,50176,158431,305121,1,0,0,0,0.15266
116757,9,2,156256,41143,35445,115100,216796,1,0,0,0,0.154676
116758,9,2,209001,55974,48527,153014,296573,1,0,0,0,0.184384
116759,9,2,156096,40814,35181,115269,213770,1,0,0,0,0.147063
117042,18,1,150794,39212,34145,111582,204551,0,0,0,0,0.0830016
117045,18,1,191848,52159,45697,139689,274290,0,0,0,0,0.0837942
117048,18,1,169676,44395,38631,125281,230541,0,0,0,0,0.0748524
117052,18,1,155309,40425,34949,114884,210967,0,0,0,0,0.0691703
117055,18,1,165891,43751,37711,122140,228004,0,0,0,0,0.0514402
117058,18,1,162284,42501,36980,119783,220455,0,0,0,0,0.0486338
117062,18,1,164084,42924,36819,121160,223516,0,0,0,0,0.0559924
117065,18,1,163605,43042,36896,120563,223876,0,0,0,0,0.0659245
117068,18,1,173145,45986,39776,127159,239999,0,0,0,0,0.0738143
117072,18,2,326604,87705,75745,238886,463324,1,0,0,0,0.207627
117075,18,2,310957,82082,71229,228862,430959,1,0,0,0,0.163289
117078,18,1,154187,40077,34318,114110,209902,0,0,0,0,0.053458
117082,18,2,284514,76701,66459,207801,406892,1,0,0,0,0.1658
117085,18,1,195250,52870,45735,142380,279163,0,0,0,0,0.0629244
117088,18,1,167905,44484,38284,123421,234235,0,0,0,0,0.0746613
117090,18,1,157734,40980,35369,116754,213971,0,0,0,0,0.0535159
117091,18,2,320411,85015,73782,235383,447335,1,0,0,0,0.17394
117092,18,1,182808,48949,42718,133859,256617,0,0,0,0,0.054081
117093,18,1,185233,49815,43271,135418,262368,0,0,0,0,0.0618646
117094,18,2,317844,83465,72304,234366,436956,1,0,0,0,0.174714
117095,18,1,190716,51039,44020,139677,267477,0,0,0,0,0.0548072
117096,18,1,165799,43981,38327,121818,230549,0,0,0,0,0.0604471
117097,18,1,152908,40641,35784,112267,214215,0,0,0,0,0.0561364
117098,18,1,164278,44109,38282,120169,233444,0,0,0,0,0.0580729
117099,18,1,180544,48452,41701,132092,254132,0,0,0,0,0.0666743
117112,18,2,175425,47051,40770,128361,246755,1,0,0,0,0.140412
117115,18,1,183358,48510,42193,134848,251151,0,0,0,0,0.0513423
117118,18,2,183686,48696,42445,134977,253556,1,0,0,0,0.130494
117122,18,1,182554,48133,41936,134421,249754,0,0,0,0,0.0573697
117125,18,1,188085,49786,43324,138299,258102,0,0,0,0,0.0533645
117128,18,1,194068,52147,45613,141921,271776,0,0,0,0,0.05434
117132,18,2,320076,86437,75430,233626,454982,1,0,0,0,0.161446
117135,18,2,344326,90979,79556,253334,474656,1,0,0,0,0.159056
117138,18,1,167339,43453,38013,123886,225853,0,0,0,0,0.0547551
117142,18,2,314063,84356,73459,229695,444284,1,0,0,0,0.183756
117145,18,1,215760,59489,52150,156271,314086,0,0,0,0,0.0888497
117148,18,1,187388,50627,44024,136761,266911,0,0,0,0,0.0669223
117150,18,1,171391,44521,38723,126870,230577,0,0,0,0,0.0552997
117151,18,2,348798,92693,80653,256092,485680,1,0,0,0,0.170557
117152,18,1,204838,55548,48515,149290,290526,0,0,0,0,0.0586628
117153,18,1,208071,57505,50528,150566,303284,0,0,0,0,0.0750971
117154,18,2,343940,91268,79606,252659,477075,1,0,0,0,0.180934
117155,18,2,292847,80080,69876,212754,424566,1,0,0,0,0.165482
117156,18,2,282712,76771,67416,205929,405605,1,0,0,0,0.167674
117157,18,2,211527,56847,49005,154667,301186,1,0,0,0,0.162386
117158,18,1,179608,48826,42552,130782,257806,0,0,0,0,0.0618773
117159,18,1,197780,54152,46713,143628,284079,0,0,0,0,0.0666601
117172,18,1,169111,43964,38258,125147,227769,0,0,0,0,0.0587908
117175,18,1,177135,47484,40734,129651,249260,0,0,0,0,0.0511319
117178,18,2,244834,66344,57456,178478,350508,1,0,0,0,0.150637
117182,18,2,347996,92348,80362,255635,483023,1,0,0,0,0.16922
117185,18,1,202735,55030,47892,147705,289330,0,0,0,0,0.0565669
117188,18,1,198098,53136,46028,144962,278522,0,0,0,0,0.055662
117192,18,1,199110,53374,46412,145736,277913,0,0,0,0,0.0567531
117195,18,2,324802,89166,77716,235623,472635,1,0,0,0,0.169789
117198,18,1,203420,55782,48397,147638,294711,0,0,0,0,0.0613366
117200,18,1,180545,47749,41398,132796,247831,0,0,0,0,0.0580992
117201,18,2,321529,86716,75665,234800,455736,1,0,0,0,0.157499
117202,18,2,312961,84635,73923,228314,446367,1,0,0,0,0.164393
117204,18,1,198064,53697,46885,144367,282683,0,0,0,0,0.0612408
117205,18,1,209011,57368,49873,151643,302925,0,0,0,0,0.0594735
117206,18,1,191009,51407,44930,139602,269884,0,0,0,0,0.0569668
117207,18,2,226599,61674,53738,164912,328080,1,0,0,0,0.135259
117208,18,1,213041,58573,51168,154468,309297,0,0,0,0,0.0666226
117209,18,1,197998,53718,46498,144280,282610,0,0,0,0,0.0753875
117213,18,1,201926,54996,48033,146930,288339,0,0,0,0,0.0658463
117222,18,2,346705,91794,79952,254898,479434,1,0,0,0,0.178661
117225,18,1,200413,54464,47447,145949,286928,0,0,0,0,0.0574716
117228,18,1,193417,52443,45408,140974,275015,0,0,0,0,0.0619561
117232,18,2,266925,72778,63626,194134,386014,1,0,0,0,0.153287
117235,18,1,214170,58899,51357,155271,311028,0,0,0,0,0.0625731
117238,18,2,261087,71689,62491,189385,381323,1,0,0,0,0.187593
117240,18,2,176303,46721,40605,129569,244678,1,0,0,0,0.18442
117241,18,2,349943,92944,81284,256986,485793,1,0,0,0,0.203196
117242,18,1,214537,59370,51965,155167,314160,0,0,0,0,0.0728532
117244,18,1,199071,54027,47194,145044,284166,0,0,0,0,0.0609941
117245,18,2,320213,87758,76502,232442,465138,1,0,0,0,0.174817
117248,18,2,253300,69328,60469,183959,368499,1,0,0,0,0.140463
117249,18,1,191930,51576,44603,140354,269967,0,0,0,0,0.0539296
117253,18,2,261748,70864,61878,190872,374401,1,0,0,0,0.156135
117256,18,1,189762,51065,44578,138697,268200,0,0,0,0,0.0554982
117257,18,2,226906,61983,54185,164910,329780,1,0,0,0,0.136136
117262,18,2,207477,56537,49245,150927,301066,1,0,0,0,0.172525
117265,18,2,228109,62902,54945,165194,335904,1,0,0,0,0.153559
117268,18,2,225166,62254,54288,162899,332834,1,0,0,0,0.20218
117270,18,1,184110,48885,42656,135225,253710,0,0,0,0,0.0807911
117271,18,1,179366,47667,41483,131699,247211,0,0,0,0,0.0782442
117274,18,1,177726,47797,41046,129929,250975,0,0,0,0,0.0739998
117279,18,1,177595,47606,40597,129989,249022,0,0,0,0,0.0737903
117282,18,1,181822,48309,41905,133513,253474,0,0,0,0,0.0819033
117283,18,1,177621,47646,41682,129975,250217,0,0,0,0,0.0853735
117285,18,1,198346,53838,46793,144508,283723,0,0,0,0,0.0820943
117286,18,1,208907,56830,49606,152077,299157,0,0,0,0,0.0801027
117287,18,2,282517,77697,67597,204807,413383,1,0,0,0,0.163584
117288,18,2,265621,73178,64056,192430,390174,1,0,0,0,0.146566
117300,18,2,183442,48204,42267,135225,250975,1,0,0,0,0.168621
117301,18,1,187597,50116,43722,137481,260673,0,0,0,0,0.0654762
117302,18,1,172290,44957,39214,127333,234820,0,0,0,0,0.0562987
117303,18,1,193474,51728,44812,141746,269601,0,0,0,0,0.0678756
117304,18,2,273985,74578,64578,199395,394775,1,0,0,0,0.155315
117305,18,1,200662,53505,46372,147157,280357,0,0,0,0,0.0559512
117306,18,1,194779,52266,45536,142513,273911,0,0,0,0,0.0586079
117307,18,1,189953,50627,43924,139326,264275,0,0,0,0,0.0564374
117308,18,1,188406,49654,42858,138752,258919,0,0,0,0,0.0595166
117309,18,1,177181,47016,40176,130165,244767,0,0,0,0,0.0515551
118160,9,1,143297,37486,32443,105811,196252,0,0,0,0,0.0832096
118161,9,1,143098,36487,31691,106611,187829,0,0,0,0,0.0739148
118164,9,1,139632,35200,30522,104432,180175,0,0,0,0,0.0819411
118169,9,1,179079,46172,39569,132907,238805,0,0,0,0,0.0887563
118170,9,1,157475,42212,36087,115263,222065,0,0,0,0,0.0623586
118171,9,1,161187,42449,36578,118738,220043,0,0,0,0,0.0558134
118174,9,1,126306,31890,27540,94416,163612,0,0,0,0,0.053288
118179,9,1,172459,45039,38562,127420,234087,0,0,0,0,0.0695478
118180,9,1,144925,37974,32249,106951,199483,0,0,0,0,0.06121
118181,9,1,148001,38537,33185,109464,200383,0,0,0,0,0.0560864
118184,9,1,158668,40595,34982,118073,210123,0,0,0,0,0.057071
118189,9,1,143449,36151,31050,107298,184348,0,0,0,0,0.0537655
118190,9,1,133129,35035,30097,98094,185366,0,0,0,0,0.0617515
118191,9,1,134459,34823,29775,99636,182284,0,0,0,0,0.0543393
118194,9,1,181183,47853,41102,133330,249765,0,0,0,0,0.0593467
118199,9,2,180826,47219,40432,133596,249505,1,0,0,0,0.147624
118200,9,1,131376,33701,28886,97675,175281,0,0,0,0,0.052724
118201,9,1,133435,34119,28710,99316,178278,0,0,0,0,0.054624
118204,9,1,171282,44609,38300,126673,232322,0,0,0,0,0.0770529
118209,9,1,141335,37130,32004,104205,195351,0,0,0,0,0.0800408
118230,9,1,163913,44033,37696,119880,230992,0,0,0,0,0.061748
118231,9,2,168315,44169,37987,124133,229909,1,0,0,0,0.143437
118234,9,2,195690,52074,45482,143603,270553,1,0,0,0,0.141334
118239,9,1,179609,47006,40742,132603,242882,0,0,0,0,0.0621582
118240,9,1,164655,43875,38050,120780,230496,0,0,0,0,0.0823007
118241,9,1,168702,44637,39107,124065,231826,0,0,0,0,0.0600734
118244,9,1,185542,49081,42913,136461,254808,0,0,0,0,0.0604886
118249,9,2,182380,48280,42238,134087,253134,1,0,0,0,0.137312
118250,9,1,157336,42154,36410,115182,222296,0,0,0,0,0.0595742
118251,9,1,164359,43172,37654,121187,225359,0,0,0,0,0.0584063
118254,9,1,203855,54669,47591,149186,285499,0,0,0,0,0.0625302
118259,9,2,196281,51522,44541,144748,270994,1,0,0,0,0.141852
118260,9,1,158320,41797,36201,116523,217667,0,0,0,0,0.0574738
118261,9,1,158898,41516,35684,117382,216816,0,0,0,0,0.0612495
118264,9,1,193874,51048,44373,142826,265418,0,0,0,0,0.0609215
118269,9,1,160776,42235,36519,118541,220074,0,0,0,0,0.0557231
118290,9,1,158200,42262,36359,115938,222679,0,0,0,0,0.05852
118291,9,1,154736,40519,35011,114217,210443,0,0,0,0,0.0552882
118294,9,2,177044,46290,40453,130741,241250,1,0,0,0,0.174548
118299,9,1,159791,41190,35723,118601,213474,0,0,0,0,0.0665719
118300,9,1,162537,43500,37577,119037,228442,0,0,0,0,0.0595029
118301,9,1,156760,40787,35492,115973,212525,0,0,0,0,0.0530809
118304,9,2,233592,62582,54378,170997,329699,1,0,0,0,0.138146
118309,9,2,263471,70622,61306,192837,372201,1,0,0,0,0.165836
118310,9,1,170899,45007,39433,125892,232929,0,0,0,0,0.0566877
118311,9,1,158965,41424,36142,117541,215639,0,0,0,0,0.0540728
118314,9,2,225363,60399,52611,164952,318670,1,0,0,0,0.143335
118319,9,1,181220,47630,41259,133590,247561,0,0,0,0,0.0534549
118340,9,1,168253,45322,38872,122931,237818,0,0,0,0,0.0629988
118341,9,1,196139,51904,45482,144235,270575,0,0,0,0,0.0641918
118344,9,2,226285,60774,52991,165499,320624,1,0,0,0,0.138214
118349,9,2,242048,64545,55899,177491,339526,1,0,0,0,0.302231
118350,9,2,178753,46767,40306,131973,243307,1,0,0,0,0.194875
118351,9,1,200043,52941,45876,147102,275816,0,0,0,0,0.0877032
118354,9,2,223794,59473,51750,164308,312892,1,0,0,0,0.144402
118359,9,2,199182,52523,45183,146647,276644,1,0,0,0,0.136577
118380,9,2,200341,53221,46763,147107,277285,1,0,0,0,0.213657
118381,9,1,182851,47795,41496,135056,247684,0,0,0,0,0.0702829
118384,9,2,180008,47980,41782,132015,251810,1,0,0,0,0.139206
118389,9,2,197751,52282,44906,145456,274756,1,0,0,0,0.198543
118430,9,1,180034,47236,40834,132798,244344,0,0,0,0,0.0655928
118431,9,2,181300,48203,41973,133084,253854,1,0,0,0,0.143224
118432,9,2,198445,52430,45327,146004,276902,1,0,0,0,0.148348
118433,9,1,155545,40975,35369,114570,213853,0,0,0,0,0.0701685
118434,9,1,159326,41345,35922,117981,214573,0,0,0,0,0.0531533
118435,9,2,241791,64883,56533,176896,343099,1,0,0,0,0.142824
118436,9,1,181405,47806,41754,133599,248645,0,0,0,0,0.0547391
118437,9,2,222979,59588,51606,163379,314697,1,0,0,0,0.142134
118438,9,2,201754,53556,46355,148186,283147,1,0,0,0,0.141965
118439,9,2,198477,52541,45373,145923,276684,1,0,0,0,0.156885
118722,18,1,151372,39377,34335,111995,205405,0,0,0,0,0.0786241
118725,18,1,192443,52402,45910,140041,275718,0,0,0,0,0.108979
118728,18,1,169609,44420,38685,125189,230795,0,0,0,0,0.0743617
118732,18,1,155961,40674,35080,115287,212334,0,0,0,0,0.0533666
118735,18,1,166114,43975,37849,122139,229445,0,0,0,0,0.0492955
118738,18,1,162464,42615,37019,119849,221101,0,0,0,0,0.0488145
118742,18,1,145700,37924,32685,107776,198528,0,0,0,0,0.0584448
118745,18,1,158652,40945,35060,117707,211704,0,0,0,0,0.0509005
118748,18,1,170984,45285,39458,125699,236231,0,0,0,0,0.0546364
118752,18,1,170040,46350,39219,123690,246044,0,0,0,0,0.0523751
118755,18,2,199707,53423,46680,146272,283808,1,0,0,0,0.141834
118758,18,2,269004,71831,61948,197160,380667,1,0,0,0,0.182733
118762,18,1,156386,41632,35368,114754,220028,0,0,0,0,0.0760113
118765,18,1,191737,52357,45340,139380,277142,0,0,0,0,0.0858198
118768,18,1,167451,44518,38154,122933,235327,0,0,0,0,0.0669705
118770,18,1,138086,35579,30643,102507,186509,0,0,0,0,0.0584022
118771,18,1,160135,42368,35981,117767,222959,0,0,0,0,0.0950105
118772,18,1,168155,44732,38223,123423,236512,0,0,0,0,0.0582596
118773,18,1,174685,46788,40541,127897,247988,0,0,0,0,0.0599206
118774,18,2,308934,80383,69034,228538,420903,1,0,0,0,0.208881
118775,18,1,196045,52846,45158,143199,278366,0,0,0,0,0.0580374
118776,18,1,163284,42365,36612,120919,220779,0,0,0,0,0.0652603
118777,18,1,154854,41379,36538,113475,218949,0,0,0,0,0.0570472
118778,18,1,164732,44230,38011,120502,234423,0,0,0,0,0.0670993
118779,18,1,179327,48275,41070,131052,253950,0,0,0,0,0.0880173
118792,18,2,176182,47192,40821,128977,247437,1,0,0,0,0.17141
118795,18,1,183783,48711,42274,135072,252381,0,0,0,0,0.0523058
118798,18,2,184265,48848,42552,135404,254421,1,0,0,0,0.16176
118802,18,1,164191,43152,37590,121039,225602,0,0,0,0,0.0752647
118805,18,1,185539,49079,42806,136460,254132,0,0,0,0,0.0547105
118808,18,1,192884,51392,45019,141492,267347,0,0,0,0,0.0574199
118812,18,1,190748,51883,44937,138865,272946,0,0,0,0,0.0611214
118815,18,2,221109,59503,52328,161594,314661,1,0,0,0,0.152636
118818,18,2,268059,71735,62446,196311,378177,1,0,0,0,0.160763
118822,18,1,180640,48526,41827,132114,255118,0,0,0,0,0.055063
118825,18,1,214739,59278,51879,155461,312907,0,0,0,0,0.0649101
118828,18,1,187098,50530,43995,136568,266650,0,0,0,0,0.06108
118830,18,1,158617,41507,36067,117110,217124,0,0,0,0,0.053731
118831,18,1,181336,48362,42047,132974,254116,0,0,0,0,0.0538664
118832,18,1,192099,52426,45378,139673,277263,0,0,0,0,0.0562593
118833,18,1,197117,54243,47629,142874,287516,0,0,0,0,0.0681985
118834,18,2,180322,48267,42146,132042,255319,1,0,0,0,0.136513
118835,18,2,260074,70635,61967,189426,374843,1,0,0,0,0.15722
118836,18,2,289536,78770,69114,210754,416567,1,0,0,0,0.183478
118837,18,1,171915,45737,40255,126178,239260,0,0,0,0,0.082305
118838,18,1,180343,49011,42673,131332,259111,0,0,0,0,0.0865014
118839,18,1,199373,55103,47554,144270,289869,0,0,0,0,0.0666046
118852,18,1,157655,41058,35388,116597,214491,0,0,0,0,0.0541664
118855,18,1,173925,46351,39774,127574,242596,0,0,0,0,0.0535564
118858,18,1,166884,44078,37969,122806,229837,0,0,0,0,0.0485185
118862,18,1,181191,48169,41530,133022,252462,0,0,0,0,0.0517407
118865,18,1,200457,54435,47266,146022,286183,0,0,0,0,0.0624296
118868,18,1,197103,52360,45031,144743,273290,0,0,0,0,0.0707056
118872,18,1,188820,50994,43929,137826,268590,0,0,0,0,0.057073
118875,18,2,344558,93950,81663,250595,497000,1,0,0,0,0.200484
118878,18,1,198962,53940,46819,145022,283873,0,0,0,0,0.0807338
118880,18,1,161933,42474,37004,119459,221431,0,0,0,0,0.0635709
118881,18,1,190655,51430,44682,139225,269963,0,0,0,0,0.0563677
118882,18,1,177478,47505,41033,129973,249534,0,0,0,0,0.0549022
118884,18,1,192028,51751,45091,140277,272134,0,0,0,0,0.0547707
118885,18,1,204375,55449,48020,148926,291300,0,0,0,0,0.06018
118886,18,1,190791,51404,44898,139387,270473,0,0,0,0,0.0562253
118887,18,2,187657,51022,44406,136623,270904,1,0,0,0,0.160935
118888,18,1,214245,58687,50600,155558,309214,0,0,0,0,0.0610073
118889,18,1,195638,52386,45142,143252,274110,0,0,0,0,0.0631346
118893,18,1,191123,52210,45565,138913,275927,0,0,0,0,0.0662348
118902,18,2,176650,47396,41538,129241,250078,1,0,0,0,0.151909
118905,18,1,197575,53641,46579,143934,282640,0,0,0,0,0.0629346
118908,18,1,174762,46560,40135,128202,243863,0,0,0,0,0.0610596
118912,18,2,290930,79484,69577,211433,421414,1,0,0,0,0.204547
118915,18,1,205046,55668,48087,149378,292780,0,0,0,0,0.0638282
118918,18,1,193836,52701,45164,141135,278120,0,0,0,0,0.0586845
118920,18,2,176665,46794,40590,129858,245041,1,0,0,0,0.161045
118921,18,2,221013,59282,51978,161719,313246,1,0,0,0,0.145304
118922,18,1,212650,58674,51128,153976,310298,0,0,0,0,0.0744828
118924,18,1,199978,54308,47434,145670,285782,0,0,0,0,0.071836
118925,18,2,336563,91669,79687,244881,484735,1,0,0,0,0.164101
118928,18,2,241032,65332,56898,175687,346853,1,0,0,0,0.16059
118929,18,1,181211,48610,41837,132601,255120,0,0,0,0,0.0763361
118933,18,2,259358,70073,61007,189273,370363,1,0,0,0,0.179674
118936,18,1,192099,52082,45449,140017,274521,0,0,0,0,0.0573404
118937,18,2,252377,68827,59911,183538,365882,1,0,0,0,0.142784
118942,18,1,175512,46879,40993,128633,245792,0,0,0,0,0.0575307
118945,18,2,188639,51864,45128,136763,276601,1,0,0,0,0.178695
118948,18,2,275753,76045,65932,199696,405103,1,0,0,0,0.189631
118950,18,1,184465,49099,42746,135366,255035,0,0,0,0,0.0529976
118951,18,1,176244,46354,40621,129890,239634,0,0,0,0,0.0507948
118954,18,1,176145,47293,40790,128852,248236,0,0,0,0,0.0549957
118959,18,1,160731,42267,36351,118464,219845,0,0,0,0,0.0498655
118962,18,1,180598,47879,41408,132719,251143,0,0,0,0,0.0820566
118963,18,1,178308,47616,41264,130692,249917,0,0,0,0,0.0747355
118965,18,1,199911,54480,47291,145431,287305,0,0,0,0,0.0582651
118966,18,1,213892,58299,50451,155593,306894,0,0,0,0,0.0773171
118967,18,1,187445,50314,43255,137131,264542,0,0,0,0,0.0755262
118968,18,2,255038,69849,60731,185176,372044,1,0,0,0,0.179368
118980,18,2,184068,48341,42320,135714,251664,1,0,0,0,0.133691
118981,18,1,186232,49288,43318,136944,255569,0,0,0,0,0.0569476
118982,18,2,246656,66491,57795,180152,352860,1,0,0,0,0.16178
118983,18,1,192953,51913,44788,141040,270931,0,0,0,0,0.0638621
118984,18,1,169250,44925,38709,124325,234663,0,0,0,0,0.0693459
118985,18,1,201926,53908,46396,148018,282119,0,0,0,0,0.0832521
118986,18,1,195266,51956,44917,143310,271561,0,0,0,0,0.0641738
118987,18,1,172401,45279,39275,127122,236240,0,0,0,0,0.0499277
118988,18,1,176982,46543,39887,130439,243147,0,0,0,0,0.0547867
118989,18,1,160444,42182,36039,118262,219101,0,0,0,0,0.0646068
119560,9,1,125566,32193,27439,93373,168581,0,0,0,0,0.117469
119561,9,1,126382,31601,26708,94781,162971,0,0,0,0,0.0963709
119564,9,1,150564,38377,32759,112187,197925,0,0,0,0,0.0930158
119569,9,1,151478,38665,33034,112813,199518,0,0,0,0,0.088101
119570,9,1,135234,35323,29652,99911,185982,0,0,0,0,0.060378
119571,9,1,135192,35205,29990,99987,183356,0,0,0,0,0.0566938
119574,9,1,135864,34664,29389,101200,179518,0,0,0,0,0.0629822
119579,9,1,140716,36112,30949,104604,186916,0,0,0,0,0.104046
119580,9,1,134799,35207,29564,99592,185363,0,0,0,0,0.112763
119581,9,1,134903,35151,29964,99752,183118,0,0,0,0,0.166501
119584,9,1,136522,34811,29545,101711,180212,0,0,0,0,0.0733419
119589,9,1,141185,36231,31046,104954,187502,0,0,0,0,0.0560135
119590,9,1,118622,30780,25857,87842,162750,0,0,0,0,0.0821289
119591,9,1,139196,36487,30866,102709,191970,0,0,0,0,0.075049
119594,9,1,154631,40326,34452,114305,210341,0,0,0,0,0.0572875
119599,9,2,175817,46350,39751,129457,245204,1,0,0,0,0.208859
119600,9,1,112623,28201,23658,84422,146422,0,0,0,0,0.0551305
119601,9,1,138751,36030,30209,102721,188647,0,0,0,0,0.0701838
119604,9,1,151897,39052,33097,112845,202351,0,0,0,0,0.080164
119609,9,1,141796,37290,31727,104506,196334,0,0,0,0,0.0646048
119630,9,1,151124,40058,34135,111066,211027,0,0,0,0,0.0760111
119631,9,1,156007,41020,35498,114987,213519,0,0,0,0,0.0587462
119634,9,2,180908,47256,41589,133639,245717,1,0,0,0,0.157787
119639,9,2,227631,60842,53222,166776,319154,1,0,0,0,0.184054
119640,9,1,151106,40043,34101,111063,210940,0,0,0,0,0.0660084
119641,9,1,155758,40969,35507,114789,213278,0,0,0,0,0.0599202
119644,9,2,180386,47126,41437,133247,245042,1,0,0,0,0.140622
119649,9,2,227391,60818,53207,166560,319115,1,0,0,0,0.197915
119650,9,1,144505,38479,33331,106026,203566,0,0,0,0,0.0769802
119651,9,1,163291,43167,37292,120124,226133,0,0,0,0,0.0854181
119654,9,1,173847,46040,40227,127807,240454,0,0,0,0,0.0863018
119659,9,2,190967,50333,43481,140624,264188,1,0,0,0,0.205086
119660,9,1,141654,36894,31892,104760,192617,0,0,0,0,0.068002
119661,9,1,160230,41998,36597,118232,219333,0,0,0,0,0.0658951
119664,9,1,169629,44455,38975,125174,231067,0,0,0,0,0.0639842
119669,9,1,156782,41147,35395,115635,214260,0,0,0,0,0.0614541
119690,9,1,136559,35702,30486,100857,188052,0,0,0,0,0.0722807
119691,9,1,132485,33821,28717,98664,175515,0,0,0,0,0.0591652
119694,9,2,168968,43633,38115,125322,225661,1,0,0,0,0.127435
119699,9,2,217445,57227,49308,160205,298973,1,0,0,0,0.13976
119700,9,1,151978,40449,34476,111529,213704,0,0,0,0,0.0619193
119701,9,1,158177,41087,35365,117090,213974,0,0,0,0,0.0519382
119704,9,2,231340,61637,53244,169690,324090,1,0,0,0,0.133012
119709,9,2,156465,40295,34493,116157,209611,1,0,0,0,0.120222
119710,9,1,157913,41380,35842,116533,215301,0,0,0,0,0.0551838
119711,9,1,158008,41004,35487,117004,213824,0,0,0,0,0.052208
119714,9,2,216083,57414,49764,158656,302161,1,0,0,0,0.131497
119719,9,1,168041,43741,37594,124300,225360,0,0,0,0,0.048192
119740,9,1,152089,40527,34555,111562,214203,0,0,0,0,0.0586673
119741,9,1,167110,43199,37428,123911,223640,0,0,0,0,0.0526636
119744,9,2,216800,57337,49553,159450,300795,1,0,0,0,0.128488
119749,9,2,149611,38318,32501,111280,199510,1,0,0,0,0.15142
119750,9,1,158211,41481,35938,116730,215871,0,0,0,0,0.0552977
119751,9,1,169693,43915,37998,125778,227750,0,0,0,0,0.0532172
119754,9,2,225309,59848,51913,165448,314543,1,0,0,0,0.138201
119759,9,1,158743,41455,35634,117288,214582,0,0,0,0,0.0708181
119780,9,2,169181,44194,38781,124974,229977,1,0,0,0,0.140841
119781,9,2,169495,44264,38879,125218,230296,1,0,0,0,0.134855
119784,9,2,170140,44278,38427,125849,229654,1,0,0,0,0.128024
119789,9,2,186030,48664,41620,137353,255020,1,0,0,0,0.148507
119830,9,2,223735,59717,52274,164005,313889,1,0,0,0,0.175662
119831,9,2,223656,59725,52296,163918,313960,1,0,0,0,0.167705
119832,9,2,191282,50944,43888,140328,269008,1,0,0,0,0.191133
119833,9,1,155273,40885,35011,114388,213342,0,0,0,0,0.0614775
119834,9,2,215627,56704,48996,158910,296149,1,0,0,0,0.14149
119835,9,2,156234,40605,34977,115616,212261,1,0,0,0,0.126093
119836,9,1,167566,43757,37768,123809,226036,0,0,0,0,0.0499125
119837,9,2,148759,38559,32991,110187,201989,1,0,0,0,0.126942
119838,9,1,156454,40994,35471,115460,212751,0,0,0,0,0.0620926
119839,9,2,189588,49699,42616,139876,261000,1,0,0,0,0.157967
