120122,18,1,141009,36642,31545,104367,192506,0,0,0,0,0.0900279
120125,18,1,167738,44810,38396,122928,234076,0,0,0,0,0.0928522
120128,18,1,168736,44986,38803,123750,234731,0,0,0,0,0.0999949
120132,18,1,135618,35128,29804,100490,184495,0,0,0,0,0.0925131
120135,18,1,154105,40157,33523,113948,208125,0,0,0,0,0.0809837
120138,18,1,154821,40334,34139,114487,209372,0,0,0,0,0.0735439
120142,18,1,135513,35104,29790,100409,184367,0,0,0,0,0.0659393
120145,18,1,154666,40235,33628,114431,208319,0,0,0,0,0.053133
120148,18,1,154867,40312,34182,114555,209122,0,0,0,0,0.0635354
120152,18,2,197408,53117,45409,144278,281887,1,0,0,0,0.176925
120155,18,2,202277,54535,47009,147729,289846,1,0,0,0,0.172107
120158,18,1,151365,40393,34673,110972,213881,0,0,0,0,0.0616951
120162,18,1,158883,42831,36056,116052,227711,0,0,0,0,0.0694838
120165,18,1,170825,46053,39105,124772,243662,0,0,0,0,0.0784347
120168,18,1,156387,41212,35369,115175,217497,0,0,0,0,0.0670068
120170,18,1,119684,30224,25619,89460,157879,0,0,0,0,0.0624456
120171,18,1,153334,40239,33986,113095,211349,0,0,0,0,0.0782079
120172,18,1,166318,44250,37412,122068,233056,0,0,0,0,0.071452
120173,18,1,158593,41539,35722,117054,217658,0,0,0,0,0.0752964
120174,18,1,166263,43737,37368,122526,228782,0,0,0,0,0.0742532
120175,18,1,182809,48722,41649,134087,255682,0,0,0,0,0.0556154
120176,18,1,159064,41648,35760,117416,218171,0,0,0,0,0.075644
120177,18,1,157172,41524,35923,115648,217760,0,0,0,0,0.0799768
120178,18,1,152209,39708,33995,112501,207773,0,0,0,0,0.0576649
120179,18,1,178279,48124,40617,130155,253068,0,0,0,0,0.0664353
120192,18,1,153479,40137,34561,113342,210625,0,0,0,0,0.0555806
120195,18,2,188919,50772,44558,138134,266649,1,0,0,0,0.136523
120198,18,2,236738,63307,55296,173418,331775,1,0,0,0,0.167674
120202,18,1,153398,40089,34549,113309,210339,0,0,0,0,0.0855826
120205,18,2,188912,50768,44602,138131,266625,1,0,0,0,0.148825
120208,18,2,236798,63327,55288,173458,331897,1,0,0,0,0.151595
120212,18,2,218780,59076,51150,159691,312557,1,0,0,0,0.154223
120215,18,2,228212,61658,53689,166541,325887,1,0,0,0,0.145033
120218,18,1,163588,43080,37264,120508,225368,0,0,0,0,0.0574005
120222,18,1,176990,47990,40856,129000,253605,0,0,0,0,0.055166
120225,18,1,186556,50785,43712,135771,267832,0,0,0,0,0.0579707
120228,18,1,181581,49222,42421,132359,260271,0,0,0,0,0.0618408
120230,18,1,141707,36627,31463,105080,191868,0,0,0,0,0.0553547
120231,18,1,174944,46704,40320,128240,245244,0,0,0,0,0.0532691
120232,18,2,243872,65645,56587,178214,347634,1,0,0,0,0.155627
120233,18,1,184382,49785,43642,134597,262067,0,0,0,0,0.0617698
120234,18,1,184355,49252,42839,135103,257651,0,0,0,0,0.0537296
120235,18,2,255631,68909,59996,186709,364201,1,0,0,0,0.176284
120236,18,1,184455,49734,43586,134721,261692,0,0,0,0,0.0620538
120237,18,2,239094,64561,55856,174521,341316,1,0,0,0,0.173073
120238,18,1,171383,45866,40080,125517,239908,0,0,0,0,0.0615578
120239,18,1,195392,54177,46215,141215,284656,0,0,0,0,0.0686948
120252,18,1,135783,34550,29818,101233,179957,0,0,0,0,0.069383
120255,18,2,190129,50382,43776,139734,263602,1,0,0,0,0.13401
120258,18,2,237525,63080,54674,174433,330138,1,0,0,0,0.145926
120262,18,1,176116,46498,39722,129618,242839,0,0,0,0,0.051181
120265,18,1,193812,53022,45832,140790,279763,0,0,0,0,0.0551296
120268,18,2,271331,72403,62332,198915,379888,1,0,0,0,0.146262
120272,18,2,268443,72818,62933,195612,385698,1,0,0,0,0.155869
120275,18,1,187969,51157,44155,136812,269590,0,0,0,0,0.0544147
120278,18,1,185859,49372,42556,136487,257694,0,0,0,0,0.0522007
120280,18,1,150648,39425,33871,111223,207184,0,0,0,0,0.054753
120281,18,2,220621,59629,51270,160979,315963,1,0,0,0,0.141262
120282,18,1,172225,46451,39677,125774,245251,0,0,0,0,0.0526351
120284,18,1,188168,51231,43913,136937,270452,0,0,0,0,0.0534291
120285,18,1,186113,50473,43387,135640,265645,0,0,0,0,0.0535559
120286,18,1,183471,48884,42365,134587,255845,0,0,0,0,0.0552954
120287,18,2,184211,49563,42820,134636,262049,1,0,0,0,0.132839
120288,18,1,193147,52164,45040,140983,273854,0,0,0,0,0.0556918
120289,18,1,177533,46990,40253,130543,244277,0,0,0,0,0.0548523
120293,18,1,178219,47244,41358,130975,247133,0,0,0,0,0.0673712
120302,18,1,185756,48928,42131,136828,254259,0,0,0,0,0.0555969
120305,18,1,192469,52817,45486,139652,279205,0,0,0,0,0.0547084
120308,18,2,262152,69943,59968,192196,367614,1,0,0,0,0.150037
120312,18,2,278561,75632,65792,202916,399862,1,0,0,0,0.162571
120315,18,1,185091,50283,43542,134808,265039,0,0,0,0,0.0562173
120318,18,1,178957,48044,41170,130913,252682,0,0,0,0,0.056561
120320,18,1,150844,39504,33926,111340,207642,0,0,0,0,0.0550997
120321,18,2,227184,61214,53093,165957,323885,1,0,0,0,0.14716
120322,18,1,181180,48980,42135,132200,257864,0,0,0,0,0.0521744
120324,18,1,189601,51717,44550,137884,273124,0,0,0,0,0.0709172
120325,18,1,189167,51507,44253,137660,271354,0,0,0,0,0.0783376
120328,18,1,185630,50426,43346,135204,266079,0,0,0,0,0.0705655
120329,18,1,168867,44621,38144,124246,232607,0,0,0,0,0.053319
120333,18,1,178690,47337,41368,131353,247510,0,0,0,0,0.0630219
120336,18,1,183642,49073,42552,134569,257075,0,0,0,0,0.0773603
120337,18,2,176298,47166,40596,129120,249422,1,0,0,0,0.152881
120342,18,2,256178,70483,60941,185683,374950,1,0,0,0,0.215726
120345,18,2,175387,47290,40670,128085,250520,1,0,0,0,0.150142
120348,18,2,170649,46048,39556,124589,244496,1,0,0,0,0.155826
120350,18,2,182032,48513,42662,133506,254817,1,0,0,0,0.180035
120351,18,2,182004,48471,42701,133520,254488,1,0,0,0,0.168565
120354,18,2,184366,48461,42060,135892,253149,1,0,0,0,0.163983
120359,18,1,138135,35476,30167,102659,183005,0,0,0,0,0.0492454
120362,18,1,170438,44729,38261,125709,234274,0,0,0,0,0.0760235
120363,18,1,162422,42648,36685,119774,222117,0,0,0,0,0.0672146
120365,18,1,185776,49250,42167,136526,256959,0,0,0,0,0.0558959
120366,18,1,190239,51150,44294,139089,268532,0,0,0,0,0.0623289
120367,18,1,177715,47471,40406,130244,249541,0,0,0,0,0.0521078
120368,18,1,182511,49259,42394,133252,260025,0,0,0,0,0.0606073
120380,18,2,234928,63587,55674,171328,335025,1,0,0,0,0.149588
120381,18,2,234650,63488,55588,171149,334463,1,0,0,0,0.150007
120382,18,1,163522,43115,37510,120407,226010,0,0,0,0,0.0551597
120383,18,1,192001,51836,44237,140165,270697,0,0,0,0,0.0660801
120384,18,2,236243,62805,55038,173426,328771,1,0,0,0,0.145265
120385,18,2,249376,66952,57841,182411,353257,1,0,0,0,0.146324
120386,18,1,178849,46500,39849,132349,240172,0,0,0,0,0.0630896
120387,18,2,240012,64607,55569,175392,341854,1,0,0,0,0.176482
120388,18,1,168182,43710,37112,124472,226917,0,0,0,0,0.0515179
120389,18,1,140226,35802,30079,104424,184053,0,0,0,0,0.0528789
120680,9,1,128145,32444,27116,95701,169401,0,0,0,0,0.156007
120681,9,1,133345,34663,29538,98682,182088,0,0,0,0,0.0987246
120684,9,1,152028,39661,34543,112367,207405,0,0,0,0,0.114122
120689,9,1,151014,39484,34104,111530,206532,0,0,0,0,0.0861045
120690,9,1,131014,34064,28337,96950,179044,0,0,0,0,0.0911941
120691,9,1,134716,35003,29847,99713,183620,0,0,0,0,0.0641366
120694,9,1,167757,44366,37885,123391,232733,0,0,0,0,0.065163
120699,9,1,136841,35938,31067,100903,188785,0,0,0,0,0.0612064
120700,9,1,131021,34061,28317,96960,179029,0,0,0,0,0.111764
120701,9,1,134450,34923,29789,99527,183224,0,0,0,0,0.075564
120704,9,1,167939,44393,37937,123546,232815,0,0,0,0,0.0612312
120709,9,1,137136,35964,31101,101172,188871,0,0,0,0,0.0593109
120710,9,1,131043,34070,28305,96973,179078,0,0,0,0,0.102074
120711,9,1,147864,38496,32856,109368,201781,0,0,0,0,0.0641623
120714,9,1,173771,45756,39644,128015,238470,0,0,0,0,0.0742998
120719,9,1,128788,33430,28482,95358,176077,0,0,0,0,0.0736928
120720,9,1,125842,33397,28292,92445,177049,0,0,0,0,0.0717651
120721,9,1,142025,37504,32135,104521,197851,0,0,0,0,0.0674632
120724,9,1,160409,43040,36827,117369,227188,0,0,0,0,0.0667251
120729,9,1,145023,38101,32513,106922,200547,0,0,0,0,0.0960023
120750,9,1,147628,38507,32929,109121,201693,0,0,0,0,0.123097
120751,9,1,154981,41346,35516,113635,218230,0,0,0,0,0.0796367
120754,9,1,177292,47576,41275,129716,250009,0,0,0,0,0.0605981
120759,9,1,150828,39198,34325,111630,203616,0,0,0,0,0.0557745
120760,9,1,147766,38538,32905,109228,201881,0,0,0,0,0.0846733
120761,9,1,154968,41340,35501,113628,218207,0,0,0,0,0.066361
120764,9,1,177539,47622,41353,129917,250172,0,0,0,0,0.0614005
120769,9,1,151074,39224,34272,111850,203725,0,0,0,0,0.0666532
120770,9,1,147698,38526,32896,109172,201833,0,0,0,0,0.0919216
120771,9,1,177339,47074,40838,130265,246751,0,0,0,0,0.0641996
120774,9,1,196717,52621,45802,144096,275187,0,0,0,0,0.0663832
120779,9,1,146865,38016,32831,108849,198110,0,0,0,0,0.0605253
120780,9,1,139656,36954,31933,102702,194826,0,0,0,0,0.0625458
120781,9,1,154100,40647,35429,113453,212839,0,0,0,0,0.0592976
120784,9,1,170553,45023,39055,125530,234411,0,0,0,0,0.0611175
120789,9,1,165439,43672,38068,121767,228372,0,0,0,0,0.0814497
120810,9,1,134030,34794,29456,99236,182571,0,0,0,0,0.0814092
120811,9,1,136895,35790,30566,101105,187650,0,0,0,0,0.0582085
120814,9,1,157840,41671,36066,116169,216366,0,0,0,0,0.0613281
120819,9,2,275156,74054,64067,201089,388285,1,0,0,0,0.170887
120820,9,1,133910,34761,29444,99149,182376,0,0,0,0,0.0772094
120821,9,1,157249,41754,36372,115495,218706,0,0,0,0,0.0565181
120824,9,1,159319,42303,36849,117016,220989,0,0,0,0,0.0618932
120829,9,1,166810,43302,37320,123508,223899,0,0,0,0,0.0535227
120830,9,1,152946,40552,34994,112394,213688,0,0,0,0,0.0631423
120831,9,1,166731,44051,38562,122680,230234,0,0,0,0,0.0797409
120834,9,1,164498,43344,37915,121154,226120,0,0,0,0,0.0876378
120839,9,1,182627,48507,41789,134120,252697,0,0,0,0,0.0718182
120860,9,1,134181,34836,29426,99345,182824,0,0,0,0,0.0774924
120861,9,1,177880,47422,41235,130458,247306,0,0,0,0,0.0770537
120864,9,1,161139,42886,37088,118253,224412,0,0,0,0,0.0869926
120869,9,1,153878,39719,34223,114159,205913,0,0,0,0,0.0719717
120870,9,1,152910,40568,35011,112342,213802,0,0,0,0,0.0695188
120871,9,1,187328,49723,43695,137605,258734,0,0,0,0,0.0811124
120874,9,1,163009,43260,37731,119749,225987,0,0,0,0,0.0757333
120879,9,1,161550,42164,36143,119386,219617,0,0,0,0,0.0835409
120900,9,1,175911,46353,40219,129558,242217,0,0,0,0,0.070535
120901,9,1,175738,46249,40220,129489,241503,0,0,0,0,0.0659875
120904,9,1,165333,43747,37931,121586,227667,0,0,0,0,0.0645477
120909,9,1,147984,38349,32579,109635,199733,0,0,0,0,0.0655811
120950,9,1,146287,37976,32833,108311,197261,0,0,0,0,0.0630081
120951,9,1,146557,38002,32829,108555,197364,0,0,0,0,0.0581858
120952,9,1,144164,37341,32144,106823,195068,0,0,0,0,0.0699871
120953,9,1,158714,42091,36389,116623,220601,0,0,0,0,0.0928639
120954,9,2,254324,68352,59564,185959,358613,1,0,0,0,0.167326
120955,9,1,172472,45309,39368,127163,235287,0,0,0,0,0.0585359
120956,9,1,183537,49366,42640,134171,258619,0,0,0,0,0.065959
120957,9,1,155921,40625,34932,115296,211295,0,0,0,0,0.0752655
120958,9,1,159929,41865,36070,118064,218056,0,0,0,0,0.0641181
120959,9,1,143343,37095,31394,106248,193004,0,0,0,0,0.057826
121242,18,1,174670,46990,40223,127680,247550,0,0,0,0,0.0942061
121245,18,1,197870,54699,47751,143171,289064,0,0,0,0,0.0943184
121248,18,1,192640,52621,45996,140019,277295,0,0,0,0,0.090095
121252,18,1,178049,48583,41424,129466,257554,0,0,0,0,0.0701945
121255,18,1,202916,56275,48274,146641,297085,0,0,0,0,0.0713031
121258,18,1,182853,49537,42600,133316,260894,0,0,0,0,0.0681359
121262,18,1,177786,48518,41389,129268,257208,0,0,0,0,0.0766472
121265,18,1,202808,56223,48307,146585,296743,0,0,0,0,0.0996072
121268,18,1,182432,49485,42628,132947,260711,0,0,0,0,0.0735989
121272,18,1,193851,53513,45938,140338,283552,0,0,0,0,0.0834674
121275,18,1,217889,60119,51869,157770,315791,0,0,0,0,0.08606
121278,18,1,164940,44045,37603,120895,232088,0,0,0,0,0.0787291
121282,18,1,158099,42826,36407,115273,228315,0,0,0,0,0.064418
121285,18,1,173286,47010,40400,126276,249501,0,0,0,0,0.0793251
121288,18,1,168807,45312,39073,123495,238512,0,0,0,0,0.0880255
121290,18,1,153673,40040,33915,113633,209037,0,0,0,0,0.0668228
121291,18,1,170170,45050,38115,125120,235503,0,0,0,0,0.0948426
121292,18,1,166416,43787,37161,122629,230123,0,0,0,0,0.0890262
121293,18,1,163382,43919,37823,119463,232554,0,0,0,0,0.0677116
121294,18,1,184780,49689,42489,135091,259807,0,0,0,0,0.0666294
121295,18,1,187451,50153,42897,137298,263934,0,0,0,0,0.0613717
121296,18,1,163486,43878,37749,119608,232282,0,0,0,0,0.0716471
121297,18,2,150224,39349,33688,110862,208113,1,0,0,0,0.199694
121298,18,1,154263,40656,34707,113607,214308,0,0,0,0,0.0653041
121299,18,1,183420,49606,42595,133814,261652,0,0,0,0,0.0891997
121312,18,1,194894,53233,45926,141661,281215,0,0,0,0,0.0676142
121315,18,1,211494,58355,51069,153139,306550,0,0,0,0,0.0676792
121318,18,2,310916,84841,74525,226062,445602,1,0,0,0,0.193104
121322,18,1,194656,53163,45898,141493,280823,0,0,0,0,0.0679486
121325,18,1,212021,58404,51065,153617,306593,0,0,0,0,0.0674976
121328,18,2,310646,84783,74460,225850,445285,1,0,0,0,0.195711
121332,18,1,217195,59662,52103,157533,314072,0,0,0,0,0.076556
121335,18,1,231553,63744,55782,167809,334079,0,0,0,0,0.0782035
121338,18,1,177265,46807,40466,130458,243744,0,0,0,0,0.0773572
121342,18,1,182279,49220,42691,133059,259624,0,0,0,0,0.0650281
121345,18,1,196424,53186,46499,143238,279821,0,0,0,0,0.0661707
121348,18,2,172828,45999,39742,126816,242230,1,0,0,0,0.170408
121350,18,2,263714,70463,61144,193238,371106,1,0,0,0,0.181638
121351,18,2,269880,72901,63664,196966,384892,1,0,0,0,0.174475
121352,18,1,189553,51641,44917,137912,272823,0,0,0,0,0.0613437
121353,18,1,187220,51012,44605,136208,269024,0,0,0,0,0.0638992
121354,18,2,286335,77729,67818,208593,410117,1,0,0,0,0.174496
121355,18,1,203616,55586,48494,148030,292680,0,0,0,0,0.0840131
121356,18,1,186794,50819,44458,135975,267934,0,0,0,0,0.0681669
121357,18,2,166169,43926,37917,122230,231367,1,0,0,0,0.15862
121358,18,1,177356,48135,41674,129221,254077,0,0,0,0,0.0700299
121359,18,1,203194,56476,49088,146718,297884,0,0,0,0,0.105181
121372,18,2,234357,62834,54562,171510,330531,1,0,0,0,0.179536
121375,18,1,195725,53314,46105,142411,279336,0,0,0,0,0.0729211
121378,18,2,299000,82691,71775,216296,435698,1,0,0,0,0.177866
121382,18,2,244753,66334,57792,178406,349916,1,0,0,0,0.172142
121385,18,1,198468,54378,47048,144090,286802,0,0,0,0,0.0775571
121388,18,1,196414,52584,46012,143830,273375,0,0,0,0,0.0648014
121392,18,1,191904,51461,45222,140443,270344,0,0,0,0,0.0638385
121395,18,1,208122,57077,49477,151045,301652,0,0,0,0,0.0626822
121398,18,1,210947,57201,49469,153746,300241,0,0,0,0,0.0658279
121400,18,1,189070,51230,43920,137840,270322,0,0,0,0,0.0896921
121401,18,1,201806,54661,47229,147145,286335,0,0,0,0,0.0983843
121402,18,1,176381,47589,41289,128792,251103,0,0,0,0,0.0758024
121404,18,1,199825,54091,46571,145734,284183,0,0,0,0,0.0858373
121405,18,1,206315,56630,48879,149685,299652,0,0,0,0,0.0836145
121406,18,1,222589,61249,52851,161340,323289,0,0,0,0,0.0815003
121407,18,1,205417,55834,48130,149583,292773,0,0,0,0,0.0691954
121408,18,1,205720,55932,47989,149788,293809,0,0,0,0,0.0674355
121409,18,1,207850,56964,48487,150886,297486,0,0,0,0,0.0766007
121413,18,1,184103,49626,43516,134477,261071,0,0,0,0,0.0726425
121422,18,2,260045,70615,61672,189417,371560,1,0,0,0,0.226653
121425,18,1,198322,54263,47053,144059,285858,0,0,0,0,0.0959663
121428,18,1,181740,48588,42329,133152,253759,0,0,0,0,0.093704
121432,18,1,207124,55802,48997,151322,291934,0,0,0,0,0.0901475
121435,18,1,205530,56301,48494,149229,298002,0,0,0,0,0.065074
121438,18,1,198113,54165,46485,143948,286358,0,0,0,0,0.0691494
121440,18,1,189150,51279,43971,137871,270620,0,0,0,0,0.10127
121441,18,1,217188,59261,51145,157927,309779,0,0,0,0,0.077055
121442,18,1,193947,52720,45997,141227,277832,0,0,0,0,0.0659654
121444,18,1,201028,54343,46645,146685,285298,0,0,0,0,0.0749547
121445,18,1,209097,57471,49532,151626,304113,0,0,0,0,0.0724166
121448,18,1,186539,50356,43072,136183,265139,0,0,0,0,0.0729614
121449,18,1,187221,50966,43365,136255,266790,0,0,0,0,0.0905145
121453,18,1,184140,49655,43530,134485,261317,0,0,0,0,0.086077
121456,18,1,221688,60997,52759,160691,321979,0,0,0,0,0.0811278
121457,18,1,205386,55806,48148,149580,292637,0,0,0,0,0.0627783
121462,18,2,161466,42575,36931,118878,224228,1,0,0,0,0.163447
121465,18,1,210079,57406,49110,152673,301971,0,0,0,0,0.0702261
121468,18,1,210267,57458,49099,152809,302291,0,0,0,0,0.0807304
121470,18,1,206206,56475,48998,149731,296088,0,0,0,0,0.101909
121471,18,1,205700,56277,48952,149423,294861,0,0,0,0,0.0725959
121474,18,1,200089,54220,46793,145869,283511,0,0,0,0,0.0709875
121479,18,1,176362,47649,40541,128713,250094,0,0,0,0,0.0799682
121482,18,2,167775,45243,39091,122519,239704,1,0,0,0,0.182775
121483,18,1,171178,45609,39375,125569,239541,0,0,0,0,0.0728814
121485,18,1,213142,58377,50063,154765,307458,0,0,0,0,0.088034
121486,18,1,209594,57428,49632,152166,302097,0,0,0,0,0.0850934
121487,18,1,197671,54214,46224,143457,286906,0,0,0,0,0.0788881
121488,18,1,190016,51760,44545,138256,273283,0,0,0,0,0.0842705
121500,18,2,266382,72789,63490,193580,383411,1,0,0,0,0.241879
121501,18,2,265932,72687,63457,193232,382915,1,0,0,0,0.205842
121502,18,1,178135,46828,40796,131307,243895,0,0,0,0,0.0634168
121503,18,1,193628,52708,45686,140920,276630,0,0,0,0,0.101165
121504,18,2,282419,77559,67098,204847,408504,1,0,0,0,0.172236
121505,18,1,195325,51890,44923,143435,269215,0,0,0,0,0.0633246
121506,18,1,208921,56790,48311,152131,296323,0,0,0,0,0.0731997
121507,18,1,182731,48518,41956,134213,252783,0,0,0,0,0.0638884
121508,18,1,187971,50866,43312,137105,266548,0,0,0,0,0.0689784
121509,18,1,172284,46335,39564,125949,243336,0,0,0,0,0.0665994
121520,9,1,134440,33366,28635,101074,170241,0,0,0,0,0.135649
121521,9,1,123084,30727,26104,92357,158098,0,0,0,0,0.0846209
121524,9,1,147755,37681,32405,110074,193860,0,0,0,0,0.0968368
121529,9,1,145927,37344,32305,108583,192127,0,0,0,0,0.0785144
121530,9,1,136822,34760,29290,102062,179257,0,0,0,0,0.0876367
121531,9,1,130235,33009,28121,97226,170439,0,0,0,0,0.0700651
121534,9,1,158546,41499,35512,117047,214610,0,0,0,0,0.0571367
121539,9,1,135188,35031,30328,100157,181595,0,0,0,0,0.0564434
121540,9,1,136876,34775,29326,102101,179348,0,0,0,0,0.0818461
121541,9,1,129790,32926,28050,96864,170077,0,0,0,0,0.0594477
121544,9,1,157958,41296,35441,116662,213442,0,0,0,0,0.0545803
121549,9,1,135535,35096,30366,100439,181943,0,0,0,0,0.0549647
121550,9,1,136842,34765,29315,102077,179297,0,0,0,0,0.0830971
121551,9,1,144156,36728,31400,107428,189407,0,0,0,0,0.0599261
121554,9,2,212086,55880,48039,156195,291235,1,0,0,0,0.164823
121559,9,1,124481,31908,27299,92573,165650,0,0,0,0,0.0602756
121560,9,1,119456,31196,26478,88260,163931,0,0,0,0,0.0622599
121561,9,1,137001,35557,30655,101444,185047,0,0,0,0,0.0554765
121564,9,2,210593,55341,47660,155241,288675,1,0,0,0,0.171542
121569,9,1,138855,35800,30755,103055,185265,0,0,0,0,0.0810249
121590,9,1,160819,42046,36347,118773,217958,0,0,0,0,0.0838994
121591,9,1,155743,41209,35695,114534,215152,0,0,0,0,0.0637026
121594,9,1,170431,45155,39271,125276,233961,0,0,0,0,0.0564126
121599,9,1,139613,36083,31784,103530,185028,0,0,0,0,0.0768418
121600,9,1,160810,42029,36313,118781,217862,0,0,0,0,0.0980701
121601,9,1,155661,41182,35630,114479,215035,0,0,0,0,0.08207
121604,9,1,169972,44932,39156,125040,232568,0,0,0,0,0.0593662
121609,9,1,139908,36135,31749,103773,185300,0,0,0,0,0.0558755
121610,9,1,160759,42016,36269,118743,217805,0,0,0,0,0.0794413
121611,9,1,169509,44556,38672,124953,230535,0,0,0,0,0.0645719
121614,9,2,174955,45052,39189,129890,232396,1,0,0,0,0.159069
121619,9,1,136201,35207,30867,100994,181561,0,0,0,0,0.0662572
121620,9,1,144163,38022,33139,106141,198720,0,0,0,0,0.0886935
121621,9,1,152936,39904,34924,113032,206506,0,0,0,0,0.0602385
121624,9,2,175063,44810,38692,130240,230938,1,0,0,0,0.157714
121629,9,1,155493,40339,35142,115154,207138,0,0,0,0,0.115738
121650,9,1,140405,36076,30941,104329,186926,0,0,0,0,0.143846
121651,9,1,136380,35409,30349,100971,184531,0,0,0,0,0.0787231
121654,9,2,178349,46694,40372,131642,239262,1,0,0,0,0.152851
121659,9,2,233418,61626,53231,171782,316037,1,0,0,0,0.144821
121660,9,1,140272,36046,30926,104226,186760,0,0,0,0,0.0847527
121661,9,1,150115,38896,33994,111219,200604,0,0,0,0,0.0538154
121664,9,2,164081,42627,36866,121441,220010,1,0,0,0,0.130102
121669,9,2,216825,57582,49436,159233,298687,1,0,0,0,0.143056
121670,9,1,154933,40371,34769,114562,209718,0,0,0,0,0.0559111
121671,9,1,167753,43691,38321,124062,225024,0,0,0,0,0.0556062
121674,9,2,168175,43734,37631,124428,225940,1,0,0,0,0.130203
121679,9,2,222403,59643,50999,162749,309300,1,0,0,0,0.15413
121700,9,1,140338,36093,30918,104245,187139,0,0,0,0,0.071548
121701,9,2,167099,43002,36923,124084,221739,1,0,0,0,0.136907
121704,9,2,163476,42401,36621,121062,218753,1,0,0,0,0.126818
121709,9,1,140519,35484,30727,105035,181317,0,0,0,0,0.0470826
121710,9,1,154903,40377,34762,114526,209775,0,0,0,0,0.0546878
121711,9,2,166529,43159,37281,123357,223421,1,0,0,0,0.133147
121714,9,2,169290,43994,38015,125283,227270,1,0,0,0,0.125722
121719,9,1,154326,39348,33879,114978,200683,0,0,0,0,0.0515146
121740,9,1,170123,44310,38657,125813,227764,0,0,0,0,0.0524173
121741,9,1,169753,44142,38589,125611,226709,0,0,0,0,0.05203
121744,9,2,180284,47137,40632,133134,241244,1,0,0,0,0.133389
121749,9,1,143526,36364,31003,107162,186250,0,0,0,0,0.0527636
121790,9,1,133936,34328,29956,99608,175311,0,0,0,0,0.0460735
121791,9,1,134287,34383,29966,99904,175573,0,0,0,0,0.0462716
121792,9,1,133472,34336,29922,99136,176752,0,0,0,0,0.0508797
121793,9,1,155481,40876,35820,114605,210764,0,0,0,0,0.0706147
121794,9,2,231673,61479,53034,170184,316023,1,0,0,0,0.146623
121795,9,2,220857,58846,50599,162001,305843,1,0,0,0,0.140751
121796,9,2,229500,62236,53395,167253,324486,1,0,0,0,0.151966
121797,9,1,145313,37019,32033,108294,189580,0,0,0,0,0.0475386
121798,9,1,156020,40240,34861,115780,205859,0,0,0,0,0.0519643
121799,9,1,139484,35271,30246,104213,180025,0,0,0,0,0.0509794
122082,18,1,155826,40688,34869,115138,212209,0,0,0,0,0.079923
122085,18,1,180575,48415,42250,132160,253556,0,0,0,0,0.0817887
122088,18,1,175289,46599,40416,128690,243438,0,0,0,0,0.0811515
122092,18,1,158288,41613,34998,116675,217881,0,0,0,0,0.066981
122095,18,1,186749,50409,43324,136340,264337,0,0,0,0,0.0660897
122098,18,1,168510,44055,37671,124455,229785,0,0,0,0,0.0642443
122102,18,1,158123,41559,34957,116564,217572,0,0,0,0,0.0667688
122105,18,1,186665,50405,43360,136260,264347,0,0,0,0,0.0636658
122108,18,1,168114,43999,37754,124115,229511,0,0,0,0,0.0596504
122112,18,1,175309,46607,40078,128702,243768,0,0,0,0,0.06877
122115,18,1,197593,53001,45922,144592,275658,0,0,0,0,0.0634075
122118,18,1,153496,39409,33523,114087,205236,0,0,0,0,0.0589685
122122,18,1,146951,38025,32409,108926,198606,0,0,0,0,0.054438
122125,18,1,163827,43030,36729,120797,224943,0,0,0,0,0.0550246
122128,18,2,147224,37970,32221,109243,199713,1,0,0,0,0.17301
122130,18,1,139884,35855,29945,104029,186554,0,0,0,0,0.0580203
122131,18,1,162211,41878,35591,120333,217643,0,0,0,0,0.0590945
122132,18,1,162484,42012,35712,120472,218926,0,0,0,0,0.058595
122133,18,1,150869,39100,33703,111769,203903,0,0,0,0,0.0634268
122134,18,1,186178,49190,42410,136988,255845,0,0,0,0,0.0674618
122135,18,1,177992,46755,40248,131237,243756,0,0,0,0,0.0658232
122136,18,1,164504,43203,37340,121301,225391,0,0,0,0,0.0624848
122137,18,2,147426,37998,32429,109416,199852,1,0,0,0,0.176928
122138,18,1,157471,41482,35515,115989,217011,0,0,0,0,0.0615488
122139,18,1,165247,42963,37041,122284,223763,0,0,0,0,0.0820225
122152,18,1,174339,46145,39750,128194,240982,0,0,0,0,0.0613573
122155,18,1,194485,52461,45880,142024,273211,0,0,0,0,0.0630041
122158,18,2,213156,57661,50579,155482,302906,1,0,0,0,0.174928
122162,18,1,174062,46059,39700,128003,240501,0,0,0,0,0.0619272
122165,18,1,194784,52498,45889,142286,273275,0,0,0,0,0.0665017
122168,18,2,212853,57587,50482,155253,302510,1,0,0,0,0.171866
122172,18,1,195811,52486,45764,143325,273407,0,0,0,0,0.0755559
122175,18,1,214585,57951,50688,156634,300971,0,0,0,0,0.0900624
122178,18,1,173808,45302,38778,128506,235095,0,0,0,0,0.0810311
122182,18,1,173908,45610,39668,128298,237256,0,0,0,0,0.0583391
122185,18,1,186283,49298,43349,136985,255788,0,0,0,0,0.059308
122188,18,2,162798,42323,36279,120464,221568,1,0,0,0,0.182053
122190,18,2,169939,44932,39246,124995,236370,1,0,0,0,0.157287
122191,18,2,170437,45202,39474,125223,238226,1,0,0,0,0.148015
122192,18,2,156860,40981,34908,115867,215419,1,0,0,0,0.176059
122193,18,1,168719,44758,39103,123961,233943,0,0,0,0,0.0576411
122194,18,2,181536,48671,42617,132853,256789,1,0,0,0,0.145813
122195,18,2,168283,44363,38135,123908,233763,1,0,0,0,0.159668
122196,18,1,179799,48181,42201,131618,251464,0,0,0,0,0.075974
122197,18,2,161872,42002,36048,119858,219826,1,0,0,0,0.158702
122198,18,1,171391,46114,39925,125277,241089,0,0,0,0,0.0605222
122199,18,1,186512,49940,43699,136572,260682,0,0,0,0,0.0803499
122212,18,2,167763,44712,39092,123039,235168,1,0,0,0,0.164735
122215,18,2,293909,79838,69398,214058,419498,1,0,0,0,0.173331
122218,18,2,209068,57721,50060,151334,305071,1,0,0,0,0.157443
122222,18,2,174810,47085,41054,127713,248610,1,0,0,0,0.166321
122225,18,1,179639,47569,41016,132070,247400,0,0,0,0,0.0809349
122228,18,1,187080,49117,42343,137963,253431,0,0,0,0,0.0611055
122232,18,2,159745,42327,36252,117406,223367,1,0,0,0,0.153242
122235,18,1,198969,53157,45890,145812,277075,0,0,0,0,0.0560576
122238,18,2,183622,49378,42664,134231,260650,1,0,0,0,0.136745
122240,18,1,169769,44391,37932,125378,231039,0,0,0,0,0.0573277
122241,18,1,184529,48818,42269,135711,253467,0,0,0,0,0.0585268
122242,18,1,170908,44680,38678,126228,232090,0,0,0,0,0.0557498
122244,18,1,186033,49541,43166,136492,258341,0,0,0,0,0.0611454
122245,18,1,201430,53793,46796,147637,280392,0,0,0,0,0.0572176
122246,18,1,195047,51598,44709,143449,268320,0,0,0,0,0.0536889
122247,18,2,178653,48165,41782,130475,254808,1,0,0,0,0.134396
122248,18,1,189410,49849,43247,139561,257816,0,0,0,0,0.0578063
122249,18,1,207116,55601,48143,151515,288571,0,0,0,0,0.0673242
122253,18,1,166171,43229,37891,122942,224087,0,0,0,0,0.0547395
122262,18,2,182876,49152,42660,133712,258507,1,0,0,0,0.179069
122265,18,1,179536,47354,40809,132182,246196,0,0,0,0,0.0821341
122268,18,1,170638,44297,37985,126341,229021,0,0,0,0,0.0583148
122272,18,2,165372,43994,37885,121366,232399,1,0,0,0,0.204953
122275,18,1,201493,54144,46708,147349,282816,0,0,0,0,0.0728698
122278,18,2,314140,83943,72453,230184,440477,1,0,0,0,0.201639
122280,18,1,169858,44433,37969,125425,231318,0,0,0,0,0.0607642
122281,18,1,206892,55708,48471,151184,289052,0,0,0,0,0.0643815
122282,18,1,185381,49194,43138,136187,255909,0,0,0,0,0.0572805
122284,18,1,188906,50589,43849,138317,264350,0,0,0,0,0.0626788
122285,18,1,202389,54356,46861,148033,284012,0,0,0,0,0.0549854
122288,18,1,174168,45738,39645,128430,237613,0,0,0,0,0.0506102
122289,18,1,179038,47282,40753,131756,245672,0,0,0,0,0.0589867
122293,18,1,178557,46944,41224,131613,243022,0,0,0,0,0.0582923
122296,18,1,197334,52629,45878,144705,274414,0,0,0,0,0.0537477
122297,18,2,166627,44277,38194,122337,233311,1,0,0,0,0.132095
122302,18,2,157452,41330,35630,116110,217152,1,0,0,0,0.170823
122305,18,2,178678,47777,41620,130888,251879,1,0,0,0,0.132378
122308,18,2,170461,45418,38964,125030,239543,1,0,0,0,0.134564
122310,18,1,194792,52325,45350,142467,272604,0,0,0,0,0.0647149
122311,18,1,195034,52325,45340,142709,272386,0,0,0,0,0.0595717
122314,18,2,267717,72152,62885,195552,378705,1,0,0,0,0.153279
122319,18,1,165568,43474,37401,122094,226154,0,0,0,0,0.0596795
122322,18,2,158139,41593,35740,116535,219027,1,0,0,0,0.153339
122323,18,1,165604,43678,37470,121926,227060,0,0,0,0,0.0568985
122325,18,2,178563,47802,41282,130748,252047,1,0,0,0,0.132864
122326,18,1,193047,51249,44166,141798,265900,0,0,0,0,0.054307
122327,18,2,314326,84128,72076,230185,441774,1,0,0,0,0.159424
122328,18,1,176730,46732,40115,129998,243547,0,0,0,0,0.0513276
122340,18,2,203646,56029,48849,147604,296532,1,0,0,0,0.162858
122341,18,2,203243,55942,48788,147288,296120,1,0,0,0,0.158218
122342,18,1,169482,43709,37804,125773,226095,0,0,0,0,0.056128
122343,18,1,175937,45883,39453,130054,237586,0,0,0,0,0.0755171
122344,18,2,215788,60026,52003,155749,318067,1,0,0,0,0.147638
122345,18,1,188499,49581,42627,138918,256173,0,0,0,0,0.0575574
122346,18,1,204173,54530,46798,149643,282793,0,0,0,0,0.0622288
122347,18,1,169649,43992,37796,125657,227510,0,0,0,0,0.054206
122348,18,1,175159,45866,39209,129293,237754,0,0,0,0,0.0566256
122349,18,1,156707,40612,34861,116095,210502,0,0,0,0,0.0551656
122920,9,1,136904,33741,28743,103163,172958,0,0,0,0,0.114626
122921,9,1,141018,35235,30135,105783,181205,0,0,0,0,0.0724697
122922,9,1,152309,38140,32052,114169,194748,0,0,0,0,0.0745507
122923,9,1,149869,37777,32714,112092,193848,0,0,0,0,0.0747993
122924,9,1,164679,42437,36709,122242,219207,0,0,0,0,0.0735496
122925,9,1,180826,46640,40779,134186,240331,0,0,0,0,0.0784512
122926,9,1,171059,43456,38048,127603,222015,0,0,0,0,0.0743756
122927,9,1,169087,42875,37399,126212,218865,0,0,0,0,0.0822164
122928,9,1,172244,44115,38123,128129,226443,0,0,0,0,0.0772286
122929,9,1,164494,42132,36600,122362,217067,0,0,0,0,0.0755455
122930,9,1,135536,33761,28427,101775,173668,0,0,0,0,0.0793672
122931,9,1,141813,35605,30079,106208,183596,0,0,0,0,0.0541132
122932,9,1,152700,38685,32373,114015,198680,0,0,0,0,0.055811
122933,9,1,156024,39913,34417,116111,205941,0,0,0,0,0.0890751
122934,9,2,226910,60068,52150,166830,312301,1,0,0,0,0.174885
122935,9,1,182913,48275,41633,134638,249790,0,0,0,0,0.0634028
122936,9,2,172909,45324,39457,127573,237434,1,0,0,0,0.158215
122937,9,1,142423,35746,31021,106677,182522,0,0,0,0,0.0553702
122938,9,1,164145,42291,36242,121854,218582,0,0,0,0,0.0633945
122939,9,1,153300,39530,34492,113770,203683,0,0,0,0,0.0549897
122940,9,1,135445,33749,28435,101696,173623,0,0,0,0,0.0826928
122941,9,1,141378,35524,30026,105854,183249,0,0,0,0,0.056849
122942,9,1,152108,38549,32327,113559,198016,0,0,0,0,0.0592528
122943,9,1,156034,39903,34418,116131,205873,0,0,0,0,0.0635876
122944,9,2,226016,59846,52020,166158,311134,1,0,0,0,0.164093
122945,9,1,182975,48289,41693,134686,249853,0,0,0,0,0.0625673
122946,9,2,172806,45311,39442,127483,237408,1,0,0,0,0.155611
122947,9,1,142692,35767,31036,106925,182549,0,0,0,0,0.0552179
122948,9,1,163317,42113,36239,121204,217753,0,0,0,0,0.0611564
122949,9,1,152634,39350,34430,113284,202709,0,0,0,0,0.0570054
122950,9,1,135428,33752,28455,101676,173654,0,0,0,0,0.0822594
122951,9,1,154855,39483,33997,115372,204050,0,0,0,0,0.0574832
122952,9,1,169383,44044,37988,125339,227903,0,0,0,0,0.0649932
122953,9,1,171594,44163,38150,127431,226851,0,0,0,0,0.0608805
122954,9,2,212986,56085,48470,156889,292723,1,0,0,0,0.161537
122955,9,1,196539,51817,45213,144722,267263,0,0,0,0,0.0657624
122956,9,2,183635,49327,43022,134296,261412,1,0,0,0,0.159321
122957,9,1,134649,34001,29658,100648,175064,0,0,0,0,0.0553957
122958,9,1,147904,36905,31583,110999,188885,0,0,0,0,0.0803255
122959,9,1,141730,36235,31275,105495,187388,0,0,0,0,0.0792681
122960,9,1,127327,32718,27992,94609,170152,0,0,0,0,0.0534425
122961,9,2,191442,49237,42275,142192,255925,1,0,0,0,0.163551
122962,9,2,148665,38230,32421,110424,200418,1,0,0,0,0.159758
122963,9,2,141158,36058,30652,105088,188431,1,0,0,0,0.166098
122964,9,2,162727,41884,36140,120831,216924,1,0,0,0,0.200446
122965,9,2,156923,40979,35091,115933,216082,1,0,0,0,0.26348
122966,9,2,146009,37510,32142,108487,196341,1,0,0,0,0.199519
122967,9,2,159036,41748,35713,117277,220193,1,0,0,0,0.229583
122968,9,2,141809,36580,31442,105217,191835,1,0,0,0,0.26583
122969,9,1,155062,39740,34637,115322,205421,0,0,0,0,0.113146
122970,9,1,130192,32057,26856,98135,163121,0,0,0,0,0.107212
122971,9,1,152250,38434,32821,113816,197038,0,0,0,0,0.0973601
122972,9,2,138948,35277,29752,103659,183966,1,0,0,0,0.214067
122973,9,2,139411,35474,30130,103925,184736,1,0,0,0,0.197357
122974,9,1,176355,45822,39643,130533,235345,0,0,0,0,0.0831233
122975,9,2,146429,37534,31926,108883,196907,1,0,0,0,0.243005
122976,9,2,146447,37784,32498,108651,198171,1,0,0,0,0.233595
122977,9,2,145486,37633,31872,107841,197872,1,0,0,0,0.267149
122978,9,2,151434,39726,34367,111696,209751,1,0,0,0,0.259117
122979,9,1,154646,38812,33398,115834,198807,0,0,0,0,0.117727
122980,9,1,125975,32147,27945,93828,166610,0,0,0,0,0.0718515
122981,9,2,149282,37993,32438,111277,198106,1,0,0,0,0.211886
122982,9,2,138730,35119,29745,103599,182877,1,0,0,0,0.227314
122983,9,2,148485,38044,32640,110429,198747,1,0,0,0,0.257253
122984,9,2,153550,39181,33512,114357,204327,1,0,0,0,0.239716
122985,9,2,143826,36593,31029,107221,191181,1,0,0,0,0.291468
122986,9,2,152794,39491,34139,113291,207338,1,0,0,0,0.20009
122987,9,2,142430,36317,30989,106101,189857,1,0,0,0,0.193793
122988,9,2,144627,37135,31748,107480,194842,1,0,0,0,0.202282
122989,9,1,158483,40276,34783,118207,207781,0,0,0,0,0.0892003
122990,9,1,156380,40060,35020,116320,207658,0,0,0,0,0.097318
122991,9,1,158389,40584,35181,117805,210040,0,0,0,0,0.0818056
122992,9,2,208949,55217,48041,153719,290397,1,0,0,0,0.243136
122993,9,1,169637,43819,38419,125818,225739,0,0,0,0,0.0790028
122994,9,2,239191,63131,55392,176048,326765,1,0,0,0,0.227883
122995,9,2,232995,63018,55587,169964,331667,1,0,0,0,0.261988
122996,9,2,188549,50009,44211,138528,261232,1,0,0,0,0.22997
122997,9,2,208491,55842,49041,152636,292609,1,0,0,0,0.196612
122998,9,2,195476,53243,46739,142220,280603,1,0,0,0,0.161088
122999,9,1,156804,40403,35474,116401,206402,0,0,0,0,0.0535594
123000,9,1,156268,40018,34964,116250,207450,0,0,0,0,0.0760417
123001,9,1,158042,40492,35120,117550,209559,0,0,0,0,0.0538074
123002,9,2,208867,55178,48018,153676,290161,1,0,0,0,0.200544
123003,9,1,169404,43756,38362,125648,225388,0,0,0,0,0.0855035
123004,9,2,238387,62930,55258,175445,325764,1,0,0,0,0.193268
123005,9,2,232679,62942,55593,169724,331264,1,0,0,0,0.151041
123006,9,2,188291,49952,44187,138327,260930,1,0,0,0,0.205788
123007,9,2,208143,55756,48916,152374,292168,1,0,0,0,0.232598
123008,9,2,194926,53111,46587,141802,279899,1,0,0,0,0.233964
123009,9,1,156685,40358,35407,116327,206097,0,0,0,0,0.0754164
123010,9,1,156210,40009,34941,116201,207434,0,0,0,0,0.112793
123011,9,1,174492,45261,39743,129231,233938,0,0,0,0,0.0868382
123012,9,2,214619,57330,50101,157276,302417,1,0,0,0,0.22152
123013,9,1,184874,47981,41852,136893,246076,0,0,0,0,0.089799
123014,9,2,174042,44775,38893,129254,231012,1,0,0,0,0.23255
123015,9,2,227591,61366,53964,166212,323602,1,0,0,0,0.203229
123016,9,2,211765,57280,50645,154473,302807,1,0,0,0,0.162323
123017,9,2,234892,61663,53630,173216,321703,1,0,0,0,0.169212
123018,9,1,167106,42258,36534,124848,215296,0,0,0,0,0.0592505
123019,9,1,151611,38668,33625,112943,198177,0,0,0,0,0.0534256
123020,9,2,210648,54728,47448,155907,284781,1,0,0,0,0.152482
123021,9,2,212895,55539,48004,157343,289021,1,0,0,0,0.145211
123022,9,2,153712,39173,33366,114528,204242,1,0,0,0,0.146317
123023,9,2,140933,35511,30176,105410,183740,1,0,0,0,0.138756
123024,9,2,171525,43845,37866,127668,225562,1,0,0,0,0.186936
123025,9,2,164984,42632,36601,122341,223047,1,0,0,0,0.202942
123026,9,2,152511,38844,33330,113654,201668,1,0,0,0,0.173344
123027,9,2,170928,44620,38612,126297,233322,1,0,0,0,0.187126
123028,9,2,150954,38859,33462,112083,202000,1,0,0,0,0.180561
123029,9,1,168896,43558,37977,125338,223635,0,0,0,0,0.105424
123030,9,2,169023,44147,38593,124864,231360,1,0,0,0,0.159367
123031,9,2,169299,44681,38966,124606,235226,1,0,0,0,0.194677
123032,9,2,148768,37600,31734,111156,195483,1,0,0,0,0.156977
123033,9,2,147653,37669,32138,109972,196015,1,0,0,0,0.142245
123034,9,2,179740,47548,41606,132180,249909,1,0,0,0,0.181094
123035,9,2,160574,41165,34982,119397,215029,1,0,0,0,0.168531
123036,9,2,163267,42303,36533,120952,221196,1,0,0,0,0.149732
123037,9,2,162141,41794,35696,120335,218181,1,0,0,0,0.208079
123038,9,2,162119,42658,36903,119448,224054,1,0,0,0,0.156595
123039,9,1,189214,49912,43732,139302,257976,0,0,0,0,0.0878532
123040,9,2,165069,42737,37301,122320,223277,1,0,0,0,0.197992
123041,9,2,170640,44368,38333,126260,231886,1,0,0,0,0.188026
123042,9,2,145232,36942,31393,108278,192347,1,0,0,0,0.152293
123043,9,2,155867,40925,35313,114931,215414,1,0,0,0,0.156044
123044,9,2,180554,46916,40708,133626,244567,1,0,0,0,0.202653
123045,9,2,154871,39690,34104,115169,207223,1,0,0,0,0.153027
123046,9,2,169079,44607,38728,124461,234886,1,0,0,0,0.163979
123047,9,2,156982,40544,34826,116426,211684,1,0,0,0,0.19802
123048,9,2,166099,44070,38206,122017,232171,1,0,0,0,0.163861
123049,9,1,177193,45165,39660,132028,230342,0,0,0,0,0.106724
123050,9,1,145843,36767,31473,109076,190041,0,0,0,0,0.098449
123051,9,2,202232,52322,45416,149897,272145,1,0,0,0,0.170842
123052,9,2,165940,43983,38180,121945,231059,1,0,0,0,0.150409
123053,9,2,158769,41186,35521,117571,214917,1,0,0,0,0.153977
123054,9,1,159847,40925,35214,118922,209486,0,0,0,0,0.0555116
123055,9,2,176871,46409,40643,130449,241715,1,0,0,0,0.136955
123056,9,1,188037,48720,42271,139317,248832,0,0,0,0,0.0594642
123057,9,2,173734,45377,39367,128345,235606,1,0,0,0,0.128163
123058,9,2,184754,49447,43264,135294,258582,1,0,0,0,0.149039
123059,9,2,234978,62644,54281,172322,322283,1,0,0,0,0.194802
123060,9,1,145813,36762,31461,109051,190012,0,0,0,0,0.0982753
123061,9,2,205781,53762,46778,152006,280007,1,0,0,0,0.180864
123062,9,2,170917,45628,39608,125277,240199,1,0,0,0,0.223746
123063,9,2,167497,43652,37776,123833,227786,1,0,0,0,0.198829
123064,9,1,165805,42844,37284,122961,220515,0,0,0,0,0.0570414
123065,9,2,167765,43812,38078,123940,228538,1,0,0,0,0.133733
123066,9,1,184524,47799,41701,136725,245503,0,0,0,0,0.0582174
123067,9,2,177785,46508,40288,131265,242286,1,0,0,0,0.146067
123068,9,1,190046,49247,43134,140799,251503,0,0,0,0,0.0639565
123069,9,2,216726,58036,49835,158679,302145,1,0,0,0,0.18312
123070,9,1,157347,40167,34506,117180,207580,0,0,0,0,0.0567685
123071,9,1,170708,44045,38578,126663,226520,0,0,0,0,0.0609309
123072,9,2,146890,37680,32064,109198,196740,1,0,0,0,0.162551
123073,9,2,148746,38302,32512,110432,199921,1,0,0,0,0.156277
123074,9,1,169785,44329,38563,125456,229422,0,0,0,0,0.063403
123075,9,2,171031,44769,38693,126250,234821,1,0,0,0,0.142264
123076,9,2,171623,45203,39291,126407,237222,1,0,0,0,0.157021
123077,9,2,173593,45509,39383,128073,238645,1,0,0,0,0.137204
123078,9,2,171351,45242,39222,126096,237425,1,0,0,0,0.159668
123079,9,2,218413,58721,50463,159679,305215,1,0,0,0,0.189281
123080,9,2,208803,55177,48209,153613,290753,1,0,0,0,0.166621
123081,9,2,213343,56751,49563,156579,299177,1,0,0,0,0.157159
123082,9,2,157771,41028,35214,116732,215170,1,0,0,0,0.171206
123083,9,2,161342,42297,36334,119034,222096,1,0,0,0,0.15162
123084,9,2,171561,44629,39242,126919,232721,1,0,0,0,0.152066
123085,9,2,172552,44853,38893,127687,234549,1,0,0,0,0.131788
123086,9,2,173864,45634,39188,128218,239426,1,0,0,0,0.159394
123087,9,2,174581,45243,39277,129327,236136,1,0,0,0,0.175901
123088,9,2,170308,44841,38533,125455,235302,1,0,0,0,0.167019
123089,9,1,207306,55125,48103,152181,283731,0,0,0,0,0.0664949
123090,9,1,170220,43875,38543,126345,226022,0,0,0,0,0.0681209
123091,9,1,185928,48135,42338,137793,246330,0,0,0,0,0.0651019
123092,9,2,143754,36532,31086,107210,189618,1,0,0,0,0.179954
123093,9,2,151018,38879,33306,112127,202787,1,0,0,0,0.167422
123094,9,1,180635,46562,40327,134073,239166,0,0,0,0,0.0811351
123095,9,2,179140,47308,40950,131820,248523,1,0,0,0,0.165129
123096,9,2,167379,43582,37565,123785,227942,1,0,0,0,0.142608
123097,9,2,178561,47002,40928,131547,246704,1,0,0,0,0.131935
123098,9,2,170804,44491,38251,126301,232606,1,0,0,0,0.149143
123099,9,2,170040,44343,38193,125685,231227,1,0,0,0,0.16043
123100,9,1,145873,36787,31461,109086,190190,0,0,0,0,0.0722231
123101,9,2,166993,42746,36989,124235,219724,1,0,0,0,0.157369
123102,9,2,177161,47337,41244,129812,248575,1,0,0,0,0.137831
123103,9,2,173725,45132,39103,128581,234931,1,0,0,0,0.173425
123104,9,1,164509,42377,36540,122132,218628,0,0,0,0,0.0561328
123105,9,2,165271,42925,37333,122333,223282,1,0,0,0,0.134842
123106,9,1,183557,47635,41465,135922,245158,0,0,0,0,0.0709115
123107,9,2,190296,50131,43510,140153,262173,1,0,0,0,0.200028
123108,9,1,175363,44775,38884,130588,228616,0,0,0,0,0.0720241
123109,9,1,146795,37051,31769,109744,189711,0,0,0,0,0.0514472
123110,9,1,157307,40190,34531,117117,207750,0,0,0,0,0.0554714
123111,9,2,165851,42554,36715,123284,219332,1,0,0,0,0.163112
123112,9,2,154788,39841,34243,114935,208241,1,0,0,0,0.192855
123113,9,2,153931,39753,33842,114166,207849,1,0,0,0,0.189163
123114,9,1,169892,44467,38429,125425,230234,0,0,0,0,0.065795
123115,9,2,167326,43453,37657,123861,227435,1,0,0,0,0.141189
123116,9,2,179564,47556,41095,131996,250133,1,0,0,0,0.180691
123117,9,2,163121,42185,36326,120925,220654,1,0,0,0,0.202893
123118,9,2,160789,41956,36149,118820,219727,1,0,0,0,0.198179
123119,9,2,203340,53993,45943,149335,281283,1,0,0,0,0.192262
123120,9,2,208747,55166,48198,153568,290690,1,0,0,0,0.232336
123121,9,2,224985,60620,53123,164352,320083,1,0,0,0,0.222836
123122,9,2,163915,42904,37066,121000,225386,1,0,0,0,0.182185
123123,9,2,170293,44961,38579,125321,236807,1,0,0,0,0.15159
123124,9,2,167436,43442,37792,123981,226553,1,0,0,0,0.13744
123125,9,2,165757,42840,36861,122905,223591,1,0,0,0,0.126182
123126,9,2,168618,43756,37612,124850,228508,1,0,0,0,0.129462
123127,9,2,161727,41544,35767,120172,216452,1,0,0,0,0.134079
123128,9,2,158730,41428,35308,117290,217153,1,0,0,0,0.133901
123129,9,1,183396,48069,41571,135327,247811,0,0,0,0,0.0618045
123130,9,1,170271,43920,38580,126351,226311,0,0,0,0,0.0594169
123131,9,2,201233,53665,47284,147556,282812,1,0,0,0,0.157535
123132,9,2,152471,38993,33493,113465,202962,1,0,0,0,0.142759
123133,9,2,161527,42189,36386,119326,221332,1,0,0,0,0.139912
123134,9,1,181941,46793,40681,135148,239961,0,0,0,0,0.0556427
123135,9,2,166276,43282,37351,122981,226505,1,0,0,0,0.123694
123136,9,2,168993,43752,37666,125229,228700,1,0,0,0,0.126521
123137,9,2,168896,44210,38032,124674,231818,1,0,0,0,0.132049
123138,9,2,165320,42984,36840,122324,225053,1,0,0,0,0.137171
123139,9,2,161189,41916,36037,119261,219278,1,0,0,0,0.13835
123140,9,2,228161,59255,51335,168894,305349,1,0,0,0,0.140553
123141,9,2,227640,59042,51169,168586,304104,1,0,0,0,0.140711
123142,9,2,155541,40330,34651,115199,211032,1,0,0,0,0.147248
123143,9,2,152483,39654,33919,112817,207390,1,0,0,0,0.17304
123144,9,1,167006,42869,37117,124137,219801,0,0,0,0,0.0645054
123145,9,2,168572,43903,38039,124658,229739,1,0,0,0,0.133901
123146,9,2,175056,46276,40096,128768,243214,1,0,0,0,0.137768
123147,9,2,160205,41647,35775,118547,218085,1,0,0,0,0.152726
123148,9,2,166926,44047,37963,122867,231635,1,0,0,0,0.143803
123149,9,1,148748,37452,31980,111296,191493,0,0,0,0,0.0676051
123150,9,2,226257,60663,52897,165581,318844,1,0,0,0,0.148391
123151,9,2,225972,60577,52815,165382,318372,1,0,0,0,0.160728
123152,9,2,169533,45175,39145,124347,238079,1,0,0,0,0.180432
123153,9,2,163381,43384,37560,119985,228358,1,0,0,0,0.149404
123154,9,2,174242,45191,39490,129038,234344,1,0,0,0,0.141834
123155,9,2,166591,43399,37479,123181,226937,1,0,0,0,0.131116
123156,9,2,169660,44370,38209,125278,232294,1,0,0,0,0.147022
123157,9,2,159095,41230,35344,117854,215484,1,0,0,0,0.163801
123158,9,2,166180,43596,37360,122572,229118,1,0,0,0,0.159031
123159,9,1,169508,43614,37536,125894,224284,0,0,0,0,0.0677689
123160,9,2,180311,46835,40590,133464,243339,1,0,0,0,0.157
123161,9,2,179938,46750,40568,133176,242903,1,0,0,0,0.160339
123162,9,2,149328,38484,33210,110832,200412,1,0,0,0,0.198263
123163,9,2,160519,42505,36840,118001,223579,1,0,0,0,0.14746
123164,9,1,189766,49389,43000,140377,252583,0,0,0,0,0.0605626
123165,9,2,167916,43583,37631,124320,227581,1,0,0,0,0.176302
123166,9,2,170177,44228,38170,125937,231209,1,0,0,0,0.142305
123167,9,2,159093,40993,35205,118087,213986,1,0,0,0,0.128271
123168,9,2,159696,41232,35450,118452,215388,1,0,0,0,0.162629
123169,9,1,166866,42102,36207,124764,213719,0,0,0,0,0.0614506
123170,9,2,202231,55057,47761,147161,290287,1,0,0,0,0.201302
123171,9,2,201808,54963,47704,146832,289797,1,0,0,0,0.182415
123172,9,2,253206,67646,59082,185547,355408,1,0,0,0,0.190863
123173,9,1,168218,42825,37020,125393,218398,0,0,0,0,0.0737986
123174,9,2,180694,48304,42220,132378,252638,1,0,0,0,0.143955
123175,9,2,176005,46678,40527,129315,245249,1,0,0,0,0.170652
123176,9,2,172534,45908,39389,126614,241130,1,0,0,0,0.154105
123177,9,2,192004,51374,44571,140618,270666,1,0,0,0,0.169204
123178,9,2,163749,43336,37221,120401,228376,1,0,0,0,0.147063
123179,9,1,158788,39746,33950,119042,201343,0,0,0,0,0.0651527
123180,9,2,190002,52012,45141,137977,274697,1,0,0,0,0.152252
123181,9,2,189594,51913,45066,137668,274179,1,0,0,0,0.151573
123182,9,1,168167,42586,36401,125581,217879,0,0,0,0,0.0582353
123183,9,1,174168,45001,38723,129167,231548,0,0,0,0,0.0745099
123184,9,2,184433,49724,43402,134696,260933,1,0,0,0,0.139376
123185,9,1,184413,47441,41249,136972,242171,0,0,0,0,0.076576
123186,9,1,200063,52880,45498,147183,272019,0,0,0,0,0.0910748
123187,9,1,169200,42802,36727,126398,217952,0,0,0,0,0.0727397
123188,9,1,175241,45561,38962,129680,234438,0,0,0,0,0.0637167
123189,9,1,158692,40524,34659,118168,207938,0,0,0,0,0.0870302
123190,9,1,156957,40627,35809,116330,207642,0,0,0,0,0.0596363
123191,9,1,156880,40584,35792,116296,207325,0,0,0,0,0.0742718
123192,9,1,158837,41092,36121,117745,211222,0,0,0,0,0.0592877
123193,9,1,174300,45618,40281,128682,235730,0,0,0,0,0.0767415
123194,9,2,245563,66580,57894,178971,344739,1,0,0,0,0.178266
123195,9,2,232581,63442,54634,169128,332423,1,0,0,0,0.15508
123196,9,2,235424,64252,55305,171159,336316,1,0,0,0,0.159661
123197,9,1,151190,38308,33223,112882,195795,0,0,0,0,0.0498469
123198,9,2,217429,58326,49799,159091,305540,1,0,0,0,0.160291
123199,9,1,151408,38593,33568,112815,198059,0,0,0,0,0.057184
125160,9,1,146396,39575,34427,106821,208254,0,0,0,0,0.0535575
125161,9,1,153160,39847,34719,113313,205802,0,0,0,0,0.0489389
125164,9,2,226097,61107,53137,164977,320266,1,0,0,0,0.141881
125169,9,1,165515,43413,37627,122102,225927,0,0,0,0,0.0536395
125170,9,1,146123,39500,34416,106623,207788,0,0,0,0,0.0553493
125171,9,1,152834,39752,34674,113082,205204,0,0,0,0,0.0486716
125174,9,2,225909,61061,53082,164835,320001,1,0,0,0,0.15287
125179,9,1,165802,43398,37658,122404,225647,0,0,0,0,0.056455
125180,9,1,142050,38265,33077,103785,202130,0,0,0,0,0.0622001
125181,9,1,155128,40214,34916,114914,208203,0,0,0,0,0.0565679
125184,9,2,224165,61297,53462,162855,324308,1,0,0,0,0.150158
125189,9,2,223121,60923,53383,162185,323509,1,0,0,0,0.156005
125190,9,1,156746,42537,36653,114209,224719,0,0,0,0,0.0793342
125191,9,1,151900,39673,34169,112227,205664,0,0,0,0,0.0552445
125194,9,1,169275,44452,38755,124823,231573,0,0,0,0,0.0556364
125199,9,1,164323,43436,37675,120887,227566,0,0,0,0,0.0586743
125200,9,1,162745,42181,36803,120564,217718,0,0,0,0,0.0715187
125201,9,1,149191,38025,33163,111166,192869,0,0,0,0,0.0494284
125204,9,2,223667,61032,52690,162623,322294,1,0,0,0,0.183822
125209,9,1,155089,40200,35170,114889,206791,0,0,0,0,0.0472716
125230,9,1,172356,46602,40477,125754,244873,0,0,0,0,0.058553
125231,9,1,185536,48762,42759,136774,251113,0,0,0,0,0.0512933
125234,9,1,161018,41719,36259,119299,214674,0,0,0,0,0.0551697
125239,9,1,158854,41528,35712,117326,214948,0,0,0,0,0.0709003
125240,9,1,161355,43113,36952,118242,225625,0,0,0,0,0.0644475
125241,9,1,170743,44463,38607,126280,228452,0,0,0,0,0.0494691
125244,9,1,166039,44601,38969,121438,233432,0,0,0,0,0.0576393
125249,9,1,151487,38626,33219,112861,198779,0,0,0,0,0.0508956
125250,9,1,179756,49280,42108,130476,259204,0,0,0,0,0.0654033
125251,9,1,172221,45902,39987,126319,238568,0,0,0,0,0.0505079
125254,9,1,196601,52494,45692,144107,274126,0,0,0,0,0.054703
125259,9,1,167487,43233,37390,124254,223714,0,0,0,0,0.0554246
125260,9,1,187045,49441,42697,137604,254582,0,0,0,0,0.0816759
125261,9,1,170983,45748,39578,125235,237673,0,0,0,0,0.0512336
125264,9,1,183850,49989,43490,133861,263691,0,0,0,0,0.0527413
125269,9,1,155003,40120,34730,114883,207658,0,0,0,0,0.0507556
125290,9,1,145636,38849,33372,106787,204177,0,0,0,0,0.0557923
125291,9,1,160802,41724,36244,119078,214943,0,0,0,0,0.0502327
125294,9,1,161963,42579,37029,119384,221853,0,0,0,0,0.0544533
125299,9,1,152202,38686,33743,113516,198330,0,0,0,0,0.0492763
125300,9,1,162462,44418,37772,118044,234560,0,0,0,0,0.0614249
125301,9,1,162932,43329,37420,119603,225984,0,0,0,0,0.049482
125304,9,1,194818,51851,45144,142967,270500,0,0,0,0,0.0548862
125309,9,1,167119,43092,37179,124027,222405,0,0,0,0,0.0589761
125310,9,1,170165,44821,38770,125344,231559,0,0,0,0,0.0559651
125311,9,1,161684,43275,37436,118409,225667,0,0,0,0,0.0540468
125314,9,1,180862,48300,42181,132562,253407,0,0,0,0,0.0546234
125319,9,1,164402,42828,37194,121574,221999,0,0,0,0,0.0530973
125340,9,1,147988,39977,33594,108011,210952,0,0,0,0,0.061623
125341,9,2,245658,67816,59165,177829,360411,1,0,0,0,0.145954
125344,9,2,252433,69703,60977,182717,370420,1,0,0,0,0.146243
125349,9,1,154659,39870,34177,114789,205461,0,0,0,0,0.0687061
125350,9,1,155025,40337,34765,114688,208642,0,0,0,0,0.0708157
125351,9,1,166644,43664,37998,122980,227619,0,0,0,0,0.0481991
125354,9,1,182119,47854,41692,134265,248359,0,0,0,0,0.0501337
125359,9,1,174944,45460,39295,129484,234841,0,0,0,0,0.0542291
125380,9,1,138165,35441,30589,102724,182578,0,0,0,0,0.0560161
125381,9,1,155313,40431,35197,114882,209476,0,0,0,0,0.0618033
125384,9,1,172750,44849,39195,127901,231354,0,0,0,0,0.0804964
125389,9,1,161199,41861,36474,119338,216745,0,0,0,0,0.0717385
125430,9,1,146708,38194,32668,108514,199103,0,0,0,0,0.0606578
125431,9,1,158530,41394,35972,117136,216475,0,0,0,0,0.0560843
125432,9,1,164656,42870,36610,121786,223955,0,0,0,0,0.0630523
125433,9,1,169101,44141,37800,124960,230585,0,0,0,0,0.0689474
125434,9,1,172702,45320,39825,127382,235966,0,0,0,0,0.0572766
125435,9,1,170588,44791,38507,125797,234283,0,0,0,0,0.0606939
125436,9,1,175492,46250,39830,129242,241757,0,0,0,0,0.0576444
125437,9,1,167540,43156,37261,124384,223389,0,0,0,0,0.0697387
125438,9,1,186037,49082,41953,136955,255124,0,0,0,0,0.0785414
125439,9,1,169725,44415,38476,125310,231783,0,0,0,0,0.0762156
125722,18,1,158213,41549,36442,116664,216489,0,0,0,0,0.0503976
125725,18,1,183998,49939,43894,134059,260925,0,0,0,0,0.0543463
125728,18,1,159857,42466,37176,117391,221572,0,0,0,0,0.048021
125732,18,1,157788,41431,36395,116357,215765,0,0,0,0,0.0510169
125735,18,1,183672,49832,43824,133840,260226,0,0,0,0,0.052902
125738,18,1,159857,42432,37150,117425,221287,0,0,0,0,0.0478548
125742,18,1,158600,41670,36431,116930,218420,0,0,0,0,0.0574877
125745,18,1,184977,49497,42929,135480,257042,0,0,0,0,0.0524074
125748,18,2,298372,82255,71793,216105,435260,1,0,0,0,0.154399
125752,18,1,187548,51286,44782,136262,269328,0,0,0,0,0.0651236
125755,18,1,198708,54486,47742,144222,286032,0,0,0,0,0.0633987
125758,18,2,174351,47119,40984,127220,249013,1,0,0,0,0.162155
125762,18,1,158067,41683,35994,116384,218257,0,0,0,0,0.0529592
125765,18,1,173541,46628,40629,126913,245341,0,0,0,0,0.0532987
125768,18,1,168056,44713,38825,123343,234000,0,0,0,0,0.051723
125770,18,1,161320,42088,36602,119232,219347,0,0,0,0,0.0704643
125771,18,1,175482,46447,40133,129035,241702,0,0,0,0,0.0552106
125772,18,1,154082,40273,34769,113809,209712,0,0,0,0,0.0574014
125773,18,1,159338,41900,36104,117438,219605,0,0,0,0,0.0819488
125774,18,1,174973,46366,40137,128607,241853,0,0,0,0,0.0657071
125775,18,1,171851,45546,39756,126305,238851,0,0,0,0,0.0584434
125776,18,1,165449,43385,37712,122064,227582,0,0,0,0,0.0545183
125777,18,2,317714,85121,73975,232581,448770,1,0,0,0,0.207697
125778,18,1,171268,45017,38819,126251,235332,0,0,0,0,0.0545219
125779,18,1,162196,42336,36969,119860,220703,0,0,0,0,0.0510419
125792,18,1,182020,47805,42026,134215,248376,0,0,0,0,0.0583873
125795,18,2,294465,80476,69833,213977,421697,1,0,0,0,0.149214
125798,18,1,170015,45063,39090,124952,234845,0,0,0,0,0.0528496
125802,18,1,172153,44840,38981,127313,232316,0,0,0,0,0.0543668
125805,18,2,289349,79980,69433,209357,423346,1,0,0,0,0.152818
125808,18,1,178544,47687,41454,130857,249515,0,0,0,0,0.0510992
125812,18,2,247918,69107,60235,178799,367782,1,0,0,0,0.141534
125815,18,2,366096,98646,85387,267437,517670,1,0,0,0,0.162933
125818,18,1,186696,50076,43686,136620,262924,0,0,0,0,0.0527624
125822,18,1,176448,47090,40754,129358,245676,0,0,0,0,0.0511477
125825,18,1,197712,53767,46380,143945,283387,0,0,0,0,0.0574235
125828,18,2,270143,74118,64646,196013,393006,1,0,0,0,0.153133
125830,18,1,185009,48466,42107,136543,250593,0,0,0,0,0.0598801
125831,18,1,191820,51629,44805,140191,269232,0,0,0,0,0.0542862
125832,18,1,178951,47453,40924,131498,247543,0,0,0,0,0.051832
125833,18,1,182346,49461,42899,132885,259781,0,0,0,0,0.0543247
125834,18,1,189248,50799,44416,138449,266568,0,0,0,0,0.0564771
125835,18,1,213516,58284,50436,155232,307021,0,0,0,0,0.0569343
125836,18,1,188138,50833,43784,137305,267509,0,0,0,0,0.0520827
125837,18,1,181479,48501,42245,132978,254361,0,0,0,0,0.0563639
125838,18,1,183199,49228,43104,133971,258364,0,0,0,0,0.0508544
125839,18,1,178942,48215,41952,130727,253084,0,0,0,0,0.0510011
125852,18,1,157666,40848,35456,116818,212364,0,0,0,0,0.0529394
125855,18,2,286063,78917,68854,207134,417858,1,0,0,0,0.158562
125858,18,1,176826,46924,40800,129902,245384,0,0,0,0,0.0560115
125862,18,2,263830,73864,64100,189953,394186,1,0,0,0,0.170678
125865,18,2,366539,99139,85936,267387,520223,1,0,0,0,0.171176
125868,18,1,182126,48874,42489,133252,256779,0,0,0,0,0.0531782
125872,18,1,170026,45278,39024,124748,237319,0,0,0,0,0.0501595
125875,18,1,195476,52936,45681,142540,278383,0,0,0,0,0.0616678
125878,18,1,183134,49087,42634,134047,257581,0,0,0,0,0.0770906
125880,18,1,166128,43376,37706,122752,225544,0,0,0,0,0.0833734
125881,18,1,183204,49235,42267,133969,258344,0,0,0,0,0.0592981
125882,18,1,170895,45332,39021,125563,237763,0,0,0,0,0.0496077
125884,18,1,187634,49562,43111,138072,258890,0,0,0,0,0.0615472
125885,18,1,212351,57896,50123,154455,305237,0,0,0,0,0.0834078
125886,18,1,192364,51822,45054,140542,271861,0,0,0,0,0.0744267
125887,18,1,183910,49284,42905,134626,258897,0,0,0,0,0.0625988
125888,18,1,173100,46055,40295,127045,240838,0,0,0,0,0.0596149
125889,18,1,187861,50747,44313,137114,266083,0,0,0,0,0.0544821
125893,18,1,173082,47023,40513,126059,248285,0,0,0,0,0.0674221
125902,18,1,183772,50014,43244,133758,264095,0,0,0,0,0.0609554
125905,18,1,194248,52969,45797,141279,279037,0,0,0,0,0.0572538
125908,18,1,167355,44994,38831,122361,237175,0,0,0,0,0.059231
125912,18,2,265282,72987,63034,192282,388281,1,0,0,0,0.160032
125915,18,2,277829,76998,67022,200818,410041,1,0,0,0,0.163163
125918,18,1,173583,46055,39733,127528,241123,0,0,0,0,0.0526
125920,18,1,150126,38583,33104,111543,200226,0,0,0,0,0.0602109
125921,18,1,180068,47665,41222,132403,248878,0,0,0,0,0.0653987
125922,18,1,193427,52566,45577,140861,277647,0,0,0,0,0.0730198
125924,18,1,190214,50428,43861,139786,262573,0,0,0,0,0.052639
125925,18,1,206661,56131,48731,150530,296059,0,0,0,0,0.0575717
125928,18,2,235329,63826,55536,171491,338151,1,0,0,0,0.174003
125929,18,1,199456,54063,47037,145393,282657,0,0,0,0,0.0578974
125933,18,1,171244,45899,39633,125345,241717,0,0,0,0,0.0527458
125936,18,2,259149,71056,62140,188081,377254,1,0,0,0,0.152554
125937,18,1,172849,45525,39461,127324,238951,0,0,0,0,0.0637688
125942,18,1,161956,42745,36907,119211,222620,0,0,0,0,0.0556967
125945,18,1,174751,46198,40067,128553,240440,0,0,0,0,0.0570113
125948,18,1,175468,46208,40342,129260,240392,0,0,0,0,0.0566523
125950,18,1,173036,46846,40529,126190,245961,0,0,0,0,0.0558175
125951,18,1,185395,50277,43487,135118,264098,0,0,0,0,0.0656307
125954,18,1,201557,54640,47461,146917,286205,0,0,0,0,0.0766468
125959,18,1,198702,54571,47989,144131,287938,0,0,0,0,0.0729651
125962,18,1,188470,51053,44003,137417,268914,0,0,0,0,0.0537535
125963,18,1,179367,48350,42021,131017,254671,0,0,0,0,0.0533147
125965,18,1,203541,55356,48139,148185,291389,0,0,0,0,0.08322
125966,18,1,189363,51331,44590,138032,270048,0,0,0,0,0.0604064
125967,18,1,202091,54619,47531,147472,287199,0,0,0,0,0.0583204
125968,18,2,236467,64344,56199,172112,340039,1,0,0,0,0.159509
125980,18,1,142763,37047,31967,105716,192659,0,0,0,0,0.0564963
125981,18,1,161256,42753,37285,118503,224096,0,0,0,0,0.0546439
125982,18,1,157834,40954,35270,116880,213273,0,0,0,0,0.0472998
125983,18,1,156234,40826,35501,115408,212996,0,0,0,0,0.0471149
125984,18,2,239102,64925,56648,174165,343947,1,0,0,0,0.145594
125985,18,1,169046,44440,38513,124606,232171,0,0,0,0,0.0641452
125986,18,1,172869,46190,40142,126679,242398,0,0,0,0,0.0537149
125987,18,2,313493,83277,72157,230205,438329,1,0,0,0,0.242815
125988,18,1,185870,50212,43420,135658,262817,0,0,0,0,0.0675285
125989,18,1,166833,44295,38761,122538,232535,0,0,0,0,0.0659925
127680,9,1,146213,39419,34237,106794,207169,0,0,0,0,0.0559571
127681,9,1,152987,39605,34461,113382,204133,0,0,0,0,0.0623767
127684,9,2,227363,61185,53160,166165,320087,1,0,0,0,0.153621
127689,9,1,166178,43476,37576,122702,226128,0,0,0,0,0.0551754
127690,9,1,145831,39326,34207,106505,206652,0,0,0,0,0.0557413
127691,9,1,152505,39479,34409,113026,203406,0,0,0,0,0.0518942
127694,9,2,227102,61125,53097,165964,319754,1,0,0,0,0.147765
127699,9,1,166523,43465,37615,123058,225843,0,0,0,0,0.0562756
127700,9,1,141784,38025,32847,103759,200620,0,0,0,0,0.0573063
127701,9,1,154736,39918,34672,114818,206339,0,0,0,0,0.0515903
127704,9,2,224200,61201,53268,162986,323539,1,0,0,0,0.144379
127709,9,2,224498,61212,53705,163273,324694,1,0,0,0,0.151387
127710,9,1,157298,42431,36606,114867,223676,0,0,0,0,0.0977971
127711,9,1,151925,39555,34063,112370,204820,0,0,0,0,0.0809238
127714,9,1,170094,44725,39079,125369,233017,0,0,0,0,0.0655495
127719,9,1,166839,44161,38215,122678,231265,0,0,0,0,0.0552294
127720,9,1,162372,41901,36657,120471,215858,0,0,0,0,0.0754383
127721,9,1,150031,38205,33231,111826,193791,0,0,0,0,0.0676303
127724,9,2,222416,60497,52126,161907,319041,1,0,0,0,0.201428
127729,9,1,155136,40134,35027,115002,206319,0,0,0,0,0.0632218
127750,9,1,173506,46907,40766,126599,246367,0,0,0,0,0.0593212
127751,9,1,186448,48890,42806,137558,251378,0,0,0,0,0.0721698
127754,9,1,161942,42034,36393,119908,216372,0,0,0,0,0.0591268
127759,9,1,159191,41620,35664,117571,215482,0,0,0,0,0.0578385
127760,9,1,163948,44026,37820,119922,230569,0,0,0,0,0.0579933
127761,9,1,171322,44693,38813,126629,229650,0,0,0,0,0.0508132
127764,9,1,167748,45127,39241,122621,236343,0,0,0,0,0.0579654
127769,9,1,151531,38735,33216,112796,199409,0,0,0,0,0.050423
127770,9,1,180566,49165,42063,131401,257845,0,0,0,0,0.06993
127771,9,1,173918,46392,40451,127526,241136,0,0,0,0,0.0519224
127774,9,1,198042,52936,46025,145106,276501,0,0,0,0,0.0545023
127779,9,1,166996,43079,37290,123917,222698,0,0,0,0,0.0520859
127780,9,1,189669,50020,43177,139649,257184,0,0,0,0,0.0582619
127781,9,1,172343,46169,39971,126174,239903,0,0,0,0,0.0584824
127784,9,1,186229,50760,44054,135469,267825,0,0,0,0,0.0585511
127789,9,1,154183,39914,34593,114269,206553,0,0,0,0,0.0529967
127810,9,1,148545,39796,34107,108749,209382,0,0,0,0,0.0631081
127811,9,1,161217,41967,36583,119250,216418,0,0,0,0,0.0555835
127814,9,1,163606,43067,37301,120539,224471,0,0,0,0,0.0787668
127819,9,1,152738,38936,33907,113802,199750,0,0,0,0,0.0499433
127820,9,1,162338,44111,37641,118227,232416,0,0,0,0,0.0629923
127821,9,1,164534,43844,37838,120690,228866,0,0,0,0,0.0787438
127824,9,1,196363,52413,45542,143950,273590,0,0,0,0,0.061235
127829,9,1,167101,43108,37111,123993,222364,0,0,0,0,0.261877
127830,9,1,172280,45292,39173,126988,233734,0,0,0,0,0.0555858
127831,9,1,162905,43767,37816,119138,228492,0,0,0,0,0.0510171
127834,9,1,183045,49045,42772,134000,257528,0,0,0,0,0.0538838
127839,9,1,163941,42769,37257,121172,221779,0,0,0,0,0.0514375
127860,9,1,149611,40426,33954,109185,213363,0,0,0,0,0.0638301
127861,9,2,270764,74908,65277,195843,397773,1,0,0,0,0.194802
127864,9,2,278245,76996,67278,201236,408654,1,0,0,0,0.151946
127869,9,1,155247,40024,34197,115223,206181,0,0,0,0,0.0536804
127870,9,1,156433,40594,34917,115839,209772,0,0,0,0,0.0555161
127871,9,1,168030,44084,38325,123946,229657,0,0,0,0,0.0492528
127874,9,1,183233,48321,42071,134912,250965,0,0,0,0,0.0539841
127879,9,1,176051,45910,39685,130141,237409,0,0,0,0,0.0705461
127900,9,1,138248,35614,30759,102634,183698,0,0,0,0,0.0534174
127901,9,1,155289,40522,35195,114767,210056,0,0,0,0,0.0554229
127904,9,1,173019,45039,39316,127980,232511,0,0,0,0,0.057246
127909,9,1,161274,42028,36664,119246,217796,0,0,0,0,0.0689648
127950,9,1,147224,38400,32791,108824,200398,0,0,0,0,0.0613057
127951,9,1,159658,41733,36178,117925,218283,0,0,0,0,0.0610045
127952,9,1,164521,43047,36693,121474,225375,0,0,0,0,0.0740697
127953,9,1,169878,44530,37945,125348,232958,0,0,0,0,0.0560038
127954,9,1,173573,45616,39993,127957,237544,0,0,0,0,0.061041
127955,9,1,170705,45023,38626,125682,235981,0,0,0,0,0.0589887
127956,9,1,176020,46563,39929,129457,243716,0,0,0,0,0.0580681
127957,9,1,168692,43710,37629,124982,226790,0,0,0,0,0.0606697
127958,9,1,188401,49892,42698,138509,259554,0,0,0,0,0.0603108
127959,9,1,170342,44768,38789,125574,234007,0,0,0,0,0.0822756
128242,18,1,158874,41665,36506,117209,217063,0,0,0,0,0.0547053
128245,18,1,186382,50710,44556,135672,264950,0,0,0,0,0.0747382
128248,18,1,160461,42429,37115,118032,220926,0,0,0,0,0.0530185
128252,18,1,158491,41566,36497,116925,216461,0,0,0,0,0.0522857
128255,18,1,185943,50574,44468,135369,264102,0,0,0,0,0.0582361
128258,18,1,160357,42395,37086,117962,220707,0,0,0,0,0.0485936
128262,18,1,160261,42122,36955,118139,220821,0,0,0,0,0.0535917
128265,18,1,187371,50128,43525,137243,260184,0,0,0,0,0.0613445
128268,18,2,274849,75918,66473,198919,401951,1,0,0,0,0.21066
128272,18,1,191428,52403,45793,139025,275167,0,0,0,0,0.0788017
128275,18,1,200556,55237,48325,145319,290324,0,0,0,0,0.0630485
128278,18,2,173371,46678,40570,126681,246135,1,0,0,0,0.144634
128282,18,1,159083,41901,36229,117182,219205,0,0,0,0,0.0781994
128285,18,1,175765,47204,41078,128561,248287,0,0,0,0,0.0828822
128288,18,1,169690,45282,39288,124408,237218,0,0,0,0,0.0722612
128290,18,1,162647,42419,36972,120228,220981,0,0,0,0,0.0730485
128291,18,1,177894,47220,40757,130674,245981,0,0,0,0,0.0572466
128292,18,1,156339,40789,35283,115550,212130,0,0,0,0,0.0575858
128293,18,1,160811,42243,36380,118568,221203,0,0,0,0,0.0587624
128294,18,1,175618,46414,40308,129204,241780,0,0,0,0,0.0524363
128295,18,1,175571,46661,40776,128910,244852,0,0,0,0,0.0576944
128296,18,1,168118,44174,38431,123944,231645,0,0,0,0,0.0721045
128297,18,2,320212,85764,74508,234436,451887,1,0,0,0,0.194582
128298,18,1,173974,45722,39411,128252,238883,0,0,0,0,0.0595698
128299,18,1,163571,42776,37319,120795,223223,0,0,0,0,0.054205
128312,18,1,183942,48334,42337,135608,251152,0,0,0,0,0.0613314
128315,18,2,274436,74673,64996,199751,390727,1,0,0,0,0.153973
128318,18,1,171022,45419,39249,125603,236820,0,0,0,0,0.0521431
128322,18,1,172112,44885,39051,127227,232565,0,0,0,0,0.0572126
128325,18,2,265383,73152,63602,192219,387189,1,0,0,0,0.147312
128328,18,1,178608,47777,41535,130831,250114,0,0,0,0,0.0559635
128332,18,2,250308,69861,60905,180435,371587,1,0,0,0,0.170931
128335,18,2,367846,99150,85803,268683,520000,1,0,0,0,0.178185
128338,18,1,187358,50158,43794,137200,263090,0,0,0,0,0.0528436
128342,18,1,177404,47136,40733,130268,245468,0,0,0,0,0.0707049
128345,18,1,200333,54451,46837,145882,286767,0,0,0,0,0.0562155
128348,18,2,292493,80571,70312,211910,427042,1,0,0,0,0.16128
128350,18,1,186708,48924,42611,137784,252854,0,0,0,0,0.0634862
128351,18,1,192437,51933,45072,140504,270976,0,0,0,0,0.057308
128352,18,1,180072,47849,41308,132223,249593,0,0,0,0,0.0574795
128353,18,1,183922,49926,43280,133996,262251,0,0,0,0,0.0580105
128354,18,1,191173,51483,44894,139690,270280,0,0,0,0,0.0557831
128355,18,1,214441,58708,50722,155733,309545,0,0,0,0,0.0668879
128356,18,1,189099,51095,43959,138004,268755,0,0,0,0,0.0722249
128357,18,1,182756,48981,42643,133775,257013,0,0,0,0,0.0622644
128358,18,1,184338,49560,43400,134778,259948,0,0,0,0,0.0583893
128359,18,1,181177,48868,42449,132309,256398,0,0,0,0,0.0529126
128372,18,1,158387,41117,35735,117270,213873,0,0,0,0,0.0528628
128375,18,2,260789,71720,62697,189057,379812,1,0,0,0,0.145118
128378,18,1,178144,47394,41210,130750,247994,0,0,0,0,0.0517027
128382,18,2,292631,82310,71517,210308,438703,1,0,0,0,0.154347
128385,18,2,367894,99654,86375,268227,522799,1,0,0,0,0.205024
128388,18,1,182229,49024,42768,133205,257650,0,0,0,0,0.0573534
128392,18,1,171141,45505,39173,125636,238332,0,0,0,0,0.0540803
128395,18,1,198581,53852,46328,144729,283139,0,0,0,0,0.0567372
128398,18,1,185865,49984,43423,135881,262506,0,0,0,0,0.054705
128400,18,1,167223,43672,37900,123551,227057,0,0,0,0,0.0587774
128401,18,1,184117,49620,42583,134497,260580,0,0,0,0,0.0561651
128402,18,1,172856,46012,39560,126844,241455,0,0,0,0,0.0517578
128404,18,1,188769,50087,43490,138682,261905,0,0,0,0,0.0530893
128405,18,1,213699,58486,50591,155213,308668,0,0,0,0,0.0570157
128406,18,1,193062,52147,45227,140915,273711,0,0,0,0,0.0568455
128407,18,1,185717,49910,43384,135807,262396,0,0,0,0,0.0692573
128408,18,1,175666,46882,40926,128784,245229,0,0,0,0,0.0542666
128409,18,1,191087,51683,44974,139404,270863,0,0,0,0,0.0682249
128413,18,1,174410,47391,40813,127019,250155,0,0,0,0,0.0781667
128422,18,1,184345,50392,43612,133953,266330,0,0,0,0,0.0579027
128425,18,1,194060,53163,46058,140897,280447,0,0,0,0,0.0628799
128428,18,1,167994,45294,39140,122700,238735,0,0,0,0,0.057531
128432,18,2,291104,80357,69490,210734,426746,1,0,0,0,0.15427
128435,18,2,306170,85015,74029,221142,451786,1,0,0,0,0.147369
128438,18,1,174723,46314,39984,128409,242256,0,0,0,0,0.0502752
128440,18,1,151523,39066,33624,112457,202943,0,0,0,0,0.0570831
128441,18,1,182773,48513,41825,134260,253605,0,0,0,0,0.0516301
128442,18,1,194764,53099,45984,141665,280556,0,0,0,0,0.0538746
128444,18,1,192137,51027,44291,141110,265911,0,0,0,0,0.0530206
128445,18,1,208679,56944,49393,151735,300585,0,0,0,0,0.055776
128448,18,2,259591,70588,61288,188991,373446,1,0,0,0,0.14569
128449,18,1,198550,53805,46811,144745,281196,0,0,0,0,0.0549143
128453,18,1,173464,46566,40116,126898,245210,0,0,0,0,0.0545706
128456,18,2,285782,78424,68509,207346,415863,1,0,0,0,0.160398
128457,18,1,174950,46178,40053,128772,242361,0,0,0,0,0.0573711
128462,18,1,164612,43640,37691,120972,227540,0,0,0,0,0.0586428
128465,18,1,176801,47007,40761,129794,245053,0,0,0,0,0.0577515
128468,18,1,177332,46877,40929,130455,244030,0,0,0,0,0.0589193
128470,18,1,176078,47849,41255,128229,251383,0,0,0,0,0.0567903
128471,18,1,187493,50962,44042,136531,267700,0,0,0,0,0.0549492
128474,18,1,203703,55411,48059,148292,290521,0,0,0,0,0.0592432
128479,18,1,200349,55165,48555,145184,291241,0,0,0,0,0.0698189
128482,18,1,190384,51698,44629,138686,272400,0,0,0,0,0.0525052
128483,18,1,182453,49392,42873,133061,260525,0,0,0,0,0.0512285
128485,18,1,204199,55631,48349,148568,292918,0,0,0,0,0.056829
128486,18,1,192242,52344,45343,139898,275664,0,0,0,0,0.0543337
128487,18,1,203099,54989,47894,148110,289305,0,0,0,0,0.0552489
128488,18,2,257650,70401,61328,187238,371920,1,0,0,0,0.14811
128500,18,1,144413,37501,32342,106912,194980,0,0,0,0,0.0496853
128501,18,1,163422,43368,37807,120054,227215,0,0,0,0,0.0484568
128502,18,1,158911,41222,35499,117689,214551,0,0,0,0,0.0472134
128503,18,1,156395,40907,35622,115488,213482,0,0,0,0,0.0455866
128504,18,2,261346,71117,62223,190217,376470,1,0,0,0,0.157457
128505,18,1,170370,44848,38827,125522,234251,0,0,0,0,0.068181
128506,18,1,173310,46327,40229,126983,243049,0,0,0,0,0.0614237
128507,18,2,318290,84857,73338,233422,446991,1,0,0,0,0.194259
128508,18,1,186624,50657,43932,135967,265354,0,0,0,0,0.0549585
128509,18,1,167337,44378,38849,122959,232668,0,0,0,0,0.0763143
129920,9,1,139181,37212,32147,101969,197216,0,0,0,0,0.0868031
129921,9,1,148642,38164,33073,110478,198000,0,0,0,0,0.0788079
129924,9,2,207179,54571,47129,152595,286458,1,0,0,0,0.198851
129929,9,1,166189,43716,37193,122473,228708,0,0,0,0,0.0640241
129930,9,1,138805,37125,32118,101680,196758,0,0,0,0,0.0713019
129931,9,1,147817,37994,32993,109823,197194,0,0,0,0,0.0592207
129934,9,2,206687,54458,47051,152216,285832,1,0,0,0,0.162966
129939,9,1,165687,43553,37110,122134,227751,0,0,0,0,0.0636719
129940,9,1,128724,34292,29286,94432,182359,0,0,0,0,0.0623618
129941,9,1,142537,36334,31334,106203,188645,0,0,0,0,0.063755
129944,9,2,199258,53102,45629,146143,280746,1,0,0,0,0.174067
129949,9,2,200299,53534,46280,146752,283998,1,0,0,0,0.155466
129950,9,1,147497,39582,33634,107915,209876,0,0,0,0,0.0868217
129951,9,1,133014,34227,29465,98787,178554,0,0,0,0,0.0699349
129954,9,1,161539,42575,36692,118964,223972,0,0,0,0,0.0673101
129959,9,1,156436,41344,35484,115092,218352,0,0,0,0,0.0746382
129960,9,1,152317,38937,33681,113380,201460,0,0,0,0,0.0751444
129961,9,1,135558,34093,29701,101465,173958,0,0,0,0,0.0504486
129964,9,1,157130,40501,35124,116629,208453,0,0,0,0,0.0521221
129969,9,1,145926,37021,31959,108905,190293,0,0,0,0,0.0505713
129990,9,1,149686,39461,33524,110225,205314,0,0,0,0,0.0564984
129991,9,2,174134,46281,40268,127842,240788,1,0,0,0,0.13501
129994,9,1,166935,42965,36974,123970,219734,0,0,0,0,0.0569353
129999,9,2,221276,58912,51188,162351,308627,1,0,0,0,0.191693
130000,9,1,157766,42283,36112,115483,221750,0,0,0,0,0.0614201
130001,9,2,173624,46604,40582,127007,245317,1,0,0,0,0.186566
130004,9,2,191941,52350,45952,139579,276925,1,0,0,0,0.159214
130009,9,2,211141,55638,48339,155491,292080,1,0,0,0,0.171078
130010,9,1,157162,41922,35624,115240,219437,0,0,0,0,0.0810189
130011,9,2,185125,50472,43832,134640,267482,1,0,0,0,0.152011
130014,9,2,171759,45946,40187,125800,241672,1,0,0,0,0.135853
130019,9,2,212170,56269,48649,155888,296112,1,0,0,0,0.150694
130020,9,2,168324,44789,38902,123522,235144,1,0,0,0,0.157857
130021,9,2,182607,49487,43475,133107,261354,1,0,0,0,0.163069
130024,9,2,320791,87151,75879,233628,458667,1,0,0,0,0.196553
130029,9,2,206210,54431,47137,151766,285643,1,0,0,0,0.150683
130050,9,1,156303,41742,35606,114561,219034,0,0,0,0,0.0556176
130051,9,2,173776,46629,40537,127134,245261,1,0,0,0,0.144612
130054,9,2,245032,66189,57853,178831,349539,1,0,0,0,0.173149
130059,9,2,204097,53490,46589,150595,280163,1,0,0,0,0.171952
130060,9,1,161429,43770,37003,117659,230345,0,0,0,0,0.0579961
130061,9,2,185873,50826,44283,135034,269549,1,0,0,0,0.131964
130064,9,2,166828,44561,38933,122254,234814,1,0,0,0,0.12925
130069,9,2,207769,55267,47918,152489,291267,1,0,0,0,0.13932
130070,9,2,173075,46257,40177,126806,243139,1,0,0,0,0.172274
130071,9,2,181830,49010,42969,132807,258412,1,0,0,0,0.17472
130074,9,2,307098,83613,72614,223473,441074,1,0,0,0,0.183792
130079,9,2,206663,54895,47615,151755,288651,1,0,0,0,0.166237
130100,9,1,158785,42528,36164,116257,222063,0,0,0,0,0.0588411
130101,9,2,325349,89241,77567,236096,471020,1,0,0,0,0.176999
130104,9,2,302220,82542,71491,219666,436196,1,0,0,0,0.170634
130109,9,1,159235,40864,35172,118371,210185,0,0,0,0,0.0725678
130110,9,2,181944,48337,42168,133596,251239,1,0,0,0,0.141497
130111,9,2,172826,46114,40512,126699,242169,1,0,0,0,0.146011
130114,9,2,163661,43434,38131,120214,228435,1,0,0,0,0.130253
130119,9,2,205455,54763,47446,150679,287998,1,0,0,0,0.199177
130140,9,1,166564,43248,37269,123316,221774,0,0,0,0,0.0564028
130141,9,2,196271,54048,47248,142211,286845,1,0,0,0,0.143747
130144,9,2,269964,73712,64247,196240,389852,1,0,0,0,0.156082
130149,9,1,171097,44682,38207,126415,231176,0,0,0,0,0.07483
130190,9,2,221625,58982,51336,162630,309495,1,0,0,0,0.15918
130191,9,2,212965,56087,48774,156866,294937,1,0,0,0,0.148084
130192,9,2,213790,56686,49207,157091,298596,1,0,0,0,0.154861
130193,9,2,207412,54880,47758,152519,288797,1,0,0,0,0.149966
130194,9,2,206435,54072,47167,152351,283398,1,0,0,0,0.139407
130195,9,2,210008,55691,48198,154304,293114,1,0,0,0,0.144588
130196,9,2,208635,55618,48539,153004,293242,1,0,0,0,0.149003
130197,9,1,158117,40611,34812,117506,209126,0,0,0,0,0.0529051
130198,9,2,209074,56187,48907,152874,296833,1,0,0,0,0.147395
130199,9,1,169589,44286,37949,125303,229288,0,0,0,0,0.0740937
130482,18,1,158676,41861,36442,116815,220110,0,0,0,0,0.0587288
130485,18,1,186824,52075,45532,134749,276720,0,0,0,0,0.0579312
130488,18,1,158511,42583,36952,115928,224563,0,0,0,0,0.0570746
130492,18,1,159257,42019,36633,117238,220917,0,0,0,0,0.060272
130495,18,1,186085,51889,45433,134196,275677,0,0,0,0,0.0817237
130498,18,1,157881,42449,36861,115432,223895,0,0,0,0,0.0549657
130502,18,1,155971,40849,35366,115122,215217,0,0,0,0,0.0597758
130505,18,1,180065,48675,41998,131390,254893,0,0,0,0,0.057285
130508,18,1,175170,46530,39808,128640,242544,0,0,0,0,0.0631866
130512,18,1,182094,49839,43145,132255,263823,0,0,0,0,0.072143
130515,18,1,186978,51416,44527,135562,272280,0,0,0,0,0.0774473
130518,18,2,157484,42002,36226,115470,222636,1,0,0,0,0.175874
130522,18,1,153016,40044,34143,112972,210532,0,0,0,0,0.0733043
130525,18,1,165159,44199,38184,120960,234428,0,0,0,0,0.0814241
130528,18,1,161254,42977,36888,118277,226908,0,0,0,0,0.0531426
130530,18,1,157410,40719,34955,116691,213400,0,0,0,0,0.0791204
130531,18,1,165504,43817,37358,121687,229984,0,0,0,0,0.0584357
130532,18,1,147641,38180,32702,109461,199708,0,0,0,0,0.0599456
130533,18,1,157907,41913,36060,115994,221098,0,0,0,0,0.0714689
130534,18,1,170636,45520,39201,125116,239826,0,0,0,0,0.0742587
130535,18,1,168635,45046,39091,123589,238733,0,0,0,0,0.0601218
130536,18,1,164121,43192,37241,120929,227580,0,0,0,0,0.0609646
130537,18,2,293228,77937,66819,215279,412140,1,0,0,0,0.191464
130538,18,1,166426,43824,37305,122602,230942,0,0,0,0,0.0590894
130539,18,1,158743,41627,35863,117116,218710,0,0,0,0,0.0567755
130552,18,2,181110,47654,41640,133445,247329,1,0,0,0,0.150313
130555,18,2,254514,69260,60737,185241,363505,1,0,0,0,0.155811
130558,18,2,160268,41869,36273,118387,217185,1,0,0,0,0.159021
130562,18,2,180788,48118,41838,132658,253136,1,0,0,0,0.165593
130565,18,2,242626,66488,58053,176125,352061,1,0,0,0,0.176218
130568,18,2,159840,41572,35890,118255,216668,1,0,0,0,0.137376
130572,18,1,196861,53176,45590,143685,279437,0,0,0,0,0.0573915
130575,18,2,184101,49975,43626,134113,263899,1,0,0,0,0.124718
130578,18,2,166119,43985,38142,122121,231030,1,0,0,0,0.143939
130582,18,2,163980,43011,37147,120956,224822,1,0,0,0,0.129391
130585,18,2,164930,43230,37408,121687,226198,1,0,0,0,0.139942
130588,18,2,225536,60463,52604,165060,319208,1,0,0,0,0.203885
130590,18,2,170762,45240,39425,125510,237660,1,0,0,0,0.198609
130591,18,1,198381,53838,46246,144543,283118,0,0,0,0,0.0821871
130592,18,2,163273,42858,36931,120402,224042,1,0,0,0,0.173536
130593,18,1,188626,51413,44595,137213,270540,0,0,0,0,0.0704033
130594,18,2,326171,89638,77648,236520,473250,1,0,0,0,0.169027
130595,18,2,168109,44507,38599,123589,233603,1,0,0,0,0.125364
130596,18,2,225310,61203,53052,164094,324052,1,0,0,0,0.169774
130597,18,1,185453,49491,42682,135962,257781,0,0,0,0,0.0652973
130598,18,1,184296,49190,42719,135106,256651,0,0,0,0,0.0764355
130599,18,1,172215,45429,39214,126786,235626,0,0,0,0,0.0685414
130612,18,2,174756,46198,39920,128546,242565,1,0,0,0,0.175266
130615,18,2,239197,65379,57377,173805,346676,1,0,0,0,0.179968
130618,18,2,159317,41633,36197,117671,217556,1,0,0,0,0.146374
130622,18,1,199255,53892,46184,145363,282993,0,0,0,0,0.0607486
130625,18,2,179294,48762,42733,130519,257868,1,0,0,0,0.133331
130628,18,2,162473,43206,37582,119254,227708,1,0,0,0,0.139487
130632,18,2,162186,42289,36409,119884,220401,1,0,0,0,0.142035
130635,18,2,162242,42282,36698,119947,220866,1,0,0,0,0.131454
130638,18,2,221140,59493,51814,161634,314788,1,0,0,0,0.194084
130640,18,2,176981,47335,41148,129634,249320,1,0,0,0,0.172632
130641,18,1,195795,52979,45388,142816,278608,0,0,0,0,0.0710213
130642,18,2,162225,42713,36647,119499,223527,1,0,0,0,0.150244
130644,18,1,183184,49150,42384,134034,257529,0,0,0,0,0.0673417
130645,18,2,165270,43617,37822,121640,228984,1,0,0,0,0.174045
130646,18,2,223005,60185,52098,162807,318420,1,0,0,0,0.198844
130647,18,1,179727,48090,41613,131637,252615,0,0,0,0,0.0816121
130648,18,1,181014,48431,42122,132583,252669,0,0,0,0,0.0744515
130649,18,1,184536,49694,43185,134842,258777,0,0,0,0,0.0804751
130653,18,1,189321,51680,44715,137641,272071,0,0,0,0,0.0755788
130662,18,2,331991,92142,79855,239836,488158,1,0,0,0,0.203276
130665,18,1,186124,49727,42682,136397,260276,0,0,0,0,0.0585526
130668,18,1,171146,45781,39420,125365,240314,0,0,0,0,0.0539717
130672,18,2,167108,43679,37827,123416,227974,1,0,0,0,0.161548
130675,18,2,164294,43005,37512,121276,225237,1,0,0,0,0.17004
130678,18,2,210518,56753,49020,153752,300690,1,0,0,0,0.181806
130680,18,2,184307,48545,42470,135751,252240,1,0,0,0,0.170641
130681,18,2,188104,51145,44861,136946,270547,1,0,0,0,0.186296
130682,18,2,167336,44074,38069,123249,230974,1,0,0,0,0.144254
130684,18,2,178608,48378,42582,130217,255921,1,0,0,0,0.153109
130685,18,2,160780,42269,36635,118498,221784,1,0,0,0,0.171801
130688,18,2,265586,70826,61781,194748,371054,1,0,0,0,0.182751
130689,18,1,183963,49595,42552,134368,258549,0,0,0,0,0.0565604
130693,18,2,227595,61349,53128,166233,324021,1,0,0,0,0.157882
130696,18,2,221657,59650,51672,161994,315485,1,0,0,0,0.195672
130697,18,1,172908,46125,39834,126783,242235,0,0,0,0,0.0847938
130702,18,1,184724,49385,42614,135339,257672,0,0,0,0,0.0812422
130705,18,1,180021,48124,41746,131897,252835,0,0,0,0,0.0834148
130708,18,1,173356,46376,40121,126980,243801,0,0,0,0,0.0887168
130710,18,2,260727,71126,62083,189588,374070,1,0,0,0,0.223007
130711,18,2,244160,67146,58514,177001,356282,1,0,0,0,0.199407
130714,18,2,235772,64183,56231,171576,339967,1,0,0,0,0.153573
130719,18,1,181253,48127,41368,133126,249996,0,0,0,0,0.0719706
130722,18,2,230732,62562,54668,168157,331352,1,0,0,0,0.150453
130723,18,1,188288,50573,43709,137715,264768,0,0,0,0,0.0607329
130725,18,2,218022,58667,51159,159342,310688,1,0,0,0,0.200308
130726,18,1,182291,48704,42261,133587,254142,0,0,0,0,0.0678596
130727,18,2,208644,56263,48659,152368,298205,1,0,0,0,0.150603
130728,18,2,269398,72710,62710,196676,382882,1,0,0,0,0.186276
130740,18,2,165613,43063,37462,122538,223571,1,0,0,0,0.192118
130741,18,2,166736,43586,37831,123137,227755,1,0,0,0,0.146797
130742,18,2,174470,46460,40622,127997,244711,1,0,0,0,0.166803
130743,18,1,175021,46298,39766,128723,240379,0,0,0,0,0.0726131
130744,18,2,165039,43362,37845,121664,227200,1,0,0,0,0.151619
130745,18,2,170561,45572,39954,124976,240649,1,0,0,0,0.168802
130746,18,1,183193,48733,42000,134460,253033,0,0,0,0,0.0741477
130747,18,1,167998,44484,38086,123514,232905,0,0,0,0,0.0538516
130748,18,1,188074,51060,43697,137014,266620,0,0,0,0,0.0643386
130749,18,1,187294,50163,42984,137131,260870,0,0,0,0,0.0966886
131880,9,1,143550,37565,32542,105985,196653,0,0,0,0,0.088538
131881,9,1,155023,39293,34216,115730,201501,0,0,0,0,0.0780044
131884,9,1,146299,36840,31807,109459,189128,0,0,0,0,0.0831077
131889,9,1,160707,41065,34946,119642,213065,0,0,0,0,0.117897
131890,9,1,156512,41980,35956,114532,220934,0,0,0,0,0.0834378
131891,9,1,167878,43887,37965,123991,226478,0,0,0,0,0.0543527
131894,9,1,132164,33326,28713,98838,171142,0,0,0,0,0.0510026
131899,9,1,155940,40314,34158,115626,210070,0,0,0,0,0.0660243
131900,9,1,162259,43137,36904,119122,225970,0,0,0,0,0.0900258
131901,9,1,175762,45745,39793,130017,234939,0,0,0,0,0.0863364
131904,9,1,150295,39479,34265,110816,206394,0,0,0,0,0.090496
131909,9,1,150840,38607,33058,112233,198832,0,0,0,0,0.0633199
131910,9,1,151167,40271,34378,110896,212575,0,0,0,0,0.056182
131911,9,1,147284,38390,33165,108894,200982,0,0,0,0,0.0593235
131914,9,1,168372,44009,37931,124363,230240,0,0,0,0,0.0868898
131919,9,1,143288,36192,31501,107096,185539,0,0,0,0,0.0541489
131920,9,1,163314,42306,36409,121008,218213,0,0,0,0,0.0811094
131921,9,1,141669,36658,31506,105011,191352,0,0,0,0,0.0815884
131924,9,1,157889,41016,35254,116873,214529,0,0,0,0,0.0901618
131929,9,1,136901,36288,31202,100613,192389,0,0,0,0,0.0810449
131950,9,1,163221,43852,37612,119369,230082,0,0,0,0,0.0862128
131951,9,2,175931,46497,40179,129421,242774,1,0,0,0,0.175908
131954,9,2,231191,61135,53255,170043,318100,1,0,0,0,0.211939
131959,9,1,170291,44395,38183,125896,230901,0,0,0,0,0.0848321
131960,9,1,180759,48541,41748,132218,253893,0,0,0,0,0.0857703
131961,9,2,238161,64418,56146,173730,340281,1,0,0,0,0.17392
131964,9,2,225369,60584,52740,164772,319753,1,0,0,0,0.184967
131969,9,2,246807,65242,56844,181553,341307,1,0,0,0,0.160894
131970,9,1,168801,44838,38618,123963,234363,0,0,0,0,0.0618963
131971,9,1,172124,45460,39747,126664,237121,0,0,0,0,0.0598723
131974,9,1,188507,50140,43649,138367,262293,0,0,0,0,0.0744915
131979,9,2,247822,64884,56409,182925,338386,1,0,0,0,0.207628
131980,9,2,224892,60652,52698,164227,320386,1,0,0,0,0.167972
131981,9,2,267132,72047,62852,195072,381069,1,0,0,0,0.187921
131984,9,1,180280,47627,41193,132653,249511,0,0,0,0,0.0604763
131989,9,1,156946,41052,35210,115894,214778,0,0,0,0,0.0596015
132010,9,1,167921,44720,38612,123201,234185,0,0,0,0,0.0618893
132011,9,2,219078,58762,51424,160303,309682,1,0,0,0,0.167249
132014,9,2,213059,56706,49439,156341,298428,1,0,0,0,0.140095
132019,9,2,209257,55187,47880,154057,289867,1,0,0,0,0.144513
132020,9,1,179509,48977,42167,130532,257064,0,0,0,0,0.081375
132021,9,2,241005,64977,56436,176015,344091,1,0,0,0,0.160814
132024,9,1,177712,47572,41134,130140,248355,0,0,0,0,0.0536693
132029,9,2,221852,59369,51422,162470,313432,1,0,0,0,0.149395
132030,9,2,240687,65568,57446,175106,346724,1,0,0,0,0.166977
132031,9,1,169205,44313,38972,124892,230459,0,0,0,0,0.0612379
132034,9,2,224105,60167,52434,163926,317813,1,0,0,0,0.145236
132039,9,2,214681,56969,49588,157699,299813,1,0,0,0,0.135897
132060,9,1,167279,44976,38617,122303,235865,0,0,0,0,0.0562029
132061,9,1,185122,49138,42776,135984,257580,0,0,0,0,0.0615786
132064,9,2,223130,60140,52327,162978,318031,1,0,0,0,0.137753
132069,9,2,213133,57596,49580,155524,305112,1,0,0,0,0.188517
132070,9,2,183530,48604,42135,134913,253938,1,0,0,0,0.143386
132071,9,1,188309,49972,43529,138337,261563,0,0,0,0,0.058261
132074,9,1,177608,47047,40734,130561,245008,0,0,0,0,0.0515145
132079,9,2,219030,58764,51023,160253,310174,1,0,0,0,0.167953
132100,9,2,235699,62292,54450,173394,324137,1,0,0,0,0.198792
132101,9,2,215571,57838,50467,157720,305257,1,0,0,0,0.218566
132104,9,2,217706,58656,51093,159038,309842,1,0,0,0,0.201064
132109,9,2,162050,42866,36935,119171,224710,1,0,0,0,0.194435
132150,9,1,167979,43861,37467,124118,228227,0,0,0,0,0.0823207
132151,9,2,267826,71444,62199,196370,375074,1,0,0,0,0.229963
132152,9,2,227252,59790,52054,167449,313538,1,0,0,0,0.199031
132153,9,1,151463,39886,34177,111577,209176,0,0,0,0,0.0540228
132154,9,2,208648,55431,48251,153204,291864,1,0,0,0,0.138644
132155,9,2,221732,59248,51589,162471,312826,1,0,0,0,0.133346
132156,9,2,215766,57489,49925,158264,303308,1,0,0,0,0.141307
132157,9,2,212191,56923,49211,155255,301014,1,0,0,0,0.131413
132158,9,2,222558,59823,51922,162722,316340,1,0,0,0,0.160954
132159,9,2,162304,42606,36912,119685,223146,1,0,0,0,0.136773
132442,18,1,165793,43152,37478,122641,224756,0,0,0,0,0.0871107
132445,18,1,192218,52199,45627,140019,274815,0,0,0,0,0.0806734
132448,18,1,159356,41734,36376,117622,218004,0,0,0,0,0.0766391
132452,18,1,165206,42908,36997,122298,223294,0,0,0,0,0.0622262
132455,18,1,171569,45416,39197,126153,237273,0,0,0,0,0.0653086
132458,18,1,156889,41061,35581,115828,213875,0,0,0,0,0.0569894
132462,18,1,173196,45204,38943,127992,234481,0,0,0,0,0.0796493
132465,18,1,155110,40717,34903,114393,212660,0,0,0,0,0.0688378
132468,18,1,175979,46752,40246,129227,244225,0,0,0,0,0.0690923
132472,18,1,179631,48143,41660,131488,252608,0,0,0,0,0.0669239
132475,18,1,163464,42771,37221,120693,223610,0,0,0,0,0.071877
132478,18,1,162190,42110,35953,120080,219775,0,0,0,0,0.0653021
132482,18,2,267952,71389,61599,196551,378029,1,0,0,0,0.187067
132485,18,1,190722,51717,44246,139005,273493,0,0,0,0,0.0662298
132488,18,1,164089,43620,37379,120469,230808,0,0,0,0,0.0570989
132490,18,1,169907,44291,38188,125616,230827,0,0,0,0,0.06441
132491,18,1,173279,46337,40188,126942,243121,0,0,0,0,0.063442
132492,18,1,169361,45061,39237,124300,236847,0,0,0,0,0.0764746
132493,18,1,167729,44877,38778,122852,236653,0,0,0,0,0.0840651
132494,18,1,164380,43434,37666,120946,227901,0,0,0,0,0.0543829
132495,18,1,193283,51797,44728,141486,271900,0,0,0,0,0.0625047
132496,18,1,166198,44103,37927,122095,231622,0,0,0,0,0.0612167
132497,18,1,151272,40026,34576,111246,210894,0,0,0,0,0.0793734
132498,18,1,166739,44630,38660,122109,235906,0,0,0,0,0.0843464
132499,18,1,169684,45903,39413,123781,242391,0,0,0,0,0.0705121
132512,18,2,182134,48961,42609,133160,256915,1,0,0,0,0.174472
132515,18,1,186579,49490,42896,137089,256969,0,0,0,0,0.067817
132518,18,2,174250,45875,39768,128362,239057,1,0,0,0,0.145665
132522,18,1,190949,50437,44056,140512,261133,0,0,0,0,0.0619663
132525,18,1,182208,48386,41795,133822,252624,0,0,0,0,0.0674832
132528,18,1,196849,53233,46457,143616,278648,0,0,0,0,0.0598015
132532,18,2,329038,88686,77607,240339,466652,1,0,0,0,0.169424
132535,18,1,183017,48093,42331,134924,249864,0,0,0,0,0.0530246
132538,18,2,270442,71936,62359,198493,378395,1,0,0,0,0.198158
132542,18,2,295569,78376,67756,217181,411608,1,0,0,0,0.190705
132545,18,2,293156,80426,70172,212717,427364,1,0,0,0,0.179104
132548,18,1,186377,50182,43610,136195,264880,0,0,0,0,0.072024
132550,18,2,277386,74752,64686,202621,394792,1,0,0,0,0.167156
132551,18,2,279170,76119,66469,203038,403041,1,0,0,0,0.159823
132552,18,1,190706,51418,44884,139288,269101,0,0,0,0,0.0551018
132553,18,1,189628,51798,45284,137830,273195,0,0,0,0,0.0636509
132554,18,1,183257,49663,43678,133594,261426,0,0,0,0,0.053214
132555,18,2,296678,81366,70834,215299,431608,1,0,0,0,0.177377
132556,18,2,275789,74922,65546,200855,396369,1,0,0,0,0.160445
132557,18,2,212593,57152,49318,155428,302733,1,0,0,0,0.15238
132558,18,1,183546,50116,43845,133430,264742,0,0,0,0,0.0573053
132559,18,1,187582,50946,43825,136636,267708,0,0,0,0,0.0616579
132572,18,2,250513,67639,59008,182861,357133,1,0,0,0,0.15857
132575,18,1,176762,47635,41343,129127,250691,0,0,0,0,0.056484
132578,18,2,244164,65930,57369,178222,348218,1,0,0,0,0.140197
132582,18,2,257317,70496,61460,186808,373810,1,0,0,0,0.147611
132585,18,1,202871,55312,48012,147559,291431,0,0,0,0,0.0568152
132588,18,2,262910,71208,61636,191690,377293,1,0,0,0,0.141559
132592,18,1,185883,49796,43034,136087,260064,0,0,0,0,0.0538521
132595,18,2,322136,88099,76492,234024,466873,1,0,0,0,0.177442
132598,18,1,204559,55877,48072,148682,295165,0,0,0,0,0.0572545
132600,18,1,189274,49878,43247,139396,257994,0,0,0,0,0.0581837
132601,18,2,324938,87402,76657,237523,459098,1,0,0,0,0.156111
132602,18,2,293455,78535,67710,214908,413466,1,0,0,0,0.152761
132604,18,1,190314,51713,44921,138601,273220,0,0,0,0,0.0534614
132605,18,1,205471,56532,49050,148939,299052,0,0,0,0,0.0564531
132606,18,1,180037,48353,42113,131684,253856,0,0,0,0,0.0520337
132607,18,2,227413,62050,54155,165350,329926,1,0,0,0,0.169989
132608,18,1,215904,59583,51896,156321,314879,0,0,0,0,0.0564991
132609,18,1,189024,51440,44403,137584,272089,0,0,0,0,0.0694866
132613,18,1,182980,49527,43191,133453,260020,0,0,0,0,0.0820237
132622,18,1,185217,49419,43125,135798,259019,0,0,0,0,0.0558385
132625,18,1,192326,52296,45539,140030,276334,0,0,0,0,0.0576587
132628,18,1,186022,50649,43842,135373,267509,0,0,0,0,0.054818
132632,18,2,270172,73988,64478,196171,392990,1,0,0,0,0.151479
132635,18,1,206601,56676,49324,149925,299122,0,0,0,0,0.06087
132638,18,2,259929,71156,61643,188760,378332,1,0,0,0,0.148187
132640,18,2,180803,48120,41936,132670,252211,1,0,0,0,0.142706
132641,18,1,188524,50001,43976,138523,260688,0,0,0,0,0.0557728
132642,18,2,260598,71308,62015,189277,378963,1,0,0,0,0.160824
132644,18,1,201027,54602,47390,146425,287398,0,0,0,0,0.0601987
132645,18,2,312008,84837,73373,227158,448678,1,0,0,0,0.15669
132648,18,2,247913,67724,59035,180176,360072,1,0,0,0,0.141412
132649,18,1,188828,50834,43970,137994,266261,0,0,0,0,0.0664059
132653,18,2,253084,68300,59504,184772,360871,1,0,0,0,0.164939
132656,18,1,181641,48920,42476,132721,257227,0,0,0,0,0.056191
132657,18,2,225134,60976,52986,164145,323473,1,0,0,0,0.138234
132662,18,2,207540,56655,49213,150872,301940,1,0,0,0,0.148158
132665,18,2,229669,63385,55314,166271,338420,1,0,0,0,0.149925
132668,18,2,225238,62215,54117,163010,332392,1,0,0,0,0.163621
132670,18,1,188281,50426,43909,137855,262712,0,0,0,0,0.0553527
132671,18,1,172368,45871,39982,126497,239274,0,0,0,0,0.0521559
132674,18,1,177521,48137,41753,129384,253418,0,0,0,0,0.0803388
132679,18,1,188479,50436,43208,138043,262556,0,0,0,0,0.05406
132682,18,1,178169,47513,41040,130656,250037,0,0,0,0,0.0581137
132683,18,1,182445,48943,42859,133502,257266,0,0,0,0,0.0606919
132685,18,1,197898,53417,46386,144481,280922,0,0,0,0,0.0570544
132686,18,1,211398,57827,50567,153571,304925,0,0,0,0,0.0605688
132687,18,2,283855,78084,67527,205758,415643,1,0,0,0,0.16276
132688,18,2,271172,74862,65244,196297,399616,1,0,0,0,0.144484
132700,18,2,175230,45836,40012,129381,238730,1,0,0,0,0.174313
132701,18,1,190960,51293,44617,139667,267616,0,0,0,0,0.0615055
132702,18,2,245009,65634,57430,179362,346972,1,0,0,0,0.153355
132703,18,1,182219,48870,42510,133349,255962,0,0,0,0,0.062141
132704,18,2,279583,76136,65895,203435,403322,1,0,0,0,0.180023
132705,18,2,287098,77776,67655,209310,412114,1,0,0,0,0.194062
132706,18,1,187965,50691,44199,137274,267091,0,0,0,0,0.058858
132707,18,1,182240,48817,42541,133423,256938,0,0,0,0,0.0775321
132708,18,1,187785,49989,43411,137796,261498,0,0,0,0,0.0551867
132709,18,1,187627,49813,42760,137814,258362,0,0,0,0,0.0517321
133560,9,1,143522,37552,32484,105970,196628,0,0,0,0,0.0798125
133561,9,1,154866,39243,34134,115623,201208,0,0,0,0,0.0745758
133564,9,1,145772,36728,31749,109044,188590,0,0,0,0,0.0862544
133569,9,1,161102,41216,35008,119886,214066,0,0,0,0,0.0933443
133570,9,1,157267,42163,36065,115104,221819,0,0,0,0,0.0592398
133571,9,1,170341,44647,38499,125694,230569,0,0,0,0,0.0565878
133574,9,1,131968,33296,28689,98672,171012,0,0,0,0,0.0534705
133579,9,1,157929,41111,34924,116818,214639,0,0,0,0,0.0840203
133580,9,1,144849,37961,32249,106888,199435,0,0,0,0,0.0784839
133581,9,1,160816,41785,36382,119031,216284,0,0,0,0,0.0607182
133584,9,1,147868,37573,32138,110295,195193,0,0,0,0,0.058182
133589,9,1,150210,37909,32662,112301,194084,0,0,0,0,0.0673519
133590,9,1,132999,35004,30066,97995,185206,0,0,0,0,0.0791222
133591,9,1,138221,35966,30798,102255,188902,0,0,0,0,0.0523112
133594,9,1,168813,44408,37919,124405,232564,0,0,0,0,0.0604221
133599,9,2,186843,48788,42044,138044,257596,1,0,0,0,0.156244
133600,9,1,146284,37603,32272,108681,194867,0,0,0,0,0.0560285
133601,9,1,133833,34546,29294,99287,180988,0,0,0,0,0.0599472
133604,9,1,161133,41989,35972,119144,220113,0,0,0,0,0.0685242
133609,9,1,148040,39651,34255,108389,210835,0,0,0,0,0.0559493
133630,9,1,163603,43969,37659,119634,230689,0,0,0,0,0.057123
133631,9,2,176290,46592,40249,129685,243296,1,0,0,0,0.143912
133634,9,2,231466,61219,53322,170234,318559,1,0,0,0,0.1542
133639,9,1,171788,45231,39128,126557,235805,0,0,0,0,0.0605578
133640,9,1,164547,43860,38028,120687,230447,0,0,0,0,0.0643181
133641,9,2,229812,61876,54074,167923,326966,1,0,0,0,0.207306
133644,9,1,173808,45497,39352,128311,236993,0,0,0,0,0.0870701
133649,9,2,246274,64840,56736,181422,338953,1,0,0,0,0.229255
133650,9,1,157198,42124,36380,115074,222153,0,0,0,0,0.0891397
133651,9,1,166983,44019,38215,122964,230188,0,0,0,0,0.0827477
133654,9,1,188102,50257,43527,137845,263359,0,0,0,0,0.0888446
133659,9,2,204250,53852,46811,150387,283334,1,0,0,0,0.210054
133660,9,2,269335,72993,63359,196329,385980,1,0,0,0,0.240337
133661,9,2,264743,71293,61992,193437,377076,1,0,0,0,0.193568
133664,9,1,183967,48455,41847,135512,253757,0,0,0,0,0.0683166
133669,9,1,165508,43617,37683,121891,228371,0,0,0,0,0.0769906
133690,9,1,158064,42219,36327,115845,222450,0,0,0,0,0.0861805
133691,9,2,235175,62646,54592,172516,329790,1,0,0,0,0.228645
133694,9,2,217071,57166,49985,159893,299394,1,0,0,0,0.148969
133699,9,1,160491,41487,35769,119004,214905,0,0,0,0,0.0527235
133700,9,1,162424,43487,37572,118937,228419,0,0,0,0,0.0682281
133701,9,2,237120,63596,55350,173511,336791,1,0,0,0,0.16541
133704,9,2,244410,65724,57012,178673,347045,1,0,0,0,0.151143
133709,9,1,185090,49142,42697,135948,256790,0,0,0,0,0.0538897
133710,9,2,230375,62161,54333,168201,328362,1,0,0,0,0.150899
133711,9,1,159589,41727,36562,117862,217790,0,0,0,0,0.0571479
133714,9,2,235339,63525,55697,171802,335248,1,0,0,0,0.15418
133719,9,1,177024,46731,40618,130293,244712,0,0,0,0,0.0741144
133740,9,1,168075,45284,38851,122791,237625,0,0,0,0,0.0787581
133741,9,1,181601,47846,41619,133755,250730,0,0,0,0,0.066121
133744,9,2,232580,63027,55212,169541,333154,1,0,0,0,0.147312
133749,9,1,168919,44543,38427,124376,233115,0,0,0,0,0.0727807
133750,9,2,183851,48698,42182,135140,254450,1,0,0,0,0.184137
133751,9,1,188353,49687,42826,138666,259682,0,0,0,0,0.0614165
133754,9,2,237455,63210,54907,174232,332794,1,0,0,0,0.184431
133759,9,2,244668,65041,55965,179614,342714,1,0,0,0,0.161738
133780,9,2,236233,62414,54556,173806,324781,1,0,0,0,0.152096
133781,9,1,169497,43867,37901,125630,227625,0,0,0,0,0.0635608
133784,9,2,219306,58562,51013,160732,308471,1,0,0,0,0.142572
133789,9,2,203503,53890,46443,149600,282677,1,0,0,0,0.144126
133830,9,1,168739,44270,37994,124469,230656,0,0,0,0,0.0586127
133831,9,2,266110,70422,61333,195676,368853,1,0,0,0,0.154629
133832,9,2,206608,54618,47702,151979,288035,1,0,0,0,0.151668
133833,9,1,161869,42913,37166,118956,225369,0,0,0,0,0.0569136
133834,9,1,158889,41097,35423,117792,212728,0,0,0,0,0.0523627
133835,9,1,185512,49296,42896,136216,257746,0,0,0,0,0.0533872
133836,9,1,175475,46407,40615,129068,242930,0,0,0,0,0.0509721
133837,9,1,164463,43218,37330,121245,225797,0,0,0,0,0.0502124
133838,9,2,228624,61052,52726,167559,323195,1,0,0,0,0.175179
133839,9,2,209340,55466,48073,153861,291621,1,0,0,0,0.178504
134122,18,1,166597,43417,37795,123180,226199,0,0,0,0,0.086203
134125,18,1,192810,52408,45798,140402,276001,0,0,0,0,0.084153
134128,18,1,159343,41811,36441,117532,218599,0,0,0,0,0.0860528
134132,18,1,165899,43209,37199,122690,224949,0,0,0,0,0.0635977
134135,18,1,172238,45723,39384,126515,239108,0,0,0,0,0.0543384
134138,18,1,157630,41377,35768,116253,215676,0,0,0,0,0.0523484
134142,18,1,158594,41305,35603,117289,215736,0,0,0,0,0.0677266
134145,18,1,152407,39351,33799,113056,204284,0,0,0,0,0.0656276
134148,18,1,178075,47480,41031,130595,248635,0,0,0,0,0.0841436
134152,18,1,172188,47041,40290,125147,249874,0,0,0,0,0.081317
134155,18,1,163112,43080,37151,120032,225745,0,0,0,0,0.0599093
134158,18,2,279398,74608,64504,204777,394882,1,0,0,0,0.177101
134162,18,1,152272,40327,34265,111945,212919,0,0,0,0,0.0507865
134165,18,1,193484,52686,45029,140798,278895,0,0,0,0,0.0575627
134168,18,1,169409,45345,38754,124064,240854,0,0,0,0,0.0614006
134170,18,1,153052,39530,34117,113522,206838,0,0,0,0,0.0543208
134171,18,1,163769,43998,37243,119771,232588,0,0,0,0,0.052644
134172,18,1,161608,42811,36778,118797,226090,0,0,0,0,0.0512704
134173,18,1,159109,42378,36378,116731,224543,0,0,0,0,0.0597674
134174,18,1,163201,42648,36567,120553,223461,0,0,0,0,0.0513827
134175,18,1,198614,53301,45805,145313,280413,0,0,0,0,0.055412
134176,18,1,169569,44629,38469,124940,233801,0,0,0,0,0.0552282
134177,18,1,155041,41248,35926,113793,218006,0,0,0,0,0.052981
134178,18,1,164513,43871,37543,120642,231984,0,0,0,0,0.0556139
134179,18,1,187396,51298,44080,136098,271344,0,0,0,0,0.0622435
134192,18,2,182847,49116,42686,133718,257718,1,0,0,0,0.136088
134195,18,1,187129,49735,43076,137394,258449,0,0,0,0,0.0550656
134198,18,2,174661,45969,39831,128679,239565,1,0,0,0,0.12657
134202,18,1,175515,45811,39849,129704,237941,0,0,0,0,0.0551808
134205,18,1,181250,47985,41634,133265,249912,0,0,0,0,0.0537424
134208,18,1,198767,53557,46961,145210,280177,0,0,0,0,0.0568813
134212,18,1,189974,51569,44742,138405,271367,0,0,0,0,0.0530335
134215,18,2,282655,76152,66924,206490,401390,1,0,0,0,0.148532
134218,18,2,279466,74555,64944,204898,392190,1,0,0,0,0.154928
134222,18,1,173637,46243,39654,127394,242667,0,0,0,0,0.0503269
134225,18,2,304577,84022,73782,220542,446581,1,0,0,0,0.156718
134228,18,1,186804,50537,44077,136267,267175,0,0,0,0,0.0605524
134230,18,1,172240,45303,39578,126937,236626,0,0,0,0,0.0569847
134231,18,2,275480,74698,64945,200769,395989,1,0,0,0,0.150345
134232,18,1,183604,49595,42982,134009,261065,0,0,0,0,0.0528779
134233,18,1,182615,49667,43362,132948,262972,0,0,0,0,0.0610189
134234,18,1,183820,49344,42949,134476,259305,0,0,0,0,0.0559167
134235,18,1,214854,58818,51400,156036,309276,0,0,0,0,0.0588137
134236,18,2,281551,76656,66902,204883,405670,1,0,0,0,0.156198
134237,18,1,171242,45530,39825,125712,238627,0,0,0,0,0.0568353
134238,18,1,181948,49528,43207,132420,261676,0,0,0,0,0.0601998
134239,18,1,202856,55934,48321,146922,294614,0,0,0,0,0.0647717
134252,18,1,171068,44747,38801,126321,233218,0,0,0,0,0.0538668
134255,18,1,178705,47613,41233,131092,249333,0,0,0,0,0.0525779
134258,18,2,246257,65662,56699,180583,345513,1,0,0,0,0.159416
134262,18,2,251168,68302,59407,182853,362590,1,0,0,0,0.174232
134265,18,1,201209,55043,47846,146166,290188,0,0,0,0,0.0589976
134268,18,2,267250,72012,62387,195226,380688,1,0,0,0,0.147528
134272,18,1,182856,49172,42472,133684,258570,0,0,0,0,0.0547251
134275,18,2,344380,93738,81331,250629,495938,1,0,0,0,0.160766
134278,18,1,206852,55979,48284,150873,294426,0,0,0,0,0.0570075
134280,18,1,175709,46032,39977,129677,239302,0,0,0,0,0.058262
134281,18,1,188505,50900,44401,137605,267579,0,0,0,0,0.0581805
134282,18,1,169293,45030,38663,124263,236150,0,0,0,0,0.0680251
134284,18,1,198823,53950,47176,144873,284467,0,0,0,0,0.0577269
134285,18,1,200344,54693,47239,145651,288393,0,0,0,0,0.0637904
134286,18,1,181958,48933,42764,133025,257263,0,0,0,0,0.0612874
134287,18,2,186688,50486,44242,136190,267444,1,0,0,0,0.159321
134288,18,1,218482,60353,52051,158129,318953,0,0,0,0,0.0620175
134289,18,1,188057,50381,43292,137676,265093,0,0,0,0,0.0561592
134293,18,1,173907,47261,40919,126646,250055,0,0,0,0,0.061971
134302,18,1,186779,49381,42492,137398,258432,0,0,0,0,0.0567765
134305,18,1,202323,55069,48045,147254,290484,0,0,0,0,0.0581416
134308,18,1,174305,46677,40232,127628,245916,0,0,0,0,0.0702661
134312,18,1,222725,61167,53204,161558,321941,0,0,0,0,0.0826768
134315,18,1,201546,54952,47305,146594,289550,0,0,0,0,0.0557035
134318,18,1,192045,52115,44579,139930,275415,0,0,0,0,0.0557202
134320,18,2,181237,48220,41994,133004,252709,1,0,0,0,0.173828
134321,18,2,257880,69168,60561,188699,364853,1,0,0,0,0.161493
134322,18,2,268208,73434,63950,194761,390211,1,0,0,0,0.158118
134324,18,1,200389,54524,47391,145865,287153,0,0,0,0,0.056005
134325,18,2,331646,89653,77396,241980,473147,1,0,0,0,0.158441
134328,18,2,234102,63381,55271,170708,336561,1,0,0,0,0.134354
134329,18,1,176495,47230,40728,129265,247817,0,0,0,0,0.0521084
134333,18,2,252683,68168,59424,184503,360048,1,0,0,0,0.147636
134336,18,1,186561,50594,43918,135967,266823,0,0,0,0,0.0549902
134337,18,2,252951,68949,59504,183990,366206,1,0,0,0,0.143862
134342,18,1,173546,46399,40431,127147,243677,0,0,0,0,0.0596094
134345,18,2,188066,51165,44721,136889,271812,1,0,0,0,0.123754
134348,18,2,276398,76514,66079,199872,408082,1,0,0,0,0.147704
134350,18,1,188849,50743,44072,138106,264666,0,0,0,0,0.0532176
134351,18,1,171211,45074,39371,126137,234354,0,0,0,0,0.0494037
134354,18,1,177398,47528,41447,129870,249383,0,0,0,0,0.0493458
134359,18,1,169100,44441,38302,124659,230326,0,0,0,0,0.0495903
134362,18,1,181079,48266,41803,132813,253843,0,0,0,0,0.056111
134363,18,1,178602,47711,41381,130891,250406,0,0,0,0,0.0562485
134365,18,1,202272,54810,47365,147462,288310,0,0,0,0,0.0546905
134366,18,1,214507,58581,50859,155926,308666,0,0,0,0,0.0565472
134367,18,1,188558,50749,43154,137809,267465,0,0,0,0,0.0560505
134368,18,2,253585,69651,60460,183921,371667,1,0,0,0,0.144439
134380,18,2,175627,45919,40035,129695,239157,1,0,0,0,0.136566
134381,18,1,192416,51422,44691,140994,268310,0,0,0,0,0.0541922
134382,18,2,251968,67667,59040,184288,357977,1,0,0,0,0.15127
134383,18,1,197816,53607,46683,144209,281151,0,0,0,0,0.0614914
134384,18,2,276352,74746,64659,201594,395086,1,0,0,0,0.149929
134385,18,2,292615,79396,69058,213207,420637,1,0,0,0,0.146835
134386,18,1,189476,50641,43819,138835,266350,0,0,0,0,0.0526319
134387,18,1,174398,46087,39944,128311,242004,0,0,0,0,0.0492591
134388,18,1,177610,47419,41005,130191,249051,0,0,0,0,0.0513287
134389,18,1,171700,45360,38977,126340,235071,0,0,0,0,0.0494191
134960,9,1,125521,32196,27439,93325,168637,0,0,0,0,0.0805965
134961,9,1,142363,35851,30702,106512,184542,0,0,0,0,0.0749678
134964,9,1,164110,42067,36000,122043,216877,0,0,0,0,0.0773824
134969,9,1,164118,42440,36411,121678,219505,0,0,0,0,0.0738406
134970,9,1,135243,35326,29672,99917,186024,0,0,0,0,0.0594262
134971,9,1,150665,38868,33150,111797,201372,0,0,0,0,0.0714943
134974,9,1,147997,37907,32193,110090,195802,0,0,0,0,0.0581309
134979,9,1,154497,39841,34238,114656,206236,0,0,0,0,0.0526738
134980,9,1,134808,35210,29583,99598,185405,0,0,0,0,0.0620589
134981,9,1,150189,38755,33098,111434,200765,0,0,0,0,0.0557838
134984,9,1,148872,38098,32379,110774,196713,0,0,0,0,0.0527554
134989,9,1,155093,39988,34358,115105,206932,0,0,0,0,0.053316
134990,9,1,118641,30787,25839,87854,162797,0,0,0,0,0.07608
134991,9,1,150928,39166,33281,111762,204616,0,0,0,0,0.0675224
134994,9,1,164122,42696,36400,121426,221594,0,0,0,0,0.0524573
134999,9,2,182555,48084,41665,134461,254240,1,0,0,0,0.152567
135000,9,1,129161,32603,27673,96558,168745,0,0,0,0,0.054041
135001,9,1,151053,39419,32864,111634,205980,0,0,0,0,0.054064
135004,9,1,163915,42592,35894,121323,220625,0,0,0,0,0.0542073
135009,9,1,159701,42400,36218,117301,222588,0,0,0,0,0.0576743
135030,9,1,150838,39971,34072,110867,210540,0,0,0,0,0.0592938
135031,9,1,167910,44021,38134,123889,228093,0,0,0,0,0.0548372
135034,9,2,183573,48144,42482,135416,250365,1,0,0,0,0.162521
135039,9,2,238347,63814,55962,174520,334283,1,0,0,0,0.177877
135040,9,1,150791,39947,34044,110844,210402,0,0,0,0,0.0582653
135041,9,1,167469,43910,38076,123559,227505,0,0,0,0,0.0565109
135044,9,2,183322,48089,42394,135220,250100,1,0,0,0,0.136861
135049,9,2,238129,63785,55976,174331,334197,1,0,0,0,0.146416
135050,9,1,144500,38482,33326,106018,203587,0,0,0,0,0.0638527
135051,9,1,174708,46144,39893,128564,240910,0,0,0,0,0.0610341
135054,9,1,186374,49470,42905,136904,257789,0,0,0,0,0.0577033
135059,9,2,199511,52784,45814,146717,277460,1,0,0,0,0.187582
135060,9,1,154623,40278,34833,114345,208737,0,0,0,0,0.0556185
135061,9,1,172170,45181,39213,126989,235222,0,0,0,0,0.0585535
135064,9,1,180981,47364,41337,133617,245184,0,0,0,0,0.0651358
135069,9,1,169645,44819,38653,124826,233053,0,0,0,0,0.0880502
135090,9,1,136494,35694,30478,100800,188028,0,0,0,0,0.0696784
135091,9,1,152680,39244,33427,113436,202828,0,0,0,0,0.0552515
135094,9,2,174971,45267,39475,129691,234283,1,0,0,0,0.170337
135099,9,2,226875,60058,51810,166804,313868,1,0,0,0,0.176837
135100,9,1,151911,40437,34469,111474,213659,0,0,0,0,0.0599426
135101,9,1,169576,44210,38123,125366,229523,0,0,0,0,0.0537663
135104,9,2,240192,64179,56188,176000,337449,1,0,0,0,0.140221
135109,9,2,161439,42021,36335,119405,219403,1,0,0,0,0.125011
135110,9,1,173444,45636,39723,127808,236872,0,0,0,0,0.0595947
135111,9,1,168887,43820,37947,125067,227757,0,0,0,0,0.0584709
135114,9,2,225233,59878,52462,165342,314531,1,0,0,0,0.132195
135119,9,1,175239,45700,39227,129539,234960,0,0,0,0,0.0507388
135140,9,1,152155,40550,34571,111605,214342,0,0,0,0,0.060746
135141,9,1,180295,46870,40435,133425,242026,0,0,0,0,0.0566763
135144,9,2,225174,60049,52363,165112,315747,1,0,0,0,0.139869
135149,9,2,154917,40236,34436,114668,210485,1,0,0,0,0.125291
135150,9,1,173371,45625,39706,127746,236862,0,0,0,0,0.056956
135151,9,1,179327,46470,40230,132857,240204,0,0,0,0,0.0572593
135154,9,2,232643,61852,54018,170778,324641,1,0,0,0,0.132619
135159,9,1,164772,42831,36705,121941,220944,0,0,0,0,0.0623709
135180,9,2,174406,45444,40182,128949,235765,1,0,0,0,0.231431
135181,9,2,175045,45573,40264,129459,236376,1,0,0,0,0.251813
135184,9,2,174799,45682,39864,129104,237077,1,0,0,0,0.147642
135189,9,2,193141,50672,43468,142456,265212,1,0,0,0,0.189267
135230,9,2,233689,62407,54693,171269,327479,1,0,0,0,0.198424
135231,9,2,233369,62359,54752,170997,327280,1,0,0,0,0.151544
135232,9,2,199327,52908,45984,146409,278922,1,0,0,0,0.144653
135233,9,1,172320,45975,39916,126345,239786,0,0,0,0,0.0629597
135234,9,2,224757,59245,51156,165499,309381,1,0,0,0,0.145565
135235,9,2,159055,41546,36107,117496,217548,1,0,0,0,0.124364
135236,9,1,174521,45573,39315,128948,234551,0,0,0,0,0.0514685
135237,9,2,153315,40033,34593,113269,210029,1,0,0,0,0.123297
135238,9,1,163949,42718,36978,121231,220635,0,0,0,0,0.0487913
135239,9,2,200128,52722,45382,147393,276843,1,0,0,0,0.156077
135522,18,1,159112,41664,35897,117448,218939,0,0,0,0,0.0859198
135525,18,1,177191,47374,40623,129817,246965,0,0,0,0,0.0761562
135528,18,1,181116,48302,41653,132814,251539,0,0,0,0,0.0793747
135532,18,1,152817,39706,33722,113111,208063,0,0,0,0,0.0613605
135535,18,1,160794,41902,35178,118892,216656,0,0,0,0,0.0545172
135538,18,1,166162,43336,36874,122826,224230,0,0,0,0,0.0505139
135542,18,1,152616,39659,33701,112957,207822,0,0,0,0,0.0658045
135545,18,1,161294,41962,35288,119332,216762,0,0,0,0,0.0552867
135548,18,1,166417,43367,36912,123050,224220,0,0,0,0,0.0561708
135552,18,2,202713,54751,47155,147949,290791,1,0,0,0,0.162301
135555,18,2,207385,56138,48644,151234,298716,1,0,0,0,0.15425
135558,18,1,161596,43124,37099,118472,227529,0,0,0,0,0.0605169
135562,18,1,162189,43787,36762,118402,232710,0,0,0,0,0.0549035
135565,18,1,181708,49335,41982,132373,260977,0,0,0,0,0.0599237
135568,18,1,160480,42711,36201,117769,226610,0,0,0,0,0.0698714
135570,18,1,134409,34386,29134,100023,179818,0,0,0,0,0.0635114
135571,18,1,163036,42906,36349,120130,224584,0,0,0,0,0.0771523
135572,18,1,171901,45969,38928,125932,242448,0,0,0,0,0.0637208
135573,18,1,154821,40731,34634,114090,214967,0,0,0,0,0.0570346
135574,18,1,175011,46238,39525,128773,240911,0,0,0,0,0.0665183
135575,18,1,197606,53425,45928,144181,281140,0,0,0,0,0.0825528
135576,18,1,170731,45099,38933,125632,236857,0,0,0,0,0.0723124
135577,18,1,157178,41587,35763,115591,219211,0,0,0,0,0.0592755
135578,18,1,152589,39750,33973,112839,207971,0,0,0,0,0.0606698
135579,18,1,194057,53111,45277,140946,278956,0,0,0,0,0.0871881
135592,18,1,168672,44188,38215,124484,231591,0,0,0,0,0.0571094
135595,18,2,195339,52381,46047,142945,274766,1,0,0,0,0.131716
135598,18,2,245594,65863,57581,179718,345092,1,0,0,0,0.15464
135602,18,1,168540,44142,38199,124398,231345,0,0,0,0,0.0655688
135605,18,2,195171,52337,46028,142821,274532,1,0,0,0,0.138007
135608,18,2,245564,65848,57552,179703,345010,1,0,0,0,0.155018
135612,18,2,225011,60944,52922,164054,322604,1,0,0,0,0.147057
135615,18,2,233084,63177,55336,169894,334269,1,0,0,0,0.14935
135618,18,2,273850,74156,64235,199681,391479,1,0,0,0,0.176449
135622,18,1,182025,49606,42513,132419,262327,0,0,0,0,0.0590272
135625,18,1,198236,54239,46810,143997,285646,0,0,0,0,0.0591529
135628,18,1,190911,51980,44880,138931,275248,0,0,0,0,0.0647923
135630,18,1,158950,41672,35858,117278,218367,0,0,0,0,0.0618769
135631,18,2,248653,66746,57934,181894,352445,1,0,0,0,0.151566
135632,18,2,234654,62947,54236,171694,332797,1,0,0,0,0.170253
135633,18,1,183156,49643,43178,133513,262789,0,0,0,0,0.0604965
135634,18,2,262145,70470,61848,191662,371870,1,0,0,0,0.153685
135635,18,2,258721,69709,60847,188999,368335,1,0,0,0,0.158105
135636,18,1,197092,53500,46906,143592,281985,0,0,0,0,0.0678318
135637,18,2,241457,65256,56619,176189,345367,1,0,0,0,0.180917
135638,18,1,178010,48123,41947,129887,252173,0,0,0,0,0.0620994
135639,18,1,207334,57493,48723,149841,301085,0,0,0,0,0.0730888
135652,18,1,156474,40362,34653,116112,210412,0,0,0,0,0.0815176
135655,18,2,197741,52475,45668,145253,274441,1,0,0,0,0.169721
135658,18,2,196213,52673,45651,143527,276464,1,0,0,0,0.148718
135662,18,2,272667,73566,63734,199088,388157,1,0,0,0,0.164412
135665,18,1,203942,55925,48639,148017,294568,0,0,0,0,0.0607322
135668,18,2,279111,74989,64906,204109,393596,1,0,0,0,0.169249
135672,18,2,262641,70751,61027,191877,373908,1,0,0,0,0.183694
135675,18,1,190528,51755,44612,138773,272448,0,0,0,0,0.0541401
135678,18,1,198542,53485,46188,145057,279757,0,0,0,0,0.0799942
135680,18,1,167559,44141,37906,123418,231809,0,0,0,0,0.0584653
135681,18,2,225109,60750,52524,164346,321352,1,0,0,0,0.170076
135682,18,1,175762,47307,40330,128455,249272,0,0,0,0,0.0539235
135684,18,1,199465,54610,47118,144855,287980,0,0,0,0,0.0778658
135685,18,1,189584,51301,43912,138283,269553,0,0,0,0,0.0799587
135686,18,1,183159,48858,41864,134301,256523,0,0,0,0,0.0699297
135687,18,2,182410,48893,42384,133505,258252,1,0,0,0,0.158465
135688,18,1,203543,55329,47702,148214,290235,0,0,0,0,0.0686607
135689,18,1,184107,48761,41740,135346,252425,0,0,0,0,0.0671372
135693,18,1,175584,46774,40588,128810,246199,0,0,0,0,0.0731889
135702,18,2,286280,77055,67272,209212,405186,1,0,0,0,0.170843
135705,18,1,203666,56174,48901,147492,296270,0,0,0,0,0.0588512
135708,18,2,267725,71550,61608,196162,375765,1,0,0,0,0.185391
135712,18,2,279048,75527,65586,203508,398600,1,0,0,0,0.167359
135715,18,1,188100,50957,43783,137143,268001,0,0,0,0,0.0532997
135718,18,1,184382,49806,42593,134576,262401,0,0,0,0,0.0521687
135720,18,1,167602,44167,37910,123435,231984,0,0,0,0,0.0586843
135721,18,2,230275,61866,53905,168396,326688,1,0,0,0,0.144405
135722,18,1,191047,51726,44669,139321,271668,0,0,0,0,0.0567112
135724,18,1,201099,55096,47598,146003,290324,0,0,0,0,0.056142
135725,18,1,191773,51864,44727,139909,272478,0,0,0,0,0.0528861
135728,18,1,187334,50790,43633,136544,267551,0,0,0,0,0.0531223
135729,18,1,176088,46591,39718,129497,242201,0,0,0,0,0.0538301
135733,18,1,189110,50708,44255,138402,266072,0,0,0,0,0.0555622
135736,18,1,183625,49384,42535,134241,260061,0,0,0,0,0.0722771
135737,18,2,174725,46660,40359,128053,246647,1,0,0,0,0.141114
135742,18,2,253219,69791,60339,183416,372120,1,0,0,0,0.210128
135745,18,2,177887,47864,41158,130011,253435,1,0,0,0,0.144167
135748,18,2,174777,47273,40645,127492,251189,1,0,0,0,0.169224
135750,18,2,189040,50466,44092,138561,264871,1,0,0,0,0.185566
135751,18,2,188974,50424,44120,138537,264579,1,0,0,0,0.161181
135754,18,2,186640,49635,43154,136992,259965,1,0,0,0,0.131792
135759,18,1,146926,37872,32274,109054,195048,0,0,0,0,0.0529695
135762,18,1,178944,47550,40901,131394,249854,0,0,0,0,0.0593601
135763,18,1,169083,44485,38649,124598,231407,0,0,0,0,0.0551111
135765,18,1,198124,53100,46001,145024,277256,0,0,0,0,0.0578106
135766,18,1,202038,54662,47528,147376,286564,0,0,0,0,0.0580614
135767,18,1,182551,48995,41984,133556,257717,0,0,0,0,0.0706909
135768,18,1,186640,50477,43504,136163,265992,0,0,0,0,0.0600758
135780,18,2,243349,65923,57911,177413,346738,1,0,0,0,0.176321
135781,18,2,243193,65899,57923,177281,346601,1,0,0,0,0.145469
135782,18,2,241192,65122,56503,176057,344982,1,0,0,0,0.161742
135783,18,1,208484,57077,49168,151407,298303,0,0,0,0,0.0690921
135784,18,2,193137,51854,45471,141270,272108,1,0,0,0,0.133199
135785,18,2,254008,68475,59329,185520,361395,1,0,0,0,0.142862
135786,18,1,186880,48767,41805,138113,251344,0,0,0,0,0.0541441
135787,18,2,240419,64469,55492,175937,340587,1,0,0,0,0.140369
135788,18,1,177515,46659,39759,130856,242497,0,0,0,0,0.0595007
135789,18,1,154832,40300,33945,114532,208028,0,0,0,0,0.0530524
136080,9,1,125081,31475,26173,93606,164224,0,0,0,0,0.131405
136081,9,1,124307,31336,26589,92971,163320,0,0,0,0,0.0838131
136084,9,1,154404,40154,34675,114250,210134,0,0,0,0,0.0834865
136089,9,1,151447,39712,34413,111735,208043,0,0,0,0,0.0826616
136090,9,1,130464,33596,27743,96868,175975,0,0,0,0,0.0868768
136091,9,1,132414,33964,29036,98450,177731,0,0,0,0,0.0606689
136094,9,1,168208,44257,37845,123951,231753,0,0,0,0,0.0615321
136099,9,1,139218,36362,31084,102856,190920,0,0,0,0,0.0591628
136100,9,1,130441,33589,27736,96852,175944,0,0,0,0,0.0910973
136101,9,1,132250,33932,28998,98318,177590,0,0,0,0,0.0656328
136104,9,1,168461,44326,37920,124135,232064,0,0,0,0,0.0648461
136109,9,1,139093,36299,31074,102794,190561,0,0,0,0,0.0632103
136110,9,1,130638,33646,27756,96992,176256,0,0,0,0,0.0935844
136111,9,1,150953,39050,33380,111903,203913,0,0,0,0,0.0645058
136114,9,1,176057,46095,39539,129962,240385,0,0,0,0,0.0653271
136119,9,1,130517,33782,28630,96735,178125,0,0,0,0,0.0650133
136120,9,1,124197,32786,27589,91411,173952,0,0,0,0,0.086637
136121,9,1,139137,36803,31423,102334,194834,0,0,0,0,0.0718604
136124,9,1,162846,43811,37941,119035,231131,0,0,0,0,0.0708131
136129,9,1,146974,38335,32793,108639,201730,0,0,0,0,0.0871044
136150,9,1,146228,37951,32302,108277,198546,0,0,0,0,0.0843404
136151,9,1,148854,39207,33849,109647,206514,0,0,0,0,0.0682106
136154,9,1,178608,47755,41561,130853,250845,0,0,0,0,0.0614731
136159,9,1,156296,40640,35333,115656,211405,0,0,0,0,0.058199
136160,9,1,146307,37966,32265,108341,198646,0,0,0,0,0.0843137
136161,9,1,148907,39194,33855,109713,206409,0,0,0,0,0.065185
136164,9,1,179043,47850,41657,131193,251266,0,0,0,0,0.0653437
136169,9,1,155674,40415,35111,115259,210157,0,0,0,0,0.0581489
136170,9,1,146230,37950,32259,108280,198573,0,0,0,0,0.0954813
136171,9,1,176711,46399,40236,130312,242661,0,0,0,0,0.0914872
136174,9,1,197097,52399,45681,144698,274352,0,0,0,0,0.0743465
136179,9,1,146817,38342,33337,108475,200813,0,0,0,0,0.0622622
136180,9,1,139526,36876,31618,102650,194357,0,0,0,0,0.0708878
136181,9,2,251813,67379,58849,184421,355958,1,0,0,0,0.181545
136184,9,2,270954,72897,63949,198044,384975,1,0,0,0,0.181029
136189,9,1,171831,45036,38958,126795,235305,0,0,0,0,0.0830549
136210,9,1,133384,34383,29089,99001,179870,0,0,0,0,0.0852004
136211,9,1,134268,35313,30238,98955,186004,0,0,0,0,0.0712112
136214,9,1,164184,43953,37932,120231,229451,0,0,0,0,0.09301
136219,9,1,182308,47586,40983,134722,247271,0,0,0,0,0.0716913
136220,9,1,133327,34364,29091,98963,179745,0,0,0,0,0.0828067
136221,9,2,231631,62263,54375,169355,329291,1,0,0,0,0.23333
136224,9,1,163660,43679,38320,119981,228670,0,0,0,0,0.0646911
136229,9,1,166293,42869,37086,123424,222186,0,0,0,0,0.0607924
136230,9,1,157860,42323,36415,115537,224030,0,0,0,0,0.0782274
136231,9,1,174852,46525,40563,128327,243795,0,0,0,0,0.07608
136234,9,1,170177,45482,39589,124695,238509,0,0,0,0,0.0915817
136239,9,1,190863,50190,43231,140673,261053,0,0,0,0,0.0765867
136260,9,1,133590,34447,29105,99143,180266,0,0,0,0,0.0847639
136261,9,2,246021,66242,58179,179766,349909,1,0,0,0,0.226802
136264,9,1,162366,42753,37482,119613,223184,0,0,0,0,0.0789482
136269,9,1,157119,40464,34722,116655,210226,0,0,0,0,0.0733123
136270,9,1,157738,42326,36421,115412,224106,0,0,0,0,0.0941631
136271,9,1,190296,50351,43937,139945,262205,0,0,0,0,0.0769141
136274,9,1,173807,46494,40603,127313,243602,0,0,0,0,0.0701981
136279,9,1,171991,44942,38359,127049,234248,0,0,0,0,0.0660318
136300,9,1,183089,48863,42235,134226,256330,0,0,0,0,0.0677869
136301,9,1,183340,48892,42369,134448,256347,0,0,0,0,0.0635854
136304,9,1,174157,46351,40461,127806,241514,0,0,0,0,0.0682108
136309,9,1,157551,40891,34994,116660,213100,0,0,0,0,0.0660174
136350,9,1,150080,39035,33567,111045,203181,0,0,0,0,0.058972
136351,9,1,149822,38924,33485,110898,202551,0,0,0,0,0.0598221
136352,9,1,140291,36494,31068,103797,191061,0,0,0,0,0.0797573
136353,9,1,167906,44403,38289,123503,232634,0,0,0,0,0.094022
136354,9,1,183380,48238,41773,135142,251347,0,0,0,0,0.062491
136355,9,1,169678,44264,38351,125414,230218,0,0,0,0,0.0589322
136356,9,1,193178,51549,44636,141629,269331,0,0,0,0,0.070384
136357,9,1,156867,40839,35108,116028,213070,0,0,0,0,0.0599225
136358,9,1,169643,44592,38254,125051,232740,0,0,0,0,0.0646588
136359,9,1,156075,40859,34635,115216,213362,0,0,0,0,0.0881556
136642,18,1,171051,46085,40022,124966,242674,0,0,0,0,0.109721
136645,18,1,192703,52166,45678,140537,273864,0,0,0,0,0.0934675
136648,18,1,192781,52209,45791,140572,274621,0,0,0,0,0.0954243
136652,18,1,174808,47763,40905,127045,253217,0,0,0,0,0.0771896
136655,18,1,201302,55891,48072,145411,295092,0,0,0,0,0.0928978
136658,18,1,179426,48328,41868,131098,254105,0,0,0,0,0.0673556
136662,18,1,174824,47819,40900,127005,253557,0,0,0,0,0.0720604
136665,18,1,201298,55915,48120,145383,295230,0,0,0,0,0.0725783
136668,18,1,179535,48358,41923,131177,254214,0,0,0,0,0.0659149
136672,18,1,193717,53434,46363,140283,282894,0,0,0,0,0.0714803
136675,18,1,216439,59598,51834,156841,313364,0,0,0,0,0.0744845
136678,18,1,164428,43920,37814,120508,231488,0,0,0,0,0.0667111
136682,18,1,157324,42537,36249,114787,225870,0,0,0,0,0.0610896
136685,18,1,171510,46337,39711,125173,244857,0,0,0,0,0.0626623
136688,18,1,167558,45292,38855,122266,238791,0,0,0,0,0.0637392
136690,18,1,152717,40092,34166,112625,209614,0,0,0,0,0.0629114
136691,18,1,171519,45647,39057,125872,239375,0,0,0,0,0.064691
136692,18,1,167514,44620,38425,122894,235076,0,0,0,0,0.0602519
136693,18,1,166246,45131,38861,121115,239143,0,0,0,0,0.0624942
136694,18,1,188110,50643,43459,137467,265193,0,0,0,0,0.0979315
136695,18,1,187076,50202,43526,136874,264004,0,0,0,0,0.0613706
136696,18,1,166035,45025,38845,121010,238586,0,0,0,0,0.0670137
136697,18,1,193451,51780,44918,141671,270636,0,0,0,0,0.066951
136698,18,1,155514,41634,35599,113880,220293,0,0,0,0,0.0933277
136699,18,1,186488,50625,43837,135863,267347,0,0,0,0,0.0907333
136712,18,1,187357,51073,44749,136284,269779,0,0,0,0,0.0670489
136715,18,1,210553,58303,51225,152250,306862,0,0,0,0,0.0841286
136718,18,2,275168,73640,64496,201515,385265,1,0,0,0,0.200369
136722,18,1,187120,50986,44677,136134,269284,0,0,0,0,0.0686673
136725,18,1,210926,58379,51279,152547,307204,0,0,0,0,0.0700617
136728,18,2,274940,73574,64418,201353,384873,1,0,0,0,0.19553
136732,18,1,214725,59000,51762,155725,310728,0,0,0,0,0.0807077
136735,18,1,228820,62990,55543,165830,330610,0,0,0,0,0.104878
136738,18,2,245667,65280,56670,180374,343333,1,0,0,0,0.196953
136742,18,1,183818,49790,43166,134028,262599,0,0,0,0,0.0702375
136745,18,1,194548,52774,46218,141774,277562,0,0,0,0,0.0928993
136748,18,1,194273,53035,46143,141238,278696,0,0,0,0,0.0764674
136750,18,1,172147,46090,40194,126057,241709,0,0,0,0,0.0642699
136751,18,1,186736,50146,43987,136590,262187,0,0,0,0,0.084011
136752,18,1,190259,51588,45131,138671,271685,0,0,0,0,0.0915359
136753,18,1,187568,51392,44844,136176,271062,0,0,0,0,0.066536
136754,18,1,201935,54610,48239,147325,284667,0,0,0,0,0.0698225
136755,18,1,202786,55047,48284,147739,288725,0,0,0,0,0.0649362
136756,18,1,187421,51262,44737,136159,270309,0,0,0,0,0.0657131
136757,18,1,208048,56492,49054,151556,294386,0,0,0,0,0.0656612
136758,18,1,172583,46543,40373,126040,245158,0,0,0,0,0.0676987
136759,18,1,198223,53474,46576,144749,279740,0,0,0,0,0.0908479
136772,18,1,173155,46074,39641,127081,241289,0,0,0,0,0.066726
136775,18,1,200737,55243,47644,145494,290467,0,0,0,0,0.0686569
136778,18,2,245049,66932,57950,178104,353024,1,0,0,0,0.206947
136782,18,1,190502,51370,44981,139132,268934,0,0,0,0,0.0716731
136785,18,1,199477,54723,47600,144754,288784,0,0,0,0,0.0782243
136788,18,2,257667,69512,60448,188142,365986,1,0,0,0,0.192576
136792,18,1,191761,51614,45384,140147,271002,0,0,0,0,0.0823966
136795,18,1,206348,56680,48895,149668,299683,0,0,0,0,0.0839218
136798,18,1,212250,57877,50149,154373,304169,0,0,0,0,0.0764708
136800,18,1,184179,50566,43564,133613,267555,0,0,0,0,0.0708067
136801,18,1,201714,55473,47732,146241,292283,0,0,0,0,0.0763521
136802,18,1,182108,49140,42317,132968,258444,0,0,0,0,0.0660368
136804,18,1,196949,53598,46918,143351,282195,0,0,0,0,0.0709851
136805,18,1,208186,57236,49258,150950,302568,0,0,0,0,0.0627994
136806,18,1,216322,59416,51255,156906,313396,0,0,0,0,0.0605352
136807,18,1,208050,57459,49433,150591,302583,0,0,0,0,0.0632752
136808,18,1,205396,55841,48368,149555,293208,0,0,0,0,0.0583797
136809,18,1,207977,56835,48391,151142,296749,0,0,0,0,0.0699126
136813,18,1,188306,51243,44648,137063,269934,0,0,0,0,0.0626463
136822,18,1,204861,55178,48595,149683,287171,0,0,0,0,0.0629062
136825,18,1,197673,53694,46747,143979,282609,0,0,0,0,0.0668764
136828,18,2,243654,65626,56917,178015,345991,1,0,0,0,0.180499
136832,18,1,207547,55863,49363,151684,291983,0,0,0,0,0.0725687
136835,18,1,205508,56385,48613,149123,298170,0,0,0,0,0.0593248
136838,18,1,196094,53756,46382,142338,284147,0,0,0,0,0.0607575
136840,18,1,184261,50612,43649,133649,267840,0,0,0,0,0.0643064
136841,18,1,216710,59546,51526,157164,312417,0,0,0,0,0.0701507
136842,18,1,195765,52908,45710,142857,277666,0,0,0,0,0.0654204
136844,18,1,198637,54036,47009,144601,284117,0,0,0,0,0.0639383
136845,18,1,206629,56594,49092,150035,299054,0,0,0,0,0.0598608
136848,18,1,189049,51172,44116,137877,269609,0,0,0,0,0.0552068
136849,18,1,186255,50488,42998,135767,263957,0,0,0,0,0.0645819
136853,18,1,188001,51180,44617,136821,269650,0,0,0,0,0.0616919
136856,18,1,215473,59183,51168,156290,312228,0,0,0,0,0.0584119
136857,18,1,208406,57544,49501,150862,303049,0,0,0,0,0.0595989
136862,18,1,210563,56579,49158,153984,293898,0,0,0,0,0.0671857
136865,18,1,207865,57406,49494,150459,302760,0,0,0,0,0.0622874
136868,18,1,208103,57470,49534,150633,303091,0,0,0,0,0.0603805
136870,18,1,200415,54098,46922,146317,281889,0,0,0,0,0.0639681
136871,18,1,200505,54118,46983,146387,281928,0,0,0,0,0.064419
136874,18,1,200677,54338,46875,146339,284187,0,0,0,0,0.0644529
136879,18,1,174357,46834,39678,127523,244995,0,0,0,0,0.0624821
136882,18,1,193442,53031,45563,140411,278983,0,0,0,0,0.0621455
136883,18,1,173703,46735,40541,126968,246176,0,0,0,0,0.0645588
136885,18,1,209679,57247,49605,152432,301075,0,0,0,0,0.0590003
136886,18,1,203349,55216,47874,148133,289951,0,0,0,0,0.0586295
136887,18,1,193523,52762,45253,140761,278188,0,0,0,0,0.0593011
136888,18,1,187385,50861,43691,136524,268124,0,0,0,0,0.055546
136900,18,2,282428,76458,66782,205957,401860,1,0,0,0,0.178067
136901,18,2,282259,76410,66747,205836,401583,1,0,0,0,0.181559
136902,18,2,261935,70272,61270,191650,370735,1,0,0,0,0.177112
136903,18,1,199935,54090,47313,145845,283668,0,0,0,0,0.0883675
136904,18,2,250112,68603,59505,181496,362369,1,0,0,0,0.158378
136905,18,2,285193,77936,68126,207244,412026,1,0,0,0,0.166969
136906,18,1,212733,58217,49822,154516,304548,0,0,0,0,0.074092
136907,18,2,270582,73702,63985,196867,389894,1,0,0,0,0.172582
136908,18,1,190937,51953,44582,138984,272497,0,0,0,0,0.0683792
136909,18,1,177793,48289,41433,129504,254096,0,0,0,0,0.0688385
136920,9,1,134294,33295,28585,100999,169793,0,0,0,0,0.119154
136921,9,1,122917,30685,26065,92232,157887,0,0,0,0,0.0778507
136924,9,1,147590,37656,32387,109934,193787,0,0,0,0,0.073555
136929,9,1,145768,37321,32290,108447,192051,0,0,0,0,0.0719896
136930,9,1,137410,34870,29388,102540,179787,0,0,0,0,0.08089
136931,9,1,130101,32980,28084,97121,170310,0,0,0,0,0.0551865
136934,9,1,158922,41577,35566,117345,214984,0,0,0,0,0.0536495
136939,9,1,135039,35009,30306,100030,181513,0,0,0,0,0.0513626
136940,9,1,137453,34884,29423,102569,179878,0,0,0,0,0.0781482
136941,9,1,129673,32901,28023,96772,169968,0,0,0,0,0.0540602
136944,9,1,158334,41374,35495,116960,213816,0,0,0,0,0.0523612
136949,9,1,135371,35070,30344,100301,181837,0,0,0,0,0.0535949
136950,9,1,137419,34874,29412,102545,179827,0,0,0,0,0.0800253
136951,9,1,144039,36714,31390,107325,189387,0,0,0,0,0.0562538
136954,9,2,212076,55888,48023,156177,291311,1,0,0,0,0.167605
136959,9,1,124174,31840,27258,92334,165328,0,0,0,0,0.0562713
136960,9,1,119692,31272,26477,88420,164403,0,0,0,0,0.0562882
136961,9,1,137180,35615,30702,101565,185388,0,0,0,0,0.0530216
136964,9,2,210467,55311,47643,155145,288501,1,0,0,0,0.181696
136969,9,1,138745,35788,30733,102957,185277,0,0,0,0,0.0731403
136990,9,1,160787,41995,36310,118792,217612,0,0,0,0,0.0763393
136991,9,1,155744,41238,35682,114506,215424,0,0,0,0,0.0581426
136994,9,1,170385,45155,39259,125230,234014,0,0,0,0,0.0542168
136999,9,1,139650,36114,31807,103536,185276,0,0,0,0,0.0520943
137000,9,1,160778,41978,36276,118800,217516,0,0,0,0,0.0793706
137001,9,1,155655,41210,35618,114445,215301,0,0,0,0,0.0636396
137004,9,1,169926,44932,39144,124994,232621,0,0,0,0,0.0748524
137009,9,1,139922,36161,31771,103761,185517,0,0,0,0,0.0530607
137010,9,1,160727,41965,36232,118762,217459,0,0,0,0,0.0838197
137011,9,1,169456,44552,38675,124904,230558,0,0,0,0,0.0602852
137014,9,2,174837,45039,39213,129785,232384,1,0,0,0,0.15924
137019,9,1,136843,35433,31025,101410,182820,0,0,0,0,0.0508416
137020,9,1,144159,38028,33128,106131,198786,0,0,0,0,0.0578679
137021,9,1,152904,39908,34938,112996,206572,0,0,0,0,0.0539544
137024,9,2,175014,44807,38698,130194,230952,1,0,0,0,0.149622
137029,9,1,155254,40300,35109,114954,206983,0,0,0,0,0.0728522
137050,9,1,140270,36006,30898,104264,186478,0,0,0,0,0.0735459
137051,9,1,136284,35397,30332,100887,184524,0,0,0,0,0.0553179
137054,9,2,178215,46675,40345,131527,239234,1,0,0,0,0.153599
137059,9,2,233153,61574,53223,171569,315784,1,0,0,0,0.222599
137060,9,1,140137,35976,30883,104161,186312,0,0,0,0,0.0874896
137061,9,1,150030,38883,33975,111147,200574,0,0,0,0,0.05595
137064,9,2,163969,42605,36861,121351,219916,1,0,0,0,0.162842
137069,9,2,216614,57532,49414,159072,298409,1,0,0,0,0.209899
137070,9,1,154824,40352,34749,114472,209651,0,0,0,0,0.0573953
137071,9,1,167591,43662,38290,123929,224912,0,0,0,0,0.0626923
137074,9,2,168184,43737,37639,124434,225944,1,0,0,0,0.155803
137079,9,2,222415,59641,50998,162763,309273,1,0,0,0,0.153902
137100,9,1,140203,36023,30875,104180,186691,0,0,0,0,0.0715842
137101,9,2,166928,43000,36920,123915,221832,1,0,0,0,0.137296
137104,9,2,163411,42405,36653,120993,218796,1,0,0,0,0.128087
137109,9,1,141235,35640,30849,105595,182048,0,0,0,0,0.063103
137110,9,1,154733,40350,34736,114383,209683,0,0,0,0,0.0737855
137111,9,2,166314,43105,37253,123196,223133,1,0,0,0,0.138549
137114,9,2,169243,43986,38001,125244,227240,1,0,0,0,0.168822
137119,9,1,154190,39332,33869,114858,200662,0,0,0,0,0.0528214
137140,9,1,170038,44304,38652,125734,227783,0,0,0,0,0.0527772
137141,9,1,169668,44136,38584,125532,226728,0,0,0,0,0.0525134
137144,9,2,180461,47170,40625,133278,241388,1,0,0,0,0.137711
137149,9,1,143350,36341,30971,107009,186201,0,0,0,0,0.0790165
137190,9,1,133784,34305,29927,99479,175249,0,0,0,0,0.0685609
137191,9,1,134112,34355,29934,99757,175481,0,0,0,0,0.0696331
137192,9,1,133998,34523,30074,99475,177742,0,0,0,0,0.0797504
137193,9,1,155268,40843,35780,114425,210640,0,0,0,0,0.0833071
137194,9,2,231599,61466,53032,170123,315964,1,0,0,0,0.142337
137195,9,2,221036,58886,50635,162140,306025,1,0,0,0,0.143718
137196,9,2,229491,62223,53389,167257,324390,1,0,0,0,0.205202
137197,9,1,145838,37138,32156,108700,190084,0,0,0,0,0.0488919
137198,9,1,155934,40221,34842,115713,205781,0,0,0,0,0.0597818
137199,9,1,139407,35262,30221,104145,180011,0,0,0,0,0.0767291
137482,18,1,138370,35742,30415,102628,187192,0,0,0,0,0.101676
137485,18,1,169311,45358,39279,123953,238781,0,0,0,0,0.110497
137488,18,1,164527,43513,37515,121014,228131,0,0,0,0,0.117792
137492,18,1,141197,36977,30764,104220,194698,0,0,0,0,0.087534
137495,18,1,177046,47889,40689,129157,252675,0,0,0,0,0.0682702
137498,18,1,157214,41189,35191,116025,216151,0,0,0,0,0.0603051
137502,18,1,140967,36909,30738,104058,194324,0,0,0,0,0.0650052
137505,18,1,177494,47968,40752,129526,252954,0,0,0,0,0.0649504
137508,18,1,157296,41262,35295,116034,216539,0,0,0,0,0.0644145
137512,18,1,163839,43658,37214,120181,230040,0,0,0,0,0.06745
137515,18,1,187615,50022,43253,137593,261810,0,0,0,0,0.0833015
137518,18,1,139395,36010,30199,103385,189616,0,0,0,0,0.0864537
137522,18,1,140158,36539,30989,103619,192473,0,0,0,0,0.0701667
137525,18,1,156525,41490,35296,115035,218844,0,0,0,0,0.0861334
137528,18,2,278059,71852,60930,206196,376717,1,0,0,0,0.240713
137530,18,1,126754,32287,26699,94467,168885,0,0,0,0,0.0848669
137531,18,1,149666,39012,33092,110654,205170,0,0,0,0,0.0735354
137532,18,1,149109,38649,32698,110460,203169,0,0,0,0,0.0540915
137533,18,1,136292,35264,29903,101028,185510,0,0,0,0,0.0580773
137534,18,1,176012,46846,40394,129166,246292,0,0,0,0,0.0625439
137535,18,1,168794,44387,38006,124407,233103,0,0,0,0,0.0578313
137536,18,1,152825,40297,34592,112528,212816,0,0,0,0,0.0579252
137537,18,2,284277,73769,63212,210496,386966,1,0,0,0,0.213279
137538,18,1,157379,41467,35502,115912,216965,0,0,0,0,0.0640058
137539,18,1,151288,39476,33755,111812,207737,0,0,0,0,0.0903751
137552,18,1,156525,41547,35252,114978,219008,0,0,0,0,0.0614314
137555,18,1,182566,48953,42567,133613,256146,0,0,0,0,0.0607747
137558,18,1,172792,45871,39500,126921,239532,0,0,0,0,0.0898714
137562,18,1,156265,41474,35199,114791,218614,0,0,0,0,0.0848728
137565,18,1,182866,48988,42622,133878,256161,0,0,0,0,0.0706314
137568,18,1,172546,45786,39503,126760,239014,0,0,0,0,0.060908
137572,18,1,188271,50762,43994,137509,267091,0,0,0,0,0.0781596
137575,18,1,207413,56357,49067,151056,295756,0,0,0,0,0.0950486
137578,18,1,163806,43348,36855,120458,228155,0,0,0,0,0.0888679
137582,18,1,161475,42009,36483,119466,218952,0,0,0,0,0.0724196
137585,18,1,174426,45940,40140,128486,239291,0,0,0,0,0.0662002
137588,18,2,309243,80691,69098,228541,420991,1,0,0,0,0.232964
137590,18,1,147814,38614,32639,109200,202507,0,0,0,0,0.0803055
137591,18,1,167202,44183,38123,123019,231810,0,0,0,0,0.0596448
137592,18,1,172289,45806,39490,126483,241397,0,0,0,0,0.0793533
137593,18,1,156394,41653,36290,114741,219588,0,0,0,0,0.0764385
137594,18,2,252650,67673,59009,184964,357536,1,0,0,0,0.17202
137595,18,2,241935,63908,55451,178014,336696,1,0,0,0,0.247307
137596,18,1,169055,45320,39637,123735,238631,0,0,0,0,0.0870926
137597,18,2,235682,62410,54380,173261,327993,1,0,0,0,0.228419
137598,18,1,171228,46080,39890,125148,240949,0,0,0,0,0.0713448
137599,18,1,178447,48246,42055,130201,254493,0,0,0,0,0.104937
137612,18,1,140504,35650,30170,104854,185353,0,0,0,0,0.0740792
137615,18,2,274829,74366,63875,200450,391079,1,0,0,0,0.194292
137618,18,1,196882,52267,45390,144615,272015,0,0,0,0,0.0664362
137622,18,1,164127,42753,36713,121374,223252,0,0,0,0,0.0601668
137625,18,1,163626,43454,37452,120172,228064,0,0,0,0,0.0582304
137628,18,1,174896,46223,39731,128673,241283,0,0,0,0,0.0566505
137632,18,1,168336,43748,37698,124588,228637,0,0,0,0,0.0551832
137635,18,1,189091,50724,43318,138367,266637,0,0,0,0,0.0609429
137638,18,2,172783,45901,39383,126869,241772,1,0,0,0,0.13818
137640,18,1,150855,39437,33219,111418,206864,0,0,0,0,0.0627842
137641,18,1,174129,46552,40131,127577,244532,0,0,0,0,0.0677271
137642,18,1,161602,42072,36373,119530,219346,0,0,0,0,0.0656058
137644,18,1,171301,45730,39345,125571,240504,0,0,0,0,0.0650351
137645,18,1,192430,51987,44851,140443,273931,0,0,0,0,0.054727
137646,18,1,178246,47558,40786,130688,250430,0,0,0,0,0.0579926
137647,18,1,181940,48587,41535,133353,254656,0,0,0,0,0.0545808
137648,18,1,178911,47293,40704,131618,246839,0,0,0,0,0.0509457
137649,18,1,200323,54253,46647,146070,284534,0,0,0,0,0.0629626
137653,18,1,153603,40018,34733,113585,209013,0,0,0,0,0.0512683
137662,18,2,271783,73328,63789,198442,386993,1,0,0,0,0.167686
137665,18,1,165222,43799,37484,121423,230394,0,0,0,0,0.0550642
137668,18,1,157198,41149,35101,116049,215393,0,0,0,0,0.0530838
137672,18,2,256189,68040,59183,188136,358528,1,0,0,0,0.170615
137675,18,1,191806,52081,44337,139725,274766,0,0,0,0,0.054395
137678,18,2,295093,78372,67097,216708,411427,1,0,0,0,0.159797
137680,18,1,150926,39475,33254,111451,207109,0,0,0,0,0.0550604
137681,18,1,196441,53144,46349,143297,278821,0,0,0,0,0.0618223
137682,18,1,174664,46179,40350,128485,241191,0,0,0,0,0.0576709
137684,18,1,175401,46956,40351,128445,247241,0,0,0,0,0.059922
137685,18,1,192203,51873,44290,140330,273409,0,0,0,0,0.0563142
137688,18,1,163757,43085,37053,120672,225610,0,0,0,0,0.0500287
137689,18,1,171942,45830,39165,126112,240324,0,0,0,0,0.0678358
137693,18,1,168504,44494,38838,124010,232747,0,0,0,0,0.0580968
137696,18,1,179211,47948,41289,131263,252657,0,0,0,0,0.0529932
137697,18,1,167940,44693,37925,123247,235004,0,0,0,0,0.0515134
137702,18,2,245511,65127,56199,180373,342823,1,0,0,0,0.177101
137705,18,1,181624,48207,41060,133417,252365,0,0,0,0,0.0579886
137708,18,1,165719,43808,36998,121911,229834,0,0,0,0,0.0500369
137710,18,1,183463,49122,42341,134341,257075,0,0,0,0,0.0583938
137711,18,1,183695,49137,42357,134558,256991,0,0,0,0,0.0649935
137714,18,2,251829,67599,58347,184217,355239,1,0,0,0,0.154714
137719,18,1,154697,40930,34675,113767,214861,0,0,0,0,0.0586473
137722,18,2,313538,82871,71057,230656,434355,1,0,0,0,0.230164
137723,18,1,165371,43635,37449,121736,226885,0,0,0,0,0.0576684
137725,18,2,169054,45172,39059,123869,238406,1,0,0,0,0.179154
137726,18,1,182682,48746,41992,133936,254992,0,0,0,0,0.0556451
137727,18,2,296701,79336,68106,217352,417467,1,0,0,0,0.233483
137728,18,1,166942,44261,37826,122681,232401,0,0,0,0,0.0510516
137740,18,1,167354,43673,37790,123681,227223,0,0,0,0,0.0549209
137741,18,1,167040,43589,37766,123451,226716,0,0,0,0,0.054526
137742,18,1,157487,40857,34947,116630,214038,0,0,0,0,0.0563284
137743,18,1,168527,44393,38149,124134,232165,0,0,0,0,0.0763965
137744,18,1,201137,53925,46287,147212,281782,0,0,0,0,0.0639741
137745,18,1,178543,47226,40401,131317,246593,0,0,0,0,0.0561644
137746,18,1,198225,53205,45756,145020,278350,0,0,0,0,0.0649017
137747,18,1,158573,41469,35426,117104,216789,0,0,0,0,0.0525806
137748,18,1,169868,44825,38110,125043,234311,0,0,0,0,0.0654464
137749,18,1,147166,38455,32672,108711,200949,0,0,0,0,0.0799917
138320,9,1,137164,33796,28776,103368,173220,0,0,0,0,0.158259
138321,9,1,140710,35177,30086,105533,180961,0,0,0,0,0.085401
138322,9,1,128990,32070,27332,96920,165429,0,0,0,0,0.086827
138323,9,1,128093,32143,27359,95950,166897,0,0,0,0,0.0847436
138324,9,1,164622,42445,36696,122177,219301,0,0,0,0,0.0796303
138325,9,1,164489,42246,36654,122243,219295,0,0,0,0,0.0931675
138326,9,1,152621,39005,33905,113616,201985,0,0,0,0,0.0853569
138327,9,1,153274,39430,34316,113844,204418,0,0,0,0,0.110012
138328,9,1,156296,39882,34319,116414,206047,0,0,0,0,0.0819446
138329,9,1,164527,42162,36611,122365,217268,0,0,0,0,0.0797926
138330,9,1,135196,33632,28259,101564,172968,0,0,0,0,0.0883559
138331,9,1,141626,35575,30019,106051,183484,0,0,0,0,0.0563105
138332,9,1,135596,34697,29113,100899,180505,0,0,0,0,0.0598361
138333,9,1,134660,34978,29447,99682,183943,0,0,0,0,0.0606645
138334,9,2,226861,60052,52137,166797,312204,1,0,0,0,0.225087
138335,9,1,172622,45408,39000,127214,236357,0,0,0,0,0.0702423
138336,9,2,161576,42003,36386,119561,219913,1,0,0,0,0.166444
138337,9,1,131091,33376,29182,97715,173234,0,0,0,0,0.0576187
138338,9,1,150990,38885,33299,112105,202247,0,0,0,0,0.0600096
138339,9,1,153246,39541,34493,113705,203788,0,0,0,0,0.0549678
138340,9,1,135105,33620,28267,101485,172923,0,0,0,0,0.0819048
138341,9,1,141195,35495,29968,105700,183143,0,0,0,0,0.0566609
138342,9,1,135520,34640,29076,100880,180125,0,0,0,0,0.0696271
138343,9,1,134722,34975,29452,99747,183881,0,0,0,0,0.0668807
138344,9,2,225967,59830,52007,166125,311037,1,0,0,0,0.158026
138345,9,1,172965,45512,39109,127453,236883,0,0,0,0,0.0567315
138346,9,2,161251,41924,36356,119315,219470,1,0,0,0,0.149128
138347,9,1,131265,33337,29154,97928,172896,0,0,0,0,0.0505465
138348,9,1,150447,38779,33207,111668,201700,0,0,0,0,0.0569192
138349,9,1,152553,39353,34427,113200,202766,0,0,0,0,0.0519653
138350,9,1,135088,33623,28289,101465,172954,0,0,0,0,0.080873
138351,9,1,154705,39465,33973,115240,203997,0,0,0,0,0.0601148
138352,9,1,156938,40667,34823,116271,211498,0,0,0,0,0.0574995
138353,9,1,147881,38024,32683,109857,197899,0,0,0,0,0.0558418
138354,9,2,212894,56061,48436,156821,292590,1,0,0,0,0.159291
138355,9,1,186183,48706,42423,137477,252803,0,0,0,0,0.0606095
138356,9,2,200296,52620,45461,147664,277387,1,0,0,0,0.156371
138357,9,1,121829,30827,26503,91002,161220,0,0,0,0,0.0549643
138358,9,1,132939,33146,28184,99793,171547,0,0,0,0,0.0567066
138359,9,1,141590,36218,31245,105372,187352,0,0,0,0,0.0523482
138360,9,1,127181,32710,28002,94471,170176,0,0,0,0,0.0511747
138361,9,2,191236,49177,42246,142046,255557,1,0,0,0,0.15321
138362,9,1,137395,35809,30570,101586,188086,0,0,0,0,0.0505112
138363,9,2,174690,45217,38543,129460,237454,1,0,0,0,0.155929
138364,9,2,162504,41809,36095,120683,216448,1,0,0,0,0.143529
138365,9,1,155587,40693,34836,114894,212659,0,0,0,0,0.0648914
138366,9,2,185438,48396,41778,137031,254686,1,0,0,0,0.1769
138367,9,1,151476,38842,33325,112634,201838,0,0,0,0,0.0577815
138368,9,2,175663,45753,39467,129899,240480,1,0,0,0,0.189761
138369,9,1,155031,39745,34621,115286,205466,0,0,0,0,0.0727838
138370,9,1,119999,29604,24792,90395,152400,0,0,0,0,0.0570426
138371,9,1,139484,35553,30448,103931,184971,0,0,0,0,0.0555493
138372,9,1,135315,33928,28898,101387,176094,0,0,0,0,0.055271
138373,9,2,172426,44549,38214,127865,234265,1,0,0,0,0.159261
138374,9,1,168309,44264,38356,124045,230959,0,0,0,0,0.0580212
138375,9,1,151188,38489,32967,112699,200092,0,0,0,0,0.056158
138376,9,2,182872,47818,41443,135042,252167,1,0,0,0,0.157193
138377,9,1,146495,36982,31779,109513,192018,0,0,0,0,0.056469
138378,9,2,149167,39088,33735,110067,206548,1,0,0,0,0.146514
138379,9,1,142019,35683,30869,106336,184524,0,0,0,0,0.0721217
138380,9,1,111249,28030,24067,83219,146756,0,0,0,0,0.0542158
138381,9,2,140540,35402,29695,105126,183997,1,0,0,0,0.162713
138382,9,1,137969,34761,29796,103208,181300,0,0,0,0,0.052615
138383,9,1,138066,35255,30173,102811,184154,0,0,0,0,0.0502242
138384,9,2,142748,36160,30683,106576,188845,1,0,0,0,0.14862
138385,9,1,149180,37989,33052,111191,197304,0,0,0,0,0.0540944
138386,9,2,155554,40586,34912,114956,213794,1,0,0,0,0.154283
138387,9,1,139402,34617,29935,104785,176251,0,0,0,0,0.0548711
138388,9,2,145125,37233,31735,107880,195423,1,0,0,0,0.150747
138389,9,1,135119,34034,29398,101085,177061,0,0,0,0,0.0689069
138390,9,1,156410,40070,35041,116340,207724,0,0,0,0,0.0731336
138391,9,1,158081,40502,35116,117579,209619,0,0,0,0,0.0543735
138392,9,1,152031,39157,33576,112874,203257,0,0,0,0,0.054952
138393,9,1,152258,39880,34343,112378,209512,0,0,0,0,0.0559538
138394,9,2,239085,63114,55383,175959,326686,1,0,0,0,0.14421
138395,9,2,220964,59429,52051,161522,312788,1,0,0,0,0.141223
138396,9,2,174735,45944,39939,128779,240035,1,0,0,0,0.135641
138397,9,1,153238,39561,34836,113677,203932,0,0,0,0,0.0512786
138398,9,1,165302,42299,36978,123003,217379,0,0,0,0,0.0534396
138399,9,1,156730,40415,35468,116315,206545,0,0,0,0,0.0518544
138400,9,1,156298,40028,34985,116270,207516,0,0,0,0,0.0749494
138401,9,1,157740,40412,35054,117328,209150,0,0,0,0,0.0529565
138402,9,1,151692,39077,33571,112615,202834,0,0,0,0,0.0547546
138403,9,1,152186,39848,34321,112338,209293,0,0,0,0,0.0566097
138404,9,2,238281,62913,55249,175356,325685,1,0,0,0,0.143486
138405,9,2,220596,59330,51990,161253,312237,1,0,0,0,0.145372
138406,9,2,174825,45991,39949,128822,240355,1,0,0,0,0.136825
138407,9,1,153368,39536,34812,113832,203691,0,0,0,0,0.0505094
138408,9,1,164887,42182,36933,122705,216688,0,0,0,0,0.0531302
138409,9,1,156598,40366,35400,116232,206219,0,0,0,0,0.0498943
138410,9,1,156240,40019,34962,116221,207500,0,0,0,0,0.0828062
138411,9,1,174259,45219,39693,129040,233757,0,0,0,0,0.0551108
138412,9,1,183543,48482,42312,135061,252823,0,0,0,0,0.0623028
138413,9,1,171695,44730,39204,126965,232835,0,0,0,0,0.0555951
138414,9,2,173714,44699,38837,129002,230609,1,0,0,0,0.129824
138415,9,1,204506,54635,48056,149871,284478,0,0,0,0,0.062425
138416,9,2,223207,58917,51408,164278,309857,1,0,0,0,0.146788
138417,9,1,141584,36468,31897,105116,189987,0,0,0,0,0.0545447
138418,9,1,155076,39825,34637,115251,206722,0,0,0,0,0.0588318
138419,9,1,151495,38668,33596,112827,198254,0,0,0,0,0.0526917
138420,9,2,210605,54726,47465,155866,284774,1,0,0,0,0.149232
138421,9,2,212730,55514,47984,157203,288915,1,0,0,0,0.141053
138422,9,1,162977,42227,36327,120750,219301,0,0,0,0,0.0557925
138423,9,2,188973,49168,42176,139792,257281,1,0,0,0,0.148
138424,9,2,171361,43813,37867,127536,225393,1,0,0,0,0.128401
138425,9,1,173531,45064,39071,128467,233212,0,0,0,0,0.053796
138426,9,2,148320,37800,32522,110507,196233,1,0,0,0,0.134078
138427,9,1,159462,41058,35467,118404,212129,0,0,0,0,0.0527114
138428,9,2,193628,51232,44358,142385,268732,1,0,0,0,0.189891
138429,9,1,168698,43543,37957,125155,223642,0,0,0,0,0.079308
138430,9,1,140313,35684,30539,104629,184637,0,0,0,0,0.0725732
138431,9,1,160282,41331,36000,118951,214313,0,0,0,0,0.0617685
138432,9,1,158651,40816,35156,117835,212625,0,0,0,0,0.0562617
138433,9,2,189647,49658,42910,139977,261428,1,0,0,0,0.179749
138434,9,1,180551,47114,41256,133437,243665,0,0,0,0,0.0689729
138435,9,1,170346,43953,38044,126393,228470,0,0,0,0,0.0807145
138436,9,2,203826,53469,46607,150345,280740,1,0,0,0,0.159736
138437,9,1,160279,41389,35847,118890,215768,0,0,0,0,0.0602803
138438,9,2,161626,42647,37027,118966,224509,1,0,0,0,0.16276
138439,9,1,175116,46265,40749,128851,241659,0,0,0,0,0.0770555
138440,9,2,160498,41659,36018,118828,217929,1,0,0,0,0.159041
138441,9,2,159740,41319,35639,118410,215837,1,0,0,0,0.148718
138442,9,1,156894,39811,34635,117083,205795,0,0,0,0,0.0549875
138443,9,2,151461,39594,34028,111856,208515,1,0,0,0,0.142131
138444,9,2,166209,42816,36973,123382,223442,1,0,0,0,0.142937
138445,9,1,168102,42826,37598,125276,219731,0,0,0,0,0.053988
138446,9,2,164994,43375,37634,121608,228725,1,0,0,0,0.167273
138447,9,1,161464,41259,36021,120205,210380,0,0,0,0,0.0624018
138448,9,2,164571,43612,37878,120947,229814,1,0,0,0,0.153462
138449,9,1,159491,40852,36024,118639,211299,0,0,0,0,0.0782046
138450,9,1,145981,36806,31492,109175,190261,0,0,0,0,0.0835072
138451,9,2,201891,52260,45367,149618,271876,1,0,0,0,0.158499
138452,9,1,136567,34321,28838,102246,176852,0,0,0,0,0.0564421
138453,9,2,149709,38399,32820,111299,200024,1,0,0,0,0.164766
138454,9,1,159399,40851,35161,118548,209201,0,0,0,0,0.0563092
138455,9,2,217629,57869,50296,159748,303265,1,0,0,0,0.17396
138456,9,1,165152,42573,36723,122579,219372,0,0,0,0,0.0654257
138457,9,2,169048,43956,37963,125080,228663,1,0,0,0,0.169407
138458,9,1,194237,50669,44320,143568,261264,0,0,0,0,0.0640643
138459,9,2,234844,62614,54277,172218,322123,1,0,0,0,0.152106
138460,9,1,145951,36801,31480,109150,190232,0,0,0,0,0.0724781
138461,9,2,205440,53702,46733,151725,279759,1,0,0,0,0.144212
138462,9,1,159968,41180,35565,118788,212864,0,0,0,0,0.0577786
138463,9,2,156797,40317,34305,116469,209943,1,0,0,0,0.147151
138464,9,1,165481,42787,37236,122694,220310,0,0,0,0,0.0544168
138465,9,2,205950,54126,47272,151812,283456,1,0,0,0,0.142052
138466,9,1,160546,41272,35839,119274,214347,0,0,0,0,0.0550259
138467,9,2,169289,43953,37955,125324,229465,1,0,0,0,0.13608
138468,9,1,174466,44832,39028,129634,230819,0,0,0,0,0.0546483
138469,9,2,216505,57969,49811,158525,301752,1,0,0,0,0.152291
138470,9,1,157299,40178,34500,117121,207682,0,0,0,0,0.0543297
138471,9,1,170533,44011,38550,126522,226358,0,0,0,0,0.0589746
138472,9,1,158886,40456,34905,118430,209802,0,0,0,0,0.0542426
138473,9,1,159405,40364,35069,119041,208106,0,0,0,0,0.0536271
138474,9,1,169705,44345,38568,125360,229587,0,0,0,0,0.054902
138475,9,2,169730,44262,38186,125455,231881,1,0,0,0,0.124947
138476,9,2,174357,46331,40060,128014,243966,1,0,0,0,0.151225
138477,9,2,161551,41827,36024,119713,218497,1,0,0,0,0.166523
138478,9,2,161172,41998,35817,119161,219459,1,0,0,0,0.133565
138479,9,2,218495,58737,50491,159745,305283,1,0,0,0,0.163581
138480,9,1,154437,39683,34159,114754,205868,0,0,0,0,0.0587547
138481,9,1,179309,46808,40872,132501,242638,0,0,0,0,0.0587907
138482,9,1,162685,42099,36403,120586,218599,0,0,0,0,0.0560377
138483,9,2,156215,40752,34811,115452,214005,1,0,0,0,0.151907
138484,9,2,210382,55814,49058,154557,293398,1,0,0,0,0.144872
138485,9,2,174328,45393,39245,128922,237636,1,0,0,0,0.139874
138486,9,2,171500,44845,38677,126643,235364,1,0,0,0,0.141801
138487,9,1,178241,46447,40144,131794,241738,0,0,0,0,0.0522012
138488,9,2,160271,41645,35601,118614,217805,1,0,0,0,0.128582
138489,9,1,200230,53273,46389,146957,276634,0,0,0,0,0.0644771
138490,9,1,149895,38786,33643,111109,202863,0,0,0,0,0.0607157
138491,9,1,170850,44096,38502,126754,228380,0,0,0,0,0.055815
138492,9,2,193711,50679,43791,143019,265659,1,0,0,0,0.149686
138493,9,2,189198,49526,42911,139660,260374,1,0,0,0,0.149205
138494,9,1,156424,39833,34409,116591,206353,0,0,0,0,0.0522029
138495,9,2,175169,46082,40101,129075,241996,1,0,0,0,0.128294
138496,9,2,211913,55526,47967,156375,291381,1,0,0,0,0.139025
138497,9,2,175803,46117,39876,129674,241977,1,0,0,0,0.128786
138498,9,2,213938,56011,48603,157914,293755,1,0,0,0,0.135705
138499,9,2,166763,43469,37616,123282,227178,1,0,0,0,0.138226
138500,9,1,146011,36826,31480,109185,190410,0,0,0,0,0.0996773
138501,9,2,166606,42668,36924,123926,219367,1,0,0,0,0.149799
138502,9,1,181567,47811,41787,133756,247569,0,0,0,0,0.127407
138503,9,2,158088,40217,34101,117860,208814,1,0,0,0,0.210371
138504,9,1,164346,42338,36504,122008,218438,0,0,0,0,0.0801628
138505,9,2,200440,53098,46455,147330,279235,1,0,0,0,0.216651
138506,9,1,159508,41205,35771,118303,214803,0,0,0,0,0.0708954
138507,9,1,148158,37837,32836,110321,195768,0,0,0,0,0.0651163
138508,9,1,157255,40220,34702,117035,207740,0,0,0,0,0.059244
138509,9,1,146618,37027,31740,109591,189644,0,0,0,0,0.0509272
138510,9,1,157253,40200,34524,117053,207847,0,0,0,0,0.0762691
138511,9,2,165914,42560,36737,123341,219335,1,0,0,0,0.153592
138512,9,1,172826,44279,38429,128547,229265,0,0,0,0,0.0613624
138513,9,1,170200,43470,38031,126730,222947,0,0,0,0,0.0591843
138514,9,1,169748,44452,38412,125296,230191,0,0,0,0,0.0901788
138515,9,2,164888,42910,36952,121965,224924,1,0,0,0,0.185846
138516,9,2,174499,46199,39832,128288,242861,1,0,0,0,0.1423
138517,9,2,151483,38884,33345,112588,203189,1,0,0,0,0.138187
138518,9,2,150511,38792,32954,111706,202623,1,0,0,0,0.153155
138519,9,2,203419,54011,45962,149396,281373,1,0,0,0,0.18915
138520,9,1,154493,39719,34191,114774,206083,0,0,0,0,0.0643907
138521,9,1,198848,52652,46477,146196,272927,0,0,0,0,0.0671667
138522,9,1,174794,45410,39230,129384,235008,0,0,0,0,0.0624086
138523,9,2,166514,43547,37415,122956,228858,1,0,0,0,0.151959
138524,9,2,208122,54730,47652,153381,286992,1,0,0,0,0.169539
138525,9,2,167387,43334,37332,124040,226461,1,0,0,0,0.186232
138526,9,2,212176,55596,48140,156568,291736,1,0,0,0,0.208929
138527,9,1,163950,42710,36756,121240,222952,0,0,0,0,0.0728742
138528,9,2,150688,38789,32981,111887,202613,1,0,0,0,0.157781
138529,9,1,173367,45418,39245,127949,235673,0,0,0,0,0.0663388
138530,9,1,149997,38820,33652,111177,203042,0,0,0,0,0.0610392
138531,9,2,220809,58256,50880,162541,306570,1,0,0,0,0.155572
138532,9,2,151399,38653,33095,112733,201109,1,0,0,0,0.166013
138533,9,2,200728,52470,45504,148246,275253,1,0,0,0,0.186312
138534,9,1,157346,40326,35097,117020,209371,0,0,0,0,0.0607552
138535,9,2,168866,44070,38107,124784,231130,1,0,0,0,0.153555
138536,9,2,166299,42810,36679,123477,223706,1,0,0,0,0.185134
138537,9,1,163576,42737,36785,120839,223009,0,0,0,0,0.0561668
138538,9,1,155707,39406,34210,116301,202578,0,0,0,0,0.05438
138539,9,2,156403,40344,34542,116047,210701,1,0,0,0,0.153444
138540,9,2,228374,59319,51386,169043,305703,1,0,0,0,0.19153
138541,9,2,227858,59108,51220,168738,304472,1,0,0,0,0.225987
138542,9,1,160822,40913,35279,119909,212036,0,0,0,0,0.0627955
138543,9,1,160844,40732,35459,120112,207001,0,0,0,0,0.0634473
138544,9,1,166631,42795,37065,123836,219459,0,0,0,0,0.0710459
138545,9,1,181494,47453,40757,134041,246854,0,0,0,0,0.0693516
138546,9,2,171905,45342,38789,126551,238201,1,0,0,0,0.167668
138547,9,1,165784,43471,37124,122313,227085,0,0,0,0,0.0709387
138548,9,1,165181,43169,37274,122012,225137,0,0,0,0,0.0506651
138549,9,1,148758,37485,31972,111273,191731,0,0,0,0,0.0681231
138550,9,2,218220,58717,50986,159490,309487,1,0,0,0,0.184129
138551,9,2,218317,58730,51019,159574,309519,1,0,0,0,0.160238
138552,9,1,158912,40998,35316,117914,212090,0,0,0,0,0.0735975
138553,9,2,164147,43603,37783,120532,229887,1,0,0,0,0.167575
138554,9,2,215264,57146,49672,158107,299282,1,0,0,0,0.211412
138555,9,2,160321,41417,35898,118893,216061,1,0,0,0,0.151575
138556,9,2,215731,56819,49460,158899,298542,1,0,0,0,0.142605
138557,9,2,153253,39354,33785,113888,205348,1,0,0,0,0.127286
138558,9,1,164435,42125,36635,122310,217169,0,0,0,0,0.0493421
138559,9,1,155575,39810,34311,115765,205766,0,0,0,0,0.0601341
138560,9,2,170970,44280,37972,126678,230506,1,0,0,0,0.136471
138561,9,2,170778,44245,37926,126521,230321,1,0,0,0,0.142267
138562,9,2,199003,52447,45625,146545,274921,1,0,0,0,0.164671
138563,9,2,158716,41975,36334,116728,220906,1,0,0,0,0.156294
138564,9,1,166938,43092,37513,123846,222100,0,0,0,0,0.0612098
138565,9,2,157093,40190,34574,116890,208935,1,0,0,0,0.129223
138566,9,2,160887,41275,35185,119600,215067,1,0,0,0,0.135829
138567,9,2,147124,37404,31951,109707,194512,1,0,0,0,0.169401
138568,9,2,153359,39079,33102,114268,203588,1,0,0,0,0.169839
138569,9,1,147440,37425,32383,110015,192727,0,0,0,0,0.0828591
138570,9,1,148404,38189,33285,110215,196773,0,0,0,0,0.0798018
138571,9,1,148815,38217,33292,110598,196774,0,0,0,0,0.0704224
138572,9,1,139549,35634,31126,103915,185153,0,0,0,0,0.072191
138573,9,1,153124,39370,34388,113754,203821,0,0,0,0,0.091911
138574,9,2,171769,45037,38810,126720,235342,1,0,0,0,0.145611
138575,9,2,167332,43862,37919,123458,230451,1,0,0,0,0.19047
138576,9,2,168993,44594,37848,124387,234492,1,0,0,0,0.147081
138577,9,1,149948,38469,33150,111479,199484,0,0,0,0,0.0526759
138578,9,2,160571,42232,35797,118327,222337,1,0,0,0,0.164691
138579,9,1,145140,36992,31745,108148,190961,0,0,0,0,0.0850105
138580,9,1,161992,41550,36125,120442,213926,0,0,0,0,0.0639656
138581,9,1,161245,41372,36056,119873,212942,0,0,0,0,0.0553335
138582,9,1,152631,38880,33226,113751,201328,0,0,0,0,0.0588978
138583,9,1,165904,42606,36577,123298,220541,0,0,0,0,0.0786834
138584,9,1,192730,50610,44010,142120,262217,0,0,0,0,0.0617612
138585,9,1,170932,44068,38134,126864,227547,0,0,0,0,0.057084
138586,9,1,193151,50938,43676,142213,264162,0,0,0,0,0.0696013
138587,9,1,153504,39251,33779,114253,202919,0,0,0,0,0.0533346
138588,9,1,167644,43529,36869,124115,225434,0,0,0,0,0.0607142
138589,9,1,149927,38205,32410,111722,197035,0,0,0,0,0.0657054
138590,9,1,156920,40631,35806,116289,207706,0,0,0,0,0.0518904
138591,9,1,156844,40588,35793,116256,207389,0,0,0,0,0.0518241
138592,9,1,158675,41074,36102,117601,211188,0,0,0,0,0.0567936
138593,9,1,174262,45628,40285,128634,235811,0,0,0,0,0.0980452
138594,9,2,245307,66524,57872,178771,344466,1,0,0,0,0.212177
138595,9,2,232436,63384,54627,169041,332073,1,0,0,0,0.166715
138596,9,2,235073,64188,55280,170872,336010,1,0,0,0,0.164273
138597,9,1,150953,38287,33219,112666,195769,0,0,0,0,0.070633
138598,9,2,217277,58311,49810,158954,305500,1,0,0,0,0.159291
138599,9,1,151261,38581,33550,112680,198049,0,0,0,0,0.0553352
