140560,9,1,167574,44364,38565,123210,230342,0,0,0,0,0.0539001
140561,9,1,167697,44349,38590,123348,230120,0,0,0,0,0.0539256
140564,9,2,233426,63498,55242,169915,330479,1,0,0,0,0.168961
140569,9,1,165161,43448,37648,121713,226692,0,0,0,0,0.0588917
140570,9,1,167566,44345,38553,123221,230174,0,0,0,0,0.0520012
140571,9,1,167686,44329,38577,123357,229946,0,0,0,0,0.0523643
140574,9,2,232688,63334,55083,169341,329741,1,0,0,0,0.161753
140579,9,1,165136,43430,37672,121706,226504,0,0,0,0,0.0602049
140580,9,1,173290,45785,39651,127505,239122,0,0,0,0,0.0558933
140581,9,1,173054,45732,39622,127322,238842,0,0,0,0,0.0583309
140584,9,2,245576,67255,58677,178308,353964,1,0,0,0,0.16202
140589,9,2,235460,64011,55885,171436,337335,1,0,0,0,0.156952
140590,9,1,184855,49143,42677,135712,256839,0,0,0,0,0.0820335
140591,9,1,173204,44822,39157,128382,229449,0,0,0,0,0.0588301
140594,9,1,186208,48766,42736,137442,252143,0,0,0,0,0.082508
140599,9,1,175616,45852,39888,129764,237989,0,0,0,0,0.0640418
140600,9,1,184813,49127,42663,135686,256726,0,0,0,0,0.0774455
140601,9,1,173158,44806,39161,128352,229352,0,0,0,0,0.0542134
140604,9,1,185947,48697,42688,137250,251767,0,0,0,0,0.0584377
140609,9,1,175694,45886,39939,129808,238198,0,0,0,0,0.0546869
140630,9,1,189640,50485,44186,139155,261556,0,0,0,0,0.0565157
140631,9,1,189483,50399,44113,139084,260945,0,0,0,0,0.0567264
140634,9,1,170388,44658,38696,125730,228790,0,0,0,0,0.0601437
140639,9,1,156807,41396,35364,115411,214822,0,0,0,0,0.0598955
140640,9,1,182199,48479,42369,133720,251497,0,0,0,0,0.0563472
140641,9,1,182299,48490,42373,133809,251508,0,0,0,0,0.0555723
140644,9,1,171066,45836,39727,125230,237867,0,0,0,0,0.0587376
140649,9,1,159683,41750,36294,117933,215848,0,0,0,0,0.0743783
140650,9,1,206472,55324,47946,151148,286382,0,0,0,0,0.0625503
140651,9,1,188780,50704,43949,138076,262855,0,0,0,0,0.0542392
140654,9,1,202152,54807,46999,147345,287303,0,0,0,0,0.0567783
140659,9,1,173117,45769,39691,127348,237736,0,0,0,0,0.0680451
140660,9,1,206628,55313,47958,151315,286186,0,0,0,0,0.083761
140661,9,1,188535,50622,43896,137913,262435,0,0,0,0,0.0609552
140664,9,1,202146,54806,46999,147340,287344,0,0,0,0,0.0649382
140669,9,1,173101,45763,39682,127338,237703,0,0,0,0,0.0632615
140690,9,1,170250,45115,39341,125135,235125,0,0,0,0,0.0565955
140691,9,1,170206,45085,39305,125121,234910,0,0,0,0,0.0578274
140694,9,1,168625,44443,38464,124182,230658,0,0,0,0,0.0711814
140699,9,1,168708,44454,38962,124254,230432,0,0,0,0,0.0805093
140700,9,1,186749,50359,43444,136390,263311,0,0,0,0,0.0630332
140701,9,1,178739,48144,41575,130595,250804,0,0,0,0,0.0578603
140704,9,1,199942,53813,46437,146129,281828,0,0,0,0,0.069018
140709,9,1,183554,48673,42187,134881,253118,0,0,0,0,0.0759986
140710,9,1,186819,50359,43468,136460,263237,0,0,0,0,0.0822062
140711,9,1,178605,48102,41547,130503,250605,0,0,0,0,0.0730461
140714,9,1,200297,53924,46558,146373,282447,0,0,0,0,0.0765573
140719,9,1,183574,48688,42199,134886,253208,0,0,0,0,0.0583397
140740,9,1,177033,47129,40373,129904,246447,0,0,0,0,0.0628095
140741,9,1,177386,47463,41190,129923,248394,0,0,0,0,0.0543179
140744,9,1,184567,49167,42480,135400,256954,0,0,0,0,0.068191
140749,9,1,191257,50575,43641,140682,262684,0,0,0,0,0.0663081
140750,9,1,177134,47131,40392,130003,246376,0,0,0,0,0.0660632
140751,9,1,177238,47428,41160,129810,248225,0,0,0,0,0.05292
140754,9,1,183841,48887,42272,134954,255352,0,0,0,0,0.0580984
140759,9,1,191466,50632,43642,140834,263018,0,0,0,0,0.066114
140780,9,1,160239,42178,36028,118061,218044,0,0,0,0,0.0624089
140781,9,1,167792,44493,38567,123299,230842,0,0,0,0,0.0591426
140784,9,1,181187,48417,42052,132770,251767,0,0,0,0,0.0618834
140789,9,1,178668,47468,41417,131200,246557,0,0,0,0,0.078343
140830,9,1,140156,36498,31117,103658,190496,0,0,0,0,0.0641901
140831,9,1,155870,40869,35431,115001,213913,0,0,0,0,0.0673013
140832,9,1,157062,41538,35439,115524,218486,0,0,0,0,0.0822605
140833,9,1,156855,41480,35373,115375,218153,0,0,0,0,0.0666282
140834,9,1,168657,44987,39343,123670,236461,0,0,0,0,0.0638672
140835,9,1,166385,44414,38141,121971,234349,0,0,0,0,0.0660511
140836,9,1,166392,44425,38160,121967,234420,0,0,0,0,0.0637364
140837,9,1,177041,46534,39566,130507,244139,0,0,0,0,0.0868387
140838,9,1,177317,46618,39598,130699,244647,0,0,0,0,0.0921621
140839,9,1,163488,43007,36957,120481,225287,0,0,0,0,0.108538
141122,18,1,160432,41888,36190,118544,217997,0,0,0,0,0.0598513
141125,18,1,189467,51488,44905,137979,269378,0,0,0,0,0.0614232
141128,18,1,172600,46343,40112,126257,243173,0,0,0,0,0.0693304
141132,18,1,159962,41761,36088,118201,217265,0,0,0,0,0.0525683
141135,18,1,188850,51302,44861,137548,268324,0,0,0,0,0.0549699
141138,18,1,172300,46266,40105,126034,242729,0,0,0,0,0.0684976
141142,18,1,160424,42301,36695,118123,221914,0,0,0,0,0.0723983
141145,18,1,199543,53454,46198,146089,279150,0,0,0,0,0.0580803
141148,18,1,198026,53158,45704,144868,278045,0,0,0,0,0.0591565
141152,18,1,183370,49828,43595,133542,261807,0,0,0,0,0.0645503
141155,18,1,203307,55903,49169,147404,294599,0,0,0,0,0.0845628
141158,18,1,202895,55327,48337,147568,290073,0,0,0,0,0.0773121
141162,18,1,169898,45264,39306,124634,237983,0,0,0,0,0.0584533
141165,18,1,189466,51285,44713,138181,270626,0,0,0,0,0.0638006
141168,18,1,187527,50610,43701,136917,266632,0,0,0,0,0.0587266
141170,18,1,173414,45410,39005,128004,237121,0,0,0,0,0.0814947
141171,18,1,186813,50055,42975,136758,261414,0,0,0,0,0.063747
141172,18,1,171529,45522,38697,126007,238383,0,0,0,0,0.075526
141173,18,1,152015,39906,34154,112109,209302,0,0,0,0,0.0786943
141174,18,1,196398,53140,46379,143258,279872,0,0,0,0,0.0649675
141175,18,1,193126,51943,45556,141183,273009,0,0,0,0,0.0666631
141176,18,1,173849,46086,40130,127763,241762,0,0,0,0,0.0609976
141177,18,1,180540,48060,41897,132480,251460,0,0,0,0,0.0651074
141178,18,1,192254,51319,44874,140935,268781,0,0,0,0,0.0641287
141179,18,1,175097,46410,40404,128687,243731,0,0,0,0,0.0593358
141192,18,1,183992,48338,41663,135654,250586,0,0,0,0,0.0694631
141195,18,1,191386,51361,44494,140025,267075,0,0,0,0,0.058851
141198,18,1,182269,48684,41966,133585,254382,0,0,0,0,0.0624567
141202,18,1,173056,45430,39211,127626,235831,0,0,0,0,0.0618139
141205,18,1,184708,49494,42574,135214,258986,0,0,0,0,0.0631032
141208,18,1,183849,48971,41969,134878,256251,0,0,0,0,0.0591496
141212,18,2,270041,75266,65437,194762,400227,1,0,0,0,0.164799
141215,18,1,209913,57692,49897,152221,304489,0,0,0,0,0.0602119
141218,18,1,195053,52932,45955,142121,278917,0,0,0,0,0.0598937
141222,18,1,183713,49445,42138,134268,259382,0,0,0,0,0.0597597
141225,18,1,207799,56762,48922,151037,299529,0,0,0,0,0.0747708
141228,18,1,194981,52919,45874,142062,278581,0,0,0,0,0.0632909
141230,18,1,189261,50312,43077,138949,261386,0,0,0,0,0.0670432
141231,18,1,193190,52186,44797,141004,272140,0,0,0,0,0.0597702
141232,18,1,182224,48949,42006,133275,255837,0,0,0,0,0.059257
141233,18,1,175523,47349,40899,128174,248597,0,0,0,0,0.0574118
141234,18,1,202127,54924,47011,147203,290031,0,0,0,0,0.0620065
141235,18,1,212153,57986,49559,154167,305283,0,0,0,0,0.0665591
141236,18,1,196420,53433,46076,142987,280848,0,0,0,0,0.0600758
141237,18,1,171301,45559,39272,125742,238283,0,0,0,0,0.0657394
141238,18,1,190672,51577,44742,139095,271019,0,0,0,0,0.0716082
141239,18,1,190713,51597,44746,139116,271167,0,0,0,0,0.0621289
141252,18,1,165479,43083,37129,122396,223995,0,0,0,0,0.0633837
141255,18,1,178543,47409,40945,131134,247560,0,0,0,0,0.0606539
141258,18,1,182217,48416,41839,133801,253206,0,0,0,0,0.0559949
141262,18,2,259836,72374,62666,187449,385908,1,0,0,0,0.197237
141265,18,1,204441,55614,48166,148827,292462,0,0,0,0,0.0555854
141268,18,1,187678,50552,43959,137126,265982,0,0,0,0,0.0573032
141272,18,1,178416,47942,40566,130474,252340,0,0,0,0,0.0563223
141275,18,1,205258,55813,48219,149445,294049,0,0,0,0,0.0561032
141278,18,1,186763,50257,43666,136506,264259,0,0,0,0,0.0528592
141280,18,1,176108,46695,40105,129413,243749,0,0,0,0,0.0621385
141281,18,1,186616,50331,43253,136285,263458,0,0,0,0,0.05617
141282,18,1,175964,47292,40466,128672,248404,0,0,0,0,0.07914
141284,18,1,197535,53026,45472,144509,279200,0,0,0,0,0.0685212
141285,18,1,211327,57361,49557,153966,301604,0,0,0,0,0.0593324
141286,18,1,204074,55412,48201,148662,290519,0,0,0,0,0.0588877
141287,18,1,171249,45077,38635,126172,235394,0,0,0,0,0.0594085
141288,18,1,183266,49281,42823,133985,259449,0,0,0,0,0.0701505
141289,18,1,196942,53357,46562,143585,280363,0,0,0,0,0.0915257
141293,18,1,165993,44854,38724,121139,236415,0,0,0,0,0.0663797
141302,18,1,187259,50517,43625,136742,266065,0,0,0,0,0.0596415
141305,18,1,194702,52563,45552,142139,276515,0,0,0,0,0.0610878
141308,18,1,175354,47204,40858,128150,248618,0,0,0,0,0.0526501
141312,18,1,188589,50922,44084,137667,267984,0,0,0,0,0.074888
141315,18,1,205377,55787,48622,149590,292450,0,0,0,0,0.0718584
141318,18,1,176091,47293,41034,128798,248766,0,0,0,0,0.0595635
141320,18,1,166349,43452,36969,122897,226739,0,0,0,0,0.0642651
141321,18,1,186064,50272,43391,135792,265131,0,0,0,0,0.0616179
141322,18,1,190324,51448,44349,138876,271457,0,0,0,0,0.0572894
141324,18,1,200385,54159,46934,146226,285319,0,0,0,0,0.0584877
141325,18,1,205095,55523,48153,149572,292736,0,0,0,0,0.0576274
141328,18,1,179938,48272,41315,131666,254405,0,0,0,0,0.0529889
141329,18,1,195040,52778,45562,142262,277241,0,0,0,0,0.0734159
141333,18,1,178569,48191,41496,130378,254403,0,0,0,0,0.0583449
141336,18,2,266556,73795,64091,192749,393436,1,0,0,0,0.163861
141337,18,1,166976,43795,37406,123181,229319,0,0,0,0,0.0610917
141342,18,1,166593,44557,38342,122036,232960,0,0,0,0,0.06103
141345,18,1,175336,46903,40666,128433,245388,0,0,0,0,0.0679293
141348,18,1,178666,47907,41848,130759,250615,0,0,0,0,0.077029
141350,18,1,176730,47475,40791,129255,248518,0,0,0,0,0.0805541
141351,18,1,186836,50362,43653,136474,264236,0,0,0,0,0.104396
141354,18,1,203551,54986,47575,148565,288463,0,0,0,0,0.110932
141359,18,1,204407,56314,49435,148093,297675,0,0,0,0,0.182463
141362,18,1,184730,50046,42717,134684,263287,0,0,0,0,0.0836546
141363,18,1,186788,50889,43996,135899,268198,0,0,0,0,0.090808
141365,18,1,197356,53300,46078,144056,279673,0,0,0,0,0.10178
141366,18,1,196725,53697,46349,143028,282874,0,0,0,0,0.101393
141367,18,1,201206,54407,47358,146799,284888,0,0,0,0,0.11661
141368,18,1,196531,53484,46247,143047,281636,0,0,0,0,0.0682573
141380,18,1,160759,42568,36209,118191,222776,0,0,0,0,0.056265
141381,18,1,173979,46760,40341,127219,246400,0,0,0,0,0.0750539
141382,18,1,172186,46058,39292,126128,242140,0,0,0,0,0.0788559
141383,18,1,171054,46051,39329,125003,243364,0,0,0,0,0.0622369
141384,18,1,194208,52308,45490,141900,275208,0,0,0,0,0.0616556
141385,18,1,183566,48919,42152,134647,256831,0,0,0,0,0.0626867
141386,18,1,186201,50801,43802,135400,269192,0,0,0,0,0.0606802
141387,18,1,184863,49626,42679,135237,261284,0,0,0,0,0.0673371
141388,18,1,196624,53510,46251,143114,281804,0,0,0,0,0.0822507
141389,18,1,187055,50521,43875,136534,266496,0,0,0,0,0.0913647
143080,9,1,167660,44231,38465,123429,229333,0,0,0,0,0.0800787
143081,9,1,167766,44214,38483,123552,229107,0,0,0,0,0.0761179
143084,9,2,234549,63468,55212,171068,329619,1,0,0,0,0.168995
143089,9,1,165548,43400,37533,122148,226189,0,0,0,0,0.0592747
143090,9,1,167465,44180,38420,123285,229037,0,0,0,0,0.0569623
143091,9,1,167568,44162,38436,123406,228805,0,0,0,0,0.0529483
143094,9,2,234082,63379,55128,170690,329279,1,0,0,0,0.207905
143099,9,1,165437,43365,37533,122072,225942,0,0,0,0,0.0877644
143100,9,1,173719,45620,39446,128099,237764,0,0,0,0,0.0892813
143101,9,1,173452,45561,39412,127891,237461,0,0,0,0,0.075519
143104,9,2,244570,66887,58317,177670,351723,1,0,0,0,0.168966
143109,9,2,234792,63733,55630,171046,335626,1,0,0,0,0.181972
143110,9,1,185612,49080,42555,136532,255914,0,0,0,0,0.0809323
143111,9,1,173966,45024,39336,128942,230567,0,0,0,0,0.0570253
143114,9,1,186680,48920,42823,137760,253039,0,0,0,0,0.0701394
143119,9,1,176027,45918,39819,130109,238360,0,0,0,0,0.0599275
143120,9,1,185568,49067,42549,136501,255829,0,0,0,0,0.0812363
143121,9,1,173928,45010,39342,128918,230481,0,0,0,0,0.0581141
143124,9,1,186399,48852,42777,137547,252680,0,0,0,0,0.0620122
143129,9,1,176145,45962,39888,130183,238619,0,0,0,0,0.0583397
143150,9,1,191236,50909,44284,140327,263735,0,0,0,0,0.062371
143151,9,1,191069,50822,44210,140247,263124,0,0,0,0,0.0610856
143154,9,1,171119,44835,38709,126284,229718,0,0,0,0,0.0644769
143159,9,1,156684,41317,35191,115367,214271,0,0,0,0,0.0627403
143160,9,1,183416,48876,42632,134540,253665,0,0,0,0,0.05828
143161,9,1,183500,48884,42634,134616,253662,0,0,0,0,0.0679204
143164,9,1,171752,46080,39860,125672,239207,0,0,0,0,0.0798835
143169,9,1,159890,41771,36309,118119,215886,0,0,0,0,0.0579338
143170,9,1,208120,55729,48319,152391,288358,0,0,0,0,0.0711
143171,9,1,189892,51106,44185,138786,265157,0,0,0,0,0.056903
143174,9,1,203452,55236,47342,148216,289682,0,0,0,0,0.0598925
143179,9,1,172391,45549,39416,126842,236465,0,0,0,0,0.063735
143180,9,1,208239,55721,48313,152518,288222,0,0,0,0,0.0704542
143181,9,1,189638,51021,44125,138617,264713,0,0,0,0,0.0567119
143184,9,1,203433,55234,47337,148199,289729,0,0,0,0,0.0571103
143189,9,1,172353,45530,39407,126823,236352,0,0,0,0,0.0561066
143210,9,1,171871,45636,39649,126235,238007,0,0,0,0,0.0695148
143211,9,1,171826,45606,39611,126220,237793,0,0,0,0,0.0819793
143214,9,1,169610,44711,38608,124899,232031,0,0,0,0,0.0650219
143219,9,1,168407,44349,38856,124058,229860,0,0,0,0,0.0594791
143220,9,1,187662,50479,43607,137183,263662,0,0,0,0,0.0690647
143221,9,1,179947,48660,41934,131287,253925,0,0,0,0,0.0619386
143224,9,1,201223,54170,46667,147053,283645,0,0,0,0,0.0587087
143229,9,1,182540,48375,41913,134165,251343,0,0,0,0,0.0626524
143230,9,1,187737,50480,43622,137257,263594,0,0,0,0,0.0708567
143231,9,1,179794,48613,41894,131181,253693,0,0,0,0,0.0595103
143234,9,1,201480,54266,46766,147214,284207,0,0,0,0,0.0671184
143239,9,1,182570,48382,41931,134188,251367,0,0,0,0,0.0725531
143260,9,1,178157,47317,40478,130840,247167,0,0,0,0,0.067556
143261,9,1,177830,47628,41336,130202,249163,0,0,0,0,0.0532417
143264,9,1,184871,49304,42604,135567,257569,0,0,0,0,0.0542059
143269,9,1,191761,50715,43677,141046,263331,0,0,0,0,0.0627675
143270,9,1,178224,47319,40494,130905,247121,0,0,0,0,0.0655759
143271,9,1,177738,47603,41311,130135,249024,0,0,0,0,0.0549324
143274,9,1,184212,49041,42402,135171,256055,0,0,0,0,0.0518435
143279,9,1,192093,50800,43712,141293,263809,0,0,0,0,0.0654455
143300,9,1,159507,42051,36025,117456,217458,0,0,0,0,0.0636768
143301,9,1,167478,44397,38536,123081,230217,0,0,0,0,0.0591724
143304,9,1,180855,48345,41954,132510,251338,0,0,0,0,0.0610596
143309,9,1,177718,47263,41298,130455,245581,0,0,0,0,0.0799759
143350,9,1,140575,36577,31145,103998,190924,0,0,0,0,0.0674599
143351,9,1,157339,41287,35744,116052,216165,0,0,0,0,0.0582904
143352,9,1,157716,41780,35690,115936,219740,0,0,0,0,0.0569392
143353,9,1,157599,41735,35632,115864,219450,0,0,0,0,0.0579982
143354,9,1,169876,45354,39619,124522,238387,0,0,0,0,0.0614232
143355,9,1,167604,44844,38412,122760,236782,0,0,0,0,0.0592138
143356,9,1,167611,44855,38431,122756,236853,0,0,0,0,0.0583671
143357,9,1,177140,46756,39767,130384,245655,0,0,0,0,0.0606892
143358,9,1,177416,46840,39797,130576,246163,0,0,0,0,0.0631102
143359,9,1,165145,43523,37414,121622,228019,0,0,0,0,0.0836769
143642,18,1,160591,41642,36092,118949,216162,0,0,0,0,0.0519999
143645,18,1,188730,51137,44687,137593,267187,0,0,0,0,0.0525497
143648,18,1,171395,45803,39775,125592,240011,0,0,0,0,0.0497425
143652,18,1,160073,41501,35989,118572,215347,0,0,0,0,0.0533291
143655,18,1,188114,50959,44654,137155,266191,0,0,0,0,0.0545177
143658,18,1,171109,45735,39775,125374,239624,0,0,0,0,0.050108
143662,18,1,160360,42046,36598,118314,220125,0,0,0,0,0.0577586
143665,18,1,199459,53235,46110,146224,277674,0,0,0,0,0.0558401
143668,18,1,197850,52981,45751,144869,276840,0,0,0,0,0.0538661
143672,18,1,183320,49738,43562,133582,261118,0,0,0,0,0.0582236
143675,18,1,204795,56355,49614,148440,296833,0,0,0,0,0.058794
143678,18,1,203822,55714,48739,148108,292263,0,0,0,0,0.058495
143682,18,1,170239,45255,39282,124984,237798,0,0,0,0,0.0603488
143685,18,1,191383,51878,45398,139505,273683,0,0,0,0,0.0574707
143688,18,1,189093,51161,44219,137932,269615,0,0,0,0,0.0560616
143690,18,1,176172,45998,39601,130174,239723,0,0,0,0,0.0832956
143691,18,1,188036,50350,43244,137686,262561,0,0,0,0,0.0738804
143692,18,1,173459,45987,39157,127472,240523,0,0,0,0,0.0660927
143693,18,1,153314,40134,34307,113180,210175,0,0,0,0,0.0649071
143694,18,1,200269,54151,47332,146118,284961,0,0,0,0,0.0825352
143695,18,1,197071,52992,46463,144079,278406,0,0,0,0,0.0661628
143696,18,1,177237,46963,40884,130274,246061,0,0,0,0,0.0682263
143697,18,1,181799,48379,42040,133420,252861,0,0,0,0,0.0707649
143698,18,1,195465,52244,45678,143221,273523,0,0,0,0,0.0726162
143699,18,1,177831,47183,41099,130648,247682,0,0,0,0,0.0615724
143712,18,1,184626,48348,41746,136278,250282,0,0,0,0,0.0684223
143715,18,1,192371,51723,44756,140648,269072,0,0,0,0,0.0567211
143718,18,1,182680,48821,42070,133859,255158,0,0,0,0,0.0558204
143722,18,1,172688,45380,39270,127308,235534,0,0,0,0,0.0583594
143725,18,1,185832,49850,42729,135982,260885,0,0,0,0,0.0582531
143728,18,1,184929,49272,42163,135657,257787,0,0,0,0,0.0545292
143732,18,2,296921,82695,71980,214213,438241,1,0,0,0,0.167211
143735,18,1,211146,58075,50235,153071,306468,0,0,0,0,0.0593294
143738,18,1,196371,53316,46315,143055,280935,0,0,0,0,0.055506
143742,18,1,185117,49721,42382,135396,260434,0,0,0,0,0.0569995
143745,18,1,209397,57269,49327,152128,302251,0,0,0,0,0.0616481
143748,18,1,196114,53275,46136,142839,280462,0,0,0,0,0.0553334
143750,18,1,190799,50584,43251,140215,262456,0,0,0,0,0.0650908
143751,18,1,193641,52230,44748,141411,272129,0,0,0,0,0.0559309
143752,18,1,183484,49267,42209,134217,257366,0,0,0,0,0.0536493
143753,18,1,176452,47604,41010,128848,249821,0,0,0,0,0.0563955
143754,18,1,202561,55054,47114,147507,290619,0,0,0,0,0.0573384
143755,18,1,213330,58149,49648,155181,305760,0,0,0,0,0.0651355
143756,18,1,197294,53620,46218,143674,281705,0,0,0,0,0.0657513
143757,18,1,171288,45533,39252,125755,237969,0,0,0,0,0.0810309
143758,18,1,192107,51978,45051,140129,272970,0,0,0,0,0.0636231
143759,18,1,192148,51998,45055,140150,273118,0,0,0,0,0.0849324
143772,18,1,166262,43297,37413,122965,225043,0,0,0,0,0.0653534
143775,18,1,179713,47817,41267,131896,249781,0,0,0,0,0.0522189
143778,18,1,183945,48979,42280,134966,256240,0,0,0,0,0.0522904
143782,18,2,286034,79678,68998,206343,423656,1,0,0,0,0.154974
143785,18,1,205874,56162,48643,149712,295522,0,0,0,0,0.0597783
143788,18,1,188746,50956,44323,137790,268309,0,0,0,0,0.0577626
143792,18,1,180026,48365,40929,131661,254428,0,0,0,0,0.0533468
143795,18,1,207103,56519,48752,150584,298045,0,0,0,0,0.0592322
143798,18,1,188074,50710,44001,137364,266638,0,0,0,0,0.0565851
143800,18,1,177378,46892,40184,130486,244417,0,0,0,0,0.0660148
143801,18,1,187449,50566,43442,136883,264641,0,0,0,0,0.0584394
143802,18,1,177478,47700,40748,129778,250427,0,0,0,0,0.0543013
143804,18,1,199020,53493,45917,145527,281581,0,0,0,0,0.0575927
143805,18,1,212372,57619,49753,154753,302770,0,0,0,0,0.0626997
143806,18,1,204609,55487,48261,149122,290781,0,0,0,0,0.0584223
143807,18,1,171679,45223,38771,126456,236102,0,0,0,0,0.0581036
143808,18,1,184157,49607,43064,134550,261197,0,0,0,0,0.0549304
143809,18,1,198129,53707,46857,144422,282058,0,0,0,0,0.0565515
143813,18,1,167622,45305,39027,122317,238750,0,0,0,0,0.0546332
143822,18,1,188106,50896,44060,137210,268175,0,0,0,0,0.0551665
143825,18,1,194981,52833,45782,142148,278145,0,0,0,0,0.0564728
143828,18,1,174834,47099,40831,127735,248070,0,0,0,0,0.0551961
143832,18,1,189735,51295,44445,138440,269940,0,0,0,0,0.0575404
143835,18,1,205927,56050,48811,149877,293906,0,0,0,0,0.060805
143838,18,1,175895,47252,41073,128643,248438,0,0,0,0,0.0542946
143840,18,1,168097,43849,37258,124248,228521,0,0,0,0,0.0639766
143841,18,1,187362,50583,43545,136779,266638,0,0,0,0,0.0782405
143842,18,1,191891,51918,44610,139973,273876,0,0,0,0,0.059275
143844,18,1,201711,54610,47255,147101,287856,0,0,0,0,0.057823
143845,18,1,207208,56191,48646,151017,296280,0,0,0,0,0.0589873
143848,18,1,182577,49006,41843,133571,258120,0,0,0,0,0.0535773
143849,18,1,198287,53665,46245,144622,281669,0,0,0,0,0.0580437
143853,18,1,179795,48593,41659,131202,256578,0,0,0,0,0.0554466
143856,18,2,291453,80640,69987,210801,428945,1,0,0,0,0.153419
143857,18,1,167973,44059,37654,123914,230539,0,0,0,0,0.0656631
143862,18,1,167624,45030,38873,122594,235697,0,0,0,0,0.0564165
143865,18,1,175674,47180,41002,128494,247108,0,0,0,0,0.060036
143868,18,1,178965,48038,41993,130927,251414,0,0,0,0,0.0606245
143870,18,1,178695,48047,41225,130648,251496,0,0,0,0,0.0576991
143871,18,1,188932,50913,44062,138019,266958,0,0,0,0,0.0574667
143874,18,1,204881,55305,47751,149576,289959,0,0,0,0,0.0642196
143879,18,1,205750,56711,49723,149039,299498,0,0,0,0,0.103116
143882,18,1,185615,50152,42884,135463,263425,0,0,0,0,0.0622516
143883,18,1,187198,50948,44073,136250,268304,0,0,0,0,0.0558303
143885,18,1,198541,53526,46320,145015,280590,0,0,0,0,0.0559988
143886,18,1,197686,53941,46521,143745,284128,0,0,0,0,0.0596929
143887,18,1,201893,54564,47448,147329,285622,0,0,0,0,0.0579285
143888,18,1,197666,53780,46491,143886,283109,0,0,0,0,0.0552754
143900,18,1,162303,43049,36617,119254,225369,0,0,0,0,0.0561373
143901,18,1,176190,47335,40736,128855,249251,0,0,0,0,0.0539501
143902,18,1,172564,46003,39196,126561,241533,0,0,0,0,0.0523614
143903,18,1,171999,46401,39577,125598,245336,0,0,0,0,0.049849
143904,18,1,195112,52547,45556,142565,276383,0,0,0,0,0.0585196
143905,18,1,184598,49112,42223,135486,257638,0,0,0,0,0.0558126
143906,18,1,187457,51226,44063,136231,271524,0,0,0,0,0.0538808
143907,18,1,185289,49810,42794,135479,262334,0,0,0,0,0.0564539
143908,18,1,197663,53777,46469,143886,283119,0,0,0,0,0.0562249
143909,18,1,187775,50820,44235,136955,268136,0,0,0,0,0.0707573
145320,9,1,169515,44723,38802,124792,234392,0,0,0,0,0.0572494
145321,9,1,169718,44767,38810,124951,234602,0,0,0,0,0.0558912
145324,9,2,220041,59052,51264,160976,309516,1,0,0,0,0.156247
145329,9,1,163597,43065,36859,120532,225685,0,0,0,0,0.0599426
145330,9,1,168753,44545,38710,124208,233484,0,0,0,0,0.0578861
145331,9,1,168956,44589,38718,124367,233694,0,0,0,0,0.0570423
145334,9,2,219227,58914,51134,160300,308968,1,0,0,0,0.159267
145339,9,1,163439,42912,36725,120527,224690,0,0,0,0,0.0607011
145340,9,1,164473,43461,37656,121012,228696,0,0,0,0,0.0719909
145341,9,1,164206,43405,37622,120801,228413,0,0,0,0,0.0651782
145344,9,2,215466,58370,50545,157083,308896,1,0,0,0,0.169494
145349,9,2,211022,56606,49043,154403,299446,1,0,0,0,0.164883
145350,9,1,178771,47433,41184,131338,249413,0,0,0,0,0.0947248
145351,9,1,161411,41403,36059,120008,213462,0,0,0,0,0.0841644
145354,9,1,179349,47431,41278,131918,248151,0,0,0,0,0.0724962
145359,9,1,169024,44064,38069,124960,230484,0,0,0,0,0.0560125
145360,9,1,178485,47364,41146,131121,249077,0,0,0,0,0.0846636
145361,9,1,161374,41399,36061,119975,213450,0,0,0,0,0.05796
145364,9,1,179304,47399,41244,131905,247936,0,0,0,0,0.0580988
145369,9,1,168899,44058,38055,124841,230508,0,0,0,0,0.0585652
145390,9,1,184714,48824,41735,135890,252861,0,0,0,0,0.0585811
145391,9,1,184853,48895,41799,135958,253318,0,0,0,0,0.0824117
145394,9,1,189833,49760,42873,140073,255306,0,0,0,0,0.073076
145399,9,1,161853,42259,36305,119594,219648,0,0,0,0,0.0648931
145400,9,1,193297,52072,45199,141225,272394,0,0,0,0,0.0658387
145401,9,1,193031,51997,45183,141034,271961,0,0,0,0,0.0678381
145404,9,2,206895,56957,50064,149926,300156,1,0,0,0,0.146769
145409,9,2,287890,76836,66767,211042,401447,1,0,0,0,0.178122
145410,9,1,195225,52416,45137,142809,273774,0,0,0,0,0.0877829
145411,9,1,193580,52083,45295,141497,271663,0,0,0,0,0.0640455
145414,9,2,333005,91931,80303,241061,484104,1,0,0,0,0.17486
145419,9,1,189386,50010,43096,139376,260601,0,0,0,0,0.0731229
145420,9,1,194059,52084,44974,141975,271969,0,0,0,0,0.0650628
145421,9,1,193558,52048,45203,141510,271506,0,0,0,0,0.0576221
145424,9,2,332874,91906,80271,240955,483989,1,0,0,0,0.174933
145429,9,1,189607,50100,43157,139507,261093,0,0,0,0,0.0648726
145450,9,1,189121,50732,43565,138389,265283,0,0,0,0,0.0781456
145451,9,1,188913,50696,43603,138217,265086,0,0,0,0,0.0897915
145454,9,2,257211,69476,60929,187723,364912,1,0,0,0,0.178422
145459,9,2,290582,78021,67916,212549,407631,1,0,0,0,0.186893
145460,9,1,197639,53266,45987,144373,278721,0,0,0,0,0.0725092
145461,9,1,196656,52895,45894,143761,275934,0,0,0,0,0.0526038
145464,9,2,329150,90047,78489,239090,474023,1,0,0,0,0.162018
145469,9,1,194568,51674,44690,142894,269514,0,0,0,0,0.0598452
145470,9,1,196543,52940,45770,143603,276931,0,0,0,0,0.0605986
145471,9,1,196922,52960,45953,143962,276289,0,0,0,0,0.0537468
145474,9,2,329046,90011,78485,239022,473836,1,0,0,0,0.192156
145479,9,1,194724,51729,44739,142995,269791,0,0,0,0,0.0713213
145500,9,1,188605,49638,42658,138967,256645,0,0,0,0,0.0619958
145501,9,2,339811,94629,83036,245169,499561,1,0,0,0,0.163783
145504,9,2,328284,90245,79001,238026,475454,1,0,0,0,0.163461
145509,9,1,201100,53162,45548,147938,276386,0,0,0,0,0.0648973
145510,9,1,188881,49718,42727,139163,257100,0,0,0,0,0.05771
145511,9,2,339823,94635,83039,245175,499587,1,0,0,0,0.161024
145514,9,2,328274,90264,79006,237997,475557,1,0,0,0,0.160316
145519,9,1,201088,53171,45541,147917,276432,0,0,0,0,0.0630717
145540,9,1,188609,49565,42763,139044,254040,0,0,0,0,0.0613868
145541,9,2,206926,57526,50754,149388,304107,1,0,0,0,0.14055
145544,9,2,276932,75675,66350,201245,398464,1,0,0,0,0.152698
145549,9,1,189320,50321,43556,138999,262598,0,0,0,0,0.0794563
145590,9,1,164445,43304,37476,121141,225855,0,0,0,0,0.0591663
145591,9,2,286196,76541,66730,209643,400530,1,0,0,0,0.157192
145592,9,1,190120,50607,43750,139513,264525,0,0,0,0,0.0576066
145593,9,1,190135,50628,43750,139507,264623,0,0,0,0,0.0581127
145594,9,2,290198,77694,67900,212492,405550,1,0,0,0,0.193551
145595,9,1,195291,52085,45083,143206,272044,0,0,0,0,0.0593092
145596,9,1,195303,52083,45100,143220,271985,0,0,0,0,0.0606257
145597,9,1,201860,53675,45998,148185,279673,0,0,0,0,0.0639161
145598,9,1,201943,53701,46026,148242,279814,0,0,0,0,0.0673854
145599,9,1,192053,51314,44524,140739,268438,0,0,0,0,0.0787945
145882,18,1,166497,43722,37544,122775,229372,0,0,0,0,0.060205
145885,18,1,193168,53276,46219,139892,281797,0,0,0,0,0.0587219
145888,18,1,176650,47863,40844,128787,253253,0,0,0,0,0.0556377
145892,18,1,166080,43619,37521,122461,228774,0,0,0,0,0.0612733
145895,18,1,192388,53094,46114,139294,280848,0,0,0,0,0.05734
145898,18,1,175939,47701,40858,128238,252389,0,0,0,0,0.0554364
145902,18,1,162626,42975,36960,119651,226797,0,0,0,0,0.0672365
145905,18,1,196757,53599,45766,143158,282803,0,0,0,0,0.0637723
145908,18,1,195183,52905,45330,142278,278568,0,0,0,0,0.0747025
145912,18,1,180178,49165,42999,131013,260672,0,0,0,0,0.0851411
145915,18,1,199183,55177,48393,144006,293533,0,0,0,0,0.0701376
145918,18,1,195740,53888,47067,141852,285406,0,0,0,0,0.0661142
145922,18,1,167635,44963,38964,122672,238561,0,0,0,0,0.0666806
145925,18,1,187233,50994,44417,136239,271101,0,0,0,0,0.0648072
145928,18,1,182442,49628,42828,132814,263659,0,0,0,0,0.0608848
145930,18,1,172124,45250,38896,126874,238220,0,0,0,0,0.0890918
145931,18,1,183409,49031,42123,134378,257133,0,0,0,0,0.0694522
145932,18,1,165167,43687,37082,121480,230206,0,0,0,0,0.0835878
145933,18,1,150142,40036,34308,110106,211725,0,0,0,0,0.0949173
145934,18,1,196715,54000,47197,142715,286724,0,0,0,0,0.0677649
145935,18,1,193299,52897,46144,140402,280659,0,0,0,0,0.0858078
145936,18,1,171770,45931,40038,125839,242174,0,0,0,0,0.0899866
145937,18,1,175861,47137,40800,128724,248053,0,0,0,0,0.0756073
145938,18,1,189534,51087,44417,138447,268957,0,0,0,0,0.0630165
145939,18,1,172322,46317,40173,126005,244783,0,0,0,0,0.0611075
145952,18,1,178719,46832,40322,131887,242439,0,0,0,0,0.0669995
145955,18,1,191631,51373,44516,140258,267313,0,0,0,0,0.0808128
145958,18,1,172871,45498,39054,127373,236207,0,0,0,0,0.0498307
145962,18,1,179893,47823,41266,132070,249210,0,0,0,0,0.059484
145965,18,1,193485,52118,44919,141367,273761,0,0,0,0,0.0642485
145968,18,1,189065,50645,43367,138420,265416,0,0,0,0,0.0727839
145972,18,1,208527,56926,49207,151601,299499,0,0,0,0,0.075164
145975,18,1,207014,56253,48781,150761,295770,0,0,0,0,0.0689595
145978,18,1,190274,50669,43418,139605,264961,0,0,0,0,0.0815956
145982,18,1,193177,52185,44549,140992,274819,0,0,0,0,0.0804064
145985,18,2,271571,74554,65099,197004,395950,1,0,0,0,0.144939
145988,18,1,196959,52761,45543,144198,276419,0,0,0,0,0.0558788
145990,18,1,183073,48648,41846,134425,253712,0,0,0,0,0.0600904
145991,18,1,207968,56480,48956,151488,296610,0,0,0,0,0.060927
145992,18,1,191985,51741,44280,140244,272172,0,0,0,0,0.0561479
145993,18,1,185833,50420,43468,135413,265046,0,0,0,0,0.0783137
145994,18,1,212028,58035,50585,153993,305723,0,0,0,0,0.0819772
145995,18,1,209529,57207,49324,152322,301794,0,0,0,0,0.0682742
145996,18,2,323737,89997,77851,233728,477614,1,0,0,0,0.174589
145997,18,1,194765,52556,45989,142209,275300,0,0,0,0,0.0599536
145998,18,1,208180,56767,49155,151413,297902,0,0,0,0,0.0617587
145999,18,1,192350,51583,44517,140767,270501,0,0,0,0,0.0731596
146012,18,1,176189,46501,39884,129688,241617,0,0,0,0,0.0864594
146015,18,1,191330,51294,44510,140036,269038,0,0,0,0,0.063098
146018,18,1,192993,51940,44895,141053,272902,0,0,0,0,0.0542698
146022,18,1,206935,56191,48496,150744,295091,0,0,0,0,0.0720429
146025,18,1,207453,56603,49076,150850,298086,0,0,0,0,0.0798794
146028,18,1,192990,51814,44674,141176,272017,0,0,0,0,0.0621999
146032,18,1,192792,51977,44389,140815,273256,0,0,0,0,0.0812992
146035,18,2,270019,74367,64815,195639,395433,1,0,0,0,0.163957
146038,18,1,199468,53923,46707,145545,283652,0,0,0,0,0.0616729
146040,18,1,183650,49161,42339,134489,257075,0,0,0,0,0.0608164
146041,18,1,208055,56480,48903,151575,296523,0,0,0,0,0.0584532
146042,18,1,191680,51674,44076,140006,271951,0,0,0,0,0.0553168
146044,18,1,202994,55155,47721,147839,290346,0,0,0,0,0.0585401
146045,18,1,219332,59956,52291,159376,315196,0,0,0,0,0.0629696
146046,18,2,325620,90346,78148,235262,478772,1,0,0,0,0.163929
146047,18,1,184574,49573,43234,135001,260701,0,0,0,0,0.0592754
146048,18,1,203953,55761,48551,148192,294002,0,0,0,0,0.0602813
146049,18,1,203155,55216,48007,147939,290603,0,0,0,0,0.0579527
146053,18,1,185729,50502,43420,135227,265746,0,0,0,0,0.0591547
146062,18,1,219463,60285,52479,159178,317848,0,0,0,0,0.0659954
146065,18,1,206522,56064,48308,150458,295330,0,0,0,0,0.0614353
146068,18,1,175410,46916,40474,128494,245924,0,0,0,0,0.0540361
146072,18,1,214710,58778,50958,155932,310290,0,0,0,0,0.0606833
146075,18,1,221535,60790,52815,160745,319953,0,0,0,0,0.0660473
146078,18,1,181667,48738,42323,132929,256047,0,0,0,0,0.0552582
146080,18,1,180662,47263,40621,133399,244343,0,0,0,0,0.0598857
146081,18,1,210475,57592,50009,152883,303973,0,0,0,0,0.0583902
146082,18,2,303155,83880,73137,219262,446113,1,0,0,0,0.190771
146084,18,1,211540,57904,50304,153636,305397,0,0,0,0,0.0595117
146085,18,2,298624,82530,72073,216081,438773,1,0,0,0,0.154997
146088,18,1,185028,49602,42871,135426,260196,0,0,0,0,0.0569966
146089,18,1,200974,54433,47174,146541,284722,0,0,0,0,0.0581399
146093,18,2,322285,89190,76974,233083,472414,1,0,0,0,0.163812
146096,18,2,324604,89683,77756,234909,474368,1,0,0,0,0.163178
146097,18,1,171760,45805,39458,125955,240781,0,0,0,0,0.0586848
146102,18,1,193178,52142,45418,141036,272977,0,0,0,0,0.0611499
146105,18,1,183138,49165,42606,133973,258551,0,0,0,0,0.0636445
146108,18,1,171086,45805,39354,125281,241030,0,0,0,0,0.0618345
146110,18,1,192357,51921,45002,140436,270870,0,0,0,0,0.0569677
146111,18,1,191580,51786,44897,139794,272118,0,0,0,0,0.0634132
146114,18,1,187342,50334,43587,137008,264024,0,0,0,0,0.0598424
146119,18,1,197976,53385,45753,144591,280358,0,0,0,0,0.0767075
146122,18,1,199914,54247,47245,145667,285449,0,0,0,0,0.0598313
146123,18,1,205587,55737,47999,149850,292004,0,0,0,0,0.0752235
146125,18,1,196880,53334,46247,143546,280735,0,0,0,0,0.0597914
146126,18,1,201080,54417,46978,146663,285973,0,0,0,0,0.0729864
146127,18,1,182193,48921,42508,133272,257026,0,0,0,0,0.0786118
146128,18,1,186875,50033,42988,136842,262157,0,0,0,0,0.0524632
146140,18,1,173546,45964,39683,127582,239148,0,0,0,0,0.053714
146141,18,1,189474,51043,43730,138431,267826,0,0,0,0,0.0596691
146142,18,1,197094,53412,46245,143682,280968,0,0,0,0,0.0559712
146143,18,1,194474,52655,45294,141819,277185,0,0,0,0,0.0557987
146144,18,1,190003,51260,44103,138743,269339,0,0,0,0,0.0603253
146145,18,1,192854,51972,45008,140882,273342,0,0,0,0,0.0589333
146146,18,1,205673,56192,48572,149481,296274,0,0,0,0,0.0611084
146147,18,1,178808,48077,41514,130731,252708,0,0,0,0,0.0644061
146148,18,1,204020,55587,47879,148433,291068,0,0,0,0,0.0598337
146149,18,1,201424,54801,46986,146623,288446,0,0,0,0,0.091256
147280,9,1,178769,46532,40217,132237,242456,0,0,0,0,0.0865174
147281,9,1,178805,46531,40221,132274,242400,0,0,0,0,0.0823839
147284,9,1,170967,45002,39040,125965,233693,0,0,0,0,0.0924164
147289,9,1,154080,39584,33734,114496,206045,0,0,0,0,0.087919
147290,9,1,188555,50317,43342,138238,263051,0,0,0,0,0.0659216
147291,9,1,188685,50324,43369,138361,262988,0,0,0,0,0.089706
147294,9,1,149113,38726,33028,110387,200365,0,0,0,0,0.0669967
147299,9,1,153327,39977,33608,113350,209225,0,0,0,0,0.0656606
147300,9,1,190996,50539,43948,140457,262578,0,0,0,0,0.078917
147301,9,1,191218,50574,43972,140644,262676,0,0,0,0,0.0711489
147304,9,1,145986,38409,32860,107577,200822,0,0,0,0,0.0674288
147309,9,1,165552,43277,37036,122275,223672,0,0,0,0,0.0694047
147310,9,1,186002,49165,42291,136837,255723,0,0,0,0,0.0610345
147311,9,1,165855,43849,37488,122006,228899,0,0,0,0,0.0707938
147314,9,1,182080,48713,41743,133367,255604,0,0,0,0,0.0674453
147319,9,1,158995,41398,35629,117597,217025,0,0,0,0,0.0732005
147320,9,1,185623,49019,42250,136604,254852,0,0,0,0,0.0734423
147321,9,1,165947,43844,37478,122103,228822,0,0,0,0,0.0709539
147324,9,1,182129,48742,41780,133387,255750,0,0,0,0,0.0707802
147329,9,1,159022,41407,35638,117615,217081,0,0,0,0,0.0579498
147350,9,1,192764,51555,44542,141209,268381,0,0,0,0,0.0619528
147351,9,1,192940,51567,44557,141373,268334,0,0,0,0,0.0607604
147354,9,2,273253,73391,64395,199850,380995,1,0,0,0,0.202567
147359,9,1,161012,42577,36563,118435,222516,0,0,0,0,0.0729483
147360,9,1,216371,58183,50386,158188,303123,0,0,0,0,0.0931461
147361,9,1,216391,58183,50405,158208,303092,0,0,0,0,0.0704829
147364,9,2,252225,68543,60157,183670,361554,1,0,0,0,0.216008
147369,9,2,260661,70067,61124,190582,366574,1,0,0,0,0.20304
147370,9,2,258075,70633,61538,187429,373786,1,0,0,0,0.161734
147371,9,2,310065,85605,75066,224447,453299,1,0,0,0,0.176603
147374,9,1,204849,55468,48173,149381,290673,0,0,0,0,0.0766433
147379,9,2,247783,66117,57216,181653,346892,1,0,0,0,0.152367
147380,9,2,257706,70552,61479,187141,373364,1,0,0,0,0.159885
147381,9,2,309957,85570,75058,224374,453067,1,0,0,0,0.16907
147384,9,1,204796,55452,48169,149344,290591,0,0,0,0,0.0742398
147389,9,2,247739,66102,57197,181624,346809,1,0,0,0,0.179521
147410,9,2,249037,67670,59275,181354,356898,1,0,0,0,0.161376
147411,9,2,249122,67671,59295,181438,356832,1,0,0,0,0.178703
147414,9,2,232715,62060,54716,170643,325065,1,0,0,0,0.170412
147419,9,2,231831,61693,53767,170125,321252,1,0,0,0,0.16088
147420,9,1,211298,56817,49287,154481,295392,0,0,0,0,0.082499
147421,9,2,273861,74682,65329,199166,394461,1,0,0,0,0.180854
147424,9,1,188204,50681,43663,137523,264706,0,0,0,0,0.0716369
147429,9,2,240762,65866,57205,174883,347757,1,0,0,0,0.184632
147430,9,1,211228,56787,49276,154441,295189,0,0,0,0,0.0762373
147431,9,2,273683,74642,65310,199028,394242,1,0,0,0,0.184303
147434,9,1,188202,50712,43648,137490,264879,0,0,0,0,0.073811
147439,9,2,240726,65856,57205,174857,347705,1,0,0,0,0.152555
147460,9,1,194007,51477,44476,142530,267276,0,0,0,0,0.060408
147461,9,1,206833,55798,48750,151035,292623,0,0,0,0,0.105183
147464,9,1,189462,51217,44540,138245,267533,0,0,0,0,0.0811687
147469,9,2,234551,63934,55349,170604,336437,1,0,0,0,0.176999
147470,9,1,194153,51494,44497,142659,267297,0,0,0,0,0.0937493
147471,9,1,206859,55808,48755,151051,292679,0,0,0,0,0.107404
147474,9,1,189673,51242,44564,138431,267582,0,0,0,0,0.061531
147479,9,2,234430,63882,55300,170535,336123,1,0,0,0,0.158783
147500,9,2,290604,77765,68266,212827,402403,1,0,0,0,0.184312
147501,9,2,262550,71252,62387,191286,375248,1,0,0,0,0.206629
147504,9,2,233049,63041,55396,169996,331563,1,0,0,0,0.172766
147509,9,2,172759,45823,39823,126923,238756,1,0,0,0,0.137317
147550,9,1,164239,43561,37082,120678,228111,0,0,0,0,0.0609179
147551,9,2,273011,72885,63333,200114,380136,1,0,0,0,0.183651
147552,9,2,266363,70864,61401,195486,371724,1,0,0,0,0.194347
147553,9,2,266270,70834,61377,195423,371542,1,0,0,0,0.168962
147554,9,2,225733,59946,52349,165774,312442,1,0,0,0,0.141814
147555,9,2,239484,65085,56376,174386,343357,1,0,0,0,0.170238
147556,9,2,239246,65008,56314,174225,342927,1,0,0,0,0.15819
147557,9,2,233989,63153,54847,170823,331971,1,0,0,0,0.154222
147558,9,2,233672,63055,54796,170604,331431,1,0,0,0,0.15012
147559,9,2,172892,45400,39546,127479,236443,1,0,0,0,0.134354
147842,18,1,172604,44920,38745,127684,234581,0,0,0,0,0.0863306
147845,18,1,194091,52636,45667,141455,276793,0,0,0,0,0.0802422
147848,18,1,172012,45473,38843,126539,238471,0,0,0,0,0.073502
147852,18,1,177686,46613,39563,131073,243141,0,0,0,0,0.0735122
147855,18,1,184955,49758,42579,135197,261159,0,0,0,0,0.078813
147858,18,1,171926,45782,39126,126144,240049,0,0,0,0,0.0579776
147862,18,1,180309,47145,40448,133164,244822,0,0,0,0,0.0670803
147865,18,1,173970,46153,39553,127817,242146,0,0,0,0,0.0589555
147868,18,1,188955,50581,43417,138374,264903,0,0,0,0,0.0656069
147872,18,1,192332,52109,44731,140223,274133,0,0,0,0,0.0616578
147875,18,1,192259,52243,44113,140016,276566,0,0,0,0,0.0599688
147878,18,1,182167,48925,42314,133242,258003,0,0,0,0,0.0655264
147882,18,1,178420,47901,40729,130519,252517,0,0,0,0,0.0649741
147885,18,1,211279,58102,49590,153177,307189,0,0,0,0,0.0717062
147888,18,1,184504,49718,42859,134786,262917,0,0,0,0,0.066317
147890,18,1,172679,45765,39216,126914,238957,0,0,0,0,0.0720423
147891,18,1,176749,47395,40779,129354,248029,0,0,0,0,0.0736417
147892,18,1,169617,45350,38768,124267,238269,0,0,0,0,0.0869264
147893,18,1,165247,43864,37630,121383,230656,0,0,0,0,0.100756
147894,18,1,189083,51508,44232,137575,273083,0,0,0,0,0.0710344
147895,18,1,199804,54663,47243,145141,288988,0,0,0,0,0.063209
147896,18,1,182215,49146,42598,133069,258084,0,0,0,0,0.0701098
147897,18,1,153862,41249,35594,112613,217792,0,0,0,0,0.0599887
147898,18,1,183786,50243,43470,133543,266730,0,0,0,0,0.0860289
147899,18,1,183722,50240,43466,133482,266769,0,0,0,0,0.0685233
147912,18,1,189964,50339,43184,139625,261773,0,0,0,0,0.061195
147915,18,1,195350,52648,45616,142702,274799,0,0,0,0,0.0575051
147918,18,1,178511,47524,40895,130987,247801,0,0,0,0,0.0537296
147922,18,1,193986,51139,43939,142847,265268,0,0,0,0,0.0650421
147925,18,1,196812,53029,46081,143783,278511,0,0,0,0,0.0618117
147928,18,1,208418,56439,49363,151979,295494,0,0,0,0,0.0610131
147932,18,1,206020,55847,48506,150173,292223,0,0,0,0,0.0591694
147935,18,2,297705,81198,70485,216494,430452,1,0,0,0,0.158978
147938,18,1,204941,55362,48735,149579,290740,0,0,0,0,0.0682281
147942,18,1,193885,52406,44947,141479,275340,0,0,0,0,0.0680688
147945,18,2,308405,84934,74289,223458,450783,1,0,0,0,0.15733
147948,18,1,207476,56477,49660,150999,297796,0,0,0,0,0.0659856
147950,18,2,288839,78810,68216,210016,417389,1,0,0,0,0.177985
147951,18,2,290950,79470,69201,211468,420160,1,0,0,0,0.163105
147952,18,1,193454,52241,44912,141213,273743,0,0,0,0,0.0578973
147953,18,1,186822,50989,44151,135833,269123,0,0,0,0,0.0713074
147954,18,1,205175,56751,49308,148424,300650,0,0,0,0,0.0643703
147955,18,2,300380,83211,72535,217156,442400,1,0,0,0,0.158258
147956,18,2,288176,79262,69090,208902,420088,1,0,0,0,0.164184
147957,18,2,251228,68517,59466,182699,362997,1,0,0,0,0.157371
147958,18,1,203165,55876,49013,147289,295133,0,0,0,0,0.0656602
147959,18,1,202996,55840,48982,147156,294963,0,0,0,0,0.0685053
147972,18,2,258404,69527,60309,188864,366469,1,0,0,0,0.187114
147975,18,2,260004,71112,61954,188879,377479,1,0,0,0,0.187108
147978,18,2,255221,69840,60905,185369,370894,1,0,0,0,0.178151
147982,18,2,260752,71582,62172,189158,379427,1,0,0,0,0.201757
147985,18,1,214802,59066,51054,155736,311678,0,0,0,0,0.0834082
147988,18,1,224999,61542,53173,163457,324024,0,0,0,0,0.0632536
147992,18,1,189639,51179,44146,138460,267801,0,0,0,0,0.0871086
147995,18,1,202714,55494,47980,147220,293430,0,0,0,0,0.0755128
147998,18,1,211993,57739,49579,154254,305396,0,0,0,0,0.0855882
148000,18,1,195190,51704,44601,143486,268508,0,0,0,0,0.0706711
148001,18,1,208198,56996,49435,151202,299232,0,0,0,0,0.0763327
148002,18,1,196572,53546,46062,143026,282038,0,0,0,0,0.0579893
148004,18,1,201660,56334,49132,145326,299991,0,0,0,0,0.0602059
148005,18,1,211791,59236,51810,152555,314584,0,0,0,0,0.0621991
148006,18,1,180689,49464,42830,131225,261215,0,0,0,0,0.0611117
148007,18,2,253670,69531,60620,184127,369624,1,0,0,0,0.144967
148008,18,1,230149,64366,55738,165783,341276,0,0,0,0,0.0653596
148009,18,1,217856,60726,52392,157130,323091,0,0,0,0,0.0655392
148013,18,1,181829,49389,42602,132440,260181,0,0,0,0,0.0692585
148022,18,1,209271,57412,49667,151859,303185,0,0,0,0,0.0653997
148025,18,1,200937,55332,47944,145605,293464,0,0,0,0,0.062635
148028,18,1,201351,55038,47446,146313,291176,0,0,0,0,0.0628967
148032,18,2,262832,72252,62969,190567,383746,1,0,0,0,0.180859
148035,18,1,211118,58388,50992,152730,308993,0,0,0,0,0.0863825
148038,18,1,214117,58890,51036,155227,311101,0,0,0,0,0.0821612
148040,18,1,183965,48142,41583,135823,249340,0,0,0,0,0.0749124
148041,18,2,275412,75396,65394,200003,400673,1,0,0,0,0.179764
148042,18,2,281188,77485,67351,203690,411877,1,0,0,0,0.158773
148044,18,1,215549,58978,51305,156571,310956,0,0,0,0,0.0623243
148045,18,1,204391,55940,48547,148451,295967,0,0,0,0,0.0581724
148048,18,1,198254,54026,46783,144228,284761,0,0,0,0,0.0594873
148049,18,1,206027,56159,48729,149868,294695,0,0,0,0,0.0632196
148053,18,2,262436,71916,62932,190508,380818,1,0,0,0,0.179606
148056,18,1,184370,50340,43578,134030,265671,0,0,0,0,0.0642241
148057,18,2,252482,68788,59937,183682,364817,1,0,0,0,0.167146
148062,18,2,257452,70293,61046,187147,372809,1,0,0,0,0.173683
148065,18,2,275540,76309,66143,199219,406484,1,0,0,0,0.157517
148068,18,2,270151,74356,64608,195783,395345,1,0,0,0,0.154669
148070,18,1,193108,51948,44573,141160,270761,0,0,0,0,0.0631623
148071,18,1,194353,52631,45756,141722,276563,0,0,0,0,0.060707
148074,18,2,295574,81277,70610,214284,432184,1,0,0,0,0.157303
148079,18,1,210086,57386,48995,152700,302403,0,0,0,0,0.0583
148082,18,1,203150,54597,47711,148553,287030,0,0,0,0,0.0702191
148083,18,1,198324,54349,47542,143975,286625,0,0,0,0,0.0646026
148085,18,1,209742,56960,49306,152782,300935,0,0,0,0,0.0765596
148086,18,1,225383,61825,53417,163558,325912,0,0,0,0,0.0701793
148087,18,1,210579,57654,50167,152925,304285,0,0,0,0,0.0697274
148088,18,1,198905,53605,46392,145300,281611,0,0,0,0,0.0630738
148100,18,1,176422,47052,40363,129370,245540,0,0,0,0,0.056394
148101,18,1,205909,55792,48564,150117,291652,0,0,0,0,0.0782279
148102,18,1,201571,54254,47700,147317,285169,0,0,0,0,0.0803836
148103,18,1,198354,54371,47562,143983,286782,0,0,0,0,0.0678571
148104,18,2,291889,80325,69611,211552,426921,1,0,0,0,0.211591
148105,18,1,222384,60723,53058,161661,319427,0,0,0,0,0.0657649
148106,18,1,215145,59087,50999,156058,313196,0,0,0,0,0.0659739
148107,18,1,197788,53937,46914,143851,285562,0,0,0,0,0.073981
148108,18,1,209224,56481,49040,152743,295414,0,0,0,0,0.0687728
148109,18,1,211263,57725,49525,153538,304195,0,0,0,0,0.0595377
148960,9,1,179477,46789,40485,132688,243890,0,0,0,0,0.10155
148961,9,1,179474,46790,40507,132684,243877,0,0,0,0,0.097346
148964,9,1,170698,44905,38967,125793,233147,0,0,0,0,0.103727
148969,9,1,155115,39838,33877,115277,207381,0,0,0,0,0.0911451
148970,9,1,188949,50483,43371,138466,263930,0,0,0,0,0.0687147
148971,9,1,189061,50493,43405,138568,263908,0,0,0,0,0.0662381
148974,9,1,148912,38676,32990,110236,200131,0,0,0,0,0.0595417
148979,9,1,155520,40846,34479,114674,214102,0,0,0,0,0.0774038
148980,9,1,177278,46613,40447,130665,243588,0,0,0,0,0.087472
148981,9,1,177377,46627,40475,130750,243623,0,0,0,0,0.0671309
148984,9,1,144603,36955,31566,107648,192063,0,0,0,0,0.0615993
148989,9,1,170792,44077,38239,126715,227107,0,0,0,0,0.0941489
148990,9,1,168211,44676,38758,123535,234672,0,0,0,0,0.0614814
148991,9,1,153409,40334,34411,113075,211184,0,0,0,0,0.0604507
148994,9,1,184710,49306,42578,135404,258548,0,0,0,0,0.0767251
148999,9,1,167557,43372,37395,124185,226473,0,0,0,0,0.0561707
149000,9,1,168115,44627,38724,123488,234365,0,0,0,0,0.0857455
149001,9,1,153413,40316,34357,113097,211070,0,0,0,0,0.0699572
149004,9,1,184534,49254,42541,135280,258257,0,0,0,0,0.0665952
149009,9,1,167502,43369,37380,124133,226482,0,0,0,0,0.064885
149030,9,1,192389,51416,44433,140973,267623,0,0,0,0,0.0632515
149031,9,1,192573,51430,44456,141143,267589,0,0,0,0,0.0633228
149034,9,2,273302,73422,64400,199868,381195,1,0,0,0,0.157376
149039,9,1,162976,43489,37526,119487,227807,0,0,0,0,0.0595981
149040,9,1,196271,52335,45266,143936,273660,0,0,0,0,0.0637015
149041,9,1,196381,52370,45339,144011,273819,0,0,0,0,0.0608517
149044,9,1,164967,43233,37298,121734,225668,0,0,0,0,0.0614143
149049,9,2,267338,71505,62550,195821,373282,1,0,0,0,0.154959
149050,9,2,297858,81679,71231,216166,432702,1,0,0,0,0.180081
149051,9,2,299530,82065,71488,217452,434114,1,0,0,0,0.222119
149054,9,1,203461,54746,47416,148715,286589,0,0,0,0,0.0850813
149059,9,2,259181,69431,60419,189737,364418,1,0,0,0,0.175295
149060,9,2,297463,81557,71200,215893,431997,1,0,0,0,0.176566
149061,9,2,299347,82021,71460,217313,433877,1,0,0,0,0.194009
149064,9,1,203484,54756,47421,148728,286633,0,0,0,0,0.0674745
149069,9,2,259219,69428,60413,189778,364374,1,0,0,0,0.149722
149090,9,2,264634,71765,62639,192856,378845,1,0,0,0,0.159184
149091,9,2,263573,71459,62476,192101,377164,1,0,0,0,0.177808
149094,9,2,238279,63343,55851,174924,331105,1,0,0,0,0.178172
149099,9,1,171166,44322,38431,126844,227957,0,0,0,0,0.0541329
149100,9,1,195887,52373,45622,143514,273707,0,0,0,0,0.0607198
149101,9,2,265734,72319,63290,193402,382071,1,0,0,0,0.191063
149104,9,1,197430,53276,46040,144154,277986,0,0,0,0,0.0591579
149109,9,1,201877,54420,47265,147457,285434,0,0,0,0,0.056994
149110,9,1,195893,52381,45626,143512,273739,0,0,0,0,0.0611157
149111,9,2,265557,72280,63276,193264,381857,1,0,0,0,0.16082
149114,9,1,197341,53254,46009,144087,277843,0,0,0,0,0.056439
149119,9,1,201794,54400,47275,147394,285400,0,0,0,0,0.0782217
149140,9,1,193558,51412,44517,142146,266972,0,0,0,0,0.0658391
149141,9,1,201576,54131,46974,147445,283745,0,0,0,0,0.0722697
149144,9,1,202890,55241,48325,147649,288965,0,0,0,0,0.0623584
149149,9,1,176907,47190,40677,129717,246850,0,0,0,0,0.0540264
149150,9,1,193695,51430,44542,142265,267009,0,0,0,0,0.0593386
149151,9,1,201611,54145,46990,147466,283836,0,0,0,0,0.0676934
149154,9,1,202897,55265,48344,147632,289178,0,0,0,0,0.0609154
149159,9,1,176707,47136,40654,129571,246562,0,0,0,0,0.0529819
149180,9,2,291706,78045,68418,213649,403841,1,0,0,0,0.163829
149181,9,1,160599,41865,35964,118734,218091,0,0,0,0,0.0586614
149184,9,2,238040,64342,56664,173686,338232,1,0,0,0,0.139364
149189,9,2,221177,59672,51612,161492,312779,1,0,0,0,0.146096
149230,9,1,165677,44256,37833,121421,232184,0,0,0,0,0.0612401
149231,9,2,278908,73907,64550,204989,384783,1,0,0,0,0.1539
149232,9,2,278645,74157,64505,204475,388611,1,0,0,0,0.15683
149233,9,2,278602,74134,64492,204455,388456,1,0,0,0,0.154797
149234,9,1,170547,44141,38324,126406,226838,0,0,0,0,0.0557055
149235,9,1,198187,52932,45767,145255,276903,0,0,0,0,0.0549919
149236,9,1,197985,52882,45741,145103,276685,0,0,0,0,0.0543892
149237,9,1,175298,46644,40066,128654,243708,0,0,0,0,0.0503998
149238,9,1,175191,46611,40057,128580,243521,0,0,0,0,0.0513142
149239,9,2,223275,59596,51798,163666,311841,1,0,0,0,0.160718
149522,18,1,172580,44872,38715,127708,234203,0,0,0,0,0.0955632
149525,18,1,194655,52840,45862,141815,277932,0,0,0,0,0.116365
149528,18,1,172038,45510,38871,126528,238682,0,0,0,0,0.0882306
149532,18,1,177800,46720,39693,131080,243809,0,0,0,0,0.0680729
149535,18,1,185412,50021,42885,135391,262717,0,0,0,0,0.058954
149538,18,1,171828,45850,39228,125978,240475,0,0,0,0,0.0569093
149542,18,1,171107,44543,38537,126564,232289,0,0,0,0,0.0814479
149545,18,1,170522,44874,38475,125648,234998,0,0,0,0,0.0590058
149548,18,1,190232,51133,44038,139099,268385,0,0,0,0,0.062535
149552,18,1,190017,52174,44586,137843,276850,0,0,0,0,0.0629562
149555,18,1,188241,50950,43165,137291,269498,0,0,0,0,0.0614059
149558,18,1,180434,48680,42250,131754,257226,0,0,0,0,0.0729224
149562,18,1,176604,47785,40465,128819,253647,0,0,0,0,0.0621307
149565,18,1,206314,56503,48611,149811,298546,0,0,0,0,0.0891777
149568,18,1,185111,50134,43373,134977,265560,0,0,0,0,0.0653331
149570,18,1,157593,41433,35650,116160,217181,0,0,0,0,0.061082
149571,18,1,171497,46180,39438,125317,243144,0,0,0,0,0.059899
149572,18,1,164120,43922,37291,120198,232004,0,0,0,0,0.0576809
149573,18,1,155923,41411,35441,114512,219033,0,0,0,0,0.0668146
149574,18,1,187244,50516,42975,136728,267195,0,0,0,0,0.0611942
149575,18,1,201843,55242,47747,146601,292033,0,0,0,0,0.0597229
149576,18,1,189043,51068,44463,137975,268111,0,0,0,0,0.0648581
149577,18,1,155994,41489,35871,114505,218731,0,0,0,0,0.0596163
149578,18,1,181059,49124,42614,131935,261027,0,0,0,0,0.0603728
149579,18,1,194433,53476,46647,140957,283864,0,0,0,0,0.0620125
149592,18,1,189323,50157,43119,139166,260800,0,0,0,0,0.0606842
149595,18,1,196020,52878,45792,143142,276074,0,0,0,0,0.0554953
149598,18,1,178500,47573,40945,130927,248172,0,0,0,0,0.0666445
149602,18,1,184216,48288,41728,135928,251235,0,0,0,0,0.0627019
149605,18,1,191650,51090,44263,140560,267906,0,0,0,0,0.0559277
149608,18,1,207707,56060,48788,151647,293641,0,0,0,0,0.0595429
149612,18,1,202770,55237,47879,147533,291081,0,0,0,0,0.0601037
149615,18,2,297904,81748,71058,216143,434229,1,0,0,0,0.159134
149618,18,1,203746,55165,48375,148581,290384,0,0,0,0,0.0694192
149622,18,1,191637,51932,44554,139705,274342,0,0,0,0,0.0587167
149625,18,2,316559,87389,76612,229157,464118,1,0,0,0,0.158229
149628,18,1,206292,56258,49228,150034,297148,0,0,0,0,0.0647804
149630,18,1,174912,46431,39909,128481,242443,0,0,0,0,0.0559793
149631,18,2,284497,77620,67338,206865,410959,1,0,0,0,0.154181
149632,18,1,186646,50535,43244,136111,266514,0,0,0,0,0.055329
149633,18,1,177645,48325,41812,129320,256108,0,0,0,0,0.0663662
149634,18,1,203208,55921,48606,147287,296023,0,0,0,0,0.0586836
149635,18,2,308264,85087,74394,223164,451738,1,0,0,0,0.157981
149636,18,2,292473,80373,70493,212088,425383,1,0,0,0,0.162003
149637,18,1,179885,48207,42068,131678,253365,0,0,0,0,0.0633912
149638,18,1,200753,55321,48651,145432,293486,0,0,0,0,0.0635561
149639,18,1,213381,59040,52129,154341,311887,0,0,0,0,0.0618583
149652,18,1,180156,47659,40941,132497,248358,0,0,0,0,0.0594037
149655,18,1,192736,51808,45025,140928,272174,0,0,0,0,0.0553156
149658,18,2,256609,69785,60680,186812,369420,1,0,0,0,0.139677
149662,18,2,253635,69160,60036,184463,366712,1,0,0,0,0.151246
149665,18,1,212977,58459,50850,154518,308398,0,0,0,0,0.0613591
149668,18,1,218877,59647,51756,159230,314055,0,0,0,0,0.061179
149672,18,1,185503,50160,43074,135343,264187,0,0,0,0,0.0564191
149675,18,1,200313,54674,47129,145639,289158,0,0,0,0,0.0572249
149678,18,1,206242,55893,47994,150349,295468,0,0,0,0,0.057852
149680,18,1,184639,48787,42197,135852,254735,0,0,0,0,0.0607142
149681,18,1,203655,56055,48553,147600,296091,0,0,0,0,0.0591572
149682,18,1,193444,52812,45228,140632,279774,0,0,0,0,0.0602993
149684,18,1,209769,58673,51105,151096,312042,0,0,0,0,0.0597805
149685,18,1,206337,57163,49557,149174,303739,0,0,0,0,0.0585225
149686,18,1,183005,49676,43010,133329,262521,0,0,0,0,0.0589149
149687,18,2,184707,49961,43456,134734,264440,1,0,0,0,0.122826
149688,18,1,231173,64469,55553,166704,341377,0,0,0,0,0.0653314
149689,18,1,213342,58741,50460,154601,311420,0,0,0,0,0.0606178
149693,18,1,173159,47332,40783,125827,250941,0,0,0,0,0.0655998
149702,18,1,205990,56083,48305,149907,295905,0,0,0,0,0.0624337
149705,18,1,208539,57558,49933,150981,304913,0,0,0,0,0.0623118
149708,18,1,186799,50166,43111,136633,264547,0,0,0,0,0.0558259
149712,18,2,267359,72989,63466,194357,387095,1,0,0,0,0.150251
149715,18,1,204630,56027,48529,148603,296407,0,0,0,0,0.0616795
149718,18,1,195135,52823,45354,142312,279051,0,0,0,0,0.0641796
149720,18,1,184554,48492,41894,136062,251418,0,0,0,0,0.0604316
149721,18,2,271529,74289,64659,197227,394972,1,0,0,0,0.150366
149722,18,2,282979,78206,68251,204760,416186,1,0,0,0,0.149055
149724,18,1,213977,58534,50880,155443,308979,0,0,0,0,0.0596272
149725,18,1,202771,55333,47840,147438,293063,0,0,0,0,0.0564853
149728,18,1,182476,49311,42740,133165,260001,0,0,0,0,0.0535388
149729,18,1,191342,52083,45197,139259,273868,0,0,0,0,0.0557709
149733,18,2,264999,72308,63506,192679,382098,1,0,0,0,0.174772
149736,18,1,188592,51325,44654,137267,271118,0,0,0,0,0.0587732
149737,18,2,249989,68162,58952,181815,361874,1,0,0,0,0.141372
149742,18,1,175108,46665,40498,128443,244744,0,0,0,0,0.0588835
149745,18,2,182681,49575,43054,133094,263445,1,0,0,0,0.124275
149748,18,2,266959,73277,63139,193670,389753,1,0,0,0,0.147579
149750,18,1,193615,52267,44882,141348,272685,0,0,0,0,0.0549852
149751,18,1,189210,50664,43921,138546,265808,0,0,0,0,0.0550559
149754,18,1,194167,52747,45946,141420,278080,0,0,0,0,0.0543876
149759,18,1,186270,49842,42807,136428,261090,0,0,0,0,0.053075
149762,18,1,203573,54865,47951,148708,289002,0,0,0,0,0.08778
149763,18,1,194460,53118,46189,141342,280939,0,0,0,0,0.082618
149765,18,1,204386,55492,47906,148894,293367,0,0,0,0,0.0644967
149766,18,1,227178,62242,54127,164936,327806,0,0,0,0,0.0678905
149767,18,1,193228,52349,45262,140879,276852,0,0,0,0,0.0614105
149768,18,1,182101,48703,42057,133398,255919,0,0,0,0,0.0586638
149780,18,1,176568,47290,40627,129278,247044,0,0,0,0,0.0595711
149781,18,1,204188,55137,47959,149051,288374,0,0,0,0,0.0660577
149782,18,1,201402,54237,47636,147165,285432,0,0,0,0,0.0691706
149783,18,1,205358,56292,49402,149066,296359,0,0,0,0,0.0840288
149784,18,2,291428,79733,69009,211683,422782,1,0,0,0,0.187426
149785,18,1,217577,59296,51882,158281,312081,0,0,0,0,0.0970508
149786,18,1,212681,57821,49937,154860,305456,0,0,0,0,0.0765379
149787,18,1,188917,50991,44347,137926,269463,0,0,0,0,0.0844058
149788,18,1,192983,51894,45031,141089,271857,0,0,0,0,0.0756927
149789,18,1,188131,50524,43567,137607,265017,0,0,0,0,0.0824505
150360,9,1,166279,43070,37174,123209,225026,0,0,0,0,0.11719
150361,9,1,165358,42769,36931,122589,223410,0,0,0,0,0.102772
150364,9,1,190636,49531,42896,141105,257038,0,0,0,0,0.102298
150369,9,1,190977,49638,43080,141339,257688,0,0,0,0,0.100038
150370,9,1,175961,46553,39847,129408,244368,0,0,0,0,0.0867342
150371,9,1,175798,46511,39839,129287,244127,0,0,0,0,0.0743208
150374,9,1,159626,41392,35655,118234,214991,0,0,0,0,0.0826519
150379,9,1,180938,47675,41011,133263,248441,0,0,0,0,0.0646072
150380,9,1,175597,46506,39824,129091,244223,0,0,0,0,0.0881356
150381,9,1,175437,46466,39811,128971,243994,0,0,0,0,0.0968418
150384,9,1,160384,41609,35826,118775,216102,0,0,0,0,0.0598759
150389,9,1,181231,47733,41038,133498,248711,0,0,0,0,0.058612
150390,9,1,155391,41053,35129,114338,215941,0,0,0,0,0.062819
150391,9,1,166188,43501,37335,122687,228502,0,0,0,0,0.0563825
150394,9,1,188292,49923,42834,138369,260941,0,0,0,0,0.0615784
150399,9,2,316597,83013,71509,233571,433927,1,0,0,0,0.172717
150400,9,1,155237,41007,35113,114230,215692,0,0,0,0,0.0567581
150401,9,1,166065,43466,37304,122599,228310,0,0,0,0,0.0569874
150404,9,1,188080,49866,42804,138214,260646,0,0,0,0,0.0648608
150409,9,2,322608,84222,72622,238373,439314,1,0,0,0,0.184217
150430,9,1,189644,50995,43896,138649,268239,0,0,0,0,0.0925768
150431,9,1,189438,50956,43876,138482,268044,0,0,0,0,0.0758283
150434,9,2,190212,50029,43980,140170,259342,1,0,0,0,0.192897
150439,9,2,255764,69110,60722,186641,360608,1,0,0,0,0.196521
150440,9,1,189661,50981,43895,138680,268164,0,0,0,0,0.0959855
150441,9,1,189465,50944,43873,138521,267979,0,0,0,0,0.0978296
150444,9,2,189867,49949,43949,139905,258925,1,0,0,0,0.210023
150449,9,2,255782,69086,60681,186683,360468,1,0,0,0,0.180171
150450,9,1,176879,46875,40736,130004,244985,0,0,0,0,0.0659718
150451,9,1,195218,52179,45395,143039,274124,0,0,0,0,0.0644924
150454,9,1,208636,55916,48951,152720,291776,0,0,0,0,0.0726416
150459,9,2,229985,62213,54079,167759,326430,1,0,0,0,0.164874
150460,9,1,176747,46839,40725,129908,244809,0,0,0,0,0.0876615
150461,9,1,195117,52136,45386,142981,273856,0,0,0,0,0.0833242
150464,9,1,208571,55878,48903,152693,291553,0,0,0,0,0.0696334
150469,9,2,229884,62187,54064,167684,326306,1,0,0,0,0.178835
150490,9,1,175467,46270,39584,129197,241636,0,0,0,0,0.0621996
150491,9,1,174978,46087,39505,128891,240575,0,0,0,0,0.0724716
150494,9,2,192978,50239,44108,142726,259162,1,0,0,0,0.178646
150499,9,2,256519,68589,59516,187917,355988,1,0,0,0,0.159297
150500,9,1,192066,51366,44369,140700,269853,0,0,0,0,0.0793244
150501,9,1,189256,50238,43982,139018,263465,0,0,0,0,0.0639352
150504,9,1,209002,56225,48979,152777,293731,0,0,0,0,0.0630257
150509,9,2,296940,81065,70274,215863,425645,1,0,0,0,0.228818
150510,9,1,191920,51328,44366,140592,269632,0,0,0,0,0.065685
150511,9,1,189251,50268,44006,138983,263716,0,0,0,0,0.0646325
150514,9,1,209394,56321,49087,153073,294217,0,0,0,0,0.0738248
150519,9,2,296826,81021,70241,215793,425391,1,0,0,0,0.17165
150540,9,1,191848,51388,44401,140460,270088,0,0,0,0,0.0953588
150541,9,1,203989,54395,47494,149594,283572,0,0,0,0,0.0724022
150544,9,1,215319,58570,50933,156749,306946,0,0,0,0,0.0697827
150549,9,2,282465,76562,66163,205891,402032,1,0,0,0,0.193338
150550,9,1,191711,51352,44400,140359,269878,0,0,0,0,0.0897997
150551,9,1,203910,54364,47478,149546,283412,0,0,0,0,0.0751879
150554,9,1,214902,58461,50899,156441,306421,0,0,0,0,0.0745217
150559,9,2,282133,76476,66111,205645,401567,1,0,0,0,0.172458
150580,9,2,178176,46479,40664,131684,240022,1,0,0,0,0.151505
150581,9,2,178537,46556,40773,131968,240378,1,0,0,0,0.170699
150584,9,2,187339,49380,43229,137946,255916,1,0,0,0,0.144557
150589,9,2,214207,57176,49492,157018,299280,1,0,0,0,0.179705
150630,9,2,248894,66521,58238,182360,346285,1,0,0,0,0.171602
150631,9,2,248958,66510,58256,182435,346202,1,0,0,0,0.146387
150632,9,2,232620,62715,54375,169892,329533,1,0,0,0,0.189017
150633,9,2,232706,62735,54430,169958,329644,1,0,0,0,0.156016
150634,9,2,249592,66810,58206,182769,347291,1,0,0,0,0.180413
150635,9,2,274800,74811,65312,199977,393935,1,0,0,0,0.194264
150636,9,2,274753,74796,65316,199945,393852,1,0,0,0,0.202184
150637,9,2,262385,70945,61515,191428,373801,1,0,0,0,0.181037
150638,9,2,262210,70914,61502,191284,373651,1,0,0,0,0.189109
150639,9,2,218063,57923,50297,160127,303122,1,0,0,0,0.187625
150922,18,1,164091,42899,37175,121192,225330,0,0,0,0,0.0978662
150925,18,1,188642,50443,43359,138199,264258,0,0,0,0,0.078793
150928,18,1,190718,51106,44043,139612,267845,0,0,0,0,0.0945141
150932,18,1,164504,43103,36962,121401,226123,0,0,0,0,0.0788302
150935,18,1,176598,46782,39588,129816,244526,0,0,0,0,0.0748413
150938,18,1,177874,47352,40158,130522,247761,0,0,0,0,0.0539617
150942,18,1,164420,43069,36974,121351,225901,0,0,0,0,0.0778832
150945,18,1,177376,46933,39762,130443,245143,0,0,0,0,0.0722107
150948,18,1,178533,47497,40309,131036,248372,0,0,0,0,0.0569388
150952,18,1,182364,49460,41988,132904,262178,0,0,0,0,0.0664389
150955,18,1,198907,53731,46498,145176,283074,0,0,0,0,0.0847196
150958,18,1,176294,47670,41090,128624,252287,0,0,0,0,0.0688017
150962,18,1,185124,50289,42782,134835,267173,0,0,0,0,0.0580293
150965,18,1,202311,54811,47112,147500,289458,0,0,0,0,0.0606475
150968,18,1,176316,47578,40733,128738,251678,0,0,0,0,0.0661648
150970,18,1,147286,38659,33028,108627,203541,0,0,0,0,0.0816633
150971,18,1,170896,46118,38905,124778,244630,0,0,0,0,0.0821852
150972,18,1,176292,47462,40298,128830,251513,0,0,0,0,0.0827064
150973,18,1,167249,44712,38573,122537,237309,0,0,0,0,0.066811
150974,18,1,194354,52794,45491,141560,278855,0,0,0,0,0.0680116
150975,18,1,197126,53758,46446,143368,284722,0,0,0,0,0.0600739
150976,18,1,180147,48149,42172,131998,254393,0,0,0,0,0.0654805
150977,18,1,159698,42679,36923,117019,224868,0,0,0,0,0.0642759
150978,18,1,174917,47089,40691,127828,250162,0,0,0,0,0.0661557
150979,18,1,196331,54606,47752,141725,290624,0,0,0,0,0.0703429
150992,18,1,176969,46977,40573,129992,246859,0,0,0,0,0.0679115
150995,18,2,192826,51675,45209,141138,271533,1,0,0,0,0.134581
150998,18,2,251505,68555,59867,182937,361907,1,0,0,0,0.159983
151002,18,1,177066,46984,40549,130082,246879,0,0,0,0,0.0907893
151005,18,2,193342,51809,45312,141520,272270,1,0,0,0,0.137546
151008,18,2,250849,68297,59670,182539,360445,1,0,0,0,0.187653
151012,18,1,195802,52816,45407,142986,278075,0,0,0,0,0.0606073
151015,18,1,214161,58091,50389,156070,304957,0,0,0,0,0.0592149
151018,18,1,200024,54761,47750,145263,289311,0,0,0,0,0.0713486
151022,18,1,201756,54942,47322,146814,290478,0,0,0,0,0.0565358
151025,18,1,217780,59354,51536,158426,312399,0,0,0,0,0.0594046
151028,18,1,202242,55590,48391,146652,294156,0,0,0,0,0.065488
151030,18,1,167291,44398,38503,122893,232881,0,0,0,0,0.0622108
151031,18,1,190593,52349,44855,138244,277769,0,0,0,0,0.0829138
151032,18,1,193347,52774,45238,140573,279529,0,0,0,0,0.080528
151033,18,1,192622,52675,46181,139947,279000,0,0,0,0,0.0658987
151034,18,1,211946,58277,50593,153669,307652,0,0,0,0,0.0631095
151035,18,1,212412,58290,50488,154122,307861,0,0,0,0,0.065834
151036,18,1,205232,56146,49674,149086,296634,0,0,0,0,0.0697108
151037,18,2,243764,66414,57674,177338,351560,1,0,0,0,0.173119
151038,18,1,196171,54148,47283,142023,287360,0,0,0,0,0.0833652
151039,18,1,213769,59625,52032,154144,315130,0,0,0,0,0.0881804
151052,18,1,167222,44234,37902,122988,231813,0,0,0,0,0.0685637
151055,18,2,197773,53066,46331,144694,278450,1,0,0,0,0.155965
151058,18,2,261835,70901,61422,190921,372819,1,0,0,0,0.15511
151062,18,1,189765,51485,44210,138280,271625,0,0,0,0,0.0553603
151065,18,1,207974,57289,49759,150685,303892,0,0,0,0,0.062458
151068,18,2,291225,80089,69760,211123,424791,1,0,0,0,0.159501
151072,18,1,192405,51978,44711,140427,273901,0,0,0,0,0.0559331
151075,18,1,200767,54674,47048,146093,289345,0,0,0,0,0.0584592
151078,18,2,291751,79892,69256,211846,423520,1,0,0,0,0.156357
151080,18,1,176507,46820,40566,129687,245877,0,0,0,0,0.0661722
151081,18,1,194197,52607,45086,141590,277703,0,0,0,0,0.0552831
151082,18,1,197567,53513,45889,144054,282685,0,0,0,0,0.0580545
151084,18,1,207464,57712,49761,149752,307132,0,0,0,0,0.0594544
151085,18,1,202380,55434,47473,146946,294092,0,0,0,0,0.0575706
151086,18,1,189628,51467,44588,138161,272134,0,0,0,0,0.0609737
151087,18,2,181733,49101,42512,132620,259813,1,0,0,0,0.136164
151088,18,1,213376,58637,50715,154739,309335,0,0,0,0,0.063925
151089,18,1,206393,56115,48488,150278,294842,0,0,0,0,0.061665
151093,18,1,189624,51219,44425,138405,269951,0,0,0,0,0.0651325
151102,18,1,210616,57266,49641,153350,300603,0,0,0,0,0.0618294
151105,18,1,207991,57691,50101,150300,306898,0,0,0,0,0.059384
151108,18,2,270400,73899,63850,196488,391997,1,0,0,0,0.165584
151112,18,1,211807,57714,50111,154093,303472,0,0,0,0,0.0660264
151115,18,1,201236,55092,47631,146144,292227,0,0,0,0,0.0613195
151118,18,2,269394,73455,63274,195926,389624,1,0,0,0,0.159278
151120,18,1,176617,46877,40651,129740,246228,0,0,0,0,0.0667088
151121,18,1,210535,57170,49610,153365,300579,0,0,0,0,0.0606134
151122,18,1,212558,57699,49994,154859,303540,0,0,0,0,0.0599184
151124,18,1,210978,58236,49965,152742,309225,0,0,0,0,0.0596019
151125,18,1,207657,56819,48539,150838,301245,0,0,0,0,0.093387
151128,18,1,196593,54193,46408,142400,287219,0,0,0,0,0.0708777
151129,18,1,189523,51546,44344,137977,272087,0,0,0,0,0.0612327
151133,18,1,202828,55090,48221,147738,290277,0,0,0,0,0.0647576
151136,18,1,192697,52458,45539,140239,277561,0,0,0,0,0.0599778
151137,18,2,172455,46139,39683,126304,243789,1,0,0,0,0.168679
151142,18,2,253583,69549,60030,184022,369509,1,0,0,0,0.213125
151145,18,2,176053,47314,40782,128727,250643,1,0,0,0,0.124598
151148,18,2,169569,45634,39043,123923,242106,1,0,0,0,0.124603
151150,18,2,191810,51604,45439,140193,271202,1,0,0,0,0.133695
151151,18,2,192481,51767,45564,140701,272088,1,0,0,0,0.176402
151154,18,2,197759,52883,45949,144863,277036,1,0,0,0,0.146091
151159,18,1,167920,43839,37392,124081,227867,0,0,0,0,0.0561672
151162,18,1,197434,53087,46029,144347,279791,0,0,0,0,0.0800403
151163,18,1,187316,50747,44074,136569,267494,0,0,0,0,0.0945854
151165,18,2,260510,71081,61422,189416,377334,1,0,0,0,0.175685
151166,18,1,213164,57828,50057,155336,304124,0,0,0,0,0.0708212
151167,18,2,241128,65566,56291,175549,348477,1,0,0,0,0.144671
151168,18,1,193815,52526,45339,141289,276918,0,0,0,0,0.0552432
151180,18,2,249941,68108,59426,181820,358971,1,0,0,0,0.148286
151181,18,2,250049,68094,59467,181942,358868,1,0,0,0,0.143916
151182,18,1,195047,52656,45843,142391,277386,0,0,0,0,0.06425
151183,18,1,203866,55946,48972,147920,293911,0,0,0,0,0.0639638
151184,18,2,263096,71239,61877,191844,374483,1,0,0,0,0.158457
151185,18,2,264363,72003,62544,192347,381757,1,0,0,0,0.158661
151186,18,1,210539,56973,49258,153566,299011,0,0,0,0,0.0869237
151187,18,2,245195,66695,57620,178487,354154,1,0,0,0,0.147099
151188,18,1,192302,51946,44866,140356,273773,0,0,0,0,0.0597124
151189,18,1,171838,45414,38585,126424,237077,0,0,0,0,0.0576672
151480,9,1,165619,42400,36298,123219,220734,0,0,0,0,0.162138
151481,9,1,151072,38857,33410,112215,202126,0,0,0,0,0.119322
151484,9,1,175381,45707,39910,129674,237555,0,0,0,0,0.117009
151489,9,1,173564,45339,39459,128225,235933,0,0,0,0,0.081393
151490,9,1,167319,43767,37342,123552,229271,0,0,0,0,0.105935
151491,9,1,159069,41491,35506,117578,217081,0,0,0,0,0.0704705
151494,9,1,193653,52053,44792,141600,273386,0,0,0,0,0.0883177
151499,9,1,161630,42069,36148,119561,219030,0,0,0,0,0.0621912
151500,9,1,167291,43761,37343,123530,229246,0,0,0,0,0.0922921
151501,9,1,158832,41417,35426,117415,216693,0,0,0,0,0.0992493
151504,9,1,193820,52056,44814,141764,273299,0,0,0,0,0.0738579
151509,9,1,161551,42002,36072,119549,218629,0,0,0,0,0.0603648
151510,9,1,167236,43759,37348,123477,229252,0,0,0,0,0.0881713
151511,9,1,172717,45293,39215,127424,236234,0,0,0,0,0.0671921
151514,9,1,197324,52105,44917,145219,270748,0,0,0,0,0.0662983
151519,9,1,153581,39368,33606,114213,205009,0,0,0,0,0.0654091
151520,9,1,147235,38875,33101,108360,204722,0,0,0,0,0.0644894
151521,9,1,161621,42637,37010,118984,223798,0,0,0,0,0.0617632
151524,9,1,184036,48964,42371,135072,256264,0,0,0,0,0.0644505
151529,9,1,167673,43066,37297,124607,224002,0,0,0,0,0.0858138
151550,9,1,184763,48585,41914,136178,253742,0,0,0,0,0.0859338
151551,9,1,176251,47165,40797,129086,248540,0,0,0,0,0.0634005
151554,9,1,196951,53132,46150,143819,278612,0,0,0,0,0.0618347
151559,9,1,169155,44083,38284,125072,227570,0,0,0,0,0.0559305
151560,9,1,184646,48545,41885,136101,253528,0,0,0,0,0.124212
151561,9,1,176189,47126,40795,129063,248294,0,0,0,0,0.090889
151564,9,1,197246,53140,46151,144106,278484,0,0,0,0,0.0640351
151569,9,1,169208,44064,38260,125144,227421,0,0,0,0,0.0578782
151570,9,1,184579,48527,41853,136052,253436,0,0,0,0,0.0914374
151571,9,1,202925,54357,47316,148568,284547,0,0,0,0,0.0728962
151574,9,1,220375,59514,52024,160861,311160,0,0,0,0,0.0699346
151579,9,1,165676,43023,37120,122653,223226,0,0,0,0,0.06311
151580,9,1,165217,43753,37778,121464,229403,0,0,0,0,0.0967556
151581,9,2,287759,78367,68835,209379,414171,1,0,0,0,0.219527
151584,9,2,308817,84667,74897,224137,447728,1,0,0,0,0.176772
151589,9,1,187864,48788,42571,139076,252781,0,0,0,0,0.0851354
151610,9,1,178621,47189,40667,131432,247328,0,0,0,0,0.0896933
151611,9,1,160426,42283,36108,118143,221891,0,0,0,0,0.0638003
151614,9,1,185884,50575,44444,135309,263777,0,0,0,0,0.070022
151619,9,1,200108,52809,45458,147299,273669,0,0,0,0,0.0610049
151620,9,1,178552,47174,40650,131378,247247,0,0,0,0,0.086233
151621,9,2,265942,72112,63138,193817,380730,1,0,0,0,0.178706
151624,9,1,193013,52492,46256,140521,275078,0,0,0,0,0.0694757
151629,9,1,183162,47854,41355,135308,247522,0,0,0,0,0.0575051
151630,9,1,182811,48974,42666,133837,257641,0,0,0,0,0.066966
151631,9,1,198407,52720,45923,145687,274894,0,0,0,0,0.067366
151634,9,1,189096,50765,44600,138331,265298,0,0,0,0,0.0651718
151639,9,1,215751,57164,49419,158587,296854,0,0,0,0,0.0918134
151660,9,1,178498,47172,40636,131326,247283,0,0,0,0,0.100184
151661,9,2,281516,76822,67764,204681,405813,1,0,0,0,0.217001
151664,9,1,190648,51465,44962,139183,269493,0,0,0,0,0.0660203
151669,9,1,173222,45043,38644,128179,233467,0,0,0,0,0.0662739
151670,9,1,182834,49027,42687,133807,257998,0,0,0,0,0.0699221
151671,9,1,213813,57087,49845,156726,296863,0,0,0,0,0.0897723
151674,9,1,191936,51735,45259,140201,270643,0,0,0,0,0.0828539
151679,9,1,188121,49537,42892,138584,257639,0,0,0,0,0.0826588
151700,9,1,201140,53669,46426,147471,280146,0,0,0,0,0.0649145
151701,9,1,201337,53651,46457,147686,279861,0,0,0,0,0.0663708
151704,9,1,194613,52604,46328,142009,273847,0,0,0,0,0.0774913
151709,9,1,177670,46469,40252,131201,241215,0,0,0,0,0.0667205
151750,9,1,167731,43899,37833,123832,227153,0,0,0,0,0.0568644
151751,9,1,167819,43892,37833,123927,227063,0,0,0,0,0.0585115
151752,9,1,164002,42680,36428,121322,221978,0,0,0,0,0.0649675
151753,9,1,188952,49570,43043,139382,258010,0,0,0,0,0.118526
151754,9,1,198643,52356,44901,146287,271510,0,0,0,0,0.0791115
151755,9,1,183968,48272,41740,135696,250239,0,0,0,0,0.0591076
151756,9,1,213962,57063,49345,156899,296980,0,0,0,0,0.0711434
151757,9,1,174765,45842,39075,128923,238753,0,0,0,0,0.0676805
151758,9,1,192664,51080,44250,141584,266329,0,0,0,0,0.079011
151759,9,1,178772,47117,40742,131655,245417,0,0,0,0,0.0690028
152042,18,1,173783,46482,40294,127301,245127,0,0,0,0,0.0902785
152045,18,1,203264,55692,48909,147572,294524,0,0,0,0,0.0940843
152048,18,1,198879,54537,47731,144342,288037,0,0,0,0,0.103885
152052,18,1,180357,49097,42178,131260,260676,0,0,0,0,0.0691326
152055,18,1,209838,58095,50457,151743,307832,0,0,0,0,0.0976896
152058,18,1,191253,51909,45319,139344,273857,0,0,0,0,0.0955052
152062,18,1,179981,48993,42115,130988,260096,0,0,0,0,0.0816652
152065,18,1,210197,58159,50499,152038,308084,0,0,0,0,0.0722786
152068,18,1,191267,51937,45412,139330,273986,0,0,0,0,0.074545
152072,18,1,202468,55392,48171,147076,293214,0,0,0,0,0.0902884
152075,18,1,228674,62723,55104,165951,330401,0,0,0,0,0.0911546
152078,18,1,174320,46544,40289,127776,245570,0,0,0,0,0.0978026
152082,18,1,179342,48531,41847,130811,257120,0,0,0,0,0.0729387
152085,18,1,193108,52552,45694,140556,277748,0,0,0,0,0.0768883
152088,18,1,186260,50625,44451,135635,266989,0,0,0,0,0.0759885
152090,18,1,160542,42930,36782,117612,226616,0,0,0,0,0.0963016
152091,18,1,178517,48098,41729,130419,254204,0,0,0,0,0.0930134
152092,18,1,178866,48415,42105,130451,256430,0,0,0,0,0.0873263
152093,18,1,172484,46595,40295,125889,246865,0,0,0,0,0.063715
152094,18,1,202226,55310,48595,146916,292271,0,0,0,0,0.0679004
152095,18,1,194272,52895,46311,141377,279484,0,0,0,0,0.0822541
152096,18,1,189755,51407,44608,138348,271591,0,0,0,0,0.0647343
152097,18,1,194816,52793,46532,142023,277954,0,0,0,0,0.0873102
152098,18,1,186018,50218,43314,135800,264414,0,0,0,0,0.0709725
152099,18,1,195763,53566,46717,142197,284110,0,0,0,0,0.0897113
152112,18,1,190871,51956,45071,138915,275001,0,0,0,0,0.0670868
152115,18,1,215903,59518,52457,156385,313676,0,0,0,0,0.087611
152118,18,2,282307,77243,67738,205051,407553,1,0,0,0,0.200142
152122,18,1,190877,51915,45014,138962,274729,0,0,0,0,0.0736238
152125,18,1,216227,59517,52499,156710,313453,0,0,0,0,0.0885922
152128,18,2,281953,77146,67660,204794,407003,1,0,0,0,0.198817
152132,18,1,220508,60469,53092,160039,318964,0,0,0,0,0.072899
152135,18,1,237539,65656,57863,171883,345892,0,0,0,0,0.0740294
152138,18,2,253917,69081,59902,184823,366476,1,0,0,0,0.196927
152142,18,1,198522,54248,47636,144274,286446,0,0,0,0,0.0702272
152145,18,1,214888,58832,51745,156056,309905,0,0,0,0,0.0739806
152148,18,2,261385,71712,62847,189660,380622,1,0,0,0,0.185499
152150,18,1,175494,47433,41344,128061,250356,0,0,0,0,0.0683266
152151,18,1,191867,52092,46247,139775,274713,0,0,0,0,0.0633841
152152,18,2,273017,74883,65297,198121,397941,1,0,0,0,0.179602
152153,18,1,187505,50311,43704,137194,264273,0,0,0,0,0.06046
152154,18,1,211837,57751,51309,154086,303166,0,0,0,0,0.0702924
152155,18,2,289650,79802,70218,209835,424076,1,0,0,0,0.200664
152156,18,1,200977,54106,47142,146871,283360,0,0,0,0,0.0657773
152157,18,1,210658,57898,51007,152760,304149,0,0,0,0,0.0673062
152158,18,1,198510,53493,46433,145017,280011,0,0,0,0,0.0726729
152159,18,1,215344,59479,52338,155865,314134,0,0,0,0,0.0954401
152172,18,1,176668,47702,41584,128966,251232,0,0,0,0,0.0922362
152175,18,1,202891,55294,47837,147597,290205,0,0,0,0,0.0795064
152178,18,1,225109,62063,54326,163046,326705,0,0,0,0,0.0743702
152182,18,1,196914,53959,47443,142955,284717,0,0,0,0,0.0671052
152185,18,1,205574,56221,48890,149353,297082,0,0,0,0,0.0671199
152188,18,2,266256,73071,63718,193172,387601,1,0,0,0,0.183557
152192,18,2,251372,68746,60176,182613,365174,1,0,0,0,0.225288
152195,18,1,216133,59721,52515,156412,316713,0,0,0,0,0.0692003
152198,18,2,276352,75867,66233,200472,402134,1,0,0,0,0.178078
152200,18,1,191516,52820,45677,138696,280614,0,0,0,0,0.083057
152201,18,1,214851,58893,51377,155958,310589,0,0,0,0,0.107004
152202,18,1,195424,53310,46462,142114,281355,0,0,0,0,0.0916932
152204,18,1,205176,56156,48942,149020,296967,0,0,0,0,0.0682889
152205,18,1,222571,61909,54094,160662,328896,0,0,0,0,0.0625405
152206,18,1,211617,57886,50257,153731,304727,0,0,0,0,0.0605141
152207,18,1,213442,58562,50820,154880,307747,0,0,0,0,0.0602925
152208,18,1,215510,59099,51575,156411,311203,0,0,0,0,0.0600214
152209,18,1,231695,63776,55591,167919,334837,0,0,0,0,0.0725236
152213,18,1,191121,51318,44503,139803,269022,0,0,0,0,0.0609259
152222,18,1,219008,59949,52927,159059,314601,0,0,0,0,0.0700584
152225,18,1,202278,54894,47585,147384,289492,0,0,0,0,0.0651171
152228,18,2,247326,67527,58336,179786,358428,1,0,0,0,0.15583
152232,18,2,260179,70913,62231,189253,376067,1,0,0,0,0.210123
152235,18,1,221150,61155,53441,159995,324408,0,0,0,0,0.0629771
152238,18,2,254882,69860,60883,185009,370921,1,0,0,0,0.150031
152240,18,1,191377,52798,45656,138579,280509,0,0,0,0,0.0701867
152241,18,1,232493,64018,56132,168475,336766,0,0,0,0,0.0725042
152242,18,1,209669,57428,50428,152241,302817,0,0,0,0,0.0677212
152244,18,1,206473,56501,49208,149972,298610,0,0,0,0,0.0678679
152245,18,1,221378,61250,53589,160128,324774,0,0,0,0,0.0696747
152248,18,1,201303,55013,47709,146290,290158,0,0,0,0,0.087022
152249,18,1,202850,55805,48146,147045,294231,0,0,0,0,0.0663456
152253,18,1,207075,55869,48663,151206,292422,0,0,0,0,0.0662752
152256,18,1,212592,58246,50622,154346,306789,0,0,0,0,0.0599856
152257,18,1,202460,55503,48276,146957,292587,0,0,0,0,0.0594728
152262,18,1,216001,58758,51334,157243,307559,0,0,0,0,0.066434
152265,18,1,215936,59632,51920,156304,314376,0,0,0,0,0.0628892
152268,18,1,205026,56454,49085,148572,298258,0,0,0,0,0.0586931
152270,18,1,218382,60063,52656,158319,316748,0,0,0,0,0.067386
152271,18,1,218613,60056,52668,158557,316497,0,0,0,0,0.0971056
152274,18,1,207384,56583,49038,150801,297260,0,0,0,0,0.0737575
152279,18,1,189956,51823,44519,138133,273358,0,0,0,0,0.0726985
152282,18,2,279593,76998,67218,202582,409273,1,0,0,0,0.237536
152283,18,1,200587,54376,47171,146211,284878,0,0,0,0,0.0799327
152285,18,2,296299,81226,71028,215060,430130,1,0,0,0,0.176561
152286,18,1,214082,58280,50701,155802,306131,0,0,0,0,0.0721566
152287,18,2,277502,76308,66662,201181,405366,1,0,0,0,0.19204
152288,18,1,198552,53970,46847,144582,284312,0,0,0,0,0.0774338
152300,18,2,294739,80686,70577,214040,425029,1,0,0,0,0.239114
152301,18,2,294327,80559,70480,213755,424344,1,0,0,0,0.212355
152302,18,2,274217,74862,65236,199342,396954,1,0,0,0,0.212237
152303,18,1,209176,57335,50494,151841,301627,0,0,0,0,0.0969634
152304,18,1,230993,64008,55913,166985,337456,0,0,0,0,0.069235
152305,18,2,292101,80225,69994,211863,424761,1,0,0,0,0.161783
152306,18,1,232045,63807,55358,168238,335014,0,0,0,0,0.0747524
152307,18,2,275861,75862,65975,199986,402745,1,0,0,0,0.17402
152308,18,1,207525,57214,49479,150311,301830,0,0,0,0,0.0790163
152309,18,1,190078,52366,45405,137712,276922,0,0,0,0,0.0887032
152320,9,1,166167,42539,36362,123628,221472,0,0,0,0,0.148745
152321,9,1,153657,40025,34588,113632,208891,0,0,0,0,0.114108
152324,9,1,178129,46818,40986,131311,243922,0,0,0,0,0.0927434
152329,9,1,176405,46412,40453,129993,242042,0,0,0,0,0.0869549
152330,9,1,168702,44133,37660,124569,231236,0,0,0,0,0.117325
152331,9,1,161770,42575,36474,119195,223378,0,0,0,0,0.0854
152334,9,1,194617,52368,44957,142249,275225,0,0,0,0,0.0673077
152339,9,1,164295,43316,37454,120979,226291,0,0,0,0,0.0648395
152340,9,1,168670,44126,37662,124544,231204,0,0,0,0,0.0906764
152341,9,1,161543,42503,36392,119040,222999,0,0,0,0,0.0810374
152344,9,1,194846,52374,44979,142472,275111,0,0,0,0,0.0873387
152349,9,1,164202,43245,37377,120957,225868,0,0,0,0,0.0776585
152350,9,1,168612,44123,37666,124489,231203,0,0,0,0,0.113615
152351,9,1,176003,46547,40317,129456,243362,0,0,0,0,0.0792398
152354,9,1,196995,52122,44888,144873,270926,0,0,0,0,0.0750305
152359,9,1,156957,40850,35156,116107,213621,0,0,0,0,0.0738531
152360,9,1,149144,39528,33657,109616,208428,0,0,0,0,0.0661621
152361,9,1,161809,42934,37337,118875,225642,0,0,0,0,0.0620384
152364,9,1,184311,49119,42467,135192,257160,0,0,0,0,0.0642591
152369,9,1,168475,43448,37756,125027,226250,0,0,0,0,0.0824482
152390,9,1,185192,48726,42016,136466,254574,0,0,0,0,0.0853398
152391,9,1,177183,47501,41058,129682,250495,0,0,0,0,0.0710254
152394,9,1,197622,53419,46325,144203,280172,0,0,0,0,0.0925705
152399,9,1,171938,45192,39411,126746,233951,0,0,0,0,0.0848033
152400,9,1,185075,48686,41987,136389,254360,0,0,0,0,0.129641
152401,9,1,177086,47459,41021,129627,250245,0,0,0,0,0.0754514
152404,9,1,197876,53418,46329,144458,280000,0,0,0,0,0.0750206
152409,9,1,171975,45167,39387,126808,233767,0,0,0,0,0.0732425
152410,9,1,185008,48668,41955,136340,254268,0,0,0,0,0.0889705
152411,9,1,203670,54778,47609,148892,287031,0,0,0,0,0.0672711
152414,9,1,219409,59270,51836,160139,309868,0,0,0,0,0.0763662
152419,9,1,169375,44406,38451,124969,231069,0,0,0,0,0.0636754
152420,9,1,168327,45160,39169,123167,237555,0,0,0,0,0.0742172
152421,9,2,290126,79435,69815,210678,420309,1,0,0,0,0.240416
152424,9,2,309326,84916,75242,224397,449133,1,0,0,0,0.247627
152429,9,1,188198,49280,42995,138918,255818,0,0,0,0,0.128009
152450,9,1,178592,47184,40657,131408,247383,0,0,0,0,0.119301
152451,9,1,162350,42945,36623,119405,225654,0,0,0,0,0.0660388
152454,9,1,186765,50982,44864,135783,266117,0,0,0,0,0.072906
152459,9,1,200012,52822,45568,147190,273828,0,0,0,0,0.0688723
152460,9,1,178523,47169,40640,131354,247302,0,0,0,0,0.13998
152461,9,2,266896,72548,63378,194335,383264,1,0,0,0,0.315938
152464,9,1,193711,52819,46493,140892,277139,0,0,0,0,0.108812
152469,9,1,183376,47940,41378,135436,248098,0,0,0,0,0.101701
152470,9,1,183964,49511,43155,134453,260796,0,0,0,0,0.146484
152471,9,1,198305,52886,46058,145419,276052,0,0,0,0,0.100347
152474,9,1,189300,50881,44739,138419,265943,0,0,0,0,0.0721154
152479,9,1,216007,57421,49619,158586,298403,0,0,0,0,0.12729
152500,9,1,178469,47167,40626,131302,247338,0,0,0,0,0.141903
152501,9,2,282074,76918,67745,205143,406300,1,0,0,0,0.515044
152504,9,1,190008,51320,44807,138688,268673,0,0,0,0,0.102819
152509,9,1,173186,45415,38949,127771,236136,0,0,0,0,0.0832775
152510,9,1,183987,49564,43174,134423,261153,0,0,0,0,0.0927395
152511,9,1,213767,57211,49914,156556,297561,0,0,0,0,0.0875763
152514,9,1,193789,52504,45950,141285,275040,0,0,0,0,0.0808931
152519,9,1,188380,49968,43356,138412,260361,0,0,0,0,0.103546
152540,9,1,201692,54125,46914,147567,283049,0,0,0,0,0.063493
152541,9,1,201905,54113,46946,147792,282796,0,0,0,0,0.0810187
152544,9,1,196675,53377,47068,143298,278175,0,0,0,0,0.140397
152549,9,1,180537,47823,41515,132714,249174,0,0,0,0,0.0653526
152590,9,1,169082,44573,38497,124509,231238,0,0,0,0,0.0725391
152591,9,1,169161,44565,38500,124596,231143,0,0,0,0,0.0735618
152592,9,1,165924,43516,37307,122408,226875,0,0,0,0,0.0860125
152593,9,1,189324,49953,43385,139371,260224,0,0,0,0,0.112114
152594,9,1,198693,52470,45054,146223,272190,0,0,0,0,0.0684257
152595,9,1,184776,48505,41932,136271,251593,0,0,0,0,0.0756126
152596,9,1,214266,57241,49495,157025,297929,0,0,0,0,0.0840715
152597,9,1,174546,46000,39280,128546,239917,0,0,0,0,0.0827938
152598,9,1,193434,51565,44689,141869,269221,0,0,0,0,0.12074
152599,9,1,180135,47951,41548,132184,250524,0,0,0,0,0.0969423
152882,18,1,154467,39562,33668,114905,206833,0,0,0,0,0.106821
152885,18,1,187070,50205,43460,136865,265337,0,0,0,0,0.108015
152888,18,1,184495,49545,42835,134950,261598,0,0,0,0,0.111615
152892,18,1,159425,42003,35525,117422,221794,0,0,0,0,0.0867155
152895,18,1,195387,53485,45932,141902,283758,0,0,0,0,0.0858514
152898,18,1,173821,46296,39859,127525,244370,0,0,0,0,0.116062
152902,18,1,159260,41950,35511,117310,221497,0,0,0,0,0.0894629
152905,18,1,195757,53548,45991,142209,283958,0,0,0,0,0.0968274
152908,18,1,173833,46307,39913,127526,244407,0,0,0,0,0.107148
152912,18,1,182632,48982,41981,133650,259321,0,0,0,0,0.11743
152915,18,1,211672,57135,49712,154537,301125,0,0,0,0,0.150821
152918,18,1,158540,41594,35653,116946,219620,0,0,0,0,0.115472
152922,18,1,165399,44272,37807,121127,234851,0,0,0,0,0.0993865
152925,18,1,179577,48287,41617,131290,255421,0,0,0,0,0.112061
152928,18,1,172535,46107,40357,126428,242695,0,0,0,0,0.120504
152930,18,1,148629,38655,32529,109974,203330,0,0,0,0,0.107671
152931,18,1,166920,44472,38217,122448,235628,0,0,0,0,0.093713
152932,18,1,166947,45042,38713,121905,239641,0,0,0,0,0.0805023
152933,18,1,156792,41402,35522,115390,219162,0,0,0,0,0.0880395
152934,18,1,193097,52512,45924,140585,278442,0,0,0,0,0.122378
152935,18,1,182551,49270,42836,133281,261076,0,0,0,0,0.0689419
152936,18,1,179256,48350,41750,130906,256907,0,0,0,0,0.0649175
152937,18,1,178668,47839,41540,130829,252144,0,0,0,0,0.0610475
152938,18,1,187086,50664,43754,136422,267112,0,0,0,0,0.0689392
152939,18,1,174825,46308,39584,128517,244930,0,0,0,0,0.10715
152952,18,1,171840,45840,39074,126000,242340,0,0,0,0,0.06496
152955,18,1,200155,54649,47677,145506,288717,0,0,0,0,0.0643849
152958,18,1,190963,51204,44562,139759,268741,0,0,0,0,0.0636875
152962,18,1,171495,45742,38990,125753,241796,0,0,0,0,0.0647354
152965,18,1,200530,54670,47715,145860,288608,0,0,0,0,0.0645371
152968,18,1,190900,51183,44563,139717,268602,0,0,0,0,0.0643477
152972,18,1,203468,55041,48073,148427,290720,0,0,0,0,0.0667006
152975,18,1,224916,61497,53859,163419,324384,0,0,0,0,0.0717877
152978,18,1,179683,47992,41200,131691,253640,0,0,0,0,0.066834
152982,18,1,183155,49556,43261,133599,262366,0,0,0,0,0.064161
152985,18,1,197926,53327,46664,144599,280964,0,0,0,0,0.0632104
152988,18,1,191920,51735,45060,140185,271923,0,0,0,0,0.0633928
152990,18,1,167349,44729,38266,122620,236327,0,0,0,0,0.0617615
152991,18,1,184921,49998,43665,134923,264812,0,0,0,0,0.0603141
152992,18,1,187170,50766,44038,136404,268978,0,0,0,0,0.0595635
152993,18,1,178656,47950,41580,130706,253534,0,0,0,0,0.0584774
152994,18,1,206037,55848,49248,150189,294099,0,0,0,0,0.0633846
152995,18,1,202488,55270,48358,147218,292334,0,0,0,0,0.0627687
152996,18,1,193119,51880,45137,141239,273429,0,0,0,0,0.0606868
152997,18,1,194636,52971,46348,141665,278654,0,0,0,0,0.0631888
152998,18,1,199141,53685,46652,145456,281092,0,0,0,0,0.0726331
152999,18,1,203169,55472,48422,147697,293833,0,0,0,0,0.0874742
153012,18,1,161773,43066,37163,118707,227147,0,0,0,0,0.0603621
153015,18,1,185018,49561,42341,135457,260246,0,0,0,0,0.0612328
153018,18,1,212705,58569,51085,154136,309629,0,0,0,0,0.0677591
153022,18,1,184682,49948,43541,134734,263811,0,0,0,0,0.0621094
153025,18,1,188059,50535,43470,137524,266725,0,0,0,0,0.0615761
153028,18,1,194600,52545,45580,142055,276886,0,0,0,0,0.0620405
153032,18,1,188516,51030,44546,137486,270237,0,0,0,0,0.0595864
153035,18,1,205544,56777,49835,148767,302191,0,0,0,0,0.0653375
153038,18,1,204307,55271,48196,149036,290811,0,0,0,0,0.0717004
153040,18,1,174480,46793,39755,127687,247539,0,0,0,0,0.062952
153041,18,1,196090,52991,45798,143099,279952,0,0,0,0,0.0637552
153042,18,1,182520,49325,42711,133195,260785,0,0,0,0,0.0602312
153044,18,1,186685,49917,43172,136768,263549,0,0,0,0,0.059898
153045,18,1,214222,59379,51823,154843,316102,0,0,0,0,0.0619576
153046,18,1,193366,52022,44937,141344,274538,0,0,0,0,0.0568596
153047,18,1,200639,54348,46968,146291,286447,0,0,0,0,0.0583384
153048,18,1,201818,54477,47269,147341,286879,0,0,0,0,0.0596557
153049,18,1,219910,60478,52556,159432,319160,0,0,0,0,0.0773193
153053,18,1,178730,47967,41297,130763,253459,0,0,0,0,0.0652218
153062,18,1,206531,56373,49562,150158,297012,0,0,0,0,0.0725088
153065,18,1,186552,49729,42651,136823,262043,0,0,0,0,0.098191
153068,18,1,175864,46899,40640,128965,247103,0,0,0,0,0.0888191
153072,18,1,204173,55224,48419,148949,291294,0,0,0,0,0.0935963
153075,18,1,211831,58468,50952,153363,311244,0,0,0,0,0.0642011
153078,18,1,190173,51778,45192,138395,273999,0,0,0,0,0.0575514
153080,18,1,174538,46835,39785,127703,247793,0,0,0,0,0.0822135
153081,18,1,217860,59385,51620,158475,313045,0,0,0,0,0.0676137
153082,18,1,198808,53347,46394,145461,280761,0,0,0,0,0.0631528
153084,18,1,189383,50773,43802,138610,267742,0,0,0,0,0.0937153
153085,18,1,209199,57602,50201,151597,306115,0,0,0,0,0.06992
153088,18,1,187772,50857,43625,136915,269086,0,0,0,0,0.0603656
153089,18,1,192722,52809,45438,139913,279653,0,0,0,0,0.0836069
153093,18,1,195498,52765,45712,142733,278164,0,0,0,0,0.0940462
153096,18,1,196125,53055,45733,143070,280641,0,0,0,0,0.0632162
153097,18,1,188480,51339,44286,137141,271824,0,0,0,0,0.0610535
153102,18,1,199046,53649,46725,145397,281520,0,0,0,0,0.0714257
153105,18,1,203487,55468,48395,148019,292969,0,0,0,0,0.108253
153108,18,1,189015,51496,44771,137519,272308,0,0,0,0,0.0580605
153110,18,1,205768,55985,48393,149783,295380,0,0,0,0,0.0686429
153111,18,1,206048,55979,48380,150069,295134,0,0,0,0,0.0691783
153114,18,1,190288,51067,44059,139221,268462,0,0,0,0,0.0680386
153119,18,1,175821,47444,40507,128377,250658,0,0,0,0,0.0721802
153122,18,1,192637,51565,44727,141072,270588,0,0,0,0,0.0692491
153123,18,1,202747,55209,47928,147538,289706,0,0,0,0,0.0770787
153125,18,1,208512,56812,49585,151700,299965,0,0,0,0,0.063926
153126,18,1,204624,55135,47414,149489,289910,0,0,0,0,0.0623074
153127,18,1,195056,53185,46260,141871,281774,0,0,0,0,0.0658119
153128,18,1,188544,50863,43574,137681,268620,0,0,0,0,0.0762249
153140,18,1,187686,50296,43723,137390,264335,0,0,0,0,0.0794978
153141,18,1,187371,50173,43682,137198,263582,0,0,0,0,0.0596245
153142,18,1,175818,47058,40818,128760,248759,0,0,0,0,0.0657055
153143,18,1,190262,51024,44336,139238,268322,0,0,0,0,0.0808142
153144,18,1,214834,59012,51237,155822,312080,0,0,0,0,0.0660601
153145,18,1,196094,53124,45890,142970,280301,0,0,0,0,0.0669443
153146,18,1,221258,60708,52244,160550,320480,0,0,0,0,0.0732583
153147,18,1,179365,48644,41942,130721,257728,0,0,0,0,0.0593228
153148,18,1,191454,52136,44809,139318,275427,0,0,0,0,0.0649432
153149,18,1,172653,46563,39472,126090,245862,0,0,0,0,0.063668
153720,9,1,128077,31824,26759,96253,164875,0,0,0,0,0.137292
153721,9,1,127787,32451,27165,95336,169440,0,0,0,0,0.0833872
153722,9,1,127649,32408,27164,95241,169214,0,0,0,0,0.0855629
153723,9,1,120102,29947,25008,90155,155581,0,0,0,0,0.0847736
153724,9,1,157645,41142,35538,116503,215703,0,0,0,0,0.0919131
153725,9,1,157667,41127,35519,116540,215582,0,0,0,0,0.0909157
153726,9,1,143812,37169,31932,106643,194096,0,0,0,0,0.123145
153727,9,1,143376,36971,31652,106405,192802,0,0,0,0,0.0954403
153728,9,1,154492,40168,34642,114324,210387,0,0,0,0,0.0829825
153729,9,1,154384,40134,34633,114250,210190,0,0,0,0,0.119413
153730,9,1,125669,31533,26062,94136,163620,0,0,0,0,0.0962192
153731,9,1,131137,33947,28144,97190,178145,0,0,0,0,0.064543
153732,9,1,130808,33852,28101,96956,177613,0,0,0,0,0.071984
153733,9,1,126666,32826,27391,93840,172502,0,0,0,0,0.0670653
153734,9,1,170762,45423,38684,125339,238837,0,0,0,0,0.0645064
153735,9,1,170377,45312,38629,125065,238291,0,0,0,0,0.0631095
153736,9,1,158959,42692,36605,116267,225093,0,0,0,0,0.0602054
153737,9,1,124695,31585,27118,93110,164439,0,0,0,0,0.0577189
153738,9,1,149353,39541,33832,109812,208633,0,0,0,0,0.0618066
153739,9,1,149351,39535,33822,109816,208598,0,0,0,0,0.0615353
153740,9,1,125652,31531,26050,94121,163609,0,0,0,0,0.0853285
153741,9,1,131014,33915,28124,97099,177976,0,0,0,0,0.0602895
153742,9,1,130685,33820,28081,96865,177444,0,0,0,0,0.0608949
153743,9,1,126572,32805,27352,93767,172398,0,0,0,0,0.065395
153744,9,1,170887,45483,38769,125404,239140,0,0,0,0,0.0723641
153745,9,1,170502,45372,38714,125130,238594,0,0,0,0,0.0615301
153746,9,1,158224,42439,36476,115785,223647,0,0,0,0,0.0771864
153747,9,1,124778,31565,27159,93213,164265,0,0,0,0,0.0592562
153748,9,1,149161,39516,33816,109645,208543,0,0,0,0,0.0651655
153749,9,1,149152,39509,33806,109643,208504,0,0,0,0,0.0697154
153750,9,1,125570,31515,26043,94055,163547,0,0,0,0,0.0895285
153751,9,1,150015,39273,33539,110742,206424,0,0,0,0,0.0636404
153752,9,1,149924,39220,33520,110704,206097,0,0,0,0,0.0652991
153753,9,1,141159,36325,30285,104834,189826,0,0,0,0,0.0866494
153754,9,1,181455,47748,40914,133707,249469,0,0,0,0,0.0715774
153755,9,1,180736,47550,40762,133186,248451,0,0,0,0,0.0700378
153756,9,1,163934,43159,37046,120775,226068,0,0,0,0,0.0938642
153757,9,1,115875,29012,24703,86863,151566,0,0,0,0,0.0763036
153758,9,1,136781,35475,29630,101306,186952,0,0,0,0,0.0611315
153759,9,1,136588,35450,29592,101138,186867,0,0,0,0,0.0604586
153760,9,1,124090,31700,26012,92390,166172,0,0,0,0,0.0595356
153761,9,1,139717,36404,30712,103313,191583,0,0,0,0,0.0597827
153762,9,1,127208,33000,28120,94208,174212,0,0,0,0,0.066427
153763,9,1,144462,37653,31663,106809,198561,0,0,0,0,0.0648568
153764,9,1,162981,43667,37366,119314,230700,0,0,0,0,0.060592
153765,9,1,142202,36961,31379,105241,194747,0,0,0,0,0.0580068
153766,9,1,160075,42295,36202,117780,223050,0,0,0,0,0.0573957
153767,9,1,140231,36067,30834,104164,188844,0,0,0,0,0.0592661
153768,9,1,157806,41587,35501,116219,217465,0,0,0,0,0.058398
153769,9,1,141399,36799,31311,104600,193408,0,0,0,0,0.080751
153770,9,1,123955,31667,26037,92288,165998,0,0,0,0,0.0595187
153771,9,1,139283,36242,30577,103041,190671,0,0,0,0,0.064035
153772,9,1,127129,32974,28092,94155,174061,0,0,0,0,0.0641619
153773,9,1,144434,37646,31662,106788,198516,0,0,0,0,0.0595528
153774,9,1,163039,43647,37319,119392,230590,0,0,0,0,0.0601408
153775,9,1,142073,36912,31332,105161,194483,0,0,0,0,0.0579329
153776,9,1,159704,42256,36131,117448,222940,0,0,0,0,0.0583728
153777,9,1,140073,36013,30790,104060,188552,0,0,0,0,0.0619089
153778,9,1,157475,41501,35443,115974,217026,0,0,0,0,0.0597263
153779,9,1,141655,36859,31337,104796,193737,0,0,0,0,0.0820337
153780,9,1,106958,27070,22602,79888,141997,0,0,0,0,0.0655629
153781,9,1,122219,31566,27319,90653,166176,0,0,0,0,0.0614716
153782,9,1,126940,32646,27854,94294,171653,0,0,0,0,0.0565413
153783,9,1,126883,32641,27855,94242,171642,0,0,0,0,0.0551542
153784,9,1,143565,38114,33518,105451,201401,0,0,0,0,0.0581963
153785,9,1,144303,37658,32633,106645,198373,0,0,0,0,0.0596485
153786,9,1,144373,37688,32632,106685,198526,0,0,0,0,0.0626087
153787,9,1,144986,37574,32009,107412,196676,0,0,0,0,0.0615099
153788,9,1,145087,37626,32015,107461,196978,0,0,0,0,0.0633612
153789,9,1,129168,32827,27344,96341,171633,0,0,0,0,0.0826012
153790,9,1,145795,37406,31945,108389,194860,0,0,0,0,0.0821068
153791,9,1,145593,37784,32226,107809,197895,0,0,0,0,0.0603935
153792,9,1,145484,37772,32223,107712,197839,0,0,0,0,0.0644722
153793,9,1,145296,38432,32631,106864,202642,0,0,0,0,0.0667106
153794,9,1,171983,45829,39903,126154,240157,0,0,0,0,0.0718769
153795,9,1,171863,45779,39863,126084,239883,0,0,0,0,0.0729491
153796,9,1,163849,43165,37341,120684,225838,0,0,0,0,0.0714469
153797,9,1,138993,35943,31361,103050,186565,0,0,0,0,0.0622677
153798,9,1,161180,42484,36819,118696,222789,0,0,0,0,0.0675562
153799,9,1,161143,42476,36819,118667,222745,0,0,0,0,0.0718831
153800,9,1,145936,37434,31944,108502,195014,0,0,0,0,0.109342
153801,9,1,145630,37778,32249,107852,197827,0,0,0,0,0.0852134
153802,9,1,145526,37767,32246,107759,197777,0,0,0,0,0.0887443
153803,9,1,145597,38467,32645,107130,202757,0,0,0,0,0.0707557
153804,9,1,172188,45876,39985,126312,240341,0,0,0,0,0.064256
153805,9,1,172068,45826,39945,126242,240067,0,0,0,0,0.0641817
153806,9,1,164461,43294,37488,121167,226432,0,0,0,0,0.0635453
153807,9,1,139072,35942,31394,103130,186527,0,0,0,0,0.0665857
153808,9,1,160878,42376,36708,118502,222164,0,0,0,0,0.0899552
153809,9,1,160841,42368,36708,118473,222120,0,0,0,0,0.0627142
153810,9,1,145841,37409,31921,108432,194897,0,0,0,0,0.0866824
153811,9,1,179056,47443,41197,131613,249340,0,0,0,0,0.0685428
153812,9,1,178132,47154,41000,130978,247724,0,0,0,0,0.0772669
153813,9,1,166153,43668,37500,122485,228896,0,0,0,0,0.067056
153814,9,1,199922,53628,46874,146294,281821,0,0,0,0,0.074145
153815,9,1,199491,53498,46769,145993,281109,0,0,0,0,0.075537
153816,9,1,181552,48281,41895,133271,253136,0,0,0,0,0.0969882
153817,9,1,130402,33344,29076,97058,173541,0,0,0,0,0.0786988
153818,9,1,152663,40135,34129,112528,211003,0,0,0,0,0.0669188
153819,9,1,152510,40101,34119,112409,210837,0,0,0,0,0.0741989
153820,9,1,139388,36558,30774,102830,192456,0,0,0,0,0.0657278
153821,9,1,158025,41761,36124,116264,219461,0,0,0,0,0.0651071
153822,9,1,153692,40360,34752,113332,212741,0,0,0,0,0.059665
153823,9,1,167500,43936,37755,123564,230793,0,0,0,0,0.0604119
153824,9,1,179173,47698,41500,131475,249652,0,0,0,0,0.0735342
153825,9,1,163034,43000,37408,120034,226184,0,0,0,0,0.0626246
153826,9,1,181707,48078,41674,133629,252151,0,0,0,0,0.0635373
153827,9,1,155443,40571,34644,114872,212456,0,0,0,0,0.0666077
153828,9,1,181931,48247,41167,133684,250738,0,0,0,0,0.0683033
153829,9,1,174891,46242,40099,128649,242554,0,0,0,0,0.0892757
153830,9,1,139346,36533,30788,102813,192311,0,0,0,0,0.0598359
153831,9,1,157679,41635,35992,116044,218767,0,0,0,0,0.0563719
153832,9,1,153751,40350,34759,113401,212639,0,0,0,0,0.0602598
153833,9,1,167138,43854,37722,123284,230376,0,0,0,0,0.0593207
153834,9,1,179100,47659,41401,131441,249462,0,0,0,0,0.0616278
153835,9,1,163110,42990,37402,120120,226087,0,0,0,0,0.0674594
153836,9,1,181610,48048,41663,133562,251992,0,0,0,0,0.0828875
153837,9,1,155307,40530,34600,114777,212225,0,0,0,0,0.0911124
153838,9,1,181775,48193,41119,133582,250417,0,0,0,0,0.0773779
153839,9,1,174720,46195,40052,128525,242298,0,0,0,0,0.119891
153840,9,1,127539,33228,28727,94311,174362,0,0,0,0,0.0801576
153841,9,1,140900,36948,32728,103952,193710,0,0,0,0,0.0730635
153842,9,1,150803,39145,33967,111658,204907,0,0,0,0,0.0762993
153843,9,1,150757,39142,33958,111615,204919,0,0,0,0,0.0626831
153844,9,1,160106,42493,37726,117613,222558,0,0,0,0,0.0621147
153845,9,1,163955,43015,37508,120940,225130,0,0,0,0,0.0592625
153846,9,1,163913,43016,37503,120897,225144,0,0,0,0,0.0615099
153847,9,1,169095,45106,38667,123989,236628,0,0,0,0,0.0657924
153848,9,1,169062,45118,38658,123944,236709,0,0,0,0,0.0634651
153849,9,1,154877,40804,35577,114073,213712,0,0,0,0,0.0836068
153850,9,1,132278,33561,28440,98717,174788,0,0,0,0,0.0808851
153851,9,1,139408,35609,30231,103799,185751,0,0,0,0,0.0617526
153852,9,1,139363,35590,30253,103773,185627,0,0,0,0,0.0585596
153853,9,1,123581,31833,27299,91748,166481,0,0,0,0,0.0595522
153854,9,1,156556,41078,35100,115478,214202,0,0,0,0,0.0610567
153855,9,1,156621,41084,35089,115537,214232,0,0,0,0,0.0619947
153856,9,1,152394,39129,33479,113265,202602,0,0,0,0,0.0631883
153857,9,2,164325,42336,36877,121977,219626,1,0,0,0,0.148102
153858,9,1,186251,48983,42557,137268,255393,0,0,0,0,0.0674733
153859,9,1,186341,49017,42594,137324,255566,0,0,0,0,0.0643079
153860,9,1,132370,33579,28441,98791,174863,0,0,0,0,0.105194
153861,9,1,165669,43406,37466,122263,227160,0,0,0,0,0.0759389
153862,9,1,165504,43304,37381,122200,226545,0,0,0,0,0.0592888
153863,9,1,143977,37721,32935,106256,197727,0,0,0,0,0.0575406
153864,9,1,160434,42380,36604,118054,222299,0,0,0,0,0.0788364
153865,9,1,160326,42342,36602,117984,222097,0,0,0,0,0.0589952
153866,9,1,152017,39398,34042,112619,205587,0,0,0,0,0.0578876
153867,9,2,167100,43216,37478,123872,225179,1,0,0,0,0.142221
153868,9,1,166303,42871,36777,123432,222518,0,0,0,0,0.0580178
153869,9,1,166260,42851,36762,123409,222357,0,0,0,0,0.0580273
153870,9,1,148558,38784,32765,109774,203385,0,0,0,0,0.0797917
153871,9,1,165589,43504,37635,122085,227538,0,0,0,0,0.0922701
153872,9,1,153324,39857,34674,113467,209220,0,0,0,0,0.0702192
153873,9,1,147496,38373,33167,109123,200781,0,0,0,0,0.0573737
153874,9,1,162164,43744,37705,118420,231137,0,0,0,0,0.0702314
153875,9,1,176612,47459,40763,129153,250285,0,0,0,0,0.0771323
153876,9,1,185869,49665,42616,136204,261848,0,0,0,0,0.080273
153877,9,1,177119,46931,40219,130188,245394,0,0,0,0,0.0680126
153878,9,1,179493,47813,41107,131680,249994,0,0,0,0,0.060998
153879,9,1,187835,49864,42696,137971,260323,0,0,0,0,0.0695066
153880,9,1,148268,38708,32739,109560,202975,0,0,0,0,0.0636571
153881,9,1,165840,43525,37611,122315,227566,0,0,0,0,0.0681558
153882,9,1,153404,39882,34693,113522,209338,0,0,0,0,0.0635101
153883,9,1,147286,38339,33155,108947,200636,0,0,0,0,0.0580205
153884,9,1,161982,43681,37677,118301,230797,0,0,0,0,0.0617838
153885,9,1,176521,47419,40763,129102,250023,0,0,0,0,0.0543432
153886,9,1,185889,49662,42563,136227,261826,0,0,0,0,0.0586557
153887,9,1,176981,46876,40170,130105,245069,0,0,0,0,0.0783656
153888,9,1,179456,47785,41103,131671,249827,0,0,0,0,0.0845563
153889,9,1,187642,49776,42623,137866,259741,0,0,0,0,0.0654198
153890,9,1,144260,37715,32126,106545,198329,0,0,0,0,0.0607294
153891,9,1,161402,42169,36379,119233,220356,0,0,0,0,0.0711767
153892,9,1,162262,42123,36564,120139,220333,0,0,0,0,0.0816054
153893,9,1,161765,42013,36463,119752,219753,0,0,0,0,0.0564951
153894,9,1,150171,38644,33256,111527,201333,0,0,0,0,0.0564339
153895,9,1,177537,46966,40526,130571,246951,0,0,0,0,0.0566728
153896,9,1,177273,46890,40417,130383,246569,0,0,0,0,0.0573583
153897,9,1,172783,45366,39348,127417,236780,0,0,0,0,0.074151
153898,9,1,172859,45422,39429,127437,237133,0,0,0,0,0.0688628
153899,9,2,175530,46820,40370,128698,246894,1,0,0,0,0.165971
153900,9,1,132386,33594,28413,98792,174987,0,0,0,0,0.0809439
153901,9,1,181999,48355,42639,133644,252644,0,0,0,0,0.0720894
153902,9,1,181990,48329,42562,133661,252520,0,0,0,0,0.0911197
153903,9,1,162389,43353,38313,119036,227592,0,0,0,0,0.0897241
153904,9,1,161946,42860,36821,119086,225465,0,0,0,0,0.0703759
153905,9,1,161729,42781,36743,118948,225029,0,0,0,0,0.0655643
153906,9,1,153058,39754,34239,113304,207484,0,0,0,0,0.0617267
153907,9,1,140989,36149,31023,104840,187472,0,0,0,0,0.055832
153908,9,1,149932,38561,32625,111371,201203,0,0,0,0,0.0592878
153909,9,1,149869,38539,32603,111330,201056,0,0,0,0,0.0599422
153910,9,1,148680,38827,32817,109853,203627,0,0,0,0,0.0606147
153911,9,1,185564,49219,43092,136345,257077,0,0,0,0,0.0639376
153912,9,1,164739,43149,37546,121590,226298,0,0,0,0,0.0640869
153913,9,1,161152,42579,36969,118573,223383,0,0,0,0,0.0769557
153914,9,1,166341,44420,38084,121921,233961,0,0,0,0,0.0626751
153915,9,1,180840,48968,42021,131872,258856,0,0,0,0,0.0533273
153916,9,1,183627,49094,42050,134533,259166,0,0,0,0,0.0586243
153917,9,1,162563,43026,36318,119537,225975,0,0,0,0,0.0537407
153918,9,1,167268,44488,38064,122780,233404,0,0,0,0,0.0525994
153919,9,1,164942,43365,36813,121577,226768,0,0,0,0,0.0799169
153920,9,1,148390,38751,32791,109639,203217,0,0,0,0,0.06442
153921,9,1,185309,49152,43026,136157,256712,0,0,0,0,0.0701811
153922,9,1,164712,43137,37559,121575,226213,0,0,0,0,0.0630759
153923,9,1,161026,42555,36981,118471,223266,0,0,0,0,0.0588956
153924,9,1,166180,44356,38041,121824,233599,0,0,0,0,0.0606542
153925,9,1,180622,48924,41993,131698,258649,0,0,0,0,0.0541717
153926,9,1,183553,49068,41987,134485,259038,0,0,0,0,0.0627443
153927,9,1,162609,43049,36332,119560,226097,0,0,0,0,0.0584868
153928,9,1,167249,44485,38057,122764,233378,0,0,0,0,0.0711083
153929,9,1,164846,43292,36699,121554,226307,0,0,0,0,0.0624909
153930,9,1,144317,37734,32119,106583,198420,0,0,0,0,0.0893972
153931,9,1,181662,48276,41949,133386,252844,0,0,0,0,0.0880916
153932,9,1,178572,47116,41254,131456,246865,0,0,0,0,0.0667187
153933,9,1,178601,47107,41244,131494,246798,0,0,0,0,0.065045
153934,9,1,153603,39950,34474,113653,208892,0,0,0,0,0.0672674
153935,9,1,181486,48187,41310,133299,253500,0,0,0,0,0.0734029
153936,9,1,181505,48209,41318,133296,253653,0,0,0,0,0.068406
153937,9,1,160907,42292,36446,118615,221539,0,0,0,0,0.0566749
153938,9,1,160718,42216,36388,118502,221094,0,0,0,0,0.0549055
153939,9,1,152721,40255,34739,112466,210838,0,0,0,0,0.0598282
153940,9,1,178351,46997,40056,131354,245984,0,0,0,0,0.0664174
153941,9,1,178729,47087,40169,131642,246368,0,0,0,0,0.0807891
153942,9,1,153398,39835,34100,113563,208644,0,0,0,0,0.0654139
153943,9,1,165598,43587,37309,122011,227916,0,0,0,0,0.0751837
153944,9,1,162214,42719,36853,119495,223458,0,0,0,0,0.0874286
153945,9,1,181087,48103,41401,132984,251988,0,0,0,0,0.0849878
153946,9,1,178862,47735,41295,131127,250761,0,0,0,0,0.0676407
153947,9,1,164121,43410,36626,120711,228021,0,0,0,0,0.0760095
153948,9,1,166945,44440,37976,122505,233759,0,0,0,0,0.0939041
153949,9,1,149607,38892,32701,110715,203365,0,0,0,0,0.0937058
153950,9,1,178124,46942,39993,131182,245697,0,0,0,0,0.0849327
153951,9,1,178514,47034,40110,131480,246090,0,0,0,0,0.0668027
153952,9,1,153386,39837,34103,113549,208669,0,0,0,0,0.067677
153953,9,1,165542,43604,37293,121938,228034,0,0,0,0,0.0685422
153954,9,1,162246,42713,36835,119533,223418,0,0,0,0,0.0646352
153955,9,1,181058,48189,41532,132869,252666,0,0,0,0,0.0612119
153956,9,1,178884,47768,41353,131116,250954,0,0,0,0,0.0728057
153957,9,1,164163,43421,36622,120742,228079,0,0,0,0,0.067142
153958,9,1,166385,44253,37906,122132,232705,0,0,0,0,0.0592146
153959,9,1,149841,38903,32713,110938,203325,0,0,0,0,0.0796513
153960,9,1,166654,44122,38222,122532,230959,0,0,0,0,0.0858128
153961,9,1,166281,43965,38211,122316,229984,0,0,0,0,0.0735042
153962,9,1,175392,46330,39979,129062,240875,0,0,0,0,0.0901914
153963,9,1,175299,46274,39943,129025,240527,0,0,0,0,0.0941302
153964,9,1,162316,42326,36354,119990,220238,0,0,0,0,0.0963958
153965,9,1,182901,48374,41518,134527,253108,0,0,0,0,0.0769337
153966,9,1,182771,48307,41444,134464,252733,0,0,0,0,0.0777504
153967,9,1,167779,44223,37741,123556,231863,0,0,0,0,0.0584047
153968,9,1,167747,44213,37728,123534,231804,0,0,0,0,0.062417
153969,9,1,142246,36956,31467,105290,192719,0,0,0,0,0.073617
153970,9,1,134914,34618,29964,100296,179370,0,0,0,0,0.079859
153971,9,1,135141,34631,29980,100510,179368,0,0,0,0,0.0732216
153972,9,1,127343,32356,27902,94987,168315,0,0,0,0,0.0555404
153973,9,1,147833,38614,33169,109219,201963,0,0,0,0,0.0862935
153974,9,2,166111,43020,36700,123079,224154,1,0,0,0,0.160441
153975,9,2,162666,42253,36304,120401,221354,1,0,0,0,0.161219
153976,9,2,176756,47570,40657,129174,251796,1,0,0,0,0.180128
153977,9,1,138000,35478,30373,102522,184442,0,0,0,0,0.0683984
153978,9,1,149676,39193,33716,110483,204704,0,0,0,0,0.057479
153979,9,1,137711,35477,30059,102234,184396,0,0,0,0,0.0638494
153980,9,1,158409,41733,36071,116676,218885,0,0,0,0,0.0955058
153981,9,1,157706,41499,35950,116207,217562,0,0,0,0,0.0863873
153982,9,1,156448,40873,34639,115575,214605,0,0,0,0,0.0663967
153983,9,1,163645,42945,37056,120700,225254,0,0,0,0,0.0839427
153984,9,1,189161,50152,43242,139009,262801,0,0,0,0,0.0651022
153985,9,1,169215,43774,37505,125441,227600,0,0,0,0,0.0599914
153986,9,1,190385,50482,43159,139903,263649,0,0,0,0,0.0706361
153987,9,1,149837,38641,32718,111196,201465,0,0,0,0,0.0586541
153988,9,1,164834,42839,36331,121995,222980,0,0,0,0,0.0664524
153989,9,1,148384,38432,32430,109952,200588,0,0,0,0,0.0687805
153990,9,1,158333,41717,36072,116616,218801,0,0,0,0,0.062897
153991,9,1,157630,41483,35951,116147,217478,0,0,0,0,0.0578011
153992,9,1,156480,40897,34668,115583,214733,0,0,0,0,0.062533
153993,9,1,163531,42914,37046,120617,225081,0,0,0,0,0.0799312
153994,9,1,189272,50187,43273,139085,263003,0,0,0,0,0.0648926
153995,9,1,169141,43777,37521,125364,227626,0,0,0,0,0.0642581
153996,9,1,190400,50488,43167,139912,263660,0,0,0,0,0.067993
153997,9,1,149631,38600,32666,111031,201238,0,0,0,0,0.0553301
153998,9,1,164803,42893,36399,121910,223454,0,0,0,0,0.0617606
153999,9,1,148456,38465,32453,109991,200767,0,0,0,0,0.0617548
