385000,3,1,135108,34842,29264,100266,182742,0,0,0,0,0.277415
385001,9,1,133713,34636,29039,99077,181770,0,0,0,0,0.137922
385004,9,1,164935,43600,38052,121335,228920,0,0,0,0,0.145852
385009,9,1,158219,42759,36722,115460,226851,0,0,0,0,0.150437
385010,3,1,144125,37999,32017,106126,200374,0,0,0,0,0.141431
385011,9,1,141014,37706,31425,103308,199777,0,0,0,0,0.107414
385014,9,1,171122,46035,39754,125087,243099,0,0,0,0,0.102586
385019,9,1,158318,42610,36185,115708,225309,0,0,0,0,0.10301
385020,3,1,144252,38040,32042,106212,200600,0,0,0,0,0.157696
385021,9,1,141075,37724,31430,103351,199887,0,0,0,0,0.111529
385024,9,1,171245,46038,39793,125207,242987,0,0,0,0,0.10607
385029,9,1,158526,42678,36244,115848,225723,0,0,0,0,0.107983
385030,3,1,144294,38055,32042,106239,200694,0,0,0,0,0.147597
385031,9,1,177696,49050,42130,128646,261851,0,0,0,0,0.0939102
385034,9,1,197571,54313,47366,143258,287691,0,0,0,0,0.125746
385039,9,1,144362,37895,31802,106467,199794,0,0,0,0,0.0865616
385040,9,1,127344,32875,27084,94469,172792,0,0,0,0,0.0953736
385041,9,1,156391,41302,35242,115089,218102,0,0,0,0,0.0892797
385042,18,1,157101,42544,36052,114557,226037,0,0,0,0,0.09299
385044,9,1,183348,49742,43090,133606,263745,0,0,0,0,0.111832
385045,18,1,174110,48852,41992,125258,262392,0,0,0,0,0.0841157
385048,18,1,168728,45578,38747,123150,241090,0,0,0,0,0.0817439
385049,9,1,146926,39379,33762,107547,208089,0,0,0,0,0.12025
385070,3,1,161196,42818,37384,118378,225030,0,0,0,0,0.1209
385071,9,1,156623,42066,36096,114557,221853,0,0,0,0,0.11171
385074,9,1,188052,50637,43685,137415,266400,0,0,0,0,0.0833633
385079,9,1,163143,42126,36136,121017,218268,0,0,0,0,0.108795
385080,3,1,161169,42809,37379,118360,224986,0,0,0,0,0.123446
385081,9,1,156536,42043,36079,114493,221729,0,0,0,0,0.0779715
385084,9,1,188180,50644,43681,137536,266324,0,0,0,0,0.0903232
385089,9,1,163181,42132,36138,121049,218282,0,0,0,0,0.0991249
385090,3,1,161100,42792,37379,118308,224904,0,0,0,0,0.190795
385091,9,1,204255,56124,49074,148131,297199,0,0,0,0,0.112893
385094,9,1,222590,61512,53852,161078,325619,0,0,0,0,0.113167
385099,9,1,155985,40342,34304,115643,210360,0,0,0,0,0.0986168
385100,9,1,153064,40371,34230,112693,212252,0,0,0,0,0.0791093
385101,9,1,174214,46456,40593,127758,244458,0,0,0,0,0.0816697
385102,18,1,184049,50809,43820,133240,271114,0,0,0,0,0.0811083
385104,9,1,189618,50732,44553,138886,266003,0,0,0,0,0.101742
385105,18,1,196725,54827,47647,141898,292533,0,0,0,0,0.0955334
385108,18,1,184113,50652,43341,133461,268890,0,0,0,0,0.100943
385109,9,1,171453,45959,40533,125494,241752,0,0,0,0,0.12595
385130,3,1,154931,42021,36061,112910,222636,0,0,0,0,0.123183
385131,9,1,134277,35934,30370,98343,190244,0,0,0,0,0.0801242
385134,9,1,166942,45161,38706,121781,237235,0,0,0,0,0.0789584
385139,9,1,191354,51556,44602,139798,271227,0,0,0,0,0.0795861
385140,3,1,154829,41979,36066,112850,222382,0,0,0,0,0.121734
385141,9,1,167966,46505,39762,121461,247882,0,0,0,0,0.0805016
385144,9,1,181075,50351,43535,130724,267499,0,0,0,0,0.0834676
385149,9,1,179112,48881,42265,130231,258234,0,0,0,0,0.0773698
385150,9,1,160589,44381,38023,116208,236446,0,0,0,0,0.0836496
385151,9,1,180172,50049,43057,130123,265922,0,0,0,0,0.117428
385154,9,1,180583,49036,42308,131547,258882,0,0,0,0,0.0915541
385155,18,1,207635,58641,51074,148994,313686,0,0,0,0,0.0882535
385158,18,1,200056,55966,48546,144090,296767,0,0,0,0,0.0811206
385159,9,1,194009,52386,45193,141623,275762,0,0,0,0,0.0908118
385162,18,1,184944,50749,43806,134195,269324,0,0,0,0,0.0867098
385180,3,1,154884,41987,36073,112897,222424,0,0,0,0,0.131038
385181,9,1,193044,54131,47497,138913,288218,0,0,0,0,0.0875198
385184,9,1,179021,49290,43145,129731,261099,0,0,0,0,0.084063
385189,9,1,161196,42482,36372,118714,222410,0,0,0,0,0.0770534
385190,9,1,160634,44392,38026,116242,236516,0,0,0,0,0.0860507
385191,9,1,202143,56135,48450,146008,297340,0,0,0,0,0.0938762
385194,9,1,182246,49551,43333,132695,261131,0,0,0,0,0.0851326
385199,9,1,171874,46063,39680,125811,242622,0,0,0,0,0.0831467
385202,18,1,198054,55044,47599,143010,292895,0,0,0,0,0.0898971
385205,18,1,209751,59039,51526,150712,316428,0,0,0,0,0.083516
385208,18,1,185617,51264,44623,134353,271862,0,0,0,0,0.0819561
385220,9,1,188001,51001,44168,137000,268886,0,0,0,0,0.119742
385221,9,1,188086,50990,44185,137096,268700,0,0,0,0,0.103801
385224,9,1,186347,50361,43570,135986,264246,0,0,0,0,0.132827
385229,9,1,155959,41274,35140,114685,216389,0,0,0,0,0.113437
385242,18,1,193404,53424,45869,139980,283742,0,0,0,0,0.114157
385245,18,1,201006,55665,48141,145341,295082,0,0,0,0,0.0820071
385248,18,1,182460,49634,42471,132826,262022,0,0,0,0,0.0737255
385270,9,1,157613,42512,36162,115101,224378,0,0,0,0,0.0746187
385271,9,1,157559,42498,36144,115061,224298,0,0,0,0,0.0782693
385272,9,1,152324,41130,34776,111194,218170,0,0,0,0,0.0872578
385273,9,1,166538,46765,40555,119773,249756,0,0,0,0,0.127508
385274,9,1,200275,54738,47734,145537,290146,0,0,0,0,0.0848013
385275,9,1,182034,49100,42863,132934,258969,0,0,0,0,0.0842857
385276,9,1,206635,57669,50177,148966,307232,0,0,0,0,0.0987435
385277,9,1,162578,42986,37038,119592,225832,0,0,0,0,0.0880769
385278,9,1,175743,47878,41141,127865,253767,0,0,0,0,0.0825165
385279,9,1,152984,41482,35141,111502,219029,0,0,0,0,0.0842982
385280,3,1,127889,32943,27751,94946,172608,0,0,0,0,0.132702
385281,9,1,127122,33662,28062,93460,177626,0,0,0,0,0.0866635
385284,9,1,149999,40380,35152,109619,213159,0,0,0,0,0.0976682
385289,9,1,138732,37083,31812,101649,195805,0,0,0,0,0.104188
385290,3,1,149899,40014,33927,109885,211676,0,0,0,0,0.0924873
385291,9,1,143818,38110,31597,105708,201715,0,0,0,0,0.0650474
385294,9,1,167075,44758,38286,122317,236314,0,0,0,0,0.0722558
385299,9,1,158718,42645,36748,116073,225873,0,0,0,0,0.0646513
385300,3,1,149766,39984,33915,109782,211512,0,0,0,0,0.0943363
385301,9,1,143644,38062,31552,105582,201447,0,0,0,0,0.0637536
385304,9,1,167201,44781,38301,122420,236416,0,0,0,0,0.0622745
385309,9,1,158933,42685,36802,116248,226037,0,0,0,0,0.0613486
385310,3,1,149673,39963,33923,109710,211394,0,0,0,0,0.089139
385311,9,1,175241,48439,41427,126802,258992,0,0,0,0,0.0664899
385314,9,1,190526,52400,44993,138126,278225,0,0,0,0,0.0715934
385319,9,1,145095,38604,32406,106491,204509,0,0,0,0,0.0644754
385320,9,1,140309,37336,31088,102973,197507,0,0,0,0,0.0707899
385321,9,1,157918,42396,36375,115522,224840,0,0,0,0,0.0923372
385322,18,1,162104,44731,37876,117373,239123,0,0,0,0,0.0806829
385324,9,1,179110,48237,42073,130873,254513,0,0,0,0,0.0819929
385325,18,1,171197,47531,40304,123666,253748,0,0,0,0,0.0615138
385328,18,1,166658,45956,38856,120702,245131,0,0,0,0,0.0671104
385329,9,1,150783,40606,34658,110177,215153,0,0,0,0,0.0794314
385350,3,1,163994,43059,37344,120935,224458,0,0,0,0,0.0786694
385351,9,1,150834,39850,33826,110984,208385,0,0,0,0,0.0535481
385354,9,1,166374,43706,37514,122668,226874,0,0,0,0,0.0520031
385359,9,1,166881,43846,37437,123035,227700,0,0,0,0,0.0506025
385360,3,1,163944,43024,37313,120920,224191,0,0,0,0,0.0785255
385361,9,1,150770,39813,33803,110957,208105,0,0,0,0,0.0536119
385364,9,1,166688,43730,37559,122958,226839,0,0,0,0,0.053427
385369,9,1,166873,43800,37442,123073,227340,0,0,0,0,0.0517913
385370,3,1,163995,43033,37321,120962,224232,0,0,0,0,0.0801885
385371,9,1,205640,56781,48712,148859,300343,0,0,0,0,0.0624508
385374,9,1,217505,59980,51481,157525,316005,0,0,0,0,0.0670688
385379,9,1,159161,42058,35629,117103,219696,0,0,0,0,0.0547232
385380,9,1,169116,45794,39323,123322,241344,0,0,0,0,0.0789986
385381,9,1,178738,48241,41450,130497,253053,0,0,0,0,0.0739843
385382,18,1,172274,47064,40422,125210,248252,0,0,0,0,0.0594364
385384,9,1,188859,50687,43490,138172,263882,0,0,0,0,0.0593437
385385,18,1,181397,49355,42355,132042,259383,0,0,0,0,0.0581695
385388,18,1,177021,48495,41026,128526,254626,0,0,0,0,0.0619716
385389,9,1,166803,44397,38716,122406,231800,0,0,0,0,0.0949037
385410,3,1,139110,37070,31930,102040,195786,0,0,0,0,0.0956521
385411,9,1,121988,32649,27811,89339,173271,0,0,0,0,0.0529632
385414,9,1,151528,40653,34736,110875,213204,0,0,0,0,0.0579017
385419,9,1,167802,44794,38775,123008,235046,0,0,0,0,0.0572086
385420,3,1,139146,37080,31930,102066,195838,0,0,0,0,0.0831753
385421,9,1,148892,40915,35450,107977,218080,0,0,0,0,0.0566922
385424,9,1,166396,45984,39616,120412,243753,0,0,0,0,0.0636318
385429,9,1,164737,44360,38158,120377,233455,0,0,0,0,0.0545682
385430,9,1,157275,43765,37653,113510,233643,0,0,0,0,0.0622208
385431,9,1,167351,46033,39581,121318,244221,0,0,0,0,0.0599225
385434,9,1,173166,46723,40428,126443,245226,0,0,0,0,0.0571808
385435,18,1,185602,50919,43758,134683,269544,0,0,0,0,0.0547582
385438,18,1,180949,49157,42457,131792,257784,0,0,0,0,0.0536139
385439,9,1,169012,44704,38364,124308,231765,0,0,0,0,0.0550661
385442,18,1,163101,45259,39100,117842,241524,0,0,0,0,0.0587579
385460,3,1,139337,37142,31971,102195,196210,0,0,0,0,0.079516
385461,9,1,161617,44510,39125,117107,236318,0,0,0,0,0.0849034
385464,9,1,172322,47745,41343,124577,253788,0,0,0,0,0.0647707
385469,9,1,155120,41701,35819,113419,219777,0,0,0,0,0.0572221
385470,9,1,157623,43883,37694,113740,234313,0,0,0,0,0.067308
385471,9,1,177592,49121,42718,128471,260259,0,0,0,0,0.0685082
385474,9,2,203708,56783,49971,146912,302781,1,0,0,0,0.17401
385479,9,1,156571,41376,35434,115195,215444,0,0,0,0,0.0568257
385482,18,1,171887,48316,42224,123571,258119,0,0,0,0,0.06531
385485,18,1,190971,53112,45795,137859,282414,0,0,0,0,0.0624063
385488,18,1,172966,47110,40772,125856,248114,0,0,0,0,0.0581375
385500,9,1,174713,48203,42018,126510,253197,0,0,0,0,0.0618681
385501,9,1,174769,48194,42042,126575,253063,0,0,0,0,0.0620414
385504,9,2,205937,56532,49558,149392,297531,1,0,0,0,0.174741
385509,9,1,152193,39963,34443,112230,208120,0,0,0,0,0.0591657
385522,18,1,172756,47871,41293,124885,254031,0,0,0,0,0.0638917
385525,18,2,215038,60772,53205,154254,325471,1,0,0,0,0.189696
385528,18,1,187952,51664,44043,136288,273653,0,0,0,0,0.0563861
385550,9,1,136046,36371,31685,99675,191283,0,0,0,0,0.0713893
385551,9,1,136045,36368,31651,99677,191259,0,0,0,0,0.0624272
385552,9,1,134778,36801,31670,97977,196517,0,0,0,0,0.0770939
385553,9,1,150319,42036,36505,108283,224730,0,0,0,0,0.0847907
385554,9,2,194409,53231,46840,141166,281648,1,0,0,0,0.144971
385555,9,2,196092,54026,47364,142054,287733,1,0,0,0,0.189742
385556,9,2,217510,61161,53624,156337,327254,1,0,0,0,0.161814
385557,9,1,157812,42863,37113,114949,226572,0,0,0,0,0.0623105
385558,9,1,156781,42710,36659,114071,225929,0,0,0,0,0.0605121
385559,9,1,144586,39039,33218,105547,205702,0,0,0,0,0.0609448
385560,3,1,127711,32917,27705,94794,172496,0,0,0,0,0.13436
385561,9,1,127275,33709,28070,93566,177942,0,0,0,0,0.0967358
385564,9,1,150288,40492,35195,109796,213853,0,0,0,0,0.0920721
385569,9,1,138675,37085,31796,101590,195875,0,0,0,0,0.0834053
385570,3,1,150034,40056,33972,109978,211909,0,0,0,0,0.0949058
385571,9,1,144015,38201,31661,105814,202316,0,0,0,0,0.062039
385574,9,1,167409,44879,38380,122530,237003,0,0,0,0,0.0776434
385579,9,1,158948,42636,36749,116312,225662,0,0,0,0,0.0723661
385580,3,1,149901,40026,33951,109875,211745,0,0,0,0,0.10177
385581,9,1,143873,38161,31625,105712,202096,0,0,0,0,0.0836459
385584,9,1,167537,44901,38395,122636,237093,0,0,0,0,0.0882905
385589,9,1,159156,42677,36802,116479,225840,0,0,0,0,0.0693028
385590,3,1,149808,40005,33959,109803,211627,0,0,0,0,0.089404
385591,9,1,173386,47594,40609,125792,254088,0,0,0,0,0.0728233
385594,9,1,190107,52176,44961,137931,276966,0,0,0,0,0.0965009
385599,9,1,145380,38657,32425,106723,204768,0,0,0,0,0.069536
385600,9,1,140949,37521,31262,103428,198523,0,0,0,0,0.0863545
385601,9,1,157692,42328,36339,115364,224450,0,0,0,0,0.091912
385602,18,1,162184,44700,37829,117484,238918,0,0,0,0,0.0654268
385604,9,1,178977,48167,42029,130810,254180,0,0,0,0,0.063935
385605,18,1,170940,47404,40192,123536,253125,0,0,0,0,0.0790166
385608,18,1,166247,45823,38784,120424,244408,0,0,0,0,0.0765702
385609,9,1,150832,40608,34678,110224,215121,0,0,0,0,0.112185
385630,3,1,166265,43907,38046,122358,229361,0,0,0,0,0.100234
385631,9,1,152814,40548,34358,112266,212216,0,0,0,0,0.0595923
385634,9,1,167575,44132,37882,123443,229211,0,0,0,0,0.0590627
385639,9,1,167449,44027,37525,123422,228713,0,0,0,0,0.0528358
385640,3,1,166215,43872,38015,122343,229094,0,0,0,0,0.0786559
385641,9,1,152750,40511,34335,112239,211936,0,0,0,0,0.054416
385644,9,1,167869,44152,37901,123717,229156,0,0,0,0,0.0534167
385649,9,1,167431,43979,37528,123452,228343,0,0,0,0,0.0551216
385650,3,1,166257,43880,38022,122377,229133,0,0,0,0,0.0819764
385651,9,1,207154,57477,49341,149677,304341,0,0,0,0,0.0629189
385654,9,1,219025,60726,52149,158299,320394,0,0,0,0,0.0646058
385659,9,1,160219,42373,35897,117846,221409,0,0,0,0,0.0552478
385660,9,1,169777,46073,39606,123704,242962,0,0,0,0,0.0617709
385661,9,1,180132,48679,41772,131453,255400,0,0,0,0,0.0567983
385662,18,1,174058,47729,40966,126329,252084,0,0,0,0,0.0613296
385664,9,1,191138,51464,44022,139674,267948,0,0,0,0,0.0582624
385665,18,1,183123,50015,42871,133108,263235,0,0,0,0,0.0601685
385668,18,1,179941,49454,41720,130487,259807,0,0,0,0,0.0610185
385669,9,1,168989,45189,39432,123800,236257,0,0,0,0,0.0799272
385690,3,1,138329,36933,31890,101396,195202,0,0,0,0,0.0782818
385691,9,1,120210,32117,27425,88093,170394,0,0,0,0,0.053004
385694,9,1,150084,40042,34263,110042,209598,0,0,0,0,0.0562314
385699,9,1,167356,44649,38748,122707,234304,0,0,0,0,0.0664702
385700,3,1,138382,36947,31892,101435,195274,0,0,0,0,0.101528
385701,9,1,147722,40562,35266,107160,216103,0,0,0,0,0.057098
385704,9,1,166015,45804,39441,120211,242678,0,0,0,0,0.0576218
385709,9,1,164149,44019,38144,120130,231428,0,0,0,0,0.054191
385710,9,1,156303,43305,37356,112998,231046,0,0,0,0,0.0597005
385711,9,1,166289,45632,39310,120657,242053,0,0,0,0,0.0592679
385714,9,1,172762,46453,40213,126309,243444,0,0,0,0,0.0575474
385715,18,1,184395,50514,43517,133881,267334,0,0,0,0,0.0544972
385718,18,1,180845,49167,42500,131678,257915,0,0,0,0,0.0554114
385719,9,1,170760,45365,38704,125395,235450,0,0,0,0,0.0558384
385722,18,1,162690,45105,39132,117585,240676,0,0,0,0,0.0564292
385740,3,1,138545,37005,31932,101540,195630,0,0,0,0,0.0763383
385741,9,1,160899,44409,39069,116490,235931,0,0,0,0,0.0554069
385744,9,1,171197,47304,40858,123893,251277,0,0,0,0,0.0583474
385749,9,1,154557,41411,35750,113146,218069,0,0,0,0,0.0524855
385750,9,1,156650,43422,37389,113228,231716,0,0,0,0,0.0622247
385751,9,1,177891,49120,42780,128771,260091,0,0,0,0,0.0614847
385754,9,2,202995,56447,49764,146535,300874,1,0,0,0,0.15196
385759,9,1,157823,41890,35727,115933,218328,0,0,0,0,0.0551049
385762,18,1,171687,48256,42264,123431,257805,0,0,0,0,0.0606844
385765,18,1,190372,52926,45641,137446,281474,0,0,0,0,0.0597621
385768,18,1,172652,46963,40700,125689,247244,0,0,0,0,0.0690165
385780,9,1,174827,48150,42052,126677,252783,0,0,0,0,0.0576678
385781,9,1,174737,48117,42058,126620,252561,0,0,0,0,0.0751605
385784,9,2,205102,56143,49280,148946,295394,1,0,0,0,0.17116
385789,9,1,153896,40607,34832,113289,211824,0,0,0,0,0.0540165
385802,18,1,173804,48250,41671,125554,256188,0,0,0,0,0.061083
385805,18,2,214852,60775,53168,154065,325497,1,0,0,0,0.13098
385808,18,1,187006,51393,43910,135613,272196,0,0,0,0,0.0554643
385830,9,1,135771,36177,31581,99594,190127,0,0,0,0,0.0498542
385831,9,1,135755,36171,31542,99584,190091,0,0,0,0,0.0504391
385832,9,1,133856,36412,31344,97444,194347,0,0,0,0,0.0557357
385833,9,1,148481,41469,36020,107012,221702,0,0,0,0,0.0756639
385834,9,2,194217,53070,46698,141135,280695,1,0,0,0,0.134987
385835,9,2,195606,53788,47198,141806,286360,1,0,0,0,0.134202
385836,9,2,217155,60983,53476,156160,326222,1,0,0,0,0.152981
385837,9,1,157955,42756,37021,115199,225823,0,0,0,0,0.0568866
385838,9,1,157528,42845,36789,114683,226492,0,0,0,0,0.0589248
385839,9,1,142828,38434,32764,104394,202289,0,0,0,0,0.0595535
385840,3,1,127767,32937,27721,94830,172616,0,0,0,0,0.13822
385841,9,1,128131,33918,28199,94213,178992,0,0,0,0,0.0839634
385844,9,1,150807,40618,35242,110189,214532,0,0,0,0,0.0835847
385849,9,1,139141,37196,31849,101945,196469,0,0,0,0,0.0753905
385850,3,1,160476,42640,36206,117836,224339,0,0,0,0,0.0919492
385851,9,1,154477,40756,33863,113721,214404,0,0,0,0,0.0640905
385854,9,1,178788,47827,40942,130961,251362,0,0,0,0,0.0615388
385859,9,1,163273,43578,37403,119695,229056,0,0,0,0,0.0601491
385860,3,1,160378,42610,36169,117768,224163,0,0,0,0,0.088296
385861,9,1,154285,40699,33810,113586,214078,0,0,0,0,0.0588631
385864,9,1,178960,47851,40964,131109,251432,0,0,0,0,0.0647439
385869,9,1,163432,43610,37444,119822,229204,0,0,0,0,0.0590817
385870,3,1,160301,42593,36169,117708,224067,0,0,0,0,0.109016
385871,9,1,188941,51777,43938,137164,274712,0,0,0,0,0.0765818
385874,9,1,202813,55695,47988,147118,294400,0,0,0,0,0.103361
385879,9,1,150742,40090,33898,110652,211402,0,0,0,0,0.0775926
385880,9,1,146654,38766,32678,107888,204062,0,0,0,0,0.0902237
385881,9,1,167034,45065,38938,121969,237824,0,0,0,0,0.0656825
385882,18,1,177207,48701,41518,128506,258965,0,0,0,0,0.0741317
385884,9,1,184819,50017,43466,134802,263274,0,0,0,0,0.0669426
385885,18,1,184407,50874,43516,133533,270558,0,0,0,0,0.0752717
385888,18,1,175356,48020,40501,127336,254405,0,0,0,0,0.0923094
385889,9,1,162764,44165,37470,118599,233386,0,0,0,0,0.128703
385910,3,1,169752,44594,38740,125158,232066,0,0,0,0,0.120467
385911,9,1,159623,41562,35508,118061,215914,0,0,0,0,0.0726314
385914,9,1,184791,48409,41246,136382,250254,0,0,0,0,0.068421
385919,9,1,168074,43884,37478,124190,226590,0,0,0,0,0.0812909
385920,3,1,169678,44556,38698,125122,231780,0,0,0,0,0.108047
385921,9,1,159463,41517,35472,117946,215636,0,0,0,0,0.0883049
385924,9,1,184807,48386,41284,136421,250058,0,0,0,0,0.0601636
385929,9,1,167932,43883,37575,124049,226472,0,0,0,0,0.0620854
385930,3,1,169632,44546,38691,125086,231728,0,0,0,0,0.0875587
385931,9,1,196084,52765,45645,143319,276117,0,0,0,0,0.0690377
385934,9,1,214170,57844,50558,156326,302048,0,0,0,0,0.0699322
385939,9,1,158044,41323,35020,116721,214653,0,0,0,0,0.0552174
385940,9,1,154929,40771,35100,114158,212252,0,0,0,0,0.0559833
385941,9,2,296990,81165,70857,215812,429755,1,0,0,0,0.166951
385942,18,1,177860,48074,40611,129786,252695,0,0,0,0,0.0569414
385944,9,2,312635,85596,74594,227026,451654,1,0,0,0,0.174478
385945,18,1,188353,51116,43676,137237,267895,0,0,0,0,0.07541
385948,18,1,182875,49517,41745,133358,259963,0,0,0,0,0.0677466
385949,9,1,175179,46772,40034,128407,244147,0,0,0,0,0.090227
385970,3,1,130114,34223,29314,95891,180792,0,0,0,0,0.127048
385971,9,1,114212,30163,25821,84049,159944,0,0,0,0,0.0668993
385974,9,1,141800,37754,32550,104046,198442,0,0,0,0,0.0674194
385979,9,1,137942,36266,31134,101676,190427,0,0,0,0,0.0715115
385980,3,1,130092,34221,29322,95871,180784,0,0,0,0,0.111971
385981,9,1,139648,38400,33055,101248,205941,0,0,0,0,0.0882668
385984,9,1,159973,43045,37184,116928,226796,0,0,0,0,0.082174
385989,9,1,159351,42850,37009,116501,225662,0,0,0,0,0.0899234
385990,9,1,143483,39293,33593,104190,209647,0,0,0,0,0.0711034
385991,9,1,151369,41154,35242,110215,218519,0,0,0,0,0.0717336
385994,9,1,154775,40762,35282,114013,212953,0,0,0,0,0.0675648
385995,18,1,169365,45543,38815,123822,239453,0,0,0,0,0.0626955
385998,18,1,174255,47180,40478,127075,248009,0,0,0,0,0.0562075
385999,9,1,155962,40728,34821,115234,212246,0,0,0,0,0.0581095
386002,18,1,154820,42899,37315,111921,229860,0,0,0,0,0.0925477
386020,3,1,130240,34258,29332,95982,181006,0,0,0,0,0.0886811
386021,9,1,155782,43112,37657,112670,230201,0,0,0,0,0.0756048
386024,9,1,178275,48140,41946,130135,253065,0,0,0,0,0.0739763
386029,9,1,181005,49402,42766,131603,260940,0,0,0,0,0.0921783
386030,9,1,143639,39324,33602,104315,209813,0,0,0,0,0.0691265
386031,9,1,166422,45491,39502,120931,240795,0,0,0,0,0.0872686
386034,9,1,170143,45061,39124,125082,235356,0,0,0,0,0.0803557
386039,9,1,169096,44374,38327,124722,230900,0,0,0,0,0.0816846
386042,18,1,165417,46365,40811,119052,248626,0,0,0,0,0.0894471
386045,18,1,180692,48900,42022,131792,256902,0,0,0,0,0.059313
386048,18,1,183561,49788,42948,133773,261616,0,0,0,0,0.0589399
386060,9,1,167096,46125,40313,120971,243268,0,0,0,0,0.0606658
386061,9,1,167096,46063,40253,121033,242806,0,0,0,0,0.0616081
386064,9,2,194267,52706,46435,141548,277326,1,0,0,0,0.147431
386069,9,1,170484,44886,38671,125598,233129,0,0,0,0,0.0536544
386082,18,1,164720,45134,39180,119586,239950,0,0,0,0,0.0619988
386085,18,2,203380,57181,50242,146187,307735,1,0,0,0,0.129192
386088,18,1,190829,51869,44656,138960,274078,0,0,0,0,0.0531734
386110,9,1,130596,34770,30345,95826,183564,0,0,0,0,0.0556428
386111,9,1,130561,34752,30294,95809,183446,0,0,0,0,0.0540731
386112,9,1,125312,33490,28699,91822,178666,0,0,0,0,0.057169
386113,9,1,139316,38295,32926,101021,204648,0,0,0,0,0.0815879
386114,9,2,179026,48199,42458,130815,254292,1,0,0,0,0.185578
386115,9,2,180675,49239,43099,131424,262491,1,0,0,0,0.150968
386116,9,2,195772,54381,47679,141379,291151,1,0,0,0,0.155466
386117,9,1,147930,39640,33941,108290,209151,0,0,0,0,0.0726802
386118,9,1,157516,42658,36528,114858,225464,0,0,0,0,0.0593022
386119,9,1,151342,40362,34478,110980,211270,0,0,0,0,0.061222
386120,3,1,117146,30342,25291,86804,159974,0,0,0,0,0.104137
386121,9,1,127607,33773,28215,93834,178710,0,0,0,0,0.05904
386124,9,1,149912,40841,35057,109071,214123,0,0,0,0,0.0547474
386129,9,1,125851,33686,28526,92165,178877,0,0,0,0,0.0559548
386130,3,1,132415,33917,28653,98498,177165,0,0,0,0,0.0801832
386131,9,1,140223,36985,31196,103238,194831,0,0,0,0,0.0592138
386134,9,2,172635,47264,41266,125358,250807,1,0,0,0,0.164425
386139,9,2,169497,46292,40237,123193,246294,1,0,0,0,0.162153
386140,3,1,159845,42534,36809,117311,224866,0,0,0,0,0.087324
386141,9,1,155014,41185,34923,113829,218204,0,0,0,0,0.0605597
386144,9,1,177718,48133,41355,129585,254621,0,0,0,0,0.0609789
386149,9,1,174530,46626,40180,127904,245107,0,0,0,0,0.0543205
386150,3,1,160011,42560,36875,117451,224954,0,0,0,0,0.081299
386151,9,1,180733,49793,43058,130940,264091,0,0,0,0,0.0591934
386154,9,1,180351,49224,42397,131127,262074,0,0,0,0,0.0595708
386159,9,1,173034,46842,40826,126192,247952,0,0,0,0,0.0562489
386160,9,1,153490,41105,35432,112385,218241,0,0,0,0,0.0583902
386161,9,1,175628,46928,40153,128700,245783,0,0,0,0,0.0558968
386162,18,1,153909,42495,36952,111414,228115,0,0,0,0,0.0576055
386164,9,1,146920,38365,33126,108555,201787,0,0,0,0,0.05196
386165,18,1,191719,53306,46665,138413,284890,0,0,0,0,0.0585918
386168,18,1,174009,47443,41477,126566,251466,0,0,0,0,0.0577173
386169,9,1,164135,43716,37385,120419,230157,0,0,0,0,0.0639867
386190,3,1,136921,34814,29868,102107,179673,0,0,0,0,0.07485
386191,9,1,147682,38513,32958,109169,199989,0,0,0,0,0.0575933
386194,9,2,169935,46420,41009,123502,246100,1,0,0,0,0.143152
386199,9,2,171739,46500,40775,125227,245965,1,0,0,0,0.147703
386200,3,1,167462,44561,38386,122901,235031,0,0,0,0,0.0820735
386201,9,1,158628,42113,35805,116515,222201,0,0,0,0,0.0601911
386204,9,2,226093,62809,54902,163272,334570,1,0,0,0,0.157912
386209,9,2,222409,61542,53476,160856,326733,1,0,0,0,0.154241
386210,3,1,167441,44558,38408,122883,235013,0,0,0,0,0.0830976
386211,9,1,192975,53520,46752,139455,283406,0,0,0,0,0.0647621
386214,9,1,192546,52788,45956,139758,279800,0,0,0,0,0.0773508
386219,9,1,181381,48465,42070,132916,253219,0,0,0,0,0.0610327
386220,9,1,164909,44303,38423,120606,233983,0,0,0,0,0.0569935
386221,9,2,153510,41462,36077,112035,219985,1,0,0,0,0.143367
386222,18,1,158063,42830,37469,115233,227626,0,0,0,0,0.0548665
386224,9,2,148741,40557,35083,108171,215583,1,0,0,0,0.134005
386225,18,1,204942,56586,49775,148356,298663,0,0,0,0,0.0584594
386228,18,1,184742,50256,44066,134486,264418,0,0,0,0,0.0607964
386229,9,1,169529,44555,37644,124974,231294,0,0,0,0,0.0762188
386250,3,1,159193,41776,36275,117417,218318,0,0,0,0,0.0873052
386251,9,1,147011,38934,33283,108077,204480,0,0,0,0,0.0916179
386254,9,2,163004,43224,37237,119769,226765,1,0,0,0,0.148664
386259,9,2,167675,44569,38621,123094,233912,1,0,0,0,0.148134
386260,3,1,159136,41778,36282,117358,218371,0,0,0,0,0.101301
386261,9,1,174896,46703,40995,128193,244729,0,0,0,0,0.0794951
386264,9,1,199738,54483,46886,145255,287532,0,0,0,0,0.0630541
386269,9,1,193855,52430,45176,141425,275216,0,0,0,0,0.0598338
386270,9,2,152723,41621,36346,111089,221441,1,0,0,0,0.159683
386271,9,2,155602,42828,37352,112763,228601,1,0,0,0,0.14466
386274,9,2,150221,40978,35638,109231,217185,1,0,0,0,0.139213
386275,18,1,199195,54735,47611,144460,289405,0,0,0,0,0.0565386
386278,18,2,167601,46035,40388,121554,244652,1,0,0,0,0.133441
386279,9,1,161638,42389,36306,119249,221423,0,0,0,0,0.0542148
386282,18,2,185864,51873,45656,133979,277379,1,0,0,0,0.176615
386300,3,1,129817,33905,29348,95912,178068,0,0,0,0,0.126935
386301,9,1,157271,42216,36920,115055,222944,0,0,0,0,0.105844
386304,9,1,167568,45279,39878,122289,239108,0,0,0,0,0.0956739
386309,9,1,172362,46610,40647,125752,246398,0,0,0,0,0.0859249
386310,9,1,146941,39608,33945,107333,209907,0,0,0,0,0.0843654
386311,9,1,152530,40403,35411,112127,211758,0,0,0,0,0.0608398
386314,9,1,177707,47863,41744,129844,253000,0,0,0,0,0.0616534
386319,9,1,167395,44233,38128,123162,232073,0,0,0,0,0.0635147
386322,18,1,189661,52767,46005,136894,281805,0,0,0,0,0.0774275
386325,18,1,205431,57530,50634,147901,306810,0,0,0,0,0.0796468
386328,18,2,310596,86203,75851,224381,458434,1,0,0,0,0.222742
386340,9,1,165981,44784,39593,121197,235097,0,0,0,0,0.0987639
386341,9,1,185750,50089,43466,135661,260588,0,0,0,0,0.0615242
386344,9,1,183487,48997,42423,134490,255620,0,0,0,0,0.0554218
386349,9,1,159990,41693,35392,118297,216578,0,0,0,0,0.0512108
386362,18,1,185575,51581,45214,133994,275164,0,0,0,0,0.060879
386365,18,1,206544,57392,50366,149152,304857,0,0,0,0,0.0683833
386368,18,1,211116,58602,51212,152514,310818,0,0,0,0,0.0658242
386390,9,1,131651,34726,30515,96925,182186,0,0,0,0,0.0720977
386391,9,2,157392,42155,36459,115224,222886,1,0,0,0,0.156199
386392,9,2,142758,37259,32074,105487,195871,1,0,0,0,0.191593
386393,9,1,151735,41753,36308,109982,223014,0,0,0,0,0.0776372
386394,9,1,171122,46513,40404,124609,245774,0,0,0,0,0.0829594
386395,9,2,154978,41004,35830,113961,216357,1,0,0,0,0.168035
386396,9,2,190016,52831,46627,137173,282573,1,0,0,0,0.157164
386397,9,2,184628,50145,44048,134471,264058,1,0,0,0,0.157861
386398,9,2,194009,53698,46955,140299,285798,1,0,0,0,0.189291
386399,9,1,162670,43943,38152,118727,232469,0,0,0,0,0.0581025
386400,3,1,117183,30341,25280,86842,159952,0,0,0,0,0.0867595
386401,9,1,127866,33813,28229,94053,178838,0,0,0,0,0.072185
386404,9,1,150855,41021,35104,109834,214972,0,0,0,0,0.0742193
386409,9,1,126971,33989,28747,92982,180547,0,0,0,0,0.0606782
386410,3,1,132261,33871,28599,98390,176877,0,0,0,0,0.0806043
386411,9,1,140187,36969,31174,103218,194742,0,0,0,0,0.0810073
386414,9,2,172528,47256,41242,125259,250810,1,0,0,0,0.189282
386419,9,2,169565,46270,40192,123283,246089,1,0,0,0,0.166493
386420,3,1,160263,42736,37017,117527,226073,0,0,0,0,0.085188
386421,9,1,155643,41503,35232,114140,220093,0,0,0,0,0.0610926
386424,9,1,178865,48541,41699,130324,256903,0,0,0,0,0.0608515
386429,9,1,175612,47040,40486,128572,247545,0,0,0,0,0.0559337
386430,3,1,159840,42527,36862,117313,224775,0,0,0,0,0.0812957
386431,9,1,195026,53707,46618,141319,283677,0,0,0,0,0.0601034
386434,9,1,171662,46106,39760,125556,244322,0,0,0,0,0.0594904
386439,9,1,158471,42305,36826,116166,223537,0,0,0,0,0.0560324
386440,9,1,153923,41228,35534,112695,218894,0,0,0,0,0.0572875
386441,9,1,186359,50080,42948,136279,261864,0,0,0,0,0.0589363
386442,18,1,161958,44969,39024,116989,241586,0,0,0,0,0.0580135
386444,9,1,145521,37939,32493,107582,199122,0,0,0,0,0.0521014
386445,18,1,185704,51169,44368,134535,273393,0,0,0,0,0.0574867
386448,18,1,166086,44910,39169,121176,238031,0,0,0,0,0.0529962
386449,9,1,149404,39411,33562,109993,207464,0,0,0,0,0.0583277
386470,3,1,136614,34756,29838,101858,179448,0,0,0,0,0.105775
386471,9,1,147633,38504,32952,109129,199962,0,0,0,0,0.0795885
386474,9,2,170294,46513,41094,123768,246574,1,0,0,0,0.149716
386479,9,2,171781,46471,40712,125298,245748,1,0,0,0,0.153363
386480,3,1,167562,44657,38482,122905,235643,0,0,0,0,0.0833434
386481,9,1,158555,42202,35807,116353,222837,0,0,0,0,0.0611388
386484,9,2,226793,63058,55063,163723,336017,1,0,0,0,0.154913
386489,9,2,223049,61761,53644,161277,327923,1,0,0,0,0.151148
386490,3,1,167643,44643,38448,123000,235515,0,0,0,0,0.0850745
386491,9,1,205317,56598,49559,148719,297710,0,0,0,0,0.0642995
386494,9,1,181699,48720,42283,132979,257173,0,0,0,0,0.0695546
386499,9,1,162533,42893,36942,119640,224783,0,0,0,0,0.0584669
386500,9,1,165101,44358,38452,120743,234294,0,0,0,0,0.0643716
386501,9,2,156668,42463,37091,114192,225401,1,0,0,0,0.158228
386502,18,1,166472,45004,39419,121468,238618,0,0,0,0,0.0801036
386504,9,2,148585,41111,35786,107461,219283,1,0,0,0,0.148329
386505,18,1,199133,54808,47848,144325,290108,0,0,0,0,0.0632042
386508,18,1,174912,47117,41044,127795,248493,0,0,0,0,0.0767803
386509,9,1,155293,40529,34410,114764,210818,0,0,0,0,0.0665896
386530,3,1,158996,41727,36243,117269,218055,0,0,0,0,0.0810436
386531,9,1,147196,38979,33315,108217,204712,0,0,0,0,0.058138
386534,9,2,163208,43270,37266,119927,227001,1,0,0,0,0.144954
386539,9,2,167825,44597,38647,123216,234032,1,0,0,0,0.141266
386540,3,1,161215,42462,36886,118753,222185,0,0,0,0,0.0823206
386541,9,1,196140,52804,46655,143336,275473,0,0,0,0,0.0602167
386544,9,1,216110,59574,51807,156536,313647,0,0,0,0,0.0911534
386549,9,1,207123,56545,49004,150578,296124,0,0,0,0,0.0736921
386550,9,2,153028,41677,36381,111338,221709,1,0,0,0,0.213407
386551,9,2,155097,42752,37362,112334,228289,1,0,0,0,0.166313
386554,9,2,148519,39813,34789,108694,209651,1,0,0,0,0.178355
386555,18,1,206302,56632,49476,149670,298297,0,0,0,0,0.0775178
386558,18,2,165037,45534,39745,119491,242338,1,0,0,0,0.137393
386559,9,1,172217,45285,38655,126932,235908,0,0,0,0,0.0586271
386562,18,2,186174,51899,45528,134263,277454,1,0,0,0,0.158128
386580,3,1,129846,33914,29326,95932,178124,0,0,0,0,0.131532
386581,9,1,157249,42286,36955,114963,223774,0,0,0,0,0.0798012
386584,9,1,167653,45623,40144,122030,241434,0,0,0,0,0.0789314
386589,9,1,163658,44158,38440,119500,233292,0,0,0,0,0.0733653
386590,9,1,147155,39651,33986,107504,210095,0,0,0,0,0.082933
386591,9,1,154943,40673,35604,114270,211971,0,0,0,0,0.0605822
386594,9,1,174434,46702,40734,127732,246149,0,0,0,0,0.0604099
386599,9,1,159571,41543,35114,118028,216974,0,0,0,0,0.065967
386602,18,1,183866,50689,44105,133177,270562,0,0,0,0,0.0823121
386605,18,1,200537,55824,49136,144713,297220,0,0,0,0,0.0684989
386608,18,1,197837,53451,46714,144386,280998,0,0,0,0,0.0961525
386620,9,1,167592,45260,39941,122332,237656,0,0,0,0,0.0818111
386621,9,1,185730,50075,43448,135655,260474,0,0,0,0,0.0601515
386624,9,1,183896,49194,42607,134702,256780,0,0,0,0,0.0704897
386629,9,1,160570,41906,35498,118664,217774,0,0,0,0,0.0695381
386642,18,1,169823,46424,40361,123399,247191,0,0,0,0,0.0605398
386645,18,1,195974,54167,47185,141807,288470,0,0,0,0,0.0628371
386648,18,1,200304,54980,47594,145324,292062,0,0,0,0,0.0614568
386670,9,1,131531,34709,30544,96822,182146,0,0,0,0,0.0684892
386671,9,2,158198,42304,36627,115881,223500,1,0,0,0,0.13525
386672,9,2,141072,36847,31751,104213,193692,1,0,0,0,0.167514
386673,9,1,135292,36606,31686,98686,195116,0,0,0,0,0.0559186
386674,9,1,171339,46643,40506,124696,246527,0,0,0,0,0.0601089
386675,9,2,153272,40699,35574,112560,214965,1,0,0,0,0.135595
386676,9,2,184606,51176,45117,133418,273743,1,0,0,0,0.150993
386677,9,2,180166,48910,42582,131244,259096,1,0,0,0,0.149899
386678,9,2,182287,50302,43853,131973,267609,1,0,0,0,0.143007
386679,9,1,162562,43853,38039,118709,231922,0,0,0,0,0.0579287
386680,3,1,117177,30335,25286,86842,159916,0,0,0,0,0.0834686
386681,9,1,135685,35819,29895,99866,188835,0,0,0,0,0.0575721
386684,9,1,143212,37653,32010,105559,196468,0,0,0,0,0.0576927
386689,9,1,117003,30943,26267,86060,164010,0,0,0,0,0.0598476
386690,3,1,132221,33866,28599,98355,176868,0,0,0,0,0.0754532
386691,9,1,148007,38944,32922,109063,204114,0,0,0,0,0.0557442
386694,9,1,154984,40450,34659,114534,209801,0,0,0,0,0.0536938
386699,9,1,124329,32407,27763,91922,170659,0,0,0,0,0.0526889
386700,3,1,160100,42705,37008,117395,225904,0,0,0,0,0.0818026
386701,9,1,159974,42417,36004,117557,224219,0,0,0,0,0.0559652
386704,9,1,160409,43249,36614,117160,228829,0,0,0,0,0.0580244
386709,9,1,162873,43094,36827,119779,225552,0,0,0,0,0.0559763
386710,3,1,160254,42729,37069,117525,225984,0,0,0,0,0.085409
386711,9,1,171952,45560,39202,126392,239086,0,0,0,0,0.0647129
386714,9,1,162097,43331,37192,118766,229383,0,0,0,0,0.0590854
386719,9,1,151444,40117,33811,111327,211301,0,0,0,0,0.0563582
386720,9,1,160164,42395,36664,117769,223166,0,0,0,0,0.0578204
386721,9,1,170828,45299,39258,125529,236034,0,0,0,0,0.0575594
386722,18,1,159836,44028,38064,115808,236022,0,0,0,0,0.0617795
386724,9,1,146940,38176,32388,108764,199744,0,0,0,0,0.0538967
386725,18,1,167269,45006,38662,122263,238279,0,0,0,0,0.0528573
386728,18,1,160113,43070,36431,117043,228002,0,0,0,0,0.0522028
386729,9,1,137781,36319,30687,101462,191475,0,0,0,0,0.0613073
386750,3,1,136479,34732,29820,101747,179363,0,0,0,0,0.071016
386751,9,1,156763,40555,34818,116208,208888,0,0,0,0,0.0578199
386754,9,1,166377,42732,36568,123645,217850,0,0,0,0,0.0618679
386759,9,1,132249,34016,28825,98233,176386,0,0,0,0,0.0636375
386760,3,1,167756,44738,38520,123018,236113,0,0,0,0,0.102571
386761,9,1,164010,43253,36918,120757,227432,0,0,0,0,0.0753932
386764,9,1,166216,44749,37686,121467,235985,0,0,0,0,0.0614894
386769,9,1,167511,43987,37344,123524,228600,0,0,0,0,0.0525657
386770,3,1,167709,44730,38540,122979,236071,0,0,0,0,0.0817784
386771,9,1,183666,48686,41618,134980,254629,0,0,0,0,0.0601235
386774,9,1,172274,46138,39689,126136,243253,0,0,0,0,0.0605792
386779,9,1,156062,40895,34505,115167,213992,0,0,0,0,0.0533538
386780,9,1,170273,45086,39138,125187,236120,0,0,0,0,0.0538464
386781,9,1,178244,46356,39848,131888,238748,0,0,0,0,0.0536558
386782,18,1,162454,44045,37936,118409,234664,0,0,0,0,0.0573387
386784,9,2,198682,55933,49008,142736,298870,1,0,0,0,0.154603
386785,18,1,182943,49034,42059,133909,257332,0,0,0,0,0.0530429
386788,18,1,160655,42954,36570,117701,226077,0,0,0,0,0.0498782
386789,9,1,141651,36920,31248,104731,192551,0,0,0,0,0.0544427
386810,3,1,161136,42417,36857,118719,221874,0,0,0,0,0.07929
386811,9,1,157965,41537,35797,116428,216884,0,0,0,0,0.0556169
386814,9,1,183216,49421,42416,133795,260536,0,0,0,0,0.0621297
386819,9,1,178236,47746,40888,130490,251246,0,0,0,0,0.0639809
386820,3,1,161046,42415,36851,118631,221918,0,0,0,0,0.0843697
386821,9,1,172437,45003,39144,127434,232801,0,0,0,0,0.0604843
386824,9,1,200010,53876,46757,146134,282208,0,0,0,0,0.0649515
386829,9,1,189535,50428,43611,139107,262293,0,0,0,0,0.0602036
386830,9,2,151800,41558,36088,110229,221535,1,0,0,0,0.146983
386831,9,2,151654,41758,36506,109883,222987,1,0,0,0,0.149374
386834,9,1,197426,52247,45977,145179,268159,0,0,0,0,0.0575702
386835,18,1,204481,55933,48546,148548,294865,0,0,0,0,0.056656
386838,18,1,198788,54066,46443,144722,284628,0,0,0,0,0.0555437
386839,9,1,191972,51142,44159,140830,265388,0,0,0,0,0.0575587
386842,18,1,156944,41692,36365,115252,219170,0,0,0,0,0.0548675
386860,3,1,129918,33933,29313,95985,178224,0,0,0,0,0.118038
386861,9,1,140857,37682,32708,103175,199666,0,0,0,0,0.0733307
386864,9,1,158398,42754,37278,115644,225949,0,0,0,0,0.074954
386869,9,1,147268,39003,33778,108265,205277,0,0,0,0,0.104294
386870,9,1,157604,42530,36664,115074,224608,0,0,0,0,0.0881373
386871,9,1,154290,40479,35512,113811,210027,0,0,0,0,0.062571
386874,9,1,174830,46481,40557,128349,243145,0,0,0,0,0.0636984
386879,9,1,162622,42165,35995,120457,217944,0,0,0,0,0.0625514
386882,18,1,172363,47250,40904,125113,251859,0,0,0,0,0.0625118
386885,18,1,184330,50956,44825,133374,271250,0,0,0,0,0.0641707
386888,18,1,174215,46959,40281,127256,248499,0,0,0,0,0.062379
386900,9,1,174126,46451,40474,127675,242649,0,0,0,0,0.0870938
386901,9,1,166621,43032,37304,123589,219308,0,0,0,0,0.0595925
386904,9,1,187023,49497,43176,137526,256514,0,0,0,0,0.0615034
386909,9,1,162656,42181,35995,120475,218081,0,0,0,0,0.0600252
386922,18,1,164092,44036,38110,120056,232806,0,0,0,0,0.0685086
386925,18,1,184737,50550,43974,134187,268031,0,0,0,0,0.0661969
386928,18,1,185759,50713,44013,135046,268632,0,0,0,0,0.062711
386950,9,1,129540,34278,29867,95262,180852,0,0,0,0,0.0836453
386951,9,2,177959,48179,41875,129768,255282,1,0,0,0,0.161881
386952,9,1,144048,37887,32865,106161,198765,0,0,0,0,0.0811866
386953,9,1,119621,32034,27608,87587,170478,0,0,0,0,0.0578691
386954,9,1,160243,43407,38055,116836,230031,0,0,0,0,0.0612178
386955,9,1,158840,42777,37581,116063,226053,0,0,0,0,0.0649864
386956,9,1,137088,36935,32608,100153,195627,0,0,0,0,0.0868898
386957,9,1,138550,36183,31679,102367,188432,0,0,0,0,0.0557374
386958,9,2,185677,51390,44882,134275,273734,1,0,0,0,0.152121
386959,9,1,153470,41862,35966,111608,222446,0,0,0,0,0.0611664
386960,9,1,99353,25874,21570,73479,137520,0,0,0,0,0.0608425
386961,9,1,113549,29212,24423,84337,153652,0,0,0,0,0.0673952
386964,9,1,121704,31082,26415,90622,161443,0,0,0,0,0.0771018
386969,9,1,121996,32159,27509,89837,169424,0,0,0,0,0.0933363
386970,9,1,111022,28351,23812,82671,148881,0,0,0,0,0.0535007
386971,9,2,175339,47672,40823,127654,254144,1,0,0,0,0.164919
386974,9,2,189253,51774,45065,137466,274886,1,0,0,0,0.170753
386979,9,1,133270,34460,29460,98810,180015,0,0,0,0,0.0687789
386980,9,1,136966,36811,31051,100155,196102,0,0,0,0,0.0560523
386981,9,1,149153,38924,32968,110229,204735,0,0,0,0,0.0542165
386984,9,1,138248,36469,30980,101779,191765,0,0,0,0,0.0534475
386989,9,2,162764,45155,39237,117596,240927,1,0,0,0,0.157123
386990,9,1,137146,36839,31120,100307,196198,0,0,0,0,0.0599861
386991,9,1,159452,41328,35260,118124,214527,0,0,0,0,0.0545939
386994,9,1,141773,37221,31999,104552,195757,0,0,0,0,0.0560296
386999,9,2,192463,54019,46774,138431,289985,1,0,0,0,0.176398
387000,9,1,147449,38239,32613,109210,200083,0,0,0,0,0.0560656
387001,9,2,141034,38292,33212,102730,203780,1,0,0,0,0.157054
387004,9,2,200583,56865,49259,143705,305664,1,0,0,0,0.18048
387009,9,2,192495,54137,46722,138345,290561,1,0,0,0,0.207398
387030,9,1,119654,30455,25841,89199,158030,0,0,0,0,0.0507297
387031,9,2,180020,49688,43210,130319,264066,1,0,0,0,0.211604
387034,9,2,192300,52577,46126,139710,277794,1,0,0,0,0.158237
387039,9,1,140477,35548,30640,104929,182346,0,0,0,0,0.0706263
387040,9,1,139408,37286,31659,102122,198021,0,0,0,0,0.056671
387041,9,1,153019,40229,34623,112790,210850,0,0,0,0,0.0546258
387044,9,1,147091,38686,32954,108405,201769,0,0,0,0,0.0544332
387049,9,2,161239,44877,39103,116349,239869,1,0,0,0,0.179957
387050,9,1,139427,37290,31659,102137,198033,0,0,0,0,0.0643024
387051,9,2,155160,42116,36675,113032,223783,1,0,0,0,0.156341
387054,9,1,153112,40144,34960,112968,209136,0,0,0,0,0.0553963
387059,9,2,190650,53473,46253,137164,286368,1,0,0,0,0.209072
387060,9,1,153756,39956,34279,113800,208246,0,0,0,0,0.0761602
387061,9,2,149482,41041,35925,108429,218547,1,0,0,0,0.234462
387064,9,2,204634,56830,49387,147791,303183,1,0,0,0,0.20878
387069,9,2,192813,54150,46675,138650,290095,1,0,0,0,0.207159
387090,9,1,134604,35447,30461,99157,185867,0,0,0,0,0.0694027
387091,9,2,173331,47613,41729,125705,252833,1,0,0,0,0.225092
387094,9,1,161762,42815,36907,118947,224284,0,0,0,0,0.0873859
387099,9,2,205116,56214,49857,148890,298399,1,0,0,0,0.199408
387100,9,1,134414,35406,30443,99008,185658,0,0,0,0,0.0575245
387101,9,2,156409,42852,37327,113545,227840,1,0,0,0,0.150178
387104,9,2,190141,52609,46373,137520,279544,1,0,0,0,0.149426
387109,9,2,193621,53329,47107,140280,282442,1,0,0,0,0.167626
387110,9,2,152571,41803,36296,110756,222551,1,0,0,0,0.170883
387111,9,2,153908,42358,36910,111538,225645,1,0,0,0,0.15378
387114,9,2,153147,41819,36728,111315,221428,1,0,0,0,0.182199
387119,9,2,152108,41255,35892,110840,218964,1,0,0,0,0.199628
387140,9,1,115312,29981,25885,85331,157670,0,0,0,0,0.129572
387141,9,1,122692,33175,28952,89517,177231,0,0,0,0,0.0885909
387144,9,1,138842,37264,32549,101578,197405,0,0,0,0,0.0873488
387149,9,1,137138,35652,31090,101486,185532,0,0,0,0,0.0685042
387150,9,1,130246,33974,29466,96272,178118,0,0,0,0,0.0678426
387151,9,1,127678,33922,29337,93756,179660,0,0,0,0,0.0540455
387154,9,1,139746,36712,31826,103034,192722,0,0,0,0,0.0514453
387159,9,1,140128,36229,31461,103899,187055,0,0,0,0,0.0516972
387180,9,1,140486,35885,31199,104601,184950,0,0,0,0,0.0976867
387181,9,1,131375,33919,29213,97456,176159,0,0,0,0,0.0514145
387184,9,1,145059,37457,32679,107602,193221,0,0,0,0,0.0741062
387189,9,1,139992,36203,31458,103789,186898,0,0,0,0,0.0732318
387230,9,1,137229,36467,31748,100762,192574,0,0,0,0,0.111384
387231,9,1,158197,40580,34684,117617,209302,0,0,0,0,0.0897108
387232,9,1,143199,37550,32687,105649,196791,0,0,0,0,0.0902197
387233,9,1,137663,36396,31546,101267,191936,0,0,0,0,0.107305
387234,9,1,161496,43295,38106,118201,228250,0,0,0,0,0.10086
387235,9,1,161684,42898,37823,118786,225418,0,0,0,0,0.140499
387236,9,1,157821,41991,36832,115830,221179,0,0,0,0,0.12
387237,9,1,152430,39884,34359,112546,207762,0,0,0,0,0.0969494
387238,9,1,166388,44621,38532,121767,234134,0,0,0,0,0.0944951
387239,9,1,145042,38501,32989,106541,202781,0,0,0,0,0.0937539
387522,18,1,136510,36739,31130,99771,195523,0,0,0,0,0.0603735
387525,18,1,141453,38007,32713,103446,201628,0,0,0,0,0.0620839
387528,18,1,137155,36436,31164,100719,191141,0,0,0,0,0.0570176
387532,18,1,149543,39911,34201,109632,211518,0,0,0,0,0.0554232
387535,18,1,155017,41121,35552,113896,216700,0,0,0,0,0.0827718
387538,18,1,144236,37880,32270,106356,197519,0,0,0,0,0.0772384
387542,18,1,159473,43154,37062,116319,230120,0,0,0,0,0.0704764
387545,18,1,162573,43252,36996,119321,228050,0,0,0,0,0.061467
387548,18,1,170217,45572,38514,124645,240072,0,0,0,0,0.0809065
387552,18,1,168462,45077,39073,123385,238468,0,0,0,0,0.0619862
387555,18,1,165611,43979,37846,121632,232306,0,0,0,0,0.0506428
387558,18,1,161601,43387,36624,118214,229664,0,0,0,0,0.0527827
387562,18,1,151662,40399,34902,111263,212945,0,0,0,0,0.0523102
387565,18,1,172020,45972,39522,126048,243766,0,0,0,0,0.0494656
387568,18,1,168510,45134,38698,123376,239512,0,0,0,0,0.0542197
387570,18,1,153042,40801,34726,112241,216705,0,0,0,0,0.0775852
387571,18,1,162162,43150,36506,119012,228120,0,0,0,0,0.0587642
387572,18,1,152209,39762,34504,112447,208240,0,0,0,0,0.0642007
387573,18,1,162616,44206,38737,118410,235555,0,0,0,0,0.0981265
387574,18,1,161193,42339,36335,118854,222466,0,0,0,0,0.0585904
387575,18,1,162925,43768,38090,119157,232024,0,0,0,0,0.0570773
387576,18,1,173844,46147,39504,127697,243352,0,0,0,0,0.063014
387577,18,1,159357,42308,36489,117049,222550,0,0,0,0,0.0547753
387578,18,1,160975,42945,37032,118030,227134,0,0,0,0,0.063705
387579,18,1,154618,41026,34786,113592,216612,0,0,0,0,0.0769766
387592,18,1,156355,40983,35576,115372,213636,0,0,0,0,0.0720334
387595,18,1,163099,42694,36977,120405,221585,0,0,0,0,0.0554258
387598,18,1,152682,39639,33664,113043,203799,0,0,0,0,0.0669576
387602,18,1,162668,43055,36902,119613,226900,0,0,0,0,0.0549113
387605,18,1,172655,45561,39182,127094,238090,0,0,0,0,0.0638427
387608,18,1,175638,46827,39849,128811,245363,0,0,0,0,0.0703902
387612,18,2,193433,53207,46830,140213,284245,1,0,0,0,0.171255
387615,18,1,179956,47910,41519,132046,252118,0,0,0,0,0.0516353
387618,18,1,165052,44081,37347,120971,232224,0,0,0,0,0.0515531
387622,18,2,194093,53809,47322,140271,287222,1,0,0,0,0.16919
387625,18,2,193614,54825,48630,138777,294406,1,0,0,0,0.158254
387628,18,2,187263,52579,46096,134672,281775,1,0,0,0,0.150623
387630,18,1,162700,43411,36905,119289,229657,0,0,0,0,0.0580023
387631,18,1,165706,43501,37237,122205,227823,0,0,0,0,0.0546339
387632,18,1,151630,39633,34412,111997,207634,0,0,0,0,0.0538142
387633,18,1,170670,45662,40027,125008,241918,0,0,0,0,0.0791429
387634,18,1,168809,43639,37629,125170,226726,0,0,0,0,0.0550801
387635,18,1,165798,43776,38061,122022,229841,0,0,0,0,0.0526325
387636,18,1,183721,48718,42051,135003,255127,0,0,0,0,0.0775066
387637,18,1,158861,42253,36450,116608,222379,0,0,0,0,0.0587092
387638,18,1,166353,44087,37808,122266,231564,0,0,0,0,0.06165
387639,18,1,159084,42342,35984,116742,222934,0,0,0,0,0.0747976
387652,18,2,149026,40051,34661,108963,212312,1,0,0,0,0.209976
387655,18,1,179389,48297,41488,131092,254729,0,0,0,0,0.0683842
387658,18,1,182538,49377,42373,133161,260984,0,0,0,0,0.0753739
387662,18,2,154305,42280,37053,112013,225118,1,0,0,0,0.179808
387665,18,1,196706,52943,45600,143763,278015,0,0,0,0,0.0586183
387668,18,1,193817,52263,45243,141554,274258,0,0,0,0,0.0748068
387672,18,2,156170,43052,37828,113105,229965,1,0,0,0,0.196469
387675,18,2,159742,43744,38264,115985,232335,1,0,0,0,0.149047
387678,18,2,156002,42560,37272,113429,226197,1,0,0,0,0.187128
387680,18,1,155848,40623,35177,115225,212781,0,0,0,0,0.065098
387681,18,1,156026,40635,35183,115391,212740,0,0,0,0,0.0571341
387682,18,1,150998,39739,34563,111259,208947,0,0,0,0,0.0603789
387684,18,1,187282,49970,42689,137312,261177,0,0,0,0,0.060914
387685,18,1,189633,51263,44429,138370,271188,0,0,0,0,0.0610645
387686,18,1,196715,53386,46555,143329,282947,0,0,0,0,0.0800255
387687,18,1,183303,49475,42881,133828,261339,0,0,0,0,0.0591828
387688,18,1,190808,51532,44580,139276,272372,0,0,0,0,0.0601589
387689,18,1,191436,52046,44530,139390,273870,0,0,0,0,0.0873943
387693,18,1,166745,43920,38543,122825,230157,0,0,0,0,0.101398
387702,18,1,155108,40964,35807,114144,214676,0,0,0,0,0.054487
387705,18,1,159305,42715,37157,116590,225567,0,0,0,0,0.0573773
387708,18,1,162679,43995,37924,118684,232983,0,0,0,0,0.0582531
387712,18,1,152753,40436,35446,112317,213129,0,0,0,0,0.0527792
387715,18,1,167254,45061,39405,122193,239037,0,0,0,0,0.0550386
387718,18,1,166819,45212,39464,121607,240195,0,0,0,0,0.0551966
387720,18,1,162087,44182,38597,117905,235319,0,0,0,0,0.102573
387721,18,1,166976,45274,39285,121702,240346,0,0,0,0,0.0597516
387722,18,1,176975,48241,42435,128734,256059,0,0,0,0,0.065061
387724,18,1,181593,49557,42438,132036,263086,0,0,0,0,0.060966
387725,18,1,190783,52006,45553,138777,276291,0,0,0,0,0.0609316
387728,18,1,176086,46648,40278,129438,245316,0,0,0,0,0.0591431
387729,18,1,177493,47918,40864,129575,253447,0,0,0,0,0.0602212
387733,18,1,167043,43964,37661,123079,230453,0,0,0,0,0.0659195
387736,18,1,184210,49460,42937,134750,261163,0,0,0,0,0.0582046
387737,18,1,172403,45635,39133,126768,239483,0,0,0,0,0.054901
387742,18,1,149108,38697,33378,110411,200554,0,0,0,0,0.0531459
387745,18,1,164535,44264,38330,120271,233753,0,0,0,0,0.0523412
387748,18,1,165570,44664,39024,120906,236087,0,0,0,0,0.0535952
387750,18,1,170983,46394,40769,124589,245930,0,0,0,0,0.0818351
387751,18,1,176368,47104,40694,129264,246754,0,0,0,0,0.0590813
387754,18,1,187236,50892,43984,136344,269085,0,0,0,0,0.061229
387759,18,1,177562,47979,40920,129583,253849,0,0,0,0,0.0573745
387762,18,1,168466,45606,39412,122860,241577,0,0,0,0,0.0635912
387763,18,1,157867,41882,36076,115985,220171,0,0,0,0,0.0577211
387765,18,1,189338,51531,44969,137807,273796,0,0,0,0,0.0722511
387766,18,1,186084,50165,43375,135919,265219,0,0,0,0,0.0612014
387767,18,1,183796,49549,43094,134247,260890,0,0,0,0,0.0582045
387768,18,1,179123,47753,41142,131370,252081,0,0,0,0,0.0744501
387780,18,1,164240,43435,37712,120805,227956,0,0,0,0,0.0890255
387781,18,1,177268,45998,39735,131270,236658,0,0,0,0,0.0576696
387782,18,1,164610,43080,36962,121530,224759,0,0,0,0,0.0581715
387783,18,1,151584,40433,34935,111151,213033,0,0,0,0,0.0581362
387784,18,1,187925,50803,44228,137122,267097,0,0,0,0,0.0587746
387785,18,1,184934,49571,43354,135363,259904,0,0,0,0,0.0610458
387786,18,1,167659,44174,38584,123485,230933,0,0,0,0,0.0619638
387787,18,1,175581,46396,40050,129185,240882,0,0,0,0,0.0766844
387788,18,1,185952,49840,43209,136112,259681,0,0,0,0,0.0584138
387789,18,1,171975,46091,39774,125884,241845,0,0,0,0,0.0572271
387800,6,1,158769,40916,35563,117853,214710,0,0,0,0,0.122511
387801,18,1,153759,40780,35036,112979,216065,0,0,0,0,0.0819724
387804,18,1,178341,48083,42445,130258,256145,0,0,0,0,0.0810615
387809,18,1,168600,46079,39845,122521,246703,0,0,0,0,0.0837413
387810,6,1,156937,41365,35907,115572,219142,0,0,0,0,0.0833202
387811,18,1,153322,40798,34618,112524,217062,0,0,0,0,0.0591941
387814,18,1,176065,47575,41481,128490,253414,0,0,0,0,0.0589307
387819,18,1,159712,43206,37391,116506,231009,0,0,0,0,0.0565679
387820,6,1,156747,41311,35846,115436,218807,0,0,0,0,0.082565
387821,18,1,153282,40783,34603,112499,216965,0,0,0,0,0.0600955
387824,18,1,176502,47733,41636,128769,254254,0,0,0,0,0.0567872
387829,18,1,160287,43336,37445,116951,231646,0,0,0,0,0.0572564
387830,6,1,156903,41366,35903,115537,219110,0,0,0,0,0.0845644
387831,18,1,172769,47183,40537,125586,252065,0,0,0,0,0.0599815
387834,18,1,186936,51002,44455,135934,271225,0,0,0,0,0.0606316
387839,18,1,149933,39959,34314,109974,212953,0,0,0,0,0.0604922
387840,18,1,139555,36969,31480,102586,196716,0,0,0,0,0.0573734
387841,18,1,154650,41438,35830,113212,220935,0,0,0,0,0.0592366
387844,18,1,169692,45404,39449,124288,241018,0,0,0,0,0.0586336
387849,18,1,162333,43449,37931,118884,231143,0,0,0,0,0.0772659
387862,36,1,160967,43052,37183,117915,229563,0,0,0,0,0.0559519
387865,36,1,171198,46162,39866,125036,246095,0,0,0,0,0.0561857
387868,36,1,174917,46626,40545,128291,247101,0,0,0,0,0.0597324
387870,6,1,167520,43836,38288,123684,230065,0,0,0,0,0.0737978
387871,18,1,164574,43602,37501,120972,230193,0,0,0,0,0.0575384
387874,18,2,345910,92955,81444,252942,489143,1,0,0,0,0.161471
387879,18,1,162893,42814,37222,120079,224134,0,0,0,0,0.0532494
387880,6,1,167406,43770,38228,123636,229622,0,0,0,0,0.0750736
387881,18,1,164444,43559,37492,120885,229924,0,0,0,0,0.0556422
387884,18,2,345973,92970,81459,252990,489217,1,0,0,0,0.156189
387889,18,1,162992,42828,37240,120164,224158,0,0,0,0,0.0505807
387890,6,1,167387,43761,38223,123626,229566,0,0,0,0,0.0737162
387891,18,1,192045,52142,45176,139903,275753,0,0,0,0,0.0701937
387894,18,1,203507,55176,48160,148331,290809,0,0,0,0,0.0763818
387899,18,1,153755,40097,34759,113658,210731,0,0,0,0,0.0533697
387900,18,1,148284,39006,33894,109278,205919,0,0,0,0,0.052275
387901,18,1,167245,44531,38903,122714,235044,0,0,0,0,0.0539647
387904,18,1,178856,47576,41520,131280,249946,0,0,0,0,0.0650216
387909,18,1,175069,46877,40782,128192,247490,0,0,0,0,0.0769992
387922,36,1,177028,47604,41036,129424,252700,0,0,0,0,0.0615941
387925,36,1,186557,50246,43461,136311,266070,0,0,0,0,0.0688409
387928,36,1,181896,48254,41722,133642,253328,0,0,0,0,0.0636538
387930,6,1,160324,41539,36405,118785,218162,0,0,0,0,0.0899126
387931,18,1,134558,34932,30237,99626,184653,0,0,0,0,0.0568869
387934,18,1,172843,46120,39791,126723,242750,0,0,0,0,0.0693397
387939,18,1,175236,46086,39776,129150,241179,0,0,0,0,0.0575283
387940,6,1,160292,41526,36413,118766,218082,0,0,0,0,0.0796572
387941,18,1,151024,39887,34935,111137,211320,0,0,0,0,0.0510176
387944,18,1,164066,43584,38034,120482,230471,0,0,0,0,0.0617164
387949,18,1,158002,40926,35676,117076,214582,0,0,0,0,0.0544197
387950,18,1,146769,38298,33175,108471,201932,0,0,0,0,0.0762054
387951,18,1,175850,46329,40150,129521,243163,0,0,0,0,0.0853076
387954,18,2,315971,83939,73235,232019,443059,1,0,0,0,0.151041
387959,18,1,173312,45893,39731,127419,241277,0,0,0,0,0.054085
387972,36,1,160732,42193,36859,118539,223400,0,0,0,0,0.0707535
387975,36,1,183802,49288,42862,134514,261625,0,0,0,0,0.0751301
387978,36,1,173663,46030,39874,127633,242668,0,0,0,0,0.0738788
387980,6,1,160368,41557,36430,118811,218268,0,0,0,0,0.0873044
387981,18,1,166464,43734,38552,122730,229368,0,0,0,0,0.0550158
387984,18,1,163450,43408,37903,120042,229102,0,0,0,0,0.0685332
387989,18,1,144967,37350,32417,107617,196011,0,0,0,0,0.0480423
387990,18,1,146982,38372,33235,108610,202358,0,0,0,0,0.0552793
387991,18,1,182070,48293,42000,133777,252954,0,0,0,0,0.0619245
387994,18,1,166015,43552,38299,122463,228253,0,0,0,0,0.0615311
387999,18,1,156609,41112,35733,115497,215900,0,0,0,0,0.057363
388012,36,1,171463,45095,39662,126368,237917,0,0,0,0,0.0577457
388015,36,1,181835,48575,42363,133260,257238,0,0,0,0,0.0532525
388018,36,1,163041,43207,37509,119834,228063,0,0,0,0,0.0489777
388020,18,1,158576,40683,35517,117893,211289,0,0,0,0,0.0526963
388021,18,1,158805,40726,35557,118079,211479,0,0,0,0,0.0520757
388024,18,1,163598,42256,36660,121342,218882,0,0,0,0,0.0715868
388029,18,1,145717,38081,32917,107636,200335,0,0,0,0,0.055191
388042,36,1,167427,43835,38243,123592,229970,0,0,0,0,0.0563416
388045,36,1,181127,48164,42159,132963,253268,0,0,0,0,0.0531622
388048,36,1,170922,45711,39821,125211,241923,0,0,0,0,0.0499381
388070,18,1,137378,35259,30921,102119,184301,0,0,0,0,0.0508974
388071,18,1,137641,35301,30967,102340,184432,0,0,0,0,0.0690712
388072,18,1,140843,35951,31306,104892,188464,0,0,0,0,0.0602764
388073,18,1,164598,42903,37615,121695,225461,0,0,0,0,0.0734835
388074,18,1,158624,40206,34894,118418,207302,0,0,0,0,0.0507882
388075,18,1,152843,39399,34186,113444,205419,0,0,0,0,0.0509865
388076,18,1,165076,42895,37227,122181,223333,0,0,0,0,0.0574753
388077,18,1,144150,37337,32527,106813,196203,0,0,0,0,0.0503785
388078,18,1,152924,39750,34449,113174,208533,0,0,0,0,0.0645006
388079,18,1,146824,38228,32882,108596,201365,0,0,0,0,0.0706191
388080,6,1,159187,41044,35658,118143,215446,0,0,0,0,0.193712
388081,18,1,153158,40598,34883,112560,215141,0,0,0,0,0.0784751
388084,18,1,178324,48055,42337,130269,255990,0,0,0,0,0.0856052
388089,18,1,168308,46014,39775,122294,246368,0,0,0,0,0.0815847
388090,6,1,157029,41397,35961,115632,219365,0,0,0,0,0.112604
388091,18,1,153107,40728,34555,112379,216733,0,0,0,0,0.0588403
388094,18,1,176412,47653,41541,128759,253738,0,0,0,0,0.0567945
388099,18,1,159198,43050,37242,116148,230185,0,0,0,0,0.0589958
388100,6,1,156839,41343,35900,115496,219030,0,0,0,0,0.109021
388101,18,1,153072,40714,34540,112358,216641,0,0,0,0,0.0638013
388104,18,1,176895,47824,41704,129071,254650,0,0,0,0,0.0582446
388109,18,1,159852,43205,37322,116647,230957,0,0,0,0,0.0572673
388110,6,1,156980,41395,35953,115585,219321,0,0,0,0,0.0861889
388111,18,1,172481,47068,40439,125413,251434,0,0,0,0,0.0651722
388114,18,1,186655,50891,44350,135764,270594,0,0,0,0,0.0679943
388119,18,1,149649,39858,34226,109791,212406,0,0,0,0,0.0609867
388120,18,1,139343,36906,31422,102437,196410,0,0,0,0,0.0596435
388121,18,1,154241,41332,35723,112909,220422,0,0,0,0,0.0581492
388124,18,1,169334,45280,39337,124054,240338,0,0,0,0,0.0583035
388129,18,1,162199,43393,37895,118806,230850,0,0,0,0,0.0877338
388142,36,1,160458,42887,37063,117571,228699,0,0,0,0,0.0566898
388145,36,1,170647,45986,39769,124661,245157,0,0,0,0,0.0571636
388148,36,1,174624,46513,40477,128111,246528,0,0,0,0,0.0618251
388150,6,1,167313,43648,38106,123665,228861,0,0,0,0,0.082666
388151,18,1,164665,43606,37481,121059,230166,0,0,0,0,0.0857674
388154,18,2,331849,89586,78595,242250,472296,1,0,0,0,0.210266
388159,18,1,162912,42781,37223,120131,223890,0,0,0,0,0.0591963
388160,6,1,167199,43582,38045,123617,228418,0,0,0,0,0.0894467
388161,18,1,164537,43564,37472,120973,229903,0,0,0,0,0.0630215
388164,18,2,331912,89601,78605,242298,472370,1,0,0,0,0.201009
388169,18,1,162903,42780,37231,120123,223876,0,0,0,0,0.0701059
388170,6,1,167178,43572,38039,123606,228356,0,0,0,0,0.0762487
388171,18,1,192254,52181,45173,140073,275920,0,0,0,0,0.076568
388174,18,1,203824,55263,48246,148561,291231,0,0,0,0,0.0635842
388179,18,1,153849,40072,34724,113777,210578,0,0,0,0,0.0520036
388180,18,1,147663,38696,33630,108967,204077,0,0,0,0,0.0529574
388181,18,1,167620,44598,38991,123022,235359,0,0,0,0,0.0547229
388184,18,1,179307,47692,41622,131615,250547,0,0,0,0,0.0558558
388189,18,1,175385,46897,40780,128488,247502,0,0,0,0,0.0838912
388202,36,1,177119,47583,41033,129536,252476,0,0,0,0,0.0590473
388205,36,1,186619,50237,43444,136382,265968,0,0,0,0,0.0644315
388208,36,1,183434,48659,42064,134775,255431,0,0,0,0,0.0608495
388210,6,1,160542,41566,36380,118976,218321,0,0,0,0,0.0798546
388211,18,1,134503,34910,30240,99593,184513,0,0,0,0,0.0530321
388214,18,1,173094,46159,39818,126935,242893,0,0,0,0,0.0590317
388219,18,1,174723,45936,39623,128787,240403,0,0,0,0,0.0566622
388220,6,1,160554,41557,36393,118997,218235,0,0,0,0,0.0932321
388221,18,1,150821,39815,34899,111006,210915,0,0,0,0,0.0594655
388224,18,1,164243,43627,38054,120616,230724,0,0,0,0,0.0751052
388229,18,1,157997,40922,35674,117075,214596,0,0,0,0,0.0509408
388230,18,1,146311,38127,33007,108184,200984,0,0,0,0,0.0561721
388231,18,1,176003,46357,40178,129646,243294,0,0,0,0,0.0833104
388234,18,2,305171,81392,71175,223766,430326,1,0,0,0,0.178221
388239,18,1,174190,46083,39859,128107,242181,0,0,0,0,0.0759865
388252,36,1,160818,42219,36905,118599,223555,0,0,0,0,0.057442
388255,36,1,183806,49317,42905,134489,261818,0,0,0,0,0.0523057
388258,36,1,173511,46023,39922,127488,242694,0,0,0,0,0.0512796
388260,6,1,160630,41588,36410,119042,218421,0,0,0,0,0.0883507
388261,18,1,166303,43685,38522,122618,229139,0,0,0,0,0.0550231
388264,18,1,163105,43275,37786,119830,228316,0,0,0,0,0.0552358
388269,18,1,144675,37246,32340,107429,195413,0,0,0,0,0.0540895
388270,18,1,146535,38203,33069,108332,201420,0,0,0,0,0.0608307
388271,18,1,181964,48254,41969,133710,252764,0,0,0,0,0.0674572
388274,18,1,165916,43504,38259,122412,227991,0,0,0,0,0.0552131
388279,18,1,156885,41149,35730,115736,216006,0,0,0,0,0.0577756
388292,36,1,171500,45102,39669,126398,237896,0,0,0,0,0.0562105
388295,36,1,182025,48604,42397,133421,257358,0,0,0,0,0.0522697
388298,36,1,163009,43223,37532,119786,228219,0,0,0,0,0.0470421
388300,18,1,158407,40620,35479,117787,210894,0,0,0,0,0.0486693
388301,18,1,158636,40663,35517,117973,211084,0,0,0,0,0.0492987
388304,18,1,163058,41982,36415,121076,217161,0,0,0,0,0.0494742
388309,18,1,145418,37903,32731,107515,199194,0,0,0,0,0.0523415
388322,36,1,167317,43798,38210,123519,229773,0,0,0,0,0.0565811
388325,36,1,180988,48094,42094,132894,252828,0,0,0,0,0.0504045
388328,36,1,170990,45706,39817,125284,241815,0,0,0,0,0.0502681
388350,18,1,137237,35186,30874,102051,183851,0,0,0,0,0.0450935
388351,18,1,137509,35230,30921,102279,183994,0,0,0,0,0.0465841
388352,18,1,140794,35925,31321,104869,188321,0,0,0,0,0.0510253
388353,18,1,164765,42901,37646,121864,225357,0,0,0,0,0.075653
388354,18,1,158848,40252,34911,118596,207495,0,0,0,0,0.0518516
388355,18,1,152758,39383,34155,113375,205331,0,0,0,0,0.0682983
388356,18,1,165120,42865,37214,122255,223101,0,0,0,0,0.0677307
388357,18,1,144104,37286,32473,106818,195859,0,0,0,0,0.0497828
388358,18,1,153247,39813,34461,113434,208884,0,0,0,0,0.0521113
388359,18,1,146677,38192,32824,108485,201197,0,0,0,0,0.0680934
388370,6,1,189200,50586,44014,138614,267497,0,0,0,0,0.113171
388371,18,1,182231,49489,42621,132742,263595,0,0,0,0,0.0868484
388374,18,2,194704,52622,46702,142069,280485,1,0,0,0,0.133196
388379,18,1,186792,50321,43530,136471,265655,0,0,0,0,0.0590226
388380,6,1,189194,50583,44017,138611,267474,0,0,0,0,0.090629
388381,18,1,182286,49497,42646,132789,263632,0,0,0,0,0.0681097
388384,18,2,194505,52551,46622,141941,280085,1,0,0,0,0.131785
388389,18,1,187209,50408,43739,136801,266055,0,0,0,0,0.0678025
388390,6,1,189168,50578,44020,138590,267444,0,0,0,0,0.125709
388391,18,1,202126,55537,48209,146589,295228,0,0,0,0,0.0684255
388394,18,1,215910,58957,51756,156953,311816,0,0,0,0,0.0694077
388399,18,1,174495,46801,40630,127694,247904,0,0,0,0,0.0616497
388400,18,1,164701,44064,37838,120637,233735,0,0,0,0,0.0633824
388401,18,1,179027,48424,42341,130603,257021,0,0,0,0,0.0643338
388404,18,1,188965,50826,44119,138139,268232,0,0,0,0,0.0637345
388409,18,1,193772,52224,45902,141548,276285,0,0,0,0,0.0954085
388422,36,1,192862,52859,46193,140003,282020,0,0,0,0,0.0638006
388425,36,1,200312,54916,48027,145396,292338,0,0,0,0,0.0681845
388428,36,1,198730,53940,46986,144790,285567,0,0,0,0,0.0784315
388430,6,1,195801,52426,45902,143375,276484,0,0,0,0,0.104544
388431,18,1,190612,51786,44602,138826,274809,0,0,0,0,0.0691051
388434,18,2,204684,55515,49434,149156,295871,1,0,0,0,0.128493
388439,18,2,239449,66149,58838,173287,354041,1,0,0,0,0.156645
388440,6,1,195753,52395,45861,143358,276250,0,0,0,0,0.0932313
388441,18,1,190543,51746,44567,138797,274523,0,0,0,0,0.0820278
388444,18,2,204592,55495,49431,149084,295780,1,0,0,0,0.122642
388449,18,2,239867,66230,58919,173624,354476,1,0,0,0,0.13005
388450,6,1,195739,52396,45848,143343,276249,0,0,0,0,0.0842942
388451,18,1,207745,57100,49905,150645,302744,0,0,0,0,0.0632919
388454,18,1,222180,61136,53709,161044,322925,0,0,0,0,0.0692257
388459,18,1,178778,47925,41800,130853,252866,0,0,0,0,0.0634383
388460,18,1,170565,45779,39392,124786,241936,0,0,0,0,0.0860361
388461,18,2,324730,88066,77235,236651,468596,1,0,0,0,0.179862
388464,18,2,338617,91828,80673,246776,487455,1,0,0,0,0.199647
388469,18,1,199523,53637,47260,145886,282599,0,0,0,0,0.10572
388482,36,1,199252,54914,47799,144338,292701,0,0,0,0,0.09775
388485,36,1,206362,56791,49525,149571,301295,0,0,0,0,0.0863164
388488,36,1,207123,56587,49259,150536,298874,0,0,0,0,0.0673707
388490,6,1,155332,40312,35280,115020,212823,0,0,0,0,0.0820182
388491,18,1,133397,34759,29983,98638,184530,0,0,0,0,0.0580985
388494,18,1,169979,45708,39404,124271,242848,0,0,0,0,0.0803505
388499,18,1,165887,44091,38079,121796,232976,0,0,0,0,0.0617762
388500,6,1,155238,40289,35262,114949,212685,0,0,0,0,0.090021
388501,18,1,149531,39609,34722,109922,210796,0,0,0,0,0.0589333
388504,18,1,182669,49705,43322,132964,264468,0,0,0,0,0.0625558
388509,18,1,180067,48539,42530,131528,256883,0,0,0,0,0.0593255
388510,18,1,145786,38310,32889,107476,203297,0,0,0,0,0.0569723
388511,18,1,169987,44756,38433,125231,236168,0,0,0,0,0.0602529
388514,18,1,178628,48040,41610,130588,254488,0,0,0,0,0.0604028
388519,18,1,177823,48036,41604,129787,254957,0,0,0,0,0.0619945
388532,36,1,157285,41679,35961,115606,222281,0,0,0,0,0.0552341
388535,36,1,192881,52855,45845,140026,281742,0,0,0,0,0.0555439
388538,36,1,193175,52557,45613,140618,279281,0,0,0,0,0.0545287
388540,6,1,155216,40280,35238,114936,212631,0,0,0,0,0.0800665
388541,18,1,169742,45220,39779,124522,239245,0,0,0,0,0.0572108
388544,18,1,200727,54716,47836,146011,289198,0,0,0,0,0.0675033
388549,18,1,198365,53695,47043,144670,282614,0,0,0,0,0.0615248
388550,18,1,145968,38388,32940,107580,203764,0,0,0,0,0.0566882
388551,18,1,177016,46976,40714,130040,247413,0,0,0,0,0.0580758
388554,18,1,183830,49228,42852,134602,259649,0,0,0,0,0.0666585
388559,18,1,187125,50229,43342,136896,264997,0,0,0,0,0.0603739
388572,36,1,170187,45501,39781,124686,242614,0,0,0,0,0.0602063
388575,36,1,203527,55767,48825,147760,296473,0,0,0,0,0.0571728
388578,36,1,202045,55038,47890,147007,291807,0,0,0,0,0.0601628
388580,18,1,155999,40546,35211,115453,212999,0,0,0,0,0.0515267
388581,18,1,156301,40618,35273,115683,213375,0,0,0,0,0.0531857
388584,18,1,184595,48994,42739,135601,255975,0,0,0,0,0.0874454
388589,18,1,177937,47245,40827,130692,247984,0,0,0,0,0.0798416
388602,36,1,162186,42570,36839,119616,224726,0,0,0,0,0.0777336
388605,36,1,198622,54284,47101,144338,289714,0,0,0,0,0.0591156
388608,36,1,199682,54608,47504,145074,291348,0,0,0,0,0.0607578
388630,18,1,138957,35793,31184,103164,188674,0,0,0,0,0.0521549
388631,18,1,138995,35798,31210,103197,188689,0,0,0,0,0.0531431
388632,18,1,139781,35992,31184,103789,190499,0,0,0,0,0.0685979
388633,18,1,157760,41011,36122,116749,216615,0,0,0,0,0.0752645
388634,18,1,170766,44920,38689,125846,234335,0,0,0,0,0.0556747
388635,18,1,174216,46507,40282,127709,246185,0,0,0,0,0.0656758
388636,18,1,176054,47362,41071,128692,251717,0,0,0,0,0.0576613
388637,18,1,173551,46821,40754,126730,249018,0,0,0,0,0.0568486
388638,18,1,176986,47585,41363,129401,252373,0,0,0,0,0.0649162
388639,18,1,170137,44965,38783,125172,235850,0,0,0,0,0.0775459
388660,6,1,168938,44997,39057,123941,239111,0,0,0,0,0.113568
388661,18,1,150694,40342,34789,110352,215095,0,0,0,0,0.0697819
388664,18,1,182612,49454,42773,133158,262679,0,0,0,0,0.0645007
388669,18,1,193075,52249,45137,140826,277707,0,0,0,0,0.0621053
388670,6,1,169059,45027,39070,124032,239260,0,0,0,0,0.0843154
388671,18,1,173527,47085,41097,126442,251024,0,0,0,0,0.0568492
388674,18,1,184963,50641,44180,134322,270444,0,0,0,0,0.0654266
388679,18,1,185728,49644,43440,136084,262547,0,0,0,0,0.0596542
388680,18,1,158745,42677,36732,116068,227231,0,0,0,0,0.0580168
388681,18,1,169125,44705,38808,124420,235562,0,0,0,0,0.0561416
388684,18,1,159162,42099,36775,117063,222204,0,0,0,0,0.0545177
388689,18,1,188583,50473,43392,138110,265802,0,0,0,0,0.0612788
388702,36,1,160703,42899,37296,117804,228784,0,0,0,0,0.053385
388705,36,1,191757,52696,46044,139061,281881,0,0,0,0,0.0600485
388708,36,1,191077,51738,44782,139339,274627,0,0,0,0,0.0599583
388720,6,1,181348,48683,42476,132665,258343,0,0,0,0,0.113959
388721,18,1,159110,42917,37021,116193,228717,0,0,0,0,0.0587122
388724,18,1,193933,52956,46080,140977,280660,0,0,0,0,0.0652015
388729,18,1,200363,54394,47245,145969,287602,0,0,0,0,0.0652498
388730,6,1,181341,48659,42470,132682,258168,0,0,0,0,0.0947923
388731,18,1,184725,50441,44089,134284,268544,0,0,0,0,0.0692525
388734,18,1,195168,53635,47090,141533,285909,0,0,0,0,0.0670963
388739,18,1,191468,51127,44895,140341,268956,0,0,0,0,0.0732725
388740,18,1,170919,46266,40124,124653,246377,0,0,0,0,0.0860214
388741,18,1,183199,48751,42562,134448,255849,0,0,0,0,0.0778629
388744,18,1,176635,46922,41005,129713,246426,0,0,0,0,0.0599587
388749,18,1,192666,51517,44313,141149,269927,0,0,0,0,0.089509
388762,36,1,171498,46142,40412,125356,245805,0,0,0,0,0.0673259
388765,36,1,205996,56689,49808,149307,302088,0,0,0,0,0.0788328
388768,36,1,198368,53946,46908,144422,285816,0,0,0,0,0.0724476
388770,6,1,172026,46231,40240,125795,245025,0,0,0,0,0.146388
388771,18,1,148918,39936,34235,108982,212130,0,0,0,0,0.0678561
388774,18,2,249817,68821,60983,180983,368343,1,0,0,0,0.18625
388779,18,1,180718,48979,42809,131739,258146,0,0,0,0,0.0671643
388780,6,1,172009,46230,40240,125779,245013,0,0,0,0,0.0925137
388781,18,1,167416,45243,39265,122173,240391,0,0,0,0,0.0767788
388784,18,1,196599,54345,47567,142254,290665,0,0,0,0,0.0848087
388789,18,1,187372,50495,44504,136877,267638,0,0,0,0,0.0616877
388790,18,1,164916,44830,38977,120086,238349,0,0,0,0,0.0636739
388791,18,1,167451,44121,38204,123330,229881,0,0,0,0,0.0607037
388794,18,1,185170,49084,42647,136086,257303,0,0,0,0,0.0857488
388799,18,1,170298,44879,38787,125419,236452,0,0,0,0,0.0692543
388812,36,1,163082,43515,37573,119567,230946,0,0,0,0,0.0537207
388815,36,1,193718,52944,46329,140774,282340,0,0,0,0,0.0558294
388818,36,1,191777,51882,45271,139895,275186,0,0,0,0,0.0551262
388820,6,1,165978,43707,38576,122271,231064,0,0,0,0,0.127725
388821,18,1,176260,47460,41624,128800,252709,0,0,0,0,0.0813977
388824,18,1,190860,52087,46116,138773,278065,0,0,0,0,0.107827
388829,18,1,179279,48114,42482,131165,255445,0,0,0,0,0.0929758
388830,18,1,156520,41684,36462,114836,221539,0,0,0,0,0.0978652
388831,18,1,159359,42647,37289,116712,225974,0,0,0,0,0.0700751
388834,18,1,171698,45808,40302,125890,243326,0,0,0,0,0.0878438
388839,18,1,162041,43116,37515,118925,228814,0,0,0,0,0.065958
388852,36,1,186466,50864,44840,135602,271751,0,0,0,0,0.0725964
388855,36,1,204446,57302,50758,147144,307654,0,0,0,0,0.0750552
388858,36,1,203921,56087,49229,147834,298759,0,0,0,0,0.0881394
388860,18,1,172305,45389,39897,126916,238764,0,0,0,0,0.111201
388861,18,1,171894,45290,39355,126604,236594,0,0,0,0,0.0607095
388864,18,1,183054,48587,42724,134467,255460,0,0,0,0,0.0714602
388869,18,1,162578,42659,37087,119919,223882,0,0,0,0,0.0767478
388882,36,1,176105,47387,41301,128718,251528,0,0,0,0,0.0612813
388885,36,1,196731,53595,47205,143136,284885,0,0,0,0,0.070079
388888,36,1,196273,52955,46439,143318,280509,0,0,0,0,0.0593659
388910,18,1,159919,41923,37069,117996,221222,0,0,0,0,0.0870151
388911,18,1,173915,46062,40217,127853,241520,0,0,0,0,0.0728524
388912,18,2,317171,84866,74806,232293,448748,1,0,0,0,0.173016
388913,18,1,158643,41657,36125,116986,219441,0,0,0,0,0.0636612
388914,18,1,180799,48251,42407,132548,254756,0,0,0,0,0.0642316
388915,18,2,331408,90740,80280,240656,483930,1,0,0,0,0.165695
388916,18,1,173416,45682,40059,127734,239759,0,0,0,0,0.0597611
388917,18,1,186442,49490,43524,136952,258007,0,0,0,0,0.0781803
388918,18,1,184707,48738,42430,135969,254957,0,0,0,0,0.0579326
388919,18,1,171584,45859,39906,125725,242978,0,0,0,0,0.058638
388950,6,1,169160,45047,39068,124113,239322,0,0,0,0,0.0844809
388951,18,1,192924,52530,46151,140394,279193,0,0,0,0,0.0613866
388954,18,1,185463,50832,44471,134631,272089,0,0,0,0,0.0656262
388959,18,1,175740,46883,40879,128857,248329,0,0,0,0,0.061699
388960,18,1,158638,42660,36722,115978,227153,0,0,0,0,0.0724842
388961,18,1,180954,47970,41865,132984,252246,0,0,0,0,0.0641036
388964,18,1,166708,44305,38603,122403,234112,0,0,0,0,0.0735309
388969,18,1,174852,46622,40032,128230,246233,0,0,0,0,0.0653621
388982,36,1,173418,46688,40715,126730,249258,0,0,0,0,0.0587245
388985,36,1,195292,53877,47170,141415,288914,0,0,0,0,0.0704977
388988,36,1,179729,48402,41993,131327,257329,0,0,0,0,0.0569071
389010,6,1,181382,48673,42481,132709,258238,0,0,0,0,0.0888511
389011,18,1,204585,56071,49312,148514,297811,0,0,0,0,0.0833058
389014,18,1,197137,54277,47520,142860,289975,0,0,0,0,0.0882035
389019,18,1,180678,48401,42463,132277,255921,0,0,0,0,0.0558133
389020,18,1,170930,46269,40133,124661,246390,0,0,0,0,0.0820417
389021,18,1,196807,52822,46130,143985,277236,0,0,0,0,0.0680163
389024,18,1,183210,48897,42791,134313,257108,0,0,0,0,0.0761501
389029,18,1,176671,47021,40345,129650,247031,0,0,0,0,0.0903329
389042,36,1,184769,50070,43812,134699,266763,0,0,0,0,0.0899106
389045,36,1,210242,58028,50767,152214,310080,0,0,0,0,0.0919872
389048,36,1,189109,51290,44577,137819,272466,0,0,0,0,0.0699304
389060,6,1,172202,46284,40285,125918,245314,0,0,0,0,0.0904281
389061,18,1,193204,52601,46041,140603,278589,0,0,0,0,0.0682787
389064,18,1,213134,59161,51949,153973,315823,0,0,0,0,0.0736883
389069,18,1,212867,58415,51621,154452,310556,0,0,0,0,0.0877278
389070,18,1,164882,44826,38971,120056,238348,0,0,0,0,0.0913115
389071,18,1,183522,48837,42440,134685,254553,0,0,0,0,0.0680348
389074,18,1,199422,53101,46175,146321,278025,0,0,0,0,0.151838
389079,18,1,184650,49045,42431,135605,258219,0,0,0,0,0.0975281
389092,36,1,180018,48773,42491,131245,259496,0,0,0,0,0.102903
389095,36,1,204063,55731,48834,148332,296403,0,0,0,0,0.110315
389098,36,1,207391,56539,49075,150852,299903,0,0,0,0,0.0999104
389100,6,1,166100,43737,38584,122363,231234,0,0,0,0,0.142353
389101,18,1,178082,47625,41752,130457,253007,0,0,0,0,0.133493
389104,18,1,192363,52390,46246,139973,279440,0,0,0,0,0.126385
389109,18,1,191341,51815,46190,139526,276243,0,0,0,0,0.105583
389110,18,1,156325,41635,36422,114690,221305,0,0,0,0,0.169314
389111,18,1,165531,44151,38306,121380,233576,0,0,0,0,0.103838
389114,18,1,178316,47683,41866,130633,253387,0,0,0,0,0.117395
389119,18,1,169820,45423,39691,124397,241349,0,0,0,0,0.0814066
389132,36,1,187899,51113,44948,136786,272694,0,0,0,0,0.0868303
389135,36,1,206466,57243,50634,149223,306292,0,0,0,0,0.0986893
389138,36,1,210602,58040,51265,152562,309340,0,0,0,0,0.0737536
389140,18,1,172317,45356,39859,126961,238521,0,0,0,0,0.134726
389141,18,1,171608,45243,39322,126365,236407,0,0,0,0,0.0929269
389144,18,1,183051,48626,42723,134425,255757,0,0,0,0,0.0556522
389149,18,1,162567,42676,37087,119891,224026,0,0,0,0,0.0700349
389162,36,1,164548,44095,38373,120453,234904,0,0,0,0,0.0884905
389165,36,1,185304,50055,43968,135249,266444,0,0,0,0,0.113264
389168,36,1,187727,50857,44554,136870,271253,0,0,0,0,0.0870201
389190,18,1,159944,41935,37085,118009,221299,0,0,0,0,0.100702
389191,18,1,173589,46004,40170,127585,241301,0,0,0,0,0.0775025
389192,18,1,162205,42270,36801,119935,221609,0,0,0,0,0.0597949
389193,18,1,143458,37377,32446,106081,198253,0,0,0,0,0.0755109
389194,18,1,180661,48247,42401,132414,254798,0,0,0,0,0.102952
389195,18,2,318942,86499,76222,232431,461186,1,0,0,0,0.207259
389196,18,1,162473,42937,37411,119536,227593,0,0,0,0,0.097019
389197,18,1,177739,47589,41668,130150,251436,0,0,0,0,0.0903918
389198,18,1,177055,46771,40820,130284,246525,0,0,0,0,0.0804722
389199,18,1,171831,45936,39974,125895,243392,0,0,0,0,0.0725045
389240,18,1,188297,50849,43845,137448,269663,0,0,0,0,0.0606758
389241,18,2,255374,69513,60374,185848,371131,1,0,0,0,0.18951
389244,18,2,273297,75816,66058,197468,406768,1,0,0,0,0.271409
389249,18,1,170047,45506,39034,124541,240665,0,0,0,0,0.0780272
389262,36,1,172633,46313,40351,126320,246389,0,0,0,0,0.0626346
389265,36,1,198763,55111,48016,143652,296252,0,0,0,0,0.0768045
389268,36,1,188181,51581,44412,136600,276469,0,0,0,0,0.0728285
389300,18,2,264645,72597,63336,192036,388591,1,0,0,0,0.162288
389301,18,2,270426,74503,65188,195911,398660,1,0,0,0,0.17843
389304,18,2,288759,80476,70742,208270,430880,1,0,0,0,0.188845
389309,18,1,172306,46234,39579,126072,243740,0,0,0,0,0.0899983
389322,36,1,182147,49170,42803,132977,260986,0,0,0,0,0.0893115
389325,36,1,210152,58226,50975,151926,311322,0,0,0,0,0.0764882
389328,36,1,196265,53971,46643,142294,288667,0,0,0,0,0.0630349
389350,18,1,201883,55061,47724,146822,290583,0,0,0,0,0.0821955
389351,18,1,201687,55017,47689,146670,290351,0,0,0,0,0.111975
389354,18,2,394878,106141,93296,288724,557915,1,0,0,0,0.201261
389359,18,1,204811,54850,47607,149961,287405,0,0,0,0,0.0682627
389372,36,1,176242,47601,41469,128641,252691,0,0,0,0,0.0624695
389375,36,1,210492,57725,50206,152767,308508,0,0,0,0,0.063492
389378,36,1,213029,58744,51032,154285,314518,0,0,0,0,0.0624147
389390,18,1,198596,53850,47459,144746,286488,0,0,0,0,0.0956914
389391,18,1,186950,50193,43657,136757,264741,0,0,0,0,0.0638316
389394,18,1,190020,51114,44914,138906,269586,0,0,0,0,0.0657643
389399,18,1,186615,49868,43684,136747,261739,0,0,0,0,0.0591297
389412,36,1,188986,51733,45450,137253,278155,0,0,0,0,0.0673195
389415,36,1,204835,56871,50499,147964,306129,0,0,0,0,0.0846456
389418,36,1,206588,57304,50647,149284,308245,0,0,0,0,0.0811525
389420,18,1,206423,55869,49286,150554,295655,0,0,0,0,0.102247
389421,18,1,198370,52758,45933,145612,275471,0,0,0,0,0.0691849
389424,18,1,200594,53690,47250,146904,281166,0,0,0,0,0.0677047
389429,18,1,186749,49997,43752,136752,262628,0,0,0,0,0.0634884
389442,36,1,180641,49080,42513,131561,263583,0,0,0,0,0.0615736
389445,36,1,200765,55105,48494,145660,295712,0,0,0,0,0.0873512
389448,36,1,201240,55190,48566,146050,295886,0,0,0,0,0.0806857
389470,18,1,158060,41632,36415,116428,220987,0,0,0,0,0.104681
389471,18,1,169118,45113,39111,124005,238450,0,0,0,0,0.0729963
389472,18,1,157596,41732,36072,115864,221725,0,0,0,0,0.0840511
389473,18,1,137029,35946,31214,101083,191348,0,0,0,0,0.0732123
389474,18,1,176753,47462,41675,129291,253203,0,0,0,0,0.0700307
389475,18,1,172760,46354,40691,126406,247377,0,0,0,0,0.0850563
389476,18,1,157829,41922,36408,115907,223079,0,0,0,0,0.0763732
389477,18,1,170748,45775,40073,124973,242834,0,0,0,0,0.0746514
389478,18,1,170937,45744,40025,125193,243227,0,0,0,0,0.0597656
389479,18,1,165550,44371,38524,121179,236951,0,0,0,0,0.0603577
389750,18,1,176071,47196,41816,128875,250920,0,0,0,0,0.115991
389751,18,1,188624,50793,44657,137831,267316,0,0,0,0,0.0828762
389752,18,1,173900,46645,40789,127255,247220,0,0,0,0,0.0833426
389753,18,1,163472,43625,37989,119847,231647,0,0,0,0,0.0851751
389754,18,1,191902,51579,45774,140323,273924,0,0,0,0,0.0772672
389755,18,1,190461,51175,45512,139286,271721,0,0,0,0,0.077514
389756,18,1,182154,48485,42825,133669,257147,0,0,0,0,0.0947635
389757,18,1,192292,51636,45567,140656,273009,0,0,0,0,0.0814267
389758,18,1,188753,51253,44987,137500,272400,0,0,0,0,0.107999
389759,18,1,171887,46014,40253,125873,244339,0,0,0,0,0.100198
389820,36,1,164118,44306,38262,119812,236655,0,0,0,0,0.0530681
389821,36,1,176643,47723,41489,128920,253927,0,0,0,0,0.0556464
389822,36,1,174627,47489,40948,127138,253129,0,0,0,0,0.056063
389823,36,1,178549,48664,42694,129885,260400,0,0,0,0,0.0745773
389824,36,1,190372,51643,44807,138729,275447,0,0,0,0,0.0584396
389825,36,1,183398,49951,43473,133447,266811,0,0,0,0,0.0559813
389826,36,1,205962,57077,49921,148885,306206,0,0,0,0,0.0626569
389827,36,1,182466,49685,43598,132781,264464,0,0,0,0,0.0564254
389828,36,1,183139,50392,43604,132747,270147,0,0,0,0,0.0589514
389829,36,1,167719,45313,38831,122406,241508,0,0,0,0,0.0582123
389880,36,1,176454,47668,41486,128786,253638,0,0,0,0,0.0587345
389881,36,1,185757,50081,43202,135676,265150,0,0,0,0,0.0567576
389882,36,1,173944,47236,40730,126708,251631,0,0,0,0,0.056351
389883,36,1,190159,52459,45876,137700,280998,0,0,0,0,0.0816352
389884,36,1,202928,55151,48108,147777,293035,0,0,0,0,0.0620639
389885,36,1,194750,53128,46571,141622,282658,0,0,0,0,0.0567979
389886,36,1,213750,59118,51605,154632,315757,0,0,0,0,0.0656384
389887,36,1,182378,49713,43639,132665,264667,0,0,0,0,0.0568815
389888,36,1,191386,52674,45799,138712,281448,0,0,0,0,0.06175
389889,36,1,175425,47761,41222,127664,254420,0,0,0,0,0.0608588
389930,36,1,175601,47815,41318,127786,254638,0,0,0,0,0.0590107
389931,36,1,175592,47818,41282,127774,254646,0,0,0,0,0.0608172
389932,36,1,163744,44070,37907,119674,234606,0,0,0,0,0.0590576
389933,36,1,181894,49876,43558,132018,265890,0,0,0,0,0.0756805
389934,36,1,197224,53276,46004,143948,281152,0,0,0,0,0.0605514
389935,36,1,192455,52339,45675,140116,278472,0,0,0,0,0.0608942
389936,36,1,191481,52917,46467,138564,283290,0,0,0,0,0.0627259
389937,36,1,187382,51020,44301,136362,271938,0,0,0,0,0.065737
389938,36,1,192556,53280,46398,139276,285390,0,0,0,0,0.0686061
389939,36,1,192298,52391,45296,139907,278138,0,0,0,0,0.0701224
389970,36,1,176171,47303,41532,128868,251690,0,0,0,0,0.11959
389971,36,1,183168,49325,42872,133843,262355,0,0,0,0,0.0680569
389972,36,1,188378,50403,44270,137975,266646,0,0,0,0,0.0733798
389973,36,1,179598,49031,42692,130567,261502,0,0,0,0,0.061623
389974,36,1,187077,50782,44451,136295,270783,0,0,0,0,0.0590955
389975,36,1,204892,56028,49729,148864,299455,0,0,0,0,0.0674056
389976,36,2,250311,70262,62182,180036,380221,1,0,0,0,0.146336
389977,36,2,245423,68060,60176,177350,366594,1,0,0,0,0.14219
389978,36,1,205758,56935,50102,148823,304865,0,0,0,0,0.0651462
389979,36,1,192619,52388,45934,140231,279121,0,0,0,0,0.0653252
390000,36,1,186235,50152,44017,136083,266270,0,0,0,0,0.0902302
390001,36,1,193656,52049,45414,141607,274552,0,0,0,0,0.0723647
390002,36,1,181106,48541,42172,132565,257275,0,0,0,0,0.0693575
390003,36,1,164903,44430,38534,120473,236653,0,0,0,0,0.0602856
390004,36,1,197832,53763,47082,144069,285826,0,0,0,0,0.0585703
390005,36,1,198227,53960,47626,144267,288499,0,0,0,0,0.0661316
390006,36,1,189793,51886,45713,137907,277684,0,0,0,0,0.0605417
390007,36,1,188519,51409,45011,137110,274378,0,0,0,0,0.0587903
390008,36,1,199636,54877,48112,144759,293557,0,0,0,0,0.0748
390009,36,1,192825,52487,45950,140338,279788,0,0,0,0,0.0897293
390020,36,1,175230,47187,41325,128043,250224,0,0,0,0,0.0917717
390021,36,1,190469,51854,44909,138615,273210,0,0,0,0,0.064556
390022,36,1,178403,48433,41914,129970,256508,0,0,0,0,0.0616394
390023,36,1,149260,40001,34425,109259,212499,0,0,0,0,0.0877159
390024,36,1,193330,52896,46285,140434,281646,0,0,0,0,0.0740524
390025,36,1,194499,53438,46791,141061,284784,0,0,0,0,0.0625375
390026,36,1,177269,48207,41767,129062,256464,0,0,0,0,0.0602154
390027,36,1,179872,48474,42237,131398,255668,0,0,0,0,0.0638822
390028,36,1,202383,56193,49267,146190,299232,0,0,0,0,0.0646115
390029,36,1,191332,53138,46567,138194,284213,0,0,0,0,0.0636292
390320,6,1,154415,38882,33733,115533,202648,0,0,0,0,0.119354
390321,18,1,150292,38783,33307,111509,204203,0,0,0,0,0.0766567
390324,18,1,175167,46422,40802,128745,246249,0,0,0,0,0.082905
390329,18,1,163570,43904,38233,119666,234351,0,0,0,0,0.0746034
390330,6,1,146163,38070,32904,108093,201793,0,0,0,0,0.0795978
390331,18,1,139330,36331,30837,102999,192652,0,0,0,0,0.0557442
390334,18,1,164229,43316,37078,120913,228694,0,0,0,0,0.0533926
390339,18,1,145559,38627,33142,106932,206074,0,0,0,0,0.053676
390340,6,1,146132,38063,32893,108069,201746,0,0,0,0,0.0795538
390341,18,1,139503,36384,30893,103119,192952,0,0,0,0,0.0553918
390344,18,1,163896,43183,37020,120713,227905,0,0,0,0,0.0536414
390349,18,1,145669,38655,33164,107014,206203,0,0,0,0,0.0547794
390350,6,1,146291,38118,32935,108173,202061,0,0,0,0,0.0846781
390351,18,1,164121,45135,38906,118986,242054,0,0,0,0,0.0921078
390354,18,1,186211,51573,44565,134638,275687,0,0,0,0,0.0644561
390359,18,1,132901,34811,29829,98090,185549,0,0,0,0,0.0568853
390360,18,1,122776,32482,27898,90294,173866,0,0,0,0,0.0581936
390361,18,1,137632,36583,31593,101049,195934,0,0,0,0,0.0661488
390364,18,1,156801,42173,36580,114628,225203,0,0,0,0,0.0598913
390369,18,1,150378,39586,34300,110792,210154,0,0,0,0,0.0835965
390382,36,1,147654,39818,34025,107836,213863,0,0,0,0,0.0814424
390385,36,1,161237,43998,37720,117239,236441,0,0,0,0,0.0876063
390388,36,1,164926,44115,38287,120811,234899,0,0,0,0,0.0737803
390390,6,1,154781,39970,34697,114811,208829,0,0,0,0,0.0934221
390391,18,1,167019,45267,38882,121752,240334,0,0,0,0,0.0662701
390394,18,1,190960,51610,45059,139350,270298,0,0,0,0,0.0597118
390399,18,2,178094,46900,40874,131181,245614,1,0,0,0,0.123082
390400,6,1,154855,39986,34721,114869,208923,0,0,0,0,0.0780703
390401,18,1,167020,45254,38900,121766,240252,0,0,0,0,0.0614698
390404,18,1,190985,51545,44995,139440,269794,0,0,0,0,0.0649571
390409,18,2,178357,46958,40895,131386,245858,1,0,0,0,0.155979
390410,6,1,154804,39979,34712,114825,208895,0,0,0,0,0.0775319
390411,18,2,215372,58683,51048,156676,313161,1,0,0,0,0.134261
390414,18,2,218742,59695,52034,159034,318342,1,0,0,0,0.159281
390419,18,1,149252,39391,33765,109861,208355,0,0,0,0,0.0559405
390420,18,1,128106,33311,28463,94795,175481,0,0,0,0,0.0520146
390421,18,1,151086,40005,34462,111081,211102,0,0,0,0,0.0560603
390424,18,1,167175,44434,38539,122741,233882,0,0,0,0,0.0557982
390429,18,1,161192,42626,36595,118566,224359,0,0,0,0,0.0730467
390442,36,1,174182,46957,40462,127225,249065,0,0,0,0,0.0610242
390445,36,1,184234,49686,43239,134548,262676,0,0,0,0,0.0588614
390448,36,1,179710,47381,40903,132329,248285,0,0,0,0,0.0574758
390450,6,1,167579,42841,37656,124738,221744,0,0,0,0,0.0901167
390451,18,1,158537,40791,35558,117746,211411,0,0,0,0,0.0767874
390454,18,2,212037,56713,50023,155311,297773,1,0,0,0,0.142038
390459,18,2,186362,49546,43715,136803,259942,1,0,0,0,0.125559
390460,6,1,167594,42843,37661,124751,221751,0,0,0,0,0.0753951
390461,18,2,177161,47379,41227,129769,250976,1,0,0,0,0.126746
390464,18,1,164512,42691,36901,121821,222404,0,0,0,0,0.0564208
390469,18,2,166640,43620,37830,123008,229403,1,0,0,0,0.13506
390470,18,1,147640,37980,32791,109660,197885,0,0,0,0,0.0590925
390471,18,1,184699,48563,42176,136136,252868,0,0,0,0,0.0635168
390474,18,1,154692,40865,35432,113827,215490,0,0,0,0,0.0593749
390479,18,1,161348,42664,37055,118684,224650,0,0,0,0,0.0798718
390492,36,1,165959,43132,37253,122827,225023,0,0,0,0,0.0747675
390495,36,1,174588,46603,40790,127985,246140,0,0,0,0,0.0649989
390498,36,1,176345,46851,40662,129494,246410,0,0,0,0,0.0743341
390500,6,1,167590,42845,37650,124745,221765,0,0,0,0,0.0911779
390501,18,2,186783,50008,43952,136762,264317,1,0,0,0,0.144809
390504,18,2,208996,56309,49728,152674,298167,1,0,0,0,0.139711
390509,18,2,162203,42259,36574,119932,222169,1,0,0,0,0.154438
390510,18,1,147871,38045,32849,109826,198250,0,0,0,0,0.0585167
390511,18,1,191381,50353,43878,141028,261052,0,0,0,0,0.0578614
390514,18,1,148660,38964,33568,109696,204650,0,0,0,0,0.0566204
390519,18,1,147136,38590,33176,108546,203145,0,0,0,0,0.0558334
390532,36,1,174827,45686,39697,129141,237954,0,0,0,0,0.0615127
390535,36,1,170924,45115,39129,125809,237002,0,0,0,0,0.0506817
390538,36,1,162872,42979,37329,119893,226148,0,0,0,0,0.0575359
390540,18,2,230418,61309,53823,169097,321190,1,0,0,0,0.199859
390541,18,2,230365,61297,53819,169056,321118,1,0,0,0,0.163338
390544,18,1,141487,36341,31344,105146,188385,0,0,0,0,0.0650127
390549,18,1,132406,34435,29564,97971,181073,0,0,0,0,0.0853373
390562,36,1,166282,43426,37539,122856,225782,0,0,0,0,0.0696915
390565,36,1,167648,44820,38745,122828,235698,0,0,0,0,0.0760468
390568,36,1,159556,42546,36715,117010,224422,0,0,0,0,0.0550505
390590,18,1,154689,39025,34047,115664,199707,0,0,0,0,0.0470356
390591,18,1,154947,39072,34071,115875,199869,0,0,0,0,0.0481711
390592,18,1,150342,38358,33153,111984,198646,0,0,0,0,0.0598155
390593,18,1,171056,44353,39058,126703,230649,0,0,0,0,0.0796823
390594,18,1,154135,38561,33359,115574,195872,0,0,0,0,0.0475882
390595,18,1,150715,38733,33200,111982,201195,0,0,0,0,0.0483988
390596,18,1,155847,39982,34287,115865,206147,0,0,0,0,0.0500221
390597,18,1,144226,37122,31970,107104,194065,0,0,0,0,0.0479655
390598,18,1,146059,37216,32073,108843,192299,0,0,0,0,0.0490897
390599,18,1,144228,36850,31816,107378,191356,0,0,0,0,0.0533253
390610,6,1,168035,44486,38988,123549,235737,0,0,0,0,0.0800618
390611,18,1,156612,41227,35583,115385,218229,0,0,0,0,0.0567959
390614,18,2,343321,92914,81562,250394,493332,1,0,0,0,0.181515
390619,18,1,161978,43273,37611,118705,229443,0,0,0,0,0.0723199
390620,6,1,167696,44381,38935,123315,235111,0,0,0,0,0.104263
390621,18,1,156304,41135,35539,115169,217679,0,0,0,0,0.0754857
390624,18,2,343247,92889,81559,250345,493180,1,0,0,0,0.221326
390629,18,1,162077,43299,37646,118778,229565,0,0,0,0,0.0553687
390630,6,1,167641,44364,38928,123277,235021,0,0,0,0,0.0806233
390631,18,1,187702,51630,44951,136072,275917,0,0,0,0,0.072732
390634,18,1,200839,55350,48418,145489,294504,0,0,0,0,0.0679234
390639,18,1,149136,39424,34259,109712,209411,0,0,0,0,0.0579516
390640,18,1,142145,38248,33140,103897,204327,0,0,0,0,0.0569569
390641,18,1,155276,41580,36280,113696,221905,0,0,0,0,0.060958
390644,18,1,169550,45628,39889,123922,242641,0,0,0,0,0.0592025
390649,18,1,172723,46147,40536,126576,244793,0,0,0,0,0.0785329
390662,36,1,168784,45886,39643,122898,246029,0,0,0,0,0.0571492
390665,36,1,179271,48700,42195,130571,260300,0,0,0,0,0.0590797
390668,36,1,183394,49259,42522,134135,261340,0,0,0,0,0.0584826
390670,6,1,160812,42751,37373,118061,227024,0,0,0,0,0.0764003
390671,18,1,169587,46780,40638,122807,251454,0,0,0,0,0.0614124
390674,18,2,189926,51394,45386,138519,273583,1,0,0,0,0.131637
390679,18,1,160873,43935,38596,116938,235200,0,0,0,0,0.0557858
390680,6,1,160762,42724,37362,118038,226848,0,0,0,0,0.081415
390681,18,1,169633,46767,40629,122866,251344,0,0,0,0,0.0776616
390684,18,2,189971,51375,45389,138583,273383,1,0,0,0,0.15748
390689,18,1,160911,43924,38615,116987,235081,0,0,0,0,0.0564796
390690,6,1,160631,42688,37334,117943,226652,0,0,0,0,0.100649
390691,18,1,179355,49181,42852,130174,262286,0,0,0,0,0.063121
390694,18,2,226992,63530,56155,163449,343096,1,0,0,0,0.134805
390699,18,1,152800,41344,36113,111456,221549,0,0,0,0,0.0574322
390700,18,1,134487,35835,30961,98652,191367,0,0,0,0,0.0522409
390701,18,1,151339,40795,35391,110544,218517,0,0,0,0,0.0520242
390704,18,1,167618,45176,39711,122442,240550,0,0,0,0,0.0689698
390709,18,1,165755,45018,39523,120737,240469,0,0,0,0,0.113618
390722,36,1,169832,46726,40745,123106,251624,0,0,0,0,0.0721072
390725,36,1,183485,50752,44325,132733,273150,0,0,0,0,0.0882272
390728,36,1,183974,50368,43861,133606,268853,0,0,0,0,0.0893862
390730,6,1,165929,42866,37518,123063,224660,0,0,0,0,0.0875004
390731,18,1,146711,37867,32966,108844,198612,0,0,0,0,0.0503513
390734,18,2,211132,57426,50779,153693,305489,1,0,0,0,0.15732
390739,18,2,181014,48576,42801,132425,257991,1,0,0,0,0.13898
390740,6,1,165883,42857,37512,123026,224610,0,0,0,0,0.0733426
390741,18,2,227920,62634,55257,165273,335865,1,0,0,0,0.132882
390744,18,1,169983,44761,39008,125222,235784,0,0,0,0,0.052726
390749,18,1,160870,42550,37147,118320,225462,0,0,0,0,0.0502487
390750,18,1,150382,39270,33721,111112,207244,0,0,0,0,0.0568302
390751,18,1,182177,48255,41875,133922,253917,0,0,0,0,0.0627697
390754,18,1,160262,42560,36833,117702,225995,0,0,0,0,0.0769716
390759,18,1,157685,42042,36640,115643,223576,0,0,0,0,0.0689763
390772,36,1,165619,43772,37920,121847,232097,0,0,0,0,0.0716264
390775,36,1,182417,49159,42762,133258,261596,0,0,0,0,0.0578232
390778,36,1,186132,50635,44020,135497,269858,0,0,0,0,0.0565832
390780,6,1,165956,42895,37537,123061,224867,0,0,0,0,0.092216
390781,18,2,243038,67125,59459,175900,358682,1,0,0,0,0.149577
390784,18,2,208998,57441,50838,151544,307562,1,0,0,0,0.140794
390789,18,2,173099,46551,40757,126535,247559,1,0,0,0,0.178738
390790,18,1,150669,39358,33781,111311,207763,0,0,0,0,0.0786306
390791,18,1,189740,50475,44075,139265,264938,0,0,0,0,0.0606286
390794,18,1,155722,41309,35778,114413,218990,0,0,0,0,0.0562795
390799,18,1,155251,41528,36193,113723,220400,0,0,0,0,0.0759062
390812,36,1,175874,46614,40538,129260,246212,0,0,0,0,0.0562181
390815,36,1,178608,47725,41476,130883,252716,0,0,0,0,0.0634068
390818,36,1,185487,50512,43906,134975,268830,0,0,0,0,0.077574
390820,18,2,260657,70163,61519,190481,371895,1,0,0,0,0.180882
390821,18,2,260290,70075,61458,190202,371451,1,0,0,0,0.143996
390824,18,1,150835,39647,34315,111188,208444,0,0,0,0,0.0560709
390829,18,1,151389,40017,34677,111372,210393,0,0,0,0,0.055129
390842,36,1,168010,44041,38181,123969,231261,0,0,0,0,0.0546594
390845,36,1,169093,45757,39681,123336,243509,0,0,0,0,0.0488941
390848,36,1,173016,47280,41092,125736,251942,0,0,0,0,0.0498587
390870,18,2,311886,82277,72490,229597,433070,1,0,0,0,0.15652
390871,18,2,311791,82253,72485,229526,432928,1,0,0,0,0.171752
390872,18,1,148068,37847,32819,110221,197735,0,0,0,0,0.068604
390873,18,1,168631,43849,38544,124782,230154,0,0,0,0,0.0824103
390874,18,1,157793,40701,35554,117092,211709,0,0,0,0,0.0534542
390875,18,1,155156,40884,35442,114272,216105,0,0,0,0,0.0556244
390876,18,1,161227,42272,36730,118955,222596,0,0,0,0,0.0513862
390877,18,1,154627,40829,35537,113798,216049,0,0,0,0,0.0492076
390878,18,1,163877,43129,37609,120748,226975,0,0,0,0,0.0672859
390879,18,1,165936,43305,37791,122631,225299,0,0,0,0,0.0633772
390900,6,1,168244,44631,38337,123613,236860,0,0,0,0,0.10308
390901,18,1,149991,39632,33952,110359,210265,0,0,0,0,0.0807906
390904,18,1,183109,49224,42650,133885,261286,0,0,0,0,0.0826512
390909,18,1,196937,53384,46199,143553,283995,0,0,0,0,0.0674823
390910,6,1,168183,44611,38352,123572,236717,0,0,0,0,0.0841279
390911,18,2,201343,54869,48349,146461,294481,1,0,0,0,0.153395
390914,18,1,185902,50773,44039,135129,271552,0,0,0,0,0.061014
390919,18,1,189375,51229,44453,138146,271729,0,0,0,0,0.0592459
390920,18,1,152896,41167,35296,111729,220326,0,0,0,0,0.0554924
390921,18,1,170427,45636,39481,124791,242531,0,0,0,0,0.0578356
390924,18,2,275635,76716,67196,198906,412371,1,0,0,0,0.170871
390929,18,1,184314,49370,43001,134944,260252,0,0,0,0,0.0646142
390942,36,1,174595,47161,40803,127434,252152,0,0,0,0,0.0598931
390945,36,1,193556,53402,45969,140154,287043,0,0,0,0,0.0571732
390948,36,1,192632,52845,45593,139787,281774,0,0,0,0,0.0579678
390960,6,1,192494,52439,46267,140055,279033,0,0,0,0,0.107923
390961,18,1,183423,50517,43994,132906,270362,0,0,0,0,0.0831996
390964,18,2,202129,55687,49325,146430,297681,1,0,0,0,0.191424
390969,18,1,188499,51147,44366,137352,272816,0,0,0,0,0.0815129
390970,6,1,192004,52320,46085,139684,278452,0,0,0,0,0.116439
390971,18,1,195376,53739,46750,141637,285161,0,0,0,0,0.0844062
390974,18,1,188933,51733,45581,137200,275243,0,0,0,0,0.0593912
390979,18,2,255079,70937,62400,184130,382506,1,0,0,0,0.169076
390980,18,1,170635,46189,39556,124446,246237,0,0,0,0,0.112998
390981,18,1,192530,52329,45300,140201,278298,0,0,0,0,0.0802146
390984,18,1,174492,47447,41403,127045,253928,0,0,0,0,0.0750013
390989,18,1,178870,48347,42148,130523,256558,0,0,0,0,0.0866819
391002,36,1,189264,51777,45132,137487,276888,0,0,0,0,0.082375
391005,36,1,197639,54560,47595,143079,293332,0,0,0,0,0.0839237
391008,36,1,206249,56854,49533,149395,303633,0,0,0,0,0.0827573
391010,6,1,179674,47648,41576,132026,251043,0,0,0,0,0.0885489
391011,18,1,165460,44209,38480,121251,233649,0,0,0,0,0.0556007
391014,18,2,187505,50886,44966,136607,270609,1,0,0,0,0.134947
391019,18,1,164256,43934,38409,120322,231484,0,0,0,0,0.0736764
391020,6,1,179659,47630,41564,132029,250932,0,0,0,0,0.0958608
391021,18,2,211129,58297,51407,152819,313142,1,0,0,0,0.132452
391024,18,2,225704,62948,55911,162743,338880,1,0,0,0,0.128637
391029,18,2,177296,47679,41845,129604,253798,1,0,0,0,0.115646
391030,18,1,159517,42534,36524,116983,225485,0,0,0,0,0.0544041
391031,18,1,181496,48737,42199,132759,257020,0,0,0,0,0.0519
391034,18,1,187063,50500,43847,136563,267556,0,0,0,0,0.0586828
391039,18,1,179083,49630,42995,129453,265209,0,0,0,0,0.0767523
391052,36,1,175537,47157,40765,128380,250014,0,0,0,0,0.0709347
391055,36,1,189243,51261,44816,137982,272282,0,0,0,0,0.0558744
391058,36,1,202384,55935,48724,146449,298874,0,0,0,0,0.0635016
391060,6,1,174909,46292,40894,128617,242980,0,0,0,0,0.135133
391061,18,1,181760,49140,42907,132620,258932,0,0,0,0,0.0676157
391064,18,1,213290,57923,51261,155367,302619,0,0,0,0,0.0680373
391069,18,2,239063,66370,58232,172681,356413,1,0,0,0,0.163042
391070,18,1,155483,41449,35995,114034,218876,0,0,0,0,0.061292
391071,18,1,172093,45785,39840,126308,241433,0,0,0,0,0.0551467
391074,18,1,204877,55258,47676,149619,292550,0,0,0,0,0.0683845
391079,18,1,164921,44404,38458,120517,236138,0,0,0,0,0.0588558
391092,36,1,199007,54381,46789,144626,288766,0,0,0,0,0.0574695
391095,36,1,211365,58765,50874,152600,314124,0,0,0,0,0.0591055
391098,36,1,190898,52031,45340,138867,277397,0,0,0,0,0.0581847
391100,18,1,169195,44619,38464,124576,232574,0,0,0,0,0.0544632
391101,18,1,170778,45214,39004,125564,235915,0,0,0,0,0.0505151
391104,18,1,184413,49355,42523,135058,259866,0,0,0,0,0.0518354
391109,18,1,164190,43975,37734,120215,231981,0,0,0,0,0.0543978
391122,36,1,180355,48441,41724,131914,254933,0,0,0,0,0.0545459
391125,36,1,197125,54092,46912,143033,288368,0,0,0,0,0.0555781
391128,36,2,233649,64780,56813,168856,347998,1,0,0,0,0.136886
391150,18,1,158695,41731,36719,116964,218108,0,0,0,0,0.0535347
391151,18,2,243097,66078,58326,177007,350788,1,0,0,0,0.128617
391152,18,1,174769,46109,40141,128660,241072,0,0,0,0,0.0514749
391153,18,1,181500,47655,41027,133845,247966,0,0,0,0,0.0683455
391154,18,2,255178,69620,61339,185546,370413,1,0,0,0,0.163621
391155,18,1,196714,53330,46553,143384,282039,0,0,0,0,0.058129
391156,18,1,187100,50594,44270,136506,267362,0,0,0,0,0.0588827
391157,18,1,158149,42093,37059,116056,222959,0,0,0,0,0.050221
391158,18,1,181769,48609,42248,133160,257724,0,0,0,0,0.0559746
391159,18,1,176653,46835,40799,129818,245595,0,0,0,0,0.0531529
391190,6,1,168636,44736,38440,123900,237407,0,0,0,0,0.077564
391191,18,2,204543,56219,49666,148311,302313,1,0,0,0,0.130782
391194,18,1,192340,52844,46255,139496,283368,0,0,0,0,0.0602869
391199,18,1,179399,48481,41981,130918,257953,0,0,0,0,0.0564479
391200,18,1,153424,41313,35419,112111,221111,0,0,0,0,0.0549936
391201,18,1,184016,49637,43174,134379,263531,0,0,0,0,0.0561421
391204,18,1,177181,48443,41876,128738,258191,0,0,0,0,0.0593479
391209,18,1,170394,45440,39456,124954,240555,0,0,0,0,0.0695302
391222,36,1,189879,51923,45179,137956,277948,0,0,0,0,0.0872315
391225,36,1,197853,55069,47303,142784,296976,0,0,0,0,0.0598387
391228,36,1,183729,50229,43409,133500,268458,0,0,0,0,0.0572741
391250,6,1,191966,52309,46085,139657,278396,0,0,0,0,0.0775732
391251,18,2,225751,63698,56211,162040,345115,1,0,0,0,0.15655
391254,18,1,186422,50625,44231,135797,268157,0,0,0,0,0.0557126
391259,18,1,174499,47433,41425,127066,253597,0,0,0,0,0.0564489
391260,18,1,170685,46194,39561,124491,246256,0,0,0,0,0.059034
391261,18,1,199974,54495,47314,145479,289199,0,0,0,0,0.0547723
391264,18,1,171029,46645,40741,124384,249696,0,0,0,0,0.0556741
391269,18,1,162047,43520,37794,118527,231422,0,0,0,0,0.0549851
391282,36,1,195698,53395,46477,142303,284712,0,0,0,0,0.0546899
391285,36,1,192580,52833,46241,139747,283616,0,0,0,0,0.054642
391288,36,1,195170,53714,46544,141456,287619,0,0,0,0,0.0564107
391300,6,1,179683,47642,41565,132041,251005,0,0,0,0,0.069828
391301,18,2,215115,60014,52808,155088,323448,1,0,0,0,0.120736
391304,18,2,221072,61677,54676,159382,331899,1,0,0,0,0.120578
391309,18,2,182543,49493,43221,133037,264449,1,0,0,0,0.112999
391310,18,1,159486,42534,36516,116952,225491,0,0,0,0,0.0704459
391311,18,1,197636,53591,46469,144045,282838,0,0,0,0,0.0784503
391314,18,1,176045,47329,41249,128716,250871,0,0,0,0,0.0631933
391319,18,1,185675,51520,44891,134155,275289,0,0,0,0,0.0632933
391332,36,1,184945,50007,43213,134938,265308,0,0,0,0,0.0634129
391335,36,1,184244,50040,43560,134204,266464,0,0,0,0,0.079197
391338,36,1,208843,58227,50939,150616,311879,0,0,0,0,0.0868398
391340,6,1,174949,46288,40885,128661,242934,0,0,0,0,0.124034
391341,18,1,179572,48356,42458,131216,255244,0,0,0,0,0.071576
391344,18,1,199449,54342,48126,145107,286203,0,0,0,0,0.0637819
391349,18,1,179229,48651,42997,130578,257634,0,0,0,0,0.0675112
391350,18,1,155201,41367,35929,113834,218444,0,0,0,0,0.0859106
391351,18,1,176902,47118,41014,129784,249014,0,0,0,0,0.0730559
391354,18,1,195701,52946,45740,142755,281588,0,0,0,0,0.0632687
391359,18,1,171897,46365,40314,125532,246572,0,0,0,0,0.0588308
391372,36,1,198547,54527,47129,144020,290398,0,0,0,0,0.0611125
391375,36,1,204581,56873,49122,147708,304891,0,0,0,0,0.0659914
391378,36,1,194648,53266,46665,141382,284451,0,0,0,0,0.0607938
391380,18,1,169110,44553,38405,124557,232130,0,0,0,0,0.0575635
391381,18,1,170652,45198,39001,125454,235866,0,0,0,0,0.0537467
391384,18,1,184472,49376,42543,135096,260010,0,0,0,0,0.0690196
391389,18,1,164171,43973,37727,120198,231981,0,0,0,0,0.0570492
391402,36,1,170826,45628,39303,125198,241062,0,0,0,0,0.0500476
391405,36,1,196316,53734,46631,142582,286023,0,0,0,0,0.0776995
391408,36,2,229368,63659,55839,165696,342382,1,0,0,0,0.14353
391430,18,1,158824,41769,36748,117055,218311,0,0,0,0,0.0728129
391431,18,2,243156,66089,58331,177055,350827,1,0,0,0,0.135345
391432,18,1,165449,43793,38125,121656,231030,0,0,0,0,0.0525938
391433,18,1,161350,42070,36281,119280,220624,0,0,0,0,0.0599555
391434,18,2,255312,69662,61354,185638,370661,1,0,0,0,0.140849
391435,18,1,195102,52696,45880,142406,278568,0,0,0,0,0.0602839
391436,18,1,186211,50311,43943,135900,266101,0,0,0,0,0.0921454
391437,18,1,158007,42017,36949,115990,222441,0,0,0,0,0.0647609
391438,18,1,177767,47185,41044,130582,249825,0,0,0,0,0.0613267
391439,18,1,176484,46833,40794,129651,245680,0,0,0,0,0.0816556
391480,18,1,179122,48363,41944,130759,257414,0,0,0,0,0.0686071
391481,18,1,189528,51102,44540,138426,269299,0,0,0,0,0.0592145
391484,18,2,275070,76339,66713,198718,409247,1,0,0,0,0.173568
391489,18,1,162698,43394,37640,119304,230037,0,0,0,0,0.0569012
391502,36,1,180134,48680,42091,131454,258625,0,0,0,0,0.0730871
391505,36,1,200520,55682,48214,144838,299281,0,0,0,0,0.0638323
391508,36,1,195327,54090,46904,141237,290360,0,0,0,0,0.0580276
391540,18,1,180767,48859,42277,131908,259427,0,0,0,0,0.0524059
391541,18,2,204316,56649,49888,147654,304888,1,0,0,0,0.125922
391544,18,1,160657,43322,37810,117335,231150,0,0,0,0,0.0597358
391549,18,1,154037,41017,35379,113020,217654,0,0,0,0,0.0558014
391562,36,1,188947,51506,44579,137441,273950,0,0,0,0,0.0578977
391565,36,1,200890,55827,48921,145063,300302,0,0,0,0,0.0717293
391568,36,1,195983,54040,47302,141943,290037,0,0,0,0,0.084655
391590,18,1,180970,48822,41936,132148,258457,0,0,0,0,0.0695658
391591,18,1,194117,52429,45109,141688,276098,0,0,0,0,0.073599
391594,18,1,162482,43825,38333,118657,232980,0,0,0,0,0.0699873
391599,18,1,186525,51616,45172,134909,275429,0,0,0,0,0.0617
391612,36,1,191205,51892,44645,139313,275356,0,0,0,0,0.0611533
391615,36,1,192405,52749,45844,139656,281872,0,0,0,0,0.0582753
391618,36,1,196519,54244,47452,142275,290231,0,0,0,0,0.060304
391630,18,1,193038,52211,45459,140827,275392,0,0,0,0,0.087088
391631,18,1,176496,46799,40657,129697,246199,0,0,0,0,0.0651341
391634,18,2,192744,52578,46645,140153,281066,1,0,0,0,0.132637
391639,18,1,180432,48765,42926,131667,258735,0,0,0,0,0.0774776
391652,36,1,198467,54202,47200,144265,288538,0,0,0,0,0.0606803
391655,36,1,206679,56581,49337,150098,301559,0,0,0,0,0.0628559
391658,36,1,201306,55075,48184,146231,293965,0,0,0,0,0.0658392
391660,18,1,200316,54221,47085,146095,284887,0,0,0,0,0.0905222
391661,18,1,176275,47056,40846,129219,248083,0,0,0,0,0.0612765
391664,18,1,184514,49579,43411,134935,262126,0,0,0,0,0.0576852
391669,18,1,170889,46432,40559,124457,247784,0,0,0,0,0.0612375
391682,36,1,183839,49691,42716,134148,264880,0,0,0,0,0.0590782
391685,36,1,203402,55809,48592,147593,297691,0,0,0,0,0.0619237
391688,36,1,191034,52242,45409,138792,279121,0,0,0,0,0.0608303
391710,18,1,154428,40698,35670,113730,213874,0,0,0,0,0.0595714
391711,18,1,169904,44756,38781,125148,233593,0,0,0,0,0.0482921
391712,18,1,159683,41953,36441,117730,220306,0,0,0,0,0.0474326
391713,18,1,155869,40617,34884,115252,213241,0,0,0,0,0.0539609
391714,18,1,179793,48172,41797,131621,255372,0,0,0,0,0.0542057
391715,18,1,191231,51330,44870,139901,270436,0,0,0,0,0.0611415
391716,18,1,186735,50184,43872,136551,264059,0,0,0,0,0.0650038
391717,18,1,158630,41909,36849,116721,220600,0,0,0,0,0.058
391718,18,1,175133,46367,40095,128766,244921,0,0,0,0,0.0618522
391719,18,1,174991,46346,40078,128645,244875,0,0,0,0,0.0657435
391990,18,1,180822,48304,42700,132518,254306,0,0,0,0,0.0891297
391991,18,1,191266,51524,45130,139742,268674,0,0,0,0,0.0734764
391992,18,1,175845,47487,41353,128358,249958,0,0,0,0,0.0629308
391993,18,1,169854,45975,39979,123879,243277,0,0,0,0,0.0624983
391994,18,1,193410,52492,46507,140918,277597,0,0,0,0,0.0800055
391995,18,1,204830,55704,49386,149126,292691,0,0,0,0,0.0917219
391996,18,1,206994,56043,49532,150951,291769,0,0,0,0,0.0800124
391997,18,1,165634,44705,39424,120929,237220,0,0,0,0,0.0639067
391998,18,1,170564,46303,40760,124261,244902,0,0,0,0,0.0619809
391999,18,1,170573,46313,40766,124260,244992,0,0,0,0,0.0764779
392120,36,1,184381,50402,43993,133979,269077,0,0,0,0,0.0728082
392121,36,1,202368,55626,48683,146742,296168,0,0,0,0,0.0578072
392122,36,1,205619,56824,49251,148795,301883,0,0,0,0,0.061313
392123,36,1,200327,55060,48525,145267,294311,0,0,0,0,0.0827333
392124,36,1,176372,47898,41422,128474,256562,0,0,0,0,0.0579628
392125,36,1,179397,48833,42505,130564,261802,0,0,0,0,0.0573925
392126,36,1,201296,55232,48252,146064,294339,0,0,0,0,0.0607353
392127,36,1,179759,49074,42819,130685,261703,0,0,0,0,0.0529297
392128,36,1,188161,51169,44666,136992,272290,0,0,0,0,0.0553117
392129,36,1,182281,49560,43182,132721,263750,0,0,0,0,0.0597025
392170,36,1,178595,48257,41932,130338,255693,0,0,0,0,0.0556306
392171,36,1,187755,50789,44258,136966,268351,0,0,0,0,0.0571534
392172,36,1,183441,49630,43037,133811,262673,0,0,0,0,0.0633209
392173,36,1,185921,50589,44119,135332,268925,0,0,0,0,0.0720011
392174,36,1,155156,41309,35799,113847,218916,0,0,0,0,0.0521046
392175,36,1,177168,48017,41813,129151,255991,0,0,0,0,0.0837762
392176,36,1,185029,50069,43480,134960,265407,0,0,0,0,0.0684595
392177,36,1,185486,50795,43961,134691,271603,0,0,0,0,0.054267
392178,36,1,191600,52391,45603,139209,278584,0,0,0,0,0.0551564
392179,36,1,198357,54400,47865,143957,288661,0,0,0,0,0.0587675
392210,36,1,174420,46969,40973,127451,248140,0,0,0,0,0.0632098
392211,36,1,185770,49915,43148,135855,263701,0,0,0,0,0.0562691
392212,36,1,196902,54024,46636,142878,287907,0,0,0,0,0.0809996
392213,36,1,193590,52984,45912,140606,282080,0,0,0,0,0.0599636
392214,36,1,196664,53422,46110,143242,282482,0,0,0,0,0.0561738
392215,36,1,218434,60332,52059,158102,321796,0,0,0,0,0.0592323
392216,36,1,196440,54049,47007,142391,289104,0,0,0,0,0.0616936
392217,36,1,181435,49407,43103,132028,263989,0,0,0,0,0.0793747
392218,36,1,188719,51922,45326,136797,278025,0,0,0,0,0.0590865
392219,36,1,198150,54190,47477,143960,287933,0,0,0,0,0.0561486
392240,36,1,180234,48537,42353,131697,255344,0,0,0,0,0.0650627
392241,36,1,184983,49705,42836,135278,262180,0,0,0,0,0.0760941
392242,36,1,184006,49908,43138,134098,265366,0,0,0,0,0.0753965
392243,36,1,170352,45843,39953,124509,243109,0,0,0,0,0.050615
392244,36,1,185855,50175,43220,135680,265654,0,0,0,0,0.0574629
392245,36,1,215972,59572,51385,156400,317651,0,0,0,0,0.0848855
392246,36,1,192786,53179,46180,139607,284538,0,0,0,0,0.0646255
392247,36,1,173393,47234,40879,126159,252549,0,0,0,0,0.0741677
392248,36,1,186708,51227,44621,135481,274074,0,0,0,0,0.0812302
392249,36,1,187855,51288,44898,136567,273315,0,0,0,0,0.0738465
392260,36,1,170576,46321,39916,124255,244797,0,0,0,0,0.0672081
392261,36,1,180261,48596,41946,131665,254902,0,0,0,0,0.0758974
392262,36,1,169874,45539,39127,124335,240267,0,0,0,0,0.0746544
392263,36,1,154118,40538,35028,113580,213218,0,0,0,0,0.0734765
392264,36,1,183828,49928,43110,133900,265463,0,0,0,0,0.0596566
392265,36,1,196740,53579,46322,143161,283066,0,0,0,0,0.0665771
392266,36,1,194467,53723,46694,140744,285549,0,0,0,0,0.0638531
392267,36,1,157956,42494,36612,115462,226011,0,0,0,0,0.0641194
392268,36,1,179372,49038,42671,130334,260681,0,0,0,0,0.0715676
392269,36,1,179373,49057,42680,130316,260835,0,0,0,0,0.0596769
392570,6,1,180971,47561,41804,133410,249297,0,0,0,0,0.0974061
392571,18,1,173812,46123,40024,127689,242461,0,0,0,0,0.0647943
392574,18,2,230089,62945,55684,167131,335427,1,0,0,0,0.161317
392579,18,2,309027,83573,73657,225441,442973,1,0,0,0,0.223155
392580,6,1,180833,47505,41780,133328,248957,0,0,0,0,0.106526
392581,18,1,173875,46146,40036,127729,242636,0,0,0,0,0.0580266
392584,18,2,229905,62891,55649,167001,335129,1,0,0,0,0.130282
392589,18,2,308769,83511,73619,225245,442643,1,0,0,0,0.194334
392590,6,1,180800,47498,41765,133302,248923,0,0,0,0,0.0996608
392591,18,1,203111,55641,48536,147470,294237,0,0,0,0,0.0843702
392594,18,1,216933,59650,52295,157283,314569,0,0,0,0,0.0956937
392599,18,1,158891,42143,36653,116748,222087,0,0,0,0,0.0567058
392600,18,1,151168,40421,35524,110747,213631,0,0,0,0,0.0550219
392601,18,2,225171,60632,52987,164527,323067,1,0,0,0,0.147029
392604,18,2,234762,63563,56104,171187,337977,1,0,0,0,0.163669
392609,18,1,185280,49125,43294,136155,257852,0,0,0,0,0.115044
392622,36,1,186214,50709,44094,135505,269625,0,0,0,0,0.0894096
392625,36,1,196073,53511,46534,142562,283832,0,0,0,0,0.0670769
392628,36,1,197021,53428,46230,143593,281888,0,0,0,0,0.0831589
392630,6,1,161109,42176,36598,118933,222951,0,0,0,0,0.0777998
392631,18,1,168352,45503,39382,122849,243215,0,0,0,0,0.0579008
392634,18,2,191251,51518,45163,139720,273789,1,0,0,0,0.121675
392639,18,2,242595,67382,59116,175201,363081,1,0,0,0,0.133463
392640,6,1,161013,42149,36568,118864,222809,0,0,0,0,0.0783581
392641,18,1,168410,45522,39420,122888,243315,0,0,0,0,0.0586378
392644,18,2,191012,51453,45126,139546,273425,1,0,0,0,0.12351
392649,18,2,242014,67159,58920,174843,361791,1,0,0,0,0.172323
392650,6,1,160886,42110,36542,118776,222604,0,0,0,0,0.0804264
392651,18,1,179240,48431,41998,130809,257293,0,0,0,0,0.0617221
392654,18,1,192368,52244,45622,140124,276722,0,0,0,0,0.0817556
392659,18,1,152825,40574,35195,112251,215979,0,0,0,0,0.058723
392660,18,1,133521,34968,29891,98553,185849,0,0,0,0,0.0520789
392661,18,1,151545,40196,34827,111349,214332,0,0,0,0,0.0515321
392664,18,1,165277,44197,38591,121080,234767,0,0,0,0,0.0673715
392669,18,1,166281,44455,38709,121826,236461,0,0,0,0,0.0786159
392682,36,1,174303,47511,41324,126792,255279,0,0,0,0,0.0561779
392685,36,1,186276,51026,44561,135250,273640,0,0,0,0,0.0602332
392688,36,1,185616,50792,44280,134824,270774,0,0,0,0,0.0612576
392690,6,1,146356,37339,32340,109017,196076,0,0,0,0,0.0711278
392691,18,1,130558,33294,28662,97264,175143,0,0,0,0,0.0495941
392694,18,2,202413,54853,48058,147547,292440,1,0,0,0,0.150238
392699,18,2,174725,46540,40603,128172,246943,1,0,0,0,0.166773
392700,6,1,146309,37329,32335,108980,196016,0,0,0,0,0.0907297
392701,18,1,149542,39373,34367,110169,208521,0,0,0,0,0.0733666
392704,18,1,165483,43969,38134,121514,232377,0,0,0,0,0.0679589
392709,18,2,174909,47218,41040,127678,252515,1,0,0,0,0.1317
392710,18,1,134817,34687,29541,100130,183257,0,0,0,0,0.0716736
392711,18,1,166178,43830,37874,122348,231915,0,0,0,0,0.0565156
392714,18,1,161320,42719,37141,118601,226560,0,0,0,0,0.0680485
392719,18,1,157579,41707,36317,115872,220595,0,0,0,0,0.0753402
392732,36,1,149054,39235,33663,109819,209165,0,0,0,0,0.0693823
392735,36,1,184826,49633,42919,135193,263049,0,0,0,0,0.052287
392738,36,1,187998,51405,44893,136593,274184,0,0,0,0,0.0794556
392740,6,1,146305,37347,32335,108958,196160,0,0,0,0,0.0829219
392741,18,1,173484,46049,40557,127435,241904,0,0,0,0,0.0549857
392744,18,2,203798,55568,48805,148217,297456,1,0,0,0,0.135491
392749,18,2,174467,47033,40900,127421,250805,1,0,0,0,0.117937
392750,18,1,135096,34773,29593,100323,183763,0,0,0,0,0.0514934
392751,18,1,173754,46092,40007,127662,243324,0,0,0,0,0.0543369
392754,18,1,160036,42119,36393,117917,222579,0,0,0,0,0.0524709
392759,18,2,227406,62274,54860,165120,333646,1,0,0,0,0.132284
392772,36,1,163101,43284,37537,119817,230354,0,0,0,0,0.0616749
392775,36,1,182991,48785,42103,134206,257553,0,0,0,0,0.0551486
392778,36,1,191837,52593,45941,139244,280210,0,0,0,0,0.0567826
392780,18,1,147618,38092,32746,109526,199882,0,0,0,0,0.0522246
392781,18,1,147809,38148,32786,109661,200188,0,0,0,0,0.0501938
392784,18,1,150031,39213,33930,110818,205934,0,0,0,0,0.0521745
392789,18,1,163118,43112,37362,120006,225843,0,0,0,0,0.0595262
392802,36,1,155536,40534,34969,115002,213702,0,0,0,0,0.0574912
392805,36,1,168580,45198,39050,123382,240001,0,0,0,0,0.0510703
392808,36,1,175481,47713,41376,127768,254145,0,0,0,0,0.0544375
392830,18,1,136182,34734,30048,101448,182401,0,0,0,0,0.0486232
392831,18,1,136349,34757,30063,101592,182459,0,0,0,0,0.0561274
392832,18,1,132443,33825,29236,98618,178298,0,0,0,0,0.0721298
392833,18,1,152064,39560,34594,112504,209216,0,0,0,0,0.0784801
392834,18,2,181280,47776,41870,133491,250539,1,0,0,0,0.125253
392835,18,2,176154,47738,41707,128403,254452,1,0,0,0,0.125655
392836,18,1,157113,41428,35952,115685,218784,0,0,0,0,0.052665
392837,18,2,175073,46871,41031,128189,249257,1,0,0,0,0.128699
392838,18,1,167038,44624,39038,122414,236093,0,0,0,0,0.0547044
392839,18,1,178417,46947,40996,131470,243491,0,0,0,0,0.0565831
392860,6,1,181947,48773,42377,133174,258705,0,0,0,0,0.0997219
392861,18,1,157657,42201,36220,115456,224367,0,0,0,0,0.0572421
392864,18,1,192531,51865,44624,140666,273835,0,0,0,0,0.0611714
392869,18,1,202918,54919,47386,147999,290139,0,0,0,0,0.0621046
392870,6,1,181940,48773,42379,133167,258699,0,0,0,0,0.0841291
392871,18,2,209153,57542,50799,151598,309421,1,0,0,0,0.138402
392874,18,1,196809,53975,46760,142834,287880,0,0,0,0,0.0626856
392879,18,1,195483,52886,46090,142597,279323,0,0,0,0,0.0608154
392880,18,1,162592,44099,37947,118493,235739,0,0,0,0,0.0576887
392881,18,2,309934,83947,73340,225975,447593,1,0,0,0,0.157589
392884,18,2,199480,54331,47799,145136,290179,1,0,0,0,0.13131
392889,18,1,200269,53877,46557,146392,282252,0,0,0,0,0.063839
392902,36,1,181995,49155,42729,132840,261750,0,0,0,0,0.0850688
392905,36,1,207433,57543,49380,149890,308359,0,0,0,0,0.0663696
392908,36,1,199941,54814,47217,145127,291236,0,0,0,0,0.0613984
392920,6,1,196160,53578,46873,142582,285656,0,0,0,0,0.0766913
392921,18,1,187947,51912,45185,136035,278074,0,0,0,0,0.0561546
392924,18,2,199333,54435,47837,144886,290087,1,0,0,0,0.130801
392929,18,1,194717,53026,45928,141691,282894,0,0,0,0,0.0545976
392930,6,1,196097,53570,46883,142527,285629,0,0,0,0,0.0765306
392931,18,1,197988,54720,47486,143268,290701,0,0,0,0,0.0699546
392934,18,1,192832,52782,46042,140050,280549,0,0,0,0,0.077873
392939,18,2,251295,69983,61467,181300,377298,1,0,0,0,0.135099
392940,18,1,175990,47970,41063,128020,256313,0,0,0,0,0.0592577
392941,18,1,194763,53285,46105,141478,283924,0,0,0,0,0.0592985
392944,18,1,177822,48653,42473,129169,260616,0,0,0,0,0.0653822
392949,18,1,179554,48362,42044,131192,256023,0,0,0,0,0.0680675
392962,36,1,189176,51716,44926,137460,276421,0,0,0,0,0.0579475
392965,36,1,199363,55157,48330,144206,296116,0,0,0,0,0.0567732
392968,36,1,209344,58047,50401,151297,310304,0,0,0,0,0.0587446
392970,6,1,160358,41882,36114,118476,221040,0,0,0,0,0.0689428
392971,18,1,151795,40104,34850,111691,212320,0,0,0,0,0.056174
392974,18,1,179273,48214,41984,131059,254183,0,0,0,0,0.0524125
392979,18,1,155145,41123,35825,114022,217017,0,0,0,0,0.0484152
392980,6,1,160292,41872,36107,118420,221016,0,0,0,0,0.0661305
392981,18,1,177994,48765,42234,129229,260206,0,0,0,0,0.0526967
392984,18,2,220889,61457,54325,159419,330768,1,0,0,0,0.125949
392989,18,1,170768,46199,40207,124569,245758,0,0,0,0,0.0502708
392990,18,1,146810,38789,33285,108021,206333,0,0,0,0,0.0482317
392991,18,1,167660,44456,38209,123204,235005,0,0,0,0,0.0502046
392994,18,1,186257,50068,43281,136189,264603,0,0,0,0,0.0584207
392999,18,1,185050,51045,44231,134005,271287,0,0,0,0,0.058231
393012,36,1,159624,42672,36855,116952,227593,0,0,0,0,0.0484905
393015,36,1,185671,50127,43390,135544,265820,0,0,0,0,0.0590876
393018,36,1,203140,56157,48748,146983,300237,0,0,0,0,0.059007
393020,6,1,155503,40675,35370,114828,214367,0,0,0,0,0.098495
393021,18,1,168392,45508,39616,122884,241691,0,0,0,0,0.0751982
393024,18,1,195351,52682,45989,142669,276437,0,0,0,0,0.0647916
393029,18,1,162286,43769,38225,118517,232841,0,0,0,0,0.0562254
393030,18,1,140506,36954,31767,103552,196033,0,0,0,0,0.0554558
393031,18,1,159006,42119,36685,116887,223166,0,0,0,0,0.0539293
393034,18,1,205762,55445,48065,150317,292906,0,0,0,0,0.0649126
393039,18,1,167165,45376,39234,121789,242034,0,0,0,0,0.0638888
393052,36,1,183958,50220,43299,133738,268692,0,0,0,0,0.0559649
393055,36,1,213815,59467,51148,154348,317433,0,0,0,0,0.0764978
393058,36,1,189035,51475,44917,137560,274641,0,0,0,0,0.0576616
393060,18,1,151456,39674,34253,111782,208378,0,0,0,0,0.0545006
393061,18,1,156342,41280,35536,115062,217011,0,0,0,0,0.0585125
393064,18,1,184869,49451,42781,135418,260151,0,0,0,0,0.0760217
393069,18,1,172915,46187,40015,126728,242550,0,0,0,0,0.0794139
393082,36,1,170668,45493,39132,125175,240356,0,0,0,0,0.0526135
393085,36,1,195775,53524,46431,142251,284942,0,0,0,0,0.0694764
393088,36,1,179108,48669,42144,130439,259737,0,0,0,0,0.0783126
393110,18,1,146754,38376,33422,108378,202135,0,0,0,0,0.0600539
393111,18,1,167798,43957,38222,123841,230679,0,0,0,0,0.047625
393112,18,1,161687,42394,36934,119293,222855,0,0,0,0,0.0471899
393113,18,1,167865,44235,38281,123630,232078,0,0,0,0,0.06525
393114,18,2,186343,50236,44242,136094,265813,1,0,0,0,0.170478
393115,18,1,198113,54066,47005,144047,286790,0,0,0,0,0.057443
393116,18,1,196083,53287,47183,142796,281207,0,0,0,0,0.0843913
393117,18,1,166946,45276,39545,121670,241192,0,0,0,0,0.0681696
393118,18,1,179620,48407,42292,131213,257986,0,0,0,0,0.0797499
393119,18,1,185766,49409,43500,136357,258452,0,0,0,0,0.0857162
393150,6,1,181775,48719,42321,133056,258387,0,0,0,0,0.109858
393151,18,2,211688,58139,51238,153536,312472,1,0,0,0,0.133985
393154,18,1,201249,55492,48404,145757,296786,0,0,0,0,0.0633708
393159,18,1,184185,49641,42966,134544,263120,0,0,0,0,0.0760961
393160,18,1,162541,44092,37923,118449,235712,0,0,0,0,0.0773062
393161,18,2,320218,86830,75867,233376,462134,1,0,0,0,0.224221
393164,18,1,186000,50819,44243,135181,269471,0,0,0,0,0.0722129
393169,18,1,183338,48962,42183,134376,257315,0,0,0,0,0.0759214
393182,36,1,199298,54265,47325,145033,288784,0,0,0,0,0.0867562
393185,36,1,212312,59216,50857,153096,318512,0,0,0,0,0.0750523
393188,36,1,189755,52177,45157,137578,278707,0,0,0,0,0.0595498
393210,6,1,196035,53562,46873,142473,285618,0,0,0,0,0.0836764
393211,18,2,218515,61380,53983,157122,331852,1,0,0,0,0.158094
393214,18,1,187184,51049,44304,136135,270930,0,0,0,0,0.0638182
393219,18,1,177934,48285,41929,129649,257891,0,0,0,0,0.052126
393220,18,1,175804,47887,41032,127917,255855,0,0,0,0,0.0554445
393221,18,1,200931,54894,47538,146037,291582,0,0,0,0,0.0562073
393224,18,1,171017,46739,40696,124278,250453,0,0,0,0,0.055648
393229,18,1,161599,43262,37557,118337,229650,0,0,0,0,0.0573257
393242,36,1,196297,53584,46542,142713,285686,0,0,0,0,0.0592395
393245,36,1,194383,53459,46891,140924,286881,0,0,0,0,0.0832545
393248,36,1,198749,54875,47533,143874,293893,0,0,0,0,0.0744598
393260,6,1,160158,41828,36086,118330,220765,0,0,0,0,0.0728837
393261,18,1,195278,54296,47205,140982,290711,0,0,0,0,0.0596515
393264,18,2,219272,60984,53707,158275,328009,1,0,0,0,0.158366
393269,18,1,179639,49091,42684,130548,262055,0,0,0,0,0.0536091
393270,18,1,146655,38740,33224,107915,206045,0,0,0,0,0.0485915
393271,18,1,183033,49269,42412,133764,261057,0,0,0,0,0.0552125
393274,18,1,172819,46387,40145,126432,245704,0,0,0,0,0.0797697
393279,18,1,191120,52675,46179,138445,279630,0,0,0,0,0.059433
393292,36,1,171099,46365,40143,124734,248187,0,0,0,0,0.0513992
393295,36,1,178714,48247,41598,130467,256416,0,0,0,0,0.0634698
393298,36,1,209697,58530,50960,151167,313632,0,0,0,0,0.0700778
393300,6,1,155569,40683,35356,114886,214395,0,0,0,0,0.0821358
393301,18,1,166206,44952,39118,121254,239635,0,0,0,0,0.0773468
393304,18,1,181762,49157,43046,132605,259789,0,0,0,0,0.0650137
393309,18,1,167092,45513,39858,121579,243130,0,0,0,0,0.0630509
393310,18,1,140184,36879,31697,103305,195680,0,0,0,0,0.0571464
393311,18,1,164890,43796,37928,121094,232709,0,0,0,0,0.0514422
393314,18,1,197770,53422,46307,144348,283481,0,0,0,0,0.0572853
393319,18,1,172839,46898,40771,125941,249890,0,0,0,0,0.0589835
393332,36,1,182581,50058,43354,132523,268618,0,0,0,0,0.0555544
393335,36,1,206809,57478,49518,149331,307516,0,0,0,0,0.0610424
393338,36,1,194400,53314,46731,141086,285188,0,0,0,0,0.0591283
393340,18,1,151458,39643,34220,111815,208164,0,0,0,0,0.0522868
393341,18,1,156059,41198,35484,114861,216556,0,0,0,0,0.0515177
393344,18,1,184933,49465,42783,135468,260230,0,0,0,0,0.0608012
393349,18,1,172854,46165,40005,126689,242416,0,0,0,0,0.0809213
393362,36,1,160627,42723,36720,117904,226690,0,0,0,0,0.0538725
393365,36,1,195903,53284,46167,142619,283156,0,0,0,0,0.0663916
393368,36,1,175186,47282,40823,127904,252074,0,0,0,0,0.0522528
393390,18,1,146842,38407,33457,108435,202325,0,0,0,0,0.0534976
393391,18,1,167407,43855,38158,123552,230143,0,0,0,0,0.0509796
393392,18,1,151281,39808,34651,111473,211272,0,0,0,0,0.0474091
393393,18,1,148589,38792,33513,109797,204908,0,0,0,0,0.0530197
393394,18,2,186408,50240,44264,136155,265786,1,0,0,0,0.138169
393395,18,1,196627,53307,46568,143320,282182,0,0,0,0,0.0809441
393396,18,1,195682,53331,47126,142351,282035,0,0,0,0,0.0784055
393397,18,1,165935,44726,38987,121209,237709,0,0,0,0,0.0699585
393398,18,1,173506,46353,40202,127153,246547,0,0,0,0,0.0643658
393399,18,1,185887,49473,43528,136414,258842,0,0,0,0,0.0636426
393440,18,1,189853,51555,44899,138298,273785,0,0,0,0,0.0632138
393441,18,1,200531,54217,47144,146314,285284,0,0,0,0,0.0620935
393444,18,2,284780,79396,69356,205371,425320,1,0,0,0,0.155685
393449,18,1,171460,45616,39395,125844,239602,0,0,0,0,0.0691354
393462,36,1,191004,51985,45065,139019,275747,0,0,0,0,0.0625828
393465,36,1,219878,61344,53250,158534,328009,0,0,0,0,0.0647591
393468,36,1,203021,56214,48870,146807,300423,0,0,0,0,0.0637733
393500,18,1,181521,49204,42592,132317,261360,0,0,0,0,0.0610422
393501,18,2,200102,55050,48292,145039,295431,1,0,0,0,0.13796
393504,18,1,161263,44007,38367,117256,235700,0,0,0,0,0.0592483
393509,18,1,153899,40763,35111,113136,215946,0,0,0,0,0.0582501
393522,36,1,190685,52009,45135,138676,276676,0,0,0,0,0.0762215
393525,36,1,201693,56076,49195,145617,301677,0,0,0,0,0.057
393528,36,1,196429,54251,47440,142178,291361,0,0,0,0,0.0567923
393550,18,1,165542,43951,37753,121591,232521,0,0,0,0,0.050406
393551,18,1,178481,47756,41147,130725,251956,0,0,0,0,0.0528733
393554,18,1,157115,42127,36548,114988,223631,0,0,0,0,0.0519034
393559,18,1,191009,52578,46120,138431,279370,0,0,0,0,0.061634
393572,36,1,178163,47863,40889,130300,254662,0,0,0,0,0.0560352
393575,36,1,188600,51122,44191,137478,272385,0,0,0,0,0.0529619
393578,36,1,194803,53622,46829,141181,286979,0,0,0,0,0.0561118
393590,18,1,174419,47185,40725,127234,250625,0,0,0,0,0.0591667
393591,18,1,163386,43116,37366,120270,227704,0,0,0,0,0.0502209
393594,18,2,192213,52236,45870,139964,279260,1,0,0,0,0.120152
393599,18,1,176596,47569,41674,129027,252822,0,0,0,0,0.0555348
393612,36,1,181978,49482,42801,132496,265085,0,0,0,0,0.053375
393615,36,1,203968,55993,48845,147975,298679,0,0,0,0,0.0569675
393618,36,1,202440,55367,48615,147073,295426,0,0,0,0,0.0591211
393620,18,1,183082,49432,42652,133650,261576,0,0,0,0,0.0633545
393621,18,1,160873,42474,36990,118399,224479,0,0,0,0,0.0522296
393624,18,1,186600,50109,43653,136491,265046,0,0,0,0,0.0547469
393629,18,1,180136,49139,43157,130997,262079,0,0,0,0,0.0606358
393642,36,1,170908,46125,39568,124783,246909,0,0,0,0,0.0752903
393645,36,1,208216,57470,50157,150746,307187,0,0,0,0,0.0718337
393648,36,1,195534,53629,46715,141905,286888,0,0,0,0,0.0598156
393670,18,1,141512,37023,32151,104489,195844,0,0,0,0,0.0658582
393671,18,1,160734,42327,36467,118407,222777,0,0,0,0,0.0500384
393672,18,1,146992,38591,33458,108401,204285,0,0,0,0,0.0476468
393673,18,1,146033,38053,32714,107980,201144,0,0,0,0,0.0609699
393674,18,1,179955,48762,42213,131193,259092,0,0,0,0,0.0643193
393675,18,1,192745,52036,45511,140709,274452,0,0,0,0,0.0788312
393676,18,1,196595,53346,46824,143249,281055,0,0,0,0,0.0723592
393677,18,1,165825,44865,39175,120960,237707,0,0,0,0,0.0626836
393678,18,1,166196,44211,38400,121985,235102,0,0,0,0,0.078019
393679,18,1,178274,47447,41377,130827,250606,0,0,0,0,0.0601677
393950,18,1,164089,43502,38018,120587,230409,0,0,0,0,0.113197
393951,18,1,178569,48118,42104,130451,252985,0,0,0,0,0.0854655
393952,18,1,163821,44171,38435,119650,234268,0,0,0,0,0.0614946
393953,18,1,158460,42692,36968,115768,227250,0,0,0,0,0.0598405
393954,18,1,178092,48149,42131,129943,255569,0,0,0,0,0.0616865
393955,18,1,194189,52813,46585,141376,279347,0,0,0,0,0.0791009
393956,18,1,207128,56113,49587,151015,292193,0,0,0,0,0.0802533
393957,18,1,154091,41527,36338,112564,221738,0,0,0,0,0.0699788
393958,18,1,157066,42284,37009,114782,224820,0,0,0,0,0.0701299
393959,18,1,169687,46114,40672,123573,243971,0,0,0,0,0.0816081
394130,36,1,164660,44200,38601,120460,235235,0,0,0,0,0.0661644
394131,36,1,175717,47329,41391,128388,251414,0,0,0,0,0.0628454
394132,36,1,169843,45693,39439,124150,242894,0,0,0,0,0.0703673
394133,36,1,170293,45925,39777,124368,244892,0,0,0,0,0.0654534
394134,36,1,151866,40281,34860,111585,213031,0,0,0,0,0.0543813
394135,36,1,172873,47059,40761,125814,251475,0,0,0,0,0.0548359
394136,36,1,181849,48966,42472,132883,259545,0,0,0,0,0.0650226
394137,36,1,186336,51056,44266,135280,273354,0,0,0,0,0.0547708
394138,36,1,190755,51979,45330,138776,276410,0,0,0,0,0.0558
394139,36,1,207709,56830,50084,150879,300329,0,0,0,0,0.0608103
394170,36,1,160010,42896,37135,117114,228171,0,0,0,0,0.0772524
394171,36,1,173178,46593,40157,126585,248220,0,0,0,0,0.0539999
394172,36,1,181558,49383,42460,132175,264762,0,0,0,0,0.0535599
394173,36,1,181191,49345,42646,131846,264043,0,0,0,0,0.0685237
394174,36,1,192868,52218,44912,140650,275919,0,0,0,0,0.0805684
394175,36,1,220569,60927,52511,159642,324931,0,0,0,0,0.0803985
394176,36,1,197428,54468,47315,142960,291213,0,0,0,0,0.0829172
394177,36,1,184523,50505,43939,134018,270712,0,0,0,0,0.0630529
394178,36,1,187079,51225,44529,135854,274056,0,0,0,0,0.0541079
394179,36,1,196200,53604,46805,142596,285607,0,0,0,0,0.0580979
394200,36,1,166499,44700,38767,121799,236903,0,0,0,0,0.058561
394201,36,1,170347,45524,39067,124823,241735,0,0,0,0,0.0584428
394202,36,1,174393,47118,40671,127275,251896,0,0,0,0,0.0750521
394203,36,1,158758,42554,37088,116204,227140,0,0,0,0,0.0531916
394204,36,1,185043,50131,43165,134912,266001,0,0,0,0,0.0650025
394205,36,1,218673,60328,51955,158345,321813,0,0,0,0,0.0814863
394206,36,1,197704,54488,47516,143216,291286,0,0,0,0,0.0793804
394207,36,1,176743,48565,42261,128178,260843,0,0,0,0,0.0623208
394208,36,1,184206,50186,43625,134020,268060,0,0,0,0,0.0585533
394209,36,1,198047,54446,47898,143601,290517,0,0,0,0,0.0718112
394220,36,1,156219,42082,36250,114137,223204,0,0,0,0,0.0709327
394221,36,1,175026,46939,40471,128087,247257,0,0,0,0,0.0578531
394222,36,1,162231,43310,37124,118921,229620,0,0,0,0,0.0579043
394223,36,1,144218,37794,32750,106424,199993,0,0,0,0,0.0673521
394224,36,1,179930,48864,42152,131066,260241,0,0,0,0,0.0524122
394225,36,1,198094,54075,46631,144019,286453,0,0,0,0,0.0671942
394226,36,1,205013,56869,49734,148144,301752,0,0,0,0,0.0853082
394227,36,1,157877,42719,37140,115158,228148,0,0,0,0,0.0687451
394228,36,1,176240,47926,41785,128314,255926,0,0,0,0,0.0580618
394229,36,1,189124,51890,45276,137234,275855,0,0,0,0,0.0546086
394540,6,1,178281,47520,41117,130761,251740,0,0,0,0,0.091394
394541,18,1,151163,40146,34090,111017,212891,0,0,0,0,0.0718124
394544,18,2,229933,63162,55824,166758,337822,1,0,0,0,0.135944
394549,18,1,183913,49343,42591,134570,260008,0,0,0,0,0.0616051
394550,6,1,178442,47573,41143,130869,252066,0,0,0,0,0.0857523
394551,18,1,167803,45348,39223,122455,241434,0,0,0,0,0.0632588
394554,18,1,193860,52842,45837,141018,281880,0,0,0,0,0.0738297
394559,18,1,197742,53936,46651,143806,288314,0,0,0,0,0.0734273
394560,18,1,160708,43251,36912,117457,230656,0,0,0,0,0.0605061
394561,18,2,202875,54682,47766,148180,291643,1,0,0,0,0.182503
394564,18,2,218860,59691,52673,159156,319190,1,0,0,0,0.162815
394569,18,2,216982,59248,52216,157721,317064,1,0,0,0,0.133865
394582,36,1,173252,46417,40479,126835,246479,0,0,0,0,0.0548342
394585,36,1,194003,52923,45414,141080,282908,0,0,0,0,0.0553698
394588,36,1,198500,54235,46714,144265,289999,0,0,0,0,0.0569776
394600,6,1,182332,48648,42482,133684,257276,0,0,0,0,0.070916
394601,18,1,168417,44831,38602,123586,236816,0,0,0,0,0.0565668
394604,18,2,188046,50707,44593,137327,268999,1,0,0,0,0.122658
394609,18,1,169195,45294,39333,123901,239135,0,0,0,0,0.0505992
394610,6,1,182248,48627,42461,133621,257156,0,0,0,0,0.0901972
394611,18,1,181617,49646,43083,131971,264028,0,0,0,0,0.0760795
394614,18,1,182681,48686,42507,133995,255736,0,0,0,0,0.0620792
394619,18,1,178160,47487,40973,130673,250668,0,0,0,0,0.0653743
394620,18,1,166580,44738,37968,121842,237965,0,0,0,0,0.0587675
394621,18,2,194303,52006,45070,142284,277090,1,0,0,0,0.132533
394624,18,1,181905,49110,42366,132795,259756,0,0,0,0,0.0617975
394629,18,1,169217,44652,38925,124565,234843,0,0,0,0,0.0550679
394642,36,1,171488,46161,39859,125327,245524,0,0,0,0,0.071537
394645,36,1,190125,51332,44705,138793,272185,0,0,0,0,0.079166
394648,36,1,209817,57492,49838,152325,305866,0,0,0,0,0.0855864
394650,6,1,168158,44540,38827,123618,236158,0,0,0,0,0.0951877
394651,18,1,156306,41576,35670,114730,220719,0,0,0,0,0.0592723
394654,18,1,184056,49815,43688,134241,263006,0,0,0,0,0.0535851
394659,18,1,159061,42520,36691,116541,225098,0,0,0,0,0.051684
394660,6,1,168342,44589,38845,123753,236430,0,0,0,0,0.0796158
394661,18,1,171944,46964,40650,124980,250788,0,0,0,0,0.0761446
394664,18,1,172174,45702,39664,126472,241102,0,0,0,0,0.054331
394669,18,1,165852,44419,38166,121433,235583,0,0,0,0,0.0525991
394670,18,1,151802,40442,34335,111360,215760,0,0,0,0,0.0564546
394671,18,2,280242,74409,64300,205820,395630,1,0,0,0,0.162784
394674,18,1,182691,49438,42564,133253,261661,0,0,0,0,0.0815623
394679,18,1,158085,41759,36008,116326,220570,0,0,0,0,0.0592058
394692,36,1,159493,42541,36656,116952,226894,0,0,0,0,0.0512223
394695,36,1,180536,48409,41811,132127,256947,0,0,0,0,0.0537427
394698,36,1,193846,53016,45849,140830,283074,0,0,0,0,0.0568543
394700,6,1,147452,38271,32826,109181,201865,0,0,0,0,0.0866663
394701,18,1,166726,44742,38685,121984,237029,0,0,0,0,0.059955
394704,18,1,176288,47653,41087,128635,251620,0,0,0,0,0.059585
394709,18,1,148902,40060,34788,108842,213817,0,0,0,0,0.056948
394710,18,1,132742,34583,29364,98159,183215,0,0,0,0,0.0583689
394711,18,1,158996,42036,36279,116960,222664,0,0,0,0,0.0514306
394714,18,1,170264,44951,38914,125313,237075,0,0,0,0,0.0503821
394719,18,1,159060,42534,36501,116526,225871,0,0,0,0,0.0564004
394732,36,1,180648,49926,42999,130722,268694,0,0,0,0,0.0540735
394735,36,1,191270,53124,45663,138146,285291,0,0,0,0,0.0563638
394738,36,1,171551,46491,40409,125060,248368,0,0,0,0,0.0519217
394740,18,1,144907,37603,32253,107304,197619,0,0,0,0,0.0522389
394741,18,2,179337,47930,41998,131394,253247,1,0,0,0,0.122766
394744,18,2,188461,51344,45345,137104,272510,1,0,0,0,0.121146
394749,18,1,169406,44510,38473,124896,233218,0,0,0,0,0.0796208
394762,36,1,171933,45826,39498,126107,243824,0,0,0,0,0.0595946
394765,36,1,180183,48497,41993,131686,257904,0,0,0,0,0.0504854
394768,36,1,168714,45280,39010,123434,241471,0,0,0,0,0.0505947
394790,18,1,138093,35888,30893,102205,189314,0,0,0,0,0.0514081
394791,18,1,158983,41732,35769,117251,219706,0,0,0,0,0.045849
394792,18,1,165327,43979,37962,121348,233957,0,0,0,0,0.0478971
394793,18,1,167791,44308,38564,123483,234084,0,0,0,0,0.0520971
394794,18,1,169378,44877,38534,124501,235631,0,0,0,0,0.04867
394795,18,1,175904,47196,40867,128708,250621,0,0,0,0,0.0503971
394796,18,1,167877,44327,38635,123550,234151,0,0,0,0,0.0510778
394797,18,1,158390,41719,36135,116671,218596,0,0,0,0,0.0513949
394798,18,1,174000,46435,39854,127565,246391,0,0,0,0,0.064351
394799,18,1,178440,46942,40694,131498,245205,0,0,0,0,0.0614366
394830,6,1,178599,47610,41170,130989,252281,0,0,0,0,0.0943861
394831,18,1,186719,50747,44146,135972,269460,0,0,0,0,0.0710374
394834,18,1,214827,59075,51673,155752,315094,0,0,0,0,0.071879
394839,18,1,221986,61705,53787,160281,330135,0,0,0,0,0.0743959
394840,18,1,160604,43230,36888,117374,230544,0,0,0,0,0.0645393
394841,18,2,205255,55604,48674,149638,296718,1,0,0,0,0.140544
394844,18,2,211412,57683,50791,153716,308343,1,0,0,0,0.140538
394849,18,2,212745,58001,50827,154731,309926,1,0,0,0,0.129164
394862,36,1,188916,50954,44402,137962,269986,0,0,0,0,0.0586855
394865,36,1,205936,56184,48424,149752,299229,0,0,0,0,0.0602896
394868,36,1,209919,57383,49501,152536,305605,0,0,0,0,0.0644389
394890,6,1,181745,48448,42385,133297,256096,0,0,0,0,0.0760733
394891,18,2,207583,57493,50514,150078,309371,1,0,0,0,0.139053
394894,18,1,181310,48604,42406,132706,256427,0,0,0,0,0.0537251
394899,18,1,178081,47891,41220,130190,254434,0,0,0,0,0.057266
394900,18,1,166080,44549,37863,121531,236825,0,0,0,0,0.0558993
394901,18,2,202243,54673,47598,147557,292018,1,0,0,0,0.120165
394904,18,1,182620,49442,42715,133178,262523,0,0,0,0,0.0632167
394909,18,1,168219,44362,38584,123857,233849,0,0,0,0,0.0562169
394922,36,1,184527,49900,42971,134627,264474,0,0,0,0,0.0581167
394925,36,1,186837,50400,43819,136437,267790,0,0,0,0,0.0588178
394928,36,1,209071,57486,49933,151585,306982,0,0,0,0,0.0571912
394940,6,1,167935,44434,38732,123501,235501,0,0,0,0,0.0732386
394941,18,2,199179,54884,48142,144283,295801,1,0,0,0,0.152731
394944,18,1,179922,47881,41647,132041,251708,0,0,0,0,0.0520153
394949,18,1,180647,48661,41860,131986,258083,0,0,0,0,0.0568124
394950,18,1,151368,40269,34221,111099,214720,0,0,0,0,0.0790596
394951,18,2,294228,78546,68000,215669,417494,1,0,0,0,0.185401
394954,18,1,189551,51205,44150,138346,270390,0,0,0,0,0.068029
394959,18,1,173164,46085,40183,127079,243635,0,0,0,0,0.0812843
394972,36,1,175397,47327,40566,128070,252643,0,0,0,0,0.0648184
394975,36,1,187145,50320,43420,136825,266814,0,0,0,0,0.0777764
394978,36,1,210638,58213,50492,152425,311058,0,0,0,0,0.0739801
394980,6,1,147600,38308,32858,109292,202079,0,0,0,0,0.0819724
394981,18,1,173700,46820,40476,126880,248405,0,0,0,0,0.064811
394984,18,1,187101,50660,43852,136441,266804,0,0,0,0,0.0697485
394989,18,1,158703,43205,37659,115498,231744,0,0,0,0,0.0616658
394990,18,1,132599,34541,29328,98058,182991,0,0,0,0,0.0570712
394991,18,1,165851,43989,37921,121862,233504,0,0,0,0,0.0510738
394994,18,1,184226,48967,42276,135259,257904,0,0,0,0,0.0559673
394999,18,1,163734,43569,37674,120165,230580,0,0,0,0,0.0754942
395012,36,1,185111,51314,44135,133797,276026,0,0,0,0,0.0574104
395015,36,1,198769,55392,47746,143377,296765,0,0,0,0,0.0637431
395018,36,1,179263,48978,42907,130285,262228,0,0,0,0,0.0544129
395020,18,1,144890,37579,32224,107311,197466,0,0,0,0,0.0528908
395021,18,2,179345,47918,42003,131414,253169,1,0,0,0,0.146746
395024,18,2,188500,51345,45375,137142,272507,1,0,0,0,0.160139
395029,18,1,169438,44529,38495,124909,233340,0,0,0,0,0.0559696
395042,36,1,170057,44907,38640,125150,237943,0,0,0,0,0.0509775
395045,36,1,184157,49082,42524,135075,259091,0,0,0,0,0.0791407
395048,36,1,169293,45260,38852,124033,241258,0,0,0,0,0.0608805
395070,18,1,138117,35889,30911,102228,189320,0,0,0,0,0.0629914
395071,18,1,158808,41683,35755,117125,219428,0,0,0,0,0.0537153
395072,18,1,163774,43259,37206,120515,229715,0,0,0,0,0.0675347
395073,18,1,160368,41980,36386,118388,221936,0,0,0,0,0.0756371
395074,18,1,169311,44870,38533,124441,235630,0,0,0,0,0.0498857
395075,18,1,182489,48653,42012,133836,256679,0,0,0,0,0.0533126
395076,18,1,171219,44797,38932,126422,234857,0,0,0,0,0.0517081
395077,18,1,156700,41069,35758,115631,215433,0,0,0,0,0.0541911
395078,18,1,171257,45358,39303,125899,240008,0,0,0,0,0.0660069
395079,18,1,178454,46943,40704,131511,245207,0,0,0,0,0.0610784
395120,18,1,192910,51582,44351,141328,270569,0,0,0,0,0.0623422
395121,18,1,192747,51519,44304,141228,270213,0,0,0,0,0.0655999
395124,18,1,208429,55888,48567,152541,291508,0,0,0,0,0.0597505
395129,18,1,208567,55861,48527,152706,291284,0,0,0,0,0.0853229
395142,36,1,194781,52048,45329,142733,272427,0,0,0,0,0.0645786
395145,36,1,213592,58095,50278,155497,308457,0,0,0,0,0.0607252
395148,36,1,216884,59221,51217,157663,314712,0,0,0,0,0.0629958
395180,18,2,181401,48393,42152,132995,257147,1,0,0,0,0.119391
395181,18,2,182671,48696,42479,133962,258445,1,0,0,0,0.119045
395184,18,1,184611,50195,43202,134416,267478,0,0,0,0,0.0604607
395189,18,1,175768,46599,40357,129169,246338,0,0,0,0,0.054737
395202,36,1,189843,51369,43798,138474,271958,0,0,0,0,0.0561589
395205,36,1,198848,54195,46905,144653,288514,0,0,0,0,0.0548539
395208,36,1,206251,56838,49590,149413,303448,0,0,0,0,0.0574891
395230,18,1,171982,46265,39560,125717,246234,0,0,0,0,0.0527772
395231,18,1,180778,48656,41935,132122,257456,0,0,0,0,0.0538046
395234,18,1,189499,51446,44291,138053,272455,0,0,0,0,0.0642346
395239,18,1,185517,49466,43365,136051,260451,0,0,0,0,0.0563708
395252,36,1,189193,51131,43561,138062,270763,0,0,0,0,0.0555033
395255,36,1,196915,53242,45899,143673,283464,0,0,0,0,0.0548179
395258,36,1,204186,55940,48493,148246,298818,0,0,0,0,0.0570178
395270,18,1,168674,45180,38475,123494,239836,0,0,0,0,0.0608345
395271,18,1,173798,46167,39446,127631,244835,0,0,0,0,0.0520609
395274,18,2,185691,49985,44112,135693,266036,1,0,0,0,0.119166
395279,18,1,167546,44498,38809,123048,235904,0,0,0,0,0.0554839
395292,36,1,188683,51431,44183,137252,275946,0,0,0,0,0.0525498
395295,36,1,204478,55838,48476,148640,298019,0,0,0,0,0.0570004
395298,36,1,185398,50142,43782,135256,267688,0,0,0,0,0.0546034
395300,18,1,174805,46932,40357,127873,248340,0,0,0,0,0.0611119
395301,18,1,180217,47872,41133,132345,252431,0,0,0,0,0.0521085
395304,18,2,191181,51786,45744,139382,276002,1,0,0,0,0.120047
395309,18,1,178326,47278,41160,131048,248548,0,0,0,0,0.0608079
395322,36,1,184114,49538,42358,134576,264383,0,0,0,0,0.0525442
395325,36,1,198564,53575,46383,144989,284707,0,0,0,0,0.0543137
395328,36,1,184236,49672,42965,134564,265080,0,0,0,0,0.0531093
395350,18,1,134121,34901,30070,99220,184942,0,0,0,0,0.0578331
395351,18,1,157373,41345,35249,116028,218737,0,0,0,0,0.0491573
395352,18,1,158701,41657,35720,117044,220613,0,0,0,0,0.0486294
395353,18,1,159599,41723,36151,117876,220216,0,0,0,0,0.071574
395354,18,1,171693,45454,39004,126239,238981,0,0,0,0,0.0594911
395355,18,1,174488,46136,39936,128352,242916,0,0,0,0,0.0528955
395356,18,1,176119,46078,40176,130041,241117,0,0,0,0,0.0620896
395357,18,1,155803,40441,35043,115362,210657,0,0,0,0,0.0552025
395358,18,1,159908,42246,36310,117662,224914,0,0,0,0,0.056705
395359,18,1,170002,45048,38782,124954,238229,0,0,0,0,0.0604588
395630,18,1,150914,39816,34832,111098,211026,0,0,0,0,0.0845738
395631,18,1,162928,43461,37782,119467,229582,0,0,0,0,0.062857
395632,18,1,168265,45312,39558,122953,240251,0,0,0,0,0.0649398
395633,18,1,168419,45243,39266,123176,238908,0,0,0,0,0.0637967
395634,18,1,172857,46137,40036,126720,242075,0,0,0,0,0.0567186
395635,18,1,179753,48617,42674,131136,256623,0,0,0,0,0.0578783
395636,18,1,179077,48126,41951,130951,252711,0,0,0,0,0.0601858
395637,18,1,151448,40824,35514,110624,218491,0,0,0,0,0.0638548
395638,18,1,156940,42659,37075,114281,228464,0,0,0,0,0.0627134
395639,18,1,164300,44700,39097,119600,237793,0,0,0,0,0.0637825
395850,36,1,146551,38958,33525,107593,207319,0,0,0,0,0.0556717
395851,36,1,170965,45778,39174,125187,243698,0,0,0,0,0.0557064
395852,36,1,187472,51343,44180,136129,275579,0,0,0,0,0.0552067
395853,36,1,171383,46273,39793,125110,247893,0,0,0,0,0.0501161
395854,36,1,183681,49650,42705,134031,263917,0,0,0,0,0.0522784
395855,36,1,204646,56209,48375,148437,300622,0,0,0,0,0.0600496
395856,36,1,188266,51078,44349,137188,271839,0,0,0,0,0.0533919
395857,36,1,169840,45773,39551,124067,245079,0,0,0,0,0.0617545
395858,36,1,175818,47285,41035,128533,250984,0,0,0,0,0.0530225
395859,36,1,186402,50277,43564,136125,267100,0,0,0,0,0.0636033
395880,36,1,157534,42304,36532,115230,224917,0,0,0,0,0.0640351
395881,36,1,176603,47509,40737,129094,252337,0,0,0,0,0.0509687
395882,36,1,184018,49785,42716,134233,266110,0,0,0,0,0.0519371
395883,36,1,169670,45406,39105,124264,242079,0,0,0,0,0.0507295
395884,36,1,190647,51763,44559,138884,274275,0,0,0,0,0.0546744
395885,36,1,200470,54499,46834,145971,290487,0,0,0,0,0.0622952
395886,36,1,184296,49555,43285,134741,262998,0,0,0,0,0.0531253
395887,36,1,168929,45779,39603,123150,245839,0,0,0,0,0.0586111
395888,36,1,176047,47231,41379,128816,250466,0,0,0,0,0.0544654
395889,36,1,198235,53020,46115,145215,278562,0,0,0,0,0.0580027
395900,36,1,148545,39686,34165,108859,210761,0,0,0,0,0.0568474
395901,36,1,163981,43967,37730,120014,233921,0,0,0,0,0.0482368
395902,36,1,169048,45178,38640,123870,240056,0,0,0,0,0.0496163
395903,36,1,159000,41774,36189,117226,220851,0,0,0,0,0.0475674
395904,36,1,175815,47478,40828,128337,252255,0,0,0,0,0.0509395
395905,36,1,180350,48620,41700,131730,258072,0,0,0,0,0.0598834
395906,36,1,172722,45722,39773,127000,241193,0,0,0,0,0.0697594
395907,36,1,152159,40741,35073,111418,217983,0,0,0,0,0.0578747
395908,36,1,171820,46219,40188,125601,246256,0,0,0,0,0.0536902
395909,36,1,183303,49610,43233,133693,262545,0,0,0,0,0.0558252
396230,6,1,161522,41692,36508,119830,218921,0,0,0,0,0.117772
396231,18,1,177180,47572,41472,129608,253381,0,0,0,0,0.081352
396234,18,1,195708,53357,47062,142351,285027,0,0,0,0,0.0844804
396239,18,1,194485,53031,46544,141454,283444,0,0,0,0,0.0853087
396240,18,1,150675,39572,34254,111103,210105,0,0,0,0,0.0824351
396241,18,1,143537,38005,33022,105532,202979,0,0,0,0,0.0617232
396244,18,1,160052,42492,36957,117560,226198,0,0,0,0,0.0577367
396249,18,1,170075,45403,39715,124672,240286,0,0,0,0,0.0564972
396262,36,1,190192,51861,45341,138331,276406,0,0,0,0,0.062992
396265,36,1,198314,55119,48674,143195,295901,0,0,0,0,0.0645237
396268,36,1,193189,53574,46625,139615,287785,0,0,0,0,0.0633844
396290,6,1,176654,46089,40308,130565,241406,0,0,0,0,0.081195
396291,18,1,177720,47804,41736,129916,252493,0,0,0,0,0.0580803
396294,18,1,190393,51285,45007,139108,270348,0,0,0,0,0.0619123
396299,18,1,174271,46816,40989,127455,247319,0,0,0,0,0.0555416
396300,18,1,148768,39241,34238,109527,207094,0,0,0,0,0.0545117
396301,18,1,160911,41956,36644,118955,220252,0,0,0,0,0.0612251
396304,18,1,196809,52961,46493,143848,278089,0,0,0,0,0.0655801
396309,18,2,222906,60910,53446,161984,324841,1,0,0,0,0.131656
396322,36,1,196577,53776,47016,142801,285780,0,0,0,0,0.0633587
396325,36,1,199471,55169,48212,144302,294151,0,0,0,0,0.0581785
396328,36,1,193530,52787,46147,140743,280378,0,0,0,0,0.0601612
396340,6,1,154044,39475,33919,114569,207166,0,0,0,0,0.0800881
396341,18,1,163776,43934,38217,119842,233980,0,0,0,0,0.0563179
396344,18,1,176423,47306,41344,129117,250236,0,0,0,0,0.0569708
396349,18,1,163387,44182,38481,119205,235859,0,0,0,0,0.057611
396350,18,1,134855,35117,30147,99738,186178,0,0,0,0,0.0534312
396351,18,1,148318,38744,33679,109574,205124,0,0,0,0,0.0525492
396354,18,1,197897,53398,46850,144499,280576,0,0,0,0,0.0683813
396359,18,2,228981,63238,55917,165731,339715,1,0,0,0,0.139743
396372,36,1,180345,49069,42710,131276,262353,0,0,0,0,0.0516758
396375,36,1,186262,51082,44480,135180,272343,0,0,0,0,0.0544593
396378,36,1,179529,48842,42501,130687,260756,0,0,0,0,0.0574301
396380,6,1,141497,36219,31024,105278,190642,0,0,0,0,0.0816165
396381,18,1,175672,47575,41120,128097,252621,0,0,0,0,0.0594685
396384,18,1,189846,51643,44868,138203,272786,0,0,0,0,0.063576
396389,18,1,151853,41319,36151,110534,221743,0,0,0,0,0.0551168
396390,18,1,121927,31569,27053,90358,167556,0,0,0,0,0.0525531
396391,18,1,156641,41009,35448,115632,217288,0,0,0,0,0.051894
396394,18,1,167666,44249,38409,123417,233920,0,0,0,0,0.0527072
396399,18,1,148098,39050,34161,109048,205580,0,0,0,0,0.0535861
396412,36,1,176119,48572,42166,127547,261251,0,0,0,0,0.0555366
396415,36,1,181369,50023,43489,131346,267790,0,0,0,0,0.055297
396418,36,1,167911,45578,39437,122333,243861,0,0,0,0,0.0585159
396420,18,1,130667,33880,28866,96787,178129,0,0,0,0,0.0531442
396421,18,1,140878,36574,31253,104304,191734,0,0,0,0,0.0504474
396424,18,1,150906,39531,34185,111375,207070,0,0,0,0,0.0494948
396429,18,1,159421,41895,36307,117526,219718,0,0,0,0,0.0728152
396442,36,1,167072,46215,39977,120857,249419,0,0,0,0,0.0570168
396445,36,1,173841,48517,42213,125324,262030,0,0,0,0,0.0585393
396448,36,1,166661,45478,39510,121183,243323,0,0,0,0,0.0558101
396470,18,1,144049,36966,31987,107083,191886,0,0,0,0,0.0478545
396471,18,1,156295,40640,35197,115655,211226,0,0,0,0,0.0529055
396472,18,1,156563,40376,35268,116187,211637,0,0,0,0,0.0570084
396473,18,1,170715,44461,38869,126254,231854,0,0,0,0,0.0539803
396474,18,1,167786,44072,38398,123714,228554,0,0,0,0,0.0629528
396475,18,1,167439,43616,38428,123823,227815,0,0,0,0,0.0738415
396476,18,1,169981,44262,38756,125719,230777,0,0,0,0,0.0584336
396477,18,1,167615,42877,37501,124738,220083,0,0,0,0,0.0567009
396478,18,1,159986,41498,35962,118488,216528,0,0,0,0,0.0549064
396479,18,1,175217,45637,40099,129580,237836,0,0,0,0,0.0790668
396520,18,1,171567,45760,40394,125807,242782,0,0,0,0,0.0867867
396521,18,1,152771,40337,35432,112434,214102,0,0,0,0,0.0585204
396524,18,1,164298,43439,38008,120859,229563,0,0,0,0,0.0570715
396529,18,1,174091,46303,40432,127788,243161,0,0,0,0,0.0620497
396542,36,1,175498,46860,41092,128638,249512,0,0,0,0,0.0645677
396545,36,1,190601,52016,45876,138585,279414,0,0,0,0,0.0649201
396548,36,1,187433,51197,44745,136236,274973,0,0,0,0,0.0614069
396580,18,1,166823,43849,38605,122974,229360,0,0,0,0,0.0566717
396581,18,2,213955,57619,50622,156323,307354,1,0,0,0,0.156619
396584,18,1,190423,50574,43853,139849,265731,0,0,0,0,0.0736796
396589,18,1,159656,42544,37285,117112,225149,0,0,0,0,0.0824271
396602,36,1,184663,49678,43315,134985,263588,0,0,0,0,0.062647
396605,36,1,195736,53699,47013,142037,286737,0,0,0,0,0.0698591
396608,36,1,185840,49720,43610,136120,264029,0,0,0,0,0.0760175
396630,18,1,154026,40414,35013,113612,213582,0,0,0,0,0.0788
396631,18,1,154193,40375,35161,113818,213637,0,0,0,0,0.0762392
396634,18,1,197098,52888,45996,144210,277350,0,0,0,0,0.0709087
396639,18,1,160258,42935,37613,117323,227697,0,0,0,0,0.0785393
396652,36,1,171540,46048,40142,125492,245879,0,0,0,0,0.0733988
396655,36,1,193601,53126,46532,140475,283344,0,0,0,0,0.0608469
396658,36,1,179817,48511,42378,131306,259229,0,0,0,0,0.0561053
396670,18,1,143787,37999,32824,105788,201679,0,0,0,0,0.0657643
396671,18,1,163516,42840,37263,120676,226043,0,0,0,0,0.066693
396674,18,1,175551,46233,40353,129318,242766,0,0,0,0,0.063045
396679,18,1,158362,41680,36449,116682,218777,0,0,0,0,0.0558717
396692,36,1,173317,46807,40678,126510,250680,0,0,0,0,0.0577183
396695,36,1,186969,51030,44768,135939,272138,0,0,0,0,0.057998
396698,36,1,173175,46781,40672,126394,250617,0,0,0,0,0.0597221
396700,18,1,137495,36851,31857,100644,196916,0,0,0,0,0.0747124
396701,18,1,148816,39373,34225,109443,209120,0,0,0,0,0.0635676
396704,18,1,161655,42691,37170,118964,224494,0,0,0,0,0.0543209
396709,18,1,165590,44654,39528,120936,237849,0,0,0,0,0.0979934
396722,36,1,170408,46874,40597,123534,253294,0,0,0,0,0.0835451
396725,36,1,181226,50191,44001,131035,270615,0,0,0,0,0.0659118
396728,36,1,176335,47969,42016,128366,255763,0,0,0,0,0.0857721
396750,18,1,138681,35678,30567,103003,187047,0,0,0,0,0.0748443
396751,18,1,151977,39373,34042,112604,206729,0,0,0,0,0.0738775
396752,18,1,152981,39388,34570,113593,206758,0,0,0,0,0.0764326
396753,18,1,154687,39940,34749,114747,209971,0,0,0,0,0.0750509
396754,18,1,166376,43755,37944,122621,227980,0,0,0,0,0.0769957
396755,18,1,163385,42297,37182,121088,220793,0,0,0,0,0.0794446
396756,18,1,164641,42813,37479,121828,223891,0,0,0,0,0.0784647
396757,18,1,168068,42927,37621,125141,220829,0,0,0,0,0.0765008
396758,18,1,161893,41842,36272,120051,216755,0,0,0,0,0.0721364
396759,18,1,167046,43774,38612,123272,230517,0,0,0,0,0.069299
397030,18,1,144244,38038,33026,106206,200181,0,0,0,0,0.0547754
397031,18,1,156498,41459,36232,115039,218498,0,0,0,0,0.052962
397032,18,1,176769,47520,41596,129249,251688,0,0,0,0,0.0778291
397033,18,1,182045,49524,43537,132521,262086,0,0,0,0,0.0860591
397034,18,1,168983,45123,39579,123860,236488,0,0,0,0,0.0589788
397035,18,1,186005,50233,44057,135772,265836,0,0,0,0,0.0865306
397036,18,1,190214,51891,45587,138323,274428,0,0,0,0,0.0894886
397037,18,1,180149,48157,42819,131992,251441,0,0,0,0,0.0874317
397038,18,1,180803,48192,42237,132611,252351,0,0,0,0,0.0837474
397039,18,1,176792,47451,41768,129341,250380,0,0,0,0,0.107193
397280,36,1,165091,44578,38375,120513,237525,0,0,0,0,0.0690536
397281,36,1,177476,47989,41760,129487,255418,0,0,0,0,0.0529548
397282,36,1,188303,51889,45501,136414,278480,0,0,0,0,0.0560458
397283,36,1,178614,48329,42301,130285,257874,0,0,0,0,0.0543684
397284,36,1,194478,52844,46098,141634,279208,0,0,0,0,0.0570026
397285,36,1,200358,55041,48035,145317,294155,0,0,0,0,0.0626746
397286,36,1,196229,53716,47162,142513,286668,0,0,0,0,0.0809481
397287,36,1,190600,51554,45329,139046,272447,0,0,0,0,0.0797432
397288,36,1,182659,49181,43204,133478,259108,0,0,0,0,0.0699898
397289,36,1,195078,53322,46982,141756,284328,0,0,0,0,0.0730926
397300,36,1,147735,38820,33301,108915,204614,0,0,0,0,0.0516451
397301,36,1,166161,44390,38402,121771,234632,0,0,0,0,0.0521567
397302,36,1,183537,50234,43976,133303,268090,0,0,0,0,0.0603414
397303,36,1,168704,45428,39768,123276,240970,0,0,0,0,0.0591625
397304,36,1,179636,48621,42279,131015,256232,0,0,0,0,0.0751811
397305,36,1,194285,53410,46890,140875,284487,0,0,0,0,0.0663314
397306,36,1,187202,51476,45147,135726,273885,0,0,0,0,0.0573114
397307,36,2,181792,49266,43373,132513,263069,1,0,0,0,0.125278
397308,36,1,178184,48020,42078,130164,253605,0,0,0,0,0.055574
397309,36,1,187585,51269,45326,136316,272904,0,0,0,0,0.0716856
397640,18,1,181164,48086,42440,133078,252761,0,0,0,0,0.0801296
397641,18,1,164493,43428,37871,121065,228497,0,0,0,0,0.0618983
397644,18,1,174546,46273,40251,128273,242754,0,0,0,0,0.0570735
397649,18,1,173760,46216,40366,127544,242679,0,0,0,0,0.0624784
397662,36,1,172273,45609,40027,126664,240593,0,0,0,0,0.0609443
397665,36,1,189059,51359,45112,137700,274742,0,0,0,0,0.0608622
397668,36,1,184975,50409,44041,134566,270069,0,0,0,0,0.0658314
397700,18,1,177378,46665,40858,130713,242150,0,0,0,0,0.0555707
397701,18,2,215126,58315,51231,156798,311731,1,0,0,0,0.127531
397704,18,1,179140,47498,40995,131642,250434,0,0,0,0,0.0578529
397709,18,1,152974,40495,35213,112479,215029,0,0,0,0,0.0513846
397722,36,1,169141,44905,38669,124236,237706,0,0,0,0,0.0533429
397725,36,1,199869,54887,47991,144982,293019,0,0,0,0,0.0565894
397728,36,1,179607,47792,41921,131815,253142,0,0,0,0,0.0567008
397750,18,1,165661,43464,37689,122197,227485,0,0,0,0,0.0540662
397751,18,1,152405,40015,34590,112390,212067,0,0,0,0,0.0538844
397754,18,1,186322,49906,43295,136416,262889,0,0,0,0,0.0641287
397759,18,1,165548,44239,38695,121309,234454,0,0,0,0,0.058441
397772,36,1,169194,44983,38722,124211,238287,0,0,0,0,0.0516055
397775,36,1,200245,55191,48388,145054,294755,0,0,0,0,0.0586859
397778,36,1,176061,47003,41163,129058,250090,0,0,0,0,0.05504
397790,18,1,157038,41426,35827,115612,217982,0,0,0,0,0.0587253
397791,18,1,171351,45075,39150,126276,236165,0,0,0,0,0.05505
397794,18,1,184109,48384,42270,135725,251546,0,0,0,0,0.0549891
397799,18,1,168649,43770,38258,124879,226506,0,0,0,0,0.055488
397812,36,1,174401,46843,40588,127558,250071,0,0,0,0,0.0514093
397815,36,1,190469,51774,45350,138695,275248,0,0,0,0,0.056992
397818,36,1,168149,45172,39414,122977,241347,0,0,0,0,0.0566782
397820,18,1,137781,36173,31021,101608,192219,0,0,0,0,0.0567629
397821,18,1,148736,39006,33644,109730,206670,0,0,0,0,0.0581134
397824,18,1,163716,42910,37297,120806,225185,0,0,0,0,0.0549326
397829,18,1,168097,44302,38744,123795,234247,0,0,0,0,0.081731
397842,36,1,173668,47282,41138,126386,254334,0,0,0,0,0.0846962
397845,36,1,188230,51930,45546,136300,279317,0,0,0,0,0.0662197
397848,36,1,178575,48438,42389,130137,257693,0,0,0,0,0.0683538
397870,18,1,126342,32185,27220,94157,169560,0,0,0,0,0.0576378
397871,18,1,141700,37065,31675,104635,196649,0,0,0,0,0.0632641
397872,18,1,142290,36629,31838,105661,193619,0,0,0,0,0.0527285
397873,18,1,140570,36087,31141,104483,190809,0,0,0,0,0.047707
397874,18,1,158205,41806,36115,116399,220000,0,0,0,0,0.0492593
397875,18,1,151899,39450,34160,112449,207763,0,0,0,0,0.0507946
397876,18,1,154583,40706,35476,113877,215532,0,0,0,0,0.0523922
397877,18,1,150981,38451,33261,112530,199255,0,0,0,0,0.0525095
397878,18,1,161988,41893,36334,120095,217089,0,0,0,0,0.0658663
397879,18,1,155030,40647,35535,114383,215651,0,0,0,0,0.0759807
398150,18,1,129590,34011,29160,95579,180264,0,0,0,0,0.0553899
398151,18,1,146861,38698,33520,108163,205112,0,0,0,0,0.0558489
398152,18,1,167251,45152,39492,122099,240648,0,0,0,0,0.0606063
398153,18,1,167328,44930,39373,122398,238419,0,0,0,0,0.0575498
398154,18,1,159816,42544,37276,117272,224513,0,0,0,0,0.0554104
398155,18,1,173812,46916,40999,126896,249524,0,0,0,0,0.0602725
398156,18,1,180028,48889,42735,131139,259755,0,0,0,0,0.0631963
398157,18,1,164284,43539,38185,120745,228563,0,0,0,0,0.0782094
398158,18,1,180607,48181,42239,132426,252344,0,0,0,0,0.0801715
398159,18,1,165361,44331,38771,121030,235648,0,0,0,0,0.086699
398420,36,1,133934,34665,29610,99269,183010,0,0,0,0,0.04728
398421,36,1,156424,41681,35927,114743,221818,0,0,0,0,0.050587
398422,36,1,169186,46223,40513,122963,248332,0,0,0,0,0.0525946
398423,36,1,157408,41934,36425,115474,223374,0,0,0,0,0.0490199
398424,36,1,171441,46187,40069,125254,244665,0,0,0,0,0.0514296
398425,36,1,177966,49076,42950,128890,263702,0,0,0,0,0.0581707
398426,36,1,175388,47964,41921,127424,256708,0,0,0,0,0.05362
398427,36,1,172031,46322,40539,125709,245494,0,0,0,0,0.0687251
398428,36,1,178265,48103,42177,130162,254204,0,0,0,0,0.052663
398429,36,1,171269,46408,40621,124861,248190,0,0,0,0,0.069243
398990,18,1,122881,32073,27206,90808,170134,0,0,0,0,0.0575244
398991,18,1,138752,36585,31511,102167,194473,0,0,0,0,0.0698571
398992,18,1,159217,43524,37709,115693,234092,0,0,0,0,0.0708181
398993,18,1,159707,43700,37892,116007,235128,0,0,0,0,0.0649021
398994,18,1,150481,39826,34565,110655,210570,0,0,0,0,0.0560959
398995,18,1,168464,45942,40115,122522,246333,0,0,0,0,0.0752758
398996,18,1,168474,45970,40141,122504,246518,0,0,0,0,0.0588152
398997,18,1,161703,43341,37857,118362,229699,0,0,0,0,0.0564605
398998,18,1,161807,43374,37868,118433,229872,0,0,0,0,0.0571402
398999,18,1,157814,42139,36652,115675,224025,0,0,0,0,0.0797801
