440150,18,1,213152,58052,51478,155100,305844,0,0,0,0,0.0971661
440151,18,1,205692,56429,49359,149263,295810,0,0,0,0,0.0721253
440152,18,1,190387,51876,45210,138511,273130,0,0,0,0,0.0738412
440153,18,1,184300,50159,43559,134141,265317,0,0,0,0,0.068048
440154,18,1,212502,59858,52533,152644,319195,0,0,0,0,0.0899308
440155,18,1,221955,62335,54947,159620,330703,0,0,0,0,0.0777988
440156,18,1,223462,62558,55136,160904,331821,0,0,0,0,0.0735963
440157,18,1,220832,60223,52804,160609,316800,0,0,0,0,0.0700388
440158,18,1,226041,61906,54333,164135,326207,0,0,0,0,0.0672959
440159,18,1,219159,59957,52733,159202,317008,0,0,0,0,0.0737743
440330,36,1,187819,51306,44441,136513,272186,0,0,0,0,0.0578001
440331,36,1,202147,55806,48666,146341,296322,0,0,0,0,0.0607787
440332,36,1,200629,55662,48176,144967,296810,0,0,0,0,0.0646069
440333,36,1,209608,58472,51502,151136,312636,0,0,0,0,0.104308
440334,36,1,198479,53991,47300,144488,286124,0,0,0,0,0.0555856
440335,36,1,201719,55509,48783,146210,295196,0,0,0,0,0.0533115
440336,36,1,212735,59435,51986,153300,317969,0,0,0,0,0.0679316
440337,36,1,206456,56727,49895,149729,301079,0,0,0,0,0.0813006
440338,36,1,207098,57616,50362,149482,307479,0,0,0,0,0.0597953
440339,36,1,197447,54100,47160,143347,286534,0,0,0,0,0.0566776
440370,36,1,208435,58005,50571,150430,308214,0,0,0,0,0.0626704
440371,36,1,214665,58514,51096,156151,308613,0,0,0,0,0.068957
440372,36,1,211283,58060,51049,153223,307699,0,0,0,0,0.0725331
440373,36,1,210234,58236,51103,151998,309602,0,0,0,0,0.0558446
440374,36,1,223163,61808,53699,161355,328986,0,0,0,0,0.0644659
440375,36,1,229405,63749,55758,165656,339179,0,0,0,0,0.074494
440376,36,1,218010,60882,53734,157128,324832,0,0,0,0,0.0614136
440377,36,1,231089,64260,56915,166829,341905,0,0,0,0,0.0605619
440378,36,1,238534,66415,58259,172119,353115,0,0,0,0,0.0618558
440379,36,1,223353,61854,53844,161499,328081,0,0,0,0,0.0613327
440400,36,1,215626,60199,52610,155427,318810,0,0,0,0,0.067986
440401,36,1,213741,58252,50843,155489,306728,0,0,0,0,0.0595192
440402,36,1,198907,55050,48249,143857,293064,0,0,0,0,0.0828429
440403,36,1,193490,53328,46548,140162,283687,0,0,0,0,0.0830791
440404,36,1,209905,57784,50361,152121,307990,0,0,0,0,0.0723345
440405,36,1,227626,63942,56053,163684,341469,0,0,0,0,0.0849217
440406,36,1,208250,57946,51072,150304,308545,0,0,0,0,0.0792216
440407,36,1,219219,60406,53070,158813,321443,0,0,0,0,0.0856326
440408,36,1,234148,65078,57064,169070,346201,0,0,0,0,0.0861818
440409,36,1,214080,59008,51282,155072,313698,0,0,0,0,0.0708014
440420,36,1,210250,58862,50767,151388,312841,0,0,0,0,0.100049
440421,36,1,204207,56191,49025,148016,296283,0,0,0,0,0.085853
440422,36,1,196346,53731,46822,142615,284343,0,0,0,0,0.0712759
440423,36,1,175255,47723,41061,127532,253287,0,0,0,0,0.0614731
440424,36,1,210106,59025,51174,151081,315936,0,0,0,0,0.0763721
440425,36,1,218415,61343,53274,157072,326877,0,0,0,0,0.0858754
440426,36,1,194212,54361,46996,139851,289932,0,0,0,0,0.0763576
440427,36,1,198018,53995,47021,144023,286653,0,0,0,0,0.0823336
440428,36,1,221904,61913,53824,159991,328755,0,0,0,0,0.0880001
440429,36,1,214499,59952,52239,154547,320108,0,0,0,0,0.059541
440740,6,1,199313,55788,48999,143525,298418,0,0,0,0,0.0824404
440741,18,1,177960,48597,41583,129363,258274,0,0,0,0,0.0551061
440744,18,1,201561,55359,47855,146202,292946,0,0,0,0,0.0823934
440749,18,1,197343,53733,46509,143610,283868,0,0,0,0,0.0606642
440750,6,1,199239,55771,49019,143468,298321,0,0,0,0,0.0867199
440751,18,1,197577,54850,47356,142727,293093,0,0,0,0,0.0628589
440754,18,1,204103,56459,48812,147644,300298,0,0,0,0,0.0578599
440759,18,1,200492,55294,47639,145198,294321,0,0,0,0,0.0605952
440760,18,1,184144,50826,43840,133318,271439,0,0,0,0,0.078567
440761,18,1,191029,51924,44966,139105,274743,0,0,0,0,0.068281
440764,18,1,202258,55104,48085,147154,290585,0,0,0,0,0.056002
440769,18,1,180330,49635,43177,130695,263769,0,0,0,0,0.0593322
440782,36,1,179325,49175,42266,130150,262304,0,0,0,0,0.0538195
440785,36,1,207650,56734,48885,150916,301113,0,0,0,0,0.0543326
440788,36,1,201967,55616,48065,146351,296136,0,0,0,0,0.0546715
440800,6,1,203252,55884,48407,147368,297010,0,0,0,0,0.0782758
440801,18,1,176825,47820,40518,129005,253103,0,0,0,0,0.062481
440804,18,2,245088,68540,60521,176536,366076,1,0,0,0,0.150082
440809,18,2,246179,68325,60443,177843,363877,1,0,0,0,0.153706
440810,6,1,203257,55883,48416,147374,296994,0,0,0,0,0.0743782
440811,18,1,199251,54609,47160,144642,290071,0,0,0,0,0.0727536
440814,18,2,273888,77857,68552,196018,419601,1,0,0,0,0.159631
440819,18,1,199796,54453,47146,145343,287385,0,0,0,0,0.0548501
440820,18,1,188248,51756,44182,136492,275761,0,0,0,0,0.0649406
440821,18,2,300339,82766,72335,217560,441937,1,0,0,0,0.153406
440824,18,1,209638,57136,49876,152502,299731,0,0,0,0,0.0720022
440829,18,1,181789,49524,43239,132265,262369,0,0,0,0,0.0587707
440842,36,1,188368,51541,44251,136827,273915,0,0,0,0,0.0551
440845,36,1,211385,58174,50466,153211,308474,0,0,0,0,0.0572295
440848,36,1,202962,56095,48222,146867,298407,0,0,0,0,0.0565238
440850,6,1,211616,57844,51299,153772,306971,0,0,0,0,0.0969007
440851,18,1,185885,51312,44664,134573,273601,0,0,0,0,0.0809528
440854,18,1,214195,60154,52499,154041,319983,0,0,0,0,0.063713
440859,18,1,213940,59213,52012,154727,313155,0,0,0,0,0.0642365
440860,6,1,211582,57826,51286,153756,306841,0,0,0,0,0.0888205
440861,18,2,287735,79670,70111,208052,427023,1,0,0,0,0.166273
440864,18,1,212975,58967,51796,154008,313418,0,0,0,0,0.0680443
440869,18,1,206622,56575,49830,150047,299484,0,0,0,0,0.0600679
440870,18,1,185852,50222,43743,135630,265749,0,0,0,0,0.0609452
440871,18,2,279599,76359,67006,203227,406945,1,0,0,0,0.15366
440874,18,2,305965,85757,75922,220196,458888,1,0,0,0,0.164128
440879,18,2,268366,75217,66397,193136,403514,1,0,0,0,0.176524
440892,36,1,185088,50300,43981,134788,266841,0,0,0,0,0.0546793
440895,36,1,217126,59884,52263,157242,317982,0,0,0,0,0.0590991
440898,36,1,213471,58812,51667,154659,311982,0,0,0,0,0.0572098
440900,6,1,182728,49074,43046,133654,260283,0,0,0,0,0.0832508
440901,18,1,194837,52782,46391,142055,278870,0,0,0,0,0.0632218
440904,18,1,184859,50666,44316,134193,269833,0,0,0,0,0.0603212
440909,18,1,177753,48035,41996,129718,254166,0,0,0,0,0.0579641
440910,18,1,165021,44915,38743,120106,239681,0,0,0,0,0.0627484
440911,18,1,192461,52466,45887,139995,278882,0,0,0,0,0.0579002
440914,18,2,284961,78512,68509,206436,420043,1,0,0,0,0.138467
440919,18,1,176337,47564,41291,128773,252069,0,0,0,0,0.0506288
440932,36,1,197424,54069,47303,143355,287454,0,0,0,0,0.056434
440935,36,1,204339,56398,49382,147941,301562,0,0,0,0,0.0789358
440938,36,1,192224,53051,45833,139173,282969,0,0,0,0,0.0705443
440940,18,1,183466,49839,43684,133627,264075,0,0,0,0,0.066461
440941,18,1,192277,51766,45498,140511,271615,0,0,0,0,0.0692388
440944,18,1,189032,50652,44166,138380,265591,0,0,0,0,0.0661917
440949,18,1,173492,46459,40458,127033,243791,0,0,0,0,0.063843
440962,36,1,203143,56052,48678,147091,298603,0,0,0,0,0.0854657
440965,36,1,198598,54123,47333,144475,287209,0,0,0,0,0.0679428
440968,36,1,192961,52406,45416,140555,277572,0,0,0,0,0.0513173
440990,18,1,164751,44227,38827,120524,234126,0,0,0,0,0.0566019
440991,18,2,239054,65636,58139,173406,348872,1,0,0,0,0.132714
440992,18,1,197038,53761,47366,143277,285254,0,0,0,0,0.0565449
440993,18,1,189023,51239,45384,137784,271345,0,0,0,0,0.0572647
440994,18,1,189585,51007,44492,138578,268559,0,0,0,0,0.050865
440995,18,1,202056,54741,48240,147315,289484,0,0,0,0,0.0568238
440996,18,1,194481,52685,46381,141796,277842,0,0,0,0,0.0573812
440997,18,1,186493,50148,43565,136345,263391,0,0,0,0,0.0542313
440998,18,1,194382,52511,45804,141871,277009,0,0,0,0,0.0575574
440999,18,1,176104,47547,41256,128557,250451,0,0,0,0,0.0750606
441030,6,1,199171,55753,48997,143418,298218,0,0,0,0,0.0987274
441031,18,1,216190,60140,52306,156050,319362,0,0,0,0,0.0613711
441034,18,1,212965,58541,50518,154424,309240,0,0,0,0,0.059306
441039,18,1,216726,60185,52016,156541,319893,0,0,0,0,0.0637277
441040,18,1,184063,50808,43827,133255,271341,0,0,0,0,0.0568437
441041,18,2,270744,76674,67229,194058,412951,1,0,0,0,0.1371
441044,18,1,208979,56872,49665,152107,299063,0,0,0,0,0.05748
441049,18,1,193022,52753,46313,140269,279050,0,0,0,0,0.0910447
441062,36,1,193631,53194,45943,140437,282756,0,0,0,0,0.0749928
441065,36,1,216172,59040,50931,157132,312654,0,0,0,0,0.0583326
441068,36,1,217593,59932,51983,157661,318031,0,0,0,0,0.0788457
441090,6,1,203273,55879,48393,147394,296980,0,0,0,0,0.086301
441091,18,2,292938,82287,72200,210638,442170,1,0,0,0,0.147422
441094,18,2,270891,76743,67525,194135,413379,1,0,0,0,0.155019
441099,18,1,217350,59431,51404,157919,312631,0,0,0,0,0.0742409
441100,18,1,188074,51768,44169,136306,275927,0,0,0,0,0.057891
441101,18,2,226407,62702,54903,163692,335731,1,0,0,0,0.143147
441104,18,1,217326,59005,51546,158321,308343,0,0,0,0,0.0830815
441109,18,1,198051,53919,47204,144132,284298,0,0,0,0,0.0769592
441122,36,1,204397,56202,48360,148195,298084,0,0,0,0,0.0787199
441125,36,1,218590,60091,51987,158499,317849,0,0,0,0,0.0711348
441128,36,1,216945,60082,51684,156863,318105,0,0,0,0,0.0736513
441140,6,1,211271,57721,51200,153550,306232,0,0,0,0,0.0887745
441141,18,2,302141,83991,73751,218137,448635,1,0,0,0,0.198606
441144,18,1,212675,58588,51816,154087,310966,0,0,0,0,0.0652613
441149,18,1,202265,55036,48574,147229,290394,0,0,0,0,0.0731899
441150,18,1,185744,50185,43729,135559,265537,0,0,0,0,0.0634588
441151,18,2,216341,59479,52256,156849,318409,1,0,0,0,0.143612
441154,18,2,197826,54353,47788,143461,289803,1,0,0,0,0.169839
441159,18,2,205664,56822,49739,148829,303632,1,0,0,0,0.199329
441172,36,1,199692,54079,47464,145613,284753,0,0,0,0,0.0815076
441175,36,1,215291,59088,51575,156203,313561,0,0,0,0,0.0809517
441178,36,1,210217,57459,50236,152758,303322,0,0,0,0,0.0806107
441180,6,1,182614,49069,43068,133545,260338,0,0,0,0,0.126387
441181,18,2,285438,78612,69116,206813,420190,1,0,0,0,0.228677
441184,18,1,192726,52827,46164,139899,281591,0,0,0,0,0.0623879
441189,18,2,262465,71681,62551,190771,383279,1,0,0,0,0.146813
441190,18,1,164853,44875,38727,119978,239490,0,0,0,0,0.0652613
441191,18,2,318950,88405,77653,230532,472979,1,0,0,0,0.156077
441194,18,1,194666,52490,45513,142176,277600,0,0,0,0,0.0568709
441199,18,2,263339,71865,62305,191461,383965,1,0,0,0,0.143773
441212,36,1,210250,57480,50362,152770,304316,0,0,0,0,0.0623665
441215,36,1,211313,58545,51269,152768,313589,0,0,0,0,0.0652233
441218,36,2,272125,75675,65967,196437,406278,1,0,0,0,0.134294
441220,18,1,183700,49870,43695,133830,264175,0,0,0,0,0.0614297
441221,18,1,192163,51741,45451,140422,271536,0,0,0,0,0.0553489
441224,18,1,188894,50638,44154,138256,265567,0,0,0,0,0.0542386
441229,18,1,173596,46515,40456,127081,244183,0,0,0,0,0.0520112
441242,36,1,207276,56763,49112,150513,300268,0,0,0,0,0.0603711
441245,36,1,197458,53651,46731,143807,284394,0,0,0,0,0.056542
441248,36,1,190456,51371,44351,139085,271855,0,0,0,0,0.053562
441270,18,1,164780,44226,38839,120554,234104,0,0,0,0,0.0563897
441271,18,2,238906,65599,58115,173295,348689,1,0,0,0,0.13436
441272,18,1,205155,55622,48911,149533,292883,0,0,0,0,0.0593333
441273,18,1,195096,52661,46619,142435,277309,0,0,0,0,0.0643534
441274,18,1,189711,51060,44537,138651,268896,0,0,0,0,0.070781
441275,18,2,221920,61326,54069,160582,328447,1,0,0,0,0.130296
441276,18,1,187826,50680,44348,137146,267507,0,0,0,0,0.0568073
441277,18,1,183801,49343,42751,134458,259861,0,0,0,0,0.05475
441278,18,1,193388,51869,45189,141519,273207,0,0,0,0,0.0604482
441279,18,1,176190,47573,41256,128617,250612,0,0,0,0,0.0553826
441320,18,1,195877,54095,46935,141782,287303,0,0,0,0,0.0583635
441321,18,1,202244,55598,48208,146646,293609,0,0,0,0,0.0582748
441324,18,2,337843,95611,84055,242219,511962,1,0,0,0,0.159914
441329,18,1,215174,59626,52295,155548,315799,0,0,0,0,0.067034
441342,36,1,198876,54529,47012,144347,288172,0,0,0,0,0.0801417
441345,36,1,217640,59824,51968,157816,318116,0,0,0,0,0.0704801
441348,36,1,219786,60904,52666,158882,324548,0,0,0,0,0.0638356
441380,18,1,212061,58462,50687,153599,309982,0,0,0,0,0.0609206
441381,18,1,218676,60147,52021,158529,317392,0,0,0,0,0.0856758
441384,18,1,228351,62873,54951,165478,330735,0,0,0,0,0.0819751
441389,18,1,228706,63190,55630,165516,330911,0,0,0,0,0.0624397
441402,36,1,209322,57215,49465,152107,301471,0,0,0,0,0.0694972
441405,36,1,229591,63208,54791,166383,334641,0,0,0,0,0.0654474
441408,36,1,231240,64559,55708,166681,343602,0,0,0,0,0.0602629
441430,18,2,190907,51346,44962,139548,272681,1,0,0,0,0.129101
441431,18,2,192340,51756,45181,140571,275002,1,0,0,0,0.16124
441434,18,2,252508,70651,62527,181844,378896,1,0,0,0,0.150666
441439,18,2,238534,66706,58672,171816,356813,1,0,0,0,0.156407
441452,36,1,203427,55518,48569,147909,293376,0,0,0,0,0.0586145
441455,36,1,227368,62667,54800,164701,332697,0,0,0,0,0.0558201
441458,36,1,229246,63566,55717,165680,338033,0,0,0,0,0.0556527
441470,18,1,204066,56488,48914,147578,301230,0,0,0,0,0.0689808
441471,18,2,204560,55712,49023,148835,297041,1,0,0,0,0.161703
441474,18,1,202978,54966,48032,148012,290948,0,0,0,0,0.0812926
441479,18,1,191330,51481,44688,139849,271283,0,0,0,0,0.0712066
441492,36,1,222055,60606,53237,161449,320895,0,0,0,0,0.0728453
441495,36,1,218873,60191,52866,158682,321702,0,0,0,0,0.0630391
441498,36,1,210342,58029,50983,152313,310019,0,0,0,0,0.0640526
441500,18,1,209572,57897,50300,151675,307500,0,0,0,0,0.0805355
441501,18,2,210072,57330,50530,152729,305588,1,0,0,0,0.148028
441504,18,1,210751,56849,49559,153902,299419,0,0,0,0,0.0650494
441509,18,1,196846,52904,45945,143942,277716,0,0,0,0,0.0572965
441522,36,1,218795,59528,52123,159267,314484,0,0,0,0,0.0630018
441525,36,1,214490,58761,51221,155729,313355,0,0,0,0,0.063066
441528,36,1,206394,56344,49234,150050,299560,0,0,0,0,0.0578966
441550,18,1,162399,43349,37594,119050,230394,0,0,0,0,0.0630823
441551,18,1,198122,53416,46787,144706,280959,0,0,0,0,0.0564872
441552,18,1,201131,54370,47639,146761,286188,0,0,0,0,0.0579255
441553,18,1,198254,53597,47340,144657,281864,0,0,0,0,0.0824763
441554,18,1,191524,51753,44990,139771,274836,0,0,0,0,0.073432
441555,18,1,189111,50940,44436,138171,270298,0,0,0,0,0.0540191
441556,18,1,182618,49088,43073,133530,259257,0,0,0,0,0.0717766
441557,18,1,184603,49248,42880,135355,258484,0,0,0,0,0.0717096
441558,18,1,182943,49375,42940,133568,261526,0,0,0,0,0.0582699
441559,18,1,179370,48521,42103,130849,257349,0,0,0,0,0.0570022
441830,18,1,190094,52158,45983,137936,278307,0,0,0,0,0.112972
441831,18,1,198878,53773,47471,145105,282956,0,0,0,0,0.0668586
441832,18,2,363231,99635,87772,263583,530258,1,0,0,0,0.235254
441833,18,2,316649,87702,77231,228934,468080,1,0,0,0,0.171164
441834,18,1,185795,50410,44384,135385,267064,0,0,0,0,0.0695087
441835,18,1,185941,50481,44392,135460,267657,0,0,0,0,0.0641591
441836,18,1,180710,49046,43029,131664,260449,0,0,0,0,0.0722877
441837,18,1,175601,46971,40826,128630,248438,0,0,0,0,0.0775181
441838,18,1,183851,49657,43293,134194,262602,0,0,0,0,0.0916067
441839,18,2,288425,78673,68758,209739,419428,1,0,0,0,0.187338
442050,36,1,188164,52383,45317,135781,281494,0,0,0,0,0.0850906
442051,36,1,213106,58228,51220,154878,308172,0,0,0,0,0.0740787
442052,36,2,391046,108338,95265,282695,579666,1,0,0,0,0.202658
442053,36,1,205345,56336,49663,149009,299686,0,0,0,0,0.0600416
442054,36,1,211298,58162,50738,153136,310814,0,0,0,0,0.0853454
442055,36,1,207390,56597,49795,150793,300882,0,0,0,0,0.0647629
442056,36,1,203687,56034,48756,147653,299351,0,0,0,0,0.0751831
442057,36,1,196282,53478,46867,142804,284626,0,0,0,0,0.0799452
442058,36,1,205074,56090,48676,148984,298090,0,0,0,0,0.0606395
442059,36,1,197560,54108,46748,143452,287497,0,0,0,0,0.0540798
442080,36,1,199629,56041,48687,143588,301071,0,0,0,0,0.0714621
442081,36,1,219893,59975,52661,159918,315921,0,0,0,0,0.0619909
442082,36,2,389930,107111,93708,282806,571442,1,0,0,0,0.198951
442083,36,1,202352,55532,48860,146820,294924,0,0,0,0,0.0607492
442084,36,1,219954,60465,52523,159489,321835,0,0,0,0,0.0645653
442085,36,1,202519,55055,48261,147464,292107,0,0,0,0,0.0535227
442086,36,1,197044,53673,46932,143371,285506,0,0,0,0,0.0546072
442087,36,1,194565,53170,46186,141395,282984,0,0,0,0,0.0529246
442088,36,1,199227,54196,47084,145031,287534,0,0,0,0,0.055979
442089,36,1,204898,55901,48260,148997,295530,0,0,0,0,0.0548978
442100,36,1,195405,54959,47477,140446,295182,0,0,0,0,0.0684079
442101,36,1,206104,56421,49310,149683,298974,0,0,0,0,0.058611
442102,36,1,208059,57117,50173,150942,302969,0,0,0,0,0.0635168
442103,36,1,196741,53727,46791,143014,284880,0,0,0,0,0.0657911
442104,36,1,201245,55086,47804,146159,293161,0,0,0,0,0.0648054
442105,36,1,199641,54906,47729,144735,293101,0,0,0,0,0.0675333
442106,36,1,179914,48682,42316,131232,257981,0,0,0,0,0.0598723
442107,36,1,179824,48647,42215,131177,257960,0,0,0,0,0.0747504
442108,36,1,195549,54208,46684,141341,288977,0,0,0,0,0.0666775
442109,36,1,192609,53331,46160,139278,284212,0,0,0,0,0.0547334
442430,6,1,181730,48907,42946,132823,257796,0,0,0,0,0.0974937
442431,18,1,193795,53342,46721,140453,284006,0,0,0,0,0.0729877
442434,18,1,208518,57539,50621,150979,305428,0,0,0,0,0.0726907
442439,18,1,189276,52046,45893,137230,276800,0,0,0,0,0.0846537
442440,18,1,166643,45321,39232,121322,240494,0,0,0,0,0.0771889
442441,18,1,175516,47662,41316,127854,253688,0,0,0,0,0.0545992
442444,18,1,215621,58472,51347,157149,306689,0,0,0,0,0.0630183
442449,18,1,175818,47487,41945,128331,251901,0,0,0,0,0.0609024
442462,36,1,201893,55549,48495,146344,295454,0,0,0,0,0.0755478
442465,36,1,213432,59163,51336,154269,314935,0,0,0,0,0.092854
442468,36,1,200879,55579,48913,145300,296246,0,0,0,0,0.0586598
442490,6,1,189056,51008,44681,138048,268944,0,0,0,0,0.0876567
442491,18,1,198057,54976,48195,143081,292802,0,0,0,0,0.0723884
442494,18,2,235693,66333,58424,169347,356733,1,0,0,0,0.155999
442499,18,1,191868,52737,46326,139131,278974,0,0,0,0,0.0654822
442500,18,1,170416,46436,40164,123980,246527,0,0,0,0,0.089218
442501,18,1,179667,48300,42245,131367,255144,0,0,0,0,0.0662902
442504,18,2,205041,56306,49821,148722,300050,1,0,0,0,0.160645
442509,18,1,182743,49025,43313,133718,259171,0,0,0,0,0.0696915
442522,36,1,207576,57824,50536,149752,308773,0,0,0,0,0.0682869
442525,36,1,205255,57110,49735,148145,303838,0,0,0,0,0.0860122
442528,36,1,196072,54128,47523,141944,287752,0,0,0,0,0.0704336
442540,6,1,209364,56386,50139,152978,296263,0,0,0,0,0.0853272
442541,18,1,189121,51271,44715,137850,270234,0,0,0,0,0.0622017
442544,18,1,218950,61941,54706,157009,330937,0,0,0,0,0.0869917
442549,18,1,216101,59501,52812,156600,315325,0,0,0,0,0.0691453
442550,18,1,180929,49198,42751,131731,259929,0,0,0,0,0.0618731
442551,18,1,177857,48227,42527,129630,255349,0,0,0,0,0.0675747
442554,18,1,200747,54405,48030,146342,285727,0,0,0,0,0.0780674
442559,18,2,319438,88721,78189,230704,472361,1,0,0,0,0.189875
442572,36,1,203263,55753,49164,147510,294961,0,0,0,0,0.0759911
442575,36,1,221687,62170,54905,159517,331277,0,0,0,0,0.0865954
442578,36,1,212665,58956,52352,153709,313194,0,0,0,0,0.0888535
442580,6,1,177260,47112,41440,130148,249536,0,0,0,0,0.115965
442581,18,2,201091,55251,48592,145828,295602,1,0,0,0,0.142935
442584,18,1,204942,56795,49831,148147,303987,0,0,0,0,0.0660782
442589,18,1,190696,51851,45215,138845,275119,0,0,0,0,0.0633439
442590,18,1,154538,41525,35687,113013,221428,0,0,0,0,0.0594945
442591,18,1,190990,52206,45693,138784,277492,0,0,0,0,0.135671
442594,18,1,183196,49168,43088,134028,259890,0,0,0,0,0.0575344
442599,18,1,175224,46848,40418,128376,247293,0,0,0,0,0.0687437
442612,36,1,192648,52632,45930,140016,279499,0,0,0,0,0.0641382
442615,36,1,200839,55416,48370,145423,296228,0,0,0,0,0.0784626
442618,36,1,182391,49974,43610,132417,265734,0,0,0,0,0.0819756
442620,18,1,166429,45242,39270,121187,239359,0,0,0,0,0.0647251
442621,18,1,181283,48505,42235,132778,253589,0,0,0,0,0.0557279
442624,18,2,240264,65936,57912,174315,349098,1,0,0,0,0.146208
442629,18,1,173250,45890,39880,127360,239440,0,0,0,0,0.0651839
442642,36,1,190323,52305,45912,138018,278806,0,0,0,0,0.062817
442645,36,1,196523,54641,47518,141882,292468,0,0,0,0,0.0627683
442648,36,1,189668,53164,45913,136504,284917,0,0,0,0,0.0674539
442670,18,1,177628,47163,40993,130465,246796,0,0,0,0,0.0613005
442671,18,1,189909,50047,43926,139862,258630,0,0,0,0,0.0599029
442672,18,2,177912,47446,41470,130454,251469,1,0,0,0,0.148057
442673,18,1,182992,48866,43276,134126,257037,0,0,0,0,0.0676836
442674,18,1,192125,51045,44720,141080,265104,0,0,0,0,0.0587152
442675,18,2,199510,54539,47737,144959,291036,1,0,0,0,0.134336
442676,18,1,207461,55208,48477,152253,288532,0,0,0,0,0.057653
442677,18,2,182509,48910,42321,133587,259413,1,0,0,0,0.125083
442678,18,1,185111,49703,43287,135408,260821,0,0,0,0,0.0548889
442679,18,1,188902,50481,44118,138421,262746,0,0,0,0,0.0627501
442720,18,2,228162,64950,57153,163200,350004,1,0,0,0,0.152674
442721,18,1,179020,48511,42184,130509,257182,0,0,0,0,0.0553695
442724,18,1,212387,57789,50736,154598,303095,0,0,0,0,0.0570654
442729,18,1,181586,48658,43028,132928,256152,0,0,0,0,0.0573702
442742,36,1,193017,52646,45705,140371,280595,0,0,0,0,0.0562358
442745,36,1,216524,59798,52137,156726,319204,0,0,0,0,0.0605377
442748,36,1,201795,55126,48539,146669,293264,0,0,0,0,0.076124
442780,18,1,186907,50863,44682,136044,269011,0,0,0,0,0.0812045
442781,18,1,190235,51186,45050,139049,269894,0,0,0,0,0.0559525
442784,18,2,281702,78140,69025,203549,416848,1,0,0,0,0.14176
442789,18,1,181578,48586,42903,132992,255252,0,0,0,0,0.0557444
442802,36,1,194440,53047,46557,141393,282130,0,0,0,0,0.0526922
442805,36,1,208390,57336,50393,151054,305211,0,0,0,0,0.0599442
442808,36,1,204108,55873,49268,148235,296088,0,0,0,0,0.058966
442830,18,1,195188,52644,46300,142544,276101,0,0,0,0,0.060168
442831,18,1,186368,49879,43948,136489,262384,0,0,0,0,0.0593836
442834,18,2,301834,84199,74183,217623,450087,1,0,0,0,0.139503
442839,18,2,323344,89210,78768,234121,474030,1,0,0,0,0.143866
442852,36,1,196712,53460,47054,143252,283350,0,0,0,0,0.053206
442855,36,1,213679,58819,51835,154860,312763,0,0,0,0,0.0734497
442858,36,1,221969,60979,54027,160990,323718,0,0,0,0,0.0590468
442870,18,1,177057,48481,42485,128576,259109,0,0,0,0,0.0599076
442871,18,1,195487,52563,46362,142924,276777,0,0,0,0,0.0725384
442874,18,1,193806,51998,45575,141808,273909,0,0,0,0,0.0695796
442879,18,1,179075,47754,41397,131321,250543,0,0,0,0,0.0760281
442892,36,1,202355,55263,48353,147092,293352,0,0,0,0,0.0778597
442895,36,1,203388,55671,48850,147717,297017,0,0,0,0,0.0811648
442898,36,1,192461,52090,45468,140371,276485,0,0,0,0,0.0720531
442900,18,1,175051,48386,42236,126665,259503,0,0,0,0,0.0657883
442901,18,1,191727,51534,45115,140193,269897,0,0,0,0,0.0565936
442904,18,1,184629,50029,43772,134600,264472,0,0,0,0,0.0646876
442909,18,1,176633,46888,40865,129745,245928,0,0,0,0,0.057615
442922,36,1,201679,55093,48723,146586,293010,0,0,0,0,0.0878867
442925,36,1,199664,55104,48490,144560,295148,0,0,0,0,0.0724328
442928,36,1,192619,53534,46536,139085,287233,0,0,0,0,0.0713169
442950,18,1,171293,45953,39964,125340,243017,0,0,0,0,0.0610549
442951,18,1,193175,51411,45137,141764,267071,0,0,0,0,0.0810998
442952,18,2,186301,50084,43956,136205,266012,1,0,0,0,0.16155
442953,18,1,182981,48523,43007,134458,253293,0,0,0,0,0.0608965
442954,18,1,190634,51439,44857,139195,270897,0,0,0,0,0.0570401
442955,18,2,196788,53363,46808,143413,283889,1,0,0,0,0.122952
442956,18,1,198378,52797,46197,145581,276486,0,0,0,0,0.0524943
442957,18,2,181733,48398,42076,133323,255824,1,0,0,0,0.122175
442958,18,1,182201,48784,42356,133417,256129,0,0,0,0,0.05251
442959,18,1,185015,49641,43181,135374,260512,0,0,0,0,0.0590731
443230,18,1,181412,49688,43219,131724,263297,0,0,0,0,0.0611326
443231,18,2,354287,97234,85700,257040,515769,1,0,0,0,0.162388
443232,18,2,293155,80249,70810,212893,425848,1,0,0,0,0.158956
443233,18,1,203574,54964,48731,148610,287136,0,0,0,0,0.0593394
443234,18,1,193124,52331,46112,140793,274275,0,0,0,0,0.0610541
443235,18,1,208779,56801,49757,151978,298980,0,0,0,0,0.0831494
443236,18,2,307659,85104,74899,222542,454183,1,0,0,0,0.174725
443237,18,2,187689,49992,43551,137685,264498,1,0,0,0,0.120733
443238,18,2,185579,49233,42720,136333,260168,1,0,0,0,0.119318
443239,18,2,287634,78886,69049,208735,419555,1,0,0,0,0.169274
443480,36,1,199023,55434,48193,143589,297161,0,0,0,0,0.0604089
443481,36,1,225325,61722,53206,163603,325082,0,0,0,0,0.0632861
443482,36,1,212950,58387,51313,154563,309900,0,0,0,0,0.0690014
443483,36,1,210108,57039,50593,153069,301609,0,0,0,0,0.0883572
443484,36,1,218213,60388,53207,157825,320826,0,0,0,0,0.0854157
443485,36,1,221517,61281,53597,160236,327004,0,0,0,0,0.0624898
443486,36,1,219962,60043,52494,159919,318801,0,0,0,0,0.0570691
443487,36,1,208208,57488,49999,150720,306278,0,0,0,0,0.0662136
443488,36,1,206445,56875,49037,149570,303254,0,0,0,0,0.0806311
443489,36,1,206147,56209,48996,149938,296639,0,0,0,0,0.0821844
443500,36,1,187798,51990,45170,135808,277121,0,0,0,0,0.0619834
443501,36,1,215304,59481,51883,155823,312357,0,0,0,0,0.0838181
443502,36,1,210156,57567,50875,152589,304214,0,0,0,0,0.0833096
443503,36,1,199845,54575,48233,145270,288314,0,0,0,0,0.0767284
443504,36,1,202371,56001,49031,146370,296401,0,0,0,0,0.0639161
443505,36,1,216669,59677,52134,156992,316561,0,0,0,0,0.0655552
443506,36,1,207430,57114,50102,150316,302104,0,0,0,0,0.0734745
443507,36,2,182702,49191,42771,133499,261213,1,0,0,0,0.138256
443508,36,1,195357,53817,46678,141540,285343,0,0,0,0,0.0601754
443509,36,1,197850,54048,46891,143802,284718,0,0,0,0,0.0716603
443840,18,2,237059,67580,59636,169467,363661,1,0,0,0,0.169078
443841,18,1,175963,47965,41800,127998,254663,0,0,0,0,0.0723337
443844,18,1,206191,56144,49614,150047,295776,0,0,0,0,0.0604723
443849,18,1,185038,49927,44320,135111,263210,0,0,0,0,0.0640129
443862,36,1,188195,51208,44285,136987,271294,0,0,0,0,0.0695308
443865,36,1,212579,58916,51325,153663,314665,0,0,0,0,0.0845761
443868,36,1,201864,55044,48441,146820,292099,0,0,0,0,0.0707026
443900,18,1,201096,54461,47799,146635,285378,0,0,0,0,0.0660586
443901,18,1,194700,52711,46199,141989,278540,0,0,0,0,0.0654189
443904,18,2,277964,77103,68339,200848,411400,1,0,0,0,0.183441
443909,18,1,192994,51703,45633,141291,269354,0,0,0,0,0.0570311
443922,36,1,189379,51214,45001,138165,270282,0,0,0,0,0.0520766
443925,36,1,211155,58174,51150,152981,309324,0,0,0,0,0.0565507
443928,36,1,211006,57692,50896,153314,305584,0,0,0,0,0.0569605
443950,18,1,202647,54322,47788,148325,282752,0,0,0,0,0.061911
443951,18,2,218997,59754,53065,159230,318716,1,0,0,0,0.133947
443954,18,2,301815,83919,74087,217884,448088,1,0,0,0,0.188986
443959,18,2,317280,87471,77024,229796,464893,1,0,0,0,0.178792
443972,36,1,182110,49061,43032,133049,259732,0,0,0,0,0.0764007
443975,36,1,209622,57572,50611,152050,305750,0,0,0,0,0.0752229
443978,36,1,217823,59861,52640,157962,317571,0,0,0,0,0.0780521
443990,18,1,187933,50712,44486,137221,267530,0,0,0,0,0.0665338
443991,18,1,210706,56479,49849,154227,294280,0,0,0,0,0.0637658
443994,18,1,207176,55461,48606,151715,289614,0,0,0,0,0.055222
443999,18,1,186577,49447,42790,137130,257030,0,0,0,0,0.0512419
444012,36,1,205753,56089,49440,149664,296670,0,0,0,0,0.0547088
444015,36,1,201037,54221,47254,146816,287630,0,0,0,0,0.0527236
444018,36,1,193681,52408,45598,141273,277982,0,0,0,0,0.060092
444020,18,1,174047,47337,41272,126710,252870,0,0,0,0,0.0579465
444021,18,1,192920,51531,44905,141389,269784,0,0,0,0,0.0543703
444024,18,1,186835,50186,43578,136649,264825,0,0,0,0,0.0583822
444029,18,1,174426,46595,40462,127831,245226,0,0,0,0,0.0545137
444042,36,1,201152,54929,48647,146223,291439,0,0,0,0,0.0578405
444045,36,1,207379,57382,50247,149997,307190,0,0,0,0,0.0564905
444048,36,1,196205,54337,47139,141868,290956,0,0,0,0,0.0554951
444070,18,1,156684,41653,36042,115031,221279,0,0,0,0,0.0585351
444071,18,1,186657,49961,43867,136696,261760,0,0,0,0,0.0547522
444072,18,1,179834,48324,42927,131510,255616,0,0,0,0,0.0562794
444073,18,1,176466,47181,41944,129285,248618,0,0,0,0,0.0559286
444074,18,1,178850,48442,42368,130408,257031,0,0,0,0,0.0536213
444075,18,1,189946,50735,44417,139211,267259,0,0,0,0,0.0550345
444076,18,1,185428,49564,43327,135864,262225,0,0,0,0,0.051365
444077,18,1,169890,45491,39478,124399,240023,0,0,0,0,0.0492969
444078,18,1,172150,46191,39942,125959,243895,0,0,0,0,0.0542845
444079,18,1,176952,47792,41479,129160,252722,0,0,0,0,0.0618284
444350,18,1,164293,44670,38683,119623,237625,0,0,0,0,0.0566593
444351,18,1,195664,53000,46576,142664,277880,0,0,0,0,0.0558598
444352,18,2,290040,79503,70104,210524,422929,1,0,0,0,0.14934
444353,18,1,199672,54119,47994,145553,284590,0,0,0,0,0.0580896
444354,18,1,181195,48881,42901,132314,257584,0,0,0,0,0.0584383
444355,18,1,200434,54541,47724,145893,288796,0,0,0,0,0.0613978
444356,18,1,195179,53084,46456,142095,281392,0,0,0,0,0.0551829
444357,18,1,185669,50657,43691,135012,268486,0,0,0,0,0.0542579
444358,18,2,181743,48064,41596,133666,253745,1,0,0,0,0.121031
444359,18,1,175575,47075,41119,128500,247827,0,0,0,0,0.0593427
444620,36,1,173249,47367,41109,125882,253213,0,0,0,0,0.0584921
444621,36,1,207519,57281,49984,150238,302614,0,0,0,0,0.0609169
444622,36,1,197117,53971,47606,143146,286762,0,0,0,0,0.0603841
444623,36,1,192917,52794,46648,140123,280548,0,0,0,0,0.0581029
444624,36,1,192918,53577,46975,139341,285453,0,0,0,0,0.0570966
444625,36,1,207084,57084,49852,150000,304561,0,0,0,0,0.0518765
444626,36,1,193165,53086,46357,140079,283160,0,0,0,0,0.0496155
444627,36,1,182803,50186,43620,132617,267817,0,0,0,0,0.0497065
444628,36,1,185403,50938,43978,134465,271163,0,0,0,0,0.0493423
444629,36,1,189088,52073,45051,137015,276419,0,0,0,0,0.0537539
445190,18,1,154855,41673,35794,113182,221769,0,0,0,0,0.056827
445191,18,1,186125,49885,43697,136240,261973,0,0,0,0,0.0748643
445192,18,1,190116,51877,45878,138239,276129,0,0,0,0,0.0916861
445193,18,1,190192,51880,45877,138312,276067,0,0,0,0,0.0894538
445194,18,1,169385,45175,39477,124210,237991,0,0,0,0,0.0777661
445195,18,1,190021,51941,45451,138080,276957,0,0,0,0,0.0731611
445196,18,1,190211,51995,45507,138216,277280,0,0,0,0,0.0579521
445197,18,1,179194,49045,42503,130149,261346,0,0,0,0,0.0560892
445198,18,1,179177,49056,42516,130121,261426,0,0,0,0,0.0566119
445199,18,1,163639,43419,37530,120220,228954,0,0,0,0,0.0839818
446600,3,1,150903,39967,33747,110936,210296,0,0,0,0,0.153305
446601,9,1,146117,39458,33245,106659,208696,0,0,0,0,0.11632
446604,9,1,176146,48248,42220,127898,255122,0,0,0,0,0.0957378
446609,9,1,169394,47035,40573,122359,250332,0,0,0,0,0.0915715
446610,3,1,185551,50445,43632,135106,265961,0,0,0,0,0.104478
446611,9,1,179499,49252,41971,130247,260767,0,0,0,0,0.0736548
446614,9,1,205206,56167,48515,149039,295902,0,0,0,0,0.0760537
446619,9,1,183186,49330,42471,133856,259099,0,0,0,0,0.0644818
446620,3,1,185363,50386,43584,134977,265630,0,0,0,0,0.095878
446621,9,1,179233,49164,41909,130069,260268,0,0,0,0,0.0713392
446624,9,1,205601,56238,48585,149363,296159,0,0,0,0,0.0717817
446629,9,1,183333,49359,42504,133974,259222,0,0,0,0,0.0647356
446630,3,1,185301,50371,43593,134930,265557,0,0,0,0,0.0979052
446631,9,1,210969,59235,51228,151734,314583,0,0,0,0,0.0808547
446634,9,1,231224,64857,56718,166367,343135,0,0,0,0,0.0804755
446639,9,1,174193,46764,39875,127429,246548,0,0,0,0,0.0832746
446640,9,1,169291,45743,38639,123548,241538,0,0,0,0,0.0666452
446641,9,1,186126,50923,44443,135203,268895,0,0,0,0,0.0673486
446642,18,1,190302,52623,45102,137679,279722,0,0,0,0,0.0837234
446644,9,1,205737,56744,49703,148993,298862,0,0,0,0,0.0862818
446645,18,1,205561,56837,49139,148724,301159,0,0,0,0,0.0694665
446648,18,1,206086,56221,48479,149865,296121,0,0,0,0,0.0723104
446649,9,1,193354,53135,46008,140219,280708,0,0,0,0,0.0930827
446670,3,1,203721,56093,48926,147628,295128,0,0,0,0,0.097278
446671,9,1,191580,52801,45148,138779,278702,0,0,0,0,0.0691604
446674,9,2,193292,53818,47281,139461,286631,1,0,0,0,0.156237
446679,9,2,293178,82125,72626,211040,436959,1,0,0,0,0.183179
446680,3,1,203736,56079,48911,147657,295005,0,0,0,0,0.0964737
446681,9,1,191442,52755,45114,138687,278418,0,0,0,0,0.0696455
446684,9,2,193321,53816,47246,139492,286592,1,0,0,0,0.162506
446689,9,2,292758,81955,72445,210790,435924,1,0,0,0,0.195069
446690,3,1,203722,56073,48903,147649,294969,0,0,0,0,0.0973454
446691,9,1,226566,64301,55821,162265,340617,0,0,0,0,0.0718223
446694,9,1,240338,67930,59195,172408,358607,0,0,0,0,0.0768804
446699,9,1,185179,50031,43039,135148,262471,0,0,0,0,0.0661576
446700,9,1,181694,49904,42639,131790,263471,0,0,0,0,0.0668326
446701,9,1,194296,53147,46403,141149,279476,0,0,0,0,0.0630857
446702,18,1,208096,58311,50336,149785,309456,0,0,0,0,0.0688023
446704,9,1,210759,58004,50600,152755,303911,0,0,0,0,0.0655078
446705,18,1,219967,61628,53585,158339,326087,0,0,0,0,0.0707299
446708,18,1,217755,60256,51822,157499,316779,0,0,0,0,0.0769154
446709,9,1,206490,56971,49872,149519,299260,0,0,0,0,0.0943605
446730,3,1,153159,40415,34142,112744,212093,0,0,0,0,0.0931095
446731,9,1,131793,34676,28946,97117,182623,0,0,0,0,0.0655633
446734,9,1,175609,48489,41514,127120,256338,0,0,0,0,0.0721911
446739,9,1,181468,50115,43092,131353,265248,0,0,0,0,0.073894
446740,3,1,153252,40431,34139,112821,212150,0,0,0,0,0.0939063
446741,9,1,150121,40285,35101,109836,213324,0,0,0,0,0.0637597
446744,9,1,190238,52970,45777,137268,280550,0,0,0,0,0.0708577
446749,9,1,190671,52923,46049,137748,280458,0,0,0,0,0.0705066
446750,9,1,153613,41126,34616,112487,216583,0,0,0,0,0.0838033
446751,9,1,173751,46007,39144,127744,240645,0,0,0,0,0.102566
446754,9,1,197328,54500,47107,142828,288683,0,0,0,0,0.0858652
446755,18,1,208249,58512,50267,149737,311278,0,0,0,0,0.0768474
446758,18,1,206926,57765,49586,149161,306266,0,0,0,0,0.0742129
446759,9,1,187117,51568,44093,135549,272402,0,0,0,0,0.0646185
446762,18,1,159621,43091,36755,116530,228260,0,0,0,0,0.0678419
446780,3,1,153330,40452,34144,112878,212276,0,0,0,0,0.0923906
446781,9,1,177755,49042,43403,128713,260110,0,0,0,0,0.0672489
446784,9,2,211588,59572,52054,152003,318894,1,0,0,0,0.15821
446789,9,1,211408,58645,51343,152763,309309,0,0,0,0,0.0757269
446790,9,1,153712,41146,34607,112566,216681,0,0,0,0,0.0694361
446791,9,1,193864,52460,45054,141404,275253,0,0,0,0,0.0727623
446794,9,2,208489,58270,50949,150206,311482,1,0,0,0,0.175557
446799,9,1,200474,55209,47145,145265,290976,0,0,0,0,0.0671503
446802,18,1,179513,49219,42234,130294,261273,0,0,0,0,0.0648894
446805,18,2,215755,61071,52865,154671,328227,1,0,0,0,0.145765
446808,18,1,218898,61512,53366,157386,325743,0,0,0,0,0.070961
446820,9,1,180519,48699,41906,131820,255986,0,0,0,0,0.085371
446821,9,1,180957,48790,41972,132167,256371,0,0,0,0,0.0685899
446824,9,2,220734,61724,54152,158997,328928,1,0,0,0,0.165458
446829,9,1,209696,57760,49322,151936,303885,0,0,0,0,0.0667894
446842,18,1,179964,49370,42088,130594,261631,0,0,0,0,0.0728479
446845,18,1,219788,61786,53356,158002,328933,0,0,0,0,0.0704274
446848,18,1,216468,61162,52897,155306,326124,0,0,0,0,0.0860969
446870,9,1,146445,38452,32885,107993,200903,0,0,0,0,0.0643525
446871,9,1,146684,38497,32906,108187,201099,0,0,0,0,0.0666018
446872,9,1,139797,36179,30603,103618,189347,0,0,0,0,0.0633655
446873,9,1,163870,44465,38241,119405,235072,0,0,0,0,0.110329
446874,9,1,198199,54967,47387,143232,289334,0,0,0,0,0.0871243
446875,9,1,198543,55645,47929,142898,295311,0,0,0,0,0.0698182
446876,9,1,199162,55764,48621,143398,295719,0,0,0,0,0.070907
446877,9,1,192024,53571,46239,138453,284007,0,0,0,0,0.0713432
446878,9,1,188845,52187,45106,136658,275635,0,0,0,0,0.0716322
446879,9,1,185335,50598,43330,134737,265243,0,0,0,0,0.101521
446880,3,1,156605,41003,35073,115602,214271,0,0,0,0,0.128722
446881,9,1,152711,40593,34607,112118,212764,0,0,0,0,0.0843295
446884,9,1,188506,51609,45647,136897,272049,0,0,0,0,0.0879242
446889,9,1,179375,49657,42975,129718,263349,0,0,0,0,0.0821155
446890,3,1,198691,54024,47077,144667,283161,0,0,0,0,0.0909147
446891,9,1,195772,53590,45750,142182,282004,0,0,0,0,0.0715605
446894,9,2,204830,55987,49213,148830,295313,1,0,0,0,0.143753
446899,9,1,200598,54157,46800,146441,282785,0,0,0,0,0.0664139
446900,3,1,198578,53997,47062,144581,283009,0,0,0,0,0.094765
446901,9,1,195649,53563,45732,142086,281868,0,0,0,0,0.0720312
446904,9,2,204626,55943,49164,148670,295114,1,0,0,0,0.143234
446909,9,1,200430,54051,46723,146379,282086,0,0,0,0,0.070444
446910,3,1,198585,53999,47060,144586,283023,0,0,0,0,0.100211
446911,9,1,226603,63391,55084,163212,334258,0,0,0,0,0.08029
446914,9,1,247660,69276,60648,178384,364224,0,0,0,0,0.0802346
446919,9,1,186992,50300,43010,136692,263560,0,0,0,0,0.0668005
446920,9,1,181415,49123,41785,132292,258074,0,0,0,0,0.0684747
446921,9,1,199804,54817,47888,144987,288214,0,0,0,0,0.0667172
446922,18,1,206498,57322,49446,149176,302990,0,0,0,0,0.0740437
446924,9,1,218218,59871,52326,158347,313756,0,0,0,0,0.0709185
446925,18,1,220200,60913,52721,159287,320819,0,0,0,0,0.0747329
446928,18,1,216990,59403,51288,157587,311413,0,0,0,0,0.0756284
446929,9,1,202105,55060,48237,147045,288540,0,0,0,0,0.0883277
446950,3,1,216779,59188,51671,157591,309447,0,0,0,0,0.0956421
446951,9,1,203050,55315,47684,147735,289518,0,0,0,0,0.0756209
446954,9,2,212396,58294,51507,154089,306910,1,0,0,0,0.147795
446959,9,2,310187,85871,75974,224303,452927,1,0,0,0,0.170703
446960,3,1,216511,59069,51601,157442,308704,0,0,0,0,0.105554
446961,9,1,202743,55190,47605,147553,288757,0,0,0,0,0.0730324
446964,9,2,212228,58262,51464,153953,306757,1,0,0,0,0.149035
446969,9,2,309827,85706,75857,224108,451873,1,0,0,0,0.172178
446970,3,1,216469,59065,51604,157404,308690,0,0,0,0,0.0986653
446971,9,1,241397,68193,59599,173204,358991,0,0,0,0,0.0861023
446974,9,1,258307,72645,63619,185662,381375,0,0,0,0,0.0815153
446979,9,1,196395,52681,45565,143714,274226,0,0,0,0,0.0698307
446980,9,1,194845,53336,45713,141509,280024,0,0,0,0,0.0674786
446981,9,2,349947,96454,84243,253480,508784,1,0,0,0,0.183437
446982,18,1,222128,62195,53833,159933,328434,0,0,0,0,0.0745317
446984,9,2,374666,103635,90941,271018,545516,1,0,0,0,0.18926
446985,18,1,230947,64547,56065,166400,339671,0,0,0,0,0.0775641
446988,18,1,229470,63354,54890,166116,331214,0,0,0,0,0.078898
446989,9,1,217229,59742,52502,157487,312206,0,0,0,0,0.0958912
447010,3,1,158550,41391,35197,117159,215294,0,0,0,0,0.0968808
447011,9,1,137233,35838,30096,101395,187066,0,0,0,0,0.072213
447014,9,1,184981,50410,43093,134571,263513,0,0,0,0,0.100648
447019,9,1,192398,53069,45621,139329,279182,0,0,0,0,0.0920581
447020,3,1,158533,41381,35169,117152,215232,0,0,0,0,0.086273
447021,9,1,155689,41600,36096,114089,218737,0,0,0,0,0.073706
447024,9,1,203833,56450,48990,147383,296659,0,0,0,0,0.102144
447029,9,1,203104,55860,48992,147244,293243,0,0,0,0,0.073633
447030,9,1,159424,42434,36072,116990,221845,0,0,0,0,0.0686661
447031,9,1,184133,48893,41681,135240,253813,0,0,0,0,0.0705853
447034,9,1,207851,57279,49829,150572,301577,0,0,0,0,0.0950931
447035,18,1,220363,61511,52814,158852,324515,0,0,0,0,0.0659059
447038,18,1,217318,59753,51434,157565,313780,0,0,0,0,0.0661306
447039,9,1,196741,53121,45589,143620,277617,0,0,0,0,0.0682438
447042,18,1,167244,44975,38302,122269,236866,0,0,0,0,0.066932
447060,3,1,158612,41403,35178,117209,215365,0,0,0,0,0.131505
447061,9,1,184831,50493,44611,134338,265498,0,0,0,0,0.065844
447064,9,2,240380,68119,59191,172248,363429,1,0,0,0,0.159262
447069,9,1,225360,62182,54441,163178,325054,0,0,0,0,0.0875651
447070,9,1,159537,42461,36062,117076,221999,0,0,0,0,0.0682092
447071,9,1,199631,54067,46326,145564,282184,0,0,0,0,0.0845123
447074,9,2,220430,61479,53898,158938,326814,1,0,0,0,0.157078
447079,9,1,210692,57571,49516,153121,301077,0,0,0,0,0.0864629
447082,18,1,186710,50822,43352,135888,268092,0,0,0,0,0.0743183
447085,18,2,235114,66204,57397,168897,353144,1,0,0,0,0.177017
447088,18,1,232907,64789,56085,168118,340173,0,0,0,0,0.0917107
447100,9,1,181797,48668,41769,133129,253815,0,0,0,0,0.0678288
447101,9,1,182058,48711,41826,133347,253959,0,0,0,0,0.0675603
447104,9,2,231878,64402,56380,167463,339841,1,0,0,0,0.175508
447109,9,1,214843,58447,50254,156396,304257,0,0,0,0,0.0664972
447122,18,1,183923,49916,42548,134007,261933,0,0,0,0,0.0663806
447125,18,1,227597,63224,54735,164373,333673,0,0,0,0,0.0652231
447128,18,1,226943,63377,54942,163566,334767,0,0,0,0,0.0687315
447150,9,1,151195,39280,33385,111915,202910,0,0,0,0,0.0617513
447151,9,1,151531,39341,33414,112190,203165,0,0,0,0,0.0622055
447152,9,1,143784,37058,31229,106726,192396,0,0,0,0,0.0608026
447153,9,1,164957,44022,38091,120935,230182,0,0,0,0,0.0782942
447154,9,1,205238,56343,48239,148895,293412,0,0,0,0,0.0662994
447155,9,1,202463,56091,48497,146372,294693,0,0,0,0,0.0652422
447156,9,1,201172,55890,48792,145282,294061,0,0,0,0,0.0667566
447157,9,1,202289,56061,48287,146228,295028,0,0,0,0,0.0685222
447158,9,1,196306,54097,46441,142209,283343,0,0,0,0,0.0686906
447159,9,1,193306,52404,44771,140902,271821,0,0,0,0,0.0949521
447160,3,1,170389,44379,38756,126010,232023,0,0,0,0,0.159579
447161,9,1,163250,42899,37020,120351,224822,0,0,0,0,0.0880869
447164,9,1,191685,52060,46071,139625,275237,0,0,0,0,0.110574
447169,9,1,183207,50641,44126,132566,269479,0,0,0,0,0.0873743
447170,3,1,189992,51053,44767,138939,267288,0,0,0,0,0.0888471
447171,9,1,182214,48777,42163,133437,255015,0,0,0,0,0.0619663
447174,9,2,289146,79456,69926,209677,420014,1,0,0,0,0.16567
447179,9,2,284956,78607,68847,206336,416347,1,0,0,0,0.184734
447180,3,1,189809,50978,44707,138831,266767,0,0,0,0,0.120391
447181,9,1,182156,48755,42150,133401,254866,0,0,0,0,0.0607174
447184,9,2,289134,79462,69914,209659,420067,1,0,0,0,0.19127
447189,9,2,284917,78596,68835,206308,416282,1,0,0,0,0.223832
447190,3,1,189817,50984,44712,138833,266817,0,0,0,0,0.123203
447191,9,2,215594,60186,53028,155396,320601,1,0,0,0,0.184005
447194,9,2,231140,64834,57566,166294,345331,1,0,0,0,0.183281
447199,9,1,174715,46752,40003,127963,245063,0,0,0,0,0.0628877
447200,9,1,174408,48140,41588,126268,254638,0,0,0,0,0.0682566
447201,9,1,182756,49434,42737,133322,259683,0,0,0,0,0.064826
447202,18,1,192802,52767,45837,140035,278250,0,0,0,0,0.0692659
447204,9,1,197201,53143,46126,144058,276928,0,0,0,0,0.0643328
447205,18,1,204913,55838,48780,149075,293260,0,0,0,0,0.0780195
447208,18,1,204372,55214,47427,149158,288032,0,0,0,0,0.0836294
447209,9,1,191249,51855,45531,139394,271713,0,0,0,0,0.111338
447230,3,1,201242,55351,48654,145891,291913,0,0,0,0,0.0963804
447231,9,1,194756,54002,47239,140754,285733,0,0,0,0,0.068746
447234,9,1,213805,58619,51620,155186,308030,0,0,0,0,0.0837329
447239,9,1,186271,49656,43465,136615,258903,0,0,0,0,0.092134
447240,3,1,201086,55286,48629,145800,291551,0,0,0,0,0.0967392
447241,9,1,194677,53959,47209,140718,285496,0,0,0,0,0.0667107
447244,9,1,214144,58688,51666,155456,308310,0,0,0,0,0.0651327
447249,9,1,186569,49698,43512,136871,259016,0,0,0,0,0.0630612
447250,3,1,201226,55304,48614,145922,291607,0,0,0,0,0.120119
447251,9,2,282724,79618,70332,203093,423441,1,0,0,0,0.237673
447254,9,2,297380,83437,73817,213930,442842,1,0,0,0,0.237969
447259,9,1,180552,48418,42046,132134,253560,0,0,0,0,0.0954536
447260,9,1,173910,47227,40623,126683,248377,0,0,0,0,0.0937507
447261,9,1,183880,49695,43947,134185,261439,0,0,0,0,0.0742321
447262,18,1,202776,57089,50051,145687,303850,0,0,0,0,0.0716405
447264,9,1,202796,54790,48295,148006,286745,0,0,0,0,0.0723608
447265,18,1,215659,60698,53087,154961,322503,0,0,0,0,0.0717887
447268,18,1,224065,63080,54891,160985,333936,0,0,0,0,0.0788044
447269,9,1,203370,56739,50135,146631,300075,0,0,0,0,0.111495
447290,3,1,195482,52943,46842,142539,277972,0,0,0,0,0.129419
447291,9,1,171351,45375,39394,125976,236365,0,0,0,0,0.0848438
447294,9,2,275898,75099,65511,200786,394626,1,0,0,0,0.206428
447299,9,2,263205,71093,62596,192100,372623,1,0,0,0,0.209199
447300,3,1,195372,52920,46825,142452,277846,0,0,0,0,0.111526
447301,9,2,286239,78272,68389,207954,413031,1,0,0,0,0.215261
447304,9,2,271813,75024,65849,196776,396639,1,0,0,0,0.199647
447309,9,2,257031,70133,61635,186886,370367,1,0,0,0,0.164994
447310,9,1,185840,50920,44262,134920,268320,0,0,0,0,0.0895018
447311,9,1,211391,57976,50544,153415,304414,0,0,0,0,0.072172
447314,9,1,192244,52493,45759,139751,276754,0,0,0,0,0.0873546
447315,18,2,279857,78096,68313,201749,414805,1,0,0,0,0.142387
447318,18,2,273038,75191,66050,197835,398019,1,0,0,0,0.145045
447319,9,2,266534,73359,64100,193163,388342,1,0,0,0,0.154826
447322,18,1,198602,55216,48071,143386,293309,0,0,0,0,0.0625908
447340,3,1,195364,52942,46860,142422,278028,0,0,0,0,0.0844892
447341,9,2,304576,83154,73035,221409,436808,1,0,0,0,0.165605
447344,9,2,271969,75382,66061,196574,398998,1,0,0,0,0.163786
447349,9,2,257658,70083,61552,187563,369388,1,0,0,0,0.206117
447350,9,1,186000,50980,44295,135020,268715,0,0,0,0,0.0860675
447351,9,1,222210,60712,53080,161498,317522,0,0,0,0,0.0641303
447354,9,2,180070,48905,43140,131153,257557,1,0,0,0,0.180458
447359,9,2,265037,73281,64202,191744,388028,1,0,0,0,0.197671
447362,18,1,211169,58708,51279,152461,310661,0,0,0,0,0.0663703
447365,18,2,278366,77817,68367,200536,413545,1,0,0,0,0.147896
447368,18,2,271638,75412,66189,196214,400027,1,0,0,0,0.1441
447380,9,1,197543,53231,45975,144312,277825,0,0,0,0,0.0594113
447381,9,1,198011,53311,46040,144700,278117,0,0,0,0,0.0670843
447384,9,1,187890,50864,43946,137026,266235,0,0,0,0,0.0624387
447389,9,2,193799,52571,46393,141216,275623,1,0,0,0,0.140562
447402,18,1,209578,57913,50245,151665,304814,0,0,0,0,0.0663364
447405,18,1,199373,54784,47449,144589,288669,0,0,0,0,0.0573256
447408,18,1,203142,56389,48835,146753,298503,0,0,0,0,0.0583093
447430,9,2,327169,88149,76500,239008,459853,1,0,0,0,0.165172
447431,9,2,327193,88134,76491,239047,459726,1,0,0,0,0.168778
447432,9,1,179172,47532,41353,131640,247636,0,0,0,0,0.0588515
447433,9,1,200141,54918,48448,145223,288984,0,0,0,0,0.0811851
447434,9,2,268423,72587,63904,195826,378753,1,0,0,0,0.147106
447435,9,2,255964,69583,61261,186369,367045,1,0,0,0,0.147785
447436,9,2,259608,70603,61639,188992,372010,1,0,0,0,0.20615
447437,9,2,254502,69198,60856,185292,364999,1,0,0,0,0.172729
447438,9,2,208246,56800,49838,151434,300010,1,0,0,0,0.151015
447439,9,2,190133,51426,45211,138694,269715,1,0,0,0,0.146785
447440,3,1,172959,45350,39736,127609,237453,0,0,0,0,0.130571
447441,9,1,166184,44020,38113,122164,231169,0,0,0,0,0.0884678
447444,9,1,193706,52766,46723,140940,279227,0,0,0,0,0.0860061
447449,9,1,184774,51314,44766,133460,273351,0,0,0,0,0.0824475
447450,3,1,201565,54371,47789,147194,284439,0,0,0,0,0.0892954
447451,9,1,193711,51672,44704,142039,269367,0,0,0,0,0.0757034
447454,9,2,294557,80595,70852,213949,425216,1,0,0,0,0.169034
447459,9,2,287891,78800,69181,209078,416011,1,0,0,0,0.180441
447460,3,1,201358,54299,47737,147059,283995,0,0,0,0,0.0920054
447461,9,1,193681,51673,44717,142008,269406,0,0,0,0,0.0655506
447464,9,2,294501,80585,70841,213903,425167,1,0,0,0,0.165756
447469,9,2,287973,78811,69169,209149,416026,1,0,0,0,0.171058
447470,3,1,201429,54315,47745,147114,284083,0,0,0,0,0.0957148
447471,9,2,222039,61873,54314,160154,329186,1,0,0,0,0.186784
447474,9,2,236839,66629,58963,170198,354976,1,0,0,0,0.161542
447479,9,1,185986,49730,42950,136256,259607,0,0,0,0,0.071601
447480,9,1,183596,50574,43896,133022,266611,0,0,0,0,0.067228
447481,9,1,192261,51611,44601,140650,269571,0,0,0,0,0.0629728
447482,18,1,201091,54652,47845,146439,287053,0,0,0,0,0.0818819
447484,9,1,203254,54529,47438,148725,282604,0,0,0,0,0.0628405
447485,18,1,213484,57921,50957,155563,302809,0,0,0,0,0.0734284
447488,18,1,213107,57309,49330,155798,297650,0,0,0,0,0.0968185
447489,9,1,203766,54903,48444,148863,286555,0,0,0,0,0.0830996
447510,3,1,188857,50584,44131,138273,265431,0,0,0,0,0.089914
447511,9,1,185002,50123,43629,134879,263884,0,0,0,0,0.0651927
447514,9,1,209478,57054,50197,152424,299672,0,0,0,0,0.0656945
447519,9,1,184959,49022,42709,135937,255633,0,0,0,0,0.0597367
447520,3,1,188994,50623,44182,138371,265656,0,0,0,0,0.0918643
447521,9,1,184954,50118,43632,134836,263867,0,0,0,0,0.0724872
447524,9,1,209755,57101,50241,152654,299828,0,0,0,0,0.0647923
447529,9,1,185095,49053,42734,136042,255783,0,0,0,0,0.0630305
447530,3,1,189092,50641,44183,138451,265720,0,0,0,0,0.0947986
447531,9,2,277537,77535,68055,199989,412230,1,0,0,0,0.163073
447534,9,2,294221,82407,72650,211801,437965,1,0,0,0,0.204491
447539,9,1,176968,46827,40387,130141,245150,0,0,0,0,0.0621089
447540,9,1,166439,44193,37887,122246,231406,0,0,0,0,0.0606272
447541,9,1,182644,49114,43181,133530,258173,0,0,0,0,0.0589423
447542,18,1,188990,51637,45064,137353,273005,0,0,0,0,0.0593684
447544,9,1,204013,55264,48624,148749,290031,0,0,0,0,0.0622151
447545,18,1,204216,56065,48996,148151,296437,0,0,0,0,0.0634148
447548,18,1,217347,60010,52104,157337,316800,0,0,0,0,0.0697517
447549,9,1,196426,53881,47204,142545,284223,0,0,0,0,0.104732
447570,3,1,168001,43639,37782,124362,226989,0,0,0,0,0.0859182
447571,9,1,146958,37783,32377,109175,196133,0,0,0,0,0.0542361
447574,9,2,262109,70607,61647,191489,370850,1,0,0,0,0.161101
447579,9,2,252689,67598,59049,185079,353879,1,0,0,0,0.155172
447580,3,1,167983,43627,37778,124356,226916,0,0,0,0,0.119718
447581,9,1,170067,45560,40080,124507,239154,0,0,0,0,0.075928
447584,9,2,260426,70805,61869,189608,373952,1,0,0,0,0.149482
447589,9,2,253807,69210,60794,184585,365734,1,0,0,0,0.149324
447590,9,1,168861,45695,39135,123166,240810,0,0,0,0,0.0656673
447591,9,1,188996,50655,43753,138341,265401,0,0,0,0,0.0652632
447594,9,1,183399,48783,42908,134616,255338,0,0,0,0,0.0582576
447595,18,2,276312,76580,67324,199720,406356,1,0,0,0,0.147985
447598,18,2,266476,73532,64623,192932,390109,1,0,0,0,0.17931
447599,9,2,261696,71673,63028,190011,379326,1,0,0,0,0.157641
447602,18,1,174773,46949,40302,127824,247860,0,0,0,0,0.0574512
447620,3,1,168093,43656,37803,124437,227081,0,0,0,0,0.0853718
447621,9,1,195656,52444,46480,143212,273536,0,0,0,0,0.0616761
447624,9,2,262484,71815,62543,190656,379991,1,0,0,0,0.150546
447629,9,2,256562,70141,61666,186409,370911,1,0,0,0,0.14778
447630,9,1,169112,45762,39175,123350,241201,0,0,0,0,0.0611047
447631,9,1,204750,55112,47921,149638,288245,0,0,0,0,0.0706437
447634,9,2,183031,49916,43855,133103,263422,1,0,0,0,0.148105
447639,9,2,262196,72383,63843,189801,384031,1,0,0,0,0.165014
447642,18,1,188552,50936,43871,137616,268664,0,0,0,0,0.0638747
447645,18,2,273130,76095,66856,197022,404291,1,0,0,0,0.196704
447648,18,2,267257,74048,64892,193197,393527,1,0,0,0,0.179472
447660,9,1,186807,50120,43274,136687,262571,0,0,0,0,0.0695669
447661,9,1,187183,50176,43337,137007,262718,0,0,0,0,0.0844747
447664,9,1,182325,48220,41614,134105,251008,0,0,0,0,0.0581783
447669,9,2,197382,53652,47205,143718,281486,1,0,0,0,0.143273
447682,18,1,189928,51031,43891,138897,267697,0,0,0,0,0.0704913
447685,18,1,193792,52463,45298,141329,275521,0,0,0,0,0.080003
447688,18,1,200923,55236,48074,145687,291806,0,0,0,0,0.0844305
447710,9,1,162969,42639,36665,120330,221408,0,0,0,0,0.0530898
447711,9,1,163099,42665,36683,120434,221512,0,0,0,0,0.0536376
447712,9,1,158829,41173,35346,117656,214290,0,0,0,0,0.0563255
447713,9,1,179522,48290,42286,131232,253735,0,0,0,0,0.0820644
447714,9,2,263613,70642,61905,192961,367646,1,0,0,0,0.174414
447715,9,2,252812,68819,60654,183981,363636,1,0,0,0,0.156799
447716,9,2,256806,69587,60596,187206,367122,1,0,0,0,0.169178
447717,9,2,253370,69289,60966,184069,366810,1,0,0,0,0.158749
447718,9,2,206851,56299,49276,150540,298282,1,0,0,0,0.15074
447719,9,2,176488,46647,40732,129828,242870,1,0,0,0,0.141937
447720,3,1,172046,44350,38794,127696,228846,0,0,0,0,0.0783812
447721,9,1,179866,48298,41931,131568,251845,0,0,0,0,0.0697424
447724,9,2,199578,53494,47349,146071,277771,1,0,0,0,0.162785
447729,9,2,198012,52486,46457,145514,272121,1,0,0,0,0.18372
447730,3,1,171945,44328,38810,127617,228715,0,0,0,0,0.109841
447731,9,1,179910,48296,41920,131614,251777,0,0,0,0,0.0752505
447734,9,2,199081,53356,47257,145712,277031,1,0,0,0,0.172124
447739,9,2,197576,52373,46407,145191,271505,1,0,0,0,0.156976
447740,3,1,177196,46252,40559,130944,238572,0,0,0,0,0.108137
447741,9,1,153558,39949,34784,113609,206132,0,0,0,0,0.0924245
447744,9,2,183531,48913,42801,134608,256274,1,0,0,0,0.168272
447749,9,2,182850,48761,42613,134078,255460,1,0,0,0,0.157391
447750,3,1,176814,46135,40483,130679,237861,0,0,0,0,0.172931
447751,9,1,174421,46232,40616,128189,237516,0,0,0,0,0.0849586
447754,9,1,210596,57866,50931,152730,303693,0,0,0,0,0.0960998
447759,9,1,213263,58837,51773,154426,309016,0,0,0,0,0.082868
447760,9,1,162007,42949,37633,119058,222756,0,0,0,0,0.0568506
447761,9,2,170328,46227,40611,124091,244384,1,0,0,0,0.205247
447762,18,1,175722,46696,40780,129026,241548,0,0,0,0,0.0821104
447764,9,1,187716,50167,43556,137549,261676,0,0,0,0,0.0765706
447765,18,2,268017,74568,65566,193436,395575,1,0,0,0,0.242019
447768,18,2,266477,73817,65044,192647,391595,1,0,0,0,0.235315
447769,9,1,194020,51681,45143,142339,268765,0,0,0,0,0.0640498
447790,3,1,153465,39549,33710,113916,203514,0,0,0,0,0.105861
447791,9,1,169138,44995,38480,124143,233442,0,0,0,0,0.0844691
447794,9,1,207582,56035,48924,151547,288122,0,0,0,0,0.086175
447799,9,2,275764,74579,65418,201173,387806,1,0,0,0,0.320268
447800,3,1,195830,53451,46870,142379,280933,0,0,0,0,0.0997713
447801,9,1,183220,49764,43089,133456,261396,0,0,0,0,0.0801502
447804,9,2,199032,54144,47532,144875,284224,1,0,0,0,0.180557
447809,9,2,191877,51506,45132,140360,269901,1,0,0,0,0.140692
447810,3,1,195623,53417,46868,142206,280772,0,0,0,0,0.0976738
447811,9,2,200336,55223,48232,145101,292078,1,0,0,0,0.185926
447814,9,2,191929,52420,46019,139496,276288,1,0,0,0,0.173776
447819,9,1,215615,59762,52330,155853,313602,0,0,0,0,0.0859531
447820,9,2,261370,72522,63334,188836,386007,1,0,0,0,0.202741
447821,9,2,190421,52105,45526,138305,275062,1,0,0,0,0.162136
447822,18,1,182995,49968,43496,133027,263154,0,0,0,0,0.0756611
447824,9,1,196877,53337,45821,143540,278551,0,0,0,0,0.0848533
447825,18,2,190019,51808,45187,138198,273015,1,0,0,0,0.17076
447828,18,1,238137,66491,58093,171646,351424,0,0,0,0,0.0668097
447829,9,1,194930,52843,46466,142087,277424,0,0,0,0,0.0814154
447850,3,1,186526,50971,44665,135555,268440,0,0,0,0,0.0985465
447851,9,1,177632,48266,41834,129366,253844,0,0,0,0,0.0761148
447854,9,2,192952,52479,45815,140460,276349,1,0,0,0,0.172434
447859,9,2,187836,50845,44680,136980,267683,1,0,0,0,0.171774
447860,3,1,186684,51048,44790,135636,268873,0,0,0,0,0.156607
447861,9,2,196312,54053,47194,142247,286399,1,0,0,0,0.19075
447864,9,2,195275,53859,47318,141403,285524,1,0,0,0,0.153856
447869,9,1,211816,58744,51363,153072,308587,0,0,0,0,0.0845325
447870,9,2,256399,71057,61658,185330,378559,1,0,0,0,0.201094
447871,9,2,187025,51245,44485,135769,271129,1,0,0,0,0.18594
447874,9,1,196921,53346,45859,143575,278549,0,0,0,0,0.0897818
447875,18,2,183033,49511,43184,133509,261213,1,0,0,0,0.166482
447878,18,1,230967,64524,56198,166443,341524,0,0,0,0,0.0650809
447879,9,1,187858,50923,44772,136935,267592,0,0,0,0,0.0822489
447882,18,1,175959,48158,41761,127801,254344,0,0,0,0,0.0751146
447900,3,1,148482,38920,33110,109562,202759,0,0,0,0,0.103562
447901,9,2,170150,45390,39392,124749,238468,1,0,0,0,0.191011
447904,9,2,174130,46312,40354,127806,242931,1,0,0,0,0.221624
447909,9,1,160470,43003,37605,117467,223561,0,0,0,0,0.0884793
447910,9,1,166586,44694,38257,121892,233464,0,0,0,0,0.0876943
447911,9,2,178682,48551,42419,130118,255973,1,0,0,0,0.184766
447914,9,2,183857,49795,43616,134049,262673,1,0,0,0,0.166442
447919,9,1,168477,44548,39210,123929,230347,0,0,0,0,0.0786864
447922,18,2,179053,48796,42444,130244,257792,1,0,0,0,0.216897
447925,18,2,187123,51055,44567,136055,269987,1,0,0,0,0.167978
447928,18,1,188190,51448,44301,136742,270507,0,0,0,0,0.0905609
447940,9,1,191702,51728,44987,139974,267530,0,0,0,0,0.0961742
447941,9,2,197325,54175,47021,143137,285252,1,0,0,0,0.184805
447944,9,2,198399,53971,47113,144415,282977,1,0,0,0,0.202231
447949,9,1,186923,50131,43267,136792,260498,0,0,0,0,0.0600214
447962,18,1,211656,58949,51582,152707,312003,0,0,0,0,0.0824426
447965,18,1,217587,60493,53110,157094,319425,0,0,0,0,0.0881055
447968,18,1,188269,51661,44881,136608,272527,0,0,0,0,0.0855061
447990,9,2,248800,68193,59257,180595,359966,1,0,0,0,0.237029
447991,9,1,184311,49699,43332,134612,258442,0,0,0,0,0.0802467
447992,9,1,190122,51566,44896,138556,270512,0,0,0,0,0.0809603
447993,9,1,184457,49657,43451,134800,260440,0,0,0,0,0.0891843
447994,9,2,217937,59510,52004,158414,312534,1,0,0,0,0.230566
447995,9,1,196904,53398,46708,143506,279641,0,0,0,0,0.0845208
447996,9,1,184460,49649,43444,134811,260432,0,0,0,0,0.0849278
447997,9,1,167068,44727,38977,122341,231491,0,0,0,0,0.098532
447998,9,1,168300,43962,38272,124338,226485,0,0,0,0,0.0577512
447999,9,1,192633,51594,44535,141039,267275,0,0,0,0,0.131602
448000,3,1,171775,44271,38741,127504,228393,0,0,0,0,0.120774
448001,9,1,179747,48251,41898,131496,251538,0,0,0,0,0.105356
448004,9,2,199242,53393,47277,145836,277200,1,0,0,0,0.185165
448009,9,2,197764,52398,46387,145354,271619,1,0,0,0,0.158494
448010,3,1,171674,44249,38756,127425,228262,0,0,0,0,0.13123
448011,9,1,179791,48249,41887,131542,251470,0,0,0,0,0.0617036
448014,9,2,198722,53250,47181,145459,276434,1,0,0,0,0.18037
448019,9,2,197355,52291,46340,145052,271036,1,0,0,0,0.171593
448020,3,1,177218,46251,40568,130967,238547,0,0,0,0,0.103217
448021,9,1,153858,40011,34831,113847,206411,0,0,0,0,0.0980932
448024,9,2,183720,48944,42822,134766,256406,1,0,0,0,0.191534
448029,9,2,183086,48801,42637,134274,255611,1,0,0,0,0.161204
448030,3,1,176347,46011,40389,130336,237232,0,0,0,0,0.138142
448031,9,2,259469,71074,63147,188382,373501,1,0,0,0,0.240216
448034,9,1,228880,63139,55549,165741,329449,0,0,0,0,0.093703
448039,9,1,233511,64839,57279,168672,339251,0,0,0,0,0.095369
448040,9,1,161773,42882,37603,118891,222396,0,0,0,0,0.0910112
448041,9,2,169491,45995,40415,123486,243308,1,0,0,0,0.21996
448042,18,2,259906,71227,62958,188667,375442,1,0,0,0,0.273117
448044,9,2,178294,48421,42424,129860,255368,1,0,0,0,0.291873
448045,18,2,270552,75297,66429,195242,399364,1,0,0,0,0.246852
448048,18,2,270385,75260,66344,195112,399376,1,0,0,0,0.261323
448049,9,2,174277,47325,41580,126939,249774,1,0,0,0,0.205645
448070,3,1,153098,39483,33648,113615,203254,0,0,0,0,0.132162
448071,9,1,169200,45001,38487,124199,233461,0,0,0,0,0.0839607
448074,9,1,207585,56004,48961,151581,287956,0,0,0,0,0.0923806
448079,9,2,275825,74587,65416,201226,387830,1,0,0,0,0.232702
448080,3,1,195754,53460,46877,142294,281046,0,0,0,0,0.10228
448081,9,1,183519,49865,43165,133654,262010,0,0,0,0,0.10043
448084,9,2,199176,54166,47548,144997,284303,1,0,0,0,0.23663
448089,9,2,192011,51530,45144,140470,270011,1,0,0,0,0.16505
448090,3,1,195450,53393,46854,142057,280716,0,0,0,0,0.10386
448091,9,2,182582,49728,43417,132842,262571,1,0,0,0,0.199724
448094,9,2,185339,50438,44194,134888,266108,1,0,0,0,0.188401
448099,9,1,204731,55677,48780,149054,291619,0,0,0,0,0.0991821
448100,9,2,261608,72590,63364,189006,386352,1,0,0,0,0.277977
448101,9,2,190972,52305,45673,138656,276251,1,0,0,0,0.190245
448102,18,2,274021,76747,67433,197261,408702,1,0,0,0,0.276762
448104,9,1,190585,51240,43905,139345,267205,0,0,0,0,0.0641697
448105,18,2,183157,49772,43350,133372,262400,1,0,0,0,0.164922
448108,18,1,229748,63288,55266,166460,333799,0,0,0,0,0.083029
448109,9,1,185157,49480,43437,135677,258386,0,0,0,0,0.10006
448130,3,1,186493,50982,44668,135511,268540,0,0,0,0,0.126354
448131,9,1,177974,48367,41926,129607,254398,0,0,0,0,0.135903
448134,9,2,193323,52563,45884,140747,276759,1,0,0,0,0.246284
448139,9,2,188234,50941,44739,137282,268161,1,0,0,0,0.255413
448140,3,1,186473,50977,44656,135496,268468,0,0,0,0,0.117302
448141,9,2,178761,48733,42591,130016,257800,1,0,0,0,0.185263
448144,9,2,179077,48684,42526,130380,257442,1,0,0,0,0.157293
448149,9,1,221631,61266,53572,160365,321373,0,0,0,0,0.0863142
448150,9,2,256569,71090,61658,185467,378700,1,0,0,0,0.266395
448151,9,2,185220,50802,44196,134407,269077,1,0,0,0,0.245946
448154,9,1,206223,55679,47895,150544,289964,0,0,0,0,0.0938664
448155,18,2,183117,49781,43358,133323,263312,1,0,0,0,0.166188
448158,18,1,242519,67659,59382,174860,357340,0,0,0,0,0.115204
448159,9,1,197405,53426,46962,143979,280180,0,0,0,0,0.104641
448162,18,2,269188,75696,66299,193479,404736,1,0,0,0,0.214099
448180,3,1,148170,38868,33063,109302,202571,0,0,0,0,0.163751
448181,9,2,168291,44819,38950,123461,235277,1,0,0,0,0.235481
448184,9,2,173920,46150,40131,127758,242192,1,0,0,0,0.186483
448189,9,1,164018,43421,37764,120597,225269,0,0,0,0,0.087219
448190,9,1,166514,44680,38256,121834,233421,0,0,0,0,0.0961054
448191,9,2,175724,47674,41682,128037,251410,1,0,0,0,0.187578
448194,9,2,180658,49004,42983,131641,258550,1,0,0,0,0.153552
448199,9,1,165959,42838,37874,123121,219465,0,0,0,0,0.0779019
448202,18,2,176414,47809,41456,128592,252258,1,0,0,0,0.197893
448205,18,2,185642,50582,44118,135047,267371,1,0,0,0,0.205381
448208,18,1,189220,51284,44303,137936,269199,0,0,0,0,0.0950939
448220,9,1,191945,51752,45067,140193,267576,0,0,0,0,0.0941975
448221,9,2,197425,54206,47018,143206,285416,1,0,0,0,0.147845
448224,9,2,198659,54021,47143,144625,283191,1,0,0,0,0.181793
448229,9,1,186603,49986,43068,136617,259681,0,0,0,0,0.0755059
448242,18,2,257277,70592,61470,186672,374482,1,0,0,0,0.186365
448245,18,2,271836,75354,65651,196469,400003,1,0,0,0,0.170779
448248,18,2,258113,70865,61688,187235,376298,1,0,0,0,0.162323
448270,9,2,248648,68159,59238,180477,359808,1,0,0,0,0.221097
448271,9,1,184205,49664,43296,134541,258266,0,0,0,0,0.0547848
448272,9,1,180812,47723,41459,133089,248435,0,0,0,0,0.0554916
448273,9,1,175303,46172,40323,129131,240255,0,0,0,0,0.0643813
448274,9,2,217985,59520,52011,158452,312608,1,0,0,0,0.159333
448275,9,1,205614,55450,48509,150164,289212,0,0,0,0,0.0597531
448276,9,1,191550,51090,44834,140460,266252,0,0,0,0,0.056423
448277,9,1,165845,43979,37964,121866,227351,0,0,0,0,0.0578179
448278,9,2,188939,50541,44054,138385,266346,1,0,0,0,0.15121
448279,9,1,192723,51630,44551,141093,267482,0,0,0,0,0.0631334
448280,3,1,171630,44241,38740,127389,228269,0,0,0,0,0.0834862
448281,9,1,189839,50687,44076,139152,262505,0,0,0,0,0.062394
448284,9,1,200755,53035,46423,147720,272044,0,0,0,0,0.0816938
448289,9,1,168029,44481,38815,123548,231847,0,0,0,0,0.0587685
448290,3,1,171529,44219,38755,127310,228138,0,0,0,0,0.0776965
448291,9,1,189832,50657,44052,139175,262240,0,0,0,0,0.0616748
448294,9,1,200675,53006,46444,147669,271798,0,0,0,0,0.0603555
448299,9,1,167921,44527,38913,123394,232290,0,0,0,0,0.056249
448300,3,1,176665,46114,40460,130551,237868,0,0,0,0,0.0870994
448301,9,1,160217,41227,35989,118990,210902,0,0,0,0,0.0553761
448304,9,1,200830,53766,46920,147064,280139,0,0,0,0,0.0656361
448309,9,1,191730,50880,44491,140850,264219,0,0,0,0,0.0615271
448310,3,1,176320,46004,40388,130316,237192,0,0,0,0,0.0909844
448311,9,1,187409,48513,42560,138896,246263,0,0,0,0,0.0617861
448314,9,1,221376,59734,52530,161642,309653,0,0,0,0,0.0680454
448319,9,1,215819,57660,50955,158159,297898,0,0,0,0,0.0680215
448320,9,2,168267,45156,39788,123098,237717,1,0,0,0,0.154205
448321,9,2,170075,46066,40525,123996,243199,1,0,0,0,0.172783
448322,18,1,184388,49178,43112,135210,254283,0,0,0,0,0.0878589
448324,9,1,215382,57260,50131,158122,293679,0,0,0,0,0.087672
448325,18,1,224366,61244,53539,163122,320549,0,0,0,0,0.0737457
448328,18,1,227039,62291,54801,164748,326624,0,0,0,0,0.079848
448329,9,1,213895,56853,49743,157042,291356,0,0,0,0,0.0805501
448350,3,1,153002,39468,33653,113534,203206,0,0,0,0,0.115274
448351,9,2,280705,76228,66280,204464,398753,1,0,0,0,0.236268
448354,9,2,298515,81322,71630,217180,424432,1,0,0,0,0.212314
448359,9,1,150474,39244,33496,111230,202709,0,0,0,0,0.0688454
448360,3,1,195604,53442,46867,142162,281030,0,0,0,0,0.0792119
448361,9,1,195132,52249,45449,142883,271751,0,0,0,0,0.0588984
448364,9,2,333728,91467,79660,242248,481424,1,0,0,0,0.167523
448369,9,1,195051,52438,45226,142613,273937,0,0,0,0,0.0592416
448370,3,1,195410,53411,46866,141999,280885,0,0,0,0,0.0834266
448371,9,2,212025,58345,51005,153667,308397,1,0,0,0,0.145001
448374,9,1,199904,53412,46174,146492,277648,0,0,0,0,0.0627793
448379,9,1,203122,54788,47962,148334,286311,0,0,0,0,0.0645137
448380,9,2,171759,46419,40745,125327,245369,1,0,0,0,0.128457
448381,9,2,180376,49208,43205,131155,260526,1,0,0,0,0.134378
448382,18,1,196412,54549,47542,141863,288342,0,0,0,0,0.0591963
448384,9,1,179949,47896,40983,132053,250341,0,0,0,0,0.0610903
448385,18,1,203832,55221,48011,148611,289355,0,0,0,0,0.0578819
448388,18,1,215527,58926,51619,156601,309176,0,0,0,0,0.0619492
448389,9,1,173238,45621,40084,127617,237536,0,0,0,0,0.0559636
448410,3,1,186281,50912,44536,135369,268143,0,0,0,0,0.0782609
448411,9,1,192422,51740,44693,140682,270337,0,0,0,0,0.0555857
448414,9,2,345332,95315,83339,250004,502281,1,0,0,0,0.174756
448419,9,1,204996,55877,48425,149119,292921,0,0,0,0,0.0630512
448420,3,1,186422,50984,44661,135438,268544,0,0,0,0,0.0795693
448421,9,1,207000,55581,48405,151419,288408,0,0,0,0,0.0593458
448424,9,1,209707,56835,49425,152872,297071,0,0,0,0,0.0593058
448429,9,1,210290,57295,50377,152995,300446,0,0,0,0,0.0604676
448430,9,2,168813,45707,39740,123093,242372,1,0,0,0,0.135895
448431,9,2,177067,48340,42188,128714,256443,1,0,0,0,0.13934
448434,9,1,204917,55668,48022,149249,291184,0,0,0,0,0.083187
448435,18,1,218256,60005,52766,158251,315766,0,0,0,0,0.071012
448438,18,1,229499,63390,55952,166109,333703,0,0,0,0,0.0678971
448439,9,1,200257,54238,48231,146019,283814,0,0,0,0,0.071952
448442,18,1,196522,54587,47535,141935,288597,0,0,0,0,0.0645262
448460,3,1,148080,38853,33075,109227,202523,0,0,0,0,0.104098
448461,9,2,168936,45177,39338,123748,237548,1,0,0,0,0.140205
448464,9,2,175490,46794,40898,128684,245908,1,0,0,0,0.135513
448469,9,1,154401,40429,34675,113972,209876,0,0,0,0,0.0570837
448470,9,1,172003,45918,39220,126085,238840,0,0,0,0,0.061805
448471,9,1,191753,52040,44705,139713,274630,0,0,0,0,0.0753206
448474,9,1,209837,57412,49726,152425,302974,0,0,0,0,0.0814121
448479,9,1,166284,43577,37862,122707,227301,0,0,0,0,0.0702575
448482,18,2,261617,71965,62748,189639,382102,1,0,0,0,0.214564
448485,18,2,278943,77569,67883,201361,412784,1,0,0,0,0.200274
448488,18,1,187416,50546,43449,136870,265254,0,0,0,0,0.0672967
448500,9,1,182772,48520,41937,134252,250675,0,0,0,0,0.0943173
448501,9,1,198576,53486,46240,145090,279669,0,0,0,0,0.0741067
448504,9,1,218145,59245,51514,158900,309422,0,0,0,0,0.0862348
448509,9,1,181224,47269,40983,133955,243855,0,0,0,0,0.0769793
448522,18,2,254875,69468,60535,185394,368114,1,0,0,0,0.188233
448525,18,2,272407,74904,65312,197490,397303,1,0,0,0,0.166789
448528,18,1,190138,51426,43937,138712,269923,0,0,0,0,0.0625826
448550,9,1,141576,37501,32017,104075,196066,0,0,0,0,0.0625923
448551,9,2,194499,52315,45319,142171,275691,1,0,0,0,0.161121
448552,9,1,176926,46577,40476,130349,241747,0,0,0,0,0.078327
448553,9,1,165653,43133,37828,122520,223885,0,0,0,0,0.0742753
448554,9,2,203961,55192,48111,148756,290790,1,0,0,0,0.160868
448555,9,1,195798,52096,45586,143702,270770,0,0,0,0,0.0568444
448556,9,1,191549,51072,45316,140477,265898,0,0,0,0,0.0603078
448557,9,1,159446,41503,35391,117943,212603,0,0,0,0,0.0555213
448558,9,1,157671,41261,35644,116410,214766,0,0,0,0,0.0574086
448559,9,2,191307,50668,44071,140626,265739,1,0,0,0,0.139032
448560,9,1,147521,38270,33223,109251,198382,0,0,0,0,0.0523704
448561,9,2,175142,46493,40450,128637,242077,1,0,0,0,0.170713
448564,9,2,193228,52002,45841,141214,270758,1,0,0,0,0.225078
448569,9,1,176235,46128,40733,130107,238480,0,0,0,0,0.0788619
448570,9,1,147601,38268,33209,109333,198337,0,0,0,0,0.0546171
448571,9,2,174815,46415,40360,128388,241652,1,0,0,0,0.157358
448574,9,2,192791,51905,45769,140874,270264,1,0,0,0,0.168594
448579,9,1,175805,46088,40744,129717,238529,0,0,0,0,0.0819301
448580,9,1,158923,41602,36248,117321,214173,0,0,0,0,0.0735145
448581,9,2,161897,43057,37679,118828,226283,1,0,0,0,0.172064
448584,9,2,179700,48652,42644,131035,256490,1,0,0,0,0.15244
448589,9,2,176452,47509,41557,128930,250311,1,0,0,0,0.170399
448590,9,1,158823,41579,36225,117244,214028,0,0,0,0,0.0884141
448591,9,2,166730,44758,39321,121960,235507,1,0,0,0,0.157204
448594,9,2,174164,47604,41826,126547,251689,1,0,0,0,0.179974
448599,9,2,169406,45842,40228,123551,241741,1,0,0,0,0.180246
448600,9,2,167183,45400,39781,121770,239609,1,0,0,0,0.229733
448601,9,2,169339,45984,40338,123342,242482,1,0,0,0,0.172805
448604,9,2,291796,80596,70784,211188,422988,1,0,0,0,0.175471
448609,9,2,299390,82611,72578,216767,434017,1,0,0,0,0.187937
448630,9,1,136096,34918,29268,101178,179891,0,0,0,0,0.0720548
448631,9,1,151084,39167,33514,111917,201343,0,0,0,0,0.0541992
448634,9,2,206005,54640,47824,151352,282791,1,0,0,0,0.143031
448639,9,1,164765,43418,37469,121347,224414,0,0,0,0,0.0843891
448640,9,1,170073,45730,39208,124343,239707,0,0,0,0,0.0647367
448641,9,2,192359,52390,45249,139957,276592,1,0,0,0,0.160502
448644,9,2,272574,74290,65358,198272,390824,1,0,0,0,0.162015
448649,9,1,184473,49437,42398,135036,257358,0,0,0,0,0.0618993
448650,9,1,169971,45698,39124,124273,239574,0,0,0,0,0.0589412
448651,9,2,207954,57443,50462,150499,303471,1,0,0,0,0.172729
448654,9,2,264756,72801,64397,191943,384541,1,0,0,0,0.351877
448659,9,1,190127,50910,43956,139217,265388,0,0,0,0,0.0658605
448660,9,2,201112,55399,48239,145700,293009,1,0,0,0,0.158056
448661,9,2,206940,56922,49682,150005,300285,1,0,0,0,0.167077
448664,9,1,171823,45257,39757,126566,235974,0,0,0,0,0.0621277
448669,9,1,181773,48032,41570,133741,249194,0,0,0,0,0.0641743
448690,9,1,163517,43953,37663,119564,230806,0,0,0,0,0.0700692
448691,9,2,190613,52100,44993,138501,275963,1,0,0,0,0.184796
448694,9,2,181665,48934,42858,132718,257683,1,0,0,0,0.15124
448699,9,2,184326,49580,43184,134733,260924,1,0,0,0,0.191334
448700,9,1,163662,44021,37730,119641,231184,0,0,0,0,0.0615971
448701,9,2,204638,56467,49255,148159,298946,1,0,0,0,0.147363
448704,9,2,176288,47769,42046,128506,252226,1,0,0,0,0.143768
448709,9,2,179510,48432,42231,131065,255633,1,0,0,0,0.141979
448710,9,2,198284,54558,47128,143713,289329,1,0,0,0,0.151628
448711,9,2,204931,56247,48913,148671,297093,1,0,0,0,0.14331
448714,9,1,183408,49967,44140,133441,263387,0,0,0,0,0.0680539
448719,9,1,196588,53253,46223,143335,278165,0,0,0,0,0.0952695
448740,9,1,126275,32895,27543,93380,171228,0,0,0,0,0.0840448
448741,9,1,164515,42944,37326,121571,223801,0,0,0,0,0.0679931
448744,9,1,182831,49110,43115,133721,258150,0,0,0,0,0.0620455
448749,9,1,149901,38967,32984,110934,200954,0,0,0,0,0.0577874
448750,9,1,144797,37609,31922,107188,194579,0,0,0,0,0.05617
448751,9,1,170261,44372,38172,125889,230253,0,0,0,0,0.0554277
448754,9,1,190380,51188,44717,139192,267691,0,0,0,0,0.0823739
448759,9,1,151262,38678,33054,112584,198156,0,0,0,0,0.065385
448780,9,2,196948,53118,46450,143817,278756,1,0,0,0,0.159936
448781,9,2,278696,75440,65188,203244,397300,1,0,0,0,0.177312
448784,9,2,173655,46621,40718,127021,245674,1,0,0,0,0.146836
448789,9,1,161777,40931,35108,120846,207135,0,0,0,0,0.0794085
448830,9,1,155251,41194,35515,114057,214976,0,0,0,0,0.0856611
448831,9,2,164302,43167,37489,121124,225604,1,0,0,0,0.134778
448832,9,2,166224,43886,38303,122327,230258,1,0,0,0,0.139152
448833,9,2,164446,43234,37664,121200,226721,1,0,0,0,0.159609
448834,9,2,171365,45008,39284,126346,235076,1,0,0,0,0.15176
448835,9,2,170685,45185,39595,125488,237172,1,0,0,0,0.174357
448836,9,2,170750,45211,39587,125527,237586,1,0,0,0,0.150948
448837,9,1,144977,37595,31893,107382,194401,0,0,0,0,0.066241
448838,9,1,147972,38175,32497,109797,196953,0,0,0,0,0.0582724
448839,9,1,156856,39966,34294,116890,203623,0,0,0,0,0.062682
449122,18,1,183412,49554,43117,133858,259758,0,0,0,0,0.092257
449125,18,1,192128,51640,45071,140488,269381,0,0,0,0,0.0887139
449128,18,1,185050,48911,42423,136139,251388,0,0,0,0,0.079487
449132,18,1,183506,49559,43132,133947,259730,0,0,0,0,0.0856561
449135,18,1,192396,51714,45162,140682,269780,0,0,0,0,0.0847994
449138,18,1,185042,48893,42450,136149,251257,0,0,0,0,0.0648722
449142,18,1,160863,42174,36544,118689,218080,0,0,0,0,0.0599447
449145,18,2,273595,75294,66139,198289,398701,1,0,0,0,0.170334
449148,18,2,266111,72773,64056,193326,384541,1,0,0,0,0.165115
449152,18,1,177128,46468,40661,130660,239016,0,0,0,0,0.0567253
449155,18,2,274396,75817,66534,198567,400897,1,0,0,0,0.154126
449158,18,2,268290,73901,64871,194377,390854,1,0,0,0,0.151476
449162,18,1,167234,43713,38439,123521,224912,0,0,0,0,0.0600671
449165,18,2,224308,62581,55243,161714,332424,1,0,0,0,0.148551
449168,18,2,216481,60368,53458,156100,321067,1,0,0,0,0.140348
449170,18,1,158568,40672,35837,117896,208426,0,0,0,0,0.0559273
449171,18,1,158799,40707,35860,118092,208509,0,0,0,0,0.0549518
449172,18,1,154895,40063,35280,114832,206338,0,0,0,0,0.0578903
449173,18,1,181705,48576,43380,133129,252955,0,0,0,0,0.0792344
449174,18,1,199058,52902,45951,146156,273540,0,0,0,0,0.0613677
449175,18,1,199536,53863,47493,145673,282117,0,0,0,0,0.0636748
449176,18,1,203572,54929,48163,148643,287648,0,0,0,0,0.0634799
449177,18,1,197460,53018,46493,144442,277389,0,0,0,0,0.062397
449178,18,1,207075,56100,49385,150975,294300,0,0,0,0,0.0726517
449179,18,1,201635,54216,47373,147419,281847,0,0,0,0,0.0780294
449192,18,1,181661,49188,42394,132473,257170,0,0,0,0,0.0704428
449195,18,1,192301,51765,44909,140536,269070,0,0,0,0,0.0790514
449198,18,1,180143,47514,41176,132629,243679,0,0,0,0,0.0740402
449202,18,2,261399,71909,63005,189478,381372,1,0,0,0,0.179295
449205,18,1,212115,57144,49604,154971,298096,0,0,0,0,0.0647717
449208,18,2,182838,49368,43102,133457,259719,1,0,0,0,0.136267
449212,18,2,275613,76224,67167,199377,403737,1,0,0,0,0.171942
449215,18,1,202143,54538,47029,147605,285750,0,0,0,0,0.0627826
449218,18,2,178127,48108,42085,130006,253161,1,0,0,0,0.151446
449222,18,2,267621,73480,64516,194129,387859,1,0,0,0,0.17302
449225,18,1,211615,57826,50223,153789,305001,0,0,0,0,0.0602388
449228,18,1,212590,57949,50433,154641,305377,0,0,0,0,0.0589135
449230,18,1,184961,49994,43587,134967,262364,0,0,0,0,0.0555102
449231,18,1,190811,50790,44267,140021,263909,0,0,0,0,0.0568908
449232,18,1,179892,47605,41419,132287,246562,0,0,0,0,0.0523852
449233,18,1,204407,56308,49829,148099,297101,0,0,0,0,0.0782536
449234,18,1,186368,49698,42316,136670,259752,0,0,0,0,0.059899
449235,18,1,194079,51885,45095,142194,270731,0,0,0,0,0.0568952
449236,18,1,198513,53019,46017,145494,276398,0,0,0,0,0.0569622
449237,18,1,199481,53376,46674,146105,278517,0,0,0,0,0.0565353
449238,18,1,208109,55970,49095,152139,292130,0,0,0,0,0.0609107
449239,18,2,206879,57164,50190,149702,303052,1,0,0,0,0.135924
449252,18,2,255206,70418,61435,184776,374668,1,0,0,0,0.157086
449255,18,1,220735,60084,52148,160651,313935,0,0,0,0,0.0616477
449258,18,2,182535,49404,43011,133118,260527,1,0,0,0,0.128873
449262,18,2,269480,74748,65535,194720,397241,1,0,0,0,0.174679
449265,18,1,209536,57186,49523,152350,300433,0,0,0,0,0.0779832
449268,18,2,177339,47900,41961,129426,252563,1,0,0,0,0.134501
449272,18,2,262708,72582,63330,190114,384654,1,0,0,0,0.165252
449275,18,1,219622,60882,53079,158740,322724,0,0,0,0,0.0632248
449278,18,1,222415,61518,53929,160897,325631,0,0,0,0,0.0635513
449280,18,1,177274,47794,41466,129480,251286,0,0,0,0,0.0538093
449281,18,1,183300,48674,42361,134626,253232,0,0,0,0,0.0568474
449282,18,1,173443,45964,40007,127479,238682,0,0,0,0,0.0534556
449284,18,1,193860,52764,45433,141096,277125,0,0,0,0,0.0623796
449285,18,1,203569,55602,48543,147967,292017,0,0,0,0,0.0609674
449286,18,1,208711,57275,49820,151436,301109,0,0,0,0,0.0605347
449287,18,1,211025,57594,50604,153431,302034,0,0,0,0,0.0600992
449288,18,1,222346,61378,54062,160968,322888,0,0,0,0,0.0648387
449289,18,2,209280,58383,51486,150884,311086,1,0,0,0,0.14292
449293,18,1,198749,54660,48277,144089,288787,0,0,0,0,0.0807602
449302,18,1,176379,46649,40256,129730,243130,0,0,0,0,0.0575911
449305,18,1,187251,50558,43834,136693,264764,0,0,0,0,0.0568843
449308,18,1,164360,43218,37103,121142,226114,0,0,0,0,0.0590599
449312,18,1,183785,48906,42503,134879,255679,0,0,0,0,0.0552797
449315,18,1,200444,54334,47585,146110,285183,0,0,0,0,0.0659211
449318,18,1,164938,43409,37672,121529,226934,0,0,0,0,0.0605413
449320,18,1,178138,48560,41785,129578,255837,0,0,0,0,0.0811278
449321,18,1,188776,50751,43636,138025,265931,0,0,0,0,0.0614754
449322,18,2,175403,47520,41569,127870,250889,1,0,0,0,0.129426
449324,18,1,204819,55835,48429,148984,293229,0,0,0,0,0.0587044
449325,18,2,182422,49533,43534,132876,261810,1,0,0,0,0.131863
449328,18,1,193513,51443,44816,142070,267215,0,0,0,0,0.0628163
449329,18,1,181362,48002,41585,133360,251000,0,0,0,0,0.0691333
449333,18,1,198597,54016,46765,144581,284322,0,0,0,0,0.0795531
449336,18,1,215610,59773,52275,155837,315894,0,0,0,0,0.0663718
449337,18,1,182191,48525,42490,133666,254363,0,0,0,0,0.0755859
449342,18,1,186214,49422,43082,136792,257992,0,0,0,0,0.0553576
449345,18,1,210918,57258,49967,153660,300220,0,0,0,0,0.0612524
449348,18,1,171683,45044,39335,126639,234641,0,0,0,0,0.0564836
449350,18,1,183446,49547,43143,133899,259424,0,0,0,0,0.0669298
449351,18,1,194477,51920,44764,142557,270387,0,0,0,0,0.0569233
449354,18,1,213143,57701,49959,155442,300988,0,0,0,0,0.0607097
449359,18,1,192430,50735,43964,141695,262605,0,0,0,0,0.0551552
449362,18,2,161786,42756,37178,119018,224708,1,0,0,0,0.133609
449363,18,2,253504,69615,60300,183876,369729,1,0,0,0,0.154285
449365,18,2,169742,45190,39391,124540,238186,1,0,0,0,0.131613
449366,18,2,269501,74757,65085,194731,397725,1,0,0,0,0.153063
449367,18,1,179945,47986,41774,131959,251774,0,0,0,0,0.0619265
449368,18,1,190171,51131,44206,139040,267290,0,0,0,0,0.0601032
449380,18,1,174223,46448,39984,127775,240905,0,0,0,0,0.0690382
449381,18,2,200928,54921,47717,145994,290354,1,0,0,0,0.170346
449382,18,1,191902,51143,44197,140759,267292,0,0,0,0,0.0821829
449383,18,1,189251,50464,43322,138787,263849,0,0,0,0,0.0629538
449384,18,2,209430,57665,50152,151752,305298,1,0,0,0,0.147993
449385,18,1,208444,56714,49173,151730,297801,0,0,0,0,0.064829
449386,18,1,205424,55439,47721,149985,290478,0,0,0,0,0.0658302
449387,18,1,168794,44641,38403,124153,233775,0,0,0,0,0.0611254
449388,18,1,175447,46178,39850,129269,240627,0,0,0,0,0.0555571
449389,18,1,185364,48582,42061,136782,250534,0,0,0,0,0.0549671
450260,6,1,206994,56941,49921,150053,302644,0,0,0,0,0.0820933
450261,18,1,172143,46973,40662,125170,249341,0,0,0,0,0.058802
450264,18,2,277384,78623,69809,198748,423102,1,0,0,0,0.14508
450269,18,2,263558,74934,66481,188611,403482,1,0,0,0,0.173313
450270,6,1,206828,56894,49898,149934,302348,0,0,0,0,0.0799016
450271,18,1,193541,53205,46665,140336,282484,0,0,0,0,0.0572665
450274,18,1,222311,62753,54793,159558,336061,0,0,0,0,0.0816932
450279,18,1,228343,64659,56123,163684,346374,0,0,0,0,0.0643095
450280,18,1,192163,52813,45678,139350,280754,0,0,0,0,0.0638405
450281,18,1,193347,51923,45298,141424,270134,0,0,0,0,0.0589541
450284,18,1,209760,58146,51018,151614,309085,0,0,0,0,0.0625845
450289,18,1,210461,58198,50955,152263,309609,0,0,0,0,0.0741921
450302,36,1,194393,53008,46154,141385,281534,0,0,0,0,0.0595782
450305,36,1,226055,63368,55140,162687,339176,0,0,0,0,0.0668935
450308,36,1,224143,62188,54135,161955,331800,0,0,0,0,0.0631578
450320,6,1,229410,64327,57237,165083,343997,0,0,0,0,0.120102
450321,18,1,198567,54513,47322,144054,290097,0,0,0,0,0.0827738
450324,18,1,234883,65472,57329,169411,348416,0,0,0,0,0.0686571
450329,18,1,219247,60666,52869,158581,322587,0,0,0,0,0.0618211
450330,6,1,229512,64361,57267,165151,344196,0,0,0,0,0.114503
450331,18,1,213722,58447,51173,155275,309532,0,0,0,0,0.0750396
450334,18,1,212407,58060,50846,154347,307540,0,0,0,0,0.0631742
450339,18,1,214724,58790,51534,155934,311900,0,0,0,0,0.0636236
450340,18,1,197386,54776,47585,142610,292312,0,0,0,0,0.0595552
450341,18,2,271252,75648,66749,195591,405371,1,0,0,0,0.133986
450344,18,1,201164,55157,48303,146007,292795,0,0,0,0,0.0621077
450349,18,2,321968,90101,79569,231854,482201,1,0,0,0,0.147611
450362,36,1,199563,54153,47588,145410,287117,0,0,0,0,0.0557702
450365,36,1,219892,60743,53113,159149,323089,0,0,0,0,0.0642223
450368,36,1,228416,62977,55343,165439,335160,0,0,0,0,0.0603074
450370,6,1,207586,57348,50705,150238,306092,0,0,0,0,0.0889176
450371,18,1,182577,49565,42899,133012,263801,0,0,0,0,0.0673298
450374,18,1,219566,60677,52994,158889,322221,0,0,0,0,0.0596968
450379,18,1,201530,55099,47763,146431,291814,0,0,0,0,0.0592499
450380,6,1,207707,57365,50704,150342,306157,0,0,0,0,0.0865051
450381,18,1,201137,55056,48194,146081,292752,0,0,0,0,0.0618354
450384,18,1,208534,56585,49514,151949,299985,0,0,0,0,0.0600877
450389,18,1,209210,56804,49590,152406,300349,0,0,0,0,0.0578184
450390,18,1,179689,49398,42619,130291,263944,0,0,0,0,0.0561335
450391,18,1,194755,52907,46087,141848,280205,0,0,0,0,0.0547304
450394,18,1,199054,54310,47243,144744,288073,0,0,0,0,0.0601966
450399,18,2,318105,88789,78575,229303,474708,1,0,0,0,0.141525
450412,36,1,185792,50208,43788,135584,267021,0,0,0,0,0.069503
450415,36,1,216537,59736,52283,156801,317811,0,0,0,0,0.0759829
450418,36,1,224719,61627,53953,163092,327749,0,0,0,0,0.0669687
450420,6,1,171933,46703,40620,125230,248067,0,0,0,0,0.105419
450421,18,1,203850,57092,50021,146758,304362,0,0,0,0,0.100527
450424,18,1,220861,61988,54560,158873,329077,0,0,0,0,0.0776713
450429,18,1,169734,45372,39497,124362,239996,0,0,0,0,0.0799831
450430,18,1,165430,45300,38737,120130,241402,0,0,0,0,0.0710786
450431,18,1,201543,55270,48082,146273,293918,0,0,0,0,0.0710384
450434,18,1,220276,60861,52995,159415,323531,0,0,0,0,0.0873814
450439,18,1,181044,48453,42303,132591,254582,0,0,0,0,0.0545372
450452,36,1,215662,60429,53087,155233,323477,0,0,0,0,0.0597412
450455,36,1,228425,64220,56355,164205,343014,0,0,0,0,0.0643467
450458,36,1,183613,49958,43510,133655,265463,0,0,0,0,0.0540594
450460,18,1,173964,47000,40754,126964,248233,0,0,0,0,0.0610292
450461,18,1,196096,53455,46363,142641,282352,0,0,0,0,0.0560464
450464,18,2,279366,78313,69315,201040,417568,1,0,0,0,0.161592
450469,18,1,184005,48717,42636,135288,253317,0,0,0,0,0.0509301
450482,36,1,206511,56932,49834,149579,303171,0,0,0,0,0.0611855
450485,36,1,219265,60725,53390,158540,323224,0,0,0,0,0.0576865
450488,36,1,182850,49338,42828,133512,261328,0,0,0,0,0.0531485
450510,18,1,159471,42635,37186,116836,225100,0,0,0,0,0.0627644
450511,18,2,280264,77803,68652,202448,414450,1,0,0,0,0.176342
450512,18,1,199005,53999,47079,145006,285934,0,0,0,0,0.0741978
450513,18,1,193209,52214,45325,140995,276446,0,0,0,0,0.061402
450514,18,2,293401,82105,72416,211283,436946,1,0,0,0,0.157301
450515,18,1,216075,59668,51991,156407,316817,0,0,0,0,0.0715534
450516,18,1,208056,56850,49573,151206,300918,0,0,0,0,0.0597964
450517,18,1,168118,44960,39456,123158,238298,0,0,0,0,0.0611499
450518,18,1,191827,51130,44892,140697,268487,0,0,0,0,0.0602497
450519,18,1,193888,51615,44919,142273,269550,0,0,0,0,0.0690162
450550,6,1,206684,56850,49870,149834,302091,0,0,0,0,0.117036
450551,18,1,221924,61614,54388,160310,325729,0,0,0,0,0.0655424
450554,18,1,245825,70126,61718,175699,375284,0,0,0,0,0.0895001
450559,18,1,245558,69635,60753,175923,371695,0,0,0,0,0.0876959
450560,18,1,192165,52800,45646,139365,280680,0,0,0,0,0.0869877
450561,18,2,261283,72893,64412,188378,389636,1,0,0,0,0.152655
450564,18,2,269004,75990,66630,193002,409147,1,0,0,0,0.171953
450569,18,2,261544,72709,64197,188823,389883,1,0,0,0,0.175091
450582,36,1,213696,58839,51767,154857,312599,0,0,0,0,0.0959733
450585,36,1,240150,67659,58995,172491,361477,0,0,0,0,0.0722734
450588,36,1,236997,65842,57424,171155,349995,0,0,0,0,0.0853109
450610,6,1,229175,64263,57163,164912,343685,0,0,0,0,0.12415
450611,18,1,225922,61953,54369,163969,326319,0,0,0,0,0.0858941
450614,18,1,209824,57438,50202,152386,304762,0,0,0,0,0.0880597
450619,18,1,210220,57328,50218,152892,303969,0,0,0,0,0.0844573
450620,18,1,197169,54701,47537,142468,291861,0,0,0,0,0.0771188
450621,18,2,284420,79813,70480,204594,428159,1,0,0,0,0.163645
450624,18,1,199082,54647,47959,144435,290288,0,0,0,0,0.06515
450629,18,2,316085,88175,77613,227897,471569,1,0,0,0,0.181797
450642,36,1,211997,57562,50403,154435,304322,0,0,0,0,0.0633041
450645,36,1,216314,59611,52147,156703,317320,0,0,0,0,0.0687503
450648,36,1,224896,62222,54830,162674,331752,0,0,0,0,0.067838
450660,6,1,207576,57316,50682,150260,305881,0,0,0,0,0.122623
450661,18,1,220971,61094,53610,159877,324733,0,0,0,0,0.086924
450664,18,1,207230,56374,49213,150856,299091,0,0,0,0,0.0804846
450669,18,1,212877,58253,51067,154624,308886,0,0,0,0,0.0884627
450670,18,1,179603,49365,42605,130238,263755,0,0,0,0,0.0810523
450671,18,1,206166,56090,48978,150076,296558,0,0,0,0,0.0763952
450674,18,1,196773,53465,46544,143308,283362,0,0,0,0,0.0897475
450679,18,2,317133,88876,78453,228244,475895,1,0,0,0,0.200393
450692,36,1,202373,55092,48219,147281,293204,0,0,0,0,0.0611809
450695,36,1,213200,58590,51374,154610,311575,0,0,0,0,0.0617204
450698,36,1,229558,63545,55920,166013,339467,0,0,0,0,0.0817078
450700,6,1,172272,46801,40676,125471,248608,0,0,0,0,0.133967
450701,18,1,204755,57466,50592,147289,306354,0,0,0,0,0.0879463
450704,18,1,217857,61015,53812,156842,323793,0,0,0,0,0.0932438
450709,18,1,172044,46064,40332,125980,243676,0,0,0,0,0.0935416
450710,18,1,165451,45307,38727,120144,241464,0,0,0,0,0.0957067
450711,18,1,203565,56018,48878,147547,298040,0,0,0,0,0.0861454
450714,18,1,219345,60462,52771,158883,321129,0,0,0,0,0.0922228
450719,18,1,183157,48973,43028,134184,257533,0,0,0,0,0.0828032
450732,36,1,217579,60807,53279,156772,325219,0,0,0,0,0.0744221
450735,36,1,227823,63882,56250,163941,340907,0,0,0,0,0.0711259
450738,36,1,186618,51028,44761,135590,271820,0,0,0,0,0.0630384
450740,18,1,174039,46997,40764,127042,248180,0,0,0,0,0.0664311
450741,18,1,196010,53433,46349,142577,282259,0,0,0,0,0.0840309
450744,18,2,279374,78306,69299,201055,417532,1,0,0,0,0.152667
450749,18,1,184070,48732,42639,135338,253396,0,0,0,0,0.0584313
450762,36,1,202311,55724,48757,146587,296745,0,0,0,0,0.0683377
450765,36,1,215726,59509,52280,156217,316385,0,0,0,0,0.0692309
450768,36,1,178876,48075,41695,130801,254434,0,0,0,0,0.0555188
450790,18,1,159534,42653,37206,116881,225207,0,0,0,0,0.060963
450791,18,2,280309,77819,68671,202477,414546,1,0,0,0,0.142873
450792,18,1,192240,52221,45476,140019,277136,0,0,0,0,0.0566338
450793,18,1,188166,50757,44040,137409,268698,0,0,0,0,0.056707
450794,18,2,293306,82083,72400,211210,436839,1,0,0,0,0.16769
450795,18,1,208801,57284,49857,151517,304190,0,0,0,0,0.0686688
450796,18,1,204003,55295,48123,148708,292289,0,0,0,0,0.0582826
450797,18,1,158676,42162,36966,116514,223283,0,0,0,0,0.0557003
450798,18,1,182051,48546,42254,133505,255627,0,0,0,0,0.0760569
450799,18,1,193734,51560,44884,142174,269239,0,0,0,0,0.0769403
450840,18,1,209153,56922,49557,152231,297995,0,0,0,0,0.0796726
450841,18,1,209604,57022,49679,152582,298468,0,0,0,0,0.0573426
450844,18,2,249031,70820,62322,178198,380850,1,0,0,0,0.197494
450849,18,2,238274,66328,58482,171933,354822,1,0,0,0,0.267345
450862,36,1,210011,57852,50259,152159,305983,0,0,0,0,0.0949645
450865,36,1,246257,69629,60606,176628,372958,0,0,0,0,0.0647542
450868,36,1,247041,69987,61097,177054,375258,0,0,0,0,0.0652748
450900,18,1,214512,59456,52037,155056,316020,0,0,0,0,0.0732932
450901,18,2,341293,96844,85329,244436,519438,1,0,0,0,0.156574
450904,18,1,201241,55495,48419,145746,295455,0,0,0,0,0.0660467
450909,18,2,313388,87962,76898,225413,470661,1,0,0,0,0.185588
450922,36,1,212449,58411,50731,154038,308733,0,0,0,0,0.0820546
450925,36,1,227318,63096,55135,164222,337162,0,0,0,0,0.0647089
450928,36,1,232469,64711,56732,167758,345850,0,0,0,0,0.0621294
450950,18,1,203944,56347,49344,147597,300359,0,0,0,0,0.0587756
450951,18,2,332062,93877,82464,238172,504147,1,0,0,0,0.160915
450954,18,1,196688,54171,46873,142517,289076,0,0,0,0,0.0636119
450959,18,2,316440,88795,78386,227632,474828,1,0,0,0,0.143197
450972,36,1,202803,55386,47920,147417,293631,0,0,0,0,0.0578273
450975,36,1,221620,61134,53413,160486,326299,0,0,0,0,0.0586004
450978,36,1,228138,63159,55409,164979,337387,0,0,0,0,0.0605619
450990,18,1,197857,55191,47587,142666,294212,0,0,0,0,0.0738209
450991,18,1,206711,56708,49268,150003,301428,0,0,0,0,0.0577137
450994,18,1,219446,60371,52768,159075,320479,0,0,0,0,0.0598898
450999,18,1,181044,48134,41749,132910,253406,0,0,0,0,0.0532909
451012,36,1,221200,61970,54151,159230,332893,0,0,0,0,0.061256
451015,36,1,234871,65625,57502,169246,351066,0,0,0,0,0.0641715
451018,36,1,196434,53121,46374,143313,283208,0,0,0,0,0.0622554
451020,18,1,201695,56097,48606,145598,297979,0,0,0,0,0.0718275
451021,18,1,210711,57858,50221,152853,306264,0,0,0,0,0.0875563
451024,18,1,225829,62160,54298,163669,328435,0,0,0,0,0.065731
451029,18,1,191751,50771,44164,140980,264864,0,0,0,0,0.0579231
451042,36,1,215382,59720,52464,155662,319280,0,0,0,0,0.0578394
451045,36,1,235201,65653,57739,169548,350807,0,0,0,0,0.0620503
451048,36,1,191867,51797,45207,140070,275675,0,0,0,0,0.0596004
451070,18,1,155281,41166,35640,114115,217249,0,0,0,0,0.0612817
451071,18,1,191676,52315,45462,139361,277353,0,0,0,0,0.0586522
451072,18,1,190402,51948,45436,138454,275925,0,0,0,0,0.0702655
451073,18,2,229161,63237,55480,165913,337375,1,0,0,0,0.140128
451074,18,1,209173,57908,50382,151265,307480,0,0,0,0,0.0699871
451075,18,1,209992,58028,50701,151964,308625,0,0,0,0,0.0650516
451076,18,2,195882,53448,47094,142422,284330,1,0,0,0,0.136754
451077,18,1,154843,41478,36345,113365,220543,0,0,0,0,0.0605429
451078,18,1,176334,47442,41132,128892,251208,0,0,0,0,0.0753063
451079,18,1,189988,50899,44289,139089,267155,0,0,0,0,0.0751594
451350,18,1,179651,49139,43274,130512,260922,0,0,0,0,0.0913799
451351,18,2,309293,86964,76554,222316,465472,1,0,0,0,0.193609
451352,18,1,203602,56688,49798,146914,301464,0,0,0,0,0.075776
451353,18,2,205411,56413,49634,148985,300687,1,0,0,0,0.143058
451354,18,2,319353,90132,79513,229208,481941,1,0,0,0,0.203858
451355,18,1,220098,61828,54814,158270,328684,0,0,0,0,0.0703007
451356,18,2,209471,57487,50630,151971,306369,1,0,0,0,0.130129
451357,18,1,160278,42456,36548,117822,224277,0,0,0,0,0.0596512
451358,18,1,166794,44207,38523,122587,232348,0,0,0,0,0.0781201
451359,18,1,179531,47783,41685,131748,249751,0,0,0,0,0.0768335
451420,36,1,192288,52163,45460,140125,274891,0,0,0,0,0.0555351
451421,36,1,192456,52199,45508,140257,275019,0,0,0,0,0.0541574
451422,36,1,187177,50770,43876,136407,268915,0,0,0,0,0.0581477
451423,36,1,216767,60614,53627,156153,323428,0,0,0,0,0.0862832
451424,36,1,227790,63516,54893,164274,335844,0,0,0,0,0.0637828
451425,36,1,221068,62272,54155,158796,333412,0,0,0,0,0.0610652
451426,36,1,220034,61780,53917,158254,330525,0,0,0,0,0.0650947
451427,36,1,218387,61136,53122,157251,327005,0,0,0,0,0.0844847
451428,36,1,218512,61074,53477,157438,326553,0,0,0,0,0.0677728
451429,36,1,220194,61128,52994,159066,323956,0,0,0,0,0.0678122
451480,36,1,210981,58432,51189,152549,310990,0,0,0,0,0.0748559
451481,36,1,219939,60893,53248,159046,322769,0,0,0,0,0.0629705
451482,36,1,222966,62178,54435,160788,330885,0,0,0,0,0.090032
451483,36,1,234150,66526,59371,167624,356840,0,0,0,0,0.079876
451484,36,1,203892,55929,48904,147963,297714,0,0,0,0,0.0735373
451485,36,1,210164,57674,50550,152490,307123,0,0,0,0,0.0865837
451486,36,1,216155,59785,51860,156370,318663,0,0,0,0,0.0858676
451487,36,1,218736,59980,52762,158756,319123,0,0,0,0,0.0897109
451488,36,1,220484,61148,53358,159336,326200,0,0,0,0,0.0725241
451489,36,1,225862,62812,54295,163050,334678,0,0,0,0,0.0615578
451530,36,1,195866,53912,46852,141954,287545,0,0,0,0,0.0584032
451531,36,1,203795,55961,48793,147834,297071,0,0,0,0,0.0573723
451532,36,1,204162,56359,48871,147803,300242,0,0,0,0,0.0628173
451533,36,1,215160,60565,53493,154595,324922,0,0,0,0,0.0872333
451534,36,1,193905,52979,46031,140926,281310,0,0,0,0,0.059208
451535,36,1,205115,56342,49031,148773,300088,0,0,0,0,0.0595123
451536,36,1,213252,58902,51403,154350,313968,0,0,0,0,0.0654587
451537,36,1,217960,59982,52250,157978,319770,0,0,0,0,0.0809124
451538,36,1,223229,62064,54594,161165,331530,0,0,0,0,0.0597424
451539,36,1,236913,66022,57424,170891,351766,0,0,0,0,0.062503
451570,36,1,176605,48922,42249,127683,261534,0,0,0,0,0.0901061
451571,36,1,203156,56280,49231,146876,299716,0,0,0,0,0.0621541
451572,36,1,220290,61510,53608,158780,328894,0,0,0,0,0.0893334
451573,36,1,212583,58875,51339,153708,314616,0,0,0,0,0.0834247
451574,36,1,216197,60112,52591,156085,319959,0,0,0,0,0.0627803
451575,36,1,233560,65488,56972,168072,349877,0,0,0,0,0.0720582
451576,36,1,223253,62279,54765,160974,332422,0,0,0,0,0.0893364
451577,36,1,193302,52593,45740,140709,280093,0,0,0,0,0.0822851
451578,36,1,193643,52017,45372,141626,274285,0,0,0,0,0.063193
451579,36,1,193531,52321,45274,141210,276681,0,0,0,0,0.0801908
451600,36,1,186594,52089,45079,134505,278181,0,0,0,0,0.0798783
451601,36,1,208628,57864,50593,150764,307165,0,0,0,0,0.0666993
451602,36,1,219150,61086,53192,158064,326333,0,0,0,0,0.0704761
451603,36,1,206496,56686,49490,149810,301882,0,0,0,0,0.058626
451604,36,1,222252,61628,53885,160624,326202,0,0,0,0,0.0634364
451605,36,1,236881,66583,58047,170298,355663,0,0,0,0,0.0824105
451606,36,1,226397,63094,55269,163303,336605,0,0,0,0,0.0618228
451607,36,1,184224,50045,43399,134179,266383,0,0,0,0,0.0547638
451608,36,1,188184,50275,44016,137909,264484,0,0,0,0,0.0609903
451609,36,1,205925,55570,48240,150355,291592,0,0,0,0,0.0764485
451620,36,1,181187,50208,43361,130979,266923,0,0,0,0,0.0694683
451621,36,1,200778,55420,48136,145358,294438,0,0,0,0,0.079584
451622,36,1,203123,56318,49053,146805,299906,0,0,0,0,0.0779254
451623,36,1,195628,53191,46260,142437,281572,0,0,0,0,0.0549533
451624,36,1,221518,61913,53853,159605,329441,0,0,0,0,0.0607619
451625,36,1,222018,61980,54171,160038,330155,0,0,0,0,0.059879
451626,36,1,216618,59537,52083,157081,315574,0,0,0,0,0.0599146
451627,36,1,171223,46324,39842,124899,246238,0,0,0,0,0.0735956
451628,36,1,180555,48214,41874,132341,253838,0,0,0,0,0.0775726
451629,36,1,190965,51176,44588,139789,267871,0,0,0,0,0.0800063
452500,6,1,206281,56758,49770,149523,301207,0,0,0,0,0.0788772
452501,18,1,170679,46407,40283,124272,245774,0,0,0,0,0.0570561
452504,18,2,266651,75986,68053,190652,409346,1,0,0,0,0.146996
452509,18,2,265997,76242,67984,189742,411428,1,0,0,0,0.142476
452510,6,1,206120,56715,49747,149405,300947,0,0,0,0,0.0840282
452511,18,1,191011,52842,46441,138169,281227,0,0,0,0,0.0723774
452514,18,1,220693,62159,54404,158534,332822,0,0,0,0,0.0872059
452519,18,1,223100,62546,54740,160554,334427,0,0,0,0,0.0898913
452520,18,1,188834,52018,44762,136816,276858,0,0,0,0,0.0549314
452521,18,1,189630,50782,44156,138848,264648,0,0,0,0,0.0536021
452524,18,1,208990,57732,50444,151258,306793,0,0,0,0,0.0559485
452529,18,1,215790,59707,52512,156083,316951,0,0,0,0,0.0561122
452542,36,1,191473,52475,45764,138998,278983,0,0,0,0,0.0739748
452545,36,1,223773,62804,54689,160969,336042,0,0,0,0,0.0695831
452548,36,1,220692,61402,53841,159290,327728,0,0,0,0,0.0563063
452560,6,1,223326,61983,54761,161343,330710,0,0,0,0,0.0798582
452561,18,1,195745,53801,46315,141944,286531,0,0,0,0,0.0584209
452564,18,2,263261,73921,64872,189327,396378,1,0,0,0,0.130094
452569,18,2,223162,61965,54849,161184,330832,1,0,0,0,0.11888
452570,6,1,223441,62017,54800,161424,330912,0,0,0,0,0.0766424
452571,18,2,309067,87059,76346,221995,468485,1,0,0,0,0.137357
452574,18,2,309124,86810,76223,222301,466545,1,0,0,0,0.142266
452579,18,1,213512,58455,51384,155057,309616,0,0,0,0,0.0559246
452580,18,1,202115,56213,48508,145902,300605,0,0,0,0,0.0580052
452581,18,2,220589,61411,53844,159165,329536,1,0,0,0,0.118772
452584,18,2,191764,52156,45918,139595,277527,1,0,0,0,0.117648
452589,18,1,214689,58563,51015,156126,308983,0,0,0,0,0.0572521
452602,36,1,201937,55640,48639,146297,296708,0,0,0,0,0.0542416
452605,36,1,222905,61967,53948,160938,330883,0,0,0,0,0.0603087
452608,36,1,220374,60903,53354,159471,324061,0,0,0,0,0.0612937
452610,6,1,211498,57893,51124,153605,307470,0,0,0,0,0.0797446
452611,18,1,183195,49412,42760,133783,261545,0,0,0,0,0.0527496
452614,18,2,263432,73655,64686,189764,394161,1,0,0,0,0.193591
452619,18,2,290760,80472,70852,210276,428724,1,0,0,0,0.157678
452620,6,1,212284,58105,51288,154179,308542,0,0,0,0,0.0822718
452621,18,2,306586,85976,75262,220597,462244,1,0,0,0,0.153025
452624,18,2,313642,87894,77088,225735,471868,1,0,0,0,0.197212
452629,18,2,341028,95577,83966,245438,511888,1,0,0,0,0.162946
452630,18,1,189034,51747,44745,137287,275605,0,0,0,0,0.055203
452631,18,2,219750,60632,53117,159105,324529,1,0,0,0,0.120598
452634,18,2,199764,54825,48301,144926,292373,1,0,0,0,0.121422
452639,18,1,206195,55939,49066,150256,294496,0,0,0,0,0.0610405
452652,36,1,192518,52166,45540,140352,276716,0,0,0,0,0.0580398
452655,36,1,220804,61069,53241,159735,324708,0,0,0,0,0.0630303
452658,36,1,219431,60536,52879,158895,321673,0,0,0,0,0.0619302
452660,6,1,186555,50021,43675,136534,261955,0,0,0,0,0.0927893
452661,18,1,213447,59327,52110,154120,314313,0,0,0,0,0.0758158
452664,18,1,229857,64291,56491,165566,340903,0,0,0,0,0.0929492
452669,18,2,235117,64450,56486,170655,343786,1,0,0,0,0.204788
452670,18,1,178767,48594,41802,130173,255986,0,0,0,0,0.0822937
452671,18,2,317986,89109,78031,228864,477646,1,0,0,0,0.179342
452674,18,2,206253,56794,49712,149446,302966,1,0,0,0,0.149123
452679,18,1,184296,49475,42849,134821,259618,0,0,0,0,0.063928
452692,36,1,222320,62353,54787,159967,332506,0,0,0,0,0.0702492
452695,36,1,228242,64091,56224,164151,341794,0,0,0,0,0.0650084
452698,36,1,190131,52242,45143,137889,277449,0,0,0,0,0.0573659
452700,18,2,256875,70962,62763,185900,374482,1,0,0,0,0.174826
452701,18,2,236153,65272,57529,170869,346494,1,0,0,0,0.128654
452704,18,2,198819,53700,47057,145106,283137,1,0,0,0,0.115913
452709,18,2,268255,73577,64472,194666,389894,1,0,0,0,0.131057
452722,36,1,221151,61250,53587,159901,325250,0,0,0,0,0.0574945
452725,36,1,228737,63975,56300,164762,341102,0,0,0,0,0.0590282
452728,36,2,297331,82325,72083,214994,440435,1,0,0,0,0.149913
452750,18,2,246186,67242,59735,178933,353766,1,0,0,0,0.133438
452751,18,2,236408,65258,57669,171137,346581,1,0,0,0,0.124241
452752,18,2,316584,89112,78732,227459,477925,1,0,0,0,0.151873
452753,18,2,319812,88980,78069,230819,474889,1,0,0,0,0.150188
452754,18,2,198777,53652,46967,145112,282872,1,0,0,0,0.127144
452755,18,2,311815,87912,77175,223890,472282,1,0,0,0,0.142027
452756,18,2,319643,89335,78400,230295,477230,1,0,0,0,0.167525
452757,18,1,174572,47000,41308,127572,248954,0,0,0,0,0.0581273
452758,18,1,186737,50268,43884,136469,264526,0,0,0,0,0.0567357
452759,18,1,187651,50291,43606,137360,263463,0,0,0,0,0.0749183
452790,6,1,206093,56695,49724,149398,300789,0,0,0,0,0.081386
452791,18,1,212161,59087,52256,153074,313179,0,0,0,0,0.0629854
452794,18,1,244161,69507,61103,174654,371768,0,0,0,0,0.0913983
452799,18,1,239519,67688,59485,171831,361281,0,0,0,0,0.0706219
452800,18,1,188883,52028,44778,136855,276912,0,0,0,0,0.0607962
452801,18,2,273501,77308,68329,196181,414767,1,0,0,0,0.14867
452804,18,1,224611,62104,54422,162507,328727,0,0,0,0,0.0599141
452809,18,1,228148,63059,55355,165089,333407,0,0,0,0,0.0634196
452822,36,1,209638,57872,50704,151766,307271,0,0,0,0,0.0602192
452825,36,1,238298,67077,58573,171221,357647,0,0,0,0,0.0637872
452828,36,1,234477,65392,57322,169085,347685,0,0,0,0,0.062724
452850,6,1,223362,61992,54787,161370,330764,0,0,0,0,0.0819967
452851,18,2,323946,91666,80549,232267,493109,1,0,0,0,0.150242
452854,18,1,211572,57792,50393,153780,306714,0,0,0,0,0.0617014
452859,18,1,210322,57421,50258,152901,304804,0,0,0,0,0.0583348
452860,18,1,201965,56169,48480,145796,300346,0,0,0,0,0.0611175
452861,18,2,229960,64454,56702,165493,346445,1,0,0,0,0.129188
452864,18,2,192453,52372,45995,140068,278794,1,0,0,0,0.122042
452869,18,1,211019,57710,50329,153309,305519,0,0,0,0,0.0602831
452882,36,1,214857,58737,51466,156120,311317,0,0,0,0,0.0584978
452885,36,1,222196,61533,53650,160663,328382,0,0,0,0,0.0633697
452888,36,1,218809,60771,53326,158038,324642,0,0,0,0,0.0587852
452900,6,1,212256,58070,51227,154186,308307,0,0,0,0,0.0765989
452901,18,2,320864,90615,79646,230236,487280,1,0,0,0,0.144595
452904,18,1,210537,57296,50130,153241,304056,0,0,0,0,0.0584438
452909,18,2,337002,94281,82801,242708,505590,1,0,0,0,0.172212
452910,18,1,188904,51712,44719,137192,275399,0,0,0,0,0.0614635
452911,18,2,229254,63663,55884,165578,341219,1,0,0,0,0.13147
452914,18,2,198601,54384,48092,144204,290300,1,0,0,0,0.124076
452919,18,1,210255,57441,50310,152814,304232,0,0,0,0,0.0579491
452932,36,1,206736,56246,49039,150490,297910,0,0,0,0,0.057143
452935,36,1,219211,60312,52710,158899,320608,0,0,0,0,0.0837719
452938,36,1,222046,61723,54123,160323,329631,0,0,0,0,0.0675346
452940,6,1,186776,50069,43689,136707,262218,0,0,0,0,0.10431
452941,18,1,214297,59634,52549,154663,316688,0,0,0,0,0.0841996
452944,18,1,225170,62914,55331,162256,334195,0,0,0,0,0.0803788
452949,18,1,182622,48983,43065,133639,256271,0,0,0,0,0.0575506
452950,18,1,178831,48616,41787,130215,256145,0,0,0,0,0.0622312
452951,18,1,208134,57530,50145,150604,305917,0,0,0,0,0.080041
452954,18,1,215227,59750,52156,155477,318535,0,0,0,0,0.0897195
452959,18,2,279991,77083,67672,202895,411618,1,0,0,0,0.165084
452972,36,1,225778,63506,55826,162272,339239,0,0,0,0,0.0888656
452975,36,1,227806,64029,56166,163777,341881,0,0,0,0,0.0899785
452978,36,1,193863,53522,46507,140341,285445,0,0,0,0,0.0600403
452980,18,2,256556,70876,62688,185667,374017,1,0,0,0,0.150505
452981,18,2,236177,65284,57558,170881,346558,1,0,0,0,0.122224
452984,18,2,198712,53670,47042,145029,282996,1,0,0,0,0.121507
452989,18,2,268160,73541,64467,194607,389698,1,0,0,0,0.147396
453002,36,1,218503,60342,52908,158161,320857,0,0,0,0,0.0636018
453005,36,1,225216,62602,55150,162614,333850,0,0,0,0,0.059069
453008,36,2,288394,79579,69588,208803,426212,1,0,0,0,0.147795
453030,18,2,245921,67176,59698,178734,353440,1,0,0,0,0.135292
453031,18,2,236345,65229,57668,171103,346403,1,0,0,0,0.12311
453032,18,2,307729,86071,75843,221645,461712,1,0,0,0,0.16174
453033,18,2,311588,86560,76074,225015,462819,1,0,0,0,0.142928
453034,18,2,198704,53646,46980,145045,282867,1,0,0,0,0.116219
453035,18,2,306402,85787,75135,220602,460819,1,0,0,0,0.14239
453036,18,2,309049,85561,75296,223475,457036,1,0,0,0,0.142505
453037,18,1,172007,46063,40328,125944,243969,0,0,0,0,0.0558344
453038,18,1,186663,50013,43639,136650,263411,0,0,0,0,0.0546664
453039,18,1,187357,50201,43547,137156,262963,0,0,0,0,0.0514809
453080,18,1,209973,57280,49716,152693,300323,0,0,0,0,0.0593435
453081,18,1,210321,57348,49766,152973,300627,0,0,0,0,0.069978
453084,18,1,246304,68596,59930,177708,360006,0,0,0,0,0.076308
453089,18,1,238339,66305,57835,172034,348409,0,0,0,0,0.0633352
453102,36,1,209060,57485,49807,151575,303718,0,0,0,0,0.0595559
453105,36,1,244590,68810,59922,175780,367927,0,0,0,0,0.0613873
453108,36,1,244500,69041,60235,175459,369845,0,0,0,0,0.0623852
453140,18,2,199601,54813,48209,144776,292464,1,0,0,0,0.123643
453141,18,2,198591,54296,47828,144283,289740,1,0,0,0,0.122364
453144,18,2,199183,54118,48000,145052,287891,1,0,0,0,0.124788
453149,18,1,215556,59336,51551,156220,314679,0,0,0,0,0.064131
453162,36,1,218033,59626,51735,158407,314466,0,0,0,0,0.0596923
453165,36,1,227232,62465,54982,164767,332977,0,0,0,0,0.0606145
453168,36,1,229737,63273,55764,166464,337490,0,0,0,0,0.0845104
453190,18,2,352700,98584,86614,254103,528281,1,0,0,0,0.17603
453191,18,2,356563,99537,87587,257013,532494,1,0,0,0,0.152475
453194,18,2,204215,55904,49603,148298,298285,1,0,0,0,0.128963
453199,18,1,221240,61227,53443,160013,324871,0,0,0,0,0.0645456
453212,36,1,209730,57087,49136,152643,301523,0,0,0,0,0.0628864
453215,36,1,225586,62214,54369,163372,331984,0,0,0,0,0.0609639
453218,36,1,232460,64306,56573,168154,343590,0,0,0,0,0.0651172
453230,18,1,213315,59268,51494,154047,312945,0,0,0,0,0.0713815
453231,18,2,203830,55730,49080,148087,297060,1,0,0,0,0.118855
453234,18,2,200321,54589,48077,145719,290934,1,0,0,0,0.117431
453239,18,1,186412,49947,43335,136465,264032,0,0,0,0,0.0586552
453252,36,1,235072,65567,57379,169505,350606,0,0,0,0,0.0664767
453255,36,1,238364,66444,58400,171920,355295,0,0,0,0,0.065864
453258,36,1,204392,56146,49157,148246,300524,0,0,0,0,0.0591905
453260,18,1,218680,60540,52787,158140,318453,0,0,0,0,0.0694672
453261,18,2,208819,57375,50616,151431,305981,1,0,0,0,0.120463
453264,18,2,202942,55593,49203,147336,296381,1,0,0,0,0.12152
453269,18,1,198039,52858,45841,145181,276807,0,0,0,0,0.0623507
453282,36,1,231989,64110,56234,167879,342048,0,0,0,0,0.0640112
453285,36,1,239428,66457,58320,172971,355021,0,0,0,0,0.0687281
453288,36,1,199338,54519,47309,144819,291331,0,0,0,0,0.0604356
453310,18,1,166943,44424,38728,122519,232543,0,0,0,0,0.0626073
453311,18,1,204169,55988,48937,148181,297405,0,0,0,0,0.0613247
453312,18,2,308245,85836,75543,222396,459915,1,0,0,0,0.15228
453313,18,1,194580,52564,45949,142016,276723,0,0,0,0,0.0616993
453314,18,1,214857,59548,52040,155309,317308,0,0,0,0,0.071344
453315,18,2,306623,85543,74943,221067,459311,1,0,0,0,0.14853
453316,18,1,206298,56114,49135,150184,295530,0,0,0,0,0.0596637
453317,18,1,167120,44841,39393,122279,238059,0,0,0,0,0.063637
453318,18,1,187021,50491,44054,136530,266579,0,0,0,0,0.0597415
453319,18,1,199996,53648,46650,146348,280549,0,0,0,0,0.0660708
453590,18,1,194611,52884,46642,141727,277520,0,0,0,0,0.0934485
453591,18,1,206616,57330,50428,149286,303766,0,0,0,0,0.102174
453592,18,1,214432,59684,52509,154748,316932,0,0,0,0,0.102528
453593,18,1,210811,57883,50633,152928,306221,0,0,0,0,0.0987105
453594,18,1,225466,63069,55398,162397,334829,0,0,0,0,0.0838154
453595,18,1,229718,64578,57359,165140,343446,0,0,0,0,0.105391
453596,18,1,222296,61735,54125,160561,327244,0,0,0,0,0.0721295
453597,18,1,169084,44559,38509,124525,232528,0,0,0,0,0.0603867
453598,18,1,175366,46453,40512,128913,241796,0,0,0,0,0.060651
453599,18,1,188838,50006,43587,138832,258433,0,0,0,0,0.0751893
453720,36,1,214286,59757,51940,154529,319595,0,0,0,0,0.0620056
453721,36,1,223730,62186,54245,161544,331342,0,0,0,0,0.0645568
453722,36,1,220020,61388,53399,158632,327567,0,0,0,0,0.0879227
453723,36,1,229226,64642,57589,164584,346932,0,0,0,0,0.0834097
453724,36,1,211222,58147,50895,153075,309797,0,0,0,0,0.0793133
453725,36,1,213372,58976,51461,154396,315350,0,0,0,0,0.0583404
453726,36,1,214478,58964,51641,155514,314223,0,0,0,0,0.0581907
453727,36,1,223484,61917,54300,161567,330986,0,0,0,0,0.0602137
453728,36,1,218620,60416,52899,158204,322291,0,0,0,0,0.0622708
453729,36,1,217464,60129,52451,157335,319892,0,0,0,0,0.0637099
453770,36,1,201174,55084,47593,146090,293062,0,0,0,0,0.0590619
453771,36,1,211259,57802,50321,153457,306417,0,0,0,0,0.0606188
453772,36,1,208191,57311,49428,150880,304469,0,0,0,0,0.0599353
453773,36,1,217791,60606,53653,157185,323686,0,0,0,0,0.0744705
453774,36,1,200451,54615,47489,145836,289795,0,0,0,0,0.0633288
453775,36,1,210353,57970,50741,152383,308699,0,0,0,0,0.0596853
453776,36,1,214448,58897,51910,155551,313301,0,0,0,0,0.0623016
453777,36,1,227069,62890,55075,164179,335502,0,0,0,0,0.0607472
453778,36,1,222012,61547,54153,160465,328393,0,0,0,0,0.0600669
453779,36,1,229544,63456,55421,166088,337278,0,0,0,0,0.0601917
453810,36,1,188997,52152,44931,136845,276249,0,0,0,0,0.0777181
453811,36,1,218007,60105,52661,157902,319383,0,0,0,0,0.0774503
453812,36,1,229431,64190,56152,165241,342920,0,0,0,0,0.0625177
453813,36,1,216270,59694,52053,156576,318153,0,0,0,0,0.059496
453814,36,2,201589,55342,48908,146234,295253,1,0,0,0,0.117194
453815,36,1,232205,65373,56998,166832,350126,0,0,0,0,0.0622514
453816,36,1,220600,61145,53377,159455,326112,0,0,0,0,0.0579798
453817,36,2,219702,60481,52944,159209,323975,1,0,0,0,0.127828
453818,36,1,194846,53000,45769,141846,280560,0,0,0,0,0.0576865
453819,36,1,194297,52844,45708,141453,279903,0,0,0,0,0.0555155
453840,36,1,200006,55461,48038,144545,293003,0,0,0,0,0.0838682
453841,36,1,223709,61648,53884,162061,326426,0,0,0,0,0.07412
453842,36,1,223871,62283,54584,161588,332162,0,0,0,0,0.0623106
453843,36,1,214005,58815,51424,155190,312977,0,0,0,0,0.0603027
453844,36,2,204480,56531,50079,147936,302083,1,0,0,0,0.124466
453845,36,1,237086,66636,58195,170450,356680,0,0,0,0,0.0636118
453846,36,1,224366,62245,54749,162121,332327,0,0,0,0,0.0638323
453847,36,1,191543,52464,45390,139079,280317,0,0,0,0,0.0596426
453848,36,1,192493,51749,44975,140744,272938,0,0,0,0,0.0608311
453849,36,1,204889,55829,48386,149060,293913,0,0,0,0,0.0647762
453860,36,1,194567,53615,46266,140952,282237,0,0,0,0,0.0678312
453861,36,1,219292,60859,53213,158433,323261,0,0,0,0,0.0662088
453862,36,1,224036,62549,54850,161487,332964,0,0,0,0,0.0691601
453863,36,1,208952,57248,49725,151704,302846,0,0,0,0,0.0670466
453864,36,1,230380,64611,56619,165769,344842,0,0,0,0,0.0638571
453865,36,1,234228,65850,57781,168378,351685,0,0,0,0,0.0889927
453866,36,1,225295,62432,54427,162863,331164,0,0,0,0,0.0615778
453867,36,1,178776,48406,41757,130370,257605,0,0,0,0,0.0566207
453868,36,1,192003,52121,44947,139882,275361,0,0,0,0,0.0697471
453869,36,1,201917,54750,47408,147167,287236,0,0,0,0,0.0752979
454460,6,1,225551,62010,54972,163541,329165,0,0,0,0,0.0814506
454461,18,1,195977,53537,45998,142440,283826,0,0,0,0,0.0574516
454464,18,1,231067,63720,55396,167347,337357,0,0,0,0,0.0620339
454469,18,1,218896,60095,52512,158801,318057,0,0,0,0,0.0632345
454470,6,1,225422,62002,54946,163420,329173,0,0,0,0,0.106204
454471,18,2,202056,56476,49993,145567,302698,1,0,0,0,0.142683
454474,18,2,243231,68658,60547,174560,369239,1,0,0,0,0.128526
454479,18,1,217663,60049,52363,157614,319602,0,0,0,0,0.0604405
454480,18,1,199564,54965,47595,144599,291972,0,0,0,0,0.0578284
454481,18,1,211535,57923,50794,153612,306172,0,0,0,0,0.0580984
454484,18,2,332487,94796,83530,237678,509081,1,0,0,0,0.153173
454489,18,1,205729,56376,49541,149353,298916,0,0,0,0,0.0597132
454502,36,1,205602,56164,48998,149438,298185,0,0,0,0,0.0573349
454505,36,1,227022,62195,54335,164827,329345,0,0,0,0,0.0618399
454508,36,1,231234,64663,56276,166571,345475,0,0,0,0,0.0669513
454520,6,1,218422,60463,53209,157959,322220,0,0,0,0,0.0753251
454521,18,1,187543,51448,44219,136095,273717,0,0,0,0,0.0531597
454524,18,2,290663,81598,71668,209052,437139,1,0,0,0,0.137461
454529,18,2,222845,62099,54800,160733,331796,1,0,0,0,0.147954
454530,6,1,218375,60456,53211,157919,322183,0,0,0,0,0.101826
454531,18,1,214881,59945,52282,154936,319728,0,0,0,0,0.0605585
454534,18,2,261267,74084,65505,187170,399428,1,0,0,0,0.153526
454539,18,1,215337,59215,51560,156122,314503,0,0,0,0,0.0611707
454540,18,1,200846,55448,47917,145398,295423,0,0,0,0,0.0609146
454541,18,1,212465,58690,51254,153775,311797,0,0,0,0,0.07114
454544,18,2,266939,75652,66634,191275,407379,1,0,0,0,0.136085
454549,18,2,208333,57297,50804,151023,305533,1,0,0,0,0.125951
454562,36,1,200680,54892,47719,145788,291803,0,0,0,0,0.0582289
454565,36,2,259611,73405,64623,186193,395891,1,0,0,0,0.160024
454568,36,1,225727,62957,54721,162770,336584,0,0,0,0,0.0730838
454570,6,1,214315,58743,51909,155572,311802,0,0,0,0,0.0828677
454571,18,1,190587,52654,45529,137933,280332,0,0,0,0,0.0603442
454574,18,1,211238,58463,51015,152775,311569,0,0,0,0,0.0681775
454579,18,1,227054,63087,55286,163967,336000,0,0,0,0,0.0652231
454580,6,1,214063,58689,51869,155374,311562,0,0,0,0,0.0825828
454581,18,1,204617,56018,49223,148599,295551,0,0,0,0,0.0594273
454584,18,1,212915,58361,51592,154554,310552,0,0,0,0,0.0782757
454589,18,1,215501,59037,51972,156464,312805,0,0,0,0,0.0626422
454590,18,1,191663,52134,44958,139529,275726,0,0,0,0,0.0764898
454591,18,2,388246,106177,92846,282056,563944,1,0,0,0,0.163912
454594,18,2,194895,53507,47043,141375,285534,1,0,0,0,0.134071
454599,18,2,294287,82694,72615,211580,444497,1,0,0,0,0.1538
454612,36,1,201344,54861,48397,146483,291214,0,0,0,0,0.0568444
454615,36,1,227866,63298,55270,164568,338750,0,0,0,0,0.0597854
454618,36,1,217068,59964,52545,157104,319719,0,0,0,0,0.0580162
454620,6,1,194860,52531,46510,142329,276528,0,0,0,0,0.0812247
454621,18,1,220796,60153,53017,160643,315152,0,0,0,0,0.0630006
454624,18,1,213841,59311,52274,154530,315308,0,0,0,0,0.0624359
454629,18,2,253315,69718,60973,183585,372727,1,0,0,0,0.163877
454630,18,1,175893,47846,41316,128047,253277,0,0,0,0,0.0587779
454631,18,1,226299,61945,54281,164354,327012,0,0,0,0,0.0653033
454634,18,2,293025,81649,71600,211363,438789,1,0,0,0,0.155233
454639,18,2,276426,76296,66835,200119,407766,1,0,0,0,0.131738
454652,36,1,226501,62508,55112,163993,330511,0,0,0,0,0.0608986
454655,36,1,231684,64907,56872,166777,347033,0,0,0,0,0.0619963
454658,36,2,286273,80309,70104,205952,431548,1,0,0,0,0.136162
454660,18,1,192264,52605,46162,139659,276554,0,0,0,0,0.0551105
454661,18,1,205190,55177,48202,150013,288626,0,0,0,0,0.0526636
454664,18,2,295413,81927,71940,213473,436462,1,0,0,0,0.129937
454669,18,2,252313,69474,60707,182827,368750,1,0,0,0,0.12518
454682,36,1,220420,60827,53114,159593,323178,0,0,0,0,0.0591465
454685,36,1,225405,62680,54891,162725,334136,0,0,0,0,0.0615951
454688,36,2,284125,79798,69792,204315,428827,1,0,0,0,0.133965
454710,18,1,174062,46665,41124,127397,244307,0,0,0,0,0.0749773
454711,18,2,269716,74262,65714,195441,395048,1,0,0,0,0.174873
454712,18,2,380818,104016,91767,276789,552935,1,0,0,0,0.17324
454713,18,1,203082,54638,48361,148444,287321,0,0,0,0,0.0611438
454714,18,2,196065,52672,46390,143381,277529,1,0,0,0,0.128626
454715,18,1,217156,59937,52674,157219,318472,0,0,0,0,0.0858173
454716,18,1,204196,55292,48497,148904,291660,0,0,0,0,0.0849079
454717,18,2,285604,79797,69988,205795,427340,1,0,0,0,0.184114
454718,18,2,194774,53339,46522,141423,284490,1,0,0,0,0.12981
454719,18,2,258346,71863,62952,186471,382398,1,0,0,0,0.180199
454750,6,1,225330,61977,54937,163353,329027,0,0,0,0,0.0894564
454751,18,2,206815,58140,51381,148662,312121,1,0,0,0,0.166182
454754,18,2,237880,67116,59123,170751,360778,1,0,0,0,0.155213
454759,18,1,211670,58071,50721,153599,308377,0,0,0,0,0.09098
454760,18,1,199524,54951,47586,144573,291864,0,0,0,0,0.0823802
454761,18,1,224136,61429,54093,162707,324039,0,0,0,0,0.0786663
454764,18,2,320222,90868,79953,229341,488486,1,0,0,0,0.218891
454769,18,1,207370,57118,50117,150252,303444,0,0,0,0,0.0797041
454782,36,1,217014,59183,51747,157831,313095,0,0,0,0,0.0774273
454785,36,1,217813,59864,52153,157949,318590,0,0,0,0,0.0831209
454788,36,1,231701,64744,56325,166957,345940,0,0,0,0,0.090961
454810,6,1,218364,60445,53199,157919,322127,0,0,0,0,0.117553
454811,18,1,227021,63014,55062,164007,334409,0,0,0,0,0.0871805
454814,18,1,210692,57848,50462,152844,307383,0,0,0,0,0.0820215
454819,18,1,213357,58596,50899,154761,311281,0,0,0,0,0.068612
454820,18,1,200809,55425,47876,145384,295286,0,0,0,0,0.070528
454821,18,2,255337,72186,63760,183139,388957,1,0,0,0,0.202649
454824,18,1,214830,59627,52188,155203,317049,0,0,0,0,0.0754911
454829,18,2,206028,56597,50123,149418,301841,1,0,0,0,0.185668
454842,36,1,212676,58334,50849,154342,309382,0,0,0,0,0.0842856
454845,36,1,220439,60820,52851,159619,324843,0,0,0,0,0.0883139
454848,36,1,223785,62319,54409,161466,333262,0,0,0,0,0.0750499
454860,6,1,213273,58438,51625,154835,310191,0,0,0,0,0.0793614
454861,18,1,212422,57923,50976,154499,303661,0,0,0,0,0.0810601
454864,18,1,205043,55608,49082,149435,295219,0,0,0,0,0.0743316
454869,18,1,199772,53739,47045,146033,283472,0,0,0,0,0.0663979
454870,18,1,191243,52005,44811,139238,274979,0,0,0,0,0.0833224
454871,18,2,389541,107098,93973,282430,569196,1,0,0,0,0.231663
454874,18,1,197138,53333,47000,143805,280792,0,0,0,0,0.0699691
454879,18,1,195771,53195,46477,142576,280880,0,0,0,0,0.0815626
454892,36,1,210530,57270,50525,153260,302936,0,0,0,0,0.0872644
454895,36,1,219527,60441,52606,159086,323180,0,0,0,0,0.0658063
454898,36,1,211355,57711,50337,153644,306494,0,0,0,0,0.0613423
454900,6,1,195035,52569,46540,142466,276710,0,0,0,0,0.090479
454901,18,1,204285,55579,48876,148706,293302,0,0,0,0,0.0907999
454904,18,1,205279,56722,49882,148557,301969,0,0,0,0,0.0878009
454909,18,1,205001,56079,49133,148922,297533,0,0,0,0,0.0633754
454910,18,1,175659,47775,41254,127884,252897,0,0,0,0,0.059542
454911,18,1,216556,59457,51935,157099,315689,0,0,0,0,0.0662001
454914,18,1,205545,56157,49049,149388,298327,0,0,0,0,0.0835338
454919,18,2,272419,74930,65659,197477,401327,1,0,0,0,0.161696
454932,36,1,216689,59818,52501,156871,317679,0,0,0,0,0.073264
454935,36,1,226285,63290,55500,162995,338865,0,0,0,0,0.0700409
454938,36,1,216003,59827,52311,156176,318940,0,0,0,0,0.0701863
454940,18,1,192431,52649,46221,139782,276770,0,0,0,0,0.0771172
454941,18,1,205229,55198,48204,150031,288785,0,0,0,0,0.0762118
454944,18,2,295211,81894,71918,213304,436327,1,0,0,0,0.13883
454949,18,2,252046,69430,60688,182604,368550,1,0,0,0,0.160173
454962,36,1,215905,59420,51615,156485,315739,0,0,0,0,0.0768969
454965,36,1,218747,60777,52890,157970,324155,0,0,0,0,0.0710795
454968,36,2,317706,89467,78043,228226,481792,1,0,0,0,0.151679
454990,18,1,174140,46673,41108,127467,244321,0,0,0,0,0.0577572
454991,18,2,269560,74234,65696,195313,394926,1,0,0,0,0.187649
454992,18,2,378225,103112,90203,275100,548193,1,0,0,0,0.233066
454993,18,1,196194,52874,46841,143320,278565,0,0,0,0,0.0810714
454994,18,2,195991,52656,46383,143323,277459,1,0,0,0,0.139863
454995,18,2,251810,70393,61974,181404,378855,1,0,0,0,0.177612
454996,18,1,196108,52886,46362,143222,279026,0,0,0,0,0.0735483
454997,18,1,202645,55264,48521,147381,292363,0,0,0,0,0.084045
454998,18,2,253092,70356,61806,182724,377272,1,0,0,0,0.172638
454999,18,2,258294,71856,62951,186426,382364,1,0,0,0,0.150237
455040,18,1,212992,58656,51595,154336,310395,0,0,0,0,0.0656832
455041,18,2,344738,97961,86190,246764,525728,1,0,0,0,0.192236
455044,18,2,311482,88171,77431,223298,473632,1,0,0,0,0.19519
455049,18,1,209717,58163,50863,151554,309321,0,0,0,0,0.101035
455062,36,1,211999,57865,50258,154134,305322,0,0,0,0,0.0894188
455065,36,1,218429,59863,52259,158566,318215,0,0,0,0,0.0676111
455068,36,1,221513,60793,53186,160720,323189,0,0,0,0,0.0665691
455100,18,1,223602,62018,54155,161584,329361,0,0,0,0,0.0777877
455101,18,1,230937,63738,55538,167199,336422,0,0,0,0,0.08851
455104,18,1,206524,57232,50039,149292,304865,0,0,0,0,0.0727584
455109,18,2,205945,56621,50045,149311,302148,1,0,0,0,0.160694
455122,36,1,208789,57385,50102,151404,304180,0,0,0,0,0.0639915
455125,36,1,227259,62494,55169,164765,332971,0,0,0,0,0.0612845
455128,36,1,232159,64121,56410,168038,341869,0,0,0,0,0.0641314
455150,18,2,233949,65304,57688,168632,350700,1,0,0,0,0.165951
455151,18,2,218090,60580,53339,157497,324787,1,0,0,0,0.153594
455154,18,1,191896,51482,45080,140414,270765,0,0,0,0,0.0565773
455159,18,1,189887,50799,44143,139088,265322,0,0,0,0,0.0622635
455172,36,1,203162,55479,48676,147683,293652,0,0,0,0,0.0800598
455175,36,1,219588,59986,52280,159602,318973,0,0,0,0,0.0697122
455178,36,1,215995,58945,51456,157050,313075,0,0,0,0,0.0818421
455190,18,1,213838,58895,51528,154943,311291,0,0,0,0,0.0818383
455191,18,2,206726,56625,49928,150088,302441,1,0,0,0,0.169369
455194,18,1,214142,58651,51427,155491,310487,0,0,0,0,0.0662564
455199,18,2,280294,77572,68132,202710,415270,1,0,0,0,0.138142
455212,36,1,228120,63078,55428,165042,335105,0,0,0,0,0.087626
455215,36,1,230995,64198,56445,166797,342634,0,0,0,0,0.0756323
455218,36,1,225972,62363,54852,163609,332509,0,0,0,0,0.0664009
455220,18,1,217672,59920,52504,157752,315594,0,0,0,0,0.0656988
455221,18,2,217423,59793,52868,157617,319839,1,0,0,0,0.182042
455224,18,1,213025,58425,51287,154600,309317,0,0,0,0,0.063822
455229,18,2,287415,79615,70153,207788,425713,1,0,0,0,0.14483
455242,36,1,223417,61519,53927,161898,326727,0,0,0,0,0.0674552
455245,36,1,226194,62756,55114,163438,334620,0,0,0,0,0.0655001
455248,36,1,221619,61062,53455,160557,325561,0,0,0,0,0.0619638
455270,18,1,169865,45134,39266,124731,236822,0,0,0,0,0.0608642
455271,18,1,203286,55347,48675,147939,292272,0,0,0,0,0.0840546
455272,18,2,302280,84063,73939,218204,449403,1,0,0,0,0.203692
455273,18,1,198857,53995,47702,144862,283960,0,0,0,0,0.0780907
455274,18,2,313279,87829,77138,225437,471151,1,0,0,0,0.159155
455275,18,2,304453,84943,74566,219497,456458,1,0,0,0,0.152705
455276,18,2,189820,51875,45522,137933,276984,1,0,0,0,0.131664
455277,18,1,194666,53183,46628,141483,282358,0,0,0,0,0.0584279
455278,18,1,205309,56115,49234,149194,297602,0,0,0,0,0.0609491
455279,18,1,213912,58377,51158,155535,307639,0,0,0,0,0.079473
455550,18,1,199742,54743,48678,144999,288932,0,0,0,0,0.110269
455551,18,1,198226,54108,47703,144118,286070,0,0,0,0,0.0611442
455552,18,1,209292,57088,50536,152204,300335,0,0,0,0,0.0605958
455553,18,1,227540,61787,54633,165753,322421,0,0,0,0,0.0652536
455554,18,2,194269,52894,46572,141362,281569,1,0,0,0,0.126329
455555,18,2,190485,51745,45351,138727,275942,1,0,0,0,0.123092
455556,18,1,197973,54588,48071,143385,291025,0,0,0,0,0.0631905
455557,18,1,199017,54291,47530,144726,288615,0,0,0,0,0.061154
455558,18,1,207382,56878,50056,150504,301211,0,0,0,0,0.0665465
455559,18,1,221629,60464,53323,161165,316886,0,0,0,0,0.0644949
455730,36,1,186523,50451,43694,136072,266877,0,0,0,0,0.0537815
455731,36,1,206840,56397,49182,150443,297529,0,0,0,0,0.0553331
455732,36,1,212254,58460,50369,153794,310054,0,0,0,0,0.0603696
455733,36,1,218152,60497,53842,157655,322353,0,0,0,0,0.0718899
455734,36,1,194515,53016,46228,141499,282525,0,0,0,0,0.0530504
455735,36,1,198646,54102,47438,144544,288158,0,0,0,0,0.0618545
455736,36,1,209945,57460,50374,152485,306913,0,0,0,0,0.0810324
455737,36,1,206807,56244,49427,150563,299101,0,0,0,0,0.057455
455738,36,1,202721,55121,48502,147600,293561,0,0,0,0,0.0579018
455739,36,1,194016,52628,45748,141388,280235,0,0,0,0,0.060471
455770,36,1,195878,54234,47231,141644,288025,0,0,0,0,0.0675372
455771,36,2,282836,78689,69099,204134,421686,1,0,0,0,0.179639
455772,36,1,236552,66144,58634,170408,352663,0,0,0,0,0.0804512
455773,36,1,215381,59659,52477,155722,317767,0,0,0,0,0.0783226
455774,36,1,223733,61897,54044,161836,329811,0,0,0,0,0.0638986
455775,36,1,219701,60813,53612,158888,324376,0,0,0,0,0.0831806
455776,36,1,220769,61563,53749,159206,329111,0,0,0,0,0.0838621
455777,36,2,285046,79077,69357,205956,424406,1,0,0,0,0.175625
455778,36,1,220192,60673,53207,159519,322898,0,0,0,0,0.0628727
455779,36,1,214768,58933,51576,155835,312342,0,0,0,0,0.0647714
455800,36,1,205836,57285,49916,148551,303864,0,0,0,0,0.0897927
455801,36,2,285209,79441,69984,205755,426265,1,0,0,0,0.201553
455802,36,1,233713,64935,57477,168778,345586,0,0,0,0,0.0947518
455803,36,1,211286,58608,51747,152678,312317,0,0,0,0,0.0592007
455804,36,1,221250,61053,53449,160197,324784,0,0,0,0,0.0571699
455805,36,1,218194,60497,53383,157697,322568,0,0,0,0,0.0575999
455806,36,1,210528,58333,50811,152195,311203,0,0,0,0,0.0563899
455807,36,2,284942,79090,69347,205839,424498,1,0,0,0,0.157923
455808,36,1,218387,60034,52472,158353,319311,0,0,0,0,0.07265
455809,36,1,214381,58900,51355,155481,312075,0,0,0,0,0.0575456
455820,36,1,202375,56876,49100,145499,302013,0,0,0,0,0.0658419
455821,36,1,207358,56591,49341,150767,299551,0,0,0,0,0.0582353
455822,36,1,220750,60600,53128,160150,319677,0,0,0,0,0.0647848
455823,36,1,209860,57629,50233,152231,304489,0,0,0,0,0.0610698
455824,36,1,222858,61840,54178,161018,327792,0,0,0,0,0.0646492
455825,36,1,214472,59573,52007,154899,317365,0,0,0,0,0.0737061
455826,36,1,198811,54957,47761,143854,293027,0,0,0,0,0.0797453
455827,36,2,270746,74263,64930,196470,397440,1,0,0,0,0.16188
455828,36,1,210932,58454,51018,152478,310809,0,0,0,0,0.0611397
455829,36,1,221081,61254,53466,159827,324060,0,0,0,0,0.0587831
456140,6,1,205277,56059,49519,149218,297509,0,0,0,0,0.113409
456141,18,1,181403,49196,42084,132207,261038,0,0,0,0,0.0726302
456144,18,1,215846,58910,51114,156936,311363,0,0,0,0,0.0591166
456149,18,1,198130,53811,46837,144319,283963,0,0,0,0,0.0651687
456150,6,1,205129,56012,49503,149117,297224,0,0,0,0,0.115821
456151,18,2,196123,54662,48295,141448,292821,1,0,0,0,0.1417
456154,18,2,296676,83491,73412,213172,447975,1,0,0,0,0.152944
456159,18,1,205960,56350,48847,149610,299451,0,0,0,0,0.0681632
456160,18,1,183164,50480,43604,132684,269464,0,0,0,0,0.0638123
456161,18,1,198487,54421,47254,144066,289017,0,0,0,0,0.057844
456164,18,2,330827,93512,82551,237302,500744,1,0,0,0,0.186135
456169,18,1,195048,53179,46332,141869,282188,0,0,0,0,0.0829802
456182,36,1,187633,51112,44292,136521,272035,0,0,0,0,0.0640212
456185,36,1,221459,60358,52456,161101,319255,0,0,0,0,0.063989
456188,36,1,220720,61331,52957,159389,327392,0,0,0,0,0.077178
456200,6,1,205721,56013,49114,149708,296593,0,0,0,0,0.0830574
456201,18,1,179950,48792,41799,131158,258560,0,0,0,0,0.0539916
456204,18,2,292423,81518,71388,210892,435464,1,0,0,0,0.155448
456209,18,2,297222,82466,72359,214744,439455,1,0,0,0,0.157781
456210,6,1,205684,56013,49121,149671,296611,0,0,0,0,0.0821613
456211,18,1,205348,56892,49338,148456,303126,0,0,0,0,0.0626341
456214,18,2,263020,74183,65629,188824,399451,1,0,0,0,0.196561
456219,18,1,207332,56536,49126,150796,299088,0,0,0,0,0.0659928
456220,18,1,189519,51740,44668,137779,274989,0,0,0,0,0.0536823
456221,18,1,201124,55079,47977,146045,291982,0,0,0,0,0.0539537
456224,18,2,268229,75399,66633,192818,405579,1,0,0,0,0.182614
456229,18,2,214218,59131,52265,155074,315766,1,0,0,0,0.143432
456242,36,1,193134,52516,45635,140618,278619,0,0,0,0,0.0559217
456245,36,2,263231,74239,65490,188979,399915,1,0,0,0,0.133376
456248,36,1,213967,59213,51376,154754,315998,0,0,0,0,0.0603976
456250,6,1,213023,57894,51130,155129,306468,0,0,0,0,0.0813286
456251,18,1,190280,52435,45633,137845,279000,0,0,0,0,0.0620974
456254,18,1,211254,58511,51291,152743,312263,0,0,0,0,0.0656658
456259,18,1,229276,63798,55966,165478,339984,0,0,0,0,0.0661524
456260,6,1,212898,57869,51104,155029,306355,0,0,0,0,0.112265
456261,18,2,278518,77890,68272,200616,418329,1,0,0,0,0.196733
456264,18,1,205573,56151,49425,149422,298285,0,0,0,0,0.0707462
456269,18,1,208546,56652,49782,151894,299146,0,0,0,0,0.0759343
456270,18,1,191569,52117,44948,139452,275847,0,0,0,0,0.0625669
456271,18,1,216116,59685,52285,156431,316209,0,0,0,0,0.0626101
456274,18,2,198267,54459,47756,143795,290989,1,0,0,0,0.127665
456279,18,2,207697,57414,50060,150270,307163,1,0,0,0,0.12648
456292,36,1,200437,54616,48247,145821,289905,0,0,0,0,0.0623111
456295,36,1,218414,60231,52303,158183,321742,0,0,0,0,0.0737763
456298,36,1,209831,57475,50075,152356,305907,0,0,0,0,0.0767122
456300,6,1,195045,52660,46666,142385,277323,0,0,0,0,0.0848133
456301,18,2,211448,58467,51444,152969,313046,1,0,0,0,0.166587
456304,18,1,199451,54619,48000,144832,289348,0,0,0,0,0.0722757
456309,18,2,241986,66174,57652,175800,353380,1,0,0,0,0.165554
456310,18,1,176021,47918,41344,128103,253717,0,0,0,0,0.0622761
456311,18,1,229446,63176,55204,166270,334484,0,0,0,0,0.0693741
456314,18,2,293150,81200,71167,211937,434955,1,0,0,0,0.143835
456319,18,2,266257,73215,63869,193031,391368,1,0,0,0,0.170728
456332,36,1,226048,62342,54838,163706,329673,0,0,0,0,0.0886369
456335,36,1,223668,62247,54311,161421,332284,0,0,0,0,0.071738
456338,36,2,276940,77328,67279,199600,415241,1,0,0,0,0.167349
456340,18,1,192725,52827,46355,139898,277906,0,0,0,0,0.084347
456341,18,2,213055,58234,51435,154808,309161,1,0,0,0,0.141551
456344,18,2,247957,68482,60392,179462,364134,1,0,0,0,0.180283
456349,18,2,241529,66282,57693,175235,352133,1,0,0,0,0.173824
456362,36,1,221588,61315,53423,160273,326184,0,0,0,0,0.0604285
456365,36,1,216184,59726,52165,156458,317758,0,0,0,0,0.0611984
456368,36,2,273909,76237,66512,197660,409099,1,0,0,0,0.137325
456390,18,1,174326,46817,41276,127509,245224,0,0,0,0,0.0563616
456391,18,2,208306,56904,50190,151390,302095,1,0,0,0,0.133275
456392,18,1,213786,58437,51554,155349,308735,0,0,0,0,0.061584
456393,18,1,203576,55098,48634,148478,290401,0,0,0,0,0.0649375
456394,18,2,205715,55625,49040,150078,292929,1,0,0,0,0.165257
456395,18,1,207358,56526,49812,150832,298854,0,0,0,0,0.0585886
456396,18,1,198742,53279,46784,145463,280336,0,0,0,0,0.0759958
456397,18,2,273226,75616,66106,197598,404284,1,0,0,0,0.163076
456398,18,2,189882,51757,45028,138113,275737,1,0,0,0,0.16934
456399,18,2,248492,68721,59876,179759,365787,1,0,0,0,0.159111
456430,6,1,205175,56025,49515,149150,297302,0,0,0,0,0.0845265
456431,18,2,199108,55807,49227,143288,299355,1,0,0,0,0.14044
456434,18,2,292839,82512,72578,210314,443334,1,0,0,0,0.191125
456439,18,1,215762,59858,52190,155904,318841,0,0,0,0,0.0731737
456440,18,1,183201,50477,43597,132724,269423,0,0,0,0,0.0844959
456441,18,1,214064,58767,51396,155297,311220,0,0,0,0,0.0863533
456444,18,2,320101,90675,79998,229413,487059,1,0,0,0,0.194164
456449,18,1,208006,57359,50279,150647,305462,0,0,0,0,0.107554
456462,36,1,198886,54101,47227,144785,287067,0,0,0,0,0.0830363
456465,36,1,214850,58640,50908,156210,311003,0,0,0,0,0.0730959
456468,36,1,231220,64643,56222,166577,345684,0,0,0,0,0.0643202
456490,6,1,205804,56085,49181,149719,297046,0,0,0,0,0.0779135
456491,18,1,220014,61086,53334,158928,324296,0,0,0,0,0.0584131
456494,18,1,210266,57515,49987,152751,304902,0,0,0,0,0.0728925
456499,18,1,217972,59958,52247,158014,318193,0,0,0,0,0.0833245
456500,18,1,189617,51802,44727,137815,275353,0,0,0,0,0.0556492
456501,18,2,235393,65717,58233,169664,352725,1,0,0,0,0.145935
456504,18,1,210372,58062,50689,152310,308598,0,0,0,0,0.0609936
456509,18,2,214020,59026,52055,154981,315455,1,0,0,0,0.127512
456522,36,1,206255,56453,49266,149802,299239,0,0,0,0,0.0559154
456525,36,1,215024,59152,51628,155872,314793,0,0,0,0,0.0587971
456528,36,1,224342,62666,54580,161676,335130,0,0,0,0,0.059788
456540,6,1,212158,57640,50893,154518,305137,0,0,0,0,0.074247
456541,18,2,288679,80826,71162,207841,433348,1,0,0,0,0.184911
456544,18,1,206690,56075,49196,150615,297265,0,0,0,0,0.0773587
456549,18,1,202737,54838,47962,147899,289250,0,0,0,0,0.0793251
456550,18,1,191210,51999,44813,139211,275180,0,0,0,0,0.071996
456551,18,2,313270,87935,77396,225322,471795,1,0,0,0,0.163111
456554,18,2,199293,54890,48008,144390,293816,1,0,0,0,0.127432
456559,18,2,208629,57711,50390,150905,308833,1,0,0,0,0.129982
456572,36,1,210433,57223,50682,153210,302554,0,0,0,0,0.0573492
456575,36,1,218814,60029,52203,158785,320472,0,0,0,0,0.0823243
456578,36,1,210056,57405,50001,152651,304954,0,0,0,0,0.0656769
456580,6,1,195220,52698,46696,142522,277505,0,0,0,0,0.0842652
456581,18,1,216737,58891,52087,157846,309563,0,0,0,0,0.0628155
456584,18,1,199545,54587,48038,144958,289643,0,0,0,0,0.0613231
456589,18,1,192144,52279,45770,139865,277349,0,0,0,0,0.0839427
456590,18,1,175787,47845,41282,127942,253321,0,0,0,0,0.0886501
456591,18,1,220317,60678,52872,159639,322821,0,0,0,0,0.0628034
456594,18,1,203912,55071,48188,148841,291084,0,0,0,0,0.0568218
456599,18,2,263891,72429,63202,191450,388003,1,0,0,0,0.134799
456612,36,1,218037,60145,52841,157892,319450,0,0,0,0,0.0605908
456615,36,1,224813,62733,54833,162080,335844,0,0,0,0,0.0611882
456618,36,1,204327,56383,49109,147944,301078,0,0,0,0,0.0570293
456620,18,1,192883,52870,46399,140013,278124,0,0,0,0,0.0564781
456621,18,2,212911,58210,51411,154688,309063,1,0,0,0,0.151197
456624,18,2,247808,68460,60375,179335,364066,1,0,0,0,0.133049
456629,18,2,241287,66238,57666,175037,351930,1,0,0,0,0.132584
456642,36,1,220657,60861,52997,159796,323525,0,0,0,0,0.0620203
456645,36,1,210747,58085,50397,152662,309049,0,0,0,0,0.0716422
456648,36,2,304959,84828,73796,220118,455767,1,0,0,0,0.154827
456670,18,1,174474,46849,41286,127625,245376,0,0,0,0,0.0736958
456671,18,2,208085,56859,50158,151214,301877,1,0,0,0,0.143117
456672,18,1,214940,58552,51563,156388,309320,0,0,0,0,0.0917651
456673,18,1,203350,54986,48603,148364,289917,0,0,0,0,0.0828762
456674,18,2,205704,55626,49038,150066,292967,1,0,0,0,0.133566
456675,18,2,254772,70596,62198,184163,378538,1,0,0,0,0.159278
456676,18,1,191686,51184,44888,140502,269450,0,0,0,0,0.0793417
456677,18,1,188287,50690,44167,137597,268004,0,0,0,0,0.0809675
456678,18,2,243638,67143,58893,176483,359527,1,0,0,0,0.159891
456679,18,2,248604,68787,59949,179805,366189,1,0,0,0,0.159626
456720,18,1,197644,54394,47559,143250,288925,0,0,0,0,0.0828034
456721,18,1,204198,55915,48826,148283,295215,0,0,0,0,0.0639979
456724,18,2,314322,89150,78687,225159,478977,1,0,0,0,0.171193
456729,18,1,220527,61296,53833,159231,326641,0,0,0,0,0.0895839
456742,36,1,203760,55377,47879,148383,292764,0,0,0,0,0.075025
456745,36,1,215141,58769,51244,156372,312261,0,0,0,0,0.0602994
456748,36,1,222885,61477,53737,161408,327742,0,0,0,0,0.0844581
456780,18,1,217032,60113,52201,156919,319046,0,0,0,0,0.0582848
456781,18,2,369240,103860,91080,265367,555800,1,0,0,0,0.174337
456784,18,1,204137,56262,49184,147875,299326,0,0,0,0,0.087245
456789,18,2,214375,58858,51899,155504,313867,1,0,0,0,0.136107
456802,36,1,204830,56040,48914,148790,296489,0,0,0,0,0.0573448
456805,36,1,223870,61650,54082,162220,328529,0,0,0,0,0.0634979
456808,36,1,231671,64232,56427,167439,342518,0,0,0,0,0.0618787
456830,18,2,267544,74633,65487,192898,400164,1,0,0,0,0.163956
456831,18,2,211043,58156,50857,152874,310942,1,0,0,0,0.160289
456834,18,1,195508,52915,46268,142593,279718,0,0,0,0,0.0559241
456839,18,2,281506,78541,68685,202952,420472,1,0,0,0,0.149655
456852,36,1,208561,56757,49742,151804,299209,0,0,0,0,0.0627518
456855,36,1,217287,59292,51731,157995,315349,0,0,0,0,0.0622046
456858,36,1,218504,59662,51977,158842,317105,0,0,0,0,0.0826122
456870,18,1,214289,59157,51722,155132,312841,0,0,0,0,0.0778011
456871,18,2,212787,58181,51142,154593,310989,1,0,0,0,0.134856
456874,18,1,210347,57281,50119,153066,302620,0,0,0,0,0.0622561
456879,18,2,271575,74889,65466,196674,401123,1,0,0,0,0.136767
456892,36,1,232462,64056,56510,168406,339780,0,0,0,0,0.0638184
456895,36,1,226894,62414,54913,164480,332365,0,0,0,0,0.0871888
456898,36,1,213809,58624,51529,155185,312917,0,0,0,0,0.0752704
456900,18,1,218280,60210,52720,158070,317239,0,0,0,0,0.0931502
456901,18,2,221232,60550,53461,160669,323794,1,0,0,0,0.148057
456904,18,1,209084,57072,49943,152012,301482,0,0,0,0,0.061035
456909,18,2,273161,75482,66171,197667,403909,1,0,0,0,0.131474
456922,36,1,231415,63657,56028,167758,337866,0,0,0,0,0.0609787
456925,36,1,218530,59940,52442,158590,318771,0,0,0,0,0.0573782
456928,36,1,203622,55224,48188,148398,293749,0,0,0,0,0.0541289
456950,18,1,169977,45230,39419,124747,237415,0,0,0,0,0.0555958
456951,18,1,202668,55073,48374,147595,290740,0,0,0,0,0.0561966
456952,18,2,320616,88778,78227,231825,473603,1,0,0,0,0.146145
456953,18,1,212472,57680,51132,154792,302851,0,0,0,0,0.0634354
456954,18,2,315267,87799,76893,227455,470143,1,0,0,0,0.142337
456955,18,2,304230,84367,74205,219850,452223,1,0,0,0,0.140832
456956,18,2,229351,63656,56049,165683,341272,1,0,0,0,0.161651
456957,18,1,182670,49115,42934,133555,259665,0,0,0,0,0.0571693
456958,18,1,185811,50014,43506,135797,264578,0,0,0,0,0.0553777
456959,18,1,191797,51677,44784,140120,271832,0,0,0,0,0.062557
457230,18,1,200482,55029,48951,145453,290503,0,0,0,0,0.11034
457231,18,1,212895,58222,51404,154673,307431,0,0,0,0,0.0797317
457232,18,1,226066,61730,54858,164336,324208,0,0,0,0,0.0915011
457233,18,1,244933,66336,58728,178597,344372,0,0,0,0,0.0771641
457234,18,2,201354,54865,48319,146476,291899,1,0,0,0,0.125173
457235,18,2,196714,53738,47293,142963,286546,1,0,0,0,0.126681
457236,18,1,190538,51758,45586,138780,274478,0,0,0,0,0.0619497
457237,18,1,182329,49032,42711,133297,259654,0,0,0,0,0.0631036
457238,18,1,188547,50818,44448,137729,267965,0,0,0,0,0.059647
457239,18,1,200911,54033,47402,146878,282577,0,0,0,0,0.0593056
457450,36,1,195802,54299,47237,141503,288484,0,0,0,0,0.0727359
457451,36,2,209952,57904,50949,152036,310285,1,0,0,0,0.175788
457452,36,1,241085,67512,59849,173573,359882,0,0,0,0,0.0716706
457453,36,1,215156,59564,52330,155592,317392,0,0,0,0,0.0577081
457454,36,1,223739,61485,53510,162254,327009,0,0,0,0,0.0584081
457455,36,1,218093,59825,52632,158268,317909,0,0,0,0,0.0576924
457456,36,1,218289,60571,52957,157718,323412,0,0,0,0,0.058097
457457,36,2,274424,75859,66453,198552,407380,1,0,0,0,0.132299
457458,36,1,206842,56648,49423,150194,301579,0,0,0,0,0.0551675
457459,36,1,205069,56267,48827,148802,298956,0,0,0,0,0.0553932
457480,36,1,206102,57464,50025,148638,304937,0,0,0,0,0.0612457
457481,36,2,214728,59295,52417,155421,317766,1,0,0,0,0.132379
457482,36,1,239328,66668,59165,172660,354789,0,0,0,0,0.0657422
457483,36,1,215260,59630,52544,155630,317564,0,0,0,0,0.0577366
457484,36,1,220395,60532,52795,159863,321666,0,0,0,0,0.0587585
457485,36,1,210818,57860,50799,152958,307467,0,0,0,0,0.0679702
457486,36,1,204350,56180,48654,148170,299100,0,0,0,0,0.0687522
457487,36,2,269686,74221,64679,195452,397667,1,0,0,0,0.140181
457488,36,1,199949,54358,47417,145591,288694,0,0,0,0,0.0540222
457489,36,1,203626,55914,48437,147712,296891,0,0,0,0,0.0556834
457500,36,1,203361,57322,49444,146039,304549,0,0,0,0,0.0663068
457501,36,1,213366,58389,51035,154977,309460,0,0,0,0,0.0581708
457502,36,1,226126,62291,54779,163835,329048,0,0,0,0,0.0620973
457503,36,1,219181,60222,52505,158959,317736,0,0,0,0,0.0661494
457504,36,1,214312,58784,51308,155528,310676,0,0,0,0,0.0627629
457505,36,1,206572,56659,49460,149913,300625,0,0,0,0,0.0626062
457506,36,1,192440,52527,45532,139913,278688,0,0,0,0,0.0596378
457507,36,2,260432,71060,61754,189359,379892,1,0,0,0,0.139739
457508,36,1,193844,53213,46202,140631,282631,0,0,0,0,0.0605565
457509,36,1,201474,55288,48039,146186,292150,0,0,0,0,0.0579257
457830,6,1,175669,47145,40981,128524,249432,0,0,0,0,0.090808
457831,18,1,209681,59133,51879,150548,316268,0,0,0,0,0.0754139
457834,18,1,217592,61245,53783,156347,326724,0,0,0,0,0.0863961
457839,18,1,173720,47238,41266,126482,250990,0,0,0,0,0.079399
457840,18,1,159056,43192,37133,115864,229973,0,0,0,0,0.0679632
457841,18,1,183004,49822,43428,133182,265724,0,0,0,0,0.0558742
457844,18,1,198378,54106,47302,144272,287792,0,0,0,0,0.0699337
457849,18,1,161854,43676,38322,118178,232385,0,0,0,0,0.0692277
457862,36,1,205534,57343,49875,148191,307347,0,0,0,0,0.065397
457865,36,1,216820,60707,52666,156113,324710,0,0,0,0,0.0662433
457868,36,1,187080,51269,44665,135811,273364,0,0,0,0,0.0628039
457890,6,1,190383,50621,44156,139762,264022,0,0,0,0,0.0871496
457891,18,1,214271,60039,52541,154232,319516,0,0,0,0,0.0695528
457894,18,1,219324,61502,53720,157822,327192,0,0,0,0,0.0757904
457899,18,1,182685,49614,43254,133071,260868,0,0,0,0,0.0622286
457900,18,1,172049,46582,40074,125467,245446,0,0,0,0,0.0608814
457901,18,1,195308,53241,46669,142067,281937,0,0,0,0,0.0608254
457904,18,1,195368,53516,46886,141852,284317,0,0,0,0,0.0577243
457909,18,1,170744,46014,40129,124730,244416,0,0,0,0,0.0611343
457922,36,1,209943,58705,51216,151238,313240,0,0,0,0,0.0631551
457925,36,1,209939,58813,51079,151126,314055,0,0,0,0,0.0636651
457928,36,1,189423,51637,44962,137786,274581,0,0,0,0,0.060998
457940,6,1,197382,52643,46427,144739,276708,0,0,0,0,0.0839773
457941,18,1,200825,54964,48587,145861,291836,0,0,0,0,0.0648724
457944,18,1,205341,56839,49961,148502,303222,0,0,0,0,0.0625024
457949,18,1,208120,57123,50054,150997,303773,0,0,0,0,0.0643113
457950,18,1,168426,45205,39182,123221,238490,0,0,0,0,0.0573068
457951,18,1,209782,57629,51058,152153,303857,0,0,0,0,0.0686564
457954,18,1,195894,53247,46791,142647,281962,0,0,0,0,0.0658047
457959,18,1,199420,53980,47202,145440,285459,0,0,0,0,0.0588027
457972,36,1,199382,54677,48155,144705,290754,0,0,0,0,0.0615195
457975,36,1,214426,59426,52085,155000,316925,0,0,0,0,0.0589243
457978,36,1,212178,58565,51338,153613,311160,0,0,0,0,0.065225
457980,6,1,196355,52428,46205,143927,275649,0,0,0,0,0.0802786
457981,18,1,213199,58140,51412,155059,307419,0,0,0,0,0.0647392
457984,18,1,204122,56185,49605,147937,299266,0,0,0,0,0.0637777
457989,18,1,201696,55334,48488,146362,294604,0,0,0,0,0.0626638
457990,18,1,168959,45478,39440,123481,240116,0,0,0,0,0.0618113
457991,18,1,215154,59195,52566,155959,312281,0,0,0,0,0.0674615
457994,18,1,196153,53182,46730,142971,281593,0,0,0,0,0.0595843
457999,18,1,184664,49714,43451,134950,263503,0,0,0,0,0.055477
458012,36,1,201162,55358,48532,145804,294606,0,0,0,0,0.0610042
458015,36,1,215857,59632,52350,156225,317971,0,0,0,0,0.0608132
458018,36,1,200879,55306,48357,145573,294628,0,0,0,0,0.0621413
458020,18,1,180701,48105,41893,132596,251891,0,0,0,0,0.058811
458021,18,1,180608,48073,41862,132535,251718,0,0,0,0,0.0764242
458024,18,2,236888,64590,56716,172285,339366,1,0,0,0,0.176155
458029,18,1,165486,43853,37706,121633,229756,0,0,0,0,0.0893871
458042,36,1,182860,49462,43209,133398,260890,0,0,0,0,0.0702014
458045,36,1,194341,53934,46752,140407,288070,0,0,0,0,0.059203
458048,36,1,188533,52676,45660,135857,282732,0,0,0,0,0.057324
458070,18,1,193555,51584,45187,141971,267540,0,0,0,0,0.055814
458071,18,1,192657,51312,44974,141345,266079,0,0,0,0,0.0564894
458072,18,2,178120,47731,41872,130377,253051,1,0,0,0,0.147198
458073,18,1,169841,44636,38928,125205,234159,0,0,0,0,0.0599969
458074,18,1,194651,51700,45273,142951,267124,0,0,0,0,0.056819
458075,18,2,188876,51050,44644,137814,270917,1,0,0,0,0.134703
458076,18,1,193164,51205,45006,141959,268114,0,0,0,0,0.0757818
458077,18,2,184226,49454,42960,134760,262276,1,0,0,0,0.130167
458078,18,1,179746,47635,41620,132111,250208,0,0,0,0,0.0575269
458079,18,1,180595,47955,42129,132640,249944,0,0,0,0,0.0613739
458120,18,1,175868,47876,41519,127992,253990,0,0,0,0,0.0656791
458121,18,1,189732,51519,44706,138213,273015,0,0,0,0,0.0552891
458124,18,1,203849,55084,48329,148765,289908,0,0,0,0,0.0566078
458129,18,1,164693,43895,38531,120798,231873,0,0,0,0,0.0553712
458142,36,1,208086,57529,50197,150557,307958,0,0,0,0,0.0612885
458145,36,1,223155,62197,54303,160958,332715,0,0,0,0,0.0660712
458148,36,1,187305,50579,44140,136726,268837,0,0,0,0,0.0571093
458180,18,2,344887,96692,84933,248182,514083,1,0,0,0,0.168013
458181,18,1,202698,55230,48513,147468,291060,0,0,0,0,0.0579377
458184,18,1,204396,55752,48823,148644,294559,0,0,0,0,0.0798493
458189,18,1,172212,46231,40485,125981,244777,0,0,0,0,0.0814671
458202,36,1,213409,59232,52123,154177,316313,0,0,0,0,0.064769
458205,36,1,216653,60592,53011,156061,324325,0,0,0,0,0.0631878
458208,36,1,191953,51897,45223,140056,275472,0,0,0,0,0.0820025
458230,18,2,240698,67146,59054,173540,358384,1,0,0,0,0.146586
458231,18,2,206568,56279,49550,150276,300351,1,0,0,0,0.134732
458234,18,2,308595,85924,75306,222658,460497,1,0,0,0,0.146058
458239,18,2,323032,88596,77873,234423,471547,1,0,0,0,0.147223
458252,36,1,209653,57362,50683,152291,305062,0,0,0,0,0.0606651
458255,36,1,214935,59100,51954,155835,315235,0,0,0,0,0.0622725
458258,36,1,217488,59884,52490,157604,319222,0,0,0,0,0.0590549
458270,18,2,240632,67181,59108,173439,358689,1,0,0,0,0.138925
458271,18,2,204967,56015,49483,148939,299245,1,0,0,0,0.133255
458274,18,2,309074,85857,75368,223204,459406,1,0,0,0,0.143277
458279,18,1,183411,49183,42999,134228,259813,0,0,0,0,0.0519542
458292,36,1,209112,57434,50357,151678,305471,0,0,0,0,0.0585253
458295,36,1,211287,57681,50696,153606,307172,0,0,0,0,0.057539
458298,36,1,202619,55406,48636,147213,295521,0,0,0,0,0.0574651
458300,18,1,186859,50049,43645,136810,263466,0,0,0,0,0.0532946
458301,18,1,187351,50132,43639,137219,263817,0,0,0,0,0.0536563
458304,18,1,180744,47714,41515,133030,248361,0,0,0,0,0.0771525
458309,18,1,169345,45006,38833,124339,237273,0,0,0,0,0.0683079
458322,36,1,194241,51919,45577,142322,272342,0,0,0,0,0.072042
458325,36,1,201743,55524,48483,146219,296584,0,0,0,0,0.08448
458328,36,1,195032,53862,47002,141170,288582,0,0,0,0,0.0621016
458350,18,2,302567,83154,72944,219400,440745,1,0,0,0,0.151865
458351,18,2,302103,83012,72861,219078,439909,1,0,0,0,0.218691
458352,18,2,183324,48976,42961,134336,259351,1,0,0,0,0.16799
458353,18,1,171854,44628,39050,127226,231557,0,0,0,0,0.0674202
458354,18,2,320476,87754,76911,232709,463316,1,0,0,0,0.165555
458355,18,2,190901,51469,44962,139420,272955,1,0,0,0,0.172
458356,18,1,188326,49525,43445,138801,258198,0,0,0,0,0.0567946
458357,18,2,185507,49685,43296,135810,263286,1,0,0,0,0.136737
458358,18,1,172555,45372,39548,127183,237390,0,0,0,0,0.0534566
458359,18,1,177572,47357,41182,130215,248773,0,0,0,0,0.0679547
458630,18,2,310663,85270,75063,225380,451372,1,0,0,0,0.200212
458631,18,2,310342,85185,75035,225144,450889,1,0,0,0,0.180071
458632,18,2,187612,50395,44405,137205,266736,1,0,0,0,0.133367
458633,18,2,284872,78124,69008,206735,415461,1,0,0,0,0.192371
458634,18,2,326122,89239,78281,236870,469757,1,0,0,0,0.164874
458635,18,2,193751,52275,45675,141463,277589,1,0,0,0,0.143563
458636,18,2,309928,86271,75820,223644,461149,1,0,0,0,0.154358
458637,18,2,186697,50108,43510,136576,266206,1,0,0,0,0.139255
458638,18,2,295148,81735,71665,213400,436639,1,0,0,0,0.158853
458639,18,2,280812,76378,67066,204421,404902,1,0,0,0,0.160283
458880,36,1,215469,58791,51151,156678,309832,0,0,0,0,0.0594512
458881,36,1,215621,58764,51118,156857,309501,0,0,0,0,0.0837233
458882,36,1,203115,55064,48172,148051,289996,0,0,0,0,0.0616976
458883,36,1,198900,53330,46516,145570,278441,0,0,0,0,0.0570527
458884,36,1,215486,59091,51592,156395,310703,0,0,0,0,0.071202
458885,36,1,218310,60259,52465,158051,320502,0,0,0,0,0.0678555
458886,36,1,218945,60029,52283,158916,319085,0,0,0,0,0.0557262
458887,36,1,209071,57944,50634,151127,309368,0,0,0,0,0.0560042
458888,36,1,208675,57325,49787,151350,305619,0,0,0,0,0.0531507
458889,36,1,196977,53507,46637,143470,282635,0,0,0,0,0.0571807
458900,36,2,310836,85952,74984,224871,457098,1,0,0,0,0.142259
458901,36,2,310695,85898,74959,224784,456789,1,0,0,0,0.141252
458902,36,2,180537,47978,41859,132547,253981,1,0,0,0,0.129278
458903,36,1,189943,50961,44549,138982,267435,0,0,0,0,0.0549845
458904,36,2,332431,92442,80835,239976,489814,1,0,0,0,0.161159
458905,36,2,189982,51577,45201,138393,274803,1,0,0,0,0.121855
458906,36,1,211742,58496,51203,153246,309804,0,0,0,0,0.0579352
458907,36,2,181652,48684,42448,132956,258644,1,0,0,0,0.135405
458908,36,1,202056,55628,48655,146428,294895,0,0,0,0,0.0778157
458909,36,1,189464,51292,44358,138172,270256,0,0,0,0,0.0593674
459240,18,1,186814,50877,44265,135937,268321,0,0,0,0,0.0655632
459241,18,1,199073,54279,47194,144794,286310,0,0,0,0,0.0581495
459244,18,1,214745,58265,51181,156480,305100,0,0,0,0,0.0608928
459249,18,1,175846,46923,41257,128923,245907,0,0,0,0,0.0779145
459262,36,1,210595,57981,50607,152614,309233,0,0,0,0,0.0705074
459265,36,1,231376,64473,56328,166903,343849,0,0,0,0,0.06763
459268,36,1,186858,50401,43741,136457,267278,0,0,0,0,0.0585561
459300,18,2,360520,101518,89548,258989,539088,1,0,0,0,0.242394
459301,18,1,214132,58430,51380,155702,305989,0,0,0,0,0.063886
459304,18,1,216668,59166,51783,157502,310384,0,0,0,0,0.0625539
459309,18,1,183464,49374,43189,134090,259600,0,0,0,0,0.0573918
459322,36,1,216957,59995,52682,156962,319402,0,0,0,0,0.0602099
459325,36,1,227594,63348,55584,164246,337541,0,0,0,0,0.0597007
459328,36,1,195409,52835,46197,142574,280110,0,0,0,0,0.0551397
459350,18,2,248580,69615,61853,178953,371170,1,0,0,0,0.135751
459351,18,2,208130,56915,50366,151202,303913,1,0,0,0,0.136289
459354,18,2,310885,86701,76301,224171,464681,1,0,0,0,0.14306
459359,18,2,322283,88454,77829,233816,470228,1,0,0,0,0.149668
459372,36,1,211463,57825,51088,153638,306940,0,0,0,0,0.0629197
459375,36,1,217109,59897,52614,157212,319022,0,0,0,0,0.0691702
459378,36,1,217210,59695,52326,157515,317283,0,0,0,0,0.0595715
459390,18,2,248434,69624,61873,178798,371335,1,0,0,0,0.139396
459391,18,2,205848,56283,49844,149552,300406,1,0,0,0,0.130994
459394,18,2,310249,86345,75957,223891,462236,1,0,0,0,0.142814
459399,18,1,182728,49184,43027,133544,259960,0,0,0,0,0.0606558
459412,36,1,213801,58712,51751,155089,312070,0,0,0,0,0.0791002
459415,36,1,210064,57147,49940,152917,303489,0,0,0,0,0.0612535
459418,36,1,200589,54747,47821,145842,291482,0,0,0,0,0.0640921
459420,18,1,185879,50038,43810,135841,263807,0,0,0,0,0.0546916
459421,18,1,186361,50133,43904,136228,264244,0,0,0,0,0.0533817
459424,18,1,181734,48524,42286,133210,253855,0,0,0,0,0.0611559
459429,18,1,166605,44581,38513,122024,235552,0,0,0,0,0.066729
459442,36,1,193430,51456,45293,141974,268447,0,0,0,0,0.0601064
459445,36,1,205170,56495,49365,148675,301196,0,0,0,0,0.066054
459448,36,1,198299,54714,47720,143585,292405,0,0,0,0,0.0589155
459470,18,1,179429,48551,42201,130878,256550,0,0,0,0,0.0690545
459471,18,1,179602,48536,42200,131066,256369,0,0,0,0,0.0530643
459472,18,1,167061,43960,38659,123101,230201,0,0,0,0,0.0570416
459473,18,1,171564,44597,39020,126967,231543,0,0,0,0,0.0718403
459474,18,1,177417,47547,41439,129870,249425,0,0,0,0,0.0689106
459475,18,1,179217,48009,41864,131208,253473,0,0,0,0,0.0560916
459476,18,1,180219,47628,41877,132591,250121,0,0,0,0,0.0530035
459477,18,1,168986,45175,39214,123811,238900,0,0,0,0,0.0520049
459478,18,1,165125,43620,38000,121505,229810,0,0,0,0,0.0846923
459479,18,1,168222,44900,38835,123322,237202,0,0,0,0,0.0863098
459750,18,1,182251,49295,43220,132956,259372,0,0,0,0,0.0843179
459751,18,1,182436,49278,43239,133158,259187,0,0,0,0,0.0641759
459752,18,1,176917,46474,40827,130443,239149,0,0,0,0,0.0563708
459753,18,2,285055,78034,68845,207008,414864,1,0,0,0,0.165077
459754,18,1,175834,46966,40810,128868,245182,0,0,0,0,0.0865882
459755,18,1,199078,54584,47586,144494,288882,0,0,0,0,0.0594377
459756,18,2,299621,83185,72951,216423,445054,1,0,0,0,0.151037
459757,18,1,191820,52552,45792,139268,278560,0,0,0,0,0.0586982
459758,18,2,287593,79533,69517,208047,425412,1,0,0,0,0.227902
459759,18,1,167779,44731,38974,123048,235348,0,0,0,0,0.0647871
