400400,3,1,134919,34692,29139,100227,181671,0,0,0,0,0.284153
400401,9,1,133316,34413,28956,98903,180270,0,0,0,0,0.178144
400404,9,1,165078,43533,38015,121545,228312,0,0,0,0,0.153215
400409,9,1,157791,42536,36571,115255,225394,0,0,0,0,0.15028
400410,3,1,143658,37715,31864,105943,198458,0,0,0,0,0.156071
400411,9,1,140665,37571,31338,103094,198876,0,0,0,0,0.09299
400414,9,1,170805,45878,39644,124927,242068,0,0,0,0,0.0861759
400419,9,1,157918,42419,36087,115499,224082,0,0,0,0,0.113198
400420,3,1,143723,37746,31884,105977,198654,0,0,0,0,0.146301
400421,9,1,140717,37586,31343,103131,198968,0,0,0,0,0.091083
400424,9,1,170835,45889,39686,124946,242084,0,0,0,0,0.0826004
400429,9,1,158193,42504,36165,115689,224577,0,0,0,0,0.0883928
400430,3,1,143790,37763,31890,106027,198740,0,0,0,0,0.152247
400431,9,1,177227,48831,42050,128396,260457,0,0,0,0,0.117737
400434,9,1,197893,54316,47493,143577,287474,0,0,0,0,0.0892995
400439,9,1,143363,37573,31660,105790,197816,0,0,0,0,0.0875347
400440,9,1,126130,32409,26892,93721,169879,0,0,0,0,0.0950836
400441,9,1,155892,41099,35095,114793,216829,0,0,0,0,0.0888521
400442,18,1,156417,42275,35852,114142,224347,0,0,0,0,0.0829352
400444,9,1,183014,49561,43013,133453,262509,0,0,0,0,0.110457
400445,18,1,174059,48700,41882,125359,261247,0,0,0,0,0.100065
400448,18,1,168510,45513,38762,122997,240744,0,0,0,0,0.11102
400449,9,1,148020,39606,33975,108414,209130,0,0,0,0,0.176489
400470,3,1,161660,42852,37446,118808,224973,0,0,0,0,0.144637
400471,9,1,156423,41919,36115,114504,220843,0,0,0,0,0.102616
400474,9,1,187357,50362,43499,136995,264756,0,0,0,0,0.0862922
400479,9,1,162116,41786,35941,120330,216252,0,0,0,0,0.10355
400480,3,1,161630,42842,37445,118788,224923,0,0,0,0,0.151671
400481,9,1,156331,41895,36097,114436,220715,0,0,0,0,0.0965656
400484,9,1,187453,50365,43491,137088,264672,0,0,0,0,0.116123
400489,9,1,162165,41794,35945,120371,216276,0,0,0,0,0.0859898
400490,3,1,161582,42830,37442,118752,224869,0,0,0,0,0.196175
400491,9,1,203447,55812,48824,147635,295320,0,0,0,0,0.091649
400494,9,1,221842,61227,53645,160615,323947,0,0,0,0,0.0916982
400499,9,1,155779,40215,34226,115564,209432,0,0,0,0,0.0792742
400500,9,1,152927,40245,34141,112682,211329,0,0,0,0,0.0884772
400501,9,1,174088,46365,40552,127723,243815,0,0,0,0,0.0779131
400502,18,1,183891,50670,43775,133221,270099,0,0,0,0,0.0809601
400504,9,1,189324,50540,44519,138784,264745,0,0,0,0,0.0880068
400505,18,1,196545,54703,47554,141842,291675,0,0,0,0,0.088304
400508,18,1,184087,50537,43282,133550,268007,0,0,0,0,0.123322
400509,9,1,171683,45918,40504,125765,241304,0,0,0,0,0.166577
400530,3,1,154689,41887,35972,112802,221680,0,0,0,0,0.144144
400531,9,1,133632,35659,30131,97973,188513,0,0,0,0,0.0774537
400534,9,1,166349,44903,38424,121446,235592,0,0,0,0,0.0774752
400539,9,1,191424,51499,44567,139925,270681,0,0,0,0,0.0822893
400540,3,1,154553,41835,35973,112718,221363,0,0,0,0,0.130018
400541,9,1,167943,46412,39627,121531,247182,0,0,0,0,0.0996008
400544,9,1,180496,50103,43366,130393,265922,0,0,0,0,0.0946003
400549,9,1,179307,48854,42272,130453,257843,0,0,0,0,0.0879656
400550,9,1,159779,43978,37746,115801,233783,0,0,0,0,0.0994029
400551,9,1,179386,49707,42795,129679,263692,0,0,0,0,0.101846
400554,9,1,180425,48847,42221,131578,257440,0,0,0,0,0.116314
400555,18,1,207673,58519,51056,149154,312722,0,0,0,0,0.0961764
400558,18,1,199156,55603,48290,143553,294587,0,0,0,0,0.0788168
400559,9,1,193914,52251,45176,141663,274830,0,0,0,0,0.108707
400562,18,1,184278,50502,43639,133776,267798,0,0,0,0,0.123903
400580,3,1,154630,41848,35984,112782,221428,0,0,0,0,0.153736
400581,9,1,192219,53805,47258,138414,286191,0,0,0,0,0.101917
400584,9,1,180213,49444,43310,130769,261608,0,0,0,0,0.126703
400589,9,1,160594,42284,36179,118310,221224,0,0,0,0,0.105256
400590,9,1,159847,43994,37750,115853,233877,0,0,0,0,0.097882
400591,9,1,201240,55793,48204,145447,295203,0,0,0,0,0.12221
400594,9,1,181307,49183,43018,132124,258940,0,0,0,0,0.0907065
400599,9,1,171965,46019,39673,125946,242190,0,0,0,0,0.102891
400602,18,1,197604,54813,47425,142791,291348,0,0,0,0,0.124538
400605,18,1,209399,58838,51424,150561,315071,0,0,0,0,0.0899869
400608,18,1,184570,50872,44291,133698,269480,0,0,0,0,0.106634
400620,9,1,187797,50864,44101,136933,267987,0,0,0,0,0.0973481
400621,9,1,187829,50853,44113,136976,267844,0,0,0,0,0.0951637
400624,9,1,185349,49998,43226,135351,262029,0,0,0,0,0.095477
400629,9,1,156152,41221,35087,114931,215816,0,0,0,0,0.0931106
400642,18,1,193126,53288,45793,139838,282850,0,0,0,0,0.0931441
400645,18,1,201101,55516,48157,145585,293939,0,0,0,0,0.0965278
400648,18,1,181937,49405,42378,132532,260603,0,0,0,0,0.0763364
400670,9,1,156902,42286,35899,114616,223039,0,0,0,0,0.082421
400671,9,1,156848,42272,35883,114576,222959,0,0,0,0,0.0861983
400672,9,1,152926,41224,34846,111702,218452,0,0,0,0,0.0827843
400673,9,1,166556,46633,40525,119923,248720,0,0,0,0,0.134797
400674,9,1,200068,54625,47601,145443,289356,0,0,0,0,0.0850768
400675,9,1,181136,48778,42652,132358,257044,0,0,0,0,0.0868853
400676,9,1,205254,57212,49848,148042,304508,0,0,0,0,0.0894239
400677,9,1,161716,42643,36773,119073,223678,0,0,0,0,0.075269
400678,9,1,174817,47521,40865,127296,251615,0,0,0,0,0.0819368
400679,9,1,153184,41427,35115,111757,218514,0,0,0,0,0.0977673
400680,3,1,132809,33520,28918,99289,172870,0,0,0,0,0.117736
400681,9,1,131586,33736,28732,97850,174641,0,0,0,0,0.0796094
400684,9,1,160909,41715,36673,119194,215449,0,0,0,0,0.0809209
400689,9,1,151262,39700,34163,111562,206582,0,0,0,0,0.0723156
400690,3,1,156725,41366,36190,115359,215670,0,0,0,0,0.113987
400691,9,1,149873,39323,33769,110550,204791,0,0,0,0,0.0662856
400694,9,1,180195,47929,41503,132266,250105,0,0,0,0,0.0582232
400699,9,1,164023,43317,37418,120706,225431,0,0,0,0,0.0617117
400700,3,1,156734,41363,36182,115371,215659,0,0,0,0,0.0830462
400701,9,1,149948,39336,33779,110612,204863,0,0,0,0,0.0625865
400704,9,1,180286,47935,41511,132351,250082,0,0,0,0,0.0600688
400709,9,1,164393,43383,37497,121010,225710,0,0,0,0,0.0573502
400710,3,1,156751,41367,36184,115384,215680,0,0,0,0,0.0807575
400711,9,1,183046,49458,42884,133588,259435,0,0,0,0,0.0649172
400714,9,2,278664,76895,67705,201757,407256,1,0,0,0,0.186821
400719,9,1,151936,39652,34062,112284,206254,0,0,0,0,0.0862634
400720,9,1,148873,39755,34228,109118,208227,0,0,0,0,0.0618138
400721,9,1,164888,43850,38531,121038,229112,0,0,0,0,0.0578556
400722,18,1,166411,45113,39007,121298,237840,0,0,0,0,0.0782662
400724,9,1,187745,50431,44820,137314,262834,0,0,0,0,0.0868687
400725,18,1,178346,48308,41982,130038,253584,0,0,0,0,0.0650441
400728,18,1,176365,47459,41116,128906,249021,0,0,0,0,0.0645914
400729,9,1,158122,41916,36757,116206,218738,0,0,0,0,0.0844149
400750,3,1,193391,51006,45491,142385,261944,0,0,0,0,0.140532
400751,9,1,179408,47278,41236,132130,242322,0,0,0,0,0.0628697
400754,9,2,204118,54420,48232,149686,281754,1,0,0,0,0.145259
400759,9,2,200598,53166,47291,147419,274562,1,0,0,0,0.188805
400760,3,1,193431,50981,45490,142450,261699,0,0,0,0,0.086028
400761,9,1,179282,47223,41201,132059,241945,0,0,0,0,0.0623633
400764,9,2,204121,54412,48192,149697,281697,1,0,0,0,0.137248
400769,9,2,200652,53175,47280,147464,274583,1,0,0,0,0.135634
400770,3,1,193494,50989,45472,142505,261727,0,0,0,0,0.0813844
400771,9,2,178925,47936,41878,130976,251271,1,0,0,0,0.131046
400774,9,2,189088,50876,45002,138199,266316,1,0,0,0,0.132523
400779,9,1,176879,46383,40024,130496,237704,0,0,0,0,0.0555539
400780,9,1,183117,48998,42933,134119,253549,0,0,0,0,0.0627131
400781,9,2,180669,48323,41849,132333,252940,1,0,0,0,0.137512
400782,18,2,178477,47930,41816,130534,250802,1,0,0,0,0.181418
400784,9,2,189168,50817,44326,138338,266060,1,0,0,0,0.170857
400785,18,2,187265,50357,44337,136895,263448,1,0,0,0,0.129838
400788,18,1,206829,56122,49048,150707,289333,0,0,0,0,0.0661057
400789,9,1,196318,52444,46661,143874,269924,0,0,0,0,0.103436
400810,3,1,149594,38182,33033,111412,195961,0,0,0,0,0.110026
400811,9,1,129179,33602,28931,95577,173804,0,0,0,0,0.049525
400814,9,2,188044,49475,43577,138556,256357,1,0,0,0,0.127993
400819,9,2,187409,49185,43337,138212,254383,1,0,0,0,0.129912
400820,3,1,149614,38188,33037,111426,195981,0,0,0,0,0.0782686
400821,9,1,162444,42951,37458,119493,222293,0,0,0,0,0.0561792
400824,9,2,182265,48426,42503,133826,252561,1,0,0,0,0.138836
400829,9,2,174857,46614,40850,128231,243131,1,0,0,0,0.131988
400830,9,1,167383,44456,38878,122927,230488,0,0,0,0,0.0628897
400831,9,1,175911,46584,40701,129327,240340,0,0,0,0,0.063295
400834,9,2,183720,49126,43033,134581,256883,1,0,0,0,0.134984
400835,18,2,185512,49646,43610,135853,259744,1,0,0,0,0.122183
400838,18,2,185619,50369,44352,135237,264541,1,0,0,0,0.127568
400839,9,2,184547,49478,43529,135056,258121,1,0,0,0,0.137874
400842,18,1,178668,47678,41738,130990,247782,0,0,0,0,0.0565771
400860,3,1,149780,38233,33056,111547,196251,0,0,0,0,0.0695618
400861,9,2,179178,48019,42204,131146,251198,1,0,0,0,0.146433
400864,9,2,181865,48504,42453,133348,252868,1,0,0,0,0.136595
400869,9,2,170506,45223,39301,125271,236098,1,0,0,0,0.135396
400870,9,1,167501,44486,38908,123015,230648,0,0,0,0,0.0619362
400871,9,2,192456,51894,45412,140549,272112,1,0,0,0,0.16141
400874,9,2,185361,49776,43735,135572,259781,1,0,0,0,0.140761
400879,9,2,180587,48180,41810,132394,251467,1,0,0,0,0.168957
400882,18,2,185460,50123,44035,135324,263371,1,0,0,0,0.186399
400885,18,2,188555,50837,44706,137705,266319,1,0,0,0,0.143363
400888,18,2,181365,48970,42834,132382,257275,1,0,0,0,0.129499
400900,9,2,185466,49275,43045,136178,254972,1,0,0,0,0.150054
400901,9,2,185643,49325,43057,136305,255282,1,0,0,0,0.185497
400904,9,2,194098,51141,45072,142945,262669,1,0,0,0,0.178185
400909,9,2,176605,46838,40797,129754,244096,1,0,0,0,0.164714
400922,18,2,259526,71577,62679,187937,377618,1,0,0,0,0.208352
400925,18,2,185202,49539,43444,135650,258860,1,0,0,0,0.124039
400928,18,2,179733,47745,41765,131975,249265,1,0,0,0,0.134668
400950,9,2,203069,54295,47231,148761,282123,1,0,0,0,0.135761
400951,9,2,203090,54299,47221,148778,282141,1,0,0,0,0.132247
400952,9,2,231249,61899,53707,169338,324898,1,0,0,0,0.188182
400953,9,2,245864,66763,58362,179089,351674,1,0,0,0,0.257249
400954,9,2,180359,46924,40631,133424,240969,1,0,0,0,0.129793
400955,9,2,173772,46173,40193,127586,241082,1,0,0,0,0.130706
400956,9,2,181426,48139,41736,133274,251238,1,0,0,0,0.141454
400957,9,2,169080,44728,38746,124340,233471,1,0,0,0,0.142972
400958,9,2,174672,46314,40041,128345,242248,1,0,0,0,0.135301
400959,9,2,170052,44499,38538,125540,231548,1,0,0,0,0.143698
400960,3,1,132593,33519,28907,99074,173024,0,0,0,0,0.138703
400961,9,1,131606,33758,28741,97848,174847,0,0,0,0,0.0719183
400964,9,1,161166,41836,36764,119330,216257,0,0,0,0,0.0690436
400969,9,1,151141,39704,34169,111437,206708,0,0,0,0,0.0686764
400970,3,1,156773,41400,36212,115373,215948,0,0,0,0,0.0829149
400971,9,1,149926,39356,33804,110570,205044,0,0,0,0,0.0635998
400974,9,1,179798,47836,41431,131962,249691,0,0,0,0,0.0573889
400979,9,1,163558,43180,37304,120378,224694,0,0,0,0,0.0550531
400980,3,1,156782,41397,36204,115385,215937,0,0,0,0,0.081579
400981,9,1,150001,39369,33814,110632,205116,0,0,0,0,0.0583205
400984,9,1,179892,47842,41446,132050,249666,0,0,0,0,0.0634543
400989,9,1,163964,43251,37391,120713,224990,0,0,0,0,0.0584685
400990,3,1,156804,41403,36207,115401,215970,0,0,0,0,0.0810776
400991,9,1,182451,49163,42653,133288,257750,0,0,0,0,0.0630891
400994,9,2,279124,77007,67768,202105,407881,1,0,0,0,0.162414
400999,9,1,151682,39576,34003,112106,205868,0,0,0,0,0.0567154
401000,9,1,149018,39802,34236,109216,208527,0,0,0,0,0.0593886
401001,9,1,164717,43778,38430,120939,228710,0,0,0,0,0.0578188
401002,18,1,166504,45121,39039,121383,237857,0,0,0,0,0.0585491
401004,9,1,187740,50381,44780,137359,262555,0,0,0,0,0.0602106
401005,18,1,178039,48185,41882,129854,252940,0,0,0,0,0.0604249
401008,18,1,175841,47264,40957,128577,248009,0,0,0,0,0.0620549
401009,9,1,157594,41747,36619,115847,217874,0,0,0,0,0.0726016
401030,3,1,194773,51409,45895,143364,264031,0,0,0,0,0.0838226
401031,9,1,180060,47372,41328,132688,242622,0,0,0,0,0.0628045
401034,9,2,204573,54479,48225,150082,282039,1,0,0,0,0.135782
401039,9,2,201231,53312,47450,147906,275368,1,0,0,0,0.135134
401040,3,1,194813,51384,45895,143429,263786,0,0,0,0,0.0828668
401041,9,1,179934,47317,41292,132617,242245,0,0,0,0,0.0614137
401044,9,2,204527,54457,48176,150058,281902,1,0,0,0,0.140763
401049,9,2,201309,53325,47440,147971,275406,1,0,0,0,0.149409
401050,3,1,194863,51389,45879,143474,263796,0,0,0,0,0.0836049
401051,9,2,179156,48075,41998,131068,252187,1,0,0,0,0.133515
401054,9,2,189082,50977,45064,138092,267116,1,0,0,0,0.136833
401059,9,1,177248,46423,40115,130825,237845,0,0,0,0,0.0570803
401060,9,1,183659,49059,43028,134600,253713,0,0,0,0,0.0613206
401061,9,2,181403,48554,42029,132836,254194,1,0,0,0,0.136101
401062,18,2,178991,48127,41945,130851,251986,1,0,0,0,0.129177
401064,9,2,189685,51018,44512,138654,267286,1,0,0,0,0.132327
401065,18,2,187484,50482,44373,136989,264252,1,0,0,0,0.149561
401068,18,1,207862,56323,49278,151539,290271,0,0,0,0,0.0661709
401069,9,1,197792,52841,47087,144951,271923,0,0,0,0,0.098234
401090,3,1,150092,38381,33231,111711,197185,0,0,0,0,0.104897
401091,9,1,128971,33533,28880,95438,173430,0,0,0,0,0.0554985
401094,9,2,187830,49351,43376,138466,255704,1,0,0,0,0.158682
401099,9,2,186528,48872,43056,137644,252751,1,0,0,0,0.145091
401100,3,1,150112,38387,33237,111725,197205,0,0,0,0,0.0704614
401101,9,1,162781,43058,37612,119723,222877,0,0,0,0,0.0531473
401104,9,2,182028,48356,42464,133659,252245,1,0,0,0,0.130575
401109,9,2,174759,46570,40800,128177,242982,1,0,0,0,0.150557
401110,9,1,167823,44556,38965,123267,231119,0,0,0,0,0.0666879
401111,9,1,176101,46596,40701,129505,240456,0,0,0,0,0.0553773
401114,9,2,183323,48936,42905,134374,255788,1,0,0,0,0.130413
401115,18,2,185850,49708,43700,136129,260028,1,0,0,0,0.12139
401118,18,2,185571,50358,44333,135200,264562,1,0,0,0,0.120544
401119,9,2,184936,49612,43593,135311,258943,1,0,0,0,0.131425
401122,18,1,178976,47733,41803,131243,248096,0,0,0,0,0.055598
401140,3,1,150278,38432,33256,111846,197475,0,0,0,0,0.0699471
401141,9,2,178481,47871,42140,130597,250564,1,0,0,0,0.143526
401144,9,2,181537,48421,42411,133103,252477,1,0,0,0,0.125934
401149,9,2,170116,45131,39238,124973,235683,1,0,0,0,0.130161
401150,9,1,167954,44588,38996,123366,231287,0,0,0,0,0.0565867
401151,9,2,192135,51796,45376,140326,271563,1,0,0,0,0.147224
401154,9,2,184855,49610,43570,135232,258938,1,0,0,0,0.134927
401159,9,2,180795,48268,41876,132514,252057,1,0,0,0,0.153177
401162,18,2,185269,50057,44005,135199,263032,1,0,0,0,0.147235
401165,18,2,188281,50741,44619,137527,265782,1,0,0,0,0.166212
401168,18,2,181137,48961,42786,132163,257431,1,0,0,0,0.166294
401180,9,2,185306,49140,42944,136153,254104,1,0,0,0,0.17118
401181,9,2,185483,49190,42955,136280,254414,1,0,0,0,0.157645
401184,9,2,193809,51039,45016,142758,262153,1,0,0,0,0.151453
401189,9,2,176950,46932,40839,130005,244635,1,0,0,0,0.156366
401202,18,2,258735,71319,62523,187404,376206,1,0,0,0,0.178091
401205,18,2,185031,49429,43347,135589,258129,1,0,0,0,0.130549
401208,18,2,179581,47688,41693,131880,248995,1,0,0,0,0.142035
401230,9,2,202971,54182,47148,148776,281364,1,0,0,0,0.158991
401231,9,2,202992,54186,47138,148793,281382,1,0,0,0,0.183413
401232,9,2,230678,61724,53606,168942,323954,1,0,0,0,0.159471
401233,9,2,244710,66491,58170,178207,350412,1,0,0,0,0.187746
401234,9,2,180591,46956,40730,133624,241058,1,0,0,0,0.123652
401235,9,2,172877,45858,39944,127006,239300,1,0,0,0,0.122
401236,9,2,180871,47918,41600,132940,249956,1,0,0,0,0.128849
401237,9,2,168306,44472,38531,123822,232043,1,0,0,0,0.12668
401238,9,2,174110,46096,39891,128001,241034,1,0,0,0,0.12734
401239,9,2,169472,44351,38392,125108,230824,1,0,0,0,0.139569
401240,3,1,132258,33463,28913,98795,172812,0,0,0,0,0.108518
401241,9,1,131661,33773,28738,97888,174963,0,0,0,0,0.0707619
401244,9,1,160863,41778,36687,119085,216053,0,0,0,0,0.0733135
401249,9,1,150811,39626,34086,111185,206344,0,0,0,0,0.0666996
401250,3,1,164555,42905,37585,121650,221731,0,0,0,0,0.0765959
401251,9,1,157994,41207,35426,116787,213293,0,0,0,0,0.0550376
401254,9,1,187156,49232,42735,137924,254687,0,0,0,0,0.0585982
401259,9,1,169113,44290,38115,124823,228300,0,0,0,0,0.0538901
401260,3,1,164575,42905,37581,121670,221732,0,0,0,0,0.0761291
401261,9,1,158086,41226,35434,116860,213407,0,0,0,0,0.0576115
401264,9,1,187336,49267,42788,138069,254849,0,0,0,0,0.0594774
401269,9,1,169194,44284,38150,124910,228202,0,0,0,0,0.0552313
401270,3,1,164550,42900,37581,121650,221702,0,0,0,0,0.0951691
401271,9,1,194698,52031,45060,142667,270630,0,0,0,0,0.0687706
401274,9,2,276237,75614,66720,200611,399161,1,0,0,0,0.194873
401279,9,1,158902,41602,35778,117300,215243,0,0,0,0,0.0583047
401280,9,1,155888,41441,35792,114447,215952,0,0,0,0,0.060642
401281,9,1,175256,46473,40847,128783,240736,0,0,0,0,0.0582494
401282,18,1,178688,47874,41510,130814,250092,0,0,0,0,0.0631279
401284,9,1,198013,53170,47230,144843,275443,0,0,0,0,0.0633729
401285,18,1,187641,50258,43885,137383,261457,0,0,0,0,0.0604988
401288,18,1,185779,49793,43005,135986,259775,0,0,0,0,0.0612928
401289,9,1,164129,43417,38160,120712,225313,0,0,0,0,0.0765871
401310,3,1,174023,45179,39666,128844,231958,0,0,0,0,0.0800748
401311,9,1,171279,44587,38529,126692,229327,0,0,0,0,0.0593991
401314,9,2,194751,52466,46416,142273,275480,1,0,0,0,0.167182
401319,9,2,184259,49233,43715,135013,257973,1,0,0,0,0.184448
401320,3,1,173901,45139,39610,128762,231685,0,0,0,0,0.114102
401321,9,1,171106,44539,38483,126567,229035,0,0,0,0,0.0652352
401324,9,2,194758,52470,46400,142276,275506,1,0,0,0,0.18693
401329,9,2,184245,49231,43716,135001,257956,1,0,0,0,0.173849
401330,3,1,173845,45127,39599,128718,231615,0,0,0,0,0.0969883
401331,9,1,203031,53867,46758,149164,277908,0,0,0,0,0.0609997
401334,9,2,174529,46858,41257,127658,246557,1,0,0,0,0.139714
401339,9,1,166758,43053,37200,123705,220187,0,0,0,0,0.0582375
401340,9,1,165724,43358,37330,122366,223159,0,0,0,0,0.0625518
401341,9,2,262615,71143,62580,191459,373925,1,0,0,0,0.156708
401342,18,1,186536,49451,42875,137085,255661,0,0,0,0,0.0839568
401344,9,2,275021,74722,66364,200286,391665,1,0,0,0,0.165486
401345,18,1,195963,52127,45476,143836,268215,0,0,0,0,0.0598513
401348,18,1,194146,51391,44305,142755,265487,0,0,0,0,0.0627431
401349,9,1,176489,46045,40052,130444,236142,0,0,0,0,0.0884371
401370,3,1,136206,34868,30463,101338,180807,0,0,0,0,0.0775232
401371,9,1,120129,30904,26540,89225,160756,0,0,0,0,0.0533474
401374,9,2,172505,45301,39806,127192,236055,1,0,0,0,0.156417
401379,9,2,171841,44692,39382,127136,231849,1,0,0,0,0.173607
401380,3,1,136283,34887,30480,101396,180893,0,0,0,0,0.0875087
401381,9,1,149212,39229,34284,109983,204694,0,0,0,0,0.0665371
401384,9,2,168703,44679,39164,124012,233889,1,0,0,0,0.186563
401389,9,2,168998,45068,39692,123917,236575,1,0,0,0,0.18242
401390,9,1,153658,40833,35505,112825,213415,0,0,0,0,0.073729
401391,9,1,160269,42374,36814,117895,220461,0,0,0,0,0.0659327
401394,9,2,172577,46134,40776,126430,241957,1,0,0,0,0.265894
401395,18,2,173873,46339,40764,127521,243029,1,0,0,0,0.188963
401398,18,2,177141,47950,42268,129178,252687,1,0,0,0,0.143234
401399,9,2,175009,47230,41603,127766,248510,1,0,0,0,0.14748
401402,18,1,168552,45440,39900,123112,239330,0,0,0,0,0.0877145
401420,3,1,136670,34999,30540,101671,181543,0,0,0,0,0.107446
401421,9,2,161042,42706,37477,118323,224154,1,0,0,0,0.190573
401424,9,2,169029,44966,39387,124051,235734,1,0,0,0,0.140247
401429,9,2,164743,43423,37968,121307,227313,1,0,0,0,0.137137
401430,9,1,153916,40908,35519,113008,213861,0,0,0,0,0.0638722
401431,9,2,175210,46891,41166,128306,246921,1,0,0,0,0.180073
401434,9,2,172095,46123,40743,125959,242026,1,0,0,0,0.143482
401439,9,2,173940,46900,40969,127027,247085,1,0,0,0,0.169366
401442,18,2,164238,43823,38212,120402,231050,1,0,0,0,0.187545
401445,18,2,172629,46599,40945,126017,245937,1,0,0,0,0.126255
401448,18,2,174145,46874,40939,127258,247227,1,0,0,0,0.161386
401460,9,2,172973,45683,39953,127277,237497,1,0,0,0,0.211311
401461,9,2,173084,45716,39939,127355,237711,1,0,0,0,0.186727
401464,9,2,180739,48075,42565,132651,250138,1,0,0,0,0.146453
401469,9,2,176923,46863,41039,130047,244248,1,0,0,0,0.174839
401482,18,2,234292,63640,55552,170639,336736,1,0,0,0,0.202099
401485,18,2,167768,44711,39177,123044,235233,1,0,0,0,0.154297
401488,18,2,168964,45107,39326,123844,237467,1,0,0,0,0.170802
401510,9,2,191028,50487,43961,140528,263289,1,0,0,0,0.166111
401511,9,2,190993,50472,43942,140508,263204,1,0,0,0,0.144275
401512,9,2,214659,56714,49357,157933,298668,1,0,0,0,0.163133
401513,9,2,224260,60680,53018,163568,321343,1,0,0,0,0.219573
401514,9,2,166884,43478,37901,123394,225444,1,0,0,0,0.15963
401515,9,2,163324,43046,37521,120265,225796,1,0,0,0,0.126384
401516,9,2,166669,44111,38202,122545,231561,1,0,0,0,0.13203
401517,9,2,161470,42400,36880,119057,221730,1,0,0,0,0.160558
401518,9,2,164649,43391,37522,121245,227440,1,0,0,0,0.169534
401519,9,2,169282,44257,38408,125012,230395,1,0,0,0,0.16784
401520,3,1,125192,32067,27421,93125,166708,0,0,0,0,0.0808084
401521,9,1,137694,35858,30580,101836,187195,0,0,0,0,0.061813
401524,9,2,177487,46954,41567,130520,245564,1,0,0,0,0.215855
401529,9,1,135178,35614,30790,99564,185715,0,0,0,0,0.0624464
401530,3,1,132741,33062,28837,99679,168740,0,0,0,0,0.0981432
401531,9,1,146036,37416,32448,108620,192348,0,0,0,0,0.0549382
401534,9,2,184694,49236,43240,135445,258139,1,0,0,0,0.147349
401539,9,2,182042,48833,43194,133197,256787,1,0,0,0,0.179196
401540,3,1,167599,43983,38628,123616,229788,0,0,0,0,0.0891845
401541,9,1,158323,42239,36459,116084,222105,0,0,0,0,0.0599522
401544,9,2,214604,58415,51455,156176,307722,1,0,0,0,0.153576
401549,9,2,213822,58168,51227,155642,306485,1,0,0,0,0.154119
401550,3,1,168210,44161,38828,124049,230720,0,0,0,0,0.102201
401551,9,2,165108,43562,37837,121533,228585,1,0,0,0,0.142556
401554,9,2,258480,71274,62980,187194,378130,1,0,0,0,0.183338
401559,9,2,255480,69750,61675,185718,369147,1,0,0,0,0.192447
401560,9,1,164937,43503,38029,121434,227210,0,0,0,0,0.0582289
401561,9,2,169767,45614,39566,124140,240822,1,0,0,0,0.158958
401562,18,1,164296,43956,38582,120340,230978,0,0,0,0,0.0790484
401564,9,2,247746,67741,59768,179994,358361,1,0,0,0,0.186917
401565,18,2,167426,45004,39692,122409,237802,1,0,0,0,0.124544
401568,18,2,167430,44603,39317,122814,234689,1,0,0,0,0.124045
401569,9,1,181603,47849,41729,133754,247163,0,0,0,0,0.062768
401590,3,1,140544,34626,30058,105918,174677,0,0,0,0,0.0693251
401591,9,2,235849,63414,55457,172422,333187,1,0,0,0,0.162612
401594,9,2,186661,50058,44052,136590,262688,1,0,0,0,0.174437
401599,9,2,180406,47762,42425,132631,249377,1,0,0,0,0.145666
401600,3,1,177280,46312,40984,130968,240539,0,0,0,0,0.0838294
401601,9,1,166373,43987,37866,122386,229413,0,0,0,0,0.0744294
401604,9,2,182986,48659,42873,134316,254101,1,0,0,0,0.151117
401609,9,2,182340,48403,42793,133924,252581,1,0,0,0,0.173178
401610,3,1,177120,46256,40928,130864,240206,0,0,0,0,0.0806832
401611,9,2,168275,44895,39507,123367,235589,1,0,0,0,0.160872
401614,9,2,169784,45691,40198,124080,240308,1,0,0,0,0.134663
401619,9,2,165136,43823,38522,121300,229628,1,0,0,0,0.152967
401620,9,2,247490,67138,59481,180339,354436,1,0,0,0,0.169387
401621,9,2,172301,46046,40391,126242,241824,1,0,0,0,0.141003
401622,18,1,169902,44995,40020,124907,233857,0,0,0,0,0.0549206
401624,9,2,164553,44476,39218,120064,234010,1,0,0,0,0.128478
401625,18,2,171401,46173,40820,125215,243274,1,0,0,0,0.122211
401628,18,2,169519,45151,39968,124355,237175,1,0,0,0,0.122842
401629,9,1,189173,49465,42907,139708,252984,0,0,0,0,0.0593496
401650,3,1,167837,43358,37619,124479,222786,0,0,0,0,0.0839294
401651,9,1,153285,40168,34623,113117,208012,0,0,0,0,0.058688
401654,9,2,170406,44828,39404,125567,233860,1,0,0,0,0.130992
401659,9,2,173942,45572,40178,128358,237438,1,0,0,0,0.128097
401660,3,1,167860,43369,37630,124491,222866,0,0,0,0,0.0768435
401661,9,2,168736,44962,39609,123761,235374,1,0,0,0,0.146885
401664,9,2,169852,45322,39833,124517,237436,1,0,0,0,0.125374
401669,9,2,169528,45326,39933,124189,238059,1,0,0,0,0.129415
401670,9,2,165322,44438,39172,120871,234499,1,0,0,0,0.153298
401671,9,2,170434,45634,40061,124789,239964,1,0,0,0,0.148195
401674,9,2,164905,44450,39185,120443,233565,1,0,0,0,0.129114
401675,18,2,171092,46415,40996,124664,244615,1,0,0,0,0.119475
401678,18,2,175469,47237,41558,128219,248908,1,0,0,0,0.132107
401679,9,2,173325,46566,41020,126746,244751,1,0,0,0,0.140601
401682,18,2,167268,44927,39437,122328,236582,1,0,0,0,0.155653
401700,3,1,138345,35158,30635,103187,181419,0,0,0,0,0.110835
401701,9,2,161221,43128,37623,118080,226454,1,0,0,0,0.15682
401704,9,2,164566,43875,38257,120678,229994,1,0,0,0,0.145642
401709,9,2,162100,42935,37633,119152,224847,1,0,0,0,0.174113
401710,9,1,161127,42143,36889,118984,218655,0,0,0,0,0.0811305
401711,9,2,171423,45731,39788,125679,239635,1,0,0,0,0.142444
401714,9,2,168333,44913,39307,123407,235367,1,0,0,0,0.132765
401719,9,2,173130,46479,40537,126638,244479,1,0,0,0,0.137674
401722,18,2,168759,45401,39512,123345,239475,1,0,0,0,0.137905
401725,18,2,170857,46039,40379,124805,242654,1,0,0,0,0.130112
401728,18,2,167662,44851,39169,122798,235639,1,0,0,0,0.127429
401740,9,2,177044,46780,41372,130251,243138,1,0,0,0,0.168879
401741,9,2,181090,48482,42563,132595,252417,1,0,0,0,0.172558
401744,9,2,177517,47090,41356,130414,244720,1,0,0,0,0.13824
401749,9,2,173619,45827,40108,127779,238453,1,0,0,0,0.139242
401762,18,2,160886,42952,37559,117922,226307,1,0,0,0,0.135168
401765,18,2,168400,45322,39739,123065,239141,1,0,0,0,0.129528
401768,18,2,165851,44479,38833,121359,233983,1,0,0,0,0.125766
401790,9,2,196311,51689,45157,144609,268861,1,0,0,0,0.173353
401791,9,2,167385,43360,37743,124012,224606,1,0,0,0,0.127306
401792,9,2,152632,39249,34215,113371,203953,1,0,0,0,0.124267
401793,9,2,228072,61591,53776,166469,325234,1,0,0,0,0.161348
401794,9,2,175354,45976,40169,129366,238504,1,0,0,0,0.130026
401795,9,2,161665,42488,37103,119164,222462,1,0,0,0,0.13603
401796,9,2,164318,43826,37945,120479,230488,1,0,0,0,0.148421
401797,9,2,165289,43864,38424,121412,229726,1,0,0,0,0.140842
401798,9,2,161880,42871,37140,118996,224685,1,0,0,0,0.127942
401799,9,2,173516,45622,39768,127882,237218,1,0,0,0,0.134954
401800,3,1,125241,32082,27403,93159,166800,0,0,0,0,0.0726398
401801,9,1,137896,35903,30621,101993,187420,0,0,0,0,0.0550432
401804,9,2,176860,46847,41482,130000,245037,1,0,0,0,0.169501
401809,9,1,135655,35689,30849,99966,186048,0,0,0,0,0.0521095
401810,3,1,132406,32979,28784,99427,168295,0,0,0,0,0.0723961
401811,9,1,146109,37419,32469,108690,192348,0,0,0,0,0.0522762
401814,9,2,184260,49154,43171,135093,257714,1,0,0,0,0.131734
401819,9,2,182020,48799,43180,133209,256555,1,0,0,0,0.141718
401820,3,1,167319,43930,38593,123389,229566,0,0,0,0,0.0780353
401821,9,1,158359,42253,36479,116106,222200,0,0,0,0,0.0608343
401824,9,2,214356,58240,51240,156103,306664,1,0,0,0,0.139607
401829,9,2,213646,58035,51034,155599,305723,1,0,0,0,0.134674
401830,3,1,169458,44801,39402,124657,234652,0,0,0,0,0.0783827
401831,9,2,165352,43593,37942,121746,228635,1,0,0,0,0.141787
401834,9,1,179770,47665,41688,132105,248786,0,0,0,0,0.0608126
401839,9,1,167015,43925,38003,123090,228664,0,0,0,0,0.052913
401840,9,1,165379,43698,38232,121681,228349,0,0,0,0,0.0591012
401841,9,2,168047,45106,39281,122928,237976,1,0,0,0,0.145036
401842,18,1,172979,46320,40754,126659,243077,0,0,0,0,0.0588631
401844,9,2,245786,67430,59289,178345,357136,1,0,0,0,0.171467
401845,18,2,167826,45554,39974,122259,241357,1,0,0,0,0.143832
401848,18,2,166207,44448,39079,121746,234429,1,0,0,0,0.139524
401849,9,1,161677,42005,36336,119672,216844,0,0,0,0,0.0626916
401870,3,1,140142,34541,29998,105601,174303,0,0,0,0,0.0688488
401871,9,2,236068,63485,55487,172570,333612,1,0,0,0,0.169288
401874,9,2,185906,49870,43943,136023,261650,1,0,0,0,0.140729
401879,9,2,180353,47731,42413,132609,249170,1,0,0,0,0.136957
401880,3,1,177164,46300,40980,130864,240545,0,0,0,0,0.0820585
401881,9,1,166420,44004,37892,122416,229519,0,0,0,0,0.06021
401884,9,2,183162,48697,42904,134454,254296,1,0,0,0,0.145452
401889,9,2,182593,48452,42826,134128,252824,1,0,0,0,0.130194
401890,3,1,177989,46667,41255,131322,242763,0,0,0,0,0.0790632
401891,9,2,168660,44988,39594,123659,236123,1,0,0,0,0.185375
401894,9,1,187273,49527,43369,137746,256896,0,0,0,0,0.0893504
401899,9,2,162411,43165,37944,119233,226742,1,0,0,0,0.139702
401900,9,2,247649,67197,59522,180439,354750,1,0,0,0,0.176436
401901,9,2,172627,46083,40335,126531,242079,1,0,0,0,0.156075
401902,18,1,177236,46804,41715,130432,242507,0,0,0,0,0.0600622
401904,9,2,166015,45175,39755,120827,238215,1,0,0,0,0.143063
401905,18,2,171407,46548,41013,124846,245922,1,0,0,0,0.122968
401908,18,2,167487,44789,39496,122685,236042,1,0,0,0,0.121894
401909,9,1,170221,44016,38032,126205,225385,0,0,0,0,0.0565091
401930,3,1,167632,43318,37602,124314,222607,0,0,0,0,0.0796449
401931,9,1,153387,40183,34641,113204,208073,0,0,0,0,0.0589503
401934,9,2,170726,44888,39426,125827,234129,1,0,0,0,0.13678
401939,9,2,174025,45586,40184,128427,237508,1,0,0,0,0.134093
401940,3,1,169621,43993,38170,125628,226430,0,0,0,0,0.0864917
401941,9,2,168941,45017,39620,123911,235727,1,0,0,0,0.150926
401944,9,2,170745,45674,40124,125058,239272,1,0,0,0,0.133165
401949,9,2,167340,44711,39396,122616,234660,1,0,0,0,0.129935
401950,9,2,165466,44469,39198,120984,234659,1,0,0,0,0.160015
401951,9,2,169726,45447,39844,124268,238960,1,0,0,0,0.143768
401954,9,2,165553,44509,39324,121032,233335,1,0,0,0,0.133193
401955,18,2,172511,46888,41273,125610,247263,1,0,0,0,0.130856
401958,18,2,173423,46882,41215,126528,247388,1,0,0,0,0.126474
401959,9,2,171525,46186,40887,125326,242725,1,0,0,0,0.133597
401962,18,2,167857,45118,39570,122726,237639,1,0,0,0,0.183764
401980,3,1,138073,35133,30589,102940,181420,0,0,0,0,0.158788
401981,9,1,163002,42225,36630,120777,218408,0,0,0,0,0.0710902
401984,9,1,173871,45495,40287,128376,235319,0,0,0,0,0.0711351
401989,9,1,176238,45941,40540,130297,237851,0,0,0,0,0.0705943
401990,9,1,160969,42113,36884,118856,218510,0,0,0,0,0.080441
401991,9,1,159300,40606,35008,118694,206976,0,0,0,0,0.0567441
401994,9,1,173653,45123,39578,128530,232451,0,0,0,0,0.0582793
401999,9,1,169255,43890,38208,125365,226127,0,0,0,0,0.0561537
402002,18,1,188301,50678,44387,137623,265088,0,0,0,0,0.0617409
402005,18,1,204640,55472,49156,149168,289747,0,0,0,0,0.0643967
402008,18,2,167205,45019,39333,122174,237120,1,0,0,0,0.131787
402020,9,2,177069,46782,41378,130274,243156,1,0,0,0,0.175664
402021,9,2,180751,48394,42516,132344,251927,1,0,0,0,0.152303
402024,9,2,177370,47046,41358,130311,244418,1,0,0,0,0.1609
402029,9,2,173045,45680,40032,127352,237662,1,0,0,0,0.166199
402042,18,2,159387,42546,37101,116829,224306,1,0,0,0,0.25355
402045,18,2,269625,74958,66496,194655,397930,1,0,0,0,0.180393
402048,18,2,276504,76844,67370,199648,408089,1,0,0,0,0.225336
402070,9,2,196166,51621,45106,144532,268447,1,0,0,0,0.223467
402071,9,2,167492,43398,37746,124081,224799,1,0,0,0,0.143855
402072,9,2,152117,39496,34355,112609,206404,1,0,0,0,0.151487
402073,9,2,224960,60653,52773,164295,320870,1,0,0,0,0.170407
402074,9,2,175210,45941,40166,129257,238301,1,0,0,0,0.137391
402075,9,2,160163,42206,36821,117944,221338,1,0,0,0,0.138215
402076,9,2,162699,43411,37469,119275,228424,1,0,0,0,0.143274
402077,9,2,164639,43816,38418,120810,229836,1,0,0,0,0.145299
402078,9,2,158952,41980,36554,116959,220020,1,0,0,0,0.160891
402079,9,2,173802,45682,39809,128108,237488,1,0,0,0,0.165132
402080,3,1,125295,32095,27408,93200,166876,0,0,0,0,0.0730677
402081,9,1,143837,37257,31740,106580,193687,0,0,0,0,0.0544325
402084,9,1,153833,39670,34233,114163,203768,0,0,0,0,0.0556648
402089,9,1,123272,32184,27931,91088,168127,0,0,0,0,0.055953
402090,3,1,132274,32958,28771,99316,168232,0,0,0,0,0.0686
402091,9,1,153296,39090,33826,114206,199984,0,0,0,0,0.0525737
402094,9,1,163355,41253,35839,122102,208779,0,0,0,0,0.0778357
402099,9,1,131238,33243,28771,97995,171017,0,0,0,0,0.0506662
402100,3,1,168546,44568,39165,123978,233498,0,0,0,0,0.0805019
402101,9,1,163623,43188,37487,120435,225651,0,0,0,0,0.0555772
402104,9,2,203270,55335,48788,147922,292213,1,0,0,0,0.143709
402109,9,2,196681,52926,46607,143742,278318,1,0,0,0,0.140412
402110,3,1,169160,44745,39363,124415,234418,0,0,0,0,0.0823291
402111,9,2,189198,50602,44535,138583,266351,1,0,0,0,0.160354
402114,9,1,172149,45604,39801,126545,238353,0,0,0,0,0.0596957
402119,9,1,155119,39964,34636,115155,206296,0,0,0,0,0.0572542
402120,9,1,170749,44371,38709,126378,229004,0,0,0,0,0.0595372
402121,9,2,165769,44764,39331,120992,236168,1,0,0,0,0.145604
402122,18,1,168245,45138,39653,123107,237776,0,0,0,0,0.0614694
402124,9,2,252853,69341,60765,183501,366349,1,0,0,0,0.167753
402125,18,2,259353,71575,63348,187766,380106,1,0,0,0,0.1479
402128,18,2,244684,66281,58466,178391,350132,1,0,0,0,0.143176
402129,9,1,146007,37619,32092,108388,194193,0,0,0,0,0.0537503
402150,3,1,140011,34517,29992,105494,174212,0,0,0,0,0.0909771
402151,9,2,240877,64636,56632,176228,338907,1,0,0,0,0.161501
402154,9,2,207739,56092,49575,151634,294294,1,0,0,0,0.184076
402159,9,2,191262,50527,44650,140722,263703,1,0,0,0,0.157569
402160,3,1,178025,46707,41301,131318,243070,0,0,0,0,0.107792
402161,9,1,171985,45039,39285,126946,233634,0,0,0,0,0.0679364
402164,9,2,203507,55400,49111,148094,291942,1,0,0,0,0.156576
402169,9,2,197452,53134,47236,144305,278894,1,0,0,0,0.17292
402170,3,1,177822,46643,41241,131179,242699,0,0,0,0,0.0820397
402171,9,2,196503,52841,46891,143649,277677,1,0,0,0,0.190895
402174,9,1,179504,47425,41318,132079,246500,0,0,0,0,0.0681512
402179,9,1,161206,41196,35592,120010,211250,0,0,0,0,0.0697862
402180,9,2,252149,68303,60535,183833,359761,1,0,0,0,0.250326
402181,9,2,169008,45606,40225,123389,240048,1,0,0,0,0.194958
402182,18,1,172578,45846,40240,126732,239810,0,0,0,0,0.0843676
402184,9,2,220304,61069,53619,159222,323095,1,0,0,0,0.180536
402185,18,2,260879,71726,63486,189141,379615,1,0,0,0,0.180714
402188,18,2,246605,66848,59077,179745,352566,1,0,0,0,0.160578
402189,9,1,151706,38913,33308,112793,199529,0,0,0,0,0.0535699
402210,3,1,169427,43945,38149,125482,226172,0,0,0,0,0.106211
402211,9,1,165658,42896,37383,122762,220129,0,0,0,0,0.0737083
402214,9,1,189964,49959,43678,140005,258129,0,0,0,0,0.0801522
402219,9,1,188330,49454,43008,138876,255676,0,0,0,0,0.0893235
402220,3,1,169417,43952,38149,125465,226243,0,0,0,0,0.104774
402221,9,1,178810,45920,40218,132890,233105,0,0,0,0,0.0793055
402224,9,2,205595,56110,49655,149472,295025,1,0,0,0,0.184072
402229,9,2,201349,54524,48055,146812,286310,1,0,0,0,0.158744
402230,9,2,166691,45143,39728,121535,239058,1,0,0,0,0.218368
402231,9,2,170594,46044,40857,124537,242918,1,0,0,0,0.179803
402234,9,2,206383,57242,50989,149128,301508,1,0,0,0,0.1477
402235,18,2,210206,58118,51458,152075,307111,1,0,0,0,0.149353
402238,18,2,205000,56270,49835,148717,296861,1,0,0,0,0.149603
402239,9,2,204481,56208,49856,148260,296463,1,0,0,0,0.170145
402242,18,1,169756,44842,39213,124914,232417,0,0,0,0,0.0785058
402260,3,1,137867,35096,30575,102771,181272,0,0,0,0,0.112401
402261,9,1,147234,37927,32894,109307,196324,0,0,0,0,0.0728191
402264,9,1,167143,43608,38075,123535,226021,0,0,0,0,0.0847736
402269,9,1,157580,40749,35665,116831,210539,0,0,0,0,0.0796796
402270,9,1,170758,44494,39073,126264,229587,0,0,0,0,0.0912426
402271,9,1,159808,40897,35359,118911,207805,0,0,0,0,0.0801303
402274,9,1,174985,45197,39514,129788,230931,0,0,0,0,0.0796025
402279,9,1,172846,44497,38379,128349,226700,0,0,0,0,0.0829803
402282,18,1,175182,46574,40681,128608,243101,0,0,0,0,0.0866906
402285,18,1,188535,50326,44347,138209,262158,0,0,0,0,0.0878071
402288,18,1,182769,48178,41928,134591,250217,0,0,0,0,0.0843982
402300,9,1,180696,46524,40700,134172,237742,0,0,0,0,0.0994391
402301,9,1,167303,42050,36292,125253,210362,0,0,0,0,0.0678697
402304,9,1,186971,47836,41781,139135,241839,0,0,0,0,0.0631911
402309,9,1,172769,44487,38368,128282,226692,0,0,0,0,0.0603133
402322,18,1,169486,44543,38588,124943,231480,0,0,0,0,0.0609154
402325,18,1,185862,49728,43528,136134,259248,0,0,0,0,0.0763891
402328,18,1,187007,49439,42841,137568,256689,0,0,0,0,0.0771755
402350,9,1,136167,34924,30586,101243,180368,0,0,0,0,0.0986483
402351,9,2,156382,40859,35888,115511,213257,1,0,0,0,0.193759
402352,9,2,150772,39226,34419,111534,204958,1,0,0,0,0.206356
402353,9,1,120600,31056,26683,89544,161449,0,0,0,0,0.0553485
402354,9,2,237735,63803,56341,173920,335552,1,0,0,0,0.178743
402355,9,2,158252,41521,36286,116719,217026,1,0,0,0,0.198199
402356,9,1,146687,38310,33409,108377,198706,0,0,0,0,0.0976945
402357,9,1,145635,37317,32748,108318,190743,0,0,0,0,0.0935465
402358,9,2,161328,42650,37162,118666,223434,1,0,0,0,0.257895
402359,9,2,243356,66087,58092,177257,349424,1,0,0,0,0.267479
402360,9,1,109001,28208,23876,80793,147532,0,0,0,0,0.103428
402361,9,1,119909,30581,26268,89328,158467,0,0,0,0,0.0933823
402364,9,2,185491,48855,42818,136623,255039,1,0,0,0,0.212711
402369,9,1,131076,33880,29575,97196,175603,0,0,0,0,0.100895
402370,9,1,119281,30134,25921,89147,154996,0,0,0,0,0.126464
402371,9,2,181179,48629,42131,132537,256240,1,0,0,0,0.288996
402374,9,2,196872,52552,46200,144307,274965,1,0,0,0,0.248615
402379,9,1,139433,34793,30391,104640,177216,0,0,0,0,0.0951459
402380,9,1,144098,37965,32908,106133,199000,0,0,0,0,0.0989644
402381,9,2,245201,66711,58495,178479,353453,1,0,0,0,0.212618
402384,9,2,204462,55987,48912,148462,296318,1,0,0,0,0.201343
402389,9,2,173291,46643,40835,126635,245502,1,0,0,0,0.197442
402390,9,1,144622,38125,33087,106497,199860,0,0,0,0,0.110187
402391,9,2,191994,51968,45651,140014,273678,1,0,0,0,0.291858
402394,9,2,199371,55431,48692,143927,295059,1,0,0,0,0.290856
402399,9,2,190678,52130,45796,138535,275449,1,0,0,0,0.232236
402400,9,2,181204,49217,43004,131974,260716,1,0,0,0,0.205397
402401,9,2,161663,43481,37845,118170,229640,1,0,0,0,0.193122
402404,9,2,221502,61567,53809,159922,327263,1,0,0,0,0.252719
402409,9,2,209023,57424,50372,151586,304029,1,0,0,0,0.3037
402430,9,1,125866,31394,26919,94472,159551,0,0,0,0,0.0914522
402431,9,2,189902,50956,44452,138933,267261,1,0,0,0,0.168578
402434,9,2,197720,52901,46652,144806,276223,1,0,0,0,0.269391
402439,9,2,192809,51188,45212,141608,267094,1,0,0,0,0.291467
402440,9,1,150153,39420,34242,110733,205679,0,0,0,0,0.0945919
402441,9,2,241900,65421,57551,176466,344750,1,0,0,0,0.182701
402444,9,2,204268,55683,49099,148572,293537,1,0,0,0,0.152462
402449,9,2,173955,47077,41630,126865,247451,1,0,0,0,0.177914
402450,9,1,149900,39351,34181,110549,205301,0,0,0,0,0.0758987
402451,9,2,172301,46155,40624,126134,241980,1,0,0,0,0.155731
402454,9,2,200464,55150,48706,145301,291616,1,0,0,0,0.152757
402459,9,2,193358,52519,46250,140826,276052,1,0,0,0,0.166566
402460,9,2,190385,51475,45433,138897,271680,1,0,0,0,0.153876
402461,9,2,167253,45138,39579,122103,238205,1,0,0,0,0.182232
402464,9,2,225055,62070,54644,162972,328177,1,0,0,0,0.205166
402469,9,2,213165,58346,51167,154806,307638,1,0,0,0,0.172962
402490,9,1,143791,37341,32020,106450,192537,0,0,0,0,0.0581146
402491,9,2,187238,50221,44375,137004,263082,1,0,0,0,0.236661
402494,9,2,195805,53246,47283,142546,280369,1,0,0,0,0.149756
402499,9,2,200066,53749,47832,146304,281207,1,0,0,0,0.166827
402500,9,1,143694,37322,32001,106372,192436,0,0,0,0,0.05741
402501,9,2,171485,45936,40676,125537,240877,1,0,0,0,0.146432
402504,9,2,200934,55167,49200,145755,290296,1,0,0,0,0.144259
402509,9,2,200342,54518,48506,145812,285405,1,0,0,0,0.142449
402510,9,2,165181,44425,38891,120744,234465,1,0,0,0,0.156041
402511,9,2,168584,45569,39762,123003,240524,1,0,0,0,0.177278
402514,9,2,168183,45870,40508,122300,241916,1,0,0,0,0.152724
402519,9,2,168500,45335,40045,123152,237979,1,0,0,0,0.152197
402540,9,1,126119,31875,27380,94244,164240,0,0,0,0,0.0720195
402541,9,1,126744,32850,28760,93894,170856,0,0,0,0,0.0587483
402544,9,1,148744,38945,34084,109799,201991,0,0,0,0,0.0603947
402549,9,1,147012,37592,33100,109420,192011,0,0,0,0,0.0742276
402550,9,1,141122,35470,31221,105652,181270,0,0,0,0,0.0916405
402551,9,1,130513,32998,28929,97515,169474,0,0,0,0,0.0544213
402554,9,2,194910,53443,46898,141454,282445,1,0,0,0,0.166067
402559,9,2,189893,51150,44731,138730,268659,1,0,0,0,0.157851
402580,9,1,148676,36974,32437,111702,186686,0,0,0,0,0.0697186
402581,9,1,137497,34434,30068,103063,174727,0,0,0,0,0.053614
402584,9,2,194550,53389,47080,141148,281306,1,0,0,0,0.159255
402589,9,2,191480,51474,45043,139993,270180,1,0,0,0,0.231385
402630,9,1,146471,37479,32465,108992,193345,0,0,0,0,0.104372
402631,9,1,158604,39948,34200,118656,202637,0,0,0,0,0.0717316
402632,9,1,150286,38077,32691,112209,195236,0,0,0,0,0.0738338
402633,9,1,142510,36401,31120,106109,187829,0,0,0,0,0.0801498
402634,9,1,167594,43177,38099,124417,222106,0,0,0,0,0.0946564
402635,9,1,168721,43360,37983,125361,222764,0,0,0,0,0.0852326
402636,9,1,160541,41085,36155,119456,211427,0,0,0,0,0.0657149
402637,9,1,160251,40836,35496,119415,208795,0,0,0,0,0.0641704
402638,9,1,163120,41971,35776,121149,215609,0,0,0,0,0.0678929
402639,9,1,153100,39536,34246,113564,204486,0,0,0,0,0.0653998
402922,18,1,146912,38522,33228,108390,201603,0,0,0,0,0.0520777
402925,18,2,168914,44631,39362,124270,234257,1,0,0,0,0.142297
402928,18,2,161212,42783,37642,118416,224542,1,0,0,0,0.142812
402932,18,1,159509,41555,35959,117954,215085,0,0,0,0,0.0508319
402935,18,2,181814,48543,42715,133258,255037,1,0,0,0,0.1451
402938,18,2,171658,45947,40436,125698,241323,1,0,0,0,0.141652
402942,18,1,165558,44012,38226,121546,230903,0,0,0,0,0.0539557
402945,18,2,175212,46947,41185,128252,247210,1,0,0,0,0.125737
402948,18,2,172517,46238,40572,126266,243220,1,0,0,0,0.129826
402952,18,2,164154,43429,38099,120712,228452,1,0,0,0,0.16592
402955,18,2,169540,45982,40492,123545,243416,1,0,0,0,0.173765
402958,18,1,168278,44205,38014,124073,229785,0,0,0,0,0.0718646
402962,18,2,160402,42622,37584,117767,224267,1,0,0,0,0.170905
402965,18,2,251376,69142,60946,182222,366828,1,0,0,0,0.155855
402968,18,2,246433,67287,59157,179134,356304,1,0,0,0,0.14934
402970,18,1,156007,41184,35711,114823,215839,0,0,0,0,0.0565325
402971,18,1,166963,43727,38102,123236,227429,0,0,0,0,0.0636372
402972,18,1,164577,42628,37220,121949,219798,0,0,0,0,0.0581516
402973,18,1,175004,46346,41025,128658,243226,0,0,0,0,0.0736282
402974,18,1,168949,43505,37743,125444,224596,0,0,0,0,0.0519575
402975,18,1,166239,43260,37743,122979,224207,0,0,0,0,0.0547433
402976,18,1,181380,47462,41129,133918,245699,0,0,0,0,0.0578266
402977,18,1,165720,42809,37084,122911,220290,0,0,0,0,0.051466
402978,18,1,169377,44546,38640,124831,232021,0,0,0,0,0.0546295
402979,18,1,160402,42299,36712,118103,220773,0,0,0,0,0.0600373
402992,18,2,244035,65828,57895,178194,346079,1,0,0,0,0.154285
402995,18,2,180790,48300,42523,132477,252664,1,0,0,0,0.161449
402998,18,2,173326,46595,41103,126718,244216,1,0,0,0,0.140686
403002,18,2,246950,66470,59237,180467,350149,1,0,0,0,0.198051
403005,18,2,177214,47175,41552,130026,247280,1,0,0,0,0.183765
403008,18,2,171555,46052,40657,125490,241923,1,0,0,0,0.134364
403012,18,2,169400,44934,39765,124453,235856,1,0,0,0,0.189317
403015,18,2,172339,46291,40638,126035,243706,1,0,0,0,0.137678
403018,18,2,243440,66425,58684,177003,351049,1,0,0,0,0.152996
403022,18,2,167464,44575,39553,122876,234178,1,0,0,0,0.169554
403025,18,2,208630,57375,50811,151243,303471,1,0,0,0,0.138186
403028,18,2,205657,56260,49613,149385,297344,1,0,0,0,0.137268
403030,18,1,167040,43844,38191,123196,228114,0,0,0,0,0.056274
403031,18,1,173956,45319,39476,128637,233934,0,0,0,0,0.0611811
403032,18,1,164471,42606,37272,121865,219656,0,0,0,0,0.0544466
403033,18,1,181929,48040,42698,133889,250751,0,0,0,0,0.097382
403034,18,1,180117,46150,40068,133967,236247,0,0,0,0,0.0694489
403035,18,1,170722,44013,38317,126709,225988,0,0,0,0,0.0535024
403036,18,1,186913,48644,42347,138269,249996,0,0,0,0,0.0567909
403037,18,1,164933,42661,36970,122272,219604,0,0,0,0,0.0523096
403038,18,1,174545,45446,39641,129099,234506,0,0,0,0,0.0593549
403039,18,1,163346,42744,37164,120602,221536,0,0,0,0,0.0616334
403052,18,2,156226,41123,36067,115091,215868,1,0,0,0,0.148783
403055,18,2,257372,70054,61797,187306,369530,1,0,0,0,0.153119
403058,18,2,256179,69771,61887,186396,367539,1,0,0,0,0.170637
403062,18,2,164976,44118,38783,120846,232211,1,0,0,0,0.202868
403065,18,2,170058,45670,40160,124375,240032,1,0,0,0,0.130724
403068,18,2,165704,44628,39473,121063,234480,1,0,0,0,0.125513
403072,18,2,169110,45426,40146,123671,239733,1,0,0,0,0.189625
403075,18,2,170079,45836,40581,124230,241254,1,0,0,0,0.174169
403078,18,2,168128,45064,39830,123051,236896,1,0,0,0,0.135523
403080,18,1,164433,42448,36896,121985,218334,0,0,0,0,0.0641147
403081,18,1,164509,42462,36928,122047,218366,0,0,0,0,0.0664882
403082,18,1,160352,41573,36117,118779,214642,0,0,0,0,0.0747591
403084,18,2,201248,55434,49110,145801,292525,1,0,0,0,0.201648
403085,18,2,208838,57619,50879,151206,304835,1,0,0,0,0.166331
403086,18,2,207754,57382,50927,150359,303363,1,0,0,0,0.157054
403087,18,2,206403,56558,50186,149832,298710,1,0,0,0,0.182858
403088,18,2,205851,56808,50236,149030,300423,1,0,0,0,0.143602
403089,18,2,202250,55567,49169,146670,293372,1,0,0,0,0.188823
403093,18,1,171620,44867,39263,126753,232124,0,0,0,0,0.0849504
403102,18,2,164595,44241,38899,120342,233079,1,0,0,0,0.161845
403105,18,2,247478,67743,59626,179723,358599,1,0,0,0,0.165002
403108,18,2,241167,65872,57893,175283,348722,1,0,0,0,0.162034
403112,18,2,170319,46100,40386,124207,243345,1,0,0,0,0.147762
403115,18,2,252195,69364,61188,182819,367795,1,0,0,0,0.152625
403118,18,2,250233,68669,60365,181552,364374,1,0,0,0,0.160226
403120,18,1,177737,47342,41700,130395,248474,0,0,0,0,0.0923406
403121,18,1,174961,46174,40182,128787,240862,0,0,0,0,0.0577656
403122,18,1,185820,49231,43233,136589,256382,0,0,0,0,0.0599097
403124,18,1,185345,49600,43530,135745,259354,0,0,0,0,0.0575973
403125,18,1,198707,52762,46491,145945,275250,0,0,0,0,0.0808576
403128,18,1,188046,49772,43438,138274,258801,0,0,0,0,0.0816611
403129,18,1,188753,50019,43585,138734,259754,0,0,0,0,0.0880811
403133,18,1,176198,45912,39707,130286,236746,0,0,0,0,0.0585295
403136,18,1,190867,50199,43916,140668,259953,0,0,0,0,0.0701561
403137,18,1,187109,49218,42542,137891,254617,0,0,0,0,0.0846038
403142,18,2,163917,43596,38142,120309,228943,1,0,0,0,0.167371
403145,18,2,243740,66350,58517,177378,350343,1,0,0,0,0.167402
403148,18,2,249706,68407,60237,181287,362134,1,0,0,0,0.154308
403150,18,1,183329,48418,42904,134911,252236,0,0,0,0,0.093356
403151,18,1,181227,47267,41105,133960,243625,0,0,0,0,0.0697793
403154,18,1,194542,51781,45368,142761,268864,0,0,0,0,0.0567119
403159,18,1,188935,50097,43664,138838,260163,0,0,0,0,0.0585448
403162,18,1,180437,47718,41166,132719,248493,0,0,0,0,0.0622108
403163,18,1,165850,43342,37330,122508,223911,0,0,0,0,0.0561276
403165,18,1,193064,51101,44757,141963,266458,0,0,0,0,0.0616853
403166,18,1,186476,49085,42634,137391,254364,0,0,0,0,0.0686124
403167,18,1,190915,50628,43520,140287,262318,0,0,0,0,0.0597152
403168,18,1,184616,48782,42225,135834,253976,0,0,0,0,0.0652081
403180,18,1,165145,42629,36877,122516,218592,0,0,0,0,0.0823736
403181,18,1,177428,45523,38682,131905,230910,0,0,0,0,0.0585768
403182,18,1,170332,44071,37552,126261,226005,0,0,0,0,0.0584808
403183,18,1,157404,41378,35576,116026,214431,0,0,0,0,0.0591416
403184,18,1,188370,49361,43123,139009,254088,0,0,0,0,0.0570682
403185,18,1,186661,48830,42484,137831,251373,0,0,0,0,0.0586293
403186,18,1,172637,45090,38981,127547,232176,0,0,0,0,0.0616496
403187,18,1,178949,46440,39830,132509,236886,0,0,0,0,0.0611669
403188,18,1,187847,49416,42615,138431,253630,0,0,0,0,0.0674832
403189,18,1,181416,48062,41579,133354,248534,0,0,0,0,0.0674975
403200,6,1,172660,45488,40036,127172,238981,0,0,0,0,0.162037
403201,18,1,168127,45202,39226,122925,238987,0,0,0,0,0.0947146
403204,18,1,192945,52516,46805,140429,278660,0,0,0,0,0.119998
403209,18,1,179053,49731,43666,129322,265938,0,0,0,0,0.10336
403210,6,1,171586,46134,40341,125452,244564,0,0,0,0,0.0921346
403211,18,1,166144,44888,38500,121256,238479,0,0,0,0,0.0837175
403214,18,1,191846,52583,46199,139263,279692,0,0,0,0,0.0696193
403219,18,1,173011,47175,41010,125836,251127,0,0,0,0,0.0678642
403220,6,1,171290,46038,40262,125252,243993,0,0,0,0,0.0948366
403221,18,1,166094,44872,38491,121222,238380,0,0,0,0,0.0636221
403224,18,1,192148,52677,46278,139471,280195,0,0,0,0,0.0634485
403229,18,1,173068,47179,41025,125889,251093,0,0,0,0,0.0702914
403230,6,1,171134,46015,40246,125119,243909,0,0,0,0,0.123773
403231,18,1,186282,51566,44682,134716,274823,0,0,0,0,0.0618387
403234,18,1,204019,56143,49125,147876,297716,0,0,0,0,0.0642068
403239,18,1,160131,43256,37345,116875,230197,0,0,0,0,0.0681397
403240,18,1,147371,39859,34156,107512,212168,0,0,0,0,0.0835895
403241,18,1,166692,45290,39289,121402,241407,0,0,0,0,0.0590531
403244,18,1,183013,49741,43377,133272,264601,0,0,0,0,0.0585806
403249,18,1,174405,47272,41561,127133,251261,0,0,0,0,0.076364
403262,36,1,169645,45949,39884,123696,244711,0,0,0,0,0.0607222
403265,36,1,184672,50387,43553,134285,268583,0,0,0,0,0.0646741
403268,36,1,186859,50480,44059,136379,267402,0,0,0,0,0.0644107
403270,6,1,179139,47623,41815,131516,249779,0,0,0,0,0.0769983
403271,18,1,177648,47919,41448,129729,252736,0,0,0,0,0.0587006
403274,18,2,383516,104654,92300,278849,549365,1,0,0,0,0.159504
403279,18,1,173116,46169,40348,126947,241455,0,0,0,0,0.054025
403280,6,1,179048,47564,41766,131484,249379,0,0,0,0,0.0733689
403281,18,1,177478,47856,41412,129622,252341,0,0,0,0,0.0573361
403284,18,2,383824,104748,92429,279063,549880,1,0,0,0,0.163256
403289,18,1,173102,46164,40344,126938,241410,0,0,0,0,0.0522814
403290,6,1,179055,47566,41766,131489,249390,0,0,0,0,0.0746141
403291,18,1,206269,56872,49609,149397,300231,0,0,0,0,0.0622746
403294,18,1,219855,60425,53312,159430,317674,0,0,0,0,0.0621436
403299,18,1,163192,43191,37391,120001,226710,0,0,0,0,0.0527559
403300,18,1,159600,42339,36952,117261,222521,0,0,0,0,0.0522423
403301,18,1,179131,48359,42284,130772,254986,0,0,0,0,0.0570729
403304,18,1,192812,52217,45670,140595,274698,0,0,0,0,0.0570686
403309,18,1,184510,50371,44002,134139,266405,0,0,0,0,0.072124
403322,36,1,188234,50926,44189,137308,268895,0,0,0,0,0.0554996
403325,36,1,197789,53713,47048,144076,283451,0,0,0,0,0.0582855
403328,36,1,192491,51574,44801,140917,270302,0,0,0,0,0.0592576
403330,6,1,171749,45172,39980,126577,236825,0,0,0,0,0.08456
403331,18,1,141648,37047,32185,104601,194976,0,0,0,0,0.0574445
403334,18,2,336135,92667,81963,243455,488179,1,0,0,0,0.155769
403339,18,1,187187,50004,43712,137183,261147,0,0,0,0,0.0539085
403340,6,1,171694,45158,39969,126536,236741,0,0,0,0,0.0786938
403341,18,1,157646,41550,36568,116096,218408,0,0,0,0,0.0514804
403344,18,1,174134,46560,40833,127574,245293,0,0,0,0,0.0559036
403349,18,1,165959,43702,38334,122257,229329,0,0,0,0,0.0504898
403350,18,1,157358,41349,35903,116009,217063,0,0,0,0,0.0519329
403351,18,1,185002,49638,43205,135364,260331,0,0,0,0,0.0627097
403354,18,2,345426,93305,82111,252108,491567,1,0,0,0,0.154293
403359,18,1,186555,50206,43649,136349,263996,0,0,0,0,0.0568354
403372,36,1,172986,46209,40536,126777,244508,0,0,0,0,0.0687502
403375,36,1,193636,52436,45792,141200,277466,0,0,0,0,0.0612524
403378,36,1,183454,49185,42696,134269,258726,0,0,0,0,0.0581572
403380,6,1,171772,45195,39999,126577,236975,0,0,0,0,0.0908522
403381,18,1,175258,46189,41063,129069,240989,0,0,0,0,0.0752565
403384,18,1,171724,45888,40153,125836,241334,0,0,0,0,0.0796404
403389,18,1,150846,39529,34349,111317,207520,0,0,0,0,0.0693234
403390,18,1,157265,41330,35926,115935,216962,0,0,0,0,0.0577474
403391,18,1,191395,51415,44802,139980,268919,0,0,0,0,0.0583804
403394,18,1,176771,47180,41608,129591,247270,0,0,0,0,0.0620568
403399,18,1,167995,45022,39195,122973,236734,0,0,0,0,0.0601188
403412,36,1,180856,48295,42725,132561,254548,0,0,0,0,0.0987903
403415,36,1,190964,51612,45131,139352,272358,0,0,0,0,0.0789968
403418,36,1,174962,46808,40591,128154,246288,0,0,0,0,0.07496
403420,18,1,167571,43493,38244,124078,225002,0,0,0,0,0.0733878
403421,18,1,167983,43593,38313,124390,225513,0,0,0,0,0.0766202
403424,18,1,170282,44552,38566,125730,230446,0,0,0,0,0.0808962
403429,18,1,155239,41042,35490,114197,215595,0,0,0,0,0.0846318
403442,36,1,178951,47664,41549,131287,249978,0,0,0,0,0.0909673
403445,36,1,188507,50698,44553,137809,265644,0,0,0,0,0.0813938
403448,36,1,179763,48534,42534,131229,255809,0,0,0,0,0.0800133
403470,18,1,144369,37059,32532,107310,191836,0,0,0,0,0.0714114
403471,18,1,144612,37104,32569,107508,192018,0,0,0,0,0.081364
403472,18,1,148780,38342,33590,110438,200119,0,0,0,0,0.0771972
403473,18,1,175699,46402,41284,129297,243105,0,0,0,0,0.11191
403474,18,1,168863,43628,37922,125235,224754,0,0,0,0,0.0757538
403475,18,1,159508,41828,36417,117680,217968,0,0,0,0,0.0717255
403476,18,1,175156,46133,40180,129023,239771,0,0,0,0,0.0823845
403477,18,1,151711,40056,34842,111655,210463,0,0,0,0,0.0740232
403478,18,1,163239,43033,37413,120206,225265,0,0,0,0,0.0807807
403479,18,1,158202,41772,35953,116430,219459,0,0,0,0,0.083826
403480,6,1,173150,45636,40136,127514,239849,0,0,0,0,0.151002
403481,18,1,168081,45203,39231,122878,239015,0,0,0,0,0.0814699
403484,18,1,193435,52617,46854,140818,279146,0,0,0,0,0.0783571
403489,18,1,179207,49790,43702,129417,266260,0,0,0,0,0.0751198
403490,6,1,171735,46175,40416,125560,244825,0,0,0,0,0.0815903
403491,18,1,165769,44811,38419,120958,238160,0,0,0,0,0.0605396
403494,18,1,192433,52734,46305,139699,280466,0,0,0,0,0.060789
403499,18,1,172517,47028,40868,125489,250413,0,0,0,0,0.0570954
403500,6,1,171441,46080,40337,125361,244260,0,0,0,0,0.0816811
403501,18,1,165734,44798,38407,120936,238074,0,0,0,0,0.0597396
403504,18,1,192726,52825,46386,139901,280957,0,0,0,0,0.0606119
403509,18,1,172574,47031,40883,125543,250372,0,0,0,0,0.0574687
403510,6,1,171279,46055,40319,125224,244168,0,0,0,0,0.0850199
403511,18,1,186131,51497,44628,134634,274438,0,0,0,0,0.0613825
403514,18,1,203703,56045,49038,147658,297195,0,0,0,0,0.0622545
403519,18,1,159696,43130,37242,116566,229591,0,0,0,0,0.0572935
403520,18,1,147062,39786,34128,107276,211850,0,0,0,0,0.0563002
403521,18,1,166252,45186,39166,121066,240922,0,0,0,0,0.0554471
403524,18,1,182675,49655,43309,133020,264200,0,0,0,0,0.0585046
403529,18,1,174146,47168,41491,126978,250701,0,0,0,0,0.080657
403542,36,1,169356,45876,39824,123480,244406,0,0,0,0,0.0585843
403545,36,1,184564,50299,43515,134265,268029,0,0,0,0,0.0621914
403548,36,1,186467,50342,43982,136125,266697,0,0,0,0,0.0618449
403550,6,1,178923,47452,41636,131471,248698,0,0,0,0,0.079439
403551,18,1,177740,47912,41433,129828,252625,0,0,0,0,0.0592579
403554,18,2,369798,101394,89503,268391,533010,1,0,0,0,0.156139
403559,18,1,173319,46207,40421,127112,241636,0,0,0,0,0.0604599
403560,6,1,178822,47391,41585,131431,248290,0,0,0,0,0.0804276
403561,18,1,177570,47849,41397,129721,252230,0,0,0,0,0.0591821
403564,18,2,370130,101498,89637,268619,533595,1,0,0,0,0.155118
403569,18,1,173285,46197,40415,127088,241566,0,0,0,0,0.0525142
403570,6,1,178829,47393,41585,131436,248301,0,0,0,0,0.0748605
403571,18,1,206532,56927,49634,149605,300483,0,0,0,0,0.0619129
403574,18,1,220218,60531,53417,159687,318224,0,0,0,0,0.0629785
403579,18,1,163453,43216,37434,120237,226795,0,0,0,0,0.0521918
403580,18,1,159301,42143,36797,117158,221293,0,0,0,0,0.0530881
403581,18,1,179507,48446,42384,131061,255440,0,0,0,0,0.0546503
403584,18,1,193109,52317,45775,140792,275260,0,0,0,0,0.0565957
403589,18,1,184701,50346,44025,134355,266145,0,0,0,0,0.0729575
403602,36,1,188202,50891,44177,137311,268621,0,0,0,0,0.0554185
403605,36,1,197907,53712,47059,144195,283353,0,0,0,0,0.0574594
403608,36,1,193537,51852,45080,141685,271753,0,0,0,0,0.0613736
403610,6,1,171998,45148,39860,126850,236572,0,0,0,0,0.0770922
403611,18,1,141320,36932,32068,104388,194342,0,0,0,0,0.0496289
403614,18,2,335633,92535,81854,243085,487456,1,0,0,0,0.151195
403619,18,1,186827,49871,43603,136956,260374,0,0,0,0,0.0535013
403620,6,1,171938,45132,39849,126806,236476,0,0,0,0,0.0774972
403621,18,1,157413,41458,36481,115955,217900,0,0,0,0,0.0529662
403624,18,1,174228,46587,40873,127641,245444,0,0,0,0,0.059864
403629,18,1,165841,43641,38295,122200,228981,0,0,0,0,0.0529771
403630,18,1,156939,41184,35768,115755,216111,0,0,0,0,0.0536994
403631,18,1,185235,49647,43207,135588,260292,0,0,0,0,0.0602885
403634,18,2,335019,90852,80064,244154,479260,1,0,0,0,0.14998
403639,18,1,186990,50330,43758,136660,264655,0,0,0,0,0.0566204
403652,36,1,173136,46248,40593,126888,244728,0,0,0,0,0.0554034
403655,36,1,193858,52545,45891,141313,278135,0,0,0,0,0.0531124
403658,36,1,183355,49193,42722,134162,258846,0,0,0,0,0.0647148
403660,6,1,172018,45167,39875,126851,236692,0,0,0,0,0.0945245
403661,18,1,175365,46215,41104,129150,241137,0,0,0,0,0.057713
403664,18,1,171479,45792,40074,125687,240745,0,0,0,0,0.0595903
403669,18,1,150603,39419,34264,111184,206860,0,0,0,0,0.0508127
403670,18,1,156857,41167,35789,115690,216020,0,0,0,0,0.0613148
403671,18,1,191284,51359,44782,139925,268594,0,0,0,0,0.0606531
403674,18,1,176968,47226,41641,129742,247490,0,0,0,0,0.0596241
403679,18,1,168101,45018,39217,123083,236646,0,0,0,0,0.0585464
403692,36,1,180871,48265,42722,132606,254286,0,0,0,0,0.0729798
403695,36,1,191233,51662,45209,139571,272571,0,0,0,0,0.0805783
403698,36,1,174864,46809,40592,128055,246346,0,0,0,0,0.0738327
403700,18,1,167365,43409,38183,123956,224461,0,0,0,0,0.0548062
403701,18,1,167779,43510,38250,124269,224978,0,0,0,0,0.0536741
403704,18,1,169729,44293,38334,125436,228865,0,0,0,0,0.0665783
403709,18,1,155104,40947,35382,114157,214980,0,0,0,0,0.0830135
403722,36,1,178785,47607,41532,131178,249634,0,0,0,0,0.0602736
403725,36,1,188611,50665,44538,137946,265315,0,0,0,0,0.0534209
403728,36,1,179690,48487,42534,131203,255456,0,0,0,0,0.0521281
403750,18,1,144303,36980,32477,107323,191335,0,0,0,0,0.0476219
403751,18,1,144546,37025,32514,107521,191517,0,0,0,0,0.0463028
403752,18,1,148650,38270,33547,110380,199691,0,0,0,0,0.0496783
403753,18,1,175690,46342,41249,129348,242713,0,0,0,0,0.0839637
403754,18,1,168991,43640,37920,125351,224744,0,0,0,0,0.0733567
403755,18,1,159452,41772,36378,117680,217595,0,0,0,0,0.0555739
403756,18,1,175056,46085,40145,128971,239476,0,0,0,0,0.0566679
403757,18,1,151551,39952,34785,111599,209826,0,0,0,0,0.0501551
403758,18,1,163147,42994,37378,120153,225050,0,0,0,0,0.069706
403759,18,1,157910,41696,35870,116214,219100,0,0,0,0,0.0787875
403770,6,1,204055,55670,48986,148385,295082,0,0,0,0,0.134993
403771,18,1,198537,54711,47493,143826,291223,0,0,0,0,0.100126
403774,18,2,218932,60272,53870,158647,320927,1,0,0,0,0.129115
403779,18,1,198335,53840,47073,144495,283458,0,0,0,0,0.0665362
403780,6,1,204040,55660,48975,148380,295022,0,0,0,0,0.089982
403781,18,1,198556,54718,47506,143838,291273,0,0,0,0,0.0673857
403784,18,2,218935,60265,53847,158657,320889,1,0,0,0,0.130073
403789,18,1,198506,53847,47172,144659,283390,0,0,0,0,0.06158
403790,6,1,204006,55654,48970,148352,294986,0,0,0,0,0.0937869
403791,18,1,215617,59904,52756,155713,317973,0,0,0,0,0.0660958
403794,18,1,231421,64121,56834,167300,339097,0,0,0,0,0.0667454
403799,18,1,186661,50800,44240,135861,269197,0,0,0,0,0.0829654
403800,18,1,177859,48272,41631,129587,255752,0,0,0,0,0.0640412
403801,18,1,189562,51581,45391,137981,273109,0,0,0,0,0.0756923
403804,18,1,201237,54614,47789,146623,287904,0,0,0,0,0.0786411
403809,18,1,206787,56708,50367,150079,300341,0,0,0,0,0.0949186
403822,36,1,204463,56715,49666,147748,302181,0,0,0,0,0.0838648
403825,36,1,214509,59357,52038,155152,315394,0,0,0,0,0.0663607
403828,36,1,210701,57951,50796,152750,306765,0,0,0,0,0.0808556
403830,6,1,208175,56670,49908,151505,299219,0,0,0,0,0.12079
403831,18,1,204468,56513,49110,147955,300124,0,0,0,0,0.083965
403834,18,2,227596,62994,56485,164589,334987,1,0,0,0,0.17211
403839,18,2,261677,73181,65639,188483,389763,1,0,0,0,0.161677
403840,6,1,208077,56634,49871,151443,298975,0,0,0,0,0.104552
403841,18,1,204319,56461,49081,147858,299791,0,0,0,0,0.0734594
403844,18,2,227723,63030,56511,164680,335181,1,0,0,0,0.159771
403849,18,2,261755,73225,65692,188517,390070,1,0,0,0,0.157529
403850,6,1,208039,56627,49861,151412,298937,0,0,0,0,0.0877095
403851,18,1,220124,61272,54053,158852,324345,0,0,0,0,0.068377
403854,18,1,235490,65398,57971,170092,344719,0,0,0,0,0.0708145
403859,18,1,188753,51156,44717,137597,269459,0,0,0,0,0.0635474
403860,18,1,181572,49216,42470,132356,259630,0,0,0,0,0.0877399
403861,18,2,352970,96658,85414,256299,512143,1,0,0,0,0.208108
403864,18,2,368782,101465,89888,267304,537430,1,0,0,0,0.216131
403869,18,1,210492,57453,50997,153039,302725,0,0,0,0,0.0896565
403882,36,1,209726,58067,50795,151659,308152,0,0,0,0,0.067743
403885,36,1,218679,60434,52975,158245,319576,0,0,0,0,0.0696838
403888,36,1,218181,60068,52555,158113,316841,0,0,0,0,0.0810431
403890,6,1,165676,43645,38305,122031,230129,0,0,0,0,0.113286
403891,18,1,140648,36862,31937,103786,194694,0,0,0,0,0.0669897
403894,18,1,179056,48431,42367,130625,255363,0,0,0,0,0.0799988
403899,18,1,177069,47398,41479,129671,249183,0,0,0,0,0.0791504
403900,6,1,165537,43611,38284,121926,229952,0,0,0,0,0.0852785
403901,18,1,158038,42062,37104,115976,222405,0,0,0,0,0.0599435
403904,18,1,193369,52834,46449,140535,279233,0,0,0,0,0.0679262
403909,18,1,192282,52232,46040,140050,275381,0,0,0,0,0.0646215
403910,18,1,155089,40996,35435,114093,216568,0,0,0,0,0.0580863
403911,18,1,181528,48610,41963,132918,256129,0,0,0,0,0.0617983
403914,18,1,191049,52016,45584,139033,274953,0,0,0,0,0.0589447
403919,18,1,189537,51820,45154,137717,274165,0,0,0,0,0.0592241
403932,36,1,167126,45105,39197,122021,240455,0,0,0,0,0.0586891
403935,36,1,204861,56323,49321,148538,298347,0,0,0,0,0.0705289
403938,36,1,204401,55963,48963,148438,295944,0,0,0,0,0.0681621
403940,6,1,165720,43729,38383,121991,230647,0,0,0,0,0.0894082
403941,18,1,179329,48176,43049,131153,253765,0,0,0,0,0.0639027
403944,18,1,212280,58068,51425,154212,305184,0,0,0,0,0.0701792
403949,18,1,214102,58555,51901,155547,307663,0,0,0,0,0.0706612
403950,18,1,155293,41077,35500,114216,217041,0,0,0,0,0.0612064
403951,18,1,184394,49420,43192,134974,259409,0,0,0,0,0.0633611
403954,18,1,196344,53089,46733,143255,278910,0,0,0,0,0.0623362
403959,18,1,198524,54035,47267,144489,284508,0,0,0,0,0.075169
403972,36,1,179158,48675,42765,130483,259417,0,0,0,0,0.088495
403975,36,1,215734,59390,52156,156344,313892,0,0,0,0,0.0800415
403978,36,1,214798,58992,51855,155806,311497,0,0,0,0,0.0787115
403980,18,1,163046,42880,37281,120166,224556,0,0,0,0,0.0776547
403981,18,1,163386,42969,37377,120417,225040,0,0,0,0,0.0767348
403984,18,1,192795,51695,45202,141100,269844,0,0,0,0,0.0636656
403989,18,1,190705,51638,45009,139067,271153,0,0,0,0,0.055736
404002,36,1,172927,46135,40220,126792,243211,0,0,0,0,0.058498
404005,36,1,210424,57836,50621,152588,306684,0,0,0,0,0.0657398
404008,36,1,211413,58251,51063,153162,309180,0,0,0,0,0.0674154
404030,18,1,146576,37791,33045,108785,197304,0,0,0,0,0.0532323
404031,18,1,146776,37832,33098,108944,197485,0,0,0,0,0.0514449
404032,18,1,146633,37939,33177,108694,199322,0,0,0,0,0.055325
404033,18,1,168376,44680,39842,123696,236061,0,0,0,0,0.0748889
404034,18,2,316352,86551,76167,229788,455516,1,0,0,0,0.148622
404035,18,1,183684,49486,43338,134198,260435,0,0,0,0,0.0574833
404036,18,2,314597,87647,77727,226937,467253,1,0,0,0,0.145248
404037,18,2,307182,85328,75318,221841,454288,1,0,0,0,0.143224
404038,18,2,320030,89465,79032,230552,477053,1,0,0,0,0.159156
404039,18,2,317686,87467,77016,230206,462333,1,0,0,0,0.172402
404060,6,1,181640,49367,42975,132273,262570,0,0,0,0,0.0833647
404061,18,1,163119,44431,38398,118688,236788,0,0,0,0,0.0576914
404064,18,1,194642,53339,46243,141303,282355,0,0,0,0,0.0632336
404069,18,1,205228,56378,49404,148850,298831,0,0,0,0,0.0604134
404070,6,1,181847,49416,43018,132431,262801,0,0,0,0,0.0806646
404071,18,1,187141,51400,44689,135741,273436,0,0,0,0,0.057567
404074,18,1,200052,55430,48530,144622,294891,0,0,0,0,0.0639942
404079,18,1,195539,53082,46643,142457,280086,0,0,0,0,0.0565947
404080,18,1,170128,46441,40404,123687,247076,0,0,0,0,0.0566568
404081,18,1,179726,48280,42078,131446,254001,0,0,0,0,0.070614
404084,18,2,258102,72556,63952,185533,390107,1,0,0,0,0.194683
404089,18,1,201121,54686,47339,146435,288078,0,0,0,0,0.0922244
404102,36,1,171414,46236,40470,125178,245776,0,0,0,0,0.0717146
404105,36,1,207231,57377,50381,149854,305608,0,0,0,0,0.0706127
404108,36,1,203149,55340,48362,147809,292408,0,0,0,0,0.0859344
404120,6,1,189735,51757,45420,137978,274258,0,0,0,0,0.0915968
404121,18,1,168338,45992,39800,122346,244555,0,0,0,0,0.0630345
404124,18,2,349302,99140,87476,250150,529796,1,0,0,0,0.174816
404129,18,2,353375,100362,88926,253000,536421,1,0,0,0,0.172663
404130,6,1,189710,51740,45429,137970,274137,0,0,0,0,0.100127
404131,18,1,193517,53418,46712,140099,283511,0,0,0,0,0.0900896
404134,18,1,206722,57463,50468,149259,304978,0,0,0,0,0.0991327
404139,18,1,201569,54541,47908,147028,286351,0,0,0,0,0.0888933
404140,18,1,181350,49706,43433,131644,263610,0,0,0,0,0.0895021
404141,18,1,190047,51126,44794,138921,267390,0,0,0,0,0.084939
404144,18,2,266027,74643,66233,191371,399747,1,0,0,0,0.208193
404149,18,1,207948,56458,48937,151490,295823,0,0,0,0,0.0987978
404162,36,1,179856,48805,42897,131051,258866,0,0,0,0,0.0688077
404165,36,1,219178,60780,53460,158398,322337,0,0,0,0,0.0714095
404168,36,1,209252,57089,49961,152163,300472,0,0,0,0,0.0847077
404170,6,1,184675,50237,43669,134438,265402,0,0,0,0,0.101773
404171,18,1,161008,43521,37330,117487,230096,0,0,0,0,0.0901036
404174,18,2,275319,76841,68351,198465,409562,1,0,0,0,0.18109
404179,18,1,195360,53293,46608,142067,279340,0,0,0,0,0.0671339
404180,6,1,184708,50262,43688,134446,265552,0,0,0,0,0.0911593
404181,18,1,178603,48871,42349,129732,258519,0,0,0,0,0.0711185
404184,18,1,209891,58585,51041,151306,311731,0,0,0,0,0.0970643
404189,18,1,202291,55385,48709,146906,292726,0,0,0,0,0.0637897
404190,18,1,175495,48129,41884,127366,254242,0,0,0,0,0.0634392
404191,18,1,177405,47375,41039,130030,246062,0,0,0,0,0.058117
404194,18,1,192232,51315,44683,140917,267792,0,0,0,0,0.0583275
404199,18,1,183116,49008,42573,134108,258033,0,0,0,0,0.061781
404212,36,1,171943,46414,40061,125529,245584,0,0,0,0,0.0607669
404215,36,1,200677,55281,48521,145396,293157,0,0,0,0,0.0608968
404218,36,1,204359,56010,48908,148349,296101,0,0,0,0,0.0619399
404220,6,1,178841,47889,42448,130952,252746,0,0,0,0,0.12549
404221,18,1,188643,51529,45325,137114,273058,0,0,0,0,0.086648
404224,18,1,202493,56075,49602,146418,298226,0,0,0,0,0.0856694
404229,18,1,192190,52274,46271,139916,276673,0,0,0,0,0.104785
404230,18,1,167894,45347,39808,122547,240139,0,0,0,0,0.100365
404231,18,1,169533,45814,39803,123719,242122,0,0,0,0,0.0682408
404234,18,1,183868,49570,43672,134298,262241,0,0,0,0,0.0653222
404239,18,1,172787,46463,40695,126324,245656,0,0,0,0,0.0591931
404252,36,1,198793,55028,48560,143765,292861,0,0,0,0,0.0682003
404255,36,1,217383,61473,54353,155910,328316,0,0,0,0,0.0750251
404258,36,1,218555,60849,53489,157706,322893,0,0,0,0,0.0704489
404260,18,1,181782,48786,42938,132996,256258,0,0,0,0,0.0807553
404261,18,1,179713,47641,41410,132072,247518,0,0,0,0,0.0602767
404264,18,1,186924,50209,44100,136715,262991,0,0,0,0,0.0660701
404269,18,1,174546,46470,40579,128076,243092,0,0,0,0,0.055604
404282,36,1,186733,51009,44442,135724,269849,0,0,0,0,0.0595527
404285,36,1,208538,57600,50775,150938,305642,0,0,0,0,0.0618512
404288,36,1,205433,56199,49486,149234,296995,0,0,0,0,0.0609841
404310,18,1,168653,44657,39550,123996,234240,0,0,0,0,0.0736461
404311,18,1,179951,47701,41607,132250,248734,0,0,0,0,0.0583234
404312,18,2,345103,94355,83359,250736,497560,1,0,0,0,0.163731
404313,18,1,166936,44286,38613,122650,232373,0,0,0,0,0.0550879
404314,18,1,185634,49951,43884,135683,262007,0,0,0,0,0.0549635
404315,18,2,354844,98353,86872,256479,521902,1,0,0,0,0.185888
404316,18,1,186273,49684,43815,136589,259921,0,0,0,0,0.0553134
404317,18,1,197146,52437,46379,144709,271203,0,0,0,0,0.0765323
404318,18,1,193448,51488,44935,141960,268343,0,0,0,0,0.0713146
404319,18,1,184433,49716,43693,134717,261510,0,0,0,0,0.0823817
404350,6,1,181861,49451,43037,132410,263018,0,0,0,0,0.105685
404351,18,1,207560,57502,50447,150058,305575,0,0,0,0,0.0670152
404354,18,1,202677,56312,49475,146365,300248,0,0,0,0,0.0726953
404359,18,1,186352,50454,44222,135898,266726,0,0,0,0,0.0603461
404360,18,1,170061,46428,40389,123633,247007,0,0,0,0,0.0628305
404361,18,1,191764,51892,45368,139872,273107,0,0,0,0,0.0796246
404364,18,2,251113,70467,61650,180633,378776,1,0,0,0,0.165968
404369,18,1,185897,50457,43692,135440,266630,0,0,0,0,0.0792154
404382,36,1,184122,50146,43989,133976,266920,0,0,0,0,0.0711833
404385,36,1,211069,58805,51796,152264,314090,0,0,0,0,0.0874772
404388,36,1,190910,52110,45544,138800,276414,0,0,0,0,0.0762951
404410,6,1,189751,51746,45439,138005,274141,0,0,0,0,0.0865804
404411,18,1,215741,59925,52822,155816,317618,0,0,0,0,0.0722911
404414,18,1,212329,59151,52218,153178,314670,0,0,0,0,0.0708795
404419,18,1,191384,52019,45486,139365,274444,0,0,0,0,0.0619421
404420,18,1,181274,49689,43421,131585,263516,0,0,0,0,0.0637409
404421,18,1,204021,55464,48685,148557,290552,0,0,0,0,0.0631303
404424,18,2,260062,73048,64393,187001,391470,1,0,0,0,0.142065
404429,18,1,190001,51366,44507,138635,270105,0,0,0,0,0.0686851
404442,36,1,194035,53078,46693,140957,281880,0,0,0,0,0.0854123
404445,36,1,222921,62054,54460,160867,330241,0,0,0,0,0.0692657
404448,36,1,197969,54174,47251,143795,286592,0,0,0,0,0.0687269
404460,6,1,184808,50285,43702,134523,265683,0,0,0,0,0.12873
404461,18,1,206963,57067,49854,149896,301246,0,0,0,0,0.0713725
404464,18,1,225900,63013,55408,162887,334261,0,0,0,0,0.0856557
404469,18,1,230483,64323,56968,166160,341307,0,0,0,0,0.0884302
404470,18,1,175444,48122,41877,127322,254232,0,0,0,0,0.0643235
404471,18,2,283553,78518,68778,205022,417430,1,0,0,0,0.18261
404474,18,1,207573,55784,48550,151789,291183,0,0,0,0,0.0645241
404479,18,1,196525,52942,46065,143583,278351,0,0,0,0,0.0633103
404492,36,1,191791,52518,45837,139273,278705,0,0,0,0,0.0814823
404495,36,1,212639,58596,51522,154043,310027,0,0,0,0,0.067341
404498,36,1,219200,60376,52764,158824,319038,0,0,0,0,0.0687563
404500,6,1,179112,47964,42502,131148,253170,0,0,0,0,0.125331
404501,18,1,190127,51338,45082,138789,271312,0,0,0,0,0.103224
404504,18,1,201597,55404,49412,146193,293671,0,0,0,0,0.0965652
404509,18,1,204887,56462,50380,148425,300147,0,0,0,0,0.0849679
404510,18,1,167731,45311,39793,122420,239989,0,0,0,0,0.12702
404511,18,1,175689,47382,41225,128307,249722,0,0,0,0,0.0880771
404514,18,1,192587,52242,45952,140345,276695,0,0,0,0,0.0703155
404519,18,1,183443,49716,43702,133727,263126,0,0,0,0,0.0641963
404532,36,1,199804,54830,48552,144974,290494,0,0,0,0,0.0674048
404535,36,1,217066,60833,54046,156233,323953,0,0,0,0,0.0732222
404538,36,1,225382,62963,55550,162419,334522,0,0,0,0,0.0733853
404540,18,1,181857,48780,42934,133077,256169,0,0,0,0,0.0808759
404541,18,1,179352,47541,41339,131811,247007,0,0,0,0,0.0643018
404544,18,1,186791,50192,44087,136599,262952,0,0,0,0,0.0580405
404549,18,1,174428,46456,40576,127972,243067,0,0,0,0,0.0822382
404562,36,1,171703,46565,40458,125138,246837,0,0,0,0,0.0658349
404565,36,1,197005,54031,47513,142974,287209,0,0,0,0,0.0596856
404568,36,1,195557,53503,47008,142054,283954,0,0,0,0,0.0581893
404590,18,1,168656,44648,39539,124008,234175,0,0,0,0,0.0732925
404591,18,1,179677,47658,41577,132019,248561,0,0,0,0,0.0566308
404592,18,1,171741,45515,39650,126226,238086,0,0,0,0,0.0614762
404593,18,1,150425,39450,34532,110975,207894,0,0,0,0,0.0568006
404594,18,1,185606,49951,43886,135655,262012,0,0,0,0,0.0550169
404595,18,2,338978,93293,82398,245673,495288,1,0,0,0,0.157745
404596,18,1,174160,46550,40968,127610,245687,0,0,0,0,0.0560675
404597,18,1,186518,50025,44087,136493,262080,0,0,0,0,0.0574224
404598,18,1,183634,49093,42855,134541,257860,0,0,0,0,0.0590647
404599,18,1,184440,49728,43708,134712,261595,0,0,0,0,0.0570519
404640,18,1,201304,55248,48388,146056,292444,0,0,0,0,0.0621195
404641,18,2,245337,68293,60059,177031,364789,1,0,0,0,0.173695
404644,18,2,251146,70798,62157,180335,379348,1,0,0,0,0.161113
404649,18,1,181214,49207,42463,132007,260053,0,0,0,0,0.0696954
404662,36,1,181328,49303,43315,132025,261778,0,0,0,0,0.0622897
404665,36,1,213612,59939,52468,153673,320896,0,0,0,0,0.0689725
404668,36,1,199898,55414,48161,144484,295832,0,0,0,0,0.063261
404700,18,2,248493,69257,61108,179224,369346,1,0,0,0,0.150949
404701,18,2,254571,71018,62623,183541,378639,1,0,0,0,0.144194
404704,18,2,260753,73839,65022,186901,395193,1,0,0,0,0.150378
404709,18,1,185641,50271,43341,135370,264539,0,0,0,0,0.0684987
404722,36,1,189425,51434,44858,137991,271884,0,0,0,0,0.0697625
404725,36,1,220864,61671,54224,159193,327790,0,0,0,0,0.0699261
404728,36,1,207809,57774,50151,150035,307531,0,0,0,0,0.0661921
404750,18,1,213786,59106,51256,154680,311060,0,0,0,0,0.0733143
404751,18,1,213549,59060,51228,154489,310840,0,0,0,0,0.0665102
404754,18,2,423404,114894,101080,308497,602098,1,0,0,0,0.184274
404759,18,1,218590,59177,51807,159413,309508,0,0,0,0,0.064654
404772,36,1,185001,50232,44010,134769,265196,0,0,0,0,0.0640687
404775,36,1,223112,61847,53761,161265,329425,0,0,0,0,0.0621764
404778,36,1,225257,62643,54620,162614,334092,0,0,0,0,0.0763993
404790,18,1,213310,58959,52464,154351,313234,0,0,0,0,0.0913553
404791,18,1,199534,54049,47202,145485,284045,0,0,0,0,0.0654259
404794,18,1,205601,55685,49106,149916,292079,0,0,0,0,0.0726732
404799,18,1,199529,53767,47072,145762,280998,0,0,0,0,0.0634606
404812,36,1,201829,56193,49584,145636,301491,0,0,0,0,0.0665052
404815,36,1,218392,61022,54097,157370,326791,0,0,0,0,0.0704659
404818,36,1,219610,61951,54746,157659,332423,0,0,0,0,0.0648756
404820,18,1,218962,60385,53837,158577,319399,0,0,0,0,0.0872445
404821,18,1,210655,56700,49517,153955,295283,0,0,0,0,0.0694337
404824,18,1,213330,57562,50862,155768,299889,0,0,0,0,0.079791
404829,18,1,199564,53837,47172,145727,281437,0,0,0,0,0.0938148
404842,36,1,190603,52309,45673,138294,279445,0,0,0,0,0.0811618
404845,36,1,211540,58596,51602,152944,313103,0,0,0,0,0.0807334
404848,36,1,211093,58564,51600,152529,312723,0,0,0,0,0.0879892
404870,18,1,165504,43972,38649,121532,231659,0,0,0,0,0.0974345
404871,18,1,173623,46482,40066,127141,244195,0,0,0,0,0.0911178
404872,18,1,164461,44108,37931,120353,233382,0,0,0,0,0.068324
404873,18,1,142098,37324,32501,104774,197036,0,0,0,0,0.062046
404874,18,1,184155,49969,43986,134186,264900,0,0,0,0,0.061394
404875,18,1,180007,48911,42949,131096,259833,0,0,0,0,0.0627233
404876,18,1,166769,44526,39060,122243,235271,0,0,0,0,0.058816
404877,18,1,174724,46801,41091,127923,245984,0,0,0,0,0.0854525
404878,18,1,177001,47697,41759,129304,252170,0,0,0,0,0.0786917
404879,18,1,173663,47071,41125,126592,250165,0,0,0,0,0.0666491
405150,18,1,185292,50137,44604,135155,264829,0,0,0,0,0.14313
405151,18,1,192519,52111,45787,140408,272194,0,0,0,0,0.102631
405152,18,1,182502,49399,43223,133103,259750,0,0,0,0,0.0915537
405153,18,1,175355,47395,41335,127960,250407,0,0,0,0,0.0922632
405154,18,1,200329,54373,48609,145956,286680,0,0,0,0,0.0889096
405155,18,1,199006,53972,48122,145034,284754,0,0,0,0,0.0869418
405156,18,1,193171,52109,46301,141062,275214,0,0,0,0,0.103646
405157,18,1,200643,54560,48201,146083,287152,0,0,0,0,0.103482
405158,18,1,192809,52923,46478,139886,280083,0,0,0,0,0.0839661
405159,18,1,183308,50318,44152,132990,267117,0,0,0,0,0.0789188
405220,36,1,174081,47518,41169,126563,252866,0,0,0,0,0.0557139
405221,36,1,184641,50479,43903,134162,267700,0,0,0,0,0.0635859
405222,36,1,189240,51845,44954,137395,274960,0,0,0,0,0.0697176
405223,36,1,188902,52419,45979,136483,280553,0,0,0,0,0.112274
405224,36,1,205811,56924,49899,148887,303252,0,0,0,0,0.0705723
405225,36,1,197084,54427,47954,142657,289696,0,0,0,0,0.0612179
405226,36,1,219469,61448,53647,158021,328276,0,0,0,0,0.0925449
405227,36,1,190764,52418,46037,138346,277534,0,0,0,0,0.0743165
405228,36,1,196648,54791,47806,141857,292445,0,0,0,0,0.0689263
405229,36,1,180589,49545,42686,131044,263443,0,0,0,0,0.0694109
405280,36,1,184603,50616,44073,133987,268594,0,0,0,0,0.0728987
405281,36,1,191941,52498,45518,139443,277148,0,0,0,0,0.0768185
405282,36,1,188324,51537,44680,136787,273174,0,0,0,0,0.0650056
405283,36,1,198681,55462,48497,143219,296151,0,0,0,0,0.0966763
405284,36,1,216836,59923,52535,156913,317808,0,0,0,0,0.066132
405285,36,1,204604,56248,49598,148356,297568,0,0,0,0,0.0592287
405286,36,1,227824,63737,55549,164087,339040,0,0,0,0,0.0671571
405287,36,1,190599,52439,46104,138160,277725,0,0,0,0,0.0872681
405288,36,1,204622,56947,49686,147675,302691,0,0,0,0,0.0695143
405289,36,1,187156,51549,44507,135607,273523,0,0,0,0,0.0627116
405330,36,1,189148,51855,44775,137293,274702,0,0,0,0,0.0625678
405331,36,1,189054,51847,44774,137207,274678,0,0,0,0,0.061546
405332,36,1,177539,48093,41386,129446,254805,0,0,0,0,0.061539
405333,36,1,195033,54070,47206,140963,287453,0,0,0,0,0.0800294
405334,36,1,206787,56947,49241,149840,299597,0,0,0,0,0.0625282
405335,36,1,203452,56174,49254,147278,298173,0,0,0,0,0.0611121
405336,36,1,201642,56159,48981,145483,299192,0,0,0,0,0.059721
405337,36,1,197680,54742,47812,142938,291176,0,0,0,0,0.0591563
405338,36,1,203428,56892,49554,146536,303417,0,0,0,0,0.062533
405339,36,1,206168,56871,49279,149297,300453,0,0,0,0,0.064449
405370,36,1,186239,50799,44484,135440,269642,0,0,0,0,0.0766948
405371,36,1,194860,53128,46582,141732,281203,0,0,0,0,0.0609289
405372,36,1,201198,54452,48132,146746,286603,0,0,0,0,0.0810053
405373,36,1,193987,53786,46769,140201,286202,0,0,0,0,0.0604538
405374,36,1,199318,54714,48058,144604,290385,0,0,0,0,0.0586232
405375,36,1,218041,59995,53215,158046,318458,0,0,0,0,0.0647976
405376,36,2,272141,76738,67828,195390,412553,1,0,0,0,0.146167
405377,36,2,262396,73300,65005,189083,392538,1,0,0,0,0.163888
405378,36,1,220070,61421,54100,158649,326989,0,0,0,0,0.0681065
405379,36,1,206574,57061,50121,149513,303198,0,0,0,0,0.0888951
405400,36,1,194708,53230,46574,141478,281692,0,0,0,0,0.0868877
405401,36,1,203752,55262,48664,148490,290052,0,0,0,0,0.0660455
405402,36,1,190858,51826,45214,139032,273293,0,0,0,0,0.0637296
405403,36,1,174536,47697,41270,126839,253232,0,0,0,0,0.0617984
405404,36,1,208256,57179,50281,151077,302340,0,0,0,0,0.0680025
405405,36,1,209666,57456,50728,152210,304716,0,0,0,0,0.0644606
405406,36,1,202027,56149,49437,145878,299775,0,0,0,0,0.0636451
405407,36,1,197406,54724,48176,142682,291442,0,0,0,0,0.0738055
405408,36,1,208986,57970,50732,151016,308019,0,0,0,0,0.0775985
405409,36,1,206765,57175,50216,149590,303890,0,0,0,0,0.0660052
405420,36,1,187118,50746,44186,136372,267528,0,0,0,0,0.0920711
405421,36,1,197944,54572,47294,143372,286229,0,0,0,0,0.0703003
405422,36,1,189756,52295,45217,137461,275531,0,0,0,0,0.068165
405423,36,1,160469,43406,37090,117063,229494,0,0,0,0,0.0637832
405424,36,1,205562,56900,49873,148662,301034,0,0,0,0,0.107181
405425,36,1,204633,56769,49729,147864,300679,0,0,0,0,0.0726583
405426,36,1,190029,52137,45271,137892,275722,0,0,0,0,0.0639396
405427,36,1,191759,52139,45490,139620,273636,0,0,0,0,0.0618933
405428,36,1,214430,59829,52437,154601,316486,0,0,0,0,0.0737557
405429,36,1,205843,57639,50392,148204,306653,0,0,0,0,0.0675091
405720,6,1,171299,44252,38953,127047,231231,0,0,0,0,0.12152
405721,18,1,168071,44160,38382,123911,231918,0,0,0,0,0.0784592
405724,18,1,189963,50805,45309,139158,268439,0,0,0,0,0.0754161
405729,18,1,178049,48610,42918,129439,258917,0,0,0,0,0.0810231
405730,6,1,164981,44046,38812,120935,233699,0,0,0,0,0.0868123
405731,18,1,152866,40205,35007,112661,212222,0,0,0,0,0.0575874
405734,18,1,175179,46505,40706,128674,244748,0,0,0,0,0.0545153
405739,18,1,155941,41782,36374,114159,222079,0,0,0,0,0.0567283
405740,6,1,163584,43672,38489,119912,231716,0,0,0,0,0.0878524
405741,18,1,152914,40206,35044,112708,212214,0,0,0,0,0.0579535
405744,18,1,175442,46567,40792,128875,245062,0,0,0,0,0.0541497
405749,18,1,156253,41866,36439,114387,222537,0,0,0,0,0.0548258
405750,6,1,163206,43568,38389,119638,231143,0,0,0,0,0.0793818
405751,18,1,178359,48994,42780,129365,261056,0,0,0,0,0.0617302
405754,18,1,199855,55195,48303,144660,292828,0,0,0,0,0.0639535
405759,18,1,145375,38731,33479,106644,206373,0,0,0,0,0.0747796
405760,18,1,136661,36512,31679,100149,194552,0,0,0,0,0.0788045
405761,18,1,150692,40177,35289,110515,213723,0,0,0,0,0.0577508
405764,18,1,169256,45402,40052,123854,241123,0,0,0,0,0.055606
405769,18,1,169102,45555,40076,123547,242395,0,0,0,0,0.0799908
405782,36,1,160333,43276,37526,117057,230828,0,0,0,0,0.0557036
405785,36,1,174208,47436,41242,126772,253347,0,0,0,0,0.0594554
405788,36,1,175732,46679,40533,129053,246477,0,0,0,0,0.0624098
405790,6,1,165820,42700,37529,123120,221982,0,0,0,0,0.0766925
405791,18,1,172702,46186,40243,126516,243168,0,0,0,0,0.0620666
405794,18,2,190641,50573,44398,140058,263190,1,0,0,0,0.166828
405799,18,2,188961,50089,43722,138859,261247,1,0,0,0,0.12337
405800,6,1,165729,42654,37494,123075,221713,0,0,0,0,0.0838689
405801,18,1,172623,46155,40228,126468,242985,0,0,0,0,0.0612518
405804,18,2,190659,50584,44403,140065,263256,1,0,0,0,0.143649
405809,18,2,189157,50137,43763,139007,261463,1,0,0,0,0.11877
405810,6,1,165668,42629,37483,123039,221568,0,0,0,0,0.0736409
405811,18,2,231502,63610,55580,167879,338725,1,0,0,0,0.177815
405814,18,2,192376,51853,45306,140510,273603,1,0,0,0,0.153643
405819,18,1,156833,40627,35310,116206,212421,0,0,0,0,0.0715578
405820,18,1,140191,36090,31257,104101,188496,0,0,0,0,0.0773052
405821,18,1,157579,41033,35975,116546,214461,0,0,0,0,0.0615197
405824,18,2,184847,48444,42462,136390,252972,1,0,0,0,0.166175
405829,18,1,170376,44290,38670,126086,230821,0,0,0,0,0.0754079
405842,36,1,183464,49133,42685,134331,259512,0,0,0,0,0.0718466
405845,36,2,189065,50351,44253,138701,264374,1,0,0,0,0.127985
405848,36,1,188141,49393,42982,138748,256922,0,0,0,0,0.0576088
405850,6,1,179743,46632,41412,133111,241628,0,0,0,0,0.0719507
405851,18,1,171517,44748,39123,126769,231432,0,0,0,0,0.0524951
405854,18,2,191704,50943,44527,140751,265109,1,0,0,0,0.11804
405859,18,2,193866,51570,45038,142283,269094,1,0,0,0,0.146538
405860,6,1,179633,46592,41387,133041,241387,0,0,0,0,0.101619
405861,18,2,190140,51342,44763,138785,271161,1,0,0,0,0.157229
405864,18,2,187483,49923,43594,137547,261832,1,0,0,0,0.162941
405869,18,2,177948,46600,40243,131336,243932,1,0,0,0,0.114519
405870,18,1,163105,42578,37004,120527,221713,0,0,0,0,0.0554637
405871,18,2,188636,50157,43903,138466,263454,1,0,0,0,0.136785
405874,18,2,185076,48986,42776,136077,256300,1,0,0,0,0.138757
405879,18,1,174377,45721,39937,128656,238328,0,0,0,0,0.0548751
405892,36,2,193362,51991,45267,141359,274426,1,0,0,0,0.12633
405895,36,2,190887,51494,45063,139380,271452,1,0,0,0,0.113792
405898,36,2,190727,50963,44389,139752,267694,1,0,0,0,0.116089
405900,6,1,179532,46579,41382,132953,241331,0,0,0,0,0.0739098
405901,18,2,201649,54578,48046,147058,288121,1,0,0,0,0.152275
405904,18,2,221460,59937,52670,161510,315899,1,0,0,0,0.126917
405909,18,2,172284,44990,38945,127282,235470,1,0,0,0,0.15109
405910,18,1,163129,42595,37032,120534,221827,0,0,0,0,0.0558732
405911,18,2,201482,54000,47635,147469,284315,1,0,0,0,0.15967
405914,18,1,158691,40886,35356,117805,212880,0,0,0,0,0.0640107
405919,18,1,156941,40948,35539,115993,214238,0,0,0,0,0.0567213
405932,36,2,200214,54271,47669,145931,287052,1,0,0,0,0.150925
405935,36,1,177124,46353,40274,130771,241295,0,0,0,0,0.0643645
405938,36,2,182708,48485,42216,134211,254238,1,0,0,0,0.164517
405940,18,2,242658,65091,57383,177555,340522,1,0,0,0,0.157487
405941,18,2,242541,65068,57367,177461,340382,1,0,0,0,0.16015
405944,18,1,151486,38418,33224,113068,197510,0,0,0,0,0.0714966
405949,18,1,143617,37336,32314,106281,195487,0,0,0,0,0.0730155
405962,36,1,182106,48012,41839,134094,249293,0,0,0,0,0.0781753
405965,36,1,177346,47400,41100,129946,248331,0,0,0,0,0.0728415
405968,36,1,169290,45253,39200,124037,237931,0,0,0,0,0.0562264
405990,18,1,166726,42595,37392,124131,217562,0,0,0,0,0.0597724
405991,18,1,166899,42618,37400,124281,217600,0,0,0,0,0.0657609
405992,18,1,160750,41385,36020,119365,213684,0,0,0,0,0.0538723
405993,18,1,184005,48293,42883,135712,251106,0,0,0,0,0.0932486
405994,18,1,160498,39744,34454,120754,200356,0,0,0,0,0.0577834
405995,18,1,160650,41294,35652,119356,213756,0,0,0,0,0.0667289
405996,18,1,170863,44244,38292,126619,227666,0,0,0,0,0.0582759
405997,18,1,153268,39514,34322,113754,205936,0,0,0,0,0.0484714
405998,18,1,160833,41593,36166,119240,214853,0,0,0,0,0.0628555
405999,18,1,158730,41098,35650,117632,213189,0,0,0,0,0.0621121
406010,6,1,177106,46945,41735,130161,247310,0,0,0,0,0.0762641
406011,18,1,169294,44671,39039,124623,235071,0,0,0,0,0.0568621
406014,18,2,245490,68447,60750,177030,366086,1,0,0,0,0.159337
406019,18,1,173351,46426,40774,126925,244764,0,0,0,0,0.0646357
406020,6,1,177015,46860,41655,130155,246725,0,0,0,0,0.102826
406021,18,1,169148,44589,38985,124559,234518,0,0,0,0,0.0586328
406024,18,2,245104,68295,60670,176796,365145,1,0,0,0,0.140064
406029,18,1,173297,46393,40756,126904,244527,0,0,0,0,0.0558528
406030,6,1,176871,46827,41624,130044,246550,0,0,0,0,0.0820785
406031,18,1,197398,53970,47372,143428,285784,0,0,0,0,0.0655206
406034,18,1,211954,58417,51409,153537,308640,0,0,0,0,0.0706624
406039,18,1,160179,42594,37359,117585,225395,0,0,0,0,0.0667404
406040,18,1,153619,41114,35969,112505,218039,0,0,0,0,0.0554532
406041,18,1,165824,44219,38945,121605,234060,0,0,0,0,0.0523487
406044,18,1,182216,48797,42860,133419,257390,0,0,0,0,0.0526886
406049,18,1,184631,49409,43911,135222,260728,0,0,0,0,0.0731763
406062,36,1,177541,47751,41584,129790,253438,0,0,0,0,0.0547225
406065,36,1,189281,51063,44617,138218,270447,0,0,0,0,0.0554049
406068,36,1,188667,50274,43801,138393,263967,0,0,0,0,0.0580114
406070,6,1,173057,44930,39388,128127,235323,0,0,0,0,0.0770895
406071,18,1,181497,49042,42524,132455,260174,0,0,0,0,0.0686564
406074,18,2,198047,53683,47307,144351,283529,1,0,0,0,0.135177
406079,18,1,169245,44526,39138,124719,232607,0,0,0,0,0.0539095
406080,6,1,173144,44956,39421,128188,235483,0,0,0,0,0.0712813
406081,18,1,181470,49029,42507,132441,260093,0,0,0,0,0.0653136
406084,18,2,198093,53693,47314,144387,283576,1,0,0,0,0.134736
406089,18,1,169357,44543,39131,124814,232652,0,0,0,0,0.0713825
406090,6,1,173034,44942,39414,128092,235429,0,0,0,0,0.0909497
406091,18,1,194199,52076,45228,142123,273553,0,0,0,0,0.0618526
406094,18,2,248695,69976,61496,178706,376238,1,0,0,0,0.142345
406099,18,1,164865,43239,37578,121626,227466,0,0,0,0,0.0565257
406100,18,1,148283,38470,33128,109813,202176,0,0,0,0,0.0547003
406101,18,1,166478,43889,38266,122589,231449,0,0,0,0,0.057973
406104,18,2,188821,50120,43619,138689,264073,1,0,0,0,0.132392
406109,18,1,176234,46251,40602,129983,242767,0,0,0,0,0.0723625
406122,36,1,188340,50857,44094,137483,270596,0,0,0,0,0.0632853
406125,36,1,198217,53642,46796,144575,284579,0,0,0,0,0.0602416
406128,36,1,190522,50791,44190,139731,266605,0,0,0,0,0.0603752
406130,6,1,182019,47742,42300,134277,249774,0,0,0,0,0.0741206
406131,18,1,159783,41798,36660,117985,218607,0,0,0,0,0.0522346
406134,18,2,191991,51754,45524,140225,272075,1,0,0,0,0.122237
406139,18,2,188642,50646,44372,137983,266588,1,0,0,0,0.116525
406140,6,1,181992,47736,42299,134256,249739,0,0,0,0,0.0748601
406141,18,2,190914,52014,45508,138887,277087,1,0,0,0,0.129267
406144,18,2,184529,49875,43563,134642,264062,1,0,0,0,0.120044
406149,18,2,256511,69636,60853,186862,370145,1,0,0,0,0.127227
406150,18,1,167080,44118,38043,122962,231960,0,0,0,0,0.0542548
406151,18,2,187014,50132,43952,136870,265641,1,0,0,0,0.120375
406154,18,2,186670,50297,44064,136360,265923,1,0,0,0,0.116443
406159,18,1,177088,46892,41209,130196,245818,0,0,0,0,0.05302
406172,36,1,179655,47822,41912,131833,252146,0,0,0,0,0.0536442
406175,36,2,191613,52371,45713,139229,278559,1,0,0,0,0.113946
406178,36,2,189757,51525,45057,138219,273492,1,0,0,0,0.114145
406180,6,1,181911,47721,42272,134190,249664,0,0,0,0,0.0743842
406181,18,2,197139,53835,47518,143291,286686,1,0,0,0,0.130832
406184,18,2,186827,50423,44296,136391,266345,1,0,0,0,0.118325
406189,18,2,179611,48090,41635,131508,253917,1,0,0,0,0.113316
406190,18,1,167099,44143,38031,122956,232147,0,0,0,0,0.0556469
406191,18,2,195835,53069,46765,142753,282060,1,0,0,0,0.123226
406194,18,1,171371,45310,39533,126061,237769,0,0,0,0,0.0620507
406199,18,1,168750,44326,38707,124424,231868,0,0,0,0,0.0583802
406212,36,1,189260,50514,44498,138746,265369,0,0,0,0,0.0565999
406215,36,1,192354,51645,45093,140709,271664,0,0,0,0,0.0541284
406218,36,2,185979,50318,43897,135648,266422,1,0,0,0,0.120641
406220,18,2,270892,73093,64306,197786,386003,1,0,0,0,0.157011
406221,18,2,270729,73049,64272,197667,385731,1,0,0,0,0.141596
406224,18,1,161307,42056,36889,119251,218651,0,0,0,0,0.0539098
406229,18,1,158805,41369,36009,117436,215537,0,0,0,0,0.0572936
406242,36,1,187105,49780,43266,137325,260606,0,0,0,0,0.0587523
406245,36,1,183577,49227,42788,134350,258867,0,0,0,0,0.0622465
406248,36,1,183240,49414,42932,133826,260281,0,0,0,0,0.0601392
406270,18,2,296077,80055,71107,216009,422869,1,0,0,0,0.181736
406271,18,2,295867,80001,71080,215853,422563,1,0,0,0,0.145177
406272,18,1,156686,40419,35299,116267,210108,0,0,0,0,0.0532732
406273,18,1,182631,48264,43013,134367,252842,0,0,0,0,0.07293
406274,18,1,166911,42545,37029,124366,218210,0,0,0,0,0.0511075
406275,18,1,167087,43708,38346,123379,228279,0,0,0,0,0.0504986
406276,18,2,190179,51968,45666,138198,276230,1,0,0,0,0.130121
406277,18,1,162015,42338,37175,119677,220814,0,0,0,0,0.0483958
406278,18,2,183114,49626,43394,133475,262958,1,0,0,0,0.123372
406279,18,2,183641,48969,42793,134659,256824,1,0,0,0,0.129861
406300,6,1,181135,48430,42402,132705,255818,0,0,0,0,0.0958088
406301,18,1,161192,43270,37521,117922,229142,0,0,0,0,0.0705938
406304,18,1,196782,53520,46684,143262,282687,0,0,0,0,0.0741486
406309,18,1,206720,56340,49212,150380,298027,0,0,0,0,0.0673066
406310,6,1,181198,48468,42425,132730,256051,0,0,0,0,0.0913493
406311,18,2,227154,63886,56583,163255,343356,1,0,0,0,0.198123
406314,18,1,199389,55080,48083,144309,293239,0,0,0,0,0.0697402
406319,18,1,199394,53947,47159,145447,284164,0,0,0,0,0.0579558
406320,18,1,163831,44637,38818,119194,238315,0,0,0,0,0.0565716
406321,18,1,184189,49728,43238,134461,263137,0,0,0,0,0.0599146
406324,18,2,292513,82920,73281,209580,445771,1,0,0,0,0.149601
406329,18,1,199518,53616,46816,145902,281175,0,0,0,0,0.0616729
406342,36,1,182545,49416,43231,133129,262370,0,0,0,0,0.0548231
406345,36,1,206063,56941,49449,149122,303877,0,0,0,0,0.0613699
406348,36,1,200326,54796,47672,145530,289601,0,0,0,0,0.0601207
406360,6,1,208353,56630,49790,151723,299518,0,0,0,0,0.0733603
406361,18,1,201415,55822,48463,145593,296961,0,0,0,0,0.0571548
406364,18,2,208979,57645,50889,151321,305659,1,0,0,0,0.123853
406369,18,2,292396,81616,71706,210768,435030,1,0,0,0,0.133425
406370,6,1,208332,56618,49777,151714,299446,0,0,0,0,0.0776043
406371,18,2,193098,52635,45831,140450,280401,1,0,0,0,0.118133
406374,18,2,204406,56649,49574,147744,302103,1,0,0,0,0.123337
406379,18,2,194856,53047,46525,141796,281449,1,0,0,0,0.117729
406380,18,1,184857,49741,42696,135116,262779,0,0,0,0,0.0566308
406381,18,2,184492,49462,43215,135018,261994,1,0,0,0,0.118766
406384,18,2,199615,54456,47531,145147,289060,1,0,0,0,0.119985
406389,18,1,191495,50383,43942,141112,262081,0,0,0,0,0.0592125
406402,36,1,202974,55376,48523,147598,293894,0,0,0,0,0.0589519
406405,36,2,198812,55074,48246,143725,294198,1,0,0,0,0.117302
406408,36,1,212434,57370,49836,155064,301502,0,0,0,0,0.0586018
406410,6,1,193094,51615,45494,141479,271112,0,0,0,0,0.0694792
406411,18,1,180512,48681,42335,131831,256387,0,0,0,0,0.05337
406414,18,2,198310,54298,47858,143999,287379,1,0,0,0,0.12149
406419,18,2,274942,75544,66462,199386,400175,1,0,0,0,0.134631
406420,6,1,192984,51573,45464,141411,270867,0,0,0,0,0.07075
406421,18,2,181199,48801,42377,132386,258854,1,0,0,0,0.122373
406424,18,2,191176,52592,46282,138571,280037,1,0,0,0,0.117964
406429,18,2,187634,50869,44622,136752,269964,1,0,0,0,0.116171
406430,18,1,177366,47743,41524,129623,251994,0,0,0,0,0.0520037
406431,18,1,198246,53602,46659,144644,281509,0,0,0,0,0.0557285
406434,18,2,189594,51652,45029,137930,274351,1,0,0,0,0.121455
406439,18,2,305108,84951,74752,220144,453329,1,0,0,0,0.143295
406452,36,1,188800,50641,44160,138159,266590,0,0,0,0,0.0548237
406455,36,2,192571,53192,46649,139366,284062,1,0,0,0,0.112474
406458,36,2,189755,52462,45966,137280,280549,1,0,0,0,0.115511
406460,6,1,184566,48486,43106,136080,252753,0,0,0,0,0.0810255
406461,18,1,193259,51641,45619,141618,269529,0,0,0,0,0.0595374
406464,18,1,227272,61033,54250,166239,315902,0,0,0,0,0.0637216
406469,18,2,250905,69283,60913,181610,368962,1,0,0,0,0.147344
406470,18,1,165537,43982,38290,121555,230967,0,0,0,0,0.0565148
406471,18,1,186962,49853,43399,137109,261578,0,0,0,0,0.0543067
406474,18,2,194383,53289,46702,141082,283377,1,0,0,0,0.118958
406479,18,1,179521,47759,41694,131762,250842,0,0,0,0,0.0544509
406492,36,1,215080,58625,51039,156455,309409,0,0,0,0,0.0590328
406495,36,1,225975,62433,54736,163542,330553,0,0,0,0,0.063998
406498,36,1,200671,54046,47561,146625,284610,0,0,0,0,0.0582123
406500,18,1,179983,47387,41551,132596,245491,0,0,0,0,0.0627006
406501,18,2,313189,86213,75971,226963,456393,1,0,0,0,0.16103
406504,18,1,198270,52859,46295,145411,275472,0,0,0,0,0.0546379
406509,18,1,168733,44674,38911,124059,233677,0,0,0,0,0.0532685
406522,36,1,192637,51611,44825,141026,269375,0,0,0,0,0.0535292
406525,36,2,320700,90500,79945,230187,485645,1,0,0,0,0.141157
406528,36,2,250546,69460,60621,181073,371144,1,0,0,0,0.130742
406550,18,2,297675,80293,71118,217369,423027,1,0,0,0,0.148646
406551,18,2,203409,54376,48066,149020,286021,1,0,0,0,0.116959
406552,18,2,308380,84743,74843,223624,450232,1,0,0,0,0.141119
406553,18,1,191135,50601,44092,140534,262164,0,0,0,0,0.0584284
406554,18,2,273728,74738,65911,198978,394669,1,0,0,0,0.131514
406555,18,2,190824,51750,45509,139062,274943,1,0,0,0,0.1125
406556,18,2,199427,54435,47954,144980,289484,1,0,0,0,0.119936
406557,18,1,168384,44693,39492,123691,234691,0,0,0,0,0.0520119
406558,18,1,195665,52572,46041,143093,276752,0,0,0,0,0.0581662
406559,18,2,189431,50664,44351,138755,265747,1,0,0,0,0.136612
406590,6,1,181354,48500,42440,132854,256188,0,0,0,0,0.091163
406591,18,2,230716,65196,57891,165507,350656,1,0,0,0,0.18751
406594,18,1,202153,55859,49117,146294,297733,0,0,0,0,0.0646127
406599,18,1,188098,51078,44381,137020,270366,0,0,0,0,0.0697001
406600,18,1,163923,44659,38838,119264,238414,0,0,0,0,0.0651054
406601,18,1,196146,53093,46480,143053,280142,0,0,0,0,0.0602293
406604,18,1,184587,50620,44121,133967,268442,0,0,0,0,0.0619713
406609,18,1,183368,49241,42676,134127,259347,0,0,0,0,0.0635171
406622,36,1,197057,53644,47113,143413,284333,0,0,0,0,0.0604016
406625,36,1,208250,57614,50204,150636,307871,0,0,0,0,0.0688376
406628,36,1,191859,52917,46045,138942,281492,0,0,0,0,0.0803547
406650,6,1,208416,56630,49792,151786,299464,0,0,0,0,0.108399
406651,18,2,200811,55351,48437,145447,295972,1,0,0,0,0.141214
406654,18,1,200100,54421,47554,145679,286793,0,0,0,0,0.065996
406659,18,2,188673,50871,44469,137789,269719,1,0,0,0,0.11844
406660,18,1,185045,49790,42716,135255,263035,0,0,0,0,0.0558875
406661,18,2,191592,51848,45421,139732,275393,1,0,0,0,0.152081
406664,18,1,176670,46809,41119,129861,246441,0,0,0,0,0.0687148
406669,18,1,171119,44697,38764,126422,233618,0,0,0,0,0.0564957
406682,36,1,210226,57296,50242,152930,303298,0,0,0,0,0.0605994
406685,36,1,205247,55669,48731,149578,296014,0,0,0,0,0.0570146
406688,36,1,201654,54695,47554,146959,289235,0,0,0,0,0.0602985
406700,6,1,193023,51580,45478,141443,270906,0,0,0,0,0.0755469
406701,18,2,186789,50857,44432,135920,270864,1,0,0,0,0.136399
406704,18,2,188217,51740,45440,136464,275488,1,0,0,0,0.131039
406709,18,2,189244,51277,44620,137954,272360,1,0,0,0,0.137935
406710,18,1,177270,47713,41492,129557,251806,0,0,0,0,0.0575997
406711,18,2,187420,50430,44272,136978,267763,1,0,0,0,0.124447
406714,18,1,186520,49661,43641,136859,260837,0,0,0,0,0.0743466
406719,18,2,308790,86171,75612,222606,460330,1,0,0,0,0.175095
406732,36,1,200884,54175,47593,146709,285031,0,0,0,0,0.0631315
406735,36,1,200966,54594,47575,146372,289160,0,0,0,0,0.080128
406738,36,2,192657,53188,46585,139456,284412,1,0,0,0,0.171921
406740,6,1,184647,48495,43107,136152,252778,0,0,0,0,0.100199
406741,18,1,192619,51569,45602,141050,270234,0,0,0,0,0.0784394
406744,18,1,211963,57131,50853,154832,297919,0,0,0,0,0.0821317
406749,18,2,268645,73853,65063,194780,392909,1,0,0,0,0.143769
406750,18,1,165254,43902,38227,121352,230549,0,0,0,0,0.0553347
406751,18,2,190287,51589,45255,138686,273755,1,0,0,0,0.119638
406754,18,2,192541,52444,45811,140085,278199,1,0,0,0,0.119624
406759,18,1,188794,50425,44276,138369,264836,0,0,0,0,0.0574157
406772,36,1,220386,60367,52851,160019,319357,0,0,0,0,0.0620847
406775,36,1,219142,60564,53186,158578,321579,0,0,0,0,0.0589142
406778,36,1,211101,57095,50404,154006,300755,0,0,0,0,0.0579231
406780,18,1,179951,47338,41489,132613,245153,0,0,0,0,0.0543813
406781,18,2,313078,86194,75950,226871,456316,1,0,0,0,0.145975
406784,18,1,198279,52865,46309,145414,275532,0,0,0,0,0.0553652
406789,18,1,168660,44662,38898,123998,233643,0,0,0,0,0.0569559
406802,36,1,185749,49924,43395,135825,262339,0,0,0,0,0.0536242
406805,36,2,314056,88226,77651,225817,472594,1,0,0,0,0.139245
406808,36,2,249031,68891,60282,180127,368085,1,0,0,0,0.133974
406830,18,2,297283,80199,71053,217071,422532,1,0,0,0,0.155196
406831,18,2,203414,54374,48072,149027,286009,1,0,0,0,0.127406
406832,18,2,293973,80478,70604,213482,428918,1,0,0,0,0.173107
406833,18,1,176149,46698,40734,129451,244273,0,0,0,0,0.0638459
406834,18,2,273655,74721,65912,198922,394605,1,0,0,0,0.156738
406835,18,2,184441,49666,43698,134763,263160,1,0,0,0,0.115159
406836,18,2,193038,52452,46038,140574,278375,1,0,0,0,0.127606
406837,18,1,169657,44658,39585,124999,233666,0,0,0,0,0.0596549
406838,18,1,194934,52171,45665,142763,274318,0,0,0,0,0.0646402
406839,18,2,189311,50631,44312,138668,265587,1,0,0,0,0.128578
406880,18,1,190393,51980,45731,138413,275745,0,0,0,0,0.0644302
406881,18,1,199165,53922,47214,145243,283297,0,0,0,0,0.0848903
406884,18,2,312441,89116,78255,223312,478335,1,0,0,0,0.232275
406889,18,1,171460,46142,40103,125318,243405,0,0,0,0,0.0759646
406902,36,1,189126,50974,44692,138152,268402,0,0,0,0,0.0847232
406905,36,1,212791,59075,51641,153716,315208,0,0,0,0,0.0637287
406908,36,1,203466,56339,48954,147127,300237,0,0,0,0,0.059188
406940,18,1,195898,52808,45849,143090,278194,0,0,0,0,0.0574094
406941,18,2,217982,60071,53036,157898,320526,1,0,0,0,0.146643
406944,18,1,165153,44018,38603,121135,232379,0,0,0,0,0.0758278
406949,18,1,162318,42444,36752,119874,222506,0,0,0,0,0.07866
406962,36,1,207184,56257,49040,150927,297001,0,0,0,0,0.0634074
406965,36,1,210191,57676,50945,152515,307052,0,0,0,0,0.0633966
406968,36,1,206846,56811,49627,150035,302679,0,0,0,0,0.0744245
406990,18,1,199215,53855,46728,145360,283544,0,0,0,0,0.0588313
406991,18,1,208057,56288,48993,151769,294857,0,0,0,0,0.0589757
406994,18,1,172826,46176,40726,126650,243067,0,0,0,0,0.0544854
406999,18,1,195702,53201,46586,142501,279973,0,0,0,0,0.0710357
407012,36,1,206778,56196,49109,150582,296694,0,0,0,0,0.0617567
407015,36,1,206405,56342,49749,150063,298592,0,0,0,0,0.0593864
407018,36,1,210809,58179,50956,152630,309503,0,0,0,0,0.0611492
407030,18,2,199956,53570,47106,146374,283246,1,0,0,0,0.133964
407031,18,1,190684,50808,44331,139876,265992,0,0,0,0,0.0760778
407034,18,2,206578,56677,49726,149888,301737,1,0,0,0,0.156018
407039,18,1,187709,49727,43481,137982,260013,0,0,0,0,0.0578679
407052,36,2,195118,53074,46402,142031,282289,1,0,0,0,0.119328
407055,36,2,201154,55081,48202,146060,293350,1,0,0,0,0.122508
407058,36,1,215654,58613,51628,157041,309267,0,0,0,0,0.0598374
407060,18,2,206865,55779,49193,151074,295072,1,0,0,0,0.12172
407061,18,2,317270,87750,77047,229507,467811,1,0,0,0,0.171728
407064,18,1,203251,55236,48707,148015,290796,0,0,0,0,0.0766764
407069,18,1,179895,47928,41977,131967,252042,0,0,0,0,0.0819948
407082,36,2,195005,53285,46550,141707,283803,1,0,0,0,0.165802
407085,36,2,199816,54765,48079,145038,291778,1,0,0,0,0.135758
407088,36,1,206722,56188,49497,150534,296594,0,0,0,0,0.0579823
407110,18,2,279446,75580,66648,203853,400954,1,0,0,0,0.211218
407111,18,2,192410,52021,45728,140376,276399,1,0,0,0,0.148528
407112,18,1,173831,46088,40037,127743,241290,0,0,0,0,0.0532333
407113,18,1,170216,45246,39436,124970,237580,0,0,0,0,0.0587005
407114,18,2,300497,83149,73658,217335,443402,1,0,0,0,0.143841
407115,18,2,183046,49193,43308,133840,260280,1,0,0,0,0.116262
407116,18,2,193774,52656,46429,141106,279531,1,0,0,0,0.125912
407117,18,1,169380,44304,39039,125076,230576,0,0,0,0,0.0553939
407118,18,2,297316,81960,72121,215343,437056,1,0,0,0,0.148366
407119,18,2,297581,82019,72269,215549,437038,1,0,0,0,0.158221
407390,18,2,299276,81962,72496,217301,435913,1,0,0,0,0.192365
407391,18,2,199748,54444,47885,145291,289270,1,0,0,0,0.151874
407392,18,2,291808,80548,70829,211247,429283,1,0,0,0,0.160231
407393,18,1,181016,48559,42559,132457,254772,0,0,0,0,0.0623299
407394,18,1,204679,55141,48751,149538,288740,0,0,0,0,0.0614795
407395,18,2,191953,52198,45942,139743,277097,1,0,0,0,0.129184
407396,18,2,193652,52794,46399,140845,280316,1,0,0,0,0.155505
407397,18,1,179492,47890,42500,131602,251099,0,0,0,0,0.058966
407398,18,2,290306,80061,70915,210232,425848,1,0,0,0,0.179678
407399,18,2,290782,80022,70921,210747,425268,1,0,0,0,0.176095
407520,36,1,197901,53959,47162,143942,286170,0,0,0,0,0.0622475
407521,36,1,215835,59190,51461,156645,312818,0,0,0,0,0.0763433
407522,36,1,216246,59387,51605,156859,313022,0,0,0,0,0.0593257
407523,36,1,210515,57665,50853,152850,306124,0,0,0,0,0.0704386
407524,36,1,191828,51930,45311,139898,275912,0,0,0,0,0.0561059
407525,36,1,193130,52268,45711,140862,277795,0,0,0,0,0.0626228
407526,36,1,218709,60004,52328,158705,317840,0,0,0,0,0.0678286
407527,36,1,188452,50380,44219,138072,265414,0,0,0,0,0.0540301
407528,36,1,207177,56432,49366,150745,298592,0,0,0,0,0.0593951
407529,36,1,196182,53432,46699,142750,282656,0,0,0,0,0.066124
407570,36,1,195465,53047,46458,142418,279863,0,0,0,0,0.0578763
407571,36,1,207003,56345,49307,150658,296400,0,0,0,0,0.0601914
407572,36,1,195748,52774,45924,142974,277265,0,0,0,0,0.0582221
407573,36,1,200237,54727,48245,145510,289812,0,0,0,0,0.073391
407574,36,1,168107,44449,38956,123658,233266,0,0,0,0,0.0541703
407575,36,1,188717,51102,44606,137615,270404,0,0,0,0,0.0571844
407576,36,2,197484,55024,48427,142447,294321,1,0,0,0,0.1472
407577,36,1,201035,54872,47997,146163,291071,0,0,0,0,0.0764518
407578,36,2,197791,55284,48646,142494,296277,1,0,0,0,0.125939
407579,36,2,199568,54813,48297,144742,291680,1,0,0,0,0.14992
407610,36,1,182802,48546,42590,134256,254207,0,0,0,0,0.0555164
407611,36,2,189110,50761,44416,138336,268711,1,0,0,0,0.119383
407612,36,1,211276,57608,50503,153668,304500,0,0,0,0,0.0555043
407613,36,1,211095,57633,50399,153462,304856,0,0,0,0,0.0570096
407614,36,2,320452,89451,78659,230988,476748,1,0,0,0,0.15656
407615,36,2,193402,52659,46122,140730,279604,1,0,0,0,0.11407
407616,36,1,214136,58871,51665,155265,312213,0,0,0,0,0.057256
407617,36,1,193482,52626,46244,140856,278983,0,0,0,0,0.0580419
407618,36,1,200270,54213,47779,146057,285675,0,0,0,0,0.05893
407619,36,1,206803,55847,49049,150956,292934,0,0,0,0,0.0557601
407640,36,1,190813,50777,44702,140036,264825,0,0,0,0,0.0556656
407641,36,2,196126,52913,46492,143200,280379,1,0,0,0,0.157023
407642,36,1,196534,53225,46422,143309,281395,0,0,0,0,0.0592555
407643,36,1,186460,50382,44122,136078,265871,0,0,0,0,0.0577799
407644,36,2,320611,89658,79181,230940,478180,1,0,0,0,0.152292
407645,36,2,190923,51893,45479,139017,275592,1,0,0,0,0.118216
407646,36,2,331878,93871,82695,237994,504536,1,0,0,0,0.15417
407647,36,1,185482,50298,44055,135184,266674,0,0,0,0,0.0621033
407648,36,1,197059,53413,47015,143646,281701,0,0,0,0,0.0566242
407649,36,1,198517,54051,47529,144466,285478,0,0,0,0,0.0584331
407660,36,2,289152,79152,69016,209987,420676,1,0,0,0,0.150121
407661,36,2,186950,50622,44160,136316,268896,1,0,0,0,0.125092
407662,36,1,183820,49297,42764,134523,258985,0,0,0,0,0.0551849
407663,36,1,168801,45055,39319,123746,236396,0,0,0,0,0.0536413
407664,36,1,200691,54783,47894,145908,289606,0,0,0,0,0.0644034
407665,36,2,185248,49934,43677,135302,264449,1,0,0,0,0.128391
407666,36,2,328476,92651,81711,235812,496069,1,0,0,0,0.152708
407667,36,1,169163,45285,39625,123878,238936,0,0,0,0,0.0626512
407668,36,2,304860,85418,75099,219429,457357,1,0,0,0,0.18087
407669,36,2,304270,85064,74810,219193,454944,1,0,0,0,0.151608
407970,6,1,188622,49751,44289,138871,259573,0,0,0,0,0.0950417
407971,18,1,183515,48457,42128,135058,253059,0,0,0,0,0.060663
407974,18,2,250960,69991,62159,180956,373174,1,0,0,0,0.154936
407979,18,2,322566,89319,79003,233234,474404,1,0,0,0,0.19925
407980,6,1,188341,49618,44218,138723,258774,0,0,0,0,0.084585
407981,18,1,183465,48443,42128,135022,253017,0,0,0,0,0.068783
407984,18,2,250691,69880,62098,180798,372469,1,0,0,0,0.143895
407989,18,2,322381,89244,78958,233124,473984,1,0,0,0,0.163658
407990,6,1,188291,49613,44216,138678,258759,0,0,0,0,0.0832394
407991,18,1,212383,58000,50974,154383,304747,0,0,0,0,0.0724852
407994,18,1,224497,61609,54256,162888,322678,0,0,0,0,0.0707161
407999,18,1,170867,45465,39779,125402,238797,0,0,0,0,0.0579788
408000,18,1,163094,43542,38103,119552,229116,0,0,0,0,0.0577255
408001,18,2,262742,73016,64544,189714,390594,1,0,0,0,0.147984
408004,18,2,271197,75074,67008,196111,400038,1,0,0,0,0.150409
408009,18,1,194066,51626,45788,142440,269812,0,0,0,0,0.0788604
408022,36,1,189227,50998,44480,138229,268557,0,0,0,0,0.0591386
408025,36,1,200460,54134,47312,146326,284251,0,0,0,0,0.0629463
408028,36,1,200822,53873,46892,146949,281472,0,0,0,0,0.0634664
408030,6,1,174176,45401,39793,128775,238100,0,0,0,0,0.0770198
408031,18,1,182192,49339,42877,132853,261973,0,0,0,0,0.0764207
408034,18,2,196147,52858,46116,143276,278601,1,0,0,0,0.129577
408039,18,2,258796,71147,62430,187637,378043,1,0,0,0,0.153852
408040,6,1,174017,45361,39752,128656,237884,0,0,0,0,0.0823294
408041,18,1,182211,49339,42875,132872,261977,0,0,0,0,0.125016
408044,18,2,195974,52798,46082,143163,278237,1,0,0,0,0.128498
408049,18,2,258564,71064,62324,187488,377552,1,0,0,0,0.182112
408050,6,1,173930,45335,39742,128595,237735,0,0,0,0,0.100146
408051,18,1,195486,52681,45854,142805,277397,0,0,0,0,0.0689946
408054,18,2,322449,90013,78913,232423,480288,1,0,0,0,0.171609
408059,18,1,167056,44247,38489,122809,233601,0,0,0,0,0.0633844
408060,18,1,148917,38877,33476,110040,204788,0,0,0,0,0.0569834
408061,18,1,168120,44458,38855,123662,234659,0,0,0,0,0.0630124
408064,18,2,192806,51123,44658,141671,269175,1,0,0,0,0.13359
408069,18,1,177045,46790,41024,130255,246490,0,0,0,0,0.0846645
408082,36,1,188303,51058,44571,137245,271844,0,0,0,0,0.0642611
408085,36,1,197217,53407,46793,143810,283145,0,0,0,0,0.0575687
408088,36,1,193091,51655,44911,141436,271504,0,0,0,0,0.0667166
408090,6,1,172903,45875,40504,127028,242182,0,0,0,0,0.0723979
408091,18,1,151377,39794,34689,111583,209687,0,0,0,0,0.0527432
408094,18,2,187957,50476,44094,137469,265550,1,0,0,0,0.122161
408099,18,2,187190,50122,43716,137055,264130,1,0,0,0,0.116442
408100,6,1,172797,45851,40491,126946,242041,0,0,0,0,0.0729779
408101,18,2,187179,50704,44269,136462,270139,1,0,0,0,0.125384
408104,18,2,184129,50156,43659,133961,266567,1,0,0,0,0.129658
408109,18,2,185486,50130,43518,135343,266311,1,0,0,0,0.169796
408110,18,1,160047,42779,36798,117268,227128,0,0,0,0,0.0545793
408111,18,2,184251,49246,42951,134993,261169,1,0,0,0,0.148046
408114,18,2,185341,50052,43535,135276,264975,1,0,0,0,0.171503
408119,18,2,315062,85756,75261,229293,454616,1,0,0,0,0.199517
408132,36,1,170067,45800,39851,124267,243751,0,0,0,0,0.0776082
408135,36,2,190277,52074,45399,138190,277054,1,0,0,0,0.160222
408138,36,2,189810,51520,44839,138277,273622,1,0,0,0,0.12323
408140,6,1,172581,45790,40410,126791,241683,0,0,0,0,0.0874138
408141,18,2,194544,52863,46531,141668,281493,1,0,0,0,0.178247
408144,18,2,185803,50546,44231,135244,268292,1,0,0,0,0.149409
408149,18,2,185061,49898,43270,135150,264701,1,0,0,0,0.137719
408150,18,1,159978,42762,36757,117216,227018,0,0,0,0,0.0863796
408151,18,2,190096,51396,45161,138688,273426,1,0,0,0,0.208434
408154,18,1,173770,46048,40156,127722,241876,0,0,0,0,0.0745399
408159,18,2,188646,51098,44663,137536,270774,1,0,0,0,0.13951
408172,36,1,180293,48647,42671,131646,257847,0,0,0,0,0.0840308
408175,36,1,194868,52232,45688,142636,274202,0,0,0,0,0.0937825
408178,36,2,190039,51708,44959,138318,274706,1,0,0,0,0.206523
408180,18,1,172348,45802,39715,126546,241161,0,0,0,0,0.158606
408181,18,1,172557,45824,39745,126733,241168,0,0,0,0,0.0638395
408184,18,1,162290,42144,36569,120146,219017,0,0,0,0,0.0932277
408189,18,1,169400,43963,38377,125437,227618,0,0,0,0,0.102835
408202,36,1,179476,48169,41786,131307,253944,0,0,0,0,0.0998009
408205,36,1,179459,48127,41933,131332,253282,0,0,0,0,0.0774022
408208,36,1,182871,49300,43106,133571,259514,0,0,0,0,0.0710482
408230,18,2,287534,77652,68736,209869,411790,1,0,0,0,0.203739
408231,18,2,287315,77602,68706,209700,411523,1,0,0,0,0.257576
408232,18,1,148596,38639,33786,109957,202766,0,0,0,0,0.0874148
408233,18,1,173862,46567,41373,127295,246344,0,0,0,0,0.0906633
408234,18,2,189872,50072,44063,139787,261131,1,0,0,0,0.180454
408235,18,2,185547,50482,44185,135052,268002,1,0,0,0,0.18755
408236,18,2,188669,51404,45223,137252,273024,1,0,0,0,0.179151
408237,18,2,181911,48670,42385,133228,257155,1,0,0,0,0.167973
408238,18,2,185424,50539,44313,134872,268354,1,0,0,0,0.16504
408239,18,2,188733,50421,44422,138299,263971,1,0,0,0,0.181464
408260,6,1,191125,51580,45213,139545,272500,0,0,0,0,0.120438
408261,18,1,166391,44867,38828,121524,237206,0,0,0,0,0.0825973
408264,18,2,340194,96081,84578,244101,513433,1,0,0,0,0.238236
408269,18,2,346144,97943,86786,248188,523503,1,0,0,0,0.251616
408270,6,1,191256,51617,45243,139639,272691,0,0,0,0,0.106857
408271,18,2,238237,67740,60057,170484,365317,1,0,0,0,0.221763
408274,18,1,204956,56793,49610,148163,301322,0,0,0,0,0.104256
408279,18,1,207330,56319,49109,151011,295571,0,0,0,0,0.0846311
408280,18,1,172413,47231,41026,125182,251555,0,0,0,0,0.0796101
408281,18,2,347002,95841,84217,251149,510158,1,0,0,0,0.302277
408284,18,2,225569,63647,56361,161909,341412,1,0,0,0,0.156981
408289,18,1,210634,56523,49130,154111,294120,0,0,0,0,0.0808493
408302,36,1,188392,51242,44950,137150,271516,0,0,0,0,0.117907
408305,36,1,216803,60044,52023,156759,319081,0,0,0,0,0.10253
408308,36,1,208327,57211,49747,151116,301542,0,0,0,0,0.0754173
408320,6,1,209655,56816,49991,152839,300139,0,0,0,0,0.0911965
408321,18,1,202724,56127,48834,146597,298650,0,0,0,0,0.0788956
408324,18,2,206550,56997,50217,149541,302055,1,0,0,0,0.14463
408329,18,2,293462,82160,72311,211290,438012,1,0,0,0,0.251835
408330,6,1,209761,56856,50038,152905,300356,0,0,0,0,0.120053
408331,18,2,190109,51793,45213,138303,275880,1,0,0,0,0.142664
408334,18,2,205827,57326,50343,148488,306419,1,0,0,0,0.18695
408339,18,2,197350,53965,47111,143372,286547,1,0,0,0,0.162829
408340,18,1,186284,50436,43680,135848,266889,0,0,0,0,0.0847955
408341,18,2,183805,49113,42878,134680,259794,1,0,0,0,0.211143
408344,18,2,197220,53667,46776,143541,284628,1,0,0,0,0.189187
408349,18,1,191485,50513,44028,140972,263026,0,0,0,0,0.101494
408362,36,1,204355,55896,48965,148459,296744,0,0,0,0,0.104425
408365,36,2,198254,55029,48187,143212,294013,1,0,0,0,0.15063
408368,36,1,214163,57936,50366,156227,304473,0,0,0,0,0.0915259
408370,6,1,185165,49944,43890,135221,264426,0,0,0,0,0.0938132
408371,18,1,174434,47394,41273,127040,251540,0,0,0,0,0.0786528
408374,18,2,197210,53894,47234,143303,285553,1,0,0,0,0.211991
408379,18,2,270040,74142,64952,195886,393562,1,0,0,0,0.219824
408380,6,1,185031,49916,43881,135115,264284,0,0,0,0,0.096702
408381,18,2,175851,47040,40809,128799,249500,1,0,0,0,0.185015
408384,18,2,194611,53893,47270,140705,287497,1,0,0,0,0.209855
408389,18,2,277880,77215,67738,200653,412845,1,0,0,0,0.187283
408390,18,1,170419,46125,40130,124294,245047,0,0,0,0,0.0964546
408391,18,1,192513,52243,45584,140270,276032,0,0,0,0,0.10681
408394,18,2,193004,53169,46443,139823,283312,1,0,0,0,0.198982
408399,18,2,312438,87396,76790,225029,466344,1,0,0,0,0.26446
408412,36,1,182990,49517,43186,133473,262839,0,0,0,0,0.0700499
408415,36,2,197712,55063,48296,142636,294598,1,0,0,0,0.182327
408418,36,2,193777,53738,46920,140026,287216,1,0,0,0,0.176419
408420,6,1,174799,45999,40652,128800,241478,0,0,0,0,0.13189
408421,18,1,182605,49090,43207,133515,258625,0,0,0,0,0.0861325
408424,18,1,218413,58629,51886,159784,305207,0,0,0,0,0.0992856
408429,18,1,170659,45228,39840,125431,237409,0,0,0,0,0.0920552
408430,18,1,157082,41709,36332,115373,220246,0,0,0,0,0.0765509
408431,18,1,181703,48677,42521,133026,257147,0,0,0,0,0.0993863
408434,18,2,194904,53605,47132,141287,285471,1,0,0,0,0.142069
408439,18,1,178832,47798,41794,131034,251393,0,0,0,0,0.0702224
408452,36,1,205298,56121,48804,149177,298178,0,0,0,0,0.0812033
408455,36,1,229157,63589,55576,165568,336634,0,0,0,0,0.0962654
408458,36,1,199100,53928,47366,145172,284811,0,0,0,0,0.108594
408460,18,1,169855,44838,39327,125017,234384,0,0,0,0,0.111319
408461,18,1,179620,48158,41944,131462,252743,0,0,0,0,0.0745448
408464,18,1,197387,52909,46241,144478,276448,0,0,0,0,0.0557649
408469,18,1,176204,46576,40670,129628,242980,0,0,0,0,0.0719184
408482,36,1,186010,50222,43660,135788,264027,0,0,0,0,0.082627
408485,36,2,200710,55609,48923,145088,297442,1,0,0,0,0.15548
408488,36,1,192515,52241,45610,140274,276355,0,0,0,0,0.0762535
408510,18,2,291620,78767,69544,212840,416519,1,0,0,0,0.218586
408511,18,2,197542,52778,46562,144751,278035,1,0,0,0,0.204496
408512,18,2,299141,82265,72309,216863,438599,1,0,0,0,0.27797
408513,18,1,184855,49265,42862,135590,257231,0,0,0,0,0.101941
408514,18,2,203294,54820,48304,148461,288485,1,0,0,0,0.188763
408515,18,2,195154,53508,47235,141634,285146,1,0,0,0,0.195677
408516,18,2,202715,55936,49263,146767,298421,1,0,0,0,0.202442
408517,18,1,175475,46990,41490,128485,247059,0,0,0,0,0.0727593
408518,18,1,195087,52838,46391,142249,279255,0,0,0,0,0.101564
408519,18,2,195793,52919,46492,142862,278263,1,0,0,0,0.225346
408550,6,1,191222,51604,45245,139618,272606,0,0,0,0,0.132489
408551,18,2,238031,67687,60067,170331,364675,1,0,0,0,0.261679
408554,18,1,208019,57583,50790,150436,306051,0,0,0,0,0.112197
408559,18,1,193425,52636,45651,140789,277788,0,0,0,0,0.0943953
408560,18,1,172326,47219,41005,125107,251493,0,0,0,0,0.0919088
408561,18,2,358117,99115,87385,258990,527114,1,0,0,0,0.282262
408564,18,1,194196,53035,46394,141161,279756,0,0,0,0,0.0937164
408569,18,1,191490,51308,44214,140182,268217,0,0,0,0,0.0624521
408582,36,1,204815,55859,49006,148956,294920,0,0,0,0,0.098574
408585,36,1,220281,61086,53120,159195,325171,0,0,0,0,0.109688
408588,36,1,198276,54714,47574,143562,290146,0,0,0,0,0.123882
408610,6,1,209784,56865,50039,152919,300417,0,0,0,0,0.112483
408611,18,2,198479,54447,47799,144019,290468,1,0,0,0,0.155344
408614,18,1,199591,54258,47472,145333,285981,0,0,0,0,0.0906968
408619,18,2,190458,51519,44746,138926,273416,1,0,0,0,0.204082
408620,18,1,186438,50466,43680,135972,267023,0,0,0,0,0.0758094
408621,18,2,191188,51570,44998,139606,273755,1,0,0,0,0.190772
408624,18,1,179093,47870,41852,131223,252968,0,0,0,0,0.111085
408629,18,1,171587,44990,39026,126597,235517,0,0,0,0,0.0884759
408642,36,1,211477,57829,50801,153648,306262,0,0,0,0,0.0926098
408645,36,1,205669,56021,49063,149648,298064,0,0,0,0,0.0810727
408648,36,1,202212,54946,47823,147266,290657,0,0,0,0,0.0598118
408660,6,1,184927,49880,43840,135047,264073,0,0,0,0,0.0905784
408661,18,2,182065,49150,42795,132903,261417,1,0,0,0,0.161452
408664,18,2,191364,52985,46568,138366,282717,1,0,0,0,0.149235
408669,18,2,283188,78941,69100,204235,422735,1,0,0,0,0.183685
408670,18,1,170372,46096,40106,124276,244864,0,0,0,0,0.0704955
408671,18,2,181946,48733,42518,133201,258734,1,0,0,0,0.143177
408674,18,1,186005,49990,43862,136015,263496,0,0,0,0,0.0926008
408679,18,2,314418,88168,77838,226237,470838,1,0,0,0,0.255111
408692,36,1,195269,53169,46774,142100,282071,0,0,0,0,0.0889437
408695,36,1,201514,54968,48131,146546,291170,0,0,0,0,0.0607751
408698,36,2,197126,54696,47565,142417,292640,1,0,0,0,0.207171
408700,6,1,174889,46013,40661,128876,241534,0,0,0,0,0.146528
408701,18,1,184856,49691,43854,135165,262285,0,0,0,0,0.106939
408704,18,1,203234,54791,48559,148443,287209,0,0,0,0,0.0858369
408709,18,2,271926,75289,66209,196625,402683,1,0,0,0,0.200732
408710,18,1,156838,41634,36264,115204,219830,0,0,0,0,0.0913802
408711,18,2,186346,50252,43725,136082,266593,1,0,0,0,0.150748
408714,18,2,193820,53076,46555,140732,282422,1,0,0,0,0.167564
408719,18,1,187812,50396,44290,137416,264981,0,0,0,0,0.0887982
408732,36,1,209880,57701,50515,152179,307417,0,0,0,0,0.0621573
408735,36,1,222754,61908,54275,160846,328838,0,0,0,0,0.090244
408738,36,1,210389,57340,50276,153049,303126,0,0,0,0,0.109339
408740,18,1,169981,44833,39300,125148,234281,0,0,0,0,0.0958069
408741,18,1,179535,48120,41909,131415,252514,0,0,0,0,0.0973547
408744,18,1,197510,52945,46280,144565,276607,0,0,0,0,0.0822
408749,18,1,175991,46541,40662,129450,242826,0,0,0,0,0.109157
408762,36,1,179437,48579,42207,130858,257027,0,0,0,0,0.0862438
408765,36,2,194113,53452,46921,140648,285302,1,0,0,0,0.13196
408768,36,1,191876,51939,45248,139937,274571,0,0,0,0,0.0706419
408790,18,2,291196,78664,69486,212519,415986,1,0,0,0,0.225889
408791,18,2,197544,52783,46562,144748,278074,1,0,0,0,0.204794
408792,18,2,286502,78556,68813,207933,420243,1,0,0,0,0.253058
408793,18,1,171541,45909,39988,125632,242137,0,0,0,0,0.0936545
408794,18,2,203283,54814,48304,148456,288449,1,0,0,0,0.133556
408795,18,2,188973,51529,45488,137432,274306,1,0,0,0,0.135243
408796,18,2,196185,53930,47271,142243,287352,1,0,0,0,0.131554
408797,18,1,176367,46937,41466,129430,246189,0,0,0,0,0.0551316
408798,18,1,192978,51796,45522,141182,272853,0,0,0,0,0.0609873
408799,18,2,195767,52921,46485,142834,278304,1,0,0,0,0.131655
408840,18,1,200454,54650,47940,145804,288472,0,0,0,0,0.0664291
408841,18,1,206424,55745,48814,150679,291357,0,0,0,0,0.0621905
408844,18,2,239655,68554,60512,171088,368673,1,0,0,0,0.151688
408849,18,1,179856,48218,41735,131638,252479,0,0,0,0,0.0652507
408862,36,1,193974,52509,46019,141465,275761,0,0,0,0,0.0617744
408865,36,1,224125,62264,54497,161861,330253,0,0,0,0,0.0628809
408868,36,1,209825,58259,50805,151566,309461,0,0,0,0,0.0678731
408900,18,1,195919,52819,45826,143100,278257,0,0,0,0,0.0562682
408901,18,2,213941,58889,51756,155039,314084,1,0,0,0,0.122945
408904,18,1,167036,45053,39363,121983,239156,0,0,0,0,0.0556796
408909,18,1,162048,42709,37104,119339,224682,0,0,0,0,0.0546753
408922,36,1,206816,56235,48864,150581,297037,0,0,0,0,0.0653993
408925,36,1,210586,58005,51174,152581,309154,0,0,0,0,0.0657564
408928,36,1,205374,56631,49570,148743,302275,0,0,0,0,0.0676868
408950,18,1,191371,51641,44865,139730,272874,0,0,0,0,0.0811796
408951,18,1,199773,53940,46989,145833,283369,0,0,0,0,0.0754685
408954,18,1,174534,47000,41455,127534,248325,0,0,0,0,0.0573706
408959,18,1,197592,53560,46896,144032,281030,0,0,0,0,0.0615794
408972,36,1,199011,54256,47227,144755,287985,0,0,0,0,0.061697
408975,36,1,208278,57187,50086,151091,303715,0,0,0,0,0.0730579
408978,36,1,213842,59150,51744,154692,314931,0,0,0,0,0.0849759
408990,18,2,193196,51850,45275,141334,274836,1,0,0,0,0.165298
408991,18,1,183863,49200,42909,134663,259174,0,0,0,0,0.0662186
408994,18,2,208549,57678,50820,150858,307975,1,0,0,0,0.155085
408999,18,1,183880,49026,43039,134854,257241,0,0,0,0,0.0595216
409012,36,2,191332,52086,45319,139233,277583,1,0,0,0,0.14734
409015,36,2,203594,56349,49170,147232,301327,1,0,0,0,0.154313
409018,36,1,214308,58734,52047,155574,311290,0,0,0,0,0.0645588
409020,18,2,202284,54763,48125,147509,290784,1,0,0,0,0.157144
409021,18,1,183692,49614,43362,134078,262197,0,0,0,0,0.0690088
409024,18,1,203708,55484,48956,148224,292789,0,0,0,0,0.0792807
409029,18,1,187926,49931,43936,137995,261606,0,0,0,0,0.0868559
409042,36,2,190092,51996,45249,138083,277480,1,0,0,0,0.174506
409045,36,2,201989,55799,48851,146177,298196,1,0,0,0,0.164388
409048,36,1,209264,57097,50239,152167,302335,0,0,0,0,0.0720077
409070,18,1,153864,40315,35509,113549,211936,0,0,0,0,0.0792892
409071,18,2,189375,51337,44840,138025,273535,1,0,0,0,0.179853
409072,18,1,166703,44449,38438,122254,234391,0,0,0,0,0.0726307
409073,18,1,166332,44671,38888,121661,236700,0,0,0,0,0.0779157
409074,18,2,193823,52584,46383,141226,278689,1,0,0,0,0.121134
409075,18,2,188407,51172,45217,137222,271906,1,0,0,0,0.137368
409076,18,2,198654,54505,47907,144137,290343,1,0,0,0,0.124046
409077,18,1,175263,46274,40888,128989,241178,0,0,0,0,0.0529605
409078,18,2,296592,82495,72701,214084,441884,1,0,0,0,0.14856
409079,18,2,304340,84295,74386,220032,449242,1,0,0,0,0.154782
409350,18,1,179609,47876,42607,131733,252186,0,0,0,0,0.080215
409351,18,2,198523,54041,47308,144469,287798,1,0,0,0,0.204534
409352,18,2,288969,79836,69861,209120,426883,1,0,0,0,0.232138
409353,18,1,173377,46578,40787,126799,245852,0,0,0,0,0.0647438
409354,18,1,195340,52740,46597,142600,277798,0,0,0,0,0.066028
409355,18,2,194671,53354,46983,141305,284066,1,0,0,0,0.147325
409356,18,2,194319,53000,46409,141306,281344,1,0,0,0,0.143858
409357,18,1,170806,45715,40287,125091,241353,0,0,0,0,0.0629042
409358,18,2,291608,80675,71010,210920,430836,1,0,0,0,0.170041
409359,18,2,295988,81847,72532,214128,435549,1,0,0,0,0.168144
409530,36,1,187853,51342,44967,136511,272929,0,0,0,0,0.0545183
409531,36,1,200327,55037,48235,145290,292065,0,0,0,0,0.0570265
409532,36,1,188183,50973,44334,137210,269482,0,0,0,0,0.0544895
409533,36,1,193937,53456,47022,140481,285083,0,0,0,0,0.0722247
409534,36,2,263863,72705,63690,191146,388167,1,0,0,0,0.138195
409535,36,2,277041,77606,68218,199423,416782,1,0,0,0,0.17952
409536,36,2,198595,55724,48844,142858,298800,1,0,0,0,0.124494
409537,36,2,279397,77887,68534,201498,417665,1,0,0,0,0.160726
409538,36,2,200708,56378,49352,144317,302367,1,0,0,0,0.13266
409539,36,2,201990,55685,49099,146292,296568,1,0,0,0,0.139522
409570,36,1,172145,46114,40401,126031,243652,0,0,0,0,0.0900953
409571,36,2,186036,50147,43939,135876,266282,1,0,0,0,0.151411
409572,36,1,201013,55189,48321,145824,294105,0,0,0,0,0.061501
409573,36,1,204536,56221,49272,148315,299289,0,0,0,0,0.0837434
409574,36,2,196965,54021,47432,142931,287269,1,0,0,0,0.170247
409575,36,2,195238,53587,47109,141638,285692,1,0,0,0,0.142174
409576,36,1,215981,59777,52587,156204,317359,0,0,0,0,0.0669211
409577,36,1,197598,53860,47456,143738,285657,0,0,0,0,0.0619427
409578,36,1,202032,54907,48205,147125,290129,0,0,0,0,0.074432
409579,36,1,206520,56334,49622,150186,297325,0,0,0,0,0.0810712
409600,36,1,181769,48680,42689,133089,256124,0,0,0,0,0.0726102
409601,36,2,193244,52583,46198,140648,279939,1,0,0,0,0.155418
409602,36,1,190670,51845,45080,138825,275545,0,0,0,0,0.0764745
409603,36,1,180688,49217,43079,131471,261627,0,0,0,0,0.0744752
409604,36,2,203407,55631,48979,147763,294962,1,0,0,0,0.123673
409605,36,2,191734,52409,46051,139312,278941,1,0,0,0,0.129722
409606,36,1,212579,58576,51536,154003,310637,0,0,0,0,0.0821576
409607,36,1,189284,51628,44989,137656,274497,0,0,0,0,0.0763032
409608,36,1,198077,54017,47545,144060,285452,0,0,0,0,0.0832864
409609,36,1,208381,56787,49918,151594,299233,0,0,0,0,0.0729581
409620,36,1,174870,47235,41166,127635,249103,0,0,0,0,0.067285
409621,36,2,185856,50580,43889,135264,269666,1,0,0,0,0.134668
409622,36,1,181406,49001,42403,132405,259090,0,0,0,0,0.0775293
409623,36,1,165425,44594,38777,120831,236085,0,0,0,0,0.0633814
409624,36,1,200188,54766,47911,145422,290018,0,0,0,0,0.0742524
409625,36,2,188415,51347,45013,137056,272836,1,0,0,0,0.144783
409626,36,2,332377,93628,82646,238736,500758,1,0,0,0,0.200527
409627,36,1,171089,46107,40336,124982,244031,0,0,0,0,0.058271
409628,36,2,307932,86924,76402,220995,467425,1,0,0,0,0.180095
409629,36,2,312517,87985,77494,224519,471223,1,0,0,0,0.174804
409940,6,1,188277,50255,43746,138022,264119,0,0,0,0,0.110977
409941,18,1,161305,42761,36721,118544,224714,0,0,0,0,0.092187
409944,18,2,249773,69878,61895,179882,373464,1,0,0,0,0.171814
409949,18,1,196337,52432,45171,143905,273653,0,0,0,0,0.0689733
409950,6,1,188498,50304,43779,138194,264388,0,0,0,0,0.121416
409951,18,1,179145,48244,41976,130901,254663,0,0,0,0,0.0735985
409954,18,1,204627,55501,48766,149126,293322,0,0,0,0,0.0723509
409959,18,1,210648,57451,49895,153197,304746,0,0,0,0,0.0763786
409960,18,1,169496,45695,39471,123801,241804,0,0,0,0,0.0722832
409961,18,2,231690,64374,56730,167303,343833,1,0,0,0,0.198419
409964,18,2,240160,67309,59637,172838,360159,1,0,0,0,0.150994
409969,18,2,240927,67287,59633,173627,359868,1,0,0,0,0.148498
409982,36,1,183208,49204,43061,134004,258730,0,0,0,0,0.0624484
409985,36,1,202735,55523,48102,147212,294791,0,0,0,0,0.0627228
409988,36,1,207028,56992,49388,150036,303135,0,0,0,0,0.0704805
410000,6,1,198119,53407,47336,144712,281522,0,0,0,0,0.0838593
410001,18,1,183998,49781,43274,134217,262562,0,0,0,0,0.0616461
410004,18,2,197651,54060,47545,143579,285894,1,0,0,0,0.148935
410009,18,2,276319,75675,66513,200632,400137,1,0,0,0,0.162589
410010,6,1,198068,53395,47322,144673,281465,0,0,0,0,0.0771946
410011,18,2,182286,49229,42940,133044,261737,1,0,0,0,0.176642
410014,18,2,193814,53561,47015,140240,285173,1,0,0,0,0.194991
410019,18,2,286357,79987,70262,206358,427477,1,0,0,0,0.188031
410020,18,1,177543,48002,41504,129541,254050,0,0,0,0,0.069378
410021,18,2,214709,58464,51355,156232,311635,1,0,0,0,0.165629
410024,18,2,192683,52451,46174,140220,277917,1,0,0,0,0.146725
410029,18,1,178858,46978,40813,131880,244856,0,0,0,0,0.0693194
410042,36,1,184724,49781,43467,134943,262769,0,0,0,0,0.0601853
410045,36,2,196471,54148,47677,142310,287990,1,0,0,0,0.161978
410048,36,1,216224,58993,51654,157231,311013,0,0,0,0,0.0816585
410050,6,1,187753,50784,44750,136969,269383,0,0,0,0,0.0765224
410051,18,1,175963,47745,41373,128218,253406,0,0,0,0,0.054827
410054,18,2,196193,53585,47168,142595,283736,1,0,0,0,0.153503
410059,18,2,270038,73859,64822,196167,391419,1,0,0,0,0.175499
410060,6,1,187632,50740,44725,136892,269118,0,0,0,0,0.0906747
410061,18,2,173360,46511,40500,126836,246994,1,0,0,0,0.135592
410064,18,2,193669,53605,46935,140051,286085,1,0,0,0,0.14673
410069,18,2,273790,76172,66811,197606,407758,1,0,0,0,0.15982
410070,18,1,169921,45889,39631,124032,243928,0,0,0,0,0.072363
410071,18,2,279936,76486,66918,203437,408379,1,0,0,0,0.152708
410074,18,2,190533,52031,45660,138490,276617,1,0,0,0,0.184343
410079,18,1,171547,45180,39374,126367,236499,0,0,0,0,0.0620462
410092,36,1,174871,47147,41034,127724,250040,0,0,0,0,0.0508784
410095,36,2,194921,53951,47207,140957,288163,1,0,0,0,0.119254
410098,36,1,209083,57087,49990,151996,302159,0,0,0,0,0.0558868
410100,6,1,168550,43871,38414,124679,230505,0,0,0,0,0.0795702
410101,18,1,186210,50088,43500,136122,264210,0,0,0,0,0.0620398
410104,18,1,196350,52797,46050,143553,277648,0,0,0,0,0.064044
410109,18,1,155300,40689,35318,114611,214253,0,0,0,0,0.054561
410110,18,1,146934,38387,33018,108547,202545,0,0,0,0,0.0607731
410111,18,1,177886,47652,41411,130234,251761,0,0,0,0,0.055316
410114,18,1,186592,49782,43480,136810,261606,0,0,0,0,0.0553556
410119,18,1,168015,44611,38793,123404,234556,0,0,0,0,0.0582203
410132,36,1,194511,53569,46580,140942,285775,0,0,0,0,0.0596934
410135,36,1,201714,55677,48544,146037,296354,0,0,0,0,0.0590727
410138,36,1,180644,48840,42660,131804,258775,0,0,0,0,0.0559323
410140,18,1,159919,41787,36465,118132,218905,0,0,0,0,0.0618503
410141,18,2,197468,53112,46634,144343,279822,1,0,0,0,0.119832
410144,18,2,203160,54936,48393,148211,289110,1,0,0,0,0.124029
410149,18,1,172446,45163,39205,127283,235008,0,0,0,0,0.057755
410162,36,1,188034,50842,44073,137192,269542,0,0,0,0,0.0692635
410165,36,1,194476,52700,45917,141776,278715,0,0,0,0,0.0794453
410168,36,1,179855,48458,42020,131397,256720,0,0,0,0,0.0779242
410190,18,1,151728,39480,34452,112248,207344,0,0,0,0,0.0669353
410191,18,2,294289,80339,70699,213937,426101,1,0,0,0,0.199648
410192,18,2,293368,80963,71133,212392,433397,1,0,0,0,0.172548
410193,18,1,180473,47880,41643,132593,251455,0,0,0,0,0.0554781
410194,18,2,233595,63648,56265,169934,336585,1,0,0,0,0.142345
410195,18,2,301692,83805,74158,217874,448304,1,0,0,0,0.147431
410196,18,1,180477,47860,41621,132617,251259,0,0,0,0,0.0595638
410197,18,1,161690,42196,36788,119494,219493,0,0,0,0,0.0542804
410198,18,1,185697,49883,43408,135814,262742,0,0,0,0,0.0647547
410199,18,1,189148,50098,43711,139050,260207,0,0,0,0,0.0632287
410230,6,1,188548,50306,43789,138242,264359,0,0,0,0,0.0887414
410231,18,1,200263,54114,47709,146149,284475,0,0,0,0,0.0611427
410234,18,1,225084,61571,54332,163513,325077,0,0,0,0,0.0691807
410239,18,1,233388,64425,56703,168963,341197,0,0,0,0,0.0798149
410240,18,1,169365,45669,39446,123696,241667,0,0,0,0,0.0800391
410241,18,2,233694,65300,57512,168381,349282,1,0,0,0,0.188935
410244,18,2,231974,65069,57507,166892,348506,1,0,0,0,0.159891
410249,18,2,239027,66566,58829,172448,355776,1,0,0,0,0.194292
410262,36,1,197115,52967,46736,144148,277503,0,0,0,0,0.0657254
410265,36,1,215566,58885,51252,156681,311228,0,0,0,0,0.0617592
410268,36,1,219924,60245,52162,159679,318578,0,0,0,0,0.0687764
410290,6,1,197890,53342,47280,144548,281184,0,0,0,0,0.0784642
410291,18,2,186431,50838,44283,135580,271122,1,0,0,0,0.124487
410294,18,2,189457,51949,45590,137495,276147,1,0,0,0,0.123953
410299,18,2,283566,78845,68830,204709,421843,1,0,0,0,0.153558
410300,18,1,177540,47993,41496,129547,253977,0,0,0,0,0.0733556
410301,18,2,184078,49490,43212,134576,262659,1,0,0,0,0.143808
410304,18,2,187109,50586,44360,136511,267533,1,0,0,0,0.120083
410309,18,1,182153,47959,41902,134194,250322,0,0,0,0,0.0559082
410322,36,1,200315,53837,46974,146478,282278,0,0,0,0,0.0580662
410325,36,2,192131,52375,45813,139743,278002,1,0,0,0,0.116042
410328,36,1,220012,60256,52877,159756,318362,0,0,0,0,0.0628295
410340,6,1,187505,50702,44693,136803,268908,0,0,0,0,0.0776156
410341,18,2,181482,49238,42881,132231,262537,1,0,0,0,0.119025
410344,18,2,192596,53280,46581,139303,284247,1,0,0,0,0.123112
410349,18,2,282255,78509,68818,203734,420107,1,0,0,0,0.140832
410350,18,1,169901,45886,39632,124015,243914,0,0,0,0,0.0517511
410351,18,2,179307,47981,41783,131314,254663,1,0,0,0,0.120444
410354,18,2,190876,52195,45526,138669,277501,1,0,0,0,0.124841
410359,18,1,186982,49369,43297,137613,257540,0,0,0,0,0.0662597
410372,36,1,191900,51582,45091,140318,272147,0,0,0,0,0.056604
410375,36,2,196846,54574,47778,142259,291713,1,0,0,0,0.125468
410378,36,1,222248,60760,53190,161488,320512,0,0,0,0,0.0653099
410380,6,1,168736,43924,38423,124812,230781,0,0,0,0,0.0868022
410381,18,1,196324,52809,46409,143515,278362,0,0,0,0,0.0871404
410384,18,1,207608,55729,48942,151879,291723,0,0,0,0,0.0722107
410389,18,1,167404,43750,38225,123654,229713,0,0,0,0,0.055598
410390,18,1,146809,38357,32984,108452,202410,0,0,0,0,0.0576583
410391,18,2,185844,50207,43759,135625,266540,1,0,0,0,0.122171
410394,18,2,193274,52617,46193,140645,279773,1,0,0,0,0.124319
410399,18,2,272154,74609,65310,197533,397324,1,0,0,0,0.156859
410412,36,1,204070,56422,49358,147648,300979,0,0,0,0,0.0589644
410415,36,1,214095,59142,51694,154953,313749,0,0,0,0,0.0614924
410418,36,1,191135,51254,44922,139881,270344,0,0,0,0,0.0573029
410420,18,1,160042,41777,36432,118265,218798,0,0,0,0,0.0537102
410421,18,2,197586,53151,46670,144422,280047,1,0,0,0,0.125517
410424,18,2,203168,54941,48405,148214,289130,1,0,0,0,0.12609
410429,18,1,172303,45136,39194,127167,234889,0,0,0,0,0.0558719
410442,36,1,188444,50737,44121,137707,268616,0,0,0,0,0.0557085
410445,36,1,198684,53449,46666,145235,280972,0,0,0,0,0.0580207
410448,36,1,181353,48742,42384,132611,258185,0,0,0,0,0.0538464
410470,18,1,151843,39504,34460,112339,207468,0,0,0,0,0.0515226
410471,18,2,294257,80338,70717,213906,426113,1,0,0,0,0.139288
410472,18,2,284433,78136,68475,206284,418155,1,0,0,0,0.157385
410473,18,1,178561,47382,41400,131179,249449,0,0,0,0,0.0546502
410474,18,2,233661,63666,56288,169982,336695,1,0,0,0,0.129936
410475,18,2,299034,82745,72917,216276,441437,1,0,0,0,0.148393
410476,18,1,186195,49340,42890,136855,257955,0,0,0,0,0.0562106
410477,18,1,161329,42143,36949,119186,219559,0,0,0,0,0.053229
410478,18,1,186847,49636,43427,137211,260011,0,0,0,0,0.0633048
410479,18,1,189224,50099,43715,139125,260156,0,0,0,0,0.0610998
410520,18,1,198917,52912,45714,146005,275196,0,0,0,0,0.062072
410521,18,1,198880,52883,45720,145997,274977,0,0,0,0,0.0601585
410524,18,2,240833,67830,60019,172990,361910,1,0,0,0,0.135259
410529,18,2,243407,68651,60386,174743,366864,1,0,0,0,0.142348
410542,36,1,190713,50538,44317,140175,261552,0,0,0,0,0.0603321
410545,36,1,219259,59230,51918,160029,311632,0,0,0,0,0.061949
410548,36,1,222473,60611,53170,161862,319643,0,0,0,0,0.0672298
410580,18,2,196007,53104,46593,142890,282133,1,0,0,0,0.133875
410581,18,2,196771,53274,46669,143484,283056,1,0,0,0,0.12643
410584,18,1,195848,53016,46555,142832,279993,0,0,0,0,0.0646968
410589,18,1,187514,49615,43509,137899,259739,0,0,0,0,0.058375
410602,36,1,203586,55433,48247,148153,292371,0,0,0,0,0.0606837
410605,36,1,217791,59467,52260,158324,314355,0,0,0,0,0.0605613
410608,36,1,224563,61870,54318,162693,328379,0,0,0,0,0.0601118
410630,18,1,189410,51081,44586,138329,269996,0,0,0,0,0.0559087
410631,18,1,199592,53663,46983,145929,281854,0,0,0,0,0.05607
410634,18,1,202656,54872,48010,147784,288447,0,0,0,0,0.0662794
410639,18,1,198437,52698,46459,145739,274782,0,0,0,0,0.060198
410652,36,1,202631,55020,47857,147611,289950,0,0,0,0,0.0582951
410655,36,1,218916,59840,52437,159076,316995,0,0,0,0,0.0589196
410658,36,1,225140,61896,54068,163244,328706,0,0,0,0,0.0671021
410670,18,2,188316,50087,43659,138217,264590,1,0,0,0,0.1549
410671,18,1,191769,51304,44749,140465,270826,0,0,0,0,0.0575733
410674,18,2,201762,54980,48183,146769,292295,1,0,0,0,0.127959
410679,18,1,175652,46722,40603,128930,246105,0,0,0,0,0.0574082
410692,36,2,190136,51910,45235,138213,276791,1,0,0,0,0.1202
410695,36,2,199375,55152,48308,144210,295132,1,0,0,0,0.130548
410698,36,2,286490,79882,70055,206595,428659,1,0,0,0,0.152741
410700,18,2,201314,54048,47612,147254,286333,1,0,0,0,0.131211
410701,18,2,230439,63621,55771,166805,340222,1,0,0,0,0.169726
410704,18,2,207950,56827,49982,151110,302033,1,0,0,0,0.160658
410709,18,1,185367,48923,42495,136444,255004,0,0,0,0,0.0636966
410722,36,2,190718,52199,45464,138506,278554,1,0,0,0,0.132196
410725,36,2,199544,55234,48356,144297,295647,1,0,0,0,0.133519
410728,36,1,195980,52853,46472,143127,279374,0,0,0,0,0.0638752
410750,18,1,148552,38666,33807,109886,203962,0,0,0,0,0.0617226
410751,18,1,173433,46166,39973,127267,243806,0,0,0,0,0.0671503
410752,18,1,173092,45792,39870,127300,241319,0,0,0,0,0.0741249
410753,18,1,180112,47810,41669,132302,251180,0,0,0,0,0.0780995
410754,18,2,305493,84305,74382,221175,449604,1,0,0,0,0.156077
410755,18,1,183984,48698,42496,135286,254721,0,0,0,0,0.0616053
410756,18,1,191489,50543,44055,140946,263136,0,0,0,0,0.057971
410757,18,1,163114,41915,36748,121199,216015,0,0,0,0,0.0592355
410758,18,1,172507,46021,40119,126486,243146,0,0,0,0,0.0568697
410759,18,1,181249,48021,41828,133228,251435,0,0,0,0,0.0628484
411030,18,1,171919,45503,40320,126416,240194,0,0,0,0,0.0799728
411031,18,1,183184,48899,42817,134285,256771,0,0,0,0,0.0627898
411032,18,1,184563,49521,43435,135042,260506,0,0,0,0,0.0601633
411033,18,1,183442,49061,42998,134381,256462,0,0,0,0,0.0631322
411034,18,1,193095,51564,45495,141531,269339,0,0,0,0,0.0627845
411035,18,1,194227,52225,46258,142002,273683,0,0,0,0,0.0633257
411036,18,1,195299,52307,46184,142992,272388,0,0,0,0,0.0888287
411037,18,1,161257,42895,37573,118362,227354,0,0,0,0,0.0633936
411038,18,1,167759,44874,39718,122885,237324,0,0,0,0,0.0621373
411039,18,1,174779,46713,41291,128066,245549,0,0,0,0,0.0617903
411250,36,1,162457,43153,37519,119304,228849,0,0,0,0,0.0724283
411251,36,1,191014,51799,44778,139215,275388,0,0,0,0,0.0585678
411252,36,1,206332,56568,49455,149764,301704,0,0,0,0,0.064233
411253,36,1,191753,52143,45486,139610,277636,0,0,0,0,0.0551275
411254,36,1,198527,53782,46433,144745,284378,0,0,0,0,0.0555697
411255,36,1,216852,59596,52189,157256,316656,0,0,0,0,0.0595251
411256,36,1,203449,55497,48385,147952,293879,0,0,0,0,0.0786924
411257,36,1,178580,48074,42048,130506,255027,0,0,0,0,0.0798862
411258,36,1,189346,50722,44280,138624,266509,0,0,0,0,0.0662625
411259,36,1,200666,54454,47302,146212,287429,0,0,0,0,0.0843914
411280,36,1,174752,46691,40625,128061,246922,0,0,0,0,0.0798195
411281,36,2,224954,62119,54515,162822,332607,1,0,0,0,0.128926
411282,36,1,199949,54676,47577,145273,291249,0,0,0,0,0.0635516
411283,36,1,187791,50705,44218,137086,268752,0,0,0,0,0.079048
411284,36,2,234131,64932,57362,169186,347527,1,0,0,0,0.145924
411285,36,1,210864,57607,50180,153257,305365,0,0,0,0,0.0652039
411286,36,1,199952,54093,47307,145859,285177,0,0,0,0,0.0618351
411287,36,1,177579,48045,41757,129534,255529,0,0,0,0,0.0714862
411288,36,1,190434,51435,45303,138999,270767,0,0,0,0,0.0647281
411289,36,1,207201,55481,48110,151720,289773,0,0,0,0,0.0624057
411300,36,1,167641,45024,39121,122617,238429,0,0,0,0,0.064952
411301,36,1,185895,50571,44167,135324,268589,0,0,0,0,0.0645281
411302,36,1,187920,50792,43933,137128,269096,0,0,0,0,0.0588087
411303,36,1,180713,48363,42047,132350,254883,0,0,0,0,0.0609528
411304,36,1,193335,52776,45957,140559,279341,0,0,0,0,0.0566581
411305,36,1,196207,53101,46149,143106,280231,0,0,0,0,0.0567344
411306,36,1,188023,50533,44173,137490,265524,0,0,0,0,0.0762042
411307,36,1,163284,43804,38135,119480,232762,0,0,0,0,0.0561687
411308,36,1,184586,49940,43742,134646,263980,0,0,0,0,0.0598483
411309,36,1,192243,51711,45275,140532,271038,0,0,0,0,0.0554544
411630,6,1,181567,48297,42802,133270,254431,0,0,0,0,0.118522
411631,18,1,188710,51118,44991,137592,271166,0,0,0,0,0.080331
411634,18,1,205390,56702,50576,148688,301880,0,0,0,0,0.0818587
411639,18,1,204862,56302,49959,148560,299714,0,0,0,0,0.0811596
411640,18,1,166303,44722,39558,121581,237264,0,0,0,0,0.0818695
411641,18,1,153868,41229,35946,112639,219406,0,0,0,0,0.0598043
411644,18,1,173232,46399,40678,126833,245712,0,0,0,0,0.0589295
411649,18,1,178620,47784,41976,130836,251161,0,0,0,0,0.0642361
411662,36,1,198984,54201,47920,144783,286248,0,0,0,0,0.070378
411665,36,1,203246,56225,50055,147021,299144,0,0,0,0,0.0669751
411668,36,1,202579,55839,49365,146740,296968,0,0,0,0,0.0679552
411690,6,1,186191,48476,42812,137715,252222,0,0,0,0,0.104561
411691,18,1,192826,51934,45800,140892,272854,0,0,0,0,0.0636648
411694,18,1,204861,55276,49093,149585,289231,0,0,0,0,0.0609782
411699,18,1,185772,48982,43015,136790,254632,0,0,0,0,0.0783375
411700,18,1,161860,42497,37096,119363,222227,0,0,0,0,0.0542727
411701,18,1,170011,44694,39430,125317,234076,0,0,0,0,0.0515347
411704,18,2,188416,50732,44716,137672,268532,1,0,0,0,0.152205
411709,18,2,242258,66412,58441,175834,352489,1,0,0,0,0.1333
411722,36,1,207451,56573,49433,150878,298116,0,0,0,0,0.0578009
411725,36,2,189125,51309,45357,137803,272290,1,0,0,0,0.157
411728,36,1,199630,53562,46859,146068,280499,0,0,0,0,0.0856832
411740,6,1,173242,45028,39369,128214,235524,0,0,0,0,0.0970577
411741,18,1,182225,49207,43233,133018,260620,0,0,0,0,0.0585641
411744,18,1,194563,52712,46677,141851,277730,0,0,0,0,0.0570431
411749,18,1,173975,46087,40207,127888,241800,0,0,0,0,0.0579731
411750,18,1,151470,39891,34655,111579,210140,0,0,0,0,0.0594465
411751,18,1,163611,43541,38249,120070,230462,0,0,0,0,0.0727056
411754,18,2,197659,53691,47319,143956,285199,1,0,0,0,0.123379
411759,18,2,245565,67642,59682,177911,360433,1,0,0,0,0.138967
411772,36,1,198882,54204,47404,144678,287392,0,0,0,0,0.0653199
411775,36,2,197127,54258,47964,142856,289723,1,0,0,0,0.174919
411778,36,1,190547,51542,44968,139005,271943,0,0,0,0,0.0593301
411780,6,1,162402,42111,36849,120291,221236,0,0,0,0,0.0819599
411781,18,1,197512,53470,46668,144042,282281,0,0,0,0,0.0666461
411784,18,1,207664,56280,49265,151384,295944,0,0,0,0,0.0710445
411789,18,1,159387,41784,36441,117603,219673,0,0,0,0,0.0578852
411790,18,1,139026,36384,31569,102642,192354,0,0,0,0,0.0591411
411791,18,1,173191,46386,40527,126805,245936,0,0,0,0,0.0568158
411794,18,1,180262,48215,42338,132047,254443,0,0,0,0,0.0580096
411799,18,1,155235,40206,35282,115029,209883,0,0,0,0,0.0659566
411812,36,1,186088,51291,44873,134797,274171,0,0,0,0,0.0810554
411815,36,1,192639,53056,46310,139583,282416,0,0,0,0,0.0707041
411818,36,1,176139,47530,41385,128609,251911,0,0,0,0,0.0642108
411820,18,1,146011,38055,33013,107956,198614,0,0,0,0,0.0772492
411821,18,2,277437,73920,65254,203506,388840,1,0,0,0,0.153884
411824,18,2,285104,76269,67468,208824,401236,1,0,0,0,0.187483
411829,18,1,171533,44809,39517,126724,233594,0,0,0,0,0.0932311
411842,36,1,178312,48867,42757,129445,261147,0,0,0,0,0.068872
411845,36,1,183600,50610,44361,132990,270544,0,0,0,0,0.069206
411848,36,1,178410,48649,42549,129761,257898,0,0,0,0,0.0658978
411870,18,2,191457,50343,44369,141104,263806,1,0,0,0,0.174635
411871,18,2,194293,51812,45514,142471,272245,1,0,0,0,0.177531
411872,18,2,173633,45772,39735,127849,241527,1,0,0,0,0.165399
411873,18,1,182881,48126,42160,134755,250217,0,0,0,0,0.0660836
411874,18,2,199491,53359,47144,146122,280025,1,0,0,0,0.128921
411875,18,2,184759,49691,43643,135056,263609,1,0,0,0,0.176727
411876,18,1,182029,47892,41986,134137,248933,0,0,0,0,0.0625845
411877,18,2,184259,49729,43645,134520,263996,1,0,0,0,0.192452
411878,18,1,172997,45334,39628,127663,235786,0,0,0,0,0.0801195
411879,18,1,188484,49837,44382,138647,259393,0,0,0,0,0.114796
411920,18,1,181817,48788,43330,133029,257529,0,0,0,0,0.111661
411921,18,1,160961,42738,37365,118223,225565,0,0,0,0,0.0816594
411924,18,1,180767,48386,42470,132381,254416,0,0,0,0,0.0860419
411929,18,1,184633,49361,43329,135272,257676,0,0,0,0,0.0865061
411942,36,1,184738,49768,43659,134970,263164,0,0,0,0,0.0883993
411945,36,1,198494,54012,48163,144482,287532,0,0,0,0,0.0877891
411948,36,1,196589,53732,47652,142857,286606,0,0,0,0,0.0822499
411980,18,1,180882,47615,42019,133267,247625,0,0,0,0,0.0799606
411981,18,2,226897,61477,54206,165407,326606,1,0,0,0,0.141518
411984,18,2,193398,51841,45585,141545,274122,1,0,0,0,0.129775
411989,18,1,173265,45446,39827,127819,237234,0,0,0,0,0.0550881
412002,36,1,196549,53217,46621,143332,281161,0,0,0,0,0.0696696
412005,36,2,314093,87642,77383,226438,469246,1,0,0,0,0.204532
412008,36,1,199512,53615,47483,145897,282949,0,0,0,0,0.0779055
412030,18,1,170096,44984,39442,125112,236160,0,0,0,0,0.0591992
412031,18,1,170820,45414,39812,125406,239926,0,0,0,0,0.0542811
412034,18,2,197423,53534,47264,143877,283933,1,0,0,0,0.125766
412039,18,1,172019,45314,39788,126705,236949,0,0,0,0,0.053149
412052,36,1,188599,51060,44645,137539,271189,0,0,0,0,0.0712617
412055,36,2,197630,54271,47889,143346,289829,1,0,0,0,0.149863
412058,36,1,198743,54176,47937,144567,287836,0,0,0,0,0.0585555
412070,18,1,159342,42375,37067,116967,224189,0,0,0,0,0.0583692
412071,18,1,184183,49389,43248,134794,261087,0,0,0,0,0.0547648
412074,18,1,188113,50288,44308,137825,264420,0,0,0,0,0.0554874
412079,18,1,162998,41974,36608,121024,217884,0,0,0,0,0.052755
412092,36,1,189538,51732,45464,137806,275922,0,0,0,0,0.054578
412095,36,1,200243,54836,48238,145407,290893,0,0,0,0,0.0571252
412098,36,1,186667,50883,44303,135784,271155,0,0,0,0,0.057922
412100,18,1,154979,41402,36214,113577,219588,0,0,0,0,0.055689
412101,18,1,161711,42804,37334,118907,225437,0,0,0,0,0.0723577
412104,18,1,172461,45555,40064,126906,237961,0,0,0,0,0.0530263
412109,18,1,177405,46444,41068,130961,243027,0,0,0,0,0.074759
412122,36,1,186631,51006,44752,135625,273053,0,0,0,0,0.0623045
412125,36,1,194425,53268,46927,141157,284171,0,0,0,0,0.0633003
412128,36,1,187396,50749,44589,136647,268253,0,0,0,0,0.0616184
412150,18,2,184517,49169,43228,135336,260026,1,0,0,0,0.149986
412151,18,2,189705,51310,44691,138383,272483,1,0,0,0,0.28549
412152,18,2,173952,45804,39671,128136,241734,1,0,0,0,0.173696
412153,18,1,172202,45103,39700,127099,236088,0,0,0,0,0.059286
412154,18,2,193983,52813,46506,141158,280242,1,0,0,0,0.1804
412155,18,2,185321,49577,43490,135732,262598,1,0,0,0,0.166596
412156,18,1,178880,47092,41265,131788,245461,0,0,0,0,0.071109
412157,18,2,183450,49199,43238,134238,260486,1,0,0,0,0.147341
412158,18,1,173348,45192,39684,128156,233421,0,0,0,0,0.0775011
412159,18,1,187979,50057,44539,137922,262538,0,0,0,0,0.106195
412430,18,2,200008,53639,47309,146356,283918,1,0,0,0,0.147953
412431,18,2,201947,54838,48372,147096,291400,1,0,0,0,0.160804
412432,18,2,183620,48969,42684,134639,259203,1,0,0,0,0.174347
412433,18,2,291243,79897,70146,211333,425069,1,0,0,0,0.213032
412434,18,2,208306,56703,50137,151590,300766,1,0,0,0,0.136955
412435,18,2,194177,52180,45874,141985,276519,1,0,0,0,0.132564
412436,18,2,303378,84039,74162,219326,447586,1,0,0,0,0.159332
412437,18,2,192377,51881,45798,140484,274442,1,0,0,0,0.134189
412438,18,2,296542,82079,72241,214450,436715,1,0,0,0,0.160498
412439,18,1,189257,50548,45160,138709,264487,0,0,0,0,0.0737004
412680,36,2,191972,51434,45197,140525,272366,1,0,0,0,0.123642
412681,36,2,196972,53802,46819,143157,286521,1,0,0,0,0.119803
412682,36,2,171376,45632,39506,125731,241813,1,0,0,0,0.120183
412683,36,1,201103,55036,48357,146067,292734,0,0,0,0,0.0559233
412684,36,2,205106,56315,49458,148778,299949,1,0,0,0,0.120627
412685,36,2,184795,49933,43670,134849,265523,1,0,0,0,0.120029
412686,36,1,210379,57576,50837,152803,304911,0,0,0,0,0.0582075
412687,36,2,183645,49667,43422,133965,263902,1,0,0,0,0.130407
412688,36,1,197101,53080,46266,144021,277420,0,0,0,0,0.056217
412689,36,1,212461,57919,51521,154542,306269,0,0,0,0,0.0729151
412700,36,2,181893,48293,42057,133588,254828,1,0,0,0,0.122085
412701,36,2,189874,51198,44323,138664,271219,1,0,0,0,0.120125
412702,36,2,173006,45676,39329,127318,240989,1,0,0,0,0.119771
412703,36,1,188782,51241,44786,137541,270831,0,0,0,0,0.0599421
412704,36,2,199273,54253,47721,145008,287791,1,0,0,0,0.123055
412705,36,2,184797,49607,43400,135178,263001,1,0,0,0,0.123429
412706,36,1,199843,54408,47804,145435,286644,0,0,0,0,0.0543804
412707,36,2,183243,48945,42761,134286,258976,1,0,0,0,0.133078
412708,36,1,188206,50872,44691,137334,266508,0,0,0,0,0.0533995
412709,36,1,203419,55489,49291,147930,292852,0,0,0,0,0.0713417
413040,18,1,190829,50906,45218,139923,266312,0,0,0,0,0.0760578
413041,18,1,169265,44761,39252,124504,234288,0,0,0,0,0.0558383
413044,18,1,187769,50029,43924,137740,260749,0,0,0,0,0.0583893
413049,18,1,184404,49303,43309,135101,257357,0,0,0,0,0.0567579
413062,36,1,175184,46278,40546,128906,242117,0,0,0,0,0.055725
413065,36,1,196390,53098,46970,143292,281455,0,0,0,0,0.0585313
413068,36,1,194654,52814,46462,141840,280219,0,0,0,0,0.0609935
413100,18,2,199028,53433,46996,145582,282878,1,0,0,0,0.125848
413101,18,2,228387,62065,54826,166309,330038,1,0,0,0,0.129871
413104,18,2,197851,53153,46889,144686,280660,1,0,0,0,0.122456
413109,18,1,165067,43565,37968,121502,228914,0,0,0,0,0.0573964
413122,36,1,180589,48243,42022,132346,253991,0,0,0,0,0.0514797
413125,36,2,316469,88459,78000,227997,473754,1,0,0,0,0.143996
413128,36,2,186235,50360,43894,135863,267530,1,0,0,0,0.121504
413150,18,2,194793,52551,46003,142229,279157,1,0,0,0,0.122383
413151,18,1,169381,45100,39667,124281,237952,0,0,0,0,0.054239
413154,18,2,199365,53805,47575,145548,284401,1,0,0,0,0.140078
413159,18,1,172257,45383,39773,126874,237088,0,0,0,0,0.0751809
413172,36,1,180585,48278,42013,132307,254185,0,0,0,0,0.0581795
413175,36,2,196504,53469,47117,143022,284587,1,0,0,0,0.116574
413178,36,2,195687,53580,46852,142095,285867,1,0,0,0,0.126743
413190,18,2,195060,52117,45654,142930,275835,1,0,0,0,0.127719
413191,18,2,222485,61157,53781,161315,326478,1,0,0,0,0.132241
413194,18,2,232551,64077,56475,168461,341643,1,0,0,0,0.154776
413199,18,1,171935,43899,38257,128036,225423,0,0,0,0,0.0529994
413212,36,1,190763,51851,45367,138912,275453,0,0,0,0,0.0544612
413215,36,1,201154,54779,48111,146375,289317,0,0,0,0,0.055734
413218,36,2,190533,51761,45052,138760,275409,1,0,0,0,0.127862
413220,18,1,154027,40574,35340,113453,214210,0,0,0,0,0.0543605
413221,18,1,165760,43637,37832,122123,229591,0,0,0,0,0.0565404
413224,18,1,175292,46143,40433,129149,241052,0,0,0,0,0.055261
413229,18,1,180221,47391,41853,132830,248420,0,0,0,0,0.0732008
413242,36,1,193345,52817,46326,140528,282361,0,0,0,0,0.0623028
413245,36,1,200239,54763,48259,145476,291665,0,0,0,0,0.0598529
413248,36,1,188911,51046,44664,137865,269379,0,0,0,0,0.0782121
413270,18,1,140238,36193,31354,104045,190182,0,0,0,0,0.0562508
413271,18,1,155105,40748,35513,114357,214216,0,0,0,0,0.0507733
413272,18,2,266064,71408,62581,194643,379594,1,0,0,0,0.161713
413273,18,1,163694,43159,37846,120535,227609,0,0,0,0,0.0708041
413274,18,1,166096,43741,38121,122355,228133,0,0,0,0,0.0562014
413275,18,2,279298,75734,66689,203551,402798,1,0,0,0,0.170125
413276,18,1,172125,45653,40036,126472,239952,0,0,0,0,0.0539497
413277,18,1,156836,40424,35351,116412,209164,0,0,0,0,0.0505641
413278,18,1,173560,45255,39716,128305,233777,0,0,0,0,0.0553706
413279,18,1,181677,48867,43335,132810,258876,0,0,0,0,0.0945294
413550,18,1,143680,37813,33046,105867,199391,0,0,0,0,0.0586073
413551,18,1,158092,41900,36924,116192,220468,0,0,0,0,0.0533204
413552,18,1,182308,49392,43445,132916,262024,0,0,0,0,0.0601921
413553,18,2,284773,78226,68578,206534,417297,1,0,0,0,0.157357
413554,18,1,167683,44136,38984,123547,230289,0,0,0,0,0.0541226
413555,18,2,300406,83039,73398,217354,443771,1,0,0,0,0.158229
413556,18,2,300062,82955,73234,217094,442495,1,0,0,0,0.165794
413557,18,1,181054,48032,42191,133022,250038,0,0,0,0,0.057715
413558,18,2,295651,81698,71918,213940,434633,1,0,0,0,0.197433
413559,18,1,178942,48014,42942,130928,253240,0,0,0,0,0.116997
413820,36,1,150128,39663,34418,110465,209701,0,0,0,0,0.0717519
413821,36,1,169834,46032,40095,123802,244025,0,0,0,0,0.0665717
413822,36,1,192010,53440,47036,138570,286687,0,0,0,0,0.0608101
413823,36,1,181952,49787,43650,132165,265144,0,0,0,0,0.0537367
413824,36,1,181152,49110,43040,132042,258847,0,0,0,0,0.0760556
413825,36,1,198948,55207,48775,143741,294781,0,0,0,0,0.076915
413826,36,1,193592,53054,46748,140538,281508,0,0,0,0,0.0590999
413827,36,1,185762,50543,44282,135219,266757,0,0,0,0,0.0561905
413828,36,1,187875,50842,44688,137033,266520,0,0,0,0,0.0575289
413829,36,1,196677,54117,48017,142560,287815,0,0,0,0,0.0769554
414390,18,1,138837,36401,31471,102436,192396,0,0,0,0,0.0615069
414391,18,1,150591,39494,34473,111097,207755,0,0,0,0,0.0586468
414392,18,1,177074,48298,42282,128776,258130,0,0,0,0,0.0617596
414393,18,1,177289,48408,42376,128881,258779,0,0,0,0,0.0611305
414394,18,1,160243,41918,36837,118325,219266,0,0,0,0,0.0573424
414395,18,1,182556,49846,43944,132710,265591,0,0,0,0,0.0641996
414396,18,1,182583,49865,43957,132718,265692,0,0,0,0,0.0656188
414397,18,1,174447,46791,41076,127656,246289,0,0,0,0,0.066253
414398,18,1,174464,46794,41077,127670,246282,0,0,0,0,0.0606312
414399,18,1,170690,45279,39936,125411,238714,0,0,0,0,0.0799952
415800,3,1,150495,39870,33724,110625,209750,0,0,0,0,0.139828
415801,9,1,145993,39443,33280,106550,208612,0,0,0,0,0.0922238
415804,9,1,175862,48202,42248,127660,254900,0,0,0,0,0.0892991
415809,9,1,169295,47021,40573,122274,250267,0,0,0,0,0.0892779
415810,3,1,163189,44566,38315,118623,235916,0,0,0,0,0.0957817
415811,9,1,159037,43403,36363,115634,230356,0,0,0,0,0.0662728
415814,9,1,189545,52299,44864,137246,277304,0,0,0,0,0.0717893
415819,9,1,168734,46476,39787,122258,247239,0,0,0,0,0.068484
415820,3,1,163140,44554,38308,118586,235855,0,0,0,0,0.110251
415821,9,1,158816,43348,36350,115468,230088,0,0,0,0,0.0750471
415824,9,1,189594,52292,44837,137302,277213,0,0,0,0,0.0742106
415829,9,1,168855,46524,39826,122331,247559,0,0,0,0,0.0682033
415830,3,1,163104,44536,38293,118568,235743,0,0,0,0,0.0983793
415831,9,1,187230,53389,45659,133841,286305,0,0,0,0,0.0927318
415834,9,1,211588,59356,51533,152232,315310,0,0,0,0,0.109399
415839,9,1,155455,42538,35909,112917,226508,0,0,0,0,0.0696781
415840,9,1,144083,39303,33288,104780,208891,0,0,0,0,0.0646018
415841,9,1,168440,46552,40408,121888,248325,0,0,0,0,0.066137
415842,18,1,170576,47366,40520,123210,252435,0,0,0,0,0.0716373
415844,9,1,192434,53231,46223,139203,282905,0,0,0,0,0.0994475
415845,18,1,188589,52955,45254,135634,283006,0,0,0,0,0.0816104
415848,18,1,186793,51228,43981,135565,271199,0,0,0,0,0.0882459
415849,9,1,164607,45447,39048,119160,241653,0,0,0,0,0.121716
415870,3,1,190450,52803,46074,137647,279939,0,0,0,0,0.0906948
415871,9,1,177851,49053,41932,128798,259759,0,0,0,0,0.0634206
415874,9,1,203640,56262,48781,147378,296741,0,0,0,0,0.0720748
415879,9,1,180179,49069,42173,131110,258540,0,0,0,0,0.0978994
415880,3,1,190345,52751,46033,137594,279591,0,0,0,0,0.101483
415881,9,1,177699,48993,41911,128706,259366,0,0,0,0,0.0690993
415884,9,1,203680,56228,48764,147452,296453,0,0,0,0,0.0696452
415889,9,1,179536,48811,41975,130725,257048,0,0,0,0,0.0778591
415890,3,1,190329,52744,46042,137585,279557,0,0,0,0,0.141989
415891,9,1,215647,61776,53633,153871,329807,0,0,0,0,0.108978
415894,9,1,228276,64435,56269,163841,341367,0,0,0,0,0.0977388
415899,9,1,169554,45791,38935,123763,241474,0,0,0,0,0.0790092
415900,9,1,171330,47676,41259,123654,253798,0,0,0,0,0.0913196
415901,9,1,190436,52991,46138,137445,281412,0,0,0,0,0.0649002
415902,18,1,194138,54502,47145,139636,290650,0,0,0,0,0.070813
415904,9,1,205554,56790,48817,148764,299722,0,0,0,0,0.0692902
415905,18,1,204086,57370,49735,146716,305550,0,0,0,0,0.0728211
415908,18,1,203209,56185,48143,147024,296563,0,0,0,0,0.0755824
415909,9,1,187633,52774,46066,134859,280539,0,0,0,0,0.103198
415930,3,1,168453,45498,39426,122955,239368,0,0,0,0,0.138341
415931,9,1,145021,39013,33600,106008,205919,0,0,0,0,0.0684286
415934,9,1,189574,52329,44909,137245,275320,0,0,0,0,0.0809072
415939,9,1,202140,56023,48863,146117,295830,0,0,0,0,0.081171
415940,3,1,168439,45485,39414,122954,239278,0,0,0,0,0.118703
415941,9,1,165650,45368,39916,120282,240258,0,0,0,0,0.0638281
415944,9,1,183398,50758,44095,132640,268377,0,0,0,0,0.0788048
415949,9,1,178733,48222,41696,130511,252966,0,0,0,0,0.0651696
415950,9,1,170593,46702,39795,123891,246786,0,0,0,0,0.0791899
415951,9,1,193284,52233,44909,141051,274006,0,0,0,0,0.0722582
415954,9,1,191050,52196,44925,138854,275764,0,0,0,0,0.0657118
415955,18,1,207541,57566,49833,149975,305852,0,0,0,0,0.0700842
415958,18,1,199127,54700,47085,144427,288243,0,0,0,0,0.0650603
415959,9,1,200598,54972,46822,145626,289123,0,0,0,0,0.0695123
415962,18,1,174401,47696,41006,126705,252939,0,0,0,0,0.0671263
415980,3,1,168443,45490,39418,122953,239312,0,0,0,0,0.101169
415981,9,1,189396,52393,46767,137003,276940,0,0,0,0,0.0685539
415984,9,1,186474,52671,45947,133803,280243,0,0,0,0,0.0682114
415989,9,1,164583,44857,38442,119726,236534,0,0,0,0,0.0619479
415990,9,1,170601,46703,39780,123898,246798,0,0,0,0,0.0902984
415991,9,1,210401,57235,49767,153166,299934,0,0,0,0,0.0894497
415994,9,1,198641,55429,47893,143212,294112,0,0,0,0,0.0732585
415999,9,1,178946,48671,41596,130275,256097,0,0,0,0,0.0823601
416002,18,1,189824,52183,45309,137641,276415,0,0,0,0,0.0682977
416005,18,1,211303,59412,51495,151891,317108,0,0,0,0,0.0850314
416008,18,1,189350,52169,44593,137181,275515,0,0,0,0,0.0604091
416020,9,1,194117,53036,46013,141081,278931,0,0,0,0,0.0646324
416021,9,1,194624,53172,46132,141452,279644,0,0,0,0,0.0652104
416024,9,1,203986,57075,49165,146911,302042,0,0,0,0,0.0669985
416029,9,1,169022,45784,38776,123238,241141,0,0,0,0,0.0616514
416042,18,1,194066,54517,47088,139549,290117,0,0,0,0,0.0710044
416045,18,1,209156,58947,51019,150209,313145,0,0,0,0,0.0624445
416048,18,1,190283,53121,45586,137162,282232,0,0,0,0,0.0678904
416070,9,1,158119,41967,36070,116152,218947,0,0,0,0,0.0734485
416071,9,1,158448,41989,36066,116459,218920,0,0,0,0,0.0574886
416072,9,1,149958,39692,34127,110266,208080,0,0,0,0,0.0637735
416073,9,1,179136,49818,43292,129318,264371,0,0,0,0,0.0896902
416074,9,1,205649,57128,49798,148521,302371,0,0,0,0,0.0680485
416075,9,1,186224,51383,44717,134841,271651,0,0,0,0,0.0628085
416076,9,1,210817,59664,52099,151153,317243,0,0,0,0,0.0749102
416077,9,1,169891,46872,40273,123019,248280,0,0,0,0,0.0644211
416078,9,1,183656,51022,43952,132634,270256,0,0,0,0,0.0710388
416079,9,1,166466,45613,38879,120853,240618,0,0,0,0,0.0917724
416080,3,1,156403,40950,35016,115453,213977,0,0,0,0,0.133084
416081,9,1,152530,40564,34610,111966,212621,0,0,0,0,0.092388
416084,9,1,188396,51595,45678,136801,271986,0,0,0,0,0.112126
416089,9,1,179077,49603,42969,129474,263101,0,0,0,0,0.0785971
416090,3,1,171570,46427,40268,125143,244273,0,0,0,0,0.0891178
416091,9,1,172137,46707,39469,125430,246228,0,0,0,0,0.0655775
416094,9,1,199480,54704,47263,144776,288240,0,0,0,0,0.0660584
416099,9,1,182765,50212,43315,132553,265858,0,0,0,0,0.0907154
416100,3,1,171599,46434,40271,125165,244311,0,0,0,0,0.104616
416101,9,1,172337,46762,39528,125575,246523,0,0,0,0,0.0647202
416104,9,1,199384,54638,47183,144746,287824,0,0,0,0,0.0650007
416109,9,1,182802,50224,43333,132578,265916,0,0,0,0,0.0633547
416110,3,1,171793,46491,40301,125302,244624,0,0,0,0,0.0857066
416111,9,1,200362,56592,48722,143770,301326,0,0,0,0,0.0698513
416114,9,1,228052,63689,55561,164363,336776,0,0,0,0,0.073348
416119,9,1,165615,45016,38399,120599,238102,0,0,0,0,0.0638468
416120,9,1,158623,42841,36404,115782,225921,0,0,0,0,0.0615065
416121,9,1,180639,49761,43213,130878,263949,0,0,0,0,0.0635438
416122,18,1,180462,49793,42683,130669,263960,0,0,0,0,0.0640154
416124,9,1,201922,55327,48198,146595,291956,0,0,0,0,0.0841219
416125,18,1,197797,55318,47557,142479,294092,0,0,0,0,0.0723217
416128,18,1,196556,53884,46517,142672,284062,0,0,0,0,0.0701165
416129,9,1,174594,48028,41690,126566,253897,0,0,0,0,0.105054
416150,3,1,196453,53604,46858,142849,281131,0,0,0,0,0.103877
416151,9,1,185480,50492,43391,134988,264804,0,0,0,0,0.0840534
416154,9,1,213088,57888,50289,155200,301710,0,0,0,0,0.078011
416159,9,1,190341,51326,44276,139015,267447,0,0,0,0,0.0662095
416160,3,1,196180,53489,46795,142691,280440,0,0,0,0,0.107516
416161,9,1,185103,50369,43329,134734,264090,0,0,0,0,0.0928623
416164,9,1,213251,57914,50349,155337,301765,0,0,0,0,0.0958996
416169,9,1,190352,51320,44286,139032,267373,0,0,0,0,0.0681745
416170,3,1,196265,53503,46841,142762,280508,0,0,0,0,0.0964379
416171,9,1,225639,63814,55486,161825,337429,0,0,0,0,0.0722205
416174,9,1,240381,67242,58866,173139,353277,0,0,0,0,0.0778106
416179,9,1,176838,47325,40111,129513,247359,0,0,0,0,0.0628463
416180,9,1,179102,48914,42460,130188,257248,0,0,0,0,0.0638025
416181,9,1,196724,54041,47209,142683,283964,0,0,0,0,0.0644365
416182,18,1,203386,56474,49198,146912,298099,0,0,0,0,0.0654904
416184,9,1,213101,58169,50508,154932,304089,0,0,0,0,0.0671276
416185,18,1,213987,59423,51791,154564,313085,0,0,0,0,0.0692088
416188,18,1,212128,58333,50100,153795,305290,0,0,0,0,0.071386
416189,9,1,197488,54721,47835,142767,287771,0,0,0,0,0.0869653
416210,3,1,174246,46245,40009,128001,240612,0,0,0,0,0.0839822
416211,9,1,150563,40086,34134,110477,209483,0,0,0,0,0.0568404
416214,9,1,196772,53833,46164,142939,279865,0,0,0,0,0.0699495
416219,9,1,215883,59711,51246,156172,312341,0,0,0,0,0.0732919
416220,3,1,174272,46211,39975,128061,240335,0,0,0,0,0.0851187
416221,9,1,170036,46157,40589,123879,242240,0,0,0,0,0.0577826
416224,9,1,193629,53246,45941,140383,279195,0,0,0,0,0.0665896
416229,9,1,187460,50111,43395,137349,260588,0,0,0,0,0.0603355
416230,9,1,173490,46869,40363,126621,245136,0,0,0,0,0.0641825
416231,9,1,202408,54341,46696,148067,281819,0,0,0,0,0.0723737
416234,9,1,201789,55248,47738,146541,290348,0,0,0,0,0.0678302
416235,18,1,216499,59601,51607,156898,313943,0,0,0,0,0.0622529
416238,18,1,211771,58154,50025,153617,304583,0,0,0,0,0.0607435
416239,9,1,209204,56705,48631,152499,295480,0,0,0,0,0.0680996
416242,18,1,185561,50157,43061,135404,263348,0,0,0,0,0.0650108
416260,3,1,174175,46202,39927,127973,240276,0,0,0,0,0.0823643
416261,9,1,197482,54138,47888,143344,283590,0,0,0,0,0.0798753
416264,9,1,193921,53959,46802,139962,284095,0,0,0,0,0.0926554
416269,9,1,171452,46284,39758,125168,241785,0,0,0,0,0.0607441
416270,9,1,173539,46891,40386,126648,245258,0,0,0,0,0.0653623
416271,9,1,215083,58304,50286,156779,302982,0,0,0,0,0.0715923
416274,9,1,206885,57504,49733,149381,302930,0,0,0,0,0.0683904
416279,9,1,188037,50673,43414,137364,264147,0,0,0,0,0.0632478
416282,18,1,200341,54391,47060,145950,285277,0,0,0,0,0.0669228
416285,18,1,220460,61230,53128,159230,323380,0,0,0,0,0.0646902
416288,18,1,201045,55227,47491,145818,289622,0,0,0,0,0.0600057
416300,9,1,200073,53781,46661,146292,279081,0,0,0,0,0.0622619
416301,9,1,200300,53816,46672,146484,279186,0,0,0,0,0.0628106
416304,9,1,211275,58524,50246,152751,306513,0,0,0,0,0.0694105
416309,9,1,178082,47675,40765,130407,248357,0,0,0,0,0.0628638
416322,18,1,198802,54706,47013,144096,287351,0,0,0,0,0.0678692
416325,18,1,216602,60211,52135,156391,316252,0,0,0,0,0.0636572
416328,18,1,198885,54906,47159,143979,288599,0,0,0,0,0.0627329
416350,9,1,161708,42387,36373,119321,218394,0,0,0,0,0.0567488
416351,9,1,161878,42417,36389,119461,218502,0,0,0,0,0.0572082
416352,9,1,153237,40013,34020,113224,207593,0,0,0,0,0.0568266
416353,9,1,180221,48901,42816,131320,255835,0,0,0,0,0.0822468
416354,9,1,209186,57240,49818,151946,298937,0,0,0,0,0.0644711
416355,9,1,191879,52534,45687,139345,275177,0,0,0,0,0.0649091
416356,9,1,219254,61165,53223,158089,321689,0,0,0,0,0.0713584
416357,9,1,176050,48086,41391,127964,252229,0,0,0,0,0.0600596
416358,9,1,192942,53122,45749,139820,278727,0,0,0,0,0.066524
416359,9,1,172793,46618,39715,126175,243107,0,0,0,0,0.0630517
416360,3,1,169600,44214,38592,125386,231329,0,0,0,0,0.13395
416361,9,1,164364,43185,37214,121179,226343,0,0,0,0,0.084724
416364,9,1,191997,52111,46090,139886,275481,0,0,0,0,0.08206
416369,9,1,183475,50684,44134,132791,269685,0,0,0,0,0.0855262
416370,3,1,174241,47304,41169,126937,250630,0,0,0,0,0.101483
416371,9,1,162936,43749,37235,119187,231311,0,0,0,0,0.072941
416374,9,1,188883,51081,44435,137802,268501,0,0,0,0,0.0619356
416379,9,1,168969,45925,39413,123044,243365,0,0,0,0,0.0640816
416380,3,1,174218,47297,41146,126921,250582,0,0,0,0,0.0967954
416381,9,1,162960,43756,37235,119204,231356,0,0,0,0,0.0650266
416384,9,1,188851,51068,44417,137783,268472,0,0,0,0,0.0648023
416389,9,1,169031,45932,39410,123099,243398,0,0,0,0,0.0622848
416390,3,1,174322,47325,41172,126997,250746,0,0,0,0,0.09479
416391,9,1,191318,54195,47218,137123,289987,0,0,0,0,0.0710539
416394,9,1,219928,62298,54454,157630,331267,0,0,0,0,0.0755218
416399,9,1,157924,42520,36165,115404,225520,0,0,0,0,0.0660444
416400,9,1,152118,42006,35679,110112,224596,0,0,0,0,0.0658091
416401,9,1,168050,45755,39799,122295,243038,0,0,0,0,0.0628592
416402,18,1,175125,48841,42101,126284,261186,0,0,0,0,0.0641105
416404,9,1,189131,51650,45023,137481,272738,0,0,0,0,0.0689398
416405,18,1,186243,51445,44509,134798,273757,0,0,0,0,0.0663754
416408,18,1,186078,50383,43602,135695,265497,0,0,0,0,0.0646113
416409,9,1,173386,47218,41076,126168,250347,0,0,0,0,0.0864729
416430,3,1,213021,60721,53926,152300,322858,0,0,0,0,0.127979
416431,9,1,203493,57510,50086,145983,305714,0,0,0,0,0.106371
416434,9,2,249958,70167,61672,179778,370909,1,0,0,0,0.211074
416439,9,2,242399,67004,58996,175382,352515,1,0,0,0,0.205096
416440,3,1,213087,60735,53932,152352,322932,0,0,0,0,0.116235
416441,9,1,203684,57576,50096,146108,306114,0,0,0,0,0.080694
416444,9,2,249842,70136,61579,179693,370719,1,0,0,0,0.16451
416449,9,2,242021,66908,58911,175100,351995,1,0,0,0,0.157028
416450,3,1,213037,60708,53894,152329,322778,0,0,0,0,0.131484
416451,9,1,227302,63829,55826,163473,336525,0,0,0,0,0.0795473
416454,9,1,236889,66014,57898,170875,346521,0,0,0,0,0.0742864
416459,9,1,193072,53109,45755,139963,280161,0,0,0,0,0.0741422
416460,9,1,182761,50774,43696,131987,269116,0,0,0,0,0.0737058
416461,9,1,194862,53858,47355,141004,284764,0,0,0,0,0.0666734
416462,18,1,212505,60077,52283,152428,319602,0,0,0,0,0.0720938
416464,9,1,215344,59178,52004,156166,310979,0,0,0,0,0.0703861
416465,18,1,222481,62244,54202,160237,329644,0,0,0,0,0.0725874
416468,18,1,230193,63998,55318,166195,337598,0,0,0,0,0.0775266
416469,9,1,212074,60076,53211,151998,318328,0,0,0,0,0.102298
416490,3,1,211709,57210,50236,154499,299095,0,0,0,0,0.0894992
416491,9,1,187766,50185,43346,137581,261617,0,0,0,0,0.0611496
416494,9,2,247190,68179,60292,178999,358456,1,0,0,0,0.15074
416499,9,2,234297,63747,56115,170537,333872,1,0,0,0,0.135264
416500,3,1,211671,57200,50221,154471,299035,0,0,0,0,0.0927023
416501,9,2,312323,86393,75767,225917,455998,1,0,0,0,0.167681
416504,9,1,203036,54579,47349,148457,284666,0,0,0,0,0.0640104
416509,9,1,197847,53017,46314,144830,276512,0,0,0,0,0.0594706
416510,9,1,209312,58043,50111,151269,305829,0,0,0,0,0.0734342
416511,9,1,228994,62420,54159,166574,325902,0,0,0,0,0.0731074
416514,9,1,200395,55272,47890,145123,292251,0,0,0,0,0.0715533
416515,18,1,221291,60381,51972,160910,318091,0,0,0,0,0.063229
416518,18,1,223546,61166,52581,162380,320857,0,0,0,0,0.0661701
416519,9,1,216934,60018,51918,156916,315846,0,0,0,0,0.0707931
416522,18,1,216966,60024,51738,156942,316203,0,0,0,0,0.0692734
416540,3,1,211966,57312,50308,154654,299709,0,0,0,0,0.0870189
416541,9,2,329062,90708,79895,238341,475905,1,0,0,0,0.170789
416544,9,2,210981,58012,50914,152956,305200,1,0,0,0,0.144075
416549,9,1,186782,50430,43595,136352,264216,0,0,0,0,0.0608482
416550,9,1,209619,58138,50188,151481,306359,0,0,0,0,0.0687631
416551,9,1,243882,66177,57554,177705,343541,0,0,0,0,0.0840043
416554,9,1,197028,54624,47486,142404,288191,0,0,0,0,0.0967877
416559,9,1,195740,54134,46678,141606,285462,0,0,0,0,0.0742713
416562,18,1,227416,62755,54297,164661,329460,0,0,0,0,0.0981162
416565,18,1,218461,59670,51299,158791,313877,0,0,0,0,0.0669507
416568,18,1,209406,57470,49138,151936,302348,0,0,0,0,0.0673923
416580,9,2,205914,56118,49480,149783,292479,1,0,0,0,0.210901
416581,9,2,205973,56130,49464,149830,292539,1,0,0,0,0.186291
416584,9,2,216093,58900,51811,157181,306456,1,0,0,0,0.194813
416589,9,1,187826,52492,45100,135334,278057,0,0,0,0,0.0750285
416602,18,1,222518,60703,52411,161815,317396,0,0,0,0,0.104862
416605,18,1,213156,58928,50798,154228,309131,0,0,0,0,0.0663853
416608,18,1,201770,55435,47484,146335,291579,0,0,0,0,0.0704292
416630,9,2,193908,51922,45430,141973,269555,1,0,0,0,0.167612
416631,9,2,193727,51867,45379,141847,269230,1,0,0,0,0.153198
416632,9,1,194059,51421,44107,142638,267401,0,0,0,0,0.0637556
416633,9,1,214617,58251,51094,156366,304533,0,0,0,0,0.0894685
416634,9,2,203388,54870,48262,148505,285370,1,0,0,0,0.13817
416635,9,2,212163,57942,50555,154209,305332,1,0,0,0,0.15379
416636,9,1,211300,56859,48846,154441,294271,0,0,0,0,0.0724183
416637,9,1,181444,48689,41960,132755,255039,0,0,0,0,0.0622463
416638,9,1,195221,52194,44801,143027,271365,0,0,0,0,0.075081
416639,9,1,183121,49018,42050,134103,255623,0,0,0,0,0.0697988
416640,3,1,171931,45134,39515,126797,236551,0,0,0,0,0.156222
416641,9,1,167334,44313,38286,123021,232732,0,0,0,0,0.10083
416644,9,1,194147,52849,46765,141298,279654,0,0,0,0,0.0926286
416649,9,1,185068,51367,44793,133701,273616,0,0,0,0,0.0895001
416650,3,1,176486,47790,41952,128696,252646,0,0,0,0,0.0915293
416651,9,1,167894,44942,38666,122952,237168,0,0,0,0,0.0865158
416654,9,1,191482,51566,45319,139916,269586,0,0,0,0,0.0705977
416659,9,1,170141,45576,39370,124565,239376,0,0,0,0,0.0581194
416660,3,1,176480,47774,41941,128706,252508,0,0,0,0,0.0850734
416661,9,1,167826,44913,38640,122913,236961,0,0,0,0,0.0863904
416664,9,1,191741,51545,45293,140196,269266,0,0,0,0,0.0861801
416669,9,1,170157,45579,39360,124578,239369,0,0,0,0,0.0709773
416670,3,1,176546,47792,41951,128754,252613,0,0,0,0,0.122261
416671,9,1,199420,56390,49125,143030,300884,0,0,0,0,0.0761908
416674,9,1,224016,63365,55748,160651,335858,0,0,0,0,0.076232
416679,9,1,157558,42196,36170,115362,222715,0,0,0,0,0.0593919
416680,9,1,152172,41632,36115,110540,221448,0,0,0,0,0.0620856
416681,9,1,168955,45817,40005,123138,242498,0,0,0,0,0.0567905
416682,18,1,182338,50465,43842,131873,269057,0,0,0,0,0.0603014
416684,9,1,193772,52662,45970,141110,277063,0,0,0,0,0.0672312
416685,18,1,193638,53259,46379,140379,282584,0,0,0,0,0.0639156
416688,18,1,195300,52665,45069,142635,276100,0,0,0,0,0.0748287
416689,9,1,181018,49173,42779,131845,259460,0,0,0,0,0.0811732
416710,3,1,190707,52409,46234,138298,276958,0,0,0,0,0.0989654
416711,9,1,188985,52729,45868,136256,279844,0,0,0,0,0.0847334
416714,9,2,232261,64986,57378,167262,344830,1,0,0,0,0.17806
416719,9,2,220893,60972,53866,159908,323148,1,0,0,0,0.166029
416720,3,1,190729,52411,46222,138318,276972,0,0,0,0,0.0922921
416721,9,1,188954,52726,45862,136228,279846,0,0,0,0,0.067929
416724,9,2,232136,64962,57321,167161,344733,1,0,0,0,0.155721
416729,9,2,220651,60927,53821,159711,322971,1,0,0,0,0.151857
416730,3,1,190745,52420,46232,138325,277040,0,0,0,0,0.105914
416731,9,1,208923,58139,51035,150784,307372,0,0,0,0,0.0744945
416734,9,1,227879,62985,55853,164894,330908,0,0,0,0,0.0776195
416739,9,1,179226,48556,42001,130670,255766,0,0,0,0,0.0677378
416740,9,1,168731,45654,39471,123077,240421,0,0,0,0,0.0688814
416741,9,1,186804,51178,44706,135626,270643,0,0,0,0,0.0721779
416742,18,1,191321,53157,46496,138164,282718,0,0,0,0,0.0655
416744,9,1,209200,57338,50265,151862,302124,0,0,0,0,0.0729382
416745,18,1,204048,56362,49189,147686,298682,0,0,0,0,0.0683222
416748,18,1,212339,58744,50872,153595,311074,0,0,0,0,0.0760415
416749,9,1,195463,54829,47766,140634,290982,0,0,0,0,0.125539
416770,3,1,181748,47453,41601,134295,245586,0,0,0,0,0.101126
416771,9,1,160276,41133,35618,119143,211927,0,0,0,0,0.0534331
416774,9,2,230060,62808,55581,167240,330666,1,0,0,0,0.141344
416779,9,2,217341,58378,51490,158950,305825,1,0,0,0,0.184198
416780,3,1,181659,47442,41604,134217,245560,0,0,0,0,0.0887594
416781,9,1,183653,48541,42568,135112,252040,0,0,0,0,0.0663155
416784,9,1,180924,47424,41554,133500,245454,0,0,0,0,0.0835184
416789,9,1,177994,46547,40758,131447,241127,0,0,0,0,0.0692335
416790,9,1,187937,50860,44088,137077,266020,0,0,0,0,0.0808562
416791,9,1,209152,55756,48719,153396,289111,0,0,0,0,0.0740735
416794,9,1,180321,47767,41693,132554,248901,0,0,0,0,0.0730144
416795,18,1,202332,54276,47169,148056,283384,0,0,0,0,0.0851383
416798,18,1,201795,54458,47135,147337,285026,0,0,0,0,0.0729757
416799,9,1,187709,50774,44247,136935,266135,0,0,0,0,0.0804103
416802,18,1,189953,51019,44026,138934,266680,0,0,0,0,0.0827062
416820,3,1,181827,47513,41640,134314,246042,0,0,0,0,0.0994617
416821,9,2,244618,68309,60200,176296,362454,1,0,0,0,0.186202
416824,9,2,186005,50873,44768,135119,268210,1,0,0,0,0.18839
416829,9,1,177579,47069,40986,130510,244761,0,0,0,0,0.0768305
416830,9,1,188315,50967,44147,137348,266647,0,0,0,0,0.0697396
416831,9,1,228252,61139,53886,167113,316042,0,0,0,0,0.0967039
416834,9,1,177634,47545,41569,130089,248224,0,0,0,0,0.0861082
416839,9,1,186857,50927,44137,135930,267702,0,0,0,0,0.0653416
416842,18,1,198957,53245,46183,145712,276790,0,0,0,0,0.0682587
416845,18,1,199987,53673,46542,146314,279932,0,0,0,0,0.0617282
416848,18,1,201860,54939,47684,146921,288569,0,0,0,0,0.064538
416860,9,2,185235,50002,43920,135221,261519,1,0,0,0,0.191542
416861,9,2,185355,50025,43921,135318,261639,1,0,0,0,0.171856
416864,9,2,201253,54982,48840,146259,287544,1,0,0,0,0.174914
416869,9,1,192536,53514,46176,139022,282622,0,0,0,0,0.0952532
416882,18,1,200825,53361,45916,147464,277260,0,0,0,0,0.0875435
416885,18,1,193820,52786,45394,141034,276879,0,0,0,0,0.0563919
416888,18,1,196783,54022,46179,142761,284601,0,0,0,0,0.0595334
416910,9,2,175594,46528,40388,129053,242997,1,0,0,0,0.180807
416911,9,2,175514,46501,40385,129000,242827,1,0,0,0,0.156727
416912,9,1,170719,44102,37949,126617,227703,0,0,0,0,0.0584312
416913,9,1,186105,49522,43298,136583,257353,0,0,0,0,0.0825005
416914,9,2,183139,48950,42989,134176,254636,1,0,0,0,0.16782
416915,9,2,198086,54117,47454,143957,286680,1,0,0,0,0.189816
416916,9,1,180094,47281,40858,132813,245078,0,0,0,0,0.0736751
416917,9,1,175860,46885,40637,128975,244879,0,0,0,0,0.0830026
416918,9,1,181881,48000,41478,133881,249743,0,0,0,0,0.0760254
416919,9,2,327390,88200,76601,239177,461623,1,0,0,0,0.240428
416920,3,1,156234,41458,36051,114776,218691,0,0,0,0,0.0957378
416921,9,1,163565,44640,38339,118925,237073,0,0,0,0,0.096857
416924,9,1,190266,52733,46038,137533,279107,0,0,0,0,0.0945287
416929,9,1,155695,42970,37341,112725,229130,0,0,0,0,0.0875588
416930,3,1,176230,46835,41294,129395,243696,0,0,0,0,0.1009
416931,9,1,187911,51413,44742,136498,269905,0,0,0,0,0.0723742
416934,9,2,186237,50750,44836,135474,267896,1,0,0,0,0.197831
416939,9,2,213185,58505,51876,154667,309688,1,0,0,0,0.171848
416940,3,1,177533,47510,41692,130023,250362,0,0,0,0,0.106703
416941,9,1,161601,43361,37907,118240,228839,0,0,0,0,0.0603455
416944,9,1,193849,53036,45902,140813,279102,0,0,0,0,0.0737704
416949,9,1,197537,53140,46255,144397,277709,0,0,0,0,0.0854436
416950,3,1,177008,47385,41699,129623,249683,0,0,0,0,0.0969707
416951,9,1,186105,51195,45302,134910,269819,0,0,0,0,0.0669683
416954,9,1,189899,52864,46732,137035,280994,0,0,0,0,0.100635
416959,9,1,183372,49555,43225,133817,260582,0,0,0,0,0.0884443
416960,9,1,160563,43655,38355,116908,231188,0,0,0,0,0.0632615
416961,9,2,255478,70992,62520,184473,377979,1,0,0,0,0.235971
416962,18,1,172440,47004,41649,125436,249549,0,0,0,0,0.0707127
416964,9,2,167400,45664,40146,121723,241673,1,0,0,0,0.149399
416965,18,1,201874,56379,49062,145495,299905,0,0,0,0,0.0697343
416968,18,1,193981,52950,45974,141031,279105,0,0,0,0,0.0668729
416969,9,1,181034,47963,41837,133071,249793,0,0,0,0,0.0760031
416990,3,1,158574,41804,36356,116770,217934,0,0,0,0,0.0794105
416991,9,1,175548,47696,41437,127852,251225,0,0,0,0,0.0652712
416994,9,2,228413,63404,56111,164996,335119,1,0,0,0,0.161197
416999,9,2,219424,60200,53251,159211,318355,1,0,0,0,0.140704
417000,3,1,197704,53572,47645,144132,281432,0,0,0,0,0.095169
417001,9,1,192372,52351,45721,140021,275785,0,0,0,0,0.0840118
417004,9,2,254022,71588,62920,182421,380447,1,0,0,0,0.16176
417009,9,2,195701,53246,47149,142442,280344,1,0,0,0,0.16176
417010,3,1,197356,53457,47550,143899,280773,0,0,0,0,0.094266
417011,9,2,185166,50927,44661,134226,269723,1,0,0,0,0.159323
417014,9,2,296987,82982,73419,213993,440894,1,0,0,0,0.206527
417019,9,2,169600,44819,39488,124768,234857,1,0,0,0,0.153387
417020,9,1,181717,49446,43259,132271,260356,0,0,0,0,0.0731652
417021,9,2,187843,51463,45257,136367,272214,1,0,0,0,0.203947
417022,18,1,188546,51582,45340,136964,272611,0,0,0,0,0.0832358
417024,9,1,179145,48179,41901,130966,252944,0,0,0,0,0.0840338
417025,18,1,224242,62445,54541,161797,330778,0,0,0,0,0.0997198
417028,18,1,217220,59544,51683,157676,313740,0,0,0,0,0.0884327
417029,9,1,199656,54267,47260,145389,285411,0,0,0,0,0.094583
417050,3,1,194928,51862,45554,143066,269580,0,0,0,0,0.087836
417051,9,1,188182,50421,43604,137761,263472,0,0,0,0,0.0628398
417054,9,2,248295,68879,60727,179403,364382,1,0,0,0,0.147988
417059,9,2,248756,68739,60734,180004,363035,1,0,0,0,0.153073
417060,3,1,194669,51808,45518,142861,269325,0,0,0,0,0.0783201
417061,9,2,184135,50351,44248,133771,265965,1,0,0,0,0.151467
417064,9,2,241399,67837,59828,173549,360777,1,0,0,0,0.171111
417069,9,2,173829,46609,41114,127207,244923,1,0,0,0,0.154377
417070,9,1,182418,49094,42620,133324,256489,0,0,0,0,0.061791
417071,9,2,193015,53154,46574,139848,280881,1,0,0,0,0.1428
417074,9,1,203327,55267,47818,148060,288540,0,0,0,0,0.0719651
417075,18,1,228958,63394,55381,165564,333176,0,0,0,0,0.0770895
417078,18,1,229393,63694,55795,165699,335971,0,0,0,0,0.0719877
417079,9,1,199185,55441,48671,143744,291544,0,0,0,0,0.0762553
417082,18,2,268652,74573,65701,194066,396566,1,0,0,0,0.188422
417100,3,1,170996,43993,38272,127003,225019,0,0,0,0,0.105753
417101,9,2,172752,46378,40452,126361,244022,1,0,0,0,0.150687
417104,9,2,174855,46970,41005,127873,246680,1,0,0,0,0.16012
417109,9,2,165346,43618,38247,121715,227857,1,0,0,0,0.148092
417110,9,1,186867,49894,43322,136973,257942,0,0,0,0,0.0764838
417111,9,1,209954,57107,49883,152847,297201,0,0,0,0,0.0694682
417114,9,1,231451,63644,55783,167807,331958,0,0,0,0,0.0752831
417119,9,1,201770,54721,47906,147049,285645,0,0,0,0,0.0707627
417122,18,1,226964,62304,54155,164660,325226,0,0,0,0,0.0666829
417125,18,1,236390,64901,56517,171489,339339,0,0,0,0,0.0686823
417128,18,1,214177,58859,51615,155318,308577,0,0,0,0,0.0681241
417140,9,2,188432,51566,45176,136853,271132,1,0,0,0,0.163571
417141,9,2,181217,49121,42926,132085,257293,1,0,0,0,0.16513
417144,9,2,184927,49786,43695,135129,260192,1,0,0,0,0.144819
417149,9,1,186088,50571,44200,135517,264993,0,0,0,0,0.0656456
417162,18,2,204277,56467,49626,147797,299369,1,0,0,0,0.147529
417165,18,2,339425,95070,83336,244342,504565,1,0,0,0,0.204069
417168,18,2,201467,55554,49062,145900,294597,1,0,0,0,0.137404
417190,9,2,182184,48953,42851,133219,256651,1,0,0,0,0.150295
417191,9,2,177396,47822,41841,129562,250791,1,0,0,0,0.142415
417192,9,2,172787,46814,41186,125960,247085,1,0,0,0,0.129624
417193,9,1,191161,51064,44252,140097,263995,0,0,0,0,0.0840935
417194,9,2,177244,47727,41705,129504,249913,1,0,0,0,0.138549
417195,9,2,167657,45253,39581,122391,238847,1,0,0,0,0.167364
417196,9,2,310265,85934,75232,224318,454747,1,0,0,0,0.217922
417197,9,1,177929,48835,42928,129094,256822,0,0,0,0,0.0760916
417198,9,1,190733,51585,45234,139148,269502,0,0,0,0,0.085813
417199,9,2,338368,91601,79990,246754,479701,1,0,0,0,0.18012
417200,3,1,156044,41425,36021,114619,218543,0,0,0,0,0.0814489
417201,9,1,163642,44660,38338,118982,237180,0,0,0,0,0.0641747
417204,9,1,190774,52835,46125,137939,279570,0,0,0,0,0.0650236
417209,9,1,155501,42904,37349,112597,228760,0,0,0,0,0.0574714
417210,3,1,176027,46791,41250,129236,243486,0,0,0,0,0.0916501
417211,9,1,187985,51440,44753,136545,270056,0,0,0,0,0.0689756
417214,9,2,185964,50683,44769,135268,267549,1,0,0,0,0.13795
417219,9,2,213011,58446,51829,154552,309341,1,0,0,0,0.152873
417220,3,1,178532,47899,42082,130633,252601,0,0,0,0,0.0851637
417221,9,1,161810,43488,37998,118322,229636,0,0,0,0,0.0621149
417224,9,1,194674,53325,46101,141349,280789,0,0,0,0,0.0663377
417229,9,1,198439,53436,46484,145003,279408,0,0,0,0,0.062825
417230,3,1,176543,47275,41638,129268,249105,0,0,0,0,0.0871137
417231,9,2,258064,71205,62723,186846,377716,1,0,0,0,0.17921
417234,9,1,185582,50931,44879,134651,270096,0,0,0,0,0.0643953
417239,9,1,167199,44669,39018,122530,234976,0,0,0,0,0.0581928
417240,9,1,160900,43753,38422,117147,231732,0,0,0,0,0.064024
417241,9,2,260048,72338,63331,187697,384933,1,0,0,0,0.179349
417242,18,2,253091,70120,61635,182958,374575,1,0,0,0,0.179371
417244,9,1,173713,46246,40657,127467,240081,0,0,0,0,0.0579927
417245,18,1,198388,54989,48001,143399,292437,0,0,0,0,0.0643025
417248,18,1,182797,49805,43260,132992,263530,0,0,0,0,0.0568042
417249,9,1,165488,43863,38138,121625,229994,0,0,0,0,0.0588205
417270,3,1,158338,41760,36306,116578,217734,0,0,0,0,0.0848648
417271,9,1,175685,47745,41493,127940,251526,0,0,0,0,0.0671258
417274,9,2,228434,63417,56138,165004,335224,1,0,0,0,0.145941
417279,9,2,219149,60055,53078,159081,317487,1,0,0,0,0.173504
417280,3,1,198607,53981,48025,144626,283890,0,0,0,0,0.0827022
417281,9,1,192654,52532,45887,140122,276913,0,0,0,0,0.080271
417284,9,2,254044,71631,62989,182400,380746,1,0,0,0,0.142379
417289,9,2,196158,53365,47214,142780,281000,1,0,0,0,0.134523
417290,3,1,197236,53493,47608,143743,281138,0,0,0,0,0.100397
417291,9,2,186936,51421,45193,135503,272186,1,0,0,0,0.129448
417294,9,2,236140,67008,59696,169119,357989,1,0,0,0,0.141782
417299,9,2,169536,45059,39396,124464,236681,1,0,0,0,0.121433
417300,9,1,182415,49643,43385,132772,261418,0,0,0,0,0.0588554
417301,9,2,194088,53493,47205,140582,283104,1,0,0,0,0.134991
417302,18,1,196540,53779,47330,142761,283528,0,0,0,0,0.0584701
417304,9,1,174302,46955,40969,127347,246156,0,0,0,0,0.0666877
417305,18,1,216495,59802,52119,156693,316360,0,0,0,0,0.0918558
417308,18,1,204144,55662,48409,148482,293532,0,0,0,0,0.0890323
417309,9,1,178364,48049,41856,130315,252871,0,0,0,0,0.0785665
417330,3,1,197204,52708,46364,144496,274335,0,0,0,0,0.0836978
417331,9,1,188540,50628,43756,137912,264715,0,0,0,0,0.0684681
417334,9,2,248626,69089,60960,179524,365661,1,0,0,0,0.17183
417339,9,2,249660,69116,61015,180531,365265,1,0,0,0,0.165472
417340,3,1,194561,51790,45498,142771,269255,0,0,0,0,0.102433
417341,9,2,183524,50147,44114,133364,264822,1,0,0,0,0.169636
417344,9,2,242761,68244,60200,174504,363132,1,0,0,0,0.143633
417349,9,2,174608,47031,41564,127564,247179,1,0,0,0,0.173042
417350,9,1,182988,49288,42763,133700,257582,0,0,0,0,0.088283
417351,9,2,194160,53241,46658,140906,281016,1,0,0,0,0.196575
417354,9,1,190561,51838,44895,138723,271633,0,0,0,0,0.0846293
417355,18,1,219524,60890,53121,158634,321108,0,0,0,0,0.0967438
417358,18,1,228780,63165,55379,165615,332899,0,0,0,0,0.0750225
417359,9,1,199046,55076,48385,143970,289584,0,0,0,0,0.0894807
417362,18,2,269555,74775,65821,194767,397432,1,0,0,0,0.172375
417380,3,1,170473,43885,38183,126588,224538,0,0,0,0,0.0812248
417381,9,1,183664,48252,42044,135412,248386,0,0,0,0,0.0613037
417384,9,2,217487,60218,52935,157256,317987,1,0,0,0,0.145891
417389,9,2,163502,43319,37961,120170,226667,1,0,0,0,0.177121
417390,9,1,186776,49867,43306,136909,257809,0,0,0,0,0.0795373
417391,9,1,199146,53405,46460,145741,277266,0,0,0,0,0.0611094
417394,9,1,217334,59204,51434,158130,309322,0,0,0,0,0.0644526
417399,9,1,196282,52588,46029,143694,273496,0,0,0,0,0.065941
417402,18,1,216974,58713,51008,158261,305858,0,0,0,0,0.0626432
417405,18,1,224793,61747,53732,163046,324257,0,0,0,0,0.0664441
417408,18,1,210827,57237,50133,153590,299120,0,0,0,0,0.0659045
417420,9,2,188244,51502,45142,136729,270773,1,0,0,0,0.156367
417421,9,2,181072,49077,42871,131984,257046,1,0,0,0,0.155841
417424,9,2,184604,49703,43640,134889,259711,1,0,0,0,0.165656
417429,9,1,185979,50531,44145,135448,264792,0,0,0,0,0.0963056
417442,18,2,196387,53992,47203,142382,286164,1,0,0,0,0.186364
417445,18,2,273383,76549,67154,196821,407446,1,0,0,0,0.214306
417448,18,2,196261,53852,47301,142396,285146,1,0,0,0,0.183853
417470,9,2,182101,48904,42810,133185,256356,1,0,0,0,0.173427
417471,9,2,177089,47755,41796,129322,250427,1,0,0,0,0.12832
417472,9,2,168154,45019,39514,123122,237155,1,0,0,0,0.127257
417473,9,1,166980,43615,37582,123365,225748,0,0,0,0,0.0576531
417474,9,2,177182,47711,41674,129458,249792,1,0,0,0,0.128887
417475,9,2,173182,46904,41114,126265,247611,1,0,0,0,0.149791
417476,9,2,307100,84586,73922,222501,447036,1,0,0,0,0.235846
417477,9,2,196266,53899,47235,142355,285849,1,0,0,0,0.155986
417478,9,1,181089,48117,42103,132972,250180,0,0,0,0,0.0621139
417479,9,2,338720,91615,79960,247092,479605,1,0,0,0,0.199003
417480,3,1,155994,41414,36017,114580,218495,0,0,0,0,0.127732
417481,9,1,174396,47698,41065,126698,253225,0,0,0,0,0.0861196
417484,9,1,189211,51396,44421,137815,269969,0,0,0,0,0.0818635
417489,9,1,150611,41421,35866,109190,221347,0,0,0,0,0.0714218
417490,3,1,176008,46792,41254,129216,243512,0,0,0,0,0.120916
417491,9,1,198645,54486,47458,144159,285467,0,0,0,0,0.0956777
417494,9,1,205689,55604,49065,150085,287983,0,0,0,0,0.0704253
417499,9,1,164795,44300,38807,120495,231707,0,0,0,0,0.0708757
417500,3,1,178076,47796,42026,130280,252077,0,0,0,0,0.126321
417501,9,2,187274,50840,44827,136421,269560,1,0,0,0,0.177439
417504,9,1,175975,47289,41247,128686,248415,0,0,0,0,0.0597456
417509,9,2,204652,56537,49808,148102,300638,1,0,0,0,0.167223
417510,3,1,177544,47665,42026,129879,251350,0,0,0,0,0.102525
417511,9,2,192416,52768,46462,139635,280089,1,0,0,0,0.171641
417514,9,1,178444,48366,42735,130078,255219,0,0,0,0,0.0768895
417519,9,1,169157,45292,39503,123865,238253,0,0,0,0,0.057692
417520,9,2,240107,65741,57859,174353,349796,1,0,0,0,0.175611
417521,9,2,164275,44693,39292,119569,236983,1,0,0,0,0.170674
417522,18,1,178008,48322,42527,129686,255826,0,0,0,0,0.0647749
417524,9,1,169211,44843,39323,124368,232072,0,0,0,0,0.0834602
417525,18,1,195977,54428,47832,141549,289013,0,0,0,0,0.0766681
417528,18,1,189419,52312,45637,137107,277648,0,0,0,0,0.0642456
417529,9,1,154981,41168,35598,113813,216761,0,0,0,0,0.058802
417550,3,1,158372,41768,36319,116604,217786,0,0,0,0,0.0812304
417551,9,2,263411,73088,64179,190310,388529,1,0,0,0,0.161342
417554,9,2,281126,78392,69566,202721,415342,1,0,0,0,0.16194
417559,9,1,151807,40567,35187,111240,213029,0,0,0,0,0.0578747
417560,3,1,198588,54027,48085,144561,284256,0,0,0,0,0.106088
417561,9,1,201230,54281,47411,146949,283977,0,0,0,0,0.0668115
417564,9,1,192652,52302,45624,140350,273915,0,0,0,0,0.0566336
417569,9,1,195802,52210,45605,143592,270726,0,0,0,0,0.0582358
417570,3,1,198147,53899,47979,144248,283564,0,0,0,0,0.079125
417571,9,2,213356,59190,52296,154153,313717,1,0,0,0,0.176077
417574,9,2,232285,65804,58331,166468,351321,1,0,0,0,0.143047
417579,9,1,184070,49089,42806,134981,256207,0,0,0,0,0.0571507
417580,9,1,186402,50023,43755,136379,261831,0,0,0,0,0.0567205
417581,9,2,188140,51820,45838,136307,274439,1,0,0,0,0.16706
417582,18,1,189703,51991,45589,137712,274650,0,0,0,0,0.0578834
417584,9,1,161703,43186,37485,118517,226275,0,0,0,0,0.0604356
417585,18,1,203616,55765,48769,147851,293784,0,0,0,0,0.062339
417588,18,1,196673,53172,46240,143501,279270,0,0,0,0,0.0596803
417589,9,1,162513,43262,37680,119251,226892,0,0,0,0,0.0613954
417610,3,1,197099,52686,46340,144413,274225,0,0,0,0,0.0832891
417611,9,1,195450,51969,45280,143481,270160,0,0,0,0,0.0665605
417614,9,1,196533,53191,46503,143342,278599,0,0,0,0,0.0638504
417619,9,1,196607,52814,46011,143793,275063,0,0,0,0,0.065892
417620,3,1,196833,52633,46308,144200,273984,0,0,0,0,0.0865989
417621,9,2,209817,57719,50939,152086,304806,1,0,0,0,0.148138
417624,9,2,222933,62533,55222,160388,332392,1,0,0,0,0.153031
417629,9,1,197959,52988,46501,144971,276105,0,0,0,0,0.0676117
417630,9,2,174353,47042,41226,127298,248603,1,0,0,0,0.179932
417631,9,2,182273,49430,43418,132830,260959,1,0,0,0,0.163664
417634,9,1,180587,48982,42458,131605,257174,0,0,0,0,0.0615162
417635,18,1,216796,60144,52375,156652,317736,0,0,0,0,0.0811228
417638,18,1,218728,60575,53552,158153,319049,0,0,0,0,0.0904255
417639,9,1,199323,55181,48455,144142,290583,0,0,0,0,0.0760853
417642,18,1,192813,52088,45410,140725,272884,0,0,0,0,0.0598422
417660,3,1,170421,43876,38181,126545,224511,0,0,0,0,0.0826378
417661,9,1,167031,43655,37744,123376,224952,0,0,0,0,0.0582204
417664,9,1,191275,50742,44284,140533,261807,0,0,0,0,0.0745311
417669,9,2,242061,65003,57138,177046,340468,1,0,0,0,0.208221
417670,9,1,200331,53350,46185,146981,274439,0,0,0,0,0.0679967
417671,9,1,195516,52749,45553,142767,274657,0,0,0,0,0.0717602
417674,9,2,225325,63173,55980,162139,335608,1,0,0,0,0.202774
417679,9,1,191523,51336,45057,140187,266804,0,0,0,0,0.0801716
417682,18,1,205897,55267,47845,150630,287016,0,0,0,0,0.0647368
417685,18,1,219773,59886,51951,159887,313678,0,0,0,0,0.0693445
417688,18,1,206994,56030,49106,150964,292219,0,0,0,0,0.0679867
417700,9,1,210087,55520,48440,154567,283448,0,0,0,0,0.0763623
417701,9,1,190876,51841,45114,139035,269636,0,0,0,0,0.0602361
417704,9,1,201038,55614,48436,145424,293257,0,0,0,0,0.0632607
417709,9,1,181076,49021,43098,132055,257190,0,0,0,0,0.0705599
417722,18,1,191488,51121,44121,140367,265649,0,0,0,0,0.0820929
417725,18,1,220201,60912,52972,159289,320777,0,0,0,0,0.0924909
417728,18,1,200764,54745,47964,146019,287046,0,0,0,0,0.0897547
417750,9,1,157890,41014,35544,116876,210844,0,0,0,0,0.0616854
417751,9,2,163999,43584,37928,120402,228882,1,0,0,0,0.141961
417752,9,2,159645,42179,36806,117453,221599,1,0,0,0,0.184164
417753,9,1,152701,39378,33839,113323,203098,0,0,0,0,0.0557665
417754,9,1,187419,49719,43295,137700,258947,0,0,0,0,0.0590583
417755,9,2,203873,55497,48857,148363,292909,1,0,0,0,0.141844
417756,9,1,186479,50377,43973,136102,262042,0,0,0,0,0.0627593
417757,9,2,193004,52289,45694,140703,275882,1,0,0,0,0.160948
417758,9,2,204182,55339,48450,148830,292309,1,0,0,0,0.190636
417759,9,2,203727,55003,47987,148711,290012,1,0,0,0,0.163095
417760,9,1,129506,34444,29418,95062,182859,0,0,0,0,0.0561314
417761,9,1,145670,38596,33231,107074,203791,0,0,0,0,0.055824
417764,9,1,157618,41505,35988,116113,216197,0,0,0,0,0.0548142
417769,9,1,160642,43526,37993,117116,230618,0,0,0,0,0.0862148
417770,9,1,146168,38720,33698,107448,201750,0,0,0,0,0.0664418
417771,9,1,163677,43316,37852,120361,224695,0,0,0,0,0.0801412
417774,9,2,201702,55198,48813,146491,291174,1,0,0,0,0.155615
417779,9,1,178980,47438,41591,131542,246415,0,0,0,0,0.106461
417780,9,1,155648,41717,36288,113931,220573,0,0,0,0,0.0842086
417781,9,2,162369,43702,38438,118654,231086,1,0,0,0,0.171498
417784,9,1,155963,41288,35790,114675,216476,0,0,0,0,0.0545662
417789,9,1,180512,47560,41006,132952,244858,0,0,0,0,0.0604807
417790,9,1,155636,41735,36356,113901,220702,0,0,0,0,0.0575175
417791,9,2,165186,44512,39141,120661,235101,1,0,0,0,0.175053
417794,9,1,161126,42974,37389,118152,225384,0,0,0,0,0.0563194
417799,9,1,166128,43619,37753,122509,225778,0,0,0,0,0.0746794
417800,9,2,156768,42144,36880,114612,222944,1,0,0,0,0.162705
417801,9,2,165226,44693,39211,120521,236116,1,0,0,0,0.201999
417804,9,1,167231,44578,38885,122653,231916,0,0,0,0,0.0613039
417809,9,1,165893,44316,38271,121577,230773,0,0,0,0,0.0735092
417830,9,1,137636,35992,30974,101644,187747,0,0,0,0,0.0586334
417831,9,1,153303,40388,34794,112915,210723,0,0,0,0,0.0543831
417834,9,1,161866,42088,36465,119778,216524,0,0,0,0,0.0538185
417839,9,1,165427,44003,38422,121424,229759,0,0,0,0,0.0745642
417840,9,1,165828,44454,38490,121374,233694,0,0,0,0,0.0572486
417841,9,2,253596,69641,61037,183943,368690,1,0,0,0,0.179706
417844,9,1,170243,45804,40161,124439,240009,0,0,0,0,0.0720193
417849,9,1,181376,47349,40983,134027,243201,0,0,0,0,0.0833831
417850,9,1,165807,44451,38487,121356,233673,0,0,0,0,0.0778145
417851,9,2,265206,72816,64293,192378,384007,1,0,0,0,0.191867
417854,9,1,172682,46927,40927,125755,247265,0,0,0,0,0.0670543
417859,9,1,166424,43956,38286,122468,228856,0,0,0,0,0.0673799
417860,9,2,174297,47069,40978,127216,248185,1,0,0,0,0.140979
417861,9,2,184497,50037,43887,134448,263507,1,0,0,0,0.139165
417864,9,1,163253,43820,38082,119433,229984,0,0,0,0,0.0603732
417869,9,1,160731,42797,37008,117934,223869,0,0,0,0,0.0602356
417890,9,1,166501,44051,37805,122450,229253,0,0,0,0,0.0572319
417891,9,2,242104,65641,57331,176451,346048,1,0,0,0,0.144435
417894,9,1,196734,54190,47774,142544,284076,0,0,0,0,0.0699982
417899,9,1,187000,50094,43513,136906,261154,0,0,0,0,0.0632922
417900,9,1,166088,43953,37734,122135,228749,0,0,0,0,0.0544679
417901,9,2,262717,71613,62921,191092,376400,1,0,0,0,0.153236
417904,9,1,197090,54395,47748,142695,286015,0,0,0,0,0.0663512
417909,9,1,186384,50469,44048,135915,264015,0,0,0,0,0.059586
417910,9,2,171965,46527,40602,125425,245050,1,0,0,0,0.129785
417911,9,2,180363,48638,42332,131713,255611,1,0,0,0,0.135364
417914,9,1,191695,52822,46512,138873,278318,0,0,0,0,0.0663863
417919,9,1,182208,49082,42966,133126,256372,0,0,0,0,0.0617071
417940,9,1,145614,37566,31976,108048,192797,0,0,0,0,0.0539572
417941,9,1,160437,41250,35825,119187,212949,0,0,0,0,0.0533586
417944,9,1,195484,51603,45121,143881,265973,0,0,0,0,0.060602
417949,9,2,249599,67414,59170,182173,352876,1,0,0,0,0.151196
417950,9,2,205682,56555,49535,149114,297905,1,0,0,0,0.147212
417951,9,2,257626,70654,62047,186960,373409,1,0,0,0,0.154282
417954,9,2,225152,63077,56032,162063,334566,1,0,0,0,0.150014
417959,9,1,170175,44548,38588,125627,229436,0,0,0,0,0.0601311
417980,9,2,207310,56907,50137,150390,298932,1,0,0,0,0.147223
417981,9,2,300262,81629,71414,218620,428774,1,0,0,0,0.168207
417984,9,2,314952,86977,76210,227963,459243,1,0,0,0,0.168917
417989,9,1,158523,41816,36200,116707,217767,0,0,0,0,0.0534829
418030,9,1,176986,45868,39796,131118,235083,0,0,0,0,0.0810487
418031,9,1,178825,45737,39097,133088,231321,0,0,0,0,0.0654218
418032,9,1,168157,43458,37063,124699,222396,0,0,0,0,0.0830207
418033,9,1,165199,43300,37107,121899,223279,0,0,0,0,0.0632188
418034,9,1,186491,49160,42488,137331,253823,0,0,0,0,0.059934
418035,9,1,197970,51963,44918,146007,265881,0,0,0,0,0.0620305
418036,9,1,201665,52353,45147,149312,265963,0,0,0,0,0.0629563
418037,9,2,242656,65334,57269,177310,342479,1,0,0,0,0.166374
418038,9,2,247062,66533,58093,180517,348813,1,0,0,0,0.180965
418039,9,2,246031,65984,57680,180035,345308,1,0,0,0,0.157097
418322,18,1,168186,46543,40242,121643,248911,0,0,0,0,0.0640322
418325,18,1,179701,49508,42717,130193,263431,0,0,0,0,0.063329
418328,18,1,174422,47326,40967,127096,249284,0,0,0,0,0.0674562
418332,18,1,193611,53625,47094,139986,283085,0,0,0,0,0.0745202
418335,18,1,198372,54410,47868,143962,285302,0,0,0,0,0.0719698
418338,18,1,186151,49191,42794,136960,254026,0,0,0,0,0.0598033
418342,18,1,161351,43519,37734,117832,230285,0,0,0,0,0.0539588
418345,18,1,181271,48516,42316,132755,254557,0,0,0,0,0.0529039
418348,18,2,206621,57383,50684,149225,305462,1,0,0,0,0.140899
418352,18,1,171999,46160,40228,125839,242672,0,0,0,0,0.0576008
418355,18,1,184551,49642,43406,134909,261442,0,0,0,0,0.0533622
418358,18,2,194836,54128,47649,140695,289068,1,0,0,0,0.138768
418362,18,1,165489,43842,38436,121647,229010,0,0,0,0,0.0677453
418365,18,1,188531,51965,45902,136566,275215,0,0,0,0,0.0703025
418368,18,1,187122,51866,45552,135256,275493,0,0,0,0,0.0761743
418370,18,1,158465,42140,36846,116325,221866,0,0,0,0,0.0624401
418371,18,1,168810,44448,38988,124362,231461,0,0,0,0,0.0603355
418372,18,1,162476,41851,37007,120625,215021,0,0,0,0,0.0562977
418373,18,1,182898,49231,43783,133667,260308,0,0,0,0,0.0922534
418374,18,1,174672,46241,40525,128431,241389,0,0,0,0,0.0713046
418375,18,1,177155,47370,41626,129785,249124,0,0,0,0,0.0581085
418376,18,1,187754,50052,43789,137702,261701,0,0,0,0,0.0675902
418377,18,1,176454,47042,40722,129412,245997,0,0,0,0,0.07218
418378,18,1,177044,47572,41696,129472,250396,0,0,0,0,0.0709098
418379,18,1,163496,43940,37819,119556,232081,0,0,0,0,0.072601
418392,18,1,184038,50876,44394,133162,269322,0,0,0,0,0.0819575
418395,18,1,194885,53550,46878,141335,282129,0,0,0,0,0.0862381
418398,18,1,180686,48190,42027,132496,250108,0,0,0,0,0.0808433
418402,18,1,193253,51992,45624,141261,272453,0,0,0,0,0.0592282
418405,18,1,200807,54022,46754,146785,282680,0,0,0,0,0.0566946
418408,18,1,203938,54866,47461,149072,286110,0,0,0,0,0.0575013
418412,18,1,200454,53567,47247,146887,279056,0,0,0,0,0.0598754
418415,18,1,197845,53210,46175,144635,279329,0,0,0,0,0.0565994
418418,18,1,193196,52191,45195,141005,274169,0,0,0,0,0.0558351
418422,18,1,179011,47218,41555,131793,244399,0,0,0,0,0.0737687
418425,18,1,204188,55843,49039,148345,295256,0,0,0,0,0.0674498
418428,18,1,201571,55196,48186,146375,291809,0,0,0,0,0.0784356
418430,18,1,184754,49769,43334,134985,261530,0,0,0,0,0.0569016
418431,18,1,198143,52957,46253,145186,275955,0,0,0,0,0.0589557
418432,18,1,188147,49370,42833,138777,254565,0,0,0,0,0.0563145
418433,18,1,195705,52979,47129,142726,278789,0,0,0,0,0.0730335
418434,18,1,185699,49293,42930,136406,256791,0,0,0,0,0.0589905
418435,18,1,187778,49726,43119,138052,259281,0,0,0,0,0.0581949
418436,18,1,204016,54473,47339,149543,283782,0,0,0,0,0.0589054
418437,18,1,188080,49950,43264,138130,259304,0,0,0,0,0.0596993
418438,18,1,190870,51003,44411,139867,266618,0,0,0,0,0.0621628
418439,18,1,182282,48751,42182,133531,255512,0,0,0,0,0.0688137
418452,18,1,175437,46409,40245,129028,240827,0,0,0,0,0.0744508
418455,18,1,206508,55829,48240,150679,292557,0,0,0,0,0.0694325
418458,18,1,209775,56886,49595,152889,298177,0,0,0,0,0.065992
418462,18,1,188578,49792,43521,138786,256837,0,0,0,0,0.0592734
418465,18,1,203473,55115,47459,148358,289369,0,0,0,0,0.0643059
418468,18,1,211202,57238,49872,153964,300020,0,0,0,0,0.0675168
418472,18,1,176675,46753,40679,129922,241419,0,0,0,0,0.074596
418475,18,1,222835,61370,53799,161465,324111,0,0,0,0,0.0687433
418478,18,1,224106,61427,54051,162679,323510,0,0,0,0,0.0682783
418480,18,1,191053,51233,44291,139820,267637,0,0,0,0,0.0596872
418481,18,1,200927,53704,46814,147223,278988,0,0,0,0,0.0711135
418482,18,1,182645,47477,41041,135168,243861,0,0,0,0,0.054389
418484,18,1,183885,49415,42945,134470,258759,0,0,0,0,0.0581142
418485,18,1,200624,54284,47658,146340,284415,0,0,0,0,0.0598263
418486,18,2,283455,78862,69280,204580,418104,1,0,0,0,0.152267
418487,18,2,273073,76075,67155,196985,403652,1,0,0,0,0.189132
418488,18,2,276988,76874,67629,200101,407984,1,0,0,0,0.152362
418489,18,1,203824,55363,48398,148461,290355,0,0,0,0,0.0623761
418493,18,1,200086,53611,47371,146475,279659,0,0,0,0,0.0764123
418502,18,1,179628,46208,40077,133420,236563,0,0,0,0,0.0524527
418505,18,1,191539,50727,44127,140812,263384,0,0,0,0,0.0567339
418508,18,1,186894,49392,43247,137502,256152,0,0,0,0,0.0598528
418512,18,1,179728,46751,40617,132977,240805,0,0,0,0,0.0516929
418515,18,1,200228,53332,46632,146896,278105,0,0,0,0,0.0585884
418518,18,1,189854,50441,44410,139413,262548,0,0,0,0,0.0595336
418520,18,1,200758,53955,46712,146803,280213,0,0,0,0,0.0657991
418521,18,1,201081,53366,46389,147715,276234,0,0,0,0,0.0608518
418522,18,1,203753,54165,47059,149588,280988,0,0,0,0,0.0584545
418524,18,2,233526,65982,58271,167531,350934,1,0,0,0,0.201194
418525,18,1,222315,60142,52432,162173,313605,0,0,0,0,0.0701244
418528,18,1,203094,54022,47307,149072,280375,0,0,0,0,0.0747534
418529,18,1,204089,54684,47788,149405,284552,0,0,0,0,0.0647141
418533,18,1,206664,55585,47986,151079,288896,0,0,0,0,0.0605699
418536,18,1,210115,56951,49623,153164,298288,0,0,0,0,0.0684987
418537,18,1,197487,53611,47271,143876,281241,0,0,0,0,0.0659121
418542,18,1,175361,45895,39665,129466,237588,0,0,0,0,0.0514176
418545,18,1,201353,54004,47460,147349,282155,0,0,0,0,0.0763964
418548,18,1,187577,50151,43871,137426,261365,0,0,0,0,0.0778302
418550,18,1,204390,54513,47501,149877,281092,0,0,0,0,0.0640436
418551,18,1,198054,52767,45558,145287,272769,0,0,0,0,0.0760973
418554,18,1,206831,56082,48385,150749,293463,0,0,0,0,0.0630895
418559,18,1,191971,51421,45336,140550,268472,0,0,0,0,0.0580845
418562,18,1,193467,51311,44186,142156,266590,0,0,0,0,0.0560497
418563,18,1,192019,51362,44395,140657,267512,0,0,0,0,0.0567506
418565,18,1,221303,59612,51850,161691,310674,0,0,0,0,0.0614613
418566,18,1,208525,56586,49566,151939,296409,0,0,0,0,0.061433
418567,18,1,188853,51303,45088,137550,269435,0,0,0,0,0.0651517
418568,18,1,199055,52895,46265,146160,274579,0,0,0,0,0.0632036
418580,18,1,190339,50143,43307,140196,256828,0,0,0,0,0.067805
418581,18,1,194563,51709,44172,142854,265976,0,0,0,0,0.0573408
418582,18,1,187622,49806,42689,137816,257821,0,0,0,0,0.0557213
418583,18,1,177850,47284,40650,130566,245934,0,0,0,0,0.0594576
418584,18,1,204972,55981,48198,148991,294241,0,0,0,0,0.0626257
418585,18,1,212281,57845,50004,154436,302065,0,0,0,0,0.0625636
418586,18,1,198951,53242,46434,145709,276213,0,0,0,0,0.0615001
418587,18,1,177250,47455,41563,129795,248139,0,0,0,0,0.0644917
418588,18,1,191109,51057,44612,140052,265367,0,0,0,0,0.0615809
418589,18,1,191063,51063,44594,140000,265460,0,0,0,0,0.0591257
418880,6,1,181988,48177,42388,133811,253119,0,0,0,0,0.102299
418881,18,1,179886,48976,42306,130910,260024,0,0,0,0,0.0726806
418884,18,1,207494,58091,51602,149403,310641,0,0,0,0,0.0737319
418889,18,1,191909,53547,47197,138362,286523,0,0,0,0,0.0693449
418890,6,1,180786,48807,42825,131979,258384,0,0,0,0,0.0771548
418891,18,1,177623,48518,41503,129105,258040,0,0,0,0,0.057451
418894,18,1,203820,56852,50010,146968,303017,0,0,0,0,0.0580692
418899,18,1,186529,51869,45068,134660,277267,0,0,0,0,0.0563781
418900,6,1,180698,48780,42809,131918,258238,0,0,0,0,0.0725691
418901,18,1,177635,48508,41486,129127,257996,0,0,0,0,0.0597375
418904,18,1,203926,56873,50025,147053,303111,0,0,0,0,0.0591643
418909,18,1,186311,51792,45023,134519,276839,0,0,0,0,0.0584853
418910,6,1,180715,48785,42830,131930,258261,0,0,0,0,0.072048
418911,18,1,196907,55595,47863,141312,297739,0,0,0,0,0.0626494
418914,18,1,221332,62728,54716,158604,334798,0,0,0,0,0.0676251
418919,18,1,170980,46949,40406,124031,250845,0,0,0,0,0.0731046
418920,18,1,154719,41619,35871,113100,220861,0,0,0,0,0.0525759
418921,18,1,179163,49154,42900,130009,262414,0,0,0,0,0.0535464
418924,18,1,201866,55955,49000,145911,298612,0,0,0,0,0.0581944
418929,18,1,191619,52673,45861,138946,280793,0,0,0,0,0.0716846
418942,36,1,182084,50020,43250,132064,266955,0,0,0,0,0.0580385
418945,36,1,197901,54785,47339,143116,292897,0,0,0,0,0.0633204
418948,36,1,197688,54172,47202,143516,287625,0,0,0,0,0.0782103
418950,6,1,178394,47088,41470,131306,245820,0,0,0,0,0.0675853
418951,18,1,182152,49056,42820,133096,257746,0,0,0,0,0.054434
418954,18,1,209486,57186,50335,152300,299120,0,0,0,0,0.0669807
418959,18,1,173041,46120,40610,126921,239842,0,0,0,0,0.0498603
418960,6,1,178412,47078,41463,131334,245772,0,0,0,0,0.0753581
418961,18,1,182255,49066,42818,133189,257801,0,0,0,0,0.055895
418964,18,1,210117,57356,50463,152761,299962,0,0,0,0,0.0650771
418969,18,1,173293,46178,40670,127115,240119,0,0,0,0,0.0724921
418970,6,1,178480,47097,41469,131383,245880,0,0,0,0,0.0977496
418971,18,2,226529,63128,55584,163389,336363,1,0,0,0,0.147756
418974,18,2,230129,64200,56800,165917,341995,1,0,0,0,0.138262
418979,18,1,165062,43459,37880,121603,227252,0,0,0,0,0.0529574
418980,18,1,151669,39830,34513,111839,208182,0,0,0,0,0.0564482
418981,18,1,172789,45897,40509,126892,240233,0,0,0,0,0.0513533
418984,18,1,192095,51613,45445,140482,270673,0,0,0,0,0.0543273
418989,18,1,182726,49202,43124,133524,258463,0,0,0,0,0.0798971
419002,36,1,191343,52109,45499,139234,275068,0,0,0,0,0.0552524
419005,36,1,202024,55141,48277,146883,290567,0,0,0,0,0.0571208
419008,36,1,201519,54814,47842,146705,287999,0,0,0,0,0.0581844
419010,6,1,190770,50541,44987,140229,264263,0,0,0,0,0.0703887
419011,18,1,169883,44628,39296,125255,233613,0,0,0,0,0.0598585
419014,18,1,216833,59219,52261,157614,309830,0,0,0,0,0.0664852
419019,18,1,205818,55016,48453,150802,286482,0,0,0,0,0.0759641
419020,6,1,190737,50535,44977,140202,264233,0,0,0,0,0.0822023
419021,18,1,188831,50238,44320,138593,262763,0,0,0,0,0.0632513
419024,18,1,198485,53232,46886,145253,278760,0,0,0,0,0.0585761
419029,18,1,182467,48197,42458,134270,251861,0,0,0,0,0.0506654
419030,18,1,175229,46326,40440,128903,242315,0,0,0,0,0.0537671
419031,18,1,210033,56618,49514,153415,296442,0,0,0,0,0.0593013
419034,18,1,187023,50816,44329,136207,267751,0,0,0,0,0.0552322
419039,18,1,193270,52038,45768,141232,272978,0,0,0,0,0.0541142
419052,36,1,187748,49819,43749,137929,261109,0,0,0,0,0.0559657
419055,36,1,209777,57190,50238,152587,302082,0,0,0,0,0.0585838
419058,36,1,202854,54897,48195,147957,288792,0,0,0,0,0.0552615
419060,6,1,190897,50612,45052,140285,264764,0,0,0,0,0.070767
419061,18,1,207388,55062,48739,152326,285326,0,0,0,0,0.0550029
419064,18,2,265693,73471,64808,192209,389513,1,0,0,0,0.128928
419069,18,1,169090,44654,39028,124436,233518,0,0,0,0,0.0544637
419070,18,1,175548,46431,40518,129117,242975,0,0,0,0,0.0496073
419071,18,1,216023,58188,51127,157835,303745,0,0,0,0,0.0597613
419074,18,1,183274,49476,42947,133798,259730,0,0,0,0,0.0559586
419079,18,1,176534,46985,41043,129549,245769,0,0,0,0,0.051316
419092,36,1,198024,52862,46468,145162,277013,0,0,0,0,0.0569683
419095,36,1,206440,56051,48893,150389,294900,0,0,0,0,0.0529747
419098,36,1,190864,51360,45147,139504,269876,0,0,0,0,0.0511244
419100,18,2,286200,78012,68528,208175,408982,1,0,0,0,0.130107
419101,18,2,285886,77926,68419,207947,408492,1,0,0,0,0.128432
419104,18,2,289796,78237,68964,211546,408765,1,0,0,0,0.165689
419109,18,1,163073,43073,37064,120000,225079,0,0,0,0,0.0513635
419122,36,1,192066,51191,44449,140875,267367,0,0,0,0,0.0704488
419125,36,1,198740,53452,46720,145288,278939,0,0,0,0,0.0590287
419128,36,1,189616,51418,44893,138198,270453,0,0,0,0,0.0640563
419150,18,1,174497,45240,39727,129257,233519,0,0,0,0,0.0512684
419151,18,1,174537,45266,39739,129271,233687,0,0,0,0,0.0525452
419152,18,1,169131,43809,38146,125322,227965,0,0,0,0,0.0525298
419153,18,1,193321,51579,45894,141742,269881,0,0,0,0,0.0855619
419154,18,1,174982,45196,39532,129786,231593,0,0,0,0,0.0610638
419155,18,1,175281,46093,39765,129188,239366,0,0,0,0,0.0518499
419156,18,1,197694,51697,45187,145997,266197,0,0,0,0,0.0563941
419157,18,1,165476,43765,38179,121711,228956,0,0,0,0,0.0476283
419158,18,1,180466,47115,41315,133351,243988,0,0,0,0,0.0529972
419159,18,1,174568,45708,40122,128860,238005,0,0,0,0,0.051284
419170,6,1,206614,57084,50348,149530,302248,0,0,0,0,0.0757633
419171,18,1,199547,55708,48117,143839,296172,0,0,0,0,0.0925665
419174,18,2,242160,67725,60473,174422,363130,1,0,0,0,0.183213
419179,18,2,249858,69954,62345,179891,375075,1,0,0,0,0.188833
419180,6,1,206534,57033,50349,149501,301893,0,0,0,0,0.0782115
419181,18,1,199523,55667,48078,143856,295902,0,0,0,0,0.0802455
419184,18,2,242138,67710,60453,174415,363036,1,0,0,0,0.136348
419189,18,2,249844,69941,62345,179890,375000,1,0,0,0,0.133485
419190,6,1,206477,57024,50353,149453,301846,0,0,0,0,0.075454
419191,18,1,223371,63831,55161,159540,340592,0,0,0,0,0.0633344
419194,18,1,238052,67493,58935,170559,358096,0,0,0,0,0.0664431
419199,18,1,188876,52431,45193,136445,278635,0,0,0,0,0.0555098
419200,18,1,179749,49242,42654,130507,260870,0,0,0,0,0.0533147
419201,18,1,197354,54716,47909,142638,290721,0,0,0,0,0.0581225
419204,18,1,213918,59078,51811,154840,312085,0,0,0,0,0.0592343
419209,18,1,207689,58157,51048,149532,309081,0,0,0,0,0.0722464
419222,36,1,206760,57781,50210,148979,307969,0,0,0,0,0.0611213
419225,36,1,216787,60381,52446,156406,320936,0,0,0,0,0.0626178
419228,36,1,214112,59301,51372,154811,313592,0,0,0,0,0.0644858
419230,6,1,189545,51404,45433,138141,272309,0,0,0,0,0.0852632
419231,18,1,190005,52347,45751,137658,278815,0,0,0,0,0.0617708
419234,18,1,219563,61226,54262,158337,325265,0,0,0,0,0.0718013
419239,18,1,185017,50252,44299,134765,265568,0,0,0,0,0.0625177
419240,6,1,189580,51390,45429,138190,272229,0,0,0,0,0.0945561
419241,18,1,189760,52260,45685,137500,278296,0,0,0,0,0.0862048
419244,18,1,220030,61371,54372,158659,326044,0,0,0,0,0.0827918
419249,18,1,185184,50272,44329,134912,265615,0,0,0,0,0.0579108
419250,6,1,189671,51425,45480,138246,272406,0,0,0,0,0.0806228
419251,18,2,248482,69957,61838,178512,375160,1,0,0,0,0.134658
419254,18,2,222864,62374,55840,160477,333140,1,0,0,0,0.140427
419259,18,1,178284,48054,42213,130230,254412,0,0,0,0,0.0617016
419260,18,1,161110,43478,37780,117632,230334,0,0,0,0,0.0531322
419261,18,1,175039,47489,41749,127550,252083,0,0,0,0,0.0553009
419264,18,1,191029,51909,45938,139120,274320,0,0,0,0,0.055301
419269,18,1,194558,53117,47132,141441,281934,0,0,0,0,0.0711286
419282,36,1,192072,53159,46790,138913,284107,0,0,0,0,0.0580707
419285,36,1,204754,56790,49935,147964,303238,0,0,0,0,0.0606726
419288,36,1,210692,58170,50960,152522,308923,0,0,0,0,0.0612187
419290,6,1,196627,52863,46636,143764,278164,0,0,0,0,0.0765391
419291,18,1,176772,47463,41585,129309,250073,0,0,0,0,0.0557962
419294,18,1,217771,59670,52578,158101,313193,0,0,0,0,0.0634353
419299,18,1,199738,54299,47670,145439,284417,0,0,0,0,0.0579222
419300,6,1,196573,52850,46641,143723,278077,0,0,0,0,0.0735989
419301,18,1,187615,50254,44586,137361,263595,0,0,0,0,0.0528887
419304,18,1,206071,56004,49000,150067,294088,0,0,0,0,0.0560336
419309,18,1,191575,51922,45716,139653,273099,0,0,0,0,0.0554491
419310,18,1,178837,47871,41409,130966,251485,0,0,0,0,0.0554678
419311,18,1,211193,57180,49845,154013,300248,0,0,0,0,0.0653335
419314,18,1,199579,54700,47710,144879,289374,0,0,0,0,0.0572538
419319,18,1,192126,52365,45664,139761,275764,0,0,0,0,0.0578963
419332,36,1,191699,51706,44919,139993,272703,0,0,0,0,0.0573618
419335,36,1,212909,58835,51000,154074,311877,0,0,0,0,0.0566526
419338,36,1,214701,59354,52069,155347,314899,0,0,0,0,0.0792437
419340,6,1,196667,52897,46683,143770,278400,0,0,0,0,0.0779945
419341,18,1,206427,55300,48797,151127,288052,0,0,0,0,0.0588369
419344,18,2,261975,73574,65130,188388,392839,1,0,0,0,0.133419
419349,18,1,193647,52817,46230,140830,277994,0,0,0,0,0.0550988
419350,18,1,179144,47966,41456,131178,252046,0,0,0,0,0.056211
419351,18,1,218157,59135,51520,159022,309331,0,0,0,0,0.0619881
419354,18,1,195854,53849,46970,142005,284600,0,0,0,0,0.0562443
419359,18,2,259894,73358,64504,186524,392949,1,0,0,0,0.128204
419372,36,1,198877,53683,46742,145194,282541,0,0,0,0,0.0603613
419375,36,1,209336,57817,50231,151519,306180,0,0,0,0,0.0573785
419378,36,1,213786,58998,51839,154788,312444,0,0,0,0,0.057751
419380,18,2,271746,75217,65949,196516,398469,1,0,0,0,0.130228
419381,18,2,271539,75167,65918,196359,398194,1,0,0,0,0.148112
419384,18,1,185971,50732,44503,135239,266163,0,0,0,0,0.0581337
419389,18,2,253819,70586,62229,183221,374868,1,0,0,0,0.150024
419402,36,1,195990,52100,45255,143890,272192,0,0,0,0,0.0564612
419405,36,1,206658,57045,49551,149613,301473,0,0,0,0,0.0544418
419408,36,1,208447,57816,50400,150631,305556,0,0,0,0,0.0586598
419430,18,1,176770,46475,40979,130295,241384,0,0,0,0,0.0570158
419431,18,1,176299,46326,40835,129973,240555,0,0,0,0,0.0632896
419432,18,1,176645,46670,40879,129975,244336,0,0,0,0,0.0577124
419433,18,1,195791,52504,46414,143287,275720,0,0,0,0,0.0713348
419434,18,1,173299,46560,40572,126739,243357,0,0,0,0,0.0529825
419435,18,1,185131,50216,43529,134915,264356,0,0,0,0,0.0536977
419436,18,1,195874,52905,46223,142969,277620,0,0,0,0,0.0534352
419437,18,1,188256,51301,44647,136955,270538,0,0,0,0,0.0523267
419438,18,1,201443,54882,48398,146561,288420,0,0,0,0,0.0529078
419439,18,2,239470,66119,58673,173340,349964,1,0,0,0,0.120361
419460,6,1,199999,55139,48488,144860,293380,0,0,0,0,0.0791606
419461,18,1,175257,48139,41735,127118,256486,0,0,0,0,0.0548552
419464,18,1,213808,59885,52112,153923,318690,0,0,0,0,0.0662047
419469,18,1,221923,62306,54569,159617,331787,0,0,0,0,0.0621437
419470,6,1,199813,55048,48399,144765,292867,0,0,0,0,0.0813479
419471,18,1,195377,53947,47421,141430,287181,0,0,0,0,0.0571673
419474,18,1,205761,57301,49965,148460,305136,0,0,0,0,0.0636472
419479,18,1,209730,58248,50690,151482,309111,0,0,0,0,0.0613952
419480,18,1,184453,50462,44106,133991,268199,0,0,0,0,0.0577358
419481,18,1,198960,54403,47436,144557,286968,0,0,0,0,0.0626759
419484,18,2,370842,103780,91041,267049,555700,1,0,0,0,0.201755
419489,18,1,218054,60437,52456,157617,318889,0,0,0,0,0.0727842
419502,36,1,189607,52001,45785,137606,277339,0,0,0,0,0.0607836
419505,36,1,216332,60413,52334,155919,322975,0,0,0,0,0.0602744
419508,36,1,216414,60393,52432,156021,321219,0,0,0,0,0.0588116
419520,6,1,216458,60685,53684,155773,324236,0,0,0,0,0.0770304
419521,18,1,197032,54165,47057,142867,288325,0,0,0,0,0.0673132
419524,18,1,221578,61994,53931,159584,330206,0,0,0,0,0.0796446
419529,18,1,224725,61758,53769,162967,327435,0,0,0,0,0.0605415
419530,6,1,216207,60604,53651,155603,323752,0,0,0,0,0.0777801
419531,18,2,345876,97649,86161,248214,522617,1,0,0,0,0.153834
419534,18,1,207225,57419,50121,149806,305501,0,0,0,0,0.0629197
419539,18,2,262747,73876,65401,188858,396295,1,0,0,0,0.128513
419540,18,1,191829,53379,46050,138450,285218,0,0,0,0,0.0576312
419541,18,1,209714,58023,50415,151691,308394,0,0,0,0,0.0599477
419544,18,1,185893,50844,44847,135049,270243,0,0,0,0,0.0704569
419549,18,1,206037,56947,49803,149090,302183,0,0,0,0,0.0758682
419562,36,1,206330,56877,49521,149453,302582,0,0,0,0,0.0824315
419565,36,1,213846,59104,51426,154742,315142,0,0,0,0,0.06505
419568,36,1,217918,60536,52878,157382,321637,0,0,0,0,0.0603702
419570,6,1,205668,57016,50342,148652,301868,0,0,0,0,0.0820145
419571,18,1,186551,50641,44049,135910,266753,0,0,0,0,0.0575224
419574,18,1,211729,58301,50963,153428,307140,0,0,0,0,0.0599397
419579,18,1,206170,56276,49132,149894,295896,0,0,0,0,0.0598423
419580,6,1,205590,56992,50323,148598,301732,0,0,0,0,0.0804069
419581,18,2,210326,58676,51937,151637,313536,1,0,0,0,0.134748
419584,18,2,269631,75981,67530,193637,407288,1,0,0,0,0.143723
419589,18,1,211151,58303,50872,152848,308560,0,0,0,0,0.0658017
419590,18,1,181246,49705,42990,131541,263228,0,0,0,0,0.0659181
419591,18,1,199338,54346,47520,144992,286026,0,0,0,0,0.0603805
419594,18,1,190176,51832,45294,138344,274203,0,0,0,0,0.0848854
419599,18,1,198039,54818,47838,143221,290333,0,0,0,0,0.0812431
419612,36,1,192611,52211,45230,140400,275349,0,0,0,0,0.0559775
419615,36,1,210035,58125,50901,151910,308849,0,0,0,0,0.0571446
419618,36,1,211900,58582,51087,153318,311292,0,0,0,0,0.0569865
419620,6,1,199748,54513,48143,145235,287519,0,0,0,0,0.0969354
419621,18,1,209330,58167,51101,151163,307475,0,0,0,0,0.0669891
419624,18,2,274913,77855,68551,197045,417053,1,0,0,0,0.141823
419629,18,1,206244,55914,49364,150330,293773,0,0,0,0,0.065699
419630,18,1,188663,51778,44892,136885,273473,0,0,0,0,0.0785863
419631,18,1,197254,53990,46934,143264,285084,0,0,0,0,0.0614449
419634,18,1,215967,59990,52122,155977,319078,0,0,0,0,0.0716681
419639,18,1,192856,52021,45644,140835,273825,0,0,0,0,0.0604115
419652,36,1,222480,61765,54016,160715,327407,0,0,0,0,0.0774089
419655,36,1,224749,62838,54903,161911,334456,0,0,0,0,0.0716256
419658,36,1,209117,57823,50939,151294,307014,0,0,0,0,0.0861808
419660,18,1,201973,54871,47727,147102,286526,0,0,0,0,0.0925185
419661,18,2,266046,74062,65451,191971,393119,1,0,0,0,0.14181
419664,18,2,208470,57208,50735,151250,301418,1,0,0,0,0.135883
419669,18,1,181977,49148,42844,132829,257380,0,0,0,0,0.0728585
419682,36,1,209211,57159,49692,152052,300494,0,0,0,0,0.0609823
419685,36,1,221263,61951,54203,159312,329789,0,0,0,0,0.0689176
419688,36,2,200282,55001,48598,145268,292591,1,0,0,0,0.13138
419710,18,1,182777,48862,43010,133915,254666,0,0,0,0,0.0668615
419711,18,2,218495,60457,53718,158026,319874,1,0,0,0,0.150733
419712,18,1,200927,53981,47096,146946,281791,0,0,0,0,0.0593089
419713,18,1,201770,54444,47446,147326,283920,0,0,0,0,0.0572574
419714,18,2,211425,58341,51844,153073,308252,1,0,0,0,0.163168
419715,18,1,219934,60880,53102,159054,322031,0,0,0,0,0.0581034
419716,18,2,267180,75393,66710,191774,403833,1,0,0,0,0.154527
419717,18,1,181099,48781,42927,132318,257237,0,0,0,0,0.0810653
419718,18,1,196530,53107,46991,143423,279030,0,0,0,0,0.0677995
419719,18,1,193679,51978,45683,141701,271699,0,0,0,0,0.0640066
419750,6,1,199686,55014,48368,144672,292663,0,0,0,0,0.0940448
419751,18,1,217761,60506,53472,157255,320866,0,0,0,0,0.0868362
419754,18,1,208272,58595,51075,149677,313341,0,0,0,0,0.0682315
419759,18,1,196605,54442,47245,142163,289287,0,0,0,0,0.0754788
419760,18,1,184509,50478,44115,134031,268318,0,0,0,0,0.0678533
419761,18,1,213862,59116,51884,154746,312274,0,0,0,0,0.0858566
419764,18,1,201345,55828,48773,145517,296535,0,0,0,0,0.0701991
419769,18,1,200790,55421,48263,145369,293014,0,0,0,0,0.0605141
419782,36,1,204212,56464,50050,147748,301410,0,0,0,0,0.0628355
419785,36,1,216546,60530,52387,156016,323823,0,0,0,0,0.0686497
419788,36,1,205017,56922,49444,148095,303170,0,0,0,0,0.077908
419810,6,1,216190,60601,53644,155589,323729,0,0,0,0,0.0888606
419811,18,2,368871,105095,92854,263763,563215,1,0,0,0,0.169669
419814,18,1,209904,58371,50815,151533,311157,0,0,0,0,0.0753817
419819,18,1,199726,54679,47670,145047,289560,0,0,0,0,0.0847996
419820,18,1,191794,53362,46038,138432,285098,0,0,0,0,0.0779429
419821,18,1,223521,61788,53915,161733,327832,0,0,0,0,0.0687462
419824,18,1,188640,51733,45499,136907,275306,0,0,0,0,0.0641969
419829,18,1,189139,52168,45550,136971,277522,0,0,0,0,0.0568003
419842,36,1,220254,60952,53163,159302,324243,0,0,0,0,0.0597574
419845,36,1,214764,59369,51735,155395,316747,0,0,0,0,0.0605018
419848,36,1,205739,56974,49681,148765,303369,0,0,0,0,0.0574952
419860,6,1,205666,57015,50340,148651,301864,0,0,0,0,0.114559
419861,18,2,217913,61023,54037,156877,326418,1,0,0,0,0.190763
419864,18,2,267987,75244,66984,192730,402762,1,0,0,0,0.166651
419869,18,1,213797,59138,51649,154659,313153,0,0,0,0,0.0674182
419870,18,1,181273,49716,43000,131557,263294,0,0,0,0,0.0649347
419871,18,2,290438,81264,71398,209161,434577,1,0,0,0,0.179508
419874,18,1,195285,53543,46533,141742,283740,0,0,0,0,0.0888338
419879,18,1,205327,56993,49677,148334,302136,0,0,0,0,0.0876439
419892,36,1,207950,56911,49515,151039,300685,0,0,0,0,0.0694763
419895,36,1,214378,59259,51671,155119,314800,0,0,0,0,0.0864753
419898,36,1,218680,60839,53311,157841,323992,0,0,0,0,0.0878609
419900,6,1,199938,54563,48198,145375,287786,0,0,0,0,0.141907
419901,18,1,208656,57629,50780,151027,304914,0,0,0,0,0.100214
419904,18,1,229245,63944,56226,165301,338220,0,0,0,0,0.101881
419909,18,1,210842,57480,50715,153362,302223,0,0,0,0,0.101021
419910,18,1,188310,51647,44762,136663,272725,0,0,0,0,0.10253
419911,18,1,196655,53606,46730,143049,283226,0,0,0,0,0.0683043
419914,18,1,219116,60379,52749,158737,320216,0,0,0,0,0.076054
419919,18,1,193773,52633,46252,141140,277627,0,0,0,0,0.0825629
419932,36,1,222265,61251,53577,161014,324178,0,0,0,0,0.0675288
419935,36,1,226779,63165,55344,163614,335724,0,0,0,0,0.0681673
419938,36,1,211648,58631,51905,153017,311803,0,0,0,0,0.0657144
419940,18,1,202081,54866,47740,147215,286427,0,0,0,0,0.0730398
419941,18,2,266255,74110,65501,192132,393352,1,0,0,0,0.147255
419944,18,2,208526,57221,50741,151293,301482,1,0,0,0,0.161161
419949,18,1,181978,49157,42849,132821,257456,0,0,0,0,0.056745
419962,36,1,194864,53144,45915,141720,280668,0,0,0,0,0.0578683
419965,36,1,218733,60793,52848,157940,322888,0,0,0,0,0.0652286
419968,36,2,198451,54487,48275,143951,289758,1,0,0,0,0.159931
419990,18,1,182820,48874,43021,133946,254726,0,0,0,0,0.0860845
419991,18,2,218472,60439,53689,158021,319779,1,0,0,0,0.148921
419992,18,1,187284,50628,44160,136656,266459,0,0,0,0,0.0711113
419993,18,1,184513,49645,43232,134868,260905,0,0,0,0,0.0553378
419994,18,2,211389,58334,51834,153044,308218,1,0,0,0,0.148177
419995,18,1,216565,59508,52004,157057,314269,0,0,0,0,0.0645548
419996,18,1,206131,56559,49730,149572,298693,0,0,0,0,0.0572965
419997,18,1,177676,47796,41994,129880,252036,0,0,0,0,0.0596733
419998,18,1,190721,51402,45334,139319,270398,0,0,0,0,0.057258
419999,18,1,193546,51951,45671,141595,271594,0,0,0,0,0.0524458
