420040,18,1,204164,56019,49081,148145,295975,0,0,0,0,0.0567503
420041,18,1,209722,57254,50310,152468,300481,0,0,0,0,0.0559224
420044,18,2,244973,69372,61281,175588,373662,1,0,0,0,0.133795
420049,18,1,194105,53652,46566,140453,284359,0,0,0,0,0.0590647
420062,36,1,203194,56101,48936,147093,297958,0,0,0,0,0.0594792
420065,36,1,219661,62091,54050,157570,332160,0,0,0,0,0.076375
420068,36,1,214239,60154,52286,154085,321188,0,0,0,0,0.0582008
420100,18,1,210755,58655,50992,152100,312809,0,0,0,0,0.0679755
420101,18,1,224494,62526,54573,161968,331449,0,0,0,0,0.0645369
420104,18,1,193862,53984,47115,139878,288045,0,0,0,0,0.0655887
420109,18,1,180711,49544,42698,131167,263397,0,0,0,0,0.0762446
420122,36,1,215076,59356,51280,155720,314975,0,0,0,0,0.0671866
420125,36,1,218701,60732,53034,157969,324507,0,0,0,0,0.0607957
420128,36,1,211005,58519,51007,152486,312623,0,0,0,0,0.080804
420150,18,1,214970,59808,52052,155162,316593,0,0,0,0,0.0674985
420151,18,1,225152,62571,54478,162581,330035,0,0,0,0,0.0663729
420154,18,1,198675,55096,47997,143579,293060,0,0,0,0,0.0851469
420159,18,1,208790,58400,51064,150390,310913,0,0,0,0,0.0699758
420172,36,1,212396,58478,50735,153918,309569,0,0,0,0,0.0652581
420175,36,1,220850,61774,53979,159076,330023,0,0,0,0,0.0605481
420178,36,1,224485,63032,55147,161453,337050,0,0,0,0,0.0606435
420190,18,1,227413,63584,55303,163829,336299,0,0,0,0,0.0758333
420191,18,1,208167,57541,50001,150626,304732,0,0,0,0,0.0631157
420194,18,1,225065,62350,54332,162715,330311,0,0,0,0,0.0618037
420199,18,1,193793,52152,45920,141641,273311,0,0,0,0,0.0558477
420212,36,1,222670,61538,53709,161132,326971,0,0,0,0,0.0595932
420215,36,1,238267,66756,58383,171511,356580,0,0,0,0,0.0616088
420218,36,1,215711,59405,52439,156306,315884,0,0,0,0,0.0575376
420220,18,1,229752,64080,55659,165672,337487,0,0,0,0,0.0710988
420221,18,1,204152,56765,49459,147387,300722,0,0,0,0,0.0580233
420224,18,1,216059,60349,52672,155710,321320,0,0,0,0,0.0580421
420229,18,1,186445,50716,44557,135729,267799,0,0,0,0,0.0529627
420242,36,1,205997,56657,49379,149340,301333,0,0,0,0,0.0579641
420245,36,1,230859,64582,56056,166277,344700,0,0,0,0,0.0592074
420248,36,1,205946,56497,49512,149449,300009,0,0,0,0,0.0571332
420270,18,1,178681,48100,41897,130581,252342,0,0,0,0,0.0611055
420271,18,1,191864,51921,44812,139943,271182,0,0,0,0,0.054345
420272,18,1,184973,49844,43019,135129,261430,0,0,0,0,0.0538861
420273,18,1,179003,48702,42258,130301,257476,0,0,0,0,0.0547898
420274,18,1,204860,56702,49533,148158,301450,0,0,0,0,0.059506
420275,18,1,211980,58417,50941,153563,308541,0,0,0,0,0.0573267
420276,18,2,234798,66347,58813,168439,355563,1,0,0,0,0.129868
420277,18,1,170967,46096,40329,124871,243632,0,0,0,0,0.0550092
420278,18,1,190327,51388,45009,138939,269773,0,0,0,0,0.0523514
420279,18,1,190263,51387,44993,138876,269829,0,0,0,0,0.0529717
420550,18,1,204733,56203,49738,148530,296183,0,0,0,0,0.0912141
420551,18,1,207381,56945,49561,150436,297047,0,0,0,0,0.0696322
420552,18,1,197550,54054,46840,143496,283598,0,0,0,0,0.0657053
420553,18,1,194160,53410,46523,140750,282067,0,0,0,0,0.0653775
420554,18,1,214793,59548,52262,155245,314825,0,0,0,0,0.0642174
420555,18,1,223807,62195,54641,161612,327546,0,0,0,0,0.0665427
420556,18,1,231517,63972,56060,167545,335043,0,0,0,0,0.067333
420557,18,1,194616,52920,46135,141696,278882,0,0,0,0,0.0623909
420558,18,1,198014,53760,47051,144254,281535,0,0,0,0,0.062079
420559,18,1,197619,53658,46956,143961,280960,0,0,0,0,0.0626135
420620,36,1,182361,49837,43602,132524,264131,0,0,0,0,0.0501737
420621,36,1,190077,51602,45205,138475,272039,0,0,0,0,0.0516794
420622,36,1,197201,53931,46886,143270,285048,0,0,0,0,0.0577368
420623,36,1,203923,57298,50486,146625,306740,0,0,0,0,0.0701175
420624,36,1,213000,58879,51592,154121,312753,0,0,0,0,0.0552327
420625,36,1,203610,56724,49325,146886,302603,0,0,0,0,0.0533882
420626,36,1,226459,63721,55449,162738,340615,0,0,0,0,0.061466
420627,36,1,200374,55595,48207,144779,295645,0,0,0,0,0.0550009
420628,36,1,206092,57764,50102,148328,308854,0,0,0,0,0.0578813
420629,36,1,190743,53024,45644,137719,282899,0,0,0,0,0.0750089
420680,36,1,203091,56293,48920,146798,300143,0,0,0,0,0.0833784
420681,36,1,215136,59560,51709,155576,315756,0,0,0,0,0.0748882
420682,36,1,221619,61612,52986,160007,326538,0,0,0,0,0.0660537
420683,36,1,221303,63063,55246,158240,338771,0,0,0,0,0.079181
420684,36,1,209463,57680,50605,151783,307394,0,0,0,0,0.0613048
420685,36,1,207440,56872,49756,150568,302162,0,0,0,0,0.0581851
420686,36,1,228614,64351,55800,164263,344011,0,0,0,0,0.0628662
420687,36,1,200681,55113,48199,145568,292410,0,0,0,0,0.0568135
420688,36,1,208056,57979,50448,150077,309455,0,0,0,0,0.0631743
420689,36,1,197735,54867,47253,142868,292782,0,0,0,0,0.0643828
420730,36,1,203638,56238,49496,147400,297399,0,0,0,0,0.0637834
420731,36,1,209010,57344,50350,151666,301955,0,0,0,0,0.0594662
420732,36,1,212378,58522,50662,153856,309488,0,0,0,0,0.0619281
420733,36,1,210217,59424,51896,150793,316975,0,0,0,0,0.0747447
420734,36,1,194567,53480,46425,141087,283157,0,0,0,0,0.0581926
420735,36,1,203592,55859,48743,147733,295715,0,0,0,0,0.0578497
420736,36,1,212220,58747,50717,153473,312137,0,0,0,0,0.0591115
420737,36,1,205356,56977,49490,148379,302761,0,0,0,0,0.076914
420738,36,1,217771,60779,52602,156992,323363,0,0,0,0,0.078351
420739,36,1,217674,60750,52767,156924,322939,0,0,0,0,0.0618734
420770,36,1,202975,56453,49333,146522,299282,0,0,0,0,0.0694934
420771,36,1,214951,58660,51082,156291,309098,0,0,0,0,0.0729293
420772,36,1,219716,60627,52461,159089,320990,0,0,0,0,0.0752366
420773,36,1,220594,61095,52870,159499,323974,0,0,0,0,0.0629187
420774,36,1,223631,61904,53793,161727,327668,0,0,0,0,0.0585381
420775,36,1,237506,66099,57275,171407,351000,0,0,0,0,0.0625773
420776,36,1,222590,62380,54517,160210,333120,0,0,0,0,0.0592515
420777,36,1,203997,56694,49750,147303,301952,0,0,0,0,0.0567573
420778,36,1,215353,58841,51549,156512,311410,0,0,0,0,0.0590294
420779,36,1,211445,57610,50553,153835,303334,0,0,0,0,0.0549069
420800,36,1,210381,58538,51019,151843,309175,0,0,0,0,0.0657977
420801,36,1,213807,58721,51042,155086,309280,0,0,0,0,0.0566968
420802,36,1,205905,56923,49121,148982,301892,0,0,0,0,0.0587069
420803,36,1,196475,53581,46372,142894,283313,0,0,0,0,0.0554521
420804,36,1,214621,59564,51792,155057,316364,0,0,0,0,0.0572478
420805,36,1,231861,64839,55991,167022,344816,0,0,0,0,0.059658
420806,36,1,216304,60622,53065,155682,323570,0,0,0,0,0.0594007
420807,36,1,194068,53672,47245,140396,285316,0,0,0,0,0.0561377
420808,36,1,210064,57420,50402,152644,304112,0,0,0,0,0.0594681
420809,36,1,203479,55522,48784,147957,293507,0,0,0,0,0.0572117
420820,36,1,202067,56179,48793,145888,296303,0,0,0,0,0.0712813
420821,36,1,203308,56075,48574,147233,294360,0,0,0,0,0.0580963
420822,36,1,195383,53497,46296,141886,281595,0,0,0,0,0.0569067
420823,36,1,174429,47272,40862,127157,249213,0,0,0,0,0.0584436
420824,36,1,209116,58371,50832,150745,310526,0,0,0,0,0.0619061
420825,36,1,217593,60650,53001,156943,320990,0,0,0,0,0.0600461
420826,36,1,207481,57940,50400,149541,306660,0,0,0,0,0.0594936
420827,36,1,183479,50500,43914,132979,267661,0,0,0,0,0.0550883
420828,36,1,199267,54686,47763,144581,288001,0,0,0,0,0.0579746
420829,36,1,199199,54700,47774,144499,288161,0,0,0,0,0.0568733
421120,6,1,189691,51111,45548,138580,269501,0,0,0,0,0.103647
421121,18,1,188351,51993,45067,136358,276984,0,0,0,0,0.0734037
421124,18,1,213259,59928,53574,153331,320570,0,0,0,0,0.0732878
421129,18,1,203822,57818,50955,146004,310671,0,0,0,0,0.0706332
421130,6,1,192560,53220,46919,139340,283886,0,0,0,0,0.0765395
421131,18,1,184882,51256,43993,133626,274120,0,0,0,0,0.058111
421134,18,1,210428,58894,51543,151534,314635,0,0,0,0,0.0571936
421139,18,1,191548,53537,46214,138011,287176,0,0,0,0,0.0546743
421140,6,1,192260,53133,46846,139127,283402,0,0,0,0,0.0852526
421141,18,1,184877,51223,43989,133654,273911,0,0,0,0,0.0719286
421144,18,1,210497,58888,51570,151609,314569,0,0,0,0,0.0582599
421149,18,1,191457,53502,46206,137955,286948,0,0,0,0,0.0557669
421150,6,1,192317,53156,46853,139161,283555,0,0,0,0,0.0760998
421151,18,1,210081,60230,51946,149851,324116,0,0,0,0,0.0612217
421154,18,1,224741,63973,55498,160768,342007,0,0,0,0,0.0652656
421159,18,1,180569,50544,43552,130025,271692,0,0,0,0,0.0583609
421160,18,1,164681,45326,38981,119355,242219,0,0,0,0,0.0553533
421161,18,1,182259,50574,44022,131685,270869,0,0,0,0,0.0531324
421164,18,1,198472,55113,48274,143359,294503,0,0,0,0,0.0563146
421169,18,1,196902,55203,48536,141699,295596,0,0,0,0,0.0771205
421182,36,1,192622,53781,46636,138841,288391,0,0,0,0,0.0552803
421185,36,1,204035,57028,49400,147007,305653,0,0,0,0,0.0574206
421188,36,1,197754,53872,46727,143882,285387,0,0,0,0,0.0558579
421190,6,1,190669,50963,44970,139706,267236,0,0,0,0,0.0638857
421191,18,1,191281,52609,45681,138672,278725,0,0,0,0,0.0537171
421194,18,2,310930,86909,76738,224008,459617,1,0,0,0,0.135579
421199,18,2,301755,83788,73834,217954,442874,1,0,0,0,0.130815
421200,6,1,190644,50926,44942,139718,266981,0,0,0,0,0.0653517
421201,18,1,190907,52470,45573,138437,277890,0,0,0,0,0.0551622
421204,18,2,310829,86883,76717,223933,459493,1,0,0,0,0.138619
421209,18,2,301790,83791,73843,217986,442872,1,0,0,0,0.136507
421210,6,1,190730,50968,44985,139762,267234,0,0,0,0,0.0809116
421211,18,1,213475,58540,51267,154935,308295,0,0,0,0,0.0635338
421214,18,1,226777,62160,54928,164617,326405,0,0,0,0,0.0779496
421219,18,1,172853,46372,40612,126481,244129,0,0,0,0,0.0503304
421220,18,1,164275,43764,38304,120511,229879,0,0,0,0,0.0468343
421221,18,1,185827,50211,44213,135616,263993,0,0,0,0,0.0512731
421224,18,2,195035,52661,46066,142362,276843,1,0,0,0,0.109996
421229,18,1,195729,53679,47350,142050,283547,0,0,0,0,0.0670078
421242,36,1,199248,54742,47879,144506,290243,0,0,0,0,0.0583766
421245,36,1,208635,57399,50231,151236,303874,0,0,0,0,0.0581468
421248,36,1,204969,55763,48479,149206,293443,0,0,0,0,0.0558915
421250,6,1,190606,51622,45838,138984,272298,0,0,0,0,0.0720673
421251,18,1,166470,45029,39480,121441,238107,0,0,0,0,0.0528714
421254,18,2,245689,68003,60085,177674,358828,1,0,0,0,0.130562
421259,18,2,239344,66042,58121,173289,348684,1,0,0,0,0.128084
421260,6,1,190383,51537,45761,138846,271786,0,0,0,0,0.0833556
421261,18,1,179385,48399,42577,130986,254999,0,0,0,0,0.0738319
421264,18,1,189146,51627,45292,137519,272841,0,0,0,0,0.054036
421269,18,2,242977,66854,58002,176112,355030,1,0,0,0,0.134084
421270,18,1,176758,47873,41660,128885,252928,0,0,0,0,0.0551827
421271,18,1,210170,57750,50513,152420,303776,0,0,0,0,0.0635478
421274,18,2,304005,84020,73655,219972,445830,1,0,0,0,0.17722
421279,18,2,246717,68218,59742,178487,362511,1,0,0,0,0.136318
421292,36,1,189326,51780,45511,137546,274521,0,0,0,0,0.0549495
421295,36,1,211668,57988,50909,153680,306644,0,0,0,0,0.0559449
421298,36,2,243844,67549,58986,176284,359430,1,0,0,0,0.155842
421300,6,1,190339,51544,45788,138795,271839,0,0,0,0,0.0692368
421301,18,1,194255,52336,46130,141919,273791,0,0,0,0,0.0528633
421304,18,1,185787,50345,44380,135442,265447,0,0,0,0,0.0528728
421309,18,1,166414,44493,38783,121921,233579,0,0,0,0,0.0463977
421310,18,1,176711,47878,41669,128833,252966,0,0,0,0,0.0508859
421311,18,2,270903,75937,66708,194953,404064,1,0,0,0,0.126491
421314,18,1,186384,50067,44067,136317,262669,0,0,0,0,0.0514705
421319,18,2,241481,66826,58528,174643,355665,1,0,0,0,0.137496
421332,36,1,198931,54423,47924,144508,287680,0,0,0,0,0.0819464
421335,36,1,212780,58119,50765,154661,306961,0,0,0,0,0.0678727
421338,36,1,188300,51140,44363,137160,269544,0,0,0,0,0.0486549
421340,18,1,184079,49186,43330,134893,256930,0,0,0,0,0.0485907
421341,18,1,184208,49192,43334,135016,256878,0,0,0,0,0.0506591
421344,18,1,178508,46847,40838,131661,242757,0,0,0,0,0.0541702
421349,18,1,168647,45293,39332,123354,238437,0,0,0,0,0.0627957
421362,36,1,198850,54098,47313,144752,284512,0,0,0,0,0.0787753
421365,36,1,204857,55554,48509,149303,291505,0,0,0,0,0.0638796
421368,36,1,194946,53053,46060,141893,279969,0,0,0,0,0.0507056
421390,18,2,297363,81032,71817,216318,425658,1,0,0,0,0.138713
421391,18,2,297168,80958,71742,216197,425237,1,0,0,0,0.160545
421392,18,1,166099,44009,38208,122090,231021,0,0,0,0,0.0551651
421393,18,1,196468,53852,47863,142616,284478,0,0,0,0,0.0957187
421394,18,2,251785,67688,59885,184084,353736,1,0,0,0,0.127569
421395,18,1,177109,46899,40821,130210,244864,0,0,0,0,0.0489027
421396,18,1,191530,51038,44638,140492,266249,0,0,0,0,0.0559407
421397,18,1,168628,45261,39348,123367,238005,0,0,0,0,0.0496716
421398,18,1,175698,47143,41144,128555,247609,0,0,0,0,0.0552002
421399,18,1,168671,45524,39634,123147,240059,0,0,0,0,0.0554063
421410,6,1,212588,58774,51983,153814,312082,0,0,0,0,0.0755481
421411,18,1,203061,56556,49011,146505,301371,0,0,0,0,0.0593731
421414,18,2,226120,63495,56781,162612,340420,1,0,0,0,0.124546
421419,18,2,282824,79953,70796,202859,430200,1,0,0,0,0.134886
421420,6,1,212377,58671,51919,153706,311415,0,0,0,0,0.0745295
421421,18,1,202777,56435,48924,146342,300626,0,0,0,0,0.0572587
421424,18,2,226030,63443,56734,162574,340052,1,0,0,0,0.120467
421429,18,2,282751,79904,70783,202835,429861,1,0,0,0,0.135227
421430,6,1,212338,58667,51918,153671,311396,0,0,0,0,0.0724083
421431,18,1,226574,64775,56141,161799,346437,0,0,0,0,0.0610137
421434,18,1,238399,67509,58763,170890,358446,0,0,0,0,0.0695509
421439,18,1,198405,55749,48250,142656,298106,0,0,0,0,0.0575096
421440,18,1,186923,51670,44560,135253,274959,0,0,0,0,0.0569828
421441,18,1,198476,54986,48022,143490,292531,0,0,0,0,0.0565564
421444,18,1,209743,57894,50621,151849,306349,0,0,0,0,0.0557963
421449,18,1,212426,59360,52314,153066,315733,0,0,0,0,0.0703177
421462,36,1,209765,58415,50825,151350,311126,0,0,0,0,0.0568171
421465,36,1,218297,60738,52911,157559,322872,0,0,0,0,0.0585623
421468,36,1,210521,57715,50045,152806,304159,0,0,0,0,0.0701188
421470,6,1,211634,56558,49496,155076,297820,0,0,0,0,0.0826748
421471,18,1,207981,56781,48941,151200,301015,0,0,0,0,0.0817488
421474,18,2,200106,54705,48126,145388,288989,1,0,0,0,0.121964
421479,18,2,288424,80052,70613,208359,426171,1,0,0,0,0.151687
421480,6,1,211845,56577,49527,155268,297798,0,0,0,0,0.082086
421481,18,1,207801,56707,48887,151094,300535,0,0,0,0,0.0687825
421484,18,2,200058,54695,48114,145350,288951,1,0,0,0,0.122389
421489,18,2,288398,80045,70606,208340,426139,1,0,0,0,0.133165
421490,6,1,212113,56645,49573,155468,298170,0,0,0,0,0.0713863
421491,18,1,230480,62784,54852,167696,331455,0,0,0,0,0.0613407
421494,18,1,244820,66922,58726,177898,352025,0,0,0,0,0.0656265
421499,18,1,193684,52121,45388,141563,275224,0,0,0,0,0.0549355
421500,18,1,181441,48436,42034,133005,255591,0,0,0,0,0.053793
421501,18,2,297868,82056,71815,215799,437771,1,0,0,0,0.138588
421504,18,2,314144,87293,76913,226838,464802,1,0,0,0,0.138934
421509,18,1,216292,58492,51541,157800,308472,0,0,0,0,0.073342
421522,36,1,218493,60359,52485,158134,322108,0,0,0,0,0.0628245
421525,36,1,229245,63386,55407,165859,336921,0,0,0,0,0.0627462
421528,36,1,221878,60808,52816,161070,321032,0,0,0,0,0.0632649
421530,6,1,196026,53052,46940,142974,280767,0,0,0,0,0.0769534
421531,18,1,170389,45724,39880,124665,242051,0,0,0,0,0.054886
421534,18,1,196994,53909,47286,143085,284500,0,0,0,0,0.0545768
421539,18,1,188866,51215,45020,137651,269693,0,0,0,0,0.0526692
421540,6,1,195870,53008,46912,142862,280516,0,0,0,0,0.075917
421541,18,1,182956,49211,43322,133745,260541,0,0,0,0,0.0789268
421544,18,1,207306,57321,50290,149985,304801,0,0,0,0,0.0756487
421549,18,1,194700,52808,46535,141892,278307,0,0,0,0,0.0533253
421550,18,1,182009,49394,42762,132615,262111,0,0,0,0,0.054265
421551,18,1,210567,57781,50431,152786,305672,0,0,0,0,0.0590989
421554,18,2,320228,89741,79021,230474,480491,1,0,0,0,0.137708
421559,18,1,197832,54256,47439,143576,287156,0,0,0,0,0.0546041
421572,36,1,196177,53882,47105,142295,287549,0,0,0,0,0.0552046
421575,36,1,221744,61432,53315,160312,326787,0,0,0,0,0.0573756
421578,36,1,217290,59967,51947,157323,317841,0,0,0,0,0.0579683
421580,6,1,195886,53046,46913,142840,280782,0,0,0,0,0.080147
421581,18,1,204659,55251,48811,149408,289834,0,0,0,0,0.0601206
421584,18,1,212181,58761,51742,153420,312372,0,0,0,0,0.061512
421589,18,1,195855,53002,46363,142853,278651,0,0,0,0,0.0518781
421590,18,1,182029,49438,42799,132591,262424,0,0,0,0,0.0535586
421591,18,1,224752,61954,54311,162798,326835,0,0,0,0,0.0896658
421594,18,1,211941,57542,50287,154399,304020,0,0,0,0,0.0888312
421599,18,1,198256,53910,46996,144346,284071,0,0,0,0,0.0628382
421612,36,1,207345,57006,49980,150339,303189,0,0,0,0,0.059472
421615,36,1,223304,61625,53536,161679,327411,0,0,0,0,0.0582191
421618,36,1,216701,59563,51520,157138,315053,0,0,0,0,0.059031
421620,18,2,338240,93908,82853,244319,499229,1,0,0,0,0.142231
421621,18,2,337971,93842,82825,244116,498858,1,0,0,0,0.138971
421624,18,1,197593,52952,46414,144641,277783,0,0,0,0,0.0518507
421629,18,1,187233,50375,43893,136858,263897,0,0,0,0,0.0514438
421642,36,1,201356,54585,47589,146771,288058,0,0,0,0,0.0656671
421645,36,1,217511,59669,52148,157842,316262,0,0,0,0,0.0578475
421648,36,1,215361,59260,51560,156101,313500,0,0,0,0,0.0569222
421670,18,2,234994,64799,57791,170183,344067,1,0,0,0,0.150636
421671,18,2,234790,64742,57731,170036,343751,1,0,0,0,0.134264
421672,18,1,174860,46277,40316,128583,243614,0,0,0,0,0.0527048
421673,18,1,201019,54642,48374,146377,289422,0,0,0,0,0.0733736
421674,18,1,191667,51128,44799,140539,266850,0,0,0,0,0.0515138
421675,18,1,197206,53107,46582,144099,279526,0,0,0,0,0.0530061
421676,18,1,205109,56379,49306,148730,299352,0,0,0,0,0.0641598
421677,18,2,243076,67360,59280,175703,358852,1,0,0,0,0.12126
421678,18,1,202895,56152,48923,146743,297611,0,0,0,0,0.0551969
421679,18,1,195358,53168,46107,142190,279587,0,0,0,0,0.0530982
421700,6,1,199666,55095,48525,144571,293261,0,0,0,0,0.0755489
421701,18,1,171297,46857,40776,124440,249456,0,0,0,0,0.0531248
421704,18,1,212933,59406,51670,153527,315868,0,0,0,0,0.061241
421709,18,1,223059,62606,54820,160453,333447,0,0,0,0,0.0685259
421710,6,1,199640,55098,48523,144542,293277,0,0,0,0,0.0812018
421711,18,2,312936,88058,78248,224865,472996,1,0,0,0,0.164714
421714,18,1,205906,57996,50792,147910,310172,0,0,0,0,0.0585897
421719,18,1,212795,59322,51921,153473,315050,0,0,0,0,0.0671037
421720,18,1,181438,50078,43261,131360,267753,0,0,0,0,0.0571355
421721,18,1,187088,50896,44398,136192,269371,0,0,0,0,0.053393
421724,18,2,284586,81675,72054,202898,441160,1,0,0,0,0.145321
421729,18,1,217328,59629,51915,157699,313833,0,0,0,0,0.0931128
421742,36,1,191845,52757,46195,139088,281253,0,0,0,0,0.0803447
421745,36,1,221934,62545,54195,159389,334565,0,0,0,0,0.0630665
421748,36,1,214650,59841,51814,154809,318247,0,0,0,0,0.0833665
421760,6,1,214226,59160,51858,155066,314909,0,0,0,0,0.0867413
421761,18,1,191449,52635,45104,138814,280078,0,0,0,0,0.0584775
421764,18,2,264695,74572,65723,190110,398471,1,0,0,0,0.178209
421769,18,2,239177,66739,59155,172426,355686,1,0,0,0,0.179833
421770,6,1,214130,59145,51876,154985,314834,0,0,0,0,0.0985702
421771,18,1,210138,58376,50457,151762,310347,0,0,0,0,0.0649384
421774,18,1,209944,58595,50442,151349,311468,0,0,0,0,0.0592541
421779,18,1,206448,56087,48989,150361,293959,0,0,0,0,0.0540936
421780,18,1,192490,53283,45730,139207,284257,0,0,0,0,0.0609826
421781,18,2,220646,61370,53674,159265,328811,1,0,0,0,0.151241
421784,18,2,271029,75287,66504,195729,402397,1,0,0,0,0.164205
421789,18,1,221822,60194,52114,161628,314833,0,0,0,0,0.082464
421802,36,1,203053,56086,48797,146967,298488,0,0,0,0,0.0598531
421805,36,1,227530,63391,55245,164139,337432,0,0,0,0,0.0661946
421808,36,1,213831,58846,51176,154985,310002,0,0,0,0,0.0593605
421810,6,1,201570,55421,48283,146149,294555,0,0,0,0,0.0997233
421811,18,1,177521,48444,41436,129077,257196,0,0,0,0,0.0640662
421814,18,2,273309,76707,67803,196590,410034,1,0,0,0,0.177558
421819,18,2,268550,74985,66285,193554,400141,1,0,0,0,0.165602
421820,6,1,201333,55342,48177,145991,294078,0,0,0,0,0.0947897
421821,18,1,199481,55584,48180,143897,297082,0,0,0,0,0.072936
421824,18,1,214613,59676,52126,154937,317257,0,0,0,0,0.082063
421829,18,2,227414,63819,56295,163582,342396,1,0,0,0,0.152594
421830,18,1,180873,49949,43009,130924,266719,0,0,0,0,0.0774525
421831,18,2,217072,60087,52608,156972,321574,1,0,0,0,0.173697
421834,18,2,262807,72676,64450,190118,387471,1,0,0,0,0.177696
421839,18,2,287946,80484,70725,207450,430094,1,0,0,0,0.144546
421852,36,1,189211,51654,44795,137557,274681,0,0,0,0,0.0602779
421855,36,1,219688,60946,53218,158742,323762,0,0,0,0,0.0702742
421858,36,2,285548,80568,71007,204968,432546,1,0,0,0,0.164447
421860,6,1,188483,50737,44831,137746,267772,0,0,0,0,0.0897516
421861,18,2,262195,73606,64735,188576,395169,1,0,0,0,0.167249
421864,18,2,244516,69414,61293,175089,373796,1,0,0,0,0.140351
421869,18,2,230642,64205,56424,166425,343505,1,0,0,0,0.140578
421870,18,1,174112,47778,41474,126334,254179,0,0,0,0,0.0680982
421871,18,2,303691,84473,74259,219205,452146,1,0,0,0,0.156819
421874,18,2,320771,90825,79741,229933,487956,1,0,0,0,0.147375
421879,18,1,192611,52055,45401,140556,274033,0,0,0,0,0.0734125
421892,36,1,212498,59187,51968,153311,316108,0,0,0,0,0.085657
421895,36,1,222311,62508,54473,159803,334279,0,0,0,0,0.0876865
421898,36,2,281331,78741,69408,202577,421439,1,0,0,0,0.149364
421900,18,2,245160,67946,60141,177201,361271,1,0,0,0,0.132956
421901,18,1,194305,52730,45955,141575,277031,0,0,0,0,0.0717572
421904,18,1,206053,56792,49574,149261,299472,0,0,0,0,0.0796413
421909,18,2,263251,72040,63440,191199,381106,1,0,0,0,0.165079
421922,36,1,203676,55666,48206,148010,293714,0,0,0,0,0.0639588
421925,36,1,215601,60295,52295,155306,321148,0,0,0,0,0.0848201
421928,36,2,309521,86036,75641,223472,458825,1,0,0,0,0.215575
421950,18,2,235327,64360,57145,170954,340825,1,0,0,0,0.149735
421951,18,2,251793,69799,61888,181981,371497,1,0,0,0,0.184692
421952,18,2,226360,62837,55531,163510,335568,1,0,0,0,0.200578
421953,18,1,209368,56803,49820,152565,297947,0,0,0,0,0.112951
421954,18,2,253666,70492,62671,183161,374622,1,0,0,0,0.277141
421955,18,2,310809,87683,77455,223113,469890,1,0,0,0,0.22236
421956,18,2,255426,72010,63767,183403,386302,1,0,0,0,0.245429
421957,18,2,196505,53724,47499,142768,284726,1,0,0,0,0.183265
421958,18,1,201079,54566,47767,146513,287415,0,0,0,0,0.0913874
421959,18,1,185793,50319,43985,135474,264586,0,0,0,0,0.114524
421990,6,1,199564,55065,48496,144499,293094,0,0,0,0,0.098949
421991,18,2,324929,91755,81645,233161,492523,1,0,0,0,0.288067
421994,18,1,211110,59928,52392,151182,321682,0,0,0,0,0.100026
421999,18,1,198474,55325,47901,143149,294832,0,0,0,0,0.0775034
422000,18,1,181408,50072,43267,131336,267705,0,0,0,0,0.0812239
422001,18,1,201106,54780,47966,146326,289353,0,0,0,0,0.0548775
422004,18,1,208420,58246,50615,150174,309835,0,0,0,0,0.0926467
422009,18,1,203311,56054,48744,147257,296655,0,0,0,0,0.0977403
422022,36,1,206206,56947,50160,149259,303183,0,0,0,0,0.0790382
422025,36,1,222447,62705,54130,159742,335699,0,0,0,0,0.0897844
422028,36,1,204358,56993,49399,147365,304082,0,0,0,0,0.0932107
422050,6,1,214038,59127,51872,154911,314754,0,0,0,0,0.0907592
422051,18,1,224983,62812,54460,162171,333426,0,0,0,0,0.0591509
422054,18,1,209583,58033,49967,151550,308942,0,0,0,0,0.0747956
422059,18,1,195756,53315,46479,142441,281523,0,0,0,0,0.0698641
422060,18,1,192531,53295,45725,139236,284332,0,0,0,0,0.0552531
422061,18,2,199900,55053,48283,144834,293797,1,0,0,0,0.176672
422064,18,1,210487,57755,50755,152732,305199,0,0,0,0,0.0957125
422069,18,1,204135,55185,47893,148950,290689,0,0,0,0,0.0892326
422082,36,1,221286,60878,52836,160408,322582,0,0,0,0,0.107128
422085,36,1,229256,63591,55692,165665,338895,0,0,0,0,0.0939268
422088,36,1,201511,55439,48090,146072,294252,0,0,0,0,0.0824802
422100,6,1,201392,55352,48176,146040,294114,0,0,0,0,0.113068
422101,18,1,220540,61839,53689,158701,330450,0,0,0,0,0.0980886
422104,18,1,217515,60183,52730,157332,319894,0,0,0,0,0.058592
422109,18,2,282655,79506,69826,203136,426431,1,0,0,0,0.254552
422110,18,1,180783,49928,42984,130855,266617,0,0,0,0,0.0912479
422111,18,2,228026,63503,55724,164510,340536,1,0,0,0,0.211058
422114,18,2,239557,67122,59512,172422,359674,1,0,0,0,0.235991
422119,18,1,212909,58794,51213,154115,310284,0,0,0,0,0.0995414
422132,36,1,207692,57274,49977,150418,304851,0,0,0,0,0.0722742
422135,36,1,221747,61360,53479,160387,326178,0,0,0,0,0.0854954
422138,36,1,212744,59215,51056,153529,314442,0,0,0,0,0.101364
422140,6,1,188629,50757,44828,137872,267886,0,0,0,0,0.120155
422141,18,1,196191,53885,47260,142306,286326,0,0,0,0,0.0878495
422144,18,2,239669,67870,59562,171786,365672,1,0,0,0,0.174973
422149,18,1,194131,53114,46621,141017,280793,0,0,0,0,0.0597491
422150,18,1,173748,47665,41352,126083,253576,0,0,0,0,0.0800292
422151,18,1,191907,52474,45539,139433,278744,0,0,0,0,0.0717856
422154,18,1,217259,60115,52257,157144,319928,0,0,0,0,0.0607648
422159,18,1,194200,52374,45617,141826,275943,0,0,0,0,0.056755
422172,36,1,214599,59525,52024,155074,317826,0,0,0,0,0.057823
422175,36,1,224574,63106,55024,161468,337178,0,0,0,0,0.0598356
422178,36,2,282716,78873,69425,203830,422565,1,0,0,0,0.13487
422180,18,2,244991,67898,60128,177080,361051,1,0,0,0,0.143866
422181,18,1,194232,52727,45940,141505,277055,0,0,0,0,0.075433
422184,18,1,205844,56732,49541,149112,299154,0,0,0,0,0.055554
422189,18,2,263094,72008,63419,191074,380959,1,0,0,0,0.147602
422202,36,1,188888,51368,44630,137520,272081,0,0,0,0,0.0753127
422205,36,1,214285,59337,51365,154948,315030,0,0,0,0,0.0633154
422208,36,2,304729,84337,74151,220379,449688,1,0,0,0,0.150463
422230,18,2,234954,64278,57083,170663,340419,1,0,0,0,0.134337
422231,18,2,251765,69789,61891,181963,371446,1,0,0,0,0.133055
422232,18,1,188825,51434,44812,137391,272741,0,0,0,0,0.0605681
422233,18,1,189805,51133,44728,138672,269939,0,0,0,0,0.0689676
422234,18,2,253692,70500,62681,183179,374659,1,0,0,0,0.179745
422235,18,2,306730,85807,75646,220910,458851,1,0,0,0,0.163369
422236,18,2,248782,70036,62215,178733,375410,1,0,0,0,0.151221
422237,18,2,194111,52943,46764,141155,280705,1,0,0,0,0.128395
422238,18,1,200308,54241,47468,146067,286410,0,0,0,0,0.059403
422239,18,1,185491,50242,43938,135249,264199,0,0,0,0,0.0530099
422280,18,1,200821,54734,47802,146087,288964,0,0,0,0,0.0539178
422281,18,1,205020,55587,48740,149433,291642,0,0,0,0,0.0557204
422284,18,2,260865,74938,66175,185914,404759,1,0,0,0,0.142542
422289,18,1,194625,53800,46542,140825,285656,0,0,0,0,0.0560061
422302,36,1,202222,55481,48196,146741,293760,0,0,0,0,0.0566273
422305,36,1,219879,62154,53969,157725,333082,0,0,0,0,0.0570936
422308,36,1,212721,59736,51884,152985,319634,0,0,0,0,0.0570777
422340,18,1,208972,57276,49935,151696,303692,0,0,0,0,0.0625721
422341,18,1,222285,60884,53160,161401,320527,0,0,0,0,0.0651108
422344,18,1,207551,56495,49678,151056,297690,0,0,0,0,0.059346
422349,18,1,192936,52185,45134,140751,275701,0,0,0,0,0.0608739
422362,36,1,213856,58498,50628,155358,308594,0,0,0,0,0.0874292
422365,36,1,230901,63928,56070,166973,339862,0,0,0,0,0.0814044
422368,36,1,212716,58340,51001,154376,309717,0,0,0,0,0.0586368
422390,18,1,211108,58430,50698,152678,311170,0,0,0,0,0.0720797
422391,18,1,219552,60592,52600,158960,321070,0,0,0,0,0.0851814
422394,18,1,215875,59390,52019,156485,313202,0,0,0,0,0.0863364
422399,18,1,220090,60911,53137,159179,321846,0,0,0,0,0.0597137
422412,36,1,208515,57202,49438,151313,303323,0,0,0,0,0.0676327
422415,36,1,229595,63766,55486,165829,339790,0,0,0,0,0.0715927
422418,36,1,223855,62303,54139,161552,331811,0,0,0,0,0.0566079
422430,18,1,212044,59002,51708,153042,313403,0,0,0,0,0.0708835
422431,18,1,200551,54695,47627,145856,290061,0,0,0,0,0.0583393
422434,18,1,217176,59702,52078,157474,316774,0,0,0,0,0.0598902
422439,18,1,199337,53861,47110,145476,283259,0,0,0,0,0.0576621
422452,36,1,218151,60138,52455,158013,321327,0,0,0,0,0.0584147
422455,36,1,233214,64743,56442,168471,345335,0,0,0,0,0.0716319
422458,36,1,215988,59765,52554,156223,318640,0,0,0,0,0.083218
422460,18,1,219909,61046,53446,158863,322883,0,0,0,0,0.0682727
422461,18,1,204608,56436,48969,148172,300000,0,0,0,0,0.0579721
422464,18,1,221240,61233,53425,160007,325122,0,0,0,0,0.0593798
422469,18,1,199206,53849,47120,145357,283240,0,0,0,0,0.0622135
422482,36,1,204098,55857,48420,148241,297772,0,0,0,0,0.061975
422485,36,1,226479,62568,54341,163911,333073,0,0,0,0,0.0620301
422488,36,1,214832,58748,51480,156084,311655,0,0,0,0,0.0752603
422510,18,1,168418,45375,39639,123043,239901,0,0,0,0,0.0843677
422511,18,1,191463,51854,45297,139609,273044,0,0,0,0,0.0588599
422512,18,1,181000,49079,42700,131921,260191,0,0,0,0,0.0603786
422513,18,1,183523,50059,43630,133464,265968,0,0,0,0,0.0564625
422514,18,1,205594,56659,49531,148935,300636,0,0,0,0,0.0594867
422515,18,1,202260,55499,48559,146761,294651,0,0,0,0,0.061247
422516,18,2,251357,70457,62509,180887,377458,1,0,0,0,0.177636
422517,18,1,191467,51859,45846,139608,272535,0,0,0,0,0.0615373
422518,18,1,202029,54772,47970,147257,287494,0,0,0,0,0.0609395
422519,18,1,191934,52306,45842,139628,276667,0,0,0,0,0.0573103
422790,18,1,194557,52882,46520,141675,279526,0,0,0,0,0.0814078
422791,18,1,204277,55924,48852,148353,293441,0,0,0,0,0.0701182
422792,18,1,190044,52005,45310,138039,274796,0,0,0,0,0.0644409
422793,18,1,179034,48703,42273,130331,257961,0,0,0,0,0.0636504
422794,18,2,269133,75914,66608,193206,406755,1,0,0,0,0.141033
422795,18,2,260371,73520,64473,186838,394559,1,0,0,0,0.138457
422796,18,2,261419,73643,64711,187763,394881,1,0,0,0,0.15685
422797,18,1,205301,55445,48470,149856,288366,0,0,0,0,0.0646978
422798,18,1,196110,53265,46686,142845,280078,0,0,0,0,0.0614811
422799,18,1,184451,50102,43783,134349,264802,0,0,0,0,0.0595446
422920,36,1,201426,55688,47936,145738,296344,0,0,0,0,0.0568746
422921,36,1,215063,59492,51484,155571,315156,0,0,0,0,0.0596806
422922,36,1,211648,59025,50665,152623,314471,0,0,0,0,0.0605451
422923,36,1,221890,62517,54563,159373,334323,0,0,0,0,0.0789044
422924,36,1,219217,60340,53064,158877,319995,0,0,0,0,0.0653437
422925,36,1,210876,57851,50398,153025,306508,0,0,0,0,0.0596964
422926,36,1,231331,65048,55848,166283,347452,0,0,0,0,0.0648868
422927,36,1,199805,55044,47972,144761,292252,0,0,0,0,0.0598077
422928,36,1,208454,57962,49743,150492,308902,0,0,0,0,0.100386
422929,36,1,191944,52859,45293,139085,280997,0,0,0,0,0.0825427
422970,36,1,200233,55509,48102,144724,295775,0,0,0,0,0.0754484
422971,36,1,204245,56792,49168,147453,302467,0,0,0,0,0.0597231
422972,36,1,197337,54541,46815,142796,290364,0,0,0,0,0.0802616
422973,36,1,208755,58993,51198,149762,316793,0,0,0,0,0.0718441
422974,36,1,209455,57498,50085,151957,304205,0,0,0,0,0.0592
422975,36,1,205830,56610,49670,149220,300209,0,0,0,0,0.0558943
422976,36,1,212831,58874,50843,153957,313289,0,0,0,0,0.0573127
422977,36,1,203221,55969,48831,147252,296719,0,0,0,0,0.0572567
422978,36,1,208601,58109,50183,150492,309098,0,0,0,0,0.0666675
422979,36,1,207364,57274,49477,150090,302699,0,0,0,0,0.057282
423010,36,1,189938,52612,45626,137326,280505,0,0,0,0,0.0618256
423011,36,1,209705,57260,49527,152445,304261,0,0,0,0,0.0577563
423012,36,1,205609,56524,48765,149085,300967,0,0,0,0,0.0555532
423013,36,1,212697,58960,50521,153737,314925,0,0,0,0,0.0590134
423014,36,1,215429,59475,51353,155954,316203,0,0,0,0,0.0709333
423015,36,2,283795,80242,70598,203540,431311,1,0,0,0,0.149508
423016,36,1,218805,61155,52685,157650,327247,0,0,0,0,0.0601234
423017,36,2,223493,61956,54577,161525,331607,1,0,0,0,0.127637
423018,36,1,215742,59464,51697,156278,315289,0,0,0,0,0.0557083
423019,36,1,200231,54747,47647,145484,288875,0,0,0,0,0.0516642
423040,36,1,198782,55069,47713,143713,292660,0,0,0,0,0.0607963
423041,36,1,214099,58843,50684,155256,312696,0,0,0,0,0.055045
423042,36,1,197516,54382,46898,143134,289597,0,0,0,0,0.055646
423043,36,1,192772,53045,45746,139727,282800,0,0,0,0,0.0550569
423044,36,1,217288,60198,52027,157090,319968,0,0,0,0,0.0554416
423045,36,2,272922,77063,67682,195846,414079,1,0,0,0,0.177523
423046,36,1,212424,59460,51763,152964,318024,0,0,0,0,0.0718457
423047,36,1,204697,56250,49507,148447,298616,0,0,0,0,0.0578824
423048,36,1,211503,57564,50168,153939,304054,0,0,0,0,0.0581467
423049,36,1,199776,54644,47609,145132,288378,0,0,0,0,0.0564025
423060,36,1,191870,52653,45656,139217,278315,0,0,0,0,0.075179
423061,36,1,207388,57366,49667,150022,303368,0,0,0,0,0.0732501
423062,36,1,195296,54200,46915,141096,288497,0,0,0,0,0.0626805
423063,36,1,176130,48243,41380,127887,256555,0,0,0,0,0.0587625
423064,36,1,217511,60827,52673,156684,323424,0,0,0,0,0.0605745
423065,36,1,212682,59174,51314,153508,314560,0,0,0,0,0.0584438
423066,36,1,203721,56948,49282,146773,303800,0,0,0,0,0.074375
423067,36,1,202333,55490,48561,146843,292647,0,0,0,0,0.077678
423068,36,1,203389,55732,48862,147657,293754,0,0,0,0,0.0588149
423069,36,1,192110,52216,45649,139894,275929,0,0,0,0,0.0555657
423370,6,1,192376,53588,47706,138788,286286,0,0,0,0,0.105458
423371,18,1,183221,50685,44296,132536,270571,0,0,0,0,0.0651083
423374,18,2,344059,97016,86525,247030,518953,1,0,0,0,0.195447
423379,18,1,184750,50501,44432,134249,267331,0,0,0,0,0.062404
423380,6,1,192452,53612,47719,138840,286430,0,0,0,0,0.117014
423381,18,1,183257,50685,44288,132572,270555,0,0,0,0,0.0718059
423384,18,2,344055,96973,86481,247069,518665,1,0,0,0,0.160984
423389,18,1,184910,50519,44457,134391,267358,0,0,0,0,0.0767382
423390,6,1,192391,53594,47711,138797,286316,0,0,0,0,0.114942
423391,18,1,207759,58413,51799,149346,311859,0,0,0,0,0.0763185
423394,18,1,219275,61519,54760,157756,326438,0,0,0,0,0.0738407
423399,18,1,175375,47636,41825,127739,252964,0,0,0,0,0.066753
423400,18,1,171025,47282,41219,123743,252219,0,0,0,0,0.0781556
423401,18,1,181864,49777,43572,132087,264947,0,0,0,0,0.0619802
423404,18,1,195398,53266,46805,142132,281865,0,0,0,0,0.0707091
423409,18,1,193369,54260,48414,139109,290203,0,0,0,0,0.105596
423422,36,1,187636,52419,46459,135217,281116,0,0,0,0,0.0605186
423425,36,1,196290,54782,48662,141508,292842,0,0,0,0,0.0619461
423428,36,1,198662,55331,48598,143331,294966,0,0,0,0,0.0639889
423430,6,1,213345,58853,52426,154492,311455,0,0,0,0,0.0838207
423431,18,1,204697,56796,49552,147901,300978,0,0,0,0,0.0969117
423434,18,2,202544,55440,48701,147092,293260,1,0,0,0,0.167304
423439,18,2,204742,56152,49494,148577,297119,1,0,0,0,0.154608
423440,6,1,213378,58818,52412,154560,311185,0,0,0,0,0.107395
423441,18,1,204383,56708,49472,147675,300500,0,0,0,0,0.0687532
423444,18,2,202411,55407,48669,146992,293072,1,0,0,0,0.137637
423449,18,2,204663,56135,49465,148515,297047,1,0,0,0,0.180827
423450,6,1,213380,58808,52404,154572,311107,0,0,0,0,0.0828919
423451,18,1,229138,63649,56313,165489,336487,0,0,0,0,0.0881004
423454,18,2,282318,80181,71172,202124,430744,1,0,0,0,0.186895
423459,18,1,191237,51902,45682,139335,272989,0,0,0,0,0.0885671
423460,18,1,192336,52627,46189,139709,277927,0,0,0,0,0.0927207
423461,18,2,267111,74659,66169,192439,399955,1,0,0,0,0.146158
423464,18,2,273844,76465,67718,197366,407957,1,0,0,0,0.147554
423469,18,1,216956,60157,53482,156799,317890,0,0,0,0,0.0994328
423482,36,1,208696,58170,51334,150526,309278,0,0,0,0,0.0726718
423485,36,1,216909,60526,53471,156383,320765,0,0,0,0,0.0627525
423488,36,1,222076,62668,54732,159408,332392,0,0,0,0,0.0712538
423490,6,1,175989,47148,42034,128841,249540,0,0,0,0,0.0995409
423491,18,1,155955,41868,36984,114087,222482,0,0,0,0,0.062562
423494,18,1,187559,51362,45798,136197,271223,0,0,0,0,0.0753325
423499,18,1,200840,54953,48925,145887,290071,0,0,0,0,0.0594535
423500,6,1,175977,47145,42034,128832,249522,0,0,0,0,0.0830112
423501,18,1,174936,47242,42065,127694,250761,0,0,0,0,0.0586244
423504,18,1,192579,53084,47317,139495,281277,0,0,0,0,0.0608585
423509,18,1,191712,52389,46649,139323,277242,0,0,0,0,0.0618563
423510,18,1,172157,45938,40366,126219,242867,0,0,0,0,0.059304
423511,18,1,193027,52494,46659,140533,276994,0,0,0,0,0.0905855
423514,18,2,295439,81772,71971,213654,436573,1,0,0,0,0.172417
423519,18,1,192188,52997,46953,139191,281400,0,0,0,0,0.0700254
423532,36,1,178534,48168,42973,130366,256076,0,0,0,0,0.0658186
423535,36,1,209702,58214,51452,151488,310346,0,0,0,0,0.0771965
423538,36,2,262268,73857,65345,188398,397197,1,0,0,0,0.192548
423540,6,1,175966,47142,42023,128824,249504,0,0,0,0,0.0914093
423541,18,1,191766,51503,45914,140263,270202,0,0,0,0,0.0843455
423544,18,1,195048,53599,47959,141449,284051,0,0,0,0,0.0722553
423549,18,1,190262,51738,45945,138524,272515,0,0,0,0,0.0836715
423550,18,1,172373,46002,40424,126371,243231,0,0,0,0,0.0743138
423551,18,1,206639,56259,50107,150380,295679,0,0,0,0,0.0754936
423554,18,2,254805,70415,62321,184377,375910,1,0,0,0,0.146306
423559,18,1,192016,52903,46714,139113,279950,0,0,0,0,0.0650111
423572,36,1,190964,51753,46114,139211,274593,0,0,0,0,0.0772303
423575,36,1,214171,59137,52336,155034,314577,0,0,0,0,0.0716841
423578,36,2,267525,75543,66648,191969,405903,1,0,0,0,0.158448
423580,18,2,248060,67785,59869,180262,360414,1,0,0,0,0.145829
423581,18,2,247898,67739,59826,180146,360148,1,0,0,0,0.153703
423584,18,2,260534,71400,63369,189121,376828,1,0,0,0,0.148527
423589,18,2,247862,67750,59854,180099,357304,1,0,0,0,0.140402
423602,36,1,186960,50018,44193,136942,263210,0,0,0,0,0.0624999
423605,36,1,212536,58402,51489,154134,309654,0,0,0,0,0.0580263
423608,36,1,209182,57492,50555,151690,304646,0,0,0,0,0.0574498
423630,18,1,164753,43719,39087,121034,229892,0,0,0,0,0.0538804
423631,18,1,164755,43710,39071,121045,229818,0,0,0,0,0.0551762
423632,18,1,164228,43685,38683,120543,231173,0,0,0,0,0.0609195
423633,18,1,179567,48056,43152,131511,253913,0,0,0,0,0.106648
423634,18,1,189744,51347,45529,138397,268888,0,0,0,0,0.0770948
423635,18,1,189772,51642,45912,138130,272617,0,0,0,0,0.0833346
423636,18,1,191719,52201,46376,139518,276529,0,0,0,0,0.0858293
423637,18,2,319625,88376,78195,231236,470446,1,0,0,0,0.174905
423638,18,1,187019,51313,45655,135706,271742,0,0,0,0,0.0643742
423639,18,1,177436,48812,43402,128624,257899,0,0,0,0,0.0643001
423660,6,1,223506,62830,55266,160676,336731,0,0,0,0,0.0790624
423661,18,1,203680,56346,48354,147334,300739,0,0,0,0,0.060064
423664,18,1,223840,62421,54407,161419,332625,0,0,0,0,0.062382
423669,18,1,224939,61722,54025,163217,327251,0,0,0,0,0.0611078
423670,6,1,223552,62842,55271,160710,336794,0,0,0,0,0.082955
423671,18,1,228832,64249,55683,164583,343061,0,0,0,0,0.0645677
423674,18,1,220355,61561,53629,158794,328594,0,0,0,0,0.0740382
423679,18,1,214400,59753,51989,154647,318287,0,0,0,0,0.0697557
423680,18,1,202992,56682,48862,146310,303898,0,0,0,0,0.0871049
423681,18,1,216397,59388,51484,157009,314646,0,0,0,0,0.0687131
423684,18,1,196691,53823,47044,142868,286028,0,0,0,0,0.0823961
423689,18,1,204458,56173,49347,148285,297156,0,0,0,0,0.0795522
423702,36,1,210426,58135,50523,152291,310226,0,0,0,0,0.0639213
423705,36,1,224507,62224,53984,162283,332252,0,0,0,0,0.0804384
423708,36,1,223560,62713,54057,160847,335003,0,0,0,0,0.0638202
423720,6,1,223514,62223,54770,161291,330783,0,0,0,0,0.102449
423721,18,1,194365,53691,45912,140674,285658,0,0,0,0,0.0643965
423724,18,2,263220,74117,65546,189091,395613,1,0,0,0,0.20374
423729,18,2,244967,68649,60850,176306,366565,1,0,0,0,0.174445
423730,6,1,223481,62221,54784,161260,330789,0,0,0,0,0.0877553
423731,18,2,269951,77338,68155,192600,417938,1,0,0,0,0.173414
423734,18,2,276346,79055,69730,197279,426239,1,0,0,0,0.180001
423739,18,1,217612,59900,51927,157712,314749,0,0,0,0,0.0600866
423740,18,1,203637,56233,48859,147404,299086,0,0,0,0,0.0581711
423741,18,2,262096,73620,64912,188464,394747,1,0,0,0,0.13321
423744,18,1,209393,57453,50531,151940,303605,0,0,0,0,0.0729977
423749,18,1,219448,60649,53037,158799,317913,0,0,0,0,0.0647438
423762,36,1,207645,57151,50023,150494,302664,0,0,0,0,0.0603401
423765,36,2,272260,77740,68728,194507,419558,1,0,0,0,0.130623
423768,36,1,223456,62611,53786,160845,332131,0,0,0,0,0.0603408
423770,6,1,193861,53267,47011,140594,284352,0,0,0,0,0.0745504
423771,18,1,169008,46798,40596,122210,251123,0,0,0,0,0.0564094
423774,18,1,203691,57929,50209,145762,309963,0,0,0,0,0.0829364
423779,18,1,205371,56868,49648,148503,301547,0,0,0,0,0.0605876
423780,6,1,193859,53275,47032,140584,284384,0,0,0,0,0.0789747
423781,18,1,185600,51589,45132,134011,276020,0,0,0,0,0.0577229
423784,18,1,215874,61140,53883,154734,327732,0,0,0,0,0.0640904
423789,18,1,205371,56566,49707,148805,299793,0,0,0,0,0.0585381
423790,18,1,176960,48464,42012,128496,259086,0,0,0,0,0.0587812
423791,18,2,361882,98755,85896,263115,525851,1,0,0,0,0.175609
423794,18,2,236306,66769,59133,169524,359343,1,0,0,0,0.134184
423799,18,2,267061,74777,66146,192272,400889,1,0,0,0,0.145766
423812,36,1,185374,50858,44632,134516,271584,0,0,0,0,0.0557577
423815,36,1,220304,61502,53693,158802,328350,0,0,0,0,0.0874767
423818,36,1,217295,60587,52862,156708,322688,0,0,0,0,0.0834168
423820,6,1,198975,53843,47686,145132,284787,0,0,0,0,0.124551
423821,18,1,185695,50548,44310,135147,267793,0,0,0,0,0.0656296
423824,18,1,213972,60197,52904,153775,320942,0,0,0,0,0.0700134
423829,18,1,210112,57655,50681,152457,305969,0,0,0,0,0.071744
423830,18,1,181196,49590,42918,131606,263729,0,0,0,0,0.0745929
423831,18,1,185619,50857,44416,134762,270640,0,0,0,0,0.059646
423834,18,2,228109,64165,56700,163931,345525,1,0,0,0,0.136297
423839,18,1,211090,57393,49870,153697,303767,0,0,0,0,0.0600234
423852,36,1,198410,54691,47652,143719,291248,0,0,0,0,0.0743293
423855,36,1,232441,65340,57047,167101,349116,0,0,0,0,0.0884186
423858,36,1,224313,62868,54692,161445,335272,0,0,0,0,0.0875733
423860,18,1,195004,52768,46244,142236,277439,0,0,0,0,0.0579613
423861,18,1,181670,48854,42465,132816,256880,0,0,0,0,0.054024
423864,18,2,264438,73498,64895,190927,390890,1,0,0,0,0.143765
423869,18,1,197818,53142,46133,144676,279347,0,0,0,0,0.0681022
423882,36,1,193930,52799,45437,141131,279527,0,0,0,0,0.0825986
423885,36,1,219071,60526,52995,158545,320292,0,0,0,0,0.0852827
423888,36,1,225913,62555,54670,163358,331745,0,0,0,0,0.0881031
423910,18,1,177991,47560,41658,130431,249712,0,0,0,0,0.0856715
423911,18,1,186223,49303,43352,136920,257396,0,0,0,0,0.0742507
423912,18,1,188565,50488,44242,138077,265432,0,0,0,0,0.0807224
423913,18,1,186218,49471,43645,136747,258926,0,0,0,0,0.0891761
423914,18,2,357843,99692,87874,258138,528359,1,0,0,0,0.199264
423915,18,2,217231,61422,54566,155796,330476,1,0,0,0,0.119758
423916,18,1,206668,55545,48802,151123,290093,0,0,0,0,0.0551236
423917,18,2,265425,74456,65599,190956,396957,1,0,0,0,0.126224
423918,18,1,225854,61067,53183,164787,320319,0,0,0,0,0.0590661
423919,18,1,203309,55571,48270,147738,293559,0,0,0,0,0.0554736
423950,6,1,223112,62704,55179,160408,335970,0,0,0,0,0.0767585
423951,18,1,241356,67610,58780,173746,359292,0,0,0,0,0.0622393
423954,18,1,216577,60496,52715,156081,322924,0,0,0,0,0.0598342
423959,18,1,200265,55740,48238,144525,297815,0,0,0,0,0.0557583
423960,18,1,202997,56685,48884,146312,303888,0,0,0,0,0.0574623
423961,18,1,223389,61313,53211,162076,324074,0,0,0,0,0.0573586
423964,18,1,190944,52423,45825,138521,279147,0,0,0,0,0.056368
423969,18,1,188584,51970,45726,136614,276202,0,0,0,0,0.0622189
423982,36,1,216664,59798,51973,156866,318388,0,0,0,0,0.0585974
423985,36,1,221460,61392,53527,160068,328619,0,0,0,0,0.057594
423988,36,1,211693,59151,51065,152542,316617,0,0,0,0,0.0575263
424010,6,1,223393,62205,54777,161188,330694,0,0,0,0,0.0754698
424011,18,2,277890,79905,70627,197972,432139,1,0,0,0,0.135558
424014,18,1,217567,60130,52236,157437,319239,0,0,0,0,0.0595
424019,18,1,202100,55860,48468,146240,295710,0,0,0,0,0.0605464
424020,18,1,203742,56276,48882,147466,299341,0,0,0,0,0.0566266
424021,18,2,269404,75827,66826,193565,406675,1,0,0,0,0.127843
424024,18,1,204007,55496,48709,148511,293235,0,0,0,0,0.0575106
424029,18,1,202810,55691,48725,147119,293384,0,0,0,0,0.0623222
424042,36,1,216404,59356,51982,157048,313828,0,0,0,0,0.0566487
424045,36,1,228400,63142,55122,165258,335795,0,0,0,0,0.0696982
424048,36,1,210545,58930,50777,151615,314125,0,0,0,0,0.0650853
424060,6,1,193518,53172,46940,140346,283794,0,0,0,0,0.0741826
424061,18,1,201825,55870,48857,145955,297232,0,0,0,0,0.0600643
424064,18,1,213613,59274,52357,154339,315748,0,0,0,0,0.0626786
424069,18,1,203660,55674,49129,147986,293841,0,0,0,0,0.0550367
424070,18,1,176693,48403,41976,128290,258773,0,0,0,0,0.0527562
424071,18,2,374680,102806,89723,271862,547200,1,0,0,0,0.157531
424074,18,2,240070,67959,60350,172098,365921,1,0,0,0,0.123197
424079,18,2,246824,69553,61522,177259,373419,1,0,0,0,0.130246
424092,36,1,197047,54018,47627,143029,287857,0,0,0,0,0.055909
424095,36,1,220911,61205,53337,159706,326069,0,0,0,0,0.0553344
424098,36,1,218124,60615,52941,157509,322057,0,0,0,0,0.0564769
424100,6,1,199240,53886,47710,145354,284967,0,0,0,0,0.085441
424101,18,1,186480,50314,44232,136166,266242,0,0,0,0,0.0618683
424104,18,1,212931,59270,52185,153661,315800,0,0,0,0,0.0637051
424109,18,1,210891,57812,50879,153079,306720,0,0,0,0,0.06111
424110,18,1,181140,49563,42900,131577,263577,0,0,0,0,0.0619941
424111,18,1,189400,51941,45435,137459,277127,0,0,0,0,0.0559644
424114,18,1,211618,58196,50950,153422,308179,0,0,0,0,0.0583187
424119,18,1,215777,58584,51023,157193,309791,0,0,0,0,0.0575413
424132,36,1,198147,54131,47081,144016,287959,0,0,0,0,0.058212
424135,36,1,233158,65568,57356,167590,350921,0,0,0,0,0.0651021
424138,36,1,228260,64028,55764,164232,341869,0,0,0,0,0.0611422
424140,18,1,195268,52800,46248,142468,277518,0,0,0,0,0.058189
424141,18,1,181492,48873,42523,132619,257075,0,0,0,0,0.0505636
424144,18,2,264317,73483,64898,190821,390849,1,0,0,0,0.164225
424149,18,1,197871,53161,46150,144710,279512,0,0,0,0,0.0568401
424162,36,1,184832,50294,43210,134538,267483,0,0,0,0,0.0603637
424165,36,1,209853,58144,50789,151709,308954,0,0,0,0,0.073549
424168,36,1,221405,61530,53601,159875,328092,0,0,0,0,0.0674632
424190,18,1,177976,47561,41660,130415,249723,0,0,0,0,0.0608274
424191,18,1,185754,49290,43345,136464,257576,0,0,0,0,0.0578522
424192,18,1,178819,48094,41909,130725,254929,0,0,0,0,0.0542412
424193,18,1,170804,45681,40443,125123,241906,0,0,0,0,0.0840085
424194,18,2,357862,99721,87892,258128,528554,1,0,0,0,0.151442
424195,18,2,208562,58455,51852,150094,314280,1,0,0,0,0.172075
424196,18,1,193163,52312,46076,140851,275249,0,0,0,0,0.0783562
424197,18,1,212069,57683,50924,154386,303042,0,0,0,0,0.0555017
424198,18,1,219988,59802,52356,160186,315777,0,0,0,0,0.0580018
424199,18,1,203178,55580,48264,147598,293774,0,0,0,0,0.077417
424240,18,2,249004,71259,62693,177733,384689,1,0,0,0,0.178496
424241,18,2,212120,59639,52728,152468,319556,1,0,0,0,0.168609
424244,18,1,186780,51488,44853,135292,274013,0,0,0,0,0.0718815
424249,18,1,183476,50520,44143,132956,269095,0,0,0,0,0.0918942
424262,36,1,209545,57608,49783,151937,306331,0,0,0,0,0.0849648
424265,36,1,221512,61616,53828,159896,329152,0,0,0,0,0.079911
424268,36,1,213316,59321,51548,153995,316766,0,0,0,0,0.0852638
424300,18,1,222379,61477,53601,160902,326105,0,0,0,0,0.0863538
424301,18,2,374946,106221,93141,268712,567670,1,0,0,0,0.181868
424304,18,1,205377,56330,49319,149047,298471,0,0,0,0,0.0839169
424309,18,1,196375,53898,47012,142477,284875,0,0,0,0,0.0845412
424322,36,1,218269,60160,52098,158109,318660,0,0,0,0,0.0619289
424325,36,1,228580,63099,55311,165481,334666,0,0,0,0,0.0621965
424328,36,1,214975,59403,51811,155572,315797,0,0,0,0,0.0646112
424350,18,2,229527,63222,55630,166292,338787,1,0,0,0,0.143782
424351,18,2,231399,63773,56304,167613,341467,1,0,0,0,0.149026
424354,18,2,249976,70573,62684,179390,379649,1,0,0,0,0.141934
424359,18,2,253745,71731,63812,182002,384819,1,0,0,0,0.141305
424372,36,1,196278,53355,46692,142923,282837,0,0,0,0,0.0672777
424375,36,1,224501,61931,53961,162570,329084,0,0,0,0,0.0756733
424378,36,1,225364,62730,54791,162634,334485,0,0,0,0,0.0591038
424390,18,1,218294,60247,52449,158047,319555,0,0,0,0,0.0709048
424391,18,1,186920,50725,44240,136195,269205,0,0,0,0,0.0552694
424394,18,1,212394,58527,51057,153867,309348,0,0,0,0,0.0588663
424399,18,2,201341,55201,48613,146127,294158,1,0,0,0,0.114167
424412,36,1,211777,58509,51170,153268,313156,0,0,0,0,0.0598263
424415,36,1,229349,63811,56042,165538,340724,0,0,0,0,0.0880928
424418,36,1,234777,65509,57639,169268,349746,0,0,0,0,0.0916006
424420,18,1,219311,60211,52515,159100,317684,0,0,0,0,0.0757662
424421,18,1,183685,49619,43240,134066,262833,0,0,0,0,0.0748811
424424,18,1,212798,58465,50954,154333,308776,0,0,0,0,0.0645796
424429,18,2,272480,76259,67317,196208,408028,1,0,0,0,0.144809
424442,36,1,201605,55012,47758,146593,293321,0,0,0,0,0.0610241
424445,36,1,223570,61927,54286,161643,330036,0,0,0,0,0.063569
424448,36,1,230993,63865,56170,167128,339500,0,0,0,0,0.0640525
424470,18,1,174348,46287,40235,128061,243716,0,0,0,0,0.0868773
424471,18,1,184641,49884,43497,134757,262844,0,0,0,0,0.0556308
424472,18,1,175739,47592,41385,128147,252529,0,0,0,0,0.0583195
424473,18,1,166680,44811,39424,121869,238202,0,0,0,0,0.0737409
424474,18,1,206018,56941,49827,149077,302645,0,0,0,0,0.0622519
424475,18,1,202302,55773,48825,146529,296149,0,0,0,0,0.0601339
424476,18,1,188687,51562,45117,137125,273078,0,0,0,0,0.0664766
424477,18,1,204276,56005,49490,148271,295922,0,0,0,0,0.0606967
424478,18,1,218981,60242,52722,158739,318602,0,0,0,0,0.0709051
424479,18,1,208791,57552,50235,151239,305653,0,0,0,0,0.0622474
424750,18,1,203742,55649,49148,148093,294642,0,0,0,0,0.0878578
424751,18,1,197799,54333,47440,143466,286101,0,0,0,0,0.0690098
424752,18,1,184107,50004,43533,134103,263909,0,0,0,0,0.0632637
424753,18,1,177198,48237,41838,128961,256146,0,0,0,0,0.0654248
424754,18,1,213417,60087,52633,153330,320397,0,0,0,0,0.0778104
424755,18,1,213056,60044,52788,153012,320658,0,0,0,0,0.0724914
424756,18,1,210382,59223,51788,151159,316681,0,0,0,0,0.0756194
424757,18,1,220677,60173,52706,160504,316550,0,0,0,0,0.0663494
424758,18,1,220095,60479,53139,159616,320008,0,0,0,0,0.0681209
424759,18,1,208130,57218,50407,150912,303857,0,0,0,0,0.0658835
424930,36,1,177793,48501,42250,129292,258296,0,0,0,0,0.053402
424931,36,1,192770,53195,46484,139575,283684,0,0,0,0,0.0563683
424932,36,1,189101,52016,45196,137085,277632,0,0,0,0,0.0577077
424933,36,1,200098,55563,48954,144535,297848,0,0,0,0,0.0861207
424934,36,1,204616,55648,48922,148968,293754,0,0,0,0,0.0732226
424935,36,1,204674,56469,49728,148205,300433,0,0,0,0,0.0575977
424936,36,1,212144,59460,52042,152684,318504,0,0,0,0,0.0677053
424937,36,1,206110,56963,49941,149147,302904,0,0,0,0,0.073511
424938,36,1,205971,57579,50499,148392,307912,0,0,0,0,0.0759272
424939,36,1,197733,54240,47127,143493,287514,0,0,0,0,0.0620862
424970,36,1,200920,55894,48641,145026,298315,0,0,0,0,0.0648882
424971,36,1,203478,55342,48417,148136,293266,0,0,0,0,0.0563823
424972,36,1,203948,56197,49222,147751,299820,0,0,0,0,0.0598163
424973,36,1,204258,56820,49774,147438,303853,0,0,0,0,0.0595228
424974,36,1,221179,61493,53698,159686,328123,0,0,0,0,0.0580394
424975,36,1,227374,63287,55307,164087,337372,0,0,0,0,0.0615167
424976,36,1,220838,61873,54253,158965,330705,0,0,0,0,0.0598085
424977,36,1,232080,64780,57265,167300,344925,0,0,0,0,0.0607757
424978,36,1,238326,66174,57881,172152,351825,0,0,0,0,0.0802699
424979,36,1,220700,61066,53137,159634,323619,0,0,0,0,0.0722542
425000,36,1,207887,57994,50604,149893,308546,0,0,0,0,0.0661005
425001,36,1,200919,54540,47704,146379,288594,0,0,0,0,0.0566081
425002,36,1,193447,53597,46867,139850,286705,0,0,0,0,0.0853693
425003,36,1,186250,51456,45020,134794,275249,0,0,0,0,0.063454
425004,36,1,220242,60938,53114,159304,324595,0,0,0,0,0.0615283
425005,36,1,224969,62944,55088,162025,336124,0,0,0,0,0.0645761
425006,36,1,210529,58781,51305,151748,313754,0,0,0,0,0.0582226
425007,36,1,225833,62327,54863,163506,331651,0,0,0,0,0.075009
425008,36,1,234288,65030,56925,169258,346242,0,0,0,0,0.0655646
425009,36,1,213949,59248,51524,154701,315612,0,0,0,0,0.0631232
425020,36,1,205331,57373,49554,147958,305740,0,0,0,0,0.0720444
425021,36,1,199449,55024,47925,144425,291682,0,0,0,0,0.0607694
425022,36,1,191160,52639,45643,138521,280253,0,0,0,0,0.0613481
425023,36,1,170110,46575,40095,123535,248726,0,0,0,0,0.0550364
425024,36,1,219244,61893,53917,157351,331034,0,0,0,0,0.0827763
425025,36,1,218368,61689,53798,156679,330261,0,0,0,0,0.0749538
425026,36,1,196566,54969,47333,141597,293382,0,0,0,0,0.0822389
425027,36,1,206098,56324,49178,149774,298343,0,0,0,0,0.0839737
425028,36,1,227650,63783,55588,163867,339188,0,0,0,0,0.067675
425029,36,1,217076,61193,53342,155883,327296,0,0,0,0,0.0671629
425340,6,1,209928,58816,52028,151112,313329,0,0,0,0,0.0921182
425341,18,1,187999,51721,44626,136278,274264,0,0,0,0,0.0584355
425344,18,1,214052,58822,51113,155230,310270,0,0,0,0,0.0650894
425349,18,1,204714,55842,48581,148872,294150,0,0,0,0,0.0798036
425350,6,1,209806,58792,52027,151014,313196,0,0,0,0,0.117811
425351,18,1,209001,58110,50336,150891,309236,0,0,0,0,0.0767423
425354,18,1,215922,59716,51859,156206,316600,0,0,0,0,0.0603303
425359,18,1,207669,57530,49866,150139,305746,0,0,0,0,0.0658349
425360,18,1,195224,54050,46622,141174,287686,0,0,0,0,0.0628921
425361,18,1,204046,55705,48546,148341,293904,0,0,0,0,0.0584168
425364,18,1,202669,55202,48148,147467,291069,0,0,0,0,0.0584207
425369,18,1,189645,52216,45740,137429,276756,0,0,0,0,0.0584769
425382,36,1,189351,52220,45400,137131,277638,0,0,0,0,0.0551771
425385,36,1,215137,58811,50871,156326,311486,0,0,0,0,0.0576293
425388,36,1,213744,59261,51576,154483,315106,0,0,0,0,0.0613152
425400,6,1,207536,58285,50998,149251,311670,0,0,0,0,0.076257
425401,18,1,180813,49731,42478,131082,264914,0,0,0,0,0.0563038
425404,18,2,240596,67089,59523,173495,357274,1,0,0,0,0.130589
425409,18,2,238756,66282,58990,172463,352803,1,0,0,0,0.152444
425410,6,1,207568,58296,50995,149272,311726,0,0,0,0,0.080315
425411,18,1,200507,56039,48676,144468,299318,0,0,0,0,0.079319
425414,18,2,269832,76889,67951,192930,413973,1,0,0,0,0.171786
425419,18,1,199816,54957,47761,144859,291223,0,0,0,0,0.0601714
425420,18,1,189764,52683,45416,137081,281631,0,0,0,0,0.0796746
425421,18,2,298837,83275,73036,215549,445710,1,0,0,0,0.161089
425424,18,1,201409,55107,47865,146302,290729,0,0,0,0,0.0563547
425429,18,1,199556,54463,47620,145093,286681,0,0,0,0,0.057862
425442,36,1,188293,51757,44846,136536,275507,0,0,0,0,0.0533146
425445,36,1,212387,58690,50940,153697,311356,0,0,0,0,0.0540762
425448,36,1,206726,57566,49521,149160,306758,0,0,0,0,0.0545661
425450,6,1,196342,53623,47258,142719,285525,0,0,0,0,0.0722981
425451,18,1,175183,48513,41890,126670,259800,0,0,0,0,0.0526479
425454,18,1,206754,58521,51052,148233,312740,0,0,0,0,0.0595452
425459,18,1,206313,57084,50081,149229,302976,0,0,0,0,0.0563167
425460,6,1,196075,53600,47232,142475,285496,0,0,0,0,0.0746653
425461,18,2,273834,75920,66635,197901,407992,1,0,0,0,0.142837
425464,18,1,206399,57716,50715,148683,308343,0,0,0,0,0.0602756
425469,18,1,200239,54815,47883,145424,290938,0,0,0,0,0.0559817
425470,18,1,172782,47132,40821,125650,251263,0,0,0,0,0.0558703
425471,18,2,266661,72760,63620,193888,388698,1,0,0,0,0.17652
425474,18,2,293477,82275,72812,211190,441064,1,0,0,0,0.20112
425479,18,2,260666,72938,64410,187715,391175,1,0,0,0,0.141765
425492,36,1,177247,48549,42489,128698,259257,0,0,0,0,0.061136
425495,36,1,209601,57801,50679,151800,307881,0,0,0,0,0.0805897
425498,36,1,205379,56667,49697,148712,301475,0,0,0,0,0.0732675
425500,6,1,182864,49096,43045,133768,260385,0,0,0,0,0.130787
425501,18,1,181605,49429,43557,132176,262887,0,0,0,0,0.0822017
425504,18,1,191396,53919,47490,137477,288835,0,0,0,0,0.0777762
425509,18,1,186218,50347,44161,135871,265725,0,0,0,0,0.0649067
425510,18,1,164977,44894,38712,120083,239541,0,0,0,0,0.0633675
425511,18,1,182927,49994,43565,132933,266532,0,0,0,0,0.0579806
425514,18,2,284131,79176,69554,204942,425088,1,0,0,0,0.142415
425519,18,1,186006,50143,43694,135863,264642,0,0,0,0,0.0581098
425532,36,1,189949,52366,45748,137583,279808,0,0,0,0,0.0711092
425535,36,1,211985,59204,51950,152781,317415,0,0,0,0,0.0654834
425538,36,1,203429,56170,48797,147259,298782,0,0,0,0,0.0789566
425540,18,1,183423,49800,43645,133623,263833,0,0,0,0,0.089052
425541,18,1,185158,50075,44031,135083,263687,0,0,0,0,0.0767754
425544,18,1,193152,52473,45707,140679,276385,0,0,0,0,0.0558051
425549,18,1,182844,48915,42623,133929,255623,0,0,0,0,0.0496062
425562,36,1,194591,53810,46782,140781,287491,0,0,0,0,0.0546864
425565,36,1,205879,56984,49855,148895,303455,0,0,0,0,0.0727495
425568,36,1,200858,54815,47567,146043,290011,0,0,0,0,0.0755534
425590,18,1,164865,44226,38805,120639,234074,0,0,0,0,0.0560554
425591,18,2,230729,63472,56242,167244,338270,1,0,0,0,0.128018
425592,18,1,188927,51618,45493,137309,274989,0,0,0,0,0.0550838
425593,18,1,188332,51115,45255,137217,270824,0,0,0,0,0.0565269
425594,18,1,196589,53677,47041,142912,283671,0,0,0,0,0.0524303
425595,18,1,202247,55170,48742,147077,292170,0,0,0,0,0.0585208
425596,18,1,194512,52673,46382,141839,277736,0,0,0,0,0.0531574
425597,18,1,186441,50081,43501,136360,262942,0,0,0,0,0.0510512
425598,18,1,201628,54216,47371,147412,284489,0,0,0,0,0.0562711
425599,18,1,185621,50437,44057,135184,264954,0,0,0,0,0.0546857
425630,6,1,209834,58804,52035,151030,313266,0,0,0,0,0.0892482
425631,18,1,225316,62595,54565,162721,330632,0,0,0,0,0.0637673
425634,18,1,216887,59879,52029,157008,316819,0,0,0,0,0.0616331
425639,18,1,213328,59349,51347,153979,315827,0,0,0,0,0.0719129
425640,18,1,195217,54049,46622,141168,287685,0,0,0,0,0.0798055
425641,18,2,282259,80486,71074,201761,432626,1,0,0,0,0.139595
425644,18,1,201251,55151,47885,146100,291895,0,0,0,0,0.0574216
425649,18,1,194907,53073,46554,141834,280173,0,0,0,0,0.0583197
425662,36,1,202410,55657,48376,146753,294264,0,0,0,0,0.0590884
425665,36,1,215715,59163,51226,156552,313831,0,0,0,0,0.061531
425668,36,1,218265,60541,52577,157724,321987,0,0,0,0,0.0595247
425690,6,1,208023,58392,51025,149631,312214,0,0,0,0,0.0767492
425691,18,2,295062,83638,73546,211411,450591,1,0,0,0,0.142286
425694,18,2,268319,76193,66970,192113,409947,1,0,0,0,0.170423
425699,18,1,217826,60292,52366,157534,318202,0,0,0,0,0.0621264
425700,18,1,189983,52787,45436,137196,282284,0,0,0,0,0.0740576
425701,18,2,226848,63075,55395,163760,337765,1,0,0,0,0.147373
425704,18,1,211256,57475,50054,153781,301893,0,0,0,0,0.066666
425709,18,1,213138,58516,51162,154622,306906,0,0,0,0,0.0894432
425722,36,1,204844,56457,48956,148387,299634,0,0,0,0,0.0771663
425725,36,1,222877,61377,53127,161500,324632,0,0,0,0,0.0794729
425728,36,1,216801,60565,52274,156236,321442,0,0,0,0,0.0835937
425740,6,1,196166,53649,47264,142517,285841,0,0,0,0,0.0967633
425741,18,2,289982,81055,71239,208914,435022,1,0,0,0,0.168661
425744,18,1,215262,59515,52352,155747,315782,0,0,0,0,0.0639518
425749,18,1,206867,56539,49685,150328,297755,0,0,0,0,0.0582395
425750,18,1,172759,47129,40812,125630,251254,0,0,0,0,0.0538569
425751,18,2,247687,68408,59976,179266,367028,1,0,0,0,0.132535
425754,18,2,194081,53546,47289,140523,285567,1,0,0,0,0.117462
425759,18,2,204525,56808,50089,147704,303355,1,0,0,0,0.13166
425772,36,1,194027,53034,46414,140993,281697,0,0,0,0,0.0526631
425775,36,1,219451,60229,52657,159222,319331,0,0,0,0,0.0552385
425778,36,1,216017,59492,52102,156525,314109,0,0,0,0,0.0570213
425780,6,1,182750,49091,43067,133659,260440,0,0,0,0,0.0842275
425781,18,2,270698,74506,65274,196179,399509,1,0,0,0,0.161541
425784,18,1,198720,55129,48296,143591,294597,0,0,0,0,0.0685429
425789,18,2,281165,77682,68512,203470,415048,1,0,0,0,0.154605
425790,18,1,164809,44854,38696,119955,239350,0,0,0,0,0.0612126
425791,18,2,299341,83273,72796,216055,447188,1,0,0,0,0.153165
425794,18,2,288322,80349,70665,207960,431552,1,0,0,0,0.142713
425799,18,2,280535,77681,68152,202841,414994,1,0,0,0,0.145117
425812,36,1,197591,54342,47461,143249,289952,0,0,0,0,0.0681042
425815,36,1,215653,59964,52419,155689,321164,0,0,0,0,0.0597657
425818,36,2,289786,81444,71272,208329,436850,1,0,0,0,0.18722
425820,18,1,183657,49831,43656,133826,263933,0,0,0,0,0.0690824
425821,18,1,185466,50200,44137,135266,264455,0,0,0,0,0.0616611
425824,18,1,192949,52416,45658,140533,276091,0,0,0,0,0.0568728
425829,18,1,182827,48924,42609,133903,255731,0,0,0,0,0.065123
425842,36,1,194522,53647,46311,140875,286230,0,0,0,0,0.080651
425845,36,1,205252,56503,49391,148749,300333,0,0,0,0,0.0683379
425848,36,1,205223,55549,48209,149674,292344,0,0,0,0,0.0579692
425870,18,1,164894,44225,38817,120669,234052,0,0,0,0,0.0609653
425871,18,2,230527,63418,56201,167096,337993,1,0,0,0,0.16173
425872,18,1,191444,52179,45840,139265,277407,0,0,0,0,0.0586859
425873,18,1,183653,49568,43956,134085,262583,0,0,0,0,0.0716612
425874,18,1,196730,53709,47074,143021,283823,0,0,0,0,0.0780559
425875,18,2,228830,63997,56873,164821,343795,1,0,0,0,0.138207
425876,18,1,187035,50267,44169,136768,264727,0,0,0,0,0.0535675
425877,18,1,192490,51564,44857,140926,269505,0,0,0,0,0.0873255
425878,18,1,208960,55860,48915,153100,291666,0,0,0,0,0.0846458
425879,18,1,185693,50466,44075,135227,265146,0,0,0,0,0.0654654
425920,18,2,204836,57265,50427,147558,306253,1,0,0,0,0.144072
425921,18,2,208590,58602,51764,149975,313662,1,0,0,0,0.127774
425924,18,2,333520,94669,83407,238838,507429,1,0,0,0,0.202624
425929,18,1,205928,56826,49764,149102,301444,0,0,0,0,0.0676582
425942,36,1,198952,54556,47033,144396,288329,0,0,0,0,0.0600872
425945,36,1,220121,60925,52772,159196,323718,0,0,0,0,0.060532
425948,36,1,221114,61635,53382,159479,327928,0,0,0,0,0.0639016
425980,18,1,215799,60033,52059,155766,319146,0,0,0,0,0.0796656
425981,18,1,221576,61558,53470,160018,325853,0,0,0,0,0.0749212
425984,18,1,228708,62957,55000,165751,331148,0,0,0,0,0.0838635
425989,18,1,229023,63290,55664,165733,331441,0,0,0,0,0.0625315
426002,36,1,209470,57247,49423,152223,301647,0,0,0,0,0.0693269
426005,36,1,227579,62843,54790,164736,333038,0,0,0,0,0.0627206
426008,36,1,228577,63938,55450,164639,340332,0,0,0,0,0.0631649
426030,18,1,202050,55038,48279,147012,290647,0,0,0,0,0.0603967
426031,18,1,209266,56917,50112,152349,299136,0,0,0,0,0.0654957
426034,18,2,246276,69435,61697,176828,372723,1,0,0,0,0.163686
426039,18,2,239082,67182,59483,171888,359158,1,0,0,0,0.138734
426052,36,1,203246,55517,48554,147729,293493,0,0,0,0,0.07517
426055,36,1,229058,63297,55244,165761,336899,0,0,0,0,0.0850328
426058,36,1,230018,63974,55897,166044,341102,0,0,0,0,0.0605678
426070,18,1,204142,56493,48883,147649,301226,0,0,0,0,0.0742736
426071,18,1,192145,52210,45780,139935,277474,0,0,0,0,0.0771628
426074,18,1,201113,54730,47439,146383,289355,0,0,0,0,0.0661952
426079,18,2,197396,53915,47351,143468,286957,1,0,0,0,0.131579
426092,36,1,206924,56623,49449,150301,302284,0,0,0,0,0.0727058
426095,36,1,220947,61291,53884,159656,328409,0,0,0,0,0.0857503
426098,36,1,228094,63274,55635,164820,336202,0,0,0,0,0.0626804
426100,18,1,209645,57901,50284,151744,307501,0,0,0,0,0.0974776
426101,18,1,198903,53992,47084,144911,285752,0,0,0,0,0.0767731
426104,18,1,208323,56424,48974,151899,296767,0,0,0,0,0.0564282
426109,18,2,199470,54393,47858,145064,288405,1,0,0,0,0.115434
426122,36,1,206344,56328,48937,150016,300096,0,0,0,0,0.0560355
426125,36,1,216238,59481,51896,156757,317356,0,0,0,0,0.0579058
426128,36,1,222763,61154,53836,161609,323291,0,0,0,0,0.0737999
426150,18,1,162424,43337,37577,119087,230284,0,0,0,0,0.0807509
426151,18,1,184112,50055,43872,134057,265798,0,0,0,0,0.0549267
426152,18,1,186243,50680,44425,135563,269431,0,0,0,0,0.0558018
426153,18,1,187255,50474,44599,136781,266919,0,0,0,0,0.0586534
426154,18,1,196972,54235,47422,142737,289359,0,0,0,0,0.063475
426155,18,1,192633,52689,46152,139944,280471,0,0,0,0,0.073542
426156,18,1,182147,49051,43115,133096,259281,0,0,0,0,0.066433
426157,18,1,195678,52345,45809,143333,272881,0,0,0,0,0.0584747
426158,18,1,197039,53165,46485,143874,279641,0,0,0,0,0.0838252
426159,18,1,194703,52818,46230,141885,278133,0,0,0,0,0.0590434
426430,18,1,190145,52155,45968,137990,278268,0,0,0,0,0.0956515
426431,18,1,184482,50253,44087,134229,267027,0,0,0,0,0.0881229
426432,18,1,183569,50186,44084,133383,267011,0,0,0,0,0.0628481
426433,18,2,300854,83403,73271,217438,446668,1,0,0,0,0.167628
426434,18,1,196822,54716,48342,142106,291880,0,0,0,0,0.0647406
426435,18,1,194565,54397,48015,140168,290713,0,0,0,0,0.0684003
426436,18,1,188727,52527,46114,136200,280465,0,0,0,0,0.0676312
426437,18,1,189052,51036,44810,138016,269143,0,0,0,0,0.0700198
426438,18,1,194432,52769,46534,141663,278024,0,0,0,0,0.0857449
426439,18,2,307197,84954,74895,222230,452726,1,0,0,0,0.199069
426650,36,1,188243,52390,45313,135853,281512,0,0,0,0,0.0682974
426651,36,1,199225,54385,47263,144840,289359,0,0,0,0,0.0587545
426652,36,1,205741,56881,49717,148860,303968,0,0,0,0,0.0597473
426653,36,1,195945,54122,47305,141823,290210,0,0,0,0,0.0572163
426654,36,1,214674,59547,51992,155127,318505,0,0,0,0,0.0622792
426655,36,1,211837,58312,51368,153525,310554,0,0,0,0,0.0591021
426656,36,1,203484,56151,48955,147333,300157,0,0,0,0,0.0573332
426657,36,1,209806,57378,50433,152428,303534,0,0,0,0,0.0585884
426658,36,1,219021,60233,52724,158788,318938,0,0,0,0,0.0594673
426659,36,1,210165,57785,50148,152380,305374,0,0,0,0,0.0587096
426680,36,1,199755,56057,48674,143698,301136,0,0,0,0,0.0711822
426681,36,1,205127,55792,48508,149335,295236,0,0,0,0,0.0571518
426682,36,1,202375,56202,49083,146173,300915,0,0,0,0,0.0579229
426683,36,1,193996,53651,46961,140345,287312,0,0,0,0,0.0582623
426684,36,1,223119,61855,53872,161264,329562,0,0,0,0,0.0635994
426685,36,1,209468,58241,51473,151227,311132,0,0,0,0,0.0784043
426686,36,1,199345,54822,47960,144523,292068,0,0,0,0,0.0562669
426687,36,1,209338,57157,50112,152181,302369,0,0,0,0,0.0566792
426688,36,1,216165,59562,52077,156603,315681,0,0,0,0,0.0590509
426689,36,1,217727,59730,51762,157997,314158,0,0,0,0,0.0611346
426700,36,1,195400,54940,47461,140460,295054,0,0,0,0,0.068429
426701,36,1,190840,52295,45710,138545,278599,0,0,0,0,0.0557332
426702,36,1,193228,53369,46810,139859,284977,0,0,0,0,0.0565643
426703,36,1,184399,50672,44120,133727,270332,0,0,0,0,0.0560559
426704,36,1,211004,59385,51748,151619,318403,0,0,0,0,0.05934
426705,36,1,207044,58290,51058,148754,313099,0,0,0,0,0.061236
426706,36,1,180856,49938,43249,130918,266192,0,0,0,0,0.0545054
426707,36,1,192132,52028,45343,140104,274805,0,0,0,0,0.0547778
426708,36,1,210079,58392,50727,151687,309925,0,0,0,0,0.0587175
426709,36,1,207572,57840,50360,149732,306885,0,0,0,0,0.0586834
427030,6,1,204199,55066,48586,149133,289158,0,0,0,0,0.0909466
427031,18,1,205378,56512,49727,148866,298924,0,0,0,0,0.0778486
427034,18,1,225554,62454,54861,163100,330275,0,0,0,0,0.0781741
427039,18,1,202205,55516,49186,146689,293534,0,0,0,0,0.0642457
427040,18,1,183939,50269,43924,133670,265520,0,0,0,0,0.0654543
427041,18,1,187367,50876,44058,136491,269088,0,0,0,0,0.0540514
427044,18,1,216001,58580,51392,157421,307193,0,0,0,0,0.0578069
427049,18,1,188378,50931,45019,137447,267939,0,0,0,0,0.0602412
427062,36,1,212407,58448,51214,153959,308966,0,0,0,0,0.0602384
427065,36,1,222550,61923,54222,160627,328861,0,0,0,0,0.0629455
427068,36,1,216019,59860,52711,156159,317626,0,0,0,0,0.0611635
427090,6,1,188375,50749,44930,137626,267830,0,0,0,0,0.0814887
427091,18,1,201606,55877,48958,145729,297244,0,0,0,0,0.069783
427094,18,2,236722,67163,59415,169546,361351,1,0,0,0,0.175871
427099,18,1,188575,51929,45707,136646,275402,0,0,0,0,0.0627025
427100,18,1,168404,45943,40194,122461,243947,0,0,0,0,0.0643043
427101,18,1,183188,49173,42928,134015,259559,0,0,0,0,0.0631064
427104,18,2,276447,77288,68345,199149,413563,1,0,0,0,0.179635
427109,18,1,196929,53387,47278,143542,280672,0,0,0,0,0.0748625
427122,36,1,209396,58335,50996,151061,311060,0,0,0,0,0.0609217
427125,36,1,207991,58339,51313,149652,311062,0,0,0,0,0.0601079
427128,36,1,194431,53862,47301,140569,286403,0,0,0,0,0.0847619
427140,6,1,195164,52452,46342,142712,276583,0,0,0,0,0.111457
427141,18,1,181474,49591,43102,131883,263420,0,0,0,0,0.0863115
427144,18,1,217248,61916,54599,155332,332171,0,0,0,0,0.0702009
427149,18,1,208255,57468,50712,150787,305747,0,0,0,0,0.0621783
427150,18,1,169670,46131,39957,123539,244892,0,0,0,0,0.0629231
427151,18,1,172615,47098,41510,125517,251188,0,0,0,0,0.0696711
427154,18,1,189749,51586,45291,138163,272845,0,0,0,0,0.067995
427159,18,2,325928,90969,80623,234946,484977,1,0,0,0,0.179561
427172,36,1,194695,53500,46959,141195,284701,0,0,0,0,0.0803186
427175,36,1,216933,61018,53788,155915,325970,0,0,0,0,0.0688327
427178,36,1,208487,57824,51251,150663,308101,0,0,0,0,0.0604207
427180,6,1,177474,47172,41474,130302,249883,0,0,0,0,0.0807676
427181,18,2,195819,53997,47401,141809,289605,1,0,0,0,0.155945
427184,18,1,211265,59489,52183,151776,319271,0,0,0,0,0.100014
427189,18,1,201350,54894,48191,146456,290071,0,0,0,0,0.0741308
427190,18,1,154627,41532,35695,113095,221446,0,0,0,0,0.0561384
427191,18,1,181639,49411,43259,132228,263101,0,0,0,0,0.0606726
427194,18,1,183390,49618,43398,133772,262866,0,0,0,0,0.0569599
427199,18,1,182962,49025,42596,133937,257926,0,0,0,0,0.0522409
427212,36,1,187508,51378,44581,136130,273994,0,0,0,0,0.0553456
427215,36,1,205734,57016,49724,148718,305052,0,0,0,0,0.0585413
427218,36,1,189669,51991,45484,137678,275530,0,0,0,0,0.0577216
427220,18,1,166377,45190,39249,121187,239046,0,0,0,0,0.0570656
427221,18,1,174015,47088,41151,126927,247065,0,0,0,0,0.0547175
427224,18,2,244521,67166,59520,177342,355646,1,0,0,0,0.160027
427229,18,1,185569,49415,43023,136154,257629,0,0,0,0,0.085754
427242,36,1,181219,50009,43802,131210,267752,0,0,0,0,0.0701356
427245,36,1,201122,56557,49364,144565,303495,0,0,0,0,0.0685454
427248,36,1,198031,55786,48552,142245,298401,0,0,0,0,0.0850382
427270,18,1,177694,47164,41003,130530,246784,0,0,0,0,0.0751302
427271,18,1,186787,49625,43316,137162,257934,0,0,0,0,0.0574759
427272,18,2,172849,46050,40117,126787,243930,1,0,0,0,0.142581
427273,18,1,183381,49091,43417,134290,258420,0,0,0,0,0.0611296
427274,18,1,192934,51414,45132,141520,267178,0,0,0,0,0.0565392
427275,18,2,210201,58582,51751,151607,313862,1,0,0,0,0.166175
427276,18,1,208023,55401,48657,152622,289638,0,0,0,0,0.0717316
427277,18,2,196743,54274,47867,142457,289702,1,0,0,0,0.158604
427278,18,1,193644,51872,45422,141772,270981,0,0,0,0,0.0578049
427279,18,1,201680,53850,47170,147830,279007,0,0,0,0,0.0654913
427320,18,2,237972,67541,59885,170419,362853,1,0,0,0,0.142224
427321,18,1,189066,51002,44564,138064,268215,0,0,0,0,0.0548275
427324,18,1,206874,56451,49667,150423,296981,0,0,0,0,0.0559777
427329,18,1,183837,49306,43759,134531,258911,0,0,0,0,0.0603607
427342,36,1,203405,55594,48363,147811,294866,0,0,0,0,0.0590845
427345,36,1,222125,61468,53843,160657,327589,0,0,0,0,0.0627216
427348,36,1,202918,54975,48681,147943,290153,0,0,0,0,0.0554439
427380,18,1,186812,51082,44952,135730,270615,0,0,0,0,0.0620871
427381,18,1,190583,51058,44852,139525,268737,0,0,0,0,0.0580474
427384,18,2,279176,77751,68907,201412,415544,1,0,0,0,0.13981
427389,18,1,194248,52065,45973,142183,271253,0,0,0,0,0.0558407
427402,36,1,196821,53539,46822,143282,284315,0,0,0,0,0.0520112
427405,36,1,211733,58494,51277,153239,311412,0,0,0,0,0.0587583
427408,36,1,202090,55663,48995,146427,295786,0,0,0,0,0.0564575
427430,18,1,185723,50600,44279,135123,267632,0,0,0,0,0.119172
427431,18,1,180066,48481,42766,131585,256830,0,0,0,0,0.0835268
427434,18,2,306004,85982,76294,220009,460846,1,0,0,0,0.169152
427439,18,2,298369,83177,73823,215179,443959,1,0,0,0,0.151598
427452,36,1,189851,51702,45373,138149,275413,0,0,0,0,0.0640005
427455,36,1,218575,60362,53177,158213,321369,0,0,0,0,0.0637317
427458,36,1,221350,61175,54271,160175,325430,0,0,0,0,0.0608346
427470,18,1,177210,48475,42461,128735,259033,0,0,0,0,0.0614072
427471,18,1,189820,51245,44991,138575,271237,0,0,0,0,0.0627588
427474,18,1,187802,50344,44028,137458,265244,0,0,0,0,0.0551696
427479,18,1,186675,49572,43050,137103,258312,0,0,0,0,0.0538007
427492,36,1,190294,52116,45451,138178,278484,0,0,0,0,0.0562636
427495,36,1,207583,56947,50081,150636,304264,0,0,0,0,0.0671477
427498,36,1,204670,55920,49414,148750,295794,0,0,0,0,0.0838714
427500,18,1,175017,48341,42224,126676,259199,0,0,0,0,0.0773208
427501,18,1,181068,49310,43142,131758,260684,0,0,0,0,0.0820721
427504,18,2,244155,68509,60532,175633,368003,1,0,0,0,0.178272
427509,18,1,195551,52183,45459,143368,272285,0,0,0,0,0.0587253
427522,36,1,189194,52193,45908,137001,280076,0,0,0,0,0.0753644
427525,36,1,204541,57280,50452,147261,307864,0,0,0,0,0.0598115
427528,36,1,205412,57302,50505,148110,305892,0,0,0,0,0.0639448
427550,18,1,171375,45954,39949,125421,243007,0,0,0,0,0.0635237
427551,18,1,184833,49727,43774,135106,260991,0,0,0,0,0.0697799
427552,18,2,179767,48207,42096,131548,255970,1,0,0,0,0.15542
427553,18,1,175298,46334,40838,128964,242833,0,0,0,0,0.0763874
427554,18,2,296994,82865,73199,214116,443662,1,0,0,0,0.152611
427555,18,2,206861,57104,50301,149745,304875,1,0,0,0,0.125347
427556,18,1,199580,53239,46775,146341,278822,0,0,0,0,0.0639819
427557,18,2,196187,53514,47359,142661,284067,1,0,0,0,0.139992
427558,18,1,190153,50993,44520,139160,266440,0,0,0,0,0.061081
427559,18,1,202683,54507,47658,148176,284019,0,0,0,0,0.068762
427830,18,1,181558,49703,43219,131855,263334,0,0,0,0,0.063494
427831,18,2,356004,98079,86469,257912,521761,1,0,0,0,0.167315
427832,18,1,188310,51233,45597,137077,269311,0,0,0,0,0.0567744
427833,18,1,190573,51541,45694,139032,270664,0,0,0,0,0.0596117
427834,18,2,306505,85949,76206,220543,459541,1,0,0,0,0.159679
427835,18,1,214464,58830,51638,155634,310070,0,0,0,0,0.0607174
427836,18,2,315160,88214,77944,226933,471781,1,0,0,0,0.159911
427837,18,2,200177,54515,47956,145650,289511,1,0,0,0,0.13161
427838,18,2,196478,53454,46959,143011,283872,1,0,0,0,0.140982
427839,18,2,304108,84662,74915,219433,450124,1,0,0,0,0.221286
428080,36,1,199164,55480,48227,143684,297413,0,0,0,0,0.0818512
428081,36,1,209537,57481,49732,152056,304428,0,0,0,0,0.0805141
428082,36,1,200201,55021,48368,145180,293458,0,0,0,0,0.0686173
428083,36,1,198712,53910,47411,144802,286329,0,0,0,0,0.0749967
428084,36,1,215440,59555,52116,155885,316369,0,0,0,0,0.0798367
428085,36,1,220866,61804,54200,159062,330382,0,0,0,0,0.0775316
428086,36,1,220822,60579,52964,160243,322048,0,0,0,0,0.0741732
428087,36,1,220116,60881,53316,159235,322679,0,0,0,0,0.0606773
428088,36,1,222310,61540,53190,160770,326867,0,0,0,0,0.0742404
428089,36,1,230574,63096,55019,167478,331191,0,0,0,0,0.0780762
428100,36,1,187830,51986,45171,135844,277078,0,0,0,0,0.0712778
428101,36,1,203222,56596,49394,146626,299551,0,0,0,0,0.079379
428102,36,1,196910,53851,47633,143059,285923,0,0,0,0,0.0701888
428103,36,1,189578,51972,45822,137606,276263,0,0,0,0,0.0616752
428104,36,2,306388,86245,76135,220130,462169,1,0,0,0,0.173221
428105,36,1,221946,62178,54445,159768,331452,0,0,0,0,0.0610602
428106,36,1,208367,57815,50773,150552,306157,0,0,0,0,0.0565145
428107,36,2,196128,53803,47259,142313,286156,1,0,0,0,0.138011
428108,36,1,210979,58201,50552,152778,307099,0,0,0,0,0.0626255
428109,36,1,217414,59773,52234,157641,313214,0,0,0,0,0.06262
428440,18,2,244289,69540,61668,174737,372756,1,0,0,0,0.150834
428441,18,1,185579,50138,43918,135441,263302,0,0,0,0,0.0570464
428444,18,1,198778,54259,47604,144519,286697,0,0,0,0,0.0566795
428449,18,1,174642,46848,41544,127794,246764,0,0,0,0,0.0575049
428462,36,1,188157,51196,44264,136961,271216,0,0,0,0,0.0548332
428465,36,1,212892,59299,51691,153593,316495,0,0,0,0,0.057555
428468,36,1,199653,53902,47498,145751,283742,0,0,0,0,0.0581104
428500,18,1,199662,54339,47758,145323,284917,0,0,0,0,0.0608655
428501,18,1,195080,52595,46423,142485,277240,0,0,0,0,0.0571613
428504,18,2,284583,79505,70696,205065,424378,1,0,0,0,0.154296
428509,18,1,193699,51939,45872,141760,270646,0,0,0,0,0.0570892
428522,36,1,189371,51214,44981,138157,270296,0,0,0,0,0.0535909
428525,36,1,210342,58239,51213,152103,309828,0,0,0,0,0.0599963
428528,36,1,211395,57861,50995,153534,306404,0,0,0,0,0.0630885
428550,18,1,195371,52847,46246,142524,277280,0,0,0,0,0.0634077
428551,18,1,177770,48021,42192,129749,254995,0,0,0,0,0.0664965
428554,18,2,313709,87884,77871,225813,469223,1,0,0,0,0.147146
428559,18,2,292676,81299,72060,211364,433405,1,0,0,0,0.141675
428572,36,1,182328,49159,43126,133169,260388,0,0,0,0,0.0528093
428575,36,1,214987,59250,51993,155737,315286,0,0,0,0,0.0581479
428578,36,1,220483,60812,53579,159671,323279,0,0,0,0,0.0601989
428590,18,1,188255,50786,44538,137469,267927,0,0,0,0,0.0619304
428591,18,1,201206,54052,47443,147154,283349,0,0,0,0,0.080963
428594,18,1,200491,53474,46890,147017,278743,0,0,0,0,0.0635405
428599,18,1,195871,51800,44787,144071,267497,0,0,0,0,0.0517064
428612,36,1,193783,52998,46406,140785,282666,0,0,0,0,0.0560497
428615,36,1,205079,56094,49081,148985,298896,0,0,0,0,0.0553759
428618,36,1,207878,56699,50079,151179,299447,0,0,0,0,0.0566032
428620,18,1,174077,47341,41303,126736,252874,0,0,0,0,0.0584232
428621,18,1,182976,49332,42889,133644,260205,0,0,0,0,0.0640819
428624,18,2,294437,82223,72380,212201,440149,1,0,0,0,0.154905
428629,18,1,192522,51364,44928,141158,268255,0,0,0,0,0.0709376
428642,36,1,190674,52438,46213,138236,280673,0,0,0,0,0.0702175
428645,36,1,210263,58779,51719,151484,315120,0,0,0,0,0.068609
428648,36,1,210552,58468,51319,152084,311483,0,0,0,0,0.0681048
428670,18,1,156692,41639,36022,115053,221192,0,0,0,0,0.0575059
428671,18,1,176005,47635,41853,128370,252161,0,0,0,0,0.06203
428672,18,1,170189,45488,40283,124701,241173,0,0,0,0,0.0599468
428673,18,1,166992,44224,39127,122768,233310,0,0,0,0,0.0542373
428674,18,1,172712,46833,41049,125879,248614,0,0,0,0,0.0574995
428675,18,1,191755,51703,45271,140052,272922,0,0,0,0,0.0599487
428676,18,1,183969,49569,43564,134400,262762,0,0,0,0,0.0560833
428677,18,1,179640,48251,42063,131389,253723,0,0,0,0,0.0567028
428678,18,1,181534,48905,42495,132629,257242,0,0,0,0,0.0556387
428679,18,1,196819,53436,46717,143383,281017,0,0,0,0,0.0637994
428950,18,1,164412,44682,38677,119730,237652,0,0,0,0,0.0635877
428951,18,1,187501,51622,45331,135879,273010,0,0,0,0,0.0625983
428952,18,1,183098,49990,44434,133108,264300,0,0,0,0,0.0579363
428953,18,1,182320,49398,43911,132922,260711,0,0,0,0,0.0562256
428954,18,1,178693,48665,42675,130028,257375,0,0,0,0,0.0601789
428955,18,1,207867,57312,50422,150555,303941,0,0,0,0,0.058458
428956,18,1,198087,54600,48049,143487,290178,0,0,0,0,0.0618851
428957,18,1,201024,55227,48345,145797,291870,0,0,0,0,0.0591779
428958,18,2,192090,52137,45804,139940,276688,1,0,0,0,0.125721
428959,18,2,299098,83238,73349,215847,443716,1,0,0,0,0.182407
429220,36,1,173310,47374,41117,125936,253246,0,0,0,0,0.0558007
429221,36,1,194711,54098,47308,140613,287743,0,0,0,0,0.0575738
429222,36,1,186614,51241,45199,135373,273915,0,0,0,0,0.0735699
429223,36,1,180089,49346,43426,130743,263554,0,0,0,0,0.0685113
429224,36,1,189933,52782,46326,137151,281344,0,0,0,0,0.0565491
429225,36,1,213868,60039,52587,153829,321728,0,0,0,0,0.0560563
429226,36,1,193842,53515,46882,140327,285439,0,0,0,0,0.058172
429227,36,1,200702,55771,48761,144931,297017,0,0,0,0,0.0825209
429228,36,1,200910,55369,48101,145541,293294,0,0,0,0,0.0707823
429229,36,1,210162,58083,50801,152079,306359,0,0,0,0,0.0854858
429790,18,1,154969,41688,35793,113281,221811,0,0,0,0,0.0768932
429791,18,1,176826,48250,42234,128576,255330,0,0,0,0,0.0611248
429792,18,1,176156,48289,42643,127867,258302,0,0,0,0,0.0620443
429793,18,1,176210,48319,42640,127891,258436,0,0,0,0,0.0604272
429794,18,1,169350,46007,40123,123343,243868,0,0,0,0,0.0657888
429795,18,1,193550,53577,47115,139973,286354,0,0,0,0,0.0607716
429796,18,1,193540,53572,47109,139968,286321,0,0,0,0,0.077307
429797,18,1,193733,53561,46924,140172,284794,0,0,0,0,0.0775284
429798,18,1,193320,53474,46875,139846,284395,0,0,0,0,0.0697641
429799,18,1,184670,49499,43081,135171,260049,0,0,0,0,0.0698115
431200,3,1,150739,39922,33729,110817,210038,0,0,0,0,0.156368
431201,9,1,146150,39460,33265,106690,208687,0,0,0,0,0.0990388
431204,9,1,176070,48223,42225,127847,254964,0,0,0,0,0.0991756
431209,9,1,169299,47015,40574,122284,250232,0,0,0,0,0.108778
431210,3,1,163325,44602,38327,118723,236112,0,0,0,0,0.0994659
431211,9,1,159052,43411,36378,115641,230409,0,0,0,0,0.0974373
431214,9,1,189696,52335,44896,137361,277501,0,0,0,0,0.0723634
431219,9,1,168606,46438,39767,122168,247027,0,0,0,0,0.0836414
431220,3,1,163276,44590,38319,118686,236051,0,0,0,0,0.13271
431221,9,1,158831,43356,36364,115475,230141,0,0,0,0,0.0736498
431224,9,1,189740,52327,44870,137413,277405,0,0,0,0,0.0696383
431229,9,1,168722,46485,39803,122237,247343,0,0,0,0,0.0666797
431230,3,1,163235,44570,38306,118665,235927,0,0,0,0,0.098125
431231,9,1,187012,53328,45637,133684,285968,0,0,0,0,0.0869946
431234,9,1,211172,59257,51452,151915,314790,0,0,0,0,0.0929386
431239,9,1,155454,42534,35897,112920,226466,0,0,0,0,0.0723327
431240,9,1,144110,39318,33306,104792,208999,0,0,0,0,0.0904442
431241,9,1,168243,46488,40361,121755,247948,0,0,0,0,0.0768123
431242,18,1,170477,47316,40465,123161,252146,0,0,0,0,0.0655888
431244,9,1,192283,53173,46192,139110,282576,0,0,0,0,0.0722981
431245,18,1,188554,52942,45248,135612,282949,0,0,0,0,0.0912705
431248,18,1,186806,51190,43938,135616,270919,0,0,0,0,0.0766472
431249,9,1,164655,45460,39034,119195,241732,0,0,0,0,0.0897463
431270,3,1,190103,52699,46050,137404,279378,0,0,0,0,0.0893417
431271,9,1,177051,48666,41655,128385,257412,0,0,0,0,0.0664703
431274,9,1,203633,56296,48850,147337,297008,0,0,0,0,0.0648496
431279,9,1,179964,49014,42178,130950,258271,0,0,0,0,0.0621998
431280,3,1,189998,52647,46009,137351,279030,0,0,0,0,0.0959824
431281,9,1,176899,48606,41634,128293,257019,0,0,0,0,0.0678585
431284,9,1,203640,56255,48833,147385,296686,0,0,0,0,0.0676675
431289,9,1,179323,48757,41980,130566,256787,0,0,0,0,0.0591816
431290,3,1,189982,52640,46019,137342,278996,0,0,0,0,0.0922747
431291,9,1,214868,61308,53322,153560,326896,0,0,0,0,0.0688547
431294,9,1,227303,64033,55962,163270,339005,0,0,0,0,0.0729749
431299,9,1,169574,45778,38960,123796,241421,0,0,0,0,0.0605263
431300,9,1,171583,47718,41268,123865,253984,0,0,0,0,0.060949
431301,9,1,190713,52989,46061,137724,281325,0,0,0,0,0.0627386
431302,18,1,194406,54519,47275,139887,290580,0,0,0,0,0.0680712
431304,9,1,206323,56984,48969,149339,300762,0,0,0,0,0.0638953
431305,18,1,204075,57248,49714,146827,304660,0,0,0,0,0.0668496
431308,18,1,203727,56200,48111,147527,296472,0,0,0,0,0.0732927
431309,9,1,187647,52792,46095,134855,280652,0,0,0,0,0.0890621
431330,3,1,168823,45595,39496,123228,239868,0,0,0,0,0.0901835
431331,9,1,144808,38913,33558,105895,205348,0,0,0,0,0.0628949
431334,9,1,189482,52300,44854,137182,275145,0,0,0,0,0.072359
431339,9,1,201189,55741,48593,145448,294300,0,0,0,0,0.0712259
431340,3,1,168796,45579,39476,123217,239763,0,0,0,0,0.1125
431341,9,1,165433,45259,39837,120174,239596,0,0,0,0,0.0597755
431344,9,1,182825,50498,43870,132327,266905,0,0,0,0,0.064548
431349,9,1,178683,48210,41706,130473,252923,0,0,0,0,0.0592261
431350,9,1,170562,46731,39862,123831,246992,0,0,0,0,0.0654848
431351,9,1,192736,52118,44837,140618,273469,0,0,0,0,0.0674471
431354,9,1,190905,52106,44903,138799,275194,0,0,0,0,0.0625724
431355,18,1,207352,57330,49692,150022,304337,0,0,0,0,0.0612366
431358,18,1,199006,54510,46930,144496,287059,0,0,0,0,0.0586486
431359,9,1,201089,55077,46913,146012,289604,0,0,0,0,0.0681365
431362,18,1,174348,47616,41008,126732,252367,0,0,0,0,0.0607554
431380,3,1,168800,45584,39477,123216,239797,0,0,0,0,0.0875229
431381,9,1,188842,52162,46501,136680,275649,0,0,0,0,0.0642308
431384,9,1,186037,52394,45680,133643,278564,0,0,0,0,0.0656526
431389,9,1,164529,44845,38462,119684,236475,0,0,0,0,0.0578475
431390,9,1,170565,46731,39844,123834,246999,0,0,0,0,0.0664645
431391,9,1,209928,57120,49668,152808,299414,0,0,0,0,0.0745056
431394,9,1,198336,55260,47776,143076,293114,0,0,0,0,0.0677383
431399,9,1,179319,48745,41654,130574,256420,0,0,0,0,0.0608215
431402,18,1,189561,51995,45133,137566,275196,0,0,0,0,0.0645176
431405,18,1,210284,58856,51018,151428,313795,0,0,0,0,0.0606772
431408,18,1,189115,51933,44336,137182,274071,0,0,0,0,0.057785
431420,9,1,193645,52932,45970,140713,278383,0,0,0,0,0.0615864
431421,9,1,194168,53071,46095,141097,279111,0,0,0,0,0.0606139
431424,9,1,203528,56948,49113,146580,301330,0,0,0,0,0.0666154
431429,9,1,169183,45773,38790,123410,240991,0,0,0,0,0.0613274
431442,18,1,193846,54477,47046,139369,289945,0,0,0,0,0.0685734
431445,18,1,208513,58531,50602,149982,310589,0,0,0,0,0.0600847
431448,18,1,190389,52982,45453,137407,281175,0,0,0,0,0.0601111
431470,9,1,157799,41850,35997,115949,218295,0,0,0,0,0.0574423
431471,9,1,157994,41859,35985,116135,218268,0,0,0,0,0.0575224
431472,9,1,149609,39572,33971,110037,207440,0,0,0,0,0.069584
431473,9,1,179154,49792,43311,129362,264220,0,0,0,0,0.11003
431474,9,1,205606,57109,49715,148497,302270,0,0,0,0,0.0843529
431475,9,1,185804,51214,44508,134590,270721,0,0,0,0,0.0923366
431476,9,1,209511,59004,51503,150507,313468,0,0,0,0,0.0954715
431477,9,1,169473,46778,40123,122695,247866,0,0,0,0,0.0600184
431478,9,1,182780,50628,43722,132152,268072,0,0,0,0,0.0766606
431479,9,1,165984,45385,38693,120599,239361,0,0,0,0,0.100179
431480,3,1,156555,40977,35031,115578,214107,0,0,0,0,0.143878
431481,9,1,152646,40574,34612,112072,212661,0,0,0,0,0.0918346
431484,9,1,188501,51594,45645,136907,271957,0,0,0,0,0.114956
431489,9,1,179257,49630,42978,129627,263221,0,0,0,0,0.0862822
431490,3,1,171686,46452,40254,125234,244399,0,0,0,0,0.0973847
431491,9,1,172129,46700,39466,125429,246172,0,0,0,0,0.0789951
431494,9,1,199556,54730,47265,144826,288406,0,0,0,0,0.100047
431499,9,1,182643,50184,43306,132459,265709,0,0,0,0,0.067022
431500,3,1,171715,46459,40257,125256,244437,0,0,0,0,0.0930908
431501,9,1,172309,46750,39517,125559,246441,0,0,0,0,0.0687448
431504,9,1,199454,54658,47179,144796,287952,0,0,0,0,0.0815782
431509,9,1,182619,50181,43311,132438,265686,0,0,0,0,0.0718538
431510,3,1,171896,46511,40277,125385,244720,0,0,0,0,0.111567
431511,9,1,199921,56481,48638,143440,300740,0,0,0,0,0.0855106
431514,9,1,227539,63560,55493,163979,336063,0,0,0,0,0.0744566
431519,9,1,165792,45070,38431,120722,238411,0,0,0,0,0.0850485
431520,9,1,158742,42875,36414,115867,226135,0,0,0,0,0.0632052
431521,9,1,180452,49711,43180,130741,263666,0,0,0,0,0.0662035
431522,18,1,180324,49735,42629,130589,263616,0,0,0,0,0.0654089
431524,9,1,201714,55269,48166,146445,291639,0,0,0,0,0.0672205
431525,18,1,197791,55313,47524,142478,294059,0,0,0,0,0.0691052
431528,18,1,196462,53859,46473,142603,283905,0,0,0,0,0.0728729
431529,9,1,174638,48037,41681,126601,253929,0,0,0,0,0.102758
431550,3,1,196206,53565,46852,142641,280946,0,0,0,0,0.0834191
431551,9,1,184904,50233,43219,134671,263256,0,0,0,0,0.0647968
431554,9,1,212602,57794,50261,154808,301235,0,0,0,0,0.0637561
431559,9,1,189878,51208,44210,138670,266851,0,0,0,0,0.0596051
431560,3,1,195925,53448,46790,142477,280244,0,0,0,0,0.101211
431561,9,1,184505,50105,43154,134400,262516,0,0,0,0,0.0936797
431564,9,1,212864,57834,50322,155030,301339,0,0,0,0,0.0958238
431569,9,1,189899,51205,44220,138694,266795,0,0,0,0,0.0716187
431570,3,1,196008,53462,46837,142546,280313,0,0,0,0,0.101215
431571,9,1,224627,63352,55164,161275,334653,0,0,0,0,0.0964058
431574,9,1,239429,66794,58532,172635,350618,0,0,0,0,0.102336
431579,9,1,177014,47356,40139,129658,247490,0,0,0,0,0.0682054
431580,9,1,178694,48819,42385,129875,256773,0,0,0,0,0.0879019
431581,9,1,196961,54049,47199,142912,283924,0,0,0,0,0.0825828
431582,18,1,202977,56348,49203,146629,297324,0,0,0,0,0.0657429
431584,9,1,213701,58342,50641,155359,305006,0,0,0,0,0.068479
431585,18,1,214246,59395,51774,154851,312709,0,0,0,0,0.0712246
431588,18,1,212330,58319,50128,154011,305158,0,0,0,0,0.0894486
431589,9,1,197450,54745,47892,142705,287950,0,0,0,0,0.081526
431610,3,1,174189,46232,40014,127957,240491,0,0,0,0,0.0844084
431611,9,1,150382,40054,34118,110328,209329,0,0,0,0,0.0563832
431614,9,1,196526,53750,46099,142776,279379,0,0,0,0,0.0684739
431619,9,1,215681,59665,51233,156016,312084,0,0,0,0,0.0683519
431620,3,1,174215,46198,39980,128017,240214,0,0,0,0,0.0831221
431621,9,1,169902,46108,40537,123794,241965,0,0,0,0,0.0592422
431624,9,1,192593,52904,45626,139689,277324,0,0,0,0,0.0685095
431629,9,1,187081,50010,43340,137071,260047,0,0,0,0,0.0671825
431630,9,1,173101,46797,40356,126304,244784,0,0,0,0,0.0630761
431631,9,1,201907,54192,46534,147715,281003,0,0,0,0,0.067309
431634,9,1,201557,55164,47684,146393,289827,0,0,0,0,0.0636649
431635,18,1,215923,59325,51343,156598,312317,0,0,0,0,0.0697908
431638,18,1,211748,58081,49874,153667,304167,0,0,0,0,0.0709536
431639,9,1,209385,56762,48721,152623,295756,0,0,0,0,0.0653963
431642,18,1,185947,50244,43115,135703,263732,0,0,0,0,0.0919573
431660,3,1,174118,46189,39932,127929,240155,0,0,0,0,0.102959
431661,9,1,197163,53998,47706,143165,282741,0,0,0,0,0.0924578
431664,9,1,193754,53771,46629,139983,282832,0,0,0,0,0.0717942
431669,9,1,171564,46336,39792,125228,242075,0,0,0,0,0.0563855
431670,9,1,173150,46819,40378,126331,244906,0,0,0,0,0.0635052
431671,9,1,214633,58198,50188,156435,302457,0,0,0,0,0.0725854
431674,9,1,206397,57265,49545,149132,301547,0,0,0,0,0.0970229
431679,9,1,188258,50730,43444,137528,264435,0,0,0,0,0.0860012
431682,18,1,200614,54421,47129,146193,285311,0,0,0,0,0.0873424
431685,18,1,219792,60774,52771,159018,320596,0,0,0,0,0.0913938
431688,18,1,200873,55034,47231,145839,288403,0,0,0,0,0.0687982
431700,9,1,199730,53711,46628,146019,278689,0,0,0,0,0.0743594
431701,9,1,199973,53750,46637,146223,278810,0,0,0,0,0.0650301
431704,9,1,210492,58334,50149,152158,305555,0,0,0,0,0.0664749
431709,9,1,177959,47658,40757,130301,248320,0,0,0,0,0.0617022
431722,18,1,198095,54553,46895,143542,286582,0,0,0,0,0.0681451
431725,18,1,215713,59766,51798,155947,313619,0,0,0,0,0.0620872
431728,18,1,198780,54742,47048,144038,287498,0,0,0,0,0.0745134
431750,9,1,161387,42320,36369,119067,218039,0,0,0,0,0.061737
431751,9,1,161538,42348,36382,119190,218147,0,0,0,0,0.0543101
431752,9,1,152901,39920,33982,112981,207090,0,0,0,0,0.0602847
431753,9,1,179808,48796,42716,131012,255302,0,0,0,0,0.0980003
431754,9,1,209104,57216,49716,151888,298817,0,0,0,0,0.0936904
431755,9,1,191431,52354,45519,139077,274132,0,0,0,0,0.0703046
431756,9,1,217558,60341,52511,157217,316972,0,0,0,0,0.0759936
431757,9,1,175495,47961,41216,127534,251615,0,0,0,0,0.0600313
431758,9,1,192191,52697,45441,139494,276271,0,0,0,0,0.0783918
431759,9,1,172557,46493,39592,126064,242396,0,0,0,0,0.0650111
431760,3,1,170417,44389,38753,126028,232077,0,0,0,0,0.137287
431761,9,1,163226,42893,37011,120333,224780,0,0,0,0,0.0844998
431764,9,1,191548,52031,46053,139517,275094,0,0,0,0,0.0912757
431769,9,1,183212,50639,44132,132573,269469,0,0,0,0,0.08794
431770,3,1,173786,47211,41147,126575,250164,0,0,0,0,0.0998979
431771,9,1,162380,43583,37078,118797,230326,0,0,0,0,0.0652967
431774,9,1,187565,50762,44294,136803,266825,0,0,0,0,0.0623153
431779,9,1,168589,45821,39304,122768,242784,0,0,0,0,0.0685029
431780,3,1,173761,47203,41123,126558,250110,0,0,0,0,0.0994977
431781,9,1,162404,43590,37078,118814,230371,0,0,0,0,0.0686454
431784,9,1,187707,50763,44291,136944,266756,0,0,0,0,0.0894091
431789,9,1,168657,45829,39303,122828,242821,0,0,0,0,0.0916552
431790,3,1,173826,47223,41142,126603,250232,0,0,0,0,0.117683
431791,9,1,190540,53980,47031,136560,288743,0,0,0,0,0.0710229
431794,9,1,219295,62121,54336,157174,330230,0,0,0,0,0.0814765
431799,9,1,157208,42339,36015,114869,224528,0,0,0,0,0.078671
431800,9,1,151726,41999,35666,109727,224735,0,0,0,0,0.0970303
431801,9,1,167382,45657,39660,121725,242688,0,0,0,0,0.0806061
431802,18,1,174752,48799,42106,125953,260987,0,0,0,0,0.0909471
431804,9,1,188095,51423,44815,136672,271635,0,0,0,0,0.0765779
431805,18,1,185473,51278,44445,134195,272818,0,0,0,0,0.0750564
431808,18,1,185733,50401,43684,135332,265782,0,0,0,0,0.0713778
431809,9,1,172918,47102,40974,125816,249724,0,0,0,0,0.108266
431830,3,1,212360,60503,53758,151857,321599,0,0,0,0,0.124236
431831,9,1,202933,57329,49966,145604,304611,0,0,0,0,0.0765974
431834,9,2,248900,69895,61461,178992,369441,1,0,0,0,0.15087
431839,9,2,241343,66755,58706,174575,351275,1,0,0,0,0.150435
431840,3,1,212426,60517,53763,151909,321673,0,0,0,0,0.126909
431841,9,1,203131,57397,49980,145734,305023,0,0,0,0,0.0756066
431844,9,2,248792,69865,61364,178914,369254,1,0,0,0,0.142424
431849,9,2,241007,66664,58624,174330,350767,1,0,0,0,0.151621
431850,3,1,212365,60487,53726,151878,321502,0,0,0,0,0.0998303
431851,9,1,226675,63717,55762,162958,335955,0,0,0,0,0.0789594
431854,9,1,236054,65792,57687,170262,345246,0,0,0,0,0.0727257
431859,9,1,192513,52943,45656,139570,279205,0,0,0,0,0.0666969
431860,9,1,181855,50423,43492,131432,266981,0,0,0,0,0.0684443
431861,9,1,194632,53705,47238,140927,283713,0,0,0,0,0.0658492
431862,18,1,212216,59943,52217,152273,318714,0,0,0,0,0.0672016
431864,9,1,215273,59120,51955,156153,310473,0,0,0,0,0.0651968
431865,18,1,221943,62004,54086,159939,328106,0,0,0,0,0.0690489
431868,18,1,229488,63762,55152,165726,336190,0,0,0,0,0.0717213
431869,9,1,211791,60001,53138,151790,317970,0,0,0,0,0.0901175
431890,3,1,211155,57041,50105,154114,298106,0,0,0,0,0.0920465
431891,9,1,187446,50073,43346,137373,260913,0,0,0,0,0.0630717
431894,9,2,246702,68036,60162,178654,357660,1,0,0,0,0.144432
431899,9,2,233466,63509,55961,169944,332549,1,0,0,0,0.134335
431900,3,1,211165,57037,50108,154128,298064,0,0,0,0,0.0844355
431901,9,2,311449,86188,75634,225248,454917,1,0,0,0,0.163759
431904,9,1,202816,54511,47335,148305,284178,0,0,0,0,0.0612431
431909,9,1,196960,52794,46142,144166,275256,0,0,0,0,0.0637851
431910,9,1,208492,57792,49957,150700,304351,0,0,0,0,0.101531
431911,9,1,228322,62175,53992,166147,324460,0,0,0,0,0.0744204
431914,9,1,199648,55047,47734,144601,290946,0,0,0,0,0.0802712
431915,18,1,220765,60209,51888,160556,317026,0,0,0,0,0.064184
431918,18,1,222703,60900,52415,161803,319228,0,0,0,0,0.0647054
431919,9,1,215981,59787,51769,156194,314570,0,0,0,0,0.0753065
431922,18,1,215886,59697,51573,156189,314363,0,0,0,0,0.0715651
431940,3,1,211482,57148,50187,154334,298717,0,0,0,0,0.0907917
431941,9,2,328569,90609,79778,237947,475303,1,0,0,0,0.170187
431944,9,2,211229,58131,51002,153085,305822,1,0,0,0,0.15321
431949,9,1,186245,50333,43568,135912,263634,0,0,0,0,0.0622479
431950,9,1,208865,57899,50037,150966,304934,0,0,0,0,0.0746932
431951,9,1,243201,65938,57405,177263,342160,0,0,0,0,0.0805089
431954,9,1,196338,54418,47346,141920,287015,0,0,0,0,0.0879464
431959,9,1,195463,54077,46709,141386,285116,0,0,0,0,0.0865111
431962,18,1,226241,62415,54061,163826,327513,0,0,0,0,0.0767615
431965,18,1,218089,59509,51169,158580,312833,0,0,0,0,0.0636369
431968,18,1,208534,57211,48987,151323,300818,0,0,0,0,0.0654339
431980,9,2,205960,56026,49381,149921,291677,1,0,0,0,0.146595
431981,9,2,205978,56028,49359,149937,291687,1,0,0,0,0.156383
431984,9,2,216460,59054,52025,157394,307339,1,0,0,0,0.152564
431989,9,1,187204,52368,45089,134836,277435,0,0,0,0,0.071012
432002,18,1,221842,60558,52352,161284,316620,0,0,0,0,0.0705879
432005,18,1,211949,58588,50638,153361,307196,0,0,0,0,0.0654416
432008,18,1,201028,55185,47301,145843,290039,0,0,0,0,0.0643365
432030,9,2,193628,51858,45425,141757,269153,1,0,0,0,0.145905
432031,9,2,193434,51794,45359,141627,268767,1,0,0,0,0.142563
432032,9,1,193159,51183,43911,141976,266125,0,0,0,0,0.0598594
432033,9,1,213812,58012,50972,155800,303186,0,0,0,0,0.0825746
432034,9,2,203687,54974,48366,148700,285934,1,0,0,0,0.139026
432035,9,2,213108,58153,50707,154943,306254,1,0,0,0,0.142853
432036,9,1,210285,56643,48728,153642,293229,0,0,0,0,0.0641136
432037,9,1,180907,48522,41826,132385,254013,0,0,0,0,0.0579118
432038,9,1,194037,51898,44561,142139,269827,0,0,0,0,0.0658131
432039,9,1,182375,48796,41860,133579,254373,0,0,0,0,0.0610817
432040,3,1,171877,45122,39501,126755,236501,0,0,0,0,0.134506
432041,9,1,167374,44321,38286,123053,232783,0,0,0,0,0.0859571
432044,9,1,194061,52831,46774,141230,279570,0,0,0,0,0.0884698
432049,9,1,185134,51387,44794,133747,273727,0,0,0,0,0.084575
432050,3,1,195129,51781,45785,143348,269725,0,0,0,0,0.0835651
432051,9,1,184807,48469,41804,136338,251582,0,0,0,0,0.0626201
432054,9,2,193018,52054,45856,140952,274004,1,0,0,0,0.143922
432059,9,2,188848,51070,45033,137765,269477,1,0,0,0,0.146284
432060,3,1,194873,51715,45759,143158,269366,0,0,0,0,0.0856882
432061,9,1,184773,48467,41795,136306,251599,0,0,0,0,0.0648713
432064,9,2,193004,52053,45848,140939,273999,1,0,0,0,0.140644
432069,9,2,188857,51066,45023,137778,269418,1,0,0,0,0.150203
432070,3,1,194804,51700,45748,143104,269312,0,0,0,0,0.0951438
432071,9,1,216690,59487,51763,157203,311862,0,0,0,0,0.0710757
432074,9,1,236516,65308,57353,171208,341256,0,0,0,0,0.0724491
432079,9,1,172407,45504,39043,126903,237169,0,0,0,0,0.0649411
432080,9,1,168539,45215,39284,123324,237020,0,0,0,0,0.0612999
432081,9,1,183127,48438,42330,134689,251680,0,0,0,0,0.061419
432082,18,1,198713,53922,46961,144791,282961,0,0,0,0,0.0662305
432084,9,1,200812,53253,46368,147559,274695,0,0,0,0,0.0623463
432085,18,1,210494,57063,49682,153431,298400,0,0,0,0,0.0659867
432088,18,1,206624,55024,47320,151600,285788,0,0,0,0,0.0688937
432089,9,1,198994,53105,46334,145889,276629,0,0,0,0,0.0815067
432110,3,1,180793,48173,42079,132620,252625,0,0,0,0,0.0887486
432111,9,1,182529,49153,42626,133376,258245,0,0,0,0,0.066377
432114,9,1,208016,56865,49736,151151,299540,0,0,0,0,0.0652761
432119,9,1,178387,47326,41193,131061,247563,0,0,0,0,0.0630449
432120,3,1,180870,48189,42095,132681,252716,0,0,0,0,0.087139
432121,9,1,182565,49164,42623,133401,258316,0,0,0,0,0.0646807
432124,9,1,208142,56891,49790,151251,299630,0,0,0,0,0.0666878
432129,9,1,178486,47336,41223,131150,247553,0,0,0,0,0.0644028
432130,3,1,180927,48203,42103,132724,252790,0,0,0,0,0.0887211
432131,9,2,308001,86268,76008,221720,458943,1,0,0,0,0.16921
432134,9,2,331144,92865,82388,238266,493175,1,0,0,0,0.173554
432139,9,1,170629,45236,39195,125393,237421,0,0,0,0,0.0622172
432140,9,1,160408,42330,36543,118078,221685,0,0,0,0,0.0606268
432141,9,1,178424,47891,41971,130533,252290,0,0,0,0,0.0592963
432142,18,1,186953,51031,44696,135922,270423,0,0,0,0,0.0637175
432144,9,1,200724,54399,47852,146325,286461,0,0,0,0,0.0636438
432145,18,1,199862,54694,48048,145168,289690,0,0,0,0,0.0632241
432148,18,1,210261,57688,49732,152573,304803,0,0,0,0,0.0674012
432149,9,1,192605,53012,46335,139593,280362,0,0,0,0,0.084972
432170,3,1,165138,42805,37000,122333,222538,0,0,0,0,0.0784029
432171,9,1,143366,36703,31318,106663,190560,0,0,0,0,0.0543793
432174,9,1,178912,46562,40054,132350,241517,0,0,0,0,0.0573417
432179,9,1,170345,43903,38066,126442,225833,0,0,0,0,0.0563103
432180,3,1,165130,42804,36995,122326,222529,0,0,0,0,0.0796143
432181,9,1,170055,45436,39572,124619,238573,0,0,0,0,0.0572032
432184,9,1,178407,47188,40547,131219,246286,0,0,0,0,0.0782793
432189,9,1,180748,48168,42091,132580,250887,0,0,0,0,0.0681229
432190,9,1,170600,45837,39185,124763,240869,0,0,0,0,0.0608517
432191,9,1,186185,49454,42617,136731,258380,0,0,0,0,0.0627126
432194,9,1,180163,47479,41071,132684,247722,0,0,0,0,0.0572731
432195,18,1,199250,53274,46061,145976,278482,0,0,0,0,0.0567961
432198,18,1,201451,54257,46983,147194,284503,0,0,0,0,0.0571357
432199,9,1,184913,49062,42274,135851,256446,0,0,0,0,0.0574851
432202,18,1,177068,47248,40309,129820,248421,0,0,0,0,0.057233
432220,3,1,165185,42824,36999,122361,222655,0,0,0,0,0.0776301
432221,9,2,264647,72311,63666,192323,382749,1,0,0,0,0.154876
432224,9,2,260404,71351,62308,189040,377412,1,0,0,0,0.147636
432229,9,1,188381,50603,44480,137778,264528,0,0,0,0,0.0580425
432230,9,1,170906,45914,39223,124992,241306,0,0,0,0,0.0686759
432231,9,1,208039,55785,48533,152254,290884,0,0,0,0,0.0701515
432234,9,1,179386,47357,41004,132029,247007,0,0,0,0,0.072125
432239,9,1,194172,52325,45586,141847,274978,0,0,0,0,0.0831077
432242,18,1,187064,50261,43246,136803,264189,0,0,0,0,0.0595652
432245,18,1,200572,53440,46103,147132,278829,0,0,0,0,0.0852287
432248,18,1,208140,56741,49474,151399,299060,0,0,0,0,0.0815294
432260,9,1,197479,53397,46246,144082,279292,0,0,0,0,0.0706098
432261,9,1,197558,53375,46239,144183,279053,0,0,0,0,0.0668036
432264,9,1,177084,46540,39937,130544,241551,0,0,0,0,0.0638162
432269,9,1,204200,56262,48936,147938,296210,0,0,0,0,0.0760629
432282,18,1,187196,49711,42691,137485,260057,0,0,0,0,0.0698662
432285,18,1,189878,50743,43484,139135,265442,0,0,0,0,0.0588122
432288,18,1,199017,53864,46372,145153,283378,0,0,0,0,0.0607956
432310,9,1,160991,41835,36005,119156,216764,0,0,0,0,0.0556639
432311,9,1,160990,41832,35997,119158,216730,0,0,0,0,0.0581483
432312,9,1,155908,40500,34532,115408,211222,0,0,0,0,0.066648
432313,9,1,172014,46307,40236,125707,243283,0,0,0,0,0.116667
432314,9,2,265678,71178,61924,194490,370396,1,0,0,0,0.16909
432315,9,1,170549,44731,38858,125818,231730,0,0,0,0,0.0581275
432316,9,1,179821,47125,40341,132696,244817,0,0,0,0,0.056072
432317,9,1,176532,46996,41023,129536,245562,0,0,0,0,0.0660635
432318,9,2,220125,60661,53089,159451,322941,1,0,0,0,0.152577
432319,9,2,324459,87426,76198,237020,456684,1,0,0,0,0.167343
432320,3,1,156188,41451,36038,114737,218669,0,0,0,0,0.0999228
432321,9,1,163491,44620,38331,118871,236961,0,0,0,0,0.0725578
432324,9,1,189973,52656,45989,137317,278687,0,0,0,0,0.0666682
432329,9,1,155505,42929,37305,112576,228938,0,0,0,0,0.058273
432330,3,1,188547,48717,42960,139830,249446,0,0,0,0,0.0860826
432331,9,1,199148,53896,47025,145252,280564,0,0,0,0,0.0689638
432334,9,2,191962,52008,45934,139942,273729,1,0,0,0,0.143358
432339,9,2,191617,51558,45546,140046,271434,1,0,0,0,0.148376
432340,3,1,189524,50460,44893,139064,264079,0,0,0,0,0.0999805
432341,9,1,170854,45411,39692,125443,237333,0,0,0,0,0.0612957
432344,9,2,184920,49712,43512,135196,260989,1,0,0,0,0.195298
432349,9,2,186145,50469,44199,135663,265889,1,0,0,0,0.174816
432350,3,1,189354,50401,44820,138953,263631,0,0,0,0,0.119739
432351,9,2,167560,44681,39087,122866,235146,1,0,0,0,0.201325
432354,9,1,198677,54346,47818,144331,285825,0,0,0,0,0.0662956
432359,9,2,166242,44594,39102,121635,235156,1,0,0,0,0.147769
432360,9,1,172872,46607,40865,126265,245021,0,0,0,0,0.089009
432361,9,2,172851,46886,41298,125952,247762,1,0,0,0,0.19289
432362,18,1,182284,49055,43211,133229,257702,0,0,0,0,0.14479
432364,9,2,171678,46584,40838,125081,245915,1,0,0,0,0.219936
432365,18,2,273978,76402,67488,197563,405489,1,0,0,0,0.222425
432368,18,1,200848,54161,47200,146687,282420,0,0,0,0,0.076113
432369,9,1,191808,50519,43684,141289,260314,0,0,0,0,0.0770189
432390,3,1,160389,42016,36460,118373,218667,0,0,0,0,0.101362
432391,9,1,177197,48506,41895,128691,255650,0,0,0,0,0.0951441
432394,9,2,191525,51767,45411,139745,271891,1,0,0,0,0.207621
432399,9,2,226723,62521,55157,164189,330987,1,0,0,0,0.184851
432400,3,1,190527,50872,44951,139655,266755,0,0,0,0,0.117458
432401,9,1,186557,50147,43405,136410,263843,0,0,0,0,0.102954
432404,9,1,215861,59233,51410,156628,310979,0,0,0,0,0.0974335
432409,9,2,298125,82266,72165,215846,434417,1,0,0,0,0.295841
432410,3,1,190498,50862,44952,139636,266696,0,0,0,0,0.1167
432411,9,2,180807,48983,42897,131812,258187,1,0,0,0,0.192605
432414,9,2,280547,78449,68970,202086,417084,1,0,0,0,0.203839
432419,9,2,263270,71700,63350,191557,378298,1,0,0,0,0.184083
432420,9,1,180407,48673,41971,131734,256128,0,0,0,0,0.0859142
432421,9,1,208664,56815,49264,151849,297842,0,0,0,0,0.105765
432422,18,1,190708,51864,45497,138844,274109,0,0,0,0,0.0570813
432424,9,1,181660,48944,42814,132716,256807,0,0,0,0,0.0774801
432425,18,1,222689,62291,54345,160398,331194,0,0,0,0,0.0904484
432428,18,1,216761,59699,51701,157062,315763,0,0,0,0,0.104106
432429,9,1,195113,52927,46057,142186,278606,0,0,0,0,0.0876102
432450,3,1,183340,49014,42614,134326,256978,0,0,0,0,0.10221
432451,9,1,172321,45838,39356,126483,240353,0,0,0,0,0.0836946
432454,9,1,198038,53022,45816,145016,277152,0,0,0,0,0.0558304
432459,9,1,189330,50714,43915,138616,264531,0,0,0,0,0.0750507
432460,3,1,183157,48955,42553,134202,256638,0,0,0,0,0.094689
432461,9,2,265546,73288,64231,192245,388104,1,0,0,0,0.270277
432464,9,2,280513,77533,67704,202967,410171,1,0,0,0,0.210559
432469,9,1,207618,56486,48848,151132,295027,0,0,0,0,0.095333
432470,9,1,172120,46418,39997,125702,244413,0,0,0,0,0.0599291
432471,9,1,186980,49688,42664,137292,258017,0,0,0,0,0.0796692
432474,9,1,197905,53158,46001,144747,276799,0,0,0,0,0.0924058
432475,18,1,222618,61425,53279,161193,322697,0,0,0,0,0.11079
432478,18,1,226762,62970,54730,163792,333234,0,0,0,0,0.0862888
432479,9,1,201301,55239,48698,146062,288392,0,0,0,0,0.0884601
432482,18,2,261237,72523,63511,188701,386579,1,0,0,0,0.229805
432500,3,1,156145,40738,35154,115407,211051,0,0,0,0,0.169034
432501,9,2,169099,45246,39429,123841,237921,1,0,0,0,0.21579
432504,9,2,174752,46679,40825,128060,245077,1,0,0,0,0.199293
432509,9,2,164934,43728,38165,121193,229621,1,0,0,0,0.19399
432510,9,1,172910,46328,39951,126582,241183,0,0,0,0,0.0956241
432511,9,1,194859,52972,45773,141887,278075,0,0,0,0,0.0972837
432514,9,1,224355,61302,53035,163053,319422,0,0,0,0,0.110504
432519,9,1,196130,52762,46562,143368,275064,0,0,0,0,0.113767
432522,18,1,211019,58344,50772,152675,307873,0,0,0,0,0.0899097
432525,18,2,377097,104489,91035,272595,550943,1,0,0,0,0.262307
432528,18,1,214296,59327,51752,154969,312116,0,0,0,0,0.0654491
432540,9,2,181419,49366,42827,132040,259475,1,0,0,0,0.262429
432541,9,1,193991,53766,46500,140225,282658,0,0,0,0,0.105597
432544,9,2,184088,49308,43187,134768,257405,1,0,0,0,0.193383
432549,9,1,197966,53863,47124,144103,281745,0,0,0,0,0.0896652
432562,18,2,197171,54246,47198,142912,288194,1,0,0,0,0.183431
432565,18,1,224335,62294,54477,162041,329374,0,0,0,0,0.0656942
432568,18,2,203068,56070,49243,146985,298318,1,0,0,0,0.179924
432590,9,2,180029,48529,42076,131488,255559,1,0,0,0,0.1936
432591,9,1,187495,49464,42857,138031,255130,0,0,0,0,0.0717065
432592,9,1,182266,48031,41568,134235,249335,0,0,0,0,0.053761
432593,9,1,181451,48969,42534,132482,256262,0,0,0,0,0.0852332
432594,9,2,222171,60450,52897,161709,317146,1,0,0,0,0.210191
432595,9,1,205926,55206,48350,150720,287426,0,0,0,0,0.0913408
432596,9,2,316097,86572,75943,229512,455561,1,0,0,0,0.280842
432597,9,1,180313,49348,43312,130965,258686,0,0,0,0,0.0958599
432598,9,1,185405,49416,43273,135989,257522,0,0,0,0,0.0935275
432599,9,2,337238,91537,80196,245688,478804,1,0,0,0,0.291828
432600,3,1,155998,41418,36007,114580,218521,0,0,0,0,0.102563
432601,9,1,163568,44640,38330,118928,237068,0,0,0,0,0.0988928
432604,9,1,190473,52757,46066,137716,279148,0,0,0,0,0.115875
432609,9,1,155312,42863,37322,112449,228567,0,0,0,0,0.112572
432610,3,1,188258,48646,42895,139612,249079,0,0,0,0,0.173176
432611,9,1,199056,53854,47006,145202,280282,0,0,0,0,0.103747
432614,9,2,191509,51889,45850,139608,273086,1,0,0,0,0.22593
432619,9,2,191256,51449,45428,139794,270854,1,0,0,0,0.250357
432620,3,1,189900,50602,45065,139298,264789,0,0,0,0,0.123006
432621,9,1,170732,45433,39714,125299,237570,0,0,0,0,0.0876189
432624,9,2,185076,49737,43535,135327,261096,1,0,0,0,0.186946
432629,9,2,186255,50481,44200,135761,265895,1,0,0,0,0.216883
432630,3,1,189026,50351,44743,138675,263425,0,0,0,0,0.118758
432631,9,2,167316,44589,39027,122714,234703,1,0,0,0,0.205712
432634,9,1,192167,52110,45821,140057,274211,0,0,0,0,0.096056
432639,9,2,164317,44174,38604,120130,233254,1,0,0,0,0.21493
432640,9,1,172953,46638,40910,126315,245238,0,0,0,0,0.0792641
432641,9,2,172644,46902,41337,125729,247940,1,0,0,0,0.239196
432642,18,2,264477,72735,64236,191729,386148,1,0,0,0,0.295405
432644,9,1,176308,46011,40199,130297,235812,0,0,0,0,0.0981489
432645,18,1,213875,58763,51281,155112,309077,0,0,0,0,0.105338
432648,18,1,188919,51174,44566,137745,268815,0,0,0,0,0.089365
432649,9,1,174803,45799,39555,129004,237496,0,0,0,0,0.0755434
432670,3,1,160101,41963,36410,118138,218449,0,0,0,0,0.119589
432671,9,1,177183,48501,41909,128682,255633,0,0,0,0,0.144532
432674,9,2,191498,51747,45388,139738,271791,1,0,0,0,0.201323
432679,9,2,226762,62512,55143,164237,330921,1,0,0,0,0.211741
432680,3,1,190803,51099,45168,139704,268183,0,0,0,0,0.140859
432681,9,1,186997,50374,43538,136623,265243,0,0,0,0,0.109395
432684,9,1,216807,59591,51642,157216,313124,0,0,0,0,0.112345
432689,9,2,298635,82409,72343,216213,435168,1,0,0,0,0.277349
432690,3,1,190498,50886,44977,139612,266937,0,0,0,0,0.154454
432691,9,2,180818,49063,43051,131743,258742,1,0,0,0,0.241343
432694,9,2,229577,64600,57093,164964,344382,1,0,0,0,0.186969
432699,9,2,256353,69843,61403,186497,368912,1,0,0,0,0.18346
432700,9,1,180827,48812,42042,132015,256925,0,0,0,0,0.0994389
432701,9,1,216118,58633,50849,157485,306121,0,0,0,0,0.0916073
432702,18,1,197117,53532,47034,143585,282028,0,0,0,0,0.09548
432704,9,1,174792,47018,40900,127774,246125,0,0,0,0,0.11103
432705,18,1,211332,58225,50690,153107,308792,0,0,0,0,0.105477
432708,18,1,204524,56360,48713,148164,299143,0,0,0,0,0.0889941
432709,9,1,173423,46676,40534,126747,245894,0,0,0,0,0.0632352
432730,3,1,184095,49462,43055,134633,259752,0,0,0,0,0.128085
432731,9,1,173115,46282,39761,126833,242957,0,0,0,0,0.0584456
432734,9,1,199830,53791,46453,146039,281640,0,0,0,0,0.0727677
432739,9,1,190405,51214,44318,139191,267536,0,0,0,0,0.0776525
432740,3,1,183046,48936,42548,134110,256545,0,0,0,0,0.108398
432741,9,2,270567,74832,65607,195722,396088,1,0,0,0,0.227934
432744,9,2,275478,76071,66451,199394,402838,1,0,0,0,0.227294
432749,9,1,202284,54815,47518,147469,286667,0,0,0,0,0.0853418
432750,9,1,172511,46571,40133,125940,245301,0,0,0,0,0.0831096
432751,9,1,197598,52648,45253,144950,272966,0,0,0,0,0.0824985
432754,9,1,183658,49193,42540,134465,256789,0,0,0,0,0.0813079
432755,18,1,215818,59521,51659,156297,313861,0,0,0,0,0.0646912
432758,18,1,227331,62883,54738,164448,332866,0,0,0,0,0.0921459
432759,9,1,199639,54618,48309,145021,285162,0,0,0,0,0.0874781
432762,18,2,261723,72516,63440,189194,386254,1,0,0,0,0.225176
432780,3,1,155646,40630,35048,115016,210538,0,0,0,0,0.145853
432781,9,1,172333,45777,39797,126556,238169,0,0,0,0,0.0908143
432784,9,1,189199,50146,43337,139053,259939,0,0,0,0,0.0877303
432789,9,2,162730,43127,37698,119590,226565,1,0,0,0,0.160404
432790,9,1,172698,46244,39867,126454,240731,0,0,0,0,0.089963
432791,9,1,186400,50184,43272,136216,262806,0,0,0,0,0.106133
432794,9,1,210493,56982,49051,153511,297529,0,0,0,0,0.103975
432799,9,1,190799,50687,44745,140112,263158,0,0,0,0,0.104333
432802,18,1,201867,55017,47670,146850,289586,0,0,0,0,0.110989
432805,18,2,369579,102880,89641,266686,544473,1,0,0,0,0.256035
432808,18,1,211316,58037,50505,153279,304644,0,0,0,0,0.107957
432820,9,2,181412,49358,42823,132041,259436,1,0,0,0,0.2305
432821,9,1,193652,53691,46430,139961,282313,0,0,0,0,0.0844579
432824,9,2,184260,49337,43205,134911,257521,1,0,0,0,0.184781
432829,9,1,197938,53851,47121,144087,281626,0,0,0,0,0.110067
432842,18,2,191656,52510,45463,139133,278766,1,0,0,0,0.185861
432845,18,1,223166,61392,53183,161774,324288,0,0,0,0,0.0864128
432848,18,2,198360,54547,47961,143800,289841,1,0,0,0,0.195332
432870,9,2,179864,48443,42037,131409,255029,1,0,0,0,0.225569
432871,9,1,187442,49408,42761,138034,254791,0,0,0,0,0.105073
432872,9,1,160702,41835,36204,118867,217265,0,0,0,0,0.0734375
432873,9,1,159068,42174,36369,116894,220903,0,0,0,0,0.0816361
432874,9,2,222273,60473,52918,161788,317278,1,0,0,0,0.233009
432875,9,1,201502,53500,46646,148002,278357,0,0,0,0,0.0916942
432876,9,2,202932,55273,48539,147646,292291,1,0,0,0,0.179693
432877,9,1,177753,48063,41759,129690,250888,0,0,0,0,0.0612667
432878,9,2,215867,59086,51775,156768,313689,1,0,0,0,0.145542
432879,9,2,337643,91612,80242,246018,479156,1,0,0,0,0.174941
432880,3,1,155948,41407,36003,114541,218473,0,0,0,0,0.0822978
432881,9,1,174422,47717,41074,126705,253327,0,0,0,0,0.0618547
432884,9,1,189151,51404,44414,137747,270080,0,0,0,0,0.0614181
432889,9,1,150560,41423,35856,109137,221394,0,0,0,0,0.060473
432890,3,1,188157,48633,42885,139524,249042,0,0,0,0,0.0791632
432891,9,1,209987,56782,49786,153205,294523,0,0,0,0,0.0912041
432894,9,2,226642,62564,55237,164065,330527,1,0,0,0,0.176213
432899,9,1,176038,46447,40586,129591,240069,0,0,0,0,0.0834341
432900,3,1,189595,50551,44987,139044,264552,0,0,0,0,0.103793
432901,9,2,193229,52255,46243,140961,275877,1,0,0,0,0.162707
432904,9,2,209587,57507,50459,152067,304427,1,0,0,0,0.160704
432909,9,2,210775,57681,50947,153081,304920,1,0,0,0,0.190239
432910,3,1,189399,50494,44914,138905,264148,0,0,0,0,0.0983712
432911,9,2,197983,54029,47865,143941,285471,1,0,0,0,0.172625
432914,9,1,185535,49796,43884,135739,260587,0,0,0,0,0.0914244
432919,9,1,173857,45885,39937,127972,238969,0,0,0,0,0.0820808
432920,9,2,250224,68333,60552,181878,362105,1,0,0,0,0.183571
432921,9,2,169686,45953,40436,123720,242931,1,0,0,0,0.154367
432922,18,1,185824,50065,44194,135759,262981,0,0,0,0,0.0600523
432924,9,1,173320,44998,39143,128322,230034,0,0,0,0,0.054326
432925,18,1,210508,57722,50738,152786,302858,0,0,0,0,0.0594161
432928,18,1,194810,52904,46177,141906,278057,0,0,0,0,0.0562187
432929,9,1,163852,43178,37219,120674,224986,0,0,0,0,0.0564415
432950,3,1,159996,41945,36407,118051,218387,0,0,0,0,0.079601
432951,9,1,186813,50949,44261,135864,266505,0,0,0,0,0.0732415
432954,9,2,304636,84518,74527,220105,446303,1,0,0,0,0.241629
432959,9,1,154786,40856,35386,113930,213549,0,0,0,0,0.0864887
432960,3,1,190821,51127,45196,139694,268439,0,0,0,0,0.116276
432961,9,1,193855,51623,44849,142232,269606,0,0,0,0,0.0819834
432964,9,1,188369,50800,44286,137569,266426,0,0,0,0,0.0723822
432969,9,1,192708,51084,44258,141624,265463,0,0,0,0,0.058977
432970,3,1,190796,51119,45197,139677,268400,0,0,0,0,0.0837077
432971,9,1,205288,54294,47095,150994,280775,0,0,0,0,0.0742403
432974,9,2,225342,63269,55684,162060,337097,1,0,0,0,0.211386
432979,9,1,183879,49075,42789,134804,257013,0,0,0,0,0.0813053
432980,9,1,185655,49482,42780,136173,258617,0,0,0,0,0.075438
432981,9,2,185379,50514,44365,134852,267063,1,0,0,0,0.166385
432982,18,1,189190,51585,44845,137605,272631,0,0,0,0,0.0826291
432984,9,1,159102,42342,36802,116760,221723,0,0,0,0,0.0640112
432985,18,1,198714,54291,47539,144423,286583,0,0,0,0,0.0717705
432988,18,1,191998,52002,45180,139996,274060,0,0,0,0,0.0593395
432989,9,1,160296,42519,36595,117777,223240,0,0,0,0,0.064981
433010,3,1,183978,49441,43051,134537,259646,0,0,0,0,0.0820199
433011,9,1,178842,47294,40750,131548,246965,0,0,0,0,0.0773026
433014,9,1,184251,49760,42853,134491,261584,0,0,0,0,0.0716792
433019,9,1,182097,48466,41949,133631,252842,0,0,0,0,0.0583434
433020,3,1,183772,49378,42988,134394,259285,0,0,0,0,0.0830752
433021,9,2,203223,55328,48390,147883,292131,1,0,0,0,0.169779
433024,9,2,213115,58854,51803,154249,311977,1,0,0,0,0.177096
433029,9,1,195067,52188,45325,142879,271092,0,0,0,0,0.0662428
433030,9,2,169445,45711,39758,123721,242249,1,0,0,0,0.183775
433031,9,2,176006,47660,41651,128333,252091,1,0,0,0,0.198656
433034,9,1,171309,45686,39322,125623,238951,0,0,0,0,0.0808127
433035,18,1,205859,56013,48592,149846,294882,0,0,0,0,0.0712678
433038,18,1,212934,58393,51136,154541,307517,0,0,0,0,0.0872048
433039,9,1,199444,54726,48185,144718,286715,0,0,0,0,0.0853433
433042,18,1,183063,49725,42885,133338,262369,0,0,0,0,0.0883077
433060,3,1,155423,40571,34998,114852,210235,0,0,0,0,0.10307
433061,9,1,157675,41380,35750,116295,214938,0,0,0,0,0.080713
433064,9,1,179529,47950,41423,131579,249927,0,0,0,0,0.0733826
433069,9,2,240384,65085,56873,175287,342968,1,0,0,0,0.211923
433070,9,1,181235,48391,41574,132844,250798,0,0,0,0,0.0814686
433071,9,1,183888,49830,42830,134058,261863,0,0,0,0,0.0591542
433074,9,1,205886,55723,48204,150163,291087,0,0,0,0,0.0854877
433079,9,1,184123,49180,43137,134943,257275,0,0,0,0,0.0781359
433082,18,1,185536,49700,42877,135836,260050,0,0,0,0,0.068213
433085,18,1,211088,57311,48998,153777,300530,0,0,0,0,0.0809122
433088,18,1,208657,56976,49660,151681,298974,0,0,0,0,0.0867593
433100,9,1,193127,51220,44407,141907,263619,0,0,0,0,0.086535
433101,9,1,179355,48972,42161,130383,257235,0,0,0,0,0.0896741
433104,9,1,198951,54497,46950,144454,287635,0,0,0,0,0.0705654
433109,9,1,190587,51346,45319,139241,268733,0,0,0,0,0.0908654
433122,18,1,180991,48698,41760,132293,255409,0,0,0,0,0.0645588
433125,18,1,220688,60947,52843,159741,321824,0,0,0,0,0.0888574
433128,18,1,202521,55306,48156,147215,290868,0,0,0,0,0.0847939
433150,9,1,146367,38136,32551,108231,197936,0,0,0,0,0.075999
433151,9,2,164384,43578,37868,120793,228935,1,0,0,0,0.182974
433152,9,2,159257,41927,36388,117317,220401,1,0,0,0,0.142933
433153,9,1,146502,38264,32873,108238,199510,0,0,0,0,0.0751364
433154,9,1,180759,47702,41420,133057,248540,0,0,0,0,0.0679263
433155,9,2,210118,57003,49914,153102,301079,1,0,0,0,0.164985
433156,9,1,190812,51229,45351,139583,265391,0,0,0,0,0.0789248
433157,9,1,172309,46046,39775,126263,238052,0,0,0,0,0.0738934
433158,9,1,173428,46151,40311,127277,241048,0,0,0,0,0.0689518
433159,9,2,200769,54052,47422,146704,284749,1,0,0,0,0.143832
433160,9,1,129493,34455,29393,95038,182953,0,0,0,0,0.0555378
433161,9,1,145615,38588,33218,107027,203774,0,0,0,0,0.0532814
433164,9,1,157496,41491,35987,116005,216161,0,0,0,0,0.0521906
433169,9,1,160482,43502,37986,116980,230520,0,0,0,0,0.0932293
433170,9,1,156377,40778,35453,115599,209983,0,0,0,0,0.0807045
433171,9,2,175474,47741,41537,127721,251295,1,0,0,0,0.16163
433174,9,2,186039,50062,44023,135965,261863,1,0,0,0,0.157199
433179,9,1,190408,49445,43536,140963,253324,0,0,0,0,0.105032
433180,9,1,166740,44128,38688,122612,230889,0,0,0,0,0.0689147
433181,9,2,166237,44641,39276,121584,235488,1,0,0,0,0.164098
433184,9,2,257902,70644,61797,187246,373477,1,0,0,0,0.412729
433189,9,1,186264,48240,41531,138024,245169,0,0,0,0,0.0652716
433190,9,1,166858,44162,38706,122696,231026,0,0,0,0,0.0619361
433191,9,2,167939,45146,39593,122781,237838,1,0,0,0,0.178845
433194,9,2,175240,48391,42390,126837,256969,1,0,0,0,0.145608
433199,9,1,172930,44843,38841,128087,229433,0,0,0,0,0.0672283
433200,9,2,162539,43521,38295,119006,229343,1,0,0,0,0.199477
433201,9,2,172304,46577,40790,125715,245609,1,0,0,0,0.217282
433204,9,1,177526,46674,40703,130852,239880,0,0,0,0,0.0651222
433209,9,1,168147,44324,38372,123823,228688,0,0,0,0,0.0695577
433230,9,1,140427,36695,31419,103732,191208,0,0,0,0,0.0670404
433231,9,1,155978,40949,34999,115029,213338,0,0,0,0,0.0624556
433234,9,1,166142,43074,37297,123068,221291,0,0,0,0,0.0696015
433239,9,1,168632,44414,38841,124218,231111,0,0,0,0,0.0828401
433240,9,1,163506,43553,37511,119953,229207,0,0,0,0,0.0585576
433241,9,2,257817,70422,61587,187383,372354,1,0,0,0,0.152924
433244,9,1,166303,43983,38445,122320,230302,0,0,0,0,0.0599457
433249,9,1,180752,47103,40524,133649,242115,0,0,0,0,0.0808676
433250,9,1,163559,43560,37525,119999,229235,0,0,0,0,0.0837847
433251,9,2,273513,74970,65879,198531,395299,1,0,0,0,0.176822
433254,9,1,167554,44504,38759,123050,233697,0,0,0,0,0.0584265
433259,9,1,168787,44512,38532,124275,231648,0,0,0,0,0.0758921
433260,9,2,167233,44860,38978,122361,236295,1,0,0,0,0.138373
433261,9,2,182193,49265,42950,132916,259335,1,0,0,0,0.136379
433264,9,1,159300,41743,36066,117557,218253,0,0,0,0,0.0567097
433269,9,1,160174,42590,36787,117584,222600,0,0,0,0,0.065732
433290,9,1,153153,40753,34646,112400,214120,0,0,0,0,0.0631912
433291,9,2,232254,62818,54626,169424,331981,1,0,0,0,0.153257
433294,9,1,196382,54076,47682,142306,283472,0,0,0,0,0.0655384
433299,9,1,172430,46063,39867,126367,240689,0,0,0,0,0.0640781
433300,9,1,153006,40720,34627,112286,213951,0,0,0,0,0.0576459
433301,9,2,249915,68000,59428,181903,358303,1,0,0,0,0.164228
433304,9,1,204215,55826,48925,148389,289983,0,0,0,0,0.0658512
433309,9,1,188201,50143,43511,138058,259880,0,0,0,0,0.0611592
433310,9,2,197404,53842,46853,143550,284743,1,0,0,0,0.144003
433311,9,2,201385,54646,47481,146727,287567,1,0,0,0,0.147116
433314,9,1,197299,53418,47147,143881,277421,0,0,0,0,0.0642746
433319,9,1,197666,52216,45586,145450,269042,0,0,0,0,0.0637829
433340,9,1,134550,34667,29090,99883,179283,0,0,0,0,0.0557441
433341,9,1,147604,37823,32767,109781,196585,0,0,0,0,0.065306
433344,9,1,195569,51601,45102,143968,265895,0,0,0,0,0.0633361
433349,9,2,246926,66816,58133,180098,351019,1,0,0,0,0.193174
433350,9,2,208843,57475,49866,151355,304339,1,0,0,0,0.170692
433351,9,1,158973,41633,36007,117340,216911,0,0,0,0,0.0610998
433354,9,2,223285,62184,55201,161089,329663,1,0,0,0,0.171726
433359,9,1,169240,44525,38651,124715,229823,0,0,0,0,0.0601776
433380,9,2,202596,55469,48435,147114,292110,1,0,0,0,0.151274
433381,9,1,150285,39218,33871,111067,203756,0,0,0,0,0.0556403
433384,9,2,340009,92686,81528,247311,486389,1,0,0,0,0.177572
433389,9,1,172170,45778,40052,126392,237701,0,0,0,0,0.0568663
433430,9,1,162235,42627,36843,119608,221222,0,0,0,0,0.0810645
433431,9,1,169443,43875,37297,125568,224887,0,0,0,0,0.0590921
433432,9,1,159688,41894,35927,117794,217141,0,0,0,0,0.0581941
433433,9,1,160424,42422,36059,118002,221281,0,0,0,0,0.0621625
433434,9,1,171760,45632,39564,126128,237859,0,0,0,0,0.0571079
433435,9,1,187941,49818,43038,138123,257643,0,0,0,0,0.0587809
433436,9,1,201515,52333,45158,149182,265898,0,0,0,0,0.0671542
433437,9,2,239986,65031,56705,174943,342812,1,0,0,0,0.188358
433438,9,2,242763,65721,57441,177030,346488,1,0,0,0,0.170738
433439,9,2,247813,66539,58279,181262,348510,1,0,0,0,0.192828
433722,18,1,168141,46531,40255,121610,248846,0,0,0,0,0.0892332
433725,18,1,179585,49490,42698,130095,263349,0,0,0,0,0.0747931
433728,18,1,174440,47352,40994,127088,249463,0,0,0,0,0.0661576
433732,18,1,204156,55364,48257,148792,288382,0,0,0,0,0.0625883
433735,18,1,211189,57152,50120,154037,296282,0,0,0,0,0.0634817
433738,18,1,194842,50959,44162,143883,260556,0,0,0,0,0.0609982
433742,18,1,169776,45020,39354,124756,235482,0,0,0,0,0.0826374
433745,18,2,267675,73665,64857,193998,389953,1,0,0,0,0.159604
433748,18,2,212537,58498,51697,154026,309833,1,0,0,0,0.169933
433752,18,1,183585,48498,42738,135087,251801,0,0,0,0,0.0819165
433755,18,1,198782,53111,46412,145671,276901,0,0,0,0,0.0592916
433758,18,2,200208,55148,48661,145047,292887,1,0,0,0,0.17568
433762,18,1,176127,46604,40563,129523,242193,0,0,0,0,0.0596046
433765,18,1,199571,54955,48309,144616,288750,0,0,0,0,0.0603693
433768,18,1,191496,52768,46557,138728,278041,0,0,0,0,0.058518
433770,18,1,169973,44725,39204,125248,232846,0,0,0,0,0.0565863
433771,18,1,177824,46481,40568,131343,239833,0,0,0,0,0.0584228
433772,18,1,162296,41766,36938,120530,214501,0,0,0,0,0.0562428
433773,18,1,193416,51833,46334,141583,272294,0,0,0,0,0.0975158
433774,18,1,187369,49269,43207,138100,254427,0,0,0,0,0.0843283
433775,18,1,185160,49403,43260,135757,257480,0,0,0,0,0.0589644
433776,18,1,200909,53309,46314,147600,276389,0,0,0,0,0.0685898
433777,18,1,176711,47071,40778,129640,246003,0,0,0,0,0.0828503
433778,18,1,185547,49390,43059,136157,257867,0,0,0,0,0.0699386
433779,18,1,167778,44511,38576,123267,232639,0,0,0,0,0.0850944
433792,18,1,191643,52787,45946,138856,279259,0,0,0,0,0.0927492
433795,18,1,197246,53867,47032,143379,283474,0,0,0,0,0.0688839
433798,18,1,186325,49887,43372,136438,259114,0,0,0,0,0.06415
433802,18,1,189264,50607,44026,138657,265681,0,0,0,0,0.0588303
433805,18,1,198811,53359,46330,145452,279756,0,0,0,0,0.057421
433808,18,1,200927,53837,46430,147090,281263,0,0,0,0,0.0570171
433812,18,2,279777,77023,67719,202742,407992,1,0,0,0,0.15144
433815,18,1,198908,53432,46043,145476,281236,0,0,0,0,0.0589478
433818,18,1,191882,51809,44688,140073,272717,0,0,0,0,0.0577256
433822,18,2,268038,73257,64310,194769,386367,1,0,0,0,0.154143
433825,18,1,200238,54511,47613,145727,288184,0,0,0,0,0.0595865
433828,18,1,201566,55258,47921,146308,292881,0,0,0,0,0.0600417
433830,18,1,182867,48810,42318,134057,256419,0,0,0,0,0.0545847
433831,18,1,195024,51789,44981,143235,270123,0,0,0,0,0.0553366
433832,18,1,188630,49453,42826,139177,254869,0,0,0,0,0.0529406
433833,18,1,197015,53326,47383,143689,281077,0,0,0,0,0.0776632
433834,18,1,189626,50313,43731,139313,262966,0,0,0,0,0.0739744
433835,18,1,185633,49405,42716,136228,258723,0,0,0,0,0.0769876
433836,18,1,200925,53785,46372,147140,281014,0,0,0,0,0.0605792
433837,18,1,188588,50121,43367,138467,260134,0,0,0,0,0.0573043
433838,18,1,189574,50838,43999,138736,266705,0,0,0,0,0.0560952
433839,18,1,180056,48119,41480,131937,252851,0,0,0,0,0.0584068
433852,18,1,164221,43573,37381,120648,227989,0,0,0,0,0.0560004
433855,18,1,191911,51403,43784,140508,269832,0,0,0,0,0.0572139
433858,18,1,195485,52639,45561,142846,276528,0,0,0,0,0.0580221
433862,18,1,182389,48570,42040,133819,253389,0,0,0,0,0.0578074
433865,18,1,198100,52719,45397,145381,274308,0,0,0,0,0.0606854
433868,18,1,208765,56430,49111,152335,295537,0,0,0,0,0.0603372
433872,18,1,176498,46741,40680,129757,241383,0,0,0,0,0.0566677
433875,18,1,218075,59583,51966,158492,313651,0,0,0,0,0.0669584
433878,18,1,221111,60323,52957,160788,317124,0,0,0,0,0.0687215
433880,18,1,177727,47711,41025,130016,250750,0,0,0,0,0.0554916
433881,18,1,187263,49809,42977,137454,259985,0,0,0,0,0.0569497
433882,18,1,172445,45344,39250,127101,234904,0,0,0,0,0.0530929
433884,18,1,175469,46796,40199,128673,244372,0,0,0,0,0.0571941
433885,18,1,195636,52670,46096,142966,275716,0,0,0,0,0.0591462
433886,18,2,275911,76580,66894,199318,406449,1,0,0,0,0.154585
433887,18,2,271892,74997,65769,196882,397544,1,0,0,0,0.161519
433888,18,2,275881,76462,67095,199406,406339,1,0,0,0,0.166686
433889,18,1,209416,56694,49597,152722,296373,0,0,0,0,0.0604197
433893,18,1,190502,51402,45378,139100,270359,0,0,0,0,0.0856508
433902,18,1,170565,44091,38107,126474,227844,0,0,0,0,0.0696058
433905,18,1,180709,47614,41024,133095,247933,0,0,0,0,0.0544184
433908,18,1,176271,46657,40449,129614,244096,0,0,0,0,0.0604175
433912,18,1,170537,44414,38587,126123,230608,0,0,0,0,0.0528361
433915,18,1,195770,52152,45346,143618,272254,0,0,0,0,0.0599123
433918,18,1,181991,48141,42110,133850,251420,0,0,0,0,0.0584
433920,18,1,184726,50255,43349,134471,263808,0,0,0,0,0.0661585
433921,18,1,187442,49979,43199,137463,260842,0,0,0,0,0.0590327
433922,18,1,187438,49997,43382,137441,261564,0,0,0,0,0.060268
433924,18,2,281073,78181,68951,202879,414519,1,0,0,0,0.163447
433925,18,1,221469,59761,52036,161708,311969,0,0,0,0,0.058895
433928,18,1,206382,55531,48493,150851,290283,0,0,0,0,0.0649307
433929,18,1,196725,52324,45916,144401,273091,0,0,0,0,0.0569031
433933,18,1,195796,52742,45340,143054,276207,0,0,0,0,0.0582724
433936,18,1,205917,55643,48225,150274,292167,0,0,0,0,0.0609333
433937,18,1,201562,54732,47944,146830,287749,0,0,0,0,0.0873801
433942,18,1,175411,45929,39664,129482,237784,0,0,0,0,0.0696701
433945,18,1,204034,55059,48261,148975,288714,0,0,0,0,0.0603422
433948,18,1,188494,50144,43866,138350,262161,0,0,0,0,0.0610638
433950,18,1,188943,50894,44334,138049,265493,0,0,0,0,0.0652554
433951,18,1,182333,48546,41835,133787,252863,0,0,0,0,0.0537837
433954,18,1,204748,55763,48173,148985,293147,0,0,0,0,0.0678932
433959,18,1,202469,54013,47516,148456,281369,0,0,0,0,0.0596329
433962,18,1,185596,49419,42459,136177,258390,0,0,0,0,0.0815486
433963,18,1,183377,49454,42500,133923,259977,0,0,0,0,0.0660393
433965,18,1,222538,60049,52438,162489,313563,0,0,0,0,0.0620261
433966,18,1,211792,57389,49948,154403,301267,0,0,0,0,0.0613815
433967,18,1,195234,53233,46653,142001,280705,0,0,0,0,0.072842
433968,18,1,200949,54061,47313,146888,282653,0,0,0,0,0.0625516
433980,18,1,179311,47645,40902,131666,246049,0,0,0,0,0.0801449
433981,18,1,184837,49471,42275,135366,256946,0,0,0,0,0.0677925
433982,18,1,177840,47555,40646,130285,248283,0,0,0,0,0.0545318
433983,18,1,171789,46364,39755,125425,244068,0,0,0,0,0.0586202
433984,18,1,202339,55230,47452,147109,290760,0,0,0,0,0.0600825
433985,18,1,213990,58450,50552,155540,306296,0,0,0,0,0.0636655
433986,18,1,212457,57040,49767,155417,295539,0,0,0,0,0.0609835
433987,18,1,179470,48387,42181,131083,254446,0,0,0,0,0.0643609
433988,18,1,192182,51530,44569,140652,269739,0,0,0,0,0.0585827
433989,18,1,201748,53762,46919,147986,278850,0,0,0,0,0.0618518
434570,6,1,218184,59864,52889,158320,315009,0,0,0,0,0.07566
434571,18,1,208595,57594,49927,151001,303884,0,0,0,0,0.0598107
434574,18,2,214123,58996,52658,155114,314401,1,0,0,0,0.118179
434579,18,2,259594,72740,64869,186841,389531,1,0,0,0,0.159377
434580,6,1,218143,59832,52865,158311,314752,0,0,0,0,0.0753662
434581,18,1,208533,57564,49909,150969,303659,0,0,0,0,0.0597969
434584,18,2,214111,58987,52657,155111,314364,1,0,0,0,0.114348
434589,18,2,259647,72741,64885,186893,389513,1,0,0,0,0.146258
434590,6,1,218084,59821,52863,158263,314704,0,0,0,0,0.0900655
434591,18,1,234247,66337,57701,167910,351568,0,0,0,0,0.0650416
434594,18,1,249668,70223,61303,179445,370452,0,0,0,0,0.0822099
434599,18,1,198235,54783,47482,143452,289283,0,0,0,0,0.0584558
434600,18,1,188655,51424,44718,137231,270788,0,0,0,0,0.0536854
434601,18,1,209369,58259,50772,151110,308110,0,0,0,0,0.0562384
434604,18,1,224549,62149,54202,162400,326329,0,0,0,0,0.0583522
434609,18,1,219145,60885,53580,158260,321357,0,0,0,0,0.0770752
434622,36,1,221265,61309,53647,159956,324534,0,0,0,0,0.0589645
434625,36,1,230615,63705,55559,166910,336072,0,0,0,0,0.0650059
434628,36,1,221672,61122,53104,160550,321457,0,0,0,0,0.0773125
434630,6,1,192386,51845,45894,140541,274175,0,0,0,0,0.0960782
434631,18,1,194639,53290,46667,141349,283247,0,0,0,0,0.0726447
434634,18,1,221450,61398,54133,160052,326030,0,0,0,0,0.0625613
434639,18,1,187622,50583,44523,137039,266786,0,0,0,0,0.0538428
434640,6,1,192266,51817,45857,140449,274033,0,0,0,0,0.0787536
434641,18,1,194604,53269,46653,141335,283097,0,0,0,0,0.0581562
434644,18,1,221944,61524,54218,160420,326675,0,0,0,0,0.0634498
434649,18,1,187850,50618,44567,137232,266911,0,0,0,0,0.053691
434650,6,1,192285,51828,45870,140457,274095,0,0,0,0,0.0758475
434651,18,2,236411,66348,58507,170050,355377,1,0,0,0,0.126259
434654,18,2,219850,61457,54807,158380,328424,1,0,0,0,0.124003
434659,18,1,178520,47897,41914,130623,253184,0,0,0,0,0.0590824
434660,18,1,160489,42947,37352,117542,227080,0,0,0,0,0.0545388
434661,18,1,176900,47576,41846,129324,251703,0,0,0,0,0.0521708
434664,18,1,190099,51212,45330,138887,269703,0,0,0,0,0.0560666
434669,18,1,197807,53552,47364,144255,283452,0,0,0,0,0.074359
434682,36,1,196014,54202,47487,141812,289919,0,0,0,0,0.0576979
434685,36,1,207598,57229,50367,150369,304893,0,0,0,0,0.0590967
434688,36,1,213383,58823,51502,154560,312206,0,0,0,0,0.0645662
434690,6,1,181516,48457,42538,133059,255863,0,0,0,0,0.0771906
434691,18,1,162474,43546,37764,118928,230730,0,0,0,0,0.053514
434694,18,1,208269,57231,50312,151038,302074,0,0,0,0,0.0590592
434699,18,1,190542,51697,45241,138845,271583,0,0,0,0,0.0588526
434700,6,1,181494,48448,42534,133046,255795,0,0,0,0,0.0713365
434701,18,1,179712,48602,42963,131110,257443,0,0,0,0,0.0530577
434704,18,1,206521,56800,49554,149721,300440,0,0,0,0,0.0581701
434709,18,1,193533,52863,46467,140670,278870,0,0,0,0,0.0713022
434710,18,1,167584,44720,38542,122864,236321,0,0,0,0,0.0581934
434711,18,1,196479,53033,46092,143446,279816,0,0,0,0,0.0613639
434714,18,1,200488,54958,48024,145530,290756,0,0,0,0,0.0760893
434719,18,1,192439,52148,45511,140291,274374,0,0,0,0,0.0563607
434732,36,1,182707,49757,43236,132950,265125,0,0,0,0,0.0567067
434735,36,1,215217,59537,51439,155680,315738,0,0,0,0,0.0572874
434738,36,1,218541,60672,52873,157869,322397,0,0,0,0,0.0600175
434740,6,1,181521,48464,42524,133057,255912,0,0,0,0,0.073644
434741,18,1,199059,54027,47853,145032,284539,0,0,0,0,0.0602958
434744,18,1,207060,56569,49078,150491,298406,0,0,0,0,0.0598854
434749,18,1,199595,54461,47759,145134,286975,0,0,0,0,0.0718229
434750,18,1,167886,44825,38623,123061,236962,0,0,0,0,0.0796542
434751,18,1,207087,55991,48562,151096,294608,0,0,0,0,0.0939151
434754,18,1,195485,53234,46244,142251,280631,0,0,0,0,0.0729239
434759,18,2,262611,73744,64937,188855,395202,1,0,0,0,0.148737
434772,36,1,193910,52857,46091,141053,281183,0,0,0,0,0.0805547
434775,36,1,213964,58876,51066,155088,311351,0,0,0,0,0.0577633
434778,36,1,220674,60846,53022,159828,322432,0,0,0,0,0.0619886
434780,18,2,271335,74496,65280,196826,395460,1,0,0,0,0.151697
434781,18,2,270884,74397,65213,196474,394946,1,0,0,0,0.140306
434784,18,1,186919,50690,44319,136229,265702,0,0,0,0,0.056163
434789,18,2,258338,71954,63399,186372,381756,1,0,0,0,0.134006
434802,36,1,186985,50095,43515,136890,263687,0,0,0,0,0.0552715
434805,36,1,206552,56853,49518,149699,300930,0,0,0,0,0.0614568
434808,36,1,208815,57446,50059,151369,303820,0,0,0,0,0.056129
434830,18,1,166923,43985,38406,122938,230825,0,0,0,0,0.0500025
434831,18,1,166904,43967,38395,122937,230696,0,0,0,0,0.0522878
434832,18,1,165192,43791,38275,121401,230770,0,0,0,0,0.0574419
434833,18,1,183715,49330,43520,134385,260806,0,0,0,0,0.0752477
434834,18,1,176588,47501,41447,129087,248246,0,0,0,0,0.051832
434835,18,1,186023,50441,44095,135582,265775,0,0,0,0,0.0537363
434836,18,1,199342,54447,47396,144895,287573,0,0,0,0,0.0549388
434837,18,1,186332,50538,44035,135794,266821,0,0,0,0,0.0534309
434838,18,1,204873,56028,49254,148845,295341,0,0,0,0,0.0547065
434839,18,2,241668,67084,59436,174573,355317,1,0,0,0,0.148687
434860,6,1,210220,58246,51229,151974,309453,0,0,0,0,0.0765339
434861,18,1,180558,49625,43057,130933,263767,0,0,0,0,0.0642955
434864,18,2,278909,78983,70123,199914,424841,1,0,0,0,0.143174
434869,18,2,265256,75463,67355,189782,406554,1,0,0,0,0.181135
434870,6,1,210199,58238,51220,151961,309388,0,0,0,0,0.0852748
434871,18,1,202167,55923,49046,146244,296860,0,0,0,0,0.0633645
434874,18,1,211063,58430,50983,152633,309666,0,0,0,0,0.0632441
434879,18,1,215581,59412,51746,156169,313193,0,0,0,0,0.0604777
434880,18,1,193315,52898,46051,140417,280501,0,0,0,0,0.0584583
434881,18,2,313616,87057,76706,226546,464317,1,0,0,0,0.152177
434884,18,2,371432,104108,91362,267311,556257,1,0,0,0,0.165916
434889,18,1,226309,62643,54320,163666,328734,0,0,0,0,0.0648388
434902,36,1,200446,54674,48140,145772,289816,0,0,0,0,0.057486
434905,36,1,229788,63986,55320,165802,340456,0,0,0,0,0.063515
434908,36,1,224900,62453,53943,162447,330410,0,0,0,0,0.0876794
434920,6,1,213447,59185,52166,154262,315452,0,0,0,0,0.097387
434921,18,1,192456,52567,45719,139889,279175,0,0,0,0,0.0636532
434924,18,1,221466,62272,53931,159194,332252,0,0,0,0,0.065423
434929,18,1,222443,61214,53303,161229,324897,0,0,0,0,0.0629307
434930,6,1,213236,59123,52135,154113,315094,0,0,0,0,0.101771
434931,18,2,338276,94874,83066,243389,507373,1,0,0,0,0.166616
434934,18,1,203490,56367,48923,147123,299936,0,0,0,0,0.0590834
434939,18,2,262269,73872,65495,188384,396728,1,0,0,0,0.128607
434940,18,1,188753,52214,44892,136539,278783,0,0,0,0,0.0571689
434941,18,2,332615,92847,81212,239755,495868,1,0,0,0,0.150819
434944,18,1,182595,49892,43825,132703,265499,0,0,0,0,0.0597803
434949,18,1,208391,57442,50352,150949,304557,0,0,0,0,0.0609761
434962,36,1,200886,54687,47597,146199,289948,0,0,0,0,0.0579888
434965,36,1,213147,58876,51169,154271,314057,0,0,0,0,0.059647
434968,36,1,216741,59992,52290,156749,318541,0,0,0,0,0.0573031
434970,6,1,198319,54869,48129,143450,291483,0,0,0,0,0.0840095
434971,18,1,174416,47098,40646,127318,249083,0,0,0,0,0.0615989
434974,18,1,201763,55284,47981,146479,292107,0,0,0,0,0.0621238
434979,18,1,196901,53459,46442,143442,281558,0,0,0,0,0.0632327
434980,6,1,198172,54824,48102,143348,291230,0,0,0,0,0.0909298
434981,18,1,198345,54508,47629,143837,289276,0,0,0,0,0.060168
434984,18,1,207593,57079,49753,150514,302348,0,0,0,0,0.0700277
434989,18,1,212060,58189,50823,153871,307814,0,0,0,0,0.0606182
434990,18,1,174600,47736,41301,126864,253567,0,0,0,0,0.055485
434991,18,1,192745,52720,45919,140025,278958,0,0,0,0,0.0593059
434994,18,1,183866,50072,43618,133794,265058,0,0,0,0,0.0635688
434999,18,1,205981,56864,49824,149117,300102,0,0,0,0,0.0634307
435012,36,1,185951,50408,43594,135543,267119,0,0,0,0,0.0580127
435015,36,1,207818,57103,49898,150715,302812,0,0,0,0,0.0610481
435018,36,1,214149,58882,51125,155267,312331,0,0,0,0,0.0599648
435020,6,1,180340,49130,43285,131210,260024,0,0,0,0,0.0983905
435021,18,1,193556,53830,47186,139726,286609,0,0,0,0,0.0697106
435024,18,1,203769,56821,49841,146948,301849,0,0,0,0,0.06552
435029,18,1,189874,51508,45222,138366,272824,0,0,0,0,0.0651759
435030,18,1,171863,47392,41100,124471,252298,0,0,0,0,0.0704104
435031,18,1,187621,51227,44529,136394,271651,0,0,0,0,0.0590231
435034,18,1,212824,59158,51338,153666,315006,0,0,0,0,0.0678044
435039,18,1,196516,53057,46489,143459,279695,0,0,0,0,0.0807509
435052,36,1,211850,58504,50997,153346,311630,0,0,0,0,0.0847173
435055,36,1,226676,63616,55348,163060,339190,0,0,0,0,0.0681513
435058,36,1,207496,57370,50198,150126,305200,0,0,0,0,0.0660614
435060,18,1,183957,49974,43566,133983,263173,0,0,0,0,0.0631832
435061,18,1,187598,51284,44414,136314,270176,0,0,0,0,0.0625125
435064,18,2,213698,59206,52284,154480,313385,1,0,0,0,0.186432
435069,18,1,188216,50558,44266,137658,263764,0,0,0,0,0.0703908
435082,36,1,199796,54474,47336,145322,287699,0,0,0,0,0.0664368
435085,36,1,218131,60288,52571,157843,320197,0,0,0,0,0.0648801
435088,36,1,202396,55446,48503,146950,293586,0,0,0,0,0.0644966
435110,18,1,166824,44412,38922,122412,233124,0,0,0,0,0.0604461
435111,18,1,189509,50854,44386,138655,266470,0,0,0,0,0.0609381
435112,18,1,192404,51399,44738,141005,269540,0,0,0,0,0.0581269
435113,18,1,191704,51880,45334,139824,272663,0,0,0,0,0.0582118
435114,18,2,217404,60344,53569,157049,319795,1,0,0,0,0.13322
435115,18,1,217635,59679,52380,157956,315418,0,0,0,0,0.0736667
435116,18,2,270088,76037,67386,194038,407487,1,0,0,0,0.174596
435117,18,1,184626,49660,43516,134966,261970,0,0,0,0,0.0808181
435118,18,1,203087,55223,48610,147864,291705,0,0,0,0,0.0679983
435119,18,1,204638,54921,48400,149717,286358,0,0,0,0,0.0782222
435150,6,1,210137,58216,51206,151921,309243,0,0,0,0,0.11117
435151,18,1,224022,62020,54657,162002,327580,0,0,0,0,0.0868259
435154,18,1,216711,60528,52843,156183,322096,0,0,0,0,0.0840603
435159,18,1,201307,55678,48267,145629,294968,0,0,0,0,0.0831032
435160,18,1,193301,52882,46040,140419,280411,0,0,0,0,0.0652827
435161,18,2,321217,89622,79004,231582,478045,1,0,0,0,0.189109
435164,18,1,210070,57929,50724,152141,306032,0,0,0,0,0.0738949
435169,18,1,205479,56702,49325,148777,298538,0,0,0,0,0.0679923
435182,36,1,214543,58814,51997,155729,311546,0,0,0,0,0.0807468
435185,36,1,228804,63874,55486,164930,340186,0,0,0,0,0.0862966
435188,36,1,210812,58188,50510,152624,308522,0,0,0,0,0.069831
435210,6,1,213178,59108,52123,154070,315009,0,0,0,0,0.0803514
435211,18,2,361574,102568,89947,258993,549453,1,0,0,0,0.215678
435214,18,1,206721,57433,49779,149288,306239,0,0,0,0,0.0881656
435219,18,1,195622,53295,46301,142327,282215,0,0,0,0,0.0776614
435220,18,1,188665,52188,44883,136477,278617,0,0,0,0,0.0847903
435221,18,2,350233,98075,85872,252145,524272,1,0,0,0,0.19094
435224,18,1,185813,50925,44872,134888,271102,0,0,0,0,0.065568
435229,18,1,190128,52373,45712,137755,278271,0,0,0,0,0.0625836
435242,36,1,216744,59374,51588,157370,314949,0,0,0,0,0.0788581
435245,36,1,214677,59380,51768,155297,317151,0,0,0,0,0.0826742
435248,36,1,204393,56600,49463,147793,301483,0,0,0,0,0.0768803
435260,6,1,198186,54827,48108,143359,291233,0,0,0,0,0.104731
435261,18,1,220963,61246,53553,159717,325350,0,0,0,0,0.0695609
435264,18,1,212538,58258,50877,154280,308180,0,0,0,0,0.0741735
435269,18,1,216250,59752,52292,156498,316911,0,0,0,0,0.0703681
435270,18,1,174615,47747,41324,126868,253625,0,0,0,0,0.0737217
435271,18,2,281415,78103,68546,203299,417966,1,0,0,0,0.152677
435274,18,1,190229,52162,44999,138067,276492,0,0,0,0,0.0666445
435279,18,1,211483,58289,50988,153194,307597,0,0,0,0,0.0562191
435292,36,1,202536,55451,48191,147085,294665,0,0,0,0,0.0630903
435295,36,1,211383,57895,50414,153488,306628,0,0,0,0,0.07453
435298,36,1,220256,60906,53166,159350,323928,0,0,0,0,0.0703992
435300,6,1,180560,49170,43297,131390,260197,0,0,0,0,0.132163
435301,18,1,196907,54471,47884,142436,290276,0,0,0,0,0.0863611
435304,18,1,211523,58916,51687,152607,313534,0,0,0,0,0.10446
435309,18,1,191423,52156,45907,139267,276466,0,0,0,0,0.133332
435310,18,1,171795,47357,41075,124438,252082,0,0,0,0,0.120874
435311,18,1,188319,51169,44499,137150,271431,0,0,0,0,0.101713
435314,18,1,216277,59660,51902,156617,316692,0,0,0,0,0.143476
435319,18,1,199769,54248,47671,145521,286598,0,0,0,0,0.0969084
435332,36,1,209537,57510,50507,152027,305983,0,0,0,0,0.0743693
435335,36,1,228421,63585,55447,164836,338125,0,0,0,0,0.0829239
435338,36,1,210256,58447,51625,151809,311631,0,0,0,0,0.0673148
435340,18,1,184055,49975,43582,134080,263132,0,0,0,0,0.061061
435341,18,1,187312,51229,44388,136083,269927,0,0,0,0,0.0787547
435344,18,2,213641,59191,52284,154438,313329,1,0,0,0,0.144978
435349,18,1,188145,50524,44242,137621,263529,0,0,0,0,0.0531288
435362,36,1,186896,50836,43802,136060,269553,0,0,0,0,0.054572
435365,36,1,217061,59887,51971,157174,317956,0,0,0,0,0.0607149
435368,36,1,199039,54223,47507,144816,286871,0,0,0,0,0.0595057
435390,18,1,166889,44421,38938,122468,233146,0,0,0,0,0.0602603
435391,18,1,189193,50805,44353,138388,266285,0,0,0,0,0.0577044
435392,18,1,178478,47747,41360,130731,251862,0,0,0,0,0.0563352
435393,18,1,175147,47310,41355,127837,250483,0,0,0,0,0.0741195
435394,18,2,217398,60346,53558,157041,319828,1,0,0,0,0.133511
435395,18,1,212547,57937,50712,154610,305911,0,0,0,0,0.0582866
435396,18,1,217963,59793,52790,158170,315369,0,0,0,0,0.0599096
435397,18,1,180268,48510,42579,131758,256171,0,0,0,0,0.0611617
435398,18,1,197656,53932,47266,143724,285696,0,0,0,0,0.0584715
435399,18,1,204436,54867,48364,149569,286067,0,0,0,0,0.0570723
435440,18,1,212722,58060,50957,154662,305090,0,0,0,0,0.0908492
435441,18,1,217530,59255,52079,158275,309744,0,0,0,0,0.0585897
435444,18,2,250428,70769,62579,179646,380773,1,0,0,0,0.130526
435449,18,1,198518,54742,47619,143776,288653,0,0,0,0,0.0575719
435462,36,1,211103,58049,50584,153054,306531,0,0,0,0,0.0599958
435465,36,1,230424,64562,56279,165862,342769,0,0,0,0,0.0615947
435468,36,1,219290,61324,53413,157966,326148,0,0,0,0,0.0641948
435500,18,1,210684,58433,50354,152251,311436,0,0,0,0,0.059691
435501,18,1,221842,61409,53100,160433,325188,0,0,0,0,0.062222
435504,18,1,193519,53945,47074,139574,288383,0,0,0,0,0.0657707
435509,18,1,182132,50182,43444,131950,267158,0,0,0,0,0.0591611
435522,36,1,216501,59397,51220,157104,314563,0,0,0,0,0.062378
435525,36,1,218709,61011,53298,157698,326683,0,0,0,0,0.0603564
435528,36,1,209189,58175,50504,151014,311263,0,0,0,0,0.0577496
435550,18,1,204031,56783,49486,147248,301935,0,0,0,0,0.0603548
435551,18,1,214987,59626,51835,155361,315636,0,0,0,0,0.0643051
435554,18,1,191300,52745,45704,138555,280333,0,0,0,0,0.0610017
435559,18,1,213840,59530,52153,154310,315776,0,0,0,0,0.060528
435572,36,1,201263,55139,47612,146124,292734,0,0,0,0,0.0771191
435575,36,1,215962,59784,51775,156178,318588,0,0,0,0,0.0786379
435578,36,1,222136,61961,53883,160175,330900,0,0,0,0,0.0633763
435590,18,1,203418,56527,49258,146891,300030,0,0,0,0,0.07554
435591,18,1,197080,54082,47162,142998,287221,0,0,0,0,0.0604723
435594,18,1,221587,61264,53128,160323,324483,0,0,0,0,0.0615534
435599,18,1,195431,52983,46461,142448,279208,0,0,0,0,0.0616399
435612,36,1,206779,56931,49809,149848,303895,0,0,0,0,0.0633052
435615,36,1,235373,65498,57123,169875,349645,0,0,0,0,0.064648
435618,36,1,213717,58689,51623,155028,312557,0,0,0,0,0.0623157
435620,18,1,207074,57467,50113,149607,304037,0,0,0,0,0.0944042
435621,18,1,192047,53277,46248,138770,283802,0,0,0,0,0.0576832
435624,18,1,214976,59610,51808,155366,317103,0,0,0,0,0.0670076
435629,18,1,195973,53342,46977,142631,281402,0,0,0,0,0.0587008
435642,36,1,195438,53639,46557,141799,286336,0,0,0,0,0.0578226
435645,36,1,229618,63541,55318,166077,338365,0,0,0,0,0.0615132
435648,36,1,206451,56632,49684,149819,301502,0,0,0,0,0.0677304
435670,18,1,164211,43815,37945,120396,230694,0,0,0,0,0.0922655
435671,18,1,183126,49411,42611,133715,259588,0,0,0,0,0.0591069
435672,18,1,177712,47699,41004,130013,251357,0,0,0,0,0.062775
435673,18,1,171176,46801,40719,124375,249244,0,0,0,0,0.0580527
435674,18,1,202374,55898,48803,146476,297655,0,0,0,0,0.0605695
435675,18,1,211643,57960,50432,153683,306600,0,0,0,0,0.0683122
435676,18,2,237943,67218,59672,170713,360923,1,0,0,0,0.163965
435677,18,1,173054,46919,41291,126135,248748,0,0,0,0,0.0622386
435678,18,1,192620,52331,45924,140289,276909,0,0,0,0,0.0556773
435679,18,1,201576,54545,48011,147031,286436,0,0,0,0,0.063702
435950,18,1,189166,52036,45841,137130,275677,0,0,0,0,0.0932765
435951,18,1,193964,53139,46214,140825,278840,0,0,0,0,0.0674449
435952,18,1,186107,51097,44239,135010,269881,0,0,0,0,0.0761816
435953,18,1,181983,50186,43438,131797,266997,0,0,0,0,0.068425
435954,18,1,197739,54706,47705,143033,290934,0,0,0,0,0.0630856
435955,18,1,210289,58260,51198,152029,308414,0,0,0,0,0.0700491
435956,18,1,231764,64000,56107,167764,335112,0,0,0,0,0.0757601
435957,18,1,180137,48891,42385,131246,259427,0,0,0,0,0.0647242
435958,18,1,184612,49996,43469,134616,263469,0,0,0,0,0.0642061
435959,18,1,198097,53738,46949,144359,281334,0,0,0,0,0.0675858
436020,36,1,190350,51796,45389,138554,273087,0,0,0,0,0.055145
436021,36,1,196673,53472,46693,143201,281086,0,0,0,0,0.0563641
436022,36,1,196723,53801,46833,142922,284346,0,0,0,0,0.061672
436023,36,1,215723,60530,53473,155193,322677,0,0,0,0,0.0921857
436024,36,1,221604,61133,53516,160471,323214,0,0,0,0,0.0855653
436025,36,1,213089,59231,51567,153858,314532,0,0,0,0,0.0623123
436026,36,1,234182,65459,57039,168723,347977,0,0,0,0,0.0699915
436027,36,1,200100,55525,48126,144575,295304,0,0,0,0,0.0762761
436028,36,1,212918,59499,51836,153419,316811,0,0,0,0,0.0877022
436029,36,1,194626,53997,46643,140629,287074,0,0,0,0,0.0844672
436080,36,1,200110,55344,47807,144766,295254,0,0,0,0,0.0785277
436081,36,1,211762,58529,50724,153233,310523,0,0,0,0,0.0645039
436082,36,1,221743,61611,52980,160132,326481,0,0,0,0,0.0630131
436083,36,1,218807,61598,53880,157209,330017,0,0,0,0,0.0994128
436084,36,1,210443,58033,50854,152410,309432,0,0,0,0,0.06039
436085,36,1,204116,55999,48923,148117,297982,0,0,0,0,0.0584203
436086,36,1,226299,63809,55323,162490,341348,0,0,0,0,0.0641474
436087,36,1,200708,55123,48175,145585,292470,0,0,0,0,0.0591376
436088,36,1,206683,57598,49901,149085,307547,0,0,0,0,0.0747593
436089,36,1,193749,53699,46306,140050,286714,0,0,0,0,0.0842852
436130,36,1,193988,53635,46978,140353,285208,0,0,0,0,0.0709861
436131,36,1,200333,55174,48318,145159,292474,0,0,0,0,0.0727252
436132,36,1,201754,55876,48338,145878,297329,0,0,0,0,0.0689671
436133,36,1,203980,57552,50398,146428,308058,0,0,0,0,0.0828814
436134,36,1,194161,52946,45618,141215,279954,0,0,0,0,0.0631455
436135,36,1,202900,55591,48449,147309,294601,0,0,0,0,0.0637044
436136,36,1,210361,57917,49795,152444,307868,0,0,0,0,0.0828652
436137,36,1,206215,56964,49411,149251,302770,0,0,0,0,0.07142
436138,36,1,214949,59881,51807,155068,318978,0,0,0,0,0.0610393
436139,36,1,224194,62706,54336,161488,332992,0,0,0,0,0.0654068
436170,36,1,186818,52025,45294,134793,277132,0,0,0,0,0.0652603
436171,36,1,204744,55986,48834,148758,297154,0,0,0,0,0.0589366
436172,36,1,206409,56769,49277,149640,302387,0,0,0,0,0.0618706
436173,36,1,213590,59131,51138,154459,315192,0,0,0,0,0.0754298
436174,36,1,220278,60645,52419,159633,320949,0,0,0,0,0.0647483
436175,36,1,237284,65810,57223,171474,349420,0,0,0,0,0.0727116
436176,36,1,220761,61376,53525,159385,327247,0,0,0,0,0.0714204
436177,36,1,209601,58059,50519,151542,309645,0,0,0,0,0.0632647
436178,36,1,213410,58234,51162,155176,308832,0,0,0,0,0.0838077
436179,36,1,207165,56510,49730,150655,298645,0,0,0,0,0.0778192
436200,36,1,194154,54000,47040,140154,286583,0,0,0,0,0.0741574
436201,36,1,202015,55472,48216,146543,294386,0,0,0,0,0.0681026
436202,36,1,199937,55374,47904,144563,295223,0,0,0,0,0.0671127
436203,36,1,190485,51969,45019,138516,276205,0,0,0,0,0.0692274
436204,36,1,213942,58964,51230,154978,312838,0,0,0,0,0.0829776
436205,36,1,232933,64635,56030,168298,343535,0,0,0,0,0.0899221
436206,36,1,217830,61088,53554,156742,326283,0,0,0,0,0.0665219
436207,36,1,199799,54999,48157,144800,292543,0,0,0,0,0.0618372
436208,36,1,207738,56664,49657,151074,300541,0,0,0,0,0.0645145
436209,36,1,212669,58323,51282,154346,308464,0,0,0,0,0.08691
436220,36,1,190730,52998,45609,137732,280719,0,0,0,0,0.106411
436221,36,1,196239,54079,46733,142160,285295,0,0,0,0,0.0862787
436222,36,1,189372,51872,44678,137500,274447,0,0,0,0,0.0649628
436223,36,1,169325,45880,39585,123445,243184,0,0,0,0,0.0554552
436224,36,1,207303,57440,49702,149863,305618,0,0,0,0,0.0656773
436225,36,1,218155,60567,52683,157588,320929,0,0,0,0,0.0864986
436226,36,1,215169,60394,52969,154775,319846,0,0,0,0,0.0671914
436227,36,1,186079,50754,44381,135325,268956,0,0,0,0,0.0559028
436228,36,1,196794,53950,47269,142844,285578,0,0,0,0,0.0581712
436229,36,1,207359,56898,49821,150461,299535,0,0,0,0,0.0600681
436810,6,1,219307,60280,53642,159027,318242,0,0,0,0,0.0730854
436811,18,1,212275,58743,51112,153532,311228,0,0,0,0,0.0590693
436814,18,2,226259,63229,56442,163017,338246,1,0,0,0,0.120262
436819,18,2,287595,81044,71865,206539,434733,1,0,0,0,0.136622
436820,6,1,219219,60209,53587,159010,317732,0,0,0,0,0.0752058
436821,18,1,212209,58660,51035,153549,310655,0,0,0,0,0.0592075
436824,18,2,226103,63161,56372,162929,337812,1,0,0,0,0.125964
436829,18,2,287506,80992,71832,206502,434377,1,0,0,0,0.138402
436830,6,1,219406,60281,53642,159125,318139,0,0,0,0,0.0731427
436831,18,1,236950,67217,58711,169733,357216,0,0,0,0,0.0645176
436834,18,1,246815,69490,60968,177325,366951,0,0,0,0,0.0644341
436839,18,1,204446,56922,49355,147524,302378,0,0,0,0,0.0579593
436840,18,1,191918,52723,45780,139195,279112,0,0,0,0,0.0538888
436841,18,1,209873,57875,50534,151998,305958,0,0,0,0,0.0561426
436844,18,1,221515,61080,53512,160435,321493,0,0,0,0,0.0568723
436849,18,1,220967,61804,54652,159163,327854,0,0,0,0,0.0745424
436862,36,1,220789,61275,53637,159514,324970,0,0,0,0,0.0589814
436865,36,1,230798,63999,56146,166799,338595,0,0,0,0,0.0624342
436868,36,1,218629,59753,52138,158876,313619,0,0,0,0,0.0641958
436870,6,1,202579,54329,47585,148250,287542,0,0,0,0,0.0809017
436871,18,1,198700,54471,47084,144229,290369,0,0,0,0,0.0597616
436874,18,2,201663,55159,48346,146491,292802,1,0,0,0,0.123605
436879,18,1,189674,50952,44877,138722,268309,0,0,0,0,0.0563051
436880,6,1,202587,54322,47579,148265,287478,0,0,0,0,0.0881383
436881,18,1,198606,54423,47056,144183,290073,0,0,0,0,0.0870586
436884,18,2,201651,55160,48346,146478,292836,1,0,0,0,0.162344
436889,18,1,189744,50954,44883,138790,268269,0,0,0,0,0.0733792
436890,6,1,202682,54350,47602,148332,287649,0,0,0,0,0.0835116
436891,18,1,219166,60054,52652,159112,318847,0,0,0,0,0.0875051
436894,18,1,234816,64368,56595,170448,340179,0,0,0,0,0.0847111
436899,18,1,186905,50481,44087,136424,268021,0,0,0,0,0.0622773
436900,18,1,172499,46198,40143,126301,245091,0,0,0,0,0.0749991
436901,18,1,191352,51754,45440,139598,274718,0,0,0,0,0.0766578
436904,18,1,209304,56550,49756,152754,297382,0,0,0,0,0.0617941
436909,18,1,206526,56104,49296,150422,297727,0,0,0,0,0.0940834
436922,36,1,206391,57224,49640,149167,306750,0,0,0,0,0.073603
436925,36,1,217685,60315,52710,157370,322181,0,0,0,0,0.0633706
436928,36,1,213091,58649,50882,154442,311058,0,0,0,0,0.0644905
436930,6,1,194739,52415,46371,142324,276384,0,0,0,0,0.0763771
436931,18,1,166732,44573,38805,122159,235295,0,0,0,0,0.0566904
436934,18,1,196260,53564,47020,142696,282405,0,0,0,0,0.0615855
436939,18,1,189131,51028,44882,138103,267558,0,0,0,0,0.0549283
436940,6,1,194502,52349,46337,142153,276023,0,0,0,0,0.0979724
436941,18,1,183382,49707,44024,133675,263481,0,0,0,0,0.0800262
436944,18,1,204967,56262,49488,148705,298229,0,0,0,0,0.0836945
436949,18,2,255700,71512,62810,184175,383947,1,0,0,0,0.165953
436950,18,1,182747,49533,42948,133214,262660,0,0,0,0,0.0646804
436951,18,1,207861,56490,49464,151371,297643,0,0,0,0,0.0909779
436954,18,2,317733,88970,78296,228750,476875,1,0,0,0,0.171743
436959,18,1,196052,53129,46509,142923,280316,0,0,0,0,0.0615954
436972,36,1,196068,53514,46803,142554,284746,0,0,0,0,0.0624536
436975,36,1,219038,60254,52465,158784,319547,0,0,0,0,0.0650245
436978,36,1,216972,59827,52322,157145,317308,0,0,0,0,0.0633947
436980,6,1,194342,52349,46352,141993,276082,0,0,0,0,0.0970853
436981,18,1,205538,55886,49261,149652,293564,0,0,0,0,0.0754036
436984,18,1,204185,56022,49221,148163,297088,0,0,0,0,0.0585453
436989,18,2,259338,72263,63123,187062,386661,1,0,0,0,0.130012
436990,18,1,182990,49627,43006,133363,263210,0,0,0,0,0.0572456
436991,18,2,202444,55996,49479,146435,299331,1,0,0,0,0.135209
436994,18,1,203358,55173,47984,148185,291808,0,0,0,0,0.0738241
436999,18,1,198929,53801,47153,145128,283223,0,0,0,0,0.0563005
437012,36,1,207685,56722,49789,150963,300685,0,0,0,0,0.0638614
437015,36,1,219127,60022,52137,159105,317783,0,0,0,0,0.0755838
437018,36,1,218951,60194,52502,158757,319085,0,0,0,0,0.0747412
437020,18,2,332538,91849,81072,240676,488139,1,0,0,0,0.145641
437021,18,2,332018,91696,80982,240309,487274,1,0,0,0,0.146902
437024,18,1,188717,50679,44230,138038,266961,0,0,0,0,0.0565676
437029,18,1,193057,51881,45556,141176,271119,0,0,0,0,0.0551501
437042,36,1,200003,53926,46780,146077,283968,0,0,0,0,0.060086
437045,36,1,216112,59030,51504,157082,312377,0,0,0,0,0.0566393
437048,36,1,218506,60119,52428,158387,318474,0,0,0,0,0.057416
437070,18,1,179442,47384,41865,132058,247655,0,0,0,0,0.0527153
437071,18,1,179386,47370,41873,132016,247543,0,0,0,0,0.0707208
437072,18,1,173817,45720,39909,128097,240093,0,0,0,0,0.0678925
437073,18,1,198790,53828,47751,144962,284508,0,0,0,0,0.078892
437074,18,1,185083,49374,43035,135709,258354,0,0,0,0,0.058072
437075,18,1,196173,52831,46172,143342,277589,0,0,0,0,0.0637974
437076,18,1,202473,55284,48270,147189,292606,0,0,0,0,0.0601252
437077,18,2,241937,66968,58722,174956,357067,1,0,0,0,0.125122
437078,18,1,204663,56175,49114,148488,297084,0,0,0,0,0.0578316
437079,18,1,203383,55412,48527,147971,291052,0,0,0,0,0.0584949
437100,6,1,213170,59247,52313,153923,315071,0,0,0,0,0.0795778
437101,18,1,180683,49580,42998,131103,263511,0,0,0,0,0.0582416
437104,18,2,316209,90394,80457,225803,486805,1,0,0,0,0.154784
437109,18,2,305582,87857,77983,217714,474398,1,0,0,0,0.147134
437110,6,1,212977,59202,52279,153775,314798,0,0,0,0,0.0791001
437111,18,2,320739,90043,80106,230683,482845,1,0,0,0,0.155622
437114,18,1,213474,60040,52634,153434,319806,0,0,0,0,0.0614434
437119,18,1,218183,60615,52821,157568,320533,0,0,0,0,0.0601802
437120,18,1,194470,53895,47024,140575,287301,0,0,0,0,0.0569601
437121,18,1,201530,55122,48141,146408,290830,0,0,0,0,0.0587126
437124,18,2,286947,81887,72537,205047,441055,1,0,0,0,0.142724
437129,18,1,221659,60778,52879,160881,318479,0,0,0,0,0.0618598
437142,36,1,200818,55257,48317,145561,293866,0,0,0,0,0.0583202
437145,36,1,234175,65690,56974,168485,349931,0,0,0,0,0.060787
437148,36,1,221622,61642,53490,159980,326479,0,0,0,0,0.0598777
437160,6,1,205002,56781,49753,148221,303215,0,0,0,0,0.0738073
437161,18,1,185704,51324,43955,134380,274416,0,0,0,0,0.0550693
437164,18,2,288608,81069,70881,207526,434257,1,0,0,0,0.153082
437169,18,2,233144,65131,57691,168001,348552,1,0,0,0,0.157702
437170,6,1,204963,56792,49803,148171,303313,0,0,0,0,0.108267
437171,18,1,201833,56283,48657,145550,300535,0,0,0,0,0.0650411
437174,18,1,199175,55913,48172,143262,298914,0,0,0,0,0.0652287
437179,18,1,200770,54728,47838,146042,288690,0,0,0,0,0.0576748
437180,18,1,180179,49857,42755,130322,266771,0,0,0,0,0.0603451
437181,18,2,213577,59008,51668,154558,316010,1,0,0,0,0.1274
437184,18,2,253722,70320,62073,183389,376846,1,0,0,0,0.142008
437189,18,1,213204,58151,50733,155053,305929,0,0,0,0,0.0639099
437202,36,1,195517,54204,47192,141313,289681,0,0,0,0,0.0575366
437205,36,1,217674,60733,52877,156941,324831,0,0,0,0,0.0623136
437208,36,1,206740,56852,49525,149888,300542,0,0,0,0,0.0559734
437210,6,1,201518,55986,48705,145532,298705,0,0,0,0,0.074061
437211,18,1,176294,48073,41179,128221,255126,0,0,0,0,0.0574781
437214,18,2,271977,76406,67163,195559,408892,1,0,0,0,0.191586
437219,18,2,270187,75367,66565,194809,402408,1,0,0,0,0.159651
437220,6,1,201633,56020,48729,145613,298899,0,0,0,0,0.0889359
437221,18,1,198932,55482,48004,143450,296300,0,0,0,0,0.0630268
437224,18,1,209282,58103,50890,151179,308559,0,0,0,0,0.0752453
437229,18,2,226924,63702,56250,163209,342231,1,0,0,0,0.172624
437230,18,1,179174,49555,42744,129619,264750,0,0,0,0,0.0534699
437231,18,2,218665,60025,52414,158627,320895,1,0,0,0,0.124399
437234,18,2,254084,70553,62342,183518,378165,1,0,0,0,0.133937
437239,18,2,287872,80438,71108,207422,429669,1,0,0,0,0.133711
437252,36,1,188451,51605,44740,136846,274699,0,0,0,0,0.0537798
437255,36,1,217346,60455,52633,156891,320780,0,0,0,0,0.07405
437258,36,2,287190,80781,71037,206397,433913,1,0,0,0,0.142008
437260,6,1,188141,50655,44638,137486,266965,0,0,0,0,0.0853489
437261,18,1,193352,53687,47091,139665,285527,0,0,0,0,0.0654452
437264,18,2,238313,67318,58959,170982,362674,1,0,0,0,0.142663
437269,18,2,234518,65314,57303,169191,349699,1,0,0,0,0.138587
437270,18,1,176697,48501,42011,128196,257751,0,0,0,0,0.076642
437271,18,2,301142,83825,73553,217304,449085,1,0,0,0,0.151953
437274,18,2,316859,89606,78545,227240,481790,1,0,0,0,0.149878
437279,18,1,193780,52304,45808,141476,275077,0,0,0,0,0.0584499
437292,36,1,207752,57589,50470,150163,307150,0,0,0,0,0.0587408
437295,36,1,219882,61854,53915,158028,330723,0,0,0,0,0.0644859
437298,36,2,282873,79195,69614,203665,424857,1,0,0,0,0.145018
437300,18,2,246064,68493,60476,177558,364831,1,0,0,0,0.138032
437301,18,1,193965,53117,46260,140848,280100,0,0,0,0,0.0561368
437304,18,1,193302,53146,46373,140156,280764,0,0,0,0,0.0548449
437309,18,2,269331,74193,65494,195126,392738,1,0,0,0,0.17323
437322,36,1,201195,54841,47573,146354,288985,0,0,0,0,0.0542089
437325,36,1,214653,59881,52243,154772,318808,0,0,0,0,0.0598855
437328,36,2,309593,86433,75860,223147,462800,1,0,0,0,0.147721
437350,18,1,177153,47402,41872,129751,248596,0,0,0,0,0.0625594
437351,18,1,194019,52491,46269,141528,275764,0,0,0,0,0.0535045
437352,18,2,226092,62735,55257,163344,335214,1,0,0,0,0.120915
437353,18,1,206603,55787,48596,150816,292075,0,0,0,0,0.0583102
437354,18,2,247570,68581,60625,178976,364987,1,0,0,0,0.125914
437355,18,2,201302,55647,49073,145643,296820,1,0,0,0,0.135688
437356,18,2,250820,70697,62310,180110,379552,1,0,0,0,0.14307
437357,18,1,185919,50201,44177,135718,264680,0,0,0,0,0.055353
437358,18,1,201480,55015,48336,146465,291106,0,0,0,0,0.0590367
437359,18,1,191919,51983,45828,139936,272728,0,0,0,0,0.0545478
437390,6,1,212959,59192,52275,153767,314732,0,0,0,0,0.0757628
437391,18,2,332526,93655,83274,238858,502131,1,0,0,0,0.155427
437394,18,1,221199,62620,54761,158579,334643,0,0,0,0,0.0640682
437399,18,1,203902,56790,49071,147112,301842,0,0,0,0,0.056895
437400,18,1,194531,53908,47031,140623,287377,0,0,0,0,0.0603599
437401,18,2,294221,82643,73183,211566,443084,1,0,0,0,0.145077
437404,18,1,216070,60320,52610,155750,319374,0,0,0,0,0.0596288
437409,18,1,206410,56741,49567,149669,299097,0,0,0,0,0.0560116
437422,36,1,216387,59575,52417,156812,315758,0,0,0,0,0.0578002
437425,36,1,233589,65665,56909,167924,350121,0,0,0,0,0.0598285
437428,36,1,209269,58122,50556,151147,308723,0,0,0,0,0.0553828
437450,6,1,204877,56765,49795,148112,303156,0,0,0,0,0.0731003
437451,18,1,217588,60705,52481,156883,323366,0,0,0,0,0.0572161
437454,18,1,200413,55798,47987,144615,298586,0,0,0,0,0.0562838
437459,18,1,190149,51831,45216,138318,275033,0,0,0,0,0.0521458
437460,18,1,180137,49835,42740,130302,266626,0,0,0,0,0.052958
437461,18,2,193715,52766,46157,140936,281162,1,0,0,0,0.11487
437464,18,1,194750,53308,46576,141442,283400,0,0,0,0,0.0592194
437469,18,1,196895,53655,46797,143240,284484,0,0,0,0,0.055543
437482,36,1,212333,58506,50851,153827,311310,0,0,0,0,0.0561506
437485,36,1,219497,61079,53189,158418,327025,0,0,0,0,0.0582449
437488,36,1,195122,53597,46504,141525,285253,0,0,0,0,0.0526366
437500,6,1,201419,55935,48657,145484,298370,0,0,0,0,0.0735258
437501,18,1,219569,61353,53390,158216,327358,0,0,0,0,0.0582033
437504,18,1,211595,58487,51275,153108,310518,0,0,0,0,0.0561338
437509,18,2,285632,80429,70725,205190,432043,1,0,0,0,0.132078
437510,18,1,178978,49501,42687,129477,264458,0,0,0,0,0.052891
437511,18,2,227640,63065,55356,164562,338149,1,0,0,0,0.120514
437514,18,1,199368,54315,47217,145053,287066,0,0,0,0,0.0573259
437519,18,1,220364,60723,53333,159641,319207,0,0,0,0,0.0581323
437532,36,1,204864,56526,49216,148338,301041,0,0,0,0,0.0591874
437535,36,1,219922,61053,52910,158869,324286,0,0,0,0,0.0638595
437538,36,1,215762,60236,52268,155526,320459,0,0,0,0,0.0596202
437540,6,1,188215,50667,44651,137548,267037,0,0,0,0,0.0838224
437541,18,1,197298,54580,47995,142718,290732,0,0,0,0,0.0664776
437544,18,2,238372,67242,59056,171117,362473,1,0,0,0,0.165337
437549,18,1,197641,54230,47908,143411,286406,0,0,0,0,0.0624299
437550,18,1,176547,48454,41961,128093,257517,0,0,0,0,0.0718439
437551,18,1,190257,52028,45109,138229,276575,0,0,0,0,0.0667164
437554,18,1,213045,59109,51312,153936,314883,0,0,0,0,0.0802675
437559,18,1,197513,53517,46898,143996,282151,0,0,0,0,0.0583817
437572,36,1,210035,57995,50914,152040,309296,0,0,0,0,0.0620736
437575,36,1,223737,62772,54800,160965,335285,0,0,0,0,0.0660198
437578,36,2,281913,78712,69275,203188,422630,1,0,0,0,0.143681
437580,18,2,246378,68499,60545,177866,364676,1,0,0,0,0.139412
437581,18,1,193658,53050,46210,140608,279770,0,0,0,0,0.0559546
437584,18,1,193105,53099,46339,140006,280553,0,0,0,0,0.0549486
437589,18,2,269257,74170,65480,195075,392615,1,0,0,0,0.135873
437602,36,1,188102,50989,44203,137113,269822,0,0,0,0,0.0511433
437605,36,1,213912,59376,51664,154536,315604,0,0,0,0,0.0573685
437608,36,2,303453,84412,74096,219028,452012,1,0,0,0,0.143427
437630,18,1,177175,47399,41805,129776,248596,0,0,0,0,0.0574271
437631,18,1,193819,52449,46245,141370,275529,0,0,0,0,0.0551761
437632,18,1,186413,50751,44111,135662,269490,0,0,0,0,0.05411
437633,18,1,187937,50537,44023,137400,266562,0,0,0,0,0.0554067
437634,18,2,247580,68588,60640,178979,365032,1,0,0,0,0.127524
437635,18,2,200926,55445,48773,145469,296110,1,0,0,0,0.122755
437636,18,2,246021,69062,60926,176946,370310,1,0,0,0,0.135701
437637,18,1,183860,49475,43429,134385,261335,0,0,0,0,0.0580924
437638,18,1,199078,54204,47564,144874,286916,0,0,0,0,0.0582167
437639,18,1,191718,51918,45788,139800,272375,0,0,0,0,0.0549385
437680,18,1,211232,57519,50504,153713,302257,0,0,0,0,0.0566818
437681,18,1,216163,58798,51628,157365,307518,0,0,0,0,0.0580404
437684,18,2,261462,74846,66182,186603,403444,1,0,0,0,0.143575
437689,18,1,198312,54425,47320,143887,287410,0,0,0,0,0.0579174
437702,36,1,208922,57439,50188,151483,303494,0,0,0,0,0.0579911
437705,36,1,232379,65534,57248,166845,348849,0,0,0,0,0.0601243
437708,36,1,218417,61155,53264,157262,325813,0,0,0,0,0.0589632
437740,18,1,197646,54242,47129,143404,288868,0,0,0,0,0.0597869
437741,18,1,211688,57885,50397,153803,305947,0,0,0,0,0.058421
437744,18,1,195219,53068,46394,142151,281289,0,0,0,0,0.0861839
437749,18,1,186650,50943,44198,135707,271074,0,0,0,0,0.0592491
437762,36,1,208724,57476,49722,151248,305079,0,0,0,0,0.0586642
437765,36,1,219907,60718,53375,159189,324085,0,0,0,0,0.0628307
437768,36,1,206377,56634,49328,149743,301766,0,0,0,0,0.0789849
437790,18,1,209446,58128,50455,151318,309828,0,0,0,0,0.0620675
437791,18,1,216629,59665,51573,156964,316124,0,0,0,0,0.0575443
437794,18,1,199265,54582,47668,144683,289430,0,0,0,0,0.0610455
437799,18,1,226908,62764,54933,164144,330500,0,0,0,0,0.0589966
437812,36,1,206434,56524,48982,149910,299665,0,0,0,0,0.0590733
437815,36,1,226139,62696,54542,163443,334172,0,0,0,0,0.0594279
437818,36,1,227037,63288,55157,163749,337639,0,0,0,0,0.0588834
437830,18,1,209494,57859,50539,151635,306924,0,0,0,0,0.070665
437831,18,1,200757,54802,47675,145955,291073,0,0,0,0,0.0606183
437834,18,1,217711,59872,52094,157839,317469,0,0,0,0,0.0677253
437839,18,1,200326,54527,47761,145799,288080,0,0,0,0,0.0806929
437852,36,1,215393,59158,51596,156235,315777,0,0,0,0,0.0851726
437855,36,1,228836,63305,55321,165531,337586,0,0,0,0,0.0646739
437858,36,1,217253,60015,52965,157238,320149,0,0,0,0,0.0652087
437860,18,1,218326,60375,52818,157951,319158,0,0,0,0,0.0670341
437861,18,1,203949,56472,48887,147477,300695,0,0,0,0,0.0599044
437864,18,1,210507,58295,50697,152212,310675,0,0,0,0,0.114426
437869,18,1,209396,56890,49891,152506,299000,0,0,0,0,0.0832659
437882,36,1,203520,55561,48096,147959,296019,0,0,0,0,0.0648059
437885,36,1,224869,62016,54225,162853,330051,0,0,0,0,0.0718501
437888,36,1,213307,58509,51288,154798,311319,0,0,0,0,0.0591232
437910,18,1,173295,46517,40496,126778,245672,0,0,0,0,0.0664723
437911,18,1,190021,51590,45054,138431,272181,0,0,0,0,0.0568475
437912,18,1,180327,48928,42520,131399,259663,0,0,0,0,0.0655961
437913,18,1,185156,50474,43808,134682,268136,0,0,0,0,0.07941
437914,18,1,195558,53862,47008,141696,286539,0,0,0,0,0.0603463
437915,18,1,206400,56513,49489,149887,298823,0,0,0,0,0.0693522
437916,18,2,248386,69257,61101,179116,370668,1,0,0,0,0.156889
437917,18,1,178652,48132,42531,130520,254670,0,0,0,0,0.0626484
437918,18,1,199140,54185,47667,144955,286190,0,0,0,0,0.0605946
437919,18,1,204146,55708,49050,148438,294242,0,0,0,0,0.0597113
438190,18,1,198820,54403,48224,144417,288119,0,0,0,0,0.0903309
438191,18,1,204390,55745,48727,148645,291841,0,0,0,0,0.0748108
438192,18,1,188864,51819,44951,137045,273999,0,0,0,0,0.0637483
438193,18,1,181276,49504,42819,131772,262410,0,0,0,0,0.0618032
438194,18,2,263961,74055,64959,189893,396921,1,0,0,0,0.149054
438195,18,2,263165,74078,64860,189074,397450,1,0,0,0,0.17607
438196,18,2,261809,73628,64581,188168,394461,1,0,0,0,0.160814
438197,18,1,190840,51468,44766,139372,269093,0,0,0,0,0.066782
438198,18,1,193876,52837,46238,141039,278315,0,0,0,0,0.0643671
438199,18,1,195050,53092,46422,141958,279926,0,0,0,0,0.0655192
438320,36,1,192714,53174,45613,139540,283848,0,0,0,0,0.0568983
438321,36,1,208031,57853,50171,150178,308573,0,0,0,0,0.0584315
438322,36,1,211822,59030,50709,152792,314496,0,0,0,0,0.0647232
438323,36,1,213628,60215,52514,153413,323514,0,0,0,0,0.0734991
438324,36,1,211170,58203,51105,152967,310489,0,0,0,0,0.0807512
438325,36,1,202563,55761,48561,146802,297297,0,0,0,0,0.0751083
438326,36,1,222176,62603,53656,159573,335854,0,0,0,0,0.0884123
438327,36,1,200157,55083,48022,145074,292381,0,0,0,0,0.0588278
438328,36,1,200937,56023,48121,144914,299726,0,0,0,0,0.0608662
438329,36,1,184603,51047,43665,133556,272736,0,0,0,0,0.0562004
438370,36,1,199968,55427,47816,144541,295904,0,0,0,0,0.0586146
438371,36,1,202826,55999,48507,146827,297983,0,0,0,0,0.059117
438372,36,1,195584,54188,46482,141396,288749,0,0,0,0,0.0571107
438373,36,1,207697,58997,51217,148700,317786,0,0,0,0,0.0723336
438374,36,1,201666,55112,47912,146554,291851,0,0,0,0,0.0599132
438375,36,1,207095,56984,49904,150111,302104,0,0,0,0,0.0611336
438376,36,1,210193,58032,50054,152161,308426,0,0,0,0,0.0580866
438377,36,1,210787,58328,51046,152459,309467,0,0,0,0,0.0571255
438378,36,1,213647,59544,51744,154103,316908,0,0,0,0,0.0603873
438379,36,1,220416,61141,52972,159275,322651,0,0,0,0,0.0617654
438410,36,1,193247,53695,46702,139552,286619,0,0,0,0,0.0654343
438411,36,1,209473,56952,49409,152521,302453,0,0,0,0,0.0577737
438412,36,1,206817,56925,49367,149892,303170,0,0,0,0,0.058555
438413,36,1,212802,58893,50401,153909,314437,0,0,0,0,0.0588936
438414,36,1,215442,59195,51056,156247,313791,0,0,0,0,0.060373
438415,36,2,282814,79995,70203,202806,430528,1,0,0,0,0.137379
438416,36,1,216528,60347,52250,156181,322463,0,0,0,0,0.0708147
438417,36,2,221934,61613,54046,160309,330248,1,0,0,0,0.158905
438418,36,1,213114,58691,51437,154423,311374,0,0,0,0,0.0592533
438419,36,1,202032,55473,48382,146559,293817,0,0,0,0,0.058814
438440,36,1,202438,56226,48962,146212,299137,0,0,0,0,0.0683716
438441,36,1,212413,58016,50160,154397,308122,0,0,0,0,0.0612792
438442,36,1,198978,54727,47412,144251,291433,0,0,0,0,0.0562993
438443,36,1,191007,52559,45228,138448,280257,0,0,0,0,0.0581082
438444,36,1,209685,57796,49957,151889,307491,0,0,0,0,0.0684231
438445,36,2,270524,76248,66818,194263,409952,1,0,0,0,0.137533
438446,36,1,211611,59230,51389,152381,316502,0,0,0,0,0.0604455
438447,36,1,205762,56911,49885,148851,303467,0,0,0,0,0.0613509
438448,36,1,208913,56849,49722,152064,300618,0,0,0,0,0.0588282
438449,36,1,209141,57299,50008,151842,301877,0,0,0,0,0.0590336
438460,36,1,194007,53282,46278,140725,281579,0,0,0,0,0.0801399
438461,36,1,206866,57275,49548,149591,303065,0,0,0,0,0.0615596
438462,36,1,194730,53839,46519,140891,286361,0,0,0,0,0.0570128
438463,36,1,175189,48030,41131,127159,255798,0,0,0,0,0.0524739
438464,36,1,206906,57567,49808,149339,306587,0,0,0,0,0.0572657
438465,36,1,217541,60535,52573,157006,320989,0,0,0,0,0.0602648
438466,36,1,209095,58505,50850,150590,311063,0,0,0,0,0.0691159
438467,36,1,192941,52859,46089,140082,280391,0,0,0,0,0.0798901
438468,36,1,202131,55577,48656,146554,293862,0,0,0,0,0.0579007
438469,36,1,204000,55959,49190,148041,295893,0,0,0,0,0.0652232
438770,6,1,192223,53097,47067,139126,283417,0,0,0,0,0.0924939
438771,18,1,183398,50688,44310,132710,270662,0,0,0,0,0.0791625
438774,18,1,208934,57761,51263,151173,306836,0,0,0,0,0.0690747
438779,18,1,185383,50081,44208,135302,264480,0,0,0,0,0.0629097
438780,6,1,192220,53096,47082,139124,283413,0,0,0,0,0.0953633
438781,18,1,183384,50680,44300,132704,270621,0,0,0,0,0.0672583
438784,18,1,209027,57774,51284,151253,306861,0,0,0,0,0.0664768
438789,18,1,185447,50087,44209,135360,264484,0,0,0,0,0.0619506
438790,6,1,192246,53102,47091,139144,283451,0,0,0,0,0.0983196
438791,18,1,212117,59349,52607,152768,316466,0,0,0,0,0.0999803
438794,18,1,223613,62774,55853,160839,333721,0,0,0,0,0.100295
438799,18,1,176358,47754,41912,128604,253611,0,0,0,0,0.0878315
438800,18,1,172901,47372,41400,125529,252278,0,0,0,0,0.0878837
438801,18,1,183468,49899,43992,133569,265262,0,0,0,0,0.0905221
438804,18,1,197460,53591,47390,143869,283423,0,0,0,0,0.0779511
438809,18,1,195786,54307,48404,141479,289619,0,0,0,0,0.0865066
438822,36,1,189549,52906,46611,136643,284189,0,0,0,0,0.0668084
438825,36,1,199684,55561,49119,144123,297331,0,0,0,0,0.0635484
438828,36,1,199738,55558,48749,144180,296097,0,0,0,0,0.0711123
438830,6,1,192781,52911,46940,139870,281284,0,0,0,0,0.0839877
438831,18,1,188111,52314,45645,135797,279237,0,0,0,0,0.0644001
438834,18,2,311257,86691,76348,224553,461877,1,0,0,0,0.160719
438839,18,1,184132,49591,43929,134541,260661,0,0,0,0,0.0570714
438840,6,1,192775,52885,46943,139890,281092,0,0,0,0,0.0832689
438841,18,1,187927,52246,45592,135681,278806,0,0,0,0,0.0674106
438844,18,2,311118,86652,76292,224453,461676,1,0,0,0,0.169927
438849,18,1,184156,49599,43936,134557,260698,0,0,0,0,0.0557276
438850,6,1,192761,52876,46932,139885,281037,0,0,0,0,0.0830495
438851,18,1,211419,58846,51786,152573,313307,0,0,0,0,0.0893167
438854,18,2,267231,75888,67355,191330,409033,1,0,0,0,0.208435
438859,18,1,178189,48459,42631,129730,256774,0,0,0,0,0.0889413
438860,18,1,177937,48545,42515,129392,257673,0,0,0,0,0.090446
438861,18,2,297740,81997,72159,215731,437781,1,0,0,0,0.16982
438864,18,2,308567,85420,75274,223135,455270,1,0,0,0,0.19341
438869,18,1,196013,54481,48590,141532,289985,0,0,0,0,0.102025
438882,36,1,190207,52981,46722,137226,283500,0,0,0,0,0.0786094
438885,36,1,199811,55720,49258,144091,297410,0,0,0,0,0.0748128
438888,36,1,208035,58546,51025,149489,311857,0,0,0,0,0.0922424
438890,6,1,187027,50086,44565,136941,263819,0,0,0,0,0.0927372
438891,18,1,164899,44233,39064,120666,233907,0,0,0,0,0.0630773
438894,18,1,193036,52681,46760,140355,277744,0,0,0,0,0.0747619
438899,18,1,205466,55938,49922,149528,294201,0,0,0,0,0.0848105
438900,6,1,187019,50086,44565,136933,263812,0,0,0,0,0.106167
438901,18,1,181588,48751,43307,132837,256746,0,0,0,0,0.0894475
438904,18,1,190074,51636,45912,138438,273082,0,0,0,0,0.0821542
438909,18,1,188469,51158,45519,137311,270365,0,0,0,0,0.0727157
438910,18,1,184774,49476,43261,135298,260553,0,0,0,0,0.0916902
438911,18,1,205999,56356,49833,149643,296408,0,0,0,0,0.0749166
438914,18,2,293153,80986,71247,212154,432623,1,0,0,0,0.19318
438919,18,1,192966,52935,46786,140031,280759,0,0,0,0,0.0769344
438932,36,1,191196,51482,45571,139714,272182,0,0,0,0,0.0652351
438935,36,1,207171,57016,50458,150155,303250,0,0,0,0,0.0807839
438938,36,1,201176,55740,49442,145436,296322,0,0,0,0,0.0863709
438940,6,1,187164,50139,44618,137025,264180,0,0,0,0,0.12075
438941,18,1,196773,52379,46515,144394,272121,0,0,0,0,0.0813371
438944,18,1,188433,51058,45224,137375,269680,0,0,0,0,0.0645214
438949,18,1,184664,49877,44359,134787,262257,0,0,0,0,0.0582934
438950,18,1,184972,49538,43290,135434,260926,0,0,0,0,0.0896419
438951,18,2,188876,51525,45732,137338,274501,1,0,0,0,0.149519
438954,18,2,248201,68557,60398,179631,366390,1,0,0,0,0.150022
438959,18,1,190999,52430,46242,138569,277293,0,0,0,0,0.0645588
438972,36,1,200780,54220,48068,146560,285877,0,0,0,0,0.0627973
438975,36,1,206343,56490,49967,149853,299709,0,0,0,0,0.0708154
438978,36,1,199239,54951,48661,144288,291142,0,0,0,0,0.0803887
438980,18,2,254800,70129,62111,184658,373235,1,0,0,0,0.17626
438981,18,2,254637,70085,62100,184539,372971,1,0,0,0,0.193209
438984,18,2,249014,68121,60250,180880,360602,1,0,0,0,0.13102
438989,18,2,240741,65787,58164,174941,347544,1,0,0,0,0.130708
439002,36,1,192957,51435,45228,141522,269106,0,0,0,0,0.0662583
439005,36,1,209783,57276,50313,152507,303535,0,0,0,0,0.0589454
439008,36,1,206458,56339,49611,150119,298079,0,0,0,0,0.0590833
439030,18,2,296930,80994,72036,215924,429333,1,0,0,0,0.163812
439031,18,2,296777,80963,72020,215802,429188,1,0,0,0,0.188525
439032,18,1,172994,45986,40394,127008,242220,0,0,0,0,0.091551
439033,18,1,189869,50637,45278,139232,265766,0,0,0,0,0.107858
439034,18,1,178344,48013,42400,130331,252331,0,0,0,0,0.0573719
439035,18,1,181390,48685,43096,132705,256025,0,0,0,0,0.0768549
439036,18,1,190412,51521,45872,138891,272394,0,0,0,0,0.0799832
439037,18,2,308449,84664,74735,223772,449895,1,0,0,0,0.175126
439038,18,1,186992,50790,45301,136202,268331,0,0,0,0,0.0622629
439039,18,1,175558,47383,41913,128175,249320,0,0,0,0,0.0615219
439060,6,1,221731,62084,54596,159647,332429,0,0,0,0,0.0855413
439061,18,1,200437,55454,47455,144983,295769,0,0,0,0,0.0867398
439064,18,1,224696,63019,54370,161677,336342,0,0,0,0,0.0778173
439069,18,1,220925,60792,52668,160133,322593,0,0,0,0,0.0671812
439070,6,1,221604,62054,54576,159550,332269,0,0,0,0,0.120883
439071,18,1,227783,64002,55426,163781,341574,0,0,0,0,0.091236
439074,18,1,221505,62074,54057,159431,332076,0,0,0,0,0.0928313
439079,18,1,209434,58144,50332,151290,309595,0,0,0,0,0.0672958
439080,18,1,201947,56196,48289,145751,300905,0,0,0,0,0.0598568
439081,18,1,214429,58983,51360,155446,312701,0,0,0,0,0.0626427
439084,18,1,196903,54025,47308,142878,287459,0,0,0,0,0.082794
439089,18,1,204132,56217,49173,147915,297718,0,0,0,0,0.0846403
439102,36,1,208019,57442,49618,150577,306662,0,0,0,0,0.0791126
439105,36,1,224343,62253,54261,162090,332743,0,0,0,0,0.0891125
439108,36,1,220726,61958,53619,158768,330936,0,0,0,0,0.0782441
439120,6,1,214339,59617,52328,154722,317873,0,0,0,0,0.11826
439121,18,1,188867,52379,44697,136488,279841,0,0,0,0,0.0768128
439124,18,2,292107,81808,71683,210286,437362,1,0,0,0,0.180649
439129,18,2,268968,75774,66871,193182,406221,1,0,0,0,0.172792
439130,6,1,214404,59637,52358,154767,317980,0,0,0,0,0.0879948
439131,18,2,259991,74280,65260,185698,401523,1,0,0,0,0.131794
439134,18,2,264562,75257,66584,189293,406120,1,0,0,0,0.140602
439139,18,1,211118,58120,50444,152998,306845,0,0,0,0,0.0860755
439140,18,1,195326,53973,46829,141353,288038,0,0,0,0,0.0709919
439141,18,2,251684,70402,61891,181270,377832,1,0,0,0,0.129547
439144,18,1,202759,55797,49054,146962,296513,0,0,0,0,0.0587179
439149,18,1,206848,57287,50174,149561,303170,0,0,0,0,0.0673297
439162,36,1,198890,55026,48095,143864,293207,0,0,0,0,0.0598637
439165,36,2,261159,74402,65823,186744,402147,1,0,0,0,0.13578
439168,36,1,216338,60892,52304,155446,324713,0,0,0,0,0.0621373
439170,6,1,204420,56185,49651,148235,298791,0,0,0,0,0.0796603
439171,18,1,179158,49681,43080,129477,265483,0,0,0,0,0.0575767
439174,18,1,208124,59037,51615,149087,315009,0,0,0,0,0.0638362
439179,18,1,211946,58531,51035,153415,309217,0,0,0,0,0.0704452
439180,6,1,204250,56154,49612,148096,298650,0,0,0,0,0.0953888
439181,18,2,178457,48648,42250,129797,259875,1,0,0,0,0.129071
439184,18,1,213612,59961,52533,153651,320243,0,0,0,0,0.066844
439189,18,2,253352,70543,62224,182796,378845,1,0,0,0,0.190752
439190,18,1,184269,50316,43410,133953,267284,0,0,0,0,0.0552496
439191,18,2,181575,48886,42688,132677,260012,1,0,0,0,0.13748
439194,18,2,232636,65355,57357,167268,351550,1,0,0,0,0.13449
439199,18,1,193463,52757,46214,140706,278821,0,0,0,0,0.0568721
439212,36,1,189454,51778,45485,137676,274952,0,0,0,0,0.0565075
439215,36,1,220432,61611,53814,158821,329132,0,0,0,0,0.0611327
439218,36,1,214343,59489,51904,154854,316491,0,0,0,0,0.0788727
439220,6,1,209606,56662,50465,152944,298519,0,0,0,0,0.0947105
439221,18,1,191334,52096,45633,139238,274684,0,0,0,0,0.0622615
439224,18,1,215965,60424,53300,155541,320902,0,0,0,0,0.0706506
439229,18,1,216403,59164,52205,157239,312508,0,0,0,0,0.0695257
439230,18,1,187424,51178,44359,136246,270850,0,0,0,0,0.0665619
439231,18,1,194579,53299,46443,141280,282419,0,0,0,0,0.0621038
439234,18,2,225283,62756,55131,162514,337217,1,0,0,0,0.120135
439239,18,1,212423,58003,50513,154420,307529,0,0,0,0,0.0558778
439252,36,1,207865,57108,50050,150757,301840,0,0,0,0,0.062305
439255,36,1,231360,65068,56746,166292,347874,0,0,0,0,0.078934
439258,36,1,225358,62919,54942,162439,335622,0,0,0,0,0.0668605
439260,18,2,360931,99050,87349,261868,523967,1,0,0,0,0.202057
439261,18,2,257678,71088,62638,186577,378437,1,0,0,0,0.147481
439264,18,2,255707,71051,62464,184643,378708,1,0,0,0,0.181473
439269,18,1,196597,52922,46175,143675,278350,0,0,0,0,0.0602313
439282,36,1,198638,53848,46446,144790,283035,0,0,0,0,0.0679585
439285,36,1,218638,60393,52612,158245,319384,0,0,0,0,0.0781079
439288,36,1,225511,62227,54171,163284,329536,0,0,0,0,0.0757552
439310,18,1,185966,49539,43685,136427,258107,0,0,0,0,0.0635928
439311,18,2,208029,56509,50001,151508,299497,1,0,0,0,0.125198
439312,18,2,200564,54742,48196,145810,292219,1,0,0,0,0.137091
439313,18,1,192650,50974,44651,141676,264629,0,0,0,0,0.0706621
439314,18,1,204446,55462,48551,148984,291948,0,0,0,0,0.0722497
439315,18,2,212467,59390,52627,153064,318822,1,0,0,0,0.127401
439316,18,1,201723,54287,47604,147436,283240,0,0,0,0,0.063935
439317,18,2,257766,72034,63499,185719,384137,1,0,0,0,0.136469
439318,18,1,225820,61141,53428,164679,320432,0,0,0,0,0.0617479
439319,18,1,202053,55161,48061,146892,291810,0,0,0,0,0.0582474
439350,6,1,221359,61986,54542,159373,331880,0,0,0,0,0.0876001
439351,18,1,241565,67825,58823,173740,360367,0,0,0,0,0.0710052
439354,18,1,215252,60095,52132,155157,320706,0,0,0,0,0.0666103
439359,18,1,197278,54766,47255,142512,292514,0,0,0,0,0.0864693
439360,18,1,201885,56180,48276,145705,300805,0,0,0,0,0.0908898
439361,18,1,221022,60694,52938,160328,320870,0,0,0,0,0.0897607
439364,18,1,191351,52755,46078,138596,281291,0,0,0,0,0.0659619
439369,18,1,187573,51845,45355,135728,275797,0,0,0,0,0.0646579
439382,36,1,214733,59258,51241,155475,315834,0,0,0,0,0.0699116
439385,36,1,219900,61014,53229,158886,326860,0,0,0,0,0.0647813
439388,36,1,211464,59186,51066,152278,316871,0,0,0,0,0.0608347
439410,6,1,214331,59613,52349,154718,317839,0,0,0,0,0.080465
439411,18,2,268734,76878,67988,191843,415597,1,0,0,0,0.135892
439414,18,1,207367,57338,49812,150029,305443,0,0,0,0,0.0595734
439419,18,1,197459,54806,47364,142653,291662,0,0,0,0,0.059096
439420,18,1,195521,54061,46925,141460,288579,0,0,0,0,0.0588811
439421,18,2,258458,72205,63509,186241,387170,1,0,0,0,0.131779
439424,18,1,199139,54505,47699,144634,289590,0,0,0,0,0.0600601
439429,18,1,190828,52611,45930,138217,279637,0,0,0,0,0.0624277
439442,36,1,208690,57629,50153,151061,306936,0,0,0,0,0.0609307
439445,36,1,221494,61403,53678,160091,328092,0,0,0,0,0.0872825
439448,36,1,205448,57718,49713,147730,308972,0,0,0,0,0.06161
439460,6,1,203910,56023,49521,147887,297828,0,0,0,0,0.0760791
439461,18,2,183925,50433,43968,133480,269815,1,0,0,0,0.171238
439464,18,1,212281,58588,51675,153693,310977,0,0,0,0,0.0667892
439469,18,2,254919,71051,62685,183855,381513,1,0,0,0,0.168373
439470,18,1,184129,50264,43374,133865,266961,0,0,0,0,0.0716538
439471,18,2,191816,52307,45829,139497,279436,1,0,0,0,0.122162
439474,18,2,234618,65874,58198,168731,354202,1,0,0,0,0.12506
439479,18,2,280036,77923,68488,202101,416383,1,0,0,0,0.16355
439492,36,1,202246,55328,48770,146918,293305,0,0,0,0,0.062313
439495,36,1,221076,61447,53681,159629,327648,0,0,0,0,0.0597785
439498,36,1,214977,59495,51886,155482,315989,0,0,0,0,0.0816542
439500,6,1,209777,56664,50461,153113,298404,0,0,0,0,0.123998
439501,18,1,193439,52011,45896,141428,273547,0,0,0,0,0.0642971
439504,18,1,215116,59621,52696,155495,316469,0,0,0,0,0.0822843
439509,18,1,217846,59474,52481,158372,314051,0,0,0,0,0.0877834
439510,18,1,187348,51132,44305,136216,270559,0,0,0,0,0.0675877
439511,18,1,198976,54436,47456,144540,288950,0,0,0,0,0.0602926
439514,18,1,210884,57989,50823,152895,307273,0,0,0,0,0.0653473
439519,18,1,216009,58867,51332,157142,311991,0,0,0,0,0.0780651
439532,36,1,210611,57394,50108,153217,303046,0,0,0,0,0.0845895
439535,36,1,230777,64999,56898,165778,348051,0,0,0,0,0.0702445
439538,36,1,227774,63626,55644,164148,339810,0,0,0,0,0.0678634
439540,18,2,360510,98941,87252,261556,523385,1,0,0,0,0.161632
439541,18,2,257723,71115,62658,186595,378598,1,0,0,0,0.139521
439544,18,2,255492,71020,62450,184459,378589,1,0,0,0,0.131833
439549,18,1,196611,52947,46176,143664,278548,0,0,0,0,0.0646494
439562,36,1,191004,51773,44518,139231,273521,0,0,0,0,0.0582453
439565,36,1,210261,58191,50639,152070,309091,0,0,0,0,0.0637836
439568,36,1,221969,61667,53759,160302,328549,0,0,0,0,0.0636813
439590,18,1,185953,49541,43689,136412,258123,0,0,0,0,0.0623866
439591,18,2,208215,56560,50066,151643,299776,1,0,0,0,0.143135
439592,18,2,187426,50420,44078,136994,267950,1,0,0,0,0.156783
439593,18,1,176830,47183,41550,129647,248174,0,0,0,0,0.0646664
439594,18,1,204236,55453,48559,148783,291977,0,0,0,0,0.0721698
439595,18,2,202192,56163,49621,146016,300982,1,0,0,0,0.154712
439596,18,1,190639,51514,45352,139125,270887,0,0,0,0,0.0815141
439597,18,1,200701,54241,47829,146460,284887,0,0,0,0,0.0835501
439598,18,1,219419,59739,52281,159680,315246,0,0,0,0,0.079787
439599,18,1,202081,55238,48097,146843,292436,0,0,0,0,0.086309
439640,18,2,243778,69668,61100,174098,376254,1,0,0,0,0.180869
439641,18,2,207821,58214,51193,149594,311903,1,0,0,0,0.131061
439644,18,1,184755,50797,44220,133958,270014,0,0,0,0,0.058988
439649,18,1,182302,50423,44024,131879,269035,0,0,0,0,0.0810861
439662,36,1,209136,57581,49603,151555,306374,0,0,0,0,0.0654459
439665,36,1,217126,60155,52413,156971,320934,0,0,0,0,0.065408
439668,36,1,211089,58775,51033,152314,314277,0,0,0,0,0.0627336
439700,18,1,209807,57870,50174,151937,308000,0,0,0,0,0.0597537
439701,18,1,221748,61550,53570,160198,325889,0,0,0,0,0.0604988
439704,18,1,197978,54323,47349,143655,289070,0,0,0,0,0.0592934
439709,18,1,184436,50924,44414,133512,271669,0,0,0,0,0.0625785
439722,36,1,211950,58643,50696,153307,312261,0,0,0,0,0.0630296
439725,36,1,214775,59173,51703,155602,315386,0,0,0,0,0.0628844
439728,36,1,209858,58096,50528,151762,310071,0,0,0,0,0.0617735
439750,18,2,231983,64152,56686,167818,343830,1,0,0,0,0.152859
439751,18,2,228508,62981,55739,165514,337296,1,0,0,0,0.127269
439754,18,2,240127,67205,59662,172909,360714,1,0,0,0,0.127773
439759,18,2,258843,72325,63747,186506,386732,1,0,0,0,0.181276
439772,36,1,202359,54992,48259,147367,290377,0,0,0,0,0.0775086
439775,36,1,225400,62449,54514,162951,332548,0,0,0,0,0.0707017
439778,36,1,224969,62498,54635,162471,332936,0,0,0,0,0.0700945
439790,18,1,227642,62656,54754,164986,330666,0,0,0,0,0.0854831
439791,18,1,197221,53610,46730,143611,283589,0,0,0,0,0.0834168
439794,18,1,213975,58700,51326,155275,309014,0,0,0,0,0.081724
439799,18,2,197061,53585,47081,143463,284948,1,0,0,0,0.124338
439812,36,1,220161,60655,52931,159506,322323,0,0,0,0,0.0655117
439815,36,1,229500,63788,55755,165712,340817,0,0,0,0,0.085929
439818,36,1,235900,65714,57798,170186,350594,0,0,0,0,0.0928307
439820,18,1,230924,63455,55599,167469,333610,0,0,0,0,0.100847
439821,18,1,192225,52013,45295,140212,274535,0,0,0,0,0.0750504
439824,18,1,205943,56565,49501,149378,299246,0,0,0,0,0.0590211
439829,18,2,267764,74807,66044,192944,400252,1,0,0,0,0.135028
439842,36,1,206975,56341,48973,150634,298952,0,0,0,0,0.0625442
439845,36,1,220896,60824,53037,160072,323633,0,0,0,0,0.0606451
439848,36,1,227635,62329,54611,165306,330275,0,0,0,0,0.0705428
439870,18,1,180442,47724,41567,132718,249604,0,0,0,0,0.0835312
439871,18,1,193249,52195,45569,141054,273404,0,0,0,0,0.0831086
439872,18,1,183073,49471,43156,133602,260935,0,0,0,0,0.0617337
439873,18,1,173034,46398,40670,126636,245142,0,0,0,0,0.0874049
439874,18,1,198393,54539,47598,143854,289894,0,0,0,0,0.0835301
439875,18,1,206894,56836,49976,150058,300173,0,0,0,0,0.0622325
439876,18,1,185005,50339,43892,134666,266236,0,0,0,0,0.0566947
439877,18,1,195453,53207,46866,142246,281180,0,0,0,0,0.0589047
439878,18,1,215383,58936,51683,156447,310924,0,0,0,0,0.0613994
439879,18,1,209198,57555,50456,151643,305831,0,0,0,0,0.0648191
