460020,36,1,197198,54503,47384,142695,289113,0,0,0,0,0.0562653
460021,36,1,197490,54515,47423,142975,289045,0,0,0,0,0.0551857
460022,36,2,184079,49142,43180,134925,260664,1,0,0,0,0.158614
460023,36,1,189556,50857,44477,138699,266935,0,0,0,0,0.060438
460024,36,1,191403,52261,45377,139142,275122,0,0,0,0,0.0598751
460025,36,1,202418,55970,48713,146448,297875,0,0,0,0,0.0663966
460026,36,1,201301,55485,48301,145816,295092,0,0,0,0,0.0709039
460027,36,1,195748,54160,47028,141588,289108,0,0,0,0,0.0563004
460028,36,1,192618,52992,46154,139626,282385,0,0,0,0,0.0556548
460029,36,1,180348,49304,42452,131044,261840,0,0,0,0,0.0717223
460590,18,1,173206,46311,40398,126895,244341,0,0,0,0,0.0779083
460591,18,1,173205,46248,40355,126957,243937,0,0,0,0,0.0558932
460592,18,1,177646,47672,41700,129974,250833,0,0,0,0,0.0621546
460593,18,1,177427,47581,41621,129846,250272,0,0,0,0,0.0750811
460594,18,1,166030,43695,37799,122335,228116,0,0,0,0,0.0617917
460595,18,1,191522,52996,46260,138526,283573,0,0,0,0,0.0601512
460596,18,1,190506,52684,46049,137822,281802,0,0,0,0,0.0577414
460597,18,1,183814,50795,44365,133019,271984,0,0,0,0,0.0563456
460598,18,1,183209,50622,44258,132587,271014,0,0,0,0,0.0565112
460599,18,1,156159,41413,35815,114746,218787,0,0,0,0,0.0597858
462000,3,1,150186,40650,34640,109536,215123,0,0,0,0,0.103993
462001,9,1,153085,42078,35662,111007,223419,0,0,0,0,0.0711759
462004,9,1,182445,50795,43982,131650,269050,0,0,0,0,0.0663113
462009,9,1,147257,39996,34434,107261,211657,0,0,0,0,0.0647503
462010,3,1,172624,47186,41396,125438,249454,0,0,0,0,0.0964995
462011,9,1,159973,43618,37756,116355,230958,0,0,0,0,0.0645072
462014,9,1,191933,52859,46019,139074,278901,0,0,0,0,0.0633261
462019,9,1,165226,45390,39573,119836,240151,0,0,0,0,0.0631435
462020,3,1,155688,41502,35151,114186,219290,0,0,0,0,0.0858024
462021,9,1,143917,38499,32108,105418,204349,0,0,0,0,0.0586169
462024,9,1,173904,47985,40464,125919,254706,0,0,0,0,0.0651774
462029,9,1,195784,54336,46490,141448,289334,0,0,0,0,0.0654581
462030,3,1,155648,41494,35150,114154,219248,0,0,0,0,0.0846792
462031,9,1,179018,49506,42366,129512,263601,0,0,0,0,0.0608878
462034,9,1,185566,51864,44840,133702,276314,0,0,0,0,0.0669951
462039,9,1,188836,52021,44993,136815,275557,0,0,0,0,0.0747894
462040,9,1,160754,44046,37147,116708,234299,0,0,0,0,0.0888285
462041,9,1,182310,50314,42763,131996,266506,0,0,0,0,0.0766299
462042,18,1,161244,43554,37266,117690,230915,0,0,0,0,0.0652961
462044,9,1,174911,48782,42652,126129,260210,0,0,0,0,0.0662016
462045,18,1,199319,55637,47996,143682,297144,0,0,0,0,0.0634673
462048,18,1,194496,53651,46063,140845,284443,0,0,0,0,0.0636161
462049,9,1,201933,55426,47609,146507,292217,0,0,0,0,0.0801655
462070,3,1,187114,51243,45129,135871,270616,0,0,0,0,0.0974107
462071,9,1,171945,46754,40641,125191,246448,0,0,0,0,0.0687389
462074,9,2,221144,61509,53773,159622,327424,1,0,0,0,0.181119
462079,9,1,173896,47410,41415,126486,248639,0,0,0,0,0.0666615
462080,3,1,167977,45398,38716,122579,239916,0,0,0,0,0.132362
462081,9,1,150934,40516,33948,110418,214570,0,0,0,0,0.0650184
462084,9,1,180624,49305,41531,131319,258731,0,0,0,0,0.0663228
462089,9,1,195574,53597,46068,141977,281945,0,0,0,0,0.0723553
462090,3,1,167890,45366,38712,122524,239716,0,0,0,0,0.0885739
462091,9,1,190070,52634,45265,137436,279640,0,0,0,0,0.061543
462094,9,1,190951,53047,45881,137904,281049,0,0,0,0,0.0652957
462099,9,1,192307,52835,45518,139472,277968,0,0,0,0,0.0639309
462100,9,1,170758,47422,40583,123336,252170,0,0,0,0,0.0640094
462101,9,1,187076,51080,43679,135996,268043,0,0,0,0,0.0600372
462102,18,1,172828,47107,40434,125721,249538,0,0,0,0,0.0668014
462104,9,1,182644,49985,43714,132659,263556,0,0,0,0,0.0666499
462105,18,1,209388,58458,50581,150930,310893,0,0,0,0,0.0622291
462108,18,1,199384,54799,47001,144585,288649,0,0,0,0,0.0621057
462109,9,1,208255,57017,49071,151238,298360,0,0,0,0,0.0747465
462130,3,1,171929,46380,39634,125549,245766,0,0,0,0,0.0877997
462131,9,1,147135,39379,32813,107756,208832,0,0,0,0,0.0619674
462134,9,1,187919,52240,44708,135679,276404,0,0,0,0,0.0683403
462139,9,1,186909,52167,44437,134742,277099,0,0,0,0,0.0817312
462140,3,1,171956,46385,39629,125571,245798,0,0,0,0,0.0946437
462141,9,1,172563,47600,40987,124963,253335,0,0,0,0,0.0618863
462144,9,1,203334,58044,49874,145290,311457,0,0,0,0,0.0673159
462149,9,1,192826,54434,46930,138392,291202,0,0,0,0,0.0647248
462150,9,1,171767,47790,40830,123977,254779,0,0,0,0,0.064085
462151,9,1,174535,46921,39814,127614,244671,0,0,0,0,0.0601794
462154,9,1,194668,54970,47827,139698,291835,0,0,0,0,0.0638387
462155,18,1,207597,58803,50509,148794,314953,0,0,0,0,0.063695
462158,18,1,203199,57152,49337,146047,304622,0,0,0,0,0.0602504
462159,9,1,175687,48878,42061,126809,259651,0,0,0,0,0.0815019
462162,18,1,171574,46946,40101,124628,249580,0,0,0,0,0.0597352
462180,3,1,154492,41360,35443,113132,218374,0,0,0,0,0.123047
462181,9,1,170332,46733,40518,123599,248174,0,0,0,0,0.0863607
462184,9,1,189115,52713,46253,136402,280508,0,0,0,0,0.0923026
462189,9,1,175867,48592,42317,127275,258420,0,0,0,0,0.0842522
462190,9,1,162684,44729,38240,117955,237413,0,0,0,0,0.0931743
462191,9,1,171883,47740,41734,124143,254446,0,0,0,0,0.0762953
462194,9,1,186825,51929,44957,134896,277468,0,0,0,0,0.0733767
462199,9,1,168476,46325,39457,122151,246682,0,0,0,0,0.0659506
462202,18,1,189068,52584,45652,136484,280486,0,0,0,0,0.0747222
462205,18,1,205817,58632,51707,147185,314118,0,0,0,0,0.0700381
462208,18,1,212490,60262,52393,152228,322326,0,0,0,0,0.0696496
462220,9,1,188475,52717,45648,135758,280116,0,0,0,0,0.0865711
462221,9,1,193463,53963,47281,139500,285430,0,0,0,0,0.0720736
462224,9,1,195513,54124,46899,141389,287051,0,0,0,0,0.0629199
462229,9,1,174710,47476,40622,127234,250642,0,0,0,0,0.0574647
462242,18,1,182897,50735,43461,132162,270064,0,0,0,0,0.0672891
462245,18,1,206132,57976,50814,148156,309132,0,0,0,0,0.0675955
462248,18,1,210044,59358,51327,150686,317068,0,0,0,0,0.0695471
462270,9,1,161095,43412,37485,117683,228554,0,0,0,0,0.0994583
462271,9,1,202346,56922,49283,145424,301906,0,0,0,0,0.0686747
462272,9,2,321000,88371,76308,232617,468101,1,0,0,0,0.198884
462273,9,1,175592,48453,42403,127139,257279,0,0,0,0,0.0696478
462274,9,1,192822,53520,46406,139302,284209,0,0,0,0,0.0671241
462275,9,1,207077,57224,49993,149853,301435,0,0,0,0,0.0699943
462276,9,1,195966,54284,48212,141682,287058,0,0,0,0,0.0777015
462277,9,1,209881,58021,51368,151860,304150,0,0,0,0,0.0697586
462278,9,1,208682,58360,50978,150322,307772,0,0,0,0,0.0691109
462279,9,1,179752,48994,41921,130758,258974,0,0,0,0,0.0636805
462280,3,1,158790,42708,35970,116082,224701,0,0,0,0,0.0852552
462281,9,1,160972,43991,37372,116981,232276,0,0,0,0,0.0856956
462284,9,1,192431,53128,46044,139303,279201,0,0,0,0,0.0957836
462289,9,1,158354,42851,36715,115503,225321,0,0,0,0,0.067106
462290,3,1,182410,49762,43829,132648,261675,0,0,0,0,0.104298
462291,9,1,170764,46290,40176,124474,243240,0,0,0,0,0.079679
462294,9,1,209446,57258,49863,152188,298784,0,0,0,0,0.0960954
462299,9,1,178591,48588,42782,130003,254433,0,0,0,0,0.0898011
462300,3,1,166474,44202,37741,122272,232299,0,0,0,0,0.109178
462301,9,1,156114,41479,34717,114635,218172,0,0,0,0,0.0867053
462304,9,1,191245,52671,44634,138574,277780,0,0,0,0,0.0649292
462309,9,1,212776,58679,50505,154097,309883,0,0,0,0,0.0716389
462310,3,1,166348,44160,37706,122188,232067,0,0,0,0,0.118145
462311,9,1,193647,52904,45280,140743,278293,0,0,0,0,0.0733031
462314,9,1,200730,55928,48375,144802,296119,0,0,0,0,0.0643193
462319,9,1,203800,55679,48326,148121,292397,0,0,0,0,0.0627675
462320,9,1,171771,46562,39757,125209,245276,0,0,0,0,0.0610495
462321,9,1,194123,52643,45042,141480,275319,0,0,0,0,0.0594106
462322,18,1,171959,46066,39296,125893,242109,0,0,0,0,0.0724064
462324,9,1,187246,51433,45001,135813,271079,0,0,0,0,0.090116
462325,18,1,214740,59693,51802,155047,316145,0,0,0,0,0.0904669
462328,18,1,206759,56743,49126,150016,297940,0,0,0,0,0.089064
462329,9,1,215163,59190,50693,155973,310222,0,0,0,0,0.122177
462350,3,1,196401,53737,47503,142664,281869,0,0,0,0,0.166149
462351,9,1,181529,49253,43039,132276,257763,0,0,0,0,0.0999208
462354,9,2,230356,63090,55595,167253,332189,1,0,0,0,0.220361
462359,9,1,186852,50758,44462,136094,264153,0,0,0,0,0.107592
462360,3,1,173877,46672,40186,127205,245215,0,0,0,0,0.111876
462361,9,1,158192,42210,35568,115982,221588,0,0,0,0,0.0800798
462364,9,1,194995,53315,45296,141680,278162,0,0,0,0,0.0911102
462369,9,1,209696,57351,49288,152345,299858,0,0,0,0,0.0963407
462370,3,1,173861,46663,40198,127198,245137,0,0,0,0,0.146162
462371,9,1,197290,53632,46159,143658,280650,0,0,0,0,0.10651
462374,9,1,203855,56373,48911,147482,296602,0,0,0,0,0.105329
462379,9,1,201810,54697,47380,147113,284902,0,0,0,0,0.0790869
462380,9,1,180853,49505,42574,131348,260585,0,0,0,0,0.0805025
462381,9,2,218863,60997,52759,157853,324026,1,0,0,0,0.206714
462382,18,1,181383,48914,42115,132469,256392,0,0,0,0,0.0863655
462384,9,1,190844,51738,45310,139106,269944,0,0,0,0,0.102707
462385,18,1,222529,61785,53480,160744,325661,0,0,0,0,0.0783917
462388,18,1,209498,57060,49405,152438,297455,0,0,0,0,0.0603829
462389,9,1,219765,60210,51541,159555,313751,0,0,0,0,0.107613
462410,3,1,184668,49379,42070,135289,259670,0,0,0,0,0.102891
462411,9,1,157346,42081,35072,115265,222035,0,0,0,0,0.126307
462414,9,2,318585,89785,78443,228787,476373,1,0,0,0,0.247285
462419,9,1,198095,54514,46929,143581,286954,0,0,0,0,0.103564
462420,3,1,184784,49400,42069,135384,259772,0,0,0,0,0.103612
462421,9,1,180764,49500,42411,131264,261375,0,0,0,0,0.0778997
462424,9,1,218148,61582,53009,156566,327268,0,0,0,0,0.108166
462429,9,1,208092,58018,49961,150074,307607,0,0,0,0,0.0827422
462430,9,1,181789,49978,42660,131811,263754,0,0,0,0,0.0815048
462431,9,1,180671,47890,40669,132781,247333,0,0,0,0,0.0584864
462434,9,1,206274,57656,50314,148618,303360,0,0,0,0,0.0815379
462435,18,1,217746,60855,52613,156891,322298,0,0,0,0,0.0773623
462438,18,1,215104,59669,51847,155435,314733,0,0,0,0,0.0589815
462439,9,1,188596,51847,44898,136749,272798,0,0,0,0,0.078941
462442,18,1,178767,48359,41344,130408,255029,0,0,0,0,0.0918359
462460,3,1,161968,43166,37334,118802,226478,0,0,0,0,0.168033
462461,9,1,181407,50014,43382,131393,264395,0,0,0,0,0.106501
462464,9,1,202729,56576,49839,146153,299820,0,0,0,0,0.10398
462469,9,1,192279,53163,46166,139116,281225,0,0,0,0,0.0951328
462470,9,1,173396,47617,40692,125779,251220,0,0,0,0,0.139248
462471,9,1,185414,51445,44708,133969,272876,0,0,0,0,0.112546
462474,9,1,197107,54407,47318,142700,287784,0,0,0,0,0.141113
462479,9,1,179948,48968,42028,130980,258187,0,0,0,0,0.113344
462482,18,1,202489,56391,49077,146098,299327,0,0,0,0,0.101529
462485,18,1,224859,64089,56434,160770,341310,0,0,0,0,0.0990388
462488,18,1,225928,63536,55541,162392,336692,0,0,0,0,0.127902
462500,9,1,196925,54671,47352,142254,287802,0,0,0,0,0.111345
462501,9,1,199976,55210,48227,144766,289179,0,0,0,0,0.08057
462504,9,2,232045,65195,56695,166837,345905,1,0,0,0,0.201255
462509,9,1,184256,49451,42471,134805,257754,0,0,0,0,0.0718939
462522,18,1,192539,52770,45232,139769,278184,0,0,0,0,0.0920591
462525,18,1,217161,60584,53310,156577,320345,0,0,0,0,0.0983046
462528,18,1,222374,62358,54236,160016,330092,0,0,0,0,0.110085
462550,9,1,170438,45499,39046,124939,236950,0,0,0,0,0.125733
462551,9,1,204691,56677,49144,148014,296983,0,0,0,0,0.096508
462552,9,2,337831,92334,79386,245485,485134,1,0,0,0,0.272125
462553,9,1,181314,49438,42930,131876,260003,0,0,0,0,0.108639
462554,9,1,195036,53111,45862,141925,277797,0,0,0,0,0.10891
462555,9,2,349170,97273,84329,251885,513540,1,0,0,0,0.212225
462556,9,1,204503,56280,49701,148223,294866,0,0,0,0,0.0835323
462557,9,1,215641,59413,52689,156228,309081,0,0,0,0,0.0871653
462558,9,1,214881,59464,51610,155417,310589,0,0,0,0,0.0932727
462559,9,1,185620,50087,42777,135533,261514,0,0,0,0,0.0665323
462560,3,1,172732,46017,40287,126715,242018,0,0,0,0,0.145499
462561,9,1,160471,43311,37024,117160,229139,0,0,0,0,0.0992377
462564,9,1,184937,50243,43976,134694,264642,0,0,0,0,0.0868961
462569,9,1,172061,46347,40511,125714,243615,0,0,0,0,0.0874853
462570,3,1,176522,47064,41577,129458,245472,0,0,0,0,0.110154
462571,9,1,158654,42288,36902,116366,221325,0,0,0,0,0.0581995
462574,9,2,218339,59473,52795,158853,313486,1,0,0,0,0.200263
462579,9,1,165669,44069,38692,121600,228473,0,0,0,0,0.0902477
462580,3,1,158030,41255,36090,116775,216209,0,0,0,0,0.0894534
462581,9,1,137854,36479,31547,101375,192639,0,0,0,0,0.0704079
462584,9,2,286542,79326,69519,207203,420892,1,0,0,0,0.21089
462589,9,1,190277,51408,45048,138869,269551,0,0,0,0,0.101924
462590,3,1,158221,41313,36123,116908,216497,0,0,0,0,0.0984259
462591,9,2,195241,53367,46656,141863,283087,1,0,0,0,0.199313
462594,9,2,274618,76655,67318,197950,408340,1,0,0,0,0.202863
462599,9,2,265426,73122,64455,192292,388062,1,0,0,0,0.204106
462600,9,1,155860,42011,36331,113849,222086,0,0,0,0,0.0753079
462601,9,2,199819,54999,48259,144807,292393,1,0,0,0,0.216365
462602,18,1,164489,44036,38741,120453,231819,0,0,0,0,0.0720491
462604,9,2,260517,71439,62607,189065,377995,1,0,0,0,0.217884
462605,18,2,277732,76960,67896,200759,408859,1,0,0,0,0.227305
462608,18,2,267848,73841,64824,193994,391606,1,0,0,0,0.210933
462609,9,2,182012,49390,43192,132609,260791,1,0,0,0,0.210179
462630,3,1,173489,46271,40898,127218,241524,0,0,0,0,0.137868
462631,9,1,157345,41514,36163,115831,215969,0,0,0,0,0.0615519
462634,9,1,183509,48760,42333,134749,252658,0,0,0,0,0.0738517
462639,9,4,395801,108820,95546,286957,589268,1,1,2,0,0.315157
462640,3,1,214636,59635,52219,155001,315682,0,0,0,0,0.10304
462641,9,1,190836,52585,45343,138251,278142,0,0,0,0,0.0865474
462644,9,1,210527,57367,50229,153160,299848,0,0,0,0,0.0854402
462649,9,1,209158,56919,49723,152239,298306,0,0,0,0,0.0749918
462650,3,1,214709,59655,52261,155054,315774,0,0,0,0,0.111518
462651,9,1,212333,58648,50926,153685,307549,0,0,0,0,0.084946
462654,9,1,202209,54430,47629,147779,284139,0,0,0,0,0.060364
462659,9,1,209064,56769,49418,152295,296995,0,0,0,0,0.0769561
462660,9,1,191409,53087,45624,138322,281152,0,0,0,0,0.0830112
462661,9,2,232388,65567,56929,166808,349443,1,0,0,0,0.191573
462662,18,1,195810,53294,46453,142516,279855,0,0,0,0,0.0548521
462664,9,1,181132,48269,42493,132863,251687,0,0,0,0,0.0746158
462665,18,1,202860,54877,47471,147983,288072,0,0,0,0,0.0867171
462668,18,1,210433,57150,49582,153283,298990,0,0,0,0,0.111765
462669,9,1,216523,59697,52288,156826,312883,0,0,0,0,0.117832
462690,3,1,191514,52058,45877,139456,273773,0,0,0,0,0.160884
462691,9,1,166207,44856,39020,121351,235437,0,0,0,0,0.102675
462694,9,2,199199,54111,47510,145076,284281,1,0,0,0,0.218792
462699,9,2,277614,76626,67439,200977,404187,1,0,0,0,0.194159
462700,3,1,191467,52047,45872,139420,273722,0,0,0,0,0.118443
462701,9,2,274684,76916,67340,197755,408144,1,0,0,0,0.208331
462704,9,2,291056,81068,71456,209975,428115,1,0,0,0,0.245471
462709,9,1,193788,53593,46877,140195,281788,0,0,0,0,0.107646
462710,9,1,178368,49026,41966,129342,258800,0,0,0,0,0.0990536
462711,9,2,207690,58078,50709,149600,309040,1,0,0,0,0.203649
462714,9,2,178678,48509,42521,130156,255554,1,0,0,0,0.186347
462715,18,2,268652,73900,64838,194739,390647,1,0,0,0,0.204802
462718,18,1,207805,57573,49947,150232,302763,0,0,0,0,0.10014
462719,9,1,194226,53554,47016,140672,281376,0,0,0,0,0.118404
462722,18,1,182334,49508,43328,132826,259448,0,0,0,0,0.0966144
462740,3,1,189207,52041,45403,137166,273946,0,0,0,0,0.137786
462741,9,1,199951,54702,47586,145249,286789,0,0,0,0,0.0971511
462744,9,1,229617,63120,55016,166497,327806,0,0,0,0,0.0877907
462749,9,2,278656,77004,67516,201640,408686,1,0,0,0,0.21613
462750,9,1,177088,48583,41667,128505,255947,0,0,0,0,0.13983
462751,9,2,275707,76287,67156,199407,403088,1,0,0,0,0.246247
462754,9,1,220049,59640,51696,160409,311241,0,0,0,0,0.094233
462759,9,1,188960,52799,46155,136161,280785,0,0,0,0,0.082569
462762,18,1,216041,60178,51904,155863,318187,0,0,0,0,0.0821875
462765,18,1,222739,62226,53512,160513,328398,0,0,0,0,0.106187
462768,18,1,201394,54952,47610,146442,289129,0,0,0,0,0.0944252
462780,9,1,194651,53046,45228,141605,276536,0,0,0,0,0.100727
462781,9,2,221218,60908,53033,160297,320604,1,0,0,0,0.249899
462784,9,2,234026,64782,56917,169231,341344,1,0,0,0,0.27709
462789,9,2,185482,50192,44007,135277,263549,1,0,0,0,0.229902
462802,18,1,201940,55288,47749,146652,289324,0,0,0,0,0.0779579
462805,18,2,210575,58583,51226,151979,312075,1,0,0,0,0.202432
462808,18,2,276641,75869,66142,200759,401935,1,0,0,0,0.198732
462830,9,1,177728,47711,40966,130017,247923,0,0,0,0,0.0762891
462831,9,1,199491,53491,46043,146000,277255,0,0,0,0,0.0794943
462832,9,2,204714,55802,48880,148899,294957,1,0,0,0,0.161526
462833,9,1,203414,55223,48481,148191,287177,0,0,0,0,0.0863167
462834,9,2,264064,71431,62189,192620,374139,1,0,0,0,0.187754
462835,9,2,206382,56727,49698,149642,300964,1,0,0,0,0.165444
462836,9,2,203114,55566,48719,147535,294062,1,0,0,0,0.155449
462837,9,2,238376,64879,56583,173485,342510,1,0,0,0,0.185628
462838,9,1,178403,47908,41591,130495,250721,0,0,0,0,0.0837951
462839,9,2,176851,47543,41584,129295,249491,1,0,0,0,0.179989
462840,3,1,174545,46875,41101,127670,247104,0,0,0,0,0.126084
462841,9,1,162144,43945,37598,118199,232757,0,0,0,0,0.0910198
462844,9,1,186253,50883,44563,135370,268491,0,0,0,0,0.079359
462849,9,1,172587,46596,40768,125991,245124,0,0,0,0,0.0950578
462850,3,1,186216,49388,43702,136828,256950,0,0,0,0,0.127666
462851,9,1,165095,43831,38326,121264,228631,0,0,0,0,0.0788172
462854,9,2,222535,60633,53826,161889,319283,1,0,0,0,0.193155
462859,9,2,331780,89677,79290,242090,469639,1,0,0,0,0.307431
462860,3,1,167036,43733,38545,123303,228929,0,0,0,0,0.124164
462861,9,1,144817,38290,33124,106527,201687,0,0,0,0,0.0754994
462864,9,2,292102,80507,70381,211582,426125,1,0,0,0,0.253121
462869,9,1,197808,53200,46516,144608,277235,0,0,0,0,0.082942
462870,3,1,167317,43814,38589,123503,229344,0,0,0,0,0.0792936
462871,9,2,197840,53899,47202,143930,285778,1,0,0,0,0.17973
462874,9,2,274547,76390,66742,198144,406424,1,0,0,0,0.201939
462879,9,2,269886,74105,65344,195769,392551,1,0,0,0,0.198848
462880,9,1,163085,43833,38034,119252,231300,0,0,0,0,0.0752884
462881,9,2,202259,55736,48883,146510,296538,1,0,0,0,0.197541
462882,18,1,173835,46567,40970,127268,244630,0,0,0,0,0.0556052
462884,9,2,214874,58995,51886,155866,312146,1,0,0,0,0.1491
462885,18,2,282482,78177,69095,204292,414643,1,0,0,0,0.155261
462888,18,2,271432,74702,65675,196717,395625,1,0,0,0,0.163856
462889,9,2,185288,50248,44109,135027,265206,1,0,0,0,0.156003
462910,3,1,164892,43575,38285,121317,226742,0,0,0,0,0.0796133
462911,9,1,157547,41781,36373,115766,217637,0,0,0,0,0.0584054
462914,9,1,187109,49913,43486,137196,259452,0,0,0,0,0.0595596
462919,9,4,401757,111187,97299,290546,604486,1,1,2,0,0.236625
462920,3,1,206493,56370,49401,150123,297201,0,0,0,0,0.0833024
462921,9,1,186582,50845,44121,135737,268265,0,0,0,0,0.0556997
462924,9,2,300161,82961,72850,217187,438476,1,0,0,0,0.197705
462929,9,1,211437,57277,49916,154160,299862,0,0,0,0,0.0686944
462930,3,1,206677,56409,49414,150268,297390,0,0,0,0,0.0967689
462931,9,1,207722,56989,49755,150733,298904,0,0,0,0,0.0713073
462934,9,1,203865,54979,48331,148886,287484,0,0,0,0,0.0793234
462939,9,1,210588,57062,49779,153526,298745,0,0,0,0,0.068003
462940,9,1,185884,50957,43875,134927,269129,0,0,0,0,0.0806522
462941,9,1,209741,57925,50282,151816,305395,0,0,0,0,0.0827854
462942,18,1,193040,52026,45510,141014,272808,0,0,0,0,0.0809159
462944,9,1,183687,49137,42999,134550,256281,0,0,0,0,0.0900031
462945,18,1,201907,54185,46593,147722,283841,0,0,0,0,0.0724875
462948,18,1,209487,56674,49394,152813,296814,0,0,0,0,0.0803435
462949,9,1,210570,57438,50636,153132,300836,0,0,0,0,0.100693
462970,3,1,181252,48929,42558,132323,257798,0,0,0,0,0.115076
462971,9,1,157119,42349,36683,114770,223337,0,0,0,0,0.0525303
462974,9,2,190577,51650,45303,138915,271846,1,0,0,0,0.131564
462979,9,2,267031,73044,63847,193976,385083,1,0,0,0,0.219239
462980,3,1,181344,48961,42579,132383,257954,0,0,0,0,0.111749
462981,9,2,268439,75342,65916,193084,401453,1,0,0,0,0.239572
462984,9,2,288383,80048,70283,208322,423202,1,0,0,0,0.197879
462989,9,1,196988,53772,46615,143216,281709,0,0,0,0,0.0655063
462990,9,1,173370,47777,40849,125593,253236,0,0,0,0,0.0627308
462991,9,2,206626,57546,50268,149068,306710,1,0,0,0,0.169153
462994,9,2,177578,48098,42159,129467,253653,1,0,0,0,0.163959
462995,18,2,268162,73856,64881,194293,391263,1,0,0,0,0.169709
462998,18,1,210003,57735,50059,152268,302806,0,0,0,0,0.0866699
462999,9,1,198381,54547,47979,143834,285925,0,0,0,0,0.0915868
463002,18,1,172375,46880,40984,125495,247161,0,0,0,0,0.0805814
463020,3,1,172848,47196,41044,125652,249069,0,0,0,0,0.113388
463021,9,1,188682,52049,45079,136633,274955,0,0,0,0,0.0946039
463024,9,1,212648,57728,50139,154920,299791,0,0,0,0,0.0894842
463029,9,2,273632,75956,66265,197664,404700,1,0,0,0,0.237875
463030,9,1,166790,45690,39116,121100,241679,0,0,0,0,0.0777725
463031,9,2,272563,75564,66303,196986,401047,1,0,0,0,0.22254
463034,9,1,217647,58608,50646,159039,305762,0,0,0,0,0.0754789
463039,9,1,187242,51854,45260,135388,275176,0,0,0,0,0.0898464
463042,18,1,205399,57140,49081,148259,303739,0,0,0,0,0.0803346
463045,18,1,226220,62888,54222,163332,331273,0,0,0,0,0.0882373
463048,18,1,200194,54891,47840,145303,289834,0,0,0,0,0.0662482
463060,9,1,183086,49968,43032,133118,262260,0,0,0,0,0.0915626
463061,9,2,216695,59732,52130,156950,315682,1,0,0,0,0.187248
463064,9,2,283415,78133,68309,205269,411706,1,0,0,0,0.214127
463069,9,2,177653,47963,42137,129677,251484,1,0,0,0,0.189206
463082,18,1,195998,53823,46453,142175,283837,0,0,0,0,0.0694858
463085,18,2,213218,59629,52145,153576,318723,1,0,0,0,0.150432
463088,18,1,192997,52181,45494,140816,274116,0,0,0,0,0.0726856
463110,9,1,166839,44623,38354,122216,232980,0,0,0,0,0.0612552
463111,9,1,194530,52499,45282,142031,274547,0,0,0,0,0.0816702
463112,9,2,199578,54006,47351,145559,286058,1,0,0,0,0.188628
463113,9,1,194070,52643,46209,141427,275373,0,0,0,0,0.0745163
463114,9,2,265012,71698,62627,193301,376053,1,0,0,0,0.171709
463115,9,2,207985,57584,50577,150388,306731,1,0,0,0,0.180475
463116,9,2,205000,56275,49577,148712,298539,1,0,0,0,0.166874
463117,9,2,244040,67044,58685,176984,355543,1,0,0,0,0.211099
463118,9,1,175140,46833,40678,128307,245334,0,0,0,0,0.0585068
463119,9,2,178803,48011,41983,130779,251804,1,0,0,0,0.156763
463120,3,1,181356,47551,41771,133805,246756,0,0,0,0,0.116301
463121,9,1,168093,44835,38535,123258,234522,0,0,0,0,0.0770387
463124,9,1,190423,50904,44335,139519,264175,0,0,0,0,0.0856964
463129,9,1,172696,45451,39787,127245,234775,0,0,0,0,0.0603965
463130,3,1,180413,47176,41502,133237,244474,0,0,0,0,0.0873414
463131,9,1,168120,44834,38535,123286,234498,0,0,0,0,0.0665589
463134,9,1,190711,50893,44333,139818,263947,0,0,0,0,0.0825152
463139,9,1,173319,45514,39776,127805,234922,0,0,0,0,0.0689894
463140,3,1,176245,46834,41111,129411,246657,0,0,0,0,0.104393
463141,9,1,151245,40280,34557,110965,212985,0,0,0,0,0.0777765
463144,9,1,196205,53319,46539,142886,279953,0,0,0,0,0.067701
463149,9,1,189538,51071,44654,138467,267424,0,0,0,0,0.0760879
463150,3,1,176359,46864,41127,129495,246830,0,0,0,0,0.121587
463151,9,1,169725,46358,40481,123367,245655,0,0,0,0,0.0603442
463154,9,1,199509,55111,48548,144398,292444,0,0,0,0,0.103039
463159,9,1,199738,55146,48202,144592,292574,0,0,0,0,0.0697794
463160,9,1,167164,45563,39450,121601,241561,0,0,0,0,0.0645023
463161,9,1,174839,46816,40471,128023,244612,0,0,0,0,0.0698588
463162,18,1,179941,48692,42550,131249,256652,0,0,0,0,0.0811961
463164,9,2,266125,73018,64612,193094,387437,1,0,0,0,0.241098
463165,18,2,276923,76794,67758,200116,408921,1,0,0,0,0.200204
463168,18,1,196499,53906,46995,142593,285282,0,0,0,0,0.0659794
463169,9,2,182017,49435,43629,132569,261670,1,0,0,0,0.189765
463190,3,1,153601,39827,34113,113774,205479,0,0,0,0,0.0974675
463191,9,1,155902,40807,34623,115095,211048,0,0,0,0,0.0611202
463194,9,1,183983,49020,41846,134963,253243,0,0,0,0,0.0799658
463199,9,4,416434,115923,101021,300487,628492,1,1,2,0,0.305941
463200,3,1,192109,50954,44437,141155,265203,0,0,0,0,0.107916
463201,9,1,171768,45690,39630,126078,238140,0,0,0,0,0.060193
463204,9,2,299228,82507,72760,216708,435883,1,0,0,0,0.244621
463209,9,1,194935,51399,44750,143536,266094,0,0,0,0,0.0562954
463210,3,1,192081,50962,44431,141119,265268,0,0,0,0,0.0777596
463211,9,1,196785,53519,46353,143266,280862,0,0,0,0,0.0667059
463214,9,1,197112,52904,46241,144208,276253,0,0,0,0,0.0685584
463219,9,1,199116,53512,46815,145604,279361,0,0,0,0,0.0713749
463220,9,1,176180,47094,40329,129086,245925,0,0,0,0,0.0756651
463221,9,1,193719,52276,45074,141443,273394,0,0,0,0,0.0833622
463222,18,1,179956,48082,41469,131874,251034,0,0,0,0,0.079274
463224,9,1,187201,50450,43803,136751,263117,0,0,0,0,0.0923545
463225,18,1,193718,51439,44327,142279,267905,0,0,0,0,0.0919513
463228,18,1,211777,57538,49870,154239,301502,0,0,0,0,0.0760439
463229,9,1,192563,52296,45965,140267,274285,0,0,0,0,0.0835489
463250,3,1,176027,47614,41386,128413,250599,0,0,0,0,0.0882259
463251,9,1,162745,43992,37986,118753,231642,0,0,0,0,0.0813803
463254,9,1,200494,54289,47272,146205,283941,0,0,0,0,0.0670765
463259,9,1,180492,48158,41301,132334,250852,0,0,0,0,0.0576872
463260,3,1,175999,47610,41389,128389,250582,0,0,0,0,0.0839793
463261,9,1,184876,51128,44328,133748,271031,0,0,0,0,0.0789071
463264,9,1,186121,49775,43091,136346,259849,0,0,0,0,0.0547073
463269,9,1,192016,52280,45101,139736,274517,0,0,0,0,0.0737014
463270,9,1,167466,45911,39332,121555,242596,0,0,0,0,0.0582444
463271,9,1,182745,50229,43298,132516,265493,0,0,0,0,0.0536302
463274,9,1,187257,50495,43814,136762,263413,0,0,0,0,0.0604247
463275,18,1,187252,50241,42965,137011,262677,0,0,0,0,0.0537209
463278,18,1,205824,56088,48352,149736,294476,0,0,0,0,0.0577748
463279,9,1,184471,50402,43890,134069,265415,0,0,0,0,0.0609563
463282,18,1,170896,46100,39541,124796,242351,0,0,0,0,0.0518303
463300,3,1,145776,37904,31959,107872,198047,0,0,0,0,0.0862967
463301,9,1,183569,49954,43087,133615,262224,0,0,0,0,0.0640001
463304,9,1,191335,51853,44935,139482,271211,0,0,0,0,0.0658763
463309,9,1,154320,41757,35680,112563,220896,0,0,0,0,0.0592748
463310,9,1,148182,39163,32965,109019,205135,0,0,0,0,0.06302
463311,9,1,184937,50270,43417,134667,265319,0,0,0,0,0.0625572
463314,9,1,191095,51355,44711,139740,269539,0,0,0,0,0.056357
463319,9,1,182421,50019,42981,132402,265409,0,0,0,0,0.0685366
463322,18,1,198869,54776,47116,144093,290061,0,0,0,0,0.0614283
463325,18,1,206822,56601,48737,150221,298735,0,0,0,0,0.0628517
463328,18,1,182083,49997,43299,132086,265607,0,0,0,0,0.0790189
463340,9,1,170951,45705,39036,125246,238916,0,0,0,0,0.0592445
463341,9,2,186776,50466,44024,136297,265214,1,0,0,0,0.140058
463344,9,2,184702,49837,43458,134852,261406,1,0,0,0,0.137102
463349,9,1,204636,57544,50083,147092,305626,0,0,0,0,0.0777359
463362,18,1,200544,55185,47605,145359,292921,0,0,0,0,0.0860139
463365,18,1,207094,56915,49298,150179,301316,0,0,0,0,0.0620942
463368,18,1,178534,48488,41751,130046,256697,0,0,0,0,0.0535312
463390,9,1,151292,39705,33281,111587,206269,0,0,0,0,0.057074
463391,9,2,179285,47603,41334,131669,249138,1,0,0,0,0.14152
463392,9,1,183459,49118,42144,134341,258107,0,0,0,0,0.0607309
463393,9,1,182514,48958,42548,133556,256911,0,0,0,0,0.059822
463394,9,2,181479,48556,42414,132910,254376,1,0,0,0,0.171084
463395,9,1,194376,52183,45241,142193,273841,0,0,0,0,0.0585958
463396,9,1,182816,49066,42632,133750,257515,0,0,0,0,0.0626191
463397,9,1,163296,43261,37205,120035,224850,0,0,0,0,0.0550944
463398,9,1,171973,45420,39015,126553,237674,0,0,0,0,0.0634293
463399,9,1,201383,54815,47709,146568,287439,0,0,0,0,0.0637156
463400,3,1,173837,45966,40276,127871,240934,0,0,0,0,0.11025
463401,9,1,152889,41498,35697,111391,219515,0,0,0,0,0.0594841
463404,9,1,196525,54143,47041,142382,284828,0,0,0,0,0.0697382
463409,9,1,197130,53026,45897,144104,275847,0,0,0,0,0.0742351
463410,3,1,174144,46066,40366,128078,241499,0,0,0,0,0.0860014
463411,9,1,152817,41474,35683,111343,219378,0,0,0,0,0.086903
463414,9,1,196616,54129,47028,142487,284657,0,0,0,0,0.098241
463419,9,1,196651,52803,45687,143848,274538,0,0,0,0,0.0778727
463420,3,1,173390,45766,39979,127624,240461,0,0,0,0,0.093046
463421,9,1,159488,43104,36852,116384,228558,0,0,0,0,0.0631809
463424,9,1,197156,54694,47732,142462,290135,0,0,0,0,0.069012
463429,9,1,193100,52637,45884,140463,277548,0,0,0,0,0.0647435
463430,3,1,175089,46003,40550,129086,241254,0,0,0,0,0.124966
463431,9,1,191386,52045,45687,139341,275433,0,0,0,0,0.0871458
463434,9,1,208170,57198,50668,150972,303305,0,0,0,0,0.0835293
463439,9,1,197382,53770,47264,143612,284558,0,0,0,0,0.0818576
463440,9,1,171711,46145,40268,125566,243498,0,0,0,0,0.0816943
463441,9,1,162029,43063,36979,118966,227079,0,0,0,0,0.0632549
463442,18,1,204663,56442,49489,148221,298319,0,0,0,0,0.0662366
463444,9,2,251737,69233,60501,182491,368334,1,0,0,0,0.165371
463445,18,1,210517,59034,52121,151483,314676,0,0,0,0,0.0684486
463448,18,1,207094,57090,50076,150004,302969,0,0,0,0,0.0676983
463449,9,2,255505,69858,61096,185634,370480,1,0,0,0,0.16812
463470,3,1,184088,48016,41733,136072,249439,0,0,0,0,0.0841334
463471,9,1,168855,44585,38238,124270,232530,0,0,0,0,0.0602169
463474,9,1,193461,52313,45405,141148,273216,0,0,0,0,0.058841
463479,9,1,204886,54660,47507,150226,282696,0,0,0,0,0.0564959
463480,3,1,171026,43905,38171,127121,226969,0,0,0,0,0.0795983
463481,9,1,164431,42944,37071,121487,223150,0,0,0,0,0.0577114
463484,9,1,194507,52248,45829,142259,273266,0,0,0,0,0.068967
463489,9,1,198684,53494,46632,145190,279576,0,0,0,0,0.0773174
463490,3,1,191045,50424,43765,140621,262803,0,0,0,0,0.126112
463491,9,1,198610,53069,45815,145541,277292,0,0,0,0,0.0667919
463494,9,1,211045,56929,49702,154116,298901,0,0,0,0,0.0667167
463499,9,1,200710,53198,46384,147512,277258,0,0,0,0,0.0666485
463500,9,1,178365,47429,40905,130936,247422,0,0,0,0,0.0656729
463501,9,1,180336,47307,41013,133029,245775,0,0,0,0,0.0641134
463502,18,1,218306,59873,51827,158433,315378,0,0,0,0,0.0662829
463504,9,1,206488,54660,46966,151828,284307,0,0,0,0,0.0689915
463505,18,1,215500,59051,51224,156449,312120,0,0,0,0,0.0619586
463508,18,1,207102,56638,49440,150464,298527,0,0,0,0,0.069186
463509,9,1,213005,57547,49918,155458,299523,0,0,0,0,0.06744
463530,3,1,163143,41907,36318,121236,217504,0,0,0,0,0.0781848
463531,9,1,158364,41834,35831,116530,219225,0,0,0,0,0.0577346
463534,9,1,189382,51162,44538,138220,268506,0,0,0,0,0.0607257
463539,9,1,191407,51544,44724,139863,269270,0,0,0,0,0.0630509
463540,3,1,179380,47362,40880,132018,247990,0,0,0,0,0.0883366
463541,9,1,189699,50789,43927,138910,266613,0,0,0,0,0.0654821
463544,9,1,202155,54884,47600,147271,289537,0,0,0,0,0.0638019
463549,9,1,196620,52867,45978,143753,278010,0,0,0,0,0.0676145
463550,9,1,169580,45453,38904,124127,238997,0,0,0,0,0.0651027
463551,9,1,174962,46469,40383,128493,243290,0,0,0,0,0.060656
463554,9,1,206861,54848,47120,152013,285413,0,0,0,0,0.0651996
463555,18,1,210352,57838,49827,152514,306382,0,0,0,0,0.0617397
463558,18,1,196508,53377,46786,143131,281673,0,0,0,0,0.0629001
463559,9,1,199614,54485,47282,145129,285728,0,0,0,0,0.0660965
463562,18,1,211297,58256,50555,153041,308538,0,0,0,0,0.0631775
463580,3,1,167969,44164,38010,123805,231572,0,0,0,0,0.0926652
463581,9,1,206414,56347,48768,150067,296139,0,0,0,0,0.0830919
463584,9,1,220789,60164,52054,160625,314376,0,0,0,0,0.0692116
463589,9,1,182419,49245,42969,133174,260003,0,0,0,0,0.0709863
463590,9,1,161187,43167,36574,118020,227605,0,0,0,0,0.067388
463591,9,1,183034,48729,42153,134305,255903,0,0,0,0,0.0663552
463594,9,1,189810,50465,43898,139345,264960,0,0,0,0,0.0621395
463599,9,1,190382,52053,44914,138329,273821,0,0,0,0,0.0923412
463602,18,1,207799,58123,50134,149676,309892,0,0,0,0,0.0740565
463605,18,1,212958,59463,51417,153495,316575,0,0,0,0,0.06807
463608,18,1,196961,53749,46211,143212,284774,0,0,0,0,0.0700614
463620,9,1,185344,51669,44596,133675,273956,0,0,0,0,0.0712561
463621,9,1,190343,52392,45321,137951,276937,0,0,0,0,0.067632
463624,9,1,200693,55516,48060,145177,293679,0,0,0,0,0.0675301
463629,9,1,206667,57895,51207,148772,306582,0,0,0,0,0.0901363
463642,18,1,200631,56318,48523,144313,301418,0,0,0,0,0.0923382
463645,18,1,204308,57240,49408,147068,306423,0,0,0,0,0.086817
463648,18,1,208598,57769,49697,150829,307574,0,0,0,0,0.0716238
463670,9,1,199164,53760,46395,145404,280361,0,0,0,0,0.0651387
463671,9,1,201470,54643,47425,146827,285379,0,0,0,0,0.0633873
463672,9,1,185771,49382,42877,136389,258217,0,0,0,0,0.0596457
463673,9,1,199194,53322,46188,145872,277170,0,0,0,0,0.065174
463674,9,1,208718,57308,49965,151410,299925,0,0,0,0,0.064644
463675,9,1,190886,50654,44120,140232,264316,0,0,0,0,0.0656531
463676,9,1,199511,53338,46185,146173,277168,0,0,0,0,0.0914959
463677,9,1,190694,49940,43435,140754,257862,0,0,0,0,0.069895
463678,9,1,195241,52295,45078,142946,272946,0,0,0,0,0.0666581
463679,9,1,211597,57617,50510,153980,301974,0,0,0,0,0.0888437
463680,3,1,176046,46751,40994,129295,245415,0,0,0,0,0.0851026
463681,9,1,160824,43006,37071,117818,225773,0,0,0,0,0.0551945
463684,9,1,182489,49290,42921,133199,258057,0,0,0,0,0.0597951
463689,9,1,176615,46234,40277,130381,237976,0,0,0,0,0.0804264
463690,3,1,176353,46851,41084,129502,245980,0,0,0,0,0.0899736
463691,9,1,160585,42931,37040,117654,225336,0,0,0,0,0.0528408
463694,9,1,182543,49311,42968,133232,258167,0,0,0,0,0.0587112
463699,9,1,176797,46259,40277,130538,238142,0,0,0,0,0.0666185
463700,3,1,175774,46591,40674,129183,245053,0,0,0,0,0.105108
463701,9,1,164681,44074,37896,120607,232864,0,0,0,0,0.0659574
463704,9,1,203911,56268,49017,147643,297562,0,0,0,0,0.0679133
463709,9,1,199360,54424,47483,144936,286727,0,0,0,0,0.0692101
463710,3,1,177552,46967,41442,130585,246816,0,0,0,0,0.134509
463711,9,1,187370,50794,44526,136576,268971,0,0,0,0,0.0855884
463714,9,1,209233,57229,50494,152004,303237,0,0,0,0,0.094918
463719,9,1,189051,51219,45045,137832,270643,0,0,0,0,0.0849118
463720,9,1,175588,46739,40779,128849,245259,0,0,0,0,0.082015
463721,9,1,160132,42266,36675,117866,221909,0,0,0,0,0.0613825
463722,18,1,195163,53234,46453,141929,281624,0,0,0,0,0.066454
463724,9,2,254805,70048,61184,184744,371822,1,0,0,0,0.207132
463725,18,1,198384,54516,48164,143868,290040,0,0,0,0,0.0662933
463728,18,1,189401,51846,45376,137555,275627,0,0,0,0,0.0608076
463729,9,2,262701,71698,62426,190990,378741,1,0,0,0,0.1743
463750,3,1,184919,48300,41970,136619,251031,0,0,0,0,0.0995977
463751,9,2,331813,86735,74938,245065,449960,1,0,0,0,0.195553
463754,9,1,172790,45154,39418,127636,233710,0,0,0,0,0.0568764
463759,9,1,174731,45424,39629,129307,233978,0,0,0,0,0.054425
463760,3,1,173017,44548,38742,128469,230372,0,0,0,0,0.0773123
463761,9,2,241753,64602,56083,177138,340143,1,0,0,0,0.165851
463764,9,1,181516,48103,42415,133413,250705,0,0,0,0,0.0590462
463769,9,1,178292,47203,41315,131089,246184,0,0,0,0,0.0578266
463770,3,1,192148,50947,44209,141201,265902,0,0,0,0,0.0882702
463771,9,1,195205,52126,45163,143079,272046,0,0,0,0,0.0662479
463774,9,1,223491,60678,52693,162813,318562,0,0,0,0,0.068306
463779,9,1,197386,52099,45814,145287,271233,0,0,0,0,0.0624814
463780,9,2,250630,68760,59993,181857,364098,1,0,0,0,0.153497
463781,9,1,179151,47163,40804,131988,244667,0,0,0,0,0.0581178
463782,18,1,197596,53160,46165,144436,277967,0,0,0,0,0.057687
463784,9,1,196995,51567,44587,145428,267012,0,0,0,0,0.0598775
463785,18,1,211454,57477,49809,153977,302974,0,0,0,0,0.0597998
463788,18,1,196799,52564,45756,144235,275440,0,0,0,0,0.0614077
463789,9,1,189862,50308,43811,139554,260865,0,0,0,0,0.0898011
463810,3,1,166049,42921,37244,123128,223138,0,0,0,0,0.0961271
463811,9,1,164641,43058,36970,121583,224951,0,0,0,0,0.0726281
463814,9,1,183389,49113,43077,134276,257028,0,0,0,0,0.0581661
463819,9,1,182911,49203,42837,133708,257306,0,0,0,0,0.0579308
463820,3,1,183215,48826,42271,134389,256252,0,0,0,0,0.0885872
463821,9,1,184431,49247,42732,135184,258606,0,0,0,0,0.0607684
463824,9,1,212851,58096,50200,154755,306594,0,0,0,0,0.0660221
463829,9,1,188034,49940,44107,138094,262045,0,0,0,0,0.0629049
463830,9,1,173244,46111,39602,127133,240966,0,0,0,0,0.0579131
463831,9,1,175242,46631,40332,128611,243781,0,0,0,0,0.0581654
463834,9,1,209723,55590,48374,154133,288484,0,0,0,0,0.0620101
463835,18,1,216198,59473,51082,156725,314520,0,0,0,0,0.0605949
463838,18,1,193425,52065,45429,141360,274003,0,0,0,0,0.0581318
463839,9,1,187167,50263,43767,136904,262481,0,0,0,0,0.0598919
463842,18,1,190054,51319,44615,138735,269709,0,0,0,0,0.0601426
463860,3,1,171241,45576,39415,125665,239635,0,0,0,0,0.0942896
463861,9,1,200191,54209,47198,145982,285336,0,0,0,0,0.0703954
463864,9,1,217980,59221,51509,158759,309663,0,0,0,0,0.0841423
463869,9,1,175689,47063,41083,128626,248402,0,0,0,0,0.0673783
463870,9,1,166957,44672,37864,122285,234803,0,0,0,0,0.0618161
463871,9,1,190715,51028,43835,139687,267726,0,0,0,0,0.0588025
463874,9,1,196025,52500,45395,143525,275190,0,0,0,0,0.0573785
463879,9,1,194503,52956,45445,141547,277917,0,0,0,0,0.0637288
463882,18,1,192535,52987,45761,139548,281600,0,0,0,0,0.0619552
463885,18,1,204823,56472,48869,148351,299179,0,0,0,0,0.0589346
463888,18,1,191821,51869,44846,139952,274284,0,0,0,0,0.0686806
463900,9,1,173424,46951,40457,126473,247172,0,0,0,0,0.0987654
463901,9,1,180072,48849,42239,131223,258041,0,0,0,0,0.101127
463904,9,1,193121,52586,45880,140535,277428,0,0,0,0,0.0775362
463909,9,1,192472,53286,46687,139186,282294,0,0,0,0,0.088118
463922,18,1,191002,52897,45838,138105,282174,0,0,0,0,0.0930054
463925,18,1,200750,55496,48275,145254,296000,0,0,0,0,0.0742353
463928,18,1,207271,57089,49330,150182,303265,0,0,0,0,0.0701697
463950,9,1,163918,42514,36555,121404,219434,0,0,0,0,0.085765
463951,9,1,175649,46099,39836,129550,238994,0,0,0,0,0.0851751
463952,9,1,166040,43038,37185,123002,222525,0,0,0,0,0.0686586
463953,9,1,169251,43818,38016,125433,225240,0,0,0,0,0.0577719
463954,9,1,197694,53187,46416,144507,277231,0,0,0,0,0.0666316
463955,9,1,174078,45273,39426,128805,234194,0,0,0,0,0.074673
463956,9,1,179257,47031,41150,132226,242171,0,0,0,0,0.0629803
463957,9,1,185184,47749,41434,137435,245012,0,0,0,0,0.061835
463958,9,1,193967,51606,44606,142361,267246,0,0,0,0,0.0626758
463959,9,1,187532,49753,43494,137779,259038,0,0,0,0,0.086675
463960,9,1,147728,39049,33802,108679,205007,0,0,0,0,0.0564977
463961,9,1,162720,43014,37354,119706,222451,0,0,0,0,0.062867
463964,9,2,191260,51290,45195,139957,267395,1,0,0,0,0.146299
463969,9,2,187356,49815,44148,137528,259054,1,0,0,0,0.148094
463970,9,1,147766,39079,33845,108687,205198,0,0,0,0,0.0614275
463971,9,1,162372,42916,37295,119456,221911,0,0,0,0,0.066749
463974,9,2,190821,51181,45116,139627,266807,1,0,0,0,0.172042
463979,9,2,187197,49787,44148,137397,258940,1,0,0,0,0.148828
463980,9,1,147522,39034,33599,108488,205618,0,0,0,0,0.0683846
463981,9,1,162678,42995,37349,119683,223287,0,0,0,0,0.087861
463984,9,2,186350,50596,44461,135742,267426,1,0,0,0,0.161747
463989,9,2,180551,48845,43186,131694,258040,1,0,0,0,0.143439
463990,9,1,157347,41483,36109,115864,218084,0,0,0,0,0.0794894
463991,9,1,165820,45107,39655,120713,239030,0,0,0,0,0.0615512
463994,9,1,176957,48336,42639,128621,256411,0,0,0,0,0.0600147
463999,9,1,171934,46378,40707,125556,244373,0,0,0,0,0.0606721
464000,9,1,178817,47477,41885,131340,246629,0,0,0,0,0.0812057
464001,9,1,173560,46450,40576,127110,242276,0,0,0,0,0.0609028
464004,9,2,169202,46038,39866,123151,243396,1,0,0,0,0.146661
464009,9,2,165526,44400,38466,121113,234060,1,0,0,0,0.148749
464030,9,1,158305,41105,34847,117200,213931,0,0,0,0,0.0586336
464031,9,1,178431,46095,39706,132336,235929,0,0,0,0,0.0618115
464034,9,1,149391,38915,33608,110476,200824,0,0,0,0,0.0521828
464039,9,1,168235,43646,37728,124589,222539,0,0,0,0,0.0548505
464040,9,1,151101,38946,33060,112155,202049,0,0,0,0,0.0562635
464041,9,1,171973,44535,38371,127438,228062,0,0,0,0,0.0774802
464044,9,1,163022,43198,37624,119824,224228,0,0,0,0,0.0707913
464049,9,1,180196,48577,42520,131619,253588,0,0,0,0,0.065326
464050,9,1,169095,44556,37706,124539,232427,0,0,0,0,0.0669156
464051,9,2,312671,86053,75405,226606,454735,1,0,0,0,0.203654
464054,9,2,263992,72608,63934,191372,384023,1,0,0,0,0.205002
464059,9,1,177796,47355,40939,130441,247260,0,0,0,0,0.0639742
464060,9,1,189149,49850,43353,139299,256335,0,0,0,0,0.066745
464061,9,2,324318,88763,77368,235542,468056,1,0,0,0,0.1907
464064,9,2,174551,46757,40908,127781,245465,1,0,0,0,0.15918
464069,9,1,175902,46142,39936,129760,238523,0,0,0,0,0.0598567
464090,9,1,143520,37072,31225,106448,193252,0,0,0,0,0.0627226
464091,9,1,164599,42747,36721,121852,219878,0,0,0,0,0.0791264
464094,9,1,166770,44533,38970,122237,231830,0,0,0,0,0.0823047
464099,9,1,185125,50856,44401,134269,267768,0,0,0,0,0.064586
464100,9,1,157226,41583,35274,115643,218346,0,0,0,0,0.0605188
464101,9,2,317891,87606,76463,230273,464655,1,0,0,0,0.202931
464104,9,2,268475,74481,65461,193982,395691,1,0,0,0,0.177385
464109,9,1,174100,46719,40475,127381,245204,0,0,0,0,0.072787
464110,9,1,177934,46947,40670,130987,242623,0,0,0,0,0.0668381
464111,9,2,306945,85117,73894,221815,452072,1,0,0,0,0.176947
464114,9,2,176794,47804,41623,128977,252284,1,0,0,0,0.138675
464119,9,1,172081,45474,39372,126607,237095,0,0,0,0,0.0568606
464140,9,1,147200,38534,32623,108666,202132,0,0,0,0,0.0608481
464141,9,2,172025,46181,40090,125831,243194,1,0,0,0,0.149297
464144,9,2,176842,47811,41666,129018,252310,1,0,0,0,0.13512
464149,9,1,170714,46129,39587,124585,242884,0,0,0,0,0.0599767
464150,9,1,168828,44613,38309,124215,231217,0,0,0,0,0.0640718
464151,9,2,261120,72346,63167,188762,384290,1,0,0,0,0.182003
464154,9,2,265961,73799,64652,192150,391838,1,0,0,0,0.166715
464159,9,1,176787,47502,40565,129285,249816,0,0,0,0,0.0624465
464180,9,1,140214,36726,31358,103488,191737,0,0,0,0,0.0623008
464181,9,1,163219,43673,37777,119546,229706,0,0,0,0,0.0813365
464184,9,1,179398,48684,42620,130714,256561,0,0,0,0,0.0710193
464189,9,1,164980,44424,38378,120556,233172,0,0,0,0,0.0752218
464230,9,1,159361,41758,36065,117603,214850,0,0,0,0,0.0675783
464231,9,1,176773,46625,40607,130148,240446,0,0,0,0,0.0667738
464232,9,1,171957,45321,38437,126636,234103,0,0,0,0,0.0630256
464233,9,2,161587,42445,36347,119129,221967,1,0,0,0,0.1837
464234,9,1,190939,51136,44790,139803,264760,0,0,0,0,0.0818802
464235,9,1,180795,48177,41021,132618,249643,0,0,0,0,0.0853747
464236,9,2,163360,43138,37151,120209,226357,1,0,0,0,0.192039
464237,9,2,248542,67552,58429,180978,355775,1,0,0,0,0.191683
464238,9,1,192091,50557,42993,141534,260430,0,0,0,0,0.0640782
464239,9,1,172027,44781,38863,127246,230134,0,0,0,0,0.1108
464522,18,1,162881,44049,38163,118832,231886,0,0,0,0,0.0803128
464525,18,1,189544,51285,44995,138259,268455,0,0,0,0,0.0749535
464528,18,1,187819,50393,44208,137426,261889,0,0,0,0,0.0670278
464532,18,1,163072,44080,38199,118992,232017,0,0,0,0,0.0795393
464535,18,1,189485,51209,44936,138276,267919,0,0,0,0,0.0835744
464538,18,1,188096,50391,44217,137705,261688,0,0,0,0,0.0698403
464542,18,1,166094,44834,38797,121260,237358,0,0,0,0,0.0599381
464545,18,1,195726,54065,46813,141661,285727,0,0,0,0,0.0610656
464548,18,1,201474,55566,48261,145908,293209,0,0,0,0,0.0768955
464552,18,1,192537,52402,46191,140135,276545,0,0,0,0,0.0953222
464555,18,1,204188,56029,49321,148159,296487,0,0,0,0,0.0974251
464558,18,1,208932,57642,50550,151290,305995,0,0,0,0,0.0995683
464562,18,1,191482,52487,46270,138995,278467,0,0,0,0,0.0750334
464565,18,1,199276,55338,49065,143938,294306,0,0,0,0,0.0680863
464568,18,1,198250,55217,48652,143033,294584,0,0,0,0,0.0647836
464570,18,1,178169,48192,42371,129977,254909,0,0,0,0,0.0817089
464571,18,1,179607,48414,42266,131193,255390,0,0,0,0,0.0660655
464572,18,1,195352,53060,46575,142292,279264,0,0,0,0,0.0948798
464573,18,1,175612,46013,40492,129599,237317,0,0,0,0,0.0786446
464574,18,1,183044,49596,43329,133448,261005,0,0,0,0,0.0763721
464575,18,2,266332,73862,64865,192457,393272,1,0,0,0,0.167427
464576,18,2,265780,72843,64294,192924,385476,1,0,0,0,0.194649
464577,18,2,263300,72322,63461,190965,383835,1,0,0,0,0.172835
464578,18,1,190573,51529,45222,139044,271784,0,0,0,0,0.0582531
464579,18,1,190532,51306,44851,139226,268829,0,0,0,0,0.0637361
464592,18,1,179714,47395,41413,132319,246886,0,0,0,0,0.0823811
464595,18,1,177774,46528,40757,131246,240834,0,0,0,0,0.0542982
464598,18,1,179999,46757,40745,133242,240593,0,0,0,0,0.0752919
464602,18,1,169165,44452,38706,124713,232437,0,0,0,0,0.0867285
464605,18,1,188320,50426,44180,137894,263002,0,0,0,0,0.0730666
464608,18,1,193411,51936,45133,141475,271786,0,0,0,0,0.0621793
464612,18,1,201134,53821,46782,147313,281313,0,0,0,0,0.0859366
464615,18,1,209701,56506,48828,153195,297066,0,0,0,0,0.0810621
464618,18,1,207617,56374,49168,151243,296236,0,0,0,0,0.0922895
464622,18,1,200268,53830,46803,146438,281310,0,0,0,0,0.0967985
464625,18,1,211476,57644,50166,153832,304134,0,0,0,0,0.0904179
464628,18,1,205364,55429,47917,149935,290607,0,0,0,0,0.0825658
464630,18,1,189587,50759,44285,138828,265279,0,0,0,0,0.071779
464631,18,1,194814,51869,44782,142945,269932,0,0,0,0,0.0773357
464632,18,1,201261,53807,46472,147454,280451,0,0,0,0,0.0615901
464633,18,1,209555,56343,48975,153212,292492,0,0,0,0,0.0617029
464634,18,1,204696,54450,46768,150246,283506,0,0,0,0,0.0681596
464635,18,1,216200,58528,50761,157672,307479,0,0,0,0,0.0588811
464636,18,1,209593,57398,50504,152195,302866,0,0,0,0,0.0658801
464637,18,1,189480,50926,44386,138554,266707,0,0,0,0,0.0698231
464638,18,1,198237,53240,46458,144997,279596,0,0,0,0,0.0829528
464639,18,1,207646,55923,48581,151723,292038,0,0,0,0,0.0619194
464652,18,1,160206,42412,36733,117794,223113,0,0,0,0,0.0749094
464655,18,1,191659,51603,44902,140056,269563,0,0,0,0,0.0658594
464658,18,1,197047,53781,46563,143266,282733,0,0,0,0,0.059586
464662,18,1,194045,52037,45210,142008,273649,0,0,0,0,0.0810186
464665,18,1,209780,57167,49011,152613,301331,0,0,0,0,0.0830906
464668,18,1,207709,57065,49824,150644,301352,0,0,0,0,0.0777948
464672,18,1,191316,51607,44929,139709,271589,0,0,0,0,0.0814416
464675,18,1,207553,56440,49047,151113,297432,0,0,0,0,0.0829237
464678,18,1,205013,55604,48298,149409,292062,0,0,0,0,0.0598979
464680,18,1,178246,48008,41726,130238,252454,0,0,0,0,0.082754
464681,18,1,187667,50340,43386,137327,264242,0,0,0,0,0.0586013
464682,18,1,189931,51213,44487,138718,269500,0,0,0,0,0.0818968
464684,18,1,209988,56088,48313,153900,292264,0,0,0,0,0.0799213
464685,18,1,217708,59259,51390,158449,311790,0,0,0,0,0.062936
464686,18,1,214089,59057,52054,155032,312385,0,0,0,0,0.0693591
464687,18,1,194105,52246,45457,141859,273733,0,0,0,0,0.0656582
464688,18,1,202527,54929,47994,147598,289598,0,0,0,0,0.0653887
464689,18,1,200966,54224,47233,146742,284285,0,0,0,0,0.0623951
464693,18,1,204359,55130,47902,149229,287297,0,0,0,0,0.0661754
464702,18,1,198451,54485,46984,143966,288947,0,0,0,0,0.0855549
464705,18,1,213939,58705,50832,155234,309222,0,0,0,0,0.0738388
464708,18,1,194152,53231,46584,140921,281813,0,0,0,0,0.0631888
464712,18,1,201060,55100,48023,145960,292278,0,0,0,0,0.0621162
464715,18,1,214231,58879,51417,155352,311121,0,0,0,0,0.0638374
464718,18,1,198282,54157,46649,144125,285780,0,0,0,0,0.0641694
464720,18,1,166716,44835,38769,121881,236314,0,0,0,0,0.0644594
464721,18,1,191551,51940,44830,139611,273786,0,0,0,0,0.0639036
464722,18,1,197491,54067,47091,143424,286502,0,0,0,0,0.0781209
464724,18,1,200222,54442,46948,145780,286636,0,0,0,0,0.0567141
464725,18,1,209572,57506,49948,152066,303949,0,0,0,0,0.0741012
464728,18,1,200147,54142,47398,146005,284378,0,0,0,0,0.0817401
464729,18,1,200069,54274,47639,145795,285654,0,0,0,0,0.0582799
464733,18,1,195008,53143,46605,141865,280760,0,0,0,0,0.0617823
464736,18,1,206374,56518,49825,149856,298482,0,0,0,0,0.06382
464737,18,1,192158,51946,45356,140212,272835,0,0,0,0,0.0670755
464742,18,1,175187,47669,41402,127518,252205,0,0,0,0,0.0857164
464745,18,1,189731,51938,45354,137793,275391,0,0,0,0,0.0721649
464748,18,1,195205,52836,46383,142369,278341,0,0,0,0,0.0640467
464750,18,1,176535,47012,40909,129523,245599,0,0,0,0,0.057882
464751,18,1,188091,50405,43672,137686,264090,0,0,0,0,0.055844
464754,18,1,207037,56318,48876,150719,296158,0,0,0,0,0.0623541
464759,18,1,204938,56134,49677,148804,296155,0,0,0,0,0.0792562
464762,18,1,196839,53587,46590,143252,283191,0,0,0,0,0.0571082
464763,18,1,186798,50675,43920,136123,268244,0,0,0,0,0.0558496
464765,18,1,210294,57350,50173,152944,302391,0,0,0,0,0.0593608
464766,18,1,197121,53711,46883,143410,284115,0,0,0,0,0.0571619
464767,18,1,210356,57306,49398,153050,300914,0,0,0,0,0.061641
464768,18,1,205106,56163,48625,148943,295741,0,0,0,0,0.0594539
464780,18,1,175295,46646,40305,128649,242994,0,0,0,0,0.0606347
464781,18,1,190788,51182,44458,139606,267232,0,0,0,0,0.0572907
464782,18,1,187766,50103,43137,137663,261591,0,0,0,0,0.0548922
464783,18,2,250261,67529,58041,182719,356256,1,0,0,0,0.149416
464784,18,1,207220,56380,49028,150840,295745,0,0,0,0,0.0599351
464785,18,1,200667,54164,46932,146503,283666,0,0,0,0,0.0578809
464786,18,2,251895,67961,58704,183921,358228,1,0,0,0,0.150083
464787,18,2,265690,72540,62877,193137,383148,1,0,0,0,0.158087
464788,18,1,200673,54301,47015,146372,284343,0,0,0,0,0.0572834
464789,18,1,205763,55444,48717,150319,289462,0,0,0,0,0.0934004
465950,6,1,184847,49779,44095,135068,263440,0,0,0,0,0.117159
465951,18,1,199710,55564,48435,144146,297230,0,0,0,0,0.0717409
465954,18,1,218528,62078,54387,156450,333396,0,0,0,0,0.0792789
465959,18,1,203093,56122,48823,146971,299538,0,0,0,0,0.0740938
465960,18,1,179415,49100,42907,130315,260915,0,0,0,0,0.0919697
465961,18,1,184623,51407,44706,133216,273869,0,0,0,0,0.0613356
465964,18,1,196698,54682,47488,142016,292001,0,0,0,0,0.0743745
465969,18,1,194777,53809,46525,140968,287017,0,0,0,0,0.0812359
465982,36,1,212921,59305,51840,153616,316683,0,0,0,0,0.0832534
465985,36,1,224826,63855,56006,160971,342601,0,0,0,0,0.0894756
465988,36,1,222055,62820,54450,159235,336192,0,0,0,0,0.0792071
466010,6,1,207072,56495,49635,150577,299656,0,0,0,0,0.0826078
466011,18,1,211026,58325,50571,152701,310013,0,0,0,0,0.0822202
466014,18,1,219103,60799,52989,158304,323768,0,0,0,0,0.0849545
466019,18,1,207956,56613,49332,151343,299165,0,0,0,0,0.0796197
466020,18,1,194755,53376,46098,141379,283745,0,0,0,0,0.0765561
466021,18,1,189985,51691,45045,138294,273866,0,0,0,0,0.074529
466024,18,1,219818,60792,53254,159026,324423,0,0,0,0,0.075116
466029,18,1,192852,52056,45405,140796,273076,0,0,0,0,0.0565806
466042,36,1,224752,62556,54163,162196,333388,0,0,0,0,0.0605948
466045,36,1,221480,61367,53802,160113,327547,0,0,0,0,0.0575416
466048,36,1,204396,55834,48798,148562,297198,0,0,0,0,0.076004
466060,6,1,187982,51041,45105,136941,270630,0,0,0,0,0.0848522
466061,18,1,198279,54919,47582,143360,293416,0,0,0,0,0.0578582
466064,18,1,204508,55983,48573,148525,297195,0,0,0,0,0.0557703
466069,18,1,193473,52623,45709,140850,279715,0,0,0,0,0.0533128
466070,18,1,176349,47869,41353,128480,254430,0,0,0,0,0.0649354
466071,18,1,182854,49780,43450,133074,264392,0,0,0,0,0.0682222
466074,18,1,219198,60472,52629,158726,322570,0,0,0,0,0.0769917
466079,18,1,190628,51506,44768,139122,269393,0,0,0,0,0.0489408
466092,36,1,213571,59246,51259,154325,316790,0,0,0,0,0.0535098
466095,36,1,215777,59572,52019,156205,316823,0,0,0,0,0.0536977
466098,36,1,200001,55107,48049,144894,294355,0,0,0,0,0.0537797
466100,6,1,170864,45415,39568,125449,239573,0,0,0,0,0.0734597
466101,18,2,220153,60905,53689,159236,325114,1,0,0,0,0.130286
466104,18,2,224842,62651,55250,162179,335379,1,0,0,0,0.191
466109,18,1,177733,47881,41795,129852,253857,0,0,0,0,0.0638721
466110,18,1,159715,42710,36537,117005,226030,0,0,0,0,0.055222
466111,18,1,186258,50459,43900,135799,268104,0,0,0,0,0.051868
466114,18,1,196901,53289,46379,143612,281993,0,0,0,0,0.0544923
466119,18,1,190501,51423,44421,139078,267325,0,0,0,0,0.0713021
466132,36,1,204237,56799,49769,147438,303408,0,0,0,0,0.0590785
466135,36,1,212227,58693,51553,153534,312141,0,0,0,0,0.072732
466138,36,1,191410,52476,45736,138934,279886,0,0,0,0,0.0573169
466140,18,1,154244,40523,35175,113721,211730,0,0,0,0,0.0519555
466141,18,1,176005,47003,40978,129002,246694,0,0,0,0,0.0525527
466144,18,1,191930,51854,45269,140076,272449,0,0,0,0,0.056109
466149,18,1,179620,48722,42542,130898,256646,0,0,0,0,0.06703
466162,36,1,187389,51017,44184,136372,271107,0,0,0,0,0.0537979
466165,36,1,194876,53238,46331,141638,282842,0,0,0,0,0.0610268
466168,36,1,198976,54098,47139,144878,286436,0,0,0,0,0.0670374
466190,18,1,170672,45120,39536,125552,235428,0,0,0,0,0.0502902
466191,18,1,185525,49504,43713,136021,258706,0,0,0,0,0.0515381
466192,18,1,180394,47679,41630,132715,250295,0,0,0,0,0.0515403
466193,18,1,189177,49992,43851,139185,260805,0,0,0,0,0.051059
466194,18,1,206137,55796,49109,150341,291892,0,0,0,0,0.0532268
466195,18,1,196333,52518,45764,143815,275918,0,0,0,0,0.056209
466196,18,2,211324,57696,50724,153615,306780,1,0,0,0,0.129888
466197,18,1,189971,50503,44201,139468,264600,0,0,0,0,0.0530424
466198,18,1,197551,52405,45586,145146,270439,0,0,0,0,0.0541897
466199,18,1,194993,52530,46711,142463,276042,0,0,0,0,0.0688899
466240,18,1,206208,57279,50245,148929,303859,0,0,0,0,0.0956847
466241,18,1,196295,54756,47477,141539,290076,0,0,0,0,0.0791284
466244,18,1,198757,54767,47607,143990,289195,0,0,0,0,0.0680151
466249,18,1,197327,54243,47016,143084,285816,0,0,0,0,0.0545977
466262,36,1,199522,55087,48330,144435,293954,0,0,0,0,0.0594756
466265,36,1,212591,59289,51783,153302,317099,0,0,0,0,0.0636921
466268,36,1,207407,58180,50303,149227,312314,0,0,0,0,0.0642805
466300,18,1,217811,60075,52249,157736,316754,0,0,0,0,0.0639864
466301,18,1,196809,54202,47327,142607,287636,0,0,0,0,0.0587258
466304,18,2,315193,89044,78503,226136,477172,1,0,0,0,0.160966
466309,18,1,186618,50733,44301,135885,267741,0,0,0,0,0.0550716
466322,36,1,214511,59079,51051,155432,313631,0,0,0,0,0.0574919
466325,36,1,228790,63829,55662,164961,341820,0,0,0,0,0.0601746
466328,36,1,207164,56740,49492,150424,302240,0,0,0,0,0.0591337
466350,18,1,194660,53062,46244,141598,279736,0,0,0,0,0.057242
466351,18,1,188238,51441,44731,136797,272931,0,0,0,0,0.0563583
466354,18,2,315758,89093,78513,226652,477693,1,0,0,0,0.154374
466359,18,1,187039,51272,44746,135767,272319,0,0,0,0,0.0538957
466372,36,1,202120,55651,48281,146469,296596,0,0,0,0,0.0565667
466375,36,1,223136,61851,53901,161285,330179,0,0,0,0,0.0608352
466378,36,1,202397,55478,48333,146919,296007,0,0,0,0,0.0590492
466390,18,1,182819,49735,42986,133084,262419,0,0,0,0,0.0589034
466391,18,1,192638,52486,45497,140152,278811,0,0,0,0,0.0537268
466394,18,1,200811,54453,47356,146358,287903,0,0,0,0,0.0555642
466399,18,1,197459,54473,47441,142986,288895,0,0,0,0,0.0566243
466412,36,1,200449,55487,48016,144962,296872,0,0,0,0,0.0582655
466415,36,1,212600,58824,51281,153776,314145,0,0,0,0,0.0565387
466418,36,1,189849,51669,45003,138180,275458,0,0,0,0,0.0573505
466420,18,1,161788,43587,37861,118201,230743,0,0,0,0,0.0550852
466421,18,1,178232,48473,42499,129759,257413,0,0,0,0,0.054776
466424,18,1,198866,54117,47371,144749,287160,0,0,0,0,0.0655034
466429,18,1,192811,52939,46761,139872,281544,0,0,0,0,0.0867873
466442,36,1,187906,51479,44977,136427,275039,0,0,0,0,0.0858218
466445,36,1,201216,55500,48623,145716,296926,0,0,0,0,0.0803085
466448,36,1,211436,58029,50680,153407,308961,0,0,0,0,0.0731362
466470,18,1,170217,45448,39251,124769,238384,0,0,0,0,0.0657933
466471,18,1,187824,50659,43976,137165,266921,0,0,0,0,0.0583405
466472,18,1,175519,46657,40707,128862,245372,0,0,0,0,0.0746537
466473,18,1,186138,50204,43374,135934,264770,0,0,0,0,0.0652941
466474,18,1,207260,56787,49385,150473,300631,0,0,0,0,0.0574402
466475,18,1,189495,50739,44333,138756,267232,0,0,0,0,0.0815952
466476,18,1,195604,52946,45859,142658,278996,0,0,0,0,0.0758441
466477,18,1,193342,51902,45416,141440,272920,0,0,0,0,0.0614816
466478,18,1,201366,55053,47803,146313,290288,0,0,0,0,0.0665181
466479,18,1,195756,53020,46715,142736,279481,0,0,0,0,0.0803265
466750,18,1,174535,47207,41113,127328,247809,0,0,0,0,0.0650991
466751,18,1,191785,52375,46200,139410,275929,0,0,0,0,0.0900397
466752,18,1,189380,51697,44754,137683,273250,0,0,0,0,0.0874948
466753,18,1,195997,53639,46679,142358,282294,0,0,0,0,0.0869766
466754,18,1,204274,55947,49355,148327,294875,0,0,0,0,0.0797314
466755,18,1,199092,55081,47827,144011,292115,0,0,0,0,0.0646801
466756,18,1,205351,56403,48802,148948,296960,0,0,0,0,0.0651017
466757,18,1,206739,57665,50229,149074,305705,0,0,0,0,0.068237
466758,18,1,205969,57171,49573,148798,302702,0,0,0,0,0.0827828
466759,18,1,198310,53972,47491,144338,284292,0,0,0,0,0.129983
466820,36,1,200577,55792,48955,144785,297605,0,0,0,0,0.107496
466821,36,1,214077,59784,51923,154293,319254,0,0,0,0,0.0761461
466822,36,1,211138,58374,50574,152764,309965,0,0,0,0,0.0711402
466823,36,1,205204,56674,49361,148530,300416,0,0,0,0,0.0861548
466824,36,1,206931,57411,49745,149520,305822,0,0,0,0,0.0733508
466825,36,1,220265,61438,53585,158827,328062,0,0,0,0,0.0659956
466826,36,1,208356,57498,50434,150858,306065,0,0,0,0,0.0687584
466827,36,1,210925,58533,51533,152392,311376,0,0,0,0,0.0624371
466828,36,1,214388,59098,51563,155290,314098,0,0,0,0,0.0596135
466829,36,1,209884,58012,50247,151872,308309,0,0,0,0,0.0691755
466880,36,1,205341,56274,48983,149067,298304,0,0,0,0,0.0578533
466881,36,1,227604,63156,54926,164448,335823,0,0,0,0,0.0740678
466882,36,1,223830,61661,53420,162169,326843,0,0,0,0,0.0856557
466883,36,1,227264,62848,54393,164416,333526,0,0,0,0,0.0724122
466884,36,1,215274,59694,51729,155580,316932,0,0,0,0,0.060917
466885,36,1,226445,62935,54124,163510,335220,0,0,0,0,0.0589613
466886,36,1,212384,58569,51145,153815,311771,0,0,0,0,0.0569736
466887,36,1,197969,54971,48491,142998,293407,0,0,0,0,0.0705381
466888,36,1,205292,57068,49231,148224,304389,0,0,0,0,0.0644505
466889,36,1,208121,57937,50057,150184,308453,0,0,0,0,0.0674203
466930,36,1,184926,50286,43712,134640,266702,0,0,0,0,0.0598099
466931,36,1,213183,59400,51463,153783,317618,0,0,0,0,0.0587677
466932,36,1,209879,58159,50399,151720,310386,0,0,0,0,0.0588219
466933,36,1,218173,60604,52663,157569,323522,0,0,0,0,0.0873993
466934,36,1,213136,58773,51000,154363,311709,0,0,0,0,0.0681324
466935,36,1,228315,63553,54543,164762,339089,0,0,0,0,0.0642156
466936,36,1,214983,59536,52172,155447,317508,0,0,0,0,0.0611938
466937,36,1,199201,55831,49281,143370,299128,0,0,0,0,0.0623711
466938,36,1,204148,56766,49066,147382,303272,0,0,0,0,0.0666149
466939,36,1,209029,57988,50028,151041,309129,0,0,0,0,0.0594082
466970,36,1,173335,47109,40729,126226,249990,0,0,0,0,0.0622034
466971,36,1,194511,53790,46701,140721,286128,0,0,0,0,0.0567296
466972,36,1,202592,56213,48727,146379,299603,0,0,0,0,0.0557935
466973,36,1,190458,52382,45562,138076,279364,0,0,0,0,0.056227
466974,36,1,204592,56739,49355,147853,301565,0,0,0,0,0.0566943
466975,36,1,211080,58663,51018,152417,312487,0,0,0,0,0.0576111
466976,36,1,200296,55126,48270,145170,293729,0,0,0,0,0.0554772
466977,36,1,191045,53187,46716,137858,284608,0,0,0,0,0.0655803
466978,36,1,200754,56280,48996,144474,300337,0,0,0,0,0.0677052
466979,36,1,212854,59996,52123,152858,321235,0,0,0,0,0.0612253
467000,36,1,201207,55986,48303,145221,298582,0,0,0,0,0.0606474
467001,36,1,209155,57834,50472,151321,307833,0,0,0,0,0.0585561
467002,36,1,206854,57526,50344,149328,307661,0,0,0,0,0.0591138
467003,36,1,195748,54185,47158,141563,289630,0,0,0,0,0.0585237
467004,36,1,224585,62595,54402,161990,333195,0,0,0,0,0.0638281
467005,36,1,215015,59763,52239,155252,319362,0,0,0,0,0.0794554
467006,36,1,205918,57170,49764,148748,305205,0,0,0,0,0.0594817
467007,36,1,218298,61011,52840,157287,325622,0,0,0,0,0.0607313
467008,36,1,206362,57026,49691,149336,301729,0,0,0,0,0.0578883
467009,36,1,220778,62251,54836,158527,333065,0,0,0,0,0.0779861
467020,36,1,188763,51601,44430,137162,272811,0,0,0,0,0.0686463
467021,36,1,199123,55011,47953,144112,291876,0,0,0,0,0.067569
467022,36,1,189986,51775,45056,138211,273932,0,0,0,0,0.053392
467023,36,1,188362,51560,44951,136802,272622,0,0,0,0,0.0529541
467024,36,1,217229,60535,52628,156694,321786,0,0,0,0,0.0613906
467025,36,1,198837,54325,47027,144512,287641,0,0,0,0,0.0556079
467026,36,1,199949,54506,47353,145443,287443,0,0,0,0,0.0562003
467027,36,1,210564,58522,50082,152042,310156,0,0,0,0,0.0593951
467028,36,1,206535,56944,49165,149591,300986,0,0,0,0,0.0572873
467029,36,1,210973,58966,51845,152007,313186,0,0,0,0,0.0737306
468190,6,1,192499,52419,46620,140080,277646,0,0,0,0,0.0981106
468191,18,1,202941,57041,49727,145900,306080,0,0,0,0,0.0846705
468194,18,1,221746,63417,56134,158329,341322,0,0,0,0,0.0740224
468199,18,1,208312,58110,50978,150202,310621,0,0,0,0,0.0722992
468200,18,1,186093,51279,44853,134814,272952,0,0,0,0,0.0857121
468201,18,1,192780,54299,47084,138481,291161,0,0,0,0,0.0803946
468204,18,1,203445,57003,49882,146442,305276,0,0,0,0,0.0614486
468209,18,1,201295,55897,48604,145398,298595,0,0,0,0,0.0609575
468222,36,1,217454,60963,53497,156491,325797,0,0,0,0,0.0772676
468225,36,1,226422,64598,56889,161824,346927,0,0,0,0,0.0860286
468228,36,2,232161,66223,58444,165925,358058,1,0,0,0,0.132191
468250,6,1,201199,54494,47372,146705,289089,0,0,0,0,0.0698942
468251,18,1,200590,55415,47927,145175,295463,0,0,0,0,0.0641488
468254,18,1,211190,58430,50628,152760,311781,0,0,0,0,0.0763158
468259,18,1,198881,54443,47682,144438,288213,0,0,0,0,0.0533342
468260,18,1,186528,51052,44056,135476,271845,0,0,0,0,0.054296
468261,18,1,192825,52891,46093,139934,281117,0,0,0,0,0.0535544
468264,18,1,213672,59073,51659,154599,314817,0,0,0,0,0.0609187
468269,18,1,194917,52562,45962,142355,275917,0,0,0,0,0.0514435
468282,36,1,221832,61583,53658,160249,328860,0,0,0,0,0.0574502
468285,36,1,213394,59495,51605,153899,318095,0,0,0,0,0.0578232
468288,36,1,199981,56027,48451,143954,300745,0,0,0,0,0.0574387
468300,6,1,201672,54662,47990,147010,289780,0,0,0,0,0.0914985
468301,18,1,202431,56023,48319,146408,298972,0,0,0,0,0.0582802
468304,18,1,204924,56404,49100,148520,300231,0,0,0,0,0.0556923
468309,18,1,197890,53889,47299,144001,284781,0,0,0,0,0.0553714
468310,18,1,189692,51936,44935,137756,276276,0,0,0,0,0.0555671
468311,18,1,197066,54060,47306,143006,287453,0,0,0,0,0.0561598
468314,18,1,220761,61049,53462,159712,324660,0,0,0,0,0.0653109
468319,18,1,192398,52167,45526,140231,274249,0,0,0,0,0.056118
468332,36,1,222336,62067,53819,160269,332242,0,0,0,0,0.075903
468335,36,1,216757,60468,52628,156289,322993,0,0,0,0,0.0845366
468338,36,1,199452,55786,48587,143666,299055,0,0,0,0,0.0766718
468340,6,1,202193,54686,47862,147507,288304,0,0,0,0,0.108799
468341,18,1,216961,60291,52572,156670,321578,0,0,0,0,0.0883582
468344,18,1,228490,63830,55729,164660,340009,0,0,0,0,0.0841994
468349,18,1,192982,52001,45343,140981,272726,0,0,0,0,0.0563217
468350,18,1,184057,49884,43048,134173,263537,0,0,0,0,0.0657805
468351,18,1,200217,54751,47558,145466,290963,0,0,0,0,0.0670336
468354,18,1,196242,53706,46865,142536,285603,0,0,0,0,0.0521496
468359,18,1,197230,53538,46479,143692,280555,0,0,0,0,0.0545598
468372,36,1,215317,59790,52167,155527,319034,0,0,0,0,0.0539654
468375,36,1,215035,59965,52195,155070,320083,0,0,0,0,0.0556551
468378,36,1,195213,54299,47004,140914,290820,0,0,0,0,0.0547087
468380,18,2,289754,79693,70515,210049,420067,1,0,0,0,0.134902
468381,18,2,280631,77646,68781,202973,412715,1,0,0,0,0.130352
468384,18,2,275702,76332,67381,199358,405300,1,0,0,0,0.127105
468389,18,1,196142,53840,47293,142302,284782,0,0,0,0,0.0645019
468402,36,1,200766,55067,47764,145699,292541,0,0,0,0,0.0526591
468405,36,1,198520,54432,47097,144088,289222,0,0,0,0,0.0521313
468408,36,1,196988,54039,46886,142949,288102,0,0,0,0,0.054004
468430,18,2,224982,61335,54298,163635,321714,1,0,0,0,0.117626
468431,18,2,311984,85764,75842,226208,453921,1,0,0,0,0.135136
468432,18,2,211538,58238,51199,153288,310913,1,0,0,0,0.121692
468433,18,1,200543,53705,47108,146838,280116,0,0,0,0,0.0519648
468434,18,2,203799,55018,48534,148769,289924,1,0,0,0,0.113055
468435,18,2,208445,57398,50399,151035,306898,1,0,0,0,0.12219
468436,18,1,200827,54255,47783,146572,284076,0,0,0,0,0.0533118
468437,18,2,205607,56416,49369,149179,301506,1,0,0,0,0.123968
468438,18,2,205966,56157,49249,149797,298882,1,0,0,0,0.119126
468439,18,1,196447,54016,47896,142431,286043,0,0,0,0,0.0994263
468480,18,1,208778,57998,50939,150780,308211,0,0,0,0,0.0849991
468481,18,1,209626,59041,50973,150585,315046,0,0,0,0,0.0576642
468484,18,1,208216,58325,50864,149891,310762,0,0,0,0,0.0560561
468489,18,1,203610,56414,49031,147196,298596,0,0,0,0,0.0561321
468502,36,1,205493,57330,49814,148163,306762,0,0,0,0,0.0571086
468505,36,1,216815,60878,53476,155937,326596,0,0,0,0,0.0569685
468508,36,1,216855,61659,53460,155196,332405,0,0,0,0,0.0572847
468540,18,1,204118,56029,48286,148089,297187,0,0,0,0,0.0522086
468541,18,1,197513,54317,47031,143196,289029,0,0,0,0,0.055071
468544,18,2,285063,79414,69900,205636,425708,1,0,0,0,0.133066
468549,18,1,203000,54920,47665,148080,289728,0,0,0,0,0.055424
468562,36,1,215009,59299,51585,155710,316095,0,0,0,0,0.0532254
468565,36,1,217364,60506,52677,156858,324184,0,0,0,0,0.0552666
468568,36,1,206695,57238,50133,149457,306447,0,0,0,0,0.0562353
468590,18,1,205284,56341,48864,148943,298575,0,0,0,0,0.0527228
468591,18,1,202338,55928,48512,146410,298042,0,0,0,0,0.0556095
468594,18,1,212363,58209,51340,154154,307264,0,0,0,0,0.058657
468599,18,1,208077,56617,49124,151460,299219,0,0,0,0,0.0555338
468612,36,1,222089,61608,53467,160481,328982,0,0,0,0,0.0554814
468615,36,1,220333,61439,53441,158894,329041,0,0,0,0,0.0546556
468618,36,1,211374,58801,51534,152573,315232,0,0,0,0,0.0584953
468630,18,1,210838,58358,50667,152480,307967,0,0,0,0,0.056482
468631,18,1,209523,57399,50209,152124,304743,0,0,0,0,0.054519
468634,18,1,201973,55331,48415,146642,293998,0,0,0,0,0.0542106
468639,18,1,216039,60257,52311,155782,321705,0,0,0,0,0.05971
468652,36,1,219672,60825,52927,158847,325184,0,0,0,0,0.054088
468655,36,1,215781,59871,52236,155910,320134,0,0,0,0,0.0540344
468658,36,1,205353,56823,49358,148530,304312,0,0,0,0,0.0579299
468660,18,1,191778,52076,45343,139702,275097,0,0,0,0,0.0554993
468661,18,1,198570,54033,47218,144537,286680,0,0,0,0,0.0543791
468664,18,1,196877,53338,46748,143539,282831,0,0,0,0,0.0539443
468669,18,1,213198,57801,50487,155397,305449,0,0,0,0,0.0713859
468682,36,1,209327,57087,49839,152240,303930,0,0,0,0,0.0548368
468685,36,1,207997,56746,49519,151251,302447,0,0,0,0,0.0572355
468688,36,1,205784,56562,49304,149222,302336,0,0,0,0,0.0585694
468710,18,1,190754,51364,44496,139390,268944,0,0,0,0,0.0523727
468711,18,1,191439,51966,45475,139473,275549,0,0,0,0,0.0569688
468712,18,1,185077,49491,43606,135586,261462,0,0,0,0,0.0533816
468713,18,1,208793,57061,49605,151732,301261,0,0,0,0,0.0562322
468714,18,1,188390,51041,44694,137349,270162,0,0,0,0,0.052545
468715,18,1,181727,48635,42845,133092,257220,0,0,0,0,0.051754
468716,18,1,203775,56302,49049,147473,299401,0,0,0,0,0.0671189
468717,18,1,170152,45645,40185,124507,242543,0,0,0,0,0.0502477
468718,18,1,198834,55185,48227,143649,294482,0,0,0,0,0.056724
468719,18,1,201444,55296,48858,146148,293877,0,0,0,0,0.0698483
468990,18,1,189777,51064,44530,138713,265525,0,0,0,0,0.0606865
468991,18,1,192583,53128,46835,139455,281984,0,0,0,0,0.0618291
468992,18,1,199072,54469,47531,144603,288846,0,0,0,0,0.0634295
468993,18,1,200654,54976,47881,145678,290260,0,0,0,0,0.0587273
468994,18,1,193574,53348,46849,140226,283536,0,0,0,0,0.0575552
468995,18,1,195540,53617,46608,141923,285126,0,0,0,0,0.0589113
468996,18,1,192854,52885,46059,139969,280551,0,0,0,0,0.0614018
468997,18,1,194754,54113,46796,140641,288538,0,0,0,0,0.0625442
468998,18,1,191928,53149,46125,138779,283298,0,0,0,0,0.0627193
468999,18,1,185447,50930,44475,134517,270453,0,0,0,0,0.0770216
469120,36,1,194324,53173,46011,141151,282984,0,0,0,0,0.0810677
469121,36,1,221641,61608,53524,160033,329581,0,0,0,0,0.0609938
469122,36,1,215162,59506,51665,155656,318043,0,0,0,0,0.0640221
469123,36,1,225286,62498,54371,162788,333185,0,0,0,0,0.0824444
469124,36,1,206134,56874,49164,149260,303261,0,0,0,0,0.0826049
469125,36,1,212683,58850,50864,153833,314358,0,0,0,0,0.074672
469126,36,1,207822,57814,50485,150008,308914,0,0,0,0,0.0711181
469127,36,1,196844,54253,47453,142591,289310,0,0,0,0,0.0863837
469128,36,1,198670,55282,47731,143388,296363,0,0,0,0,0.057396
469129,36,1,200224,55350,47708,144874,294735,0,0,0,0,0.0566003
469170,36,1,192062,52774,46043,139288,280847,0,0,0,0,0.0594658
469171,36,1,219898,60909,52764,158989,325730,0,0,0,0,0.0627808
469172,36,1,216149,59725,51925,156424,318624,0,0,0,0,0.0638078
469173,36,1,219725,60932,52805,158793,324884,0,0,0,0,0.0649781
469174,36,1,210154,58105,50521,152049,308902,0,0,0,0,0.0657887
469175,36,1,218773,60992,52581,157781,326390,0,0,0,0,0.0645433
469176,36,1,215164,60442,53094,154722,323519,0,0,0,0,0.0595227
469177,36,1,199198,55426,48410,143772,296443,0,0,0,0,0.062857
469178,36,1,201782,56383,48611,145399,302454,0,0,0,0,0.0595725
469179,36,1,206869,57314,49575,149555,304779,0,0,0,0,0.0593416
469210,36,1,190085,52141,45079,137944,276119,0,0,0,0,0.0552524
469211,36,1,208208,57854,49993,150354,308488,0,0,0,0,0.0559427
469212,36,1,214312,59620,51549,154692,318496,0,0,0,0,0.0573362
469213,36,1,202690,56466,49544,146224,301851,0,0,0,0,0.0646912
469214,36,1,205256,56773,48937,148483,301896,0,0,0,0,0.0575409
469215,36,1,208131,57765,49898,150366,308328,0,0,0,0,0.0565651
469216,36,1,204095,56664,49656,147431,302681,0,0,0,0,0.0555706
469217,36,1,186523,51279,44394,135244,273491,0,0,0,0,0.0585539
469218,36,1,199888,56042,47919,143846,299417,0,0,0,0,0.0603988
469219,36,1,215956,61358,52570,154598,328717,0,0,0,0,0.0642519
469240,36,1,214658,59307,51766,155351,313316,0,0,0,0,0.0582501
469241,36,1,214031,59333,51712,154698,315764,0,0,0,0,0.0577476
469242,36,1,218864,60742,52521,158122,323896,0,0,0,0,0.0579087
469243,36,1,210440,58422,50932,152018,311119,0,0,0,0,0.056195
469244,36,1,213565,59180,51442,154385,314711,0,0,0,0,0.0555959
469245,36,1,213831,59436,51265,154395,318113,0,0,0,0,0.0574567
469246,36,1,209447,58411,50890,151036,311649,0,0,0,0,0.057881
469247,36,1,210413,58617,50315,151796,314519,0,0,0,0,0.0595574
469248,36,1,201694,56498,49160,145196,301082,0,0,0,0,0.0570676
469249,36,1,218561,61406,53792,157155,328146,0,0,0,0,0.0724637
469260,36,1,206036,56837,49352,149199,299209,0,0,0,0,0.0793411
469261,36,1,202464,55908,48965,146556,297438,0,0,0,0,0.0699439
469262,36,1,199147,54513,46988,144634,289276,0,0,0,0,0.0552192
469263,36,1,206618,56924,49444,149694,301244,0,0,0,0,0.0545487
469264,36,1,199841,54918,47831,144923,292256,0,0,0,0,0.0538169
469265,36,1,195220,53438,46140,141782,284513,0,0,0,0,0.0562538
469266,36,1,203079,56462,48868,146617,300852,0,0,0,0,0.0558263
469267,36,1,193826,53720,46046,140106,287194,0,0,0,0,0.0574712
469268,36,1,201346,55989,48454,145357,298290,0,0,0,0,0.0560341
469269,36,1,206070,58801,51193,147269,315975,0,0,0,0,0.0719197
470150,6,1,214834,59324,51761,155510,315978,0,0,0,0,0.0733486
470151,18,1,219884,61889,53928,157995,330832,0,0,0,0,0.060641
470154,18,1,231914,64593,56617,167321,343786,0,0,0,0,0.0598178
470159,18,1,212789,59068,51846,153721,314669,0,0,0,0,0.0587914
470160,18,1,202541,56787,48957,145754,303888,0,0,0,0,0.0561623
470161,18,1,207569,58308,50101,149261,311491,0,0,0,0,0.0582638
470164,18,1,230214,64710,56430,165504,345713,0,0,0,0,0.0616272
470169,18,1,207606,57759,50378,149847,307081,0,0,0,0,0.086854
470182,36,1,231971,65800,56915,166171,353056,0,0,0,0,0.0631999
470185,36,1,228479,64955,56002,163524,349323,0,0,0,0,0.0596905
470188,36,1,224134,63077,54720,161057,338105,0,0,0,0,0.0592164
470210,6,1,205943,56464,49197,149479,300493,0,0,0,0,0.0715208
470211,18,1,213916,59500,51688,154416,317275,0,0,0,0,0.0588442
470214,18,2,260081,73411,64810,186657,395797,1,0,0,0,0.130155
470219,18,1,207305,57124,50030,150181,302510,0,0,0,0,0.0743679
470220,18,1,191752,53022,45650,138730,282870,0,0,0,0,0.0690872
470221,18,2,271335,76954,67677,194368,414636,1,0,0,0,0.186752
470224,18,2,259562,73575,64776,185974,396193,1,0,0,0,0.141262
470229,18,1,218614,60303,52822,158311,317916,0,0,0,0,0.0694276
470242,36,1,231013,64568,56276,166445,345235,0,0,0,0,0.0731189
470245,36,2,256342,72519,63768,183810,391388,1,0,0,0,0.142237
470248,36,1,226029,64173,55684,161856,342900,0,0,0,0,0.0614789
470260,6,1,204947,56555,50042,148392,300160,0,0,0,0,0.0750639
470261,18,1,194310,53373,46508,140937,283151,0,0,0,0,0.0625257
470264,18,1,215555,61082,53705,154473,327368,0,0,0,0,0.0610393
470269,18,1,215670,60061,52574,155609,319689,0,0,0,0,0.0582542
470270,18,1,183273,50182,43620,133091,266052,0,0,0,0,0.0545683
470271,18,1,211036,58767,51516,152269,313581,0,0,0,0,0.0638379
470274,18,1,215465,59849,52138,155616,318563,0,0,0,0,0.0594296
470279,18,1,223463,61833,54056,161630,329233,0,0,0,0,0.0586399
470292,36,1,217280,60707,53234,156573,325293,0,0,0,0,0.0626613
470295,36,1,226928,63934,55967,162994,343522,0,0,0,0,0.0614168
470298,36,1,236026,67476,58716,168550,363528,0,0,0,0,0.0649366
470300,6,1,196311,53153,46953,143158,280630,0,0,0,0,0.0702592
470301,18,2,282954,79013,69443,203928,424643,1,0,0,0,0.145329
470304,18,1,221295,62389,54747,158906,334408,0,0,0,0,0.0613926
470309,18,2,277846,77167,67793,200666,413506,1,0,0,0,0.135208
470310,18,1,175963,47435,41063,128528,250565,0,0,0,0,0.0552227
470311,18,1,209385,58123,51248,151262,309717,0,0,0,0,0.0623906
470314,18,1,215859,60053,52438,155806,319397,0,0,0,0,0.0611033
470319,18,2,190212,52102,45523,138097,277683,1,0,0,0,0.118453
470332,36,1,206579,56976,49948,149603,303783,0,0,0,0,0.0574498
470335,36,1,229319,64756,57036,164563,347379,0,0,0,0,0.0598677
470338,36,1,217675,61072,53352,156603,326231,0,0,0,0,0.0591232
470340,18,1,186703,50526,44297,136177,264124,0,0,0,0,0.0532463
470341,18,2,275331,76601,68254,198718,407676,1,0,0,0,0.137379
470344,18,2,276578,77095,67979,199470,410672,1,0,0,0,0.151839
470349,18,2,266236,74228,65329,191996,394950,1,0,0,0,0.138491
470362,36,1,193350,52641,45810,140709,279424,0,0,0,0,0.0555465
470365,36,1,226175,62618,54529,163557,332209,0,0,0,0,0.0569101
470368,36,1,211519,58440,50620,153079,310299,0,0,0,0,0.0554574
470390,18,1,189564,50557,44719,139007,263443,0,0,0,0,0.0501545
470391,18,1,191237,51740,45522,139497,271519,0,0,0,0,0.0535939
470392,18,1,189787,51116,45394,138671,269611,0,0,0,0,0.0618319
470393,18,1,193792,51758,45660,142034,271518,0,0,0,0,0.0610462
470394,18,1,195961,52632,46483,143329,276288,0,0,0,0,0.0661653
470395,18,2,239583,66835,58773,172735,358886,1,0,0,0,0.169946
470396,18,1,227686,62314,54256,165372,327134,0,0,0,0,0.0857626
470397,18,2,205061,56913,49563,148136,305371,1,0,0,0,0.1497
470398,18,2,192118,52268,45512,139838,278305,1,0,0,0,0.132177
470399,18,1,199638,54282,47599,145356,286039,0,0,0,0,0.0566561
470440,18,1,222088,61915,53834,160173,328259,0,0,0,0,0.0587075
470441,18,2,390413,110733,96604,279667,593961,1,0,0,0,0.164082
470444,18,1,222014,61765,53808,160249,327592,0,0,0,0,0.0824284
470449,18,1,195920,54306,47659,141614,288791,0,0,0,0,0.0630079
470462,36,1,226437,63464,54994,162973,338982,0,0,0,0,0.0681666
470465,36,1,229141,64995,56368,164146,349274,0,0,0,0,0.0625258
470468,36,1,218640,60717,52764,157923,323459,0,0,0,0,0.060603
470500,18,2,312351,87363,76852,224975,468273,1,0,0,0,0.143725
470501,18,2,389733,109516,96006,280204,586638,1,0,0,0,0.157508
470504,18,1,217409,60971,53570,156438,325289,0,0,0,0,0.0618888
470509,18,2,222114,61523,53797,160578,328735,1,0,0,0,0.136511
470522,36,1,221709,61647,54001,160062,328823,0,0,0,0,0.0758961
470525,36,1,219165,61431,53759,157734,328332,0,0,0,0,0.0626598
470528,36,1,219390,61908,53911,157482,332263,0,0,0,0,0.062035
470550,18,1,197120,54409,47648,142711,287724,0,0,0,0,0.0574737
470551,18,2,352252,98473,86193,253766,528313,1,0,0,0,0.161215
470554,18,1,201284,55224,48275,146060,293249,0,0,0,0,0.058514
470559,18,2,290561,80986,70811,209562,434535,1,0,0,0,0.15437
470572,36,1,210796,58617,51259,152179,313462,0,0,0,0,0.0578813
470575,36,1,224285,63082,55493,161203,338518,0,0,0,0,0.0671992
470578,36,1,238440,67544,59297,170896,362652,0,0,0,0,0.067201
470590,18,1,201460,55528,48462,145932,292120,0,0,0,0,0.0556464
470591,18,2,341909,95131,83912,246765,509567,1,0,0,0,0.18509
470594,18,1,221933,61695,54159,160238,328543,0,0,0,0,0.0859187
470599,18,1,210540,57634,50116,152906,304076,0,0,0,0,0.0792392
470612,36,1,211399,58797,51339,152602,315131,0,0,0,0,0.0641477
470615,36,1,221786,62021,54189,159765,331285,0,0,0,0,0.0695881
470618,36,1,221561,62056,54196,159505,332366,0,0,0,0,0.0868513
470620,18,1,188031,51391,45189,136640,271194,0,0,0,0,0.072342
470621,18,1,193365,52801,46573,140564,279156,0,0,0,0,0.0818047
470624,18,2,309466,85844,76044,223609,458967,1,0,0,0,0.146906
470629,18,1,222989,60731,53113,162258,320037,0,0,0,0,0.0612981
470642,36,1,203379,55625,48994,147754,296063,0,0,0,0,0.0802549
470645,36,1,217202,60194,52611,157008,321989,0,0,0,0,0.0704154
470648,36,1,211136,58146,50832,152990,309942,0,0,0,0,0.0568108
470670,18,1,191324,51546,44962,139778,269735,0,0,0,0,0.0546535
470671,18,1,197049,54004,47802,143045,286258,0,0,0,0,0.0632624
470672,18,2,208973,57492,50665,151468,307668,1,0,0,0,0.143163
470673,18,1,184984,49534,43606,135450,260437,0,0,0,0,0.0609109
470674,18,2,304186,84161,74063,220013,449854,1,0,0,0,0.142013
470675,18,2,213247,58971,51712,154264,316447,1,0,0,0,0.130763
470676,18,2,202730,55936,49088,146782,299064,1,0,0,0,0.132038
470677,18,1,210125,57827,50726,152298,305955,0,0,0,0,0.0674106
470678,18,1,203216,55566,48702,147650,293930,0,0,0,0,0.0626144
470679,18,1,209161,57525,50193,151636,305542,0,0,0,0,0.0682855
470950,18,1,195724,53136,46474,142588,277548,0,0,0,0,0.063102
470951,18,1,197134,54201,47983,142933,287437,0,0,0,0,0.0665388
470952,18,1,188427,51508,45432,136919,274961,0,0,0,0,0.082037
470953,18,1,194613,52625,46298,141988,277125,0,0,0,0,0.0827766
470954,18,5,579560,159504,140092,420030,872795,1,1,3,0,0.320048
470955,18,1,219664,60875,53308,158789,324865,0,0,0,0,0.0640429
470956,18,1,222228,61388,53867,160840,326045,0,0,0,0,0.0839271
470957,18,1,203431,55723,48926,147708,294663,0,0,0,0,0.0841894
470958,18,1,204017,55781,48926,148236,295473,0,0,0,0,0.0640871
470959,18,1,197511,54225,47306,143286,288046,0,0,0,0,0.0768658
471130,36,1,196330,53984,47216,142346,286300,0,0,0,0,0.0711315
471131,36,1,208573,57765,50453,150808,309287,0,0,0,0,0.0570669
471132,36,1,209188,58514,50906,150674,314518,0,0,0,0,0.0578065
471133,36,1,221044,60612,53130,160432,321140,0,0,0,0,0.0778721
471134,36,1,221950,62684,54636,159266,336522,0,0,0,0,0.0645666
471135,36,1,226945,63968,55373,162977,343658,0,0,0,0,0.0744208
471136,36,1,216545,60272,52935,156273,322364,0,0,0,0,0.0820498
471137,36,1,233710,65518,57512,168192,351037,0,0,0,0,0.0906171
471138,36,1,230440,64644,56252,165796,346324,0,0,0,0,0.063026
471139,36,1,225730,62465,54111,163265,332149,0,0,0,0,0.0777605
471170,36,1,187996,51069,44703,136927,269990,0,0,0,0,0.079878
471171,36,1,195969,54215,47250,141754,289493,0,0,0,0,0.0794286
471172,36,1,203538,56734,49531,146804,304167,0,0,0,0,0.0623984
471173,36,1,204579,56626,50027,147953,301428,0,0,0,0,0.0722234
471174,36,1,217954,61207,53226,156747,327805,0,0,0,0,0.0678714
471175,36,1,210106,58532,51421,151574,312862,0,0,0,0,0.0792219
471176,36,1,200273,55348,48637,144925,294839,0,0,0,0,0.0830064
471177,36,1,198731,55022,48246,143709,293289,0,0,0,0,0.0746145
471178,36,1,205117,57192,50017,147925,305385,0,0,0,0,0.062825
471179,36,1,210563,58299,50505,152264,308642,0,0,0,0,0.080981
471200,36,1,205333,56482,49428,148851,299225,0,0,0,0,0.0834468
471201,36,1,199687,54869,47729,144818,291360,0,0,0,0,0.0761236
471202,36,1,203503,56271,49293,147232,301797,0,0,0,0,0.0904471
471203,36,1,202190,55588,48811,146602,296052,0,0,0,0,0.0797384
471204,36,1,208273,57232,50181,151041,304085,0,0,0,0,0.0581988
471205,36,1,220440,60986,53092,159454,325496,0,0,0,0,0.0631322
471206,36,1,232551,64593,56538,167958,344938,0,0,0,0,0.0620307
471207,36,1,219741,60992,53135,158749,324684,0,0,0,0,0.0858481
471208,36,1,216662,60496,52474,156166,323711,0,0,0,0,0.0857428
471209,36,1,215272,59730,51226,155542,317104,0,0,0,0,0.0725729
471220,36,1,194725,53406,47096,141319,281270,0,0,0,0,0.0626977
471221,36,1,198310,54310,47340,144000,288043,0,0,0,0,0.0649282
471222,36,1,189341,51701,44696,137640,276193,0,0,0,0,0.0775391
471223,36,1,191167,52465,45860,138702,278588,0,0,0,0,0.0809885
471224,36,2,305803,84992,74462,220798,455382,1,0,0,0,0.1543
471225,36,1,216902,60104,52074,156798,321212,0,0,0,0,0.0854902
471226,36,1,221884,61366,53532,160518,325862,0,0,0,0,0.0721268
471227,36,1,204632,56006,49074,148626,295832,0,0,0,0,0.0792332
471228,36,1,209374,57895,50088,151479,308508,0,0,0,0,0.0747005
471229,36,1,206939,58066,49879,148873,310112,0,0,0,0,0.0593836
471830,6,1,194661,53231,46776,141430,282625,0,0,0,0,0.0748429
471831,18,1,207363,58324,50656,149039,313079,0,0,0,0,0.0600226
471834,18,1,216755,59554,51924,157201,316337,0,0,0,0,0.0604196
471839,18,1,196687,54112,47561,142575,288319,0,0,0,0,0.0595622
471840,18,1,184895,51237,44304,133658,273558,0,0,0,0,0.0793543
471841,18,1,196249,54689,47079,141560,292373,0,0,0,0,0.0622514
471844,18,1,226147,63128,54685,163019,336360,0,0,0,0,0.0703008
471849,18,1,204793,56870,49777,147923,302590,0,0,0,0,0.0899304
471862,36,1,218788,61782,53764,157006,332407,0,0,0,0,0.0752467
471865,36,1,223925,63097,54305,160828,338397,0,0,0,0,0.0772081
471868,36,1,217735,61193,53163,156542,328571,0,0,0,0,0.0877731
471890,6,1,203462,55283,48426,148179,293281,0,0,0,0,0.106028
471891,18,1,210627,58642,51073,151985,312486,0,0,0,0,0.0778282
471894,18,2,257194,73165,64535,184016,395548,1,0,0,0,0.178604
471899,18,1,204913,56051,49383,148862,295949,0,0,0,0,0.05459
471900,18,1,187273,51308,44519,135965,273049,0,0,0,0,0.0543998
471901,18,2,270779,76656,67704,194110,412512,1,0,0,0,0.155993
471904,18,2,260401,73922,65380,186466,398624,1,0,0,0,0.145646
471909,18,1,213697,59090,52015,154607,312625,0,0,0,0,0.0806124
471922,36,1,228980,64190,55973,164790,343635,0,0,0,0,0.0682276
471925,36,2,256578,72806,64262,183759,393372,1,0,0,0,0.142758
471928,36,1,220758,61921,53830,158837,330344,0,0,0,0,0.070434
471940,6,1,214770,60045,53239,154725,319644,0,0,0,0,0.100717
471941,18,1,196337,54366,47275,141971,288802,0,0,0,0,0.0807855
471944,18,1,218105,62044,54368,156061,332859,0,0,0,0,0.0660154
471949,18,1,221040,62129,54213,158911,331754,0,0,0,0,0.0647574
471950,18,1,190976,52612,45563,138364,279394,0,0,0,0,0.0839471
471951,18,1,209049,58189,50901,150860,310925,0,0,0,0,0.0934775
471954,18,1,206193,57059,49742,149134,303600,0,0,0,0,0.0747432
471959,18,1,223827,61296,53549,162531,324233,0,0,0,0,0.0616475
471972,36,1,221057,62307,54763,158750,334192,0,0,0,0,0.0890589
471975,36,1,223144,62652,54692,160492,336372,0,0,0,0,0.0822271
471978,36,1,232363,65761,57170,166602,353539,0,0,0,0,0.0923514
471980,6,1,197166,53469,47253,143697,282470,0,0,0,0,0.0964226
471981,18,2,284893,79694,70322,205186,427891,1,0,0,0,0.182103
471984,18,1,217875,60531,53041,157344,323473,0,0,0,0,0.0601903
471989,18,2,269355,74460,65104,194882,399239,1,0,0,0,0.153549
471990,18,1,176365,47583,41181,128782,251408,0,0,0,0,0.0606429
471991,18,1,210825,58609,51662,152216,313028,0,0,0,0,0.0649126
471994,18,1,214882,59360,51936,155522,314887,0,0,0,0,0.0598542
471999,18,2,185960,50709,44015,135238,269933,1,0,0,0,0.123845
472012,36,1,209279,57669,50624,151610,307223,0,0,0,0,0.0747058
472015,36,1,227319,63875,56198,163444,342361,0,0,0,0,0.0834153
472018,36,1,209738,58786,51125,150952,314721,0,0,0,0,0.0755669
472020,18,1,187443,50852,44595,136591,266121,0,0,0,0,0.0780117
472021,18,2,233707,64719,57438,168975,343948,1,0,0,0,0.176094
472024,18,2,285528,79203,69839,206312,420993,1,0,0,0,0.169629
472029,18,2,254620,70373,61558,184235,374273,1,0,0,0,0.180791
472042,36,1,199328,54006,47316,145322,286257,0,0,0,0,0.0693142
472045,36,1,227032,62822,54611,164210,333103,0,0,0,0,0.0606312
472048,36,1,200710,55112,47884,145598,293015,0,0,0,0,0.0535655
472070,18,1,190379,50906,45038,139473,265460,0,0,0,0,0.0514393
472071,18,2,231478,63690,56497,167775,338418,1,0,0,0,0.176978
472072,18,1,191215,52001,45955,139214,275860,0,0,0,0,0.066885
472073,18,1,194285,52337,46361,141948,276205,0,0,0,0,0.0831798
472074,18,2,250305,69123,61238,181170,367454,1,0,0,0,0.141754
472075,18,2,238857,66204,58046,172640,354410,1,0,0,0,0.154993
472076,18,1,227897,62237,54184,165660,326626,0,0,0,0,0.0856801
472077,18,2,217311,60192,52448,157107,322499,1,0,0,0,0.140757
472078,18,2,186661,50462,43664,136187,268173,1,0,0,0,0.119499
472079,18,1,181688,48972,42931,132716,258195,0,0,0,0,0.0520504
472120,18,1,205275,56906,49413,148369,302311,0,0,0,0,0.0596114
472121,18,2,362290,102861,89653,259416,552873,1,0,0,0,0.160985
472124,18,1,223960,62329,54261,161631,330568,0,0,0,0,0.0769614
472129,18,1,201105,56037,49224,145068,298668,0,0,0,0,0.0635606
472142,36,1,214447,59872,51988,154575,320760,0,0,0,0,0.0600483
472145,36,1,224207,63145,54513,161062,338786,0,0,0,0,0.0620615
472148,36,1,216861,60037,52175,156824,320163,0,0,0,0,0.0612119
472180,18,1,210111,57811,50463,152300,305936,0,0,0,0,0.0728032
472181,18,2,378659,106687,93556,271959,571902,1,0,0,0,0.189637
472184,18,1,220553,61470,54200,159083,326722,0,0,0,0,0.0650151
472189,18,2,229921,63955,55932,165953,341684,1,0,0,0,0.137129
472202,36,1,229201,63840,56057,165361,340151,0,0,0,0,0.07062
472205,36,1,224735,62995,54995,161740,336684,0,0,0,0,0.0630703
472208,36,1,220072,61654,53849,158418,330558,0,0,0,0,0.0657226
472230,18,1,202889,55880,48529,147009,295769,0,0,0,0,0.058082
472231,18,1,195166,53720,46638,141446,286393,0,0,0,0,0.0640878
472234,18,1,198953,54638,47806,144315,289779,0,0,0,0,0.0593971
472239,18,2,293625,82047,71618,211565,439517,1,0,0,0,0.166367
472252,36,1,210974,58528,51186,152446,312347,0,0,0,0,0.0845417
472255,36,1,222434,62229,54484,160205,333535,0,0,0,0,0.0659018
472258,36,1,237518,67150,58645,170368,360532,0,0,0,0,0.0682818
472270,18,1,201753,55700,48598,146053,293224,0,0,0,0,0.0571457
472271,18,1,198984,55261,48664,143723,295260,0,0,0,0,0.0657119
472274,18,1,220999,60850,53095,160149,323127,0,0,0,0,0.0662272
472279,18,1,198251,53941,47104,144310,284855,0,0,0,0,0.0603849
472292,36,1,212545,59076,51843,153469,316475,0,0,0,0,0.0670161
472295,36,1,220073,61055,53551,159018,325711,0,0,0,0,0.0630472
472298,36,1,206824,57507,50084,149317,308236,0,0,0,0,0.0610671
472300,18,1,188056,51495,45228,136561,271970,0,0,0,0,0.0607234
472301,18,1,198292,53994,47763,144298,285782,0,0,0,0,0.0648775
472304,18,2,315836,87588,77156,228235,467868,1,0,0,0,0.18541
472309,18,1,206278,55690,48582,150588,293578,0,0,0,0,0.0638432
472322,36,1,203822,55540,49056,148282,295496,0,0,0,0,0.0787652
472325,36,1,221779,61186,53771,160593,326683,0,0,0,0,0.0827002
472328,36,1,199204,54381,47671,144823,289890,0,0,0,0,0.0659723
472350,18,1,191538,51708,45140,139830,270748,0,0,0,0,0.0695356
472351,18,1,198127,54317,47966,143810,287998,0,0,0,0,0.0645263
472352,18,1,201414,54776,48573,146638,288715,0,0,0,0,0.0892361
472353,18,1,185035,49781,44124,135254,263134,0,0,0,0,0.0620474
472354,18,2,306903,84963,74748,221927,454005,1,0,0,0,0.164091
472355,18,2,218090,60206,52804,157872,322371,1,0,0,0,0.14757
472356,18,2,210979,58082,50968,152885,310509,1,0,0,0,0.147296
472357,18,1,192631,52923,46186,139708,281631,0,0,0,0,0.0582551
472358,18,1,191754,52102,45653,139652,275753,0,0,0,0,0.0615728
472359,18,1,187958,50656,44116,137302,267877,0,0,0,0,0.0786017
472630,18,1,196199,53413,46702,142786,279239,0,0,0,0,0.0786448
472631,18,1,197228,54081,47912,143147,286816,0,0,0,0,0.0622402
472632,18,1,189841,51966,45737,137875,277788,0,0,0,0,0.0690443
472633,18,1,193337,52493,46300,140844,277815,0,0,0,0,0.063179
472634,18,5,581238,160540,140824,420672,878427,1,1,3,0,0.354886
472635,18,1,218129,59821,52471,158308,318292,0,0,0,0,0.0684218
472636,18,1,218962,60284,53009,158678,320053,0,0,0,0,0.0666558
472637,18,1,188343,51584,45190,136759,274506,0,0,0,0,0.058371
472638,18,1,191302,52354,45499,138948,278392,0,0,0,0,0.0592469
472639,18,1,178985,48930,42566,130055,259927,0,0,0,0,0.0660685
472850,36,1,188128,51248,44841,136880,271221,0,0,0,0,0.0591123
472851,36,1,201547,55903,48667,145644,298073,0,0,0,0,0.0669389
472852,36,1,207302,57963,50590,149339,310849,0,0,0,0,0.065299
472853,36,1,203747,56117,49511,147630,298528,0,0,0,0,0.0617158
472854,36,1,224736,63065,54892,161671,337581,0,0,0,0,0.0602315
472855,36,1,217986,60776,53528,157210,325056,0,0,0,0,0.056257
472856,36,1,202013,55902,49104,146111,297981,0,0,0,0,0.0568015
472857,36,1,186118,51446,45047,134672,274667,0,0,0,0,0.0605498
472858,36,1,194692,54302,47298,140390,290740,0,0,0,0,0.0721017
472859,36,1,199489,55297,47765,144192,293831,0,0,0,0,0.0764435
472880,36,1,205368,56577,49523,148791,299871,0,0,0,0,0.0604064
472881,36,1,204982,56791,49670,148191,302065,0,0,0,0,0.0625667
472882,36,1,209161,57979,50819,151182,311258,0,0,0,0,0.0654553
472883,36,1,200791,55168,48503,145623,294209,0,0,0,0,0.057604
472884,36,1,210774,57859,50675,152915,307443,0,0,0,0,0.0605072
472885,36,1,223686,61677,53747,162009,328538,0,0,0,0,0.0595898
472886,36,1,231640,64297,56256,167343,343558,0,0,0,0,0.0604271
472887,36,1,207254,57664,50041,149590,308852,0,0,0,0,0.0595803
472888,36,1,206466,57633,50067,148833,309020,0,0,0,0,0.057564
472889,36,1,195378,53474,46008,141904,283446,0,0,0,0,0.0720476
472900,36,1,195498,53706,47289,141792,282989,0,0,0,0,0.0836934
472901,36,1,200001,54924,47919,145077,291645,0,0,0,0,0.0652676
472902,36,1,192444,52608,45725,139836,281116,0,0,0,0,0.064226
472903,36,1,189906,52123,45483,137783,277857,0,0,0,0,0.0579737
472904,36,2,310826,86458,75728,224355,462655,1,0,0,0,0.198215
472905,36,1,220136,60884,53060,159252,324995,0,0,0,0,0.0639885
472906,36,1,219433,60434,52897,158999,320636,0,0,0,0,0.0596919
472907,36,1,190330,52130,45692,138200,277484,0,0,0,0,0.059275
472908,36,1,200723,55214,47784,145509,294275,0,0,0,0,0.0599712
472909,36,1,186554,51663,44409,134891,275296,0,0,0,0,0.0595104
473230,6,1,182124,48972,42843,133152,258768,0,0,0,0,0.0853063
473231,18,2,212505,59725,52679,152767,320804,1,0,0,0,0.137333
473234,18,2,220742,62320,55044,158409,335422,1,0,0,0,0.146433
473239,18,1,183961,50428,44061,133533,268719,0,0,0,0,0.0815975
473240,18,1,169888,46368,39725,123520,246861,0,0,0,0,0.0599915
473241,18,1,199386,55276,48027,144110,295128,0,0,0,0,0.0608061
473244,18,1,208739,57602,50224,151137,305990,0,0,0,0,0.0599879
473249,18,1,193950,53486,46687,140464,283422,0,0,0,0,0.0693738
473262,36,1,210684,59577,51310,151107,320040,0,0,0,0,0.0639357
473265,36,1,219843,62060,53706,157783,332083,0,0,0,0,0.0628594
473268,36,1,205630,58060,50349,147570,311951,0,0,0,0,0.0624038
473290,6,1,205253,55190,48512,150063,289704,0,0,0,0,0.0946955
473291,18,1,230490,64311,56493,166179,341163,0,0,0,0,0.0656591
473294,18,1,231371,64627,56746,166744,342947,0,0,0,0,0.0689969
473299,18,1,207071,55846,48686,151225,291474,0,0,0,0,0.0783534
473300,18,1,188626,51200,44263,137426,270460,0,0,0,0,0.0820197
473301,18,2,262841,73776,65005,189052,395845,1,0,0,0,0.15904
473304,18,2,259630,73086,64545,186531,393249,1,0,0,0,0.161913
473309,18,1,211673,58291,50726,153382,306922,0,0,0,0,0.0665091
473322,36,1,233425,65562,56917,167863,349289,0,0,0,0,0.0636576
473325,36,1,228279,64096,55674,164183,342196,0,0,0,0,0.0805505
473328,36,1,214166,60298,52564,153868,322168,0,0,0,0,0.0686652
473340,6,1,202471,55089,48628,147382,290996,0,0,0,0,0.0983131
473341,18,2,278627,77992,68409,200622,419310,1,0,0,0,0.181645
473344,18,1,207993,57609,50470,150384,307491,0,0,0,0,0.0591518
473349,18,1,208286,56965,49978,151321,301217,0,0,0,0,0.0585209
473350,18,1,182072,49720,42970,132352,263592,0,0,0,0,0.0572894
473351,18,1,218502,60632,53265,157870,323083,0,0,0,0,0.0779798
473354,18,2,259302,73825,64804,185464,399519,1,0,0,0,0.145102
473359,18,1,210048,56707,49449,153341,297078,0,0,0,0,0.0622299
473372,36,1,214886,59397,52139,155489,316736,0,0,0,0,0.0771433
473375,36,1,221222,61420,53951,159802,328600,0,0,0,0,0.0671167
473378,36,1,220450,61408,53378,159042,326710,0,0,0,0,0.0619914
473380,6,1,202899,55291,48743,147608,292204,0,0,0,0,0.0784426
473381,18,2,288387,80825,71298,207549,433703,1,0,0,0,0.166043
473384,18,1,218346,60150,52845,158196,319214,0,0,0,0,0.0654305
473389,18,1,208530,57057,50029,151473,301700,0,0,0,0,0.0589313
473390,18,1,182292,49890,43125,132402,264702,0,0,0,0,0.0690634
473391,18,1,224480,62356,54751,162124,332172,0,0,0,0,0.0735565
473394,18,2,264803,74916,65897,189874,403913,1,0,0,0,0.136045
473399,18,1,201902,54843,47749,147059,289158,0,0,0,0,0.058659
473412,36,1,218726,60539,53061,158187,322633,0,0,0,0,0.0636272
473415,36,1,235285,65504,57623,169781,349233,0,0,0,0,0.0629823
473418,36,1,216383,60374,52344,156009,322245,0,0,0,0,0.0612003
473420,18,2,284512,78479,69218,206021,414190,1,0,0,0,0.163931
473421,18,2,284205,78430,69137,205763,414048,1,0,0,0,0.171002
473424,18,2,285637,78388,68936,207236,412284,1,0,0,0,0.139006
473429,18,2,249330,68212,59657,181106,361513,1,0,0,0,0.135409
473442,36,1,200032,54546,47551,145486,288708,0,0,0,0,0.056401
473445,36,1,215186,58933,50890,156253,310511,0,0,0,0,0.0545811
473448,36,1,201019,55223,47564,145796,293483,0,0,0,0,0.0526577
473470,18,2,311091,85919,75643,225160,453507,1,0,0,0,0.144093
473471,18,2,311104,85845,75613,225247,452981,1,0,0,0,0.147206
473472,18,1,181577,49015,43086,132562,260036,0,0,0,0,0.0667387
473473,18,2,285749,78384,68866,207353,418313,1,0,0,0,0.176194
473474,18,2,255602,70360,62196,185231,370924,1,0,0,0,0.161986
473475,18,2,238784,66461,58407,172310,356163,1,0,0,0,0.152128
473476,18,1,207204,55973,48699,151231,293076,0,0,0,0,0.0719168
473477,18,1,194039,52701,46403,141338,278721,0,0,0,0,0.0604238
473478,18,1,193263,52582,45673,140681,278318,0,0,0,0,0.0606052
473479,18,1,167811,44864,39026,122947,235751,0,0,0,0,0.0606584
473520,18,1,191803,52676,45300,139127,279340,0,0,0,0,0.0831052
473521,18,1,207186,57468,50083,149718,306047,0,0,0,0,0.0818895
473524,18,1,218864,60245,52482,158619,319054,0,0,0,0,0.0829092
473529,18,1,206020,57647,50385,148373,306074,0,0,0,0,0.0847762
473542,36,1,215224,60164,52075,155060,322825,0,0,0,0,0.0880035
473545,36,1,232236,65165,56739,167071,348669,0,0,0,0,0.0926054
473548,36,1,208344,57729,49969,150615,307773,0,0,0,0,0.0672223
473580,18,1,211838,57916,50182,153922,304190,0,0,0,0,0.066909
473581,18,1,233278,64803,56611,168475,342937,0,0,0,0,0.0772926
473584,18,1,227505,63195,55269,164310,335454,0,0,0,0,0.0758945
473589,18,1,236061,66264,57329,169797,347511,0,0,0,0,0.0999586
473602,36,1,237658,66503,58171,171155,355073,0,0,0,0,0.0796271
473605,36,1,246090,69057,60313,177033,368541,0,0,0,0,0.0696386
473608,36,1,214816,59820,52202,154996,319637,0,0,0,0,0.0646999
473630,18,2,285121,80660,71484,204448,431806,1,0,0,0,0.189815
473631,18,1,220483,61269,53791,159214,327095,0,0,0,0,0.0667853
473634,18,2,268891,76581,67244,192297,414047,1,0,0,0,0.155267
473639,18,2,344627,96109,84161,248505,511837,1,0,0,0,0.162865
473652,36,1,222797,61776,54367,161021,329960,0,0,0,0,0.0644205
473655,36,1,224184,62382,54962,161802,333713,0,0,0,0,0.065052
473658,36,1,231280,64724,56386,166556,345519,0,0,0,0,0.0638137
473670,18,2,285455,80836,71607,204606,432851,1,0,0,0,0.150886
473671,18,1,221735,61763,54247,159972,329884,0,0,0,0,0.0737111
473674,18,2,274051,77514,68147,196524,417483,1,0,0,0,0.176668
473679,18,1,207444,56462,49522,150982,296982,0,0,0,0,0.0541146
473692,36,1,227480,63017,55274,164463,336045,0,0,0,0,0.0677571
473695,36,1,225547,62214,54593,163333,331272,0,0,0,0,0.0713257
473698,36,1,216560,60205,52232,156355,322094,0,0,0,0,0.0616529
473700,18,1,209104,56680,49647,152424,298162,0,0,0,0,0.0629194
473701,18,1,209793,56854,49786,152939,299067,0,0,0,0,0.0581942
473704,18,2,322845,89440,78052,233392,473801,1,0,0,0,0.148397
473709,18,1,194741,52351,45393,142390,275761,0,0,0,0,0.06102
473722,36,1,207926,56513,49672,151413,298836,0,0,0,0,0.058871
473725,36,1,222517,60869,53192,161648,323173,0,0,0,0,0.0561399
473728,36,1,214656,58578,51040,156078,311896,0,0,0,0,0.064841
473750,18,2,308775,85537,75643,223225,454309,1,0,0,0,0.156964
473751,18,2,308781,85549,75673,223219,454412,1,0,0,0,0.176748
473752,18,1,183152,49075,43269,134077,258147,0,0,0,0,0.0706993
473753,18,1,185213,49737,43744,135476,262831,0,0,0,0,0.0661768
473754,18,1,190768,51159,44478,139609,267850,0,0,0,0,0.0592762
473755,18,2,221803,61279,53609,160512,328129,1,0,0,0,0.155871
473756,18,2,218281,60462,52843,157807,324169,1,0,0,0,0.163057
473757,18,1,192984,52283,45588,140701,276939,0,0,0,0,0.0595213
473758,18,1,187896,50433,43963,137463,266079,0,0,0,0,0.0609614
473759,18,1,172182,45695,39657,126487,240501,0,0,0,0,0.0674795
474030,18,5,586945,161750,141743,425169,879066,1,1,3,0,0.337973
474031,18,5,609010,168513,148041,440471,915769,1,1,3,0,0.350465
474032,18,1,192426,52678,45990,139748,280423,0,0,0,0,0.0783782
474033,18,1,199832,54473,47767,145359,287770,0,0,0,0,0.0721584
474034,18,1,175980,46852,40856,129128,244980,0,0,0,0,0.073576
474035,18,1,200196,54598,47471,145598,288907,0,0,0,0,0.0716371
474036,18,1,202283,55250,48073,147033,292163,0,0,0,0,0.0607193
474037,18,1,190684,52380,45587,138304,278734,0,0,0,0,0.0587049
474038,18,1,190044,52226,45490,137818,277565,0,0,0,0,0.059259
474039,18,1,161197,42937,36913,118260,226253,0,0,0,0,0.0630821
474280,36,1,205623,56944,49713,148679,301550,0,0,0,0,0.0667619
474281,36,1,206264,57130,49853,149134,302521,0,0,0,0,0.0712238
474282,36,1,210096,58195,50521,151901,311849,0,0,0,0,0.0869947
474283,36,1,199367,54729,47538,144638,290380,0,0,0,0,0.0889276
474284,36,1,208537,56542,49247,151995,297375,0,0,0,0,0.0805217
474285,36,1,218198,60064,51980,158134,319863,0,0,0,0,0.0840636
474286,36,1,218602,59983,52194,158619,318694,0,0,0,0,0.0748871
474287,36,1,207905,57436,49480,150469,307008,0,0,0,0,0.0601472
474288,36,1,203593,56047,48513,147546,299314,0,0,0,0,0.0568801
474289,36,1,184828,50137,43177,134691,265230,0,0,0,0,0.0581569
474300,36,2,308161,85321,74913,222827,453861,1,0,0,0,0.182601
474301,36,2,308525,85432,74960,223080,454484,1,0,0,0,0.14822
474302,36,1,193102,52931,45863,140171,283212,0,0,0,0,0.0665982
474303,36,1,188914,51772,44828,137142,276057,0,0,0,0,0.0681825
474304,36,1,197117,53285,46090,143832,280253,0,0,0,0,0.081608
474305,36,1,204105,55569,48095,148536,294959,0,0,0,0,0.0769521
474306,36,1,207142,56255,48798,150887,297612,0,0,0,0,0.0618501
474307,36,1,193348,52706,45258,140642,280920,0,0,0,0,0.0717956
474308,36,1,194198,52746,45547,141452,279972,0,0,0,0,0.073254
474309,36,1,171796,46526,39884,125270,246345,0,0,0,0,0.0529188
474640,18,1,170750,47217,41293,123533,251782,0,0,0,0,0.0690455
474641,18,1,182777,50352,44195,132425,267942,0,0,0,0,0.0915737
474644,18,1,200985,55588,48954,145397,295263,0,0,0,0,0.0879848
474649,18,1,192956,53922,47955,139034,288200,0,0,0,0,0.0900263
474662,36,1,184279,51047,44677,133232,274360,0,0,0,0,0.0905697
474665,36,1,196143,54432,47958,141711,291916,0,0,0,0,0.0826633
474668,36,1,200962,55697,48664,145265,297703,0,0,0,0,0.0719184
474700,18,1,200669,54449,47856,146220,285299,0,0,0,0,0.0668327
474701,18,1,198851,54435,47606,144416,288246,0,0,0,0,0.0624273
474704,18,1,195013,53348,46971,141665,283087,0,0,0,0,0.064633
474709,18,1,215954,60166,53667,155788,319183,0,0,0,0,0.0851183
474722,36,1,210317,58058,50924,152259,309227,0,0,0,0,0.0629723
474725,36,1,205664,56718,49875,148946,302910,0,0,0,0,0.0666512
474728,36,1,202156,55996,49012,146160,300016,0,0,0,0,0.0839752
474750,18,1,181922,48682,42866,133240,255253,0,0,0,0,0.0790721
474751,18,1,195585,53177,47022,142408,280486,0,0,0,0,0.0644506
474754,18,1,191229,51883,45833,139346,274257,0,0,0,0,0.0624543
474759,18,2,337212,93233,81791,243966,493957,1,0,0,0,0.192453
474772,36,1,192689,52015,46178,140674,276000,0,0,0,0,0.0674566
474775,36,1,215739,59702,52959,156037,318949,0,0,0,0,0.0683774
474778,36,1,207205,57063,50478,150142,303562,0,0,0,0,0.0863579
474790,18,1,181749,48701,42889,133048,255492,0,0,0,0,0.0722849
474791,18,1,200826,54803,48641,146023,289436,0,0,0,0,0.068874
474794,18,1,195850,52918,46823,142932,278922,0,0,0,0,0.0615644
474799,18,1,198875,54217,47757,144658,284713,0,0,0,0,0.076204
474812,36,1,198634,54044,47832,144590,287646,0,0,0,0,0.0883772
474815,36,1,220934,61069,53978,159865,325889,0,0,0,0,0.0757744
474818,36,1,194694,53689,47499,141005,286632,0,0,0,0,0.0638555
474820,18,1,203912,55143,48735,148769,288451,0,0,0,0,0.0617153
474821,18,1,204295,55201,48825,149094,288638,0,0,0,0,0.0630492
474824,18,1,212751,57453,51006,155298,299241,0,0,0,0,0.0662826
474829,18,1,193730,52858,46132,140872,278414,0,0,0,0,0.0642111
474842,36,1,196476,53303,47020,143173,282246,0,0,0,0,0.0639062
474845,36,1,218118,59570,52484,158548,315143,0,0,0,0,0.0641512
474848,36,1,207988,56911,49861,151077,302360,0,0,0,0,0.0714154
474870,18,1,169063,45097,40258,123966,237339,0,0,0,0,0.0600318
474871,18,1,169216,45096,40266,124120,237242,0,0,0,0,0.0575388
474872,18,1,166528,44445,39278,122083,236163,0,0,0,0,0.0605825
474873,18,1,183889,49401,44142,134488,261447,0,0,0,0,0.0847078
474874,18,1,195559,51919,45744,143640,270816,0,0,0,0,0.0722885
474875,18,1,183576,48807,43394,134769,256666,0,0,0,0,0.0581393
474876,18,1,205197,55163,48458,150034,290244,0,0,0,0,0.077723
474877,18,1,170907,45784,40472,125123,242432,0,0,0,0,0.0844494
474878,18,1,183403,49024,42763,134379,258651,0,0,0,0,0.0728508
474879,18,1,170946,45726,39778,125220,241793,0,0,0,0,0.0828393
475150,18,1,186506,50316,43985,136190,264462,0,0,0,0,0.0642263
475151,18,1,186366,50233,43904,136133,263936,0,0,0,0,0.0652113
475152,18,1,180911,48501,42148,132410,256174,0,0,0,0,0.0857826
475153,18,1,204276,55287,48975,148989,292322,0,0,0,0,0.0927714
475154,18,1,207656,55677,48580,151979,291125,0,0,0,0,0.0615477
475155,18,1,190871,51164,44864,139707,268703,0,0,0,0,0.0583159
475156,18,1,209065,56388,48990,152677,296850,0,0,0,0,0.066222
475157,18,1,183184,49017,42881,134167,258003,0,0,0,0,0.059528
475158,18,1,193741,52265,45355,141476,275582,0,0,0,0,0.0656164
475159,18,1,184790,49990,43010,134800,264243,0,0,0,0,0.0671972
475420,36,1,182325,49982,43681,132343,265235,0,0,0,0,0.0540572
475421,36,1,182087,49850,43597,132237,264416,0,0,0,0,0.0525032
475422,36,1,178156,48539,42037,129617,259330,0,0,0,0,0.0558354
475423,36,1,201593,55794,49171,145799,298289,0,0,0,0,0.0728657
475424,36,1,206546,56452,49097,150094,298691,0,0,0,0,0.0578906
475425,36,1,191811,52241,45264,139570,277951,0,0,0,0,0.0561527
475426,36,1,213146,58811,50905,154335,312708,0,0,0,0,0.0609289
475427,36,1,177709,48314,41772,129395,257629,0,0,0,0,0.057453
475428,36,1,193127,52875,45679,140252,281501,0,0,0,0,0.058918
475429,36,1,183265,50425,43303,132840,269668,0,0,0,0,0.0583463
475990,18,1,175122,47380,41364,127742,250541,0,0,0,0,0.0605687
475991,18,1,175095,47332,41319,127763,250222,0,0,0,0,0.0598335
475992,18,1,169897,45510,39444,124387,241617,0,0,0,0,0.0619908
475993,18,1,188620,50938,44606,137682,270539,0,0,0,0,0.0838278
475994,18,1,197770,53456,46494,144314,282549,0,0,0,0,0.0665916
475995,18,1,178475,47962,41773,130513,254051,0,0,0,0,0.0600044
475996,18,1,195061,52893,45491,142168,281218,0,0,0,0,0.0675851
475997,18,1,169009,45188,39100,123821,239487,0,0,0,0,0.0584247
475998,18,1,178483,48114,41509,130369,255497,0,0,0,0,0.0618673
475999,18,1,169672,45757,39331,123915,243349,0,0,0,0,0.0649777
477400,3,1,150310,40675,34660,109635,215248,0,0,0,0,0.102047
477401,9,1,153266,42116,35692,111150,223609,0,0,0,0,0.0701962
477404,9,1,182257,50747,43986,131510,268797,0,0,0,0,0.0720204
477409,9,1,147083,39824,34295,107259,210599,0,0,0,0,0.0649879
477410,3,1,172692,47191,41396,125501,249446,0,0,0,0,0.107988
477411,9,1,160142,43658,37768,116484,231160,0,0,0,0,0.0691404
477414,9,1,192019,52878,46041,139141,278983,0,0,0,0,0.0662446
477419,9,1,166023,45373,39613,120650,239715,0,0,0,0,0.0659099
477420,3,1,155768,41519,35142,114249,219373,0,0,0,0,0.110581
477421,9,1,143969,38502,32123,105467,204311,0,0,0,0,0.0675916
477424,9,1,173896,47980,40475,125916,254670,0,0,0,0,0.0658572
477429,9,1,195780,54338,46470,141442,289354,0,0,0,0,0.0671279
477430,3,1,155679,41497,35153,114182,219246,0,0,0,0,0.0918861
477431,9,1,199068,55042,47259,144026,291821,0,0,0,0,0.067507
477434,9,1,189545,52771,45840,136774,281562,0,0,0,0,0.0674646
477439,9,1,178851,49211,42447,129640,260944,0,0,0,0,0.0642289
477440,9,1,160784,44049,37161,116735,234287,0,0,0,0,0.080802
477441,9,1,192940,52872,44719,140068,278747,0,0,0,0,0.0654848
477442,18,1,175625,47819,41063,127806,253687,0,0,0,0,0.063837
477444,9,1,177327,48470,42600,128857,256812,0,0,0,0,0.089928
477445,18,1,203445,56873,48998,146572,304564,0,0,0,0,0.059382
477448,18,1,184060,50707,43622,133353,269205,0,0,0,0,0.0581722
477449,9,1,183680,50256,43091,133424,265545,0,0,0,0,0.0771749
477470,3,1,187224,51263,45146,135961,270697,0,0,0,0,0.103231
477471,9,1,171883,46737,40630,125146,246372,0,0,0,0,0.0664551
477474,9,2,221032,61440,53682,159579,326944,1,0,0,0,0.157032
477479,9,1,174318,47325,41284,126993,247871,0,0,0,0,0.0620663
477480,3,1,167963,45393,38696,122570,239893,0,0,0,0,0.0814802
477481,9,1,150940,40509,33936,110431,214491,0,0,0,0,0.0591871
477484,9,1,180642,49300,41546,131342,258667,0,0,0,0,0.0647187
477489,9,1,195373,53548,46035,141825,281666,0,0,0,0,0.0607024
477490,3,1,167866,45354,38696,122512,239633,0,0,0,0,0.0859127
477491,9,1,209396,57818,49667,151578,305488,0,0,0,0,0.0665026
477494,9,1,196234,54569,47539,141665,290057,0,0,0,0,0.0645802
477499,9,1,181834,49893,42962,131941,263601,0,0,0,0,0.0613898
477500,9,1,170701,47401,40551,123300,252056,0,0,0,0,0.0632474
477501,9,1,200276,54510,46209,145766,284908,0,0,0,0,0.062873
477502,18,1,185048,50440,43227,134608,266669,0,0,0,0,0.0613184
477504,9,1,183824,49767,43769,134057,261562,0,0,0,0,0.0623565
477505,18,1,212925,59414,51490,153511,316825,0,0,0,0,0.060563
477508,18,1,189185,51922,44554,137263,274602,0,0,0,0,0.0582666
477509,9,1,189353,51430,43839,137923,269785,0,0,0,0,0.0680006
477530,3,1,172047,46407,39623,125640,245907,0,0,0,0,0.0859934
477531,9,1,146954,39320,32798,107634,208456,0,0,0,0,0.0595009
477534,9,1,187661,52160,44681,135501,275928,0,0,0,0,0.0646122
477539,9,1,186949,52163,44424,134786,277033,0,0,0,0,0.064694
477540,3,1,172046,46403,39645,125643,245889,0,0,0,0,0.090249
477541,9,1,199819,55090,47557,144729,291486,0,0,0,0,0.0658011
477544,9,1,219512,62670,54274,156842,335720,0,0,0,0,0.0695919
477549,9,1,220772,63028,54792,157744,337004,0,0,0,0,0.0747759
477550,9,1,171710,47782,40816,123928,254755,0,0,0,0,0.0646987
477551,9,2,204042,57086,48859,146943,305318,1,0,0,0,0.214725
477554,9,1,210237,58670,50833,151567,309886,0,0,0,0,0.0983909
477555,18,1,217170,61499,53304,155671,328150,0,0,0,0,0.081447
477558,18,1,216182,60656,52208,155526,321952,0,0,0,0,0.0870854
477559,9,1,191383,52701,45132,138682,278275,0,0,0,0,0.0705466
477562,18,1,185821,51168,43621,134653,272115,0,0,0,0,0.0662732
477580,3,1,154664,41395,35448,113269,218564,0,0,0,0,0.152626
477581,9,1,171940,45704,39423,126236,240503,0,0,0,0,0.0963463
477584,9,1,187723,51790,45306,135933,274826,0,0,0,0,0.0855631
477589,9,1,184962,51066,44819,133896,270424,0,0,0,0,0.0848565
477590,9,1,162805,44755,38242,118050,237559,0,0,0,0,0.0885089
477591,9,1,174341,47693,41404,126648,253165,0,0,0,0,0.0701322
477594,9,1,183290,50204,43601,133086,266964,0,0,0,0,0.0697179
477599,9,1,173094,47439,40795,125655,251749,0,0,0,0,0.0635562
477602,18,1,192406,52867,45696,139539,280871,0,0,0,0,0.0713954
477605,18,1,208058,59051,52231,149007,315812,0,0,0,0,0.0727255
477608,18,1,214002,60221,52627,153781,321125,0,0,0,0,0.09813
477620,9,1,188421,52713,45640,135708,280131,0,0,0,0,0.0858826
477621,9,1,193226,53912,47251,139314,285174,0,0,0,0,0.0683493
477624,9,1,195455,54129,46909,141326,287102,0,0,0,0,0.0658836
477629,9,1,174746,47507,40653,127239,250828,0,0,0,0,0.0578303
477642,18,1,165512,44614,37685,120898,236210,0,0,0,0,0.0616994
477645,18,1,191850,53575,46761,138275,285699,0,0,0,0,0.064827
477648,18,1,193036,53776,46188,139260,287235,0,0,0,0,0.084108
477670,9,1,161071,43414,37482,117657,228578,0,0,0,0,0.110483
477671,9,1,202120,56878,49264,145242,301695,0,0,0,0,0.0675824
477672,9,1,170362,45565,38516,124797,238183,0,0,0,0,0.0821585
477673,9,1,157280,42611,36711,114669,226041,0,0,0,0,0.0813999
477674,9,1,192633,53499,46402,139134,284151,0,0,0,0,0.0618295
477675,9,1,190939,52836,45749,138103,279433,0,0,0,0,0.0632076
477676,9,1,178780,49365,43531,129415,261971,0,0,0,0,0.0634195
477677,9,1,189899,52780,46476,137119,279477,0,0,0,0,0.0632692
477678,9,1,193034,53819,46736,139215,284903,0,0,0,0,0.0666485
477679,9,1,179660,48969,41903,130691,258833,0,0,0,0,0.061755
477680,3,1,158855,42721,35966,116134,224772,0,0,0,0,0.0865509
477681,9,1,161039,44005,37380,117034,232351,0,0,0,0,0.0616602
477684,9,1,192316,53086,46054,139230,278972,0,0,0,0,0.0614846
477689,9,1,158583,42734,36619,115849,224428,0,0,0,0,0.0572827
477690,3,1,182429,49757,43821,132672,261624,0,0,0,0,0.0838944
477691,9,1,170666,46248,40148,124418,242968,0,0,0,0,0.0619011
477694,9,1,208992,57108,49807,151884,298008,0,0,0,0,0.0637923
477699,9,1,178184,48317,42510,129867,252732,0,0,0,0,0.0585832
477700,3,1,166556,44222,37743,122334,232397,0,0,0,0,0.0764372
477701,9,1,156194,41500,34717,114694,218287,0,0,0,0,0.0577579
477704,9,1,191179,52656,44620,138523,277710,0,0,0,0,0.0665861
477709,9,1,212717,58666,50495,154051,309809,0,0,0,0,0.0636313
477710,3,1,166355,44141,37707,122214,231905,0,0,0,0,0.0765809
477711,9,1,215794,59267,51076,156527,311180,0,0,0,0,0.0633652
477714,9,1,204606,56665,49199,147941,300281,0,0,0,0,0.0643834
477719,9,1,194727,53190,46123,141537,279811,0,0,0,0,0.0606894
477720,9,1,171689,46540,39755,125149,245162,0,0,0,0,0.0592402
477721,9,1,204665,55401,47299,149264,289010,0,0,0,0,0.0623193
477722,18,1,185823,50343,43288,135480,265153,0,0,0,0,0.0600797
477724,9,1,191875,52517,46121,139358,276522,0,0,0,0,0.0715211
477725,18,1,218389,60765,52563,157624,322635,0,0,0,0,0.0896186
477728,18,1,196174,53609,46179,142565,281948,0,0,0,0,0.0580121
477729,9,1,194262,53097,45453,141165,278638,0,0,0,0,0.0668554
477750,3,1,196407,53732,47496,142675,281824,0,0,0,0,0.0849247
477751,9,1,181428,49218,43000,132210,257578,0,0,0,0,0.0617679
477754,9,2,230047,63023,55508,167011,331859,1,0,0,0,0.141441
477759,9,1,187478,50845,44413,136633,264485,0,0,0,0,0.0648697
477760,3,1,173993,46701,40200,127292,245368,0,0,0,0,0.117038
477761,9,1,158266,42229,35576,116037,221696,0,0,0,0,0.0703998
477764,9,1,195038,53326,45305,141712,278216,0,0,0,0,0.0735776
477769,9,1,209574,57326,49273,152248,299734,0,0,0,0,0.0660812
477770,3,1,173815,46647,40185,127168,245033,0,0,0,0,0.0993897
477771,9,1,220259,60391,52042,159868,315796,0,0,0,0,0.0930602
477774,9,1,209099,57580,50158,151519,303384,0,0,0,0,0.072046
477779,9,1,192913,52426,45279,140487,274417,0,0,0,0,0.0856045
477780,9,1,180798,49480,42556,131318,260440,0,0,0,0,0.0660345
477781,9,2,222662,62146,53561,160503,330207,1,0,0,0,0.168573
477782,18,1,194205,52681,45408,141524,276397,0,0,0,0,0.0927473
477784,9,1,195439,52810,46527,142629,275634,0,0,0,0,0.0841138
477785,18,1,224746,62345,54235,162401,329475,0,0,0,0,0.0789904
477788,18,1,199549,54199,46878,145350,283648,0,0,0,0,0.0572488
477789,9,1,198414,53897,46129,144517,281324,0,0,0,0,0.065478
477810,3,1,184736,49390,42061,135346,259712,0,0,0,0,0.10145
477811,9,1,157330,42077,35067,115253,222013,0,0,0,0,0.0806653
477814,9,2,318601,89782,78445,228806,476344,1,0,0,0,0.193946
477819,9,1,198117,54514,46928,143603,286919,0,0,0,0,0.0661575
477820,3,1,184902,49437,42112,135465,259978,0,0,0,0,0.0927574
477821,9,1,210599,57747,49705,152852,303276,0,0,0,0,0.0711341
477824,9,1,239425,67932,59197,171493,361141,0,0,0,0,0.0764856
477829,9,1,241683,68303,59577,173380,362745,0,0,0,0,0.0783571
477830,9,1,181739,49971,42652,131768,263739,0,0,0,0,0.0695669
477831,9,2,213199,59046,51004,154140,313264,1,0,0,0,0.177042
477834,9,1,220283,61098,53239,159185,320426,0,0,0,0,0.0702258
477835,18,1,228347,63732,55364,164615,336505,0,0,0,0,0.0652626
477838,18,1,229266,63771,55099,165495,335632,0,0,0,0,0.0731395
477839,9,1,201867,54997,47374,146870,287783,0,0,0,0,0.0939229
477842,18,1,193731,52750,45153,140981,278449,0,0,0,0,0.0656664
477860,3,1,162017,43172,37324,118845,226503,0,0,0,0,0.120317
477861,9,1,184437,49533,42803,134904,260046,0,0,0,0,0.0797855
477864,9,1,202256,55733,48857,146523,294340,0,0,0,0,0.0848434
477869,9,1,199031,54783,48195,144248,288679,0,0,0,0,0.0867347
477870,9,1,173533,47647,40702,125886,251381,0,0,0,0,0.0918225
477871,9,1,186850,51355,44601,135495,271687,0,0,0,0,0.0672604
477874,9,1,196538,53503,46606,143035,282224,0,0,0,0,0.06715
477879,9,1,187459,50744,43841,136715,266860,0,0,0,0,0.0904755
477882,18,1,205255,56278,48670,148977,297407,0,0,0,0,0.077345
477885,18,1,227530,64406,56915,163124,342263,0,0,0,0,0.0756725
477888,18,1,228881,63883,55845,164998,337874,0,0,0,0,0.0754826
477900,9,1,196789,54643,47342,142146,287667,0,0,0,0,0.0862859
477901,9,1,199757,55171,48202,144586,289005,0,0,0,0,0.090551
477904,9,2,232287,65240,56734,167034,346084,1,0,0,0,0.213796
477909,9,1,184130,49434,42484,134696,257658,0,0,0,0,0.0828211
477922,18,1,171600,45950,39058,125650,241106,0,0,0,0,0.0748425
477925,18,1,203072,56096,49078,146976,296495,0,0,0,0,0.0690271
477928,18,1,206643,57387,49705,149256,303994,0,0,0,0,0.0711917
477950,9,1,170259,45464,39032,124795,236771,0,0,0,0,0.0793177
477951,9,1,204424,56632,49128,147792,296769,0,0,0,0,0.0659974
477952,9,1,176374,46957,39683,129417,243863,0,0,0,0,0.0745031
477953,9,1,158625,42585,36673,116040,223890,0,0,0,0,0.0584156
477954,9,1,194891,53090,45840,141801,277689,0,0,0,0,0.0588077
477955,9,2,335078,92920,80415,242146,490749,1,0,0,0,0.209564
477956,9,1,187179,51405,45138,135774,270703,0,0,0,0,0.0874689
477957,9,1,195592,54143,47737,141449,284625,0,0,0,0,0.0693659
477958,9,1,201528,55404,47843,146124,289884,0,0,0,0,0.080108
477959,9,1,185439,50043,42745,135396,261273,0,0,0,0,0.0626038
477960,3,1,172750,46027,40276,126723,242085,0,0,0,0,0.0948797
477961,9,1,160479,43300,37006,117179,229054,0,0,0,0,0.0688332
477964,9,1,184977,50259,44010,134718,264736,0,0,0,0,0.0600942
477969,9,1,173398,46652,40768,126746,245125,0,0,0,0,0.0589228
477970,3,1,176622,47090,41611,129532,245629,0,0,0,0,0.08283
477971,9,1,158670,42291,36892,116379,221350,0,0,0,0,0.0568185
477974,9,2,218127,59420,52769,158694,313203,1,0,0,0,0.144465
477979,9,1,165728,44012,38741,121716,228107,0,0,0,0,0.0530928
477980,3,1,157995,41246,36088,116749,216160,0,0,0,0,0.0809651
477981,9,1,137792,36471,31528,101321,192608,0,0,0,0,0.0534541
477984,9,2,286508,79310,69510,207185,420800,1,0,0,0,0.160185
477989,9,1,190145,51360,45014,138785,269291,0,0,0,0,0.0631114
477990,3,1,158232,41317,36126,116915,216523,0,0,0,0,0.076911
477991,9,2,197785,54235,47437,143539,287893,1,0,0,0,0.152368
477994,9,1,195163,54163,47581,141000,287556,0,0,0,0,0.0641178
477999,9,1,177850,48203,42139,129647,253337,0,0,0,0,0.0623218
478000,9,1,155824,42006,36322,113818,222067,0,0,0,0,0.0572277
478001,9,2,200832,55348,48332,145471,294400,1,0,0,0,0.156438
478002,18,2,248171,67723,59252,180436,359280,1,0,0,0,0.202231
478004,9,1,170710,45770,39776,124940,239155,0,0,0,0,0.0696944
478005,18,1,200576,55530,48943,145046,294539,0,0,0,0,0.0627421
478008,18,2,254390,69813,61043,184566,370280,1,0,0,0,0.173295
478009,9,2,257050,70244,61769,186793,370818,1,0,0,0,0.187588
478030,3,1,173468,46269,40897,127199,241509,0,0,0,0,0.0827492
478031,9,1,157438,41534,36156,115904,216080,0,0,0,0,0.057066
478034,9,1,183355,48714,42371,134641,252406,0,0,0,0,0.0608047
478039,9,4,395782,108615,95255,287143,587845,1,1,2,0,0.236135
478040,3,1,214651,59641,52208,155010,315735,0,0,0,0,0.0897912
478041,9,1,190786,52565,45327,138221,278030,0,0,0,0,0.0593231
478044,9,1,210599,57451,50272,153148,300488,0,0,0,0,0.0594826
478049,9,1,209252,56974,49749,152278,298674,0,0,0,0,0.0590062
478050,3,1,214871,59669,52267,155202,315787,0,0,0,0,0.0929847
478051,9,2,284405,79206,69168,205186,419087,1,0,0,0,0.15303
478054,9,2,173732,46583,40684,127137,244362,1,0,0,0,0.127253
478059,9,1,200213,54749,47328,145464,288002,0,0,0,0,0.0581612
478060,9,1,190989,52982,45564,138007,280610,0,0,0,0,0.0626686
478061,9,2,238653,67058,58328,171582,356505,1,0,0,0,0.140735
478062,18,1,205899,56067,48855,149832,293687,0,0,0,0,0.0634207
478064,9,1,178147,47595,41852,130552,248559,0,0,0,0,0.0862512
478065,18,1,199901,53941,46730,145960,283374,0,0,0,0,0.076741
478068,18,1,196075,53212,46130,142863,279027,0,0,0,0,0.0595953
478069,9,1,195797,53635,46860,142162,281889,0,0,0,0,0.0681115
478090,3,1,191478,52050,45876,139428,273724,0,0,0,0,0.077335
478091,9,1,166123,44834,38999,121289,235315,0,0,0,0,0.0760055
478094,9,2,199255,54130,47528,145113,284389,1,0,0,0,0.141707
478099,9,2,277545,76613,67428,200921,404122,1,0,0,0,0.193773
478100,3,1,191337,52014,45835,139323,273557,0,0,0,0,0.0762067
478101,9,2,281751,79108,69421,202630,419678,1,0,0,0,0.15576
478104,9,2,278606,77476,68094,201117,409070,1,0,0,0,0.149459
478109,9,2,264043,73157,64060,190874,387611,1,0,0,0,0.15406
478110,9,1,178220,48989,41942,129231,258609,0,0,0,0,0.0601205
478111,9,2,215486,60240,52389,155234,320444,1,0,0,0,0.160053
478114,9,2,173206,46854,40966,126339,246402,1,0,0,0,0.13882
478115,18,2,260666,71754,62809,188899,379355,1,0,0,0,0.168151
478118,18,1,211176,58556,51213,152620,308002,0,0,0,0,0.0842889
478119,9,1,200918,55811,49094,145107,293953,0,0,0,0,0.0697129
478122,18,1,195477,53295,46456,142182,279121,0,0,0,0,0.0604409
478140,3,1,189256,52039,45379,137217,273915,0,0,0,0,0.0885978
478141,9,1,195401,52403,45598,142998,273830,0,0,0,0,0.0622667
478144,9,1,210825,58047,50564,152778,303720,0,0,0,0,0.0638433
478149,9,2,255174,70047,61490,185115,370882,1,0,0,0,0.162341
478150,9,1,176974,48541,41637,128433,255689,0,0,0,0,0.0663731
478151,9,1,191943,52200,45474,139743,274326,0,0,0,0,0.0588494
478154,9,1,209131,56872,49631,152259,298335,0,0,0,0,0.0591271
478159,9,1,187801,51498,44887,136303,272249,0,0,0,0,0.0618705
478162,18,1,216033,59981,51772,156052,317710,0,0,0,0,0.0712549
478165,18,1,214664,59867,51423,154797,316998,0,0,0,0,0.0603562
478168,18,1,202854,55140,47959,147714,289836,0,0,0,0,0.057378
478180,9,1,194300,52940,45171,141360,275948,0,0,0,0,0.0616728
478181,9,2,221340,60923,53060,160404,320647,1,0,0,0,0.149513
478184,9,2,233849,64773,56890,169063,341391,1,0,0,0,0.144487
478189,9,2,185475,50190,44001,135272,263525,1,0,0,0,0.144558
478202,18,1,186383,50745,43518,135638,266617,0,0,0,0,0.0576137
478205,18,1,220010,61812,53337,158198,327789,0,0,0,0,0.0674146
478208,18,1,190487,51146,44240,139341,267449,0,0,0,0,0.0564916
478230,9,1,178134,47728,41031,130406,247790,0,0,0,0,0.0615193
478231,9,1,198971,53426,46057,145545,276980,0,0,0,0,0.0549252
478232,9,2,196250,52813,45895,143424,278255,1,0,0,0,0.136004
478233,9,1,183814,49581,43250,134233,259190,0,0,0,0,0.06709
478234,9,2,264064,71434,62183,192617,374143,1,0,0,0,0.148906
478235,9,1,214366,58771,51240,155595,308497,0,0,0,0,0.0612455
478236,9,1,200330,55008,48045,145322,288849,0,0,0,0,0.0926262
478237,9,2,158801,41794,36272,116994,218992,1,0,0,0,0.20187
478238,9,1,176184,46783,40516,129401,243426,0,0,0,0,0.0830624
478239,9,2,176760,47517,41559,129230,249347,1,0,0,0,0.135933
478240,3,1,174582,46881,41085,127701,247126,0,0,0,0,0.0865813
478241,9,1,162112,43928,37595,118184,232641,0,0,0,0,0.0620574
478244,9,1,186386,50920,44592,135466,268697,0,0,0,0,0.0596951
478249,9,1,173945,46909,41012,127036,246690,0,0,0,0,0.0601817
478250,3,1,186124,49359,43686,136765,256782,0,0,0,0,0.0817965
478251,9,1,165035,43812,38309,121223,228524,0,0,0,0,0.0564158
478254,9,2,222291,60580,53792,161698,319012,1,0,0,0,0.173685
478259,9,2,331219,89504,79119,241702,468738,1,0,0,0,0.166672
478260,3,1,166996,43727,38541,123269,228911,0,0,0,0,0.0738788
478261,9,1,144741,38283,33108,106458,201681,0,0,0,0,0.0533288
478264,9,2,292049,80494,70382,211542,426071,1,0,0,0,0.203669
478269,9,1,197555,53123,46485,144432,276813,0,0,0,0,0.0661769
478270,3,1,167435,43852,38632,123583,229555,0,0,0,0,0.0796302
478271,9,2,198920,54445,47625,144464,289024,1,0,0,0,0.156981
478274,9,1,202814,56202,49470,146612,297462,0,0,0,0,0.0652456
478279,9,1,182856,49259,43180,133597,257772,0,0,0,0,0.0606892
478280,9,1,163155,43867,38056,119288,231521,0,0,0,0,0.0910486
478281,9,2,202507,55714,48742,146780,296119,1,0,0,0,0.224404
478282,18,2,251912,68703,60219,183197,364073,1,0,0,0,0.189505
478284,9,1,179488,47887,41877,131601,249326,0,0,0,0,0.0658696
478285,18,1,210517,58204,51376,152313,307661,0,0,0,0,0.0828722
478288,18,2,258535,70762,61975,187762,374543,1,0,0,0,0.159645
478289,9,2,263804,72014,63224,191777,379684,1,0,0,0,0.179968
478310,3,1,164977,43596,38285,121381,226872,0,0,0,0,0.104824
478311,9,1,157526,41772,36366,115754,217585,0,0,0,0,0.056153
478314,9,1,186856,49848,43441,137008,259112,0,0,0,0,0.0555205
478319,9,4,401909,111012,97086,290873,603204,1,1,2,0,0.228604
478320,3,1,206505,56375,49419,150130,297253,0,0,0,0,0.0820183
478321,9,1,186378,50792,44087,135586,267985,0,0,0,0,0.0561936
478324,9,2,300098,82948,72836,217137,438404,1,0,0,0,0.154234
478329,9,1,211527,57325,49947,154202,300177,0,0,0,0,0.0587087
478330,3,1,206526,56366,49393,150160,297165,0,0,0,0,0.0781794
478331,9,2,285812,79795,70049,206004,423402,1,0,0,0,0.162804
478334,9,2,174867,46788,40851,128067,245434,1,0,0,0,0.154833
478339,9,1,201564,55003,47671,146561,289268,0,0,0,0,0.0644555
478340,9,1,185605,50893,43807,134712,268797,0,0,0,0,0.0603221
478341,9,1,223865,61573,53745,162292,323165,0,0,0,0,0.0649322
478342,18,1,204979,55640,48489,149339,291885,0,0,0,0,0.0588662
478344,9,1,180434,48513,42525,131921,253747,0,0,0,0,0.0617271
478345,18,1,198070,53042,45873,145028,278059,0,0,0,0,0.0588929
478348,18,1,196607,53169,46186,143438,279007,0,0,0,0,0.0576857
478349,9,1,189774,51557,45261,138217,270944,0,0,0,0,0.0679862
478370,3,1,181162,48901,42535,132261,257638,0,0,0,0,0.0888612
478371,9,1,157091,42334,36667,114757,223249,0,0,0,0,0.0754362
478374,9,2,190690,51687,45330,138991,272050,1,0,0,0,0.174397
478379,9,2,267016,73040,63832,193965,385061,1,0,0,0,0.153321
478380,3,1,181339,48946,42578,132393,257872,0,0,0,0,0.0816747
478381,9,2,276372,77772,68151,198587,414286,1,0,0,0,0.211784
478384,9,2,277902,76944,67495,200945,406653,1,0,0,0,0.15897
478389,9,2,264609,73169,64127,191428,388139,1,0,0,0,0.153629
478390,9,1,173232,47735,40815,125497,253012,0,0,0,0,0.0671514
478391,9,2,212018,59158,51436,152848,315482,1,0,0,0,0.144664
478394,9,2,172585,46634,40740,125938,245508,1,0,0,0,0.164857
478395,18,2,261226,71989,63211,189224,381604,1,0,0,0,0.169943
478398,18,1,214980,59357,51771,155623,311847,0,0,0,0,0.0635075
478399,9,1,204285,56614,49919,147671,297611,0,0,0,0,0.0983317
478402,18,1,184909,50390,43903,134519,265404,0,0,0,0,0.0728515
478420,3,1,172883,47190,41034,125693,249016,0,0,0,0,0.103488
478421,9,1,187117,50857,44200,136260,268314,0,0,0,0,0.076774
478424,9,1,195320,53134,45941,142186,278290,0,0,0,0,0.0902567
478429,9,2,249995,68845,59960,181138,366003,1,0,0,0,0.214229
478430,9,1,166709,45656,39087,121053,241463,0,0,0,0,0.0962922
478431,9,1,188680,51663,44969,137017,273221,0,0,0,0,0.082222
478434,9,1,206813,55484,47949,151329,290168,0,0,0,0,0.0630843
478439,9,1,186199,50904,44405,135295,269173,0,0,0,0,0.0629312
478442,18,1,207507,57552,49430,149955,306165,0,0,0,0,0.0777794
478445,18,1,217974,60586,51994,157388,320450,0,0,0,0,0.0771428
478448,18,1,199561,54349,47439,145212,286174,0,0,0,0,0.0598281
478460,9,1,182907,49922,42988,132985,262024,0,0,0,0,0.0612094
478461,9,2,216711,59729,52124,156969,315635,1,0,0,0,0.193292
478464,9,2,283406,78132,68293,205261,411695,1,0,0,0,0.202996
478469,9,2,177661,47963,42133,129685,251484,1,0,0,0,0.169342
478482,18,1,181917,49648,42322,132269,262345,0,0,0,0,0.0564973
478485,18,1,222903,62272,53983,160631,330375,0,0,0,0,0.062548
478488,18,1,187275,50321,43651,136954,263525,0,0,0,0,0.0555661
478510,9,1,167302,44744,38486,122558,233531,0,0,0,0,0.060272
478511,9,1,194238,52470,45262,141768,274432,0,0,0,0,0.0654476
478512,9,2,192499,51441,44779,141045,271273,1,0,0,0,0.157635
478513,9,1,175671,47578,41329,128093,250552,0,0,0,0,0.0655739
478514,9,2,264921,71681,62624,193227,375983,1,0,0,0,0.170544
478515,9,1,218094,59462,51668,158632,312417,0,0,0,0,0.0927482
478516,9,1,207837,57087,50008,150750,298983,0,0,0,0,0.0692073
478517,9,2,161103,42788,37303,118302,225314,1,0,0,0,0.184171
478518,9,1,173371,45896,39712,127475,239203,0,0,0,0,0.0652977
478519,9,2,178697,47986,41966,130698,251679,1,0,0,0,0.134867
478520,3,1,181363,47522,41761,133841,246517,0,0,0,0,0.0835053
478521,9,1,168011,44811,38487,123200,234367,0,0,0,0,0.0651195
478524,9,1,190449,50911,44373,139538,264201,0,0,0,0,0.0640832
478529,9,1,172793,45467,39801,127326,234828,0,0,0,0,0.0719883
478530,3,1,180420,47147,41491,133273,244235,0,0,0,0,0.0802331
478531,9,1,168047,44811,38489,123236,234343,0,0,0,0,0.0610101
478534,9,1,190738,50900,44369,139838,263973,0,0,0,0,0.0594654
478539,9,1,173323,45525,39781,127798,234998,0,0,0,0,0.0546522
478540,3,1,176171,46828,41105,129343,246665,0,0,0,0,0.0903371
478541,9,1,151175,40280,34557,110895,213043,0,0,0,0,0.0606243
478544,9,1,196013,53276,46510,142737,279770,0,0,0,0,0.0665946
478549,9,1,189610,51079,44667,138531,267471,0,0,0,0,0.0643905
478550,3,1,176400,46879,41135,129521,246937,0,0,0,0,0.0863994
478551,9,1,194563,53687,47136,140876,284248,0,0,0,0,0.0677082
478554,9,1,222721,61657,54606,161064,326036,0,0,0,0,0.0833749
478559,9,1,227305,63431,56003,163874,336397,0,0,0,0,0.107474
478560,9,1,167242,45590,39487,121652,241724,0,0,0,0,0.0801437
478561,9,2,254083,69725,61143,184345,369506,1,0,0,0,0.20814
478562,18,2,251004,68892,60250,182100,365818,1,0,0,0,0.216301
478564,9,2,260440,70559,61873,189868,372496,1,0,0,0,0.233781
478565,18,2,271158,75023,65622,196122,399252,1,0,0,0,0.173907
478568,18,2,277866,76498,66870,201355,406386,1,0,0,0,0.160063
478569,9,2,177114,47761,41904,129340,251959,1,0,0,0,0.161227
478590,3,1,153561,39815,34102,113746,205413,0,0,0,0,0.0813617
478591,9,1,155992,40825,34626,115167,211141,0,0,0,0,0.0652042
478594,9,1,184023,49025,41880,134998,253235,0,0,0,0,0.0749251
478599,9,4,416473,115835,100838,300614,627840,1,1,2,0,0.303451
478600,3,1,192073,50946,44432,141127,265170,0,0,0,0,0.0993565
478601,9,1,171589,45663,39609,125926,238041,0,0,0,0,0.0770139
478604,9,2,299142,82489,72743,216640,435781,1,0,0,0,0.154572
478609,9,1,194868,51382,44743,143486,266015,0,0,0,0,0.06159
478610,3,1,192188,50979,44457,141209,265320,0,0,0,0,0.0881518
478611,9,2,175605,47481,41594,128112,250371,1,0,0,0,0.139692
478614,9,2,172530,45790,39959,126728,239994,1,0,0,0,0.135049
478619,9,1,195312,52657,45452,142655,275503,0,0,0,0,0.066375
478620,9,1,175986,47040,40280,128946,245611,0,0,0,0,0.0845327
478621,9,1,211418,56852,49277,154566,294895,0,0,0,0,0.0615177
478622,18,1,196329,52886,45737,143443,275583,0,0,0,0,0.0576267
478624,9,1,189937,51182,44249,138755,266751,0,0,0,0,0.0949296
478625,18,1,191736,51109,43813,140627,266686,0,0,0,0,0.0781625
478628,18,1,206307,55883,48195,150424,292883,0,0,0,0,0.0570218
478629,9,1,187156,50410,44027,136746,263903,0,0,0,0,0.0825468
478650,3,1,176077,47627,41390,128450,250673,0,0,0,0,0.0902519
478651,9,1,162600,43964,37982,118636,231506,0,0,0,0,0.0574677
478654,9,1,200437,54266,47245,146171,283827,0,0,0,0,0.0578235
478659,9,1,180514,48160,41309,132354,250862,0,0,0,0,0.0716986
478660,3,1,176451,47724,41502,128727,251164,0,0,0,0,0.0775673
478661,9,2,173748,47361,41094,126375,250958,1,0,0,0,0.142706
478664,9,2,172183,46008,40026,126163,241809,1,0,0,0,0.126764
478669,9,1,207810,56513,49141,151297,295987,0,0,0,0,0.0604527
478670,9,1,167592,45939,39346,121653,242715,0,0,0,0,0.0613664
478671,9,1,201812,54887,47442,146925,287511,0,0,0,0,0.0654143
478674,9,1,200848,54108,46970,146740,281200,0,0,0,0,0.0650898
478675,18,1,198087,53124,45615,144963,276954,0,0,0,0,0.0544571
478678,18,1,218394,59505,51637,158889,312135,0,0,0,0,0.0660926
478679,9,1,196022,53010,46488,143012,277783,0,0,0,0,0.0694559
478682,18,1,188261,51000,43934,137261,267567,0,0,0,0,0.0600229
478700,3,1,145794,37908,31961,107886,198070,0,0,0,0,0.0865248
478701,9,1,194102,52489,45422,141613,274956,0,0,0,0,0.0682273
478704,9,1,206525,56066,48782,150459,292635,0,0,0,0,0.0703404
478709,9,1,164025,44211,38085,119814,233139,0,0,0,0,0.061881
478710,9,1,148298,39188,32971,109110,205268,0,0,0,0,0.0601532
478711,9,1,189827,51313,44415,138514,270112,0,0,0,0,0.0562382
478714,9,1,203697,54711,47585,148986,286564,0,0,0,0,0.0576115
478719,9,1,187896,50907,44042,136989,268669,0,0,0,0,0.0739855
478722,18,1,199367,54522,47149,144845,288276,0,0,0,0,0.0863493
478725,18,1,214292,58711,50594,155581,309276,0,0,0,0,0.0759653
478728,18,1,188472,51534,44860,136938,273099,0,0,0,0,0.0591867
478740,9,1,170855,45677,39028,125178,238778,0,0,0,0,0.0680342
478741,9,2,186804,50470,44029,136321,265225,1,0,0,0,0.161048
478744,9,2,184726,49845,43461,134868,261447,1,0,0,0,0.173983
478749,9,1,204859,57645,50154,147214,306265,0,0,0,0,0.0909544
478762,18,1,199180,54688,47027,144492,289516,0,0,0,0,0.0813077
478765,18,1,219731,60557,52557,159174,319456,0,0,0,0,0.0645542
478768,18,1,176568,47302,40824,129266,248672,0,0,0,0,0.0566829
478790,9,1,151446,39745,33337,111701,206456,0,0,0,0,0.062192
478791,9,2,179299,47601,41324,131685,249114,1,0,0,0,0.166415
478792,9,1,184518,49411,42591,135107,258903,0,0,0,0,0.102023
478793,9,1,177091,47289,40852,129802,247474,0,0,0,0,0.0827466
478794,9,2,181335,48533,42394,132789,254284,1,0,0,0,0.159813
478795,9,1,203737,54415,47578,149322,283543,0,0,0,0,0.0849249
478796,9,1,191864,51594,44911,140270,269764,0,0,0,0,0.0846432
478797,9,2,234720,63653,55064,171055,335889,1,0,0,0,0.205858
478798,9,1,172805,45371,38887,127434,235676,0,0,0,0,0.0597533
478799,9,1,201221,54776,47662,146445,287211,0,0,0,0,0.0692885
478800,3,1,174237,46071,40395,128166,241439,0,0,0,0,0.0866315
478801,9,1,152630,41461,35606,111169,219364,0,0,0,0,0.0620321
478804,9,1,196163,54092,47015,142071,284606,0,0,0,0,0.0698896
478809,9,1,196747,52955,45905,143792,275520,0,0,0,0,0.0606558
478810,3,1,174527,46170,40484,128357,242010,0,0,0,0,0.103073
478811,9,1,152575,41442,35597,111133,219255,0,0,0,0,0.061903
478814,9,1,196247,54077,47000,142170,284435,0,0,0,0,0.0695961
478819,9,1,196276,52733,45704,143543,274210,0,0,0,0,0.0637535
478820,3,1,173554,45855,40040,127699,240988,0,0,0,0,0.0912795
478821,9,1,158929,43011,36772,115918,228162,0,0,0,0,0.0698904
478824,9,1,196275,54476,47584,141799,288945,0,0,0,0,0.0787338
478829,9,1,192910,52622,45892,140288,277512,0,0,0,0,0.0725932
478830,3,1,175461,46100,40656,129361,241681,0,0,0,0,0.137438
478831,9,1,196999,53927,47350,143072,286208,0,0,0,0,0.117489
478834,9,1,207938,57339,50678,150599,304234,0,0,0,0,0.107102
478839,9,1,204312,56074,49791,148238,297047,0,0,0,0,0.09277
478840,9,1,171494,46088,40228,125406,243122,0,0,0,0,0.0890466
478841,9,1,168826,45604,39276,123222,241334,0,0,0,0,0.0700825
478842,18,2,207786,58064,51467,149709,309820,1,0,0,0,0.16006
478844,9,1,179056,48169,41549,130887,254062,0,0,0,0,0.0711494
478845,18,1,213788,60016,53108,153772,319716,0,0,0,0,0.0739553
478848,18,1,212010,58872,51672,153138,312757,0,0,0,0,0.0910358
478849,9,1,183781,48940,42532,134841,255840,0,0,0,0,0.0603144
478870,3,1,184673,48236,41845,136437,250711,0,0,0,0,0.0833206
478871,9,1,168791,44565,38201,124226,232384,0,0,0,0,0.0562276
478874,9,1,192566,52049,45252,140517,271799,0,0,0,0,0.0690182
478879,9,1,204146,54367,47293,149779,280976,0,0,0,0,0.0684975
478880,3,1,171019,43919,38177,127100,227012,0,0,0,0,0.0918942
478881,9,1,163909,42819,36877,121090,222473,0,0,0,0,0.0658248
478884,9,1,193475,51924,45612,141551,271396,0,0,0,0,0.0589125
478889,9,1,197875,53230,46479,144645,278042,0,0,0,0,0.0603062
478890,3,1,192064,50668,43978,141396,263906,0,0,0,0,0.0856114
478891,9,1,204718,55411,48418,149307,290300,0,0,0,0,0.0708852
478894,9,1,215381,58648,51237,156733,308235,0,0,0,0,0.0792653
478899,9,1,207803,55571,48454,152232,290282,0,0,0,0,0.0671579
478900,9,1,177907,47315,40720,130592,246840,0,0,0,0,0.0634997
478901,9,1,181762,48058,41882,133704,250438,0,0,0,0,0.0604362
478902,18,1,217233,59431,51833,157802,312469,0,0,0,0,0.0616529
478904,9,1,209451,55869,48382,153582,290982,0,0,0,0,0.0655849
478905,18,1,217914,60129,52508,157785,318112,0,0,0,0,0.0638737
478908,18,1,209194,57490,50074,151704,303052,0,0,0,0,0.0689764
478909,9,1,213525,58179,50496,155346,303816,0,0,0,0,0.065221
478930,3,1,163026,41870,36328,121156,217255,0,0,0,0,0.0844052
478931,9,1,157937,41776,35758,116161,219033,0,0,0,0,0.0709096
478934,9,1,188445,50882,44334,137563,266891,0,0,0,0,0.0660383
478939,9,1,190888,51398,44604,139490,268445,0,0,0,0,0.0636059
478940,3,1,180334,47571,41017,132763,248944,0,0,0,0,0.0951913
478941,9,1,197833,53724,46823,144109,283322,0,0,0,0,0.0691958
478944,9,1,205666,56089,48915,149577,296098,0,0,0,0,0.0664128
478949,9,1,200930,54468,47556,146462,287009,0,0,0,0,0.0700688
478950,9,1,168935,45300,38761,123635,238147,0,0,0,0,0.0682246
478951,9,1,176968,47130,40925,129838,247183,0,0,0,0,0.0582864
478954,9,1,210406,56204,48618,154202,292888,0,0,0,0,0.0662223
478955,18,1,212491,58571,50875,153920,310214,0,0,0,0,0.0624669
478958,18,1,200691,54779,47905,145912,289258,0,0,0,0,0.0642188
478959,9,1,203109,55616,48405,147493,291984,0,0,0,0,0.0836088
478962,18,1,210882,58185,50755,152697,308152,0,0,0,0,0.0714681
478980,3,1,168896,44402,38179,124494,232790,0,0,0,0,0.116546
478981,9,1,213650,59020,51421,154630,311695,0,0,0,0,0.0807318
478984,9,1,225935,62123,54100,163812,325548,0,0,0,0,0.0757164
478989,9,1,187022,50974,44727,136048,269688,0,0,0,0,0.0653082
478990,9,1,160963,43105,36523,117858,227229,0,0,0,0,0.0691736
478991,9,1,186492,50155,43545,136337,264236,0,0,0,0,0.0628817
478994,9,1,193103,51726,44969,141377,272354,0,0,0,0,0.0626075
478999,9,1,194750,53378,46253,141372,280863,0,0,0,0,0.0697507
479002,18,1,209280,58794,50805,150486,313982,0,0,0,0,0.0729402
479005,18,1,213729,59852,51752,153877,318782,0,0,0,0,0.0687453
479008,18,1,198029,54303,46767,143726,287998,0,0,0,0,0.0649316
479020,9,1,184383,51241,44197,133142,271362,0,0,0,0,0.0764026
479021,9,1,189541,52000,44959,137541,274536,0,0,0,0,0.0684529
479024,9,1,200291,55341,47889,144950,292646,0,0,0,0,0.0745966
479029,9,1,206022,57739,51064,148283,305785,0,0,0,0,0.134741
479042,18,1,202790,57071,49626,145719,305369,0,0,0,0,0.0924395
479045,18,1,206360,58005,50541,148355,310102,0,0,0,0,0.0702296
479048,18,1,204407,56556,49163,147851,300598,0,0,0,0,0.0749308
479070,9,1,198512,53602,46257,144910,279498,0,0,0,0,0.0928963
479071,9,1,200841,54462,47273,146379,284322,0,0,0,0,0.0722561
479072,9,1,189279,50848,44542,138431,265968,0,0,0,0,0.0597806
479073,9,1,203581,55288,48086,148293,288002,0,0,0,0,0.0635405
479074,9,1,207548,56934,49676,150614,297796,0,0,0,0,0.0776154
479075,9,2,253428,69110,60490,184305,365478,1,0,0,0,0.195715
479076,9,1,203802,55290,48105,148512,287903,0,0,0,0,0.0651373
479077,9,2,255305,69130,60236,186162,363637,1,0,0,0,0.175686
479078,9,1,199286,53765,46273,145521,280426,0,0,0,0,0.081512
479079,9,1,210805,57384,50340,153421,300643,0,0,0,0,0.0849721
479080,3,1,176055,46755,40981,129300,245444,0,0,0,0,0.0849464
479081,9,1,180339,47576,41473,132763,246184,0,0,0,0,0.0590976
479084,9,1,178998,47418,41262,131580,247754,0,0,0,0,0.0650592
479089,9,1,159214,41448,35757,117766,215068,0,0,0,0,0.0524403
479090,3,1,176362,46855,41071,129507,246009,0,0,0,0,0.0847083
479091,9,1,180219,47519,41458,132700,245823,0,0,0,0,0.0574334
479094,9,1,179126,47470,41328,131656,248057,0,0,0,0,0.0580688
479099,9,1,159522,41550,35880,117972,215662,0,0,0,0,0.0721648
479100,3,1,175760,46588,40662,129172,245039,0,0,0,0,0.132315
479101,9,1,184695,49147,42911,135548,256802,0,0,0,0,0.0638884
479104,9,1,222606,61169,53653,161437,321022,0,0,0,0,0.0721868
479109,9,1,219393,59728,52483,159665,312279,0,0,0,0,0.0726548
479110,3,1,177541,46961,41440,130580,246781,0,0,0,0,0.158856
479111,9,1,179263,47548,41447,131715,250248,0,0,0,0,0.11502
479114,9,1,202262,54775,48632,147487,288942,0,0,0,0,0.0977379
479119,9,1,186795,50058,43912,136737,263476,0,0,0,0,0.092804
479120,9,1,191373,50447,44373,140926,262028,0,0,0,0,0.119868
479121,9,1,173269,45705,39597,127564,238314,0,0,0,0,0.09121
479122,18,1,180954,47491,40921,133463,247020,0,0,0,0,0.0884964
479124,9,2,260906,71475,62550,189418,377721,1,0,0,0,0.213301
479125,18,1,192782,51976,45417,140806,274046,0,0,0,0,0.0658678
479128,18,1,188999,50952,44184,138047,268873,0,0,0,0,0.0680781
479129,9,2,259762,70762,61652,188987,373628,1,0,0,0,0.178114
479150,3,1,185068,48343,42017,136725,251260,0,0,0,0,0.0873777
479151,9,2,360189,94151,81996,266025,484524,1,0,0,0,0.201576
479154,9,1,176914,45748,39635,131166,235796,0,0,0,0,0.0872818
479159,9,1,160080,41189,35484,118891,212893,0,0,0,0,0.0791424
479160,3,1,172989,44555,38755,128434,230432,0,0,0,0,0.116954
479161,9,2,262886,70450,61456,192423,369469,1,0,0,0,0.148468
479164,9,1,180915,47722,42106,133193,248024,0,0,0,0,0.0853289
479169,9,1,179131,47760,41843,131371,250110,0,0,0,0,0.0636575
479170,3,1,192039,50911,44195,141128,265680,0,0,0,0,0.0947567
479171,9,1,202836,54262,47299,148574,283202,0,0,0,0,0.0683811
479174,9,2,386484,104729,91698,281742,548269,1,0,0,0,0.185728
479179,9,1,194279,51293,44213,142986,267546,0,0,0,0,0.193099
479180,9,2,273607,75031,65345,198563,395766,1,0,0,0,0.191619
479181,9,1,179306,47179,40783,132127,245333,0,0,0,0,0.0615418
479182,18,1,180932,47852,41190,133080,249393,0,0,0,0,0.0557672
479184,9,1,186703,49306,42130,137397,258037,0,0,0,0,0.0646993
479185,18,1,216120,58966,50524,157154,310907,0,0,0,0,0.0698392
479188,18,1,188677,50158,43283,138519,262633,0,0,0,0,0.0763576
479189,9,1,174421,46376,40029,128045,243429,0,0,0,0,0.0793914
479210,3,1,166076,42926,37244,123150,223169,0,0,0,0,0.100387
479211,9,1,185574,47981,41790,137593,246955,0,0,0,0,0.0728627
479214,9,1,181497,47913,42042,133584,249501,0,0,0,0,0.0758932
479219,9,1,191682,51739,45356,139943,271574,0,0,0,0,0.0665228
479220,3,1,183165,48825,42244,134340,256294,0,0,0,0,0.105384
479221,9,1,190692,50908,44244,139784,267188,0,0,0,0,0.0695452
479224,9,1,226834,61429,53569,165405,320488,0,0,0,0,0.0711078
479229,9,1,180896,47831,41498,133065,251005,0,0,0,0,0.0630825
479230,9,1,188421,49777,42650,138644,257714,0,0,0,0,0.0683486
479231,9,1,174089,46058,39694,128031,240864,0,0,0,0,0.0715027
479234,9,1,201780,53858,46534,147922,281951,0,0,0,0,0.0733417
479235,18,1,225086,61939,53592,163147,327382,0,0,0,0,0.0629832
479238,18,1,187256,49991,43358,137265,262297,0,0,0,0,0.0570477
479239,9,1,190064,51401,44824,138663,270662,0,0,0,0,0.0621018
479242,18,1,180887,47850,41151,133037,249396,0,0,0,0,0.054375
479260,3,1,171192,45561,39390,125631,239554,0,0,0,0,0.0944743
479261,9,1,191252,51414,44618,139838,270055,0,0,0,0,0.0692051
479264,9,1,206408,56165,48966,150243,295933,0,0,0,0,0.0669352
479269,9,1,161403,42216,36354,119187,221289,0,0,0,0,0.0600111
479270,9,1,183662,48512,41725,135150,251883,0,0,0,0,0.0655109
479271,9,1,206229,55430,47740,150799,289493,0,0,0,0,0.0776207
479274,9,1,211117,56647,48881,154470,295108,0,0,0,0,0.0671642
479279,9,1,208273,56571,48757,151702,295138,0,0,0,0,0.0711918
479282,18,1,198861,53958,46209,144903,284816,0,0,0,0,0.0668904
479285,18,1,218794,59565,51339,159229,314086,0,0,0,0,0.0770569
479288,18,1,183643,48754,41829,134889,255843,0,0,0,0,0.0648299
479300,9,1,162186,43039,36984,119147,225806,0,0,0,0,0.0650472
479301,9,1,178276,48124,41561,130152,254125,0,0,0,0,0.0666426
479304,9,1,190281,51678,45071,138603,273226,0,0,0,0,0.0674821
479309,9,1,187652,50964,44795,136688,268782,0,0,0,0,0.0954145
479322,18,1,189607,51491,44742,138116,272601,0,0,0,0,0.0709376
479325,18,1,201323,54877,47738,146446,290533,0,0,0,0,0.0712641
479328,18,1,204261,55522,48135,148739,293157,0,0,0,0,0.0700011
479350,9,1,150503,38830,32727,111673,201566,0,0,0,0,0.0871303
479351,9,1,165908,43762,37708,122146,228899,0,0,0,0,0.062432
479352,9,1,154812,40079,34583,114733,208768,0,0,0,0,0.0723501
479353,9,1,154109,39968,34365,114141,207529,0,0,0,0,0.0777019
479354,9,1,185747,50136,43728,135611,263856,0,0,0,0,0.0793424
479355,9,1,161871,42146,36493,119725,219732,0,0,0,0,0.0628753
479356,9,1,168115,44094,38253,124021,229347,0,0,0,0,0.0568097
479357,9,1,169934,44223,38003,125711,229927,0,0,0,0,0.0603244
479358,9,1,193975,51621,44590,142354,267341,0,0,0,0,0.0656445
479359,9,1,171701,45675,39782,126026,239387,0,0,0,0,0.121846
479360,9,1,147662,39038,33804,108624,204957,0,0,0,0,0.0572667
479361,9,2,213527,58040,51037,155474,303882,1,0,0,0,0.189561
479364,9,2,253508,68331,59916,185165,357581,1,0,0,0,0.186714
479369,9,2,172891,45361,39581,127517,235919,1,0,0,0,0.163966
479370,9,1,147700,39068,33847,108632,205148,0,0,0,0,0.0582484
479371,9,2,213146,57959,50937,155174,303446,1,0,0,0,0.159272
479374,9,2,253137,68237,59820,184888,357038,1,0,0,0,0.147836
479379,9,2,172659,45308,39501,127338,235632,1,0,0,0,0.142224
479380,9,1,147444,39021,33598,108423,205565,0,0,0,0,0.0590712
479381,9,1,178300,46723,40565,131577,239923,0,0,0,0,0.0582164
479384,9,2,173781,47039,40920,126730,248357,1,0,0,0,0.159048
479389,9,2,171576,45766,39954,125798,240525,1,0,0,0,0.170414
479390,9,1,157404,41497,36107,115907,218136,0,0,0,0,0.0791468
479391,9,1,160806,42784,37008,118022,225549,0,0,0,0,0.0635224
479394,9,1,175854,47500,41439,128354,251225,0,0,0,0,0.0628688
479399,9,1,168065,44970,39284,123095,236293,0,0,0,0,0.0565675
479400,9,1,185535,48454,42788,137081,248790,0,0,0,0,0.0787928
479401,9,1,183289,48380,42342,134909,249615,0,0,0,0,0.0592669
479404,9,2,167079,45582,39630,121484,241106,1,0,0,0,0.146766
479409,9,2,163091,43803,38227,119275,231173,1,0,0,0,0.147875
479430,9,1,158003,41031,34805,116972,213552,0,0,0,0,0.057573
479431,9,2,205187,54452,47723,150722,282079,1,0,0,0,0.135207
479434,9,2,198030,52773,46131,145244,273945,1,0,0,0,0.139809
479439,9,1,152494,39695,33867,112799,204175,0,0,0,0,0.0543786
479440,9,1,150847,38885,33042,111962,201720,0,0,0,0,0.0571964
479441,9,1,180238,46181,39967,134057,233796,0,0,0,0,0.0523019
479444,9,2,199668,54304,47520,145351,285670,1,0,0,0,0.140701
479449,9,1,175448,47293,41135,128155,246381,0,0,0,0,0.0613629
479450,9,1,168890,44511,37691,124379,232213,0,0,0,0,0.0689803
479451,9,2,259003,70813,61984,188178,374176,1,0,0,0,0.184451
479454,9,2,219238,61026,53885,158200,323328,1,0,0,0,0.157662
479459,9,1,173001,46139,39694,126862,241080,0,0,0,0,0.073883
479460,9,1,193461,50282,43583,143179,255766,0,0,0,0,0.0651456
479461,9,1,174842,46633,39946,128209,242591,0,0,0,0,0.0564236
479464,9,2,168126,44898,39161,123215,235305,1,0,0,0,0.13474
479469,9,1,168962,44871,38535,124091,234268,0,0,0,0,0.0568598
479490,9,1,143516,37071,31221,106445,193251,0,0,0,0,0.0742278
479491,9,1,175062,45236,39239,129826,230363,0,0,0,0,0.0580271
479494,9,2,202917,55333,48396,147571,292100,1,0,0,0,0.157373
479499,9,1,186422,50931,44437,135491,267709,0,0,0,0,0.0685352
479500,9,1,157202,41594,35277,115608,218468,0,0,0,0,0.0624801
479501,9,2,253178,69540,60573,183626,369029,1,0,0,0,0.205799
479504,9,2,226238,63585,55801,162641,338329,1,0,0,0,0.143279
479509,9,1,168436,44826,38498,123610,234642,0,0,0,0,0.0567707
479510,9,1,182365,47576,41289,134789,243633,0,0,0,0,0.0591636
479511,9,1,166160,44864,38531,121296,235401,0,0,0,0,0.0571685
479514,9,2,173068,46582,40419,126473,245286,1,0,0,0,0.132661
479519,9,1,180222,47989,41412,132233,250561,0,0,0,0,0.0592993
479540,9,1,147152,38518,32617,108634,202050,0,0,0,0,0.0636847
479541,9,2,160975,42787,37072,118175,225131,1,0,0,0,0.131294
479544,9,2,168582,45219,39228,123350,238449,1,0,0,0,0.140854
479549,9,1,159548,42564,36013,116984,224022,0,0,0,0,0.0870297
479550,9,1,176942,46341,40087,130601,238161,0,0,0,0,0.074846
479551,9,2,211764,58231,50768,153521,308071,1,0,0,0,0.152898
479554,9,2,215696,60054,52183,155630,318782,1,0,0,0,0.141474
479559,9,1,189970,50781,43705,139189,264987,0,0,0,0,0.0643552
479580,9,1,142721,37309,31862,105412,194397,0,0,0,0,0.0597199
479581,9,1,162246,43143,37258,119103,226111,0,0,0,0,0.0659855
479584,9,1,179443,48183,41888,131260,253516,0,0,0,0,0.0621449
479589,9,1,164039,43546,37820,120493,227681,0,0,0,0,0.0780119
479630,9,1,143103,37477,31776,105626,194494,0,0,0,0,0.064361
479631,9,1,162252,42924,37287,119328,223508,0,0,0,0,0.0636151
479632,9,1,159593,42161,35754,117432,219711,0,0,0,0,0.0583092
479633,9,2,155953,40900,35045,115040,214132,1,0,0,0,0.149064
479634,9,1,179914,48411,42295,131503,253627,0,0,0,0,0.063882
479635,9,1,170193,45402,38743,124791,237025,0,0,0,0,0.0716421
479636,9,2,158795,41761,35967,117021,219012,1,0,0,0,0.143401
479637,9,1,171095,45940,39106,125155,240747,0,0,0,0,0.0603076
479638,9,1,191426,50397,42877,141029,259640,0,0,0,0,0.0570359
479639,9,1,157152,41379,35674,115773,215397,0,0,0,0,0.0722771
479922,18,1,177820,47422,41601,130398,246801,0,0,0,0,0.0552371
479925,18,1,183391,49198,43217,134193,257674,0,0,0,0,0.0515585
479928,18,1,169866,45256,39257,124610,236610,0,0,0,0,0.0492274
479932,18,1,177672,47359,41548,130313,246417,0,0,0,0,0.055751
479935,18,1,183653,49257,43256,134396,257932,0,0,0,0,0.053791
479938,18,1,169873,45220,39228,124653,236317,0,0,0,0,0.0652773
479942,18,1,184433,49720,43423,134713,261348,0,0,0,0,0.0768247
479945,18,1,210783,58110,50626,152673,305373,0,0,0,0,0.0681709
479948,18,1,213130,58455,50949,154675,306487,0,0,0,0,0.0605101
479952,18,1,186920,50093,43822,136827,263037,0,0,0,0,0.0904381
479955,18,1,198467,54155,47852,144312,285985,0,0,0,0,0.0660221
479958,18,1,204587,56351,49667,148236,298792,0,0,0,0,0.0725207
479962,18,1,179599,49150,43187,130449,260043,0,0,0,0,0.0684825
479965,18,1,195412,53838,47532,141574,285662,0,0,0,0,0.0679429
479968,18,1,198103,55213,48607,142890,294044,0,0,0,0,0.0666416
479970,18,1,187355,50120,44214,137235,262303,0,0,0,0,0.0907421
479971,18,1,191132,51368,44912,139764,269116,0,0,0,0,0.0673916
479972,18,1,182734,49075,42563,133659,257908,0,0,0,0,0.0641275
479973,18,1,161396,42361,37103,119035,218820,0,0,0,0,0.0631448
479974,18,1,193166,51937,45389,141229,271472,0,0,0,0,0.0806756
479975,18,1,193343,52241,45907,141102,275932,0,0,0,0,0.0919729
479976,18,1,183578,48742,42903,134836,253668,0,0,0,0,0.0627206
479977,18,1,182676,49004,42845,133672,256717,0,0,0,0,0.0614562
479978,18,1,183194,48984,42802,134210,257634,0,0,0,0,0.0664143
479979,18,1,190902,51450,44947,139452,269673,0,0,0,0,0.0647025
479992,18,1,195093,51081,44642,144012,263809,0,0,0,0,0.0778795
479995,18,1,179995,46958,40936,133037,243039,0,0,0,0,0.0516144
479998,18,1,167824,43612,37688,124212,225992,0,0,0,0,0.0500605
