580002,36,1,209368,57224,49405,152144,301577,0,0,0,0,0.0647403
580005,36,1,226601,62491,54487,164110,331001,0,0,0,0,0.0608901
580008,36,1,227323,63436,55033,163887,337432,0,0,0,0,0.0610377
580030,18,1,201089,54708,47972,146381,288956,0,0,0,0,0.0665753
580031,18,1,208323,56579,49766,151744,297365,0,0,0,0,0.0535752
580034,18,2,247524,69832,62065,177679,375075,1,0,0,0,0.125987
580039,18,2,240101,67767,59976,172322,362855,1,0,0,0,0.129954
580052,36,1,202632,55329,48452,147303,292512,0,0,0,0,0.0596151
580055,36,1,228698,63076,55056,165622,335570,0,0,0,0,0.057631
580058,36,1,230108,63943,55900,166165,340857,0,0,0,0,0.0842577
580070,18,1,205869,56940,49196,148929,303592,0,0,0,0,0.0793338
580071,18,1,191487,51894,45493,139593,275690,0,0,0,0,0.0574666
580074,18,1,201947,55020,47775,146927,291106,0,0,0,0,0.0569381
580079,18,2,198310,54300,47814,143997,289238,1,0,0,0,0.118438
580092,36,1,205535,56097,49045,149438,299406,0,0,0,0,0.0777613
580095,36,1,221306,61427,54003,159879,329214,0,0,0,0,0.087732
580098,36,1,228735,63514,55913,165221,337644,0,0,0,0,0.0648267
580100,18,1,210307,58117,50410,152190,308705,0,0,0,0,0.0711848
580101,18,1,198467,53745,46928,144722,284378,0,0,0,0,0.0553578
580104,18,1,208446,56507,49136,151939,297322,0,0,0,0,0.053413
580109,18,2,199469,54415,48000,145041,288584,1,0,0,0,0.113256
580122,36,1,206024,56094,48695,149930,298745,0,0,0,0,0.0571567
580125,36,1,216968,59755,52154,157213,318973,0,0,0,0,0.0619937
580128,36,1,224093,61500,54232,162593,325140,0,0,0,0,0.0642892
580150,18,1,163785,43762,37892,120023,232807,0,0,0,0,0.0599958
580151,18,1,184450,49946,43724,134504,265026,0,0,0,0,0.0521458
580152,18,1,186472,50525,44172,135947,268466,0,0,0,0,0.0527971
580153,18,1,186007,50053,44191,135954,264517,0,0,0,0,0.0553277
580154,18,1,197223,54209,47391,143014,289209,0,0,0,0,0.0583541
580155,18,1,193290,52792,46228,140498,280978,0,0,0,0,0.0554074
580156,18,1,182771,49330,43403,133441,260924,0,0,0,0,0.0524084
580157,18,1,197004,52645,46140,144359,274408,0,0,0,0,0.0579331
580158,18,1,197356,53344,46725,144012,280673,0,0,0,0,0.0818549
580159,18,1,195372,53022,46372,142350,279126,0,0,0,0,0.0749327
580430,18,1,191071,52438,46177,138633,279996,0,0,0,0,0.0948344
580431,18,1,184260,50089,43897,134171,266078,0,0,0,0,0.0679131
580432,18,1,182974,49935,43878,133039,265642,0,0,0,0,0.0654337
580433,18,2,282001,78133,68625,203855,418890,1,0,0,0,0.17854
580434,18,1,196931,54726,48357,142205,292011,0,0,0,0,0.06601
580435,18,1,195145,54610,48262,140535,292109,0,0,0,0,0.0636479
580436,18,1,189713,52972,46651,136741,283144,0,0,0,0,0.063634
580437,18,1,189910,51236,45025,138674,270198,0,0,0,0,0.057954
580438,18,1,195414,52929,46692,142485,278737,0,0,0,0,0.0627047
580439,18,2,284872,78613,69291,206246,419230,1,0,0,0,0.147452
580650,36,1,190135,52925,45767,137210,284490,0,0,0,0,0.0630819
580651,36,1,198621,54207,47182,144414,288586,0,0,0,0,0.0530819
580652,36,1,206064,56857,49767,149207,303774,0,0,0,0,0.0552528
580653,36,1,193982,53433,46774,140549,286309,0,0,0,0,0.0534637
580654,36,1,214772,59480,52004,155292,318005,0,0,0,0,0.0561295
580655,36,1,211788,58243,51332,153545,310082,0,0,0,0,0.0554469
580656,36,1,204690,56608,49341,148082,302878,0,0,0,0,0.0543033
580657,36,1,210604,57701,50766,152903,305466,0,0,0,0,0.0561708
580658,36,1,218959,60216,52794,158743,318823,0,0,0,0,0.0627065
580659,36,1,210241,57830,50264,152411,305788,0,0,0,0,0.0584653
580680,36,1,200834,56327,48963,144507,302628,0,0,0,0,0.0872574
580681,36,1,204630,55605,48403,149025,294332,0,0,0,0,0.0580459
580682,36,1,202017,55956,48920,146061,299419,0,0,0,0,0.0607521
580683,36,1,193100,53225,46652,139875,284833,0,0,0,0,0.0628741
580684,36,1,223322,61842,53817,161480,329417,0,0,0,0,0.0646757
580685,36,1,208539,57951,51182,150588,309564,0,0,0,0,0.0688113
580686,36,1,200550,55299,48376,145251,294980,0,0,0,0,0.0630306
580687,36,1,210579,57648,50642,152931,305152,0,0,0,0,0.0580727
580688,36,1,216122,59528,52083,156594,315435,0,0,0,0,0.0965631
580689,36,1,217646,59739,51833,157907,314430,0,0,0,0,0.0786625
580700,36,1,196627,55361,47822,141266,297497,0,0,0,0,0.0738043
580701,36,1,189237,51656,45229,137581,274975,0,0,0,0,0.0596613
580702,36,1,192514,52972,46553,139542,282657,0,0,0,0,0.0593254
580703,36,1,184004,50448,43983,133556,269015,0,0,0,0,0.0783719
580704,36,1,211452,59526,51906,151926,319189,0,0,0,0,0.064499
580705,36,1,207462,58479,51269,148983,314184,0,0,0,0,0.0666205
580706,36,1,182379,50417,43692,131962,268882,0,0,0,0,0.0568872
580707,36,1,193475,52457,45829,141018,277199,0,0,0,0,0.060338
580708,36,1,211360,58744,51052,152616,311827,0,0,0,0,0.0746499
580709,36,1,208708,58066,50573,150642,308019,0,0,0,0,0.0626553
581030,6,1,202406,54785,48429,147621,287962,0,0,0,0,0.0996907
581031,18,1,204452,56315,49466,148137,298018,0,0,0,0,0.0818598
581034,18,1,224540,62298,54730,162242,329569,0,0,0,0,0.0758895
581039,18,1,203355,55904,49556,147451,295717,0,0,0,0,0.0665849
581040,18,1,183247,50268,43916,132979,265841,0,0,0,0,0.0700682
581041,18,1,186498,50844,44015,135654,269377,0,0,0,0,0.0575327
581044,18,1,214650,58402,51273,156248,306596,0,0,0,0,0.0635897
581049,18,1,189051,51054,45167,137997,268548,0,0,0,0,0.0684065
581062,36,1,212286,58597,51444,153689,310090,0,0,0,0,0.0715954
581065,36,1,221554,61792,54042,159762,328489,0,0,0,0,0.067586
581068,36,1,216176,60094,52949,156082,319237,0,0,0,0,0.0670374
581090,6,1,190312,51231,45358,139081,270282,0,0,0,0,0.10739
581091,18,1,202701,56212,49277,146489,298976,0,0,0,0,0.0645336
581094,18,2,236932,67249,59548,169670,362021,1,0,0,0,0.133278
581099,18,1,190015,52245,46066,137770,276911,0,0,0,0,0.0573908
581100,18,1,169667,46247,40419,123420,245408,0,0,0,0,0.0597321
581101,18,1,183625,49272,43021,134353,260028,0,0,0,0,0.0523903
581104,18,2,277095,77482,68638,199603,414712,1,0,0,0,0.135549
581109,18,1,197092,53338,47225,143754,280252,0,0,0,0,0.0656786
581122,36,1,209977,58514,51228,151463,312032,0,0,0,0,0.0789942
581125,36,1,208365,58422,51258,149943,311467,0,0,0,0,0.0796398
581128,36,1,194234,53775,47339,140459,285982,0,0,0,0,0.0860532
581140,6,1,194777,52291,46195,142486,275786,0,0,0,0,0.0997278
581141,18,1,180838,49295,42871,131543,261778,0,0,0,0,0.0628853
581144,18,1,216712,61714,54466,154998,331052,0,0,0,0,0.0715406
581149,18,1,207457,57169,50390,150288,304084,0,0,0,0,0.0670345
581150,18,1,169746,46092,39892,123654,244743,0,0,0,0,0.0674898
581151,18,1,171503,46691,41131,124812,248962,0,0,0,0,0.0730433
581154,18,1,189277,51341,45102,137936,271460,0,0,0,0,0.06176
581159,18,2,326411,91282,80962,235116,487143,1,0,0,0,0.173101
581172,36,1,194134,53162,46746,140972,282677,0,0,0,0,0.056085
581175,36,1,217537,61072,53795,156465,326120,0,0,0,0,0.0617899
581178,36,1,207717,57590,51085,150127,306813,0,0,0,0,0.0645564
581180,6,1,176791,47004,41301,129787,249103,0,0,0,0,0.0891613
581181,18,2,197729,54378,47737,143338,291491,1,0,0,0,0.139993
581184,18,1,211237,59527,52166,151710,319530,0,0,0,0,0.0723825
581189,18,1,201277,54934,48229,146343,290493,0,0,0,0,0.0605951
581190,18,1,153941,41403,35563,112538,220933,0,0,0,0,0.0606024
581191,18,1,180498,48975,42824,131523,260613,0,0,0,0,0.0597597
581194,18,1,183591,49693,43544,133898,263346,0,0,0,0,0.0576744
581199,18,1,183445,49261,42826,134184,259355,0,0,0,0,0.0531181
581212,36,1,187029,51127,44420,135902,272524,0,0,0,0,0.0560217
581215,36,1,205646,57014,49740,148632,305010,0,0,0,0,0.0600233
581218,36,1,189096,51781,45221,137315,274368,0,0,0,0,0.0706314
581220,18,1,165592,45064,39093,120528,238579,0,0,0,0,0.0879943
581221,18,1,174349,47096,41125,127253,247161,0,0,0,0,0.0661991
581224,18,2,245875,67501,59781,178361,357503,1,0,0,0,0.162917
581229,18,1,186726,49796,43316,136930,259750,0,0,0,0,0.0690728
581242,36,1,180991,49723,43620,131268,266003,0,0,0,0,0.0588786
581245,36,1,200326,56241,49058,144085,301673,0,0,0,0,0.0616058
581248,36,1,197033,55366,48127,141667,295863,0,0,0,0,0.0580716
581270,18,1,176213,46765,40689,129448,244710,0,0,0,0,0.0807634
581271,18,1,186145,49314,43034,136831,256283,0,0,0,0,0.0590782
581272,18,2,174333,46213,40153,128108,244565,1,0,0,0,0.136063
581273,18,1,182657,48819,43278,133838,256884,0,0,0,0,0.0789379
581274,18,1,194698,51856,45524,142842,269451,0,0,0,0,0.074354
581275,18,2,209707,58330,51633,151365,312410,1,0,0,0,0.136418
581276,18,1,207583,55224,48633,152359,288544,0,0,0,0,0.0531084
581277,18,2,196273,54192,47696,142069,289482,1,0,0,0,0.12961
581278,18,1,193426,51831,45403,141595,270824,0,0,0,0,0.0529854
581279,18,1,200422,53537,46928,146885,277361,0,0,0,0,0.0602966
581320,18,2,237626,67665,60087,169949,363764,1,0,0,0,0.140898
581321,18,1,189210,51143,44809,138067,269200,0,0,0,0,0.0535813
581324,18,1,205745,56296,49619,149449,296437,0,0,0,0,0.0536837
581329,18,1,183635,49102,43518,134533,257662,0,0,0,0,0.0587168
581342,36,1,202972,55585,48414,147387,295045,0,0,0,0,0.0581523
581345,36,1,221552,61514,53835,160038,328272,0,0,0,0,0.0580968
581348,36,1,203845,55349,49041,148496,292369,0,0,0,0,0.0549701
581380,18,1,188580,51565,45412,137015,273266,0,0,0,0,0.0590715
581381,18,1,191021,51160,44913,139861,269262,0,0,0,0,0.0550218
581384,18,2,279627,77925,69048,201689,416577,1,0,0,0,0.147921
581389,18,1,195012,52262,46083,142750,272299,0,0,0,0,0.0596926
581402,36,1,197036,53532,46807,143504,284213,0,0,0,0,0.0571676
581405,36,1,211603,58402,51164,153201,311000,0,0,0,0,0.0623902
581408,36,1,201378,55304,48697,146074,293593,0,0,0,0,0.067127
581430,18,1,185768,50573,44222,135195,267618,0,0,0,0,0.0788913
581431,18,1,179280,48189,42429,131091,255203,0,0,0,0,0.0693343
581434,18,2,280584,78778,70023,201793,422591,1,0,0,0,0.162836
581439,18,2,323580,90375,80045,233192,482105,1,0,0,0,0.165778
581452,36,1,189507,51560,45274,137947,274658,0,0,0,0,0.0537899
581455,36,1,218359,60311,53119,158048,321252,0,0,0,0,0.059649
581458,36,1,220745,60867,54039,159878,323556,0,0,0,0,0.0595706
581470,18,1,177338,48538,42525,128800,259440,0,0,0,0,0.0631029
581471,18,1,189165,50945,44753,138220,269433,0,0,0,0,0.0571465
581474,18,1,186742,49957,43682,136785,263032,0,0,0,0,0.0526472
581479,18,1,187652,49949,43384,137703,260535,0,0,0,0,0.0571694
581492,36,1,189468,51899,45342,137569,277410,0,0,0,0,0.0556824
581495,36,1,207593,56922,50000,150671,304168,0,0,0,0,0.0576151
581498,36,1,203977,55643,49138,148334,294276,0,0,0,0,0.0596458
581500,18,1,174517,48167,42054,126350,258282,0,0,0,0,0.0595962
581501,18,1,180661,49121,42971,131540,259677,0,0,0,0,0.0600563
581504,18,2,243887,68297,60417,175577,366716,1,0,0,0,0.14248
581509,18,1,195833,52344,45626,143489,273308,0,0,0,0,0.080127
581522,36,1,188627,51975,45664,136652,278880,0,0,0,0,0.0576921
581525,36,1,205514,57579,50764,147935,309572,0,0,0,0,0.059596
581528,36,1,204732,56904,50103,147828,303339,0,0,0,0,0.0613788
581550,18,1,170595,45767,39857,124828,242148,0,0,0,0,0.0571676
581551,18,1,184241,49353,43426,134888,258770,0,0,0,0,0.0559191
581552,18,2,181691,48478,42189,133201,257208,1,0,0,0,0.136845
581553,18,1,175101,46202,40741,128899,241977,0,0,0,0,0.0599296
581554,18,2,323852,90513,79892,233326,484468,1,0,0,0,0.21044
581555,18,2,207353,57344,50568,149997,306369,1,0,0,0,0.125109
581556,18,1,200638,53531,47174,147107,280302,0,0,0,0,0.0517085
581557,18,2,197016,53958,47719,143046,286841,1,0,0,0,0.143313
581558,18,1,190629,51126,44655,139503,267341,0,0,0,0,0.0526171
581559,18,1,202119,54298,47542,147821,282885,0,0,0,0,0.0610047
581830,18,1,182741,50061,43551,132680,265492,0,0,0,0,0.0641369
581831,18,2,355376,97725,86074,257638,519916,1,0,0,0,0.188506
581832,18,1,188901,51298,45607,137603,269599,0,0,0,0,0.08064
581833,18,1,190947,51579,45724,139368,270918,0,0,0,0,0.0828121
581834,18,2,333365,93528,83009,239824,499665,1,0,0,0,0.218461
581835,18,1,215074,58972,51749,156102,310773,0,0,0,0,0.0639796
581836,18,2,291039,81073,71683,209953,433689,1,0,0,0,0.157203
581837,18,2,201785,55171,48471,146602,293391,1,0,0,0,0.133591
581838,18,2,198452,54199,47582,144240,288290,1,0,0,0,0.133595
581839,18,2,282202,78226,69265,203963,415799,1,0,0,0,0.200002
582080,36,1,200813,56027,48580,144786,300449,0,0,0,0,0.0595269
582081,36,1,208686,57119,49410,151567,302381,0,0,0,0,0.0585433
582082,36,1,199594,54591,48010,145003,290821,0,0,0,0,0.0553414
582083,36,1,197440,53578,47156,143862,284690,0,0,0,0,0.0546026
582084,36,1,216314,59740,52282,156574,317306,0,0,0,0,0.0594404
582085,36,1,220984,61783,54153,159201,330264,0,0,0,0,0.0598678
582086,36,1,221541,60845,53118,160696,323614,0,0,0,0,0.0597134
582087,36,1,220683,60876,53316,159807,322469,0,0,0,0,0.0862503
582088,36,1,221733,61377,53044,160356,325973,0,0,0,0,0.0579204
582089,36,1,230415,63031,54995,167384,330753,0,0,0,0,0.0678033
582100,36,1,187978,52078,45226,135900,277734,0,0,0,0,0.0565427
582101,36,1,202944,56316,49044,146628,297910,0,0,0,0,0.0592184
582102,36,1,195905,53377,47217,142528,283191,0,0,0,0,0.0678829
582103,36,1,189822,51937,45810,137885,276069,0,0,0,0,0.0768975
582104,36,2,337468,95563,84364,241892,512613,1,0,0,0,0.175621
582105,36,1,222055,62167,54437,159888,331415,0,0,0,0,0.0685611
582106,36,1,210112,58356,51195,151756,309209,0,0,0,0,0.0547802
582107,36,2,198036,54504,47884,143520,290310,1,0,0,0,0.121768
582108,36,1,210084,57880,50293,152204,305235,0,0,0,0,0.0595838
582109,36,1,217323,59653,52201,157670,312390,0,0,0,0,0.070767
582440,18,2,243233,69401,61690,173820,372229,1,0,0,0,0.151705
582441,18,1,185697,50304,44080,135393,264434,0,0,0,0,0.0580849
582444,18,1,197872,54184,47584,143688,286607,0,0,0,0,0.0724507
582449,18,1,174385,46728,41426,127657,246155,0,0,0,0,0.0760004
582462,36,1,187617,51216,44357,136401,271679,0,0,0,0,0.0674632
582465,36,1,213332,59653,51944,153679,318789,0,0,0,0,0.0614488
582468,36,1,201475,54556,48040,146919,287484,0,0,0,0,0.0592897
582500,18,1,200621,54511,47876,146110,285626,0,0,0,0,0.0621965
582501,18,1,194815,52453,46304,142362,276336,0,0,0,0,0.0602354
582504,18,2,285781,79937,71055,205831,426957,1,0,0,0,0.139859
582509,18,1,194461,52135,45981,142326,271685,0,0,0,0,0.0567597
582522,36,1,189503,51224,45009,138279,270413,0,0,0,0,0.0545251
582525,36,1,210158,58084,51079,152074,308991,0,0,0,0,0.0624163
582528,36,1,210206,57496,50722,152710,304290,0,0,0,0,0.0588419
582550,18,1,195393,52804,46156,142589,277190,0,0,0,0,0.0605777
582551,18,1,176673,47610,41839,129063,252655,0,0,0,0,0.0585634
582554,18,2,286579,80136,71157,206431,428257,1,0,0,0,0.141207
582559,18,2,316721,88179,78127,228529,470013,1,0,0,0,0.170289
582572,36,1,182531,49228,43147,133303,260815,0,0,0,0,0.0531202
582575,36,1,215165,59304,52002,155861,315653,0,0,0,0,0.0582046
582578,36,1,220131,60607,53335,159524,322077,0,0,0,0,0.0619304
582590,18,1,188182,50701,44447,137481,267429,0,0,0,0,0.0626094
582591,18,1,200538,53716,47142,146822,281341,0,0,0,0,0.0575652
582594,18,1,199968,53229,46710,146739,277228,0,0,0,0,0.0545261
582599,18,1,195882,51904,44790,143978,268267,0,0,0,0,0.0516284
582612,36,1,193647,52934,46324,140713,282272,0,0,0,0,0.0555473
582615,36,1,205708,56261,49244,149447,299825,0,0,0,0,0.0561532
582618,36,1,207795,56632,49945,151163,299083,0,0,0,0,0.0560437
582620,18,1,173630,47251,41256,126379,252530,0,0,0,0,0.05754
582621,18,1,182508,49256,42877,133252,259996,0,0,0,0,0.0559397
582624,18,2,322319,90128,79164,232178,482180,1,0,0,0,0.162625
582629,18,1,192509,51416,44994,141093,268615,0,0,0,0,0.0772859
582642,36,1,190228,52237,46072,137991,279506,0,0,0,0,0.085967
582645,36,1,210217,58771,51759,151446,315194,0,0,0,0,0.0860513
582648,36,1,210946,58634,51513,152312,312516,0,0,0,0,0.0878548
582670,18,1,155932,41432,35970,114500,220116,0,0,0,0,0.0620106
582671,18,1,175254,47289,41521,127965,250209,0,0,0,0,0.0606931
582672,18,1,170121,45307,40080,124814,239921,0,0,0,0,0.0607163
582673,18,1,166459,43996,38948,122463,232009,0,0,0,0,0.0581827
582674,18,1,174439,47224,41393,127215,250503,0,0,0,0,0.0615099
582675,18,1,191136,51503,45279,139633,271785,0,0,0,0,0.0591242
582676,18,1,185082,49893,43882,135189,264586,0,0,0,0,0.073983
582677,18,1,178902,47958,41805,130944,252011,0,0,0,0,0.0557222
582678,18,1,181770,49030,42651,132740,258100,0,0,0,0,0.0541806
582679,18,1,196276,53312,46640,142964,280330,0,0,0,0,0.0617724
582950,18,1,165018,44860,38859,120158,238757,0,0,0,0,0.0577734
582951,18,1,187804,51600,45263,136204,272990,0,0,0,0,0.0610074
582952,18,1,183541,49989,44430,133552,264193,0,0,0,0,0.062049
582953,18,1,182598,49447,43917,133151,261128,0,0,0,0,0.0712289
582954,18,1,180962,49077,43072,131885,259255,0,0,0,0,0.087056
582955,18,1,208251,57453,50566,150798,304737,0,0,0,0,0.0796452
582956,18,1,199505,55024,48471,144481,292474,0,0,0,0,0.062665
582957,18,1,201539,55440,48534,146099,293122,0,0,0,0,0.0642008
582958,18,2,194701,53081,46577,141607,282167,1,0,0,0,0.150211
582959,18,2,279575,77580,68250,201982,413666,1,0,0,0,0.198998
583220,36,1,173377,47407,41058,125970,253513,0,0,0,0,0.0626054
583221,36,1,194554,53941,47049,140613,286937,0,0,0,0,0.0599046
583222,36,1,185556,50741,44828,134815,271000,0,0,0,0,0.0583983
583223,36,1,179878,49177,43316,130701,262647,0,0,0,0,0.0677411
583224,36,1,191459,53165,46627,138294,283357,0,0,0,0,0.0652857
583225,36,1,213499,59915,52496,153584,321090,0,0,0,0,0.0638511
583226,36,1,194351,53775,47113,140576,287146,0,0,0,0,0.0586381
583227,36,1,201012,55761,48762,145251,296828,0,0,0,0,0.057403
583228,36,1,200642,55233,47987,145409,292588,0,0,0,0,0.0588675
583229,36,1,209473,57872,50639,151601,305146,0,0,0,0,0.0630842
583790,18,1,155915,41983,35982,113932,223583,0,0,0,0,0.0767113
583791,18,1,176632,48093,42032,128539,254564,0,0,0,0,0.0848211
583792,18,1,176669,48236,42463,128433,257918,0,0,0,0,0.0600727
583793,18,1,176723,48266,42460,128457,258052,0,0,0,0,0.0822441
583794,18,1,171190,46297,40370,124893,245157,0,0,0,0,0.0866415
583795,18,1,195150,54034,47592,141116,288901,0,0,0,0,0.0777169
583796,18,1,195140,54029,47587,141111,288868,0,0,0,0,0.0757503
583797,18,1,194126,53627,46961,140499,285102,0,0,0,0,0.0622447
583798,18,1,193713,53540,46912,140173,284703,0,0,0,0,0.074439
583799,18,1,185097,49616,43160,135481,260672,0,0,0,0,0.0770592
585200,3,1,151697,40573,34292,111124,214180,0,0,0,0,0.151905
585201,9,1,145929,39685,33515,106244,210445,0,0,0,0,0.130048
585204,9,1,175083,48312,42429,126771,256017,0,0,0,0,0.0977888
585209,9,1,168476,47170,40738,121306,251640,0,0,0,0,0.108604
585210,3,1,162734,44977,38684,117757,239059,0,0,0,0,0.126506
585211,9,1,159010,43942,36761,115068,234136,0,0,0,0,0.0718717
585214,9,1,188068,52194,44847,135874,277065,0,0,0,0,0.0668652
585219,9,1,168846,46775,40064,122071,249303,0,0,0,0,0.0675657
585220,3,1,162689,44964,38679,117725,238986,0,0,0,0,0.120135
585221,9,1,158787,43888,36752,114899,233876,0,0,0,0,0.0841304
585224,9,1,188144,52196,44840,135948,277031,0,0,0,0,0.0777864
585229,9,1,168886,46811,40081,122075,249572,0,0,0,0,0.0764177
585230,3,1,162584,44929,38654,117655,238779,0,0,0,0,0.123836
585231,9,1,185277,53227,45546,132050,286164,0,0,0,0,0.0722765
585234,9,1,210639,59552,51739,151087,317112,0,0,0,0,0.0733224
585239,9,1,155463,42833,36124,112630,228549,0,0,0,0,0.0686559
585240,9,1,143871,39538,33437,104333,210713,0,0,0,0,0.0894282
585241,9,1,167345,46690,40618,120655,249754,0,0,0,0,0.0859715
585242,18,1,168597,47005,40244,121592,250738,0,0,0,0,0.0639975
585244,9,1,190374,52871,45930,137503,281283,0,0,0,0,0.0660963
585245,18,1,186558,52615,45053,133943,281384,0,0,0,0,0.0879137
585248,18,1,185592,51222,44012,134370,271446,0,0,0,0,0.098821
585249,9,1,162900,45378,39021,117522,241907,0,0,0,0,0.126656
585270,3,1,188464,52803,46187,135661,280763,0,0,0,0,0.124827
585271,9,1,176676,48988,41943,127688,259880,0,0,0,0,0.0842965
585274,9,1,202469,56215,48629,146254,296879,0,0,0,0,0.0764421
585279,9,1,179959,49294,42390,130665,260228,0,0,0,0,0.0677639
585280,3,1,188359,52751,46146,135608,280415,0,0,0,0,0.108042
585281,9,1,176575,48933,41926,127642,259491,0,0,0,0,0.0956556
585284,9,1,202451,56169,48611,146282,296538,0,0,0,0,0.0897687
585289,9,1,179376,49050,42194,130326,258784,0,0,0,0,0.0607072
585290,3,1,188345,52745,46158,135600,280387,0,0,0,0,0.0955915
585291,9,1,213581,61209,53266,152372,326684,0,0,0,0,0.0738048
585294,9,1,226167,64049,56033,162118,339560,0,0,0,0,0.0808913
585299,9,1,169905,46221,39280,123684,244264,0,0,0,0,0.0854816
585300,9,1,171420,48179,41653,123241,257231,0,0,0,0,0.0882019
585301,9,1,189779,53020,46091,136759,281902,0,0,0,0,0.0667556
585302,18,1,193090,54309,47118,138781,289700,0,0,0,0,0.070759
585304,9,1,205589,56998,48916,148591,301053,0,0,0,0,0.0678249
585305,18,1,202973,57106,49617,145867,304113,0,0,0,0,0.0744359
585308,18,1,201526,55907,47836,145619,295296,0,0,0,0,0.104797
585309,9,1,187009,53124,46378,133885,283215,0,0,0,0,0.101708
585330,3,1,168536,45741,39628,122795,241025,0,0,0,0,0.102548
585331,9,1,143769,38717,33456,105052,204390,0,0,0,0,0.0632031
585334,9,1,187368,51846,44486,135522,272943,0,0,0,0,0.0693133
585339,9,1,200266,55618,48505,144648,293752,0,0,0,0,0.0712209
585340,3,1,168509,45725,39607,122784,240920,0,0,0,0,0.0915171
585341,9,1,163951,44932,39633,119019,237888,0,0,0,0,0.0648173
585344,9,1,181829,50552,43915,131277,267685,0,0,0,0,0.0673268
585349,9,1,177028,47985,41623,129043,252022,0,0,0,0,0.0605277
585350,9,1,169021,46579,39681,122442,246557,0,0,0,0,0.0660421
585351,9,1,190381,51624,44489,138757,270987,0,0,0,0,0.0918267
585354,9,1,189498,51924,44770,137574,274546,0,0,0,0,0.0702146
585355,18,1,205838,57061,49388,148777,302984,0,0,0,0,0.0705014
585358,18,1,197076,54230,46660,142846,285900,0,0,0,0,0.0900221
585359,9,1,199864,55231,46891,144633,291057,0,0,0,0,0.0814551
585362,18,1,173212,47418,40936,125794,251435,0,0,0,0,0.0870144
585380,3,1,168513,45730,39608,122783,240954,0,0,0,0,0.12597
585381,9,1,186658,51658,46112,135000,272985,0,0,0,0,0.0961092
585384,9,1,184519,52241,45559,132278,278086,0,0,0,0,0.0822271
585389,9,1,163540,44721,38458,118819,235998,0,0,0,0,0.0659548
585390,9,1,169026,46580,39669,122446,246570,0,0,0,0,0.0737524
585391,9,1,209362,57174,49767,152188,299858,0,0,0,0,0.0759457
585394,9,1,195952,54836,47467,141116,291257,0,0,0,0,0.0644296
585399,9,1,179201,49195,41980,130006,259559,0,0,0,0,0.06523
585402,18,1,188069,51673,44900,136396,273509,0,0,0,0,0.071247
585405,18,1,209034,58669,50838,150365,312845,0,0,0,0,0.0695326
585408,18,1,188447,52024,44395,136423,274870,0,0,0,0,0.0634516
585420,9,1,192023,52640,45774,139383,276941,0,0,0,0,0.0637788
585421,9,1,192541,52783,45911,139758,277714,0,0,0,0,0.061588
585424,9,1,200669,56343,48576,144326,298482,0,0,0,0,0.0729715
585429,9,1,168994,46072,39142,122922,243128,0,0,0,0,0.07799
585442,18,1,193364,54653,47386,138711,291271,0,0,0,0,0.0700947
585445,18,1,207526,58364,50469,149162,309690,0,0,0,0,0.0613702
585448,18,1,189862,53088,45542,136774,282062,0,0,0,0,0.0634839
585470,9,1,156556,41609,35868,114947,217001,0,0,0,0,0.0792915
585471,9,1,156731,41615,35856,115116,216961,0,0,0,0,0.0711457
585472,9,1,149606,39670,34082,109936,208074,0,0,0,0,0.0687031
585473,9,1,178910,50017,43570,128893,265828,0,0,0,0,0.0948299
585474,9,1,204436,57098,49703,147338,302657,0,0,0,0,0.0998568
585475,9,1,184049,50866,44156,133183,268947,0,0,0,0,0.0789272
585476,9,1,207745,58662,51207,149083,311784,0,0,0,0,0.0695211
585477,9,1,168136,46623,39991,121513,247330,0,0,0,0,0.0574235
585478,9,1,180838,50389,43555,130449,267301,0,0,0,0,0.0662981
585479,9,1,164921,45347,38660,119574,239547,0,0,0,0,0.0638783
585480,3,1,157146,41123,35280,116023,214787,0,0,0,0,0.119255
585481,9,1,153373,40745,34785,112628,213516,0,0,0,0,0.0848658
585484,9,1,190499,52424,46484,138075,276760,0,0,0,0,0.0825157
585489,9,1,182444,50588,43892,131856,268455,0,0,0,0,0.0811997
585490,3,1,174037,47324,40971,126713,249522,0,0,0,0,0.0892433
585491,9,1,172611,47107,39836,125504,248784,0,0,0,0,0.0637522
585494,9,1,200230,55149,47579,145081,290963,0,0,0,0,0.0648463
585499,9,1,183000,50321,43336,132679,266553,0,0,0,0,0.0621972
585500,3,1,174066,47331,40974,126735,249560,0,0,0,0,0.090158
585501,9,1,172680,47133,39872,125547,248943,0,0,0,0,0.0666158
585504,9,1,200206,55082,47499,145124,290492,0,0,0,0,0.0642907
585509,9,1,182912,50302,43315,132610,266460,0,0,0,0,0.0639949
585510,3,1,174206,47367,40990,126839,249746,0,0,0,0,0.0867117
585511,9,1,201131,57017,49223,144114,303914,0,0,0,0,0.0715658
585514,9,1,228260,63955,55919,164305,338451,0,0,0,0,0.074441
585519,9,1,167023,45427,38702,121596,240312,0,0,0,0,0.0700128
585520,9,1,159561,43249,36693,116312,228349,0,0,0,0,0.0670062
585521,9,1,180452,49848,43322,130604,264530,0,0,0,0,0.0685135
585522,18,1,181909,50454,43174,131455,267969,0,0,0,0,0.0709293
585524,9,1,201543,55451,48195,146092,293015,0,0,0,0,0.0678567
585525,18,1,198711,55803,47917,142908,297121,0,0,0,0,0.0676991
585528,18,1,198290,54379,46936,143911,286621,0,0,0,0,0.0796496
585529,9,1,176462,48481,41998,127981,256290,0,0,0,0,0.0927193
585550,3,1,195324,53245,46518,142079,279215,0,0,0,0,0.0929936
585551,9,1,183779,49814,42897,133965,260900,0,0,0,0,0.0648049
585554,9,1,211871,57503,50052,154368,299538,0,0,0,0,0.0959583
585559,9,1,187712,50621,43747,137091,263737,0,0,0,0,0.0603122
585560,3,1,195060,53126,46461,141934,278483,0,0,0,0,0.0852732
585561,9,1,183437,49695,42838,133742,260200,0,0,0,0,0.0884169
585564,9,1,212194,57557,50119,154637,299702,0,0,0,0,0.0923482
585569,9,1,187708,50618,43760,137090,263696,0,0,0,0,0.0812982
585570,3,1,194947,53089,46452,141858,278281,0,0,0,0,0.124578
585571,9,1,225933,63703,55485,162230,336560,0,0,0,0,0.0957385
585574,9,1,240568,67163,58982,173405,352719,0,0,0,0,0.104531
585579,9,1,175542,46997,39961,128545,245547,0,0,0,0,0.0745414
585580,9,1,178953,49067,42602,129886,258266,0,0,0,0,0.0824489
585581,9,1,194914,53572,46861,141342,281526,0,0,0,0,0.0751588
585582,18,1,202607,56241,49088,146366,296806,0,0,0,0,0.080353
585584,9,1,211089,57689,50098,153400,301648,0,0,0,0,0.0856091
585585,18,1,213725,59280,51737,154445,312242,0,0,0,0,0.10047
585588,18,1,211255,58078,50045,153177,303950,0,0,0,0,0.087244
585589,9,1,197514,54627,47863,142887,287054,0,0,0,0,0.0952439
585610,3,1,174915,46374,40174,128541,241241,0,0,0,0,0.0875307
585611,9,1,151748,40309,34226,111439,210644,0,0,0,0,0.0627793
585614,9,1,196123,53516,45808,142607,278009,0,0,0,0,0.0741281
585619,9,1,216454,59782,51321,156672,312389,0,0,0,0,0.0877556
585620,3,1,174916,46337,40128,128579,240956,0,0,0,0,0.134604
585621,9,1,172266,46650,40947,125616,244719,0,0,0,0,0.0739288
585624,9,1,192770,53018,45808,139752,277931,0,0,0,0,0.103352
585629,9,1,187047,49972,43340,137075,259656,0,0,0,0,0.0630702
585630,9,1,174432,47294,40835,127138,247721,0,0,0,0,0.0821638
585631,9,1,202267,54489,46762,147778,282914,0,0,0,0,0.0984647
585634,9,1,201959,55347,47847,146612,290870,0,0,0,0,0.0668528
585635,18,1,216710,59571,51561,157139,313530,0,0,0,0,0.0847701
585638,18,1,212095,58230,50094,153865,304860,0,0,0,0,0.068312
585639,9,1,209006,56541,48441,152465,294448,0,0,0,0,0.0678913
585642,18,1,187448,50649,43547,136799,265820,0,0,0,0,0.0620778
585660,3,1,174831,46330,40082,128501,240905,0,0,0,0,0.106739
585661,9,1,198602,54343,48064,144259,284541,0,0,0,0,0.0913993
585664,9,1,193683,53697,46635,139986,282300,0,0,0,0,0.0857566
585669,9,1,171610,46303,39817,125307,241759,0,0,0,0,0.0554231
585670,9,1,174511,47323,40863,127188,247880,0,0,0,0,0.0875596
585671,9,1,215519,58497,50451,157022,304108,0,0,0,0,0.081361
585674,9,1,206183,57107,49345,149076,300477,0,0,0,0,0.0955287
585679,9,1,187951,50523,43145,137428,263222,0,0,0,0,0.0776561
585682,18,1,201046,54514,47268,146532,285586,0,0,0,0,0.0686484
585685,18,1,220078,60784,52829,159294,320421,0,0,0,0,0.0653388
585688,18,1,200045,54808,47071,145237,287071,0,0,0,0,0.066144
585700,9,1,198797,53492,46420,145305,277713,0,0,0,0,0.0679025
585701,9,1,198963,53516,46416,145447,277774,0,0,0,0,0.0847328
585704,9,1,209602,58036,50154,151566,303969,0,0,0,0,0.0886771
585709,9,1,177590,47497,40493,130093,247514,0,0,0,0,0.0856897
585722,18,1,199032,54735,47065,144297,287441,0,0,0,0,0.0725239
585725,18,1,215920,59686,51737,156234,313046,0,0,0,0,0.0773544
585728,18,1,198937,54706,47066,144231,287347,0,0,0,0,0.0779781
585750,9,1,160923,42134,36228,118789,217026,0,0,0,0,0.0691019
585751,9,1,161074,42162,36242,118912,217134,0,0,0,0,0.0781998
585752,9,1,156066,40790,34761,115276,211692,0,0,0,0,0.0586217
585753,9,1,180724,49071,42915,131653,256874,0,0,0,0,0.111864
585754,9,1,210423,57463,49955,152960,299951,0,0,0,0,0.0647115
585755,9,1,190500,51990,45270,138510,271904,0,0,0,0,0.0824157
585756,9,1,216693,60079,52309,156614,315537,0,0,0,0,0.074734
585757,9,1,175018,47783,40985,127235,250552,0,0,0,0,0.076272
585758,9,1,190513,52171,44997,138342,273433,0,0,0,0,0.0933112
585759,9,1,171687,46096,39299,125591,240025,0,0,0,0,0.0697033
585760,3,1,174774,45504,39714,129270,237874,0,0,0,0,0.15268
585761,9,1,165085,43509,37467,121576,228215,0,0,0,0,0.0956984
585764,9,1,194041,52792,46736,141249,279259,0,0,0,0,0.101274
585769,9,1,186347,51412,44805,134935,273334,0,0,0,0,0.115296
585770,3,1,174560,47201,41152,127359,249908,0,0,0,0,0.116858
585771,9,1,161679,43123,36574,118556,227539,0,0,0,0,0.0833156
585774,9,1,188290,50900,44380,137390,267561,0,0,0,0,0.0864059
585779,9,1,169262,45894,39371,123368,243090,0,0,0,0,0.0762492
585780,3,1,174539,47198,41128,127341,249895,0,0,0,0,0.130928
585781,9,1,161703,43130,36575,118573,227584,0,0,0,0,0.0797601
585784,9,1,188232,50874,44379,137358,267416,0,0,0,0,0.0868126
585789,9,1,169339,45904,39374,123435,243129,0,0,0,0,0.0652038
585790,3,1,174620,47218,41148,127402,250015,0,0,0,0,0.0921958
585791,9,1,190487,53686,46823,136801,286867,0,0,0,0,0.0907071
585794,9,1,218328,61533,53815,156795,326835,0,0,0,0,0.0806158
585799,9,1,157218,42206,35935,115012,223701,0,0,0,0,0.0923713
585800,9,1,148997,40962,34727,108035,218890,0,0,0,0,0.0875142
585801,9,1,164170,44527,38646,119643,236424,0,0,0,0,0.0781217
585802,18,1,172861,48178,41527,124683,257764,0,0,0,0,0.0708393
585804,9,1,185666,50528,44063,135138,266583,0,0,0,0,0.0743224
585805,18,1,183951,50699,43867,133252,269631,0,0,0,0,0.0790818
585808,18,1,186124,50363,43636,135761,265251,0,0,0,0,0.085194
585809,9,1,175213,47467,41191,127746,251340,0,0,0,0,0.0813315
585830,3,1,211361,60271,53581,151090,320367,0,0,0,0,0.10133
585831,9,1,202309,57226,50008,145083,304232,0,0,0,0,0.0679778
585834,9,2,246614,68983,60624,177618,364226,1,0,0,0,0.146398
585839,9,2,239413,66250,58165,173150,348592,1,0,0,0,0.147974
585840,3,1,211421,60283,53578,151138,320429,0,0,0,0,0.106269
585841,9,1,202514,57295,50019,145219,304646,0,0,0,0,0.069966
585844,9,2,246505,68954,60531,177538,364047,1,0,0,0,0.160162
585849,9,2,239080,66157,58085,172910,348062,1,0,0,0,0.146428
585850,3,1,211370,60254,53545,151116,320261,0,0,0,0,0.097969
585851,9,1,225620,63387,55482,162233,334199,0,0,0,0,0.0774138
585854,9,1,234538,65292,57376,169246,342554,0,0,0,0,0.0716872
585859,9,1,192794,53032,45750,139762,279679,0,0,0,0,0.0683696
585860,9,1,182386,50692,43844,131694,268545,0,0,0,0,0.073026
585861,9,1,195327,53927,47586,141400,284869,0,0,0,0,0.0664099
585862,18,1,211813,59833,52104,151980,318120,0,0,0,0,0.0712385
585864,9,1,216425,59522,52388,156903,312667,0,0,0,0,0.0686426
585865,18,1,221596,61880,53969,159716,327411,0,0,0,0,0.0695533
585868,18,1,229471,63695,55081,165776,335706,0,0,0,0,0.0724236
585869,9,1,212139,60070,53297,152069,318200,0,0,0,0,0.0934589
585890,3,1,210304,56834,49981,153470,297051,0,0,0,0,0.0858284
585891,9,1,188833,50305,43463,138528,261904,0,0,0,0,0.0600598
585894,9,2,244844,67429,59596,177403,354214,1,0,0,0,0.14158
585899,9,2,233649,63773,56134,169863,334348,1,0,0,0,0.132764
585900,3,1,210304,56827,49982,153477,296996,0,0,0,0,0.0885471
585901,9,2,290857,80705,70930,210139,426411,1,0,0,0,0.181102
585904,9,1,201045,53953,46829,147092,281239,0,0,0,0,0.0685674
585909,9,1,196178,52536,46027,143642,273861,0,0,0,0,0.0727448
585910,9,1,206897,57270,49540,149627,301461,0,0,0,0,0.0841185
585911,9,1,228683,62239,54128,166444,324708,0,0,0,0,0.0685514
585914,9,1,199886,55064,47700,144822,290981,0,0,0,0,0.065112
585915,18,1,221680,60493,52081,161187,318485,0,0,0,0,0.0606365
585918,18,1,221365,60540,52176,160825,317443,0,0,0,0,0.0629627
585919,9,1,213969,59186,51388,154783,311414,0,0,0,0,0.0691979
585922,18,1,214503,59277,51296,155226,312139,0,0,0,0,0.0682051
585940,3,1,210605,56935,50062,153670,297637,0,0,0,0,0.0916512
585941,9,2,305821,84460,74433,221348,444032,1,0,0,0,0.165376
585944,9,2,209838,57539,50594,152286,302333,1,0,0,0,0.151487
585949,9,1,185610,50103,43440,135507,262450,0,0,0,0,0.0611112
585950,9,1,207270,57377,49620,149893,302044,0,0,0,0,0.0711251
585951,9,1,242859,65844,57362,177015,341622,0,0,0,0,0.0706188
585954,9,1,194538,53711,46714,140827,282999,0,0,0,0,0.0679876
585959,9,1,193243,53448,46290,139795,281898,0,0,0,0,0.0663055
585962,18,1,224966,61968,53859,162998,324915,0,0,0,0,0.0713347
585965,18,1,218373,59619,51214,158754,313454,0,0,0,0,0.0617745
585968,18,1,208049,57064,48873,150985,300127,0,0,0,0,0.0606061
585980,9,2,202462,55245,48677,147204,287965,1,0,0,0,0.153162
585981,9,2,202488,55249,48657,147226,287989,1,0,0,0,0.153377
585984,9,2,213376,58071,51352,155293,302069,1,0,0,0,0.201892
585989,9,1,185076,51671,44599,133405,273653,0,0,0,0,0.0725915
586002,18,1,220990,60314,52246,160676,315348,0,0,0,0,0.0911251
586005,18,1,209868,57948,50103,151920,303778,0,0,0,0,0.0817028
586008,18,1,199189,54600,46836,144589,286914,0,0,0,0,0.0643885
586030,9,2,190917,51254,45024,139650,266202,1,0,0,0,0.135555
586031,9,2,190778,51202,44968,139563,265884,1,0,0,0,0.132978
586032,9,1,193214,51188,43978,142026,266191,0,0,0,0,0.0626841
586033,9,1,212594,57742,50842,154852,301915,0,0,0,0,0.0872169
586034,9,2,199469,53749,47363,145707,279361,1,0,0,0,0.136053
586035,9,2,209997,57355,50079,152630,302103,1,0,0,0,0.167165
586036,9,1,208545,56055,48206,152490,290015,0,0,0,0,0.0630408
586037,9,1,179953,48097,41480,131856,251604,0,0,0,0,0.0587187
586038,9,1,191344,51016,43771,140328,265038,0,0,0,0,0.0586582
586039,9,1,180170,48098,41348,132072,250673,0,0,0,0,0.0627262
586040,3,1,176733,46304,40561,130429,242414,0,0,0,0,0.129089
586041,9,1,168684,44800,38669,123884,235508,0,0,0,0,0.0847794
586044,9,1,196318,53556,47422,142762,283585,0,0,0,0,0.0861674
586049,9,1,187889,52084,45425,135805,277227,0,0,0,0,0.0869907
586050,3,1,194914,51600,45650,143314,268630,0,0,0,0,0.0851428
586051,9,1,184832,48306,41518,136526,250399,0,0,0,0,0.0620822
586054,9,2,193590,52621,46364,140957,277543,1,0,0,0,0.138634
586059,9,2,189433,51119,45206,138301,269442,1,0,0,0,0.149415
586060,3,1,194662,51534,45625,143128,268270,0,0,0,0,0.0840698
586061,9,1,184798,48304,41510,136494,250416,0,0,0,0,0.0794827
586064,9,2,193665,52645,46372,141008,277676,1,0,0,0,0.168784
586069,9,2,189408,51110,45193,138285,269372,1,0,0,0,0.155797
586070,3,1,194553,51506,45601,143047,268133,0,0,0,0,0.0880457
586071,9,1,216756,59274,51557,157482,310304,0,0,0,0,0.0782842
586074,9,1,235781,65040,57033,170741,339837,0,0,0,0,0.100409
586079,9,1,171012,45042,38696,125970,234629,0,0,0,0,0.0641744
586080,9,1,167704,44952,39034,122752,235616,0,0,0,0,0.0809138
586081,9,1,181529,47833,41747,133696,248218,0,0,0,0,0.0564208
586082,18,1,197061,53421,46475,143640,280307,0,0,0,0,0.0619959
586084,9,1,199394,52727,45959,146667,271651,0,0,0,0,0.0597131
586085,18,1,208014,56399,49069,151615,295000,0,0,0,0,0.0637876
586088,18,1,205677,54812,47068,150865,284767,0,0,0,0,0.0674611
586089,9,1,198923,52984,46221,145939,275913,0,0,0,0,0.0797703
586110,3,1,183952,49139,43050,134813,257820,0,0,0,0,0.104572
586111,9,1,184611,49795,43314,134816,261645,0,0,0,0,0.0634353
586114,9,1,208091,56841,49617,151250,299273,0,0,0,0,0.0632287
586119,9,1,180062,47793,41572,132269,250044,0,0,0,0,0.0601306
586120,3,1,184066,49165,43064,134901,257969,0,0,0,0,0.0981585
586121,9,1,184642,49809,43316,134833,261729,0,0,0,0,0.0836793
586124,9,1,208268,56894,49705,151374,299526,0,0,0,0,0.0639823
586129,9,1,180174,47812,41609,132362,250092,0,0,0,0,0.0629536
586130,3,1,184112,49176,43068,134936,258026,0,0,0,0,0.0839631
586131,9,2,284234,80014,70546,204207,426629,1,0,0,0,0.156767
586134,9,2,305937,86085,76357,219839,458110,1,0,0,0,0.200275
586139,9,1,173620,46096,39886,127524,241973,0,0,0,0,0.0821484
586140,9,1,162860,43138,37327,119722,226103,0,0,0,0,0.0617953
586141,9,1,180314,48500,42552,131814,255574,0,0,0,0,0.0618696
586142,18,1,189434,51834,45351,137600,274810,0,0,0,0,0.0722485
586144,9,1,203068,55179,48595,147889,290697,0,0,0,0,0.0662808
586145,18,1,201832,55374,48600,146458,293393,0,0,0,0,0.0662977
586148,18,1,211539,58086,50112,153453,306889,0,0,0,0,0.0670451
586149,9,1,195290,53935,47196,141355,285469,0,0,0,0,0.0914961
586170,3,1,164588,42605,36850,121983,221461,0,0,0,0,0.0781617
586171,9,1,142529,36479,31108,106050,189324,0,0,0,0,0.0528274
586174,9,1,179747,46819,40155,132928,243105,0,0,0,0,0.0561052
586179,9,1,169824,43504,37622,126320,223408,0,0,0,0,0.0558338
586180,3,1,164580,42604,36845,121976,221452,0,0,0,0,0.0800106
586181,9,1,171309,45710,39808,125599,239731,0,0,0,0,0.056137
586184,9,1,176931,46675,40013,130256,243479,0,0,0,0,0.0553981
586189,9,1,182018,48385,42162,133633,251809,0,0,0,0,0.0585516
586190,9,1,169775,45680,39034,124095,240111,0,0,0,0,0.0608801
586191,9,1,186320,49564,42764,136756,258962,0,0,0,0,0.060689
586194,9,1,181177,47603,41142,133574,248218,0,0,0,0,0.0770339
586195,18,1,200018,53531,46189,146487,280073,0,0,0,0,0.0836413
586198,18,1,200993,54097,46817,146896,283791,0,0,0,0,0.0675091
586199,9,1,184068,48749,41912,135319,254614,0,0,0,0,0.0625865
586202,18,1,176179,47164,40340,129015,248166,0,0,0,0,0.0719664
586220,3,1,164635,42624,36849,122011,221578,0,0,0,0,0.136581
586221,9,2,288387,79427,70053,208947,420152,1,0,0,0,0.206009
586224,9,2,283638,77936,68010,205689,411860,1,0,0,0,0.196626
586229,9,1,188362,50577,44418,137785,264525,0,0,0,0,0.0692366
586230,9,1,170053,45754,39072,124299,240544,0,0,0,0,0.0740861
586231,9,1,208461,55986,48739,152475,292004,0,0,0,0,0.0675206
586234,9,1,179828,47249,40857,132579,246142,0,0,0,0,0.0617065
586239,9,1,193070,51975,45199,141095,273113,0,0,0,0,0.0650723
586242,18,1,186263,50080,43235,136183,263176,0,0,0,0,0.06138
586245,18,1,200947,53655,46309,147292,280266,0,0,0,0,0.0576524
586248,18,1,206940,56417,49178,150523,297515,0,0,0,0,0.0638391
586260,9,1,193979,52410,45456,141569,274109,0,0,0,0,0.0685755
586261,9,1,194145,52399,45458,141746,273894,0,0,0,0,0.068934
586264,9,1,177113,46323,39855,130790,240084,0,0,0,0,0.0736642
586269,9,1,203560,56020,48823,147540,294893,0,0,0,0,0.0782416
586282,18,1,184741,48981,42170,135760,256229,0,0,0,0,0.0683008
586285,18,1,189155,50545,43337,138610,264536,0,0,0,0,0.0570855
586288,18,1,197494,53423,46015,144071,281109,0,0,0,0,0.0607384
586310,9,1,161107,41927,36169,119180,217379,0,0,0,0,0.0564406
586311,9,1,161119,41926,36166,119193,217354,0,0,0,0,0.0561427
586312,9,1,155451,40402,34525,115049,210767,0,0,0,0,0.0639782
586313,9,1,169794,45588,39712,124206,239582,0,0,0,0,0.0936297
586314,9,2,287690,77231,67110,210449,401273,1,0,0,0,0.161326
586315,9,1,170448,44569,38755,125879,230898,0,0,0,0,0.0581165
586316,9,1,178033,46500,39780,131533,241324,0,0,0,0,0.0547735
586317,9,1,175469,46551,40675,128918,243129,0,0,0,0,0.0554416
586318,9,2,218457,60268,52708,158176,320996,1,0,0,0,0.142878
586319,9,2,321249,86525,75594,234711,451891,1,0,0,0,0.170793
586320,3,1,159776,42373,36852,117403,223287,0,0,0,0,0.0967159
586321,9,1,165809,45311,39003,120498,240676,0,0,0,0,0.0774726
586324,9,1,190548,52770,46112,137778,279223,0,0,0,0,0.0938082
586329,9,1,159397,44066,38350,115331,234865,0,0,0,0,0.0717481
586330,3,1,189371,48659,42915,140712,248729,0,0,0,0,0.102209
586331,9,1,197865,53371,46560,144494,277467,0,0,0,0,0.0792197
586334,9,2,192661,52478,46315,140171,276708,1,0,0,0,0.169595
586339,9,2,192058,51788,45850,140257,272829,1,0,0,0,0.147927
586340,3,1,189744,50445,44790,139299,263931,0,0,0,0,0.0865997
586341,9,1,170015,45209,39496,124806,236468,0,0,0,0,0.0634896
586344,9,2,185828,50115,44030,135701,263319,1,0,0,0,0.141222
586349,9,2,185744,50383,44144,135348,265389,1,0,0,0,0.145169
586350,3,1,189572,50385,44719,139187,263477,0,0,0,0,0.0943417
586351,9,2,165885,44443,38899,121429,234284,1,0,0,0,0.177106
586354,9,1,198426,54130,47581,144296,284444,0,0,0,0,0.0879943
586359,9,2,165490,44276,38985,121201,233429,1,0,0,0,0.132332
586360,9,1,171565,46193,40550,125372,242789,0,0,0,0,0.0618227
586361,9,2,172584,46955,41417,125616,248274,1,0,0,0,0.15436
586362,18,1,182386,49112,43242,133274,258158,0,0,0,0,0.0570973
586364,9,2,171825,46516,40782,125296,245439,1,0,0,0,0.175715
586365,18,2,302918,85176,75424,217729,453269,1,0,0,0,0.164711
586368,18,1,199717,53908,47032,145809,281148,0,0,0,0,0.0578997
586369,9,1,192090,50519,43583,141571,260212,0,0,0,0,0.0708232
586390,3,1,160782,42300,36769,118482,220485,0,0,0,0,0.0782831
586391,9,1,178266,49095,42519,129171,259197,0,0,0,0,0.0667917
586394,9,2,191584,51950,45781,139621,273013,1,0,0,0,0.136843
586399,9,2,228639,63011,55806,165615,333403,1,0,0,0,0.178069
586400,3,1,192418,51413,45460,141005,269454,0,0,0,0,0.0912385
586401,9,1,186105,49957,43233,136148,262634,0,0,0,0,0.0678115
586404,9,1,217584,59821,51787,157763,314164,0,0,0,0,0.0674256
586409,9,2,326529,90238,79319,236278,475902,1,0,0,0,0.170336
586410,3,1,192389,51403,45461,140986,269395,0,0,0,0,0.0771882
586411,9,2,180211,49060,42977,131139,259015,1,0,0,0,0.141274
586414,9,2,277007,77337,67887,199658,411043,1,0,0,0,0.21128
586419,9,2,289414,79201,69947,210200,417743,1,0,0,0,0.223707
586420,9,1,181975,49154,42367,132821,258622,0,0,0,0,0.0862218
586421,9,1,209299,57025,49421,152274,298865,0,0,0,0,0.0862454
586422,18,1,192299,52306,45819,139993,276258,0,0,0,0,0.0834861
586424,9,1,182065,49196,43014,132869,258346,0,0,0,0,0.0883941
586425,18,1,223694,62697,54750,160997,333423,0,0,0,0,0.090489
586428,18,1,217809,60061,51980,157748,317804,0,0,0,0,0.0906075
586429,9,1,197382,53690,46743,143692,282638,0,0,0,0,0.0928184
586450,3,1,181789,48566,42287,133223,254482,0,0,0,0,0.0999792
586451,9,1,170302,45171,38880,125131,236624,0,0,0,0,0.0750932
586454,9,1,196728,52593,45452,144135,274767,0,0,0,0,0.0587267
586459,9,1,188716,50594,43904,138122,263913,0,0,0,0,0.0585308
586460,3,1,181621,48508,42223,133113,254137,0,0,0,0,0.0981898
586461,9,2,291257,80954,70962,210290,428835,1,0,0,0,0.172423
586464,9,2,308629,85372,74562,223244,451024,1,0,0,0,0.161473
586469,9,1,206796,56277,48752,150519,294013,0,0,0,0,0.0617584
586470,9,1,170658,45991,39696,124667,241958,0,0,0,0,0.0762178
586471,9,1,185725,49388,42426,136337,256480,0,0,0,0,0.0780017
586474,9,1,196183,52627,45428,143556,273747,0,0,0,0,0.0804748
586475,18,1,221986,61288,53182,160698,322107,0,0,0,0,0.0653014
586478,18,1,227136,62977,54688,164159,333180,0,0,0,0,0.0707653
586479,9,1,201236,55096,48586,146140,287372,0,0,0,0,0.0939231
586482,18,2,285793,79935,70010,205845,426686,1,0,0,0,0.171826
586500,3,1,155212,40476,34935,114736,209601,0,0,0,0,0.095658
586501,9,2,166476,44495,38803,121969,233892,1,0,0,0,0.162628
586504,9,2,173825,46280,40397,127532,242788,1,0,0,0,0.13758
586509,9,2,160680,42682,37412,117985,224224,1,0,0,0,0.174142
586510,9,1,171989,46087,39784,125902,239883,0,0,0,0,0.0641383
586511,9,1,194817,53012,45899,141805,278279,0,0,0,0,0.0690834
586514,9,1,224919,61408,53099,163511,319889,0,0,0,0,0.0915841
586519,9,1,196122,52813,46584,143309,275424,0,0,0,0,0.0883971
586522,18,1,211524,58496,50948,153028,308748,0,0,0,0,0.0804174
586525,18,2,375020,104064,90779,270943,549035,1,0,0,0,0.185503
586528,18,1,214153,59251,51673,154902,311678,0,0,0,0,0.0743803
586540,9,2,176784,48153,41927,128618,253420,1,0,0,0,0.185228
586541,9,1,192437,53252,46146,139185,279814,0,0,0,0,0.0629416
586544,9,2,179779,48058,42064,131709,250869,1,0,0,0,0.155171
586549,9,1,197335,53692,46872,143643,280899,0,0,0,0,0.0638198
586562,18,2,193684,53426,46539,140245,283940,1,0,0,0,0.137427
586565,18,1,222978,61952,54223,161026,327709,0,0,0,0,0.0659704
586568,18,2,201208,55592,48966,145603,295793,1,0,0,0,0.15536
586590,9,2,178323,47944,41558,130367,252212,1,0,0,0,0.187574
586591,9,1,186478,49154,42746,137324,253407,0,0,0,0,0.0733764
586592,9,1,181802,47957,41549,133845,249037,0,0,0,0,0.0719737
586593,9,1,181584,48881,42600,132703,255648,0,0,0,0,0.0826446
586594,9,2,219200,59651,52002,159537,312996,1,0,0,0,0.15495
586595,9,1,205878,55151,48366,150727,287151,0,0,0,0,0.0599616
586596,9,2,311795,85077,74572,226705,447229,1,0,0,0,0.189055
586597,9,1,181345,49568,43519,131777,259715,0,0,0,0,0.0637061
586598,9,1,183743,48817,42866,134926,254175,0,0,0,0,0.0694126
586599,9,2,334335,90475,79355,243847,472699,1,0,0,0,0.184089
586600,3,1,159584,42339,36823,117245,223133,0,0,0,0,0.0933086
586601,9,1,165921,45333,39006,120588,240777,0,0,0,0,0.0642167
586604,9,1,190888,52802,46088,138086,279284,0,0,0,0,0.06236
586609,9,1,159241,44045,38377,115196,234770,0,0,0,0,0.0728597
586610,3,1,189076,48586,42855,140490,248350,0,0,0,0,0.0998992
586611,9,1,197778,53330,46544,144448,277191,0,0,0,0,0.0887488
586614,9,2,192299,52381,46250,139906,276190,1,0,0,0,0.152515
586619,9,2,191746,51682,45737,140051,272253,1,0,0,0,0.153538
586620,3,1,189955,50554,44944,139401,264476,0,0,0,0,0.109068
586621,9,1,169857,45223,39526,124634,236666,0,0,0,0,0.0904817
586624,9,2,185987,50138,44041,135837,263399,1,0,0,0,0.172346
586629,9,2,185861,50400,44165,135448,265434,1,0,0,0,0.156515
586630,3,1,189241,50329,44653,138912,263231,0,0,0,0,0.0891873
586631,9,2,165870,44354,38885,121503,233629,1,0,0,0,0.190426
586634,9,1,192064,51915,45628,140149,272918,0,0,0,0,0.0709245
586639,9,2,163345,43759,38409,119573,230905,1,0,0,0,0.141102
586640,9,1,171486,46193,40580,125293,242841,0,0,0,0,0.0660484
586641,9,2,171737,46785,41335,124939,247423,1,0,0,0,0.158815
586642,18,2,292136,80891,71654,211232,429520,1,0,0,0,0.213228
586644,9,1,175376,45578,39776,129798,233257,0,0,0,0,0.0723241
586645,18,1,212155,58220,50696,153935,306152,0,0,0,0,0.0874202
586648,18,1,187360,50786,44250,136574,266863,0,0,0,0,0.0826672
586649,9,1,175249,45903,39516,129346,237951,0,0,0,0,0.0802548
586670,3,1,160503,42249,36719,118254,220279,0,0,0,0,0.0822337
586671,9,1,178274,49098,42538,129176,259232,0,0,0,0,0.195698
586674,9,2,191512,51919,45750,139580,272859,1,0,0,0,0.155356
586679,9,2,228724,63004,55805,165707,333319,1,0,0,0,0.149601
586680,3,1,192690,51628,45658,141062,270784,0,0,0,0,0.0745957
586681,9,1,186538,50190,43379,136348,264067,0,0,0,0,0.0613918
586684,9,1,218564,60176,52025,158388,316257,0,0,0,0,0.0619517
586689,9,2,326818,90341,79480,236464,476486,1,0,0,0,0.159598
586690,3,1,192251,51405,45427,140846,269555,0,0,0,0,0.079652
586691,9,2,181061,49294,43210,131755,260331,1,0,0,0,0.136244
586694,9,2,232418,65450,57771,166955,348943,1,0,0,0,0.168512
586699,9,2,280647,76686,67437,203948,404915,1,0,0,0,0.160531
586700,9,1,182335,49309,42453,133026,259542,0,0,0,0,0.0594293
586701,9,1,216348,58687,50904,157661,306187,0,0,0,0,0.0641011
586702,18,1,198705,54015,47434,144690,284418,0,0,0,0,0.0588489
586704,9,1,175626,47408,41286,128218,248398,0,0,0,0,0.081522
586705,18,1,212376,58601,51099,153775,310825,0,0,0,0,0.0770536
586708,18,1,205566,56691,49023,148875,301019,0,0,0,0,0.0618363
586709,9,1,175948,47474,41297,128474,250113,0,0,0,0,0.0620969
586730,3,1,182244,48930,42671,133314,256786,0,0,0,0,0.0781277
586731,9,1,171083,45597,39266,125486,239105,0,0,0,0,0.0581204
586734,9,1,198416,53347,46089,145069,279195,0,0,0,0,0.0597522
586739,9,1,189944,51133,44312,138811,267119,0,0,0,0,0.0612673
586740,3,1,181505,48494,42207,133011,254081,0,0,0,0,0.0989301
586741,9,2,298557,83081,72809,215463,439702,1,0,0,0,0.199336
586744,9,2,303536,84011,73313,219512,444594,1,0,0,0,0.172108
586749,9,1,202420,54887,47610,147533,287084,0,0,0,0,0.0674191
586750,9,1,170856,46083,39787,124773,242517,0,0,0,0,0.0597411
586751,9,1,196451,52341,44999,144110,271240,0,0,0,0,0.0577659
586754,9,1,182468,48737,42021,133731,254066,0,0,0,0,0.0632145
586755,18,1,214664,59224,51343,155440,312396,0,0,0,0,0.06413
586758,18,1,227638,62802,54535,164836,332260,0,0,0,0,0.0692564
586759,9,1,199826,54516,48111,145310,284274,0,0,0,0,0.0636529
586762,18,2,288314,80407,70338,207894,428692,1,0,0,0,0.170213
586780,3,1,154619,40357,34827,114262,209057,0,0,0,0,0.0849852
586781,9,1,172106,45714,39682,126392,237787,0,0,0,0,0.0598716
586784,9,1,188804,50202,43376,138602,260465,0,0,0,0,0.0603386
586789,9,2,158349,41926,36801,116410,220171,1,0,0,0,0.137264
586790,9,1,171825,46019,39726,125806,239513,0,0,0,0,0.0673188
586791,9,1,186346,50197,43315,136149,262779,0,0,0,0,0.0604116
586794,9,1,210191,56871,48889,153320,296873,0,0,0,0,0.0624973
586799,9,1,190627,50715,44752,139912,263435,0,0,0,0,0.0638026
586802,18,1,202140,55087,47761,147053,289945,0,0,0,0,0.0652247
586805,18,2,368400,102623,89525,265764,543233,1,0,0,0,0.19031
586808,18,1,211393,58004,50441,153389,304451,0,0,0,0,0.0912109
586820,9,2,176723,48139,41912,128571,253363,1,0,0,0,0.18701
586821,9,1,192071,53180,46051,138891,279505,0,0,0,0,0.060897
586824,9,2,179913,48083,42078,131818,250977,1,0,0,0,0.131333
586829,9,1,197362,53693,46865,143669,280847,0,0,0,0,0.0627579
586842,18,2,189087,51972,45004,137102,276135,1,0,0,0,0.134587
586845,18,1,222184,61155,53001,161029,323140,0,0,0,0,0.0626849
586848,18,2,197723,54400,47917,143310,289034,1,0,0,0,0.141328
586870,9,2,178100,47845,41505,130243,251610,1,0,0,0,0.15309
586871,9,1,186381,49086,42654,137295,253016,0,0,0,0,0.0520969
586872,9,1,159725,41666,36145,118059,216533,0,0,0,0,0.0470511
586873,9,1,158938,42044,36283,116894,220116,0,0,0,0,0.0538616
586874,9,2,219424,59691,52025,159721,313187,1,0,0,0,0.132768
586875,9,1,200746,53260,46404,147486,277107,0,0,0,0,0.0542316
586876,9,2,200413,54452,47838,145948,287735,1,0,0,0,0.13361
586877,9,1,178413,48164,41941,130249,251347,0,0,0,0,0.059021
586878,9,2,216184,59181,51955,156990,314115,1,0,0,0,0.140909
586879,9,2,334663,90538,79394,244112,472976,1,0,0,0,0.205764
586880,3,1,159534,42328,36819,117206,223085,0,0,0,0,0.0796429
586881,9,1,176764,48484,41774,128280,257493,0,0,0,0,0.0608031
586884,9,1,189623,51625,44607,137998,271466,0,0,0,0,0.0601298
586889,9,1,153595,42241,36549,111354,225556,0,0,0,0,0.0683578
586890,3,1,188975,48573,42845,140402,248313,0,0,0,0,0.0929179
586891,9,1,209576,56511,49595,153065,292877,0,0,0,0,0.0616311
586894,9,2,228437,63259,55906,165165,334579,1,0,0,0,0.141345
586899,9,1,176899,46542,40687,130357,240271,0,0,0,0,0.0550048
586900,3,1,189647,50497,44880,139150,264199,0,0,0,0,0.0818811
586901,9,2,191409,51865,45921,139531,273950,1,0,0,0,0.146796
586904,9,2,211036,58085,51044,152938,307901,1,0,0,0,0.143905
586909,9,2,209717,57449,50761,152255,303894,1,0,0,0,0.137582
586910,3,1,189451,50440,44807,139011,263795,0,0,0,0,0.100914
586911,9,2,195684,53570,47570,142101,283310,1,0,0,0,0.149541
586914,9,1,184667,49507,43522,135160,259097,0,0,0,0,0.0591257
586919,9,1,174918,46060,40076,128858,239677,0,0,0,0,0.0546664
586920,9,2,274584,75144,66568,199427,397983,1,0,0,0,0.170114
586921,9,2,168118,45532,40183,122573,240622,1,0,0,0,0.147883
586922,18,1,186462,50173,44244,136289,263457,0,0,0,0,0.063566
586924,9,1,172602,44671,38847,127931,228223,0,0,0,0,0.0554988
586925,18,1,209315,57257,50325,152058,300284,0,0,0,0,0.0603544
586928,18,1,193604,52551,45953,141053,276187,0,0,0,0,0.0564837
586929,9,1,164654,43262,37147,121392,225186,0,0,0,0,0.0612851
586950,3,1,160411,42234,36716,118177,220235,0,0,0,0,0.080601
586951,9,1,188674,51584,44813,137090,270068,0,0,0,0,0.0646089
586954,9,2,280661,77862,68787,202786,411774,1,0,0,0,0.190655
586959,9,1,154382,40613,35066,113769,212092,0,0,0,0,0.05714
586960,3,1,192584,51636,45629,140948,270967,0,0,0,0,0.0780588
586961,9,1,193921,51574,44783,142347,269032,0,0,0,0,0.0575591
586964,9,1,189808,51220,44608,138588,268573,0,0,0,0,0.0794863
586969,9,1,192814,51135,44423,141679,265642,0,0,0,0,0.0579096
586970,3,1,192559,51628,45630,140931,270928,0,0,0,0,0.0990775
586971,9,1,206096,54576,47252,151520,282262,0,0,0,0,0.0586165
586974,9,2,227556,64049,56431,163494,341374,1,0,0,0,0.137905
586979,9,1,183875,49099,42842,134776,257137,0,0,0,0,0.0540461
586980,9,1,186646,49702,42926,136944,259616,0,0,0,0,0.0539036
586981,9,2,185728,50760,44572,134955,268475,1,0,0,0,0.137066
586982,18,1,189016,51480,44767,137536,271708,0,0,0,0,0.0582813
586984,9,1,159583,42569,36991,117014,223090,0,0,0,0,0.0569867
586985,18,1,199049,54520,47753,144529,287969,0,0,0,0,0.0592488
586988,18,1,192304,52160,45309,140144,274970,0,0,0,0,0.0558487
586989,9,1,163166,43333,37303,119833,227445,0,0,0,0,0.0831476
587010,3,1,182152,48920,42659,133232,256747,0,0,0,0,0.105372
587011,9,1,176852,46667,40378,130185,243436,0,0,0,0,0.0611387
587014,9,1,185138,50057,43148,135081,263175,0,0,0,0,0.0623085
587019,9,1,180204,47824,41264,132380,249300,0,0,0,0,0.0682642
587020,3,1,181976,48860,42595,133116,256390,0,0,0,0,0.0855066
587021,9,2,205836,56259,49249,149565,297402,1,0,0,0,0.150518
587024,9,2,214828,59405,52378,155411,314926,1,0,0,0,0.148715
587029,9,1,194495,51920,45081,142575,269507,0,0,0,0,0.0629006
587030,9,2,166996,45091,39169,121892,238981,1,0,0,0,0.139447
587031,9,2,174916,47527,41591,127376,251545,1,0,0,0,0.163606
587034,9,1,170611,45401,38992,125210,237200,0,0,0,0,0.0718735
587035,18,1,205424,55855,48439,149569,294051,0,0,0,0,0.0591989
587038,18,1,212651,58260,50887,154391,306752,0,0,0,0,0.0807012
587039,9,1,199794,54651,48110,145143,286075,0,0,0,0,0.0930991
587042,18,1,183368,49747,43049,133621,262127,0,0,0,0,0.0760521
587060,3,1,154473,40314,34780,114159,208825,0,0,0,0,0.0925685
587061,9,1,157170,41325,35714,115845,214822,0,0,0,0,0.0804906
587064,9,1,179071,47960,41443,131111,250175,0,0,0,0,0.0838653
587069,9,2,261031,70574,61785,190445,370643,1,0,0,0,0.224253
587070,9,1,180087,48068,41356,132019,248992,0,0,0,0,0.0732504
587071,9,1,183491,49748,42978,133743,261427,0,0,0,0,0.0820951
587074,9,1,206303,55881,48319,150422,292067,0,0,0,0,0.0682006
587079,9,1,184284,49223,43142,135061,257527,0,0,0,0,0.0584367
587082,18,1,186278,49974,43137,136304,261555,0,0,0,0,0.0589295
587085,18,1,209841,56872,48603,152969,298066,0,0,0,0,0.0588243
587088,18,1,208625,56946,49538,151679,298780,0,0,0,0,0.0592928
587100,9,1,192263,51087,44229,141176,263045,0,0,0,0,0.0633338
587101,9,1,178667,48660,41858,130007,255264,0,0,0,0,0.0566805
587104,9,1,199204,54500,46967,144704,287473,0,0,0,0,0.0596763
587109,9,1,190499,51279,45160,139220,268360,0,0,0,0,0.0868674
587122,18,1,179794,48350,41520,131444,253450,0,0,0,0,0.0773169
587125,18,1,218837,60286,52345,158551,318120,0,0,0,0,0.0684686
587128,18,1,202269,55240,48123,147029,290528,0,0,0,0,0.0583217
587150,9,1,145610,38011,32435,107599,197472,0,0,0,0,0.0575845
587151,9,2,162292,43046,37346,119233,226230,1,0,0,0,0.126021
587152,9,2,156922,41342,35767,115567,217406,1,0,0,0,0.13506
587153,9,1,146306,38141,32826,108165,198827,0,0,0,0,0.0553784
587154,9,1,179687,47267,41005,132420,246095,0,0,0,0,0.0556985
587155,9,2,208226,56370,49176,151843,297563,1,0,0,0,0.13728
587156,9,1,190376,50877,45062,139499,263321,0,0,0,0,0.0596061
587157,9,1,173514,46236,39907,127278,238906,0,0,0,0,0.0574923
587158,9,1,172374,45709,39966,126665,238499,0,0,0,0,0.0557796
587159,9,2,198866,53462,46930,145391,281450,1,0,0,0,0.138197
587160,9,1,133642,35576,30302,98066,188711,0,0,0,0,0.0546654
587161,9,1,148551,39402,33877,109149,208049,0,0,0,0,0.0548508
587164,9,1,160560,42352,36693,118208,220757,0,0,0,0,0.0528876
587169,9,1,163815,44298,38619,119517,234466,0,0,0,0,0.0793859
587170,9,1,156766,40659,35269,116107,208961,0,0,0,0,0.0543188
587171,9,2,173923,47144,41024,126767,247905,1,0,0,0,0.139714
587174,9,2,187505,50550,44419,136943,264672,1,0,0,0,0.140114
587179,9,1,191640,49576,43691,142064,253704,0,0,0,0,0.0864984
587180,9,1,166458,43896,38368,122562,229470,0,0,0,0,0.0634745
587181,9,2,164755,44121,38788,120622,232555,1,0,0,0,0.152643
587184,9,2,283335,77966,68187,205357,412446,1,0,0,0,0.165388
587189,9,1,187676,48436,41615,139240,245838,0,0,0,0,0.0595983
587190,9,1,166575,43930,38382,122645,229607,0,0,0,0,0.0553451
587191,9,2,165948,44597,39146,121339,234954,1,0,0,0,0.143456
587194,9,2,174371,48171,42077,126188,255744,1,0,0,0,0.148219
587199,9,1,172790,44707,38703,128083,228618,0,0,0,0,0.0592682
587200,9,2,160536,42885,37734,117639,225749,1,0,0,0,0.149643
587201,9,2,169474,45753,40147,123709,241139,1,0,0,0,0.153136
587204,9,1,177390,46510,40566,130880,238850,0,0,0,0,0.0645612
587209,9,1,167493,43975,38076,123518,226707,0,0,0,0,0.0771242
587230,9,1,141049,37073,31688,103976,193562,0,0,0,0,0.0633719
587231,9,1,156800,41318,35231,115482,215569,0,0,0,0,0.0578266
587234,9,1,166303,43198,37331,123105,222112,0,0,0,0,0.0562547
587239,9,1,169378,44626,39119,124752,232293,0,0,0,0,0.0800044
587240,9,1,165635,44187,37929,121448,232543,0,0,0,0,0.0698541
587241,9,2,280781,76562,66893,204207,404060,1,0,0,0,0.167373
587244,9,1,168420,44568,38869,123852,233347,0,0,0,0,0.0776789
587249,9,1,181472,47375,40655,134097,243810,0,0,0,0,0.0745022
587250,9,1,165688,44194,37943,121494,232571,0,0,0,0,0.0660209
587251,9,2,299778,82267,72174,217499,433507,1,0,0,0,0.174324
587254,9,1,170057,45213,39349,124844,237448,0,0,0,0,0.0658014
587259,9,1,168920,44610,38529,124310,232352,0,0,0,0,0.0668488
587260,9,2,165931,44213,38400,121706,232281,1,0,0,0,0.13669
587261,9,2,182775,49346,43090,133417,259529,1,0,0,0,0.142485
587264,9,1,160741,42287,36596,118454,221352,0,0,0,0,0.057127
587269,9,1,160267,42800,36913,117467,224123,0,0,0,0,0.0660318
587290,9,1,153104,40704,34716,112400,213657,0,0,0,0,0.0532637
587291,9,2,256008,69372,60110,186624,366590,1,0,0,0,0.16087
587294,9,1,197164,54180,47821,142984,283866,0,0,0,0,0.0905728
587299,9,1,172525,46069,39789,126456,240677,0,0,0,0,0.0625239
587300,9,1,153018,40681,34705,112337,213532,0,0,0,0,0.0552811
587301,9,2,276546,75523,66047,201011,397916,1,0,0,0,0.159808
587304,9,1,205454,56079,49164,149375,291142,0,0,0,0,0.0761401
587309,9,1,188860,50450,43669,138410,261824,0,0,0,0,0.0580639
587310,9,2,197127,53637,46552,143478,283564,1,0,0,0,0.136325
587311,9,2,202019,54867,47833,147140,288919,1,0,0,0,0.137651
587314,9,1,198741,53849,47548,144892,279808,0,0,0,0,0.0889206
587319,9,1,196636,52027,45391,144609,268351,0,0,0,0,0.0625095
587340,9,1,134342,34559,28994,99783,178633,0,0,0,0,0.0554975
587341,9,1,148064,38024,33028,110040,197825,0,0,0,0,0.066858
587344,9,1,196376,51873,45373,144503,267341,0,0,0,0,0.0807132
587349,9,2,269311,73214,63792,196085,384897,1,0,0,0,0.163665
587350,9,2,207914,57155,49484,150746,302591,1,0,0,0,0.161816
587351,9,1,158869,41576,36039,117293,216600,0,0,0,0,0.0640707
587354,9,2,222272,61689,54840,160571,326680,1,0,0,0,0.190168
587359,9,1,170345,44801,38782,125544,231227,0,0,0,0,0.0574145
587380,9,2,200225,54471,47648,145741,286402,1,0,0,0,0.184142
587381,9,1,151387,39449,34180,111938,204894,0,0,0,0,0.0516707
587384,9,2,337215,91532,80534,245671,479820,1,0,0,0,0.167581
587389,9,1,172661,45818,40092,126843,237887,0,0,0,0,0.0543753
587430,9,1,160923,42340,36600,118583,219781,0,0,0,0,0.0771703
587431,9,1,168605,43650,37051,124955,223672,0,0,0,0,0.0597958
587432,9,1,158848,41595,35617,117253,215391,0,0,0,0,0.0556097
587433,9,1,159519,42158,35892,117361,219797,0,0,0,0,0.0760333
587434,9,1,170894,45511,39473,125383,237481,0,0,0,0,0.0630584
587435,9,1,187122,49677,42887,137445,257053,0,0,0,0,0.0628682
587436,9,1,201100,52253,45023,148847,265527,0,0,0,0,0.0632392
587437,9,2,259935,70448,61283,189475,370575,1,0,0,0,0.16555
587438,9,2,263044,71199,61980,191833,374551,1,0,0,0,0.158664
587439,9,2,270706,72583,63539,198111,378777,1,0,0,0,0.155042
587722,18,1,169697,47010,40673,122687,251467,0,0,0,0,0.0593769
587725,18,1,180783,49793,42935,130990,264967,0,0,0,0,0.0590273
587728,18,1,175989,47802,41428,128187,251787,0,0,0,0,0.0844423
587732,18,1,202794,54673,47714,148121,284267,0,0,0,0,0.0809086
587735,18,1,210689,56741,49814,153948,293726,0,0,0,0,0.06837
587738,18,1,197222,51533,44697,145689,263415,0,0,0,0,0.0654952
587742,18,1,169565,44869,39279,124696,234579,0,0,0,0,0.0565722
587745,18,2,300271,83242,73443,217017,441121,1,0,0,0,0.220588
587748,18,2,212603,58638,51906,153952,310744,1,0,0,0,0.140449
587752,18,1,182616,48179,42469,134437,250164,0,0,0,0,0.0580425
587755,18,1,198535,53049,46443,145486,276620,0,0,0,0,0.0581692
587758,18,2,200452,55343,48995,145096,294231,1,0,0,0,0.141397
587762,18,1,174620,45979,40058,128641,238574,0,0,0,0,0.0593905
587765,18,1,199899,54948,48321,144951,288564,0,0,0,0,0.0639338
587768,18,1,191012,52506,46234,138506,276510,0,0,0,0,0.0593264
587770,18,1,169162,44511,39055,124651,231885,0,0,0,0,0.0770791
587771,18,1,177375,46343,40453,131032,239135,0,0,0,0,0.0552729
587772,18,1,162073,41657,36850,120416,213844,0,0,0,0,0.0641956
587773,18,1,193257,51682,46142,141575,271332,0,0,0,0,0.0884136
587774,18,1,187743,49277,43127,138466,254421,0,0,0,0,0.0628465
587775,18,1,184027,49081,43002,134946,255843,0,0,0,0,0.0595516
587776,18,1,201291,53378,46442,147913,276746,0,0,0,0,0.0637838
587777,18,1,176965,47150,40894,129815,246489,0,0,0,0,0.0588389
587778,18,1,185653,49383,43124,136270,257853,0,0,0,0,0.0623813
587779,18,1,167808,44459,38557,123349,232322,0,0,0,0,0.0612964
587792,18,1,194231,53813,46932,140418,285091,0,0,0,0,0.0666685
587795,18,1,199156,54577,47683,144579,287422,0,0,0,0,0.065881
587798,18,1,187559,50358,43731,137201,261926,0,0,0,0,0.0641157
587802,18,1,189200,50570,43939,138630,265276,0,0,0,0,0.0621818
587805,18,1,199733,53691,46515,146042,281522,0,0,0,0,0.0784417
587808,18,1,200772,53955,46455,146817,282199,0,0,0,0,0.059016
587812,18,2,306007,84667,74508,221328,448740,1,0,0,0,0.20095
587815,18,1,200427,53978,46505,146449,284307,0,0,0,0,0.0833262
587818,18,1,191886,51972,44794,139914,273891,0,0,0,0,0.0579679
587822,18,2,294100,80727,70848,213361,425725,1,0,0,0,0.233345
587825,18,1,202519,55270,48241,147249,292281,0,0,0,0,0.0765925
587828,18,1,202580,55628,48288,146952,294996,0,0,0,0,0.0614292
587830,18,1,184214,49159,42591,135055,258128,0,0,0,0,0.0550696
587831,18,1,195160,51787,44996,143373,270027,0,0,0,0,0.072544
587832,18,1,188905,49467,42793,139438,254782,0,0,0,0,0.0711423
587833,18,1,196729,53102,47143,143627,279561,0,0,0,0,0.0757923
587834,18,1,190289,50591,44009,139698,264556,0,0,0,0,0.0595771
587835,18,1,186707,49696,42927,137011,260103,0,0,0,0,0.0560996
587836,18,1,200857,53741,46434,147116,280685,0,0,0,0,0.0639428
587837,18,1,188392,50059,43447,138333,259767,0,0,0,0,0.0551772
587838,18,1,189965,50897,44071,139068,266799,0,0,0,0,0.0685433
587839,18,1,181307,48493,41779,132814,254718,0,0,0,0,0.0643459
587852,18,1,162215,42859,36920,119356,223892,0,0,0,0,0.0536602
587855,18,1,191836,51409,43889,140427,269925,0,0,0,0,0.0644662
587858,18,1,194937,52431,45261,142506,275364,0,0,0,0,0.0842608
587862,18,1,180896,48103,41747,132793,250805,0,0,0,0,0.0703152
587865,18,1,198723,52978,45668,145745,275759,0,0,0,0,0.0642364
587868,18,1,208338,56253,48826,152085,294603,0,0,0,0,0.0620219
587872,18,1,175360,46288,40416,129072,238760,0,0,0,0,0.0580302
587875,18,1,218598,59789,52185,158809,314703,0,0,0,0,0.0716786
587878,18,1,221042,60152,52745,160890,316019,0,0,0,0,0.0647507
587880,18,1,176281,47149,40600,129132,247516,0,0,0,0,0.072486
587881,18,1,185566,49295,42571,136271,257154,0,0,0,0,0.0707586
587882,18,1,171999,45289,39169,126710,234631,0,0,0,0,0.0539454
587884,18,1,174348,46435,39958,127913,242410,0,0,0,0,0.0631201
587885,18,1,194880,52384,45919,142496,274048,0,0,0,0,0.0652048
587886,18,2,304421,84918,74073,219490,450781,1,0,0,0,0.169564
587887,18,2,300111,83187,73041,216911,441306,1,0,0,0,0.177635
587888,18,2,306042,85064,74457,220965,452049,1,0,0,0,0.156713
587889,18,1,209476,56710,49555,152766,296371,0,0,0,0,0.058218
587893,18,1,188806,50933,45050,137873,267729,0,0,0,0,0.0726353
587902,18,1,169811,43930,38060,125881,227012,0,0,0,0,0.0491416
587905,18,1,180843,47531,41058,133312,247261,0,0,0,0,0.0542415
587908,18,1,175604,46341,40267,129263,242204,0,0,0,0,0.0578812
587912,18,1,170266,44326,38519,125940,230073,0,0,0,0,0.0520234
587915,18,1,196481,52405,45615,144076,273613,0,0,0,0,0.0574525
587918,18,1,182216,48092,42016,134124,250958,0,0,0,0,0.0567163
587920,18,1,183597,49972,43196,133625,262319,0,0,0,0,0.063158
587921,18,1,186857,49794,43051,137063,259833,0,0,0,0,0.0544271
587922,18,1,187826,50133,43546,137693,262319,0,0,0,0,0.0566405
587924,18,2,303943,84426,74343,219504,446677,1,0,0,0,0.15807
587925,18,1,220647,59600,51937,161047,311257,0,0,0,0,0.0577491
587928,18,1,205747,55295,48341,150452,288941,0,0,0,0,0.0611685
587929,18,1,196110,52125,45798,143985,271954,0,0,0,0,0.0562062
587933,18,1,194623,52280,44980,142343,273485,0,0,0,0,0.0569537
587936,18,1,207058,55896,48439,151162,293340,0,0,0,0,0.0579535
587937,18,1,200277,54218,47519,146059,284855,0,0,0,0,0.0627263
587942,18,1,174702,45672,39514,129030,236241,0,0,0,0,0.0514327
587945,18,1,203894,54995,48237,148899,288426,0,0,0,0,0.0585401
587948,18,1,188200,49974,43755,138226,261159,0,0,0,0,0.0590437
587950,18,1,188472,50845,44339,137627,265326,0,0,0,0,0.0705735
587951,18,1,182957,48653,41941,134304,253288,0,0,0,0,0.0712659
587954,18,1,203810,55472,47954,148338,291584,0,0,0,0,0.0615008
587959,18,1,202755,53990,47480,148765,281070,0,0,0,0,0.0605133
587962,18,1,184961,49289,42342,135672,257815,0,0,0,0,0.0612869
587963,18,1,182078,48984,42133,133094,257239,0,0,0,0,0.0745989
587965,18,1,221447,59786,52245,161661,312274,0,0,0,0,0.0619227
587966,18,1,211429,57131,49735,154298,299581,0,0,0,0,0.0591216
587967,18,1,194230,52825,46309,141405,278366,0,0,0,0,0.0632767
587968,18,1,200723,53945,47278,146778,281895,0,0,0,0,0.0601183
587980,18,1,178116,47400,40682,130716,244844,0,0,0,0,0.0623981
587981,18,1,183363,49046,41937,134317,254655,0,0,0,0,0.0538605
587982,18,1,176367,47143,40303,129224,246111,0,0,0,0,0.0534898
587983,18,1,169038,45518,39132,123520,239424,0,0,0,0,0.0563828
587984,18,1,200866,54745,47012,146121,288169,0,0,0,0,0.0591323
587985,18,1,212141,57848,50035,154293,303056,0,0,0,0,0.0603316
587986,18,1,211036,56571,49310,154465,292980,0,0,0,0,0.0604776
587987,18,1,179006,48229,42001,130777,253658,0,0,0,0,0.0617085
587988,18,1,190842,51095,44191,139747,267352,0,0,0,0,0.0558381
587989,18,1,200671,53355,46574,147316,276564,0,0,0,0,0.0575928
588570,6,1,216019,59234,52410,156785,311725,0,0,0,0,0.0764072
588571,18,1,206680,57035,49516,149645,300904,0,0,0,0,0.0608753
588574,18,2,213116,58876,52465,154227,314053,1,0,0,0,0.116786
588579,18,2,259335,72727,64870,186595,389530,1,0,0,0,0.130131
588580,6,1,215978,59202,52386,156776,311468,0,0,0,0,0.0725147
588581,18,1,206613,57004,49499,149609,300675,0,0,0,0,0.0576075
588584,18,2,213287,58891,52484,154383,314075,1,0,0,0,0.117648
588589,18,2,259376,72714,64879,186649,389413,1,0,0,0,0.139049
588590,6,1,215916,59190,52384,156726,311415,0,0,0,0,0.0709777
588591,18,1,232346,65695,57203,166651,348046,0,0,0,0,0.0624468
588594,18,1,247760,69616,60806,178144,367112,0,0,0,0,0.0647971
588599,18,1,196968,54347,47200,142621,286944,0,0,0,0,0.0548019
588600,18,1,186890,50844,44329,136046,267536,0,0,0,0,0.054389
588601,18,1,207332,57436,50098,149896,303344,0,0,0,0,0.0550578
588604,18,1,221966,61313,53617,160653,321860,0,0,0,0,0.0579384
588609,18,1,217670,60360,53226,157310,318388,0,0,0,0,0.0744021
588622,36,1,219028,60591,53152,158437,320597,0,0,0,0,0.0593295
588625,36,1,228545,63023,55116,165522,332414,0,0,0,0,0.0590451
588628,36,1,220334,60767,52900,159567,319683,0,0,0,0,0.0618072
588630,6,1,192490,51922,45952,140568,274732,0,0,0,0,0.0738154
588631,18,1,194446,53139,46533,141307,282289,0,0,0,0,0.0566671
588634,18,1,221517,61262,54023,160255,324890,0,0,0,0,0.0594872
588639,18,1,188335,50641,44615,137694,266796,0,0,0,0,0.0579922
588640,6,1,192381,51897,45911,140484,274608,0,0,0,0,0.101912
588641,18,1,194428,53122,46521,141306,282159,0,0,0,0,0.0655157
588644,18,1,222050,61386,54112,160664,325505,0,0,0,0,0.0628286
588649,18,1,188598,50681,44669,137917,266942,0,0,0,0,0.0562482
588650,6,1,192395,51907,45926,140488,274666,0,0,0,0,0.0767088
588651,18,2,236176,66631,58806,169532,357414,1,0,0,0,0.133142
588654,18,2,220672,61986,55301,158673,331674,1,0,0,0,0.137316
588659,18,1,178448,47793,41906,130655,252450,0,0,0,0,0.063303
588660,18,1,160786,43091,37536,117695,227971,0,0,0,0,0.0682349
588661,18,1,176142,47292,41647,128850,250121,0,0,0,0,0.0591067
588664,18,1,189030,50831,45094,138199,267564,0,0,0,0,0.0601628
588669,18,1,197286,53517,47474,143769,283443,0,0,0,0,0.0771274
588682,36,1,196310,54199,47421,142111,289749,0,0,0,0,0.0746519
588685,36,1,207607,57098,50166,150509,303929,0,0,0,0,0.0654525
588688,36,1,213882,59027,51834,154855,313326,0,0,0,0,0.0606459
588690,6,1,179356,48044,42118,131312,253943,0,0,0,0,0.0676208
588691,18,1,161708,43522,37805,118186,230930,0,0,0,0,0.0526154
588694,18,1,206408,56781,49936,149627,299836,0,0,0,0,0.0579821
588699,18,1,189543,51521,45067,138022,270937,0,0,0,0,0.06229
588700,6,1,179325,48029,42109,131296,253839,0,0,0,0,0.0742112
588701,18,1,179359,48588,42848,130771,257528,0,0,0,0,0.0537656
588704,18,1,202587,55651,48454,146936,294330,0,0,0,0,0.0575916
588709,18,1,192705,52681,46333,140024,278028,0,0,0,0,0.0577707
588710,18,1,167147,44765,38622,122382,236867,0,0,0,0,0.0616401
588711,18,1,195320,52769,45878,142551,278486,0,0,0,0,0.0568301
588714,18,1,199019,54526,47771,144493,288454,0,0,0,0,0.0567991
588719,18,1,190465,51514,45020,138951,270946,0,0,0,0,0.0723942
588732,36,1,182257,49689,43039,132568,264859,0,0,0,0,0.0553968
588735,36,1,213482,59085,50963,154397,313476,0,0,0,0,0.0635839
588738,36,1,219044,60903,53204,158141,323669,0,0,0,0,0.0636528
588740,6,1,179395,48056,42107,131339,254006,0,0,0,0,0.0721479
588741,18,1,198907,54035,47775,144872,284604,0,0,0,0,0.0587358
588744,18,1,204302,55714,48387,148588,293831,0,0,0,0,0.0563071
588749,18,1,198627,54227,47570,144400,285827,0,0,0,0,0.0563713
588750,18,1,167523,44882,38701,122641,237555,0,0,0,0,0.0532424
588751,18,1,206052,55769,48370,150283,293455,0,0,0,0,0.0632841
588754,18,1,194088,52827,45971,141261,278550,0,0,0,0,0.0562403
588759,18,2,261525,73436,64790,188077,393577,1,0,0,0,0.132884
588772,36,1,195093,53259,46389,141834,283358,0,0,0,0,0.06524
588775,36,1,212230,58273,50483,153957,308073,0,0,0,0,0.067002
588778,36,1,221697,61206,53404,160491,324425,0,0,0,0,0.0626498
588780,18,2,300420,82782,72233,217625,439761,1,0,0,0,0.147964
588781,18,2,299971,82684,72173,217274,439253,1,0,0,0,0.156306
588784,18,1,185930,50290,43992,135640,263557,0,0,0,0,0.06223
588789,18,2,257561,71478,62979,186071,379067,1,0,0,0,0.134588
588802,36,1,186892,50264,43669,136628,265080,0,0,0,0,0.0565522
588805,36,1,205786,56466,49172,149320,298597,0,0,0,0,0.0592881
588808,36,1,208218,57133,49822,151085,301951,0,0,0,0,0.0578801
588830,18,1,166741,44125,38473,122616,231900,0,0,0,0,0.0516839
588831,18,1,166745,44109,38467,122636,231764,0,0,0,0,0.0576117
588832,18,1,164947,43940,38493,121007,231965,0,0,0,0,0.0606532
588833,18,1,183735,49536,43694,134199,262315,0,0,0,0,0.0771844
588834,18,1,175111,47178,41212,127933,246779,0,0,0,0,0.0556486
588835,18,1,185013,50235,43917,134778,264812,0,0,0,0,0.0630531
588836,18,1,197373,53763,46710,143610,283778,0,0,0,0,0.0602706
588837,18,1,185117,50209,43787,134908,265048,0,0,0,0,0.0560821
588838,18,1,203226,55507,48954,147719,292529,0,0,0,0,0.0594927
588839,18,2,242288,67164,59457,175113,355660,1,0,0,0,0.141775
588860,6,1,209263,58046,51052,151217,308503,0,0,0,0,0.08395
588861,18,1,180081,49575,43119,130506,263610,0,0,0,0,0.0575728
588864,18,2,277758,78736,69923,199010,423763,1,0,0,0,0.142648
588869,18,2,264140,75205,67034,188924,405190,1,0,0,0,0.151045
588870,6,1,209240,58037,51041,151203,308432,0,0,0,0,0.106893
588871,18,1,203120,56316,49461,146804,299105,0,0,0,0,0.0701911
588874,18,1,209480,57840,50558,151640,306334,0,0,0,0,0.0619796
588879,18,1,214939,59231,51582,155708,312249,0,0,0,0,0.0603015
588880,18,1,192732,52771,45883,139961,279940,0,0,0,0,0.0584726
588881,18,2,284524,78929,69574,205582,421796,1,0,0,0,0.194776
588884,18,2,370164,104030,91293,266121,556406,1,0,0,0,0.168676
588889,18,1,225707,62248,53923,163459,326318,0,0,0,0,0.0609022
588902,36,1,199289,54326,47818,144963,287895,0,0,0,0,0.0556945
588905,36,1,228810,63554,54919,165256,337894,0,0,0,0,0.0593546
588908,36,1,224544,62263,53772,162281,329236,0,0,0,0,0.057787
588920,6,1,212962,59282,52201,153680,316356,0,0,0,0,0.0737182
588921,18,1,192958,52768,45863,140190,280401,0,0,0,0,0.0558973
588924,18,1,222653,62604,54205,160049,334163,0,0,0,0,0.0777008
588929,18,1,222155,61174,53275,160981,324942,0,0,0,0,0.0749755
588930,6,1,212761,59228,52174,153533,316049,0,0,0,0,0.0795941
588931,18,2,340298,95712,83770,244573,512169,1,0,0,0,0.188772
588934,18,1,202528,56079,48672,146449,298431,0,0,0,0,0.0575106
588939,18,2,261541,73649,65296,187879,395449,1,0,0,0,0.131081
588940,18,1,186286,51486,44193,134800,274968,0,0,0,0,0.0559615
588941,18,2,333362,93249,81697,240100,498242,1,0,0,0,0.160467
588944,18,1,183196,49950,43774,133246,265686,0,0,0,0,0.061124
588949,18,1,208199,57338,50290,150861,303994,0,0,0,0,0.0591204
588962,36,1,200447,54530,47438,145917,289015,0,0,0,0,0.0565007
588965,36,1,212866,58799,51144,154067,313660,0,0,0,0,0.0590655
588968,36,1,216869,59982,52245,156887,318360,0,0,0,0,0.0605774
588970,6,1,197357,54856,48144,142501,291783,0,0,0,0,0.0796285
588971,18,1,174980,47438,40895,127542,251176,0,0,0,0,0.0556856
588974,18,1,202509,55534,48283,146975,293684,0,0,0,0,0.0628966
588979,18,1,196573,53428,46409,143145,281592,0,0,0,0,0.0710701
588980,6,1,197181,54808,48106,142373,291528,0,0,0,0,0.0804154
588981,18,1,198806,54817,47921,143989,291256,0,0,0,0,0.0629658
588984,18,1,208255,57180,49963,151075,302883,0,0,0,0,0.0619954
588989,18,1,211421,58071,50600,153350,307256,0,0,0,0,0.0621021
588990,18,1,172713,47355,41108,125358,251826,0,0,0,0,0.0618435
588991,18,1,191260,52596,45744,138664,278839,0,0,0,0,0.0621365
588994,18,1,183219,49752,43197,133467,263250,0,0,0,0,0.0580896
588999,18,1,205552,56592,49579,148960,298509,0,0,0,0,0.0597283
589012,36,1,184883,50151,43406,134732,265749,0,0,0,0,0.0613541
589015,36,1,207919,57134,49923,150785,303091,0,0,0,0,0.0578464
589018,36,1,214565,59100,51383,155465,313738,0,0,0,0,0.0597567
589020,6,1,179872,49321,43502,130551,261434,0,0,0,0,0.0897796
589021,18,1,193359,53923,47269,139436,287331,0,0,0,0,0.0654239
589024,18,1,204292,57009,49928,147283,302912,0,0,0,0,0.0669425
589029,18,1,191211,52191,45818,139020,276917,0,0,0,0,0.061797
589030,18,1,171122,47452,41153,123670,253133,0,0,0,0,0.0750638
589031,18,1,186600,50983,44462,135617,270503,0,0,0,0,0.0720938
589034,18,1,212199,58905,51092,153294,313522,0,0,0,0,0.0623441
589039,18,1,196574,53124,46655,143450,280018,0,0,0,0,0.0584247
589052,36,1,211712,58425,50943,153287,311049,0,0,0,0,0.0671106
589055,36,1,226196,63303,55058,162893,337117,0,0,0,0,0.0845664
589058,36,1,206506,57181,50032,149325,304329,0,0,0,0,0.0709342
589060,18,1,183561,50059,43686,133502,264097,0,0,0,0,0.0691931
589061,18,1,186469,51065,44245,135404,269237,0,0,0,0,0.0781097
589064,18,2,213705,58964,52161,154729,311670,1,0,0,0,0.137343
589069,18,1,187631,50418,44182,137213,263120,0,0,0,0,0.0548335
589082,36,1,199240,54440,47421,144800,287816,0,0,0,0,0.0592092
589085,36,1,218568,60398,52654,158170,320825,0,0,0,0,0.0825261
589088,36,1,202747,55634,48630,147113,294774,0,0,0,0,0.0574595
589110,18,1,166577,44499,39208,122078,233768,0,0,0,0,0.0567764
589111,18,1,189705,51010,44623,138695,267407,0,0,0,0,0.0538365
589112,18,1,193503,51906,45283,141597,272633,0,0,0,0,0.0549725
589113,18,1,191697,51998,45365,139699,273452,0,0,0,0,0.0569735
589114,18,2,217241,60169,53443,157061,318488,1,0,0,0,0.129561
589115,18,1,217885,59875,52565,158010,316652,0,0,0,0,0.0710832
589116,18,2,270993,76313,67538,194667,409165,1,0,0,0,0.150507
589117,18,1,185099,49613,43457,135486,261577,0,0,0,0,0.0566857
589118,18,1,203048,55258,48747,147790,291963,0,0,0,0,0.0568405
589119,18,1,204166,54814,48327,149352,285861,0,0,0,0,0.0553432
589150,6,1,209178,58015,51026,151163,308287,0,0,0,0,0.0740853
589151,18,1,224320,62207,54889,162113,328787,0,0,0,0,0.0809062
589154,18,1,214656,59911,52429,154745,318699,0,0,0,0,0.076993
589159,18,1,200453,55378,48107,145075,293286,0,0,0,0,0.0632439
589160,18,1,192798,52775,45887,140023,279958,0,0,0,0,0.0696705
589161,18,2,289256,80559,71121,208684,430759,1,0,0,0,0.146906
589164,18,1,208722,57511,50372,151211,303786,0,0,0,0,0.0733808
589169,18,1,204252,56216,48919,148036,295752,0,0,0,0,0.0832803
589182,36,1,213626,58472,51669,155154,309530,0,0,0,0,0.0612371
589185,36,1,228360,63587,55265,164773,338380,0,0,0,0,0.0739709
589188,36,1,210780,58163,50481,152617,308360,0,0,0,0,0.0706011
589210,6,1,212697,59214,52159,153483,315975,0,0,0,0,0.0749209
589211,18,2,364408,103628,90922,260767,555517,1,0,0,0,0.181593
589214,18,1,205829,57125,49489,148704,304605,0,0,0,0,0.0586837
589219,18,1,195695,53291,46191,142404,282249,0,0,0,0,0.0547125
589220,18,1,186190,51459,44178,134731,274800,0,0,0,0,0.0746437
589221,18,2,350775,98503,86348,252259,526952,1,0,0,0,0.153569
589224,18,1,186099,50934,44791,135165,271125,0,0,0,0,0.0586965
589229,18,1,189642,52186,45599,137456,277308,0,0,0,0,0.0555941
589242,36,1,216809,59321,51450,157488,314500,0,0,0,0,0.0566978
589245,36,1,214251,59319,51677,154932,317001,0,0,0,0,0.0584421
589248,36,1,204768,56693,49445,148075,301913,0,0,0,0,0.0558273
589260,6,1,197187,54811,48116,142376,291532,0,0,0,0,0.0817269
589261,18,1,221012,61317,53645,159695,325775,0,0,0,0,0.0674789
589264,18,1,211718,57950,50697,153768,306500,0,0,0,0,0.0616543
589269,18,1,216696,59921,52394,156775,317944,0,0,0,0,0.0633396
589270,18,1,172826,47388,41152,125438,251988,0,0,0,0,0.0539092
589271,18,2,314963,88142,77422,226808,472178,1,0,0,0,0.177579
589274,18,1,188944,51499,44383,137445,272547,0,0,0,0,0.0740443
589279,18,1,211526,58187,50903,153339,307035,0,0,0,0,0.0656987
589292,36,1,200851,54948,47685,145903,291862,0,0,0,0,0.0594755
589295,36,1,211832,58131,50569,153701,308177,0,0,0,0,0.0581941
589298,36,1,220157,60908,53161,159249,323979,0,0,0,0,0.0604703
589300,6,1,179900,49304,43471,130596,261301,0,0,0,0,0.118322
589301,18,1,195987,54384,47826,141603,289968,0,0,0,0,0.0721585
589304,18,1,212356,59318,51968,153038,315877,0,0,0,0,0.0714622
589309,18,1,192748,52809,46399,139939,280434,0,0,0,0,0.0703981
589310,18,1,170955,47400,41105,123555,252855,0,0,0,0,0.0682128
589311,18,1,188333,51306,44757,137027,272340,0,0,0,0,0.073493
589314,18,1,216963,59869,52045,157094,317749,0,0,0,0,0.0653985
589319,18,1,200039,54344,47773,145695,287079,0,0,0,0,0.072911
589332,36,1,208637,57301,50282,151336,304962,0,0,0,0,0.0655892
589335,36,1,227259,63221,55235,164038,336019,0,0,0,0,0.0616386
589338,36,1,209835,58441,51569,151394,311759,0,0,0,0,0.0809851
589340,18,1,183773,50073,43700,133700,264082,0,0,0,0,0.0767809
589341,18,1,186176,51012,44218,135164,269010,0,0,0,0,0.0530589
589344,18,2,214117,59065,52254,155040,312165,1,0,0,0,0.125937
589349,18,1,187581,50389,44161,137192,262909,0,0,0,0,0.0543165
589362,36,1,187134,51033,44088,136101,270870,0,0,0,0,0.0534007
589365,36,1,217195,59893,52026,157302,317964,0,0,0,0,0.060431
589368,36,1,199166,54456,47700,144710,288543,0,0,0,0,0.0702038
589390,18,1,166691,44513,39225,122178,233796,0,0,0,0,0.0808952
589391,18,1,189459,50974,44608,138485,267273,0,0,0,0,0.0570992
589392,18,1,178490,47976,41695,130514,253484,0,0,0,0,0.0549208
589393,18,1,174967,47386,41319,127581,251084,0,0,0,0,0.0549184
589394,18,2,217299,60177,53455,157111,318520,1,0,0,0,0.129971
589395,18,1,213578,58306,50979,155272,307982,0,0,0,0,0.0600097
589396,18,1,217170,59523,52613,157647,313956,0,0,0,0,0.0606123
589397,18,1,179696,48159,42286,131537,254066,0,0,0,0,0.0629671
589398,18,1,198369,54188,47648,144181,287081,0,0,0,0,0.0621907
589399,18,1,203932,54752,48285,149180,285528,0,0,0,0,0.0591945
589440,18,1,211999,57781,50768,154218,303571,0,0,0,0,0.0601741
589441,18,1,216294,58889,51741,157405,307842,0,0,0,0,0.0598854
589444,18,2,247344,70137,61992,177194,377717,1,0,0,0,0.164515
589449,18,1,196411,54075,47076,142336,284988,0,0,0,0,0.0688923
589462,36,1,211862,58191,50796,153671,307178,0,0,0,0,0.0665793
589465,36,1,229224,64078,56006,165146,340125,0,0,0,0,0.0690225
589468,36,1,217725,60749,52916,156976,323003,0,0,0,0,0.0651334
589500,18,1,209099,57899,49928,151200,308461,0,0,0,0,0.0719303
589501,18,1,220157,60879,52689,159278,322340,0,0,0,0,0.0745842
589504,18,1,193306,53732,46906,139574,287053,0,0,0,0,0.072637
589509,18,1,181882,50141,43515,131741,267045,0,0,0,0,0.0804156
589522,36,1,215651,59108,51096,156543,312875,0,0,0,0,0.0804666
589525,36,1,218549,60963,53163,157586,326533,0,0,0,0,0.0651665
589528,36,1,209400,58207,50498,151193,311429,0,0,0,0,0.0592187
589550,18,1,202157,56300,49078,145857,299463,0,0,0,0,0.0704507
589551,18,1,212878,59066,51345,153812,312787,0,0,0,0,0.0700182
589554,18,1,190729,52480,45522,138249,278893,0,0,0,0,0.0656738
589559,18,1,214477,59473,52181,155004,315142,0,0,0,0,0.0664798
589572,36,1,200433,54833,47430,145600,291052,0,0,0,0,0.0634084
589575,36,1,215721,59532,51606,156189,317083,0,0,0,0,0.0720151
589578,36,1,220833,61411,53360,159422,327690,0,0,0,0,0.0625837
589590,18,1,202111,56355,49101,145756,299396,0,0,0,0,0.0708307
589591,18,1,196237,53826,46914,142411,285865,0,0,0,0,0.0604599
589594,18,1,219545,60513,52530,159032,320231,0,0,0,0,0.0588451
589599,18,1,196323,53019,46538,143304,279100,0,0,0,0,0.0587635
589612,36,1,205739,56667,49519,149072,302630,0,0,0,0,0.0596689
589615,36,1,234396,65066,56749,169330,347078,0,0,0,0,0.0693339
589618,36,1,213143,58477,51506,154666,311454,0,0,0,0,0.0645282
589620,18,1,206288,57501,50161,148787,304656,0,0,0,0,0.0723715
589621,18,1,192250,53221,46212,139029,283369,0,0,0,0,0.0635275
589624,18,1,214235,59188,51481,155047,314559,0,0,0,0,0.0679251
589629,18,1,196692,53332,47064,143360,281015,0,0,0,0,0.0631383
589642,36,1,194809,53537,46489,141272,285904,0,0,0,0,0.0579872
589645,36,1,228735,63120,54934,165615,335851,0,0,0,0,0.0613975
589648,36,1,206544,56626,49621,149918,301476,0,0,0,0,0.0603238
589670,18,1,164532,44095,38340,120437,232431,0,0,0,0,0.063646
589671,18,1,183361,49565,42753,133796,260667,0,0,0,0,0.0556433
589672,18,1,177308,47838,41270,129470,252618,0,0,0,0,0.0548533
589673,18,1,169700,46520,40521,123180,247924,0,0,0,0,0.0580111
589674,18,1,203161,56094,48966,147067,298661,0,0,0,0,0.0611016
589675,18,1,212212,58073,50549,154139,307193,0,0,0,0,0.0647956
589676,18,2,237834,67178,59602,170644,360796,1,0,0,0,0.138647
589677,18,1,172379,46601,41142,125778,246898,0,0,0,0,0.058771
589678,18,1,192650,52416,46090,140234,277521,0,0,0,0,0.0566013
589679,18,1,201170,54448,47994,146722,285980,0,0,0,0,0.0597239
589950,18,1,188359,52097,45927,136262,276378,0,0,0,0,0.0921328
589951,18,1,194468,53507,46464,140961,281147,0,0,0,0,0.0730359
589952,18,1,186635,51400,44395,135235,271668,0,0,0,0,0.0867815
589953,18,1,181916,50389,43580,131527,268435,0,0,0,0,0.0862446
589954,18,1,198629,55113,48051,143516,293284,0,0,0,0,0.0672119
589955,18,1,210648,58457,51356,152191,309630,0,0,0,0,0.132912
589956,18,1,232899,64387,56330,168512,337317,0,0,0,0,0.0773669
589957,18,1,181349,49512,43024,131837,263282,0,0,0,0,0.0658509
589958,18,1,185847,50598,44010,135249,267171,0,0,0,0,0.0862201
589959,18,1,199722,54398,47555,145324,285218,0,0,0,0,0.0756582
590020,36,1,190334,51825,45439,138509,273222,0,0,0,0,0.0774877
590021,36,1,195791,53203,46471,142588,279438,0,0,0,0,0.0731655
590022,36,1,195859,53654,46751,142205,283681,0,0,0,0,0.0564517
590023,36,1,215428,60315,53321,155113,321299,0,0,0,0,0.0765888
590024,36,1,220806,60879,53295,159927,321851,0,0,0,0,0.0615646
590025,36,1,211282,58557,50949,152725,310775,0,0,0,0,0.0578721
590026,36,1,232037,64709,56307,167328,343761,0,0,0,0,0.0720266
590027,36,1,199286,55185,47824,144101,293290,0,0,0,0,0.0784873
590028,36,1,211030,58867,51231,152163,313419,0,0,0,0,0.089317
590029,36,1,194246,53771,46526,140475,285703,0,0,0,0,0.0606239
590080,36,1,200159,55319,47722,144840,295164,0,0,0,0,0.0559299
590081,36,1,211366,58286,50505,153080,309010,0,0,0,0,0.0583158
590082,36,1,221707,61679,53015,160028,327016,0,0,0,0,0.0632159
590083,36,1,217565,61366,53672,156199,329059,0,0,0,0,0.0867162
590084,36,1,210386,58049,50753,152337,309742,0,0,0,0,0.087932
590085,36,1,204309,56137,48898,148172,298960,0,0,0,0,0.0814589
590086,36,1,225569,63570,55116,161999,340095,0,0,0,0,0.0709181
590087,36,1,199748,54858,47826,144890,291115,0,0,0,0,0.0675215
590088,36,1,205407,57256,49593,148151,305833,0,0,0,0,0.0680969
590089,36,1,190962,52897,45658,138065,282458,0,0,0,0,0.0585978
590130,36,1,194474,53824,47130,140650,286468,0,0,0,0,0.064558
590131,36,1,200532,55291,48362,145241,293362,0,0,0,0,0.0613167
590132,36,1,200570,55661,48195,144909,296328,0,0,0,0,0.080509
590133,36,1,202670,57461,50270,145209,308017,0,0,0,0,0.0854686
590134,36,1,192737,52690,45545,140047,278951,0,0,0,0,0.0826793
590135,36,1,202151,55389,48230,146762,293742,0,0,0,0,0.0600965
590136,36,1,208826,57415,49460,151411,305204,0,0,0,0,0.061449
590137,36,1,204990,56610,49088,148380,300962,0,0,0,0,0.0669039
590138,36,1,214708,59713,51565,154995,317952,0,0,0,0,0.0678609
590139,36,1,222991,62205,54036,160786,330175,0,0,0,0,0.0747336
590170,36,1,185835,51865,45179,133970,276457,0,0,0,0,0.0661334
590171,36,1,204119,55727,48644,148392,295666,0,0,0,0,0.0602539
590172,36,1,205422,56513,48987,148909,301054,0,0,0,0,0.0610449
590173,36,1,214156,59538,51442,154618,317825,0,0,0,0,0.0665647
590174,36,1,218839,60165,51987,158674,318269,0,0,0,0,0.0602802
590175,36,1,236153,65332,56731,170821,346588,0,0,0,0,0.0868167
590176,36,1,220137,61007,53256,159130,324932,0,0,0,0,0.0722089
590177,36,1,209047,57711,50242,151336,307457,0,0,0,0,0.0630326
590178,36,1,212655,58009,51038,154646,307628,0,0,0,0,0.0626874
590179,36,1,207068,56484,49718,150584,298553,0,0,0,0,0.0574379
590200,36,1,193783,54008,47031,139775,286856,0,0,0,0,0.0654572
590201,36,1,201511,55242,48047,146269,293044,0,0,0,0,0.0598364
590202,36,1,198533,55025,47647,143508,293469,0,0,0,0,0.0578765
590203,36,1,189120,51755,44866,137365,275359,0,0,0,0,0.0576357
590204,36,1,213240,58733,51024,154507,311485,0,0,0,0,0.0595238
590205,36,1,232192,64460,55766,167732,342674,0,0,0,0,0.0626172
590206,36,1,217820,60832,53392,156988,324503,0,0,0,0,0.0642017
590207,36,1,199161,54711,48019,144450,290866,0,0,0,0,0.0601522
590208,36,1,206970,56343,49504,150627,298654,0,0,0,0,0.0634039
590209,36,1,211869,58021,51087,153848,306733,0,0,0,0,0.0603228
590220,36,1,189531,52736,45304,136795,279505,0,0,0,0,0.0720926
590221,36,1,196564,54214,46947,142350,285996,0,0,0,0,0.062579
590222,36,1,188659,51788,44684,136871,274312,0,0,0,0,0.0616647
590223,36,1,167851,45618,39436,122233,242022,0,0,0,0,0.0575048
590224,36,1,206415,57191,49477,149224,304135,0,0,0,0,0.058682
590225,36,1,216716,60097,52311,156619,318248,0,0,0,0,0.0601957
590226,36,1,215114,60251,52915,154863,318981,0,0,0,0,0.0611019
590227,36,1,185926,50772,44492,135154,269159,0,0,0,0,0.0574818
590228,36,1,196480,53730,47082,142750,284302,0,0,0,0,0.0595881
590229,36,1,206739,56631,49652,150108,298012,0,0,0,0,0.059761
590810,6,1,218965,60387,53871,158578,319145,0,0,0,0,0.0743935
590811,18,1,212725,58926,51326,153799,312390,0,0,0,0,0.0601088
590814,18,2,227617,64049,57251,163555,343201,1,0,0,0,0.129703
590819,18,2,288043,81454,72342,206577,437253,1,0,0,0,0.146591
590820,6,1,218877,60316,53817,158561,318635,0,0,0,0,0.0745705
590821,18,1,212658,58844,51251,153814,311826,0,0,0,0,0.0624715
590824,18,2,227429,63974,57172,163442,342740,1,0,0,0,0.129662
590829,18,2,287926,81395,72282,206519,436874,1,0,0,0,0.144491
590830,6,1,218810,60306,53814,158504,318585,0,0,0,0,0.0760002
590831,18,1,236762,67293,58817,169469,357886,0,0,0,0,0.0646709
590834,18,1,245600,69325,60925,176275,366433,0,0,0,0,0.064248
590839,18,1,204987,57109,49640,147878,303457,0,0,0,0,0.0622078
590840,18,1,191944,52787,45941,139157,279602,0,0,0,0,0.0563357
590841,18,1,209066,57680,50468,151386,305037,0,0,0,0,0.0581272
590844,18,1,221239,60912,53424,160327,320436,0,0,0,0,0.0650621
590849,18,1,221901,62236,55187,159665,330519,0,0,0,0,0.0814691
590862,36,1,219741,61055,53672,158686,323905,0,0,0,0,0.0611425
590865,36,1,229382,63723,56087,165659,337275,0,0,0,0,0.0624494
590868,36,1,217880,59814,52313,158066,314410,0,0,0,0,0.0598234
590870,6,1,202238,54305,47638,147933,287558,0,0,0,0,0.104607
590871,18,1,198624,54509,47189,144115,290705,0,0,0,0,0.0743765
590874,18,2,203074,55607,48695,147454,295387,1,0,0,0,0.137575
590879,18,1,189989,51076,44971,138913,269076,0,0,0,0,0.0523269
590880,6,1,202244,54297,47630,147947,287488,0,0,0,0,0.0835979
590881,18,1,198510,54456,47159,144054,290383,0,0,0,0,0.0633483
590884,18,2,203060,55604,48691,147443,295389,1,0,0,0,0.143762
590889,18,1,190057,51080,44984,138977,269050,0,0,0,0,0.0574165
590890,6,1,202339,54325,47654,148014,287659,0,0,0,0,0.083705
590891,18,1,219254,60125,52753,159129,319292,0,0,0,0,0.0846794
590894,18,1,234633,64440,56793,170193,340756,0,0,0,0,0.0860214
590899,18,1,187211,50656,44247,136555,269241,0,0,0,0,0.0590227
590900,18,1,172793,46352,40354,126441,246112,0,0,0,0,0.0534607
590901,18,1,191846,51936,45648,139910,275799,0,0,0,0,0.0558669
590904,18,1,209929,56806,50123,153123,298959,0,0,0,0,0.0609599
590909,18,1,206534,56229,49471,150305,298603,0,0,0,0,0.0761484
590922,36,1,206375,57269,49705,149106,307116,0,0,0,0,0.0610273
590925,36,1,217931,60500,52934,157431,323486,0,0,0,0,0.0802737
590928,36,1,213101,58775,51057,154326,312032,0,0,0,0,0.0768641
590930,6,1,193841,52241,46360,141600,275571,0,0,0,0,0.0745967
590931,18,1,166403,44544,38866,121859,235349,0,0,0,0,0.0640274
590934,18,1,196456,53676,47108,142780,283113,0,0,0,0,0.0796952
590939,18,1,189672,51231,45081,138441,268716,0,0,0,0,0.0781339
590940,6,1,193668,52186,46317,141482,275254,0,0,0,0,0.0910663
590941,18,1,183418,49745,44143,133673,263681,0,0,0,0,0.0550611
590944,18,1,204443,56098,49331,148345,297406,0,0,0,0,0.0649075
590949,18,2,258075,72305,63458,185757,388514,1,0,0,0,0.166828
590950,18,1,182801,49648,43160,133153,263396,0,0,0,0,0.0594484
590951,18,1,207656,56389,49481,151267,297065,0,0,0,0,0.079777
590954,18,2,290227,80926,71255,209288,433481,1,0,0,0,0.134362
590959,18,1,195847,53051,46449,142796,279912,0,0,0,0,0.0679553
590972,36,1,194843,53206,46672,141637,283137,0,0,0,0,0.0837838
590975,36,1,219417,60488,52706,158929,321012,0,0,0,0,0.0693555
590978,36,1,217727,59990,52381,157737,318035,0,0,0,0,0.0812737
590980,6,1,193482,52178,46318,141304,275273,0,0,0,0,0.081666
590981,18,1,205833,55959,49498,149874,293924,0,0,0,0,0.0665713
590984,18,1,203744,55886,49088,147858,296456,0,0,0,0,0.0613158
590989,18,2,261035,72855,63599,188167,390187,1,0,0,0,0.141263
590990,18,1,183055,49748,43224,133307,263986,0,0,0,0,0.0573345
590991,18,2,204190,56594,50063,147583,302770,1,0,0,0,0.122878
590994,18,1,203711,55255,48054,148456,292270,0,0,0,0,0.0601069
590999,18,1,198138,53602,46994,144536,282259,0,0,0,0,0.0609779
591012,36,1,206626,56551,49762,150075,300024,0,0,0,0,0.0811383
591015,36,1,219277,60203,52311,159074,319018,0,0,0,0,0.0738323
591018,36,1,219620,60402,52625,159218,320141,0,0,0,0,0.0688514
591020,18,2,335033,92639,81883,242381,492670,1,0,0,0,0.14023
591021,18,2,334512,92486,81794,242013,491810,1,0,0,0,0.163336
591024,18,1,189327,50829,44349,138498,267876,0,0,0,0,0.0508598
591029,18,1,192415,51822,45622,140593,271081,0,0,0,0,0.0486621
591042,36,1,199397,53865,46847,145532,283884,0,0,0,0,0.055804
591045,36,1,216797,59310,51730,157487,314009,0,0,0,0,0.0557771
591048,36,1,220095,60641,52771,159454,321392,0,0,0,0,0.0533127
591070,18,1,178818,47275,41857,131543,247315,0,0,0,0,0.0513062
591071,18,1,178774,47261,41861,131513,247194,0,0,0,0,0.0506706
591072,18,1,174003,45837,40087,128166,240901,0,0,0,0,0.0608082
591073,18,1,198642,53842,47928,144800,284717,0,0,0,0,0.0756284
591074,18,1,185327,49592,43208,135735,259805,0,0,0,0,0.059461
591075,18,1,196683,53012,46304,143671,278644,0,0,0,0,0.0700882
591076,18,1,202305,55222,48287,147083,292247,0,0,0,0,0.0688261
591077,18,2,244654,67784,59405,176857,361629,1,0,0,0,0.150489
591078,18,1,204490,56112,49052,148378,296668,0,0,0,0,0.0575722
591079,18,1,202868,55353,48505,147515,290815,0,0,0,0,0.0578937
591100,6,1,212468,59321,52420,153147,315899,0,0,0,0,0.0836858
591101,18,1,180673,49691,43157,130982,264285,0,0,0,0,0.0701254
591104,18,2,317017,90862,80999,226143,489633,1,0,0,0,0.173344
591109,18,2,306029,88117,78250,217901,475904,1,0,0,0,0.141728
591110,6,1,212265,59274,52395,152991,315618,0,0,0,0,0.0769253
591111,18,2,296969,83344,74044,213612,447276,1,0,0,0,0.148269
591114,18,1,211756,59631,52350,152125,317822,0,0,0,0,0.0620113
591119,18,1,217625,60602,52846,157023,320722,0,0,0,0,0.0630373
591120,18,1,194245,54013,47158,140232,288141,0,0,0,0,0.0563948
591121,18,1,201141,55138,48188,146003,291015,0,0,0,0,0.0570863
591124,18,2,287378,82402,73086,204963,444396,1,0,0,0,0.144797
591129,18,1,220937,60623,52813,160314,317865,0,0,0,0,0.0591364
591142,36,1,201419,55590,48666,145829,295800,0,0,0,0,0.0557135
591145,36,1,233808,65813,57092,167995,350809,0,0,0,0,0.0668225
591148,36,1,221928,61875,53710,160053,327884,0,0,0,0,0.076336
591160,6,1,205452,56939,49877,148513,304143,0,0,0,0,0.0724993
591161,18,1,186372,51523,44050,134849,275504,0,0,0,0,0.0577603
591164,18,2,288857,81068,70879,207776,434470,1,0,0,0,0.145704
591169,18,2,235138,65801,58202,169325,352429,1,0,0,0,0.149269
591170,6,1,205399,56947,49923,148452,304229,0,0,0,0,0.0759292
591171,18,1,202203,56360,48730,145843,300837,0,0,0,0,0.0590858
591174,18,1,199377,55886,48102,143491,298754,0,0,0,0,0.0603534
591179,18,1,200779,54769,47812,146010,289083,0,0,0,0,0.0546841
591180,18,1,180947,50152,42996,130795,268535,0,0,0,0,0.0540954
591181,18,2,215671,59645,52250,156015,319390,1,0,0,0,0.121006
591184,18,2,253900,70417,62095,183470,377550,1,0,0,0,0.129205
591189,18,1,212891,58176,50794,154715,306411,0,0,0,0,0.0572012
591202,36,1,195935,54283,47204,141652,290050,0,0,0,0,0.0535091
591205,36,1,217240,60537,52752,156703,323772,0,0,0,0,0.0562751
591208,36,1,207111,56933,49507,150178,300994,0,0,0,0,0.0533934
591210,6,1,200969,55926,48686,145043,298613,0,0,0,0,0.0906487
591211,18,1,175968,48026,41193,127942,254930,0,0,0,0,0.0538375
591214,18,2,273825,77052,67846,196761,412573,1,0,0,0,0.138441
591219,18,2,272084,75908,67125,196165,405361,1,0,0,0,0.133117
591220,6,1,201100,55958,48700,145142,298788,0,0,0,0,0.0740902
591221,18,1,198446,55369,47985,143077,295743,0,0,0,0,0.0565429
591224,18,1,208777,57832,50619,150945,306934,0,0,0,0,0.0593407
591229,18,2,229483,64380,56867,165090,346050,1,0,0,0,0.121758
591230,18,1,179090,49621,42867,129469,265225,0,0,0,0,0.0522121
591231,18,2,220547,60613,52968,159921,324226,1,0,0,0,0.124108
591234,18,2,253745,70341,62084,183391,376807,1,0,0,0,0.189701
591239,18,2,319146,89525,79038,229609,477711,1,0,0,0,0.16273
591252,36,1,188013,51532,44683,136481,274392,0,0,0,0,0.0539566
591255,36,1,216921,60213,52435,156708,319358,0,0,0,0,0.0642854
591258,36,2,317092,89586,78658,227494,481226,1,0,0,0,0.146649
591260,6,1,190574,51287,45303,139287,270180,0,0,0,0,0.0842901
591261,18,1,194583,54084,47484,140499,287652,0,0,0,0,0.06324
591264,18,2,240357,67806,59455,172538,365184,1,0,0,0,0.146036
591269,18,2,236037,65745,57722,170279,352148,1,0,0,0,0.149372
591270,18,1,180069,49524,42975,130545,263318,0,0,0,0,0.0930483
591271,18,2,278282,77284,67938,200985,414122,1,0,0,0,0.153274
591274,18,2,290090,81695,71526,208382,439466,1,0,0,0,0.147778
591279,18,1,194175,52363,45903,141812,275343,0,0,0,0,0.0573
591292,36,1,207932,57782,50795,150150,308458,0,0,0,0,0.0588307
591295,36,1,218978,61609,53758,157369,329458,0,0,0,0,0.0760888
591298,36,2,285078,79828,70288,205237,428256,1,0,0,0,0.1426
591300,18,2,248010,69127,61103,178870,368714,1,0,0,0,0.135994
591301,18,1,194271,53208,46269,141063,280671,0,0,0,0,0.0758661
591304,18,1,193326,53235,46443,140091,281488,0,0,0,0,0.0706779
591309,18,2,270510,74580,65918,195918,394975,1,0,0,0,0.154535
591322,36,1,201440,55096,47802,146344,290661,0,0,0,0,0.0752768
591325,36,1,214614,59893,52235,154721,318848,0,0,0,0,0.0730454
591328,36,2,286628,79775,69944,206840,427196,1,0,0,0,0.161812
591350,18,1,179946,48277,42733,131669,253509,0,0,0,0,0.0624423
591351,18,1,194627,52682,46439,141945,276807,0,0,0,0,0.051109
591352,18,2,227930,63262,55767,164655,338166,1,0,0,0,0.120057
591353,18,1,206106,55601,48535,150505,290902,0,0,0,0,0.0566246
591354,18,2,247818,68586,60511,179219,364907,1,0,0,0,0.131337
591355,18,2,203110,56159,49419,146939,299706,1,0,0,0,0.118408
591356,18,2,253550,71557,63124,181980,384427,1,0,0,0,0.156368
591357,18,1,186229,50242,44252,135987,264871,0,0,0,0,0.0702898
591358,18,1,200114,54580,47998,145534,288730,0,0,0,0,0.0614794
591359,18,1,191133,51764,45600,139369,271589,0,0,0,0,0.0547625
591390,6,1,212253,59265,52393,152988,315556,0,0,0,0,0.0792743
591391,18,2,305272,85928,76291,219331,461319,1,0,0,0,0.184175
591394,18,1,220666,62637,54990,158029,334991,0,0,0,0,0.0692759
591399,18,1,204445,57058,49442,147387,303443,0,0,0,0,0.0596813
591400,18,1,194286,54022,47165,140264,288199,0,0,0,0,0.0681353
591401,18,2,292964,82707,73205,210245,444151,1,0,0,0,0.159336
591404,18,1,214917,60019,52388,154898,317900,0,0,0,0,0.060454
591409,18,1,205847,56594,49442,149253,298433,0,0,0,0,0.0677999
591422,36,1,216645,59668,52476,156977,316210,0,0,0,0,0.0692168
591425,36,1,233204,65761,57026,167443,350947,0,0,0,0,0.0647125
591428,36,1,209084,58280,50819,150804,309873,0,0,0,0,0.0579504
591450,6,1,205264,56909,49909,148355,304010,0,0,0,0,0.0748729
591451,18,1,218059,60894,52665,157165,324432,0,0,0,0,0.0645251
591454,18,1,200226,55704,47902,144522,298125,0,0,0,0,0.0818438
591459,18,1,190345,51865,45160,138480,275284,0,0,0,0,0.0765958
591460,18,1,180870,50119,42976,130751,268332,0,0,0,0,0.0561526
591461,18,2,195490,53353,46710,142124,284346,1,0,0,0,0.130352
591464,18,1,194395,53129,46399,141266,282427,0,0,0,0,0.0630256
591469,18,1,196533,53607,46700,142926,284393,0,0,0,0,0.0624357
591482,36,1,212783,58645,50935,154138,312126,0,0,0,0,0.0576854
591485,36,1,219181,60892,53043,158289,325947,0,0,0,0,0.0599731
591488,36,1,195550,53715,46578,141835,286028,0,0,0,0,0.0530663
591500,6,1,200913,55884,48633,145029,298320,0,0,0,0,0.0895729
591501,18,1,218954,61304,53402,157650,327372,0,0,0,0,0.073958
591504,18,1,211360,58354,51087,153006,309766,0,0,0,0,0.0568175
591509,18,2,310790,87445,76970,223332,468956,1,0,0,0,0.145116
591510,18,1,178917,49571,42808,129346,264945,0,0,0,0,0.0540349
591511,18,2,230098,63733,55949,166352,341759,1,0,0,0,0.125601
591514,18,1,199585,54334,47254,145251,287102,0,0,0,0,0.0592962
591519,18,1,219411,60393,53158,159018,317469,0,0,0,0,0.0576921
591532,36,1,205135,56718,49367,148417,302316,0,0,0,0,0.0577209
591535,36,1,219300,60781,52667,158519,322731,0,0,0,0,0.0643476
591538,36,1,214846,59983,52020,154863,319144,0,0,0,0,0.0600763
591540,6,1,190650,51300,45309,139350,270260,0,0,0,0,0.0867097
591541,18,1,198720,54939,48348,143781,292591,0,0,0,0,0.0690591
591544,18,2,238894,67452,59180,171429,363761,1,0,0,0,0.168176
591549,18,1,199552,54799,48374,144753,289575,0,0,0,0,0.0846944
591550,18,1,179831,49461,42908,130370,263011,0,0,0,0,0.0796329
591551,18,1,190568,52066,45178,138502,276698,0,0,0,0,0.0744888
591554,18,1,212951,59091,51229,153860,314860,0,0,0,0,0.0656287
591559,18,1,197835,53586,46947,144249,282506,0,0,0,0,0.0609412
591572,36,1,209243,57798,50757,151445,308340,0,0,0,0,0.0665991
591575,36,1,222697,62499,54629,160198,333871,0,0,0,0,0.0878433
591578,36,2,310513,87183,76710,223317,468159,1,0,0,0,0.186108
591580,18,2,247999,69068,61107,178918,368255,1,0,0,0,0.1981
591581,18,1,193987,53146,46216,140841,280364,0,0,0,0,0.061637
591584,18,1,193110,53183,46405,139927,281248,0,0,0,0,0.0536086
591589,18,2,270436,74557,65904,195867,394852,1,0,0,0,0.142083
591602,36,1,187797,51045,44355,136752,270363,0,0,0,0,0.074325
591605,36,1,213720,59366,51731,154354,315591,0,0,0,0,0.0571417
591608,36,2,281072,78054,68441,203005,418231,1,0,0,0,0.143477
591630,18,1,179891,48257,42668,131634,253426,0,0,0,0,0.0643037
591631,18,1,194277,52609,46390,141668,276422,0,0,0,0,0.0553677
591632,18,1,186746,50830,44188,135916,269926,0,0,0,0,0.0597642
591633,18,1,187448,50431,44092,137017,266002,0,0,0,0,0.0706248
591634,18,2,247921,68615,60545,179293,365053,1,0,0,0,0.19121
591635,18,2,202180,55819,49043,146349,298200,1,0,0,0,0.166764
591636,18,2,248135,69664,61524,178458,373523,1,0,0,0,0.199307
591637,18,1,184295,49557,43451,134738,261727,0,0,0,0,0.0825923
591638,18,1,197563,53725,47173,143838,284235,0,0,0,0,0.0829822
591639,18,1,190915,51697,45559,139218,271232,0,0,0,0,0.0797948
591680,18,1,209748,57216,50294,152532,300912,0,0,0,0,0.0782815
591681,18,1,215087,58634,51573,156453,306985,0,0,0,0,0.077406
591684,18,2,262822,75579,66835,187230,407831,1,0,0,0,0.203159
591689,18,1,197627,54300,47307,143327,286938,0,0,0,0,0.0680322
591702,36,1,209817,57841,50568,151976,305829,0,0,0,0,0.0774199
591705,36,1,231958,65443,57107,166515,348556,0,0,0,0,0.0768878
591708,36,1,217953,61093,53217,156860,325670,0,0,0,0,0.0722037
591740,18,1,197549,54255,47177,143294,289112,0,0,0,0,0.0796139
591741,18,1,211997,57995,50451,154002,306658,0,0,0,0,0.0633455
591744,18,1,194585,52941,46312,141644,280767,0,0,0,0,0.0677692
591749,18,1,186817,51064,44315,135753,271952,0,0,0,0,0.0614735
591762,36,1,208654,57483,49718,151171,305288,0,0,0,0,0.0811082
591765,36,1,220018,60809,53370,159209,324834,0,0,0,0,0.0634628
591768,36,1,206333,56643,49351,149690,301862,0,0,0,0,0.0658792
591790,18,1,209028,58051,50390,150977,309364,0,0,0,0,0.0818459
591791,18,1,216583,59704,51641,156879,316339,0,0,0,0,0.0731515
591794,18,1,199386,54648,47742,144738,289834,0,0,0,0,0.0835183
591799,18,1,225831,62483,54759,163348,329188,0,0,0,0,0.0697704
591812,36,1,206219,56526,48984,149693,299808,0,0,0,0,0.0714507
591815,36,1,226131,62714,54506,163417,334361,0,0,0,0,0.0661922
591818,36,1,226680,63181,55068,163499,337155,0,0,0,0,0.0691287
591830,18,1,211939,58390,51014,153549,309431,0,0,0,0,0.0809967
591831,18,1,201605,55016,47742,146589,292226,0,0,0,0,0.0835925
591834,18,1,217719,59876,52116,157843,317569,0,0,0,0,0.0710107
591839,18,1,199447,54282,47662,145165,286804,0,0,0,0,0.0654433
591852,36,1,215523,59232,51698,156291,316214,0,0,0,0,0.0800312
591855,36,1,228511,63205,55226,165306,337085,0,0,0,0,0.0624102
591858,36,1,216266,59704,52679,156562,318525,0,0,0,0,0.0685568
591860,18,1,220478,60871,53237,159607,321755,0,0,0,0,0.0771214
591861,18,1,204469,56612,49000,147857,301440,0,0,0,0,0.0723851
591864,18,1,210351,58222,50625,152129,310262,0,0,0,0,0.0811654
591869,18,1,208528,56649,49749,151879,297758,0,0,0,0,0.0675023
591882,36,1,202613,55335,47975,147278,294933,0,0,0,0,0.0750247
591885,36,1,224259,61762,53981,162497,328650,0,0,0,0,0.0729014
591888,36,1,212749,58280,51055,154469,310044,0,0,0,0,0.0656185
591910,18,1,175144,47008,40908,128136,248321,0,0,0,0,0.0614932
591911,18,1,190253,51741,45172,138512,273207,0,0,0,0,0.0591831
591912,18,1,180780,49107,42683,131673,260740,0,0,0,0,0.0565254
591913,18,1,184300,50212,43699,134088,266694,0,0,0,0,0.054715
591914,18,1,196165,54036,47076,142129,287524,0,0,0,0,0.0582818
591915,18,1,206599,56565,49491,150034,299211,0,0,0,0,0.0612102
591916,18,2,250506,69963,61807,180530,374696,1,0,0,0,0.136301
591917,18,1,179033,48169,42593,130864,254735,0,0,0,0,0.0547111
591918,18,1,198165,53940,47494,144225,284887,0,0,0,0,0.0556117
591919,18,1,203369,55479,48895,147890,292995,0,0,0,0,0.060906
592190,18,1,200484,54809,48578,145675,290141,0,0,0,0,0.108292
592191,18,1,205813,56200,49199,149613,294449,0,0,0,0,0.0918395
592192,18,1,190202,52163,45296,138039,275838,0,0,0,0,0.0879284
592193,18,1,183356,50055,43357,133301,265274,0,0,0,0,0.0952292
592194,18,2,264149,74180,65156,189956,397673,1,0,0,0,0.158549
592195,18,2,264283,74520,65367,189750,399959,1,0,0,0,0.198794
592196,18,2,264082,74404,65443,189665,398768,1,0,0,0,0.160125
592197,18,1,191996,51834,45044,140162,271271,0,0,0,0,0.0668398
592198,18,1,194618,52895,46188,141723,278334,0,0,0,0,0.0629479
592199,18,1,196345,53376,46712,142969,281314,0,0,0,0,0.064841
592320,36,1,193305,53342,45703,139963,284769,0,0,0,0,0.0623976
592321,36,1,208674,58037,50299,150637,309563,0,0,0,0,0.0758991
592322,36,1,211977,59091,50689,152886,314787,0,0,0,0,0.079685
592323,36,1,213933,60347,52607,153586,324283,0,0,0,0,0.102775
592324,36,1,211999,58303,51171,153696,310785,0,0,0,0,0.0632027
592325,36,1,202846,55833,48577,147013,297801,0,0,0,0,0.0560076
592326,36,1,221979,62513,53577,159466,335361,0,0,0,0,0.0622101
592327,36,1,199853,54983,47919,144870,291968,0,0,0,0,0.057757
592328,36,1,200974,55980,48024,144994,299460,0,0,0,0,0.0878862
592329,36,1,184456,51041,43597,133415,272893,0,0,0,0,0.0802975
592370,36,1,199951,55440,47891,144511,296038,0,0,0,0,0.0595309
592371,36,1,202563,55932,48497,146631,297634,0,0,0,0,0.0563455
592372,36,1,196310,54458,46767,141852,290348,0,0,0,0,0.0573897
592373,36,1,207255,59020,51278,148235,318138,0,0,0,0,0.0700855
592374,36,1,201859,55044,47900,146815,291319,0,0,0,0,0.0574463
592375,36,1,206553,56792,49784,149761,301029,0,0,0,0,0.0762848
592376,36,1,209839,57875,49974,151964,307583,0,0,0,0,0.075942
592377,36,1,210394,58155,50897,152239,308473,0,0,0,0,0.0583135
592378,36,1,213188,59321,51625,153867,315592,0,0,0,0,0.0633129
592379,36,1,220387,61104,52860,159283,322508,0,0,0,0,0.0733202
592410,36,1,195121,54144,47154,140977,288807,0,0,0,0,0.068388
592411,36,1,209666,56995,49596,152671,302696,0,0,0,0,0.0554414
592412,36,1,207528,57116,49693,150412,304068,0,0,0,0,0.0548973
592413,36,1,213092,59022,50595,154070,315206,0,0,0,0,0.06115
592414,36,1,214748,58999,50945,155749,312745,0,0,0,0,0.0590237
592415,36,2,283429,80099,70300,203317,430992,1,0,0,0,0.160126
592416,36,1,216242,60281,52236,155961,322128,0,0,0,0,0.0587334
592417,36,2,223271,61941,54334,161318,332030,1,0,0,0,0.131061
592418,36,1,213646,58857,51600,154789,312359,0,0,0,0,0.0585198
592419,36,1,201414,55319,48215,146095,293090,0,0,0,0,0.0798178
592440,36,1,203972,56643,49342,147329,301318,0,0,0,0,0.0953263
592441,36,1,212264,58017,50347,154247,308168,0,0,0,0,0.0712125
592442,36,1,199127,54789,47590,144338,291640,0,0,0,0,0.0552038
592443,36,1,191362,52724,45374,138638,281221,0,0,0,0,0.0566233
592444,36,1,208976,57553,49822,151423,306075,0,0,0,0,0.0539183
592445,36,2,272291,76720,67195,195558,412420,1,0,0,0,0.127547
592446,36,1,211447,59131,51347,152316,315897,0,0,0,0,0.0553929
592447,36,1,205764,56816,49716,148948,302963,0,0,0,0,0.0554052
592448,36,1,209567,57030,49942,152537,301504,0,0,0,0,0.0553593
592449,36,1,208601,57098,49814,151503,300794,0,0,0,0,0.0540282
592460,36,1,196054,53829,46723,142225,284399,0,0,0,0,0.0659967
592461,36,1,206547,57267,49625,149280,303151,0,0,0,0,0.0564512
592462,36,1,194403,53831,46630,140572,286436,0,0,0,0,0.0544904
592463,36,1,174850,48011,41149,126839,255820,0,0,0,0,0.0513036
592464,36,1,206426,57419,49667,149007,305803,0,0,0,0,0.0550393
592465,36,1,217353,60423,52453,156930,320378,0,0,0,0,0.0569327
592466,36,1,208693,58347,50709,150346,310246,0,0,0,0,0.0569492
592467,36,1,193144,52896,46053,140248,280693,0,0,0,0,0.0541733
592468,36,1,201596,55442,48492,146154,293195,0,0,0,0,0.0539487
592469,36,1,203251,55680,48951,147571,294270,0,0,0,0,0.0585221
592770,6,1,190711,52468,46390,138243,279766,0,0,0,0,0.100232
592771,18,1,182736,50403,43976,132333,269021,0,0,0,0,0.0604923
592774,18,1,209117,57691,51074,151426,306361,0,0,0,0,0.0605839
592779,18,1,184428,49678,43823,134750,262153,0,0,0,0,0.0571881
592780,6,1,190710,52467,46404,138243,279760,0,0,0,0,0.0831141
592781,18,1,182726,50396,43967,132330,268984,0,0,0,0,0.0595414
592784,18,1,209207,57704,51095,151503,306386,0,0,0,0,0.0624001
592789,18,1,184497,49683,43826,134814,262145,0,0,0,0,0.0579687
592790,6,1,190747,52475,46416,138272,279806,0,0,0,0,0.0833132
592791,18,1,211351,59050,52274,152301,314905,0,0,0,0,0.0665665
592794,18,1,223731,62657,55695,161074,332927,0,0,0,0,0.0673095
592799,18,1,175625,47403,41657,128222,251578,0,0,0,0,0.059306
592800,18,1,172135,47034,41086,125101,250320,0,0,0,0,0.0617579
592801,18,1,182771,49588,43689,133183,263540,0,0,0,0,0.0575798
592804,18,1,196848,53345,47156,143503,282078,0,0,0,0,0.062406
592809,18,1,195847,54136,48252,141711,288410,0,0,0,0,0.0817086
592822,36,1,189428,52780,46478,136648,283372,0,0,0,0,0.0595681
592825,36,1,200563,55713,49171,144850,298026,0,0,0,0,0.0625612
592828,36,1,200044,55546,48753,144498,295819,0,0,0,0,0.065094
592830,6,1,192880,52938,46892,139942,281453,0,0,0,0,0.0782777
592831,18,1,187927,52234,45509,135693,278868,0,0,0,0,0.0621269
592834,18,2,288618,80452,71080,208153,429546,1,0,0,0,0.141955
592839,18,1,184140,49657,43964,134483,261221,0,0,0,0,0.0529137
592840,6,1,192865,52912,46891,139953,281263,0,0,0,0,0.0787554
592841,18,1,187743,52166,45456,135577,278437,0,0,0,0,0.0629226
592844,18,2,288481,80413,71029,208055,429342,1,0,0,0,0.142795
592849,18,1,184172,49668,43974,134504,261276,0,0,0,0,0.0552722
592850,6,1,192860,52904,46878,139956,281214,0,0,0,0,0.086688
592851,18,1,211753,58875,51703,152878,313449,0,0,0,0,0.0632495
592854,18,2,269275,76476,67954,192786,412162,1,0,0,0,0.162313
592859,18,1,178416,48562,42662,129854,257511,0,0,0,0,0.0564218
592860,18,1,177917,48524,42446,129393,257600,0,0,0,0,0.0588784
592861,18,2,277556,76599,67346,200945,409622,1,0,0,0,0.138844
592864,18,2,285879,79141,69794,206726,422396,1,0,0,0,0.13913
592869,18,1,196009,54487,48529,141522,290096,0,0,0,0,0.0847185
592882,36,1,189890,52876,46589,137014,282968,0,0,0,0,0.0845837
592885,36,1,199937,55732,49213,144205,297527,0,0,0,0,0.0592349
592888,36,1,208324,58533,51076,149791,311771,0,0,0,0,0.0648785
592890,6,1,185878,49681,44248,136197,261531,0,0,0,0,0.0808662
592891,18,1,163252,43858,38712,119394,232096,0,0,0,0,0.057706
592894,18,1,192859,52493,46545,140366,276569,0,0,0,0,0.0606762
592899,18,1,205511,55934,49920,149577,294180,0,0,0,0,0.0739907
592900,6,1,185870,49681,44248,136189,261524,0,0,0,0,0.0971058
592901,18,1,180149,48331,42913,131818,254464,0,0,0,0,0.0721292
592904,18,1,189254,51281,45595,137973,271012,0,0,0,0,0.0806117
592909,18,1,189003,51157,45473,137846,270213,0,0,0,0,0.059592
592910,18,1,184124,49100,42929,135024,258248,0,0,0,0,0.0729551
592911,18,1,204858,55884,49451,148974,293592,0,0,0,0,0.0950888
592914,18,2,271727,74940,65968,196774,400633,1,0,0,0,0.144186
592919,18,1,193420,52951,46800,140469,280648,0,0,0,0,0.0651913
592932,36,1,190443,51256,45412,139187,270904,0,0,0,0,0.0611827
592935,36,1,207399,56926,50346,150473,302492,0,0,0,0,0.0917902
592938,36,1,201200,55639,49322,145561,295598,0,0,0,0,0.0816093
592940,6,1,186011,49733,44292,136278,261888,0,0,0,0,0.0786875
592941,18,1,195575,51990,46182,143585,269912,0,0,0,0,0.0591945
592944,18,1,188272,50878,45105,137394,268500,0,0,0,0,0.0614339
592949,18,1,185799,50098,44523,135701,263406,0,0,0,0,0.065427
592950,18,1,184323,49160,42955,135163,258607,0,0,0,0,0.0638081
592951,18,2,191508,52213,46294,139282,278079,1,0,0,0,0.157379
592954,18,2,248560,68764,60625,179783,367620,1,0,0,0,0.132926
592959,18,1,191273,52421,46306,138852,277031,0,0,0,0,0.0848339
592972,36,1,200186,53969,47779,146217,284413,0,0,0,0,0.0807842
592975,36,1,206695,56500,50025,150195,299565,0,0,0,0,0.0581834
592978,36,1,198252,54549,48316,143703,288780,0,0,0,0,0.0610719
592980,18,2,256517,70660,62536,185844,376202,1,0,0,0,0.14049
592981,18,2,256347,70614,62522,185720,375926,1,0,0,0,0.158073
592984,18,2,250270,68561,60641,181696,363189,1,0,0,0,0.126264
592989,18,2,240986,65880,58348,175093,348128,1,0,0,0,0.159944
593002,36,1,192569,51183,45027,141386,267595,0,0,0,0,0.0717424
593005,36,1,209979,57307,50351,152672,303626,0,0,0,0,0.0770204
593008,36,1,207031,56419,49762,150612,298339,0,0,0,0,0.0788063
593030,18,2,278127,75744,67358,202371,401676,1,0,0,0,0.177517
593031,18,2,277973,75711,67339,202250,401518,1,0,0,0,0.177186
593032,18,1,172194,45708,40106,126486,240609,0,0,0,0,0.0599591
593033,18,1,189696,50453,45084,139243,264634,0,0,0,0,0.0760715
593034,18,1,179185,48089,42473,131096,252556,0,0,0,0,0.0521549
593035,18,1,182150,48778,43209,133372,256366,0,0,0,0,0.0582708
593036,18,1,189714,51168,45545,138546,270247,0,0,0,0,0.0604762
593037,18,2,308096,84493,74483,223590,448989,1,0,0,0,0.141495
593038,18,1,186272,50447,44994,135825,266218,0,0,0,0,0.0580878
593039,18,1,175094,47196,41730,127898,248227,0,0,0,0,0.0731541
593060,6,1,221793,62565,55009,159228,335719,0,0,0,0,0.103843
593061,18,1,201021,55879,47833,145142,298492,0,0,0,0,0.0583554
593064,18,1,226636,63716,55001,162920,340379,0,0,0,0,0.0622296
593069,18,1,220228,60681,52652,159547,322212,0,0,0,0,0.0605693
593070,6,1,221658,62532,54987,159126,335543,0,0,0,0,0.079651
593071,18,1,227776,64053,55523,163723,341894,0,0,0,0,0.0607775
593074,18,1,220359,61765,53737,158594,330484,0,0,0,0,0.0649378
593079,18,1,208380,57904,50206,150476,308455,0,0,0,0,0.0849574
593080,18,1,201687,56307,48448,145380,301743,0,0,0,0,0.0815021
593081,18,1,214045,59064,51395,154981,313404,0,0,0,0,0.0594582
593084,18,1,195976,53823,47139,142153,286533,0,0,0,0,0.0583093
593089,18,1,203239,55878,48843,147361,295915,0,0,0,0,0.0694615
593102,36,1,207375,57408,49611,149967,306732,0,0,0,0,0.060929
593105,36,1,223801,62165,54208,161636,332330,0,0,0,0,0.0594648
593108,36,1,221336,62225,53862,159111,332538,0,0,0,0,0.0613087
593120,6,1,214822,59856,52540,154966,319415,0,0,0,0,0.0781232
593121,18,1,189843,52689,45016,137154,281627,0,0,0,0,0.057562
593124,18,2,292022,81701,71686,210308,436942,1,0,0,0,0.174139
593129,18,2,270558,76294,67338,194252,409176,1,0,0,0,0.139544
593130,6,1,214892,59878,52570,155014,319536,0,0,0,0,0.0996055
593131,18,2,261977,74776,65695,187188,404066,1,0,0,0,0.13669
593134,18,2,264589,75295,66720,189282,406354,1,0,0,0,0.156273
593139,18,1,210933,57970,50250,152963,306115,0,0,0,0,0.0841522
593140,18,1,195353,53950,46778,141403,287923,0,0,0,0,0.0623799
593141,18,2,253258,70844,62308,182402,380212,1,0,0,0,0.154597
593144,18,1,203178,55917,49181,147261,297303,0,0,0,0,0.0586793
593149,18,1,207805,57515,50278,150290,304389,0,0,0,0,0.0678199
593162,36,1,199251,55232,48192,144019,294557,0,0,0,0,0.0582681
593165,36,2,261946,74686,66135,187247,403854,1,0,0,0,0.132217
593168,36,1,216860,61010,52453,155850,325500,0,0,0,0,0.0623742
593170,6,1,204498,56189,49614,148309,298854,0,0,0,0,0.07609
593171,18,1,178665,49454,42952,129211,264146,0,0,0,0,0.0570438
593174,18,1,207273,58774,51330,148499,313656,0,0,0,0,0.0619081
593179,18,1,212880,58660,51218,154220,309689,0,0,0,0,0.0650479
593180,6,1,204347,56162,49575,148185,298735,0,0,0,0,0.0765361
593181,18,2,180353,49192,42658,131149,262795,1,0,0,0,0.127479
593184,18,1,211809,59375,52042,152434,317048,0,0,0,0,0.065851
593189,18,2,255249,71111,62797,184125,382041,1,0,0,0,0.13496
593190,18,1,184468,50368,43398,134100,267665,0,0,0,0,0.0567733
593191,18,2,182213,49011,42718,133190,260636,1,0,0,0,0.125513
593194,18,2,233043,65503,57468,167527,352510,1,0,0,0,0.130236
593199,18,1,193262,52741,46176,140521,278763,0,0,0,0,0.0544472
593212,36,1,189458,51738,45437,137720,274744,0,0,0,0,0.0543218
593215,36,1,220687,61667,53925,159020,329540,0,0,0,0,0.0606022
593218,36,1,214141,59344,51825,154797,315640,0,0,0,0,0.0566786
593220,6,1,209968,56734,50519,153234,298887,0,0,0,0,0.0930651
593221,18,1,191227,51959,45628,139268,273862,0,0,0,0,0.0777071
593224,18,1,215380,60138,53119,155242,319162,0,0,0,0,0.065594
593229,18,1,215739,58819,51921,156920,310459,0,0,0,0,0.0787835
593230,18,1,187901,51282,44454,136619,271386,0,0,0,0,0.0660287
593231,18,1,194400,53167,46184,141233,281645,0,0,0,0,0.0594292
593234,18,2,225964,62866,55152,163085,337655,1,0,0,0,0.13572
593239,18,1,213276,58349,50815,154927,309506,0,0,0,0,0.0605048
593252,36,1,207093,56876,49798,150217,300593,0,0,0,0,0.0852953
593255,36,1,231696,65094,56802,166602,347989,0,0,0,0,0.0789873
593258,36,1,225834,63097,55090,162737,336716,0,0,0,0,0.0823277
593260,18,2,363788,99803,87936,263972,528145,1,0,0,0,0.201876
593261,18,2,259003,71454,62994,187536,380406,1,0,0,0,0.14693
593264,18,2,256212,71137,62445,185062,379095,1,0,0,0,0.124754
593269,18,1,197222,53088,46216,144134,279238,0,0,0,0,0.0541926
593282,36,1,199057,53875,46410,145182,283040,0,0,0,0,0.0595816
593285,36,1,219819,60743,52841,159076,321297,0,0,0,0,0.0791747
593288,36,1,225984,62358,54247,163626,330272,0,0,0,0,0.073681
593310,18,1,185928,49592,43702,136336,258577,0,0,0,0,0.0575169
593311,18,2,211044,57389,50810,153643,304405,1,0,0,0,0.122306
593312,18,2,202101,55206,48619,146883,294871,1,0,0,0,0.122146
593313,18,1,191715,50681,44335,141034,263067,0,0,0,0,0.0595547
593314,18,1,204906,55558,48593,149348,292487,0,0,0,0,0.0681975
593315,18,2,212958,59429,52587,153516,318854,1,0,0,0,0.184685
593316,18,1,201598,54300,47554,147298,283397,0,0,0,0,0.14288
593317,18,2,258791,72512,63927,186266,387072,1,0,0,0,0.170718
593318,18,1,225031,60943,53250,164088,319516,0,0,0,0,0.0810899
593319,18,1,201464,55036,48037,146428,291163,0,0,0,0,0.059573
593350,6,1,221413,62464,54953,158949,335154,0,0,0,0,0.130302
593351,18,1,241469,67845,58910,173624,360535,0,0,0,0,0.0676882
593354,18,1,214316,59868,52019,154448,319581,0,0,0,0,0.0928068
593359,18,1,196712,54640,47234,142072,291943,0,0,0,0,0.10551
593360,18,1,201625,56291,48435,145334,301643,0,0,0,0,0.0947324
593361,18,1,221073,60838,53011,160235,321805,0,0,0,0,0.0740995
593364,18,1,190031,52338,45706,137693,278960,0,0,0,0,0.074727
593369,18,1,186349,51431,44945,134918,273557,0,0,0,0,0.0618229
593382,36,1,214253,59308,51338,154945,316442,0,0,0,0,0.128966
593385,36,1,219422,60995,53151,158427,326933,0,0,0,0,0.111137
593388,36,1,211613,59357,51220,152256,318078,0,0,0,0,0.0939517
593410,6,1,214828,59857,52565,154971,319413,0,0,0,0,0.126091
593411,18,2,271038,77525,68512,193500,419046,1,0,0,0,0.131844
593414,18,1,207416,57278,49825,150138,305080,0,0,0,0,0.0622669
593419,18,1,197240,54744,47334,142496,291500,0,0,0,0,0.0543768
593420,18,1,195574,54044,46876,141530,288496,0,0,0,0,0.0553034
593421,18,2,260570,72762,64068,187796,390047,1,0,0,0,0.125266
593424,18,1,199626,54666,47981,144960,290563,0,0,0,0,0.0566996
593429,18,1,191652,52821,46073,138831,280823,0,0,0,0,0.0599546
593442,36,1,209426,57911,50371,151515,308621,0,0,0,0,0.0578431
593445,36,1,221877,61511,53816,160366,328664,0,0,0,0,0.0576653
593448,36,1,205983,57936,49851,148047,310340,0,0,0,0,0.0723094
593460,6,1,204061,56073,49521,147988,298203,0,0,0,0,0.0774941
593461,18,2,185417,50860,44299,134545,272120,1,0,0,0,0.126211
593464,18,1,210873,58102,51266,152771,308345,0,0,0,0,0.0594161
593469,18,2,256445,71482,63156,184950,383885,1,0,0,0,0.130444
593470,18,1,184240,50306,43349,133934,267317,0,0,0,0,0.0538302
593471,18,2,193377,52661,46213,140704,281248,1,0,0,0,0.125173
593474,18,2,235660,66253,58589,169394,356351,1,0,0,0,0.137023
593479,18,2,306929,85654,75287,221263,457150,1,0,0,0,0.144704
593492,36,1,201974,55275,48771,146699,293173,0,0,0,0,0.0568686
593495,36,1,221553,61494,53786,160059,327835,0,0,0,0,0.0570836
593498,36,1,214739,59317,51850,155422,314906,0,0,0,0,0.0563249
593500,6,1,210146,56740,50518,153406,298796,0,0,0,0,0.0837421
593501,18,1,193240,51875,45742,141365,272815,0,0,0,0,0.0626112
593504,18,1,214222,59256,52400,154966,314405,0,0,0,0,0.0700605
593509,18,1,217384,59234,52244,158150,312684,0,0,0,0,0.0812293
593510,18,1,187794,51232,44397,136562,271083,0,0,0,0,0.062711
593511,18,1,198556,54188,47201,144368,287338,0,0,0,0,0.0589344
593514,18,1,210205,57636,50627,152569,305166,0,0,0,0,0.0728376
593519,18,1,217017,59235,51602,157782,314093,0,0,0,0,0.0644255
593532,36,1,211151,57473,50100,153678,303370,0,0,0,0,0.0555104
593535,36,1,231295,65027,56891,166268,348096,0,0,0,0,0.0660151
593538,36,1,227853,63612,55621,164241,339727,0,0,0,0,0.0649163
593540,18,2,363366,99696,87835,263657,527577,1,0,0,0,0.168199
593541,18,2,259013,71474,63006,187526,380531,1,0,0,0,0.19216
593544,18,2,256030,71108,62435,184909,378969,1,0,0,0,0.163676
593549,18,1,197230,53112,46212,144118,279433,0,0,0,0,0.0536094
593562,36,1,191446,51946,44669,139500,274440,0,0,0,0,0.064999
593565,36,1,211088,58470,50765,152618,310761,0,0,0,0,0.0624178
593568,36,1,222720,61840,53963,160880,329432,0,0,0,0,0.0857493
593590,18,1,185941,49605,43709,136336,258670,0,0,0,0,0.0688086
593591,18,2,211084,57401,50824,153671,304472,1,0,0,0,0.172206
593592,18,2,188998,50855,44447,138131,270283,1,0,0,0,0.13377
593593,18,1,175845,46847,41269,128998,246257,0,0,0,0,0.0595727
593594,18,1,204628,55527,48582,149101,292400,0,0,0,0,0.0558935
593595,18,2,202282,56136,49469,146133,300734,1,0,0,0,0.124001
593596,18,1,190486,51490,45303,138996,270738,0,0,0,0,0.058987
593597,18,1,200446,54065,47750,146381,283865,0,0,0,0,0.0641396
593598,18,1,218775,59603,52167,159172,314706,0,0,0,0,0.0604899
593599,18,1,201492,55113,48071,146379,291789,0,0,0,0,0.0596698
593640,18,2,243680,69929,61406,173739,378135,1,0,0,0,0.138688
593641,18,2,207350,58418,51504,148919,313523,1,0,0,0,0.161867
593644,18,1,184273,50670,44094,133603,269326,0,0,0,0,0.080321
593649,18,1,180565,49904,43579,130661,266341,0,0,0,0,0.0746283
593662,36,1,209357,57872,49924,151485,308260,0,0,0,0,0.0611721
593665,36,1,216426,60010,52353,156416,320188,0,0,0,0,0.0587923
593668,36,1,210147,58493,50779,151654,312761,0,0,0,0,0.0612953
593700,18,1,210453,58056,50394,152397,309030,0,0,0,0,0.058656
593701,18,1,222280,61721,53693,160559,326919,0,0,0,0,0.0625876
593704,18,1,198023,54335,47331,143688,289241,0,0,0,0,0.0613982
593709,18,1,184531,50973,44421,133558,272149,0,0,0,0,0.0678442
593722,36,1,212348,58745,50845,153603,312789,0,0,0,0,0.0662381
593725,36,1,215190,59228,51715,155962,315739,0,0,0,0,0.0777443
593728,36,1,210106,58169,50604,151937,310542,0,0,0,0,0.0699799
593750,18,2,233302,64429,57003,168860,345318,1,0,0,0,0.151716
593751,18,2,230170,63381,56146,166776,339523,1,0,0,0,0.135323
593754,18,2,242227,67891,60263,174323,364650,1,0,0,0,0.137233
593759,18,2,259263,72514,63995,186737,387923,1,0,0,0,0.153229
593772,36,1,201381,54830,48076,146551,289798,0,0,0,0,0.0651408
593775,36,1,226342,62697,54768,163645,333982,0,0,0,0,0.0679065
593778,36,1,225033,62417,54693,162616,332309,0,0,0,0,0.0764395
593790,18,1,228241,62845,54941,165396,331848,0,0,0,0,0.0733885
593791,18,1,197155,53510,46587,143645,282960,0,0,0,0,0.0626143
593794,18,1,213645,58498,51100,155147,307781,0,0,0,0,0.0609626
593799,18,2,198514,54100,47612,144401,287787,1,0,0,0,0.118841
593812,36,1,219190,60333,52691,158857,320473,0,0,0,0,0.0657229
593815,36,1,230111,63870,55767,166241,341217,0,0,0,0,0.0619871
593818,36,1,235603,65677,57816,169926,350479,0,0,0,0,0.0675985
593820,18,1,231804,63700,55835,168104,334978,0,0,0,0,0.0684856
593821,18,1,192539,51986,45255,140553,274233,0,0,0,0,0.0543633
593824,18,1,205359,56306,49282,149053,297700,0,0,0,0,0.0569932
593829,18,2,268158,74905,66187,193240,400678,1,0,0,0,0.130692
593842,36,1,206067,56039,48643,150028,297257,0,0,0,0,0.0579434
593845,36,1,221765,61105,53276,160660,325297,0,0,0,0,0.0587847
593848,36,1,227729,62392,54695,165337,330787,0,0,0,0,0.0648404
593870,18,1,180548,47762,41600,132786,249848,0,0,0,0,0.0620352
593871,18,1,193967,52401,45666,141566,274496,0,0,0,0,0.0579324
593872,18,1,183628,49584,43229,134044,261437,0,0,0,0,0.0549352
593873,18,1,171700,46012,40384,125688,243069,0,0,0,0,0.0672506
593874,18,1,198431,54494,47581,143937,289643,0,0,0,0,0.058631
593875,18,1,206765,56698,49900,150067,299379,0,0,0,0,0.0690499
593876,18,1,184281,50183,43764,134098,265504,0,0,0,0,0.0818847
593877,18,1,195855,53291,46996,142564,281648,0,0,0,0,0.082393
593878,18,1,215341,59001,51802,156340,311458,0,0,0,0,0.078733
593879,18,1,209268,57612,50530,151656,306236,0,0,0,0,0.0719016
594150,18,1,214775,58443,51798,156332,307933,0,0,0,0,0.0966341
594151,18,1,205696,56325,49259,149371,295197,0,0,0,0,0.0696051
594152,18,1,189955,51720,45007,138235,272317,0,0,0,0,0.0720242
594153,18,1,183963,50013,43385,133950,264556,0,0,0,0,0.075406
594154,18,1,211997,59573,52321,152424,317393,0,0,0,0,0.0751524
594155,18,1,221637,62124,54765,159513,329394,0,0,0,0,0.0779412
594156,18,1,223570,62580,55145,160990,331962,0,0,0,0,0.0699597
594157,18,1,220942,60152,52768,160790,316213,0,0,0,0,0.0651451
594158,18,1,226729,61904,54511,164825,325804,0,0,0,0,0.0775196
594159,18,1,219235,59790,52610,159445,315814,0,0,0,0,0.0659019
594330,36,1,188403,51360,44477,137043,272355,0,0,0,0,0.0563786
594331,36,1,202434,55821,48647,146613,296386,0,0,0,0,0.0805223
594332,36,1,200792,55610,48175,145182,296397,0,0,0,0,0.0623385
594333,36,1,209523,58410,51443,151113,312335,0,0,0,0,0.0849465
594334,36,1,198518,53791,47101,144727,284832,0,0,0,0,0.0620959
594335,36,1,201102,55195,48490,145907,293469,0,0,0,0,0.0791382
594336,36,1,212192,59144,51763,153048,316273,0,0,0,0,0.0818989
594337,36,1,206245,56468,49672,149777,299525,0,0,0,0,0.0745061
594338,36,1,206426,57336,50170,149090,305908,0,0,0,0,0.0592313
594339,36,1,196653,53851,46865,142802,285298,0,0,0,0,0.0584147
594370,36,1,208391,57894,50556,150497,307431,0,0,0,0,0.0635879
594371,36,1,215238,58634,51158,156604,309194,0,0,0,0,0.0586235
594372,36,1,212329,58199,51139,154130,308180,0,0,0,0,0.0671326
594373,36,1,210572,58275,51198,152297,309758,0,0,0,0,0.0822913
594374,36,1,222868,61721,53613,161147,328484,0,0,0,0,0.0587645
594375,36,1,229546,63696,55815,165850,338818,0,0,0,0,0.0756064
594376,36,1,219031,61197,53881,157834,326666,0,0,0,0,0.0861357
594377,36,1,231717,64396,57000,167321,342619,0,0,0,0,0.0643676
594378,36,1,238849,66394,58369,172455,352764,0,0,0,0,0.0642475
594379,36,1,222929,61691,53718,161238,327340,0,0,0,0,0.0675287
594400,36,1,215775,60163,52644,155612,318513,0,0,0,0,0.0705947
594401,36,1,214782,58466,50970,156316,307743,0,0,0,0,0.0808653
594402,36,1,199721,55134,48284,144587,293295,0,0,0,0,0.0695611
594403,36,1,193721,53283,46517,140438,283328,0,0,0,0,0.0594643
594404,36,1,209655,57758,50292,151897,307939,0,0,0,0,0.0563125
594405,36,1,227639,63894,56052,163745,341195,0,0,0,0,0.0651367
594406,36,1,208408,57992,51102,150416,308942,0,0,0,0,0.0616812
594407,36,1,221000,60924,53521,160076,324294,0,0,0,0,0.0613088
594408,36,1,234502,65117,57153,169385,346259,0,0,0,0,0.067462
594409,36,1,213454,58806,51197,154648,312721,0,0,0,0,0.0594341
594420,36,1,211066,59093,50995,151973,314221,0,0,0,0,0.091918
594421,36,1,204483,56137,48917,148346,295797,0,0,0,0,0.0696145
594422,36,1,197269,53920,46972,143349,285276,0,0,0,0,0.0792563
594423,36,1,175673,47754,41131,127919,253396,0,0,0,0,0.0706808
594424,36,1,211878,59707,51687,152171,319930,0,0,0,0,0.0602669
594425,36,1,219848,61890,53695,157958,330053,0,0,0,0,0.0600275
594426,36,1,194682,54497,47166,140185,290791,0,0,0,0,0.0624413
594427,36,1,198672,54236,47263,144436,288057,0,0,0,0,0.0609766
594428,36,1,223659,62503,54304,161156,332095,0,0,0,0,0.0628592
594429,36,1,215888,60386,52586,155502,322485,0,0,0,0,0.0678148
594740,6,1,197982,55740,48878,142242,298577,0,0,0,0,0.101965
594741,18,1,177841,48762,41724,129079,259438,0,0,0,0,0.0544106
594744,18,1,201299,55277,47825,146022,292546,0,0,0,0,0.0561862
594749,18,1,197729,53875,46678,143854,284687,0,0,0,0,0.060061
594750,6,1,197899,55720,48889,142179,298463,0,0,0,0,0.088155
594751,18,1,197318,54883,47467,142435,293415,0,0,0,0,0.0621312
594754,18,1,204171,56450,48894,147721,300358,0,0,0,0,0.0596535
594759,18,1,199515,55097,47543,144418,293414,0,0,0,0,0.0614201
594760,18,1,182785,50713,43725,132072,271286,0,0,0,0,0.0568998
594761,18,1,189289,51660,44739,137629,273751,0,0,0,0,0.0559186
594764,18,1,202242,55119,48174,147123,290704,0,0,0,0,0.0562029
594769,18,1,180996,49692,43248,131304,263934,0,0,0,0,0.0606927
594782,36,1,178471,49236,42330,129235,262997,0,0,0,0,0.0538067
594785,36,1,207233,56817,49065,150416,301861,0,0,0,0,0.0623236
594788,36,1,202234,55750,48189,146484,296897,0,0,0,0,0.0548917
594800,6,1,202776,55738,48374,147038,296207,0,0,0,0,0.075861
594801,18,1,176057,47593,40474,128464,251884,0,0,0,0,0.0529696
594804,18,2,245741,68875,60869,176854,368086,1,0,0,0,0.134525
594809,18,2,247382,68820,60989,178551,366749,1,0,0,0,0.12815
594810,6,1,202791,55743,48386,147048,296230,0,0,0,0,0.0756214
594811,18,1,199286,54519,47079,144767,289418,0,0,0,0,0.0552848
594814,18,2,274247,78015,68831,196219,420477,1,0,0,0,0.140571
594819,18,1,200274,54416,47260,145858,286995,0,0,0,0,0.0591066
594820,18,1,188229,51610,44169,136619,274759,0,0,0,0,0.0548915
594821,18,2,276258,76040,66667,200205,406276,1,0,0,0,0.140159
594824,18,1,208441,56689,49584,151752,297269,0,0,0,0,0.0560982
594829,18,1,182676,49729,43500,132947,263400,0,0,0,0,0.0551524
594842,36,1,188187,51410,44216,136777,272999,0,0,0,0,0.0530953
594845,36,1,211687,58289,50576,153398,309125,0,0,0,0,0.0561917
594848,36,1,203633,56222,48377,147411,299080,0,0,0,0,0.054506
594850,6,1,212163,57937,51390,154226,307411,0,0,0,0,0.0777879
594851,18,1,185248,51000,44492,134248,271675,0,0,0,0,0.065143
594854,18,1,213025,59703,52071,153322,317458,0,0,0,0,0.0601734
594859,18,1,214183,59066,51887,155117,312083,0,0,0,0,0.0814233
594860,6,1,212143,57926,51392,154217,307326,0,0,0,0,0.117858
594861,18,2,266660,73633,64770,193014,394847,1,0,0,0,0.269834
594864,18,1,211493,58477,51408,153016,310779,0,0,0,0,0.102298
594869,18,1,207208,56563,49915,150645,299209,0,0,0,0,0.108704
594870,18,1,185903,50279,43783,135624,266237,0,0,0,0,0.0839407
594871,18,2,258508,70514,61899,187981,376132,1,0,0,0,0.140139
594874,18,2,281449,78738,69689,202699,421706,1,0,0,0,0.142104
594879,18,2,269905,75792,66896,194100,406895,1,0,0,0,0.140345
594892,36,1,185321,50282,44003,135039,266599,0,0,0,0,0.0553211
594895,36,1,216299,59547,51987,156752,316047,0,0,0,0,0.0577203
594898,36,1,212585,58402,51449,154183,309540,0,0,0,0,0.0625265
594900,6,1,184205,49478,43342,134727,262539,0,0,0,0,0.0869222
594901,18,1,195209,52881,46494,142328,279484,0,0,0,0,0.0620418
594904,18,1,186268,51170,44691,135098,272724,0,0,0,0,0.0649996
594909,18,1,179456,48530,42442,130926,256968,0,0,0,0,0.0611158
594910,18,1,166046,45356,39069,120690,242420,0,0,0,0,0.0613184
594911,18,1,191894,52076,45555,139818,276526,0,0,0,0,0.0549533
594914,18,2,308315,84872,73992,223430,453396,1,0,0,0,0.145053
594919,18,1,176758,47753,41511,129005,253188,0,0,0,0,0.0605777
594932,36,1,196889,53765,47041,143124,285627,0,0,0,0,0.0571668
594935,36,1,206286,56975,49824,149311,304628,0,0,0,0,0.0610878
594938,36,1,193166,53374,46188,139792,284837,0,0,0,0,0.0599272
594940,18,1,184700,50237,43964,134463,266451,0,0,0,0,0.0697995
594941,18,1,192471,51702,45361,140769,271191,0,0,0,0,0.0550121
594944,18,1,189145,50599,44193,138546,265102,0,0,0,0,0.0579957
594949,18,1,174584,46818,40672,127766,245839,0,0,0,0,0.0658868
594962,36,1,203184,55961,48765,147223,298014,0,0,0,0,0.058436
594965,36,1,200433,54731,47856,145702,290605,0,0,0,0,0.0597832
594968,36,1,193888,52699,45786,141189,279126,0,0,0,0,0.057252
594990,18,1,166835,44827,39221,122008,237571,0,0,0,0,0.0596602
594991,18,2,241697,66257,58666,175428,352217,1,0,0,0,0.131828
594992,18,1,196552,53547,47170,143005,284056,0,0,0,0,0.0600696
594993,18,1,187283,50637,44836,136646,267997,0,0,0,0,0.0611291
594994,18,1,189610,50879,44434,138731,267771,0,0,0,0,0.0567665
594995,18,1,203446,55156,48578,148290,291835,0,0,0,0,0.055959
594996,18,1,194970,52953,46706,142017,279522,0,0,0,0,0.0561673
594997,18,1,187441,50412,43821,137029,264847,0,0,0,0,0.0535104
594998,18,1,193655,52286,45602,141369,275829,0,0,0,0,0.0623346
594999,18,1,175044,47293,41122,127751,249114,0,0,0,0,0.0569662
595030,6,1,197864,55711,48877,142153,298409,0,0,0,0,0.0797827
595031,18,1,216105,60218,52528,155887,319872,0,0,0,0,0.0617157
595034,18,1,212230,58344,50463,153886,308421,0,0,0,0,0.0621783
595039,18,1,216187,60089,51982,156098,319537,0,0,0,0,0.0613208
595040,18,1,182707,50704,43719,132003,271249,0,0,0,0,0.0589256
595041,18,2,269886,76899,67522,192975,414880,1,0,0,0,0.171943
595044,18,1,208420,56617,49463,151803,297455,0,0,0,0,0.060885
595049,18,1,192870,52497,46122,140373,277364,0,0,0,0,0.0579806
595062,36,1,193387,53314,46049,140073,283559,0,0,0,0,0.063928
595065,36,1,215592,58923,50846,156669,312010,0,0,0,0,0.0574954
595068,36,1,218325,60226,52248,158099,319718,0,0,0,0,0.0600676
595090,6,1,202875,55762,48370,147113,296353,0,0,0,0,0.0773832
595091,18,2,314919,88212,77445,226694,472931,1,0,0,0,0.160355
595094,18,2,271724,77016,67849,194695,414979,1,0,0,0,0.165932
595099,18,1,216510,59047,51120,157463,310436,0,0,0,0,0.0683285
595100,18,1,188069,51625,44132,136444,274947,0,0,0,0,0.0791265
595101,18,2,228477,63233,55466,165231,338436,1,0,0,0,0.13213
595104,18,1,216200,58612,51278,157588,306251,0,0,0,0,0.0573935
595109,18,1,198476,54098,47375,144378,285355,0,0,0,0,0.0609643
595122,36,1,204278,56154,48470,148124,297762,0,0,0,0,0.0586109
595125,36,1,219310,60335,52254,158975,319229,0,0,0,0,0.0571151
595128,36,1,216472,59893,51527,156579,317105,0,0,0,0,0.0587162
595140,6,1,211804,57807,51296,153997,306632,0,0,0,0,0.0774967
595141,18,2,279422,77510,68001,201899,414710,1,0,0,0,0.144112
595144,18,1,211621,58242,51528,153379,309122,0,0,0,0,0.0599178
595149,18,1,202787,55093,48682,147694,290672,0,0,0,0,0.0533201
595150,18,1,185822,50258,43786,135564,266140,0,0,0,0,0.0559899
595151,18,2,217435,59790,52540,157632,320123,1,0,0,0,0.123786
595154,18,2,197909,54270,47750,143627,289349,1,0,0,0,0.121609
595159,18,2,207198,57425,50250,149760,307171,1,0,0,0,0.124303
595172,36,1,199905,54154,47589,145751,285181,0,0,0,0,0.0534385
595175,36,1,214282,58664,51240,155618,310989,0,0,0,0,0.0547542
595178,36,1,210584,57433,50278,153151,303050,0,0,0,0,0.0552345
595180,6,1,184096,49474,43364,134622,262600,0,0,0,0,0.0858206
595181,18,2,312319,86182,75870,226124,460297,1,0,0,0,0.188134
595184,18,1,193590,53156,46514,140434,283532,0,0,0,0,0.0638031
595189,18,2,285601,78293,68318,207295,418543,1,0,0,0,0.150354
595190,18,1,165884,45317,39053,120567,242233,0,0,0,0,0.0623532
595191,18,2,297108,82115,72146,214980,439606,1,0,0,0,0.14737
595194,18,1,195193,52450,45543,142743,277028,0,0,0,0,0.0553566
595199,18,2,286254,78360,68090,207881,418349,1,0,0,0,0.139033
595212,36,1,209460,57172,50102,152288,302643,0,0,0,0,0.0597713
595215,36,1,211858,58610,51303,153248,313730,0,0,0,0,0.0625032
595218,36,2,275394,76719,66883,198663,412418,1,0,0,0,0.156583
595220,18,1,184923,50266,43973,134657,266541,0,0,0,0,0.0738783
595221,18,1,192370,51680,45313,140690,271126,0,0,0,0,0.0639705
595224,18,1,189059,50591,44183,138468,265094,0,0,0,0,0.0566912
595229,18,1,174688,46874,40666,127814,246231,0,0,0,0,0.0519174
595242,36,1,207370,56658,49126,150712,299540,0,0,0,0,0.0581269
595245,36,1,198133,53862,46861,144271,285561,0,0,0,0,0.0556762
595248,36,1,191596,51719,44675,139877,273700,0,0,0,0,0.0533278
595270,18,1,166843,44821,39232,122022,237518,0,0,0,0,0.0751648
595271,18,2,241659,66241,58660,175406,352124,1,0,0,0,0.132537
595272,18,1,205759,55628,48906,150131,292777,0,0,0,0,0.0576472
595273,18,1,193455,52107,46207,141348,274195,0,0,0,0,0.0571637
595274,18,1,189698,50924,44477,138774,268078,0,0,0,0,0.052233
595275,18,2,223314,61615,54266,161687,329790,1,0,0,0,0.120137
595276,18,1,188217,50905,44644,137312,268959,0,0,0,0,0.053517
595277,18,1,185269,49710,42957,135559,261822,0,0,0,0,0.0728308
595278,18,1,193251,51828,45158,141423,273020,0,0,0,0,0.072202
595279,18,1,175119,47316,41115,127803,249257,0,0,0,0,0.0563331
595320,18,1,194630,53751,46538,140879,285482,0,0,0,0,0.0585689
595321,18,1,201670,55615,48203,146055,294072,0,0,0,0,0.0574497
595324,18,2,309819,88286,77799,221520,474278,1,0,0,0,0.147271
595329,18,1,215052,59415,52129,155637,314416,0,0,0,0,0.0628761
595342,36,1,198962,54670,47209,144292,289017,0,0,0,0,0.0598663
595345,36,1,217264,59728,51962,157536,317584,0,0,0,0,0.0599305
595348,36,1,219136,60694,52375,158442,323374,0,0,0,0,0.0577919
595380,18,1,212229,58401,50657,153828,309500,0,0,0,0,0.0594573
595381,18,1,219194,60169,52018,159025,317422,0,0,0,0,0.0613822
595384,18,1,227535,62505,54775,165030,328596,0,0,0,0,0.0637271
595389,18,1,228254,63026,55453,165228,329959,0,0,0,0,0.062712
595402,36,1,209326,57206,49419,152120,301436,0,0,0,0,0.0572965
595405,36,1,229214,63077,54696,166137,333942,0,0,0,0,0.0574666
595408,36,1,230454,64241,55454,166213,341774,0,0,0,0,0.0608038
595430,18,2,192390,51802,45368,140575,275321,1,0,0,0,0.121208
595431,18,2,194610,52354,45712,142243,278243,1,0,0,0,0.11955
595434,18,2,253088,70720,62587,182355,379267,1,0,0,0,0.125203
595439,18,2,239648,67263,59195,172373,360230,1,0,0,0,0.128643
595452,36,1,202854,55330,48469,147524,292364,0,0,0,0,0.0548643
595455,36,1,227102,62506,54695,164596,331698,0,0,0,0,0.0573046
595458,36,1,229070,63416,55626,165654,337048,0,0,0,0,0.0599256
595470,18,1,205802,56936,49208,148866,303590,0,0,0,0,0.0724115
595471,18,2,205812,55967,49169,149832,298311,1,0,0,0,0.124461
595474,18,1,203677,55072,48121,148605,291346,0,0,0,0,0.0580147
595479,18,1,191756,51693,44879,140063,272627,0,0,0,0,0.0825307
595492,36,1,220461,59986,52779,160475,317358,0,0,0,0,0.0688095
595495,36,1,219224,60299,52994,158925,322376,0,0,0,0,0.0609731
595498,36,1,210468,58167,51193,152301,310898,0,0,0,0,0.0574343
595500,18,1,210257,58126,50444,152131,308790,0,0,0,0,0.0684013
595501,18,2,211900,57780,50855,154107,308084,1,0,0,0,0.124721
595504,18,1,211137,56885,49616,154252,299477,0,0,0,0,0.0557897
595509,18,1,197419,53164,46224,144255,279340,0,0,0,0,0.0631223
595522,36,1,217885,59156,51914,158729,312380,0,0,0,0,0.0584196
595525,36,1,214534,58781,51313,155753,313513,0,0,0,0,0.0621955
595528,36,1,207697,56737,49595,150960,301701,0,0,0,0,0.0572275
595550,18,1,163778,43781,37938,119997,232950,0,0,0,0,0.0630025
595551,18,1,199532,53731,46978,145801,282645,0,0,0,0,0.0601359
595552,18,1,201755,54461,47712,147294,286776,0,0,0,0,0.0578599
595553,18,1,197169,53138,46875,144031,279114,0,0,0,0,0.0587487
595554,18,1,192545,52046,45287,140499,276509,0,0,0,0,0.0567039
595555,18,1,190952,51482,44909,139470,273345,0,0,0,0,0.0565499
595556,18,1,181942,48905,42972,133037,258279,0,0,0,0,0.0563125
595557,18,1,186358,49635,43131,136723,260534,0,0,0,0,0.0565443
595558,18,1,182601,49238,42908,133363,260605,0,0,0,0,0.0546545
595559,18,1,179148,48423,42032,130725,256668,0,0,0,0,0.0548863
595830,18,1,191061,52452,46203,138609,280090,0,0,0,0,0.0933614
595831,18,1,199197,53852,47508,145345,283458,0,0,0,0,0.0712401
595832,18,2,364356,99958,87988,264385,532236,1,0,0,0,0.250863
595833,18,2,296333,82083,72202,214237,438655,1,0,0,0,0.168002
595834,18,1,187552,50936,44841,136616,269968,0,0,0,0,0.0608231
595835,18,1,187348,50938,44820,136410,270254,0,0,0,0,0.0638775
595836,18,1,181478,49151,43094,132327,260861,0,0,0,0,0.0643379
595837,18,1,176318,47158,41005,129160,249463,0,0,0,0,0.0604882
595838,18,1,184491,49821,43558,134670,263441,0,0,0,0,0.0607567
595839,18,2,267187,72674,63428,194500,387662,1,0,0,0,0.170686
596050,36,1,190078,52921,45754,137157,284478,0,0,0,0,0.0847989
596051,36,1,212029,57887,50947,154142,306314,0,0,0,0,0.0828321
596052,36,2,391319,108128,95193,283178,578158,1,0,0,0,0.177319
596053,36,1,203735,55739,49132,147996,296319,0,0,0,0,0.057822
596054,36,1,212126,58287,50849,153839,311210,0,0,0,0,0.0636747
596055,36,1,207315,56499,49692,150816,300283,0,0,0,0,0.0597486
596056,36,1,204472,56334,48948,148138,301127,0,0,0,0,0.0572863
596057,36,1,196113,53578,46918,142535,285449,0,0,0,0,0.0573705
596058,36,1,204550,55927,48589,148623,297195,0,0,0,0,0.065447
596059,36,1,197444,54107,46781,143337,287547,0,0,0,0,0.0782718
596080,36,1,200693,56300,48955,144393,302475,0,0,0,0,0.0667008
596081,36,1,219306,59766,52534,159540,314823,0,0,0,0,0.0575871
596082,36,2,390771,107162,93793,283596,571480,1,0,0,0,0.165791
596083,36,1,201858,55155,48627,146703,292586,0,0,0,0,0.0596286
596084,36,1,220664,60603,52639,160061,322349,0,0,0,0,0.060284
596085,36,1,201698,54815,48099,146883,290784,0,0,0,0,0.0545806
596086,36,1,198129,54058,47153,144071,287822,0,0,0,0,0.0577965
596087,36,1,194769,53367,46469,141402,284248,0,0,0,0,0.0567634
596088,36,1,199173,54170,47068,145003,287364,0,0,0,0,0.05418
596089,36,1,204554,55896,48204,148658,295747,0,0,0,0,0.0575396
596100,36,1,196622,55376,47850,141246,297595,0,0,0,0,0.0704688
596101,36,1,204887,55969,49038,148918,296423,0,0,0,0,0.0572984
596102,36,1,206928,56781,49997,150147,301309,0,0,0,0,0.0593839
596103,36,1,196614,53571,46692,143043,283942,0,0,0,0,0.059059
596104,36,1,202039,55397,48101,146642,294921,0,0,0,0,0.0551043
596105,36,1,200133,55075,47840,145058,293931,0,0,0,0,0.0548767
596106,36,1,181020,48975,42505,132045,259522,0,0,0,0,0.0528097
596107,36,1,180956,49041,42603,131915,260235,0,0,0,0,0.0518913
596108,36,1,195974,54305,46805,141669,289360,0,0,0,0,0.0541456
596109,36,1,193673,53488,46300,140185,284822,0,0,0,0,0.0541713
596430,6,1,179811,48640,42822,131171,256765,0,0,0,0,0.100819
596431,18,1,191553,52733,46285,138820,280725,0,0,0,0,0.0775757
596434,18,1,207824,57387,50406,150437,304584,0,0,0,0,0.0640394
596439,18,1,189995,52327,46170,137668,278523,0,0,0,0,0.0657329
596440,18,1,165662,45249,39230,120413,240354,0,0,0,0,0.0627181
596441,18,1,174905,47651,41268,127254,253975,0,0,0,0,0.0527551
596444,18,1,214628,58369,51286,156259,306440,0,0,0,0,0.0641402
596449,18,1,176328,47617,42056,128711,252610,0,0,0,0,0.0594496
596462,36,1,202160,55716,48692,146444,296491,0,0,0,0,0.0627105
596465,36,1,212890,59053,51272,153837,314409,0,0,0,0,0.0609674
596468,36,1,201759,55977,49262,145782,298592,0,0,0,0,0.0595802
596490,6,1,190582,51413,45073,139169,271037,0,0,0,0,0.0813745
596491,18,1,198816,55268,48377,143548,294403,0,0,0,0,0.0639796
596494,18,2,236463,66636,58706,169814,358575,1,0,0,0,0.132941
596499,18,1,192645,52812,46334,139833,279173,0,0,0,0,0.0590411
596500,18,1,172414,46990,40691,125424,249442,0,0,0,0,0.0620735
596501,18,1,179788,48368,42338,131420,255543,0,0,0,0,0.0531869
596504,18,2,205845,56594,50156,149238,301777,1,0,0,0,0.127836
596509,18,1,183723,49247,43557,134476,260314,0,0,0,0,0.0598304
596522,36,1,208198,57964,50699,150234,309417,0,0,0,0,0.0591188
596525,36,1,204922,57074,49661,147848,303801,0,0,0,0,0.0623077
596528,36,1,195407,53848,47371,141559,286112,0,0,0,0,0.0586866
596540,6,1,209588,56348,50114,153240,295970,0,0,0,0,0.0855513
596541,18,1,188462,50966,44537,137496,268461,0,0,0,0,0.0620437
596544,18,1,218715,61834,54643,156881,330314,0,0,0,0,0.0688534
596549,18,1,215640,59277,52615,156363,314007,0,0,0,0,0.0634201
596550,18,1,180928,49125,42695,131803,259512,0,0,0,0,0.0596993
596551,18,1,176130,47642,41982,128488,252019,0,0,0,0,0.0592377
596554,18,1,200193,54156,47782,146037,284321,0,0,0,0,0.0586859
596559,18,2,320837,89191,78640,231633,475075,1,0,0,0,0.152156
596572,36,1,202289,55268,48878,147021,291967,0,0,0,0,0.0582005
596575,36,1,222027,62151,54906,159876,330996,0,0,0,0,0.059735
596578,36,1,211634,58600,52033,153034,311197,0,0,0,0,0.0608587
596580,6,1,176722,46990,41294,129732,249010,0,0,0,0,0.0805276
596581,18,2,203068,55647,48943,147409,297583,1,0,0,0,0.136898
596584,18,1,204608,56765,49760,147843,303930,0,0,0,0,0.0635068
596589,18,1,190704,51836,45256,138868,275262,0,0,0,0,0.0594335
596590,18,1,154016,41444,35581,112572,221181,0,0,0,0,0.0564211
596591,18,1,188567,51373,45030,137194,272830,0,0,0,0,0.0587716
596594,18,1,181950,48800,42779,133150,257921,0,0,0,0,0.0524104
596599,18,1,175956,47184,40711,128772,249371,0,0,0,0,0.0498293
596612,36,1,191974,52322,45687,139652,277793,0,0,0,0,0.0754643
596615,36,1,201487,55611,48461,145876,297266,0,0,0,0,0.0840018
596618,36,1,181497,49709,43345,131788,264353,0,0,0,0,0.0790866
596620,18,1,165692,45116,39121,120576,238875,0,0,0,0,0.0678079
596621,18,1,181089,48305,42074,132784,252344,0,0,0,0,0.0577762
596624,18,2,242953,66599,58522,176341,352711,1,0,0,0,0.168174
596629,18,1,174182,46235,40125,127947,241427,0,0,0,0,0.0628605
596642,36,1,189659,51991,45726,137668,277151,0,0,0,0,0.0596697
596645,36,1,195759,54360,47278,141399,290853,0,0,0,0,0.0583923
596648,36,1,189010,52889,45632,136121,283262,0,0,0,0,0.0700042
596670,18,1,176267,46786,40698,129481,244831,0,0,0,0,0.0644369
596671,18,1,188851,49589,43622,139262,256050,0,0,0,0,0.0668625
596672,18,2,179568,47711,41524,131845,252810,1,0,0,0,0.162869
596673,18,1,182348,48607,43144,133741,255543,0,0,0,0,0.0724655
596674,18,1,193758,51459,45079,142299,267324,0,0,0,0,0.070974
596675,18,2,200567,54734,47912,145821,291971,1,0,0,0,0.150544
596676,18,1,207311,55113,48544,152198,287896,0,0,0,0,0.0559773
596677,18,2,182628,48929,42263,133687,259572,1,0,0,0,0.124066
596678,18,1,184239,49489,43112,134750,259764,0,0,0,0,0.059412
596679,18,1,187728,50189,43900,137539,261213,0,0,0,0,0.0598068
596720,18,2,227709,65169,57477,162528,351578,1,0,0,0,0.148529
596721,18,1,178540,48578,42312,129962,257939,0,0,0,0,0.0537531
596724,18,1,211711,57721,50711,153990,303011,0,0,0,0,0.0551748
596729,18,1,180618,48283,42734,132335,254092,0,0,0,0,0.0584331
596742,36,1,192622,52635,45799,139987,280669,0,0,0,0,0.0564773
596745,36,1,216424,59825,52218,156599,319447,0,0,0,0,0.060749
596748,36,1,203009,55528,48967,147481,295464,0,0,0,0,0.0578732
596780,18,1,188682,51259,44951,137423,270928,0,0,0,0,0.0794724
596781,18,1,189845,50924,44746,138921,268335,0,0,0,0,0.0667318
596784,18,2,282865,78552,69369,204300,419356,1,0,0,0,0.152601
596789,18,1,182404,48809,43018,133595,256550,0,0,0,0,0.0578332
596802,36,1,194561,52983,46509,141578,281602,0,0,0,0,0.0581944
596805,36,1,209137,57489,50447,151648,305974,0,0,0,0,0.0578393
596808,36,1,203552,55614,49063,147938,294539,0,0,0,0,0.0619604
596830,18,1,194568,52407,46087,142161,274822,0,0,0,0,0.0657629
596831,18,1,185836,49643,43728,136193,261038,0,0,0,0,0.0614058
596834,18,2,275226,76776,67786,198438,411109,1,0,0,0,0.1531
596839,18,2,324526,89635,79029,234878,476499,1,0,0,0,0.173468
596852,36,1,196644,53444,47102,143200,283303,0,0,0,0,0.0567837
596855,36,1,213733,58758,51732,154975,312482,0,0,0,0,0.0616989
596858,36,1,221556,60730,53822,160826,322213,0,0,0,0,0.0609394
596870,18,1,177450,48617,42610,128833,259929,0,0,0,0,0.0838067
596871,18,1,194714,52185,46032,142529,274460,0,0,0,0,0.0648543
596874,18,1,193783,51932,45607,141851,273492,0,0,0,0,0.0570503
596879,18,1,179801,48060,41668,131741,252422,0,0,0,0,0.0539546
596892,36,1,201543,55039,48237,146504,292199,0,0,0,0,0.0691947
596895,36,1,203740,55846,48923,147894,298150,0,0,0,0,0.0562398
596898,36,1,192370,52088,45460,140282,276604,0,0,0,0,0.0558459
596900,18,1,174608,48212,42080,126396,258554,0,0,0,0,0.0603047
596901,18,1,190899,51228,44902,139671,268183,0,0,0,0,0.0553393
596904,18,1,186140,50512,44227,135628,267245,0,0,0,0,0.0612168
596909,18,1,176916,47102,41004,129814,247340,0,0,0,0,0.0622191
596922,36,1,201312,54934,48512,146378,292212,0,0,0,0,0.0593814
596925,36,1,199634,55082,48560,144552,295014,0,0,0,0,0.058791
596928,36,1,192093,53288,46216,138805,285681,0,0,0,0,0.057244
596950,18,1,170507,45759,39860,124748,242110,0,0,0,0,0.0570151
596951,18,1,192271,51011,44827,141260,264860,0,0,0,0,0.0577931
596952,18,2,188000,50330,43979,137658,267182,1,0,0,0,0.140581
596953,18,1,183014,48389,42900,134625,252318,0,0,0,0,0.0571273
596954,18,1,192070,51770,45186,140300,272463,0,0,0,0,0.0584443
596955,18,2,197998,53620,46954,144366,285187,1,0,0,0,0.126586
596956,18,1,198066,52614,46058,145452,275241,0,0,0,0,0.052604
596957,18,2,181460,48356,41967,133092,255776,1,0,0,0,0.125184
596958,18,1,181628,48603,42175,133025,255274,0,0,0,0,0.0538086
596959,18,1,184283,49433,43032,134850,259449,0,0,0,0,0.0612565
597230,18,1,182723,50073,43575,132650,265571,0,0,0,0,0.064194
597231,18,2,354559,97029,85545,257517,514487,1,0,0,0,0.168044
597232,18,2,270750,73827,65087,196910,392288,1,0,0,0,0.152587
597233,18,1,204030,55028,48806,149002,287524,0,0,0,0,0.0614492
597234,18,1,195688,53077,46897,142611,278350,0,0,0,0,0.0627409
597235,18,1,209357,57004,50035,152353,300100,0,0,0,0,0.0595515
597236,18,2,283179,77716,68533,205450,414472,1,0,0,0,0.144137
597237,18,2,188668,50280,43756,138376,266236,1,0,0,0,0.123027
597238,18,2,187043,49712,43052,137318,263019,1,0,0,0,0.123386
597239,18,2,265910,72693,63641,193204,386798,1,0,0,0,0.148609
597480,36,1,200745,56003,48570,144742,300311,0,0,0,0,0.0615242
597481,36,1,223610,61092,52608,162518,321522,0,0,0,0,0.0586071
597482,36,1,211701,57837,50854,153864,306801,0,0,0,0,0.0573188
597483,36,1,209428,56809,50409,152619,300338,0,0,0,0,0.0608547
597484,36,1,220091,60936,53684,159155,323749,0,0,0,0,0.0625682
597485,36,1,222077,61369,53655,160708,327361,0,0,0,0,0.0575896
597486,36,1,219577,59983,52451,159594,318558,0,0,0,0,0.054707
597487,36,1,208263,57376,49964,150887,305515,0,0,0,0,0.0549237
597488,36,1,205645,56647,48851,148998,302071,0,0,0,0,0.0557463
597489,36,1,205926,56133,48972,149793,296147,0,0,0,0,0.0617762
597500,36,1,187923,52074,45227,135849,277720,0,0,0,0,0.0571568
597501,36,1,214151,58963,51356,155188,309408,0,0,0,0,0.0595321
597502,36,1,209479,57269,50727,152210,302503,0,0,0,0,0.0607624
597503,36,1,200430,54626,48307,145804,288617,0,0,0,0,0.0547105
597504,36,1,203938,56445,49469,147493,298745,0,0,0,0,0.0592377
597505,36,1,218017,60045,52421,157972,318503,0,0,0,0,0.0598701
597506,36,1,207814,57240,50135,150574,302863,0,0,0,0,0.0640979
597507,36,2,182760,49241,42658,133507,261616,1,0,0,0,0.16545
597508,36,1,194759,53613,46487,141146,284200,0,0,0,0,0.0542651
597509,36,1,197512,53924,46825,143588,284023,0,0,0,0,0.0716158
597840,18,2,236272,67596,59771,168664,364148,1,0,0,0,0.181448
597841,18,1,175036,47882,41790,127154,254518,0,0,0,0,0.0563321
597844,18,1,205206,55993,49487,149213,295200,0,0,0,0,0.06115
597849,18,1,183968,49530,44049,134438,261026,0,0,0,0,0.0603577
597862,36,1,187585,51216,44377,136369,271710,0,0,0,0,0.0582667
597865,36,1,212922,59078,51399,153844,315648,0,0,0,0,0.0597765
597868,36,1,204006,55662,49018,148344,295388,0,0,0,0,0.0638419
597900,18,1,202374,54674,47925,147700,286185,0,0,0,0,0.0609503
597901,18,1,193936,52419,45985,141517,276903,0,0,0,0,0.0563734
597904,18,2,279665,77588,68750,202064,414037,1,0,0,0,0.142035
597909,18,1,193746,51896,45743,141850,270378,0,0,0,0,0.0569703
597922,36,1,189488,51219,45024,138269,270382,0,0,0,0,0.0541256
597925,36,1,211065,57999,51018,153066,308293,0,0,0,0,0.0591705
597928,36,1,211140,57672,50932,153468,305266,0,0,0,0,0.0582731
597950,18,1,202659,54267,47756,148392,282428,0,0,0,0,0.0587796
597951,18,2,219483,59832,53149,159638,319079,1,0,0,0,0.130158
597954,18,2,275659,76559,67540,199088,409261,1,0,0,0,0.131806
597959,18,2,318688,87854,77241,230821,467066,1,0,0,0,0.144667
597972,36,1,182380,49139,43067,133241,260201,0,0,0,0,0.053786
597975,36,1,209739,57618,50611,152121,306118,0,0,0,0,0.0547689
597978,36,1,217613,59683,52473,157930,316425,0,0,0,0,0.0599961
597990,18,1,187931,50644,44412,137287,267115,0,0,0,0,0.0590613
597991,18,1,209990,56100,49532,153890,291980,0,0,0,0,0.0589193
597994,18,1,207249,55393,48566,151856,289043,0,0,0,0,0.0561888
597999,18,1,186546,49539,42896,137007,257719,0,0,0,0,0.0524054
598012,36,1,205263,55928,49323,149335,295860,0,0,0,0,0.0584829
598015,36,1,201084,54283,47332,146801,288037,0,0,0,0,0.0563278
598018,36,1,193691,52372,45592,141319,277714,0,0,0,0,0.0548583
598020,18,1,173591,47241,41205,126350,252486,0,0,0,0,0.0594463
598021,18,1,192053,51335,44777,140718,268884,0,0,0,0,0.054705
598024,18,1,188613,50797,44220,137816,268243,0,0,0,0,0.0592088
598029,18,1,174731,46726,40592,128005,245962,0,0,0,0,0.055633
598042,36,1,201109,54848,48553,146261,290967,0,0,0,0,0.0589224
598045,36,1,207239,57392,50321,149847,307284,0,0,0,0,0.0570348
598048,36,1,196140,54262,47133,141878,290466,0,0,0,0,0.0572661
598070,18,1,155948,41447,35975,114501,220200,0,0,0,0,0.0561144
598071,18,1,185868,49652,43592,136216,260144,0,0,0,0,0.0556549
598072,18,1,179625,48024,42585,131601,253564,0,0,0,0,0.0571684
598073,18,1,175454,46761,41609,128693,246122,0,0,0,0,0.0589838
598074,18,1,180269,48820,42693,131449,258999,0,0,0,0,0.0553808
598075,18,1,189455,50635,44421,138820,266749,0,0,0,0,0.0552991
598076,18,1,185029,49466,43218,135563,261664,0,0,0,0,0.0516369
598077,18,1,169098,45144,39193,123954,237945,0,0,0,0,0.0496655
598078,18,1,171631,46092,39876,125539,243545,0,0,0,0,0.0529666
598079,18,1,176356,47703,41444,128653,252354,0,0,0,0,0.0618652
598350,18,1,165015,44875,38883,120140,238854,0,0,0,0,0.062022
598351,18,1,196209,53108,46696,143101,278549,0,0,0,0,0.0623547
598352,18,2,268198,73182,64405,195003,389779,1,0,0,0,0.155011
598353,18,1,199819,54085,47995,145734,284461,0,0,0,0,0.0684309
598354,18,1,183095,49487,43475,133608,261004,0,0,0,0,0.0694467
598355,18,1,200720,54654,47934,146066,289429,0,0,0,0,0.0640744
598356,18,1,196483,53502,46892,142981,283660,0,0,0,0,0.0657256
598357,18,1,185340,50626,43749,134714,268362,0,0,0,0,0.062718
598358,18,2,183403,48581,42004,134809,256716,1,0,0,0,0.126807
598359,18,1,175290,47044,41085,128246,247727,0,0,0,0,0.0574667
598620,36,1,173333,47406,41055,125927,253512,0,0,0,0,0.0690385
598621,36,1,206618,56912,49618,149706,300589,0,0,0,0,0.0690149
598622,36,1,196430,53671,47404,142759,285053,0,0,0,0,0.0601143
598623,36,1,193328,52834,46720,140494,280860,0,0,0,0,0.0576931
598624,36,1,194309,53951,47331,140358,287306,0,0,0,0,0.0654307
598625,36,1,208509,57457,50156,151052,306529,0,0,0,0,0.0575123
598626,36,1,193610,53226,46511,140384,283949,0,0,0,0,0.0540161
598627,36,1,183142,50269,43719,132873,268235,0,0,0,0,0.0546948
598628,36,1,184806,50755,43772,134051,270289,0,0,0,0,0.0673712
598629,36,1,188629,51923,44954,136706,275514,0,0,0,0,0.0570233
599190,18,1,155855,41979,35983,113876,223581,0,0,0,0,0.0619679
599191,18,1,186737,50045,43890,136692,262936,0,0,0,0,0.0673935
599192,18,1,190766,52053,46005,138713,277255,0,0,0,0,0.0633047
599193,18,1,190851,52057,46011,138794,277199,0,0,0,0,0.063527
599194,18,1,171825,45817,40017,126008,241391,0,0,0,0,0.0605541
599195,18,1,190791,52116,45685,138675,277879,0,0,0,0,0.0562858
599196,18,1,190977,52169,45740,138808,278197,0,0,0,0,0.0742636
599197,18,1,179075,48928,42394,130147,260566,0,0,0,0,0.0578567
599198,18,1,179058,48939,42407,130119,260646,0,0,0,0,0.0815889
599199,18,1,163944,43500,37627,120444,229312,0,0,0,0,0.0840742
