560010,6,1,176123,46845,41699,129278,246796,0,0,0,0,0.0788738
560011,18,1,168219,44613,39077,123606,235042,0,0,0,0,0.0600527
560014,18,2,246054,69074,61253,176967,370128,1,0,0,0,0.191018
560019,18,1,173795,46663,41012,127132,246056,0,0,0,0,0.0698526
560020,6,1,175996,46749,41607,129247,246158,0,0,0,0,0.0850321
560021,18,1,168073,44531,39023,123542,234489,0,0,0,0,0.0609388
560024,18,2,245704,68929,61174,176762,369216,1,0,0,0,0.145453
560029,18,1,173708,46622,40989,127086,245782,0,0,0,0,0.0601406
560030,6,1,175985,46746,41606,129239,246133,0,0,0,0,0.0818092
560031,18,1,195709,53727,47159,141982,284787,0,0,0,0,0.08197
560034,18,1,209317,57768,50844,151549,305225,0,0,0,0,0.0633615
560039,18,1,160973,42921,37632,118052,227165,0,0,0,0,0.0546201
560040,18,1,154280,41368,36202,112912,219417,0,0,0,0,0.0553932
560041,18,1,165929,44291,39048,121638,234368,0,0,0,0,0.053195
560044,18,1,182536,48948,43017,133588,258186,0,0,0,0,0.0528098
560049,18,1,183111,49184,43749,133927,259693,0,0,0,0,0.0756712
560062,36,1,177401,47847,41698,129554,254018,0,0,0,0,0.0551134
560065,36,1,188422,50977,44582,137445,270112,0,0,0,0,0.0577253
560068,36,1,187448,50089,43678,137359,262991,0,0,0,0,0.060317
560070,6,1,173516,45145,39522,128371,236802,0,0,0,0,0.0958611
560071,18,1,181190,49047,42556,132143,260431,0,0,0,0,0.08716
560074,18,2,197365,53550,47145,143802,282897,1,0,0,0,0.129895
560079,18,1,169546,44773,39380,124773,234296,0,0,0,0,0.0524124
560080,6,1,173514,45144,39529,128370,236816,0,0,0,0,0.0737647
560081,18,1,181153,49032,42547,132121,260343,0,0,0,0,0.0607653
560084,18,2,197409,53556,47151,143840,282913,1,0,0,0,0.123754
560089,18,1,169669,44792,39381,124877,234349,0,0,0,0,0.0528529
560090,6,1,173398,45130,39525,128268,236764,0,0,0,0,0.0717067
560091,18,1,193996,52071,45228,141925,273636,0,0,0,0,0.0891207
560094,18,2,250016,70505,61984,179498,379374,1,0,0,0,0.15542
560099,18,1,165409,43538,37782,121871,229500,0,0,0,0,0.0578033
560100,18,1,148613,38641,33182,109972,203398,0,0,0,0,0.0583092
560101,18,1,166227,43907,38256,122320,231807,0,0,0,0,0.0640785
560104,18,2,189763,50365,43839,139386,265416,1,0,0,0,0.174671
560109,18,1,176972,46620,40815,130352,245220,0,0,0,0,0.0742016
560122,36,1,188385,50946,44147,137439,271199,0,0,0,0,0.0582839
560125,36,1,197960,53752,46872,144208,285608,0,0,0,0,0.0571063
560128,36,1,190120,50848,44293,139272,267284,0,0,0,0,0.0580937
560130,6,1,180369,47354,42061,133015,247815,0,0,0,0,0.0740074
560131,18,1,158220,41419,36456,116801,216679,0,0,0,0,0.0536436
560134,18,2,192314,51969,45738,140333,273564,1,0,0,0,0.121124
560139,18,2,189096,50755,44420,138328,267188,1,0,0,0,0.111482
560140,6,1,180376,47355,42064,133021,247811,0,0,0,0,0.070018
560141,18,2,190014,51789,45288,138212,276000,1,0,0,0,0.117653
560144,18,2,185769,50151,43763,135606,265533,1,0,0,0,0.115864
560149,18,2,274698,74609,65321,200076,395901,1,0,0,0,0.13535
560150,18,1,166062,43885,37936,122177,230827,0,0,0,0,0.0746841
560151,18,2,186872,50087,43828,136773,265562,1,0,0,0,0.13621
560154,18,2,186270,49993,43763,136264,263946,1,0,0,0,0.1254
560159,18,1,177981,47113,41431,130868,246997,0,0,0,0,0.0588398
560172,36,1,179191,47746,41879,131445,251894,0,0,0,0,0.0550822
560175,36,2,192481,52601,45861,139867,279921,1,0,0,0,0.11732
560178,36,2,189931,51525,45070,138393,273468,1,0,0,0,0.120664
560180,6,1,180318,47346,42044,132972,247772,0,0,0,0,0.0983252
560181,18,2,196269,53636,47318,142620,285848,1,0,0,0,0.124638
560184,18,2,188089,50814,44631,137262,268626,1,0,0,0,0.122236
560189,18,2,178958,47803,41381,131142,252200,1,0,0,0,0.128461
560190,18,1,166160,43922,37952,122238,231052,0,0,0,0,0.0672591
560191,18,2,196119,53141,46685,142965,282621,1,0,0,0,0.127606
560194,18,1,171759,45382,39531,126377,238180,0,0,0,0,0.0574035
560199,18,1,169192,44488,38813,124704,232906,0,0,0,0,0.053507
560212,36,1,188472,50411,44395,138061,264997,0,0,0,0,0.0579144
560215,36,1,192540,51749,45147,140791,272360,0,0,0,0,0.053105
560218,36,2,187281,50645,44104,136623,268187,1,0,0,0,0.117632
560220,18,2,288846,77894,68567,210939,411049,1,0,0,0,0.181327
560221,18,2,288646,77841,68527,210792,410726,1,0,0,0,0.140452
560224,18,1,162035,42199,37025,119836,219414,0,0,0,0,0.056729
560229,18,1,159172,41485,36155,117687,216272,0,0,0,0,0.0512621
560242,36,1,185458,49424,42947,136034,258929,0,0,0,0,0.0586252
560245,36,1,183314,49281,42878,134033,259424,0,0,0,0,0.0518184
560248,36,1,183384,49591,43054,133793,261571,0,0,0,0,0.0531361
560270,18,2,270286,72826,64613,197447,384761,1,0,0,0,0.1529
560271,18,2,270039,72768,64581,197258,384449,1,0,0,0,0.148816
560272,18,1,155880,40280,35246,115600,209531,0,0,0,0,0.0520519
560273,18,1,180852,47870,42697,132982,250859,0,0,0,0,0.102217
560274,18,1,167140,42571,37090,124569,218252,0,0,0,0,0.0591844
560275,18,1,168038,43900,38498,124138,229177,0,0,0,0,0.04955
560276,18,2,192415,52667,46393,139735,280051,1,0,0,0,0.121121
560277,18,1,162817,42533,37256,120284,221903,0,0,0,0,0.0673707
560278,18,2,184101,50006,43689,134082,265277,1,0,0,0,0.138309
560279,18,2,185316,49527,43221,135776,259990,1,0,0,0,0.12715
560300,6,1,180053,48453,42410,131600,256460,0,0,0,0,0.0789362
560301,18,1,161447,43479,37702,117968,230451,0,0,0,0,0.0565663
560304,18,1,196341,53613,46754,142728,283395,0,0,0,0,0.0742571
560309,18,1,206630,56574,49441,150056,299596,0,0,0,0,0.0587094
560310,6,1,180225,48515,42466,131710,256816,0,0,0,0,0.0933614
560311,18,2,226810,64141,56885,162656,345328,1,0,0,0,0.142543
560314,18,1,197066,54537,47719,142529,290399,0,0,0,0,0.0648432
560319,18,1,196902,53417,46831,143485,281592,0,0,0,0,0.0576388
560320,18,1,162680,44388,38661,118292,236984,0,0,0,0,0.056945
560321,18,1,182560,49495,43087,133065,262167,0,0,0,0,0.0596294
560324,18,2,313768,89564,79068,224191,482157,1,0,0,0,0.171261
560329,18,1,199337,53697,46948,145640,281682,0,0,0,0,0.0637449
560342,36,1,181853,49454,43307,132399,262900,0,0,0,0,0.0741536
560345,36,1,204468,56678,49185,147790,302797,0,0,0,0,0.0576145
560348,36,1,198531,54460,47399,144071,288034,0,0,0,0,0.0586002
560360,6,1,208128,56597,49804,151531,299454,0,0,0,0,0.0723735
560361,18,1,200962,55675,48349,145287,296121,0,0,0,0,0.0566725
560364,18,2,207161,57138,50344,150010,303030,1,0,0,0,0.11989
560369,18,2,311915,87030,76471,224873,463436,1,0,0,0,0.134419
560370,6,1,208129,56591,49795,151538,299414,0,0,0,0,0.0703446
560371,18,2,194000,52851,45982,141136,281661,1,0,0,0,0.115447
560374,18,2,203765,56410,49334,147342,300680,1,0,0,0,0.117143
560379,18,2,195195,53259,46692,141923,282917,1,0,0,0,0.109913
560380,18,1,184335,49629,42615,134706,262329,0,0,0,0,0.0546396
560381,18,2,185688,49824,43564,135852,264093,1,0,0,0,0.116569
560384,18,2,199752,54479,47460,145261,289191,1,0,0,0,0.121192
560389,18,1,192032,50726,44196,141306,264355,0,0,0,0,0.0571764
560402,36,1,202354,55298,48432,147056,293659,0,0,0,0,0.0546451
560405,36,2,198976,55133,48315,143830,294513,1,0,0,0,0.114578
560408,36,1,212256,57448,49945,154808,302220,0,0,0,0,0.0561934
560410,6,1,192758,51580,45470,141178,271029,0,0,0,0,0.0672797
560411,18,1,180049,48528,42284,131521,255547,0,0,0,0,0.0521337
560414,18,2,195911,53788,47375,142110,284947,1,0,0,0,0.118416
560419,18,2,297023,81907,72056,215104,433752,1,0,0,0,0.133235
560420,6,1,192644,51537,45438,141107,270782,0,0,0,0,0.0665342
560421,18,2,181703,48926,42496,132765,259624,1,0,0,0,0.113914
560424,18,2,191723,52691,46384,139019,280494,1,0,0,0,0.120737
560429,18,2,188092,50944,44654,137135,270371,1,0,0,0,0.1104
560430,18,1,177022,47721,41481,129301,252012,0,0,0,0,0.0500417
560431,18,1,198051,53608,46636,144443,281672,0,0,0,0,0.0534608
560434,18,2,189393,51498,45009,137883,273361,1,0,0,0,0.117051
560439,18,2,277182,76707,67630,200462,409205,1,0,0,0,0.133273
560452,36,1,188969,50682,44219,138287,266797,0,0,0,0,0.0532305
560455,36,2,192733,53171,46587,139549,283896,1,0,0,0,0.110197
560458,36,2,188820,52212,45743,136595,279226,1,0,0,0,0.109785
560460,6,1,183664,48329,42969,135335,252104,0,0,0,0,0.0736464
560461,18,1,193412,51778,45728,141634,270416,0,0,0,0,0.0588566
560464,18,1,228045,61330,54541,166715,317630,0,0,0,0,0.0624545
560469,18,2,249937,68937,60595,180988,367070,1,0,0,0,0.139352
560470,18,1,165864,44181,38396,121683,232287,0,0,0,0,0.0543001
560471,18,1,186788,49823,43449,136965,261459,0,0,0,0,0.0521769
560474,18,2,195319,53589,46973,141718,285212,1,0,0,0,0.123188
560479,18,1,181477,48289,42103,133188,253699,0,0,0,0,0.0579488
560492,36,1,214859,58634,51097,156225,309597,0,0,0,0,0.0592351
560495,36,1,226892,62789,55025,164103,332625,0,0,0,0,0.0616103
560498,36,1,201322,54242,47757,147080,285690,0,0,0,0,0.0552596
560500,18,1,179994,47440,41548,132554,245921,0,0,0,0,0.051912
560501,18,2,284093,77913,68865,206167,412356,1,0,0,0,0.140148
560504,18,1,198337,52868,46337,145469,275450,0,0,0,0,0.05313
560509,18,1,168870,44670,38924,124200,233585,0,0,0,0,0.0542838
560522,36,1,193062,51829,44968,141233,270790,0,0,0,0,0.0534873
560525,36,2,288786,81018,71537,207755,434436,1,0,0,0,0.170518
560528,36,2,252033,69861,60835,182159,373496,1,0,0,0,0.1364
560550,18,2,273544,73534,65163,199997,387336,1,0,0,0,0.144494
560551,18,2,203930,54625,48265,149292,287768,1,0,0,0,0.119406
560552,18,2,280693,76829,67998,203851,407979,1,0,0,0,0.143182
560553,18,1,189952,50330,43903,139622,260752,0,0,0,0,0.0578084
560554,18,2,273183,74593,65718,198578,394123,1,0,0,0,0.139863
560555,18,2,192083,52218,46021,139853,277793,1,0,0,0,0.115467
560556,18,2,200001,54789,48274,145200,291844,1,0,0,0,0.12519
560557,18,1,168827,44872,39662,123955,235667,0,0,0,0,0.0508988
560558,18,1,194928,52372,45867,142556,275650,0,0,0,0,0.0576203
560559,18,2,190510,51178,44783,139320,268953,1,0,0,0,0.120144
560590,6,1,180258,48513,42465,131745,256783,0,0,0,0,0.0763109
560591,18,2,230308,65452,58036,164843,352724,1,0,0,0,0.159516
560594,18,1,200341,55559,48925,144782,296394,0,0,0,0,0.0643558
560599,18,1,185909,50668,44126,135241,268430,0,0,0,0,0.0581646
560600,18,1,162700,44390,38667,118310,236987,0,0,0,0,0.059299
560601,18,1,195271,52974,46465,142297,279578,0,0,0,0,0.0613436
560604,18,1,183946,50536,44060,133410,267999,0,0,0,0,0.0638956
560609,18,1,182858,49236,42760,133622,259350,0,0,0,0,0.0580692
560622,36,1,196700,53721,47298,142979,284993,0,0,0,0,0.0608878
560625,36,1,206429,57240,49829,149189,305996,0,0,0,0,0.0663063
560628,36,1,190085,52562,45755,137523,279713,0,0,0,0,0.0597422
560650,6,1,208157,56586,49781,151571,299340,0,0,0,0,0.075658
560651,18,2,201949,55711,48744,146225,298102,1,0,0,0,0.117536
560654,18,1,199607,54279,47490,145328,285995,0,0,0,0,0.057195
560659,18,2,188666,50828,44372,137825,269527,1,0,0,0,0.117615
560660,18,1,184508,49675,42637,134833,262573,0,0,0,0,0.0698438
560661,18,2,193151,52342,45964,140797,278151,1,0,0,0,0.114796
560664,18,1,176889,46997,41258,129892,247738,0,0,0,0,0.0543499
560669,18,1,171394,44915,38881,126479,235145,0,0,0,0,0.0535855
560682,36,1,209771,57300,50208,152471,303591,0,0,0,0,0.0564837
560685,36,1,205395,55786,48812,149609,296749,0,0,0,0,0.0541748
560688,36,1,201126,54639,47501,146487,289170,0,0,0,0,0.0567022
560700,6,1,192664,51538,45455,141126,270785,0,0,0,0,0.0702892
560701,18,2,187538,51058,44540,136468,271983,1,0,0,0,0.12162
560704,18,2,187403,51345,45031,136045,273183,1,0,0,0,0.160896
560709,18,2,189966,51435,44773,138518,273177,1,0,0,0,0.121677
560710,18,1,176925,47695,41458,129230,251853,0,0,0,0,0.0523623
560711,18,2,188407,50652,44483,137743,268968,1,0,0,0,0.137425
560714,18,1,187739,50013,43912,137726,262741,0,0,0,0,0.0561163
560719,18,2,280130,77873,68427,202244,416077,1,0,0,0,0.139739
560732,36,1,201152,54261,47653,146891,285526,0,0,0,0,0.0570935
560735,36,1,200455,54435,47425,146020,288251,0,0,0,0,0.0566174
560738,36,2,192441,53129,46606,139299,284000,1,0,0,0,0.122328
560740,6,1,183857,48366,42993,135491,252287,0,0,0,0,0.081554
560741,18,1,192403,51577,45640,140826,270326,0,0,0,0,0.0644763
560744,18,1,212997,57542,51258,155455,300328,0,0,0,0,0.0711059
560749,18,2,288106,79361,70030,208733,421835,1,0,0,0,0.163456
560750,18,1,165525,44086,38329,121439,231787,0,0,0,0,0.0617837
560751,18,2,190893,51622,45188,139259,273923,1,0,0,0,0.14688
560754,18,2,192475,52450,45806,140013,278496,1,0,0,0,0.133091
560759,18,1,190026,50760,44546,139266,266653,0,0,0,0,0.0788648
560772,36,1,219854,60246,52820,159608,318751,0,0,0,0,0.0671172
560775,36,1,219810,60832,53413,158978,323132,0,0,0,0,0.0633997
560778,36,1,212536,57491,50844,155045,302851,0,0,0,0,0.0575108
560780,18,1,179915,47376,41470,132539,245506,0,0,0,0,0.0596675
560781,18,2,284139,77918,68869,206208,412355,1,0,0,0,0.140316
560784,18,1,198340,52872,46348,145468,275497,0,0,0,0,0.0561002
560789,18,1,168824,44668,38912,124156,233619,0,0,0,0,0.0608129
560802,36,1,186079,50083,43558,135996,263365,0,0,0,0,0.0711255
560805,36,2,282546,78926,69450,203607,422510,1,0,0,0,0.159597
560808,36,2,250065,69155,60487,180897,369529,1,0,0,0,0.142639
560830,18,2,273171,73450,65099,199708,386915,1,0,0,0,0.200656
560831,18,2,203948,54628,48285,149307,287785,1,0,0,0,0.134483
560832,18,2,266879,72692,63953,194174,387223,1,0,0,0,0.140241
560833,18,1,175799,46600,40654,129199,243730,0,0,0,0,0.0562827
560834,18,2,273075,74566,65717,198497,393993,1,0,0,0,0.134546
560835,18,2,185506,49955,44033,135539,264776,1,0,0,0,0.123178
560836,18,2,193965,52833,46420,141120,280714,1,0,0,0,0.161844
560837,18,1,171047,45065,39920,125982,235879,0,0,0,0,0.0529185
560838,18,1,193862,51895,45506,141967,272867,0,0,0,0,0.0752518
560839,18,2,190391,51144,44748,139235,268781,1,0,0,0,0.169807
560880,18,1,190137,51973,45690,138164,275693,0,0,0,0,0.0586011
560881,18,1,199116,53937,47108,145179,283339,0,0,0,0,0.0670866
560884,18,2,332867,95315,83623,237539,511713,1,0,0,0,0.1814
560889,18,1,171789,46327,40306,125462,244366,0,0,0,0,0.0587261
560902,36,1,189407,51265,44983,138142,270280,0,0,0,0,0.0632952
560905,36,1,211142,58778,51331,152364,313848,0,0,0,0,0.0666946
560908,36,1,202636,56281,48817,146355,300251,0,0,0,0,0.0807462
560940,18,1,195568,52744,45781,142824,277951,0,0,0,0,0.0562603
560941,18,2,218628,60338,53222,158277,322162,1,0,0,0,0.137583
560944,18,1,166226,44340,38838,121886,234168,0,0,0,0,0.0667723
560949,18,1,162623,42663,36860,119960,224037,0,0,0,0,0.0770787
560962,36,1,206685,56109,48889,150576,296187,0,0,0,0,0.0867671
560965,36,1,209736,57620,50954,152116,306874,0,0,0,0,0.0816008
560968,36,1,206744,56905,49750,149839,303403,0,0,0,0,0.0698805
560990,18,1,198837,53866,46758,144971,283736,0,0,0,0,0.0545747
560991,18,1,207850,56334,49027,151516,295255,0,0,0,0,0.0589692
560994,18,1,173694,46419,40876,127275,244429,0,0,0,0,0.0539905
560999,18,1,196043,53369,46658,142674,281076,0,0,0,0,0.0607005
561012,36,1,206150,56071,48981,150079,296041,0,0,0,0,0.0603308
561015,36,1,206428,56335,49653,150093,298575,0,0,0,0,0.0698848
561018,36,1,211181,58280,51077,152901,310014,0,0,0,0,0.0733406
561030,18,2,199452,53311,46909,146129,281708,1,0,0,0,0.133804
561031,18,1,190901,50902,44431,139999,266619,0,0,0,0,0.0559913
561034,18,2,207928,57042,50098,150873,303875,1,0,0,0,0.133582
561039,18,1,187491,49798,43527,137693,260636,0,0,0,0,0.0754438
561052,36,2,196031,53321,46576,142697,283745,1,0,0,0,0.140769
561055,36,2,201276,55054,48156,146209,293190,1,0,0,0,0.118776
561058,36,1,215958,58665,51613,157293,309393,0,0,0,0,0.0591206
561060,18,2,206710,55569,48997,151129,293762,1,0,0,0,0.127557
561061,18,2,288128,79384,69788,208731,423214,1,0,0,0,0.145827
561064,18,1,203208,55157,48594,148051,290234,0,0,0,0,0.0588019
561069,18,1,180034,48098,42066,131936,253250,0,0,0,0,0.0727187
561082,36,2,195618,53450,46693,142155,284761,1,0,0,0,0.14895
561085,36,2,200437,54900,48158,145524,292537,1,0,0,0,0.160672
561088,36,1,207529,56402,49708,151127,297566,0,0,0,0,0.0606289
561110,18,2,255147,68601,60477,186533,363703,1,0,0,0,0.172135
561111,18,2,193040,52202,45993,140825,277342,1,0,0,0,0.155559
561112,18,1,173488,45920,39920,127568,240420,0,0,0,0,0.0678592
561113,18,1,169587,45083,39341,124504,236718,0,0,0,0,0.0817004
561114,18,2,272292,74807,66223,197472,398245,1,0,0,0,0.174377
561115,18,2,183517,49354,43521,134150,261168,1,0,0,0,0.129936
561116,18,2,195469,53282,46931,142175,283318,1,0,0,0,0.141546
561117,18,1,169990,44500,39160,125490,231703,0,0,0,0,0.0499726
561118,18,2,268350,73820,64942,194517,394129,1,0,0,0,0.158942
561119,18,2,268136,73853,64967,194270,394199,1,0,0,0,0.15542
561390,18,2,271352,73867,65296,197472,392755,1,0,0,0,0.187049
561391,18,2,200379,54553,47965,145813,289725,1,0,0,0,0.140513
561392,18,2,266082,72992,64066,193077,389085,1,0,0,0,0.170139
561393,18,1,181160,48629,42667,132531,255266,0,0,0,0,0.0785907
561394,18,1,205258,55322,48979,149936,289727,0,0,0,0,0.0876553
561395,18,2,192353,52270,45973,140071,277473,1,0,0,0,0.131206
561396,18,2,194468,53110,46761,141345,282159,1,0,0,0,0.132148
561397,18,1,180903,48175,42658,132728,252464,0,0,0,0,0.0607035
561398,18,2,263920,72555,64090,191352,386334,1,0,0,0,0.146143
561399,18,2,264948,72661,64268,192274,386524,1,0,0,0,0.213678
561520,36,1,197744,53917,47140,143827,285949,0,0,0,0,0.0584787
561521,36,1,215410,59031,51372,156379,311886,0,0,0,0,0.0613683
561522,36,1,216186,59335,51596,156851,312684,0,0,0,0,0.0732149
561523,36,1,209853,57503,50704,152350,305293,0,0,0,0,0.0865542
561524,36,1,190790,51780,45156,139010,275351,0,0,0,0,0.0595468
561525,36,1,192797,52292,45692,140505,278145,0,0,0,0,0.0585852
561526,36,1,218086,59841,52198,158245,316956,0,0,0,0,0.0748467
561527,36,1,188450,50413,44194,138037,265685,0,0,0,0,0.0775454
561528,36,1,206543,56338,49323,150205,298216,0,0,0,0,0.0608911
561529,36,1,195706,53345,46632,142361,282240,0,0,0,0,0.0561278
561570,36,1,194806,52777,46283,142029,278229,0,0,0,0,0.057209
561571,36,1,206175,56104,49168,150071,295127,0,0,0,0,0.0596395
561572,36,1,195332,52642,45892,142690,276529,0,0,0,0,0.0579161
561573,36,1,199594,54598,48107,144996,289228,0,0,0,0,0.0783073
561574,36,1,168906,44710,39212,124196,234771,0,0,0,0,0.0711726
561575,36,1,189198,51229,44703,137969,271198,0,0,0,0,0.0677231
561576,36,2,197383,55048,48605,142322,294439,1,0,0,0,0.12881
561577,36,1,201265,54855,47970,146410,290882,0,0,0,0,0.0717594
561578,36,2,197970,55431,48837,142526,297181,1,0,0,0,0.127527
561579,36,2,199772,54951,48456,144808,292429,1,0,0,0,0.134895
561610,36,1,182390,48523,42496,133867,254236,0,0,0,0,0.0560189
561611,36,2,190064,51030,44643,139021,270272,1,0,0,0,0.144784
561612,36,1,210864,57562,50540,153302,304426,0,0,0,0,0.0643266
561613,36,1,209974,57402,50225,152572,303757,0,0,0,0,0.08635
561614,36,2,286292,79333,69657,206946,422471,1,0,0,0,0.176977
561615,36,2,193983,52807,46359,141163,280448,1,0,0,0,0.142342
561616,36,1,214044,58826,51567,155218,311922,0,0,0,0,0.0563172
561617,36,1,193273,52527,46177,140746,278403,0,0,0,0,0.0589854
561618,36,1,200618,54318,47953,146300,286230,0,0,0,0,0.0554115
561619,36,1,206321,55713,48948,150608,292186,0,0,0,0,0.0541769
561640,36,1,190266,50682,44559,139584,264424,0,0,0,0,0.0573492
561641,36,2,196622,53037,46690,143572,281062,1,0,0,0,0.115728
561642,36,1,196198,53152,46334,143046,281031,0,0,0,0,0.0550315
561643,36,1,186169,50352,44081,135817,265831,0,0,0,0,0.0741957
561644,36,2,288759,79912,70583,208834,425372,1,0,0,0,0.159024
561645,36,2,191831,52189,45757,139629,277380,1,0,0,0,0.155845
561646,36,2,299834,84306,74273,215515,452652,1,0,0,0,0.179913
561647,36,1,185914,50417,44096,135497,267349,0,0,0,0,0.0863085
561648,36,1,197117,53397,47039,143720,281560,0,0,0,0,0.0798299
561649,36,1,198294,53974,47465,144320,285052,0,0,0,0,0.0740608
561660,36,2,262299,71329,62220,190957,378828,1,0,0,0,0.151784
561661,36,2,188106,50880,44444,137214,270207,1,0,0,0,0.119594
561662,36,1,184065,49367,42834,134698,259375,0,0,0,0,0.0553112
561663,36,1,168600,45066,39395,123534,236615,0,0,0,0,0.0572075
561664,36,1,201480,54884,48110,146596,289835,0,0,0,0,0.0604358
561665,36,2,185267,49959,43727,135296,264653,1,0,0,0,0.12908
561666,36,2,296321,82970,73166,213338,443584,1,0,0,0,0.153541
561667,36,1,169187,45261,39647,123926,238823,0,0,0,0,0.0683164
561668,36,2,275599,76943,67733,198643,412195,1,0,0,0,0.15268
561669,36,2,274666,76443,67238,198210,408904,1,0,0,0,0.141593
561970,6,1,187514,49585,44094,137929,258851,0,0,0,0,0.0969727
561971,18,1,182960,48423,42179,134537,253003,0,0,0,0,0.0607884
561974,18,2,251062,70389,62447,180660,375972,1,0,0,0,0.136293
561979,18,2,290163,80442,71179,209708,428282,1,0,0,0,0.145777
561980,6,1,187238,49455,44025,137783,258068,0,0,0,0,0.0734326
561981,18,1,182910,48409,42181,134501,252961,0,0,0,0,0.0578334
561984,18,2,250802,70281,62406,180508,375282,1,0,0,0,0.145215
561989,18,2,289981,80372,71118,209596,427867,1,0,0,0,0.179501
561990,6,1,187186,49449,44017,137737,258047,0,0,0,0,0.115172
561991,18,1,210373,57563,50645,152810,302568,0,0,0,0,0.0738378
561994,18,1,223358,61411,53998,161947,321810,0,0,0,0,0.066861
561999,18,1,170756,45598,39910,125158,239717,0,0,0,0,0.0557505
562000,18,1,163338,43716,38290,119622,230220,0,0,0,0,0.0531006
562001,18,2,262285,73194,64548,189079,392195,1,0,0,0,0.145192
562004,18,2,270950,75390,67213,195548,402456,1,0,0,0,0.145038
562009,18,1,193231,51571,45701,141660,269729,0,0,0,0,0.0834286
562022,36,1,187957,50777,44290,137180,267433,0,0,0,0,0.0807121
562025,36,1,199038,53858,47033,145180,282834,0,0,0,0,0.067492
562028,36,1,199328,53600,46628,145728,280098,0,0,0,0,0.0618135
562030,6,1,174912,45660,39977,129252,239586,0,0,0,0,0.0709518
562031,18,1,182468,49448,42962,133020,262584,0,0,0,0,0.0621024
562034,18,2,196006,52927,46136,143066,279200,1,0,0,0,0.125177
562039,18,2,259141,71298,62574,187831,379065,1,0,0,0,0.16878
562040,6,1,174757,45621,39935,129136,239376,0,0,0,0,0.100496
562041,18,1,182487,49448,42960,133039,262588,0,0,0,0,0.0868226
562044,18,2,195874,52878,46113,142983,278893,1,0,0,0,0.129425
562049,18,2,258912,71216,62473,187684,378579,1,0,0,0,0.171281
562050,6,1,174682,45598,39925,129084,239245,0,0,0,0,0.0782069
562051,18,1,195926,52816,45957,143110,278087,0,0,0,0,0.0619828
562054,18,2,293904,81997,71753,211894,438374,1,0,0,0,0.153357
562059,18,1,168244,44670,38813,123574,236114,0,0,0,0,0.0601371
562060,18,1,149533,39094,33600,110439,206069,0,0,0,0,0.0542175
562061,18,1,168172,44577,38954,123595,235516,0,0,0,0,0.0600465
562064,18,2,192355,50964,44661,141379,268146,1,0,0,0,0.156565
562069,18,1,178173,47196,41299,130977,248886,0,0,0,0,0.0749243
562082,36,1,188428,51184,44589,137244,272612,0,0,0,0,0.0577764
562085,36,1,196457,53386,46764,143071,283415,0,0,0,0,0.0610253
562088,36,1,192500,51668,44960,140832,271905,0,0,0,0,0.0611332
562090,6,1,171593,45560,40318,126033,240525,0,0,0,0,0.0751273
562091,18,1,150064,39491,34489,110573,208113,0,0,0,0,0.0802924
562094,18,2,189509,50893,44367,138604,267909,1,0,0,0,0.131447
562099,18,2,188765,50470,43830,138282,266027,1,0,0,0,0.124459
562100,6,1,171503,45542,40314,125961,240416,0,0,0,0,0.0936117
562101,18,2,187618,50738,44249,136867,270355,1,0,0,0,0.124886
562104,18,2,184687,50247,43600,134428,267038,1,0,0,0,0.121992
562109,18,2,186257,50233,43478,136011,266764,1,0,0,0,0.113334
562110,18,1,158785,42508,36611,116277,225734,0,0,0,0,0.0539977
562111,18,2,185704,49566,43236,136126,262925,1,0,0,0,0.121244
562114,18,2,185241,49851,43338,135377,263603,1,0,0,0,0.115507
562119,18,2,315480,85852,75396,229615,455089,1,0,0,0,0.141484
562132,36,1,169285,45642,39832,123643,242943,0,0,0,0,0.0508968
562135,36,2,191418,52448,45627,138957,279293,1,0,0,0,0.114417
562138,36,2,191309,52012,45217,139284,276392,1,0,0,0,0.117212
562140,6,1,171358,45497,40262,125861,240138,0,0,0,0,0.0801395
562141,18,2,194582,52802,46458,141767,281183,1,0,0,0,0.150877
562144,18,2,187349,50840,44380,136496,269668,1,0,0,0,0.123706
562149,18,2,186309,50105,43444,136191,265671,1,0,0,0,0.118376
562150,18,1,158761,42503,36592,116258,225690,0,0,0,0,0.0539654
562151,18,2,191583,51792,45477,139779,275699,1,0,0,0,0.119671
562154,18,1,174035,46140,40189,127895,242440,0,0,0,0,0.0515443
562159,18,2,189057,51160,44756,137885,271045,1,0,0,0,0.119805
562172,36,1,179467,48546,42646,130921,257511,0,0,0,0,0.0535088
562175,36,1,194336,52125,45541,142211,273605,0,0,0,0,0.0505087
562178,36,2,190856,51975,45233,138868,276258,1,0,0,0,0.126206
562180,18,1,171213,45519,39568,125694,239681,0,0,0,0,0.0550289
562181,18,1,171422,45541,39598,125881,239688,0,0,0,0,0.0536282
562184,18,1,163269,42410,36846,120859,220463,0,0,0,0,0.0523316
562189,18,1,169924,44132,38533,125792,228656,0,0,0,0,0.0533869
562202,36,1,178309,47928,41627,130381,252734,0,0,0,0,0.0704793
562205,36,1,179736,48216,42074,131520,253740,0,0,0,0,0.0607281
562208,36,1,183068,49435,43248,133633,260347,0,0,0,0,0.0572389
562230,18,2,264435,71207,62937,193215,377623,1,0,0,0,0.144089
562231,18,2,264230,71157,62907,193060,377344,1,0,0,0,0.144433
562232,18,1,147926,38536,33687,109390,202362,0,0,0,0,0.0511694
562233,18,1,172525,46277,41216,126248,244876,0,0,0,0,0.0754588
562234,18,2,188374,49673,43576,138688,259090,1,0,0,0,0.121287
562235,18,2,186281,50553,44239,135715,268272,1,0,0,0,0.117593
562236,18,2,190311,51796,45615,138502,275063,1,0,0,0,0.121841
562237,18,2,181969,48548,42110,133408,256326,1,0,0,0,0.120688
562238,18,2,186437,50881,44580,135543,270414,1,0,0,0,0.122691
562239,18,2,189587,50691,44533,138883,265554,1,0,0,0,0.124999
562260,6,1,189360,51432,45098,137928,272460,0,0,0,0,0.0812408
562261,18,1,166394,45053,39050,121341,238645,0,0,0,0,0.0561704
562264,18,2,303548,85619,75411,217917,458189,1,0,0,0,0.150792
562269,18,2,307480,86678,76938,220789,463577,1,0,0,0,0.143972
562270,6,1,189552,51487,45148,138065,272751,0,0,0,0,0.0787
562271,18,2,236503,67562,59834,168928,365015,1,0,0,0,0.172021
562274,18,1,203731,56623,49494,147108,300724,0,0,0,0,0.0852224
562279,18,1,205702,55978,48892,149724,293897,0,0,0,0,0.0609401
562280,18,1,170729,46971,40854,123758,250671,0,0,0,0,0.0582971
562281,18,2,344479,95932,84373,248535,512210,1,0,0,0,0.209265
562284,18,2,224818,63934,56656,160871,343794,1,0,0,0,0.166546
562289,18,1,210732,56667,49310,154065,294956,0,0,0,0,0.0909381
562302,36,1,188619,51578,45409,137041,273774,0,0,0,0,0.0707342
562305,36,1,215678,59906,51845,155772,318599,0,0,0,0,0.0611754
562308,36,1,207680,57159,49697,150521,301450,0,0,0,0,0.0603019
562320,6,1,208781,56585,49789,152196,298974,0,0,0,0,0.0857112
562321,18,1,201801,55820,48569,145981,296858,0,0,0,0,0.0632414
562324,18,2,205987,56951,50034,149024,302125,1,0,0,0,0.129765
562329,18,2,314600,88093,77675,226495,469312,1,0,0,0,0.146324
562330,6,1,208892,56626,49837,152266,299195,0,0,0,0,0.0805368
562331,18,2,190706,51947,45215,138746,276784,1,0,0,0,0.126352
562334,18,2,205395,57203,50235,148179,305726,1,0,0,0,0.13626
562339,18,2,198474,54341,47535,144120,288850,1,0,0,0,0.145963
562340,18,1,185598,50245,43478,135353,265860,0,0,0,0,0.0577861
562341,18,2,184017,49071,42762,134934,259456,1,0,0,0,0.137106
562344,18,2,197313,53574,46792,143727,283880,1,0,0,0,0.137801
562349,18,1,191849,50804,44239,141045,265035,0,0,0,0,0.0604793
562362,36,1,204329,55869,48937,148460,296554,0,0,0,0,0.057724
562365,36,2,198843,55202,48470,143628,294952,1,0,0,0,0.120013
562368,36,1,214236,58107,50542,156129,305678,0,0,0,0,0.0564275
562370,6,1,184510,49801,43712,134709,263793,0,0,0,0,0.0677295
562371,18,1,173562,47154,41074,126408,250229,0,0,0,0,0.05323
562374,18,2,197386,54050,47430,143323,286615,1,0,0,0,0.122137
562379,18,2,291038,80209,70309,210817,425939,1,0,0,0,0.137442
562380,6,1,184375,49772,43703,134603,263645,0,0,0,0,0.0700738
562381,18,2,177290,47549,41288,129729,252489,1,0,0,0,0.115812
562384,18,2,193783,53607,46929,140163,285984,1,0,0,0,0.124941
562389,18,2,298371,82968,72834,215391,443315,1,0,0,0,0.164101
562390,18,1,170229,46131,40096,124098,245208,0,0,0,0,0.0520124
562391,18,1,191562,51996,45410,139566,274774,0,0,0,0,0.0615422
562394,18,2,193066,53186,46447,139868,283514,1,0,0,0,0.1226
562399,18,2,284544,79203,69728,205328,422610,1,0,0,0,0.164312
562412,36,1,182658,49419,43114,133239,262319,0,0,0,0,0.0536442
562415,36,2,197692,55146,48396,142533,295267,1,0,0,0,0.127675
562418,36,2,193958,53945,47266,140000,288723,1,0,0,0,0.126325
562420,6,1,174822,46039,40682,128783,241808,0,0,0,0,0.0854553
562421,18,1,182979,49268,43347,133711,259748,0,0,0,0,0.0770976
562424,18,1,219127,58917,52182,160210,306886,0,0,0,0,0.088275
562429,18,1,171754,45520,40082,126234,238982,0,0,0,0,0.0759107
562430,18,1,157873,41991,36498,115882,221899,0,0,0,0,0.066102
562431,18,1,181021,48532,42398,132489,256541,0,0,0,0,0.0712583
562434,18,2,195366,53646,47176,141708,285748,1,0,0,0,0.120224
562439,18,1,180395,48278,42164,132117,254110,0,0,0,0,0.0559512
562452,36,1,204947,56140,48867,148807,298454,0,0,0,0,0.0574082
562455,36,1,229456,63714,55747,165742,337384,0,0,0,0,0.0613598
562458,36,1,199748,54150,47619,145598,286065,0,0,0,0,0.0595963
562460,18,1,170260,45011,39465,125249,235539,0,0,0,0,0.0556162
562461,18,1,179253,48073,41835,131180,252359,0,0,0,0,0.0513686
562464,18,1,196757,52768,46111,143989,275697,0,0,0,0,0.0709016
562469,18,1,175750,46487,40713,129263,242539,0,0,0,0,0.0790404
562482,36,1,186449,50485,43908,135964,265749,0,0,0,0,0.0684649
562485,36,2,201500,55841,49173,145646,298957,1,0,0,0,0.130865
562488,36,1,192591,52319,45731,140272,276823,0,0,0,0,0.0583968
562510,18,2,268791,72423,63770,196355,383001,1,0,0,0,0.146644
562511,18,2,198964,53276,46974,145675,281200,1,0,0,0,0.122066
562512,18,2,271894,74427,65593,197454,396514,1,0,0,0,0.135105
562513,18,1,184378,49208,42861,135170,256985,0,0,0,0,0.0561045
562514,18,2,201683,54398,47882,147272,286382,1,0,0,0,0.136374
562515,18,2,194967,53369,47101,141586,284466,1,0,0,0,0.137873
562516,18,2,203336,56224,49587,147100,300259,1,0,0,0,0.129397
562517,18,1,175940,47114,41555,128826,247774,0,0,0,0,0.0524491
562518,18,1,193891,52537,46179,141354,277690,0,0,0,0,0.0575697
562519,18,2,196647,53225,46713,143410,280197,1,0,0,0,0.123003
562550,6,1,189487,51472,45147,138015,272670,0,0,0,0,0.0770646
562551,18,2,236275,67477,59812,168785,364244,1,0,0,0,0.140404
562554,18,1,206688,57454,50631,149234,305815,0,0,0,0,0.0910747
562559,18,1,190959,52110,45266,138849,275199,0,0,0,0,0.057667
562560,18,1,170637,46959,40836,123678,250612,0,0,0,0,0.065695
562561,18,2,355811,99085,87351,256714,527977,1,0,0,0,0.172772
562564,18,1,191943,52669,46188,139274,278230,0,0,0,0,0.0594328
562569,18,1,191118,51380,44445,139738,268712,0,0,0,0,0.059645
562582,36,1,205376,56202,49415,149174,297069,0,0,0,0,0.0593366
562585,36,1,218406,60680,52717,157726,323169,0,0,0,0,0.0769406
562588,36,1,196984,54445,47384,142539,288821,0,0,0,0,0.0825457
562610,6,1,208939,56640,49842,152299,299279,0,0,0,0,0.106376
562611,18,2,199351,54715,47897,144623,291969,1,0,0,0,0.150874
562614,18,1,199278,54187,47418,145091,285595,0,0,0,0,0.0678702
562619,18,2,191241,51833,45114,139395,275354,1,0,0,0,0.131372
562620,18,1,185749,50275,43474,135474,265999,0,0,0,0,0.0599901
562621,18,2,192022,51840,45254,140170,275262,1,0,0,0,0.127006
562624,18,1,179342,47967,41944,131375,253602,0,0,0,0,0.0593599
562629,18,1,171706,45126,39134,126580,236461,0,0,0,0,0.0559704
562642,36,1,211484,57887,50799,153597,306696,0,0,0,0,0.0582986
562645,36,1,205428,56023,49087,149405,298180,0,0,0,0,0.0543153
562648,36,1,202059,54957,47830,147102,290825,0,0,0,0,0.0562397
562660,6,1,184237,49728,43668,134509,263388,0,0,0,0,0.0705349
562661,18,2,183394,49539,43166,133843,263665,1,0,0,0,0.15273
562664,18,2,189919,52534,46029,137372,280303,1,0,0,0,0.117797
562669,18,2,303616,84633,74071,218971,452863,1,0,0,0,0.166081
562670,18,1,170182,46103,40082,124079,245031,0,0,0,0,0.0504757
562671,18,2,184444,49374,43038,135058,262205,1,0,0,0,0.116371
562674,18,1,185879,49981,43895,135898,263494,0,0,0,0,0.0553841
562679,18,2,287011,80310,70945,206688,429274,1,0,0,0,0.13941
562692,36,1,194843,53094,46603,141749,281802,0,0,0,0,0.0541991
562695,36,1,201199,54910,48052,146289,290925,0,0,0,0,0.0535085
562698,36,2,197011,54814,47884,142184,293594,1,0,0,0,0.121143
562700,6,1,175039,46084,40708,128955,242029,0,0,0,0,0.0831215
562701,18,1,184536,49690,43848,134846,262373,0,0,0,0,0.0778575
562704,18,1,203672,55023,48835,148649,288619,0,0,0,0,0.065242
562709,18,2,289568,80213,70562,209343,428526,1,0,0,0,0.193698
562710,18,1,157592,41904,36415,115688,221407,0,0,0,0,0.0581257
562711,18,2,187974,50705,44157,137257,269204,1,0,0,0,0.135179
562714,18,2,194134,52907,46417,141215,281309,1,0,0,0,0.158199
562719,18,1,188835,50710,44511,138125,266780,0,0,0,0,0.0724829
562732,36,1,209421,57575,50469,151846,306642,0,0,0,0,0.0586202
562735,36,1,222967,61972,54339,160995,329151,0,0,0,0,0.0625416
562738,36,1,210548,57380,50385,153168,303297,0,0,0,0,0.0632506
562740,18,1,170363,44996,39422,125367,235378,0,0,0,0,0.0574924
562741,18,1,179086,48017,41785,131069,252044,0,0,0,0,0.0542108
562744,18,1,196821,52794,46145,144027,275817,0,0,0,0,0.05542
562749,18,1,175619,46468,40705,129151,242463,0,0,0,0,0.0585533
562762,36,1,179445,48678,42373,130767,257721,0,0,0,0,0.0733402
562765,36,2,195352,53880,47279,141459,287967,1,0,0,0,0.129874
562768,36,1,191632,51935,45309,139697,274613,0,0,0,0,0.0526299
562790,18,2,268354,72321,63711,196020,382495,1,0,0,0,0.138476
562791,18,2,198958,53279,46976,145666,281225,1,0,0,0,0.113915
562792,18,2,261076,71282,62587,189781,381234,1,0,0,0,0.131308
562793,18,1,171163,45874,39952,125289,242034,0,0,0,0,0.0537631
562794,18,2,201739,54405,47884,147321,286405,1,0,0,0,0.117658
562795,18,2,189182,51525,45414,137645,274263,1,0,0,0,0.11741
562796,18,2,197471,54211,47502,143248,288740,1,0,0,0,0.121508
562797,18,1,176849,47069,41486,129780,246962,0,0,0,0,0.0602124
562798,18,1,191640,51481,45355,140159,271267,0,0,0,0,0.0554869
562799,18,2,196628,53230,46714,143386,280254,1,0,0,0,0.120856
562840,18,1,200242,54714,47984,145528,289061,0,0,0,0,0.0766651
562841,18,1,205930,55768,48703,150162,291832,0,0,0,0,0.057602
562844,18,2,239127,68782,60720,170332,370579,1,0,0,0,0.136774
562849,18,1,180167,48385,41974,131782,253336,0,0,0,0,0.0584857
562862,36,1,194778,52890,46446,141888,278166,0,0,0,0,0.0581509
562865,36,1,222807,62072,54165,160735,329526,0,0,0,0,0.0636356
562868,36,1,208718,58110,50512,150608,309056,0,0,0,0,0.057989
562900,18,1,195344,52658,45665,142686,277419,0,0,0,0,0.0519474
562901,18,2,214749,59138,51874,155598,315567,1,0,0,0,0.117172
562904,18,1,167559,45139,39385,122420,239568,0,0,0,0,0.0640895
562909,18,1,162049,42797,37123,119252,225359,0,0,0,0,0.0656002
562922,36,1,205995,56018,48686,149977,295913,0,0,0,0,0.0567562
562925,36,1,210488,58035,51212,152453,309383,0,0,0,0,0.0553537
562928,36,1,205424,56710,49642,148714,302787,0,0,0,0,0.0619902
562950,18,1,190450,51425,44730,139025,271721,0,0,0,0,0.0656245
562951,18,1,198765,53710,46860,145055,282224,0,0,0,0,0.0597585
562954,18,1,175023,47079,41564,127944,248696,0,0,0,0,0.0540056
562959,18,1,198195,53767,46998,144428,282243,0,0,0,0,0.0568205
562972,36,1,198480,54110,47071,144370,287145,0,0,0,0,0.0572574
562975,36,1,207752,57090,50003,150662,303243,0,0,0,0,0.0626608
562978,36,1,212955,59023,51606,153932,314386,0,0,0,0,0.0614611
562990,18,2,194225,52230,45617,141983,277103,1,0,0,0,0.132253
562991,18,1,183760,49137,42887,134623,258783,0,0,0,0,0.0551011
562994,18,2,207922,57319,50509,150590,305907,1,0,0,0,0.126711
562999,18,1,184048,49146,43107,134902,258039,0,0,0,0,0.0552513
563012,36,2,191949,52216,45430,139720,278387,1,0,0,0,0.144156
563015,36,2,204265,56513,49265,147739,302332,1,0,0,0,0.125309
563018,36,1,213805,58611,51925,155194,310635,0,0,0,0,0.0845417
563020,18,2,203037,54985,48395,148040,292133,1,0,0,0,0.165905
563021,18,1,183208,49378,43142,133830,260765,0,0,0,0,0.06553
563024,18,1,202713,55129,48702,147584,290601,0,0,0,0,0.0586028
563029,18,1,188538,50231,44157,138307,263545,0,0,0,0,0.0578181
563042,36,2,191028,52090,45287,138925,277815,1,0,0,0,0.136812
563045,36,2,202459,55832,48880,146614,298260,1,0,0,0,0.152223
563048,36,1,209037,57059,50260,151978,302140,0,0,0,0,0.0762038
563070,18,1,154687,40536,35728,114151,213129,0,0,0,0,0.0528998
563071,18,2,190161,51591,45063,138557,275101,1,0,0,0,0.121833
563072,18,1,166527,44428,38535,122099,234357,0,0,0,0,0.0481315
563073,18,1,165751,44552,38834,121199,236116,0,0,0,0,0.0575003
563074,18,2,192546,52273,46094,140260,277164,1,0,0,0,0.118782
563075,18,2,188709,51244,45150,137452,272412,1,0,0,0,0.118348
563076,18,2,200009,54852,48172,145145,292242,1,0,0,0,0.12572
563077,18,1,175996,46409,40939,129587,241920,0,0,0,0,0.0566679
563078,18,2,269311,74728,65866,194570,400653,1,0,0,0,0.148487
563079,18,2,275727,76153,67154,199561,406214,1,0,0,0,0.150319
563350,18,1,179614,47922,42760,131692,252545,0,0,0,0,0.0797182
563351,18,2,198838,54184,47535,144641,288827,1,0,0,0,0.13514
563352,18,2,262911,72178,63109,190720,385993,1,0,0,0,0.151401
563353,18,1,173411,46634,40926,126777,246285,0,0,0,0,0.0610713
563354,18,1,195718,52834,46683,142884,278310,0,0,0,0,0.0576116
563355,18,2,195773,53764,47252,141997,286574,1,0,0,0,0.128315
563356,18,2,195289,53380,46691,141896,283735,1,0,0,0,0.136915
563357,18,1,172111,46104,40678,126007,243619,0,0,0,0,0.0814191
563358,18,2,266161,73486,64639,192662,392927,1,0,0,0,0.171193
563359,18,2,269767,74314,65801,195440,395741,1,0,0,0,0.144605
563530,36,1,187348,51194,44890,136154,272089,0,0,0,0,0.0541458
563531,36,1,199820,54853,48119,144967,291052,0,0,0,0,0.0578436
563532,36,1,188182,50939,44376,137243,269226,0,0,0,0,0.0720939
563533,36,1,193454,53338,46954,140116,284539,0,0,0,0,0.0813976
563534,36,2,281089,77531,68040,203546,413788,1,0,0,0,0.149198
563535,36,2,297238,83341,73270,213885,447235,1,0,0,0,0.145638
563536,36,2,199548,56081,49218,143454,300893,1,0,0,0,0.119918
563537,36,2,302257,84535,74283,217710,453575,1,0,0,0,0.136937
563538,36,2,201709,56870,49851,144826,305235,1,0,0,0,0.122191
563539,36,2,202190,55873,49289,146304,297759,1,0,0,0,0.149819
563570,36,1,172799,46359,40594,126440,245114,0,0,0,0,0.0766526
563571,36,2,186534,50334,44177,136187,267561,1,0,0,0,0.168858
563572,36,1,200906,55177,48351,145729,294134,0,0,0,0,0.0808386
563573,36,1,204098,56110,49213,147988,298753,0,0,0,0,0.0720084
563574,36,2,197143,53854,47236,143276,286164,1,0,0,0,0.139081
563575,36,2,195724,53677,47100,142034,286191,1,0,0,0,0.142231
563576,36,1,215650,59668,52490,155982,316676,0,0,0,0,0.0829786
563577,36,1,197776,53901,47501,143875,285961,0,0,0,0,0.0819854
563578,36,1,201724,54828,48169,146896,289627,0,0,0,0,0.0745223
563579,36,1,206015,56193,49494,149822,296544,0,0,0,0,0.0602753
563600,36,1,182521,49017,42971,133504,258249,0,0,0,0,0.0614576
563601,36,2,193634,52730,46500,140891,280970,1,0,0,0,0.125679
563602,36,1,190189,51699,44974,138490,274680,0,0,0,0,0.0587284
563603,36,1,180642,49245,43126,131397,261920,0,0,0,0,0.0541837
563604,36,2,203297,55519,48894,147765,294201,1,0,0,0,0.126545
563605,36,2,193263,52921,46471,140329,282017,1,0,0,0,0.123596
563606,36,1,211829,58353,51365,153476,309277,0,0,0,0,0.0638835
563607,36,1,189706,51731,45062,137975,275108,0,0,0,0,0.0818456
563608,36,1,198010,53948,47504,144062,284983,0,0,0,0,0.079386
563609,36,1,207641,56583,49795,151058,298179,0,0,0,0,0.06859
563620,36,1,175350,47421,41365,127929,250142,0,0,0,0,0.0596741
563621,36,2,187084,50899,44202,136173,271477,1,0,0,0,0.153715
563622,36,1,181339,48996,42443,132343,259090,0,0,0,0,0.0644213
563623,36,1,164760,44463,38743,120297,235526,0,0,0,0,0.0548026
563624,36,1,199605,54585,47893,145020,288919,0,0,0,0,0.0599438
563625,36,2,188323,51230,44837,137081,272165,1,0,0,0,0.1289
563626,36,2,298775,83667,73753,215095,447268,1,0,0,0,0.199775
563627,36,1,171257,46146,40396,125111,244308,0,0,0,0,0.083213
563628,36,2,277191,77771,68349,199407,418279,1,0,0,0,0.158287
563629,36,2,281057,78575,69171,202469,420674,1,0,0,0,0.173939
563940,6,1,185956,49845,43370,136111,262428,0,0,0,0,0.125534
563941,18,1,160910,42804,36716,118106,225293,0,0,0,0,0.0833849
563944,18,2,248263,70058,62157,178192,375317,1,0,0,0,0.184007
563949,18,1,194815,52195,44983,142620,272592,0,0,0,0,0.0624428
563950,6,1,186175,49894,43403,136281,262698,0,0,0,0,0.0824845
563951,18,1,178150,48130,41918,130020,254280,0,0,0,0,0.0806494
563954,18,1,203802,55464,48648,148338,293414,0,0,0,0,0.0743428
563959,18,1,208613,57127,49549,151486,303399,0,0,0,0,0.0645803
563960,18,1,166612,45036,38858,121576,238492,0,0,0,0,0.0744118
563961,18,2,230234,64354,56737,165867,344561,1,0,0,0,0.158795
563964,18,2,239132,67475,59832,171644,361747,1,0,0,0,0.141562
563969,18,2,239000,67075,59503,171912,359331,1,0,0,0,0.136172
563982,36,1,182497,49336,43110,133161,260151,0,0,0,0,0.0578941
563985,36,1,201521,55459,48040,146062,294873,0,0,0,0,0.0589236
563988,36,1,206029,56898,49262,149131,302910,0,0,0,0,0.0597485
564000,6,1,197541,53352,47285,144189,281446,0,0,0,0,0.0855262
564001,18,1,183684,49673,43167,134011,261975,0,0,0,0,0.0783707
564004,18,2,196182,53681,47237,142489,283909,1,0,0,0,0.141975
564009,18,2,297435,81654,71775,215769,431435,1,0,0,0,0.153731
564010,6,1,197471,53336,47268,144135,281371,0,0,0,0,0.0824966
564011,18,2,183182,49341,42945,133828,262163,1,0,0,0,0.127488
564014,18,2,193035,53307,46848,139715,283735,1,0,0,0,0.132638
564019,18,2,306211,85500,75207,220699,456554,1,0,0,0,0.156185
564020,18,1,177740,48099,41586,129641,254592,0,0,0,0,0.0555244
564021,18,2,214689,58385,51217,156291,311101,1,0,0,0,0.124212
564024,18,2,191473,51860,45696,139601,274362,1,0,0,0,0.139096
564029,18,1,180067,47386,41119,132681,247284,0,0,0,0,0.0525902
564042,36,1,184688,49773,43368,134915,262678,0,0,0,0,0.0540741
564045,36,2,196533,54141,47519,142379,287895,1,0,0,0,0.118497
564048,36,1,215977,59112,51783,156865,312088,0,0,0,0,0.0696644
564050,6,1,187238,50643,44607,136595,268630,0,0,0,0,0.0730334
564051,18,1,175404,47564,41189,127840,252371,0,0,0,0,0.0549905
564054,18,2,196601,53878,47421,142710,285626,1,0,0,0,0.123005
564059,18,2,291029,79846,70124,211171,423067,1,0,0,0,0.165116
564060,6,1,187087,50592,44578,136495,268327,0,0,0,0,0.0755857
564061,18,2,174368,46644,40535,127711,247526,1,0,0,0,0.113301
564064,18,2,193354,53449,46788,139892,285251,1,0,0,0,0.133829
564069,18,2,294036,82005,71939,212019,439097,1,0,0,0,0.173844
564070,18,1,169541,45729,39514,123812,242869,0,0,0,0,0.0725521
564071,18,2,250318,67975,59383,182330,362647,1,0,0,0,0.144383
564074,18,2,189385,51574,45233,137799,274041,1,0,0,0,0.15084
564079,18,1,172541,45492,39650,127049,238362,0,0,0,0,0.0595087
564092,36,1,175210,47274,41063,127936,250785,0,0,0,0,0.0553593
564095,36,2,195487,54203,47349,141271,289710,1,0,0,0,0.127319
564098,36,1,208974,57296,50182,151678,303728,0,0,0,0,0.0678352
564100,6,1,168749,43974,38545,124775,231227,0,0,0,0,0.0878414
564101,18,1,186413,50155,43526,136258,264512,0,0,0,0,0.0853083
564104,18,1,196550,52867,46137,143683,277942,0,0,0,0,0.0903176
564109,18,1,155722,40817,35483,114905,214990,0,0,0,0,0.0807873
564110,18,1,147646,38629,33221,109017,203974,0,0,0,0,0.0776337
564111,18,1,177629,47679,41476,129950,252066,0,0,0,0,0.0629731
564114,18,1,186191,49759,43504,136432,261680,0,0,0,0,0.0511077
564119,18,1,169384,44981,39073,124403,236593,0,0,0,0,0.0541732
564132,36,1,195718,54025,47046,141693,288331,0,0,0,0,0.0578462
564135,36,1,202390,56036,48913,146354,298526,0,0,0,0,0.0562932
564138,36,1,180506,48861,42720,131645,259020,0,0,0,0,0.0519571
564140,18,1,160062,41904,36532,118158,219807,0,0,0,0,0.0542962
564141,18,2,198186,53222,46753,144951,280365,1,0,0,0,0.11633
564144,18,2,202169,54683,48191,147473,287985,1,0,0,0,0.116897
564149,18,1,172289,45096,39124,127193,234611,0,0,0,0,0.0732436
564162,36,1,188296,51029,44160,137267,270772,0,0,0,0,0.0698023
564165,36,1,194873,52976,46135,141897,280556,0,0,0,0,0.0539888
564168,36,1,179522,48432,41985,131090,256626,0,0,0,0,0.0529736
564190,18,1,152322,39661,34610,112661,208416,0,0,0,0,0.0779067
564191,18,2,267843,72742,64025,195088,385514,1,0,0,0,0.153479
564192,18,2,265284,72733,63883,192538,388910,1,0,0,0,0.155975
564193,18,1,179291,47658,41577,131633,250462,0,0,0,0,0.0540211
564194,18,2,232449,63146,55842,169290,333776,1,0,0,0,0.129515
564195,18,2,273682,75592,66810,198077,404013,1,0,0,0,0.157027
564196,18,1,179232,47620,41540,131612,250163,0,0,0,0,0.052687
564197,18,1,162178,42293,36956,119885,220096,0,0,0,0,0.0564054
564198,18,1,184577,49578,43159,134999,261047,0,0,0,0,0.0748964
564199,18,1,188140,49843,43457,138297,258780,0,0,0,0,0.0668735
564230,6,1,186101,49882,43403,136219,262643,0,0,0,0,0.0952125
564231,18,1,199085,53936,47453,145149,283761,0,0,0,0,0.0608295
564234,18,1,222854,61017,53878,161837,322159,0,0,0,0,0.0693268
564239,18,1,230651,63815,56110,166836,338190,0,0,0,0,0.0777677
564240,18,1,166478,45009,38833,121469,238349,0,0,0,0,0.0697602
564241,18,2,232321,65251,57496,167057,349744,1,0,0,0,0.191584
564244,18,2,230915,65139,57707,165763,349457,1,0,0,0,0.153421
564249,18,2,237442,66513,58764,170916,356222,1,0,0,0,0.140875
564262,36,1,195715,52797,46534,142918,276930,0,0,0,0,0.0670989
564265,36,1,213845,58586,50965,155259,309854,0,0,0,0,0.0657039
564268,36,1,217992,59876,51826,158116,316726,0,0,0,0,0.0625898
564290,6,1,197307,53285,47229,144022,281099,0,0,0,0,0.07272
564291,18,2,187672,51111,44515,136548,272555,1,0,0,0,0.117529
564294,18,2,190114,51909,45541,138192,275622,1,0,0,0,0.118982
564299,18,2,302904,84131,73554,218761,449523,1,0,0,0,0.142747
564300,18,1,177726,48087,41576,129639,254503,0,0,0,0,0.0566163
564301,18,2,183576,49352,43036,134212,261935,1,0,0,0,0.115483
564304,18,2,185353,49885,43877,135456,263591,1,0,0,0,0.117636
564309,18,1,182856,48225,42154,134631,251977,0,0,0,0,0.0598192
564322,36,1,199755,53817,46938,145938,282398,0,0,0,0,0.055726
564325,36,2,191786,52197,45623,139576,276930,1,0,0,0,0.119471
564328,36,1,219985,60373,52942,159612,319254,0,0,0,0,0.0702887
564340,6,1,186980,50559,44550,136421,268138,0,0,0,0,0.0726644
564341,18,2,182151,49393,43049,132745,263368,1,0,0,0,0.12571
564344,18,2,192689,53278,46624,139398,284321,1,0,0,0,0.12182
564349,18,2,303413,84462,74101,218939,451499,1,0,0,0,0.149042
564350,18,1,169510,45723,39513,123787,242839,0,0,0,0,0.0510807
564351,18,2,180517,48372,42173,132133,256889,1,0,0,0,0.115852
564354,18,2,189175,51581,45020,137582,274167,1,0,0,0,0.121236
564359,18,1,187731,49662,43519,138069,259369,0,0,0,0,0.0610938
564372,36,1,191935,51681,45152,140254,272833,0,0,0,0,0.0576828
564375,36,2,197355,54746,47930,142596,292734,1,0,0,0,0.144407
564378,36,1,222073,60967,53331,161106,322075,0,0,0,0,0.0610272
564380,6,1,168930,44025,38554,124905,231491,0,0,0,0,0.0882296
564381,18,1,196024,52726,46268,143298,277887,0,0,0,0,0.0885997
564384,18,1,207886,55862,49095,152024,292535,0,0,0,0,0.0713403
564389,18,1,167349,43806,38281,123543,230237,0,0,0,0,0.0585252
564390,18,1,147559,38603,33191,108956,203843,0,0,0,0,0.0591428
564391,18,2,186933,50319,43802,136602,266985,1,0,0,0,0.124993
564394,18,2,193338,52467,46058,140859,278921,1,0,0,0,0.122026
564399,18,2,293194,80401,70399,212781,427875,1,0,0,0,0.150424
564412,36,1,204036,56546,49531,147490,301852,0,0,0,0,0.0618488
564415,36,1,214834,59543,52078,155291,316229,0,0,0,0,0.0641138
564418,36,1,190708,51133,44875,139575,269685,0,0,0,0,0.075334
564420,18,1,160118,41875,36488,118243,219588,0,0,0,0,0.058725
564421,18,2,198248,53234,46769,145001,280416,1,0,0,0,0.129759
564424,18,2,202298,54710,48213,147575,288119,1,0,0,0,0.145847
564429,18,1,172146,45069,39109,127077,234492,0,0,0,0,0.0574488
564442,36,1,188916,50957,44335,137959,269961,0,0,0,0,0.054345
564445,36,1,199145,53765,46921,145380,283068,0,0,0,0,0.0554318
564448,36,1,181248,48758,42453,132490,258239,0,0,0,0,0.0535628
564470,18,1,152437,39685,34617,112752,208540,0,0,0,0,0.051506
564471,18,2,267938,72762,64050,195163,385610,1,0,0,0,0.133015
564472,18,2,256766,70080,61423,186673,374453,1,0,0,0,0.137308
564473,18,1,177111,47145,41316,129966,248522,0,0,0,0,0.053374
564474,18,2,232549,63169,55870,169367,333902,1,0,0,0,0.125346
564475,18,2,270776,74503,65592,196260,397217,1,0,0,0,0.137167
564476,18,1,184775,49077,42804,135698,256835,0,0,0,0,0.0518162
564477,18,1,162198,42341,37138,119857,220636,0,0,0,0,0.0514569
564478,18,1,185556,49316,43162,136240,258292,0,0,0,0,0.0571488
564479,18,1,188216,49844,43461,138372,258729,0,0,0,0,0.0591689
564520,18,1,197808,52684,45467,145124,274113,0,0,0,0,0.0574703
564521,18,1,197756,52649,45466,145107,273861,0,0,0,0,0.0592906
564524,18,2,239171,67849,60130,171309,362739,1,0,0,0,0.134902
564529,18,2,242960,68790,60518,174157,368111,1,0,0,0,0.141305
564542,36,1,190500,50673,44419,139827,262734,0,0,0,0,0.060113
564545,36,1,217366,58818,51446,158548,309677,0,0,0,0,0.0723963
564548,36,1,220722,60188,52769,160534,317540,0,0,0,0,0.069944
564580,18,2,195957,53124,46420,142820,282355,1,0,0,0,0.120294
564581,18,2,197021,53358,46589,143650,283501,1,0,0,0,0.163566
564584,18,1,195126,52798,46380,142328,278802,0,0,0,0,0.0785836
564589,18,1,187552,49689,43619,137863,260313,0,0,0,0,0.0754464
564602,36,1,202858,55259,48080,147599,291430,0,0,0,0,0.0657303
564605,36,1,217418,59445,52270,157973,314416,0,0,0,0,0.0578949
564608,36,1,224234,61895,54326,162339,328796,0,0,0,0,0.0601165
564630,18,1,189200,51007,44547,138193,269443,0,0,0,0,0.056764
564631,18,1,199020,53473,46839,145547,280700,0,0,0,0,0.072848
564634,18,1,202532,54815,48049,147717,288142,0,0,0,0,0.0665631
564639,18,1,199502,53144,46894,146358,277527,0,0,0,0,0.0777479
564652,36,1,202039,54892,47719,147147,289312,0,0,0,0,0.0661852
564655,36,1,218524,59874,52497,158650,317402,0,0,0,0,0.0668731
564658,36,1,224603,61853,54101,162750,328592,0,0,0,0,0.0637422
564670,18,2,188154,50062,43687,138080,264625,1,0,0,0,0.127931
564671,18,1,192253,51470,44878,140783,271725,0,0,0,0,0.0554661
564674,18,2,201114,54599,47855,146502,290125,1,0,0,0,0.120025
564679,18,1,176273,46968,40753,129305,247633,0,0,0,0,0.0580815
564692,36,2,190646,51972,45219,138661,277130,1,0,0,0,0.120753
564695,36,2,200109,55254,48360,144842,295672,1,0,0,0,0.173698
564698,36,2,307912,85973,75467,221926,461441,1,0,0,0,0.172667
564700,18,2,201564,54036,47759,147516,286162,1,0,0,0,0.144607
564701,18,2,231214,63731,55814,167470,340834,1,0,0,0,0.133812
564704,18,2,206941,56350,49612,150578,299248,1,0,0,0,0.13782
564709,18,1,185585,49071,42568,136514,255896,0,0,0,0,0.0799642
564722,36,2,191542,52345,45529,139184,279383,1,0,0,0,0.140176
564725,36,2,199846,55243,48417,144590,295755,1,0,0,0,0.124575
564728,36,1,196093,52913,46495,143180,279718,0,0,0,0,0.0571319
564750,18,1,148967,38813,34040,110154,204906,0,0,0,0,0.0561278
564751,18,1,174043,46352,40173,127691,244828,0,0,0,0,0.0496345
564752,18,1,173460,45993,40102,127467,242607,0,0,0,0,0.061023
564753,18,1,178990,47534,41587,131456,249772,0,0,0,0,0.077713
564754,18,2,275985,75811,66977,200161,403948,1,0,0,0,0.167778
564755,18,1,184408,48921,42724,135487,256181,0,0,0,0,0.0726308
564756,18,1,189988,50207,43859,139781,261486,0,0,0,0,0.0797606
564757,18,1,163429,42027,36819,121402,216814,0,0,0,0,0.0699329
564758,18,1,172007,45900,40035,126107,242409,0,0,0,0,0.0846192
564759,18,1,180492,47806,41602,132686,250251,0,0,0,0,0.0880638
565030,18,1,171831,45538,40386,126293,240549,0,0,0,0,0.101777
565031,18,1,183325,48941,42887,134384,256924,0,0,0,0,0.0627152
565032,18,1,184677,49564,43492,135113,260800,0,0,0,0,0.0678716
565033,18,1,183716,49146,43185,134570,256978,0,0,0,0,0.0761207
565034,18,1,193359,51638,45554,141721,269679,0,0,0,0,0.0761282
565035,18,1,194702,52353,46388,142349,274327,0,0,0,0,0.0779525
565036,18,1,195432,52387,46255,143045,272865,0,0,0,0,0.0642464
565037,18,1,161827,43068,37738,118759,228441,0,0,0,0,0.062071
565038,18,1,167737,44929,39764,122808,237738,0,0,0,0,0.0628608
565039,18,1,174603,46704,41267,127899,245581,0,0,0,0,0.0862895
565250,36,1,163524,43456,37766,120068,230519,0,0,0,0,0.0838693
565251,36,1,191567,52028,44996,139539,276762,0,0,0,0,0.0788237
565252,36,1,206948,56836,49755,150112,303207,0,0,0,0,0.0766649
565253,36,1,191922,52199,45515,139723,277947,0,0,0,0,0.0535165
565254,36,1,199110,54070,46710,145040,286103,0,0,0,0,0.0543371
565255,36,1,217358,59839,52378,157519,318040,0,0,0,0,0.0592401
565256,36,1,202990,55410,48365,147580,293410,0,0,0,0,0.082531
565257,36,1,178659,48082,42099,130577,255095,0,0,0,0,0.067949
565258,36,1,189239,50699,44222,138540,266387,0,0,0,0,0.0624527
565259,36,1,200667,54478,47344,146189,287576,0,0,0,0,0.0824873
565280,36,1,175996,47103,40921,128893,249387,0,0,0,0,0.0800441
565281,36,2,225656,62189,54575,163454,332998,1,0,0,0,0.124681
565282,36,1,200723,54942,47752,145781,292633,0,0,0,0,0.0541589
565283,36,1,187753,50706,44228,137047,268836,0,0,0,0,0.0522278
565284,36,2,233244,64646,57172,168585,345972,1,0,0,0,0.131456
565285,36,1,211687,57870,50338,153817,306707,0,0,0,0,0.0614737
565286,36,1,199584,54015,47259,145569,284819,0,0,0,0,0.0553283
565287,36,1,178129,48129,41817,130000,255879,0,0,0,0,0.0581966
565288,36,1,190468,51430,45257,139038,270712,0,0,0,0,0.0560747
565289,36,1,207244,55492,48112,151752,289815,0,0,0,0,0.056896
565300,36,1,168487,45324,39411,123163,240169,0,0,0,0,0.0621953
565301,36,1,187120,50961,44500,136159,270736,0,0,0,0,0.0588905
565302,36,1,188766,51077,44186,137689,270697,0,0,0,0,0.0562943
565303,36,1,180113,48224,41949,131889,254242,0,0,0,0,0.0543541
565304,36,1,194107,53051,46172,141056,280871,0,0,0,0,0.0594237
565305,36,1,196990,53389,46344,143601,281897,0,0,0,0,0.0713315
565306,36,1,187354,50358,44031,136996,264598,0,0,0,0,0.0767057
565307,36,1,164351,44072,38383,120279,234217,0,0,0,0,0.0720914
565308,36,1,184282,49777,43570,134505,262959,0,0,0,0,0.0527467
565309,36,1,192054,51575,45101,140479,270206,0,0,0,0,0.0534149
565630,6,1,179831,48168,42767,131663,254358,0,0,0,0,0.115701
565631,18,1,186580,50783,44770,135797,269774,0,0,0,0,0.0760109
565634,18,1,202958,56316,50298,146642,300395,0,0,0,0,0.0795193
565639,18,1,202046,55770,49490,146276,297343,0,0,0,0,0.0931185
565640,18,1,164769,44466,39261,120303,236200,0,0,0,0,0.100322
565641,18,1,154090,41384,36140,112706,220424,0,0,0,0,0.0560076
565644,18,1,173337,46697,40964,126640,247857,0,0,0,0,0.0553623
565649,18,1,179788,48230,42437,131558,253808,0,0,0,0,0.056267
565662,36,1,197091,53815,47664,143276,284516,0,0,0,0,0.0612351
565665,36,1,201304,55816,49784,145488,297207,0,0,0,0,0.0618137
565668,36,1,201067,55448,49083,145619,294834,0,0,0,0,0.0649337
565690,6,1,186408,48578,42940,137830,252859,0,0,0,0,0.0741232
565691,18,1,192736,51910,45738,140826,272707,0,0,0,0,0.0584291
565694,18,1,204983,55243,49038,149740,288884,0,0,0,0,0.0577293
565699,18,1,186775,49219,43254,137556,255744,0,0,0,0,0.0543715
565700,18,1,161735,42513,37141,119222,222336,0,0,0,0,0.0522225
565701,18,1,168953,44432,39163,124521,232711,0,0,0,0,0.0512592
565704,18,2,187412,50345,44402,137055,266389,1,0,0,0,0.116214
565709,18,2,243276,66726,58704,176538,354286,1,0,0,0,0.135364
565722,36,1,206572,56340,49286,150232,296935,0,0,0,0,0.0706282
565725,36,2,189725,51387,45444,138325,272595,1,0,0,0,0.117354
565728,36,1,198719,53211,46602,145508,278523,0,0,0,0,0.0816082
565740,6,1,173976,45218,39555,128758,236588,0,0,0,0,0.0833721
565741,18,1,182262,49187,43281,133075,260399,0,0,0,0,0.0597291
565744,18,1,195115,52831,46849,142284,278235,0,0,0,0,0.0600265
565749,18,1,174893,46353,40452,128540,243284,0,0,0,0,0.0590732
565750,18,1,152284,40162,34936,112122,211718,0,0,0,0,0.0553012
565751,18,1,162484,43237,38026,119247,228702,0,0,0,0,0.0642405
565754,18,2,197393,53517,47099,143864,284195,1,0,0,0,0.136377
565759,18,2,246708,67996,60038,178700,362497,1,0,0,0,0.135605
565772,36,1,198464,54088,47364,144376,286756,0,0,0,0,0.0608263
565775,36,2,197869,54441,48074,143415,290847,1,0,0,0,0.152508
565778,36,1,189691,51286,44755,138405,270556,0,0,0,0,0.0575427
565780,6,1,163722,42484,37129,121238,223403,0,0,0,0,0.0817675
565781,18,1,197767,53542,46720,144225,282668,0,0,0,0,0.063087
565784,18,1,207999,56409,49416,151590,296589,0,0,0,0,0.0865009
565789,18,1,159730,41898,36546,117832,220391,0,0,0,0,0.0578975
565790,18,1,140094,36671,31888,103423,194015,0,0,0,0,0.0686253
565791,18,1,171557,46019,40277,125538,244119,0,0,0,0,0.0640786
565794,18,1,178989,47954,42153,131035,253146,0,0,0,0,0.0531869
565799,18,1,154650,40119,35137,114531,209594,0,0,0,0,0.0530741
565812,36,1,186227,51448,44996,134779,275170,0,0,0,0,0.0556828
565815,36,1,192639,53124,46417,139515,282783,0,0,0,0,0.0564557
565818,36,1,175571,47444,41275,128127,251620,0,0,0,0,0.0579247
565820,18,1,146917,38399,33293,108518,200767,0,0,0,0,0.0537916
565821,18,2,256173,67998,59963,188164,357764,1,0,0,0,0.142395
565824,18,2,262320,69804,61619,192505,367008,1,0,0,0,0.143398
565829,18,1,171704,44914,39569,126790,234314,0,0,0,0,0.0975478
565842,36,1,178323,48900,42875,129423,261359,0,0,0,0,0.0587288
565845,36,1,183629,50636,44448,132993,270737,0,0,0,0,0.059655
565848,36,1,178180,48546,42504,129634,257218,0,0,0,0,0.0616285
565870,18,2,193260,50756,44680,142494,266011,1,0,0,0,0.150723
565871,18,2,195448,51938,45744,143500,272714,1,0,0,0,0.161927
565872,18,2,175113,45938,39774,129163,242123,1,0,0,0,0.134572
565873,18,1,181765,47849,42062,133916,248805,0,0,0,0,0.0635191
565874,18,2,198470,52926,46793,145534,277757,1,0,0,0,0.124778
565875,18,2,185173,49684,43392,135477,263573,1,0,0,0,0.128213
565876,18,1,180920,47617,41888,133303,247533,0,0,0,0,0.0560797
565877,18,2,185059,49837,43650,135212,264507,1,0,0,0,0.133182
565878,18,1,171973,45084,39433,126889,234486,0,0,0,0,0.0553976
565879,18,1,186927,49476,44066,137451,257607,0,0,0,0,0.0746046
565920,18,1,181197,48837,43409,132360,258040,0,0,0,0,0.0758787
565921,18,1,162182,43270,37838,118912,228700,0,0,0,0,0.0541143
565924,18,1,180315,48427,42649,131888,254918,0,0,0,0,0.0569976
565929,18,1,184229,49348,43416,134881,257734,0,0,0,0,0.0567428
565942,36,1,183759,49642,43680,134117,262809,0,0,0,0,0.0590005
565945,36,1,197449,53897,48011,143552,287178,0,0,0,0,0.0596793
565948,36,1,196095,53739,47675,142356,286816,0,0,0,0,0.0579215
565980,18,1,180915,47668,42042,133247,248011,0,0,0,0,0.0546874
565981,18,2,226720,61412,54065,165295,326417,1,0,0,0,0.129897
565984,18,2,191897,51340,45210,140545,271371,1,0,0,0,0.127046
565989,18,1,173244,45588,39913,127656,238362,0,0,0,0,0.0521164
566002,36,1,195610,52964,46396,142646,279831,0,0,0,0,0.0542943
566005,36,2,283761,78581,69433,205167,420128,1,0,0,0,0.137479
566008,36,1,199389,53603,47488,145786,282958,0,0,0,0,0.0577957
566030,18,1,170978,45262,39635,125716,237732,0,0,0,0,0.0553336
566031,18,1,169731,45187,39638,124544,238770,0,0,0,0,0.050651
566034,18,2,197799,53454,47145,144333,283348,1,0,0,0,0.124293
566039,18,1,172335,45545,39945,126790,238553,0,0,0,0,0.0514483
566052,36,1,188273,50951,44575,137322,270524,0,0,0,0,0.0518765
566055,36,2,199231,54728,48293,144490,292450,1,0,0,0,0.120267
566058,36,1,197778,53988,47811,143790,286955,0,0,0,0,0.0763498
566070,18,1,160664,42767,37345,117897,226471,0,0,0,0,0.0638017
566071,18,1,182679,49053,43031,133626,259389,0,0,0,0,0.0588852
566074,18,1,187522,50191,44249,137331,264035,0,0,0,0,0.0587896
566079,18,1,163380,42215,36760,121165,219486,0,0,0,0,0.0537492
566092,36,1,189237,51728,45427,137509,276027,0,0,0,0,0.0582658
566095,36,1,200287,54921,48352,145366,291479,0,0,0,0,0.0614342
566098,36,1,186099,50766,44194,135333,270517,0,0,0,0,0.0649328
566100,18,1,155285,41539,36355,113746,220483,0,0,0,0,0.0617736
566101,18,1,162390,43011,37491,119379,226623,0,0,0,0,0.0567389
566104,18,1,172294,45512,40050,126782,237849,0,0,0,0,0.0542456
566109,18,1,178010,46743,41206,131267,244959,0,0,0,0,0.0761256
566122,36,1,186880,51118,44886,135762,273739,0,0,0,0,0.0585663
566125,36,1,195020,53476,47069,141544,285451,0,0,0,0,0.0610163
566128,36,1,187221,50763,44583,136458,268382,0,0,0,0,0.0578727
566150,18,2,184495,49061,43166,135422,259376,1,0,0,0,0.133313
566151,18,2,188887,50916,44482,137959,270144,1,0,0,0,0.127064
566152,18,2,175134,45914,39694,129208,242097,1,0,0,0,0.128941
566153,18,1,170769,44787,39500,125982,234575,0,0,0,0,0.0514076
566154,18,2,192746,52298,46070,140436,277273,1,0,0,0,0.130082
566155,18,2,186346,49801,43499,136533,263853,1,0,0,0,0.153058
566156,18,1,177760,46784,41103,130976,243761,0,0,0,0,0.0610728
566157,18,2,185377,49789,43681,135575,264045,1,0,0,0,0.194183
566158,18,1,172538,44945,39560,127593,232070,0,0,0,0,0.0610609
566159,18,1,186751,49824,44366,136927,261581,0,0,0,0,0.0846595
566430,18,2,199983,53627,47149,146343,284001,1,0,0,0,0.180748
566431,18,2,201337,54562,48070,146762,289825,1,0,0,0,0.14189
566432,18,2,183867,48849,42498,135006,258453,1,0,0,0,0.166901
566433,18,2,264868,72032,63303,192823,382915,1,0,0,0,0.172722
566434,18,2,207064,56262,49773,150789,298362,1,0,0,0,0.139158
566435,18,2,194702,52385,45940,142305,277774,1,0,0,0,0.186625
566436,18,2,275371,75676,66830,199682,402853,1,0,0,0,0.163704
566437,18,2,194771,52661,46318,142098,279070,1,0,0,0,0.144943
566438,18,2,269555,74310,65434,195232,395982,1,0,0,0,0.158441
566439,18,1,189089,50543,45171,138546,264564,0,0,0,0,0.0790429
566680,36,2,192912,51616,45187,141283,273360,1,0,0,0,0.155353
566681,36,2,198629,54101,47090,144515,287995,1,0,0,0,0.133969
566682,36,2,172520,45831,39657,126676,242783,1,0,0,0,0.166266
566683,36,1,200576,54922,48223,145654,292204,0,0,0,0,0.0732896
566684,36,2,204132,55873,49109,148246,297337,1,0,0,0,0.148198
566685,36,2,185922,50281,44001,135628,267538,1,0,0,0,0.128396
566686,36,1,210488,57594,50890,152894,304976,0,0,0,0,0.0653077
566687,36,2,183985,49846,43589,134126,265132,1,0,0,0,0.142141
566688,36,1,196720,52976,46222,143744,276813,0,0,0,0,0.0727422
566689,36,1,212246,57882,51480,154364,306086,0,0,0,0,0.0767107
566700,36,2,183024,48531,42329,134481,256115,1,0,0,0,0.140735
566701,36,2,189861,51070,44247,138779,270470,1,0,0,0,0.133423
566702,36,2,173369,45613,39270,127744,240526,1,0,0,0,0.158224
566703,36,1,187875,50986,44604,136889,269337,0,0,0,0,0.0543244
566704,36,2,198154,53800,47377,144342,285305,1,0,0,0,0.124071
566705,36,2,185397,49739,43549,135646,263681,1,0,0,0,0.136258
566706,36,1,200197,54513,47895,145684,287201,0,0,0,0,0.0665214
566707,36,2,184554,49347,43040,135195,261335,1,0,0,0,0.133838
566708,36,1,187744,50709,44551,137035,265498,0,0,0,0,0.0570303
566709,36,1,203299,55502,49349,147797,292917,0,0,0,0,0.0931171
567040,18,1,190617,51018,45266,139599,267089,0,0,0,0,0.0747383
567041,18,1,169744,45118,39556,124626,236511,0,0,0,0,0.0547842
567044,18,1,187313,50080,44119,137233,261263,0,0,0,0,0.0578229
567049,18,1,184016,49297,43392,134719,257457,0,0,0,0,0.0767986
567062,36,1,174201,46349,40626,127852,243121,0,0,0,0,0.0574689
567065,36,1,195481,53011,46842,142470,281222,0,0,0,0,0.0585166
567068,36,1,193402,52686,46431,140716,279868,0,0,0,0,0.0592473
567100,18,2,200084,53645,47191,146426,283824,1,0,0,0,0.124749
567101,18,2,228072,61860,54583,166199,328804,1,0,0,0,0.12919
567104,18,2,196715,52773,46491,143930,278670,1,0,0,0,0.130451
567109,18,1,165841,43869,38169,121972,230828,0,0,0,0,0.0589979
567122,36,1,179902,48069,41926,131833,253133,0,0,0,0,0.0718784
567125,36,2,285824,79288,69966,206523,423968,1,0,0,0,0.142701
567128,36,2,188172,50870,44309,137290,270425,1,0,0,0,0.162537
567150,18,2,196081,52848,46131,143220,280577,1,0,0,0,0.127517
567151,18,1,168698,44941,39494,123757,237045,0,0,0,0,0.0598077
567154,18,2,199353,53763,47516,145578,284237,1,0,0,0,0.131312
567159,18,1,172737,45637,39922,127100,238820,0,0,0,0,0.0544127
567172,36,1,179927,48103,41909,131824,253299,0,0,0,0,0.0597169
567175,36,2,198817,54244,47851,144560,289049,1,0,0,0,0.13033
567178,36,2,196183,53808,47046,142363,287354,1,0,0,0,0.132417
567190,18,2,195862,52241,45850,143608,276434,1,0,0,0,0.169293
567191,18,2,222998,61190,53791,161795,326612,1,0,0,0,0.133621
567194,18,2,231581,63592,56088,167976,338864,1,0,0,0,0.132927
567199,18,1,172385,44145,38342,128240,226980,0,0,0,0,0.0582641
567212,36,1,190742,51873,45430,138869,275618,0,0,0,0,0.0582186
567215,36,1,200919,54760,48136,146159,289280,0,0,0,0,0.0532878
567218,36,2,191157,51926,45203,139219,276371,1,0,0,0,0.133082
567220,18,1,154055,40620,35452,113435,214596,0,0,0,0,0.0548475
567221,18,1,166489,43904,38005,122585,231194,0,0,0,0,0.0570939
567224,18,1,175568,46202,40552,129366,241446,0,0,0,0,0.0556958
567229,18,1,180873,47654,42039,133219,250021,0,0,0,0,0.0727776
567242,36,1,193797,53018,46489,140779,283511,0,0,0,0,0.0627966
567245,36,1,200606,54964,48464,145642,292908,0,0,0,0,0.0596798
567248,36,1,188891,51080,44708,137811,269584,0,0,0,0,0.0578061
567270,18,1,141123,36514,31665,104609,191986,0,0,0,0,0.0510883
567271,18,1,155293,40905,35780,114388,215151,0,0,0,0,0.0512047
567272,18,2,242903,64824,56587,178066,344282,1,0,0,0,0.146514
567273,18,1,162618,42912,37726,119706,226361,0,0,0,0,0.0546793
567274,18,1,167359,44216,38619,123143,230922,0,0,0,0,0.0490088
567275,18,2,253640,68475,60119,185152,363971,1,0,0,0,0.173895
567276,18,1,171194,45399,39890,125795,238530,0,0,0,0,0.068751
567277,18,1,156216,40218,35177,115998,207916,0,0,0,0,0.0483699
567278,18,1,172761,45010,39592,127751,232432,0,0,0,0,0.056314
567279,18,1,181086,48779,43267,132307,258460,0,0,0,0,0.0783366
567550,18,1,143979,37926,33140,106053,200145,0,0,0,0,0.0566291
567551,18,1,157865,41854,36882,116011,220319,0,0,0,0,0.0558388
567552,18,1,181902,49270,43459,132632,261332,0,0,0,0,0.0637245
567553,18,2,258437,70319,61781,188105,374566,1,0,0,0,0.171912
567554,18,1,168076,44298,39182,123778,231214,0,0,0,0,0.0498736
567555,18,2,273207,74989,66146,198205,400435,1,0,0,0,0.149829
567556,18,2,272022,74641,65860,197368,397820,1,0,0,0,0.14812
567557,18,1,181413,48214,42321,133199,251173,0,0,0,0,0.0584877
567558,18,2,268168,73768,64937,194387,392935,1,0,0,0,0.172924
567559,18,1,178947,48067,42992,130880,253672,0,0,0,0,0.0744047
567820,36,1,151206,40024,34806,111182,211735,0,0,0,0,0.0496997
567821,36,1,170586,46247,40227,124339,245268,0,0,0,0,0.0501825
567822,36,1,192047,53422,47098,138625,286518,0,0,0,0,0.0545902
567823,36,1,181113,49476,43473,131637,263248,0,0,0,0,0.0524433
567824,36,1,182273,49447,43332,132826,260707,0,0,0,0,0.0502271
567825,36,1,198609,55033,48622,143576,293678,0,0,0,0,0.0584655
567826,36,1,193357,52952,46692,140405,280890,0,0,0,0,0.0539825
567827,36,1,185305,50402,44193,134903,265905,0,0,0,0,0.0529509
567828,36,1,187478,50693,44558,136785,265576,0,0,0,0,0.0529842
567829,36,1,196452,54047,47927,142405,287408,0,0,0,0,0.0724703
568390,18,1,138947,36469,31618,102478,192889,0,0,0,0,0.0552155
568391,18,1,150920,39597,34590,111323,208384,0,0,0,0,0.0518413
568392,18,1,177475,48412,42346,129063,258748,0,0,0,0,0.0592634
568393,18,1,177752,48538,42453,129214,259493,0,0,0,0,0.0636095
568394,18,1,160573,42042,37049,118531,220047,0,0,0,0,0.0697989
568395,18,1,183777,50206,44184,133571,267602,0,0,0,0,0.0766899
568396,18,1,183810,50226,44197,133584,267709,0,0,0,0,0.0800705
568397,18,1,174921,47002,41220,127919,247542,0,0,0,0,0.0632781
568398,18,1,174938,47005,41221,127933,247535,0,0,0,0,0.0600594
568399,18,1,170831,45318,40046,125513,238987,0,0,0,0,0.0842437
569800,3,1,151469,40523,34289,110946,213900,0,0,0,0,0.14841
569801,9,1,145709,39646,33504,106063,210241,0,0,0,0,0.0901541
569804,9,1,174844,48268,42421,126576,255809,0,0,0,0,0.0870375
569809,9,1,168371,47139,40707,121232,251466,0,0,0,0,0.0872403
569810,3,1,162506,44914,38657,117592,238723,0,0,0,0,0.0940474
569811,9,1,158964,43928,36740,115036,234053,0,0,0,0,0.0650049
569814,9,1,187970,52165,44838,135805,276902,0,0,0,0,0.0657643
569819,9,1,169001,46808,40061,122193,249476,0,0,0,0,0.0647727
569820,3,1,162461,44901,38650,117560,238650,0,0,0,0,0.0979194
569821,9,1,158741,43874,36732,114867,233793,0,0,0,0,0.065199
569824,9,1,188057,52169,44836,135888,276878,0,0,0,0,0.0658518
569829,9,1,169051,46846,40084,122205,249754,0,0,0,0,0.0657474
569830,3,1,162356,44866,38625,117490,238443,0,0,0,0,0.1016
569831,9,1,185512,53283,45557,132229,286464,0,0,0,0,0.0939999
569834,9,1,211007,59635,51822,151372,317548,0,0,0,0,0.0900668
569839,9,1,155354,42813,36117,112541,228465,0,0,0,0,0.0729326
569840,9,1,143693,39482,33390,104211,210373,0,0,0,0,0.0846639
569841,9,1,167511,46731,40641,120780,249964,0,0,0,0,0.064692
569842,18,1,168621,47020,40266,121601,250822,0,0,0,0,0.0662031
569844,9,1,190468,52911,45960,137557,281522,0,0,0,0,0.0826049
569845,18,1,186496,52609,45070,133887,281359,0,0,0,0,0.0976964
569848,18,1,185699,51287,44070,134412,271879,0,0,0,0,0.0998521
569849,9,1,162786,45366,39028,117420,241894,0,0,0,0,0.0975255
569870,3,1,188658,52885,46208,135773,281237,0,0,0,0,0.106937
569871,9,1,177607,49419,42238,128188,262468,0,0,0,0,0.0769914
569874,9,1,202436,56181,48561,146255,296627,0,0,0,0,0.0805823
569879,9,1,180310,49383,42412,130927,260660,0,0,0,0,0.0559273
569880,3,1,188553,52833,46168,135720,280889,0,0,0,0,0.0902986
569881,9,1,177506,49364,42221,128142,262079,0,0,0,0,0.0774359
569884,9,1,202446,56141,48538,146305,296316,0,0,0,0,0.0734162
569889,9,1,179720,49136,42212,130584,259194,0,0,0,0,0.0579693
569890,3,1,188539,52827,46179,135712,280861,0,0,0,0,0.0987511
569891,9,1,214252,61666,53553,152586,329561,0,0,0,0,0.0698876
569894,9,1,227037,64431,56307,162606,341827,0,0,0,0,0.0738945
569899,9,1,169784,46206,39225,123578,244158,0,0,0,0,0.0603867
569900,9,1,171160,48131,41637,123029,256994,0,0,0,0,0.0616243
569901,9,1,189482,53016,46157,136466,281955,0,0,0,0,0.0632839
569902,18,1,192719,54269,46966,138450,289683,0,0,0,0,0.0644515
569904,9,1,204821,56808,48751,148013,300046,0,0,0,0,0.0666419
569905,18,1,202787,57218,49614,145569,305077,0,0,0,0,0.0651171
569908,18,1,201082,55907,47862,145175,295459,0,0,0,0,0.0743233
569909,9,1,186913,53089,46335,133824,283029,0,0,0,0,0.091699
569930,3,1,168264,45644,39549,122620,240477,0,0,0,0,0.0963368
569931,9,1,143944,38796,33500,105148,204834,0,0,0,0,0.0611688
569934,9,1,187195,51821,44485,135374,272883,0,0,0,0,0.072147
569939,9,1,201339,55918,48786,145421,295351,0,0,0,0,0.0704851
569940,3,1,168250,45631,39535,122619,240387,0,0,0,0,0.090159
569941,9,1,164132,45035,39713,119097,238541,0,0,0,0,0.0626822
569944,9,1,182469,50820,44134,131649,269196,0,0,0,0,0.0697953
569949,9,1,177073,47994,41612,129079,252054,0,0,0,0,0.0591109
569950,9,1,168952,46519,39587,122433,246194,0,0,0,0,0.0652326
569951,9,1,190862,51730,44527,139132,271505,0,0,0,0,0.0669321
569954,9,1,189511,51980,44763,137531,274938,0,0,0,0,0.0688191
569955,18,1,206322,57383,49576,148939,304971,0,0,0,0,0.0612963
569958,18,1,197127,54397,46812,142730,286948,0,0,0,0,0.0603888
569959,9,1,199375,55125,46798,144250,290580,0,0,0,0,0.0662318
569962,18,1,173235,47491,40917,125744,251981,0,0,0,0,0.0642697
569980,3,1,168254,45636,39539,122618,240421,0,0,0,0,0.089906
569981,9,1,187384,51907,46366,135477,274319,0,0,0,0,0.0659109
569984,9,1,184783,52486,45833,132297,279626,0,0,0,0,0.0654556
569989,9,1,163592,44723,38431,118869,235983,0,0,0,0,0.0587468
569990,9,1,168962,46521,39575,122441,246212,0,0,0,0,0.064917
569991,9,1,209804,57265,49853,152539,300214,0,0,0,0,0.0923006
569994,9,1,196117,54966,47584,141151,292024,0,0,0,0,0.0716791
569999,9,1,178789,49108,41882,129681,259162,0,0,0,0,0.0622126
570002,18,1,188383,51859,45058,136524,274688,0,0,0,0,0.0653897
570005,18,1,210160,59244,51328,150916,316235,0,0,0,0,0.0705164
570008,18,1,188663,52254,44657,136409,276281,0,0,0,0,0.0874969
570020,9,1,192388,52704,45797,139684,277258,0,0,0,0,0.0644504
570021,9,1,192951,52852,45936,140099,278036,0,0,0,0,0.0828364
570024,9,1,201122,56439,48607,144683,298968,0,0,0,0,0.0807673
570029,9,1,168969,46147,39175,122822,243673,0,0,0,0,0.0613484
570042,18,1,193568,54683,47427,138885,291377,0,0,0,0,0.0703849
570045,18,1,208077,58743,50839,149334,312032,0,0,0,0,0.0607607
570048,18,1,189716,53201,45633,136515,282941,0,0,0,0,0.0782291
570070,9,1,156743,41676,35899,115067,217391,0,0,0,0,0.0610077
570071,9,1,157042,41694,35889,115348,217351,0,0,0,0,0.0631102
570072,9,1,149922,39772,34223,110150,208599,0,0,0,0,0.0629311
570073,9,1,178998,50069,43560,128929,266113,0,0,0,0,0.089291
570074,9,1,204481,57107,49801,147374,302654,0,0,0,0,0.0643305
570075,9,1,184414,51022,44353,133392,269805,0,0,0,0,0.072355
570076,9,1,209115,59335,51829,149780,315622,0,0,0,0,0.0852471
570077,9,1,168612,46727,40155,121885,247785,0,0,0,0,0.0753437
570078,9,1,181699,50782,43821,130917,269459,0,0,0,0,0.0661658
570079,9,1,165263,45522,38817,119741,240482,0,0,0,0,0.0704796
570080,3,1,157102,41105,35268,115997,214679,0,0,0,0,0.151557
570081,9,1,153277,40719,34757,112558,213369,0,0,0,0,0.0864754
570084,9,1,190457,52405,46441,138052,276644,0,0,0,0,0.087987
570089,9,1,182471,50595,43907,131876,268503,0,0,0,0,0.0864311
570090,3,1,174009,47307,40984,126702,249413,0,0,0,0,0.0973759
570091,9,1,172682,47131,39855,125551,248918,0,0,0,0,0.0702201
570094,9,1,200904,55358,47779,145546,292109,0,0,0,0,0.079526
570099,9,1,183343,50411,43396,132932,267029,0,0,0,0,0.0954408
570100,3,1,174038,47314,40987,126724,249451,0,0,0,0,0.0967596
570101,9,1,172751,47157,39891,125594,249077,0,0,0,0,0.0919517
570104,9,1,200900,55295,47702,145605,291659,0,0,0,0,0.0728373
570109,9,1,183231,50387,43377,132844,266909,0,0,0,0,0.0708696
570110,3,1,174175,47348,40999,126827,249624,0,0,0,0,0.117118
570111,9,1,201587,57129,49293,144458,304490,0,0,0,0,0.071139
570114,9,1,228919,64136,56038,164783,339438,0,0,0,0,0.074571
570119,9,1,166964,45420,38736,121544,240293,0,0,0,0,0.0683087
570120,9,1,159625,43270,36713,116355,228455,0,0,0,0,0.0703416
570121,9,1,180729,49948,43408,130781,265119,0,0,0,0,0.0675921
570122,18,1,182077,50485,43219,131592,268141,0,0,0,0,0.0663815
570124,9,1,201786,55524,48239,146262,293426,0,0,0,0,0.0722625
570125,18,1,198947,55856,47982,143091,297381,0,0,0,0,0.0904472
570128,18,1,198492,54421,46994,144071,286856,0,0,0,0,0.0870904
570129,9,1,176570,48505,42011,128065,256430,0,0,0,0,0.0850408
570150,3,1,195461,53264,46526,142197,279312,0,0,0,0,0.0883252
570151,9,1,183928,49992,43020,133936,262079,0,0,0,0,0.0925767
570154,9,1,212056,57556,50057,154500,299877,0,0,0,0,0.0681033
570159,9,1,188093,50731,43808,137362,264308,0,0,0,0,0.0594441
570160,3,1,195166,53137,46464,142029,278537,0,0,0,0,0.103162
570161,9,1,183582,49871,42958,133711,261367,0,0,0,0,0.0696619
570164,9,1,212256,57593,50118,154663,299984,0,0,0,0,0.0873643
570169,9,1,188079,50725,43824,137354,264249,0,0,0,0,0.0885586
570170,3,1,195055,53100,46455,141955,278333,0,0,0,0,0.123775
570171,9,1,226741,64137,55807,162604,339227,0,0,0,0,0.0773949
570174,9,1,241498,67620,59331,173878,355463,0,0,0,0,0.0824732
570179,9,1,175228,46946,39918,128282,245351,0,0,0,0,0.0801942
570180,9,1,179196,49142,42666,130054,258684,0,0,0,0,0.0784519
570181,9,1,194442,53538,46871,140904,281490,0,0,0,0,0.0845726
570182,18,1,202564,56293,49021,146271,297307,0,0,0,0,0.0682671
570184,9,1,210476,57529,49998,152947,300816,0,0,0,0,0.0775171
570185,18,1,213288,59270,51737,154018,312439,0,0,0,0,0.0697331
570188,18,1,210683,58033,49992,152650,303848,0,0,0,0,0.0773053
570189,9,1,197418,54581,47788,142837,286781,0,0,0,0,0.098565
570210,3,1,174930,46369,40167,128561,241246,0,0,0,0,0.0968285
570211,9,1,151877,40321,34231,111556,210673,0,0,0,0,0.0641472
570214,9,1,196339,53592,45866,142747,278458,0,0,0,0,0.0697434
570219,9,1,216658,59812,51331,156846,312535,0,0,0,0,0.0710848
570220,3,1,174931,46332,40121,128599,240961,0,0,0,0,0.0911534
570221,9,1,172330,46687,40997,125643,244944,0,0,0,0,0.0694573
570224,9,1,194085,53422,46180,140663,280103,0,0,0,0,0.0904536
570229,9,1,187441,50076,43374,137365,260223,0,0,0,0,0.0580776
570230,9,1,174861,47380,40840,127481,248160,0,0,0,0,0.0607829
570231,9,1,202720,54626,46889,148094,283668,0,0,0,0,0.0651163
570234,9,1,202232,55443,47930,146789,291456,0,0,0,0,0.0621453
570235,18,1,217280,59850,51820,157430,315172,0,0,0,0,0.0604669
570238,18,1,212063,58293,50232,153770,305231,0,0,0,0,0.0592433
570239,9,1,208884,56504,48362,152380,294275,0,0,0,0,0.0653317
570242,18,1,187047,50552,43468,136495,265369,0,0,0,0,0.0594117
570260,3,1,174846,46325,40075,128521,240910,0,0,0,0,0.0830791
570261,9,1,198916,54488,48259,144428,285413,0,0,0,0,0.0651346
570264,9,1,194005,53918,46813,140087,283695,0,0,0,0,0.0611959
570269,9,1,171468,46242,39758,125226,241438,0,0,0,0,0.0606139
570270,9,1,174940,47409,40871,127531,248319,0,0,0,0,0.0864132
570271,9,1,216074,58627,50559,157447,304754,0,0,0,0,0.0663528
570274,9,1,206708,57354,49532,149354,301906,0,0,0,0,0.0678911
570279,9,1,187857,50503,43140,137354,263137,0,0,0,0,0.0613178
570282,18,1,200939,54512,47224,146427,285670,0,0,0,0,0.0652583
570285,18,1,220582,61200,53163,159382,322998,0,0,0,0,0.0675013
570288,18,1,200220,55003,47323,145217,288310,0,0,0,0,0.0705688
570300,9,1,199216,53582,46455,145634,278215,0,0,0,0,0.077554
570301,9,1,199366,53602,46454,145764,278260,0,0,0,0,0.0720334
570304,9,1,210320,58214,50248,152106,304881,0,0,0,0,0.0814796
570309,9,1,177656,47513,40500,130143,247580,0,0,0,0,0.068466
570322,18,1,200036,54986,47289,145050,288763,0,0,0,0,0.0823515
570325,18,1,216902,60157,52072,156745,315823,0,0,0,0,0.076704
570328,18,1,199110,54889,47200,144221,288545,0,0,0,0,0.070988
570350,9,1,161187,42189,36233,118998,217321,0,0,0,0,0.060529
570351,9,1,161357,42219,36249,119138,217429,0,0,0,0,0.0611314
570352,9,1,156284,40861,34775,115423,212096,0,0,0,0,0.0843244
570353,9,1,181131,49180,43008,131951,257440,0,0,0,0,0.0933272
570354,9,1,210474,57476,50030,152998,300022,0,0,0,0,0.067352
570355,9,1,190819,52141,45414,138678,272824,0,0,0,0,0.0633525
570356,9,1,218508,60924,53066,157584,320336,0,0,0,0,0.0949009
570357,9,1,175558,47894,41157,127664,251078,0,0,0,0,0.0581541
570358,9,1,191371,52612,45340,138759,275939,0,0,0,0,0.0649496
570359,9,1,171923,46219,39432,125704,240715,0,0,0,0,0.0639252
570360,3,1,174726,45437,39677,129289,237414,0,0,0,0,0.134875
570361,9,1,166022,43734,37618,122288,229398,0,0,0,0,0.0856901
570364,9,1,194476,52897,46793,141579,279865,0,0,0,0,0.0860228
570369,9,1,186662,51472,44781,135190,273668,0,0,0,0,0.107566
570370,3,1,174607,47178,41069,127429,249749,0,0,0,0,0.112963
570371,9,1,162123,43224,36722,118899,228096,0,0,0,0,0.0854158
570374,9,1,189281,51135,44474,138146,268843,0,0,0,0,0.0687145
570379,9,1,169476,45934,39404,123542,243305,0,0,0,0,0.0631587
570380,3,1,174589,47176,41047,127413,249742,0,0,0,0,0.102051
570381,9,1,162147,43231,36723,118916,228141,0,0,0,0,0.0693334
570384,9,1,189272,51137,44467,138135,268904,0,0,0,0,0.0622835
570389,9,1,169573,45948,39413,123625,243364,0,0,0,0,0.0660938
570390,3,1,174671,47196,41069,127475,249862,0,0,0,0,0.100557
570391,9,1,191261,53874,46964,137387,287912,0,0,0,0,0.0691719
570394,9,1,218823,61695,53979,157128,327802,0,0,0,0,0.0765925
570399,9,1,157632,42294,35989,115338,224191,0,0,0,0,0.0644428
570400,9,1,149703,41087,34815,108616,219463,0,0,0,0,0.0786729
570401,9,1,164953,44653,38789,120300,236911,0,0,0,0,0.0895705
570402,18,1,173724,48333,41614,125391,258493,0,0,0,0,0.0682867
570404,9,1,186786,50775,44302,136011,267783,0,0,0,0,0.0855407
570405,18,1,184961,50926,43991,134035,270845,0,0,0,0,0.0784816
570408,18,1,186704,50470,43709,136234,265751,0,0,0,0,0.0879971
570409,9,1,175225,47423,41137,127802,251014,0,0,0,0,0.10674
570430,3,1,211947,60475,53759,151472,321599,0,0,0,0,0.120521
570431,9,1,202744,57349,50064,145395,304964,0,0,0,0,0.103791
570434,9,2,247332,69162,60755,178157,365186,1,0,0,0,0.15147
570439,9,2,239945,66392,58350,173540,349351,1,0,0,0,0.145868
570440,3,1,212011,60488,53764,151523,321667,0,0,0,0,0.102646
570441,9,1,202953,57419,50074,145534,305382,0,0,0,0,0.0780186
570444,9,2,247227,69134,60664,178080,365012,1,0,0,0,0.164482
570449,9,2,239605,66298,58270,173294,348817,1,0,0,0,0.202722
570450,3,1,211954,60457,53728,151497,321487,0,0,0,0,0.124051
570451,9,1,226732,63710,55757,163022,335997,0,0,0,0,0.0764429
570454,9,1,235976,65711,57742,170265,344882,0,0,0,0,0.0726681
570459,9,1,192977,53097,45790,139880,280146,0,0,0,0,0.0712836
570460,9,1,183471,51030,44055,132441,270481,0,0,0,0,0.0821105
570461,9,1,195903,54167,47708,141736,286401,0,0,0,0,0.0770575
570462,18,1,212041,59947,52204,152094,318913,0,0,0,0,0.0705142
570464,9,1,216902,59654,52452,157248,313487,0,0,0,0,0.0705088
570465,18,1,222224,62137,54135,160087,329035,0,0,0,0,0.0721857
570468,18,1,229943,63862,55213,166081,336715,0,0,0,0,0.0756649
570469,9,1,212521,60193,53415,152328,318909,0,0,0,0,0.0934233
570490,3,1,210676,56940,50068,153736,297673,0,0,0,0,0.0872685
570491,9,1,188924,50372,43434,138552,262356,0,0,0,0,0.0606894
570494,9,2,245568,67601,59762,177955,355136,1,0,0,0,0.19358
570499,9,2,234909,64078,56343,170818,335956,1,0,0,0,0.1419
570500,3,1,210677,56934,50065,153743,297625,0,0,0,0,0.0933942
570501,9,2,291599,80906,71119,210680,427548,1,0,0,0,0.198332
570504,9,1,201614,54126,46908,147488,282289,0,0,0,0,0.0631316
570509,9,1,197140,52777,46170,144363,275190,0,0,0,0,0.0624744
570510,9,1,208034,57622,49796,150412,303465,0,0,0,0,0.076563
570511,9,1,229316,62479,54329,166837,326109,0,0,0,0,0.0739153
570514,9,1,200625,55271,47790,145354,292163,0,0,0,0,0.0706013
570515,18,1,222287,60689,52196,161598,319672,0,0,0,0,0.0615412
570518,18,1,222126,60785,52313,161341,318927,0,0,0,0,0.0635454
570519,9,1,215020,59413,51482,155607,312573,0,0,0,0,0.0708096
570522,18,1,215753,59641,51486,156112,314139,0,0,0,0,0.0876142
570540,3,1,210972,57046,50152,153926,298299,0,0,0,0,0.117366
570541,9,2,306599,84672,74659,221914,445323,1,0,0,0,0.193463
570544,9,2,210344,57614,50692,152717,302732,1,0,0,0,0.140288
570549,9,1,186523,50271,43539,136252,263338,0,0,0,0,0.0679366
570550,9,1,208341,57717,49873,150624,303995,0,0,0,0,0.0728004
570551,9,1,243474,66053,57525,177421,342778,0,0,0,0,0.0847771
570554,9,1,195382,53948,46843,141434,284308,0,0,0,0,0.0785609
570559,9,1,193801,53561,46304,140240,282465,0,0,0,0,0.0699825
570562,18,1,226233,62316,54082,163917,326852,0,0,0,0,0.0832434
570565,18,1,218768,59785,51309,158983,314488,0,0,0,0,0.0904902
570568,18,1,208968,57352,49079,151616,301823,0,0,0,0,0.0688418
570580,9,2,202687,55413,48880,147261,289249,1,0,0,0,0.153107
570581,9,2,202754,55427,48865,147314,289323,1,0,0,0,0.156697
570584,9,2,212989,57962,51178,155015,301603,1,0,0,0,0.160728
570589,9,1,186010,51858,44643,134152,274592,0,0,0,0,0.0712286
570602,18,1,221820,60460,52279,161360,316074,0,0,0,0,0.0852423
570605,18,1,210699,58185,50196,152514,305133,0,0,0,0,0.0602539
570608,18,1,200067,54862,47047,145205,288449,0,0,0,0,0.0620405
570630,9,2,191032,51298,45044,139721,266597,1,0,0,0,0.132056
570631,9,2,190876,51245,44995,139618,266281,1,0,0,0,0.135344
570632,9,1,194340,51477,44210,142863,267713,0,0,0,0,0.0610782
570633,9,1,213514,57973,51004,155541,303160,0,0,0,0,0.114589
570634,9,2,199696,53790,47375,145893,279612,1,0,0,0,0.131634
570635,9,2,209472,57238,49976,152222,301655,1,0,0,0,0.134055
570636,9,1,210033,56409,48448,153624,291797,0,0,0,0,0.0636499
570637,9,1,180500,48255,41653,132245,252564,0,0,0,0,0.0557532
570638,9,1,192760,51418,44071,141342,267263,0,0,0,0,0.0626017
570639,9,1,181186,48394,41576,132792,252329,0,0,0,0,0.0611369
570640,3,1,176732,46308,40549,130424,242444,0,0,0,0,0.133616
570641,9,1,168753,44814,38668,123939,235576,0,0,0,0,0.0862959
570644,9,1,196347,53565,47420,142782,283643,0,0,0,0,0.0873075
570649,9,1,187933,52085,45428,135848,277223,0,0,0,0,0.0850349
570650,3,1,177112,47782,41928,129330,252521,0,0,0,0,0.084283
570651,9,1,167133,44409,38189,122724,233888,0,0,0,0,0.0606007
570654,9,1,192359,51763,45429,140596,270712,0,0,0,0,0.0617141
570659,9,1,170640,45566,39331,125074,239292,0,0,0,0,0.0563641
570660,3,1,177094,47764,41918,129330,252375,0,0,0,0,0.0826017
570661,9,1,167058,44379,38164,122679,233677,0,0,0,0,0.0587578
570664,9,1,192764,51791,45494,140973,270692,0,0,0,0,0.0571102
570669,9,1,170637,45568,39318,125069,239288,0,0,0,0,0.0634743
570670,3,1,177156,47780,41926,129376,252468,0,0,0,0,0.0814239
570671,9,1,199253,56048,48884,143205,298626,0,0,0,0,0.066301
570674,9,1,223036,62839,55376,160197,332887,0,0,0,0,0.0701251
570679,9,1,157477,42012,36015,115465,221618,0,0,0,0,0.0567354
570680,9,1,150258,40889,35348,109369,217305,0,0,0,0,0.0556263
570681,9,1,166975,45055,39324,121920,238285,0,0,0,0,0.0558709
570682,18,1,181395,50114,43414,131281,267235,0,0,0,0,0.0617635
570684,9,1,191882,51928,45297,139954,272826,0,0,0,0,0.0602709
570685,18,1,191997,52726,45854,139271,279830,0,0,0,0,0.0636881
570688,18,1,194636,52462,44956,142174,275135,0,0,0,0,0.0626428
570689,9,1,181787,49127,42657,132660,258960,0,0,0,0,0.0818166
570710,3,1,192231,52830,46605,139401,279090,0,0,0,0,0.0888781
570711,9,1,189937,52986,46090,136951,281219,0,0,0,0,0.0657725
570714,9,2,229959,64114,56610,165832,339779,1,0,0,0,0.139293
570719,9,2,220145,60675,53584,159457,321288,1,0,0,0,0.171489
570720,3,1,192258,52833,46593,139425,279106,0,0,0,0,0.0903829
570721,9,1,189931,52987,46086,136944,281235,0,0,0,0,0.0666633
570724,9,2,229888,64101,56573,165774,339737,1,0,0,0,0.136649
570729,9,2,219915,60631,53537,159271,321114,1,0,0,0,0.158376
570730,3,1,192283,52846,46607,139437,279198,0,0,0,0,0.118403
570731,9,1,209950,58563,51607,151387,309877,0,0,0,0,0.0705821
570734,9,1,227311,62872,55894,164439,330375,0,0,0,0,0.0764987
570739,9,1,180667,48913,42309,131754,257527,0,0,0,0,0.0656251
570740,9,1,169694,46004,39843,123690,242356,0,0,0,0,0.0658948
570741,9,1,187651,51437,44938,136214,272006,0,0,0,0,0.0675043
570742,18,1,193602,53782,46982,139820,286015,0,0,0,0,0.0688854
570744,9,1,210976,57897,50854,153079,305106,0,0,0,0,0.0743089
570745,18,1,204901,56534,49337,148367,299455,0,0,0,0,0.067251
570748,18,1,212556,58690,50838,153866,310561,0,0,0,0,0.0766521
570749,9,1,195990,55016,48040,140974,291820,0,0,0,0,0.0929712
570770,3,1,180911,47141,41294,133770,243930,0,0,0,0,0.0862141
570771,9,1,160260,41142,35578,119118,212019,0,0,0,0,0.0540191
570774,9,2,227821,62221,55211,165588,327563,1,0,0,0,0.148365
570779,9,2,217440,58611,51690,158816,307271,1,0,0,0,0.224393
570780,3,1,180837,47132,41297,133705,243910,0,0,0,0,0.09026
570781,9,1,184573,48746,42676,135827,253143,0,0,0,0,0.0707625
570784,9,1,179913,46946,41067,132967,242634,0,0,0,0,0.0749029
570789,9,1,177957,46423,40697,131534,240355,0,0,0,0,0.0693172
570790,9,1,186729,50530,43750,136199,264399,0,0,0,0,0.066932
570791,9,1,209229,55887,48779,153342,289995,0,0,0,0,0.0652393
570794,9,1,180978,47781,41673,133197,248739,0,0,0,0,0.0611721
570795,18,1,203151,54542,47462,148609,284906,0,0,0,0,0.0586749
570798,18,1,200750,54050,46848,146700,282857,0,0,0,0,0.0573389
570799,9,1,186594,50384,44010,136210,263847,0,0,0,0,0.0598967
570802,18,1,188199,50488,43600,137711,263805,0,0,0,0,0.0823985
570820,3,1,180990,47201,41333,133789,244386,0,0,0,0,0.078597
570821,9,2,243939,68202,60067,175724,361963,1,0,0,0,0.154949
570824,9,2,184228,50193,44280,134022,264254,1,0,0,0,0.140728
570829,9,1,177664,46897,40833,130767,243605,0,0,0,0,0.0589146
570830,9,1,187096,50636,43808,136460,265026,0,0,0,0,0.0668314
570831,9,1,228130,61142,53971,166988,316071,0,0,0,0,0.0652729
570834,9,1,177208,47219,41269,129989,246208,0,0,0,0,0.0606396
570839,9,1,185654,50473,43763,135181,265139,0,0,0,0,0.0636942
570842,18,1,197239,52703,45753,144536,273757,0,0,0,0,0.0670146
570845,18,1,200230,53765,46590,146465,280512,0,0,0,0,0.0752797
570848,18,1,200859,54550,47313,146309,286552,0,0,0,0,0.0718497
570860,9,2,182611,49208,43048,133391,257307,1,0,0,0,0.16593
570861,9,2,182718,49226,43044,133480,257399,1,0,0,0,0.138639
570864,9,2,198727,54273,48238,144442,283988,1,0,0,0,0.151665
570869,9,1,190831,52936,45796,137895,279376,0,0,0,0,0.0659811
570882,18,1,198300,52501,45252,145799,272550,0,0,0,0,0.0624926
570885,18,1,192375,52272,44967,140103,274095,0,0,0,0,0.0543981
570888,18,1,195432,53513,45776,141919,281786,0,0,0,0,0.059841
570910,9,2,173173,45946,40032,127214,240077,1,0,0,0,0.152471
570911,9,2,173143,45933,40039,127197,239993,1,0,0,0,0.132508
570912,9,1,171326,44356,38119,126970,229335,0,0,0,0,0.0569027
570913,9,1,184331,48981,42741,135350,254627,0,0,0,0,0.0778579
570914,9,2,181233,48334,42462,132886,251264,1,0,0,0,0.130835
570915,9,2,195563,53382,46735,142169,282577,1,0,0,0,0.132873
570916,9,1,178741,46760,40406,131981,242165,0,0,0,0,0.0547471
570917,9,1,175546,46657,40474,128889,243643,0,0,0,0,0.0546686
570918,9,1,179437,47254,40850,132183,245807,0,0,0,0,0.0550917
570919,9,2,323226,87109,75784,236104,455933,1,0,0,0,0.164147
570920,3,1,159940,42403,36858,117537,223431,0,0,0,0,0.0843496
570921,9,1,165983,45348,39004,120635,240875,0,0,0,0,0.062603
570924,9,1,190767,52816,46118,137951,279463,0,0,0,0,0.0662988
570929,9,1,159647,44119,38377,115528,235121,0,0,0,0,0.0579238
570930,3,1,176671,46717,41068,129954,242841,0,0,0,0,0.0825941
570931,9,1,186619,50764,44159,135855,266169,0,0,0,0,0.0637454
570934,9,2,186702,51039,45002,135650,269737,1,0,0,0,0.137811
570939,9,2,214301,58833,52216,155455,311387,1,0,0,0,0.20204
570940,3,1,176674,47062,41235,129612,247821,0,0,0,0,0.0988707
570941,9,1,159845,42792,37349,117053,225763,0,0,0,0,0.0608272
570944,9,1,194609,53190,46032,141419,279912,0,0,0,0,0.0662164
570949,9,1,196522,52806,45969,143716,275850,0,0,0,0,0.0640764
570950,3,1,176141,46936,41232,129205,247148,0,0,0,0,0.0886885
570951,9,1,184785,50645,44724,134140,266633,0,0,0,0,0.0621754
570954,9,1,189644,52488,46279,137156,278610,0,0,0,0,0.0812637
570959,9,1,183400,49472,43139,133928,260025,0,0,0,0,0.0822071
570960,9,1,159401,43147,37991,116254,228256,0,0,0,0,0.062226
570961,9,2,278212,77641,68388,200558,413320,1,0,0,0,0.199359
570962,18,1,173083,47146,41720,125937,250410,0,0,0,0,0.086836
570964,9,2,167848,45689,40148,122146,241702,1,0,0,0,0.149165
570965,18,1,200032,55650,48379,144382,295725,0,0,0,0,0.0607101
570968,18,1,193113,52637,45785,140476,277289,0,0,0,0,0.0591441
570969,9,1,182521,48314,42112,134207,251721,0,0,0,0,0.0603888
570990,3,1,157372,41333,36003,116039,215243,0,0,0,0,0.0760445
570991,9,1,175363,47587,41386,127776,250488,0,0,0,0,0.0784127
570994,9,2,228478,63051,55945,165414,332623,1,0,0,0,0.13822
570999,9,2,219839,60368,53616,159458,319432,1,0,0,0,0.138374
571000,3,1,198975,53761,47820,145214,282124,0,0,0,0,0.0754205
571001,9,1,192344,52261,45648,140083,275118,0,0,0,0,0.0567014
571004,9,2,253722,71475,62797,182234,379614,1,0,0,0,0.14305
571009,9,2,194137,52828,46826,141296,277996,1,0,0,0,0.130734
571010,3,1,198759,53713,47752,145046,281889,0,0,0,0,0.0888677
571011,9,2,186136,51102,44982,135021,270552,1,0,0,0,0.136716
571014,9,2,275151,76603,67838,198536,406601,1,0,0,0,0.195547
571019,9,2,166573,43915,38717,122645,229833,1,0,0,0,0.124445
571020,9,1,182222,49558,43354,132664,260776,0,0,0,0,0.0571918
571021,9,2,186890,51218,45186,135659,270844,1,0,0,0,0.135123
571022,18,1,189278,51625,45421,137653,272440,0,0,0,0,0.0545021
571024,9,1,178341,47937,41775,130404,251543,0,0,0,0,0.0738001
571025,18,1,224917,62602,54593,162315,331602,0,0,0,0,0.0839521
571028,18,1,218654,59944,51997,158710,315815,0,0,0,0,0.0652348
571029,9,1,201310,54825,47777,146485,288288,0,0,0,0,0.0633341
571050,3,1,192362,51157,45068,141205,265838,0,0,0,0,0.0738617
571051,9,1,187400,49995,43177,137405,260838,0,0,0,0,0.0589748
571054,9,2,246372,68461,60459,177898,362219,1,0,0,0,0.158214
571059,9,2,249528,69091,60999,180424,365075,1,0,0,0,0.155139
571060,3,1,192015,51092,45015,140923,265557,0,0,0,0,0.0793296
571061,9,2,184502,50597,44533,133892,267596,1,0,0,0,0.144444
571064,9,2,240627,67663,59842,172951,359719,1,0,0,0,0.165877
571069,9,2,170200,45560,40149,124627,239429,1,0,0,0,0.160334
571070,9,1,179761,48352,42080,131409,252347,0,0,0,0,0.0574552
571071,9,2,192802,53337,46840,139452,282118,1,0,0,0,0.193067
571074,9,1,202095,54863,47451,147232,286211,0,0,0,0,0.0688276
571075,18,1,227911,62983,55050,164928,330903,0,0,0,0,0.0698473
571078,18,1,228825,63408,55436,165417,334287,0,0,0,0,0.0678054
571079,9,1,198821,55262,48580,143559,290387,0,0,0,0,0.0721164
571082,18,2,294818,82247,72459,212558,437333,1,0,0,0,0.171491
571100,3,1,170721,44020,38349,126701,225304,0,0,0,0,0.081139
571101,9,2,169612,45363,39664,124236,238309,1,0,0,0,0.163401
571104,9,2,173124,46302,40406,126810,242778,1,0,0,0,0.148821
571109,9,2,161400,42529,37300,118858,222122,1,0,0,0,0.151468
571110,9,1,186528,49984,43425,136544,258704,0,0,0,0,0.083806
571111,9,1,210104,57232,50011,152872,297965,0,0,0,0,0.0621664
571114,9,1,231189,63480,55564,167709,330921,0,0,0,0,0.0711257
571119,9,1,201789,54759,47993,147030,285933,0,0,0,0,0.0836655
571122,18,1,226847,62234,54082,164613,325019,0,0,0,0,0.0813633
571125,18,1,235806,64680,56431,171126,338025,0,0,0,0,0.0880546
571128,18,1,214619,58938,51685,155681,309010,0,0,0,0,0.07063
571140,9,2,185105,50567,44506,134525,265843,1,0,0,0,0.184684
571141,9,2,177739,48021,42081,129707,251341,1,0,0,0,0.157312
571144,9,2,181275,48630,42761,132633,254065,1,0,0,0,0.183521
571149,9,1,185638,50459,44183,135179,264507,0,0,0,0,0.0904999
571162,18,2,201580,55919,49160,145648,296768,1,0,0,0,0.165569
571165,18,2,336319,94133,82577,242173,499614,1,0,0,0,0.232675
571168,18,2,199521,54994,48569,144514,291508,1,0,0,0,0.179438
571190,9,2,180292,48391,42413,131889,253604,1,0,0,0,0.172325
571191,9,2,174825,47093,41214,127720,246911,1,0,0,0,0.139418
571192,9,2,170330,46169,40668,124148,243709,1,0,0,0,0.172444
571193,9,1,191205,50892,44207,140313,262826,0,0,0,0,0.0704248
571194,9,2,173883,46722,40798,127148,244315,1,0,0,0,0.193987
571195,9,2,165929,44635,38974,121281,235247,1,0,0,0,0.168765
571196,9,2,306113,84416,73897,221684,446116,1,0,0,0,0.248548
571197,9,1,179140,49029,43026,130111,257663,0,0,0,0,0.0877904
571198,9,1,189740,51067,44751,138673,266412,0,0,0,0,0.0910332
571199,9,2,335591,90519,79144,245059,473404,1,0,0,0,0.23371
571200,3,1,159748,42369,36829,117379,223277,0,0,0,0,0.0873279
571201,9,1,166095,45370,39007,120725,240976,0,0,0,0,0.0694521
571204,9,1,191123,52851,46099,138272,279538,0,0,0,0,0.090965
571209,9,1,159436,44082,38395,115354,234938,0,0,0,0,0.0932997
571210,3,1,176468,46673,41024,129795,242631,0,0,0,0,0.112361
571211,9,1,186698,50793,44170,135905,266332,0,0,0,0,0.071609
571214,9,2,186469,50988,44938,135468,269501,1,0,0,0,0.174638
571219,9,2,214154,58773,52160,155368,311016,1,0,0,0,0.16014
571220,3,1,177618,47446,41607,130172,250067,0,0,0,0,0.096278
571221,9,1,160016,42907,37445,117109,226502,0,0,0,0,0.0617377
571224,9,1,195421,53475,46236,141946,281568,0,0,0,0,0.0654041
571229,9,1,197678,53163,46243,144515,277848,0,0,0,0,0.0622751
571230,3,1,175754,46846,41189,128908,246676,0,0,0,0,0.0863351
571231,9,2,287062,79762,70484,207287,423162,1,0,0,0,0.185223
571234,9,1,186357,50868,44760,135489,269372,0,0,0,0,0.0654831
571239,9,1,167451,44647,39022,122804,234747,0,0,0,0,0.0595686
571240,9,1,159645,43227,38027,116418,228733,0,0,0,0,0.0704639
571241,9,2,283310,79063,69372,204234,420432,1,0,0,0,0.197404
571242,18,2,278625,77779,68555,200833,415949,1,0,0,0,0.211374
571244,9,1,173103,45842,40178,127261,237757,0,0,0,0,0.0587241
571245,18,1,197038,54414,47370,142624,289140,0,0,0,0,0.0631165
571248,18,1,181852,49477,42942,132375,261728,0,0,0,0,0.0570725
571249,9,1,167011,44302,38453,122709,232420,0,0,0,0,0.0609293
571270,3,1,157194,41306,35959,115888,215139,0,0,0,0,0.0835492
571271,9,1,175514,47638,41437,127876,250800,0,0,0,0,0.0676313
571274,9,2,228498,63068,55959,165417,332764,1,0,0,0,0.155634
571279,9,2,219533,60203,53428,159317,318473,1,0,0,0,0.169083
571280,3,1,200017,54202,48227,145815,284727,0,0,0,0,0.104787
571281,9,1,192578,52421,45813,140157,276118,0,0,0,0,0.0712966
571284,9,2,253668,71506,62865,182149,379889,1,0,0,0,0.155606
571289,9,2,194397,52902,46873,141482,278435,1,0,0,0,0.137509
571290,3,1,198692,53743,47798,144949,282170,0,0,0,0,0.116449
571291,9,2,187896,51607,45493,136277,273137,1,0,0,0,0.187154
571294,9,2,236535,67113,59768,169409,358670,1,0,0,0,0.173023
571299,9,2,166989,44343,38777,122633,232890,1,0,0,0,0.186088
571300,9,1,182697,49704,43451,132993,261579,0,0,0,0,0.0656464
571301,9,2,193644,53360,47183,140271,282233,1,0,0,0,0.163659
571302,18,1,196667,53762,47420,142905,283270,0,0,0,0,0.0610575
571304,9,1,174204,46912,40845,127292,245852,0,0,0,0,0.0651304
571305,18,1,216674,59810,52066,156864,316338,0,0,0,0,0.0899359
571308,18,1,205513,56064,48703,149449,295754,0,0,0,0,0.0849211
571309,9,1,179890,48511,42261,131379,255201,0,0,0,0,0.0791613
571330,3,1,194727,52025,45870,142702,270691,0,0,0,0,0.111613
571331,9,1,187707,50189,43310,137518,262029,0,0,0,0,0.0635737
571334,9,2,246691,68666,60690,178012,363474,1,0,0,0,0.141677
571339,9,2,250379,69453,61262,180913,367220,1,0,0,0,0.143801
571340,3,1,191890,51072,44993,140818,265482,0,0,0,0,0.0817745
571341,9,2,185325,50770,44734,134542,268459,1,0,0,0,0.136655
571344,9,2,242361,68139,60241,174209,362468,1,0,0,0,0.147306
571349,9,2,170367,45754,40437,124600,240286,1,0,0,0,0.124348
571350,9,1,180104,48477,42175,131627,253071,0,0,0,0,0.058096
571351,9,2,193105,53154,46782,139938,280752,1,0,0,0,0.138144
571354,9,1,189614,51458,44502,138156,269346,0,0,0,0,0.0640442
571355,18,1,218700,60549,52822,158151,319205,0,0,0,0,0.0652818
571358,18,1,228519,62889,55046,165630,331158,0,0,0,0,0.070827
571359,9,1,198558,54867,48215,143691,288353,0,0,0,0,0.0903264
571362,18,2,297647,82937,73078,214697,440619,1,0,0,0,0.192064
571380,3,1,170323,43925,38257,126398,224839,0,0,0,0,0.0805691
571381,9,1,183020,48185,41880,134835,248270,0,0,0,0,0.0586767
571384,9,2,215547,59511,52382,156023,313858,1,0,0,0,0.15901
571389,9,2,159469,42144,36938,117312,220431,1,0,0,0,0.183048
571390,9,1,186524,49972,43416,136552,258628,0,0,0,0,0.0936435
571391,9,1,199423,53444,46433,145979,277298,0,0,0,0,0.076479
571394,9,1,216751,58971,51282,157780,307958,0,0,0,0,0.0685752
571399,9,1,195700,52372,45972,143328,272191,0,0,0,0,0.0693026
571402,18,1,216675,58657,51052,158018,305762,0,0,0,0,0.0668464
571405,18,1,224381,61599,53690,162782,323373,0,0,0,0,0.067339
571408,18,1,211603,57372,50191,154231,299789,0,0,0,0,0.0625095
571420,9,2,184881,50498,44447,134370,265472,1,0,0,0,0.159581
571421,9,2,177670,47981,42049,129678,251049,1,0,0,0,0.135458
571424,9,2,181029,48557,42705,132460,253611,1,0,0,0,0.134691
571429,9,1,185645,50431,44134,135214,264342,0,0,0,0,0.0604041
571442,18,2,194161,53491,46797,140657,283663,1,0,0,0,0.129714
571445,18,2,298191,83539,73342,214639,444203,1,0,0,0,0.151207
571448,18,2,195765,53731,47283,142021,284397,1,0,0,0,0.140401
571470,9,2,180148,48326,42367,131810,253223,1,0,0,0,0.155763
571471,9,2,174547,47033,41182,127502,246583,1,0,0,0,0.130429
571472,9,2,165933,44474,39063,121446,234419,1,0,0,0,0.149696
571473,9,1,166747,43380,37414,123367,224267,0,0,0,0,0.0589349
571474,9,2,173944,46724,40791,127207,244271,1,0,0,0,0.131172
571475,9,2,171245,46298,40535,124934,244253,1,0,0,0,0.128922
571476,9,2,303554,83278,72665,220263,439684,1,0,0,0,0.165095
571477,9,2,193630,53162,46607,140456,281987,1,0,0,0,0.144906
571478,9,1,180356,47653,41730,132703,247127,0,0,0,0,0.0601809
571479,9,2,335988,90530,79121,245445,473266,1,0,0,0,0.207728
571480,3,1,159698,42358,36825,117340,223229,0,0,0,0,0.0835289
571481,9,1,176852,48478,41752,128374,257434,0,0,0,0,0.0675364
571484,9,1,189714,51625,44601,138089,271399,0,0,0,0,0.0635937
571489,9,1,153681,42249,36546,111432,225574,0,0,0,0,0.0620025
571490,3,1,176447,46673,41028,129774,242651,0,0,0,0,0.0863466
571491,9,1,198244,54210,47173,144034,283859,0,0,0,0,0.0639048
571494,9,1,207689,56005,49317,151684,289913,0,0,0,0,0.0843698
571499,9,1,165638,44377,38737,121261,231922,0,0,0,0,0.0705851
571500,3,1,177240,47362,41561,129878,249643,0,0,0,0,0.0819659
571501,9,2,185123,50309,44427,134801,266793,1,0,0,0,0.152598
571504,9,1,176315,47279,41168,129036,248328,0,0,0,0,0.0602784
571509,9,2,205141,56639,49832,148489,301136,1,0,0,0,0.138833
571510,3,1,176663,47224,41557,129439,248897,0,0,0,0,0.0807263
571511,9,2,191034,52469,46238,138552,278530,1,0,0,0,0.147109
571514,9,1,179285,48400,42617,130885,255197,0,0,0,0,0.058272
571519,9,1,169919,45331,39508,124588,238151,0,0,0,0,0.0567615
571520,9,2,264131,72605,63967,191513,386592,1,0,0,0,0.17506
571521,9,2,162263,44222,39013,118028,234532,1,0,0,0,0.159483
571522,18,1,177914,48182,42359,129732,254931,0,0,0,0,0.0774539
571524,9,1,169039,44626,39071,124413,230849,0,0,0,0,0.0626417
571525,18,1,195905,54153,47478,141752,287279,0,0,0,0,0.0604589
571528,18,1,188198,51852,45306,136346,274986,0,0,0,0,0.077382
571529,9,1,156450,41489,35830,114961,218354,0,0,0,0,0.0829623
571550,3,1,157242,41318,35972,115924,215209,0,0,0,0,0.083714
571551,9,2,292106,81204,71252,210889,430873,1,0,0,0,0.173018
571554,9,2,313562,87733,77976,225816,464258,1,0,0,0,0.221365
571559,9,1,151117,40196,34941,110921,210765,0,0,0,0,0.0626854
571560,3,1,200036,54240,48272,145796,285004,0,0,0,0,0.0819114
571561,9,1,201285,54182,47335,147103,283030,0,0,0,0,0.0639307
571564,9,1,194470,52744,45957,141726,276112,0,0,0,0,0.0612563
571569,9,1,196352,52425,45830,143927,271831,0,0,0,0,0.061737
571570,3,1,199794,54194,48203,145600,284813,0,0,0,0,0.107298
571571,9,2,214610,59435,52621,155162,314924,1,0,0,0,0.143623
571574,9,2,232544,65878,58466,166653,351795,1,0,0,0,0.149461
571579,9,1,184337,49124,42963,135213,256272,0,0,0,0,0.0567403
571580,9,1,186956,50095,43829,136861,261948,0,0,0,0,0.0588682
571581,9,2,188195,51795,45914,136387,274283,1,0,0,0,0.145288
571582,18,1,189445,51670,45287,137775,272333,0,0,0,0,0.0595585
571584,9,1,161033,43025,37349,118008,225470,0,0,0,0,0.0781631
571585,18,1,203902,55877,48890,148025,294305,0,0,0,0,0.0596911
571588,18,1,196543,53227,46317,143316,279605,0,0,0,0,0.0617302
571589,9,1,165095,43942,38249,121153,230350,0,0,0,0,0.0601693
571610,3,1,194605,52001,45844,142604,270576,0,0,0,0,0.0787023
571611,9,1,194548,51664,45008,142884,268479,0,0,0,0,0.054142
571614,9,1,197505,53462,46660,144043,280061,0,0,0,0,0.0678568
571619,9,1,195588,52439,45714,143149,272912,0,0,0,0,0.0699144
571620,3,1,194270,51940,45797,142330,270319,0,0,0,0,0.105531
571621,9,2,212231,58341,51478,153878,308078,1,0,0,0,0.190263
571624,9,2,221823,62248,55130,159563,330923,1,0,0,0,0.209281
571629,9,1,197042,52660,46334,144382,274208,0,0,0,0,0.0580577
571630,9,2,172670,46546,40854,126111,245940,1,0,0,0,0.139611
571631,9,2,180607,49178,43321,131416,259878,1,0,0,0,0.139554
571634,9,1,180811,48975,42487,131836,256999,0,0,0,0,0.059302
571635,18,1,217113,60150,52342,156963,317662,0,0,0,0,0.0613198
571638,18,1,218255,60314,53248,157941,317514,0,0,0,0,0.0641218
571639,9,1,199290,55047,48347,144243,289661,0,0,0,0,0.0632618
571642,18,1,191824,51665,45101,140159,270241,0,0,0,0,0.0586577
571660,3,1,170272,43918,38256,126354,224820,0,0,0,0,0.082228
571661,9,1,166599,43666,37799,122933,225225,0,0,0,0,0.0581662
571664,9,1,192539,51196,44563,141343,264323,0,0,0,0,0.0583915
571669,9,2,263543,70795,62365,192736,369891,1,0,0,0,0.160124
571670,9,1,199368,53252,46104,146116,274236,0,0,0,0,0.0843186
571671,9,1,194887,52581,45559,142306,273803,0,0,0,0,0.0732306
571674,9,2,224171,62661,55466,161497,332466,1,0,0,0,0.155867
571679,9,1,191830,51371,45103,140459,266957,0,0,0,0,0.0720606
571682,18,1,206121,55385,48013,150736,287741,0,0,0,0,0.057141
571685,18,1,219188,59676,51856,159512,312412,0,0,0,0,0.0608043
571688,18,1,207867,56309,49265,151558,293693,0,0,0,0,0.0573622
571700,9,1,209106,55424,48344,153682,283210,0,0,0,0,0.0649484
571701,9,1,189913,51497,44751,138416,267695,0,0,0,0,0.0715457
571704,9,1,201310,55583,48327,145727,292937,0,0,0,0,0.0842847
571709,9,1,181678,49160,43235,132518,257942,0,0,0,0,0.0694569
571722,18,1,191101,51068,44112,140033,265488,0,0,0,0,0.0561646
571725,18,1,218983,60482,52581,158501,318400,0,0,0,0,0.0622613
571728,18,1,201557,54946,48080,146611,288041,0,0,0,0,0.075687
571750,9,1,157877,41168,35665,116709,211980,0,0,0,0,0.0687267
571751,9,2,162632,43259,37722,119360,227242,1,0,0,0,0.132928
571752,9,2,157552,41684,36363,115855,219112,1,0,0,0,0.169118
571753,9,1,152739,39312,33772,113427,202700,0,0,0,0,0.0631474
571754,9,1,186375,49277,42897,137098,256467,0,0,0,0,0.0630969
571755,9,2,202431,55066,48405,147352,290575,1,0,0,0,0.143177
571756,9,1,185456,49834,43551,135622,258832,0,0,0,0,0.0581103
571757,9,2,190310,51574,45155,138724,272149,1,0,0,0,0.157666
571758,9,2,203534,55146,48225,148375,291228,1,0,0,0,0.171173
571759,9,2,201236,54229,47371,146994,285661,1,0,0,0,0.151311
571760,9,1,133890,35614,30321,98276,188867,0,0,0,0,0.0547489
571761,9,1,148750,39439,33898,109311,208212,0,0,0,0,0.0731078
571764,9,1,160764,42385,36697,118379,220890,0,0,0,0,0.0571316
571769,9,1,163992,44321,38623,119671,234550,0,0,0,0,0.075416
571770,9,1,146313,38535,33429,107778,200479,0,0,0,0,0.0574604
571771,9,1,164209,43250,37662,120959,224142,0,0,0,0,0.0524412
571774,9,2,202584,55541,49035,147030,293213,1,0,0,0,0.178673
571779,9,1,179673,47426,41564,132247,246134,0,0,0,0,0.106502
571780,9,1,155176,41409,36026,113767,218747,0,0,0,0,0.0658671
571781,9,2,160563,43092,37930,117458,227664,1,0,0,0,0.205811
571784,9,1,157307,41672,36008,115635,218649,0,0,0,0,0.0711091
571789,9,1,181924,47750,41109,134174,245595,0,0,0,0,0.0839385
571790,9,1,155171,41429,36095,113742,218888,0,0,0,0,0.0696725
571791,9,2,163799,43992,38698,119794,232055,1,0,0,0,0.179452
571794,9,1,161561,42894,37277,118667,224735,0,0,0,0,0.0576026
571799,9,1,165761,43383,37468,122378,224424,0,0,0,0,0.0604168
571800,9,2,155120,41597,36405,113511,219871,1,0,0,0,0.172429
571801,9,2,163880,44149,38760,119719,232903,1,0,0,0,0.15688
571804,9,1,166695,44149,38573,122546,229356,0,0,0,0,0.0803301
571809,9,1,165094,43859,37849,121235,228209,0,0,0,0,0.0615736
571830,9,1,136011,35461,30519,100550,184867,0,0,0,0,0.053381
571831,9,1,152574,40200,34716,112374,209777,0,0,0,0,0.0559258
571834,9,1,161194,41923,36436,119271,215703,0,0,0,0,0.0551611
571839,9,1,165308,43825,38268,121483,228711,0,0,0,0,0.0747694
571840,9,1,166478,44529,38608,121949,233820,0,0,0,0,0.0565191
571841,9,2,279170,76602,67050,202556,405043,1,0,0,0,0.183843
571844,9,1,172283,46170,40407,126113,241536,0,0,0,0,0.0609305
571849,9,1,181048,47379,41073,133669,243637,0,0,0,0,0.0843251
571850,9,1,166459,44526,38606,121933,233799,0,0,0,0,0.0729719
571851,9,2,293248,80695,71110,212541,425652,1,0,0,0,0.157641
571854,9,1,174858,47450,41364,127408,249872,0,0,0,0,0.0693286
571859,9,1,166663,44043,38318,122620,229391,0,0,0,0,0.0562958
571860,9,2,173385,46456,40515,126917,244335,1,0,0,0,0.149339
571861,9,2,185257,49972,43811,135273,262735,1,0,0,0,0.193586
571864,9,1,164804,44357,38561,120447,233030,0,0,0,0,0.144129
571869,9,1,160690,42943,37093,117747,224987,0,0,0,0,0.0808237
571890,9,1,165991,43918,37848,122073,228557,0,0,0,0,0.0550229
571891,9,2,268949,72949,63604,195988,383845,1,0,0,0,0.187279
571894,9,1,197371,54238,47836,143133,284173,0,0,0,0,0.0839568
571899,9,1,186475,49935,43315,136540,260316,0,0,0,0,0.0851043
571900,9,1,165586,43824,37774,121762,228086,0,0,0,0,0.073963
571901,9,2,292456,79797,70033,212647,418569,1,0,0,0,0.243632
571904,9,1,198101,54634,47977,143467,287146,0,0,0,0,0.0841402
571909,9,1,187009,50624,44113,136385,264765,0,0,0,0,0.111159
571910,9,2,173025,46499,40466,126513,244416,1,0,0,0,0.182434
571911,9,2,181120,48783,42475,132325,256221,1,0,0,0,0.17379
571914,9,1,192529,53128,46779,139401,280108,0,0,0,0,0.0721902
571919,9,1,182084,49108,42922,132976,256761,0,0,0,0,0.0805371
571940,9,1,145807,37676,32078,108131,193568,0,0,0,0,0.0595423
571941,9,1,160663,41347,35945,119316,213638,0,0,0,0,0.0608554
571944,9,1,196284,51859,45386,144425,267320,0,0,0,0,0.074779
571949,9,2,272995,74048,64981,198935,387779,1,0,0,0,0.168284
571950,9,2,204869,56013,48905,148843,294478,1,0,0,0,0.157173
571951,9,2,280127,76920,67685,203195,406168,1,0,0,0,0.17391
571954,9,2,224579,62743,55853,161824,332469,1,0,0,0,0.163288
571959,9,1,170886,44697,38697,126189,230250,0,0,0,0,0.0586924
571980,9,2,204462,55636,48996,148813,291453,1,0,0,0,0.142259
571981,9,2,298093,80678,70534,217402,423277,1,0,0,0,0.169048
571984,9,2,312978,85907,75374,227059,452701,1,0,0,0,0.175605
571989,9,1,158872,41825,36198,117047,217739,0,0,0,0,0.0550227
572030,9,1,175813,45683,39698,130130,234324,0,0,0,0,0.0791728
572031,9,1,178198,45713,38991,132485,231480,0,0,0,0,0.0612631
572032,9,1,167874,43454,37095,124420,222478,0,0,0,0,0.0590149
572033,9,1,165109,43323,37129,121786,223460,0,0,0,0,0.0611051
572034,9,1,186894,49420,42659,137474,255394,0,0,0,0,0.0619569
572035,9,1,197256,51881,44798,145375,265602,0,0,0,0,0.0585014
572036,9,1,201161,52254,45000,148907,265510,0,0,0,0,0.057641
572037,9,2,262655,70846,62106,191797,370674,1,0,0,0,0.158216
572038,9,2,269311,72462,63156,196837,378608,1,0,0,0,0.171141
572039,9,2,268620,71993,62806,196615,375451,1,0,0,0,0.169985
572322,18,1,169802,47031,40677,122771,251566,0,0,0,0,0.0630926
572325,18,1,180917,49817,42955,131100,265085,0,0,0,0,0.060607
572328,18,1,176128,47834,41450,128294,251939,0,0,0,0,0.0614308
572332,18,1,193714,53353,46721,140361,281334,0,0,0,0,0.139993
572335,18,1,199328,54372,47668,144956,284836,0,0,0,0,0.0999674
572338,18,1,187675,49421,43098,138254,254944,0,0,0,0,0.0818276
572342,18,1,160034,42845,37190,117189,226257,0,0,0,0,0.0784188
572345,18,1,181812,48569,42280,133243,254749,0,0,0,0,0.0675383
572348,18,2,208255,57998,51151,150244,308945,1,0,0,0,0.161597
572352,18,1,170257,45363,39537,124894,238001,0,0,0,0,0.0571955
572355,18,1,184441,49518,43217,134923,260742,0,0,0,0,0.0563802
572358,18,2,196436,54681,48239,141742,292196,1,0,0,0,0.194981
572362,18,1,164586,43313,37995,121273,225861,0,0,0,0,0.0607265
572365,18,1,188051,51662,45573,136389,273350,0,0,0,0,0.0599295
572368,18,1,186838,51529,45198,135309,273270,0,0,0,0,0.0715907
572370,18,1,157129,41715,36566,115414,219592,0,0,0,0,0.0708798
572371,18,1,168157,44259,38889,123898,230597,0,0,0,0,0.0567325
572372,18,1,162258,41743,36910,120515,214365,0,0,0,0,0.0563082
572373,18,1,182389,48897,43358,133492,258365,0,0,0,0,0.0840611
572374,18,1,175262,46214,40469,129048,240948,0,0,0,0,0.0815524
572375,18,1,175391,46842,41189,128549,246225,0,0,0,0,0.0641836
572376,18,1,187762,49993,43685,137769,261333,0,0,0,0,0.0602676
572377,18,1,176632,47082,40803,129550,246256,0,0,0,0,0.0612517
572378,18,1,177859,47665,41731,130194,250774,0,0,0,0,0.0597057
572379,18,1,164311,43982,37800,120329,231967,0,0,0,0,0.0647053
572392,18,1,184909,51069,44666,133840,270411,0,0,0,0,0.067437
572395,18,1,194950,53510,46949,141440,281874,0,0,0,0,0.0892956
572398,18,1,181030,48214,42101,132816,250371,0,0,0,0,0.0706082
572402,18,1,192322,51606,45286,140716,270153,0,0,0,0,0.0564208
572405,18,1,202271,54451,47215,147820,284888,0,0,0,0,0.0573822
572408,18,1,203900,54877,47414,149023,286281,0,0,0,0,0.0596612
572412,18,1,200194,53413,47089,146781,278175,0,0,0,0,0.0600517
572415,18,1,199517,53778,46694,145739,282483,0,0,0,0,0.072692
572418,18,1,193330,52345,45361,140985,275238,0,0,0,0,0.0546919
572422,18,1,178513,46991,41429,131522,243139,0,0,0,0,0.0515989
572425,18,1,205834,56418,49509,149416,298500,0,0,0,0,0.0578135
572428,18,1,203150,55727,48587,147423,294881,0,0,0,0,0.0585976
572430,18,1,185987,50053,43551,135934,262946,0,0,0,0,0.0528279
572431,18,1,198706,53066,46328,145640,276462,0,0,0,0,0.0539246
572432,18,1,188703,49407,42854,139296,254474,0,0,0,0,0.0508234
572433,18,1,195084,52641,46892,142443,276760,0,0,0,0,0.0686187
572434,18,1,186601,49568,43164,137033,258281,0,0,0,0,0.0531791
572435,18,1,189096,50136,43585,138960,261488,0,0,0,0,0.0534425
572436,18,1,203774,54322,47232,149452,282686,0,0,0,0,0.0553381
572437,18,1,188010,49905,43338,138105,259002,0,0,0,0,0.0533667
572438,18,1,190673,50972,44384,139701,266402,0,0,0,0,0.0536147
572439,18,1,183401,49027,42509,134374,256837,0,0,0,0,0.0579187
572452,18,1,173018,45615,39680,127403,236417,0,0,0,0,0.0501484
572455,18,1,206975,55926,48364,151049,293123,0,0,0,0,0.0566455
572458,18,1,208868,56574,49229,152294,296507,0,0,0,0,0.0592764
572462,18,1,187272,49303,43173,137969,253987,0,0,0,0,0.051864
572465,18,1,203778,55148,47421,148630,289509,0,0,0,0,0.0564491
572468,18,1,210359,56964,49580,153395,298525,0,0,0,0,0.0583134
572472,18,1,175438,46279,40392,129159,238690,0,0,0,0,0.0507971
572475,18,1,223811,61604,54016,162207,325120,0,0,0,0,0.0642666
572478,18,1,224238,61258,53906,162980,322242,0,0,0,0,0.0623565
572480,18,1,190269,50870,44008,139399,265451,0,0,0,0,0.0575578
572481,18,1,200292,53441,46634,146851,277395,0,0,0,0,0.0574173
572482,18,1,182678,47541,41070,135137,244253,0,0,0,0,0.0531331
572484,18,1,183820,49296,42862,134524,257977,0,0,0,0,0.0575623
572485,18,1,200049,53958,47441,146091,282298,0,0,0,0,0.0590276
572486,18,2,312668,87280,76588,225375,462483,1,0,0,0,0.15807
572487,18,2,300113,83809,74028,216291,444550,1,0,0,0,0.158437
572488,18,2,304048,84410,74200,219625,447673,1,0,0,0,0.154241
572489,18,1,203359,55182,48137,148177,289178,0,0,0,0,0.0593491
572493,18,1,197340,52734,46660,144606,274785,0,0,0,0,0.0713473
572502,18,1,178850,46014,40034,132836,235626,0,0,0,0,0.0504307
572505,18,1,192816,50916,44324,141900,264093,0,0,0,0,0.0584337
572508,18,1,186430,49058,42912,137372,253991,0,0,0,0,0.0678434
572512,18,1,178625,46448,40493,132177,239197,0,0,0,0,0.0512539
572515,18,1,200659,53523,46874,147136,279266,0,0,0,0,0.0667118
572518,18,1,190430,50410,44271,140020,261912,0,0,0,0,0.0861322
572520,18,1,200439,53974,46780,146465,280455,0,0,0,0,0.0773154
572521,18,1,200616,53242,46387,147374,275596,0,0,0,0,0.0777987
572522,18,1,203225,53915,46863,149310,279524,0,0,0,0,0.0574887
572524,18,2,232351,65444,57807,166894,347686,1,0,0,0,0.138605
572525,18,1,221685,60044,52379,161641,313168,0,0,0,0,0.0575093
572528,18,1,203256,54020,47314,149236,280132,0,0,0,0,0.0611146
572529,18,1,204333,54758,47901,149575,284945,0,0,0,0,0.0571119
572533,18,1,204871,54851,47337,150020,284605,0,0,0,0,0.0586743
572536,18,1,211070,57032,49732,154038,298329,0,0,0,0,0.0586186
572537,18,1,196890,53356,47008,143534,279870,0,0,0,0,0.0691258
572542,18,1,174613,45645,39535,128968,236132,0,0,0,0,0.0598398
572545,18,1,200907,53935,47444,146972,282020,0,0,0,0,0.0662822
572548,18,1,187488,49983,43638,137505,260265,0,0,0,0,0.0693099
572550,18,1,204446,54680,47718,149766,282180,0,0,0,0,0.0714288
572551,18,1,198603,52827,45591,145776,272856,0,0,0,0,0.0693706
572554,18,1,207299,56217,48478,151082,294151,0,0,0,0,0.0624952
572559,18,1,192800,51539,45381,141261,268890,0,0,0,0,0.0554738
572562,18,1,192734,51122,43980,141612,265698,0,0,0,0,0.0580778
572563,18,1,191034,50975,44071,140059,265228,0,0,0,0,0.0586305
572565,18,1,220562,59449,51803,161113,309833,0,0,0,0,0.0603678
572566,18,1,207891,56232,49378,151659,294195,0,0,0,0,0.0640657
572567,18,1,188943,51233,45037,137710,268935,0,0,0,0,0.0622402
572568,18,1,199175,52915,46353,146260,274643,0,0,0,0,0.0607513
572580,18,1,189982,50139,43336,139843,256941,0,0,0,0,0.0650069
572581,18,1,192716,51191,43765,141525,263131,0,0,0,0,0.0558375
572582,18,1,186218,49424,42439,136794,255695,0,0,0,0,0.0564117
572583,18,1,174943,46440,40019,128503,241445,0,0,0,0,0.056873
572584,18,1,204481,55772,48029,148709,293058,0,0,0,0,0.0601207
572585,18,1,210742,57289,49557,153453,298872,0,0,0,0,0.0600731
572586,18,1,196826,52536,45786,144290,272231,0,0,0,0,0.0577393
572587,18,1,177024,47292,41390,129732,247135,0,0,0,0,0.0667351
572588,18,1,190570,50784,44404,139786,263737,0,0,0,0,0.0557604
572589,18,1,190524,50790,44387,139734,263830,0,0,0,0,0.0550764
572880,6,1,179853,47856,42078,131997,251914,0,0,0,0,0.0972708
572881,18,1,178855,48812,42080,130043,259379,0,0,0,0,0.0693002
572884,18,1,206431,57887,51438,148544,309706,0,0,0,0,0.0722253
572889,18,1,192701,53910,47537,138791,288697,0,0,0,0,0.0687488
572890,6,1,179701,48582,42735,131119,257220,0,0,0,0,0.0676919
572891,18,1,176102,48119,41207,127983,255943,0,0,0,0,0.053427
572894,18,1,202667,56583,49903,146084,301637,0,0,0,0,0.0558733
572899,18,1,185285,51476,44857,133809,275045,0,0,0,0,0.0517247
572900,6,1,179610,48552,42718,131058,257055,0,0,0,0,0.0678658
572901,18,1,176143,48114,41191,128029,255923,0,0,0,0,0.0541199
572904,18,1,202812,56627,49930,146185,301871,0,0,0,0,0.0556949
572909,18,1,185137,51416,44819,133721,274703,0,0,0,0,0.0557842
572910,6,1,179631,48558,42744,131073,257083,0,0,0,0,0.108677
572911,18,1,196835,55645,47921,141190,298212,0,0,0,0,0.0572308
572914,18,1,221639,62862,54744,158777,335500,0,0,0,0,0.0616641
572919,18,1,170691,46746,40381,123945,249469,0,0,0,0,0.056276
572920,18,1,153999,41340,35699,112659,219232,0,0,0,0,0.0505139
572921,18,1,178442,48882,42608,129560,260925,0,0,0,0,0.0526623
572924,18,1,201923,55949,49023,145974,298615,0,0,0,0,0.0560138
572929,18,1,190075,52203,45534,137872,278159,0,0,0,0,0.0702189
572942,36,1,182631,50321,43549,132310,268790,0,0,0,0,0.055449
572945,36,1,198701,55125,47678,143576,294782,0,0,0,0,0.0633389
572948,36,1,197343,54163,47183,143180,287749,0,0,0,0,0.0594462
572950,6,1,178824,47374,41679,131450,247724,0,0,0,0,0.0656637
572951,18,1,184493,49846,43451,134647,262100,0,0,0,0,0.053026
572954,18,1,210882,57771,50890,153111,302538,0,0,0,0,0.0580439
572959,18,1,173258,46217,40698,127041,240481,0,0,0,0,0.0489921
572960,6,1,178842,47364,41674,131478,247676,0,0,0,0,0.0946404
572961,18,1,184603,49860,43454,134743,262185,0,0,0,0,0.0620087
572964,18,1,211501,57930,51017,153571,303308,0,0,0,0,0.0544017
572969,18,1,173573,46292,40754,127281,240854,0,0,0,0,0.0479429
572970,6,1,178903,47381,41676,131522,247772,0,0,0,0,0.0665142
572971,18,2,227293,63242,55922,164039,336621,1,0,0,0,0.120723
572974,18,2,230819,64318,57120,166489,342211,1,0,0,0,0.12343
572979,18,1,165295,43552,38007,121743,227697,0,0,0,0,0.0485449
572980,18,1,152125,40081,34708,112044,209765,0,0,0,0,0.047275
572981,18,1,174000,46416,40959,127584,243317,0,0,0,0,0.0518861
572984,18,1,191480,51512,45377,139968,270418,0,0,0,0,0.0566492
572989,18,1,182567,49311,43239,133256,259276,0,0,0,0,0.0633813
573002,36,1,193678,53206,46487,140472,281647,0,0,0,0,0.0528509
573005,36,1,204813,56182,49105,148631,296518,0,0,0,0,0.0571601
573008,36,1,203417,55438,48290,147979,291281,0,0,0,0,0.0542755
573010,6,1,189907,50261,44680,139646,262596,0,0,0,0,0.0633944
573011,18,1,170216,44795,39366,125421,234610,0,0,0,0,0.0474226
573014,18,1,215739,58850,51973,156889,307685,0,0,0,0,0.0546284
573019,18,1,206197,55033,48437,151164,286456,0,0,0,0,0.0509667
573020,6,1,189934,50266,44679,139668,262621,0,0,0,0,0.0627799
573021,18,1,189036,50385,44454,138651,263642,0,0,0,0,0.0524585
573024,18,1,197796,53035,46605,144761,277652,0,0,0,0,0.0502006
573029,18,1,182959,48388,42624,134571,252976,0,0,0,0,0.0467237
573030,18,1,174629,46143,40292,128486,241229,0,0,0,0,0.0481108
573031,18,1,208916,56182,49131,152734,293755,0,0,0,0,0.0545214
573034,18,1,186876,50802,44342,136074,267653,0,0,0,0,0.0516806
573039,18,1,193391,52116,45827,141275,273404,0,0,0,0,0.0522019
573052,36,1,187600,49700,43630,137900,260224,0,0,0,0,0.0495776
573055,36,1,208454,56720,49819,151734,299444,0,0,0,0,0.0517085
573058,36,1,203637,55049,48241,148588,289416,0,0,0,0,0.0515842
573060,6,1,190109,50346,44757,139763,263166,0,0,0,0,0.0627096
573061,18,1,206344,54925,48587,151419,284819,0,0,0,0,0.0510027
573064,18,2,264109,72930,64406,191166,386455,1,0,0,0,0.127597
573069,18,1,169541,44906,39279,124635,235061,0,0,0,0,0.0498885
573070,18,1,174948,46248,40370,128700,241889,0,0,0,0,0.0492657
573071,18,1,214590,57686,50660,156904,300791,0,0,0,0,0.067832
573074,18,1,183087,49470,43070,133617,259859,0,0,0,0,0.0507407
573079,18,1,176492,46916,40978,129576,245288,0,0,0,0,0.0692845
573092,36,1,198140,52792,46465,145348,276311,0,0,0,0,0.066848
573095,36,1,206350,56036,48865,150314,295069,0,0,0,0,0.0507035
573098,36,1,192566,51768,45397,140798,271997,0,0,0,0,0.0648474
573100,18,2,286820,78113,68627,208694,409310,1,0,0,0,0.14479
573101,18,2,286540,78034,68539,208493,408853,1,0,0,0,0.178125
573104,18,2,292889,79266,69810,213610,414332,1,0,0,0,0.172854
573109,18,1,162890,43087,37046,119803,225379,0,0,0,0,0.0546807
573122,36,1,191980,51271,44608,140709,267933,0,0,0,0,0.0559015
573125,36,1,199054,53469,46632,145585,278953,0,0,0,0,0.0520512
573128,36,1,190024,51499,44978,138525,270818,0,0,0,0,0.053227
573150,18,1,174772,45358,39682,129414,234190,0,0,0,0,0.0451896
573151,18,1,174761,45370,39691,129391,234287,0,0,0,0,0.0485271
573152,18,1,169038,43827,38150,125211,228127,0,0,0,0,0.0473835
573153,18,1,193538,51640,45933,141898,270121,0,0,0,0,0.0655394
573154,18,1,175851,45541,39910,130310,233683,0,0,0,0,0.0471314
573155,18,1,176037,46354,39940,129683,240925,0,0,0,0,0.0488957
573156,18,1,196914,51377,44833,145537,264235,0,0,0,0,0.0553983
573157,18,1,166233,44020,38387,122213,230493,0,0,0,0,0.0516689
573158,18,1,179889,46817,41026,133072,242121,0,0,0,0,0.0494241
573159,18,1,173948,45458,39896,128490,236567,0,0,0,0,0.0503333
573170,6,1,205214,56660,50122,148554,299977,0,0,0,0,0.0813178
573171,18,1,198271,55204,47833,143067,293348,0,0,0,0,0.0847357
573174,18,2,241089,67558,60209,173518,362495,1,0,0,0,0.130718
573179,18,2,248488,69632,62028,178843,373503,1,0,0,0,0.15143
573180,6,1,205139,56611,50122,148528,299634,0,0,0,0,0.072186
573181,18,1,198268,55167,47796,143101,293096,0,0,0,0,0.0600006
573184,18,2,241173,67559,60213,173601,362444,1,0,0,0,0.120746
573189,18,2,248496,69628,62035,178855,373475,1,0,0,0,0.127567
573190,6,1,205086,56604,50123,148482,299600,0,0,0,0,0.0689593
573191,18,1,222758,63595,55047,159163,339318,0,0,0,0,0.0623992
573194,18,1,237840,67466,58966,170374,358017,0,0,0,0,0.0632271
573199,18,1,187749,52071,45121,135678,276755,0,0,0,0,0.056063
573200,18,1,178442,48911,42554,129531,259151,0,0,0,0,0.0520443
573201,18,1,196289,54299,47558,141990,288288,0,0,0,0,0.0559723
573204,18,1,212633,58701,51494,153932,310278,0,0,0,0,0.054429
573209,18,1,207277,57902,50991,149375,307507,0,0,0,0,0.0749951
573222,36,1,206709,57778,50275,148931,308023,0,0,0,0,0.056223
573225,36,1,217167,60439,52609,156728,321242,0,0,0,0,0.0607619
573228,36,1,213104,59015,51216,154089,312153,0,0,0,0,0.0617915
573230,6,1,190182,51605,45700,138577,273509,0,0,0,0,0.074291
573231,18,1,190430,52374,45839,138056,278783,0,0,0,0,0.0596622
573234,18,1,220920,61391,54480,159529,325819,0,0,0,0,0.0836595
573239,18,1,186205,50397,44484,135808,266047,0,0,0,0,0.0533584
573240,6,1,190197,51587,45686,138610,273413,0,0,0,0,0.0719673
573241,18,1,190183,52286,45773,137897,278258,0,0,0,0,0.0554225
573244,18,1,221451,61559,54621,159892,326721,0,0,0,0,0.059419
573249,18,1,186393,50430,44507,135963,266172,0,0,0,0,0.0527295
573250,6,1,190302,51620,45736,138682,273576,0,0,0,0,0.0759148
573251,18,2,249444,70398,62410,179033,377764,1,0,0,0,0.135223
573254,18,2,224131,62770,56166,161348,335301,1,0,0,0,0.143501
573259,18,1,178263,48005,42245,130258,254074,0,0,0,0,0.0668992
573260,18,1,161931,43760,38206,118171,231980,0,0,0,0,0.0501317
573261,18,1,174686,47276,41526,127410,250751,0,0,0,0,0.0511168
573264,18,1,190268,51552,45631,138716,272162,0,0,0,0,0.0529004
573269,18,1,194634,53232,47362,141402,282644,0,0,0,0,0.0696645
573282,36,1,192822,53397,47058,139425,285393,0,0,0,0,0.0548206
573285,36,1,205551,56984,50108,148567,304141,0,0,0,0,0.0569767
573288,36,1,211208,58247,51139,152961,309142,0,0,0,0,0.0586883
573290,6,1,194974,52635,46472,142339,277417,0,0,0,0,0.073183
573291,18,1,175682,47154,41317,128528,248462,0,0,0,0,0.0509362
573294,18,1,216277,59323,52312,156954,311552,0,0,0,0,0.0572834
573299,18,1,199325,54189,47625,145136,283885,0,0,0,0,0.0550488
573300,6,1,194907,52615,46469,142292,277292,0,0,0,0,0.0724046
573301,18,1,187065,50218,44531,136847,263746,0,0,0,0,0.0640644
573304,18,1,204164,55537,48613,148627,291834,0,0,0,0,0.0784519
573309,18,1,191486,51801,45536,139685,272420,0,0,0,0,0.0529353
573310,18,1,177718,47716,41200,130002,251069,0,0,0,0,0.056227
573311,18,1,210615,57076,49750,153539,299921,0,0,0,0,0.0581131
573314,18,1,198612,54390,47491,144222,287838,0,0,0,0,0.0563558
573319,18,1,192107,52253,45627,139854,275020,0,0,0,0,0.0530488
573332,36,1,191696,51824,44898,139872,273637,0,0,0,0,0.0546432
573335,36,1,212377,58662,50932,153715,310977,0,0,0,0,0.0580832
573338,36,1,215000,59308,51998,155692,314548,0,0,0,0,0.0566217
573340,6,1,195014,52664,46515,142350,277623,0,0,0,0,0.0807077
573341,18,1,206033,55194,48685,150839,287539,0,0,0,0,0.0591401
573344,18,2,261203,73252,64962,187938,391103,1,0,0,0,0.140026
573349,18,1,193788,52797,46265,140991,277882,0,0,0,0,0.060738
573350,18,1,177949,47797,41244,130152,251568,0,0,0,0,0.0586408
573351,18,1,217648,59119,51513,158529,309571,0,0,0,0,0.0616851
573354,18,1,194845,53566,46844,141279,283193,0,0,0,0,0.0547128
573359,18,2,259428,72909,64129,186507,390106,1,0,0,0,0.125379
573372,36,1,199501,53791,46742,145710,282980,0,0,0,0,0.0597419
573375,36,1,209461,57762,50300,151699,305904,0,0,0,0,0.0601705
573378,36,1,214602,59148,51924,155454,313277,0,0,0,0,0.060634
573380,18,2,271462,74772,65461,196677,395433,1,0,0,0,0.138862
573381,18,2,271236,74719,65425,196504,395143,1,0,0,0,0.133336
573384,18,1,185538,50569,44263,134969,265472,0,0,0,0,0.0547308
573389,18,2,253162,70152,61800,182998,372262,1,0,0,0,0.129809
573402,36,1,195071,51959,45085,143112,271750,0,0,0,0,0.061044
573405,36,1,206172,56766,49332,149406,299909,0,0,0,0,0.0617889
573408,36,1,208183,57607,50174,150576,304413,0,0,0,0,0.0784842
573430,18,1,177560,46765,41118,130795,243164,0,0,0,0,0.0613059
573431,18,1,176960,46593,40985,130367,242236,0,0,0,0,0.0638226
573432,18,1,175381,46400,40722,128981,243129,0,0,0,0,0.0538897
573433,18,1,194961,52398,46236,142563,275473,0,0,0,0,0.0793036
573434,18,1,173700,46814,40822,126886,245018,0,0,0,0,0.0627212
573435,18,1,184872,50178,43579,134694,264224,0,0,0,0,0.0525206
573436,18,1,195354,52725,46097,142629,276632,0,0,0,0,0.0552118
573437,18,1,187753,51140,44545,136613,269669,0,0,0,0,0.0709393
573438,18,1,200292,54530,48072,145762,286562,0,0,0,0,0.0681785
573439,18,2,239971,66141,58569,173819,349920,1,0,0,0,0.135303
573460,6,1,199481,55053,48447,144428,292992,0,0,0,0,0.0794886
573461,18,1,175729,48386,42071,127343,257917,0,0,0,0,0.0554335
573464,18,1,213538,59797,51997,153741,318242,0,0,0,0,0.070044
573469,18,1,221709,62210,54548,159499,331193,0,0,0,0,0.0691951
573470,6,1,199209,54949,48338,144260,292435,0,0,0,0,0.0812306
573471,18,1,196518,54388,47813,142130,289639,0,0,0,0,0.0607038
573474,18,1,206069,57307,50062,148762,305100,0,0,0,0,0.066618
573479,18,1,210035,58354,50833,151681,309746,0,0,0,0,0.0584665
573480,18,1,184879,50648,44381,134231,269286,0,0,0,0,0.054316
573481,18,1,199062,54501,47485,144561,287569,0,0,0,0,0.0557142
573484,18,2,369268,103640,91014,265615,555455,1,0,0,0,0.200635
573489,18,1,217168,59997,52064,157171,316312,0,0,0,0,0.0606816
573502,36,1,189823,52054,45901,137769,277518,0,0,0,0,0.0829702
573505,36,1,216657,60399,52299,156258,322717,0,0,0,0,0.0825552
573508,36,1,216753,60538,52548,156215,321994,0,0,0,0,0.0840935
573520,6,1,215754,60535,53444,155219,323515,0,0,0,0,0.0988353
573521,18,1,197956,54370,47239,143586,289240,0,0,0,0,0.060427
573524,18,1,222821,62238,54200,160583,331450,0,0,0,0,0.0675934
573529,18,1,223281,61394,53468,161887,325594,0,0,0,0,0.0753184
573530,6,1,215512,60457,53415,155055,323039,0,0,0,0,0.0876195
573531,18,2,346946,97850,86450,249083,523541,1,0,0,0,0.169875
573534,18,1,206445,57119,49884,149326,303828,0,0,0,0,0.0614847
573539,18,2,261960,73523,65111,188424,394232,1,0,0,0,0.145057
573540,18,1,190228,52830,45531,137398,282270,0,0,0,0,0.0577195
573541,18,1,207975,57478,49914,150497,305381,0,0,0,0,0.0658964
573544,18,1,185468,50561,44552,134907,268545,0,0,0,0,0.0618014
573549,18,1,206183,56911,49873,149272,301913,0,0,0,0,0.0634602
573562,36,1,206022,56708,49416,149314,301551,0,0,0,0,0.0631998
573565,36,1,213330,58846,51268,154484,313666,0,0,0,0,0.0599002
573568,36,1,217649,60392,52761,157257,320763,0,0,0,0,0.0593346
573570,6,1,204990,57025,50431,147965,302328,0,0,0,0,0.109052
573571,18,1,187651,51061,44405,136590,269171,0,0,0,0,0.0629559
573574,18,1,212509,58532,51208,153977,308533,0,0,0,0,0.0581449
573579,18,1,206541,56469,49410,150072,297194,0,0,0,0,0.0580921
573580,6,1,204898,57000,50419,147898,302196,0,0,0,0,0.0779287
573581,18,2,211751,59069,52243,152669,315621,1,0,0,0,0.133634
573584,18,2,265966,74858,66554,191095,401130,1,0,0,0,0.132882
573589,18,1,211837,58521,51084,153316,309910,0,0,0,0,0.0748302
573590,18,1,180091,49458,42914,130633,262098,0,0,0,0,0.0791038
573591,18,1,198347,54227,47355,144120,285696,0,0,0,0,0.0776098
573594,18,1,189762,51626,45035,138136,273026,0,0,0,0,0.0846096
573599,18,1,199068,55100,48171,143968,291882,0,0,0,0,0.0569735
573612,36,1,192118,51951,45141,140167,273654,0,0,0,0,0.0690881
573615,36,1,209820,57995,50781,151825,308104,0,0,0,0,0.0722561
573618,36,1,211981,58488,50994,153493,310649,0,0,0,0,0.0582741
573620,6,1,198753,54514,48246,144239,287938,0,0,0,0,0.0934417
573621,18,1,208521,58143,51059,150378,307745,0,0,0,0,0.0709426
573624,18,2,273171,77244,68117,195914,413866,1,0,0,0,0.14882
573629,18,1,207389,56502,49908,150887,297226,0,0,0,0,0.0666872
573630,18,1,187824,51878,45040,135946,274773,0,0,0,0,0.0692733
573631,18,1,196387,53767,46848,142620,284062,0,0,0,0,0.0600049
573634,18,1,214056,59443,51781,154613,316152,0,0,0,0,0.0634419
573639,18,1,193848,52253,45937,141595,275003,0,0,0,0,0.0608514
573652,36,1,221915,61600,53949,160315,326519,0,0,0,0,0.0708194
573655,36,1,223816,62455,54630,161361,332221,0,0,0,0,0.0620592
573658,36,1,208530,57672,50820,150858,306278,0,0,0,0,0.0627585
573660,18,1,202041,55056,47942,146985,287990,0,0,0,0,0.0668578
573661,18,2,263372,73075,64569,190284,387535,1,0,0,0,0.140585
573664,18,2,207747,56836,50375,150899,299154,1,0,0,0,0.122389
573669,18,1,182622,49335,42926,133287,258469,0,0,0,0,0.0512206
573682,36,1,208667,57001,49474,151666,299800,0,0,0,0,0.0582269
573685,36,1,219708,61274,53596,158434,325867,0,0,0,0,0.0767782
573688,36,2,199749,54815,48609,144921,291531,1,0,0,0,0.132339
573710,18,1,182102,48785,43190,133317,254438,0,0,0,0,0.0616972
573711,18,2,217196,59993,53228,157191,317172,1,0,0,0,0.122395
573712,18,1,200643,54050,47169,146593,282446,0,0,0,0,0.059451
573713,18,1,199873,53881,46880,145992,280845,0,0,0,0,0.0559215
573714,18,2,212389,58490,51870,153888,308809,1,0,0,0,0.121914
573715,18,1,219418,60609,52922,158809,320372,0,0,0,0,0.0571789
573716,18,2,267423,75515,66825,191895,404667,1,0,0,0,0.133068
573717,18,1,182182,48863,43044,133319,257396,0,0,0,0,0.0706622
573718,18,1,196721,53183,46981,143538,279469,0,0,0,0,0.0711512
573719,18,1,193330,51908,45590,141422,271412,0,0,0,0,0.0508027
573750,6,1,199082,54915,48309,144167,292231,0,0,0,0,0.0745022
573751,18,1,218377,60683,53683,157694,321850,0,0,0,0,0.0620236
573754,18,1,207152,58216,50760,148936,311242,0,0,0,0,0.0581252
573759,18,1,196642,54495,47203,142147,289765,0,0,0,0,0.0546318
573760,18,1,184981,50673,44397,134308,269444,0,0,0,0,0.0534785
573761,18,1,214864,59415,52225,155449,313798,0,0,0,0,0.0587212
573764,18,1,200865,55597,48557,145268,295217,0,0,0,0,0.0613665
573769,18,1,199702,54992,47869,144710,290607,0,0,0,0,0.0706134
573782,36,1,204721,56477,50054,148244,301178,0,0,0,0,0.0579771
573785,36,1,216359,60362,52215,155997,322776,0,0,0,0,0.0553819
573788,36,1,205439,57077,49577,148362,304120,0,0,0,0,0.0646767
573810,6,1,215439,60443,53393,154996,322970,0,0,0,0,0.0891847
573811,18,2,370376,105489,93138,264874,565310,1,0,0,0,0.155239
573814,18,1,208365,57843,50269,150522,308233,0,0,0,0,0.0789413
573819,18,1,199191,54533,47527,144658,288868,0,0,0,0,0.0577046
573820,18,1,190168,52809,45514,137359,282136,0,0,0,0,0.059138
573821,18,1,222709,61581,53734,161128,326770,0,0,0,0,0.0844218
573824,18,1,188365,51516,45281,136849,274038,0,0,0,0,0.0789096
573829,18,1,189420,52192,45664,137228,277647,0,0,0,0,0.0574112
573842,36,1,220495,60948,53190,159547,324208,0,0,0,0,0.0629837
573845,36,1,214335,59219,51546,155116,315949,0,0,0,0,0.064778
573848,36,1,205742,56929,49612,148813,302956,0,0,0,0,0.0552628
573860,6,1,204960,57023,50439,147937,302332,0,0,0,0,0.0808731
573861,18,2,218681,61240,54288,157428,327534,1,0,0,0,0.123877
573864,18,2,264227,74092,65952,190122,396390,1,0,0,0,0.130638
573869,18,1,214547,59372,52023,155175,314568,0,0,0,0,0.0584462
573870,18,1,180091,49468,42931,130623,262168,0,0,0,0,0.0559082
573871,18,2,327518,92102,80938,235403,492396,1,0,0,0,0.148561
573874,18,1,195649,53362,46240,142287,282356,0,0,0,0,0.0583766
573879,18,1,206227,57259,50004,148968,303642,0,0,0,0,0.0600018
573892,36,1,207389,56649,49319,150740,299028,0,0,0,0,0.0612841
573895,36,1,213978,59101,51504,154877,313935,0,0,0,0,0.0569574
573898,36,1,217871,60459,52971,157412,321696,0,0,0,0,0.0625548
573900,6,1,198894,54546,48279,144348,288105,0,0,0,0,0.0949892
573901,18,1,208405,57830,50970,150575,306528,0,0,0,0,0.0668416
573904,18,1,229817,64243,56430,165574,339979,0,0,0,0,0.0838466
573909,18,1,211742,57889,51111,153853,304618,0,0,0,0,0.0674572
573910,18,1,187497,51743,44907,135754,273977,0,0,0,0,0.0665887
573911,18,1,196663,53694,46836,142969,283912,0,0,0,0,0.0564698
573914,18,1,219052,60438,52685,158614,320604,0,0,0,0,0.0602203
573919,18,1,195021,52886,46552,142135,278863,0,0,0,0,0.0578931
573932,36,1,220867,60849,53222,160018,322008,0,0,0,0,0.0614814
573935,36,1,226347,63033,55275,163314,334931,0,0,0,0,0.0595574
573938,36,1,211578,58670,51973,152908,312163,0,0,0,0,0.0606345
573940,18,1,202203,55058,47960,147145,287899,0,0,0,0,0.0621914
573941,18,2,263447,73122,64651,190312,387820,1,0,0,0,0.131903
573944,18,2,207875,56882,50424,150981,299409,1,0,0,0,0.123638
573949,18,1,182634,49346,42932,133288,258553,0,0,0,0,0.0508438
573962,36,1,194054,52968,45810,141086,279940,0,0,0,0,0.0565759
573965,36,1,217282,60238,52476,157044,319694,0,0,0,0,0.0575808
573968,36,2,198287,54441,48295,143833,289489,1,0,0,0,0.117555
573990,18,1,182191,48803,43210,133388,254520,0,0,0,0,0.05618
573991,18,2,217188,59978,53204,157198,317098,1,0,0,0,0.120763
573992,18,1,187269,50760,44336,136509,267416,0,0,0,0,0.0535104
573993,18,1,183290,49336,42876,133954,259344,0,0,0,0,0.0539961
573994,18,2,212394,58492,51871,153891,308821,1,0,0,0,0.118994
573995,18,1,216047,59320,51975,156727,313177,0,0,0,0,0.0559873
573996,18,1,204597,56137,49320,148460,296583,0,0,0,0,0.0547232
573997,18,1,177033,47460,41751,129573,250027,0,0,0,0,0.0565177
573998,18,1,191640,51682,45568,139958,271949,0,0,0,0,0.0544311
573999,18,1,193163,51874,45573,141289,271281,0,0,0,0,0.0542942
574040,18,1,204338,55987,49174,148351,295760,0,0,0,0,0.0594889
574041,18,1,209102,57050,50165,152052,299412,0,0,0,0,0.0581686
574044,18,2,242535,68948,60869,173574,371739,1,0,0,0,0.150817
574049,18,1,193037,53230,46218,139807,282008,0,0,0,0,0.0583253
574062,36,1,203580,56099,49042,147481,297804,0,0,0,0,0.0615913
574065,36,1,219060,61720,53751,157340,330032,0,0,0,0,0.0593656
574068,36,1,214025,60092,52211,153933,321072,0,0,0,0,0.0579746
574100,18,1,209045,58040,50461,151005,309407,0,0,0,0,0.0676132
574101,18,1,222674,61903,54095,160771,327981,0,0,0,0,0.0727795
574104,18,1,192613,53520,46784,139093,285545,0,0,0,0,0.0647701
574109,18,1,182044,49834,43110,132210,264840,0,0,0,0,0.0746237
574122,36,1,213366,58755,50817,154611,311527,0,0,0,0,0.0782511
574125,36,1,218253,60569,52939,157684,323624,0,0,0,0,0.0779836
574128,36,1,210808,58462,50955,152346,312337,0,0,0,0,0.0671661
574150,18,1,213312,59236,51560,154076,313451,0,0,0,0,0.0795267
574151,18,1,223356,61953,54049,161403,326627,0,0,0,0,0.0625841
574154,18,1,199029,54945,47694,144084,292066,0,0,0,0,0.0619371
574159,18,1,209892,58648,51348,151244,312244,0,0,0,0,0.0601256
574172,36,1,211851,58123,50525,153728,307314,0,0,0,0,0.0622124
574175,36,1,219879,61336,53652,158543,327488,0,0,0,0,0.0614188
574178,36,1,223369,62603,54705,160766,334649,0,0,0,0,0.067152
574190,18,1,226573,63567,55333,163006,336612,0,0,0,0,0.07581
574191,18,1,207037,57220,49702,149817,303175,0,0,0,0,0.0630056
574194,18,1,223619,61772,53854,161847,327010,0,0,0,0,0.069598
574199,18,1,195245,52387,46168,142858,274291,0,0,0,0,0.0615659
574212,36,1,221243,61165,53321,160078,325040,0,0,0,0,0.0690828
574215,36,1,237343,66458,58130,170885,354908,0,0,0,0,0.0653101
574218,36,1,215563,59320,52385,156243,315495,0,0,0,0,0.059893
574220,18,1,229258,64172,55798,165086,338395,0,0,0,0,0.0715927
574221,18,1,203490,56562,49156,146928,299815,0,0,0,0,0.0637769
574224,18,1,214618,59731,52157,154887,317796,0,0,0,0,0.0620665
574229,18,1,188270,51035,44827,137235,269255,0,0,0,0,0.0556152
574242,36,1,205261,56505,49158,148756,300661,0,0,0,0,0.0679728
574245,36,1,230228,64303,55888,165925,343116,0,0,0,0,0.0631308
574248,36,1,207093,56798,49810,150295,301682,0,0,0,0,0.0637205
574270,18,1,178686,48233,42121,130453,253207,0,0,0,0,0.0716196
574271,18,1,192143,51989,44839,140154,271730,0,0,0,0,0.0589061
574272,18,1,184465,49807,43008,134658,261484,0,0,0,0,0.0621984
574273,18,1,178434,48566,42211,129868,256843,0,0,0,0,0.0619433
574274,18,1,205541,56863,49593,148678,302342,0,0,0,0,0.060674
574275,18,1,212166,58394,50941,153772,308405,0,0,0,0,0.0736586
574276,18,2,235040,66379,58928,168649,355921,1,0,0,0,0.182692
574277,18,1,170403,45804,40264,124599,241910,0,0,0,0,0.0864836
574278,18,1,190276,51350,45046,138926,269695,0,0,0,0,0.0598545
574279,18,1,190212,51349,45030,138863,269751,0,0,0,0,0.0543869
574550,18,1,203669,56192,49719,147477,296584,0,0,0,0,0.0968878
574551,18,1,208243,57349,49867,150894,299557,0,0,0,0,0.0689528
574552,18,1,197988,54367,47083,143621,285672,0,0,0,0,0.0690849
574553,18,1,195071,53833,46776,141238,284698,0,0,0,0,0.0693419
574554,18,1,216986,60312,52864,156674,319100,0,0,0,0,0.0657671
574555,18,1,225280,62650,55060,162630,330046,0,0,0,0,0.0713358
574556,18,1,232666,64355,56302,168311,337182,0,0,0,0,0.0862955
574557,18,1,195957,53475,46706,142482,282174,0,0,0,0,0.0698793
574558,18,1,199845,54460,47640,145385,285617,0,0,0,0,0.0720659
574559,18,1,199450,54358,47545,145092,285042,0,0,0,0,0.0699179
574620,36,1,182630,49917,43756,132713,264432,0,0,0,0,0.0548296
574621,36,1,189988,51594,45251,138394,271936,0,0,0,0,0.0595524
574622,36,1,196240,53752,46771,142488,284196,0,0,0,0,0.0623159
574623,36,1,203705,57185,50520,146520,305971,0,0,0,0,0.0764765
574624,36,1,213341,58970,51528,154371,313327,0,0,0,0,0.0596306
574625,36,1,201630,55979,48690,145651,298430,0,0,0,0,0.0594083
574626,36,1,225132,63262,55148,161870,338018,0,0,0,0,0.0660731
574627,36,1,199530,55249,47906,144281,293602,0,0,0,0,0.0579655
574628,36,1,204504,57238,49741,147266,306045,0,0,0,0,0.0616558
574629,36,1,190274,52763,45561,137511,281313,0,0,0,0,0.0608607
574680,36,1,203639,56420,49033,147219,300791,0,0,0,0,0.0576124
574681,36,1,215112,59458,51625,155654,315019,0,0,0,0,0.0714875
574682,36,1,221511,61683,53035,159828,327129,0,0,0,0,0.0645938
574683,36,1,221719,63080,55291,158639,338723,0,0,0,0,0.0761743
574684,36,1,209722,57817,50707,151905,308328,0,0,0,0,0.0630976
574685,36,1,207025,56696,49617,150329,301175,0,0,0,0,0.0583803
574686,36,1,228037,64076,55522,163961,342377,0,0,0,0,0.063926
574687,36,1,199417,54776,47787,144641,290717,0,0,0,0,0.0589216
574688,36,1,206870,57557,50139,149313,307054,0,0,0,0,0.0622151
574689,36,1,194984,53989,46480,140995,287934,0,0,0,0,0.0606117
574730,36,1,204768,56642,49849,148126,299928,0,0,0,0,0.0578129
574731,36,1,209247,57351,50304,151896,302017,0,0,0,0,0.0594142
574732,36,1,210938,58300,50560,152638,308641,0,0,0,0,0.062755
574733,36,1,208757,59116,51674,149641,315476,0,0,0,0,0.0741378
574734,36,1,194868,53615,46687,141253,284000,0,0,0,0,0.0576512
574735,36,1,203431,55865,48734,147566,296021,0,0,0,0,0.0582096
574736,36,1,210093,58099,50307,151994,308811,0,0,0,0,0.0562207
574737,36,1,205031,56878,49480,148153,302211,0,0,0,0,0.0591491
574738,36,1,216315,60235,52109,156080,320402,0,0,0,0,0.0595749
574739,36,1,215859,60051,52132,155808,319004,0,0,0,0,0.060015
574770,36,1,202034,56317,49234,145717,298843,0,0,0,0,0.0651317
574771,36,1,214489,58379,50848,156110,307441,0,0,0,0,0.0589298
574772,36,1,218395,60256,52124,158139,318969,0,0,0,0,0.0586615
574773,36,1,221706,61476,53148,160230,326115,0,0,0,0,0.0615047
574774,36,1,223575,61839,53731,161736,327366,0,0,0,0,0.097682
574775,36,1,236486,65645,56904,170841,348266,0,0,0,0,0.0929539
574776,36,1,221443,61898,54259,159545,330287,0,0,0,0,0.0730112
574777,36,1,203769,56447,49556,147322,300452,0,0,0,0,0.058348
574778,36,1,214710,58611,51352,156099,310078,0,0,0,0,0.0609332
574779,36,1,210936,57477,50550,153459,302734,0,0,0,0,0.056298
574800,36,1,209671,58493,51008,151178,309298,0,0,0,0,0.0782744
574801,36,1,213393,58542,50922,154851,308327,0,0,0,0,0.0614399
574802,36,1,204865,56674,48945,148191,300666,0,0,0,0,0.0653295
574803,36,1,196064,53507,46410,142557,282928,0,0,0,0,0.0579265
574804,36,1,214334,59484,51772,154850,316020,0,0,0,0,0.0568872
574805,36,1,230852,64488,55640,166364,342795,0,0,0,0,0.0606871
574806,36,1,216129,60466,52912,155663,322602,0,0,0,0,0.076238
574807,36,1,194274,53618,47095,140656,284982,0,0,0,0,0.0821994
574808,36,1,208940,56963,49958,151977,301363,0,0,0,0,0.077941
574809,36,1,202993,55321,48512,147672,292420,0,0,0,0,0.0634049
574820,36,1,200189,55689,48371,144500,293881,0,0,0,0,0.0842014
574821,36,1,203195,56107,48595,147088,294594,0,0,0,0,0.0667425
574822,36,1,194818,53426,46229,141392,281532,0,0,0,0,0.0602711
574823,36,1,173610,47107,40774,126503,248477,0,0,0,0,0.0590151
574824,36,1,208421,58179,50675,150242,309474,0,0,0,0,0.0657302
574825,36,1,216151,60214,52565,155937,318667,0,0,0,0,0.0633185
574826,36,1,207547,57951,50398,149596,306786,0,0,0,0,0.0631333
574827,36,1,184626,50835,44202,133791,269540,0,0,0,0,0.0571083
574828,36,1,199001,54548,47706,144453,287207,0,0,0,0,0.0601037
574829,36,1,199017,54570,47728,144447,287367,0,0,0,0,0.0588591
575120,6,1,189589,51419,45844,138170,271688,0,0,0,0,0.108145
575121,18,1,186650,51918,45038,134732,277161,0,0,0,0,0.0840669
575124,18,1,212617,60054,53699,152563,321618,0,0,0,0,0.097049
575129,18,1,204200,58313,51585,145887,313700,0,0,0,0,0.0874113
575130,6,1,192268,53401,47111,138867,285215,0,0,0,0,0.0821834
575131,18,1,185734,51801,44599,133933,277484,0,0,0,0,0.0629595
575134,18,1,209271,58829,51629,150442,314591,0,0,0,0,0.0616326
575139,18,1,192015,53765,46455,138250,288510,0,0,0,0,0.0585522
575140,6,1,191951,53308,47036,138643,284698,0,0,0,0,0.0952682
575141,18,1,185742,51770,44597,133972,277280,0,0,0,0,0.0847743
575144,18,1,209372,58833,51651,150539,314586,0,0,0,0,0.0632502
575149,18,1,191855,53720,46441,138135,288264,0,0,0,0,0.0637351
575150,6,1,191963,53323,47042,138640,284820,0,0,0,0,0.0828232
575151,18,1,210248,60554,52285,149694,326341,0,0,0,0,0.0646422
575154,18,1,223470,63857,55532,159613,341674,0,0,0,0,0.0714393
575159,18,1,181595,50914,43966,130681,273856,0,0,0,0,0.0678666
575160,18,1,164948,45546,39139,119402,243669,0,0,0,0,0.059175
575161,18,1,181979,50622,44074,131357,271319,0,0,0,0,0.0620736
575164,18,1,197923,55063,48251,142860,294380,0,0,0,0,0.0671473
575169,18,1,196656,55300,48799,141356,296203,0,0,0,0,0.0875807
575182,36,1,193514,54321,47244,139193,291633,0,0,0,0,0.0614655
575185,36,1,203927,57200,49568,146727,306813,0,0,0,0,0.0628454
575188,36,1,197735,54104,46982,143631,286834,0,0,0,0,0.0630302
575190,6,1,190101,50935,45064,139166,267363,0,0,0,0,0.0924867
575191,18,1,190201,52374,45612,137827,277588,0,0,0,0,0.0810985
575194,18,2,284991,79213,69901,205765,418845,1,0,0,0,0.134361
575199,18,2,280312,78000,68704,202299,412974,1,0,0,0,0.128225
575200,6,1,190070,50898,45038,139172,267112,0,0,0,0,0.0674773
575201,18,1,189827,52235,45504,137592,276753,0,0,0,0,0.0570846
575204,18,2,284908,79199,69889,205696,418803,1,0,0,0,0.140801
575209,18,2,280323,77999,68718,202311,412954,1,0,0,0,0.1871
575210,6,1,190159,50938,45075,139221,267353,0,0,0,0,0.0653518
575211,18,1,212184,58367,51234,153817,307685,0,0,0,0,0.056149
575214,18,1,225086,61930,54860,163156,325609,0,0,0,0,0.0576052
575219,18,1,171796,46288,40614,125508,244183,0,0,0,0,0.0486009
575220,18,1,163784,43732,38355,120052,229951,0,0,0,0,0.0460664
575221,18,1,184937,50040,44186,134897,263322,0,0,0,0,0.0514086
575224,18,2,196620,53273,46546,143335,280469,1,0,0,0,0.110978
575229,18,1,194737,53615,47306,141122,283745,0,0,0,0,0.067942
575242,36,1,198537,54636,47871,143901,289824,0,0,0,0,0.0559735
575245,36,1,208015,57344,50224,150671,303858,0,0,0,0,0.0574943
575248,36,1,204576,55847,48610,148729,294322,0,0,0,0,0.0572558
575250,6,1,189715,51421,45658,138294,271279,0,0,0,0,0.0713478
575251,18,1,165803,44888,39418,120915,237365,0,0,0,0,0.0533969
575254,18,2,246144,68270,60329,177862,360609,1,0,0,0,0.145672
575259,18,2,239461,66021,58122,173427,348604,1,0,0,0,0.132234
575260,6,1,189560,51381,45627,138179,271055,0,0,0,0,0.0683269
575261,18,1,177766,47927,42219,129839,252397,0,0,0,0,0.0498383
575264,18,1,188789,51592,45246,137197,272770,0,0,0,0,0.0531615
575269,18,2,242968,66898,58071,176059,355566,1,0,0,0,0.120699
575270,18,1,176030,47661,41447,128369,251784,0,0,0,0,0.0497721
575271,18,1,210077,57725,50523,152352,303738,0,0,0,0,0.0571928
575274,18,2,280875,77652,68044,203210,412572,1,0,0,0,0.125196
575279,18,2,247663,68593,60083,179058,364871,1,0,0,0,0.121301
575292,36,1,188943,51796,45546,137147,274819,0,0,0,0,0.0520334
575295,36,1,211739,58083,51030,153656,307352,0,0,0,0,0.0556376
575298,36,2,243595,67751,59090,175833,361260,1,0,0,0,0.117332
575300,6,1,189518,51386,45655,138132,271094,0,0,0,0,0.0685193
575301,18,1,192358,51805,45701,140553,270950,0,0,0,0,0.0545139
575304,18,1,185311,50353,44357,134958,265779,0,0,0,0,0.064909
575309,18,1,166872,44747,39015,122125,235164,0,0,0,0,0.0472017
575310,18,1,176013,47672,41461,128341,251848,0,0,0,0,0.0504446
575311,18,2,272331,76456,67279,195862,407116,1,0,0,0,0.139424
575314,18,1,186263,50088,44073,136175,263033,0,0,0,0,0.0620597
575319,18,2,243206,67462,59132,175732,359403,1,0,0,0,0.138832
575332,36,1,198709,54476,47960,144233,288145,0,0,0,0,0.07611
575335,36,1,212893,58259,50835,154634,307938,0,0,0,0,0.0582438
575338,36,1,188140,51223,44468,136917,270206,0,0,0,0,0.0530928
575340,18,1,182983,48950,43142,134033,255738,0,0,0,0,0.0562051
575341,18,1,183061,48949,43149,134112,255668,0,0,0,0,0.057159
575344,18,1,177032,46460,40623,130572,240823,0,0,0,0,0.050958
575349,18,1,168685,45507,39576,123178,240096,0,0,0,0,0.0661219
575362,36,1,197071,53780,47044,143291,283219,0,0,0,0,0.0579487
575365,36,1,205044,55738,48739,149306,292752,0,0,0,0,0.0550555
575368,36,1,195477,53369,46430,142108,281910,0,0,0,0,0.0528334
575390,18,2,275420,74929,66537,200478,393566,1,0,0,0,0.129618
575391,18,2,275353,74907,66520,200433,393443,1,0,0,0,0.149707
575392,18,1,165575,43886,38199,121689,230331,0,0,0,0,0.0506272
575393,18,1,195470,53672,47710,141798,283696,0,0,0,0,0.0725044
575394,18,2,252822,68082,60344,184727,355940,1,0,0,0,0.132198
575395,18,1,176720,46765,40792,129955,244099,0,0,0,0,0.0481434
575396,18,1,189833,50649,44449,139184,264284,0,0,0,0,0.0548151
575397,18,1,168443,45266,39472,123177,238156,0,0,0,0,0.0478158
575398,18,1,174315,46833,40942,127482,246125,0,0,0,0,0.0558885
575399,18,1,168031,45404,39479,122627,239546,0,0,0,0,0.0549567
575410,6,1,211730,58685,52051,153045,311841,0,0,0,0,0.0747797
575411,18,1,203538,56743,49279,146795,302535,0,0,0,0,0.0571573
575414,18,2,227433,64252,57542,163168,344987,1,0,0,0,0.122201
575419,18,2,284281,80636,71490,203633,434211,1,0,0,0,0.14252
575420,6,1,211519,58582,51987,152937,311174,0,0,0,0,0.0751272
575421,18,1,203276,56625,49194,146651,301798,0,0,0,0,0.0595601
575424,18,2,227327,64196,57484,163118,344604,1,0,0,0,0.121499
575429,18,2,284233,80590,71481,203631,433887,1,0,0,0,0.136718
575430,6,1,211477,58577,51987,152900,311149,0,0,0,0,0.0760039
575431,18,1,225992,64743,56266,161249,346583,0,0,0,0,0.065954
575434,18,1,236870,67234,58669,169636,357227,0,0,0,0,0.0653212
575439,18,1,198765,55878,48505,142887,298897,0,0,0,0,0.0620552
575440,18,1,185889,51422,44497,134467,273734,0,0,0,0,0.0544551
575441,18,1,196950,54624,47759,142326,290802,0,0,0,0,0.0550963
575444,18,1,209492,57705,50472,151787,305131,0,0,0,0,0.0585615
575449,18,1,212433,59541,52564,152892,317038,0,0,0,0,0.073792
575462,36,1,208798,58259,50851,150539,310458,0,0,0,0,0.0575471
575465,36,1,217193,60569,52907,156624,322171,0,0,0,0,0.0621695
575468,36,1,209810,57689,50158,152121,304315,0,0,0,0,0.0619479
575470,6,1,211719,56692,49684,155027,298819,0,0,0,0,0.0736136
575471,18,1,207607,56759,48939,150848,301202,0,0,0,0,0.0678202
575474,18,2,201497,55197,48576,146287,291880,1,0,0,0,0.170905
575479,18,2,310720,86489,76522,224218,459943,1,0,0,0,0.195232
575480,6,1,211925,56709,49716,155216,298785,0,0,0,0,0.0712008
575481,18,1,207427,56684,48890,150743,300714,0,0,0,0,0.0572261
575484,18,2,201428,55181,48564,146234,291805,1,0,0,0,0.114033
575489,18,2,310676,86479,76510,224184,459898,1,0,0,0,0.138149
575490,6,1,212193,56777,49761,155416,299157,0,0,0,0,0.0748525
575491,18,1,229969,62765,54911,167204,331643,0,0,0,0,0.0618809
575494,18,1,244578,66958,58797,177620,352468,0,0,0,0,0.0624397
575499,18,1,193481,52153,45409,141328,275662,0,0,0,0,0.0531401
575500,18,1,181882,48584,42191,133298,256545,0,0,0,0,0.0516353
575501,18,2,275879,76189,66727,199677,407246,1,0,0,0,0.13238
575504,18,2,287876,79898,70381,207965,426205,1,0,0,0,0.193211
575509,18,1,216100,58532,51622,157568,308963,0,0,0,0,0.106955
575522,36,1,217701,60188,52346,157513,321288,0,0,0,0,0.091373
575525,36,1,228789,63346,55420,165443,336907,0,0,0,0,0.0903249
575528,36,1,221558,60834,52918,160724,321486,0,0,0,0,0.0863411
575530,6,1,195568,52970,47065,142598,280438,0,0,0,0,0.101
575531,18,1,169983,45615,39926,124368,241482,0,0,0,0,0.0862778
575534,18,1,196735,53950,47336,142785,284939,0,0,0,0,0.0807403
575539,18,1,188730,51192,45027,137538,269526,0,0,0,0,0.0815954
575540,6,1,195392,52920,47024,142472,280165,0,0,0,0,0.108635
575541,18,1,183146,49221,43405,133925,260520,0,0,0,0,0.0668183
575544,18,1,206496,57067,50073,149429,303493,0,0,0,0,0.0989721
575549,18,1,194757,52895,46631,141862,278872,0,0,0,0,0.0857519
575550,18,1,181904,49432,42917,132472,262493,0,0,0,0,0.0795354
575551,18,1,210145,57658,50378,152487,305131,0,0,0,0,0.0760153
575554,18,2,291959,81521,71911,210425,436316,1,0,0,0,0.196549
575559,18,1,197405,54192,47376,143213,286989,0,0,0,0,0.0783469
575572,36,1,195052,53583,46984,141469,285981,0,0,0,0,0.0696884
575575,36,1,221523,61414,53301,160109,326804,0,0,0,0,0.0594801
575578,36,1,217245,59991,51973,157254,318084,0,0,0,0,0.0640889
575580,6,1,195394,52953,47026,142441,280395,0,0,0,0,0.0971052
575581,18,1,204572,55156,48898,149416,289204,0,0,0,0,0.0763694
575584,18,1,211308,58517,51573,152791,311197,0,0,0,0,0.0676884
575589,18,1,196086,53132,46583,142954,279450,0,0,0,0,0.0599974
575590,18,1,182033,49499,42971,132534,262922,0,0,0,0,0.0666968
575591,18,1,223386,61567,54025,161819,324915,0,0,0,0,0.0834553
575594,18,1,212042,57537,50320,154505,304001,0,0,0,0,0.0690401
575599,18,1,198096,53960,47000,144136,284602,0,0,0,0,0.0537485
575612,36,1,206626,56830,49986,149796,302348,0,0,0,0,0.0598394
575615,36,1,223080,61605,53535,161475,327463,0,0,0,0,0.0825495
575618,36,1,216560,59596,51548,156964,315366,0,0,0,0,0.084462
575620,18,2,339336,94238,83239,245085,501339,1,0,0,0,0.21994
575621,18,2,339080,94179,83207,244888,501017,1,0,0,0,0.21022
575624,18,1,196768,52598,46036,144170,275858,0,0,0,0,0.08103
575629,18,1,186569,50385,43912,136184,264338,0,0,0,0,0.074513
575642,36,1,199912,54254,47378,145658,286575,0,0,0,0,0.0703278
575645,36,1,217962,59743,52251,158219,316562,0,0,0,0,0.0845256
575648,36,1,216139,59545,51798,156594,315206,0,0,0,0,0.0819862
575670,18,2,236162,65182,58123,170968,346414,1,0,0,0,0.181714
575671,18,2,235927,65121,58058,170794,346091,1,0,0,0,0.181286
575672,18,1,174772,46263,40481,128509,243593,0,0,0,0,0.0770718
575673,18,1,200263,54545,48443,145718,289143,0,0,0,0,0.102852
575674,18,1,191380,51075,44772,140305,266744,0,0,0,0,0.0528667
575675,18,1,197173,53206,46793,143967,280302,0,0,0,0,0.0726918
575676,18,1,204004,56053,49066,147951,297618,0,0,0,0,0.0842128
575677,18,2,244723,67938,59783,176772,362181,1,0,0,0,0.159587
575678,18,1,202199,56003,48888,146196,296826,0,0,0,0,0.0614235
575679,18,1,195113,53192,46183,141921,279770,0,0,0,0,0.064383
575700,6,1,199088,55150,48684,143938,293812,0,0,0,0,0.111296
575701,18,1,171214,46993,40949,124221,250421,0,0,0,0,0.0752083
575704,18,1,211805,59296,51592,152509,315557,0,0,0,0,0.089034
575709,18,1,222809,62660,55003,160149,333801,0,0,0,0,0.0883421
575710,6,1,199057,55152,48688,143905,293824,0,0,0,0,0.113289
575711,18,2,291182,81977,72749,209192,440780,1,0,0,0,0.212041
575714,18,1,205037,57778,50684,147259,309050,0,0,0,0,0.0653047
575719,18,1,212439,59326,51902,153113,315170,0,0,0,0,0.0778134
575720,18,1,181488,50155,43417,131333,268154,0,0,0,0,0.0776937
575721,18,1,186958,50932,44472,136026,269582,0,0,0,0,0.0683471
575724,18,2,284791,82212,72603,202566,444753,1,0,0,0,0.181653
575729,18,1,217435,59764,52134,157671,314810,0,0,0,0,0.0727101
575742,36,1,191962,52964,46406,138998,282614,0,0,0,0,0.0616379
575745,36,1,221797,62595,54258,159202,334832,0,0,0,0,0.0614973
575748,36,1,215293,60293,52217,155000,321072,0,0,0,0,0.0854511
575760,6,1,214659,59314,51982,155345,315802,0,0,0,0,0.0854023
575761,18,1,192049,52873,45237,139176,281560,0,0,0,0,0.0618466
575764,18,2,264573,74519,65645,190041,398197,1,0,0,0,0.159686
575769,18,2,240426,67204,59636,173210,358436,1,0,0,0,0.127755
575770,6,1,214554,59299,51997,155255,315733,0,0,0,0,0.0743438
575771,18,1,210657,58493,50581,152164,310931,0,0,0,0,0.068772
575774,18,1,209825,58497,50390,151328,310974,0,0,0,0,0.0899351
575779,18,1,206295,56088,48923,150207,294178,0,0,0,0,0.0831625
575780,18,1,193326,53679,45982,139647,286751,0,0,0,0,0.0693959
575781,18,2,222798,61931,54241,160856,331869,1,0,0,0,0.118751
575784,18,2,270818,75260,66525,195545,402435,1,0,0,0,0.170524
575789,18,1,221120,60096,52079,161024,314658,0,0,0,0,0.0673841
575802,36,1,203679,56271,48914,147408,299559,0,0,0,0,0.0678558
575805,36,1,226295,63045,55061,163250,335742,0,0,0,0,0.076075
575808,36,1,213989,58846,51118,155143,309948,0,0,0,0,0.0744928
575810,6,1,201242,55368,48206,145874,294410,0,0,0,0,0.0690265
575811,18,1,177587,48465,41437,129122,257376,0,0,0,0,0.051431
575814,18,2,270734,76017,67157,194705,406384,1,0,0,0,0.131115
575819,18,2,268543,74974,66347,193558,400108,1,0,0,0,0.127704
575820,6,1,200975,55262,48071,145713,293748,0,0,0,0,0.0681703
575821,18,1,198947,55464,48099,143483,296473,0,0,0,0,0.0543962
575824,18,1,214468,59527,52012,154941,316384,0,0,0,0,0.0578016
575829,18,2,227784,63878,56434,163893,342774,1,0,0,0,0.11621
575830,18,1,180805,50018,43060,130787,267288,0,0,0,0,0.0512817
575831,18,2,219167,60640,53081,158514,324638,1,0,0,0,0.122384
575834,18,2,263068,72721,64552,190334,387739,1,0,0,0,0.125054
575839,18,2,317065,88944,78133,228109,474881,1,0,0,0,0.140866
575852,36,1,189464,51743,44873,137721,275272,0,0,0,0,0.0514583
575855,36,1,217977,60294,52634,157683,320115,0,0,0,0,0.0579673
575858,36,2,315357,89132,78305,226213,478338,1,0,0,0,0.133716
575860,6,1,190064,51098,45140,138966,269589,0,0,0,0,0.082872
575861,18,2,263620,74053,65235,189554,397670,1,0,0,0,0.140534
575864,18,2,245518,69800,61672,175705,376090,1,0,0,0,0.134983
575869,18,2,230690,64238,56456,166440,343902,1,0,0,0,0.131828
575870,18,1,176103,48366,41967,127737,257442,0,0,0,0,0.062039
575871,18,2,280640,78009,68674,202618,417886,1,0,0,0,0.132024
575874,18,2,294480,83226,73000,211241,447543,1,0,0,0,0.13337
575879,18,1,194120,52546,45981,141574,276770,0,0,0,0,0.0551215
575892,36,1,212524,59256,52051,153268,316681,0,0,0,0,0.0566837
575895,36,1,221760,62395,54332,159365,333884,0,0,0,0,0.0592484
575898,36,2,282620,79270,70000,203337,424720,1,0,0,0,0.164364
575900,18,2,246840,68531,60815,178296,364818,1,0,0,0,0.140463
575901,18,1,194669,52842,45946,141827,277754,0,0,0,0,0.054978
575904,18,1,206471,56899,49595,149572,300158,0,0,0,0,0.0665434
575909,18,2,264205,72407,63737,191786,383416,1,0,0,0,0.162506
575922,36,1,203716,55884,48453,147832,295323,0,0,0,0,0.0572362
575925,36,1,215310,60258,52276,155052,321047,0,0,0,0,0.05848
575928,36,2,286162,79486,69804,206663,424403,1,0,0,0,0.140513
575950,18,2,235715,64497,57348,171205,341858,1,0,0,0,0.148563
575951,18,2,252701,70204,62244,182484,374011,1,0,0,0,0.135678
575952,18,2,227445,63329,55968,164103,338618,1,0,0,0,0.122521
575953,18,1,208351,56545,49638,151806,296662,0,0,0,0,0.0574437
575954,18,2,254172,70665,62747,183494,375675,1,0,0,0,0.130187
575955,18,2,285713,80451,71119,205249,431366,1,0,0,0,0.143762
575956,18,2,258374,72947,64596,185414,391666,1,0,0,0,0.146182
575957,18,2,197219,53782,47530,143424,284973,1,0,0,0,0.129463
575958,18,1,200427,54375,47647,146052,286456,0,0,0,0,0.0685433
575959,18,1,185090,50161,43882,134929,263877,0,0,0,0,0.0524305
575990,6,1,198873,55074,48633,143799,293358,0,0,0,0,0.075915
575991,18,2,299605,84631,75211,214961,454967,1,0,0,0,0.167074
575994,18,1,210443,59844,52541,150599,321334,0,0,0,0,0.0710653
575999,18,1,198538,55485,48089,143053,295856,0,0,0,0,0.0601108
576000,18,1,181384,50134,43411,131250,268036,0,0,0,0,0.0605093
576001,18,1,200616,54703,47932,145913,289009,0,0,0,0,0.0595909
576004,18,1,207308,57949,50447,149359,308328,0,0,0,0,0.0642106
576009,18,1,202878,55996,48764,146882,296538,0,0,0,0,0.0628331
576022,36,1,205754,56924,50113,148830,303225,0,0,0,0,0.062718
576025,36,1,221539,62632,54203,158907,335575,0,0,0,0,0.0658075
576028,36,1,203985,57113,49683,146872,305027,0,0,0,0,0.0604951
576050,6,1,214500,59287,52029,155213,315668,0,0,0,0,0.0821648
576051,18,1,225221,62923,54587,162298,334118,0,0,0,0,0.0642892
576054,18,1,209775,58099,50047,151676,309422,0,0,0,0,0.062049
576059,18,1,195588,53257,46296,142331,281356,0,0,0,0,0.0705857
576060,18,1,193340,53686,45991,139654,286801,0,0,0,0,0.0737549
576061,18,2,201672,55620,48817,146039,297217,1,0,0,0,0.141375
576064,18,1,210221,57674,50649,152547,304875,0,0,0,0,0.0914497
576069,18,1,203724,55147,47943,148577,290744,0,0,0,0,0.0826133
576082,36,1,222234,61144,53080,161090,324053,0,0,0,0,0.0639751
576085,36,1,228832,63451,55548,165381,338331,0,0,0,0,0.0596197
576088,36,1,201637,55466,48065,146171,294497,0,0,0,0,0.0525425
576100,6,1,201055,55281,48088,145774,293834,0,0,0,0,0.0711355
576101,18,1,220236,61782,53675,158454,330197,0,0,0,0,0.0582189
576104,18,1,217363,60030,52573,157333,318952,0,0,0,0,0.0570558
576109,18,2,308639,86725,76233,221901,464079,1,0,0,0,0.135955
576110,18,1,180711,49995,43034,130716,267174,0,0,0,0,0.0523412
576111,18,2,229875,64110,56217,165752,344158,1,0,0,0,0.118874
576114,18,2,239276,66954,59445,172309,358639,1,0,0,0,0.120156
576119,18,1,212240,58570,51128,153670,309147,0,0,0,0,0.0547836
576132,36,1,208120,57397,50067,150723,305630,0,0,0,0,0.055084
576135,36,1,220801,60979,53157,159822,324006,0,0,0,0,0.0583238
576138,36,1,211898,58994,50808,152904,313475,0,0,0,0,0.0617001
576140,6,1,190149,51102,45132,139047,269623,0,0,0,0,0.108639
576141,18,1,197549,54160,47447,143389,287609,0,0,0,0,0.0757136
576144,18,2,240284,68225,59927,172046,367977,1,0,0,0,0.138601
576149,18,1,195659,53464,46989,142195,282570,0,0,0,0,0.0580329
576150,18,1,175683,48241,41823,127442,256791,0,0,0,0,0.0626868
576151,18,1,192328,52601,45680,139727,279478,0,0,0,0,0.0548044
576154,18,1,217234,60027,52141,157207,319433,0,0,0,0,0.0644351
576159,18,1,194583,52588,45842,141995,277278,0,0,0,0,0.0547913
576172,36,1,213602,59293,51832,154309,316745,0,0,0,0,0.0622495
576175,36,1,223868,62946,54927,160922,336497,0,0,0,0,0.0642609
576178,36,2,283574,79256,69917,204305,424800,1,0,0,0,0.141647
576180,18,2,246496,68438,60766,178045,364335,1,0,0,0,0.130829
576181,18,1,194615,52844,45931,141771,277807,0,0,0,0,0.0541964
576184,18,1,206267,56835,49566,149432,299810,0,0,0,0,0.0534211
576189,18,2,264040,72373,63716,191655,383256,1,0,0,0,0.128456
576202,36,1,188760,51478,44791,137282,273040,0,0,0,0,0.0503344
576205,36,1,214072,59306,51304,154766,314887,0,0,0,0,0.05609
576208,36,2,281949,78073,68636,203863,416989,1,0,0,0,0.135251
576230,18,2,235325,64411,57285,170901,341432,1,0,0,0,0.128492
576231,18,2,252682,70196,62236,182473,373972,1,0,0,0,0.122339
576232,18,1,189616,51668,44959,137948,274083,0,0,0,0,0.0528947
576233,18,1,188909,50960,44720,137949,269177,0,0,0,0,0.0580514
576234,18,2,254234,70695,62776,183526,375845,1,0,0,0,0.127152
576235,18,2,281688,78648,69319,203027,420749,1,0,0,0,0.138817
576236,18,2,250985,70643,62707,180329,378713,1,0,0,0,0.133851
576237,18,2,194253,52861,46782,141379,280142,1,0,0,0,0.120748
576238,18,1,198926,53858,47129,145068,284440,0,0,0,0,0.0609143
576239,18,1,184788,50084,43836,134704,263490,0,0,0,0,0.0516025
576280,18,1,200204,54627,47753,145577,288525,0,0,0,0,0.055308
576281,18,1,204584,55568,48771,149016,291778,0,0,0,0,0.0571045
576284,18,2,261997,75663,66893,186321,409207,1,0,0,0,0.14251
576289,18,1,194086,53716,46598,140370,285388,0,0,0,0,0.0553717
576302,36,1,203082,56003,48659,147079,297057,0,0,0,0,0.0592842
576305,36,1,219700,62136,53936,157564,333125,0,0,0,0,0.0553367
576308,36,1,212839,59888,51978,152951,320733,0,0,0,0,0.0571377
576340,18,1,209371,57512,50128,151859,305356,0,0,0,0,0.0608503
576341,18,1,223125,61190,53399,161935,322424,0,0,0,0,0.0834456
576344,18,1,207378,56483,49690,150895,297773,0,0,0,0,0.0678142
576349,18,1,193107,52332,45295,140775,276887,0,0,0,0,0.0798118
576362,36,1,213360,58374,50522,154986,308045,0,0,0,0,0.0784787
576365,36,1,230809,63923,56071,166886,339915,0,0,0,0,0.0624185
576368,36,1,212825,58415,51047,154410,310272,0,0,0,0,0.081921
576390,18,1,210905,58390,50704,152515,311017,0,0,0,0,0.0640366
576391,18,1,219233,60498,52541,158735,320543,0,0,0,0,0.0666598
576394,18,1,215976,59423,52084,156553,313395,0,0,0,0,0.0626459
576399,18,1,219634,60827,53099,158807,321667,0,0,0,0,0.0601479
576412,36,1,208115,57066,49427,151049,302569,0,0,0,0,0.0579138
576415,36,1,229333,63671,55347,165662,339338,0,0,0,0,0.0607537
576418,36,1,223099,62143,54010,160956,331229,0,0,0,0,0.0799432
576430,18,1,213735,59267,51900,154468,314461,0,0,0,0,0.0761787
576431,18,1,201003,54834,47765,146169,290940,0,0,0,0,0.0639335
576434,18,1,217391,59745,52042,157646,317066,0,0,0,0,0.0622271
576439,18,1,199064,53886,47130,145178,283677,0,0,0,0,0.0626375
576452,36,1,217279,60005,52363,157274,320881,0,0,0,0,0.0806996
576455,36,1,233075,64703,56340,168372,345241,0,0,0,0,0.0718133
576458,36,1,216076,59776,52564,156300,318748,0,0,0,0,0.0583291
576460,18,1,221599,61388,53693,160211,324616,0,0,0,0,0.0690024
576461,18,1,205152,56571,49127,148581,300711,0,0,0,0,0.057068
576464,18,1,221019,61119,53237,159900,324461,0,0,0,0,0.0815329
576469,18,1,198944,53875,47141,145069,283658,0,0,0,0,0.0731287
576482,36,1,203180,55660,48361,147520,296898,0,0,0,0,0.0723844
576485,36,1,225521,62225,54051,163296,331299,0,0,0,0,0.0820475
576488,36,1,214697,58690,51341,156007,311395,0,0,0,0,0.0575491
576510,18,1,169606,45615,39902,123991,241042,0,0,0,0,0.061708
576511,18,1,190812,51689,45196,139123,272295,0,0,0,0,0.0717908
576512,18,1,180355,48927,42584,131428,259527,0,0,0,0,0.0764996
576513,18,1,182806,49829,43551,132977,264731,0,0,0,0,0.0610419
576514,18,1,205550,56584,49430,148966,300268,0,0,0,0,0.0692708
576515,18,1,202396,55501,48601,146895,294728,0,0,0,0,0.0711655
576516,18,2,253919,71261,63163,182645,382018,1,0,0,0,0.159866
576517,18,1,191350,51744,45785,139606,271687,0,0,0,0,0.0579778
576518,18,1,201358,54568,47787,146790,286443,0,0,0,0,0.0640025
576519,18,1,191395,52131,45785,139264,275659,0,0,0,0,0.0567038
576790,18,1,195352,53045,46715,142307,280257,0,0,0,0,0.0827176
576791,18,1,205154,56202,49072,148952,295014,0,0,0,0,0.0652813
576792,18,1,190974,52189,45395,138785,275620,0,0,0,0,0.0652837
576793,18,1,180454,49094,42547,131360,260124,0,0,0,0,0.0610303
576794,18,2,269655,76155,66932,193487,408196,1,0,0,0,0.145525
576795,18,2,261179,73881,64917,187285,396727,1,0,0,0,0.139288
576796,18,2,262616,74282,65470,188321,398759,1,0,0,0,0.139378
576797,18,1,205819,55577,48590,150242,289032,0,0,0,0,0.0677699
576798,18,1,197690,53608,46878,144082,281800,0,0,0,0,0.0622179
576799,18,1,185708,50367,44057,135341,266019,0,0,0,0,0.0591452
576920,36,1,202268,55909,48103,146359,297527,0,0,0,0,0.0611693
576921,36,1,215116,59473,51544,155643,315020,0,0,0,0,0.0579087
576922,36,1,211817,59079,50628,152738,314715,0,0,0,0,0.0584214
576923,36,1,222005,62523,54593,159482,334346,0,0,0,0,0.0726416
576924,36,1,219442,60328,53030,159114,319845,0,0,0,0,0.057273
576925,36,1,211249,57923,50471,153326,307011,0,0,0,0,0.0574303
576926,36,1,230810,64911,55738,165899,346860,0,0,0,0,0.0618548
576927,36,1,199692,55007,47912,144685,292198,0,0,0,0,0.0525945
576928,36,1,208112,57865,49646,150247,308446,0,0,0,0,0.0601539
576929,36,1,191944,52927,45269,139017,281629,0,0,0,0,0.0550228
576970,36,1,199843,55357,47988,144486,294955,0,0,0,0,0.0573363
576971,36,1,203935,56685,49077,147250,301918,0,0,0,0,0.0587222
576972,36,1,197687,54726,46947,142961,291572,0,0,0,0,0.0572299
576973,36,1,208502,58974,51194,149528,316816,0,0,0,0,0.0718745
576974,36,1,209050,57256,49938,151794,302784,0,0,0,0,0.0585033
576975,36,1,205187,56400,49573,148787,299101,0,0,0,0,0.0544037
576976,36,1,212329,58681,50766,153648,312240,0,0,0,0,0.0572546
576977,36,1,203144,55866,48758,147278,296167,0,0,0,0,0.0538525
576978,36,1,208316,57996,50094,150320,308593,0,0,0,0,0.0550629
576979,36,1,207391,57300,49444,150091,302973,0,0,0,0,0.0570531
577010,36,1,190218,52581,45588,137637,280078,0,0,0,0,0.0613831
577011,36,1,208841,56956,49315,151885,302532,0,0,0,0,0.0547348
577012,36,1,205297,56384,48671,148913,300117,0,0,0,0,0.0569544
577013,36,1,213043,59048,50634,153995,315499,0,0,0,0,0.0588695
577014,36,1,214803,59250,51200,155553,314994,0,0,0,0,0.0552867
577015,36,2,284692,80491,70834,204188,432759,1,0,0,0,0.131968
577016,36,1,218616,61097,52665,157519,327059,0,0,0,0,0.0706054
577017,36,2,223205,61809,54438,161384,330769,1,0,0,0,0.121339
577018,36,1,216077,59599,51789,156478,316176,0,0,0,0,0.0586777
577019,36,1,200384,54801,47590,145583,289282,0,0,0,0,0.0556575
577040,36,1,199751,55191,47841,144560,293045,0,0,0,0,0.0626231
577041,36,1,213279,58575,50529,154704,311269,0,0,0,0,0.0566796
577042,36,1,197550,54256,46932,143294,288596,0,0,0,0,0.0657488
577043,36,1,192289,52908,45597,139381,282091,0,0,0,0,0.0582641
577044,36,1,216303,59855,51842,156448,318069,0,0,0,0,0.0587804
577045,36,2,273321,77102,67818,196206,414189,1,0,0,0,0.159897
577046,36,1,212208,59335,51674,152873,317316,0,0,0,0,0.0693165
577047,36,1,204343,56138,49436,148205,298069,0,0,0,0,0.0638417
577048,36,1,211497,57520,50189,153977,303717,0,0,0,0,0.0741776
577049,36,1,199929,54698,47551,145231,288785,0,0,0,0,0.0775058
577060,36,1,192314,52743,45752,139571,278690,0,0,0,0,0.0666653
577061,36,1,206091,57078,49415,149013,302004,0,0,0,0,0.0605345
577062,36,1,194288,53979,46823,140309,287481,0,0,0,0,0.057277
577063,36,1,176149,48275,41487,127874,256861,0,0,0,0,0.0542478
577064,36,1,216809,60569,52470,156240,322024,0,0,0,0,0.0604109
577065,36,1,212705,59149,51305,153556,314444,0,0,0,0,0.058122
577066,36,1,203602,56904,49239,146698,303704,0,0,0,0,0.0616104
577067,36,1,202208,55274,48382,146934,291173,0,0,0,0,0.0731639
577068,36,1,203201,55624,48749,147577,293100,0,0,0,0,0.0576067
577069,36,1,192380,52281,45723,140099,276299,0,0,0,0,0.054907
577370,6,1,191815,53271,47432,138544,284416,0,0,0,0,0.0871254
577371,18,1,183194,50537,44110,132657,269569,0,0,0,0,0.0656474
577374,18,2,322083,91584,81646,230486,491384,1,0,0,0,0.162671
577379,18,1,185006,50424,44379,134582,266743,0,0,0,0,0.0744182
577380,6,1,191897,53295,47447,138602,284554,0,0,0,0,0.0983919
577381,18,1,183201,50531,44099,132670,269525,0,0,0,0,0.0698982
577384,18,2,321981,91521,81584,230447,491014,1,0,0,0,0.159173
577389,18,1,185181,50448,44407,134733,266810,0,0,0,0,0.061014
577390,6,1,191839,53279,47442,138560,284452,0,0,0,0,0.0914533
577391,18,1,207992,58304,51687,149688,311122,0,0,0,0,0.0867801
577394,18,1,219979,61482,54735,158497,325919,0,0,0,0,0.0678924
577399,18,1,175499,47529,41749,127970,252194,0,0,0,0,0.0612478
577400,18,1,171333,47200,41189,124133,251556,0,0,0,0,0.0730867
577401,18,1,182224,49777,43548,132447,264840,0,0,0,0,0.0846459
577404,18,1,195684,53280,46833,142404,281897,0,0,0,0,0.0609965
577409,18,1,194290,54327,48478,139963,290254,0,0,0,0,0.0872258
577422,36,1,188480,52542,46544,135938,281566,0,0,0,0,0.0599437
577425,36,1,197093,54852,48692,142241,292896,0,0,0,0,0.0642617
577428,36,1,198818,55231,48546,143587,294152,0,0,0,0,0.0671431
577430,6,1,213197,58878,52374,154319,311789,0,0,0,0,0.120495
577431,18,1,204607,56777,49550,147830,301002,0,0,0,0,0.0730326
577434,18,2,203189,55561,48794,147616,293927,1,0,0,0,0.123466
577439,18,2,205832,56421,49693,149398,298597,1,0,0,0,0.122475
577440,6,1,213180,58831,52361,154349,311443,0,0,0,0,0.0878223
577441,18,1,204310,56690,49479,147620,300505,0,0,0,0,0.0713399
577444,18,2,203048,55528,48764,147508,293744,1,0,0,0,0.1302
577449,18,2,205811,56410,49662,149388,298523,1,0,0,0,0.126899
577450,6,1,213171,58819,52345,154352,311355,0,0,0,0,0.084954
577451,18,1,228798,63573,56218,165225,336148,0,0,0,0,0.0657044
577454,18,2,282720,80253,71275,202454,431196,1,0,0,0,0.138903
577459,18,1,191662,52065,45792,139597,273999,0,0,0,0,0.0597431
577460,18,1,192311,52665,46240,139646,278324,0,0,0,0,0.0606713
577461,18,2,268493,75018,66437,193462,401883,1,0,0,0,0.139291
577464,18,2,274818,76715,67994,198090,409303,1,0,0,0,0.178516
577469,18,1,217272,60326,53556,156946,319100,0,0,0,0,0.108408
577482,36,1,209022,58179,51367,150843,309219,0,0,0,0,0.0694389
577485,36,1,217025,60513,53411,156512,320652,0,0,0,0,0.0822824
577488,36,1,222619,62776,54825,159843,333027,0,0,0,0,0.0845983
577490,6,1,174890,46763,41737,128127,247430,0,0,0,0,0.0784778
577491,18,1,154732,41512,36685,113220,220596,0,0,0,0,0.0564602
577494,18,1,187632,51266,45654,136366,270587,0,0,0,0,0.0651166
577499,18,1,202216,55397,49324,146819,292603,0,0,0,0,0.0595436
577500,6,1,174876,46759,41737,128117,247406,0,0,0,0,0.0841346
577501,18,1,173567,46797,41676,126770,248316,0,0,0,0,0.0625108
577504,18,1,192720,52965,47195,139755,280470,0,0,0,0,0.0639908
577509,18,1,193038,52737,46869,140301,279136,0,0,0,0,0.0569212
577510,18,1,171142,45582,40003,125560,240940,0,0,0,0,0.0608868
577511,18,1,191951,52051,46247,139900,274394,0,0,0,0,0.0728636
577514,18,2,274513,75835,66735,198665,405227,1,0,0,0,0.160204
577519,18,1,192803,53103,47142,139700,281873,0,0,0,0,0.078514
577532,36,1,178390,48099,42941,130291,255680,0,0,0,0,0.0668465
577535,36,1,210488,58348,51509,152140,310936,0,0,0,0,0.0735183
577538,36,2,263686,74328,65699,189345,399835,1,0,0,0,0.137923
577540,6,1,174865,46756,41726,128109,247388,0,0,0,0,0.0820628
577541,18,1,190539,51037,45535,139502,267484,0,0,0,0,0.0588052
577544,18,1,195571,53638,47971,141933,284113,0,0,0,0,0.0728796
577549,18,1,191619,52146,46292,139473,274799,0,0,0,0,0.0835218
577550,18,1,171329,45637,40052,125692,241258,0,0,0,0,0.0624046
577551,18,1,205949,55895,49721,150054,293509,0,0,0,0,0.065185
577554,18,2,254712,70447,62363,184252,376144,1,0,0,0,0.157988
577559,18,1,192636,53031,46941,139605,280588,0,0,0,0,0.0653685
577572,36,1,190508,51603,45962,138905,273819,0,0,0,0,0.0659139
577575,36,1,215185,59332,52489,155853,315460,0,0,0,0,0.0651624
577578,36,2,268204,75857,66878,192334,407883,1,0,0,0,0.13513
577580,18,2,250295,68422,60371,181860,363850,1,0,0,0,0.142373
577581,18,2,250150,68380,60336,181757,363605,1,0,0,0,0.14039
577584,18,2,261088,71625,63424,189450,378202,1,0,0,0,0.128604
577589,18,2,247836,67763,60017,180060,357453,1,0,0,0,0.130616
577602,36,1,186529,49812,44059,136717,262051,0,0,0,0,0.0606993
577605,36,1,212817,58440,51472,154377,309717,0,0,0,0,0.0578524
577608,36,1,209723,57613,50696,152110,305158,0,0,0,0,0.077233
577630,18,1,163977,43383,38755,120594,227878,0,0,0,0,0.0608039
577631,18,1,163993,43378,38743,120615,227827,0,0,0,0,0.0530176
577632,18,1,163598,43418,38421,120180,229618,0,0,0,0,0.0566335
577633,18,1,179007,47786,42856,131221,252357,0,0,0,0,0.0765806
577634,18,1,191266,51595,45707,139671,269937,0,0,0,0,0.0540777
577635,18,1,190848,51856,46081,138992,273619,0,0,0,0,0.0556775
577636,18,1,190400,51692,45979,138708,273599,0,0,0,0,0.0568498
577637,18,2,318382,88026,77787,230343,468612,1,0,0,0,0.148544
577638,18,1,185919,50903,45252,135016,269400,0,0,0,0,0.0603168
577639,18,1,176083,48470,43096,127613,256181,0,0,0,0,0.0599635
577660,6,1,224951,63778,56070,161173,342750,0,0,0,0,0.0831158
577661,18,1,204631,56812,48733,147819,303495,0,0,0,0,0.0602335
577664,18,1,224853,62839,54704,162014,335166,0,0,0,0,0.0630542
577669,18,1,223459,61441,53664,162018,326132,0,0,0,0,0.0574759
577670,6,1,224988,63790,56077,161198,342819,0,0,0,0,0.081973
577671,18,1,228552,64216,55686,164336,343018,0,0,0,0,0.0790473
577674,18,1,219922,61410,53544,158512,327780,0,0,0,0,0.0645353
577679,18,1,212679,59325,51656,153354,316161,0,0,0,0,0.0636828
577680,18,1,202819,56814,49106,146005,304853,0,0,0,0,0.0598646
577681,18,1,216945,59715,51737,157230,316731,0,0,0,0,0.0618088
577684,18,1,196280,53864,47154,142416,286647,0,0,0,0,0.0802663
577689,18,1,203723,55834,49066,147889,295293,0,0,0,0,0.0728524
577702,36,1,209964,58148,50572,151816,310467,0,0,0,0,0.0576302
577705,36,1,224553,62281,54139,162272,332639,0,0,0,0,0.0612412
577708,36,1,223152,62752,54082,160400,335546,0,0,0,0,0.0581235
577720,6,1,223979,62501,55055,161478,332628,0,0,0,0,0.0756835
577721,18,1,194955,53923,46120,141032,287062,0,0,0,0,0.0547596
577724,18,2,262207,73835,65444,188360,394183,1,0,0,0,0.129944
577729,18,2,245017,68713,60952,176292,367075,1,0,0,0,0.131749
577730,6,1,223942,62484,55076,161458,332543,0,0,0,0,0.0814088
577731,18,2,271358,77671,68494,193674,419882,1,0,0,0,0.134415
577734,18,2,275828,78919,69753,196897,425612,1,0,0,0,0.149043
577739,18,1,217314,59686,51713,157628,313601,0,0,0,0,0.0591662
577740,18,1,202714,55887,48548,146827,297128,0,0,0,0,0.0574435
577741,18,2,263173,73923,65227,189238,396524,1,0,0,0,0.179926
577744,18,1,209050,57358,50503,151692,303222,0,0,0,0,0.0842247
577749,18,1,219741,60752,53071,158989,318561,0,0,0,0,0.0842394
577762,36,1,208226,57418,50163,150808,304376,0,0,0,0,0.0857862
577765,36,2,272063,77667,68681,194383,419296,1,0,0,0,0.166232
577768,36,1,223908,62651,53868,161257,332360,0,0,0,0,0.0632342
577770,6,1,193898,53272,46991,140626,284534,0,0,0,0,0.0739725
577771,18,1,168822,46631,40528,122191,250124,0,0,0,0,0.0520035
577774,18,1,202644,57576,49910,145068,308065,0,0,0,0,0.0646631
577779,18,1,206038,56955,49762,149083,301840,0,0,0,0,0.0636274
577780,6,1,193899,53278,47002,140621,284554,0,0,0,0,0.0728334
577781,18,1,184704,51223,44932,133481,273933,0,0,0,0,0.0594213
577784,18,1,214557,60680,53430,153877,325198,0,0,0,0,0.0702127
577789,18,1,205228,56431,49699,148797,299027,0,0,0,0,0.0612433
577790,18,1,176927,48480,42083,128447,259343,0,0,0,0,0.0604694
577791,18,2,362108,98767,85846,263329,526136,1,0,0,0,0.1966
577794,18,2,236562,66834,59122,169715,359785,1,0,0,0,0.130938
577799,18,2,268679,75332,66662,193335,404235,1,0,0,0,0.181531
577812,36,1,185177,50742,44529,134435,271079,0,0,0,0,0.0554874
577815,36,1,220683,61613,53843,159070,329080,0,0,0,0,0.0690366
577818,36,1,217595,60586,52833,157009,322629,0,0,0,0,0.069996
577820,6,1,200016,54167,47875,145849,286791,0,0,0,0,0.102482
577821,18,1,185691,50450,44244,135241,267285,0,0,0,0,0.067217
577824,18,1,213150,59929,52678,153221,319508,0,0,0,0,0.0824188
577829,18,1,210026,57553,50629,152473,305350,0,0,0,0,0.0708167
577830,18,1,181901,49764,42990,132137,264711,0,0,0,0,0.0793553
577831,18,1,185736,50744,44231,134992,269963,0,0,0,0,0.0592315
577834,18,2,227988,64036,56574,163939,344701,1,0,0,0,0.136087
577839,18,1,211800,57611,50130,154189,304975,0,0,0,0,0.0806122
577852,36,1,197639,54457,47437,143182,289999,0,0,0,0,0.0679891
577855,36,1,232973,65487,57114,167486,349967,0,0,0,0,0.0656579
577858,36,1,224848,63021,54819,161827,336214,0,0,0,0,0.0628532
577860,18,1,195944,53065,46482,142879,279224,0,0,0,0,0.0638858
577861,18,1,181879,48869,42458,133010,257078,0,0,0,0,0.0679535
577864,18,2,264776,73528,64839,191235,391035,1,0,0,0,0.16183
577869,18,1,198437,53332,46316,145105,280422,0,0,0,0,0.0749371
577882,36,1,194040,52772,45371,141268,279266,0,0,0,0,0.0790599
577885,36,1,219872,60797,53148,159075,321953,0,0,0,0,0.0708581
577888,36,1,225885,62472,54560,163413,331193,0,0,0,0,0.0817071
577910,18,1,178884,47801,41806,131083,251153,0,0,0,0,0.0807957
577911,18,1,186535,49400,43426,137135,258005,0,0,0,0,0.0696283
577912,18,1,188340,50435,44168,137905,265307,0,0,0,0,0.0670811
577913,18,1,185138,49108,43310,136030,256967,0,0,0,0,0.0834328
577914,18,2,358036,99562,87813,258461,527492,1,0,0,0,0.157179
577915,18,2,218068,61616,54663,156439,331377,1,0,0,0,0.147348
577916,18,1,206381,55488,48828,150893,289831,0,0,0,0,0.0839483
577917,18,2,265949,74752,65960,191184,398935,1,0,0,0,0.186842
577918,18,1,225346,60961,53140,164385,319760,0,0,0,0,0.0620991
577919,18,1,203185,55560,48209,147625,293500,0,0,0,0,0.0827949
577950,6,1,224535,63648,55984,160887,341975,0,0,0,0,0.118173
577951,18,1,241118,67546,58768,173572,359025,0,0,0,0,0.0897298
577954,18,1,216099,60342,52674,155757,322091,0,0,0,0,0.074503
577959,18,1,199307,55537,48138,143770,297001,0,0,0,0,0.0592773
577960,18,1,202812,56815,49121,145997,304834,0,0,0,0,0.0699789
577961,18,1,223703,61536,53359,162167,325525,0,0,0,0,0.081763
577964,18,1,190445,52289,45780,138156,278478,0,0,0,0,0.0625878
577969,18,1,187348,51512,45311,135836,273747,0,0,0,0,0.0625626
577982,36,1,216601,59958,52195,156643,319499,0,0,0,0,0.0655482
577985,36,1,220795,61306,53489,159489,328334,0,0,0,0,0.0721162
577988,36,1,211270,59181,51068,152089,317117,0,0,0,0,0.0668249
578010,6,1,223833,62455,55064,161378,332367,0,0,0,0,0.0801445
578011,18,2,279735,80277,70934,199445,434121,1,0,0,0,0.138662
578014,18,1,217330,59987,52190,157343,318496,0,0,0,0,0.0645931
578019,18,1,201950,55744,48388,146206,295132,0,0,0,0,0.0575115
578020,18,1,202808,55930,48579,146878,297389,0,0,0,0,0.057431
578021,18,2,270059,75918,66950,194129,407098,1,0,0,0,0.129122
578024,18,1,203735,55381,48592,148354,292610,0,0,0,0,0.0570344
578029,18,1,203068,55792,48756,147276,294047,0,0,0,0,0.0655683
578042,36,1,217284,59680,52175,157604,315744,0,0,0,0,0.0609962
578045,36,1,228850,63209,55199,165641,336144,0,0,0,0,0.0618041
578048,36,1,211086,59133,50895,151953,315447,0,0,0,0,0.059685
578060,6,1,193548,53170,46918,140378,283931,0,0,0,0,0.0832
578061,18,1,200955,55520,48650,145435,295248,0,0,0,0,0.0569364
578064,18,1,212160,58813,51970,153347,313222,0,0,0,0,0.0593337
578069,18,1,203597,55560,49078,148037,293170,0,0,0,0,0.0546379
578070,18,1,176581,48410,42026,128171,259013,0,0,0,0,0.0550767
578071,18,2,375369,103016,89941,272341,548733,1,0,0,0,0.166101
578074,18,2,240483,68137,60498,172333,367092,1,0,0,0,0.127448
578079,18,2,247888,69986,61989,177890,376076,1,0,0,0,0.16102
578092,36,1,197232,54059,47612,143173,288268,0,0,0,0,0.0754855
578095,36,1,221488,61380,53499,160108,327133,0,0,0,0,0.0592544
578098,36,1,218149,60586,52894,157563,322004,0,0,0,0,0.057754
578100,6,1,200281,54210,47899,146071,286971,0,0,0,0,0.0924265
578101,18,1,187065,50367,44265,136698,266490,0,0,0,0,0.0604232
578104,18,1,212440,59033,51996,153407,314434,0,0,0,0,0.07217
578109,18,1,211020,57826,50899,153194,306832,0,0,0,0,0.0634284
578110,18,1,181845,49737,42971,132108,264559,0,0,0,0,0.0659729
578111,18,1,189213,51753,45265,137460,276034,0,0,0,0,0.0572311
578114,18,1,211471,58051,50834,153420,307367,0,0,0,0,0.0664027
578119,18,1,216623,58815,51224,157808,311052,0,0,0,0,0.0609323
578132,36,1,198144,54119,47092,144025,287878,0,0,0,0,0.0558907
578135,36,1,233313,65518,57268,167795,350565,0,0,0,0,0.06392
578138,36,1,228252,63951,55691,164301,341396,0,0,0,0,0.0871108
578140,18,1,196224,53100,46492,143124,279318,0,0,0,0,0.0738883
578141,18,1,181535,48836,42447,132699,256968,0,0,0,0,0.0711842
578144,18,2,264571,73497,64824,191061,390916,1,0,0,0,0.161441
578149,18,1,198489,53351,46335,145138,280587,0,0,0,0,0.0592907
578162,36,1,185323,50487,43271,134836,268566,0,0,0,0,0.0769463
578165,36,1,211260,58597,51081,152663,311685,0,0,0,0,0.0611918
578168,36,1,221270,61377,53435,159893,327039,0,0,0,0,0.0584682
578190,18,1,178871,47803,41807,131068,251171,0,0,0,0,0.058133
578191,18,1,186067,49378,43389,136689,258124,0,0,0,0,0.0504602
578192,18,1,179075,48191,41935,130884,255596,0,0,0,0,0.055556
578193,18,1,169767,45313,40065,124454,239808,0,0,0,0,0.0595283
578194,18,2,358057,99593,87840,258451,527705,1,0,0,0,0.155752
578195,18,2,208549,58427,51655,150109,314053,1,0,0,0,0.123361
578196,18,1,192729,52241,46072,140488,274988,0,0,0,0,0.0548072
578197,18,1,211615,57488,50849,154127,302009,0,0,0,0,0.0564494
578198,18,1,219562,59700,52272,159862,315223,0,0,0,0,0.0582836
578199,18,1,203054,55569,48204,147485,293715,0,0,0,0,0.0566362
578240,18,2,249767,71749,63127,178006,387828,1,0,0,0,0.135652
578241,18,2,212473,59991,53144,152469,321891,1,0,0,0,0.12253
578244,18,1,186388,51443,44834,134945,273942,0,0,0,0,0.0599429
578249,18,1,182407,50118,43785,132289,266803,0,0,0,0,0.0613058
578262,36,1,210209,58079,50170,152130,309266,0,0,0,0,0.0610385
578265,36,1,220123,61268,53582,158855,327398,0,0,0,0,0.0607773
578268,36,1,212456,59186,51407,153270,316300,0,0,0,0,0.0604911
578300,18,1,222911,61679,53788,161232,327303,0,0,0,0,0.0571753
578301,18,2,376514,106655,93632,269846,570255,1,0,0,0,0.154807
578304,18,1,205753,56356,49209,149397,298619,0,0,0,0,0.0621403
578309,18,1,196209,53892,46992,142317,285091,0,0,0,0,0.0629898
578322,36,1,218341,60267,52166,158074,319489,0,0,0,0,0.060528
578325,36,1,228385,62967,55193,165418,333832,0,0,0,0,0.063995
578328,36,1,214923,59372,51779,155551,315732,0,0,0,0,0.0605015
578350,18,2,231753,63849,56194,167891,342381,1,0,0,0,0.166918
578351,18,2,233921,64521,57000,169387,345768,1,0,0,0,0.147156
578354,18,2,251113,70907,62901,180193,381615,1,0,0,0,0.154785
578359,18,2,254819,72117,64203,182690,387127,1,0,0,0,0.140906
578372,36,1,194964,53112,46546,141852,281885,0,0,0,0,0.0549574
578375,36,1,225533,62282,54206,163251,331129,0,0,0,0,0.0574288
578378,36,1,225244,62636,54807,162608,333866,0,0,0,0,0.0748445
578390,18,1,219259,60511,52596,158748,321108,0,0,0,0,0.080951
578391,18,1,186554,50518,43974,136036,268066,0,0,0,0,0.0558023
578394,18,1,212095,58343,50941,153752,308242,0,0,0,0,0.0787142
578399,18,2,202296,55560,49006,146723,296289,1,0,0,0,0.119522
578412,36,1,211595,58491,51178,153104,313144,0,0,0,0,0.0615524
578415,36,1,229636,63812,56015,165824,340645,0,0,0,0,0.0651826
578418,36,1,234955,65575,57891,169380,350203,0,0,0,0,0.0642172
578420,18,1,220312,60463,52668,159849,319110,0,0,0,0,0.0732662
578421,18,1,183128,49362,42987,133766,261399,0,0,0,0,0.0556554
578424,18,1,212659,58355,50858,154304,308154,0,0,0,0,0.0597879
578429,18,2,272689,76269,67374,196407,407974,1,0,0,0,0.169741
578442,36,1,201212,54872,47582,146340,292560,0,0,0,0,0.0604146
578445,36,1,224154,62079,54412,162075,330948,0,0,0,0,0.0650269
578448,36,1,230952,63842,56215,167110,339475,0,0,0,0,0.0620518
578470,18,1,174762,46392,40236,128370,244346,0,0,0,0,0.0622763
578471,18,1,185490,50129,43665,135361,264285,0,0,0,0,0.0743441
578472,18,1,176516,47820,41500,128696,253826,0,0,0,0,0.0614474
578473,18,1,166029,44566,39164,121463,236836,0,0,0,0,0.0600376
578474,18,1,205844,56793,49732,149051,301771,0,0,0,0,0.0752406
578475,18,1,202687,55800,48896,146887,296309,0,0,0,0,0.0630407
578476,18,1,188225,51489,45079,136736,272878,0,0,0,0,0.0567888
578477,18,1,204348,55976,49460,148372,295827,0,0,0,0,0.0614521
578478,18,1,219805,60498,53006,159307,320058,0,0,0,0,0.0643918
578479,18,1,209395,57718,50387,151677,306570,0,0,0,0,0.0854286
578750,18,1,205138,56019,49377,149119,296741,0,0,0,0,0.114085
578751,18,1,198391,54331,47428,144060,285921,0,0,0,0,0.0649868
578752,18,1,184398,50028,43528,134370,264030,0,0,0,0,0.0627717
578753,18,1,177393,48222,41776,129171,256067,0,0,0,0,0.0671765
578754,18,1,212970,59845,52461,153125,318886,0,0,0,0,0.0711945
578755,18,1,212635,59899,52671,152736,319852,0,0,0,0,0.0724285
578756,18,1,210902,59387,51888,151515,317716,0,0,0,0,0.0752599
578757,18,1,220857,60120,52699,160737,316065,0,0,0,0,0.0706057
578758,18,1,220840,60465,53313,160375,319498,0,0,0,0,0.0647165
578759,18,1,208750,57256,50532,151494,303905,0,0,0,0,0.0630286
578930,36,1,178165,48522,42291,129643,258362,0,0,0,0,0.0527284
578931,36,1,192828,53152,46492,139676,283465,0,0,0,0,0.0623119
578932,36,1,189008,51930,45092,137078,277221,0,0,0,0,0.0823932
578933,36,1,199808,55415,48854,144393,297013,0,0,0,0,0.101907
578934,36,1,204923,55542,48779,149381,292977,0,0,0,0,0.0573031
578935,36,1,203874,56098,49498,147776,298249,0,0,0,0,0.0565389
578936,36,1,211557,59173,51777,152384,316876,0,0,0,0,0.0591361
578937,36,1,206037,56760,49777,149277,301603,0,0,0,0,0.0624266
578938,36,1,205232,57307,50283,147925,306396,0,0,0,0,0.0779048
578939,36,1,196247,53833,46800,142414,285489,0,0,0,0,0.0732802
578970,36,1,201883,56113,48809,145770,299524,0,0,0,0,0.0717888
578971,36,1,202942,55201,48216,147741,292694,0,0,0,0,0.0576931
578972,36,1,204177,56190,49290,147987,299724,0,0,0,0,0.0610897
578973,36,1,204413,56797,49798,147616,303696,0,0,0,0,0.0589775
578974,36,1,220538,61188,53380,159350,326290,0,0,0,0,0.0588067
578975,36,1,227433,63230,55328,164203,337059,0,0,0,0,0.0618204
578976,36,1,221835,62135,54392,159700,332172,0,0,0,0,0.0600144
578977,36,1,232836,64911,57358,167925,345441,0,0,0,0,0.0662315
578978,36,1,238854,66262,57993,172592,352099,0,0,0,0,0.0636227
578979,36,1,219902,60819,52959,159083,322443,0,0,0,0,0.0592378
579000,36,1,208780,58162,50777,150618,309362,0,0,0,0,0.0753211
579001,36,1,200142,54301,47451,145841,287384,0,0,0,0,0.0575638
579002,36,1,193673,53535,46796,140138,286276,0,0,0,0,0.0590523
579003,36,1,186747,51499,45025,135248,275438,0,0,0,0,0.0579166
579004,36,1,220040,60859,52912,159181,324141,0,0,0,0,0.0597646
579005,36,1,225282,62965,55082,162317,336271,0,0,0,0,0.0612371
579006,36,1,211365,59022,51494,152343,315226,0,0,0,0,0.0616575
579007,36,1,227024,62598,55037,164426,332951,0,0,0,0,0.0606449
579008,36,1,235297,65319,57144,169978,347705,0,0,0,0,0.0792
579009,36,1,213378,59019,51431,154359,314400,0,0,0,0,0.0560292
579020,36,1,206163,57599,49732,148564,307041,0,0,0,0,0.068094
579021,36,1,199621,54971,47879,144650,291304,0,0,0,0,0.0596389
579022,36,1,191476,52700,45764,138776,280600,0,0,0,0,0.0566483
579023,36,1,170464,46565,40092,123899,248639,0,0,0,0,0.0582965
579024,36,1,220159,62299,54211,157860,333513,0,0,0,0,0.0614197
579025,36,1,219279,62031,54098,157248,332317,0,0,0,0,0.061477
579026,36,1,197108,55119,47493,141989,294361,0,0,0,0,0.0592909
579027,36,1,207575,56695,49580,150880,300253,0,0,0,0,0.059601
579028,36,1,229296,64387,55997,164909,342721,0,0,0,0,0.063246
579029,36,1,218501,61697,53742,156804,330226,0,0,0,0,0.0636617
579340,6,1,209643,58996,52164,150647,314623,0,0,0,0,0.0830296
579341,18,1,189193,52253,45132,136940,277462,0,0,0,0,0.0594922
579344,18,1,214087,58867,51213,155220,310561,0,0,0,0,0.0618387
579349,18,1,204791,55862,48729,148929,294224,0,0,0,0,0.0599763
579350,6,1,209531,58973,52160,150558,314493,0,0,0,0,0.0822029
579351,18,1,209002,58247,50607,150755,310189,0,0,0,0,0.0597792
579354,18,1,215811,59690,51930,156121,316610,0,0,0,0,0.060014
579359,18,1,206794,57289,49735,149505,304549,0,0,0,0,0.0609447
579360,18,1,193395,53751,46449,139644,286462,0,0,0,0,0.0585347
579361,18,1,203026,55660,48568,147366,294041,0,0,0,0,0.0609491
579364,18,1,202614,55213,48244,147401,291185,0,0,0,0,0.0558405
579369,18,1,189843,52074,45649,137769,275794,0,0,0,0,0.0590007
579382,36,1,189369,52505,45631,136864,279519,0,0,0,0,0.0562065
579385,36,1,215425,59044,51132,156381,312992,0,0,0,0,0.0569304
579388,36,1,214696,59619,51833,155077,317100,0,0,0,0,0.0563485
579400,6,1,207689,58343,51028,149346,312043,0,0,0,0,0.0854256
579401,18,1,181014,49789,42514,131225,265299,0,0,0,0,0.057321
579404,18,2,238191,66463,59038,171716,354035,1,0,0,0,0.127667
579409,18,2,239499,66659,59289,172829,355176,1,0,0,0,0.127776
579410,6,1,207816,58394,51053,149422,312333,0,0,0,0,0.0756366
579411,18,1,200514,55960,48542,144554,298770,0,0,0,0,0.0563278
579414,18,2,269021,76632,67817,192376,412516,1,0,0,0,0.138111
579419,18,1,199416,54630,47531,144786,289256,0,0,0,0,0.0600008
579420,18,1,189880,52598,45372,137282,281004,0,0,0,0,0.0561399
579421,18,2,275146,76563,67359,198570,410073,1,0,0,0,0.135117
579424,18,1,200458,54804,47680,145654,289176,0,0,0,0,0.0547041
579429,18,1,199833,54479,47635,145354,286661,0,0,0,0,0.0670964
579442,36,1,188800,51911,44917,136889,276426,0,0,0,0,0.0645288
579445,36,1,211698,58574,50798,153124,311079,0,0,0,0,0.0593581
579448,36,1,206876,57620,49554,149256,307221,0,0,0,0,0.0607846
579450,6,1,196226,53539,47141,142687,285109,0,0,0,0,0.0813979
579451,18,1,174389,48080,41486,126309,257231,0,0,0,0,0.0563064
579454,18,1,205819,58202,50693,147617,310989,0,0,0,0,0.0610804
579459,18,1,206092,56868,49911,149224,301554,0,0,0,0,0.065736
579460,6,1,195942,53510,47109,142432,285043,0,0,0,0,0.0886026
579461,18,2,254276,70221,61535,184042,377375,1,0,0,0,0.165489
579464,18,1,205400,57422,50504,147978,306871,0,0,0,0,0.0607515
579469,18,1,200482,54743,47950,145739,290358,0,0,0,0,0.0570903
579470,18,1,172707,47059,40854,125648,250959,0,0,0,0,0.0539869
579471,18,2,247647,67470,59028,180164,360658,1,0,0,0,0.14508
579474,18,2,270253,75673,67027,194568,405976,1,0,0,0,0.139896
579479,18,2,262483,73656,64933,188814,395555,1,0,0,0,0.136474
579492,36,1,177128,48401,42356,128727,258346,0,0,0,0,0.0533598
579495,36,1,209288,57654,50530,151634,307043,0,0,0,0,0.0551582
579498,36,1,205269,56541,49560,148728,300807,0,0,0,0,0.0555298
579500,6,1,184325,49498,43317,134827,262642,0,0,0,0,0.0886532
579501,18,1,181723,49358,43397,132365,262476,0,0,0,0,0.061428
579504,18,1,191592,54081,47658,137511,289915,0,0,0,0,0.0702609
579509,18,1,188083,50818,44486,137265,268343,0,0,0,0,0.0720055
579510,18,1,166020,45343,39051,120677,242342,0,0,0,0,0.0631112
579511,18,1,182350,49608,43259,132742,264189,0,0,0,0,0.0558817
579514,18,2,307077,85502,75051,221562,458039,1,0,0,0,0.171868
579519,18,1,186252,50305,43844,135947,265665,0,0,0,0,0.0601737
579532,36,1,189132,51952,45425,137180,277358,0,0,0,0,0.0624935
579535,36,1,212246,59169,51989,153077,317038,0,0,0,0,0.0635546
579538,36,1,204471,56582,49229,147889,301206,0,0,0,0,0.0634854
579540,18,1,184638,50195,43912,134443,266204,0,0,0,0,0.0884401
579541,18,1,185372,50031,43978,135341,263419,0,0,0,0,0.0533516
579544,18,1,193488,52472,45736,141016,276271,0,0,0,0,0.0534793
579549,18,1,183848,49232,42922,134616,257405,0,0,0,0,0.0589702
579562,36,1,194646,53666,46718,140980,286590,0,0,0,0,0.0573037
579565,36,1,206311,57129,49992,149182,304410,0,0,0,0,0.0575635
579568,36,1,201649,55050,47872,146599,291252,0,0,0,0,0.0755397
579590,18,1,166941,44820,39179,122121,237482,0,0,0,0,0.0696496
579591,18,2,233616,64162,56818,169441,341952,1,0,0,0,0.144165
579592,18,1,188283,51283,45220,137000,273061,0,0,0,0,0.0624095
579593,18,1,186608,50512,44714,136096,267458,0,0,0,0,0.0615912
579594,18,1,196362,53458,46978,142904,282288,0,0,0,0,0.0606336
579595,18,1,202366,55170,48763,147196,292270,0,0,0,0,0.0589731
579596,18,1,195123,52948,46700,142175,279413,0,0,0,0,0.0587644
579597,18,1,187434,50357,43758,137077,264450,0,0,0,0,0.0535784
579598,18,1,200947,54092,47344,146855,283966,0,0,0,0,0.063717
579599,18,1,185253,50388,44070,134865,264755,0,0,0,0,0.0559941
579630,6,1,209599,59001,52174,150598,314659,0,0,0,0,0.0817892
579631,18,1,224971,62563,54646,162408,330547,0,0,0,0,0.0627249
579634,18,1,216111,59657,51928,156454,315808,0,0,0,0,0.0589846
579639,18,1,212620,59182,51235,153438,315080,0,0,0,0,0.0593444
579640,18,1,193396,53754,46449,139642,286485,0,0,0,0,0.0723162
579641,18,2,280749,80341,70921,200396,432464,1,0,0,0,0.140927
579644,18,1,201037,55107,47927,145930,291682,0,0,0,0,0.0562426
579649,18,1,194359,52823,46267,141536,278852,0,0,0,0,0.058219
579662,36,1,201980,55582,48244,146398,293795,0,0,0,0,0.0642361
579665,36,1,216412,59439,51556,156973,315417,0,0,0,0,0.063162
579668,36,1,218769,60853,52848,157916,323854,0,0,0,0,0.0736152
579690,6,1,207910,58402,51062,149508,312378,0,0,0,0,0.0948997
579691,18,2,319428,90355,79306,229060,485731,1,0,0,0,0.151118
579694,18,2,268695,76291,67075,192391,410634,1,0,0,0,0.193814
579699,18,1,217112,59890,52096,157222,315874,0,0,0,0,0.0701054
579700,18,1,189853,52638,45351,137215,281352,0,0,0,0,0.0790862
579701,18,2,227581,63368,55759,164200,339496,1,0,0,0,0.133018
579704,18,1,210432,57216,49920,153216,300591,0,0,0,0,0.0711142
579709,18,1,213470,58647,51178,154823,307706,0,0,0,0,0.060973
579722,36,1,205200,56591,49102,148609,300463,0,0,0,0,0.059927
579725,36,1,221984,61178,52999,160806,323766,0,0,0,0,0.0650337
579728,36,1,216497,60379,52099,156118,320394,0,0,0,0,0.0706633
579740,6,1,196046,53555,47133,142491,285350,0,0,0,0,0.108636
579741,18,2,269089,74955,65746,194121,402702,1,0,0,0,0.186422
579744,18,1,214725,59271,52139,155454,314425,0,0,0,0,0.0770981
579749,18,1,206363,56344,49583,150019,296720,0,0,0,0,0.065714
579750,18,1,172695,47055,40844,125640,250939,0,0,0,0,0.0732475
579751,18,2,247081,68273,59940,178795,366459,1,0,0,0,0.152266
579754,18,2,194638,53677,47420,140949,286372,1,0,0,0,0.136608
579759,18,2,206108,57527,50629,148568,307781,1,0,0,0,0.13941
579772,36,1,194139,53070,46523,141069,282002,0,0,0,0,0.0591588
579775,36,1,219271,60116,52632,159155,318637,0,0,0,0,0.0561778
579778,36,1,216174,59482,52131,156692,314104,0,0,0,0,0.0585222
579780,6,1,184216,49494,43339,134722,262703,0,0,0,0,0.0870019
579781,18,2,296683,81806,71777,214864,438244,1,0,0,0,0.17234
579784,18,1,198866,55187,48381,143679,294914,0,0,0,0,0.0705009
579789,18,2,305970,84982,75048,220975,454160,1,0,0,0,0.15862
579790,18,1,165858,45304,39035,120554,242155,0,0,0,0,0.0638175
579791,18,2,279189,77490,67722,201686,416457,1,0,0,0,0.157783
579794,18,2,312076,86878,76281,225185,465473,1,0,0,0,0.161793
579799,18,2,305054,84655,74470,220386,451836,1,0,0,0,0.148444
579812,36,1,196314,53919,47154,142395,287645,0,0,0,0,0.0560416
579815,36,1,216132,60015,52370,156117,321333,0,0,0,0,0.0680935
579818,36,2,293794,82946,72704,210836,445787,1,0,0,0,0.169473
579820,18,1,184861,50224,43922,134637,266294,0,0,0,0,0.0734017
579821,18,1,185701,50161,44092,135540,264204,0,0,0,0,0.0605871
579824,18,1,193404,52467,45717,140937,276275,0,0,0,0,0.0625953
579829,18,1,183821,49237,42908,134584,257492,0,0,0,0,0.0616912
579842,36,1,194202,53371,46199,140831,284488,0,0,0,0,0.0778496
579845,36,1,205825,56666,49556,149159,301306,0,0,0,0,0.0715198
579848,36,1,205990,55822,48536,150168,293879,0,0,0,0,0.080775
579870,18,1,166949,44814,39190,122135,237429,0,0,0,0,0.0751232
579871,18,2,233525,64128,56790,169384,341760,1,0,0,0,0.153524
579872,18,1,191059,51858,45550,139201,275462,0,0,0,0,0.0679122
579873,18,1,182556,49159,43653,133397,260160,0,0,0,0,0.0709137
579874,18,1,196328,53462,46976,142866,282325,0,0,0,0,0.0523946
579875,18,2,228191,63833,56554,164346,342989,1,0,0,0,0.13211
579876,18,1,187601,50586,44568,137015,266694,0,0,0,0,0.0684259
579877,18,1,193792,51962,45207,141830,271721,0,0,0,0,0.0655246
579878,18,1,208517,55818,48885,152699,291589,0,0,0,0,0.0616587
579879,18,1,185345,50421,44086,134924,264963,0,0,0,0,0.0609873
579920,18,2,204487,57429,50633,147045,307661,1,0,0,0,0.135192
579921,18,2,207278,58406,51573,148859,313064,1,0,0,0,0.153645
579924,18,2,307737,87870,77611,219854,472160,1,0,0,0,0.16138
579929,18,1,205693,56673,49526,149020,300546,0,0,0,0,0.0617753
579942,36,1,198915,54660,47201,144255,288966,0,0,0,0,0.0900298
579945,36,1,220231,60932,52792,159299,323602,0,0,0,0,0.0854064
579948,36,1,221316,61793,53499,159523,328874,0,0,0,0,0.0658762
579980,18,1,216031,60047,52101,155984,319274,0,0,0,0,0.0572321
579981,18,1,222349,61713,53588,160636,326740,0,0,0,0,0.0601021
579984,18,1,227889,62588,54824,165301,329003,0,0,0,0,0.0665777
579989,18,1,228593,63145,55497,165448,330643,0,0,0,0,0.0772654
