620010,6,1,207044,56665,49891,150379,300783,0,0,0,0,0.084754
620011,18,1,211945,58774,50882,153171,312726,0,0,0,0,0.0576338
620014,18,1,220254,61320,53322,158934,326773,0,0,0,0,0.0577374
620019,18,1,208390,57002,49699,151388,301656,0,0,0,0,0.0574723
620020,18,1,193667,53040,45832,140627,281774,0,0,0,0,0.0553737
620021,18,1,189967,51756,45074,138211,274318,0,0,0,0,0.0511913
620024,18,1,218897,60664,53123,158233,323944,0,0,0,0,0.0599234
620029,18,1,193389,52227,45562,141162,273920,0,0,0,0,0.0505202
620042,36,1,223905,62292,54009,161613,331944,0,0,0,0,0.0563561
620045,36,1,221461,61469,53806,159992,328215,0,0,0,0,0.0585973
620048,36,1,206037,56385,49084,149652,300152,0,0,0,0,0.055557
620060,6,1,187384,51147,45346,136237,271566,0,0,0,0,0.0752301
620061,18,1,200210,55732,48157,144478,298195,0,0,0,0,0.0587143
620064,18,1,204671,56350,48831,148321,299639,0,0,0,0,0.05957
620069,18,1,194206,53091,46165,141115,282539,0,0,0,0,0.0540201
620070,18,1,175633,47733,41212,127900,253785,0,0,0,0,0.0530437
620071,18,1,183034,49952,43594,133082,265529,0,0,0,0,0.0529282
620074,18,1,217949,60303,52376,157646,321923,0,0,0,0,0.057944
620079,18,1,192918,52347,45496,140571,274089,0,0,0,0,0.052462
620092,36,1,212894,59037,51201,153857,315658,0,0,0,0,0.0553997
620095,36,1,216056,59810,52199,156246,318240,0,0,0,0,0.0590694
620098,36,1,199074,54814,47712,144260,292737,0,0,0,0,0.0535048
620100,6,1,169341,45185,39360,124156,238613,0,0,0,0,0.075121
620101,18,2,218308,60398,53234,157898,322494,1,0,0,0,0.1276
620104,18,2,222328,61908,54637,160408,331522,1,0,0,0,0.124539
620109,18,1,177333,47783,41721,129550,253275,0,0,0,0,0.0519665
620110,18,1,158724,42445,36274,116279,224646,0,0,0,0,0.0516075
620111,18,1,186383,50588,43900,135795,268968,0,0,0,0,0.0525705
620114,18,1,196111,53109,46175,143002,281127,0,0,0,0,0.0518745
620119,18,1,192586,52079,45001,140507,270894,0,0,0,0,0.052205
620132,36,1,204294,56775,49776,147519,303192,0,0,0,0,0.0532375
620135,36,1,212722,58825,51629,153897,312806,0,0,0,0,0.0565288
620138,36,1,191370,52352,45637,139018,279037,0,0,0,0,0.0554558
620140,18,1,154492,40749,35312,113743,213275,0,0,0,0,0.0488638
620141,18,1,177200,47506,41330,129694,249766,0,0,0,0,0.0775398
620144,18,1,192782,52323,45697,140459,275438,0,0,0,0,0.0614435
620149,18,1,180730,49059,42891,131671,258528,0,0,0,0,0.0645981
620162,36,1,188012,51456,44466,136556,273801,0,0,0,0,0.0581458
620165,36,1,196077,53872,46846,142205,286785,0,0,0,0,0.0587012
620168,36,1,199743,54455,47332,145288,288647,0,0,0,0,0.0578522
620190,18,1,169690,44871,39304,124819,234047,0,0,0,0,0.0512774
620191,18,1,185259,49573,43722,135686,259367,0,0,0,0,0.0515178
620192,18,1,180541,47706,41661,132835,250414,0,0,0,0,0.04837
620193,18,1,188099,49712,43580,138387,259236,0,0,0,0,0.0510553
620194,18,1,205463,55648,48993,149815,291170,0,0,0,0,0.0710505
620195,18,1,196363,52496,45709,143867,275780,0,0,0,0,0.0708556
620196,18,2,210106,57274,50409,152819,304333,1,0,0,0,0.146191
620197,18,1,189789,50398,44167,139391,263943,0,0,0,0,0.0571813
620198,18,1,196659,52202,45382,144457,269423,0,0,0,0,0.0553896
620199,18,1,193377,51999,46333,141378,273004,0,0,0,0,0.087814
620240,18,1,205390,56898,50033,148492,301626,0,0,0,0,0.0859138
620241,18,1,196911,54850,47604,142061,290362,0,0,0,0,0.0588136
620244,18,1,197487,54363,47438,143124,286991,0,0,0,0,0.0716593
620249,18,1,195542,53614,46556,141928,282282,0,0,0,0,0.0668352
620262,36,1,198975,54825,48158,144150,292398,0,0,0,0,0.0745952
620265,36,1,210518,58636,51282,151882,313524,0,0,0,0,0.0601159
620268,36,1,206512,57911,50212,148601,310684,0,0,0,0,0.0616663
620300,18,1,217840,59968,52336,157872,316037,0,0,0,0,0.0615691
620301,18,1,196780,54128,47299,142652,287221,0,0,0,0,0.059757
620304,18,2,281887,79475,70095,202399,426188,1,0,0,0,0.15916
620309,18,1,187089,50869,44510,136220,268519,0,0,0,0,0.0636826
620322,36,1,214674,59199,51219,155475,314412,0,0,0,0,0.0598731
620325,36,1,228809,63816,55600,164993,341801,0,0,0,0,0.064044
620328,36,1,206271,56488,49315,149783,300973,0,0,0,0,0.057038
620350,18,1,194008,52787,46077,141221,278134,0,0,0,0,0.0570015
620351,18,1,188594,51652,44809,136942,274363,0,0,0,0,0.0596927
620354,18,2,285260,80157,70658,205090,429958,1,0,0,0,0.164826
620359,18,1,188268,51578,45018,136690,273946,0,0,0,0,0.0547461
620372,36,1,201736,55560,48274,146176,296132,0,0,0,0,0.0553942
620375,36,1,223192,61880,53933,161312,330369,0,0,0,0,0.0600513
620378,36,1,200639,54940,47749,145699,293176,0,0,0,0,0.0565226
620390,18,1,182514,49575,42971,132939,261495,0,0,0,0,0.054895
620391,18,1,192528,52457,45440,140071,278679,0,0,0,0,0.061825
620394,18,1,200496,54322,47179,146174,287263,0,0,0,0,0.0568167
620399,18,1,197289,54453,47472,142836,288842,0,0,0,0,0.0569704
620412,36,1,199090,55002,47598,144088,294012,0,0,0,0,0.0542637
620415,36,1,210521,58109,50673,152412,310072,0,0,0,0,0.0547825
620418,36,1,187560,51005,44365,136555,271861,0,0,0,0,0.0724348
620420,18,1,162978,43990,38374,118988,233042,0,0,0,0,0.0567953
620421,18,1,178586,48501,42588,130085,257476,0,0,0,0,0.0704907
620424,18,1,198753,54158,47508,144595,287592,0,0,0,0,0.064719
620429,18,1,192958,52922,46857,140036,281327,0,0,0,0,0.0701918
620442,36,1,190151,52231,45724,137920,279122,0,0,0,0,0.059794
620445,36,1,204015,56462,49585,147553,302249,0,0,0,0,0.0589569
620448,36,1,211234,57956,50605,153278,308495,0,0,0,0,0.0635641
620470,18,1,169449,45248,38999,124201,237368,0,0,0,0,0.0563141
620471,18,1,186494,50436,43813,136058,266012,0,0,0,0,0.0544542
620472,18,1,174412,46406,40411,128006,244225,0,0,0,0,0.052808
620473,18,1,186103,50204,43277,135899,264762,0,0,0,0,0.0520862
620474,18,1,206019,56539,49127,149480,299527,0,0,0,0,0.0595267
620475,18,1,189986,50996,44477,138990,268846,0,0,0,0,0.0562217
620476,18,1,195596,52892,45688,142704,278542,0,0,0,0,0.0536082
620477,18,1,194307,52101,45676,142206,273954,0,0,0,0,0.0576864
620478,18,1,201780,55214,47933,146566,291164,0,0,0,0,0.0577566
620479,18,1,195380,52988,46613,142392,279564,0,0,0,0,0.0727228
620750,18,1,175399,47725,41588,127674,250987,0,0,0,0,0.0655604
620751,18,1,192666,52870,46627,139796,278939,0,0,0,0,0.0918112
620752,18,1,191238,52286,45198,138952,276566,0,0,0,0,0.0646137
620753,18,1,196703,54059,46987,142644,284885,0,0,0,0,0.0626488
620754,18,1,204427,56186,49558,148241,296417,0,0,0,0,0.0629626
620755,18,1,201018,55816,48402,145202,296421,0,0,0,0,0.0679498
620756,18,1,206149,56930,49183,149219,300221,0,0,0,0,0.0642042
620757,18,1,206591,57803,50206,148788,306954,0,0,0,0,0.0912861
620758,18,1,206290,57447,49899,148843,304504,0,0,0,0,0.0684927
620759,18,1,198463,54198,47824,144265,285803,0,0,0,0,0.0829241
620820,36,1,199913,55442,48773,144471,295279,0,0,0,0,0.0693077
620821,36,1,215686,60335,52318,155351,322319,0,0,0,0,0.0576609
620822,36,1,210942,58343,50648,152599,309818,0,0,0,0,0.0636437
620823,36,1,204726,56676,49327,148050,300697,0,0,0,0,0.0597209
620824,36,1,207832,57794,50212,150038,307972,0,0,0,0,0.0575389
620825,36,1,221499,61787,53923,159712,329906,0,0,0,0,0.060038
620826,36,1,208397,57513,50424,150884,306234,0,0,0,0,0.0557628
620827,36,1,211203,58639,51566,152564,311978,0,0,0,0,0.0566664
620828,36,1,215542,59600,52074,155942,317117,0,0,0,0,0.0576154
620829,36,1,210676,58216,50579,152460,309356,0,0,0,0,0.0609742
620880,36,1,206200,56542,49228,149658,299770,0,0,0,0,0.0581711
620881,36,1,227295,63206,54862,164089,336425,0,0,0,0,0.0818173
620882,36,1,222448,61598,53445,160850,327138,0,0,0,0,0.0597355
620883,36,1,226788,62802,54487,163986,333558,0,0,0,0,0.0627766
620884,36,1,215706,59933,51881,155773,318468,0,0,0,0,0.057212
620885,36,1,227067,63231,54484,163836,337032,0,0,0,0,0.0591955
620886,36,1,212958,58848,51391,154110,313503,0,0,0,0,0.060006
620887,36,1,197369,55002,48448,142367,293829,0,0,0,0,0.0673336
620888,36,1,205500,57326,49516,148174,306026,0,0,0,0,0.060563
620889,36,1,208442,57982,50048,150460,308678,0,0,0,0,0.0559479
620930,36,1,185670,50573,43992,135097,268361,0,0,0,0,0.0527301
620931,36,1,213681,59712,51434,153969,319538,0,0,0,0,0.0572686
620932,36,1,208686,58037,50369,150649,309964,0,0,0,0,0.0566908
620933,36,1,217425,60509,52502,156916,323252,0,0,0,0,0.0613642
620934,36,1,212586,58686,50930,153900,311365,0,0,0,0,0.0569622
620935,36,1,227938,63469,54623,164469,338704,0,0,0,0,0.0605675
620936,36,1,214705,59483,52169,155222,317274,0,0,0,0,0.0797532
620937,36,1,198439,55825,49225,142614,299451,0,0,0,0,0.0915014
620938,36,1,203578,56766,49107,146812,303464,0,0,0,0,0.0663468
620939,36,1,208896,57919,49880,150977,308714,0,0,0,0,0.0585012
620970,36,1,173499,47185,40880,126314,250417,0,0,0,0,0.0557294
620971,36,1,194665,54035,46800,140630,287858,0,0,0,0,0.0601455
620972,36,1,202173,56150,48730,146023,299321,0,0,0,0,0.0569341
620973,36,1,190541,52581,45667,137960,280646,0,0,0,0,0.0601397
620974,36,1,204531,56910,49392,147621,302761,0,0,0,0,0.058044
620975,36,1,210612,58574,50966,152038,311948,0,0,0,0,0.0587594
620976,36,1,200486,55295,48337,145191,294717,0,0,0,0,0.0590065
620977,36,1,190559,53387,46872,137172,286262,0,0,0,0,0.0684481
620978,36,1,198573,55741,48546,142832,297571,0,0,0,0,0.077056
620979,36,1,213483,60012,52072,153471,321074,0,0,0,0,0.0669541
621000,36,1,201075,55838,48170,145237,297616,0,0,0,0,0.0664137
621001,36,1,209448,57967,50460,151481,308692,0,0,0,0,0.0632964
621002,36,1,207416,57638,50406,149778,308279,0,0,0,0,0.0678767
621003,36,1,195232,53988,46935,141244,288482,0,0,0,0,0.0776833
621004,36,1,224903,62672,54409,162231,333640,0,0,0,0,0.067538
621005,36,1,214943,59564,52017,155379,317992,0,0,0,0,0.0674363
621006,36,1,205690,56993,49520,148697,304156,0,0,0,0,0.0649649
621007,36,1,218484,61056,52923,157428,326027,0,0,0,0,0.0674086
621008,36,1,206396,57028,49630,149368,301828,0,0,0,0,0.0647503
621009,36,1,220419,62205,54649,158214,332972,0,0,0,0,0.0813334
621020,36,1,188780,51652,44624,137128,273131,0,0,0,0,0.0648128
621021,36,1,198570,54884,47807,143686,291287,0,0,0,0,0.063427
621022,36,1,191763,52373,45494,139390,277447,0,0,0,0,0.0694735
621023,36,1,186850,51151,44548,135699,270501,0,0,0,0,0.0630818
621024,36,1,217412,60667,52695,156745,322647,0,0,0,0,0.0668814
621025,36,1,199436,54721,47343,144715,290237,0,0,0,0,0.0857864
621026,36,1,198734,54100,47127,144634,285119,0,0,0,0,0.0617276
621027,36,1,210820,58705,50342,152115,311377,0,0,0,0,0.0717935
621028,36,1,205751,56670,49028,149081,299487,0,0,0,0,0.0605394
621029,36,1,210518,59062,51889,151456,314017,0,0,0,0,0.0772656
622190,6,1,191693,52474,46766,139219,278291,0,0,0,0,0.0975519
622191,18,1,204136,57621,50358,146515,309530,0,0,0,0,0.0801234
622194,18,1,222542,64075,56775,158467,345496,0,0,0,0,0.0764565
622199,18,1,208334,58599,51476,149735,313896,0,0,0,0,0.0755594
622200,18,1,185196,51251,44962,133945,273116,0,0,0,0,0.0785205
622201,18,1,192311,54198,47161,138113,290671,0,0,0,0,0.0620994
622204,18,1,203631,57319,50183,146312,307426,0,0,0,0,0.0653133
622209,18,1,201463,56105,48893,145358,299963,0,0,0,0,0.0604445
622222,36,1,216917,61137,53831,155780,327291,0,0,0,0,0.0686058
622225,36,1,226207,64856,57234,161351,348765,0,0,0,0,0.0668037
622228,36,2,232066,66524,58691,165529,360152,1,0,0,0,0.133387
622250,6,1,201406,54531,47578,146875,289271,0,0,0,0,0.0989343
622251,18,1,200893,55453,47988,145440,295690,0,0,0,0,0.0551889
622254,18,1,211554,58516,50745,153038,312233,0,0,0,0,0.0551795
622259,18,1,199655,54675,47926,144980,289567,0,0,0,0,0.0536454
622260,18,1,187218,51210,44221,136008,272721,0,0,0,0,0.0774787
622261,18,1,192734,52803,46042,139931,280586,0,0,0,0,0.0736903
622264,18,1,213663,59099,51655,154564,315101,0,0,0,0,0.0758531
622269,18,1,194854,52654,46055,142200,276663,0,0,0,0,0.0544063
622282,36,1,222045,61664,53782,160381,329340,0,0,0,0,0.0567688
622285,36,1,213741,59699,51759,154042,319345,0,0,0,0,0.0579669
622288,36,1,199166,55803,48356,143363,299589,0,0,0,0,0.060869
622300,6,1,201261,54546,48015,146715,289058,0,0,0,0,0.0719287
622301,18,1,202152,55931,48201,146221,298492,0,0,0,0,0.0576846
622304,18,1,205512,56541,49259,148971,300954,0,0,0,0,0.0551075
622309,18,1,198453,53990,47353,144463,285365,0,0,0,0,0.0523181
622310,18,1,189500,51864,44925,137636,275823,0,0,0,0,0.0534252
622311,18,1,197143,54102,47372,143041,287689,0,0,0,0,0.0554559
622314,18,1,220507,61052,53526,159455,324831,0,0,0,0,0.0621599
622319,18,1,192112,52266,45616,139846,275293,0,0,0,0,0.0553938
622332,36,1,221977,61944,53715,160033,331582,0,0,0,0,0.0574817
622335,36,1,217197,60666,52868,156531,324141,0,0,0,0,0.0625896
622338,36,1,199559,55826,48708,143733,299295,0,0,0,0,0.056966
622340,6,1,203209,54917,48072,148292,289469,0,0,0,0,0.0768062
622341,18,1,217242,60306,52623,156936,321610,0,0,0,0,0.061984
622344,18,1,228666,63811,55738,164855,339782,0,0,0,0,0.0653021
622349,18,1,193551,52069,45387,141482,273083,0,0,0,0,0.0538103
622350,18,1,185065,50071,43190,134994,264392,0,0,0,0,0.0542064
622351,18,1,199796,54711,47581,145085,290818,0,0,0,0,0.067181
622354,18,1,195662,53653,46891,142009,285477,0,0,0,0,0.0600426
622359,18,1,196543,53429,46439,143114,280203,0,0,0,0,0.0583798
622372,36,1,216232,60160,52477,156072,321217,0,0,0,0,0.0614248
622375,36,1,215608,60261,52538,155347,321900,0,0,0,0,0.061136
622378,36,1,194800,54234,46980,140566,290637,0,0,0,0,0.0617774
622380,18,2,291113,79886,70664,211215,420918,1,0,0,0,0.188512
622381,18,2,280681,77634,68725,203035,412882,1,0,0,0,0.143856
622384,18,2,276407,76504,67484,199891,406462,1,0,0,0,0.164315
622389,18,1,195551,53880,47363,141671,285419,0,0,0,0,0.0675418
622402,36,1,200791,55119,47787,145672,292820,0,0,0,0,0.0618532
622405,36,1,198688,54556,47216,144132,290050,0,0,0,0,0.0624208
622408,36,1,196994,54059,46907,142935,288204,0,0,0,0,0.083811
622430,18,2,225730,61472,54464,164246,322480,1,0,0,0,0.133012
622431,18,2,287030,78898,69762,208120,418322,1,0,0,0,0.169909
622432,18,2,213236,58559,51416,154665,312469,1,0,0,0,0.143153
622433,18,1,200396,53743,47104,146653,280430,0,0,0,0,0.0564936
622434,18,2,204832,55328,48752,149492,291958,1,0,0,0,0.165756
622435,18,2,210163,57724,50676,152427,308501,1,0,0,0,0.161477
622436,18,1,200294,54164,47763,146130,283674,0,0,0,0,0.0597574
622437,18,2,207845,56808,49676,151025,303265,1,0,0,0,0.180966
622438,18,2,208156,56797,49866,151347,302426,1,0,0,0,0.179476
622439,18,1,195358,53775,47690,141583,284837,0,0,0,0,0.0746998
622480,18,1,208530,58086,51179,150444,308917,0,0,0,0,0.0998113
622481,18,1,209115,58933,51026,150182,314474,0,0,0,0,0.0672428
622484,18,1,208293,58436,50992,149857,311461,0,0,0,0,0.0597834
622489,18,1,204094,56561,49305,147533,299317,0,0,0,0,0.0664227
622502,36,1,205794,57725,50219,148069,309400,0,0,0,0,0.060776
622505,36,1,216709,61054,53680,155655,327928,0,0,0,0,0.0643002
622508,36,1,217540,62081,53892,155459,334840,0,0,0,0,0.0855021
622540,18,1,204507,56034,48367,148473,297080,0,0,0,0,0.0748634
622541,18,1,197567,54326,47089,143241,289115,0,0,0,0,0.0875363
622544,18,2,305994,84878,74730,221103,453694,1,0,0,0,0.210202
622549,18,1,203115,54963,47765,148152,290070,0,0,0,0,0.0839567
622562,36,1,214821,59268,51606,155553,315868,0,0,0,0,0.0829769
622565,36,1,218060,60730,52868,157330,325423,0,0,0,0,0.0836793
622568,36,1,206296,57146,50068,149150,306025,0,0,0,0,0.0821128
622590,18,1,204262,56007,48669,148255,296768,0,0,0,0,0.0792275
622591,18,1,201927,55851,48479,146076,297688,0,0,0,0,0.0836128
622594,18,1,212198,58098,51288,154100,306653,0,0,0,0,0.0903223
622599,18,1,208117,56630,49207,151487,299417,0,0,0,0,0.0663563
622612,36,1,222092,61599,53532,160493,328788,0,0,0,0,0.0617257
622615,36,1,220446,61600,53576,158846,330102,0,0,0,0,0.0595534
622618,36,1,211260,58752,51498,152508,314966,0,0,0,0,0.0599074
622630,18,1,210841,58226,50500,152615,307095,0,0,0,0,0.0629887
622631,18,1,209405,57349,50144,152056,304431,0,0,0,0,0.0624355
622634,18,1,201587,55186,48300,146401,293220,0,0,0,0,0.081893
622639,18,1,215558,60233,52392,155325,321842,0,0,0,0,0.096711
622652,36,1,220288,61059,53200,159229,326531,0,0,0,0,0.0830985
622655,36,1,216609,60166,52576,156443,321799,0,0,0,0,0.0589811
622658,36,1,205430,56853,49445,148577,304572,0,0,0,0,0.0620858
622660,18,1,190887,51747,45054,139140,273258,0,0,0,0,0.0807856
622661,18,1,197304,53616,46888,143688,284440,0,0,0,0,0.0764243
622664,18,1,196141,53150,46609,142991,282052,0,0,0,0,0.0597209
622669,18,1,212993,57839,50552,155154,305906,0,0,0,0,0.0813
622682,36,1,209079,57162,49991,151917,304540,0,0,0,0,0.0590409
622685,36,1,206722,56518,49464,150204,301429,0,0,0,0,0.0615207
622688,36,1,204985,56413,49265,148572,301664,0,0,0,0,0.0633185
622710,18,1,190956,51436,44552,139520,269398,0,0,0,0,0.055392
622711,18,1,191923,52126,45636,139797,276450,0,0,0,0,0.0603211
622712,18,1,185868,49710,43847,136158,262516,0,0,0,0,0.0564695
622713,18,1,208261,56900,49603,151361,300430,0,0,0,0,0.0638562
622714,18,1,189105,51299,44924,137806,271717,0,0,0,0,0.0734168
622715,18,1,182345,48783,43069,133562,257866,0,0,0,0,0.0751433
622716,18,1,203349,56159,49128,147190,298629,0,0,0,0,0.0856501
622717,18,1,170925,45854,40395,125071,243615,0,0,0,0,0.0712726
622718,18,1,198974,55241,48417,143733,294907,0,0,0,0,0.0859088
622719,18,1,200003,54979,48850,145024,292355,0,0,0,0,0.0877218
622990,18,1,191571,51497,44903,140074,267821,0,0,0,0,0.0835603
622991,18,1,194379,53568,47317,140811,284277,0,0,0,0,0.0730498
622992,18,1,201478,55161,48194,146317,292537,0,0,0,0,0.0669226
622993,18,1,202038,55222,48073,146816,291372,0,0,0,0,0.0658412
622994,18,1,194406,53433,46907,140973,283775,0,0,0,0,0.0598115
622995,18,1,198094,54283,47276,143811,288644,0,0,0,0,0.0651309
622996,18,1,193885,53142,46252,140743,281917,0,0,0,0,0.0600128
622997,18,1,196816,54640,47229,142176,291282,0,0,0,0,0.0664072
622998,18,1,193729,53567,46348,140162,285477,0,0,0,0,0.0977061
622999,18,1,187424,51364,44842,136060,272567,0,0,0,0,0.0915161
623120,36,1,193996,53101,45961,140895,282690,0,0,0,0,0.054836
623121,36,1,222623,61842,53683,160781,330834,0,0,0,0,0.0616852
623122,36,1,214585,59312,51459,155273,316869,0,0,0,0,0.0723379
623123,36,1,225356,62685,54490,162671,334361,0,0,0,0,0.0831916
623124,36,1,206058,56896,49251,149162,303539,0,0,0,0,0.0696572
623125,36,1,213368,59081,51038,154287,315712,0,0,0,0,0.0678985
623126,36,1,207985,57887,50470,150098,309391,0,0,0,0,0.063955
623127,36,1,197698,54496,47624,143202,290659,0,0,0,0,0.0645266
623128,36,1,199168,55456,47884,143712,297398,0,0,0,0,0.0565247
623129,36,1,200781,55501,47815,145280,295604,0,0,0,0,0.0763329
623170,36,1,191806,52692,45961,139114,280395,0,0,0,0,0.0609172
623171,36,1,220733,61093,52955,159640,326544,0,0,0,0,0.064965
623172,36,1,216595,59811,51999,156784,319027,0,0,0,0,0.075161
623173,36,1,219387,60936,52820,158451,324959,0,0,0,0,0.0873
623174,36,1,210056,58188,50605,151868,309557,0,0,0,0,0.0751912
623175,36,1,219855,61325,52892,158530,328330,0,0,0,0,0.0848206
623176,36,1,215072,60405,53011,154667,323295,0,0,0,0,0.0730644
623177,36,1,199814,55605,48643,144209,297428,0,0,0,0,0.0727878
623178,36,1,202132,56486,48726,145646,303100,0,0,0,0,0.0619908
623179,36,1,207551,57478,49736,150073,305654,0,0,0,0,0.0564613
623210,36,1,191395,52367,45301,139028,277075,0,0,0,0,0.0552003
623211,36,1,208688,57988,50176,150700,309181,0,0,0,0,0.0590354
623212,36,1,214563,59702,51550,154861,319026,0,0,0,0,0.0586136
623213,36,1,203143,56598,49575,146545,302555,0,0,0,0,0.0547229
623214,36,1,205973,56989,49242,148984,303054,0,0,0,0,0.0615034
623215,36,1,208706,57902,50028,150804,309079,0,0,0,0,0.0564158
623216,36,1,204665,56840,49758,147825,303583,0,0,0,0,0.0781177
623217,36,1,187046,51444,44562,135602,274379,0,0,0,0,0.0729157
623218,36,1,200483,56251,48158,144232,300632,0,0,0,0,0.0601055
623219,36,1,217025,61759,52881,155266,331061,0,0,0,0,0.0640883
623240,36,1,215362,59536,51936,155826,314757,0,0,0,0,0.0589609
623241,36,1,215001,59528,51917,155473,316696,0,0,0,0,0.0590248
623242,36,1,219607,60873,52647,158734,324524,0,0,0,0,0.0629647
623243,36,1,210549,58448,51012,152101,311390,0,0,0,0,0.0604532
623244,36,1,213723,59161,51426,154562,314585,0,0,0,0,0.0612219
623245,36,1,214660,59571,51396,155089,318721,0,0,0,0,0.0808786
623246,36,1,209867,58513,51101,151354,312292,0,0,0,0,0.0836884
623247,36,1,210775,58700,50453,152075,315011,0,0,0,0,0.0741819
623248,36,1,201897,56512,49220,145385,301193,0,0,0,0,0.0632917
623249,36,1,218579,61495,53910,157084,328835,0,0,0,0,0.0753061
623260,36,1,205994,56741,49297,149253,298667,0,0,0,0,0.0596433
623261,36,1,201822,55688,48756,146134,296336,0,0,0,0,0.0563794
623262,36,1,199297,54560,47048,144737,289533,0,0,0,0,0.0723599
623263,36,1,206723,56961,49480,149762,301563,0,0,0,0,0.0781366
623264,36,1,199270,54772,47699,144498,291595,0,0,0,0,0.0551623
623265,36,1,195142,53457,46200,141685,284652,0,0,0,0,0.0613007
623266,36,1,203316,56474,48872,146842,300796,0,0,0,0,0.0719742
623267,36,1,194550,53934,46234,140616,288357,0,0,0,0,0.0580048
623268,36,1,200972,55908,48363,145064,298007,0,0,0,0,0.0573283
623269,36,1,205787,58764,51167,147023,315957,0,0,0,0,0.0729183
624150,6,1,215176,59724,52204,155452,318501,0,0,0,0,0.10413
624151,18,1,219866,62102,54170,157764,332250,0,0,0,0,0.0697253
624154,18,1,231100,64658,56713,166442,344606,0,0,0,0,0.0756089
624159,18,1,213241,59344,52169,153897,316372,0,0,0,0,0.0581894
624160,18,1,202432,56947,49184,145485,304961,0,0,0,0,0.0571611
624161,18,1,207506,58446,50205,149060,312364,0,0,0,0,0.0574963
624164,18,1,230355,64939,56694,165416,347255,0,0,0,0,0.0622845
624169,18,1,206796,57630,50330,149166,306712,0,0,0,0,0.0634836
624182,36,1,232164,66063,57188,166101,354681,0,0,0,0,0.0623559
624185,36,1,229493,65512,56374,163981,352693,0,0,0,0,0.060861
624188,36,1,224757,63535,55086,161222,341078,0,0,0,0,0.0607913
624210,6,1,206827,56672,49473,150155,301524,0,0,0,0,0.0700718
624211,18,1,214432,59713,51810,154719,318575,0,0,0,0,0.0571304
624214,18,2,261903,73849,65249,188041,398084,1,0,0,0,0.12743
624219,18,1,208438,57419,50169,151019,304160,0,0,0,0,0.0538474
624220,18,1,192222,53222,45801,139000,284142,0,0,0,0,0.054869
624221,18,2,274441,77938,68572,196490,420122,1,0,0,0,0.132905
624224,18,2,261264,74091,65333,187160,398915,1,0,0,0,0.127785
624229,18,1,218397,60239,52797,158158,317759,0,0,0,0,0.0635726
624242,36,1,232703,65132,56782,167571,348490,0,0,0,0,0.0599968
624245,36,2,258209,73022,64336,185174,393979,1,0,0,0,0.127752
624248,36,1,226366,64342,55836,162024,344038,0,0,0,0,0.0609425
624260,6,1,205825,56753,50142,149072,301169,0,0,0,0,0.0717576
624261,18,1,193604,53020,46192,140584,281035,0,0,0,0,0.0542753
624264,18,1,215989,61135,53714,154854,327600,0,0,0,0,0.0600783
624269,18,1,215644,59936,52429,155708,318911,0,0,0,0,0.057199
624270,18,1,184468,50449,43797,134019,267407,0,0,0,0,0.0538114
624271,18,1,211233,58747,51557,152486,313352,0,0,0,0,0.0631952
624274,18,1,216010,60111,52451,155899,320062,0,0,0,0,0.0638639
624279,18,1,223229,61768,54003,161461,328954,0,0,0,0,0.0579209
624292,36,1,217246,60597,53131,156649,324526,0,0,0,0,0.0580225
624295,36,1,226946,63885,55945,163061,343163,0,0,0,0,0.060067
624298,36,1,235744,67468,58667,168276,363622,0,0,0,0,0.0633445
624300,6,1,196229,53029,46844,143200,279895,0,0,0,0,0.0683384
624301,18,2,293355,81841,71859,211502,439745,1,0,0,0,0.147772
624304,18,1,220763,62131,54538,158632,332889,0,0,0,0,0.0781287
624309,18,2,304695,84991,74778,219691,455274,1,0,0,0,0.135882
624310,18,1,175495,47259,40833,128236,249671,0,0,0,0,0.0506612
624311,18,1,209613,58084,51135,151529,309383,0,0,0,0,0.0595676
624314,18,1,216937,60226,52599,156711,320102,0,0,0,0,0.0566129
624319,18,2,193754,53073,46251,140668,282948,1,0,0,0,0.113558
624332,36,1,206629,57017,49899,149612,304219,0,0,0,0,0.0552702
624335,36,1,229886,64823,57129,165063,347695,0,0,0,0,0.0585195
624338,36,1,218457,61387,53640,157070,328153,0,0,0,0,0.0570369
624340,18,1,185425,50119,43940,135306,261928,0,0,0,0,0.0508402
624341,18,2,275774,76510,68056,199252,406930,1,0,0,0,0.133899
624344,18,2,279726,77908,68600,201805,415054,1,0,0,0,0.129928
624349,18,2,267557,74581,65555,192964,396867,1,0,0,0,0.13004
624362,36,1,194546,52950,46161,141596,281053,0,0,0,0,0.0512733
624365,36,1,228054,63156,54949,164898,335119,0,0,0,0,0.0553411
624368,36,1,210626,58124,50403,152502,308505,0,0,0,0,0.0522189
624390,18,1,188915,50305,44406,138610,262041,0,0,0,0,0.0485402
624391,18,1,190966,51548,45327,139418,270375,0,0,0,0,0.0535601
624392,18,1,189849,51156,45396,138693,269920,0,0,0,0,0.0551561
624393,18,1,193240,51585,45464,141655,270622,0,0,0,0,0.0557017
624394,18,1,196979,52831,46559,144148,277433,0,0,0,0,0.0502865
624395,18,2,240103,66846,58730,173244,358828,1,0,0,0,0.123881
624396,18,1,227942,62460,54393,165482,328085,0,0,0,0,0.0576713
624397,18,2,206159,57186,49947,148961,306836,1,0,0,0,0.118284
624398,18,2,194500,52933,46042,141555,281930,1,0,0,0,0.115676
624399,18,1,199091,54129,47507,144962,285177,0,0,0,0,0.0548879
624440,18,1,221526,61817,53818,159709,327808,0,0,0,0,0.0570977
624441,18,2,389717,110906,96923,278798,595209,1,0,0,0,0.160712
624444,18,1,221553,61770,53891,159783,328002,0,0,0,0,0.0596284
624449,18,1,195359,53972,47426,141387,286703,0,0,0,0,0.0577157
624462,36,1,225661,63447,55066,162214,339071,0,0,0,0,0.059625
624465,36,1,228848,65071,56275,163777,350014,0,0,0,0,0.0595181
624468,36,1,218565,60886,52963,157679,324654,0,0,0,0,0.0570126
624500,18,2,291257,81599,71779,209645,438143,1,0,0,0,0.135099
624501,18,2,393704,110597,97033,283094,592440,1,0,0,0,0.157339
624504,18,1,217230,60875,53487,156355,324757,0,0,0,0,0.059789
624509,18,2,225230,62445,54580,162772,333787,1,0,0,0,0.125023
624522,36,1,221991,61776,54103,160215,329605,0,0,0,0,0.0607499
624525,36,1,219448,61537,53821,157911,328969,0,0,0,0,0.0579374
624528,36,1,219644,61987,54107,157657,332803,0,0,0,0,0.0603719
624550,18,1,197701,54460,47604,143241,287927,0,0,0,0,0.0566331
624551,18,2,354236,98906,86499,255317,530450,1,0,0,0,0.164434
624554,18,1,202893,55712,48741,147181,295859,0,0,0,0,0.0571377
624559,18,2,315251,87921,76890,227317,470936,1,0,0,0,0.14187
624572,36,1,210275,58482,51220,151793,312832,0,0,0,0,0.0567354
624575,36,1,224183,63004,55472,161179,338079,0,0,0,0,0.0598956
624578,36,1,238354,67540,59307,170814,362648,0,0,0,0,0.0770399
624590,18,1,201078,55233,48178,145845,290359,0,0,0,0,0.0607448
624591,18,2,342179,95163,83969,247003,509849,1,0,0,0,0.15915
624594,18,1,223621,62153,54508,161468,330986,0,0,0,0,0.0646425
624599,18,1,210247,57621,50114,152626,304141,0,0,0,0,0.0817579
624612,36,1,211936,58945,51631,152991,315910,0,0,0,0,0.0714125
624615,36,1,221045,61863,54105,159182,330548,0,0,0,0,0.0617762
624618,36,1,221988,62191,54356,159797,333148,0,0,0,0,0.0687099
624620,18,1,187096,51061,44905,136035,269457,0,0,0,0,0.057446
624621,18,1,193583,52748,46439,140835,278716,0,0,0,0,0.0630392
624624,18,2,287352,79708,70666,207631,426700,1,0,0,0,0.169695
624629,18,1,222970,60729,53103,162241,320080,0,0,0,0,0.0566775
624642,36,1,203245,55514,48844,147731,295383,0,0,0,0,0.0547391
624645,36,1,217602,60176,52627,157426,321757,0,0,0,0,0.0556743
624648,36,1,210765,57984,50674,152781,309031,0,0,0,0,0.0576675
624670,18,1,190494,51313,44794,139181,268573,0,0,0,0,0.0580797
624671,18,1,196557,53802,47587,142755,285116,0,0,0,0,0.0577705
624672,18,2,210183,57599,50654,152571,307960,1,0,0,0,0.162655
624673,18,1,185728,49600,43608,136128,260610,0,0,0,0,0.0826926
624674,18,2,280317,77250,68031,203055,412672,1,0,0,0,0.151075
624675,18,2,213584,58885,51618,154687,315880,1,0,0,0,0.174169
624676,18,2,203295,55976,49036,147307,299125,1,0,0,0,0.14777
624677,18,1,210866,58149,51054,152717,307839,0,0,0,0,0.0605689
624678,18,1,203105,55480,48635,147625,293435,0,0,0,0,0.0576745
624679,18,1,209193,57530,50351,151663,305621,0,0,0,0,0.0595316
624950,18,1,196756,53423,46768,143333,279053,0,0,0,0,0.0636218
624951,18,1,197092,54091,47913,143001,286748,0,0,0,0,0.062171
624952,18,1,189104,51725,45527,137379,276292,0,0,0,0,0.0750804
624953,18,1,195558,52821,46426,142737,278020,0,0,0,0,0.0852126
624954,18,5,538401,147595,129843,390780,808429,1,1,3,0,0.297093
624955,18,1,220471,61153,53540,159318,326524,0,0,0,0,0.061445
624956,18,1,221952,61269,53710,160683,325357,0,0,0,0,0.0623364
624957,18,1,204466,56100,49318,148366,296753,0,0,0,0,0.0607022
624958,18,1,204969,56064,49193,148905,297049,0,0,0,0,0.0680042
624959,18,1,198566,54523,47506,144043,289745,0,0,0,0,0.0638868
625130,36,1,195508,53532,46858,141976,283634,0,0,0,0,0.054875
625131,36,1,208811,57809,50462,151002,309596,0,0,0,0,0.0768088
625132,36,1,209274,58511,50900,150763,314524,0,0,0,0,0.0746035
625133,36,1,219728,60281,52801,159447,319522,0,0,0,0,0.0649814
625134,36,1,222384,62824,54799,159560,337250,0,0,0,0,0.0660196
625135,36,1,227299,64123,55454,163176,344677,0,0,0,0,0.0682898
625136,36,1,216966,60403,53074,156563,323108,0,0,0,0,0.0695603
625137,36,1,234096,65727,57640,168369,352393,0,0,0,0,0.0693583
625138,36,1,230122,64537,56196,165585,345789,0,0,0,0,0.0582642
625139,36,1,225571,62402,53922,163169,331941,0,0,0,0,0.0606743
625170,36,1,187563,50795,44514,136768,268341,0,0,0,0,0.052404
625171,36,1,196222,54258,47278,141964,289728,0,0,0,0,0.0617709
625172,36,1,203651,56759,49507,146892,304248,0,0,0,0,0.0644644
625173,36,1,204593,56530,49985,148063,300908,0,0,0,0,0.056184
625174,36,1,218612,61453,53470,157159,329233,0,0,0,0,0.0588423
625175,36,1,210101,58536,51396,151565,312935,0,0,0,0,0.0593463
625176,36,1,200954,55534,48771,145420,295843,0,0,0,0,0.0556168
625177,36,1,199476,55206,48353,144270,294188,0,0,0,0,0.0640579
625178,36,1,205366,57159,49975,148207,305033,0,0,0,0,0.0541789
625179,36,1,211004,58437,50634,152567,309413,0,0,0,0,0.0579028
625200,36,1,205113,56376,49362,148737,298647,0,0,0,0,0.0580693
625201,36,1,200238,54974,47740,145264,291921,0,0,0,0,0.0630075
625202,36,1,203644,56280,49190,147364,301870,0,0,0,0,0.064254
625203,36,1,203130,55775,48925,147355,297098,0,0,0,0,0.0583019
625204,36,1,210731,57837,50630,152894,307250,0,0,0,0,0.0552555
625205,36,1,221936,61366,53474,160570,327604,0,0,0,0,0.0682421
625206,36,1,233130,64720,56699,168410,345632,0,0,0,0,0.0644453
625207,36,1,220396,61126,53216,159270,325352,0,0,0,0,0.0629582
625208,36,1,216731,60537,52596,156194,323991,0,0,0,0,0.0599831
625209,36,1,215984,59962,51444,156022,318397,0,0,0,0,0.0883769
625220,36,1,193809,53145,46863,140664,279863,0,0,0,0,0.0724703
625221,36,1,197416,53946,46994,143470,286002,0,0,0,0,0.0608876
625222,36,1,189729,51856,44819,137873,277103,0,0,0,0,0.0648484
625223,36,1,191947,52621,45950,139326,279360,0,0,0,0,0.056518
625224,36,2,284101,78823,69031,205265,422554,1,0,0,0,0.141638
625225,36,1,218114,60486,52373,157628,323360,0,0,0,0,0.0607677
625226,36,1,221675,61281,53577,160394,325294,0,0,0,0,0.0592631
625227,36,1,204683,56096,49242,148587,296383,0,0,0,0,0.0581549
625228,36,1,209418,57950,50127,151468,308885,0,0,0,0,0.0571209
625229,36,1,206636,58062,49828,148574,310364,0,0,0,0,0.0594878
625830,6,1,194994,53611,47226,141383,284992,0,0,0,0,0.073683
625831,18,1,208424,58839,51118,149585,315981,0,0,0,0,0.0594868
625834,18,1,215732,59522,51947,156210,316511,0,0,0,0,0.0587015
625839,18,1,197431,54563,47954,142868,291041,0,0,0,0,0.0567543
625840,18,1,185139,51511,44630,133628,275316,0,0,0,0,0.0558937
625841,18,1,196225,54885,47280,141340,293696,0,0,0,0,0.0630198
625844,18,1,227533,63701,55315,163832,339656,0,0,0,0,0.067287
625849,18,1,204332,56707,49769,147625,301803,0,0,0,0,0.0706237
625862,36,1,219274,62274,54156,157000,335575,0,0,0,0,0.0667443
625865,36,1,224354,63455,54559,160899,340636,0,0,0,0,0.0682999
625868,36,1,218651,61757,53622,156894,332028,0,0,0,0,0.0628334
625890,6,1,203625,55309,48465,148316,293308,0,0,0,0,0.0805525
625891,18,1,210641,58673,51023,151968,312669,0,0,0,0,0.0604639
625894,18,2,258303,73369,64754,184921,396564,1,0,0,0,0.141484
625899,18,1,206515,56402,49579,150113,297708,0,0,0,0,0.0578694
625900,18,1,187449,51332,44587,136117,273153,0,0,0,0,0.0569818
625901,18,2,274164,77610,68638,196541,417665,1,0,0,0,0.154517
625904,18,2,263389,74791,66246,188585,403361,1,0,0,0,0.165001
625909,18,1,213745,59040,51930,154705,312370,0,0,0,0,0.0648351
625922,36,1,229635,64376,56121,165259,344605,0,0,0,0,0.0876194
625925,36,2,258226,73177,64681,185036,395159,1,0,0,0,0.141502
625928,36,1,221146,62099,53966,159047,331500,0,0,0,0,0.0843962
625940,6,1,215022,60105,53253,154917,319986,0,0,0,0,0.0831732
625941,18,1,195513,53998,46961,141515,286639,0,0,0,0,0.0608318
625944,18,1,218217,61965,54341,156252,332271,0,0,0,0,0.0638311
625949,18,1,221402,62153,54270,159249,331797,0,0,0,0,0.0588523
625950,18,1,190621,52493,45468,138128,278810,0,0,0,0,0.0562371
625951,18,1,209179,58118,50846,151061,310387,0,0,0,0,0.0624703
625954,18,1,206461,57270,49976,149191,305092,0,0,0,0,0.0595984
625959,18,1,223725,61273,53488,162452,324167,0,0,0,0,0.071745
625972,36,1,220801,62153,54596,158648,333307,0,0,0,0,0.0631113
625975,36,1,223371,62704,54762,160667,336634,0,0,0,0,0.0603596
625978,36,1,232236,65763,57080,166473,353621,0,0,0,0,0.0784074
625980,6,1,197089,53343,47118,143746,281726,0,0,0,0,0.0975298
625981,18,2,294983,82430,72768,212541,442522,1,0,0,0,0.238407
625984,18,1,217289,60262,52836,157027,321870,0,0,0,0,0.082936
625989,18,2,296882,82537,72247,214332,442500,1,0,0,0,0.183274
625990,18,1,175829,47387,40910,128442,250410,0,0,0,0,0.052343
625991,18,1,210592,58453,51494,152139,312008,0,0,0,0,0.0955948
625994,18,1,215787,59399,51997,156388,314757,0,0,0,0,0.0950704
625999,18,2,189698,51711,44815,137974,275278,1,0,0,0,0.195388
626012,36,1,210131,58022,50816,152109,309417,0,0,0,0,0.108316
626015,36,1,228004,64006,56303,163998,343063,0,0,0,0,0.0893232
626018,36,1,210197,58962,51309,151235,315781,0,0,0,0,0.0774992
626020,18,1,186081,50425,44204,135656,263826,0,0,0,0,0.0780983
626021,18,2,233759,64486,57101,169260,342301,1,0,0,0,0.153734
626024,18,2,288916,80067,70545,208836,425645,1,0,0,0,0.248389
626029,18,2,256206,70833,61864,185361,376863,1,0,0,0,0.138598
626042,36,1,199277,53916,47258,145361,285764,0,0,0,0,0.0655793
626045,36,1,228317,63155,54818,165162,334897,0,0,0,0,0.0725508
626048,36,1,200084,54942,47711,145142,292194,0,0,0,0,0.0590866
626070,18,1,189774,50670,44708,139104,264181,0,0,0,0,0.0629704
626071,18,2,232520,63809,56446,168698,338880,1,0,0,0,0.151971
626072,18,1,190931,51868,45851,139063,275059,0,0,0,0,0.0609254
626073,18,1,193157,51936,46012,141221,273948,0,0,0,0,0.0602601
626074,18,2,253524,70028,62010,183484,372545,1,0,0,0,0.149302
626075,18,2,239791,66355,58146,173423,355116,1,0,0,0,0.152335
626076,18,1,227809,62290,54214,165519,327072,0,0,0,0,0.0612735
626077,18,2,218642,60428,52664,158202,323601,1,0,0,0,0.13334
626078,18,2,188580,50983,44094,137585,270963,1,0,0,0,0.125093
626079,18,1,180949,48816,42813,132133,257464,0,0,0,0,0.0549075
626120,18,1,204886,56831,49392,148055,301926,0,0,0,0,0.0592337
626121,18,2,361076,102900,89881,258163,553509,1,0,0,0,0.175325
626124,18,1,224062,62396,54372,161666,331105,0,0,0,0,0.0625679
626129,18,1,200934,55905,49223,145029,297757,0,0,0,0,0.0608958
626142,36,1,214079,59980,52065,154099,321625,0,0,0,0,0.0630999
626145,36,1,224558,63336,54517,161222,340033,0,0,0,0,0.0638011
626148,36,1,216404,60076,52341,156328,320586,0,0,0,0,0.0597763
626180,18,1,210436,57826,50466,152610,305945,0,0,0,0,0.0564183
626181,18,2,382633,107793,94714,274827,577739,1,0,0,0,0.165656
626184,18,1,220190,61313,54035,158877,325787,0,0,0,0,0.0651979
626189,18,2,233365,64977,56835,168375,347310,1,0,0,0,0.130078
626202,36,1,229207,63900,56126,165307,340450,0,0,0,0,0.0594679
626205,36,1,225237,63157,55071,162080,337705,0,0,0,0,0.0603072
626208,36,1,220763,61959,54148,158804,332478,0,0,0,0,0.0611253
626230,18,1,202944,55809,48437,147135,295412,0,0,0,0,0.0622564
626231,18,1,194432,53492,46327,140940,285088,0,0,0,0,0.0605893
626234,18,1,200043,55001,48137,145042,291838,0,0,0,0,0.0583251
626239,18,2,320050,89498,78138,230539,478881,1,0,0,0,0.179433
626252,36,1,210705,58470,51216,152235,312187,0,0,0,0,0.0595338
626255,36,1,221844,61986,54295,159858,332163,0,0,0,0,0.0638306
626258,36,1,237158,67177,58620,169981,360878,0,0,0,0,0.0712812
626270,18,1,201425,55409,48302,146016,291474,0,0,0,0,0.0690073
626271,18,1,198464,55160,48555,143304,294919,0,0,0,0,0.0818039
626274,18,1,222409,61139,53314,161270,324483,0,0,0,0,0.0817244
626279,18,1,197783,53856,47058,143927,284458,0,0,0,0,0.0762171
626292,36,1,213251,59285,52071,153966,317594,0,0,0,0,0.110871
626295,36,1,219922,61016,53520,158906,325546,0,0,0,0,0.0652587
626298,36,1,206980,57606,50075,149374,308886,0,0,0,0,0.0566933
626300,18,1,187082,51147,44901,135935,270131,0,0,0,0,0.0564729
626301,18,1,198235,53875,47601,144360,284976,0,0,0,0,0.0591445
626304,18,2,293959,81444,71789,212502,435430,1,0,0,0,0.175556
626309,18,1,205582,55524,48466,150058,292758,0,0,0,0,0.0592201
626322,36,1,203906,55503,49012,148403,295265,0,0,0,0,0.0568437
626325,36,1,222061,61089,53648,160972,325905,0,0,0,0,0.0741662
626328,36,1,199280,54395,47653,144885,290027,0,0,0,0,0.073364
626350,18,1,190716,51493,44982,139223,269697,0,0,0,0,0.0582187
626351,18,1,198460,54365,47831,144095,288321,0,0,0,0,0.0585757
626352,18,1,201029,54685,48517,146344,288287,0,0,0,0,0.0621068
626353,18,1,185074,49678,43988,135396,262544,0,0,0,0,0.0573842
626354,18,2,282840,78011,68644,204816,416793,1,0,0,0,0.154155
626355,18,2,218490,60229,52749,158249,322513,1,0,0,0,0.146314
626356,18,2,211401,58132,50946,153257,310722,1,0,0,0,0.12071
626357,18,1,193450,53253,46556,140197,283558,0,0,0,0,0.0549377
626358,18,1,191721,52030,45612,139691,275315,0,0,0,0,0.0613971
626359,18,1,187772,50614,44200,137158,267787,0,0,0,0,0.0649494
626630,18,1,197252,53704,46974,143548,280757,0,0,0,0,0.0671461
626631,18,1,197001,53952,47766,143049,286195,0,0,0,0,0.062623
626632,18,1,191113,52364,46091,138749,280100,0,0,0,0,0.0661326
626633,18,1,194997,52825,46580,142172,279407,0,0,0,0,0.0620047
626634,18,5,549152,151548,133381,397578,830703,1,1,3,0,0.283528
626635,18,1,218614,60006,52670,158608,319524,0,0,0,0,0.0642452
626636,18,1,220219,60644,53231,159575,322024,0,0,0,0,0.0627197
626637,18,1,189358,51912,45592,137446,276308,0,0,0,0,0.057842
626638,18,1,192333,52626,45772,139707,279874,0,0,0,0,0.0570824
626639,18,1,180203,49253,42817,130950,261662,0,0,0,0,0.0607074
626850,36,1,187721,50967,44625,136754,269513,0,0,0,0,0.0529535
626851,36,1,202110,56118,48819,145992,299380,0,0,0,0,0.0619233
626852,36,1,208626,58365,50821,150261,313100,0,0,0,0,0.0675545
626853,36,1,203458,55905,49395,147553,297239,0,0,0,0,0.060928
626854,36,1,226012,63374,55089,162638,339157,0,0,0,0,0.0617742
626855,36,1,218175,60803,53501,157372,325164,0,0,0,0,0.0582332
626856,36,1,202542,56017,49151,146525,298572,0,0,0,0,0.0561555
626857,36,1,187724,51847,45351,135877,276711,0,0,0,0,0.0575752
626858,36,1,194890,54290,47293,140600,290603,0,0,0,0,0.0515598
626859,36,1,199994,55464,47882,144530,294795,0,0,0,0,0.0584738
626880,36,1,205066,56433,49416,148633,299084,0,0,0,0,0.0594477
626881,36,1,205935,57024,49783,148911,303300,0,0,0,0,0.0629828
626882,36,1,209513,58051,50864,151462,311621,0,0,0,0,0.0690947
626883,36,1,200818,55035,48333,145783,293375,0,0,0,0,0.0590682
626884,36,1,212617,58234,50797,154383,309360,0,0,0,0,0.0589424
626885,36,1,225732,62145,54193,163587,331022,0,0,0,0,0.0610766
626886,36,1,231923,64362,56298,167561,343945,0,0,0,0,0.0606161
626887,36,1,208121,57926,50199,150195,310430,0,0,0,0,0.0580294
626888,36,1,206281,57608,50052,148673,308993,0,0,0,0,0.0588941
626889,36,1,195819,53640,46148,142179,284436,0,0,0,0,0.058044
626900,36,1,194388,53392,47008,140996,281298,0,0,0,0,0.0589658
626901,36,1,199526,54696,47637,144830,290355,0,0,0,0,0.0580746
626902,36,1,192779,52713,45847,140066,281697,0,0,0,0,0.0612578
626903,36,1,189870,52089,45458,137781,277742,0,0,0,0,0.0541064
626904,36,2,287812,79816,69890,207983,427187,1,0,0,0,0.139715
626905,36,1,221853,61425,53562,160428,328022,0,0,0,0,0.0827155
626906,36,1,219236,60365,52912,158871,320198,0,0,0,0,0.0859701
626907,36,1,191198,52415,45964,138783,279108,0,0,0,0,0.0808132
626908,36,1,200800,55292,47818,145508,294864,0,0,0,0,0.0556236
626909,36,1,186616,51757,44446,134859,276084,0,0,0,0,0.0564814
627230,6,1,181843,49203,43114,132640,260498,0,0,0,0,0.0790724
627231,18,2,213232,60430,53334,152789,325331,1,0,0,0,0.135723
627234,18,2,221640,63031,55766,158596,339937,1,0,0,0,0.13628
627239,18,1,184686,50868,44539,133818,271306,0,0,0,0,0.0588598
627240,18,1,169597,46528,39946,123069,248019,0,0,0,0,0.0596276
627241,18,1,199407,55560,48335,143847,296967,0,0,0,0,0.0574059
627244,18,1,208475,57762,50408,150713,307138,0,0,0,0,0.0593886
627249,18,1,194326,53457,46697,140869,283164,0,0,0,0,0.0643875
627262,36,1,210481,59729,51326,150752,321108,0,0,0,0,0.0611054
627265,36,1,219752,62301,53781,157451,333767,0,0,0,0,0.063609
627268,36,1,206396,58504,50696,147892,314685,0,0,0,0,0.0734079
627290,6,1,207152,55644,48850,151508,291941,0,0,0,0,0.0975438
627291,18,1,233124,65043,57064,168081,344994,0,0,0,0,0.0667224
627294,18,1,233929,65345,57326,168584,346706,0,0,0,0,0.0740005
627299,18,1,208176,56165,48957,152011,293223,0,0,0,0,0.0845881
627300,18,1,189230,51291,44288,137939,270676,0,0,0,0,0.0765771
627301,18,2,265877,74679,65872,191185,400743,1,0,0,0,0.145986
627304,18,2,260772,73492,65003,187267,395557,1,0,0,0,0.165076
627309,18,1,211938,58331,50777,153607,307270,0,0,0,0,0.0732981
627322,36,1,234322,65778,57210,168544,350322,0,0,0,0,0.0636252
627325,36,1,228815,64271,55908,164544,343185,0,0,0,0,0.0633677
627328,36,1,213753,60321,52591,153432,322668,0,0,0,0,0.0741036
627340,6,1,202200,54907,48480,147293,289916,0,0,0,0,0.106204
627341,18,2,293858,82349,72279,211497,442511,1,0,0,0,0.16594
627344,18,1,206964,57234,50196,149730,305370,0,0,0,0,0.0607367
627349,18,1,206686,56449,49562,150237,298375,0,0,0,0,0.058651
627350,18,1,181413,49485,42746,131928,262222,0,0,0,0,0.0661784
627351,18,1,218674,60709,53326,157965,323581,0,0,0,0,0.0762483
627354,18,2,259814,73837,64903,185964,399531,1,0,0,0,0.135115
627359,18,1,210194,56790,49502,153404,297604,0,0,0,0,0.0555387
627372,36,1,214132,59182,51985,154950,315686,0,0,0,0,0.0698822
627375,36,1,221383,61417,53981,159966,328546,0,0,0,0,0.0620978
627378,36,1,220219,61489,53433,158730,327415,0,0,0,0,0.0592382
627380,6,1,202699,55124,48622,147575,291196,0,0,0,0,0.0744581
627381,18,2,299911,84178,74327,215721,451827,1,0,0,0,0.154576
627384,18,1,217746,59872,52636,157874,317609,0,0,0,0,0.0575377
627389,18,1,207020,56557,49636,150463,298922,0,0,0,0,0.0704298
627390,18,1,181704,49674,42925,132030,263430,0,0,0,0,0.0559814
627391,18,1,224665,62427,54793,162238,332615,0,0,0,0,0.0690313
627394,18,2,265827,75190,66267,190624,405519,1,0,0,0,0.13859
627399,18,1,202518,55044,47909,147474,290338,0,0,0,0,0.0613709
627412,36,1,217863,60341,52965,157522,321663,0,0,0,0,0.0670561
627415,36,1,234768,65261,57501,169507,347817,0,0,0,0,0.0690019
627418,36,1,216111,60440,52442,155671,322910,0,0,0,0,0.0807772
627420,18,2,285888,78581,69281,207295,414364,1,0,0,0,0.183922
627421,18,2,285517,78504,69212,207001,414049,1,0,0,0,0.180442
627424,18,2,289610,79406,69773,210191,417730,1,0,0,0,0.161688
627429,18,2,250457,68516,59869,181929,363256,1,0,0,0,0.159686
627442,36,1,199068,54217,47257,144851,286947,0,0,0,0,0.0660256
627445,36,1,215868,59030,51009,156838,310895,0,0,0,0,0.0620715
627448,36,1,202136,55391,47740,146745,294154,0,0,0,0,0.0585478
627470,18,2,290523,79825,70349,210686,420797,1,0,0,0,0.150079
627471,18,2,290263,79695,70249,210556,420009,1,0,0,0,0.151451
627472,18,1,180997,48826,43035,132171,259096,0,0,0,0,0.0635711
627473,18,2,267171,73196,64271,193963,390432,1,0,0,0,0.15614
627474,18,2,259453,71318,62981,188124,375886,1,0,0,0,0.14421
627475,18,2,239959,66581,58543,173365,356620,1,0,0,0,0.139026
627476,18,1,206723,55913,48742,150810,292892,0,0,0,0,0.059684
627477,18,1,194838,52929,46560,141909,279988,0,0,0,0,0.0594298
627478,18,1,192962,52539,45702,140423,278155,0,0,0,0,0.0589606
627479,18,1,167193,44766,38995,122427,235366,0,0,0,0,0.0564157
627520,18,1,190856,52562,45339,138294,278823,0,0,0,0,0.0606615
627521,18,1,208330,57946,50504,150384,308866,0,0,0,0,0.0652752
627524,18,1,219916,60676,52930,159240,321536,0,0,0,0,0.0795198
627529,18,1,206454,57664,50470,148790,305959,0,0,0,0,0.0957189
627542,36,1,214813,60128,51790,154685,322771,0,0,0,0,0.0789505
627545,36,1,231263,64965,56406,166298,347745,0,0,0,0,0.12323
627548,36,1,208687,57960,50317,150727,309200,0,0,0,0,0.0930532
627580,18,1,211791,57793,50104,153998,303342,0,0,0,0,0.0579738
627581,18,1,233745,64852,56629,168893,343113,0,0,0,0,0.0801876
627584,18,1,228127,63261,55218,164866,335744,0,0,0,0,0.082737
627589,18,1,236589,66350,57472,170239,348035,0,0,0,0,0.0921569
627602,36,1,238259,66648,58322,171611,355858,0,0,0,0,0.0881124
627605,36,1,246647,69244,60527,177403,369655,0,0,0,0,0.0641877
627608,36,1,215095,59905,52302,155190,320066,0,0,0,0,0.0615814
627630,18,2,286272,80878,71673,205381,432723,1,0,0,0,0.155684
627631,18,1,220955,61477,54064,159478,328420,0,0,0,0,0.0789467
627634,18,2,269108,76657,67406,192438,414673,1,0,0,0,0.138002
627639,18,2,347244,96962,84860,250269,516636,1,0,0,0,0.151977
627652,36,1,222573,61755,54300,160818,329931,0,0,0,0,0.0626882
627655,36,1,224219,62351,54964,161868,333396,0,0,0,0,0.0583192
627658,36,1,230755,64580,56328,166175,344753,0,0,0,0,0.0660258
627670,18,2,286577,81046,71775,205518,433736,1,0,0,0,0.152517
627671,18,1,222817,62160,54593,160657,332227,0,0,0,0,0.0773459
627674,18,2,274881,77815,68485,197053,419394,1,0,0,0,0.140244
627679,18,1,207215,56483,49627,150732,297266,0,0,0,0,0.055146
627692,36,1,227709,63140,55352,164569,336854,0,0,0,0,0.0627892
627695,36,1,225512,62235,54667,163277,331472,0,0,0,0,0.0595965
627698,36,1,216848,60269,52335,156579,322459,0,0,0,0,0.0596344
627700,18,1,209400,56675,49580,152725,298096,0,0,0,0,0.0590173
627701,18,1,210009,56829,49699,153180,298883,0,0,0,0,0.0580621
627704,18,2,302631,83541,73027,219077,442582,1,0,0,0,0.14403
627709,18,1,195169,52455,45548,142714,276315,0,0,0,0,0.067323
627722,36,1,207210,56246,49500,150964,297322,0,0,0,0,0.0833869
627725,36,1,222177,60680,52970,161497,322051,0,0,0,0,0.0626372
627728,36,1,215362,58632,51026,156730,311943,0,0,0,0,0.0559418
627750,18,2,287018,79100,69888,207905,419681,1,0,0,0,0.147394
627751,18,2,287129,79138,69929,207978,419937,1,0,0,0,0.148641
627752,18,1,182654,48884,43146,133770,257127,0,0,0,0,0.0606306
627753,18,1,184425,49424,43452,135001,261087,0,0,0,0,0.0804081
627754,18,1,192566,51480,44741,141086,269386,0,0,0,0,0.0740693
627755,18,2,222538,61363,53814,161163,328477,1,0,0,0,0.138214
627756,18,2,219368,60730,53056,158626,325642,1,0,0,0,0.140535
627757,18,1,193285,52462,45758,140823,278087,0,0,0,0,0.0673026
627758,18,1,186628,50042,43646,136586,263953,0,0,0,0,0.0584425
627759,18,1,172014,45648,39702,126366,240274,0,0,0,0,0.0807881
628030,18,5,555393,152652,133566,402715,831448,1,1,3,0,0.274484
628031,18,5,573726,158276,139002,415424,861243,1,1,3,0,0.295643
628032,18,1,193153,52949,46249,140204,282074,0,0,0,0,0.0717151
628033,18,1,200202,54531,47869,145671,288086,0,0,0,0,0.0867514
628034,18,1,176465,47012,41042,129453,245928,0,0,0,0,0.0820203
628035,18,1,201641,55035,47908,146606,291287,0,0,0,0,0.0753831
628036,18,1,203648,55665,48493,147983,294411,0,0,0,0,0.0623442
628037,18,1,191895,52793,46006,139102,281009,0,0,0,0,0.0636541
628038,18,1,191165,52572,45831,138593,279435,0,0,0,0,0.0599233
628039,18,1,162413,43195,37183,119218,227472,0,0,0,0,0.0624534
628280,36,1,205301,56613,49434,148688,299465,0,0,0,0,0.0626141
628281,36,1,205937,56799,49571,149138,300444,0,0,0,0,0.0591057
628282,36,1,210203,58222,50631,151981,312011,0,0,0,0,0.0694008
628283,36,1,199396,54619,47394,144777,289661,0,0,0,0,0.0610048
628284,36,1,209614,56598,49228,153016,297401,0,0,0,0,0.0572202
628285,36,1,219959,60448,52301,159511,321810,0,0,0,0,0.0605362
628286,36,1,218233,59894,52079,158339,318260,0,0,0,0,0.0585934
628287,36,1,208978,57550,49576,151428,307364,0,0,0,0,0.057817
628288,36,1,204120,56156,48630,147964,299884,0,0,0,0,0.0568974
628289,36,1,185401,50343,43292,135058,266478,0,0,0,0,0.0553565
628300,36,2,287292,79147,69430,208132,420682,1,0,0,0,0.152251
628301,36,2,287557,79236,69462,208308,421204,1,0,0,0,0.146029
628302,36,1,193381,53049,46058,140332,283971,0,0,0,0,0.0666927
628303,36,1,189547,51959,45036,137588,277245,0,0,0,0,0.0575334
628304,36,1,199397,53816,46523,145581,283047,0,0,0,0,0.0588361
628305,36,1,207250,56426,48885,150824,299485,0,0,0,0,0.057102
628306,36,1,207867,56429,48975,151438,298401,0,0,0,0,0.0592492
628307,36,1,196205,53454,45964,142751,284887,0,0,0,0,0.0599747
628308,36,1,194796,52886,45767,141910,280599,0,0,0,0,0.0713881
628309,36,1,171817,46570,39862,125247,246778,0,0,0,0,0.0567881
628640,18,1,171133,47167,41259,123966,251302,0,0,0,0,0.0717284
628641,18,1,183181,50346,44224,132835,267827,0,0,0,0,0.068624
628644,18,1,200403,55360,48809,145043,294076,0,0,0,0,0.0702575
628649,18,1,194322,54095,48083,140227,288810,0,0,0,0,0.0867512
628662,36,1,184899,51053,44596,133846,274142,0,0,0,0,0.0771923
628665,36,1,196324,54394,47915,141930,291589,0,0,0,0,0.0896219
628668,36,1,201972,55872,48758,146100,298456,0,0,0,0,0.069719
628700,18,1,201128,54534,47882,146594,285569,0,0,0,0,0.061896
628701,18,1,199755,54719,47887,145036,289742,0,0,0,0,0.0634944
628704,18,1,195907,53642,47181,142265,284699,0,0,0,0,0.0619989
628709,18,1,216006,60230,53703,155776,319677,0,0,0,0,0.0848496
628722,36,1,211249,58217,51142,153032,309947,0,0,0,0,0.0632923
628725,36,1,206469,56897,50103,149572,303812,0,0,0,0,0.0615527
628728,36,1,202551,56068,49081,146483,300360,0,0,0,0,0.0760459
628750,18,1,180085,48199,42581,131886,252836,0,0,0,0,0.0701526
628751,18,1,195091,52959,46870,142132,279185,0,0,0,0,0.0662313
628754,18,1,191468,51915,45868,139553,274349,0,0,0,0,0.0580715
628759,18,2,339427,93699,82039,245715,496404,1,0,0,0,0.175383
628772,36,1,192231,51813,46056,140418,274901,0,0,0,0,0.0714391
628775,36,1,216644,59861,53089,156783,319664,0,0,0,0,0.0923439
628778,36,1,207020,56899,50312,150121,302518,0,0,0,0,0.0783815
628790,18,1,179752,48159,42541,131593,252717,0,0,0,0,0.0613981
628791,18,1,200414,54583,48501,145831,288094,0,0,0,0,0.0665906
628794,18,1,196626,53048,46947,143578,279498,0,0,0,0,0.058628
628799,18,1,199058,54214,47744,144844,284658,0,0,0,0,0.063533
628812,36,1,198880,54106,47918,144774,288128,0,0,0,0,0.0621041
628815,36,1,222069,61265,54190,160804,326751,0,0,0,0,0.064614
628818,36,1,194846,53625,47396,141221,286196,0,0,0,0,0.0611049
628820,18,1,203637,54961,48604,148676,287325,0,0,0,0,0.061557
628821,18,1,203992,55015,48702,148977,287497,0,0,0,0,0.0699803
628824,18,1,213427,57394,51052,156033,298494,0,0,0,0,0.0657893
628829,18,1,194016,52867,46138,141149,278427,0,0,0,0,0.0708469
628842,36,1,195944,53144,46875,142800,281499,0,0,0,0,0.0729857
628845,36,1,217703,59425,52361,158278,314362,0,0,0,0,0.0619213
628848,36,1,207819,56858,49821,150961,302145,0,0,0,0,0.0703485
628870,18,1,168650,44827,40004,123823,235649,0,0,0,0,0.072631
628871,18,1,168773,44816,40009,123957,235486,0,0,0,0,0.0617018
628872,18,1,164895,43942,38934,120953,233394,0,0,0,0,0.0653672
628873,18,1,182414,48893,43727,133521,258636,0,0,0,0,0.0792811
628874,18,1,196681,52115,45918,144566,271658,0,0,0,0,0.063095
628875,18,1,184076,48902,43444,135174,257161,0,0,0,0,0.061931
628876,18,1,203144,54447,47859,148697,286143,0,0,0,0,0.0687293
628877,18,1,171295,45866,40569,125429,242893,0,0,0,0,0.0621037
628878,18,1,182432,48619,42443,133813,256311,0,0,0,0,0.0620046
628879,18,1,169820,45356,39500,124464,239793,0,0,0,0,0.0676423
629150,18,1,186416,50184,43870,136232,263632,0,0,0,0,0.0609372
629151,18,1,186423,50126,43804,136297,263209,0,0,0,0,0.0595762
629152,18,1,181246,48550,42189,132696,256439,0,0,0,0,0.0709561
629153,18,1,205287,55535,49126,149752,293669,0,0,0,0,0.0854307
629154,18,1,209287,55995,48837,153292,292518,0,0,0,0,0.062722
629155,18,1,191236,51175,44976,140061,268607,0,0,0,0,0.0654113
629156,18,1,209062,56343,48900,152719,296673,0,0,0,0,0.0703637
629157,18,1,183503,49051,42986,134452,258160,0,0,0,0,0.0631895
629158,18,1,194439,52453,45450,141986,276759,0,0,0,0,0.0664087
629159,18,1,185651,50240,43194,135411,265744,0,0,0,0,0.0662608
629420,36,1,181915,49745,43577,132170,263864,0,0,0,0,0.0534801
629421,36,1,181676,49612,43491,132064,263038,0,0,0,0,0.0594674
629422,36,1,177749,48404,42014,129345,258661,0,0,0,0,0.0573244
629423,36,1,201584,55782,49212,145802,298302,0,0,0,0,0.0814097
629424,36,1,206401,56193,48829,150208,296899,0,0,0,0,0.0604295
629425,36,1,192412,52346,45420,140066,278385,0,0,0,0,0.0597888
629426,36,1,212583,58588,50752,153995,311478,0,0,0,0,0.0616819
629427,36,1,177958,48313,41877,129645,257529,0,0,0,0,0.055011
629428,36,1,192239,52596,45472,139643,280031,0,0,0,0,0.0643224
629429,36,1,182688,50282,43161,132406,269071,0,0,0,0,0.0553851
629990,18,1,175779,47474,41388,128305,250996,0,0,0,0,0.0636223
629991,18,1,175783,47436,41340,128347,250740,0,0,0,0,0.0624256
629992,18,1,170744,45721,39576,125023,242786,0,0,0,0,0.0618204
629993,18,1,189762,51300,44892,138462,272634,0,0,0,0,0.0834383
629994,18,1,199108,53675,46771,145433,283446,0,0,0,0,0.0633727
629995,18,1,179607,48130,41955,131477,254658,0,0,0,0,0.0587439
629996,18,1,196547,53283,45887,143264,283281,0,0,0,0,0.070078
629997,18,1,169863,45405,39410,124458,240656,0,0,0,0,0.0600696
629998,18,1,179528,48305,41660,131223,256395,0,0,0,0,0.067686
629999,18,1,170624,46010,39504,124614,244821,0,0,0,0,0.0673077
631400,3,1,150065,40972,35009,109093,217540,0,0,0,0,0.100805
631401,9,1,151837,42054,35673,109783,223825,0,0,0,0,0.0699745
631404,9,1,180349,50559,43887,129790,268280,0,0,0,0,0.0714026
631409,9,1,145860,39536,34082,106324,209066,0,0,0,0,0.0659494
631410,3,1,171151,47180,41493,123971,250048,0,0,0,0,0.10079
631411,9,1,159077,43633,37706,115444,231494,0,0,0,0,0.0712912
631414,9,1,189230,52376,45558,136854,276758,0,0,0,0,0.0637754
631419,9,1,164409,45084,39353,119325,238410,0,0,0,0,0.0909124
631420,3,1,155775,42003,35605,113772,222761,0,0,0,0,0.105166
631421,9,1,144240,38926,32546,105314,207046,0,0,0,0,0.0648017
631424,9,1,174416,48581,41006,125835,258473,0,0,0,0,0.0689116
631429,9,1,194851,54411,46591,140440,290177,0,0,0,0,0.0665224
631430,3,1,155734,41997,35619,113737,222732,0,0,0,0,0.114844
631431,9,1,197043,54687,46984,142356,290275,0,0,0,0,0.0799314
631434,9,1,188729,52862,45912,135867,282432,0,0,0,0,0.0946148
631439,9,1,178807,49599,42753,129208,263527,0,0,0,0,0.0912782
631440,9,1,160981,44402,37333,116579,236556,0,0,0,0,0.0615688
631441,9,1,192657,53084,44816,139573,280238,0,0,0,0,0.0626396
631442,18,1,174277,47627,40914,126650,252834,0,0,0,0,0.065117
631444,9,1,175474,48140,42285,127334,255410,0,0,0,0,0.0671927
631445,18,1,202006,56665,48880,145341,303516,0,0,0,0,0.0645991
631448,18,1,182215,50487,43321,131728,268455,0,0,0,0,0.0715752
631449,9,1,181269,49793,42762,131476,263320,0,0,0,0,0.0953126
631470,3,1,184420,50801,44828,133619,268756,0,0,0,0,0.0936442
631471,9,1,169581,46299,40268,123282,244366,0,0,0,0,0.0651917
631474,9,2,218150,61332,53670,156805,327525,1,0,0,0,0.159524
631479,9,1,172733,47102,41131,125631,247072,0,0,0,0,0.0605432
631480,3,1,169355,46401,39636,122954,246196,0,0,0,0,0.0936444
631481,9,1,151239,40948,34374,110291,217326,0,0,0,0,0.075751
631484,9,1,181083,49783,41972,131300,261638,0,0,0,0,0.06461
631489,9,1,195562,53967,46291,141595,284453,0,0,0,0,0.0921781
631490,3,1,169257,46361,39633,122896,245925,0,0,0,0,0.110832
631491,9,1,207280,57434,49407,149846,303711,0,0,0,0,0.0742437
631494,9,1,194328,54338,47485,139990,289244,0,0,0,0,0.0721677
631499,9,1,182481,50438,43367,132043,266883,0,0,0,0,0.0816957
631500,9,1,171268,47915,41013,123353,255349,0,0,0,0,0.0627358
631501,9,1,199830,54638,46299,145192,285927,0,0,0,0,0.0733573
631502,18,1,183920,50352,43186,133568,266473,0,0,0,0,0.090907
631504,9,1,182280,49470,43575,132810,260263,0,0,0,0,0.0674098
631505,18,1,212391,59524,51601,152867,317725,0,0,0,0,0.0634397
631508,18,1,187987,51856,44502,136131,274631,0,0,0,0,0.0581068
631509,9,1,186851,50920,43449,135931,267303,0,0,0,0,0.0663747
631530,3,1,171849,46789,39953,125060,248746,0,0,0,0,0.0918255
631531,9,1,147565,39748,33150,107817,211139,0,0,0,0,0.0596606
631534,9,1,188453,52841,45255,135612,280139,0,0,0,0,0.0684955
631539,9,1,187787,52919,45058,134868,281790,0,0,0,0,0.0649406
631540,3,1,171847,46794,39983,125053,248792,0,0,0,0,0.0865449
631541,9,1,198623,54950,47410,143673,291008,0,0,0,0,0.0624949
631544,9,1,217790,62506,54138,155284,335295,0,0,0,0,0.0710361
631549,9,1,220104,63171,54758,156933,338186,0,0,0,0,0.0696853
631550,9,1,172012,48167,41105,123845,257311,0,0,0,0,0.0620084
631551,9,2,202627,57134,49144,145480,306109,1,0,0,0,0.156201
631554,9,1,208195,58284,50483,149911,308156,0,0,0,0,0.064338
631555,18,1,216455,61671,53464,154784,329485,0,0,0,0,0.0620019
631558,18,1,215511,60853,52285,154658,323523,0,0,0,0,0.0630485
631559,9,1,190020,52660,45098,137360,278592,0,0,0,0,0.063684
631562,18,1,184726,51167,43534,133559,272641,0,0,0,0,0.074637
631580,3,1,153086,41234,35343,111852,218084,0,0,0,0,0.142345
631581,9,1,170885,45708,39584,125177,240963,0,0,0,0,0.0903699
631584,9,1,186585,51750,45177,134835,275007,0,0,0,0,0.0845324
631589,9,1,183868,51055,44905,132813,270706,0,0,0,0,0.085984
631590,9,1,160486,44556,38072,115930,237336,0,0,0,0,0.0941526
631591,9,1,173098,47484,41331,125614,252226,0,0,0,0,0.0678778
631594,9,1,182528,50355,43813,132173,268283,0,0,0,0,0.0656962
631599,9,1,172237,47523,40933,124714,252747,0,0,0,0,0.0667432
631602,18,1,190810,52717,45685,138093,280453,0,0,0,0,0.0699635
631605,18,1,205234,58450,51571,146784,312898,0,0,0,0,0.0782676
631608,18,1,212011,59842,52307,152169,319320,0,0,0,0,0.0875484
631620,9,1,186919,52649,45573,134270,280275,0,0,0,0,0.0844405
631621,9,1,191501,53720,47080,137781,284635,0,0,0,0,0.0638757
631624,9,1,194412,54100,46786,140312,287347,0,0,0,0,0.0723467
631629,9,1,174768,47885,40912,126883,253388,0,0,0,0,0.0729974
631642,18,1,165312,44930,37874,120382,238476,0,0,0,0,0.0575616
631645,18,1,191469,53738,46994,137731,286876,0,0,0,0,0.0611111
631648,18,1,193348,54329,46644,139019,290753,0,0,0,0,0.0652028
631670,9,1,159624,43206,37387,116418,227767,0,0,0,0,0.0775942
631671,9,1,200904,56808,49198,144096,301673,0,0,0,0,0.0660214
631672,9,1,169718,45705,38693,124013,239632,0,0,0,0,0.0616585
631673,9,1,156450,42662,36836,113788,226690,0,0,0,0,0.0652635
631674,9,1,191746,53536,46385,138210,284760,0,0,0,0,0.0645252
631675,9,1,189846,52824,45803,137022,279745,0,0,0,0,0.0644058
631676,9,1,177475,49159,43426,128316,261028,0,0,0,0,0.0659321
631677,9,1,188121,52435,46263,135686,277832,0,0,0,0,0.0650877
631678,9,1,192272,53915,46830,138357,285885,0,0,0,0,0.0830167
631679,9,1,179218,49059,41900,130159,259473,0,0,0,0,0.0680112
631680,3,1,159863,42833,36008,117030,225115,0,0,0,0,0.0900883
631681,9,1,161244,43976,37368,117268,232028,0,0,0,0,0.0643799
631684,9,1,192511,52984,45873,139527,278314,0,0,0,0,0.0639365
631689,9,1,160996,43360,37169,117636,227696,0,0,0,0,0.0619932
631690,3,1,185638,50676,44528,134962,266574,0,0,0,0,0.105391
631691,9,1,173380,47053,40846,126327,247333,0,0,0,0,0.0653115
631694,9,1,212611,58319,50945,154292,304721,0,0,0,0,0.0711227
631699,9,1,181046,49272,43296,131774,258105,0,0,0,0,0.0612701
631700,3,1,169273,44971,38271,124302,236197,0,0,0,0,0.078692
631701,9,1,158389,42173,35275,116216,221714,0,0,0,0,0.0598429
631704,9,1,193768,53547,45389,140221,282422,0,0,0,0,0.0648254
631709,9,1,216502,59655,51287,156847,314738,0,0,0,0,0.0677643
631710,3,1,169246,44944,38262,124302,236013,0,0,0,0,0.0824159
631711,9,1,215183,58966,50920,156217,309299,0,0,0,0,0.0659849
631714,9,1,206881,57610,50150,149271,305616,0,0,0,0,0.0662857
631719,9,1,196199,53778,46557,142421,282915,0,0,0,0,0.0611864
631720,9,1,173533,47136,40158,126397,248424,0,0,0,0,0.0600499
631721,9,1,204845,55417,47195,149428,288737,0,0,0,0,0.0606342
631722,18,1,188629,51125,43884,137504,269174,0,0,0,0,0.0638389
631724,9,1,194183,53358,46696,140825,281263,0,0,0,0,0.0634518
631725,18,1,221207,61630,53276,159577,327361,0,0,0,0,0.0634337
631728,18,1,197409,54047,46551,143362,284205,0,0,0,0,0.0569349
631729,9,1,195986,53641,45934,142345,281596,0,0,0,0,0.0666219
631750,3,1,197651,54168,47904,143483,284241,0,0,0,0,0.0873298
631751,9,1,181915,49399,43098,132516,258665,0,0,0,0,0.062405
631754,9,2,230059,63370,55942,166676,334248,1,0,0,0,0.146816
631759,9,1,190532,51941,45345,138591,270646,0,0,0,0,0.0636369
631760,3,1,175119,47024,40540,128095,246867,0,0,0,0,0.0822833
631761,9,1,159875,42694,35978,117181,224062,0,0,0,0,0.0602361
631764,9,1,195625,53537,45372,142088,279317,0,0,0,0,0.0639938
631769,9,1,210834,57665,49428,153169,301432,0,0,0,0,0.0629933
631770,3,1,175002,46983,40539,128019,246611,0,0,0,0,0.0805348
631771,9,1,219958,60262,52128,159696,315081,0,0,0,0,0.068915
631774,9,1,211288,58385,50913,152903,307906,0,0,0,0,0.0705737
631779,9,1,193955,52764,45445,141191,276235,0,0,0,0,0.0630394
631780,9,1,181895,49786,42729,132109,261892,0,0,0,0,0.0612865
631781,9,2,219652,61741,53382,157898,328529,1,0,0,0,0.230499
631782,18,1,195089,53021,45743,142068,278339,0,0,0,0,0.0730946
631784,9,1,195429,52981,46576,142448,276647,0,0,0,0,0.0853144
631785,18,1,227395,63061,54803,164334,333165,0,0,0,0,0.0679468
631788,18,1,200408,54550,47144,145858,285560,0,0,0,0,0.0596568
631789,9,1,199575,54174,46274,145401,282585,0,0,0,0,0.071917
631810,3,1,187538,50131,42630,137407,263523,0,0,0,0,0.10199
631811,9,1,159251,42533,35423,116718,224264,0,0,0,0,0.0613618
631814,9,2,293520,83034,72620,210473,441309,1,0,0,0,0.188116
631819,9,1,201415,55518,47791,145897,292244,0,0,0,0,0.064127
631820,3,1,187360,50067,42543,137293,263196,0,0,0,0,0.0914814
631821,9,1,211497,57808,49885,153689,303308,0,0,0,0,0.0654452
631824,9,1,239984,67946,59107,172038,360981,0,0,0,0,0.0729891
631829,9,1,243305,68659,59905,174646,364386,0,0,0,0,0.0758633
631830,9,1,182060,50122,42735,131938,264505,0,0,0,0,0.0633646
631831,9,2,211384,58870,50944,152501,312751,1,0,0,0,0.157276
631834,9,1,219390,61034,53276,158356,320392,0,0,0,0,0.066912
631835,18,1,228421,63627,55154,164794,335841,0,0,0,0,0.0649437
631838,18,1,231533,64463,55615,167070,339529,0,0,0,0,0.064823
631839,9,1,201603,54878,47249,146725,287169,0,0,0,0,0.0627732
631842,18,1,195157,53337,45662,141820,281886,0,0,0,0,0.0633655
631860,3,1,163322,43638,37638,119684,229227,0,0,0,0,0.117066
631861,9,1,188563,50977,44163,137586,268091,0,0,0,0,0.0851061
631864,9,1,204490,56656,49785,147834,299529,0,0,0,0,0.0861923
631869,9,1,200669,55347,48748,145322,291671,0,0,0,0,0.0832253
631870,9,1,175143,48369,41251,126774,255766,0,0,0,0,0.085684
631871,9,1,188354,51887,45005,136467,274598,0,0,0,0,0.0673479
631874,9,1,197103,53841,46843,143262,284349,0,0,0,0,0.0663243
631879,9,1,188350,51101,44219,137249,268878,0,0,0,0,0.0637553
631882,18,1,207663,57203,49509,150460,302701,0,0,0,0,0.0689599
631885,18,1,229187,65106,57435,164081,346329,0,0,0,0,0.0728408
631888,18,1,230521,64454,56189,166067,341183,0,0,0,0,0.0760807
631900,9,1,193610,53884,46599,139726,283954,0,0,0,0,0.0800741
631901,9,1,199321,55152,48096,144169,289031,0,0,0,0,0.0645796
631904,9,2,229617,64669,56277,164935,343251,1,0,0,0,0.161491
631909,9,1,181989,48921,42075,133068,255020,0,0,0,0,0.0579478
631922,18,1,172138,46171,39233,125967,242501,0,0,0,0,0.0609721
631925,18,1,203332,56151,49097,147181,296765,0,0,0,0,0.0651767
631928,18,1,206577,57477,49648,149100,304752,0,0,0,0,0.0650577
631950,9,1,169411,45348,38949,124063,236503,0,0,0,0,0.0793946
631951,9,1,205008,56897,49324,148111,298335,0,0,0,0,0.0647839
631952,9,1,175992,46825,39621,129167,243330,0,0,0,0,0.0615874
631953,9,1,161130,43289,37148,117841,227768,0,0,0,0,0.0594888
631954,9,1,195542,53258,45893,142284,278516,0,0,0,0,0.0616293
631955,9,2,333519,92689,80221,240818,489932,1,0,0,0,0.171084
631956,9,1,188173,51605,45132,136568,271737,0,0,0,0,0.0648501
631957,9,1,196177,54290,47827,141887,285356,0,0,0,0,0.0631058
631958,9,1,202359,55713,48166,146646,291571,0,0,0,0,0.0633424
631959,9,1,185973,50116,42824,135857,261512,0,0,0,0,0.058405
631960,3,1,173178,46108,40292,127070,242456,0,0,0,0,0.0944268
631961,9,1,161466,43622,37213,117844,230844,0,0,0,0,0.0640043
631964,9,1,186013,50642,44272,135371,266941,0,0,0,0,0.0621828
631969,9,1,173137,46630,40661,126507,245060,0,0,0,0,0.0638305
631970,3,1,175333,46516,41174,128817,242348,0,0,0,0,0.102223
631971,9,1,158394,42065,36744,116329,219986,0,0,0,0,0.0645189
631974,9,2,216824,59176,52544,157635,312001,1,0,0,0,0.143215
631979,9,1,164675,43590,38427,121085,225550,0,0,0,0,0.0547306
631980,3,1,159848,41898,36675,117950,219937,0,0,0,0,0.0751125
631981,9,1,141306,37434,32326,103872,197598,0,0,0,0,0.0548203
631984,9,2,314745,87713,77004,227019,465525,1,0,0,0,0.166185
631989,9,1,190769,51571,45245,139198,270399,0,0,0,0,0.0578289
631990,3,1,160362,42038,36745,118324,220680,0,0,0,0,0.0778541
631991,9,2,194476,53612,47038,140853,285115,1,0,0,0,0.172365
631994,9,1,195449,54248,47594,141201,287997,0,0,0,0,0.0642736
631999,9,1,178697,48419,42338,130278,254503,0,0,0,0,0.0580533
632000,9,1,156207,42201,36540,114006,223293,0,0,0,0,0.05813
632001,9,2,196423,54441,47693,141969,290152,1,0,0,0,0.16402
632002,18,2,272748,75202,66072,197534,399537,1,0,0,0,0.214217
632004,9,1,169078,45034,39269,124044,234800,0,0,0,0,0.0575998
632005,18,1,200952,55575,48951,145377,294687,0,0,0,0,0.0570957
632008,18,2,277836,77122,67598,200703,409854,1,0,0,0,0.156506
632009,9,2,278127,76394,66966,201720,403603,1,0,0,0,0.181507
632030,3,1,172548,46241,40909,126307,241889,0,0,0,0,0.0899601
632031,9,1,156958,41494,36195,115464,216034,0,0,0,0,0.0572273
632034,9,1,183148,48735,42441,134413,252750,0,0,0,0,0.0662611
632039,9,4,455496,124518,109554,330954,667552,1,1,2,0,0.249744
632040,3,1,214873,59668,52156,155205,315811,0,0,0,0,0.0908732
632041,9,1,190620,52484,45088,138136,277604,0,0,0,0,0.061184
632044,9,1,210786,57455,50297,153331,300433,0,0,0,0,0.0609667
632049,9,1,208521,56790,49641,151731,297629,0,0,0,0,0.0587451
632050,3,1,214919,59652,52153,155267,315628,0,0,0,0,0.0979837
632051,9,2,308820,86583,75566,222224,458386,1,0,0,0,0.165255
632054,9,2,172525,46673,40806,125840,245473,1,0,0,0,0.135611
632059,9,1,199988,54780,47372,145208,288367,0,0,0,0,0.0622995
632060,9,1,190484,52917,45531,137567,280372,0,0,0,0,0.0716989
632061,9,2,237272,66979,58324,170280,356424,1,0,0,0,0.14427
632062,18,1,205888,56066,48756,149822,293622,0,0,0,0,0.0599683
632064,9,1,177689,47530,41827,130159,248234,0,0,0,0,0.0566578
632065,18,1,200575,54161,46954,146414,284485,0,0,0,0,0.0678916
632068,18,1,196823,53447,46267,143376,280331,0,0,0,0,0.0615478
632069,9,1,194409,53313,46634,141096,280278,0,0,0,0,0.0775727
632090,3,1,190181,51878,45762,138303,273054,0,0,0,0,0.084995
632091,9,1,165952,44831,38936,121121,235296,0,0,0,0,0.0607543
632094,9,2,200014,54539,47910,145463,286851,1,0,0,0,0.156541
632099,9,2,301283,83507,73501,217765,440223,1,0,0,0,0.153975
632100,3,1,190066,51854,45732,138212,272951,0,0,0,0,0.0734797
632101,9,2,307864,86914,76333,220937,460947,1,0,0,0,0.175908
632104,9,2,304095,84825,74703,219257,447185,1,0,0,0,0.152923
632109,9,2,286064,79714,69770,206338,422468,1,0,0,0,0.146128
632110,9,1,177730,49265,42189,128465,260810,0,0,0,0,0.0611235
632111,9,2,214268,60206,52431,154050,320700,1,0,0,0,0.156081
632114,9,2,171954,46535,40675,125406,244787,1,0,0,0,0.176833
632115,18,2,283514,78629,69128,204872,415923,1,0,0,0,0.15635
632118,18,1,209764,58083,50803,151681,305364,0,0,0,0,0.0607513
632119,9,1,199273,55271,48667,144002,291008,0,0,0,0,0.0667848
632122,18,1,194874,53184,46519,141690,278657,0,0,0,0,0.0582769
632140,3,1,190843,52687,46073,138156,277647,0,0,0,0,0.0939541
632141,9,1,196991,53122,46276,143869,278057,0,0,0,0,0.0671478
632144,9,1,211833,58526,51009,153307,306522,0,0,0,0,0.0674392
632149,9,2,276402,76227,66981,200163,404074,1,0,0,0,0.170322
632150,9,1,178203,49211,42219,128992,259824,0,0,0,0,0.0784717
632151,9,1,191724,52204,45415,139520,274347,0,0,0,0,0.0741013
632154,9,1,209114,56975,49644,152139,299041,0,0,0,0,0.0622081
632159,9,1,188508,51731,45072,136777,273439,0,0,0,0,0.0613696
632162,18,1,216621,60252,52009,156369,319231,0,0,0,0,0.0653189
632165,18,1,215706,60329,51833,155377,319699,0,0,0,0,0.0655211
632168,18,1,203042,55307,48054,147735,290811,0,0,0,0,0.0620591
632180,9,1,193357,52714,45198,140643,274858,0,0,0,0,0.0693713
632181,9,2,217759,60098,52486,157648,316835,1,0,0,0,0.149762
632184,9,2,230159,63901,56048,166245,337234,1,0,0,0,0.155897
632189,9,2,181419,49125,43026,132281,258146,1,0,0,0,0.170371
632202,18,1,185662,50744,43659,134918,266986,0,0,0,0,0.0764418
632205,18,1,219043,61421,53211,157622,325635,0,0,0,0,0.0678637
632208,18,1,189318,50902,44178,138416,266365,0,0,0,0,0.0602091
632230,9,1,179445,48157,41493,131288,250337,0,0,0,0,0.0609304
632231,9,1,198882,53505,46050,145377,277584,0,0,0,0,0.0616592
632232,9,2,195170,52861,46026,142296,279282,1,0,0,0,0.152384
632233,9,1,182499,49071,42888,133428,256347,0,0,0,0,0.0899059
632234,9,2,281617,76518,66612,205086,400873,1,0,0,0,0.16713
632235,9,1,213690,58638,51211,155052,308059,0,0,0,0,0.0872076
632236,9,1,199900,54876,47988,145024,288213,0,0,0,0,0.0896646
632237,9,2,157274,41480,36135,115781,217341,1,0,0,0,0.148924
632238,9,1,175990,46812,40650,129178,243801,0,0,0,0,0.0598187
632239,9,2,173885,46626,40821,127246,244512,1,0,0,0,0.193719
632240,3,1,174828,46919,41064,127909,247294,0,0,0,0,0.108576
632241,9,1,163032,44232,37810,118800,234343,0,0,0,0,0.0883658
632244,9,1,187408,51290,44849,136118,270815,0,0,0,0,0.0920291
632249,9,1,173523,46857,40870,126666,246485,0,0,0,0,0.0625319
632250,3,1,184883,48718,43044,136165,252935,0,0,0,0,0.0869337
632251,9,1,164574,43476,38049,121098,226409,0,0,0,0,0.0683148
632254,9,2,220968,60332,53517,160623,317837,1,0,0,0,0.188895
632259,9,2,330352,89353,78960,240986,468077,1,0,0,0,0.212596
632260,3,1,168830,44194,38925,124636,231175,0,0,0,0,0.0788856
632261,9,1,148323,39195,33821,109128,206170,0,0,0,0,0.0566306
632264,9,2,320434,88957,77930,231464,470826,1,0,0,0,0.181834
632269,9,1,198941,53578,46902,145363,279247,0,0,0,0,0.0944138
632270,3,1,169480,44370,39031,125110,232089,0,0,0,0,0.116787
632271,9,2,196367,53961,47354,142395,286777,1,0,0,0,0.208596
632274,9,1,203816,56408,49603,147408,298308,0,0,0,0,0.0816696
632279,9,1,183949,49535,43427,134414,259298,0,0,0,0,0.089722
632280,9,1,162808,43770,37932,119038,230914,0,0,0,0,0.0617485
632281,9,2,199663,55130,48409,144520,293304,1,0,0,0,0.234505
632282,18,2,279908,77066,67850,202830,408599,1,0,0,0,0.209018
632284,9,1,177658,47109,41306,130549,244733,0,0,0,0,0.0557665
632285,18,1,210994,58246,51462,152748,307760,0,0,0,0,0.0683564
632288,18,2,283249,78357,68829,204881,415364,1,0,0,0,0.236714
632289,9,2,284388,78016,68399,206359,411653,1,0,0,0,0.255726
632310,3,1,164259,43513,38184,120746,226620,0,0,0,0,0.092603
632311,9,1,157565,41840,36329,115725,218002,0,0,0,0,0.080505
632314,9,1,187020,49950,43489,137070,259766,0,0,0,0,0.0769582
632319,9,4,463984,127627,112254,336333,686775,1,1,2,0,0.344145
632320,3,1,206206,56237,49240,149969,296446,0,0,0,0,0.0797641
632321,9,1,187099,51037,44185,136062,269505,0,0,0,0,0.0543439
632324,9,2,322413,89647,78817,232753,473986,1,0,0,0,0.165657
632329,9,1,212445,57676,50197,154769,302097,0,0,0,0,0.0577273
632330,3,1,206128,56209,49210,149919,296260,0,0,0,0,0.0975911
632331,9,2,313541,88101,77115,225427,467483,1,0,0,0,0.164692
632334,9,2,174949,47132,41218,127805,247748,1,0,0,0,0.12341
632339,9,1,201857,55166,47879,146691,290312,0,0,0,0,0.0585727
632340,9,1,185319,50904,43736,134415,269033,0,0,0,0,0.0771007
632341,9,1,223864,61623,53679,162241,323508,0,0,0,0,0.101025
632342,18,1,205478,55857,48659,149621,293159,0,0,0,0,0.075419
632344,9,1,179704,48380,42409,131324,253101,0,0,0,0,0.0688693
632345,18,1,198160,53197,45927,144963,279016,0,0,0,0,0.0825311
632348,18,1,197473,53537,46360,143936,281205,0,0,0,0,0.0843837
632349,9,1,188882,51342,45044,137540,269864,0,0,0,0,0.109746
632370,3,1,181552,49168,42709,132384,259259,0,0,0,0,0.114194
632371,9,1,158016,42572,36840,115444,224471,0,0,0,0,0.0786316
632374,9,2,192089,52244,45794,139833,275310,1,0,0,0,0.200775
632379,9,2,293603,80823,70662,212769,426148,1,0,0,0,0.22937
632380,3,1,181715,49209,42730,132506,259453,0,0,0,0,0.120631
632381,9,2,304090,85987,75415,218090,457910,1,0,0,0,0.249135
632384,9,2,305764,84920,74528,220831,448097,1,0,0,0,0.243656
632389,9,2,291887,81338,71252,210537,431637,1,0,0,0,0.213754
632390,9,1,172541,47843,40878,124698,253999,0,0,0,0,0.083733
632391,9,2,210742,59029,51311,151701,314930,1,0,0,0,0.2114
632394,9,2,170854,46098,40146,124743,242621,1,0,0,0,0.184531
632395,18,2,286952,79687,70203,207252,422578,1,0,0,0,0.224169
632398,18,1,213954,59061,51493,154893,310219,0,0,0,0,0.0782127
632399,9,1,202308,55952,49403,146356,293962,0,0,0,0,0.0661283
632402,18,1,185445,50560,44076,134885,266365,0,0,0,0,0.0784448
632420,3,1,175415,48082,41888,127333,253930,0,0,0,0,0.127567
632421,9,1,189660,51899,45139,137761,274302,0,0,0,0,0.0910008
632424,9,1,196478,53627,46335,142851,281070,0,0,0,0,0.0653418
632429,9,2,276237,76592,66789,199633,407600,1,0,0,0,0.196758
632430,9,1,168979,46500,39749,122479,246248,0,0,0,0,0.0816622
632431,9,1,189972,52126,45329,137846,275701,0,0,0,0,0.0645973
632434,9,1,206532,55549,47954,150983,290690,0,0,0,0,0.0665142
632439,9,1,188385,51502,44833,136883,272194,0,0,0,0,0.0650025
632442,18,1,208674,58027,49808,150647,308900,0,0,0,0,0.0693005
632445,18,1,219869,61330,52503,158539,324745,0,0,0,0,0.0671613
632448,18,1,201441,54996,47992,146445,289612,0,0,0,0,0.0633457
632460,9,1,182564,49995,43209,132569,262682,0,0,0,0,0.0614009
632461,9,2,214791,59296,51893,155482,313622,1,0,0,0,0.219327
632464,9,2,293287,80784,70585,212490,425675,1,0,0,0,0.202189
632469,9,2,175095,47308,41413,127774,248343,1,0,0,0,0.142076
632482,18,1,182035,49851,42612,132184,263734,0,0,0,0,0.0596685
632485,18,1,222649,62139,53913,160510,329568,0,0,0,0,0.075722
632488,18,1,186737,50196,43540,136541,263019,0,0,0,0,0.0790758
632510,9,1,169629,45484,39183,124145,237656,0,0,0,0,0.0844637
632511,9,1,194345,52598,45371,141747,275234,0,0,0,0,0.0866891
632512,9,2,191749,51531,44838,140205,272311,1,0,0,0,0.16544
632513,9,1,175098,47278,41093,127820,248846,0,0,0,0,0.0746793
632514,9,2,283924,77149,67314,206762,404452,1,0,0,0,0.205798
632515,9,1,217460,59326,51581,158134,311820,0,0,0,0,0.0916431
632516,9,1,207613,57026,49990,150587,298753,0,0,0,0,0.09345
632517,9,2,160241,42623,37087,117605,224524,1,0,0,0,0.147127
632518,9,1,171522,45359,39451,126163,236296,0,0,0,0,0.0590923
632519,9,2,176441,47287,41406,129141,247883,1,0,0,0,0.139679
632520,3,1,181734,47612,41840,134122,246963,0,0,0,0,0.0825207
632521,9,1,168467,44967,38610,123500,235160,0,0,0,0,0.0603481
632524,9,1,190254,50982,44318,139272,264809,0,0,0,0,0.0610883
632529,9,1,171937,45217,39508,126720,233449,0,0,0,0,0.0601921
632530,3,1,180808,47237,41561,133571,244654,0,0,0,0,0.0828234
632531,9,1,168490,44973,38631,123517,235179,0,0,0,0,0.0625796
632534,9,1,190489,50981,44330,139508,264667,0,0,0,0,0.0617385
632539,9,1,172659,45322,39538,127337,233844,0,0,0,0,0.0557496
632540,3,1,179386,47623,41734,131763,250445,0,0,0,0,0.0964852
632541,9,1,154752,41190,35207,113562,217483,0,0,0,0,0.0644514
632544,9,1,197841,53826,47071,144015,282597,0,0,0,0,0.0756884
632549,9,1,193853,52194,45570,141659,273130,0,0,0,0,0.0698439
632550,3,1,179635,47683,41763,131952,250782,0,0,0,0,0.0925182
632551,9,1,195528,53966,47467,141562,285574,0,0,0,0,0.0676702
632554,9,1,223645,61831,54682,161814,326859,0,0,0,0,0.0758861
632559,9,1,228791,63918,56345,164873,339204,0,0,0,0,0.072233
632560,9,1,168215,45752,39563,122463,242459,0,0,0,0,0.062456
632561,9,2,278342,76772,67321,201557,406569,1,0,0,0,0.180024
632562,18,2,278716,77540,68066,201164,412307,1,0,0,0,0.184228
632564,9,2,256271,69576,61154,186683,367789,1,0,0,0,0.167574
632565,18,2,302031,84543,74207,217475,450307,1,0,0,0,0.160362
632568,18,2,306879,85713,75165,221153,456536,1,0,0,0,0.194499
632569,9,2,174179,47071,41246,127095,248605,1,0,0,0,0.157001
632590,3,1,155005,40130,34372,114875,206877,0,0,0,0,0.100866
632591,9,1,156044,40860,34662,115184,211198,0,0,0,0,0.0596149
632594,9,1,183935,49007,41909,134928,253108,0,0,0,0,0.0642525
632599,9,4,479898,132727,115972,347147,712371,1,1,2,0,0.348025
632600,3,1,191533,50824,44316,140709,264392,0,0,0,0,0.0808807
632601,9,1,171719,45601,39458,126118,237481,0,0,0,0,0.0565289
632604,9,2,324375,89510,78846,234852,471861,1,0,0,0,0.194755
632609,9,1,194696,51428,44761,143268,266355,0,0,0,0,0.0620602
632610,3,1,191578,50844,44337,140734,264466,0,0,0,0,0.095808
632611,9,2,175049,47589,41601,127448,251185,1,0,0,0,0.137523
632614,9,2,171398,45813,40147,125573,240545,1,0,0,0,0.127523
632619,9,1,196790,53276,45953,143514,279185,0,0,0,0,0.0605537
632620,9,1,176232,47197,40315,129035,246527,0,0,0,0,0.0589497
632621,9,1,210983,56862,49257,154121,295070,0,0,0,0,0.0609394
632622,18,1,195949,52837,45761,143112,275264,0,0,0,0,0.0624901
632624,9,1,189563,51178,44265,138385,266815,0,0,0,0,0.0786307
632625,18,1,191289,51054,43881,140235,266318,0,0,0,0,0.0781608
632628,18,1,207383,56239,48434,151144,294865,0,0,0,0,0.0696411
632629,9,1,188089,50821,44365,137268,266273,0,0,0,0,0.0688654
632650,3,1,176727,47739,41485,128988,250993,0,0,0,0,0.0819581
632651,9,1,163284,44052,37979,119232,231756,0,0,0,0,0.0610733
632654,9,1,200972,54422,47328,146550,284589,0,0,0,0,0.0674593
632659,9,1,180606,48313,41344,132293,251859,0,0,0,0,0.0759489
632660,3,1,177105,47846,41584,129259,251558,0,0,0,0,0.100017
632661,9,2,172840,47509,41189,125319,252390,1,0,0,0,0.155918
632664,9,2,172567,46223,40285,126332,243198,1,0,0,0,0.140328
632669,9,1,208233,56830,49457,151403,297976,0,0,0,0,0.0681242
632670,9,1,168280,46193,39491,122087,244123,0,0,0,0,0.0598401
632671,9,1,201331,54809,47369,146522,287119,0,0,0,0,0.0583555
632674,9,1,200201,54059,46978,146142,281066,0,0,0,0,0.0699498
632675,18,1,196735,52871,45464,143864,275651,0,0,0,0,0.0607629
632678,18,1,219325,59940,52058,159385,314621,0,0,0,0,0.0645441
632679,9,1,197189,53404,46909,143785,279932,0,0,0,0,0.0649948
632682,18,1,187971,50938,43922,137033,267219,0,0,0,0,0.0597997
632700,3,1,147037,38195,32275,108842,199445,0,0,0,0,0.119424
632701,9,1,195812,53201,45931,142611,279078,0,0,0,0,0.092337
632704,9,1,208590,56882,49415,151708,297491,0,0,0,0,0.0942384
632709,9,1,166504,44930,38675,121574,236874,0,0,0,0,0.0677673
632710,9,1,149187,39631,33255,109556,207945,0,0,0,0,0.0600362
632711,9,1,190512,51506,44603,139006,271045,0,0,0,0,0.0561356
632714,9,1,205744,55373,48040,150371,290139,0,0,0,0,0.0586936
632719,9,1,190395,51571,44596,138824,271901,0,0,0,0,0.0763184
632722,18,1,200466,54883,47286,145583,290236,0,0,0,0,0.0580652
632725,18,1,215997,59337,50968,156660,312777,0,0,0,0,0.0610488
632728,18,1,191292,52301,45575,138991,277045,0,0,0,0,0.0588746
632740,9,1,169318,45331,38677,123987,237061,0,0,0,0,0.0763263
632741,9,2,184685,49854,43714,134818,262070,1,0,0,0,0.169759
632744,9,2,182404,49148,42926,133243,257784,1,0,0,0,0.139554
632749,9,1,204891,57595,50232,147296,305774,0,0,0,0,0.0842593
632762,18,1,200281,54896,47135,145385,290298,0,0,0,0,0.0708681
632765,18,1,220077,60671,52668,159406,319974,0,0,0,0,0.0723027
632768,18,1,176354,47265,40858,129089,248577,0,0,0,0,0.0611473
632790,9,1,153048,40206,33811,112842,209068,0,0,0,0,0.0714972
632791,9,2,176541,46978,40800,129550,246049,1,0,0,0,0.179888
632792,9,1,184932,49563,42698,135369,259776,0,0,0,0,0.0603221
632793,9,1,177067,47173,40696,129894,246754,0,0,0,0,0.0621341
632794,9,2,178170,47745,41601,130412,250335,1,0,0,0,0.141431
632795,9,1,203500,54363,47445,149137,283240,0,0,0,0,0.0639518
632796,9,1,191406,51304,44644,140102,267998,0,0,0,0,0.0649101
632797,9,2,252828,68533,59174,184283,360591,1,0,0,0,0.178877
632798,9,1,172559,45177,38872,127382,234453,0,0,0,0,0.0651209
632799,9,1,200887,54589,47554,146298,286048,0,0,0,0,0.0668119
632800,3,1,176462,46512,40793,129950,243508,0,0,0,0,0.0858894
632801,9,1,152214,41152,35437,111062,217398,0,0,0,0,0.0605527
632804,9,1,195812,53665,46632,142147,281970,0,0,0,0,0.0671594
632809,9,1,196964,52867,45835,144097,274909,0,0,0,0,0.0643508
632810,3,1,176716,46599,40878,130117,244013,0,0,0,0,0.080271
632811,9,1,152223,41143,35431,111080,217345,0,0,0,0,0.0557078
632814,9,1,195863,53647,46627,142216,281798,0,0,0,0,0.0643364
632819,9,1,196467,52643,45627,143824,273593,0,0,0,0,0.0587555
632820,3,1,175229,46213,40327,129016,242684,0,0,0,0,0.0886835
632821,9,1,158348,42639,36417,115709,225843,0,0,0,0,0.0634854
632824,9,1,196139,54145,47176,141994,286832,0,0,0,0,0.0670593
632829,9,1,192766,52351,45587,140415,275869,0,0,0,0,0.0700553
632830,3,1,178484,46809,41229,131675,245050,0,0,0,0,0.141727
632831,9,1,197185,53862,47462,143323,285508,0,0,0,0,0.0938783
632834,9,1,208601,57422,50679,151179,304388,0,0,0,0,0.122677
632839,9,1,206916,56902,50524,150014,301634,0,0,0,0,0.117334
632840,9,1,172191,46091,40098,126100,242923,0,0,0,0,0.110938
632841,9,1,167891,45014,38827,122877,237642,0,0,0,0,0.0894911
632842,18,2,206197,57868,51031,148316,309214,1,0,0,0,0.194286
632844,9,1,178636,47933,41287,130703,252720,0,0,0,0,0.0794066
632845,18,1,212666,59505,52576,153161,316736,0,0,0,0,0.0697183
632848,18,1,212368,58914,51688,153454,312983,0,0,0,0,0.0889126
632849,9,1,182813,48559,42172,134254,253680,0,0,0,0,0.0776124
632870,3,1,185030,48046,41788,136984,249229,0,0,0,0,0.0835532
632871,9,1,169228,44597,38182,124631,232450,0,0,0,0,0.0583314
632874,9,1,193315,52051,45227,141264,271339,0,0,0,0,0.0625815
632879,9,1,203693,54049,46996,149644,279211,0,0,0,0,0.0568057
632880,3,1,169862,43304,37709,126558,223101,0,0,0,0,0.107341
632881,9,1,162860,42377,36587,120483,219809,0,0,0,0,0.0765697
632884,9,1,193727,51800,45523,141927,270457,0,0,0,0,0.0603825
632889,9,1,198698,53189,46401,145509,277526,0,0,0,0,0.0631827
632890,3,1,192151,50514,43901,141637,262654,0,0,0,0,0.102463
632891,9,1,203992,55079,48167,148913,288299,0,0,0,0,0.072326
632894,9,1,215513,58552,51197,156961,307585,0,0,0,0,0.0731806
632899,9,1,209250,55928,48858,153322,291939,0,0,0,0,0.0782472
632900,9,1,178561,47351,40767,131210,246696,0,0,0,0,0.068411
632901,9,1,180498,47647,41511,132851,248043,0,0,0,0,0.0678944
632902,18,1,216828,59160,51614,157668,310774,0,0,0,0,0.0895177
632904,9,1,209545,55938,48571,153607,291371,0,0,0,0,0.0773097
632905,18,1,218427,60084,52474,158343,317725,0,0,0,0,0.0651106
632908,18,1,209162,57284,49911,151878,301777,0,0,0,0,0.068062
632909,9,1,213692,58099,50358,155593,303325,0,0,0,0,0.0661388
632930,3,1,163056,41825,36321,121231,216957,0,0,0,0,0.083243
632931,9,1,156639,41278,35394,115361,216214,0,0,0,0,0.0576272
632934,9,1,189041,50900,44385,138141,266806,0,0,0,0,0.0613682
632939,9,1,190481,50989,44338,139492,265945,0,0,0,0,0.0613153
632940,3,1,180977,47564,41062,133413,248471,0,0,0,0,0.0917468
632941,9,1,196927,53320,46543,143607,280915,0,0,0,0,0.065437
632944,9,1,205225,55868,48725,149357,294772,0,0,0,0,0.0840065
632949,9,1,201911,54675,47816,147236,287825,0,0,0,0,0.0933063
632950,9,1,169360,45316,38728,124044,238082,0,0,0,0,0.0841013
632951,9,1,176186,46876,40644,129310,245791,0,0,0,0,0.072718
632954,9,1,210547,56270,48800,154277,293239,0,0,0,0,0.0664997
632955,18,1,212579,58503,50777,154076,309822,0,0,0,0,0.0642972
632958,18,1,200464,54540,47738,145924,287867,0,0,0,0,0.0657232
632959,9,1,203295,55684,48474,147611,292434,0,0,0,0,0.0703423
632962,18,1,210187,57837,50506,152350,306089,0,0,0,0,0.0625558
632980,3,1,170539,44788,38497,125751,234694,0,0,0,0,0.0965069
632981,9,1,213762,59209,51779,154553,312911,0,0,0,0,0.0950161
632984,9,1,225364,62229,54236,163135,326552,0,0,0,0,0.0980567
632989,9,1,187439,51035,44796,136404,269826,0,0,0,0,0.0730313
632990,9,1,160005,42571,36039,117434,224084,0,0,0,0,0.0930978
632991,9,1,186308,50125,43554,136183,264094,0,0,0,0,0.0772885
632994,9,1,193058,51682,44897,141376,271992,0,0,0,0,0.0849465
632999,9,1,194008,53208,46161,140800,280129,0,0,0,0,0.0992788
633002,18,1,208318,58328,50356,149990,311297,0,0,0,0,0.0670311
633005,18,1,212854,59403,51408,153451,316141,0,0,0,0,0.0643791
633008,18,1,197266,53887,46506,143379,285682,0,0,0,0,0.0667861
633020,9,1,184767,51450,44449,133317,272567,0,0,0,0,0.0870943
633021,9,1,190120,52252,45183,137868,276014,0,0,0,0,0.0810631
633024,9,1,200644,55491,47934,145153,293407,0,0,0,0,0.0695237
633029,9,1,206464,57793,51156,148671,305755,0,0,0,0,0.0937452
633042,18,1,205003,57744,50078,147259,308996,0,0,0,0,0.0750863
633045,18,1,208754,58661,51092,150093,313504,0,0,0,0,0.0799419
633048,18,1,206059,57006,49564,149053,302958,0,0,0,0,0.0809667
633070,9,1,197386,53125,45828,144261,276811,0,0,0,0,0.0691046
633071,9,1,199822,54029,46938,145793,281856,0,0,0,0,0.0702175
633072,9,1,189065,50799,44514,138266,265872,0,0,0,0,0.0657143
633073,9,1,200406,54199,47272,146207,282042,0,0,0,0,0.0672238
633074,9,1,206918,56573,49396,150345,295657,0,0,0,0,0.0658904
633075,9,2,273238,74709,65334,198516,395505,1,0,0,0,0.177686
633076,9,1,200629,54206,47284,146423,281981,0,0,0,0,0.0639919
633077,9,2,272962,74060,64313,198889,389846,1,0,0,0,0.187153
633078,9,1,197458,53066,45742,144392,276641,0,0,0,0,0.0800313
633079,9,1,210935,57231,50203,153704,299487,0,0,0,0,0.123018
633080,3,1,177149,46802,41061,130347,245256,0,0,0,0,0.107973
633081,9,1,179309,47233,41071,132076,244329,0,0,0,0,0.0666374
633084,9,1,179118,47278,41150,131840,246783,0,0,0,0,0.0689048
633089,9,1,159479,41411,35737,118068,214770,0,0,0,0,0.0555734
633090,3,1,177456,46896,41143,130560,245778,0,0,0,0,0.0864407
633091,9,1,179075,47163,41050,131912,243940,0,0,0,0,0.0632748
633094,9,1,179312,47334,41213,131978,247073,0,0,0,0,0.0635642
633099,9,1,159844,41518,35861,118326,215373,0,0,0,0,0.061385
633100,3,1,176144,46508,40612,129636,244256,0,0,0,0,0.0908695
633101,9,1,184654,49058,42719,135596,256195,0,0,0,0,0.08356
633104,9,1,221448,60536,53038,160912,317317,0,0,0,0,0.0742613
633109,9,1,220714,59921,52516,160793,313132,0,0,0,0,0.0720022
633110,3,1,180803,47738,42102,133065,250492,0,0,0,0,0.13822
633111,9,1,182615,48564,42385,134051,255658,0,0,0,0,0.0873986
633114,9,1,203065,55150,48973,147915,291141,0,0,0,0,0.100165
633119,9,1,189265,50700,44476,138565,266693,0,0,0,0,0.0990135
633120,9,1,191637,50353,44280,141284,261281,0,0,0,0,0.0918286
633121,9,1,173239,45496,39379,127743,236837,0,0,0,0,0.0693669
633122,18,1,180869,47312,40705,133557,245797,0,0,0,0,0.0665376
633124,9,2,285237,78273,68560,206951,413279,1,0,0,0,0.188839
633125,18,1,191940,51568,44901,140372,271623,0,0,0,0,0.0705292
633128,18,1,190025,51199,44270,138826,270179,0,0,0,0,0.0729808
633129,9,2,283662,77517,67743,206132,409141,1,0,0,0,0.200929
633150,3,1,184712,47919,41704,136793,248484,0,0,0,0,0.102136
633151,9,2,358833,93781,81573,265039,482633,1,0,0,0,0.183767
633154,9,1,177255,45713,39522,131542,235272,0,0,0,0,0.0611545
633159,9,1,160575,41230,35541,119345,213023,0,0,0,0,0.060518
633160,3,1,171444,43800,38180,127644,225820,0,0,0,0,0.115185
633161,9,2,288763,77677,67805,211073,406869,1,0,0,0,0.16692
633164,9,1,181423,47827,42180,133596,248489,0,0,0,0,0.0597247
633169,9,1,179658,47816,41844,131842,250304,0,0,0,0,0.0586481
633170,3,1,191981,50713,44090,141268,264159,0,0,0,0,0.0884169
633171,9,1,203337,54372,47373,148965,283677,0,0,0,0,0.0729076
633174,9,2,385718,104581,91563,281124,547608,1,0,0,0,0.191543
633179,9,1,195163,51530,44466,143633,268655,0,0,0,0,0.0684764
633180,9,2,296769,81824,71317,214932,431611,1,0,0,0,0.176422
633181,9,1,179499,47194,40867,132305,245292,0,0,0,0,0.0609842
633182,18,1,181188,47886,41219,133302,249464,0,0,0,0,0.0558936
633184,9,1,185950,49095,41974,136855,256912,0,0,0,0,0.063746
633185,18,1,217025,59149,50712,157876,311804,0,0,0,0,0.0748047
633188,18,1,188358,50003,43282,138355,261664,0,0,0,0,0.0852564
633189,9,1,175213,46533,40152,128680,244222,0,0,0,0,0.0744315
633210,3,1,165522,42700,37103,122822,221916,0,0,0,0,0.0878797
633211,9,1,184626,47624,41476,137002,244966,0,0,0,0,0.0621381
633214,9,1,182251,48166,42178,134085,250848,0,0,0,0,0.0584275
633219,9,1,192102,51750,45422,140352,271465,0,0,0,0,0.0625772
633220,3,1,183988,48822,42315,135166,255735,0,0,0,0,0.0959353
633221,9,1,191628,51082,44392,140546,267994,0,0,0,0,0.0664981
633224,9,1,227007,61423,53608,165584,320353,0,0,0,0,0.0739434
633229,9,1,181859,48133,41870,133726,252545,0,0,0,0,0.0637455
633230,9,1,188490,49706,42592,138784,257262,0,0,0,0,0.0896491
633231,9,1,174366,46183,39771,128183,241630,0,0,0,0,0.0795683
633234,9,1,201571,53841,46631,147730,281873,0,0,0,0,0.0617087
633235,18,1,224747,61832,53427,162915,326849,0,0,0,0,0.0626346
633238,18,1,186683,49763,43172,136920,260928,0,0,0,0,0.0719035
633239,9,1,191219,51703,45036,139516,272262,0,0,0,0,0.0633002
633242,18,1,181195,47897,41177,133298,249525,0,0,0,0,0.0567466
633260,3,1,172784,45947,39759,126837,241501,0,0,0,0,0.132977
633261,9,1,192063,51782,45048,140281,272397,0,0,0,0,0.0759894
633264,9,1,206891,56437,49253,150454,297596,0,0,0,0,0.0911844
633269,9,1,163409,42680,36748,120729,223528,0,0,0,0,0.0678681
633270,9,1,182927,48102,41432,134825,249385,0,0,0,0,0.0654228
633271,9,1,205319,55251,47580,150068,288568,0,0,0,0,0.063908
633274,9,1,209943,56295,48670,153648,293022,0,0,0,0,0.0622886
633279,9,1,207955,56390,48662,151565,294034,0,0,0,0,0.0679764
633282,18,1,197987,53606,45857,144381,282855,0,0,0,0,0.0584874
633285,18,1,218295,59367,51151,158928,313022,0,0,0,0,0.0663117
633288,18,1,181445,47996,41219,133449,251595,0,0,0,0,0.0616817
633300,9,1,164709,43825,37741,120884,230092,0,0,0,0,0.0663393
633301,9,1,179832,48647,42072,131185,256932,0,0,0,0,0.0638962
633304,9,1,192677,52441,45723,140236,277346,0,0,0,0,0.0840291
633309,9,1,190385,51835,45597,138550,273605,0,0,0,0,0.0871786
633322,18,1,190911,52049,45217,138862,275929,0,0,0,0,0.0652221
633325,18,1,202919,55373,48080,147546,293271,0,0,0,0,0.0692865
633328,18,1,204402,55508,48053,148894,293051,0,0,0,0,0.0705087
633350,9,1,150034,38617,32571,111417,200412,0,0,0,0,0.0596542
633351,9,1,165860,43628,37593,122232,228094,0,0,0,0,0.0571452
633352,9,1,155808,40323,34791,115485,210076,0,0,0,0,0.0556628
633353,9,1,153339,39633,34047,113706,205608,0,0,0,0,0.0529388
633354,9,1,185811,49956,43624,135855,262655,0,0,0,0,0.0624671
633355,9,1,162020,42083,36499,119937,219178,0,0,0,0,0.0726321
633356,9,1,167424,43754,37969,123670,227377,0,0,0,0,0.060256
633357,9,1,170003,44180,37959,125823,229611,0,0,0,0,0.0567238
633358,9,1,191802,50877,43980,140925,263339,0,0,0,0,0.0878015
633359,9,1,169727,44924,39145,124803,235141,0,0,0,0,0.0750611
633360,9,1,148232,38964,33672,109268,204076,0,0,0,0,0.0539068
633361,9,2,213203,57814,50865,155376,302290,1,0,0,0,0.186225
633364,9,2,278904,75002,65724,203890,391778,1,0,0,0,0.16762
633369,9,2,173204,45418,39571,127773,236106,1,0,0,0,0.147535
633370,9,1,148253,38988,33711,109265,204236,0,0,0,0,0.0622138
633371,9,2,212840,57740,50787,155087,301895,1,0,0,0,0.175206
633374,9,2,278503,74896,65630,203595,391176,1,0,0,0,0.204349
633379,9,2,172963,45364,39504,127586,235805,1,0,0,0,0.174589
633380,9,1,148907,39262,33745,109645,206488,0,0,0,0,0.0643565
633381,9,1,178086,46457,40234,131629,238156,0,0,0,0,0.06431
633384,9,2,173188,46800,40668,126376,247018,1,0,0,0,0.143822
633389,9,2,171316,45768,40098,125536,240691,1,0,0,0,0.148546
633390,9,1,160958,42351,36818,118607,222205,0,0,0,0,0.0843263
633391,9,1,163091,43373,37481,119718,228350,0,0,0,0,0.0620233
633394,9,1,178724,48401,42275,130323,255987,0,0,0,0,0.0618595
633399,9,1,169923,45430,39566,124493,238487,0,0,0,0,0.0601693
633400,9,1,186568,48333,42615,138235,247536,0,0,0,0,0.0991806
633401,9,1,184132,48392,42272,135740,249232,0,0,0,0,0.0729785
633404,9,2,167218,45417,39298,121788,239935,1,0,0,0,0.150255
633409,9,2,162316,43376,37908,118927,228604,1,0,0,0,0.14363
633430,9,1,157520,40565,34405,116955,210617,0,0,0,0,0.0657398
633431,9,2,207044,54988,48094,152043,284919,1,0,0,0,0.151701
633434,9,2,199323,52971,46212,146339,274762,1,0,0,0,0.149832
633439,9,1,152680,39672,33572,113008,204043,0,0,0,0,0.0550061
633440,9,1,151364,38701,32980,112663,200097,0,0,0,0,0.0553485
633441,9,1,179791,45898,39664,133893,232026,0,0,0,0,0.0512108
633444,9,2,198958,54148,47358,144797,284942,1,0,0,0,0.159866
633449,9,1,178339,48135,41726,130204,250882,0,0,0,0,0.0851544
633450,9,1,170558,44775,37895,125783,233039,0,0,0,0,0.072501
633451,9,2,280734,76715,66921,204007,404482,1,0,0,0,0.227616
633454,9,2,218943,60960,53651,157971,323068,1,0,0,0,0.156206
633459,9,1,173767,46365,39828,127402,242101,0,0,0,0,0.059357
633460,9,1,193167,49980,43208,143187,253829,0,0,0,0,0.0638907
633461,9,1,177042,47259,40531,129783,245700,0,0,0,0,0.0581895
633464,9,2,168168,44846,39099,123309,235008,1,0,0,0,0.139415
633469,9,1,170226,45230,38845,124996,236104,0,0,0,0,0.0586122
633490,9,1,143761,37110,31368,106651,193590,0,0,0,0,0.0548072
633491,9,1,174334,44970,39029,129364,228975,0,0,0,0,0.0591401
633494,9,2,202274,55072,48264,147189,290553,1,0,0,0,0.149294
633499,9,1,190221,52151,45372,138070,274413,0,0,0,0,0.0655778
633500,9,1,159463,42041,35532,117422,220321,0,0,0,0,0.0652772
633501,9,2,274171,75353,65533,198806,399324,1,0,0,0,0.181995
633504,9,2,226440,63597,55832,162831,338303,1,0,0,0,0.157999
633509,9,1,169298,45100,38741,124198,235969,0,0,0,0,0.0595368
633510,9,1,182342,47380,41045,134962,242328,0,0,0,0,0.062295
633511,9,1,168319,45498,39135,122821,238706,0,0,0,0,0.0577662
633514,9,2,173751,46724,40599,127014,245851,1,0,0,0,0.139073
633519,9,1,182668,48667,41996,134001,254112,0,0,0,0,0.0631602
633540,9,1,149742,39159,33127,110583,205293,0,0,0,0,0.0636443
633541,9,2,160890,42795,36989,118082,225213,1,0,0,0,0.136993
633544,9,2,169283,45426,39303,123844,239533,1,0,0,0,0.140941
633549,9,1,160733,42770,36179,117963,224856,0,0,0,0,0.0614285
633550,9,1,176696,46012,39809,130684,236120,0,0,0,0,0.0636665
633551,9,2,209962,57784,50369,152166,305886,1,0,0,0,0.146173
633554,9,2,216939,60244,52400,156683,319484,1,0,0,0,0.172774
633559,9,1,190351,50904,43816,139447,265661,0,0,0,0,0.068237
633580,9,1,143822,37790,32190,106032,197241,0,0,0,0,0.0603498
633581,9,1,164082,43867,37906,120215,230197,0,0,0,0,0.0623609
633584,9,1,181151,48798,42370,132353,256901,0,0,0,0,0.0647326
633589,9,1,164298,43707,37898,120591,228697,0,0,0,0,0.0788905
633630,9,1,142176,37233,31489,104943,193299,0,0,0,0,0.0737296
633631,9,1,160629,42465,36859,118164,221068,0,0,0,0,0.0616519
633632,9,1,159362,42181,35907,117181,219975,0,0,0,0,0.0619067
633633,9,2,154041,40517,34603,113511,212506,1,0,0,0,0.15252
633634,9,1,178580,48074,42075,130506,251961,0,0,0,0,0.0611727
633635,9,1,170500,45547,38915,124953,237871,0,0,0,0,0.0663048
633636,9,2,156161,41190,35391,114958,216409,1,0,0,0,0.18727
633637,9,1,170579,46013,39155,124566,241678,0,0,0,0,0.0927737
633638,9,1,191034,50330,42859,140704,259368,0,0,0,0,0.0914584
633639,9,1,156208,41164,35452,115044,214369,0,0,0,0,0.118749
633922,18,1,177372,47079,41303,130293,244603,0,0,0,0,0.0676448
633925,18,1,183728,49198,43228,134530,257532,0,0,0,0,0.0614879
633928,18,1,170616,45444,39385,125172,237521,0,0,0,0,0.0762693
633932,18,1,177267,47042,41293,130225,244392,0,0,0,0,0.0728348
633935,18,1,183822,49228,43254,134594,257672,0,0,0,0,0.0545616
633938,18,1,170494,45376,39333,125118,237065,0,0,0,0,0.0519689
633942,18,1,184537,49607,43351,134930,260558,0,0,0,0,0.0648666
633945,18,1,210840,57832,50242,153008,303462,0,0,0,0,0.066017
633948,18,1,213298,58267,50695,155031,305119,0,0,0,0,0.077855
633952,18,1,189000,50736,44369,138264,266358,0,0,0,0,0.0624252
633955,18,1,200547,54799,48428,145748,289432,0,0,0,0,0.0684545
633958,18,1,206984,57092,50258,149892,302630,0,0,0,0,0.0725654
633962,18,1,180889,49295,43344,131594,260452,0,0,0,0,0.0893097
633965,18,1,196186,53810,47401,142376,285103,0,0,0,0,0.0667959
633968,18,1,198171,55193,48646,142978,293857,0,0,0,0,0.0704913
633970,18,1,186984,49858,43865,137126,260688,0,0,0,0,0.0905008
633971,18,1,192670,51692,45097,140978,270663,0,0,0,0,0.0674512
633972,18,1,182612,49038,42613,133574,257736,0,0,0,0,0.0932324
633973,18,1,160869,42244,36918,118625,218313,0,0,0,0,0.0684976
633974,18,1,194390,52218,45487,142172,272765,0,0,0,0,0.0639975
633975,18,1,193891,52316,45933,141575,276260,0,0,0,0,0.0651667
633976,18,1,184821,49128,43258,135693,255721,0,0,0,0,0.0587487
633977,18,1,182717,48936,42848,133781,256066,0,0,0,0,0.0578384
633978,18,1,184177,49206,42895,134971,258735,0,0,0,0,0.0597346
633979,18,1,191826,51745,45200,140081,271319,0,0,0,0,0.0605209
633992,18,1,195385,50958,44526,144427,262917,0,0,0,0,0.0618296
633995,18,1,180432,47150,41166,133282,244088,0,0,0,0,0.0533168
633998,18,1,169190,44001,37851,125189,227955,0,0,0,0,0.0491822
634002,18,1,182058,47311,41294,134747,244427,0,0,0,0,0.0581848
634005,18,2,286735,78705,68996,208017,415431,1,0,0,0,0.14784
634008,18,1,189213,50484,43873,138729,264483,0,0,0,0,0.0576187
634012,18,1,201321,53651,46652,147670,279241,0,0,0,0,0.0601994
634015,18,1,220032,58915,50771,161117,307227,0,0,0,0,0.060992
634018,18,1,200476,54257,47317,146219,284905,0,0,0,0,0.0576203
634022,18,1,193967,52311,45165,141656,274277,0,0,0,0,0.0566154
634025,18,1,210828,57599,49829,153229,304000,0,0,0,0,0.0598742
634028,18,1,196484,52792,45397,143692,276032,0,0,0,0,0.0558481
634030,18,1,196630,52217,45449,144413,270811,0,0,0,0,0.0635576
634031,18,1,193670,51697,44387,141973,269556,0,0,0,0,0.055963
634032,18,1,188890,50412,43408,138478,263104,0,0,0,0,0.0564731
634033,18,1,189617,50969,44114,138648,265898,0,0,0,0,0.0573259
634034,18,1,194053,52128,44549,141925,273708,0,0,0,0,0.0591234
634035,18,1,219475,59078,51082,160397,309844,0,0,0,0,0.0602348
634036,18,1,204541,55571,48396,148970,292199,0,0,0,0,0.0596935
634037,18,1,180820,48629,41925,132191,254734,0,0,0,0,0.0596745
634038,18,1,191877,50857,43731,141020,265693,0,0,0,0,0.0552168
634039,18,1,193169,52055,44970,141114,273810,0,0,0,0,0.055655
634052,18,1,174152,45749,39710,128403,238483,0,0,0,0,0.0577024
634055,18,2,284426,78258,68761,206155,413766,1,0,0,0,0.150416
634058,18,1,195446,52789,45828,142657,278031,0,0,0,0,0.0568687
634062,18,1,191674,51097,44519,140577,267698,0,0,0,0,0.0562116
634065,18,1,222450,60406,51932,162044,316513,0,0,0,0,0.0614491
634068,18,1,198167,53973,46954,144194,284371,0,0,0,0,0.0581793
634072,18,1,188895,51028,44055,137867,268413,0,0,0,0,0.0553895
634075,18,1,215359,59397,51479,155962,314651,0,0,0,0,0.0603055
634078,18,1,200690,54330,46841,146360,285191,0,0,0,0,0.0602305
634080,18,1,187469,49956,43019,137513,260756,0,0,0,0,0.062711
634081,18,1,188103,50527,43158,137576,265533,0,0,0,0,0.0581792
634082,18,1,183228,49005,42066,134223,256699,0,0,0,0,0.0537962
634084,18,1,203170,54807,46943,148363,288141,0,0,0,0,0.061028
634085,18,1,221557,59947,51742,161610,314868,0,0,0,0,0.0607111
634086,18,1,212664,58340,50962,154324,308007,0,0,0,0,0.0620978
634087,18,1,185944,50063,43385,135881,262528,0,0,0,0,0.0615693
634088,18,1,192077,51553,44465,140524,270534,0,0,0,0,0.0561609
634089,18,1,208201,56878,49377,151323,300127,0,0,0,0,0.0604576
634093,18,1,184802,49825,43195,134977,260842,0,0,0,0,0.0587131
634102,18,1,193396,53022,45887,140374,281390,0,0,0,0,0.0588333
634105,18,1,204927,56476,49016,148451,299647,0,0,0,0,0.068932
634108,18,1,178628,47906,41558,130722,252064,0,0,0,0,0.063684
634112,18,1,207099,56549,48936,150550,299027,0,0,0,0,0.0625486
634115,18,1,220141,60097,52212,160044,316609,0,0,0,0,0.0682579
634118,18,1,196575,53618,46160,142957,282503,0,0,0,0,0.0606123
634120,18,1,180547,47964,41443,132583,250818,0,0,0,0,0.0673701
634121,18,1,198755,53549,45932,145206,280555,0,0,0,0,0.0611702
634122,18,1,196169,52799,45668,143370,277285,0,0,0,0,0.0607152
634124,18,1,208042,56013,48221,152029,292700,0,0,0,0,0.0619245
634125,18,2,303354,83959,73365,219382,445706,1,0,0,0,0.162399
634128,18,1,189584,50527,43806,139057,263874,0,0,0,0,0.0618662
634129,18,1,213845,58292,50838,155553,305660,0,0,0,0,0.0621215
634133,18,1,188492,51047,44033,137445,268604,0,0,0,0,0.0571517
634136,18,1,205877,56262,48923,149615,296795,0,0,0,0,0.0638663
634137,18,1,184929,49548,43136,135381,259377,0,0,0,0,0.0636676
634142,18,1,180664,49043,42748,131621,259170,0,0,0,0,0.0630939
634145,18,1,190854,52060,45689,138794,275865,0,0,0,0,0.0711547
634148,18,1,192801,52120,45757,140681,274842,0,0,0,0,0.0672531
634150,18,1,178028,47236,40998,130792,246783,0,0,0,0,0.0604331
634151,18,1,190779,51186,44295,139593,268757,0,0,0,0,0.0587764
634154,18,1,207769,56562,48986,151207,298410,0,0,0,0,0.0644926
634159,18,1,209725,57482,50638,152243,303475,0,0,0,0,0.0819516
634162,18,1,189726,51181,44677,138545,268749,0,0,0,0,0.0595876
634163,18,1,192485,52084,45235,140401,274957,0,0,0,0,0.0797485
634165,18,1,205334,55591,48680,149743,291591,0,0,0,0,0.0669105
634166,18,1,199039,54129,47171,144910,285634,0,0,0,0,0.0634699
634167,18,2,159094,41905,36008,117176,220192,1,0,0,0,0.159006
634168,18,1,200843,54867,47409,145976,288544,0,0,0,0,0.0680652
634180,18,1,161688,42628,36285,119060,222752,0,0,0,0,0.058936
634181,18,1,179681,48220,41460,131461,253700,0,0,0,0,0.0703856
634182,18,1,177448,47540,40920,129908,250004,0,0,0,0,0.0788661
634183,18,2,261928,71003,60638,190912,375730,1,0,0,0,0.201348
634184,18,1,198200,53786,46650,144414,283998,0,0,0,0,0.0849781
634185,18,1,187529,50590,43784,136939,266384,0,0,0,0,0.0569071
634186,18,2,266077,71845,61702,194219,379642,1,0,0,0,0.180809
634187,18,1,189243,50769,43549,138474,266468,0,0,0,0,0.0642589
634188,18,1,198888,53783,46651,145105,281501,0,0,0,0,0.0677255
634189,18,1,190428,51577,45045,138851,271688,0,0,0,0,0.0821028
635640,18,1,210767,57861,50873,152906,304647,0,0,0,0,0.0860958
635641,18,1,204955,56844,49590,148111,299438,0,0,0,0,0.060218
635644,18,1,206556,56836,49489,149720,299146,0,0,0,0,0.0742749
635649,18,1,195511,53619,46563,141892,282336,0,0,0,0,0.0728826
635662,36,1,191246,52358,45851,138888,278491,0,0,0,0,0.0573936
635665,36,1,210706,58429,51203,152277,311943,0,0,0,0,0.06197
635668,36,1,206286,57826,50180,148460,310146,0,0,0,0,0.0582831
635700,18,1,221677,60686,52765,160991,317953,0,0,0,0,0.0595882
635701,18,1,192517,52530,45700,139987,278187,0,0,0,0,0.0767077
635704,18,1,211070,58431,50949,152639,311649,0,0,0,0,0.0626501
635709,18,1,180374,49245,42674,131129,261779,0,0,0,0,0.0511596
635722,36,1,201760,55458,48182,146302,295165,0,0,0,0,0.0628164
635725,36,1,236167,65997,57476,170170,353617,0,0,0,0,0.0680706
635728,36,1,204617,56199,48902,148418,299541,0,0,0,0,0.0560214
635750,18,1,200976,54589,47775,146387,286402,0,0,0,0,0.0572621
635751,18,1,182773,49817,43071,132956,264154,0,0,0,0,0.054073
635754,18,1,210975,58197,50569,152778,310522,0,0,0,0,0.0631623
635759,18,1,192204,52852,46043,139352,281418,0,0,0,0,0.0557715
635772,36,1,195609,53932,46630,141677,288242,0,0,0,0,0.0534383
635775,36,1,233818,65061,56688,168757,347758,0,0,0,0,0.0629391
635778,36,1,201320,55109,47844,146211,293936,0,0,0,0,0.0567801
635790,18,1,192461,52234,45470,140227,274427,0,0,0,0,0.055447
635791,18,1,197974,53856,46534,144118,285147,0,0,0,0,0.0801998
635794,18,1,207967,56344,48804,151623,296830,0,0,0,0,0.0582024
635799,18,1,209684,58173,50837,151511,308107,0,0,0,0,0.0571746
635812,36,1,206635,56744,48952,149891,302595,0,0,0,0,0.055536
635815,36,1,222988,61690,53779,161298,329101,0,0,0,0,0.0617315
635818,36,1,192887,52488,45780,140399,279231,0,0,0,0,0.059249
635820,18,1,161831,43544,37992,118287,230546,0,0,0,0,0.056872
635821,18,1,180797,49046,43101,131751,260482,0,0,0,0,0.0582602
635824,18,1,200168,54598,47839,145570,290053,0,0,0,0,0.0586913
635829,18,1,192954,52356,46368,140598,277513,0,0,0,0,0.0834091
635842,36,1,198119,54084,47304,144035,288044,0,0,0,0,0.0840462
635845,36,1,211831,58105,51003,153726,309570,0,0,0,0,0.083593
635848,36,1,219177,60064,52671,159113,318480,0,0,0,0,0.0795795
635870,18,1,157978,42123,36231,115855,222433,0,0,0,0,0.0523942
635871,18,1,179096,48509,42192,130587,257410,0,0,0,0,0.0548428
635872,18,1,166026,44207,38405,121819,233909,0,0,0,0,0.0535944
635873,18,1,175178,47189,40483,127989,250292,0,0,0,0,0.0725684
635874,18,1,199697,54910,47699,144787,292831,0,0,0,0,0.0730593
635875,18,1,180374,48457,41953,131917,256871,0,0,0,0,0.0570069
635876,18,1,187444,50816,43809,136628,269776,0,0,0,0,0.0538761
635877,18,1,181022,48660,42207,132362,258482,0,0,0,0,0.0580366
635878,18,1,201731,55216,47937,146515,291210,0,0,0,0,0.0593149
635879,18,1,184046,50110,43918,133936,266401,0,0,0,0,0.0716942
636150,18,1,159686,43168,37262,116518,228149,0,0,0,0,0.0631021
636151,18,1,177805,48831,42945,128974,259542,0,0,0,0,0.0636256
636152,18,1,182303,49804,42921,132499,264454,0,0,0,0,0.0653216
636153,18,1,180684,49586,42821,131098,262644,0,0,0,0,0.0826153
636154,18,1,194181,53634,47293,140547,285557,0,0,0,0,0.0816982
636155,18,1,190938,52635,45256,138303,280039,0,0,0,0,0.074403
636156,18,1,194027,53598,46434,140429,284384,0,0,0,0,0.0639899
636157,18,1,190829,53272,46271,137557,284708,0,0,0,0,0.0696844
636158,18,1,206116,57432,49871,148684,304509,0,0,0,0,0.0662459
636159,18,1,182172,49986,43840,132186,265628,0,0,0,0,0.0865513
636220,36,1,207096,57071,50065,150025,302229,0,0,0,0,0.0718252
636221,36,1,224478,62727,54636,161751,333889,0,0,0,0,0.0596044
636222,36,1,200093,55324,47955,144769,294330,0,0,0,0,0.059022
636223,36,1,187229,51489,44615,135740,273649,0,0,0,0,0.0569446
636224,36,1,215837,60062,52224,155775,319340,0,0,0,0,0.0678058
636225,36,1,216496,60242,52558,156254,321756,0,0,0,0,0.0725547
636226,36,1,202656,56232,48928,146424,300679,0,0,0,0,0.0590988
636227,36,1,207376,57985,50699,149391,310190,0,0,0,0,0.055472
636228,36,1,209691,58024,50319,151667,309294,0,0,0,0,0.0757509
636229,36,1,210553,58200,50583,152353,309285,0,0,0,0,0.0582071
636280,36,1,212301,58091,50516,154210,306834,0,0,0,0,0.0603509
636281,36,1,223282,61931,53506,161351,329913,0,0,0,0,0.0617387
636282,36,1,209462,57973,50174,151489,308681,0,0,0,0,0.0599238
636283,36,1,205990,57064,49837,148926,303947,0,0,0,0,0.05902
636284,36,1,205101,56910,49221,148191,303941,0,0,0,0,0.0573299
636285,36,1,237740,66404,57284,171336,354515,0,0,0,0,0.0670877
636286,36,1,218689,60518,52689,158171,323089,0,0,0,0,0.0799928
636287,36,1,189580,52346,46149,137234,279509,0,0,0,0,0.0595319
636288,36,1,205197,56750,48997,148447,302320,0,0,0,0,0.0571804
636289,36,1,199285,55632,48065,143653,297757,0,0,0,0,0.0709953
636330,36,1,193786,52691,45916,141095,278492,0,0,0,0,0.0601499
636331,36,1,209075,58311,50233,150764,312500,0,0,0,0,0.0589072
636332,36,1,198305,54966,47781,143339,293566,0,0,0,0,0.0547594
636333,36,1,198185,55073,47723,143112,294920,0,0,0,0,0.061849
636334,36,1,205876,56920,49419,148956,303785,0,0,0,0,0.0647683
636335,36,1,237070,66184,57003,170886,353833,0,0,0,0,0.0640307
636336,36,1,226752,63047,55265,163705,337012,0,0,0,0,0.0663064
636337,36,1,194388,54295,47858,140093,290818,0,0,0,0,0.0663076
636338,36,1,205583,56826,48833,148757,303054,0,0,0,0,0.0728158
636339,36,1,207719,58188,50455,149531,311661,0,0,0,0,0.0591366
636370,36,1,181868,49425,42797,132443,261412,0,0,0,0,0.0597999
636371,36,1,199576,55256,47849,144320,293270,0,0,0,0,0.0594032
636372,36,1,203793,56170,48426,147623,298755,0,0,0,0,0.0582117
636373,36,1,195433,53622,46322,141811,285890,0,0,0,0,0.0584044
636374,36,1,209817,58195,50358,151622,308016,0,0,0,0,0.0585401
636375,36,1,217865,60159,52065,157706,319599,0,0,0,0,0.0592229
636376,36,1,207618,57007,49708,150611,303611,0,0,0,0,0.0565759
636377,36,1,190316,52757,45917,137559,282199,0,0,0,0,0.0633952
636378,36,1,202233,56307,48299,145926,299511,0,0,0,0,0.0598114
636379,36,1,221631,62651,54342,158980,334715,0,0,0,0,0.0640317
636400,36,1,197807,54771,47412,143036,292121,0,0,0,0,0.0575543
636401,36,1,208935,57840,50579,151095,308389,0,0,0,0,0.0596258
636402,36,1,208924,57770,50383,151154,308278,0,0,0,0,0.0567473
636403,36,1,204536,56153,48923,148383,299223,0,0,0,0,0.0580483
636404,36,1,222428,61949,54119,160479,330043,0,0,0,0,0.0597322
636405,36,1,220308,60817,52877,159491,323922,0,0,0,0,0.0733026
636406,36,1,213665,58991,51224,154674,314214,0,0,0,0,0.0603899
636407,36,1,222963,61738,53881,161225,327825,0,0,0,0,0.0585436
636408,36,1,209455,57598,49823,151857,303999,0,0,0,0,0.0584499
636409,36,1,217706,60906,53837,156800,325438,0,0,0,0,0.0759453
636420,36,1,177134,48305,41484,128829,256326,0,0,0,0,0.0614144
636421,36,1,190372,52708,45831,137664,281000,0,0,0,0,0.0578915
636422,36,1,183395,50076,43417,133319,266514,0,0,0,0,0.0560774
636423,36,1,178092,48612,42195,129480,258094,0,0,0,0,0.0531394
636424,36,1,210773,58950,50908,151823,315222,0,0,0,0,0.061307
636425,36,1,189839,52244,45061,137595,278651,0,0,0,0,0.0581734
636426,36,1,190517,52027,45304,138490,276191,0,0,0,0,0.0554491
636427,36,1,196713,55023,47206,141690,294422,0,0,0,0,0.0572846
636428,36,1,205629,56639,49008,148990,299331,0,0,0,0,0.0579673
636429,36,1,201792,56843,49739,144949,304139,0,0,0,0,0.0859395
637880,18,1,214223,59294,52526,154929,313570,0,0,0,0,0.103683
637881,18,1,215771,60768,52757,155003,322958,0,0,0,0,0.0790539
637884,18,1,213798,59825,52374,153973,317348,0,0,0,0,0.0734389
637889,18,1,203998,56557,49286,147441,299323,0,0,0,0,0.0637179
637902,36,1,198771,55174,47849,143597,294431,0,0,0,0,0.0682918
637905,36,1,214616,60013,52574,154603,321637,0,0,0,0,0.0633228
637908,36,1,213759,60645,52753,153114,326571,0,0,0,0,0.0596326
637940,18,2,254559,71137,62867,183409,381752,1,0,0,0,0.138233
637941,18,1,201787,54996,47956,146791,291310,0,0,0,0,0.0618676
637944,18,2,293471,81663,72075,211795,437000,1,0,0,0,0.176337
637949,18,1,192947,52456,45418,140491,278643,0,0,0,0,0.0570092
637962,36,1,212409,58362,50758,154047,310407,0,0,0,0,0.0606291
637965,36,1,226403,63005,54965,163398,337451,0,0,0,0,0.064382
637968,36,1,210860,57952,51090,152908,309108,0,0,0,0,0.0593303
637990,18,1,214875,58651,51541,156224,308097,0,0,0,0,0.0612008
637991,18,1,205479,56031,48817,149448,296845,0,0,0,0,0.0854334
637994,18,1,205701,56435,49703,149266,299135,0,0,0,0,0.0873198
637999,18,1,201461,55025,47719,146436,292660,0,0,0,0,0.0653137
638012,36,1,209927,57812,50102,152115,308338,0,0,0,0,0.0788063
638015,36,1,233566,64986,56691,168580,347834,0,0,0,0,0.0756782
638018,36,1,218431,60618,53547,157813,324136,0,0,0,0,0.0660238
638030,18,1,223920,61620,53621,162300,322579,0,0,0,0,0.0637953
638031,18,1,219215,59697,52267,159518,315320,0,0,0,0,0.0639035
638034,18,1,211741,57586,50423,154155,304213,0,0,0,0,0.080033
638039,18,1,215281,60184,52367,155097,321618,0,0,0,0,0.0656224
638052,36,1,223876,61830,53790,162046,330232,0,0,0,0,0.0630692
638055,36,1,228426,63487,55443,164939,339707,0,0,0,0,0.0618825
638058,36,1,213915,59321,51910,154594,316914,0,0,0,0,0.0648086
638060,18,1,189169,50956,44254,138213,267985,0,0,0,0,0.0563096
638061,18,1,194561,52755,46272,141806,279158,0,0,0,0,0.0765756
638064,18,1,197388,53508,46824,143880,283654,0,0,0,0,0.0785811
638069,18,1,205136,56132,49116,149004,298816,0,0,0,0,0.0821774
638082,36,1,210501,57923,50615,152578,309731,0,0,0,0,0.0588767
638085,36,1,210764,57619,50631,153145,307446,0,0,0,0,0.057971
638088,36,1,205130,56282,49096,148848,301060,0,0,0,0,0.0586123
638110,18,1,178109,47832,41395,130277,251510,0,0,0,0,0.0510224
638111,18,1,184811,49779,43825,135032,262939,0,0,0,0,0.0548534
638112,18,1,181270,48400,42649,132870,255241,0,0,0,0,0.0536219
638113,18,1,193630,53052,46214,140578,281733,0,0,0,0,0.0541799
638114,18,1,191065,51594,45232,139471,273156,0,0,0,0,0.0700126
638115,18,1,180399,48287,42537,132112,255250,0,0,0,0,0.0554327
638116,18,1,204938,56417,49336,148521,299864,0,0,0,0,0.0595255
638117,18,1,164966,44022,38450,120944,233642,0,0,0,0,0.052819
638118,18,1,213122,59096,51556,154026,314119,0,0,0,0,0.0661442
638119,18,1,199014,54322,48157,144692,287908,0,0,0,0,0.0896938
638390,18,1,173017,46158,40005,126859,240974,0,0,0,0,0.0900316
638391,18,1,190548,52118,45948,138430,275962,0,0,0,0,0.0816785
638392,18,1,197838,54088,47143,143750,286365,0,0,0,0,0.0643078
638393,18,1,190219,52071,45318,138148,276155,0,0,0,0,0.0779311
638394,18,1,199471,54874,48160,144597,291764,0,0,0,0,0.0730572
638395,18,1,195056,53349,46503,141707,283385,0,0,0,0,0.0742134
638396,18,1,197673,54337,47466,143336,288039,0,0,0,0,0.0875238
638397,18,1,191682,52887,45573,138795,281625,0,0,0,0,0.0681185
638398,18,1,204843,56700,49030,148143,300896,0,0,0,0,0.0691341
638399,18,1,192142,52704,46066,139438,280081,0,0,0,0,0.0837318
638520,36,1,206565,56275,48965,150290,297942,0,0,0,0,0.0560528
638521,36,1,223189,61803,53645,161386,330076,0,0,0,0,0.0644144
638522,36,1,207535,57486,49673,150049,307494,0,0,0,0,0.0622817
638523,36,1,205420,56904,49195,148516,303745,0,0,0,0,0.0663189
638524,36,1,202819,55991,48515,146828,298706,0,0,0,0,0.0655023
638525,36,1,225197,63110,54489,162087,338805,0,0,0,0,0.0809803
638526,36,1,214864,59533,51878,155331,318023,0,0,0,0,0.0826194
638527,36,1,200960,55254,48504,145706,294646,0,0,0,0,0.0661088
638528,36,1,202492,56069,48277,146423,300027,0,0,0,0,0.0624318
638529,36,1,192979,53632,46178,139347,287215,0,0,0,0,0.0589762
638570,36,1,201051,55061,48125,145990,291624,0,0,0,0,0.073393
638571,36,1,218797,60207,52354,158590,321091,0,0,0,0,0.0825864
638572,36,1,205481,56567,49013,148914,301913,0,0,0,0,0.0596265
638573,36,1,199111,54954,47592,144157,293198,0,0,0,0,0.0622788
638574,36,1,202972,56101,48791,146871,299212,0,0,0,0,0.0617594
638575,36,1,230221,64459,55715,165762,345701,0,0,0,0,0.0670533
638576,36,1,227320,63613,55597,163707,340472,0,0,0,0,0.0810256
638577,36,1,202770,56412,49476,146358,301583,0,0,0,0,0.0615302
638578,36,1,206305,57473,49526,148832,307978,0,0,0,0,0.0715257
638579,36,1,201440,56007,48309,145433,299614,0,0,0,0,0.0579557
638610,36,1,198637,54332,47181,144305,286543,0,0,0,0,0.0836151
638611,36,1,212185,58622,50851,153563,311319,0,0,0,0,0.0629302
638612,36,1,212376,58666,50348,153710,312937,0,0,0,0,0.0596803
638613,36,1,205831,57099,49691,148732,305084,0,0,0,0,0.0553904
638614,36,1,209710,57541,49812,152169,304419,0,0,0,0,0.0559405
638615,36,1,215206,59488,51443,155718,317159,0,0,0,0,0.0572624
638616,36,1,215309,59680,52138,155629,318350,0,0,0,0,0.0578045
638617,36,1,192803,52913,45924,139890,281887,0,0,0,0,0.0599694
638618,36,1,203492,56682,48544,146810,302119,0,0,0,0,0.0578129
638619,36,1,216961,61765,52908,155196,331127,0,0,0,0,0.0642122
638640,36,1,213241,58775,51251,154466,310876,0,0,0,0,0.0607431
638641,36,1,212786,59186,51830,153600,315607,0,0,0,0,0.0567597
638642,36,1,221089,61267,53062,159822,326776,0,0,0,0,0.0595317
638643,36,1,218101,60536,52727,157565,322660,0,0,0,0,0.0613761
638644,36,1,216438,60063,52273,156375,319882,0,0,0,0,0.0583461
638645,36,1,218508,60469,52433,158039,323300,0,0,0,0,0.0644865
638646,36,1,217124,60309,52544,156815,321518,0,0,0,0,0.0674623
638647,36,1,213063,59123,50928,153940,316563,0,0,0,0,0.0796757
638648,36,1,207309,57409,49652,149900,304433,0,0,0,0,0.06279
638649,36,1,209083,58727,51428,150356,314975,0,0,0,0,0.0791323
638660,36,1,194121,53169,45930,140952,280788,0,0,0,0,0.062592
638661,36,1,201066,55504,48416,145562,295236,0,0,0,0,0.0706122
638662,36,1,197057,54120,46790,142937,287272,0,0,0,0,0.0821088
638663,36,1,195404,53730,46556,141674,285958,0,0,0,0,0.0678437
638664,36,1,204043,56268,48964,147775,299755,0,0,0,0,0.0698485
638665,36,1,192850,52833,45580,140017,281106,0,0,0,0,0.0638928
638666,36,1,207993,57737,50259,150256,307571,0,0,0,0,0.0599568
638667,36,1,188508,52433,44848,136075,280881,0,0,0,0,0.0634446
638668,36,1,212508,59366,51532,153142,314974,0,0,0,0,0.067245
638669,36,1,203397,58295,50851,145102,313909,0,0,0,0,0.104009
639840,18,1,227005,63047,54933,163958,332441,0,0,0,0,0.0806978
639841,18,1,211416,59363,51410,152053,316313,0,0,0,0,0.0808879
639844,18,1,212854,59339,51709,153515,316444,0,0,0,0,0.0777972
639849,18,1,191451,53019,46336,138432,282703,0,0,0,0,0.0728648
639862,36,1,216564,60610,52177,155954,324229,0,0,0,0,0.0765806
639865,36,1,234349,66223,57278,168126,355726,0,0,0,0,0.0750725
639868,36,1,220912,61578,53630,159334,328560,0,0,0,0,0.0674694
639900,18,2,259962,72941,64605,187009,391480,1,0,0,0,0.165815
639901,18,1,223733,62203,54551,161530,330342,0,0,0,0,0.081442
639904,18,1,215722,60482,52974,155240,322879,0,0,0,0,0.0731697
639909,18,1,200941,56096,49029,144845,298661,0,0,0,0,0.0727281
639922,36,1,219644,61049,53288,158595,325509,0,0,0,0,0.0657209
639925,36,1,229030,64276,56142,164754,343979,0,0,0,0,0.066367
639928,36,2,280771,78598,68245,202160,422766,1,0,0,0,0.143119
639950,18,1,212791,58062,50881,154729,304208,0,0,0,0,0.0557746
639951,18,2,346072,95952,84098,250107,513601,1,0,0,0,0.201476
639954,18,1,200020,55117,48060,144903,293567,0,0,0,0,0.073929
639959,18,1,200890,54752,48031,146138,291150,0,0,0,0,0.0604116
639972,36,1,198981,54652,47798,144329,291291,0,0,0,0,0.0692765
639975,36,1,219969,61490,53828,158479,329561,0,0,0,0,0.0763745
639978,36,1,238214,66893,58508,171321,358425,0,0,0,0,0.0706929
639990,18,1,211989,57924,50655,154065,303378,0,0,0,0,0.058621
639991,18,2,349341,96830,85340,252498,518044,1,0,0,0,0.168329
639994,18,1,222716,61794,53927,160922,328953,0,0,0,0,0.0617452
639999,18,1,204961,56411,49201,148550,299474,0,0,0,0,0.0838107
