600600,3,1,151715,40574,34286,111141,214176,0,0,0,0,0.18261
600601,9,1,145808,39657,33463,106151,210302,0,0,0,0,0.121237
600604,9,1,175088,48316,42427,126772,256045,0,0,0,0,0.131881
600609,9,1,168482,47172,40734,121310,251646,0,0,0,0,0.108107
600610,3,1,183388,50247,43460,133141,265606,0,0,0,0,0.147165
600611,9,1,176933,48621,41374,128312,257503,0,0,0,0,0.104112
600614,9,1,203395,55622,48064,147773,292630,0,0,0,0,0.107703
600619,9,1,182519,49319,42517,133200,259194,0,0,0,0,0.0958724
600620,3,1,183200,50188,43411,133012,265275,0,0,0,0,0.111521
600621,9,1,176663,48532,41310,128131,256998,0,0,0,0,0.0670924
600624,9,1,203759,55686,48131,148073,292858,0,0,0,0,0.0684019
600629,9,1,182607,49330,42535,133277,259220,0,0,0,0,0.0628939
600630,3,1,183136,50172,43422,132964,265196,0,0,0,0,0.0935775
600631,9,1,209288,58789,50929,150499,312148,0,0,0,0,0.0727885
600634,9,1,229698,64580,56519,165118,341820,0,0,0,0,0.0750738
600639,9,1,173404,46797,39851,126607,247081,0,0,0,0,0.0816016
600640,9,1,168364,45753,38725,122611,241972,0,0,0,0,0.0652867
600641,9,1,185176,50803,44307,134373,268379,0,0,0,0,0.0638196
600642,18,1,188308,52297,44889,136011,278278,0,0,0,0,0.0821596
600644,9,1,204333,56426,49368,147907,297208,0,0,0,0,0.0695982
600645,18,1,203916,56556,48889,147360,299866,0,0,0,0,0.0736577
600648,18,1,204755,56215,48592,148540,296521,0,0,0,0,0.0765171
600649,9,1,190955,52785,45774,138170,279333,0,0,0,0,0.0980368
600670,3,1,200808,55646,48638,145162,293283,0,0,0,0,0.102095
600671,9,1,188450,52047,44442,136403,274916,0,0,0,0,0.0785444
600674,9,2,191827,53880,47542,137934,287671,1,0,0,0,0.191402
600679,9,2,321533,90186,79507,231334,479485,1,0,0,0,0.207206
600680,3,1,200821,55632,48622,145189,293160,0,0,0,0,0.0975866
600681,9,1,188312,52001,44408,136311,274632,0,0,0,0,0.0697139
600684,9,2,191797,53873,47505,137911,287635,1,0,0,0,0.154696
600689,9,2,321067,89958,79281,231096,478077,1,0,0,0,0.186889
600690,3,1,200814,55627,48615,145187,293128,0,0,0,0,0.120271
600691,9,1,224127,63676,55330,160451,337393,0,0,0,0,0.0903532
600694,9,1,238666,67603,58980,171063,357033,0,0,0,0,0.0830432
600699,9,1,184176,49871,42837,134305,261741,0,0,0,0,0.073836
600700,9,1,180249,49715,42580,130534,262757,0,0,0,0,0.097744
600701,9,1,192965,52940,46314,140025,278676,0,0,0,0,0.095703
600702,18,1,205928,57982,50226,147946,308102,0,0,0,0,0.074334
600704,9,1,209756,57911,50672,151845,303733,0,0,0,0,0.0697359
600705,18,1,217875,61284,53288,156591,324636,0,0,0,0,0.0719572
600708,18,1,216102,60192,51766,155910,317100,0,0,0,0,0.0773435
600709,9,1,204410,56817,49727,147593,299173,0,0,0,0,0.0940693
600730,3,1,153779,40851,34602,112928,214757,0,0,0,0,0.0967895
600731,9,1,131426,34722,29057,96704,183000,0,0,0,0,0.0645952
600734,9,1,173440,48047,41158,125393,254288,0,0,0,0,0.0693575
600739,9,1,179301,49735,42711,129566,263544,0,0,0,0,0.0738789
600740,3,1,153878,40868,34601,113010,214818,0,0,0,0,0.0964123
600741,9,1,148712,40085,35055,108627,212517,0,0,0,0,0.0752039
600744,9,1,188740,52743,45618,135997,279596,0,0,0,0,0.0794197
600749,9,1,189318,52732,46000,136586,279686,0,0,0,0,0.0779738
600750,9,1,152615,41126,34688,111489,217010,0,0,0,0,0.0815707
600751,9,1,171664,45618,38927,126046,238787,0,0,0,0,0.0709168
600754,9,1,196110,54339,46956,141771,288049,0,0,0,0,0.0667591
600755,18,1,206825,58387,50122,148438,310942,0,0,0,0,0.0676692
600758,18,1,205355,57565,49526,147790,305496,0,0,0,0,0.0666572
600759,9,1,187580,52016,44392,135564,275162,0,0,0,0,0.0736285
600762,18,1,159281,43243,36946,116038,229395,0,0,0,0,0.0837067
600780,3,1,153956,40889,34606,113067,214944,0,0,0,0,0.1108
600781,9,1,175864,48572,43054,127292,257543,0,0,0,0,0.0725069
600784,9,2,208796,59139,51717,149644,317039,1,0,0,0,0.184725
600789,9,1,209603,58378,51324,151225,308107,0,0,0,0,0.0759605
600790,9,1,152696,41144,34679,111552,217105,0,0,0,0,0.0692424
600791,9,1,193644,52640,45275,141004,276466,0,0,0,0,0.0719134
600794,9,2,203618,57303,50130,146302,306843,1,0,0,0,0.155859
600799,9,1,200467,55622,47307,144845,293777,0,0,0,0,0.0698243
600802,18,1,178809,49275,42282,129534,262001,0,0,0,0,0.0704967
600805,18,2,214010,61044,52982,152953,328739,1,0,0,0,0.145545
600808,18,1,217592,61352,53249,156240,325079,0,0,0,0,0.0699589
600820,9,1,178745,48632,41908,130113,256283,0,0,0,0,0.0790583
600821,9,1,179244,48743,41997,130501,256774,0,0,0,0,0.0777905
600824,9,2,217040,60980,53417,156047,325358,1,0,0,0,0.160507
600829,9,1,209337,58052,49356,151285,305970,0,0,0,0,0.0725211
600842,18,1,180388,49808,42507,130580,264385,0,0,0,0,0.0763465
600845,18,1,218245,61738,53382,156507,329094,0,0,0,0,0.0853542
600848,18,1,214093,60706,52502,153387,323807,0,0,0,0,0.0929462
600870,9,1,145664,38373,32878,107291,200681,0,0,0,0,0.0752047
600871,9,1,145894,38417,32897,107477,200877,0,0,0,0,0.081284
600872,9,1,139290,36210,30683,103080,189739,0,0,0,0,0.0823437
600873,9,1,163569,44537,38383,119032,235743,0,0,0,0,0.0992974
600874,9,1,197281,54820,47194,142461,288626,0,0,0,0,0.0884893
600875,9,1,196389,55147,47512,141242,292741,0,0,0,0,0.0776604
600876,9,1,197578,55491,48418,142087,294461,0,0,0,0,0.0698832
600877,9,1,189822,53064,45934,136758,281347,0,0,0,0,0.0659427
600878,9,1,188298,52207,45196,136091,275933,0,0,0,0,0.0653835
600879,9,1,182709,50031,42812,132678,262484,0,0,0,0,0.0667586
600880,3,1,157160,41135,35310,116025,214843,0,0,0,0,0.118668
600881,9,1,153468,40773,34805,112695,213663,0,0,0,0,0.077048
600884,9,1,190428,52418,46495,138010,276744,0,0,0,0,0.0805073
600889,9,1,182473,50602,43908,131871,268532,0,0,0,0,0.0799497
600890,3,1,199626,54284,47298,145342,284514,0,0,0,0,0.088722
600891,9,1,196776,53912,46091,142864,283618,0,0,0,0,0.069008
600894,9,2,204283,56251,49666,148019,297442,1,0,0,0,0.140833
600899,9,1,202038,54578,47130,147460,284859,0,0,0,0,0.0678779
600900,3,1,199513,54257,47283,145256,284362,0,0,0,0,0.0911308
600901,9,1,196650,53884,46072,142766,283477,0,0,0,0,0.0827359
600904,9,2,204148,56222,49622,147913,297318,1,0,0,0,0.157776
600909,9,1,201766,54460,47069,147306,284106,0,0,0,0,0.0659216
600910,3,1,199504,54256,47280,145248,284364,0,0,0,0,0.0937137
600911,9,1,229646,64396,56087,165250,339735,0,0,0,0,0.0768978
600914,9,1,249729,70069,61394,179660,368620,0,0,0,0,0.0799642
600919,9,1,188254,50551,43252,137703,264590,0,0,0,0,0.0662949
600920,9,1,182285,49396,41990,132889,259460,0,0,0,0,0.0874739
600921,9,1,200636,55096,48180,145540,289657,0,0,0,0,0.0828354
600922,18,1,208269,57855,49910,150414,305816,0,0,0,0,0.0744979
600924,9,1,218852,60147,52506,158705,315268,0,0,0,0,0.0986172
600925,18,1,220288,61078,52897,159210,321858,0,0,0,0,0.0754063
600928,18,1,218706,59956,51704,158750,314380,0,0,0,0,0.0706044
600929,9,1,204072,55663,48683,148409,291901,0,0,0,0,0.0975616
600950,3,1,218000,59598,52027,158402,311589,0,0,0,0,0.126292
600951,9,1,204924,55809,48151,149115,291879,0,0,0,0,0.0877343
600954,9,2,211806,58563,51834,153230,309223,1,0,0,0,0.147432
600959,9,2,335815,93183,82282,242619,491773,1,0,0,0,0.180432
600960,3,1,217739,59479,51958,158260,310840,0,0,0,0,0.0987742
600961,9,1,204589,55675,48065,148914,291070,0,0,0,0,0.0736518
600964,9,2,211717,58550,51799,153154,309174,1,0,0,0,0.147205
600969,9,2,335808,93120,82249,242675,491255,1,0,0,0,0.176336
600970,3,1,217686,59473,51961,158213,310818,0,0,0,0,0.0984126
600971,9,1,245165,69520,60933,175645,366339,0,0,0,0,0.077806
600974,9,1,261383,73804,64627,187579,387818,0,0,0,0,0.0836805
600979,9,1,196600,52711,45519,143889,274176,0,0,0,0,0.0704721
600980,9,1,196065,53835,46095,142230,282718,0,0,0,0,0.0692953
600981,9,2,348105,96406,84430,251686,509066,1,0,0,0,0.181682
600982,18,1,223899,62854,54404,161045,331963,0,0,0,0,0.0809905
600984,9,2,373049,103660,91078,269376,546373,1,0,0,0,0.184621
600985,18,1,232899,65252,56602,167647,343480,0,0,0,0,0.0747679
600988,18,1,229121,63376,54841,165745,331508,0,0,0,0,0.0770117
600989,9,1,218402,60019,52631,158383,313448,0,0,0,0,0.091881
601010,3,1,159916,41767,35551,118149,217305,0,0,0,0,0.0863948
601011,9,1,138717,36205,30346,102512,189048,0,0,0,0,0.059833
601014,9,1,185517,50592,43250,134925,264513,0,0,0,0,0.0681317
601019,9,1,193638,53452,45989,140186,281230,0,0,0,0,0.0696612
601020,3,1,159886,41755,35524,118131,217235,0,0,0,0,0.0847123
601021,9,1,158725,42389,36812,116336,222830,0,0,0,0,0.0586778
601024,9,1,205727,57067,49464,148660,299972,0,0,0,0,0.0731403
601029,9,1,205059,56663,49634,148396,297862,0,0,0,0,0.072687
601030,9,1,160550,42980,36488,117570,225246,0,0,0,0,0.0643156
601031,9,1,184507,49224,41943,135283,255896,0,0,0,0,0.0683515
601034,9,1,207945,57394,50020,150551,302127,0,0,0,0,0.0819548
601035,18,1,221821,62135,53382,159686,328115,0,0,0,0,0.0952185
601038,18,1,218730,60513,52266,158217,318279,0,0,0,0,0.0906104
601039,9,1,196699,53212,45583,143487,278168,0,0,0,0,0.0673902
601042,18,1,170231,46013,39289,124218,242690,0,0,0,0,0.0669884
601060,3,1,159960,41776,35536,118184,217363,0,0,0,0,0.0838248
601061,9,1,186956,51003,45124,135953,268067,0,0,0,0,0.0660555
601064,9,2,240379,68349,59612,172017,364971,1,0,0,0,0.156108
601069,9,1,226234,62605,54820,163629,327461,0,0,0,0,0.0827089
601070,9,1,160613,43002,36486,117611,225399,0,0,0,0,0.0857865
601071,9,1,201345,54561,46717,146784,284713,0,0,0,0,0.0658453
601074,9,2,221598,61993,54595,159592,329788,1,0,0,0,0.150058
601079,9,1,209306,57225,49119,152081,299261,0,0,0,0,0.0909713
601082,18,1,187957,51317,43928,136640,270918,0,0,0,0,0.0626663
601085,18,2,232506,65746,57127,166747,351076,1,0,0,0,0.136807
601088,18,1,233194,65304,56617,167890,343555,0,0,0,0,0.0646712
601100,9,1,181274,48590,41701,132684,253525,0,0,0,0,0.0597059
601101,9,1,181599,48640,41758,132959,253681,0,0,0,0,0.0577104
601104,9,2,230943,64427,56347,166503,340396,1,0,0,0,0.156127
601109,9,1,215465,58630,50403,156835,305257,0,0,0,0,0.0649709
601122,18,1,185747,50339,42933,135408,264072,0,0,0,0,0.0721256
601125,18,1,228282,63407,54770,164875,334675,0,0,0,0,0.083649
601128,18,1,228493,63872,55452,164621,337506,0,0,0,0,0.0692276
601150,9,1,151914,39471,33516,112443,204070,0,0,0,0,0.0564056
601151,9,1,152227,39530,33546,112697,204327,0,0,0,0,0.0612133
601152,9,1,146973,38013,32056,108960,197629,0,0,0,0,0.0589139
601153,9,1,166270,44364,38284,121906,232029,0,0,0,0,0.104595
601154,9,1,205878,56681,48592,149197,295531,0,0,0,0,0.0679651
601155,9,1,203038,56276,48636,146762,295716,0,0,0,0,0.066351
601156,9,1,203102,56531,49300,146571,297641,0,0,0,0,0.0657973
601157,9,1,203297,56379,48557,146918,296734,0,0,0,0,0.0674268
601158,9,1,198922,54849,47045,144073,287353,0,0,0,0,0.0645274
601159,9,1,191509,51839,44260,139670,268750,0,0,0,0,0.0864559
601160,3,1,174660,45476,39712,129184,237720,0,0,0,0,0.137737
601161,9,1,165075,43509,37477,121566,228225,0,0,0,0,0.102132
601164,9,1,194009,52783,46734,141226,279202,0,0,0,0,0.0846967
601169,9,1,186263,51400,44793,134863,273271,0,0,0,0,0.106526
601170,3,1,188599,50592,44225,138007,264834,0,0,0,0,0.120356
601171,9,1,181344,48494,41812,132850,253502,0,0,0,0,0.0659095
601174,9,2,315715,87298,76843,228404,461709,1,0,0,0,0.181934
601179,9,2,308213,85148,74544,223052,450799,1,0,0,0,0.192787
601180,3,1,188416,50517,44165,137899,264313,0,0,0,0,0.0945694
601181,9,1,181286,48472,41799,132814,253353,0,0,0,0,0.0820683
601184,9,2,315675,87314,76834,228348,461865,1,0,0,0,0.186805
601189,9,2,308220,85149,74548,223058,450793,1,0,0,0,0.233924
601190,3,1,188424,50523,44170,137901,264363,0,0,0,0,0.0934506
601191,9,2,212490,59774,52609,152704,319253,1,0,0,0,0.18983
601194,9,2,230042,64736,57469,165294,345151,1,0,0,0,0.187602
601199,9,1,173386,46252,39534,127134,242071,0,0,0,0,0.0814322
601200,9,1,171990,47427,41047,124563,250758,0,0,0,0,0.0868107
601201,9,1,180793,48890,42368,131903,256661,0,0,0,0,0.0612877
601202,18,1,190053,51955,45155,138098,273958,0,0,0,0,0.0635094
601204,9,1,195437,52596,45752,142841,273795,0,0,0,0,0.0607231
601205,18,1,201990,54959,47979,147031,288579,0,0,0,0,0.0630269
601208,18,1,202145,54543,46919,147602,284416,0,0,0,0,0.0658222
601209,9,1,190916,51560,45191,139356,269937,0,0,0,0,0.0871443
601230,3,1,202163,55687,48970,146476,293748,0,0,0,0,0.0945965
601231,9,1,194411,53924,47286,140487,285371,0,0,0,0,0.0688712
601234,9,1,213344,58564,51590,154780,307819,0,0,0,0,0.0677837
601239,9,1,186304,49727,43574,136577,259343,0,0,0,0,0.0611146
601240,3,1,201998,55619,48953,146379,293368,0,0,0,0,0.0972205
601241,9,1,194374,53896,47261,140478,285216,0,0,0,0,0.0679739
601244,9,1,213826,58674,51662,155152,308328,0,0,0,0,0.0672418
601249,9,1,186502,49746,43601,136756,259346,0,0,0,0,0.0625663
601250,3,1,202144,55634,48924,146510,293395,0,0,0,0,0.0916163
601251,9,2,293128,83088,73333,210027,442442,1,0,0,0,0.16342
601254,9,2,309727,87491,77417,222223,464902,1,0,0,0,0.180637
601259,9,1,181761,48914,42494,132847,256517,0,0,0,0,0.0857352
601260,9,1,174468,47579,41001,126889,250574,0,0,0,0,0.0763395
601261,9,1,184328,49925,44143,134403,262927,0,0,0,0,0.0721895
601262,18,1,201955,56850,49707,145105,302596,0,0,0,0,0.0968813
601264,9,1,203639,55140,48611,148499,288835,0,0,0,0,0.0647488
601265,18,1,215424,60670,53059,154754,322415,0,0,0,0,0.0802672
601268,18,1,224019,63175,54826,160844,334614,0,0,0,0,0.0755107
601269,9,1,203461,56898,50310,146563,301070,0,0,0,0,0.0940654
601290,3,1,195233,52944,46974,142289,278213,0,0,0,0,0.0904936
601291,9,1,171889,45413,39446,126476,236416,0,0,0,0,0.0582396
601294,9,2,297682,81443,71071,216226,428075,1,0,0,0,0.168248
601299,9,2,286205,77831,68567,208362,408332,1,0,0,0,0.166247
601300,3,1,195125,52922,46958,142203,278093,0,0,0,0,0.101466
601301,9,2,265600,73068,63964,192519,386766,1,0,0,0,0.219452
601304,9,2,294252,81571,71778,212668,431378,1,0,0,0,0.197677
601309,9,2,277555,76213,66950,201330,402718,1,0,0,0,0.154709
601310,9,1,185549,50900,44327,134649,268448,0,0,0,0,0.0973283
601311,9,1,211005,57929,50540,153076,304233,0,0,0,0,0.0922993
601314,9,1,192808,52690,45964,140118,277849,0,0,0,0,0.0654376
601315,18,2,302560,84789,74270,217759,450462,1,0,0,0,0.153764
601318,18,2,295340,81905,71941,213423,433895,1,0,0,0,0.158165
601319,9,2,283567,78313,68323,205242,414604,1,0,0,0,0.172907
601322,18,1,199684,55536,48422,144148,294992,0,0,0,0,0.0937064
601340,3,1,195117,52944,46993,142173,278275,0,0,0,0,0.0961646
601341,9,2,281353,76970,67662,204370,405584,1,0,0,0,0.1615
601344,9,2,294301,81824,71891,212464,432999,1,0,0,0,0.158889
601349,9,2,253894,69232,60692,184650,365477,1,0,0,0,0.142698
601350,9,1,185709,50960,44360,134749,268843,0,0,0,0,0.0662626
601351,9,1,222333,60801,53248,161532,317986,0,0,0,0,0.0650727
601354,9,2,178866,48447,42780,130407,254781,1,0,0,0,0.143581
601359,9,2,282597,78342,68513,204243,414716,1,0,0,0,0.173751
601362,18,1,211722,58912,51497,152810,311826,0,0,0,0,0.0710385
601365,18,2,300712,84287,74105,216412,447849,1,0,0,0,0.156223
601368,18,2,292755,81659,71574,211084,433189,1,0,0,0,0.151146
601380,9,1,197096,53176,46042,143920,277760,0,0,0,0,0.0624688
601381,9,1,197553,53253,46102,144300,278037,0,0,0,0,0.0622925
601384,9,1,187892,50993,44049,136899,267105,0,0,0,0,0.0627178
601389,9,2,190789,51886,45687,138891,272226,1,0,0,0,0.140521
601402,18,1,209233,57760,50307,151473,303994,0,0,0,0,0.0705278
601405,18,1,198565,54629,47270,143936,288007,0,0,0,0,0.0602954
601408,18,1,202771,56392,48865,146379,298774,0,0,0,0,0.0593306
601430,9,2,321603,86890,75649,234701,453988,1,0,0,0,0.167921
601431,9,2,321653,86882,75646,234759,453902,1,0,0,0,0.193988
601432,9,1,178972,47501,41372,131471,247643,0,0,0,0,0.0632281
601433,9,1,199199,54652,48342,144547,287664,0,0,0,0,0.085668
601434,9,2,287217,77775,68296,209432,405110,1,0,0,0,0.175135
601435,9,2,274208,74817,65838,199379,394514,1,0,0,0,0.156589
601436,9,2,278762,76063,66414,202686,400775,1,0,0,0,0.19929
601437,9,2,271068,74153,65311,196903,391500,1,0,0,0,0.166039
601438,9,2,205155,56168,49268,148975,297123,1,0,0,0,0.149255
601439,9,2,187414,50784,44764,136617,266401,1,0,0,0,0.141965
601440,3,1,177111,46422,40683,130689,243036,0,0,0,0,0.13302
601441,9,1,167635,44542,38504,123093,234146,0,0,0,0,0.0850269
601444,9,1,195840,53445,47341,142395,282958,0,0,0,0,0.085491
601449,9,1,187764,52076,45454,135688,277195,0,0,0,0,0.0871459
601450,3,1,200761,53884,47255,146877,281329,0,0,0,0,0.0907492
601451,9,1,193143,51331,44271,141812,267121,0,0,0,0,0.0664644
601454,9,2,304181,84127,74199,220041,444997,1,0,0,0,0.202702
601459,9,2,311996,85564,75114,226419,451434,1,0,0,0,0.200542
601460,3,1,200554,53812,47203,146742,280885,0,0,0,0,0.0886567
601461,9,1,193124,51334,44285,141790,267168,0,0,0,0,0.0674597
601464,9,2,304218,84142,74202,220063,445083,1,0,0,0,0.165401
601469,9,2,311977,85558,75094,226406,451389,1,0,0,0,0.199642
601470,3,1,200625,53828,47211,146797,280973,0,0,0,0,0.086962
601471,9,2,218716,61342,53840,157362,327119,1,0,0,0,0.16524
601474,9,2,235688,66482,58849,169194,354454,1,0,0,0,0.157362
601479,9,1,185057,49337,42597,135720,257223,0,0,0,0,0.066199
601480,9,1,182346,50109,43548,132237,263938,0,0,0,0,0.064746
601481,9,1,191025,51199,44248,139826,267131,0,0,0,0,0.0617618
601482,18,1,198692,53805,47126,144887,282266,0,0,0,0,0.0639305
601484,9,1,201952,54081,47018,147871,279992,0,0,0,0,0.0625421
601485,18,1,210530,56945,50152,153585,297447,0,0,0,0,0.0664453
601488,18,1,210404,56464,48695,153940,293037,0,0,0,0,0.082003
601489,9,1,203448,54603,48182,148845,284640,0,0,0,0,0.106819
601510,3,1,190940,51238,44818,139702,268833,0,0,0,0,0.0900502
601511,9,1,186274,50526,43978,135748,266022,0,0,0,0,0.0705926
601514,9,1,210117,57304,50313,152813,301042,0,0,0,0,0.0674347
601519,9,1,184996,49078,42779,135918,256009,0,0,0,0,0.0605453
601520,3,1,191072,51278,44867,139794,269063,0,0,0,0,0.0907997
601521,9,1,186235,50533,43997,135702,266087,0,0,0,0,0.0722155
601524,9,1,210468,57379,50405,153089,301366,0,0,0,0,0.0735883
601529,9,1,185214,49129,42820,136085,256259,0,0,0,0,0.0714912
601530,3,1,191167,51299,44871,139868,269161,0,0,0,0,0.0940916
601531,9,2,288065,81268,71447,206784,432825,1,0,0,0,0.165577
601534,9,2,307718,86905,76730,220800,462389,1,0,0,0,0.166839
601539,9,1,179035,47510,40995,131525,248968,0,0,0,0,0.0630055
601540,9,1,168340,44863,38469,123477,235100,0,0,0,0,0.0642459
601541,9,1,183157,49335,43394,133822,259525,0,0,0,0,0.0625137
601542,18,1,190710,52246,45588,138464,276418,0,0,0,0,0.0731417
601544,9,1,205021,55625,48972,149396,292034,0,0,0,0,0.0913614
601545,18,1,205370,56513,49391,148857,298964,0,0,0,0,0.0924352
601548,18,1,218958,60524,52458,158434,319599,0,0,0,0,0.0737977
601549,9,1,197848,54434,47730,143414,287371,0,0,0,0,0.0901575
601570,3,1,167137,43290,37555,123847,225160,0,0,0,0,0.0863749
601571,9,1,147382,37794,32362,109588,196072,0,0,0,0,0.0565372
601574,9,2,286931,77866,68086,209052,409385,1,0,0,0,0.165643
601579,9,2,276908,74716,65386,202180,391556,1,0,0,0,0.173559
601580,3,1,167119,43278,37553,123841,225087,0,0,0,0,0.0813542
601581,9,1,171245,45820,40277,125425,240456,0,0,0,0,0.054059
601584,9,2,282817,77374,67843,205430,408872,1,0,0,0,0.157501
601589,9,2,278101,76642,67366,201447,405750,1,0,0,0,0.171706
601590,9,1,168379,45556,39041,122823,240199,0,0,0,0,0.0652059
601591,9,1,188702,50603,43812,138099,265102,0,0,0,0,0.0595362
601594,9,1,183767,48666,42777,135101,254334,0,0,0,0,0.0558758
601595,18,2,302431,84484,74425,217935,448856,1,0,0,0,0.151097
601598,18,2,293621,81885,72003,211724,435148,1,0,0,0,0.145651
601599,9,2,281538,77376,67742,204150,409703,1,0,0,0,0.155236
601602,18,1,174576,47003,40417,127573,248261,0,0,0,0,0.0568359
601620,3,1,167227,43306,37578,123921,225246,0,0,0,0,0.0802583
601621,9,1,196063,52460,46469,143603,273471,0,0,0,0,0.0587424
601624,9,2,287100,78869,68911,208218,417123,1,0,0,0,0.174863
601629,9,2,253311,69262,60772,184037,366633,1,0,0,0,0.141434
601630,9,1,168596,45619,39082,122977,240584,0,0,0,0,0.0607899
601631,9,1,205784,55406,48383,150378,289680,0,0,0,0,0.0616779
601634,9,2,181010,49224,43340,131774,259408,1,0,0,0,0.136003
601639,9,2,282450,78102,68581,204336,414088,1,0,0,0,0.152304
601642,18,1,187823,50768,43806,137055,267737,0,0,0,0,0.0620357
601645,18,2,299552,83881,73796,215658,445812,1,0,0,0,0.151728
601648,18,2,293849,81988,71926,211849,435953,1,0,0,0,0.145632
601660,9,1,185356,49652,43003,135704,260070,0,0,0,0,0.0785313
601661,9,1,185724,49705,43066,136019,260201,0,0,0,0,0.065055
601664,9,1,181614,47856,41267,133758,248749,0,0,0,0,0.0599235
601669,9,2,194916,53028,46537,141876,278231,1,0,0,0,0.151728
601682,18,1,188463,50427,43417,138036,264250,0,0,0,0,0.0640329
601685,18,1,192266,51975,44849,140291,272863,0,0,0,0,0.0545391
601688,18,1,199978,54928,47800,145050,290110,0,0,0,0,0.0682863
601710,9,1,163116,42709,36849,120407,221905,0,0,0,0,0.0936451
601711,9,1,163245,42734,36865,120511,222005,0,0,0,0,0.0619758
601712,9,1,159354,41305,35541,118049,215086,0,0,0,0,0.0633896
601713,9,1,177037,47386,41568,129651,248822,0,0,0,0,0.0853727
601714,9,2,286566,76998,67290,209558,400113,1,0,0,0,0.162369
601715,9,2,274967,75220,66260,199735,397383,1,0,0,0,0.192434
601716,9,2,279199,75954,66206,203232,400553,1,0,0,0,0.183639
601717,9,2,273738,75219,66199,198507,398286,1,0,0,0,0.201986
601718,9,2,205230,55938,48889,149280,296548,1,0,0,0,0.163024
601719,9,2,174483,46190,40474,128280,240479,1,0,0,0,0.135682
601720,3,1,174652,45012,39392,129640,232167,0,0,0,0,0.0800893
601721,9,1,182005,48981,42560,133024,255574,0,0,0,0,0.0641084
601724,9,2,198824,53336,47203,145475,276952,1,0,0,0,0.154045
601729,9,2,198666,52681,46643,145973,273102,1,0,0,0,0.140194
601730,3,1,174550,44992,39419,129558,232054,0,0,0,0,0.07325
601731,9,1,182062,48988,42569,133074,255571,0,0,0,0,0.0685804
601734,9,2,198349,53217,47121,145119,276341,1,0,0,0,0.171199
601739,9,2,198179,52553,46582,145614,272384,1,0,0,0,0.14503
601740,3,1,177345,46322,40587,131023,238954,0,0,0,0,0.0874535
601741,9,1,153373,39871,34629,113502,205711,0,0,0,0,0.0712865
601744,9,2,184217,49319,43336,134888,258646,1,0,0,0,0.180563
601749,9,2,183359,49164,43101,134184,257886,1,0,0,0,0.169796
601750,3,1,176984,46207,40511,130777,238243,0,0,0,0,0.0953898
601751,9,1,175389,46401,40670,128988,238282,0,0,0,0,0.0597247
601754,9,1,211287,58083,51122,153204,304815,0,0,0,0,0.0702459
601759,9,1,214620,59278,52025,155342,311357,0,0,0,0,0.0698934
601760,9,1,162346,43055,37618,119291,223414,0,0,0,0,0.0578027
601761,9,2,167856,45699,40053,122147,242037,1,0,0,0,0.159134
601762,18,1,175286,46739,40808,128547,242201,0,0,0,0,0.0569175
601764,9,1,187080,50018,43478,137062,260918,0,0,0,0,0.0580408
601765,18,2,296790,83144,73242,213633,441887,1,0,0,0,0.157703
601768,18,2,295909,82805,72958,213091,440498,1,0,0,0,0.153056
601769,9,1,193780,51666,45143,142114,268754,0,0,0,0,0.0562752
601790,3,1,153001,39421,33597,113580,202812,0,0,0,0,0.0726417
601791,9,1,170552,45401,38892,125151,235530,0,0,0,0,0.0626328
601794,9,1,210025,56835,49576,153190,292544,0,0,0,0,0.0645983
601799,9,2,277441,75032,66037,202397,390351,1,0,0,0,0.156597
601800,3,1,197046,53806,47191,143240,282554,0,0,0,0,0.0773339
601801,9,1,183573,49943,43285,133630,262547,0,0,0,0,0.0826823
601804,9,2,200427,54617,47895,145797,286746,1,0,0,0,0.148968
601809,9,2,192482,51788,45493,140683,271326,1,0,0,0,0.158597
601810,3,1,196838,53773,47194,143065,282401,0,0,0,0,0.113789
601811,9,2,199829,55460,48510,144357,293921,1,0,0,0,0.137798
601814,9,2,192087,52501,46164,139573,276717,1,0,0,0,0.135506
601819,9,1,216532,60191,52822,156341,316155,0,0,0,0,0.0606157
601820,9,2,284960,79416,69410,205532,422294,1,0,0,0,0.16537
601821,9,2,190539,52318,45750,138210,276232,1,0,0,0,0.134611
601822,18,1,183113,50057,43481,133056,263740,0,0,0,0,0.0521944
601824,9,1,196851,53390,45810,143461,278860,0,0,0,0,0.0870408
601825,18,2,192127,52468,45797,139646,276663,1,0,0,0,0.158137
601828,18,1,239129,66921,58597,172208,353908,0,0,0,0,0.0792594
601829,9,1,195204,52989,46636,142215,278282,0,0,0,0,0.0611963
601850,3,1,188066,51518,45172,136548,271347,0,0,0,0,0.0840473
601851,9,1,178039,48480,41977,129559,255218,0,0,0,0,0.0569722
601854,9,2,193811,52801,45855,140997,278076,1,0,0,0,0.133909
601859,9,2,189353,51354,45181,137988,270354,1,0,0,0,0.136547
601860,3,1,188205,51592,45300,136613,271770,0,0,0,0,0.0829187
601861,9,2,196615,54670,47853,141933,290497,1,0,0,0,0.177687
601864,9,2,196204,54145,47632,142046,286953,1,0,0,0,0.144179
601869,9,1,212336,59036,51723,153300,310360,0,0,0,0,0.0675921
601870,9,2,278764,77576,67429,201176,412869,1,0,0,0,0.174524
601871,9,2,187003,51500,44804,135492,272714,1,0,0,0,0.140155
601874,9,1,197114,53466,45910,143648,279229,0,0,0,0,0.0622258
601875,18,2,184495,50098,43649,134384,264637,1,0,0,0,0.127225
601878,18,1,231567,64878,56680,166689,343597,0,0,0,0,0.0659618
601879,9,1,188379,51088,45015,137291,268539,0,0,0,0,0.0572028
601882,18,1,175938,48227,41731,127711,254893,0,0,0,0,0.051854
601900,3,1,149094,39088,33257,110006,203565,0,0,0,0,0.0813847
601901,9,2,168693,44916,39150,123766,235791,1,0,0,0,0.150029
601904,9,2,171605,45640,39801,125953,239456,1,0,0,0,0.136026
601909,9,1,160131,42999,37620,117132,223743,0,0,0,0,0.0583539
601910,9,1,165880,44538,38105,121342,232584,0,0,0,0,0.0648872
601911,9,2,176326,47842,41740,128471,252110,1,0,0,0,0.136211
601914,9,2,181036,48937,42844,132086,257947,1,0,0,0,0.134338
601919,9,1,168429,44601,39246,123828,230745,0,0,0,0,0.060413
601922,18,2,176764,48271,42143,128480,255133,1,0,0,0,0.133883
601925,18,2,185344,50608,44235,134723,267658,1,0,0,0,0.134116
601928,18,1,187828,51508,44379,136320,271096,0,0,0,0,0.0571774
601940,9,1,191088,51591,44847,139497,266798,0,0,0,0,0.0648125
601941,9,2,193797,53133,46214,140651,279805,1,0,0,0,0.140766
601944,9,2,194382,52850,46061,141519,277123,1,0,0,0,0.135922
601949,9,1,186381,50010,43252,136371,259851,0,0,0,0,0.0627894
601962,18,1,211106,58863,51601,152243,311556,0,0,0,0,0.0709641
601965,18,1,216820,60379,53071,156441,318941,0,0,0,0,0.0771825
601968,18,1,187004,51256,44581,135748,270260,0,0,0,0,0.058806
601990,9,2,267187,73193,63591,193982,385203,1,0,0,0,0.186875
601991,9,1,185302,50002,43658,135300,260140,0,0,0,0,0.0553273
601992,9,1,189299,51423,44879,137876,269922,0,0,0,0,0.055274
601993,9,1,185037,49836,43668,135201,261459,0,0,0,0,0.0562375
601994,9,2,214265,58583,51123,155669,307949,1,0,0,0,0.138217
601995,9,1,196767,53426,46778,143341,279797,0,0,0,0,0.0581856
601996,9,1,185039,49826,43660,135213,261432,0,0,0,0,0.0578828
601997,9,1,168306,45000,39147,123306,232797,0,0,0,0,0.0576833
601998,9,1,167472,43576,38005,123896,224373,0,0,0,0,0.06112
601999,9,1,192586,51433,44397,141153,266277,0,0,0,0,0.0639013
602000,3,1,174374,44931,39339,129443,231702,0,0,0,0,0.0802976
602001,9,1,181891,48935,42527,132956,255271,0,0,0,0,0.080464
602004,9,2,198563,53257,47145,145293,276493,1,0,0,0,0.190216
602009,9,2,198419,52603,46575,145804,272690,1,0,0,0,0.148875
602010,3,1,174272,44911,39365,129361,231589,0,0,0,0,0.0789512
602011,9,1,181948,48942,42536,133006,255268,0,0,0,0,0.0669466
602014,9,2,198075,53134,47063,144928,275856,1,0,0,0,0.154093
602019,9,2,197934,52475,46515,145447,271969,1,0,0,0,0.166626
602020,3,1,177379,46323,40594,131056,238929,0,0,0,0,0.0927162
602021,9,1,153642,39924,34675,113718,205942,0,0,0,0,0.0657056
602024,9,2,184422,49353,43351,135059,258784,1,0,0,0,0.165465
602029,9,2,183629,49221,43126,134397,258150,1,0,0,0,0.156487
602030,3,1,176517,46083,40417,130434,237614,0,0,0,0,0.0840174
602031,9,2,288160,79289,70428,208858,416230,1,0,0,0,0.182985
602034,9,1,228715,63059,55531,165656,328925,0,0,0,0,0.0802993
602039,9,1,234107,65045,57443,169062,340285,0,0,0,0,0.0979215
602040,9,1,162142,43000,37595,119142,223124,0,0,0,0,0.0627328
602041,9,2,167639,45599,39963,122030,241467,1,0,0,0,0.158625
602042,18,2,287305,79315,70079,207978,417829,1,0,0,0,0.199581
602044,9,2,177443,48116,42252,129314,253722,1,0,0,0,0.165982
602045,18,2,303847,85080,75044,218754,451570,1,0,0,0,0.178515
602048,18,2,301901,84842,74836,217046,451086,1,0,0,0,0.190943
602049,9,2,173306,46965,41278,126328,247791,1,0,0,0,0.156319
602070,3,1,152797,39399,33566,113398,202785,0,0,0,0,0.108843
602071,9,1,170647,45427,38912,125220,235670,0,0,0,0,0.0902118
602074,9,1,209939,56773,49605,153166,292190,0,0,0,0,0.0869435
602079,9,2,277441,75009,66005,202420,390191,1,0,0,0,0.162496
602080,3,1,196878,53805,47192,143073,282635,0,0,0,0,0.0781654
602081,9,1,183883,50051,43378,133832,263202,0,0,0,0,0.058366
602084,9,2,200695,54662,47922,146020,286937,1,0,0,0,0.129595
602089,9,2,192645,51816,45513,140818,271442,1,0,0,0,0.136775
602090,3,1,196645,53745,47174,142900,282323,0,0,0,0,0.0876948
602091,9,2,181890,49809,43527,132069,263385,1,0,0,0,0.163639
602094,9,2,184910,50363,44178,134534,265776,1,0,0,0,0.139423
602099,9,1,205118,55912,49138,149206,292963,0,0,0,0,0.059586
602100,9,2,285183,79483,69447,205688,422645,1,0,0,0,0.176753
602101,9,2,191399,52638,45992,138750,278120,1,0,0,0,0.13809
602102,18,2,303756,85369,74981,218374,453911,1,0,0,0,0.165534
602104,9,1,191238,51539,44074,139699,268877,0,0,0,0,0.0679687
602105,18,2,185478,50534,43966,134931,266596,1,0,0,0,0.129182
602108,18,1,230320,63519,55495,166801,335066,0,0,0,0,0.0657245
602109,9,1,185218,49584,43617,135634,259120,0,0,0,0,0.0585547
602130,3,1,187778,51475,45153,136303,271172,0,0,0,0,0.0806809
602131,9,1,178338,48581,42066,129757,255795,0,0,0,0,0.0591757
602134,9,2,194063,52863,45888,141187,278404,1,0,0,0,0.134229
602139,9,2,189640,51436,45239,138193,270796,1,0,0,0,0.137281
602140,3,1,188014,51523,45167,136491,271366,0,0,0,0,0.0857502
602141,9,2,178846,49173,42980,129661,260831,1,0,0,0,0.175816
602144,9,2,181124,49274,43147,131837,260537,1,0,0,0,0.163151
602149,9,1,221441,61396,53813,160045,322306,0,0,0,0,0.0832159
602150,9,2,278904,77605,67432,201287,412991,1,0,0,0,0.184644
602151,9,2,185977,51272,44676,134694,271737,1,0,0,0,0.145879
602154,9,1,206387,55827,47952,150560,290817,0,0,0,0,0.0691329
602155,18,2,184838,50403,43842,134422,266851,1,0,0,0,0.164541
602158,18,1,243410,68132,59924,175278,360114,0,0,0,0,0.0718194
602159,9,1,198260,53740,47296,144520,281932,0,0,0,0,0.0628366
602162,18,2,299676,84687,74143,214976,452324,1,0,0,0,0.185823
602180,3,1,148779,39038,33213,109741,203389,0,0,0,0,0.0829684
602181,9,2,166260,44295,38680,121954,232663,1,0,0,0,0.142556
602184,9,2,171719,45554,39685,126153,239062,1,0,0,0,0.164611
602189,9,1,164588,43666,37998,120922,226682,0,0,0,0,0.067919
602190,9,1,165907,44552,38110,121355,232683,0,0,0,0,0.0769735
602191,9,2,173593,46958,41020,126622,247446,1,0,0,0,0.160589
602194,9,2,178068,48145,42096,129910,253710,1,0,0,0,0.174927
602199,9,1,166065,42933,37941,123132,220105,0,0,0,0,0.0802492
602202,18,2,174097,47284,41238,126800,249576,1,0,0,0,0.131251
602205,18,2,183769,50090,43753,133666,264807,1,0,0,0,0.132037
602208,18,1,189153,51376,44401,137777,269820,0,0,0,0,0.0574202
602220,9,1,191422,51630,44926,139792,266896,0,0,0,0,0.0672238
602221,9,2,193968,53180,46222,140775,280047,1,0,0,0,0.141683
602224,9,2,194644,52902,46089,141729,277361,1,0,0,0,0.140566
602229,9,1,186072,49866,43049,136206,259032,0,0,0,0,0.0617825
602242,18,2,278951,76900,67031,202038,407941,1,0,0,0,0.150598
602245,18,2,293614,81691,71356,211910,433473,1,0,0,0,0.178563
602248,18,2,278397,76532,66687,201852,406145,1,0,0,0,0.163136
602270,9,2,267045,73141,63566,193892,384896,1,0,0,0,0.180994
602271,9,1,185200,49965,43626,135235,259949,0,0,0,0,0.0562941
602272,9,1,180296,47562,41420,132734,247508,0,0,0,0,0.0527407
602273,9,1,175812,46318,40462,129494,241143,0,0,0,0,0.0568624
602274,9,2,214359,58600,51130,155746,308043,1,0,0,0,0.151092
602275,9,1,205311,55368,48533,149943,288681,0,0,0,0,0.064893
602276,9,1,192414,51328,45079,141086,267524,0,0,0,0,0.0572387
602277,9,1,167385,44355,38263,123030,229218,0,0,0,0,0.0559594
602278,9,2,187018,50020,43586,136985,263501,1,0,0,0,0.162829
602279,9,1,192610,51447,44405,141163,266353,0,0,0,0,0.0587196
602280,3,1,174220,44899,39338,129321,231566,0,0,0,0,0.0746215
602281,9,1,191928,51294,44484,140634,265644,0,0,0,0,0.060851
602284,9,1,201996,53603,46915,148393,275371,0,0,0,0,0.0605341
602289,9,1,169827,44963,39154,124864,234297,0,0,0,0,0.0577167
602290,3,1,174118,44879,39364,129239,231453,0,0,0,0,0.0852134
602291,9,1,191816,51247,44455,140569,265323,0,0,0,0,0.0635139
602294,9,1,201978,53583,46921,148395,275171,0,0,0,0,0.0659885
602299,9,1,169643,44993,39246,124650,234675,0,0,0,0,0.0767561
602300,3,1,176826,46186,40486,130640,238250,0,0,0,0,0.102821
602301,9,1,160291,41254,35941,119037,211124,0,0,0,0,0.0549141
602304,9,1,201280,53939,46901,147341,281068,0,0,0,0,0.0655465
602309,9,1,192045,51060,44513,140985,265383,0,0,0,0,0.0647073
602310,3,1,176481,46076,40414,130405,237574,0,0,0,0,0.108568
602311,9,1,187056,48501,42518,138555,246503,0,0,0,0,0.078122
602314,9,1,221471,59797,52524,161674,310043,0,0,0,0,0.0705296
602319,9,1,215874,57696,50827,158178,298079,0,0,0,0,0.112069
602320,9,2,165128,44461,39221,120654,234382,1,0,0,0,0.1546
602321,9,2,167030,45429,39946,121588,240172,1,0,0,0,0.156152
602322,18,1,184245,49313,43223,134932,255273,0,0,0,0,0.0580676
602324,9,1,216667,57608,50403,159059,295386,0,0,0,0,0.0596334
602325,18,1,223654,61141,53506,162513,319970,0,0,0,0,0.0613935
602328,18,1,225731,62000,54582,163731,325075,0,0,0,0,0.0616726
602329,9,1,214550,57015,49970,157535,292089,0,0,0,0,0.0595046
602350,3,1,152647,39366,33557,113281,202637,0,0,0,0,0.074608
602351,9,2,259681,70450,61139,189218,368892,1,0,0,0,0.155995
602354,9,2,277169,75492,66402,201664,394458,1,0,0,0,0.160664
602359,9,1,150658,39231,33394,111427,202551,0,0,0,0,0.0606956
602360,3,1,196708,53783,47178,142925,282597,0,0,0,0,0.086399
602361,9,1,195719,52418,45660,143301,272651,0,0,0,0,0.0563782
602364,9,2,334995,92010,80193,242972,484344,1,0,0,0,0.171859
602369,9,1,195231,52591,45361,142640,274857,0,0,0,0,0.0598038
602370,3,1,196507,53752,47181,142755,282456,0,0,0,0,0.0790222
602371,9,2,213225,58918,51546,154294,311838,1,0,0,0,0.137544
602374,9,1,201175,53862,46563,147313,280028,0,0,0,0,0.0570619
602379,9,1,203073,54735,48034,148338,285858,0,0,0,0,0.0644167
602380,9,2,169201,45768,40111,123420,241901,1,0,0,0,0.145955
602381,9,2,180307,49376,43345,130918,261563,1,0,0,0,0.14002
602382,18,1,197578,54944,47841,142634,290520,0,0,0,0,0.0654335
602384,9,1,179197,47639,40667,131558,248839,0,0,0,0,0.0741681
602385,18,1,204688,55504,48283,149184,290949,0,0,0,0,0.080209
602388,18,1,215703,58991,51661,156712,309446,0,0,0,0,0.0640332
602389,9,1,175474,46385,40739,129089,241877,0,0,0,0,0.0574943
602410,3,1,187571,51404,45020,136167,270762,0,0,0,0,0.0833938
602411,9,1,192689,51840,44772,140849,270895,0,0,0,0,0.0561806
602414,9,2,347496,96207,84204,251276,507251,1,0,0,0,0.172914
602419,9,1,206616,56380,48701,150236,295694,0,0,0,0,0.0629066
602420,3,1,187692,51472,45147,136220,271147,0,0,0,0,0.0823778
602421,9,1,207171,55668,48582,151503,288939,0,0,0,0,0.0616735
602424,9,1,210838,57306,49853,153532,299625,0,0,0,0,0.0639756
602429,9,1,210757,57411,50543,153346,300979,0,0,0,0,0.0621964
602430,9,2,166533,45134,39165,121386,239365,1,0,0,0,0.138884
602431,9,2,176329,48399,42211,127917,257061,1,0,0,0,0.145412
602434,9,1,204863,55698,47984,149165,291288,0,0,0,0,0.0744148
602435,18,1,219496,60489,53149,159007,318480,0,0,0,0,0.06252
602438,18,1,229812,63615,56261,166197,334958,0,0,0,0,0.0655213
602439,9,1,201982,54882,48769,147100,287391,0,0,0,0,0.0633629
602442,18,1,197492,54938,47845,142554,290561,0,0,0,0,0.0598257
602460,3,1,148836,39056,33223,109780,203519,0,0,0,0,0.0905123
602461,9,2,165266,44197,38652,121058,232447,1,0,0,0,0.197474
602464,9,2,172561,46020,40322,126529,241843,1,0,0,0,0.137771
602469,9,1,155674,40788,35033,114886,211742,0,0,0,0,0.0614313
602470,9,1,171014,45736,39025,125278,237945,0,0,0,0,0.0649943
602471,9,1,191496,52087,44796,139409,275048,0,0,0,0,0.066877
602474,9,1,210441,57796,50017,152645,305259,0,0,0,0,0.0630447
602479,9,1,166982,43832,37943,123150,228757,0,0,0,0,0.0781645
602482,18,2,285808,79072,69126,206723,419878,1,0,0,0,0.199809
602485,18,2,301782,84062,73671,217707,446700,1,0,0,0,0.163087
602488,18,1,187239,50566,43588,136673,265388,0,0,0,0,0.0599252
602500,9,1,181941,48380,41828,133561,250078,0,0,0,0,0.0742145
602501,9,1,198199,53450,46164,144749,279601,0,0,0,0,0.0872542
602504,9,1,218658,59597,51769,159061,311599,0,0,0,0,0.0715496
602509,9,1,180949,47263,40934,133686,243883,0,0,0,0,0.0639775
602522,18,2,278388,76402,66514,201973,404933,1,0,0,0,0.150109
602525,18,2,294686,81270,70928,213403,430654,1,0,0,0,0.154572
602528,18,1,188802,51129,43739,137673,268467,0,0,0,0,0.0558016
602550,9,1,140850,37372,31872,103478,195561,0,0,0,0,0.0599644
602551,9,2,192363,51824,44790,140526,273387,1,0,0,0,0.138743
602552,9,1,177920,46813,40731,131107,242871,0,0,0,0,0.0559109
602553,9,1,166929,43527,38229,123402,226063,0,0,0,0,0.05611
602554,9,2,201396,54562,47448,146821,287799,1,0,0,0,0.136891
602555,9,1,196247,52124,45642,144123,270743,0,0,0,0,0.0578651
602556,9,1,193077,51534,45753,141543,268411,0,0,0,0,0.0734719
602557,9,1,161498,42043,35861,119455,215449,0,0,0,0,0.0814383
602558,9,1,156283,40790,35112,115493,212171,0,0,0,0,0.058415
602559,9,2,189531,50281,43743,139237,263922,1,0,0,0,0.175672
602560,9,1,149341,38764,33563,110577,200882,0,0,0,0,0.0534057
602561,9,2,174100,46099,40125,127989,239792,1,0,0,0,0.135209
602564,9,2,193734,52145,46000,141577,271425,1,0,0,0,0.156121
602569,9,1,177524,46515,41047,131009,240539,0,0,0,0,0.0860306
602570,9,1,149370,38750,33543,110620,200769,0,0,0,0,0.0588492
602571,9,2,173772,46024,40037,127736,239392,1,0,0,0,0.168509
602574,9,2,193433,52082,45948,141339,271118,1,0,0,0,0.185292
602579,9,1,177102,46472,41058,130630,240570,0,0,0,0,0.0792156
602580,9,1,159578,41838,36293,117740,215485,0,0,0,0,0.0567421
602581,9,2,161283,42769,37335,118502,224477,1,0,0,0,0.142873
602584,9,2,180568,49064,42886,131491,258853,1,0,0,0,0.141371
602589,9,2,176965,47867,41935,129085,252307,1,0,0,0,0.139379
602590,9,1,159499,41817,36274,117682,215340,0,0,0,0,0.0556354
602591,9,2,164440,44100,38724,120328,231985,1,0,0,0,0.142323
602594,9,2,174994,47776,41867,127205,252413,1,0,0,0,0.144708
602599,9,2,169966,46130,40541,123823,243331,1,0,0,0,0.138343
602600,9,2,166446,45107,39520,121326,237764,1,0,0,0,0.185927
602601,9,2,167984,45442,39826,122529,239220,1,0,0,0,0.180068
602604,9,2,269568,73855,64647,195701,386870,1,0,0,0,0.165153
602609,9,2,276195,75993,66770,200190,399160,1,0,0,0,0.184735
602630,9,1,136539,35021,29386,101518,180375,0,0,0,0,0.0582734
602631,9,1,151073,39027,33292,112046,200280,0,0,0,0,0.058956
602634,9,2,209422,55650,48826,153759,288085,1,0,0,0,0.174722
602639,9,1,165677,43680,37620,121997,225816,0,0,0,0,0.0770576
602640,9,1,171140,46045,39541,125095,241226,0,0,0,0,0.0562764
602641,9,2,193113,52743,45599,140358,278662,1,0,0,0,0.131634
602644,9,2,301722,82984,73024,218726,437608,1,0,0,0,0.169457
602649,9,1,184518,49478,42418,135040,257471,0,0,0,0,0.0881104
602650,9,1,171017,46008,39452,125009,241070,0,0,0,0,0.0583824
602651,9,2,210512,58344,51340,152156,308461,1,0,0,0,0.172896
602654,9,2,293022,80997,71461,212013,428357,1,0,0,0,0.202554
602659,9,1,190025,50846,44013,139179,264905,0,0,0,0,0.0619245
602660,9,2,200566,55105,48051,145448,291273,1,0,0,0,0.154026
602661,9,2,207737,57161,50042,150563,301542,1,0,0,0,0.168127
602664,9,1,173586,45845,40219,127741,239291,0,0,0,0,0.0629415
602669,9,1,181370,47909,41474,133461,248493,0,0,0,0,0.0627041
602690,9,1,164830,44421,38075,120409,233381,0,0,0,0,0.0580343
602691,9,2,191104,52288,45120,138804,277135,1,0,0,0,0.148384
602694,9,2,183469,49683,43432,133773,262173,1,0,0,0,0.139236
602699,9,2,185378,50047,43644,135318,263609,1,0,0,0,0.167351
602700,9,1,164946,44483,38140,120463,233733,0,0,0,0,0.0581935
602701,9,2,207814,57556,50240,150246,305073,1,0,0,0,0.159596
602704,9,2,178473,48541,42805,129919,256570,1,0,0,0,0.157452
602709,9,2,179672,48596,42407,131063,256642,1,0,0,0,0.158737
602710,9,2,198449,54448,47027,143988,288541,1,0,0,0,0.1768
602711,9,2,205851,56532,49274,149306,298621,1,0,0,0,0.151142
602714,9,1,184861,50564,44719,134297,266814,0,0,0,0,0.0688667
602719,9,1,197458,53533,46512,143925,279562,0,0,0,0,0.0655454
602740,9,1,127313,33129,27632,94184,172361,0,0,0,0,0.0560827
602741,9,1,164055,42910,37366,121145,223859,0,0,0,0,0.0581963
602744,9,1,183872,49513,43520,134359,260459,0,0,0,0,0.0620779
602749,9,1,150938,39279,33254,111659,202744,0,0,0,0,0.0580592
602750,9,1,144198,37544,31846,106654,194346,0,0,0,0,0.0561053
602751,9,1,170589,44510,38392,126079,231144,0,0,0,0,0.0660027
602754,9,1,191016,51421,44979,139595,269099,0,0,0,0,0.0680993
602759,9,1,152890,39208,33406,113682,201111,0,0,0,0,0.0515848
602780,9,2,194691,52253,45538,142425,274020,1,0,0,0,0.158823
602781,9,2,255434,68995,60047,186427,363317,1,0,0,0,0.162986
602784,9,2,171616,45813,39963,125790,240984,1,0,0,0,0.143109
602789,9,1,164431,41722,35676,122709,211332,0,0,0,0,0.0578245
602830,9,1,153568,40834,35353,112734,213264,0,0,0,0,0.0818257
602831,9,2,161449,42619,36980,118819,223277,1,0,0,0,0.156347
602832,9,2,164346,43585,37930,120750,229152,1,0,0,0,0.150885
602833,9,2,163335,43037,37379,120286,225938,1,0,0,0,0.14023
602834,9,2,168359,44337,38518,124011,231900,1,0,0,0,0.150736
602835,9,2,168619,44752,39019,123855,235133,1,0,0,0,0.145053
602836,9,2,169398,44908,39121,124478,236131,1,0,0,0,0.144042
602837,9,1,144253,37478,31899,106775,194024,0,0,0,0,0.0629916
602838,9,1,147984,38191,32486,109793,197187,0,0,0,0,0.0828078
602839,9,1,157489,40256,34582,117233,205394,0,0,0,0,0.0670221
603122,18,1,184730,49995,43549,134735,262156,0,0,0,0,0.0776565
603125,18,1,192896,52006,45426,140890,271543,0,0,0,0,0.0657227
603128,18,1,187517,49772,43103,137745,256212,0,0,0,0,0.062553
603132,18,1,184856,50015,43582,134841,262232,0,0,0,0,0.0605322
603135,18,1,193168,52080,45517,141088,271953,0,0,0,0,0.0600822
603138,18,1,187502,49758,43133,137744,256120,0,0,0,0,0.0639269
603142,18,1,159945,41873,36247,118072,216449,0,0,0,0,0.0560283
603145,18,2,302554,83923,73770,218619,444877,1,0,0,0,0.176501
603148,18,2,295097,81392,71795,213693,430496,1,0,0,0,0.177982
603152,18,1,176937,46264,40403,130673,237722,0,0,0,0,0.0565335
603155,18,2,306410,85174,74809,221224,450428,1,0,0,0,0.157566
603158,18,2,299551,83139,73237,216400,439888,1,0,0,0,0.152109
603162,18,1,167479,43719,38331,123760,224987,0,0,0,0,0.0566979
603165,18,2,224107,62727,55401,161367,333567,1,0,0,0,0.139521
603168,18,2,216890,60585,53744,156292,322425,1,0,0,0,0.13815
603170,18,1,158671,40683,35807,117988,208477,0,0,0,0,0.0538362
603171,18,1,158902,40718,35828,118184,208562,0,0,0,0,0.053915
603172,18,1,154976,40102,35200,114874,206619,0,0,0,0,0.0576408
603173,18,1,181744,48627,43396,133117,253328,0,0,0,0,0.0784117
603174,18,1,200247,53186,46115,147061,274961,0,0,0,0,0.0688054
603175,18,1,199214,53829,47520,145385,282008,0,0,0,0,0.0667131
603176,18,1,204316,55323,48474,148993,290103,0,0,0,0,0.068298
603177,18,1,197383,53028,46484,144355,277559,0,0,0,0,0.0632539
603178,18,1,206886,56107,49449,150779,294377,0,0,0,0,0.0728379
603179,18,1,202810,54499,47562,148311,283241,0,0,0,0,0.0668676
603192,18,1,183183,49661,42861,133522,259568,0,0,0,0,0.0661593
603195,18,1,192300,51839,44985,140461,269536,0,0,0,0,0.0843975
603198,18,1,181668,48097,41647,133571,246855,0,0,0,0,0.0905206
603202,18,2,285668,78996,69261,206660,418717,1,0,0,0,0.169151
603205,18,1,213818,57707,50042,156111,301117,0,0,0,0,0.0639938
603208,18,2,183632,49734,43521,133885,261808,1,0,0,0,0.132429
603212,18,2,303742,84603,74632,219127,448197,1,0,0,0,0.18255
603215,18,1,203418,54998,47441,148420,288242,0,0,0,0,0.0837905
603218,18,2,178668,48407,42300,130248,254942,1,0,0,0,0.141794
603222,18,2,295364,81677,71763,213675,431139,1,0,0,0,0.16599
603225,18,1,212276,58134,50539,154142,306788,0,0,0,0,0.0739785
603228,18,1,213334,58202,50770,155132,306683,0,0,0,0,0.0667167
603230,18,1,184674,49908,43475,134766,261921,0,0,0,0,0.0565601
603231,18,1,190233,50505,44065,139728,262225,0,0,0,0,0.0593572
603232,18,1,180197,47741,41458,132456,247438,0,0,0,0,0.0576171
603233,18,1,205516,56715,50256,148801,299297,0,0,0,0,0.0838258
603234,18,1,185946,49572,42334,136374,259010,0,0,0,0,0.062625
603235,18,1,194228,52012,45187,142216,271563,0,0,0,0,0.0648427
603236,18,1,198741,53153,46155,145588,277172,0,0,0,0,0.0581658
603237,18,1,199160,53268,46666,145892,277819,0,0,0,0,0.064903
603238,18,1,208130,56030,49081,152100,292480,0,0,0,0,0.0612682
603239,18,2,208511,57404,50412,151094,303923,1,0,0,0,0.137902
603252,18,2,278114,77053,67224,201049,409631,1,0,0,0,0.167877
603255,18,1,221653,60432,52511,161221,315732,0,0,0,0,0.0638447
603258,18,2,183947,50032,43725,133902,264129,1,0,0,0,0.153179
603262,18,2,297832,83263,73182,214557,442721,1,0,0,0,0.198612
603265,18,1,210005,57349,49711,152656,301143,0,0,0,0,0.0652949
603268,18,2,178486,48323,42319,130150,254943,1,0,0,0,0.176068
603272,18,2,289628,80670,70540,208946,427691,1,0,0,0,0.184276
603275,18,1,220503,61259,53520,159244,324780,0,0,0,0,0.0632666
603278,18,1,222723,61609,54113,161114,325983,0,0,0,0,0.0649718
603280,18,1,178310,48170,41778,130140,253390,0,0,0,0,0.0543221
603281,18,1,183688,48781,42561,134907,253835,0,0,0,0,0.0767578
603282,18,1,173691,46105,40096,127586,239571,0,0,0,0,0.0679859
603284,18,1,192682,52407,45158,140275,275146,0,0,0,0,0.0702639
603285,18,1,203729,55730,48702,147999,292791,0,0,0,0,0.0654413
603286,18,1,208879,57477,50001,151402,302449,0,0,0,0,0.0627915
603287,18,1,211090,57681,50832,153409,302584,0,0,0,0,0.0675549
603288,18,1,222302,61446,54104,160856,323389,0,0,0,0,0.0795429
603289,18,2,210877,58653,51649,152211,312261,1,0,0,0,0.148999
603293,18,1,199779,55078,48744,144701,291086,0,0,0,0,0.082138
603302,18,1,177782,47064,40670,130718,245452,0,0,0,0,0.0569589
603305,18,1,189438,51177,44404,138261,268204,0,0,0,0,0.0590448
603308,18,1,164480,43168,37049,121312,225720,0,0,0,0,0.0652046
603312,18,1,185531,49515,43007,136016,259073,0,0,0,0,0.0555529
603315,18,1,202177,54893,48039,147284,288221,0,0,0,0,0.058368
603318,18,1,165186,43567,37818,121619,227823,0,0,0,0,0.0653899
603320,18,1,177339,48385,41635,128954,254955,0,0,0,0,0.0852234
603321,18,1,187865,50534,43475,137331,264854,0,0,0,0,0.0739405
603322,18,2,174654,47348,41408,127293,250083,1,0,0,0,0.131795
603324,18,1,204566,55864,48509,148702,293515,0,0,0,0,0.0607167
603325,18,2,181000,49087,43190,131900,259310,1,0,0,0,0.132665
603328,18,1,193313,51489,44869,141824,267661,0,0,0,0,0.0589669
603329,18,1,181810,48152,41760,133658,251771,0,0,0,0,0.0538977
603333,18,1,198409,54099,47026,144310,284944,0,0,0,0,0.0594456
603336,18,1,215217,59678,52248,155539,315386,0,0,0,0,0.0641456
603337,18,1,181520,48247,42221,133273,252719,0,0,0,0,0.061868
603342,18,1,185965,49370,43073,136595,257689,0,0,0,0,0.0579028
603345,18,1,210723,57289,50087,153434,300538,0,0,0,0,0.0610021
603348,18,1,170300,44669,39020,125631,232636,0,0,0,0,0.0670041
603350,18,1,183365,49581,43304,133784,259741,0,0,0,0,0.0911641
603351,18,1,193145,51568,44479,141577,268595,0,0,0,0,0.0549333
603354,18,1,212609,57643,49923,154966,300863,0,0,0,0,0.0595165
603359,18,1,193727,51228,44366,142499,265404,0,0,0,0,0.0550406
603362,18,2,160921,42628,36987,118281,224208,1,0,0,0,0.127126
603363,18,2,276138,76150,65968,199975,404470,1,0,0,0,0.160498
603365,18,2,167642,44653,38820,122977,235320,1,0,0,0,0.129173
603366,18,2,288967,80157,69781,208797,425884,1,0,0,0,0.167767
603367,18,1,179122,47784,41565,131338,250692,0,0,0,0,0.0813358
603368,18,1,189722,51103,44239,138619,267278,0,0,0,0,0.0597793
603380,18,1,173556,46315,39885,127241,240233,0,0,0,0,0.0763916
603381,18,2,197425,54116,47008,143296,286539,1,0,0,0,0.188856
603382,18,1,191455,51063,44214,140392,266963,0,0,0,0,0.0643673
603383,18,1,188644,50356,43351,138288,263417,0,0,0,0,0.0751551
603384,18,2,206282,56936,49548,149333,301858,1,0,0,0,0.164433
603385,18,1,207673,56488,49042,151185,296503,0,0,0,0,0.0625678
603386,18,1,204593,55138,47639,149455,288836,0,0,0,0,0.0597295
603387,18,1,167812,44409,38269,123403,232597,0,0,0,0,0.0672598
603388,18,1,175107,46039,39746,129068,239679,0,0,0,0,0.0554932
603389,18,1,185543,48559,41993,136984,250191,0,0,0,0,0.0591689
604260,6,1,204578,56354,49329,148224,299666,0,0,0,0,0.0879013
604261,18,1,171406,46857,40536,124549,248736,0,0,0,0,0.0864781
604264,18,2,276781,78488,69770,198280,422576,1,0,0,0,0.208932
604269,18,2,261946,74533,66150,187400,401493,1,0,0,0,0.158964
604270,6,1,204346,56297,49305,148049,299337,0,0,0,0,0.0805209
604271,18,1,194252,53519,47001,140733,284342,0,0,0,0,0.0597551
604274,18,1,221575,62498,54550,159077,334623,0,0,0,0,0.0659144
604279,18,1,227200,64554,56036,162646,346088,0,0,0,0,0.0674702
604280,18,1,191522,52664,45452,138858,279997,0,0,0,0,0.0881248
604281,18,1,193046,51952,45292,141094,270402,0,0,0,0,0.0805983
604284,18,1,208590,57941,50737,150649,308188,0,0,0,0,0.0807657
604289,18,1,209437,57893,50711,151544,307974,0,0,0,0,0.0850489
604302,36,1,193395,52887,46149,140508,281025,0,0,0,0,0.0832287
604305,36,1,225064,63151,54932,161913,338161,0,0,0,0,0.0878714
604308,36,1,223561,62165,54029,161396,331897,0,0,0,0,0.0842247
604320,6,1,227657,64023,57074,163634,342711,0,0,0,0,0.120115
604321,18,1,199775,54974,47660,144801,292730,0,0,0,0,0.0834237
604324,18,1,233917,65195,57072,168722,346978,0,0,0,0,0.0795464
604329,18,1,218584,60564,52825,158020,322253,0,0,0,0,0.0730482
604330,6,1,227474,63976,57031,163498,342460,0,0,0,0,0.0801122
604331,18,1,213587,58510,51202,155077,309995,0,0,0,0,0.0803998
604334,18,1,211703,57921,50696,153782,306868,0,0,0,0,0.0852149
604339,18,1,214798,58881,51574,155917,312532,0,0,0,0,0.0782111
604340,18,1,197212,54906,47785,142306,293304,0,0,0,0,0.0733074
604341,18,2,271271,75837,66915,195421,406636,1,0,0,0,0.170017
604344,18,1,200288,54860,48007,145428,291276,0,0,0,0,0.0779663
604349,18,2,294014,82516,72725,211485,442817,1,0,0,0,0.158747
604362,36,1,198511,53875,47364,144636,285631,0,0,0,0,0.0567609
604365,36,1,219453,60617,53004,158836,322368,0,0,0,0,0.0613104
604368,36,1,229284,63239,55546,166045,336463,0,0,0,0,0.0760225
604370,6,1,205035,56674,50138,148361,302492,0,0,0,0,0.0776471
604371,18,1,183178,49787,43168,133391,265061,0,0,0,0,0.0778942
604374,18,1,218752,60390,52814,158362,320611,0,0,0,0,0.0739747
604379,18,1,200833,54860,47603,145973,290576,0,0,0,0,0.0828327
604380,6,1,204906,56630,50087,148276,302242,0,0,0,0,0.0985099
604381,18,1,200691,55029,48184,145662,292799,0,0,0,0,0.0720967
604384,18,1,207369,56330,49340,151039,298681,0,0,0,0,0.0783438
604389,18,1,210154,57188,49909,152966,302665,0,0,0,0,0.0860412
604390,18,1,180404,49778,43131,130626,266244,0,0,0,0,0.0694168
604391,18,1,193584,52640,45926,140944,278906,0,0,0,0,0.0555942
604394,18,1,197854,53924,46931,143930,286026,0,0,0,0,0.0717258
604399,18,2,290523,81200,71819,209310,435276,1,0,0,0,0.161712
604412,36,1,184480,49799,43512,134681,264681,0,0,0,0,0.0701257
604415,36,1,216259,59655,52139,156604,317323,0,0,0,0,0.0704688
604418,36,1,225082,61753,54093,163329,328476,0,0,0,0,0.0694081
604420,6,1,171858,47031,40957,124827,250288,0,0,0,0,0.115241
604421,18,1,202370,56898,49842,145472,303608,0,0,0,0,0.089927
604424,18,1,220098,62045,54560,158053,329736,0,0,0,0,0.0850573
604429,18,1,171000,46081,40090,124919,244413,0,0,0,0,0.0608561
604430,18,1,164967,45479,38879,119488,242885,0,0,0,0,0.0641237
604431,18,1,200489,55178,48024,145311,293765,0,0,0,0,0.0590279
604434,18,1,218974,60718,52922,158256,323086,0,0,0,0,0.062395
604439,18,1,181389,48766,42597,132623,256656,0,0,0,0,0.0584278
604452,36,1,215841,60578,53157,155263,324291,0,0,0,0,0.06406
604455,36,1,228167,64257,56453,163910,343265,0,0,0,0,0.0642008
604458,36,1,183613,50141,43618,133472,266668,0,0,0,0,0.0562694
604460,18,1,173799,47295,41091,126504,250538,0,0,0,0,0.0634553
604461,18,1,195302,53282,46200,142020,281617,0,0,0,0,0.0649483
604464,18,2,278631,77911,68851,200707,415131,1,0,0,0,0.160132
604469,18,1,185696,49425,43157,136271,257551,0,0,0,0,0.0626163
604482,36,1,206216,57066,50005,149150,304287,0,0,0,0,0.0657713
604485,36,1,218871,60893,53561,157978,324578,0,0,0,0,0.0675721
604488,36,1,183771,49780,43290,133991,263933,0,0,0,0,0.0813772
604510,18,1,159297,42787,37408,116510,226303,0,0,0,0,0.0703018
604511,18,2,311388,86789,76317,224586,461972,1,0,0,0,0.209692
604512,18,1,198786,54119,47288,144667,286855,0,0,0,0,0.0693499
604513,18,1,192612,52226,45340,140386,276840,0,0,0,0,0.0608579
604514,18,2,325675,91290,80340,234372,485199,1,0,0,0,0.155886
604515,18,1,214319,59256,51843,155063,314742,0,0,0,0,0.0612941
604516,18,1,208187,57048,49691,151139,302219,0,0,0,0,0.0560785
604517,18,1,168101,44890,39455,123211,237772,0,0,0,0,0.0624637
604518,18,1,193618,51873,45493,141745,272826,0,0,0,0,0.060006
604519,18,1,195466,52181,45572,143285,272625,0,0,0,0,0.0549441
604550,6,1,204197,56252,49279,147945,299076,0,0,0,0,0.082073
604551,18,1,222029,61643,54425,160386,325921,0,0,0,0,0.0660088
604554,18,1,245007,69863,61448,175144,373725,0,0,0,0,0.0767906
604559,18,1,243658,69158,60429,174500,369195,0,0,0,0,0.0730897
604560,18,1,191507,52654,45422,138853,279954,0,0,0,0,0.060713
604561,18,2,261270,72982,64563,188276,390285,1,0,0,0,0.155694
604564,18,2,268263,75829,66601,192422,408338,1,0,0,0,0.150173
604569,18,2,259959,72323,63883,187624,387943,1,0,0,0,0.150001
604582,36,1,212134,58552,51573,153582,311286,0,0,0,0,0.0659088
604585,36,1,239161,67458,58890,171703,360574,0,0,0,0,0.0641777
604588,36,1,236615,65958,57497,170657,350993,0,0,0,0,0.0651019
604610,6,1,227147,63881,56925,163266,341964,0,0,0,0,0.0894836
604611,18,1,225327,61943,54355,163384,326542,0,0,0,0,0.064858
604614,18,1,209864,57414,50160,152450,304486,0,0,0,0,0.0656039
604619,18,1,210593,57577,50468,153016,305597,0,0,0,0,0.0622135
604620,18,1,197042,54839,47743,142203,292881,0,0,0,0,0.0601078
604621,18,2,283986,79816,70608,204157,428342,1,0,0,0,0.14678
604624,18,1,198534,54438,47761,144096,289183,0,0,0,0,0.065519
604629,18,2,288570,80629,70784,207928,432182,1,0,0,0,0.143495
604642,36,1,210428,57208,50129,153220,302543,0,0,0,0,0.0789258
604645,36,1,216133,59562,52097,156571,317017,0,0,0,0,0.0657202
604648,36,1,225507,62484,55031,163023,333298,0,0,0,0,0.0633553
604660,6,1,204790,56572,50042,148218,301893,0,0,0,0,0.0823326
604661,18,1,220202,60925,53437,159277,323874,0,0,0,0,0.0625811
604664,18,1,206965,56236,49153,150729,298203,0,0,0,0,0.0639387
604669,18,1,214027,58698,51410,155329,311500,0,0,0,0,0.0623889
604670,18,1,180300,49740,43111,130560,266031,0,0,0,0,0.0583127
604671,18,1,203873,55499,48488,148374,293529,0,0,0,0,0.0568946
604674,18,1,195567,53103,46329,142464,281477,0,0,0,0,0.0747987
604679,18,2,289027,80975,71471,208039,434460,1,0,0,0,0.169726
604692,36,1,200484,54491,47746,145993,289795,0,0,0,0,0.0612248
604695,36,1,212317,58344,51141,153973,310238,0,0,0,0,0.0602588
604698,36,1,230059,63719,56178,166340,340395,0,0,0,0,0.0631743
604700,6,1,172115,47085,40990,125030,250578,0,0,0,0,0.0900409
604701,18,1,203963,57511,50523,146452,307072,0,0,0,0,0.0674397
604704,18,1,217780,61321,53949,156459,325858,0,0,0,0,0.0708842
604709,18,1,173950,46898,40989,127052,248597,0,0,0,0,0.0594615
604710,18,1,164886,45468,38854,119418,242877,0,0,0,0,0.063725
604711,18,1,203355,56056,48979,147299,298419,0,0,0,0,0.0594251
604714,18,1,219409,60685,52939,158724,322572,0,0,0,0,0.0609136
604719,18,1,182424,48884,42911,133540,257176,0,0,0,0,0.0548189
604732,36,1,217011,60804,53360,156207,325340,0,0,0,0,0.061733
604735,36,1,227386,63895,56272,163491,341103,0,0,0,0,0.0612364
604738,36,1,187801,51514,45176,136287,274663,0,0,0,0,0.0719956
604740,18,1,173935,47299,41099,126636,250500,0,0,0,0,0.0588274
604741,18,1,195224,53263,46179,141961,281540,0,0,0,0,0.0564915
604744,18,2,278810,77934,68848,200863,415209,1,0,0,0,0.137609
604749,18,1,185766,49442,43160,136324,257638,0,0,0,0,0.0592675
604762,36,1,202038,55797,48838,146241,297428,0,0,0,0,0.0553924
604765,36,1,215531,59686,52455,155845,317734,0,0,0,0,0.0572912
604768,36,1,179064,48409,41975,130655,256772,0,0,0,0,0.0539059
604790,18,1,159383,42809,37418,116574,226427,0,0,0,0,0.056759
604791,18,2,311443,86813,76349,224617,462130,1,0,0,0,0.141813
604792,18,1,192511,52477,45809,140034,278731,0,0,0,0,0.0573947
604793,18,1,187187,50735,44033,136452,269093,0,0,0,0,0.0536218
604794,18,2,325630,91280,80333,234337,485154,1,0,0,0,0.143967
604795,18,1,207724,57069,49810,150655,303176,0,0,0,0,0.0570576
604796,18,1,203431,55236,48082,148195,292161,0,0,0,0,0.0532248
604797,18,1,157358,41731,36645,115627,220909,0,0,0,0,0.0533429
604798,18,1,182699,48987,42682,133712,258394,0,0,0,0,0.0537811
604799,18,1,195260,52116,45527,143144,272275,0,0,0,0,0.0566196
604840,18,1,208696,56785,49429,151911,297331,0,0,0,0,0.056243
604841,18,1,209149,56885,49558,152264,297802,0,0,0,0,0.0617914
604844,18,2,247688,70444,62050,177231,378971,1,0,0,0,0.133838
604849,18,2,235569,65594,57817,169962,351055,1,0,0,0,0.170689
604862,36,1,209570,57555,49922,152015,304091,0,0,0,0,0.0701868
604865,36,1,244365,68956,60215,175409,369209,0,0,0,0,0.0650911
604868,36,1,245499,69341,60614,176158,371528,0,0,0,0,0.0685713
604900,18,1,212301,58868,51515,153433,313018,0,0,0,0,0.0618879
604901,18,2,308876,87567,77131,221296,470408,1,0,0,0,0.157248
604904,18,1,200263,55179,48148,145084,293810,0,0,0,0,0.0732764
604909,18,2,285616,80185,70048,205418,429862,1,0,0,0,0.140379
604922,36,1,211854,58233,50646,153621,307690,0,0,0,0,0.0596627
604925,36,1,227184,62972,54947,164212,336360,0,0,0,0,0.0680548
604928,36,1,231217,64229,56320,166988,343179,0,0,0,0,0.0694161
604950,18,1,201908,55776,48847,146132,297410,0,0,0,0,0.0609348
604951,18,2,301348,84910,74532,216425,456243,1,0,0,0,0.156561
604954,18,1,195791,53818,46513,141973,287155,0,0,0,0,0.0893331
604959,18,2,288548,81067,71436,207468,434593,1,0,0,0,0.143057
604972,36,1,201872,55036,47668,146836,291484,0,0,0,0,0.0644513
604975,36,1,221755,61121,53337,160634,326175,0,0,0,0,0.0652606
604978,36,1,227435,62973,55236,164462,336497,0,0,0,0,0.0606778
604990,18,1,197228,55121,47533,142107,294024,0,0,0,0,0.0922864
604991,18,1,206402,56761,49355,149641,301993,0,0,0,0,0.0835937
604994,18,1,220143,60706,53068,159437,322548,0,0,0,0,0.0639227
604999,18,1,181603,48343,42086,133260,254656,0,0,0,0,0.0539634
605012,36,1,219816,61578,53835,158238,330704,0,0,0,0,0.0622995
605015,36,1,233164,65162,57131,168002,348547,0,0,0,0,0.0658844
605018,36,1,195898,53108,46395,142790,283363,0,0,0,0,0.0579138
605020,18,1,201162,56245,48668,144917,299367,0,0,0,0,0.0689962
605021,18,1,210214,57833,50285,152381,306346,0,0,0,0,0.0596743
605024,18,1,225691,62236,54429,163455,329060,0,0,0,0,0.0603706
605029,18,1,191923,50895,44384,141028,265665,0,0,0,0,0.0610483
605042,36,1,215037,59766,52403,155271,319721,0,0,0,0,0.060636
605045,36,1,234099,65482,57523,168617,350145,0,0,0,0,0.0627713
605048,36,1,191336,51771,45225,139565,275760,0,0,0,0,0.0567303
605070,18,1,156024,41606,36106,114418,220014,0,0,0,0,0.0621697
605071,18,1,191459,52335,45497,139124,277554,0,0,0,0,0.0566361
605072,18,1,190064,52024,45540,138040,276672,0,0,0,0,0.05688
605073,18,2,226316,62408,54781,163897,332989,1,0,0,0,0.132042
605074,18,1,208281,57700,50327,150581,306477,0,0,0,0,0.0632317
605075,18,1,207291,57238,50120,150053,304393,0,0,0,0,0.078463
605076,18,2,194123,52817,46580,141294,280717,1,0,0,0,0.132612
605077,18,1,153070,41008,35943,112062,218098,0,0,0,0,0.0577644
605078,18,1,176337,47695,41444,128642,252989,0,0,0,0,0.0549333
605079,18,1,190289,51152,44597,139137,268821,0,0,0,0,0.0563249
605350,18,1,179172,49364,43536,129808,262647,0,0,0,0,0.0876181
605351,18,2,279758,77883,68492,201862,416466,1,0,0,0,0.151065
605352,18,1,201061,56120,49226,144941,298741,0,0,0,0,0.0701298
605353,18,2,201459,55373,48772,146073,295369,1,0,0,0,0.155047
605354,18,2,286950,80014,70448,206923,427412,1,0,0,0,0.170125
605355,18,1,217786,61378,54438,156408,326504,0,0,0,0,0.0707684
605356,18,2,207363,56929,50062,150421,303541,1,0,0,0,0.168529
605357,18,1,161156,43083,37088,118073,228309,0,0,0,0,0.0687561
605358,18,1,167270,44666,38866,122604,235395,0,0,0,0,0.0830433
605359,18,1,179913,48164,42000,131749,252295,0,0,0,0,0.0893193
605420,36,1,191856,52142,45417,139714,274935,0,0,0,0,0.0538211
605421,36,1,192049,52186,45469,139863,275111,0,0,0,0,0.0627848
605422,36,1,185890,50554,43734,135336,267873,0,0,0,0,0.0692345
605423,36,1,213468,59723,52772,153745,318757,0,0,0,0,0.096466
605424,36,1,227172,63366,54820,163806,335195,0,0,0,0,0.0787099
605425,36,1,219548,61870,53894,157678,331179,0,0,0,0,0.0842393
605426,36,1,218486,61352,53571,157134,328241,0,0,0,0,0.0663046
605427,36,1,215632,60386,52497,155246,323006,0,0,0,0,0.0875999
605428,36,1,216610,60535,53004,156075,323613,0,0,0,0,0.0745764
605429,36,1,218803,60610,52493,158193,320885,0,0,0,0,0.0656254
605480,36,1,209900,58094,51029,151806,309131,0,0,0,0,0.058942
605481,36,1,218601,60605,53152,157996,321444,0,0,0,0,0.0620601
605482,36,1,222215,62104,54417,160111,330674,0,0,0,0,0.0656857
605483,36,1,232383,66334,59289,166049,356268,0,0,0,0,0.0831852
605484,36,1,203146,55826,48701,147320,297529,0,0,0,0,0.0753398
605485,36,1,210336,57934,50736,152402,309049,0,0,0,0,0.0581796
605486,36,1,215267,59562,51687,155705,317491,0,0,0,0,0.0702056
605487,36,1,218378,59927,52695,158451,318981,0,0,0,0,0.0607219
605488,36,1,219205,60757,53013,158448,324044,0,0,0,0,0.0601547
605489,36,1,225632,62740,54277,162892,334322,0,0,0,0,0.064825
605530,36,1,195138,53728,46769,141410,286569,0,0,0,0,0.063943
605531,36,1,203083,55751,48716,147332,296022,0,0,0,0,0.0613545
605532,36,1,202548,55936,48517,146612,297976,0,0,0,0,0.0593331
605533,36,1,211947,59729,52801,152218,320551,0,0,0,0,0.0850362
605534,36,1,193601,52917,45933,140684,281260,0,0,0,0,0.0584994
605535,36,1,204354,56101,48853,148253,298816,0,0,0,0,0.0595843
605536,36,1,211987,58543,51157,153444,312070,0,0,0,0,0.0608799
605537,36,1,216272,59457,51775,156815,316966,0,0,0,0,0.0627688
605538,36,1,223089,61968,54584,161121,330983,0,0,0,0,0.0616089
605539,36,1,236179,65823,57287,170356,350752,0,0,0,0,0.0640131
605570,36,1,176278,49070,42429,127208,262700,0,0,0,0,0.0617073
605571,36,1,203347,56436,49453,146911,300843,0,0,0,0,0.0568806
605572,36,1,218353,61001,53250,157352,326248,0,0,0,0,0.0638623
605573,36,1,213656,59376,51787,154280,317653,0,0,0,0,0.0592199
605574,36,1,215923,60183,52739,155740,320664,0,0,0,0,0.062506
605575,36,1,231391,64989,56595,166402,347468,0,0,0,0,0.0628747
605576,36,1,223867,62541,55054,161326,333999,0,0,0,0,0.0619949
605577,36,1,194781,53041,46183,141740,282593,0,0,0,0,0.0562852
605578,36,1,193150,51905,45372,141245,273518,0,0,0,0,0.0550662
605579,36,1,193334,52296,45330,141038,276584,0,0,0,0,0.0581853
605600,36,1,186581,52331,45292,134250,279992,0,0,0,0,0.0647674
605601,36,1,208129,57784,50564,150345,306905,0,0,0,0,0.0570343
605602,36,1,218177,60868,53055,157309,325290,0,0,0,0,0.0596684
605603,36,1,206298,56948,49697,149350,303809,0,0,0,0,0.0590614
605604,36,1,221416,61460,53801,159956,325392,0,0,0,0,0.0604766
605605,36,1,234774,65997,57598,168777,352540,0,0,0,0,0.0624138
605606,36,1,226427,63217,55422,163210,337516,0,0,0,0,0.0605604
605607,36,1,185245,50424,43782,134821,268518,0,0,0,0,0.0560959
605608,36,1,187707,50270,43959,137437,264722,0,0,0,0,0.0554278
605609,36,1,205508,55535,48281,149973,291553,0,0,0,0,0.0576036
605620,36,1,180198,50002,43158,130196,265947,0,0,0,0,0.0644352
605621,36,1,199927,55377,48270,144550,294501,0,0,0,0,0.0607646
605622,36,1,203134,56310,49134,146824,299897,0,0,0,0,0.0593343
605623,36,1,196650,53710,46683,142940,284762,0,0,0,0,0.0577926
605624,36,1,220785,61792,53726,158993,328879,0,0,0,0,0.0607979
605625,36,1,221638,61944,54139,159694,330087,0,0,0,0,0.0676621
605626,36,1,217324,60014,52378,157310,318648,0,0,0,0,0.0776305
605627,36,1,172832,46939,40464,125893,249764,0,0,0,0,0.0709444
605628,36,1,178577,47755,41634,130822,251544,0,0,0,0,0.0567979
605629,36,1,189342,50788,44342,138554,265906,0,0,0,0,0.0610546
606500,6,1,205561,56901,49828,148660,302547,0,0,0,0,0.0839128
606501,18,1,170032,46451,40342,123581,246301,0,0,0,0,0.0593856
606504,18,2,267092,76334,68499,190745,411661,1,0,0,0,0.187999
606509,18,2,265763,76417,68286,189333,412720,1,0,0,0,0.140837
606510,6,1,205400,56860,49810,148540,302303,0,0,0,0,0.0789891
606511,18,1,190708,52954,46494,137754,282142,0,0,0,0,0.055887
606514,18,1,219849,62120,54372,157729,332913,0,0,0,0,0.0796541
606519,18,1,222637,62606,54869,160031,334959,0,0,0,0,0.0912549
606520,18,1,189109,52290,45103,136819,278494,0,0,0,0,0.0584928
606521,18,1,188890,50765,44195,138125,264862,0,0,0,0,0.0542756
606524,18,1,208764,57753,50531,151011,307032,0,0,0,0,0.0600788
606529,18,1,215175,59652,52427,155523,316857,0,0,0,0,0.0612926
606542,36,1,192234,52962,46080,139272,281997,0,0,0,0,0.0560785
606545,36,1,223450,62932,54763,160518,337050,0,0,0,0,0.0589512
606548,36,1,221093,61711,54127,159382,329595,0,0,0,0,0.064751
606560,6,1,222936,61983,54766,160953,330843,0,0,0,0,0.0789879
606561,18,1,195813,53964,46493,141849,287545,0,0,0,0,0.0557291
606564,18,2,264465,74338,65191,190114,398725,1,0,0,0,0.133201
606569,18,2,225234,62609,55472,162612,334466,1,0,0,0,0.118186
606570,6,1,223090,62023,54812,161067,331077,0,0,0,0,0.0780836
606571,18,2,281597,79128,69380,202456,426420,1,0,0,0,0.136381
606574,18,2,282405,78897,69193,203495,423999,1,0,0,0,0.1358
606579,18,1,213633,58483,51307,155150,309912,0,0,0,0,0.0560367
606580,18,1,203037,56571,48798,146466,302535,0,0,0,0,0.0664885
606581,18,2,221697,61623,53975,160061,330579,1,0,0,0,0.122447
606584,18,2,192386,52223,45951,140150,277777,1,0,0,0,0.116866
606589,18,1,214654,58548,51078,156106,308880,0,0,0,0,0.0606434
606602,36,1,201302,55608,48645,145694,296662,0,0,0,0,0.0569829
606605,36,1,222659,61903,53933,160756,330550,0,0,0,0,0.0639477
606608,36,1,220892,61075,53405,159817,325123,0,0,0,0,0.0571774
606610,6,1,211988,58138,51352,153850,308816,0,0,0,0,0.0761975
606611,18,1,183797,49696,43060,134101,263174,0,0,0,0,0.0573736
606614,18,2,264349,74038,65165,190298,396435,1,0,0,0,0.137721
606619,18,2,317816,88328,77969,229476,470437,1,0,0,0,0.176353
606620,6,1,212003,58140,51363,153863,308828,0,0,0,0,0.143278
606621,18,2,278817,77844,68151,200960,418784,1,0,0,0,0.17945
606624,18,2,284917,79422,69670,205482,426476,1,0,0,0,0.186238
606629,18,2,343701,96245,84595,247443,515538,1,0,0,0,0.193551
606630,18,1,188998,51895,44863,137103,276557,0,0,0,0,0.0825212
606631,18,2,219837,60589,53046,159235,324271,1,0,0,0,0.148652
606634,18,2,199861,54667,48154,145181,291288,1,0,0,0,0.162856
606639,18,1,206972,56127,49193,150845,295586,0,0,0,0,0.05508
606652,36,1,192741,52352,45792,140389,277839,0,0,0,0,0.0689821
606655,36,1,220282,61025,53212,159257,324790,0,0,0,0,0.0770658
606658,36,1,219471,60581,52856,158890,322085,0,0,0,0,0.058882
606660,6,1,186704,50000,43678,136704,261809,0,0,0,0,0.132748
606661,18,1,215566,60017,52846,155549,318014,0,0,0,0,0.0677344
606664,18,1,231185,64712,56965,166473,343094,0,0,0,0,0.0860833
606669,18,2,236113,64715,56741,171386,345235,1,0,0,0,0.153421
606670,18,1,180350,49075,42227,131275,258630,0,0,0,0,0.0684856
606671,18,2,290274,80919,71151,209342,433528,1,0,0,0,0.153076
606674,18,2,206921,56940,49960,149968,303765,1,0,0,0,0.128152
606679,18,1,185179,49756,43034,135423,261271,0,0,0,0,0.0598052
606692,36,1,223447,62798,55399,160649,335000,0,0,0,0,0.0613532
606695,36,1,229784,64714,56970,165070,345385,0,0,0,0,0.0642466
606698,36,1,190893,52601,45479,138292,279575,0,0,0,0,0.0715034
606700,18,2,258706,71599,63369,187094,378165,1,0,0,0,0.165655
606701,18,2,237475,65544,57748,171919,347928,1,0,0,0,0.122026
606704,18,2,200169,54113,47424,146043,285654,1,0,0,0,0.123444
606709,18,2,270177,74165,65068,196000,393240,1,0,0,0,0.133038
606722,36,1,220886,61326,53830,159560,325911,0,0,0,0,0.0615625
606725,36,1,228861,64067,56593,164794,341690,0,0,0,0,0.0645464
606728,36,2,274964,75925,66515,199027,406248,1,0,0,0,0.144353
606750,18,2,247534,67552,60009,179971,355410,1,0,0,0,0.134272
606751,18,2,237222,65428,57747,171781,347666,1,0,0,0,0.126771
606752,18,2,287333,80336,71091,206984,430324,1,0,0,0,0.158964
606753,18,2,294888,81773,71784,213102,436417,1,0,0,0,0.142961
606754,18,2,200054,54079,47280,145962,285574,1,0,0,0,0.117647
606755,18,2,282542,79104,69502,203425,424556,1,0,0,0,0.138003
606756,18,2,294047,82077,72177,211957,438780,1,0,0,0,0.140081
606757,18,1,174658,47058,41363,127600,249385,0,0,0,0,0.0584591
606758,18,1,186764,50259,43929,136505,264446,0,0,0,0,0.0702917
606759,18,1,186601,50034,43458,136567,262142,0,0,0,0,0.0528126
606790,6,1,205345,56833,49786,148512,302122,0,0,0,0,0.0811748
606791,18,1,212173,59190,52326,152983,313887,0,0,0,0,0.0628241
606794,18,1,242837,69435,61153,173402,371888,0,0,0,0,0.0676017
606799,18,1,239476,67914,59825,171562,362803,0,0,0,0,0.0664738
606800,18,1,189235,52313,45128,136922,278611,0,0,0,0,0.0569078
606801,18,2,272658,77414,68513,195232,415911,1,0,0,0,0.179026
606804,18,1,224044,62041,54477,162003,328495,0,0,0,0,0.0639775
606809,18,1,227666,63136,55477,164530,334217,0,0,0,0,0.0627041
606822,36,1,209312,57968,50747,151344,308172,0,0,0,0,0.0610851
606825,36,1,238510,67375,58823,171135,359562,0,0,0,0,0.0694352
606828,36,1,234849,65781,57673,169068,350093,0,0,0,0,0.0624766
606850,6,1,223013,61999,54799,161014,330935,0,0,0,0,0.0769065
606851,18,2,293416,82841,72812,210562,446289,1,0,0,0,0.138055
606854,18,1,211547,57792,50387,153755,306683,0,0,0,0,0.0587488
606859,18,1,210079,57447,50187,152632,305232,0,0,0,0,0.0595844
606860,18,1,202880,56526,48769,146354,302272,0,0,0,0,0.0612958
606861,18,2,230569,64541,56793,166015,346774,1,0,0,0,0.125793
606864,18,2,192843,52340,46054,140490,278443,1,0,0,0,0.120815
606869,18,1,210915,57684,50306,153231,305376,0,0,0,0,0.0577091
606882,36,1,214476,58790,51558,155686,311789,0,0,0,0,0.0773152
606885,36,1,221562,61331,53514,160231,327262,0,0,0,0,0.0624234
606888,36,1,219178,60933,53361,158245,325670,0,0,0,0,0.0854442
606900,6,1,211945,58093,51286,153852,308524,0,0,0,0,0.0992948
606901,18,2,289542,81353,71543,208176,437624,1,0,0,0,0.13755
606904,18,1,210778,57333,50131,153445,304128,0,0,0,0,0.0620036
606909,18,2,338757,94663,83049,244081,507729,1,0,0,0,0.145749
606910,18,1,188842,51853,44836,136989,276315,0,0,0,0,0.0543041
606911,18,2,229274,63616,55810,165645,340894,1,0,0,0,0.128513
606914,18,2,198464,54098,47788,144353,288368,1,0,0,0,0.159874
606919,18,1,210238,57361,50280,152877,303712,0,0,0,0,0.0772286
606932,36,1,207639,56627,49468,151012,300035,0,0,0,0,0.0589549
606935,36,1,218801,60283,52701,158518,320582,0,0,0,0,0.058455
606938,36,1,221963,61711,54096,160252,329679,0,0,0,0,0.0585985
606940,6,1,186912,50043,43699,136869,262035,0,0,0,0,0.081807
606941,18,1,216095,60220,53160,155875,319886,0,0,0,0,0.0690947
606944,18,1,226316,63307,55740,163009,336358,0,0,0,0,0.0671366
606949,18,1,184300,49495,43516,134805,259159,0,0,0,0,0.0794866
606950,18,1,180311,49065,42211,131246,258595,0,0,0,0,0.070136
606951,18,1,209365,57901,50502,151464,307723,0,0,0,0,0.0790874
606954,18,1,216462,60162,52556,156300,320657,0,0,0,0,0.0700817
606959,18,2,305123,84142,73823,220968,448981,1,0,0,0,0.1482
606972,36,1,226436,63849,56310,162587,341172,0,0,0,0,0.0619352
606975,36,1,229350,64669,56981,164681,345441,0,0,0,0,0.0680287
606978,36,1,194752,53897,46788,140855,287592,0,0,0,0,0.0579284
606980,18,2,258387,71513,63292,186861,377700,1,0,0,0,0.142445
606981,18,2,237573,65565,57766,171996,348038,1,0,0,0,0.129932
606984,18,2,200180,54104,47395,146063,285601,1,0,0,0,0.116884
606989,18,2,270082,74129,65063,195941,393044,1,0,0,0,0.136516
607002,36,1,218519,60524,53168,157995,322127,0,0,0,0,0.0636729
607005,36,1,225399,62732,55393,162667,334571,0,0,0,0,0.0590709
607008,36,2,268628,73882,64635,194734,395547,1,0,0,0,0.14838
607030,18,2,247255,67483,59970,179761,355071,1,0,0,0,0.139603
607031,18,2,237142,65399,57753,171730,347488,1,0,0,0,0.161865
607032,18,2,279506,77716,68623,201777,416353,1,0,0,0,0.157413
607033,18,2,286217,79258,69730,206946,423730,1,0,0,0,0.159649
607034,18,2,200135,54091,47304,146031,285619,1,0,0,0,0.130279
607035,18,2,276841,77063,67631,199765,413532,1,0,0,0,0.151113
607036,18,2,282642,78211,69049,204418,418004,1,0,0,0,0.149375
607037,18,1,171829,46031,40281,125798,243865,0,0,0,0,0.0560692
607038,18,1,186263,49915,43597,136348,262897,0,0,0,0,0.0621317
607039,18,1,186300,49942,43399,136358,261630,0,0,0,0,0.0533349
607080,18,1,208907,57129,49639,151778,299683,0,0,0,0,0.0560307
607081,18,1,209255,57197,49690,152058,299987,0,0,0,0,0.0582715
607084,18,1,247181,69030,60298,178151,362651,0,0,0,0,0.0853632
607089,18,1,237836,66323,57950,171513,348800,0,0,0,0,0.0671633
607102,36,1,208339,57459,49708,150880,303948,0,0,0,0,0.0585109
607105,36,1,243518,68676,59821,174842,367454,0,0,0,0,0.0681627
607108,36,1,244063,69079,60238,174984,370227,0,0,0,0,0.0633997
607140,18,2,200033,54863,48191,145158,292647,1,0,0,0,0.128195
607141,18,2,199014,54355,47905,144647,289813,1,0,0,0,0.1323
607144,18,2,200287,54382,48184,145892,289237,1,0,0,0,0.153606
607149,18,1,215412,59297,51547,156115,314501,0,0,0,0,0.0712455
607162,36,1,218085,59714,51702,158371,314950,0,0,0,0,0.0846182
607165,36,1,226794,62376,54908,164418,332603,0,0,0,0,0.0613612
607168,36,1,230007,63336,55845,166671,337769,0,0,0,0,0.0643926
607190,18,2,353370,98748,86656,254609,528931,1,0,0,0,0.167437
607191,18,2,357193,99635,87671,257545,532680,1,0,0,0,0.156229
607194,18,2,204232,55798,49540,148421,297574,1,0,0,0,0.130347
607199,18,1,220908,61105,53384,159803,324190,0,0,0,0,0.0638996
607212,36,1,209908,57227,49189,152681,302317,0,0,0,0,0.0607114
607215,36,1,224917,61953,54167,162964,330500,0,0,0,0,0.0608563
607218,36,1,232105,64151,56402,167954,342594,0,0,0,0,0.0606832
607230,18,1,214477,59416,51697,155061,313525,0,0,0,0,0.0719526
607231,18,2,204426,55798,49137,148615,297350,1,0,0,0,0.158098
607234,18,2,200309,54565,48039,145731,290869,1,0,0,0,0.152192
607239,18,1,186230,49944,43349,136286,264103,0,0,0,0,0.0555296
607252,36,1,235519,65775,57577,169744,351765,0,0,0,0,0.0707734
607255,36,1,239097,66707,58642,172390,356823,0,0,0,0,0.0623853
607258,36,1,204765,56239,49194,148526,301014,0,0,0,0,0.0590052
607260,18,1,218939,60546,52850,158393,318560,0,0,0,0,0.0671861
607261,18,2,209579,57474,50655,152092,306527,1,0,0,0,0.120455
607264,18,2,204365,55928,49394,148424,298269,1,0,0,0,0.123744
607269,18,1,197477,52774,45760,144703,276499,0,0,0,0,0.0773292
607282,36,1,231835,64181,56312,167654,342579,0,0,0,0,0.0817815
607285,36,1,239923,66636,58471,173287,356064,0,0,0,0,0.0902099
607288,36,1,199636,54609,47369,145027,291818,0,0,0,0,0.0602223
607310,18,1,166731,44314,38645,122417,231850,0,0,0,0,0.076079
607311,18,1,204124,56126,49086,147998,298337,0,0,0,0,0.0805551
607312,18,2,282336,78164,68860,204159,418409,1,0,0,0,0.158873
607313,18,1,194882,52696,46256,142186,277494,0,0,0,0,0.0549339
607314,18,1,214262,59439,51915,154823,316814,0,0,0,0,0.0596684
607315,18,2,278010,77145,67727,200852,413853,1,0,0,0,0.148603
607316,18,1,206729,56274,49439,150455,296424,0,0,0,0,0.0602676
607317,18,1,167456,44891,39408,122565,238236,0,0,0,0,0.0597824
607318,18,1,187090,50485,44084,136605,266497,0,0,0,0,0.0564976
607319,18,1,199824,53571,46594,146253,280188,0,0,0,0,0.0583057
607590,18,1,195271,53038,46761,142233,278360,0,0,0,0,0.0823411
607591,18,1,208064,57735,50843,150329,305890,0,0,0,0,0.0694307
607592,18,1,216228,60219,53089,156009,319800,0,0,0,0,0.0717167
607593,18,1,211879,58161,50991,153718,307654,0,0,0,0,0.0678707
607594,18,1,225926,63220,55664,162706,335571,0,0,0,0,0.0708629
607595,18,1,230781,64869,57666,165912,344905,0,0,0,0,0.0699279
607596,18,1,223788,62138,54579,161650,329290,0,0,0,0,0.0663641
607597,18,1,170664,44905,38870,125759,234321,0,0,0,0,0.0650081
607598,18,1,176643,46810,40800,129833,243732,0,0,0,0,0.0621922
607599,18,1,189889,50239,43659,139650,259621,0,0,0,0,0.0655579
607720,36,1,214557,59958,52115,154599,320746,0,0,0,0,0.063972
607721,36,1,223876,62316,54319,161560,332095,0,0,0,0,0.0615232
607722,36,1,220401,61534,53488,158867,328408,0,0,0,0,0.0629798
607723,36,1,228869,64707,57647,164162,347451,0,0,0,0,0.0787562
607724,36,1,210692,58040,50804,152652,309458,0,0,0,0,0.0581569
607725,36,1,213582,59048,51523,154534,315868,0,0,0,0,0.0590636
607726,36,1,214398,58970,51648,155428,314290,0,0,0,0,0.076309
607727,36,1,223237,61884,54205,161353,330926,0,0,0,0,0.0579565
607728,36,1,218644,60427,52945,158217,322255,0,0,0,0,0.0980412
607729,36,1,217916,60218,52515,157698,320312,0,0,0,0,0.169629
607770,36,1,202021,55420,47940,146601,294922,0,0,0,0,0.0941321
607771,36,1,211305,57867,50406,153438,306743,0,0,0,0,0.0933298
607772,36,1,209325,57726,49809,151599,306813,0,0,0,0,0.11266
607773,36,1,217582,60702,53782,156880,324355,0,0,0,0,0.127251
607774,36,1,201209,54838,47685,146371,291043,0,0,0,0,0.0855281
607775,36,1,210519,58014,50835,152505,308911,0,0,0,0,0.0587765
607776,36,1,214647,58969,51962,155678,313661,0,0,0,0,0.0586437
607777,36,1,226826,62740,54900,164086,334529,0,0,0,0,0.0681259
607778,36,1,222440,61682,54238,160758,329116,0,0,0,0,0.0643168
607779,36,1,229902,63571,55474,166331,338007,0,0,0,0,0.0724721
607810,36,1,189420,52203,45008,137217,276429,0,0,0,0,0.0617231
607811,36,1,218738,60390,52966,158348,321000,0,0,0,0,0.0589833
607812,36,1,230275,64515,56460,165760,344747,0,0,0,0,0.0611887
607813,36,1,216840,59925,52237,156915,319430,0,0,0,0,0.0583836
607814,36,2,202032,55383,49006,146636,295533,1,0,0,0,0.114254
607815,36,1,232476,65478,57196,166998,350661,0,0,0,0,0.0616354
607816,36,1,220564,61223,53507,159341,326623,0,0,0,0,0.0815908
607817,36,2,220600,60614,53079,159974,324523,1,0,0,0,0.153479
607818,36,1,195445,53244,45992,142201,281994,0,0,0,0,0.0600348
607819,36,1,194411,52908,45709,141503,280358,0,0,0,0,0.0806784
607840,36,1,200305,55464,48109,144841,293078,0,0,0,0,0.0729076
607841,36,1,224125,61872,54146,162253,327699,0,0,0,0,0.0613645
607842,36,1,223937,62313,54766,161624,332218,0,0,0,0,0.0620624
607843,36,1,214010,58908,51547,155102,313609,0,0,0,0,0.0578155
607844,36,2,205661,56819,50284,148829,303756,1,0,0,0,0.118676
607845,36,1,236434,66407,58127,170027,355319,0,0,0,0,0.0672137
607846,36,1,224228,62269,54805,161959,332556,0,0,0,0,0.0630887
607847,36,1,191725,52545,45447,139180,280928,0,0,0,0,0.0564607
607848,36,1,193787,52145,45351,141642,275007,0,0,0,0,0.0727559
607849,36,1,205000,55857,48377,149143,294187,0,0,0,0,0.0799394
607860,36,1,196194,54056,46711,142138,284599,0,0,0,0,0.0650752
607861,36,1,220004,61152,53555,158852,324930,0,0,0,0,0.0590008
607862,36,1,224703,62822,55183,161881,334532,0,0,0,0,0.0595639
607863,36,1,208972,57322,49871,151650,303306,0,0,0,0,0.0575568
607864,36,1,230374,64675,56768,165699,345268,0,0,0,0,0.0603833
607865,36,1,233788,65694,57799,168094,350709,0,0,0,0,0.0611157
607866,36,1,225243,62472,54555,162771,331440,0,0,0,0,0.0586705
607867,36,1,179430,48613,41958,130817,258822,0,0,0,0,0.0535024
607868,36,1,191189,51951,44828,139238,274558,0,0,0,0,0.0668243
607869,36,1,201619,54636,47299,146983,286666,0,0,0,0,0.0787139
608460,6,1,225465,62253,55196,163212,331058,0,0,0,0,0.0844042
608461,18,1,197904,54241,46709,143663,287835,0,0,0,0,0.0595983
608464,18,1,231680,64077,55618,167603,339632,0,0,0,0,0.0610873
608469,18,1,217314,59850,52297,157464,317163,0,0,0,0,0.0624099
608470,6,1,225434,62262,55189,163172,331139,0,0,0,0,0.0899895
608471,18,2,202211,56838,50343,145360,305147,1,0,0,0,0.12715
608474,18,2,242048,68687,60599,173348,370038,1,0,0,0,0.151745
608479,18,1,217053,60038,52446,157015,319834,0,0,0,0,0.0635582
608480,18,1,199954,55224,47764,144730,293623,0,0,0,0,0.0588889
608481,18,1,211227,58000,50905,153227,306785,0,0,0,0,0.056637
608484,18,2,302063,86481,76169,215569,465701,1,0,0,0,0.144574
608489,18,1,204957,56125,49259,148832,297659,0,0,0,0,0.0614557
608502,36,1,205596,56301,49147,149295,299114,0,0,0,0,0.0565577
608505,36,1,227550,62515,54503,165035,331318,0,0,0,0,0.059859
608508,36,1,231048,64703,56363,166345,345873,0,0,0,0,0.0605723
608520,6,1,218710,60612,53306,158098,323108,0,0,0,0,0.0756114
608521,18,1,188621,51790,44516,136831,275562,0,0,0,0,0.0538475
608524,18,2,291324,81864,71923,209447,438762,1,0,0,0,0.163042
608529,18,2,224249,62644,55269,161592,334956,1,0,0,0,0.124509
608530,6,1,218646,60602,53302,158044,323057,0,0,0,0,0.0745848
608531,18,1,215167,60016,52252,155151,320065,0,0,0,0,0.0567691
608534,18,2,261780,74212,65740,187555,400150,1,0,0,0,0.134796
608539,18,1,215130,59095,51437,156035,313808,0,0,0,0,0.0598039
608540,18,1,201178,55556,47923,145622,295954,0,0,0,0,0.0554317
608541,18,1,213764,59119,51544,154645,314193,0,0,0,0,0.055284
608544,18,2,268865,76186,67139,192667,410238,1,0,0,0,0.12849
608549,18,2,211654,58201,51607,153440,310448,1,0,0,0,0.120269
608562,36,1,200818,54931,47653,145887,291940,0,0,0,0,0.0530639
608565,36,2,260717,73783,65036,186921,397999,1,0,0,0,0.121334
608568,36,1,225806,63012,54748,162794,336948,0,0,0,0,0.0594859
608570,6,1,213127,58479,51751,154648,310466,0,0,0,0,0.0715576
608571,18,1,189832,52351,45308,137481,278532,0,0,0,0,0.0533112
608574,18,1,209720,58055,50618,151665,309480,0,0,0,0,0.0575338
608579,18,1,226833,63043,55349,163790,335952,0,0,0,0,0.0586108
608580,6,1,212867,58424,51709,154443,310222,0,0,0,0,0.073168
608581,18,1,203817,55681,48982,148136,293495,0,0,0,0,0.0674252
608584,18,1,211122,57959,51274,153163,308563,0,0,0,0,0.0574927
608589,18,1,215120,58832,51785,156288,311600,0,0,0,0,0.0559865
608590,18,1,190932,51932,44828,139000,274600,0,0,0,0,0.0538898
608591,18,2,390263,106690,93290,283560,566709,1,0,0,0,0.159703
608594,18,2,195979,53923,47330,142043,288080,1,0,0,0,0.112663
608599,18,2,319559,89719,78934,229827,481333,1,0,0,0,0.146055
608612,36,1,201365,54837,48460,146528,291028,0,0,0,0,0.0680193
608615,36,1,228588,63625,55514,164963,340660,0,0,0,0,0.0579525
608618,36,1,216465,59882,52491,156583,319468,0,0,0,0,0.0556129
608620,6,1,195386,52671,46693,142715,277264,0,0,0,0,0.0801096
608621,18,1,221433,60319,53180,161114,316041,0,0,0,0,0.0610249
608624,18,1,214707,59660,52651,155047,317289,0,0,0,0,0.0612206
608629,18,2,254268,70013,61204,184243,374464,1,0,0,0,0.134519
608630,18,1,176249,48005,41534,128244,254212,0,0,0,0,0.0571636
608631,18,1,226158,61845,54263,164313,326391,0,0,0,0,0.0596483
608634,18,2,318042,88491,77495,229538,474390,1,0,0,0,0.136763
608639,18,2,299570,82531,72470,217028,440138,1,0,0,0,0.157993
608652,36,1,225880,62295,54972,163585,329375,0,0,0,0,0.0889392
608655,36,1,232491,65098,57100,167393,347894,0,0,0,0,0.088759
608658,36,2,311645,87541,76536,224092,470046,1,0,0,0,0.137946
608660,18,1,192994,52803,46428,140191,277570,0,0,0,0,0.054066
608661,18,1,204924,55110,48128,149814,288301,0,0,0,0,0.0527902
608664,18,2,319202,88172,77372,231017,468513,1,0,0,0,0.136427
608669,18,2,253458,69802,61091,183644,370694,1,0,0,0,0.155093
608682,36,1,220177,60672,53116,159505,322238,0,0,0,0,0.0862988
608685,36,1,226155,62985,55115,163170,335999,0,0,0,0,0.0876667
608688,36,2,296695,83638,73185,213044,449878,1,0,0,0,0.151583
608710,18,1,175088,46968,41483,128120,245984,0,0,0,0,0.0614626
608711,18,2,272388,74862,66157,197513,398232,1,0,0,0,0.138425
608712,18,2,381663,104027,91907,277623,552810,1,0,0,0,0.189155
608713,18,1,201416,54183,48063,147233,284903,0,0,0,0,0.0598664
608714,18,2,198668,53277,46907,145379,280663,1,0,0,0,0.130889
608715,18,1,219281,60691,53380,158590,322732,0,0,0,0,0.0594891
608716,18,1,204634,55491,48719,149143,292911,0,0,0,0,0.0608659
608717,18,2,310050,86647,76030,223391,463527,1,0,0,0,0.142842
608718,18,2,196993,54162,47348,142819,289335,1,0,0,0,0.119624
608719,18,2,259100,72160,63322,186928,384147,1,0,0,0,0.154244
608750,6,1,225326,62235,55180,163091,330985,0,0,0,0,0.0894374
608751,18,2,206930,58509,51765,148408,314559,1,0,0,0,0.133149
608754,18,2,237885,67403,59366,170469,362867,1,0,0,0,0.168983
608759,18,1,211004,57999,50688,153005,308231,0,0,0,0,0.0682014
608760,18,1,199921,55213,47762,144708,293534,0,0,0,0,0.0590867
608761,18,1,224458,61703,54307,162755,325809,0,0,0,0,0.0648201
608764,18,2,291442,82920,72946,208509,446734,1,0,0,0,0.199659
608769,18,1,206246,56793,49729,149453,301715,0,0,0,0,0.0905083
608782,36,1,216696,59245,51792,157451,313653,0,0,0,0,0.0578211
608785,36,1,218210,60155,52371,158055,320377,0,0,0,0,0.0750358
608788,36,1,230969,64606,56242,166363,345299,0,0,0,0,0.0789501
608810,6,1,218675,60599,53304,158076,323035,0,0,0,0,0.0849018
608811,18,1,227340,63149,55081,164191,335144,0,0,0,0,0.0634174
608814,18,1,211021,58054,50652,152967,308666,0,0,0,0,0.0589981
608819,18,1,212961,58458,50718,154503,310583,0,0,0,0,0.0614468
608820,18,1,201229,55559,47903,145670,295973,0,0,0,0,0.0676296
608821,18,2,257767,72888,64318,184867,392899,1,0,0,0,0.139467
608824,18,1,214856,59581,52246,155275,316711,0,0,0,0,0.0715321
608829,18,2,208704,57318,50749,151373,305780,1,0,0,0,0.141443
608842,36,1,212200,58303,50787,153897,309272,0,0,0,0,0.0824335
608845,36,1,220641,60996,53103,159645,325886,0,0,0,0,0.0830737
608848,36,1,223569,62297,54373,161272,333215,0,0,0,0,0.0898354
608860,6,1,212098,58174,51469,153924,308845,0,0,0,0,0.0825609
608861,18,1,211116,57490,50585,153626,301193,0,0,0,0,0.0862315
608864,18,1,203613,55335,48840,148278,294009,0,0,0,0,0.0728966
608869,18,1,199458,53562,46854,145896,282413,0,0,0,0,0.058631
608870,18,1,190534,51806,44687,138728,273862,0,0,0,0,0.0567574
608871,18,2,390604,107386,94362,283205,570784,1,0,0,0,0.211251
608874,18,1,198761,53878,47421,144883,283856,0,0,0,0,0.0756702
608879,18,1,196081,53363,46704,142718,281908,0,0,0,0,0.0559721
608892,36,1,210092,57185,50550,152907,302520,0,0,0,0,0.057722
608895,36,1,219668,60597,52713,159071,324130,0,0,0,0,0.0570602
608898,36,1,210157,57376,50042,152781,304789,0,0,0,0,0.0547836
608900,6,1,195534,52699,46713,142835,277389,0,0,0,0,0.0806614
608901,18,1,204722,55701,49063,149021,293959,0,0,0,0,0.0590296
608904,18,1,205921,57001,50243,148920,303551,0,0,0,0,0.0623708
608909,18,1,204843,55969,49166,148874,296908,0,0,0,0,0.0664338
608910,18,1,175998,47926,41469,128072,253782,0,0,0,0,0.063787
608911,18,1,216585,59430,51962,157155,315510,0,0,0,0,0.0672924
608914,18,1,206300,56299,49279,150001,298959,0,0,0,0,0.0628541
608919,18,2,295897,81395,71317,214490,435330,1,0,0,0,0.169935
608932,36,1,216281,59698,52422,156583,317047,0,0,0,0,0.0576491
608935,36,1,226380,63338,55609,163042,339060,0,0,0,0,0.0594282
608938,36,1,216287,59885,52451,156402,319305,0,0,0,0,0.0610844
608940,18,1,193085,52836,46470,140249,277747,0,0,0,0,0.0581231
608941,18,1,205029,55142,48146,149887,288492,0,0,0,0,0.056406
608944,18,2,319092,88161,77369,230918,468486,1,0,0,0,0.139355
608949,18,2,253212,69760,61072,183440,370496,1,0,0,0,0.123682
608962,36,1,215541,59192,51502,156349,314297,0,0,0,0,0.0644355
608965,36,1,218870,60930,53067,157940,325265,0,0,0,0,0.0594982
608968,36,2,290054,81302,71106,208739,437724,1,0,0,0,0.138965
608990,18,1,175173,46978,41468,128195,246010,0,0,0,0,0.0615649
608991,18,2,272323,74847,66144,197463,398162,1,0,0,0,0.139081
608992,18,2,378550,103041,90343,275496,547740,1,0,0,0,0.170505
608993,18,1,195038,52517,46602,142521,276671,0,0,0,0,0.0690341
608994,18,2,198584,53261,46901,145311,280612,1,0,0,0,0.140247
608995,18,2,252313,70383,61876,181917,378640,1,0,0,0,0.132201
608996,18,1,196497,53034,46528,143463,279940,0,0,0,0,0.0569932
608997,18,1,203430,55368,48634,148062,292770,0,0,0,0,0.0582077
608998,18,2,254983,71051,62407,183920,381401,1,0,0,0,0.132699
608999,18,2,259043,72151,63321,186880,384099,1,0,0,0,0.133771
609040,18,1,212568,58501,51404,154067,309407,0,0,0,0,0.059198
609041,18,2,312817,89097,78426,223707,479272,1,0,0,0,0.144604
609044,18,2,283405,80489,70626,202903,433462,1,0,0,0,0.148151
609049,18,1,208416,57731,50341,150685,306949,0,0,0,0,0.070215
609062,36,1,212056,58013,50368,154043,306261,0,0,0,0,0.0613678
609065,36,1,217905,59838,52213,158067,318321,0,0,0,0,0.0698505
609068,36,1,221275,60878,53303,160397,323916,0,0,0,0,0.0582761
609100,18,1,223837,62108,54173,161729,329756,0,0,0,0,0.0620658
609101,18,1,231174,63827,55652,167347,336825,0,0,0,0,0.0705108
609104,18,1,206676,57117,50015,149559,304001,0,0,0,0,0.0596201
609109,18,2,207832,57074,50449,150745,304400,1,0,0,0,0.124331
609122,36,1,209185,57609,50358,151576,305442,0,0,0,0,0.0613168
609125,36,1,226708,62257,54857,164451,331700,0,0,0,0,0.0682181
609128,36,1,231278,63822,56113,167456,340237,0,0,0,0,0.0606697
609150,18,2,235670,65730,58020,169927,353044,1,0,0,0,0.136883
609151,18,2,219803,60957,53650,158833,326806,1,0,0,0,0.128114
609154,18,1,193422,51907,45461,141515,273056,0,0,0,0,0.0745957
609159,18,1,191522,51467,44730,140055,269127,0,0,0,0,0.0599794
609172,36,1,202263,55317,48651,146946,292856,0,0,0,0,0.0586042
609175,36,1,219726,60174,52430,159552,320197,0,0,0,0,0.0564346
609178,36,1,216290,59137,51692,157153,314292,0,0,0,0,0.0595429
609190,18,1,214924,59234,51805,155690,313025,0,0,0,0,0.0916125
609191,18,2,206672,56511,49768,150148,301779,1,0,0,0,0.13149
609194,18,1,213971,58629,51366,155342,310319,0,0,0,0,0.0614855
609199,18,2,305826,84702,74618,221112,452709,1,0,0,0,0.147933
609212,36,1,227612,62855,55302,164757,333756,0,0,0,0,0.0623524
609215,36,1,230856,64121,56457,166735,342156,0,0,0,0,0.0837739
609218,36,1,226699,62523,55007,164176,333358,0,0,0,0,0.0873746
609220,18,1,218747,60263,52797,158484,317380,0,0,0,0,0.0862371
609221,18,2,217441,59714,52815,157714,319407,1,0,0,0,0.139545
609224,18,1,212975,58451,51281,154524,309460,0,0,0,0,0.0790036
609229,18,2,311738,86114,75868,225612,459303,1,0,0,0,0.142905
609242,36,1,223512,61490,53992,162022,326461,0,0,0,0,0.0590088
609245,36,1,225524,62529,54963,162995,333364,0,0,0,0,0.0607143
609248,36,1,223024,61549,53903,161475,328290,0,0,0,0,0.059052
609270,18,1,170827,45416,39531,125411,238423,0,0,0,0,0.0561993
609271,18,1,203697,55454,48805,148243,292919,0,0,0,0,0.0568058
609272,18,2,274657,75892,66853,198752,405922,1,0,0,0,0.142692
609273,18,1,198280,53710,47456,144570,282244,0,0,0,0,0.0664394
609274,18,2,284467,79248,69626,205206,424828,1,0,0,0,0.139984
609275,18,2,276738,76893,67504,199832,413061,1,0,0,0,0.146471
609276,18,2,190778,52257,45966,138509,279279,1,0,0,0,0.135058
609277,18,1,195018,53104,46594,141914,281757,0,0,0,0,0.0607294
609278,18,1,205373,56237,49373,149136,298483,0,0,0,0,0.0634747
609279,18,1,213796,58376,51221,155420,307738,0,0,0,0,0.0625989
609550,18,1,200672,55061,49003,145611,290750,0,0,0,0,0.0870842
609551,18,1,198069,54013,47604,144056,285577,0,0,0,0,0.064542
609552,18,1,209361,57103,50547,152258,300528,0,0,0,0,0.0641933
609553,18,1,227098,61615,54530,165483,321505,0,0,0,0,0.0663842
609554,18,2,194454,52853,46607,141588,281272,1,0,0,0,0.138392
609555,18,2,189968,51541,45266,138414,274801,1,0,0,0,0.150241
609556,18,1,198620,54823,48379,143797,292442,0,0,0,0,0.0631583
609557,18,1,198445,54088,47442,144357,287500,0,0,0,0,0.0655981
609558,18,1,207381,56759,50023,150622,300501,0,0,0,0,0.0694219
609559,18,1,221553,60350,53250,161203,316281,0,0,0,0,0.0660118
609730,36,1,185161,50071,43449,135090,264839,0,0,0,0,0.0544288
609731,36,1,205699,56068,48962,149631,295800,0,0,0,0,0.0550954
609732,36,1,211734,58344,50324,153390,309559,0,0,0,0,0.066122
609733,36,1,216949,60225,53611,156724,320954,0,0,0,0,0.0801337
609734,36,1,195217,53141,46430,142076,283072,0,0,0,0,0.0530475
609735,36,1,199557,54417,47838,145140,289904,0,0,0,0,0.0532383
609736,36,1,209119,57182,50047,151937,305476,0,0,0,0,0.0568255
609737,36,1,206884,56260,49439,150624,299279,0,0,0,0,0.0546442
609738,36,1,201473,54786,48114,146687,291839,0,0,0,0,0.0552824
609739,36,1,192821,52313,45520,140508,278625,0,0,0,0,0.0574038
609770,36,1,197226,54652,47661,142574,290227,0,0,0,0,0.0645
609771,36,2,310614,86648,76157,223953,464116,1,0,0,0,0.146819
609772,36,1,235982,65814,58309,170168,350604,0,0,0,0,0.0625591
609773,36,1,214473,59293,52176,155180,315673,0,0,0,0,0.0574102
609774,36,1,224248,62059,54231,162189,330616,0,0,0,0,0.0584138
609775,36,1,219456,60659,53583,158797,323365,0,0,0,0,0.0578177
609776,36,1,221326,61899,54117,159427,331161,0,0,0,0,0.0594
609777,36,2,309020,85856,75340,223151,460095,1,0,0,0,0.146759
609778,36,1,221230,60922,53440,160308,324150,0,0,0,0,0.058751
609779,36,1,215284,59110,51665,156174,313374,0,0,0,0,0.0558897
609800,36,1,206632,57536,50194,149096,305213,0,0,0,0,0.0610828
609801,36,2,311258,86827,76503,224418,465547,1,0,0,0,0.147213
609802,36,1,233378,64711,57233,168667,344166,0,0,0,0,0.0640554
609803,36,1,210763,58384,51590,152379,311122,0,0,0,0,0.0633405
609804,36,1,221596,61243,53721,160353,325930,0,0,0,0,0.0637103
609805,36,1,217702,60303,53305,157399,321415,0,0,0,0,0.0591447
609806,36,1,211393,58733,51215,152660,313557,0,0,0,0,0.059849
609807,36,2,306182,84980,74676,221189,455203,1,0,0,0,0.146511
609808,36,1,219093,60278,52787,158815,320722,0,0,0,0,0.06034
609809,36,1,214506,58976,51417,155530,312610,0,0,0,0,0.0583311
609820,36,1,203900,57400,49443,146500,304874,0,0,0,0,0.0643536
609821,36,1,207159,56560,49429,150599,299503,0,0,0,0,0.076995
609822,36,1,220950,60664,53213,160286,320107,0,0,0,0,0.0682613
609823,36,1,209647,57393,50202,152254,302954,0,0,0,0,0.0614945
609824,36,1,223304,62023,54461,161281,328767,0,0,0,0,0.0616683
609825,36,1,214585,59685,52222,154900,317987,0,0,0,0,0.0602308
609826,36,1,199676,55343,48064,144333,295280,0,0,0,0,0.0580609
609827,36,2,291795,80105,70173,211677,428069,1,0,0,0,0.144511
609828,36,1,210668,58406,50992,152262,310648,0,0,0,0,0.0621911
609829,36,1,221388,61332,53588,160056,324527,0,0,0,0,0.0620367
610140,6,1,204066,56087,49512,147979,298376,0,0,0,0,0.0803199
610141,18,1,181707,49563,42332,132144,263384,0,0,0,0,0.0583554
610144,18,1,216788,59460,51580,157328,314736,0,0,0,0,0.0582223
610149,18,1,198448,54068,46782,144380,285654,0,0,0,0,0.055801
610150,6,1,203868,56024,49475,147844,298016,0,0,0,0,0.0785547
610151,18,2,195969,54960,48548,140996,294953,1,0,0,0,0.127664
610154,18,2,298837,84607,74408,214217,454558,1,0,0,0,0.140825
610159,18,1,205470,56413,48876,149057,300155,0,0,0,0,0.0594971
610160,18,1,183170,50634,43754,132536,270565,0,0,0,0,0.055292
610161,18,1,197863,54434,47330,143429,289425,0,0,0,0,0.0566789
610164,18,2,300196,85124,75096,215059,457047,1,0,0,0,0.229073
610169,18,1,194303,52897,46129,141406,280687,0,0,0,0,0.0673546
610182,36,1,186821,51011,44269,135810,271657,0,0,0,0,0.0548083
610185,36,1,222127,60788,52885,161339,321867,0,0,0,0,0.0598728
610188,36,1,219851,61175,52907,158676,326694,0,0,0,0,0.0590469
610200,6,1,206224,56223,49278,150001,297658,0,0,0,0,0.0758708
610201,18,1,180427,48993,42077,131434,259679,0,0,0,0,0.0518172
610204,18,2,293686,81991,71912,211682,438219,1,0,0,0,0.144366
610209,18,2,324504,90618,79638,233874,482899,1,0,0,0,0.141812
610210,6,1,206179,56218,49274,149961,297648,0,0,0,0,0.0720102
610211,18,1,205932,57095,49552,148837,304170,0,0,0,0,0.0574833
610214,18,2,263831,74416,65962,189402,400734,1,0,0,0,0.136074
610219,18,1,207529,56577,49260,150952,299419,0,0,0,0,0.0583625
610220,18,1,189994,51857,44786,138137,275429,0,0,0,0,0.0527788
610221,18,1,201767,55296,48229,146471,293135,0,0,0,0,0.0530854
610224,18,2,268665,75661,66840,192992,407226,1,0,0,0,0.134129
610229,18,2,217918,60093,53046,157812,320901,1,0,0,0,0.122708
610242,36,1,193356,52550,45664,140806,278642,0,0,0,0,0.051264
610245,36,2,264816,74773,65969,190030,402919,1,0,0,0,0.125159
610248,36,1,214471,59387,51551,155084,316905,0,0,0,0,0.0575845
610250,6,1,212076,57690,51010,154386,305430,0,0,0,0,0.0715895
610251,18,1,189472,52168,45398,137304,277532,0,0,0,0,0.0546996
610254,18,1,209841,58076,50874,151765,309923,0,0,0,0,0.0606066
610259,18,1,228750,63650,55971,165100,339266,0,0,0,0,0.0613583
610260,6,1,211966,57668,50986,154298,305331,0,0,0,0,0.0775123
610261,18,2,277581,77578,67963,199992,416696,1,0,0,0,0.147481
610264,18,1,204220,55869,49166,148351,296954,0,0,0,0,0.0585126
610269,18,1,208420,56547,49657,151873,298528,0,0,0,0,0.0581039
610270,18,1,190526,51887,44801,138639,274715,0,0,0,0,0.0576902
610271,18,1,215473,59494,52187,155979,315154,0,0,0,0,0.0630448
610274,18,2,199073,54700,47994,144360,292446,1,0,0,0,0.12201
610279,18,2,208921,57930,50598,150978,310360,1,0,0,0,0.123328
610292,36,1,200548,54637,48293,145911,290012,0,0,0,0,0.0579406
610295,36,1,219113,60531,52581,158582,323341,0,0,0,0,0.0560944
610298,36,1,208970,57301,49986,151669,305097,0,0,0,0,0.0552762
610300,6,1,195840,52845,46852,142995,278243,0,0,0,0,0.0827795
610301,18,2,212096,58427,51427,153657,312509,1,0,0,0,0.137775
610304,18,1,200350,54952,48422,145398,291200,0,0,0,0,0.0589461
610309,18,2,242572,66358,57784,176202,354537,1,0,0,0,0.135909
610310,18,1,176476,48092,41567,128384,254710,0,0,0,0,0.0602031
610311,18,1,228905,62919,55031,165986,332915,0,0,0,0,0.0621435
610314,18,2,318931,88246,77225,230672,471729,1,0,0,0,0.197032
610319,18,2,289888,79803,69726,210074,425983,1,0,0,0,0.140933
610332,36,1,225601,62233,54825,163368,329207,0,0,0,0,0.0642969
610335,36,1,224949,62638,54756,162311,334371,0,0,0,0,0.0593796
610338,36,2,303204,84817,73825,218375,455226,1,0,0,0,0.157768
610340,18,1,193599,53050,46623,140549,279027,0,0,0,0,0.0600717
610341,18,2,214729,58532,51609,156184,310513,1,0,0,0,0.182212
610344,18,2,249648,68793,60708,180842,365578,1,0,0,0,0.130621
610349,18,2,242852,66670,58122,176170,354453,1,0,0,0,0.125957
610362,36,1,221354,61120,53375,160234,324910,0,0,0,0,0.059855
610365,36,1,217559,60214,52548,157345,320496,0,0,0,0,0.0623404
610368,36,2,285868,79874,69657,205981,429044,1,0,0,0,0.137855
610390,18,1,175662,47187,41662,128475,247226,0,0,0,0,0.0550648
610391,18,2,210938,57529,50684,153397,305477,1,0,0,0,0.129405
610392,18,1,212811,58181,51364,154630,307482,0,0,0,0,0.0592851
610393,18,1,202342,54715,48352,147627,288253,0,0,0,0,0.0603566
610394,18,2,208284,56190,49555,152082,295868,1,0,0,0,0.128207
610395,18,1,209907,57341,50493,152566,303329,0,0,0,0,0.0737624
610396,18,1,199300,53494,46960,145806,281614,0,0,0,0,0.0582268
610397,18,2,297000,82411,72044,214577,440518,1,0,0,0,0.146923
610398,18,2,192152,52562,45804,139578,280424,1,0,0,0,0.128822
610399,18,2,248676,68911,60098,179753,367112,1,0,0,0,0.139767
610430,6,1,203915,56038,49488,147877,298100,0,0,0,0,0.0802251
610431,18,2,199008,56221,49653,142774,302234,1,0,0,0,0.125347
610434,18,2,295798,83828,73745,211957,450938,1,0,0,0,0.152047
610439,18,1,215868,60082,52373,155786,320341,0,0,0,0,0.0656516
610440,18,1,183193,50629,43744,132564,270517,0,0,0,0,0.0573586
610441,18,1,214131,58951,51621,155180,312518,0,0,0,0,0.0563958
610444,18,2,291166,82575,72800,208578,444343,1,0,0,0,0.162184
610449,18,1,207133,56986,49938,150147,303297,0,0,0,0,0.0640054
610462,36,1,198303,54130,47331,144173,287471,0,0,0,0,0.0567841
610465,36,1,215647,59088,51340,156559,313710,0,0,0,0,0.0621137
610468,36,1,230985,64673,56336,166312,345880,0,0,0,0,0.0604485
610490,6,1,206256,56242,49316,150014,297782,0,0,0,0,0.0719303
610491,18,1,221238,61482,53699,159756,326389,0,0,0,0,0.0568177
610494,18,1,211325,57781,50212,153544,306249,0,0,0,0,0.0544833
610499,18,1,218270,59960,52226,158310,318178,0,0,0,0,0.0567715
610500,18,1,189941,51850,44795,138091,275389,0,0,0,0,0.0684131
610501,18,2,238100,66377,58830,171711,356059,1,0,0,0,0.139949
610504,18,1,211517,58216,50889,153301,309156,0,0,0,0,0.0576744
610509,18,2,217027,59857,52771,157157,320013,1,0,0,0,0.122024
610522,36,1,206699,56642,49450,150057,300214,0,0,0,0,0.0555016
610525,36,1,215369,59352,51854,156017,316049,0,0,0,0,0.057336
610528,36,1,224233,62679,54661,161554,335259,0,0,0,0,0.0602522
610540,6,1,211270,57444,50780,153826,304126,0,0,0,0,0.0722698
610541,18,2,287551,80426,70786,207114,431321,1,0,0,0,0.14025
610544,18,1,205927,55999,49020,149928,297133,0,0,0,0,0.0568394
610549,18,1,202275,54637,47785,147638,288115,0,0,0,0,0.0530352
610550,18,1,190192,51771,44667,138421,274048,0,0,0,0,0.0605225
610551,18,2,287954,80840,71095,207101,434750,1,0,0,0,0.188044
610554,18,2,200298,55123,48303,145162,295060,1,0,0,0,0.136187
610559,18,2,210036,58305,50980,151718,312489,1,0,0,0,0.133569
610572,36,1,210161,57192,50702,152969,302474,0,0,0,0,0.0605175
610575,36,1,219191,60277,52450,158914,321883,0,0,0,0,0.061281
610578,36,1,208681,56973,49663,151708,302537,0,0,0,0,0.0585517
610580,6,1,196015,52879,46883,143136,278402,0,0,0,0,0.0880595
610581,18,1,217419,59026,52251,158393,310220,0,0,0,0,0.0869567
610584,18,1,200163,54824,48334,145339,290999,0,0,0,0,0.0862698
610589,18,1,192387,52284,45833,140103,277341,0,0,0,0,0.0820825
610590,18,1,176226,48011,41501,128215,254266,0,0,0,0,0.066322
610591,18,1,220442,60605,52798,159837,322284,0,0,0,0,0.070848
610594,18,1,204563,55239,48472,149324,291950,0,0,0,0,0.0668348
610599,18,2,286858,78900,68911,207946,422309,1,0,0,0,0.186799
610612,36,1,217960,60117,52842,157843,319322,0,0,0,0,0.0633529
610615,36,1,225368,62914,55031,162454,336745,0,0,0,0,0.0660069
610618,36,1,205618,56755,49445,148863,303168,0,0,0,0,0.0815943
610620,18,1,193666,53080,46645,140586,279202,0,0,0,0,0.0828042
610621,18,2,214686,58528,51610,156145,310504,1,0,0,0,0.137323
610624,18,2,249492,68769,60699,180710,365491,1,0,0,0,0.154918
610629,18,2,242601,66623,58094,175966,354229,1,0,0,0,0.186572
610642,36,1,220621,60776,52953,159845,322995,0,0,0,0,0.0801881
610645,36,1,211477,58349,50615,153128,310583,0,0,0,0,0.0688918
610648,36,2,279050,77400,67488,201637,415762,1,0,0,0,0.161063
610670,18,1,175818,47222,41674,128596,247397,0,0,0,0,0.0603703
610671,18,2,210842,57506,50661,153324,305367,1,0,0,0,0.16529
610672,18,1,214030,58291,51373,155739,308018,0,0,0,0,0.0891337
610673,18,1,201735,54470,48233,147265,287090,0,0,0,0,0.0860269
610674,18,2,208209,56187,49554,152010,295913,1,0,0,0,0.151046
610675,18,2,255825,70654,62221,185158,378459,1,0,0,0,0.17442
610676,18,1,192647,51512,45187,141135,271307,0,0,0,0,0.0639851
610677,18,1,189306,50868,44397,138438,268870,0,0,0,0,0.0814446
610678,18,2,245790,67947,59581,177831,364332,1,0,0,0,0.192862
610679,18,2,248790,68976,60172,179802,367503,1,0,0,0,0.2014
610720,18,1,197267,54291,47522,142976,288398,0,0,0,0,0.0709082
610721,18,1,203258,55644,48585,147614,293787,0,0,0,0,0.0844475
610724,18,2,286322,81429,71768,204880,438604,1,0,0,0,0.216165
610729,18,1,219335,60823,53395,158512,323913,0,0,0,0,0.0926323
610742,36,1,204475,55789,48350,148686,295298,0,0,0,0,0.105398
610745,36,1,214310,58688,51189,155622,312015,0,0,0,0,0.0967556
610748,36,1,222913,61661,53866,161252,328986,0,0,0,0,0.0890872
610780,18,1,216878,60052,52211,156826,318529,0,0,0,0,0.0855776
610781,18,2,371552,104481,91635,267058,558945,1,0,0,0,0.215816
610784,18,1,203781,55990,49105,147791,297514,0,0,0,0,0.0956278
610789,18,2,217104,59534,52469,157557,317373,1,0,0,0,0.197561
610802,36,1,205405,56318,49221,149087,298046,0,0,0,0,0.088917
610805,36,1,223708,61432,53883,162276,327039,0,0,0,0,0.0603766
610808,36,1,231185,63928,56174,167257,340634,0,0,0,0,0.0598256
610830,18,2,269072,75016,65745,194043,402254,1,0,0,0,0.145478
610831,18,2,212145,58427,51068,153705,312467,1,0,0,0,0.133153
610834,18,1,196740,53219,46625,143521,281336,0,0,0,0,0.0660488
610839,18,2,282371,78931,69127,203427,422829,1,0,0,0,0.157754
610852,36,1,207789,56653,49813,151136,298811,0,0,0,0,0.0633928
610855,36,1,217782,59558,51993,158224,316937,0,0,0,0,0.0757349
610858,36,1,218691,59814,52190,158877,318041,0,0,0,0,0.0603453
610870,18,1,215508,59526,52025,155982,314737,0,0,0,0,0.0874805
610871,18,2,212955,58176,51099,154766,311052,1,0,0,0,0.170807
610874,18,1,209403,57042,49893,152361,301366,0,0,0,0,0.0959718
610879,18,2,295765,81733,71603,214020,437427,1,0,0,0,0.202231
610892,36,1,232095,63877,56484,168218,338711,0,0,0,0,0.0875026
610895,36,1,227454,62591,55181,164863,333211,0,0,0,0,0.088351
610898,36,1,214394,58802,51742,155592,313904,0,0,0,0,0.0818759
610900,18,1,219389,60556,53021,158833,319053,0,0,0,0,0.0954498
610901,18,2,221479,60599,53498,160867,324229,1,0,0,0,0.179237
610904,18,1,208721,56922,49843,151799,300592,0,0,0,0,0.0829692
610909,18,2,296352,81813,71842,214527,437048,1,0,0,0,0.185362
610922,36,1,231175,63544,55985,167631,337201,0,0,0,0,0.102978
610925,36,1,218459,59933,52437,158526,318681,0,0,0,0,0.10617
610928,36,1,204669,55614,48631,149055,295998,0,0,0,0,0.0807019
610950,18,1,171145,45559,39673,125586,239264,0,0,0,0,0.083237
610951,18,1,202921,55135,48462,147786,291169,0,0,0,0,0.0809602
610952,18,2,293587,80992,71399,212582,432492,1,0,0,0,0.210132
610953,18,1,211820,57316,50798,154504,300545,0,0,0,0,0.0919833
610954,18,2,287272,79553,69757,207706,425611,1,0,0,0,0.189372
610955,18,2,277189,76501,67358,200675,409675,1,0,0,0,0.202338
610956,18,2,230001,63891,56345,166098,342705,1,0,0,0,0.157929
610957,18,1,183554,49214,43007,134340,260110,0,0,0,0,0.0767929
610958,18,1,186144,50149,43678,135995,265421,0,0,0,0,0.0799834
610959,18,1,191737,51601,44868,140136,271368,0,0,0,0,0.0586726
611230,18,1,201573,55378,49281,146195,292465,0,0,0,0,0.0931507
611231,18,1,213245,58334,51488,154911,308169,0,0,0,0,0.0884047
611232,18,1,226114,61789,54888,164325,324746,0,0,0,0,0.0675646
611233,18,1,244554,66173,58556,178381,343514,0,0,0,0,0.0700688
611234,18,2,201784,54878,48363,146893,291900,1,0,0,0,0.138885
611235,18,2,195946,53478,47128,142455,285131,1,0,0,0,0.153144
611236,18,1,191855,52166,46042,139689,276733,0,0,0,0,0.0674996
611237,18,1,182245,48984,42817,133261,259407,0,0,0,0,0.0622285
611238,18,1,188846,50798,44511,138048,267663,0,0,0,0,0.0586075
611239,18,1,201262,54010,47523,147252,282199,0,0,0,0,0.062247
611450,36,1,197036,54676,47614,142360,290463,0,0,0,0,0.0966745
611451,36,2,210899,58060,51129,152827,311044,1,0,0,0,0.175364
611452,36,1,240163,67100,59488,173063,357459,0,0,0,0,0.0748062
611453,36,1,213808,59119,51940,154689,314928,0,0,0,0,0.0607073
611454,36,1,223877,61460,53560,162417,326747,0,0,0,0,0.0892823
611455,36,1,218325,59905,52740,158420,318335,0,0,0,0,0.0621074
611456,36,1,218839,60830,53251,158009,324967,0,0,0,0,0.0581037
611457,36,2,297730,82489,72265,215228,442522,1,0,0,0,0.132837
611458,36,1,207463,56796,49627,150667,302262,0,0,0,0,0.054426
611459,36,1,205174,56376,48879,148798,299745,0,0,0,0,0.0539088
611480,36,1,206828,57677,50274,149151,306063,0,0,0,0,0.0613202
611481,36,2,215690,59462,52598,156216,318608,1,0,0,0,0.122492
611482,36,1,238723,66358,58936,172365,352903,0,0,0,0,0.0624546
611483,36,1,214331,59250,52261,155081,315447,0,0,0,0,0.0566021
611484,36,1,220699,60599,52917,160100,321997,0,0,0,0,0.056962
611485,36,1,211056,57856,50977,153200,307266,0,0,0,0,0.0549035
611486,36,1,204916,56463,48971,148453,300724,0,0,0,0,0.0547502
611487,36,2,292316,80606,70451,211697,431461,1,0,0,0,0.137794
611488,36,1,200327,54502,47585,145825,289508,0,0,0,0,0.0517984
611489,36,1,204036,56041,48541,147995,297681,0,0,0,0,0.0533324
611500,36,1,205114,57896,49806,147218,307640,0,0,0,0,0.0647773
611501,36,1,213091,58305,51214,154786,309066,0,0,0,0,0.0578804
611502,36,1,226272,62341,55077,163931,329417,0,0,0,0,0.0593606
611503,36,1,219122,60018,52497,159104,316363,0,0,0,0,0.0608295
611504,36,1,215259,59096,51615,156163,312364,0,0,0,0,0.0563624
611505,36,1,207367,56943,49767,150424,302159,0,0,0,0,0.0593009
611506,36,1,193134,52821,45887,140313,280353,0,0,0,0,0.0547485
611507,36,2,282409,77305,67318,205091,412985,1,0,0,0,0.13634
611508,36,1,194625,53463,46443,141162,284069,0,0,0,0,0.0540981
611509,36,1,202544,55561,48350,146983,293571,0,0,0,0,0.0545677
611830,6,1,175249,47340,41245,127909,250841,0,0,0,0,0.0849545
611831,18,1,207167,58575,51471,148592,313608,0,0,0,0,0.0683159
611834,18,1,214902,60675,53325,154227,324007,0,0,0,0,0.0698637
611839,18,1,173391,47291,41330,126100,251544,0,0,0,0,0.0622949
611840,18,1,158502,43175,37156,115327,230099,0,0,0,0,0.0623333
611841,18,1,182098,49735,43426,132363,265552,0,0,0,0,0.0549518
611844,18,1,197860,54118,47286,143742,288115,0,0,0,0,0.06989
611849,18,1,161147,43453,38172,117694,231165,0,0,0,0,0.0592981
611862,36,1,204884,57341,49971,147543,307698,0,0,0,0,0.0600492
611865,36,1,215799,60646,52708,155153,324821,0,0,0,0,0.0620627
611868,36,1,186725,51320,44696,135405,273962,0,0,0,0,0.0547629
611890,6,1,189244,50211,43708,139033,261639,0,0,0,0,0.0795445
611891,18,1,215239,60347,52760,154892,321265,0,0,0,0,0.0668356
611894,18,1,220147,61757,53946,158390,328576,0,0,0,0,0.0677002
611899,18,1,183839,49839,43356,134000,261915,0,0,0,0,0.0605085
611900,18,1,172155,46481,39907,125674,244656,0,0,0,0,0.0803971
611901,18,1,196145,53559,46915,142586,283729,0,0,0,0,0.0555362
611904,18,1,195833,53743,47045,142090,285659,0,0,0,0,0.0548924
611909,18,1,171431,46199,40316,125232,245456,0,0,0,0,0.058355
611922,36,1,210696,58886,51449,151810,314090,0,0,0,0,0.0590286
611925,36,1,209924,58719,51063,151205,313351,0,0,0,0,0.0602639
611928,36,1,188946,51603,44930,137343,274621,0,0,0,0,0.0800391
611940,6,1,197407,52696,46429,144711,277041,0,0,0,0,0.0943142
611941,18,1,200096,54824,48464,145272,291339,0,0,0,0,0.0610781
611944,18,1,205417,57000,50289,148417,304191,0,0,0,0,0.061423
611949,18,1,207212,56971,49954,150241,303285,0,0,0,0,0.0596467
611950,18,1,168545,45303,39317,123242,239151,0,0,0,0,0.0541392
611951,18,1,208464,57197,50704,151267,301523,0,0,0,0,0.0662759
611954,18,1,196075,53435,47016,142640,283235,0,0,0,0,0.0557421
611959,18,1,200296,54320,47545,145976,287403,0,0,0,0,0.0554046
611972,36,1,199525,54724,48210,144801,291087,0,0,0,0,0.0597941
611975,36,1,215652,59911,52533,155741,319765,0,0,0,0,0.0582813
611978,36,1,210718,58142,50972,152576,308941,0,0,0,0,0.058771
611980,6,1,196405,52494,46196,143911,276084,0,0,0,0,0.0781046
611981,18,1,213207,58144,51484,155063,307531,0,0,0,0,0.0615303
611984,18,1,204344,56277,49724,148067,299735,0,0,0,0,0.0597808
611989,18,1,200948,55137,48356,145811,293722,0,0,0,0,0.0598141
611990,18,1,169313,45634,39606,123679,241078,0,0,0,0,0.0558109
611991,18,1,213528,58655,51993,154873,309318,0,0,0,0,0.0639443
611994,18,1,195905,53121,46713,142784,281283,0,0,0,0,0.0554578
611999,18,1,185548,50087,43787,135461,265724,0,0,0,0,0.0533507
612012,36,1,200665,55176,48401,145489,293551,0,0,0,0,0.0585005
612015,36,1,216588,59986,52600,156602,320053,0,0,0,0,0.0574441
612018,36,1,199793,55000,48089,144793,293086,0,0,0,0,0.0578125
612020,18,1,180692,48163,41844,132529,252444,0,0,0,0,0.0600674
612021,18,1,180538,48119,41800,132419,252224,0,0,0,0,0.055067
612024,18,2,234717,63957,56150,170747,336170,1,0,0,0,0.136192
612029,18,1,166299,44148,37970,122151,231546,0,0,0,0,0.0696133
612042,36,1,182550,49396,43206,133154,260725,0,0,0,0,0.0623263
612045,36,1,195334,54272,47080,141062,290065,0,0,0,0,0.0565247
612048,36,1,188856,52752,45775,136104,283210,0,0,0,0,0.0571749
612070,18,1,192677,51402,45040,141275,266852,0,0,0,0,0.0550153
612071,18,1,191828,51139,44830,140689,265436,0,0,0,0,0.0544693
612072,18,2,179627,47968,41915,131647,254089,1,0,0,0,0.137333
612073,18,1,169346,44404,38770,124942,232799,0,0,0,0,0.0581835
612074,18,1,196997,52354,45857,144643,270474,0,0,0,0,0.0569569
612075,18,2,188973,51019,44582,137942,270780,1,0,0,0,0.121598
612076,18,1,192767,51105,44935,141662,267616,0,0,0,0,0.0532724
612077,18,2,184301,49359,42876,134930,261671,1,0,0,0,0.139611
612078,18,1,179284,47471,41489,131813,249291,0,0,0,0,0.0645193
612079,18,1,179576,47761,42025,131815,249083,0,0,0,0,0.0640031
612120,18,1,176315,48166,41757,128149,255665,0,0,0,0,0.0957038
612121,18,1,189952,51754,44904,138198,274598,0,0,0,0,0.0806461
612124,18,1,204311,55432,48594,148879,292173,0,0,0,0,0.0895254
612129,18,1,163307,43462,38153,119845,229460,0,0,0,0,0.0809029
612142,36,1,208498,57704,50409,150794,308919,0,0,0,0,0.0713891
612145,36,1,222757,62153,54391,160604,332562,0,0,0,0,0.0710935
612148,36,1,187519,50758,44261,136761,269989,0,0,0,0,0.0631169
612180,18,2,349065,97730,85732,251322,519507,1,0,0,0,0.170317
612181,18,1,202243,55048,48323,147195,290088,0,0,0,0,0.0611855
612184,18,1,204387,55781,48778,148606,294806,0,0,0,0,0.0564634
612189,18,1,172401,46316,40476,126085,245359,0,0,0,0,0.0600103
612202,36,1,213899,59396,52275,154503,317171,0,0,0,0,0.0618519
612205,36,1,216640,60572,53037,156068,324218,0,0,0,0,0.0661954
612208,36,1,191710,51894,45376,139816,275608,0,0,0,0,0.05763
612230,18,2,242930,67831,59631,175087,362156,1,0,0,0,0.142022
612231,18,2,207584,56489,49765,151082,301409,1,0,0,0,0.131454
612234,18,2,280538,78001,68372,202524,418089,1,0,0,0,0.137517
612239,18,2,324703,89161,78326,235529,474839,1,0,0,0,0.155914
612252,36,1,209836,57413,50744,152423,305384,0,0,0,0,0.0619648
612255,36,1,216029,59480,52393,156549,317446,0,0,0,0,0.0607156
612258,36,1,216507,59520,52283,156987,317115,0,0,0,0,0.0585569
612270,18,2,242842,67859,59672,174971,362403,1,0,0,0,0.142342
612271,18,2,205865,56214,49554,149638,300546,1,0,0,0,0.178916
612274,18,2,282026,78074,68443,203939,417754,1,0,0,0,0.168298
612279,18,1,183037,49161,43002,133876,259881,0,0,0,0,0.0566245
612292,36,1,209819,57664,50522,152155,306758,0,0,0,0,0.0627148
612295,36,1,212014,57978,51047,154036,308806,0,0,0,0,0.0571359
612298,36,1,202346,55322,48622,147024,295085,0,0,0,0,0.0597039
612300,18,1,187300,50046,43608,137254,263335,0,0,0,0,0.0558812
612301,18,1,187786,50128,43597,137658,263683,0,0,0,0,0.0659501
612304,18,1,182026,48041,41826,133985,250265,0,0,0,0,0.084731
612309,18,1,169290,45064,38947,124226,237779,0,0,0,0,0.0563552
612322,36,1,193781,51762,45417,142019,271632,0,0,0,0,0.060712
612325,36,1,201667,55568,48632,146099,296980,0,0,0,0,0.077936
612328,36,1,195076,53937,47188,141139,289123,0,0,0,0,0.0795012
612350,18,2,278892,76052,66655,202827,402350,1,0,0,0,0.162793
612351,18,2,278319,75893,66557,202413,401443,1,0,0,0,0.139444
612352,18,2,184550,49156,42982,135382,260211,1,0,0,0,0.136948
612353,18,1,171007,44339,38834,126668,229874,0,0,0,0,0.0550749
612354,18,2,297773,81255,71267,216505,428845,1,0,0,0,0.145674
612355,18,2,191068,51462,44903,139594,272964,1,0,0,0,0.121811
612356,18,1,187368,49281,43200,138087,256993,0,0,0,0,0.0518855
612357,18,2,185828,49682,43208,136134,263248,1,0,0,0,0.12837
612358,18,1,172308,45331,39580,126977,237243,0,0,0,0,0.0530768
612359,18,1,176883,47161,41104,129722,247770,0,0,0,0,0.0569038
612630,18,2,289258,79181,69702,210064,419248,1,0,0,0,0.144802
612631,18,2,288964,79102,69678,209849,418798,1,0,0,0,0.147916
612632,18,2,189281,50825,44797,138444,268998,1,0,0,0,0.132574
612633,18,2,268728,73652,64950,195063,392073,1,0,0,0,0.148659
612634,18,2,306030,83759,73417,222258,441528,1,0,0,0,0.151452
612635,18,2,194956,52627,46083,142316,279625,1,0,0,0,0.133915
612636,18,2,284329,78792,69366,205524,421038,1,0,0,0,0.157801
612637,18,2,187813,50378,43803,137422,267658,1,0,0,0,0.132407
612638,18,2,271103,74570,65299,196520,398029,1,0,0,0,0.144521
612639,18,2,261269,70830,62043,190426,375478,1,0,0,0,0.155967
612880,36,1,216411,59036,51174,157375,311018,0,0,0,0,0.0616214
612881,36,1,216558,59010,51143,157548,310700,0,0,0,0,0.0711287
612882,36,1,202277,54743,47935,147534,288198,0,0,0,0,0.0821226
612883,36,1,197703,52992,46179,144711,276592,0,0,0,0,0.0616218
612884,36,1,217336,59623,52090,157713,313697,0,0,0,0,0.0641395
612885,36,1,219496,60513,52766,158983,321645,0,0,0,0,0.0721249
612886,36,1,219169,60095,52404,159074,319397,0,0,0,0,0.0770464
612887,36,1,210176,58221,50956,151955,310744,0,0,0,0,0.0696755
612888,36,1,208890,57395,49879,151495,305914,0,0,0,0,0.0817215
612889,36,1,196628,53392,46542,143236,282039,0,0,0,0,0.0630878
612900,36,2,286948,78875,68797,208060,419051,1,0,0,0,0.151812
612901,36,2,286783,78813,68744,207957,418691,1,0,0,0,0.165376
612902,36,2,181090,48090,41991,132988,254465,1,0,0,0,0.157729
612903,36,1,188852,50662,44261,138190,266018,0,0,0,0,0.0741558
612904,36,2,308776,85615,74793,223148,453544,1,0,0,0,0.169351
612905,36,2,192000,52139,45671,139849,277853,1,0,0,0,0.126436
612906,36,1,213040,58783,51538,154257,311159,0,0,0,0,0.0609414
612907,36,2,183429,49224,42837,134193,261737,1,0,0,0,0.157063
612908,36,1,202891,55833,48843,147058,295946,0,0,0,0,0.0569097
612909,36,1,189317,51236,44364,138081,269958,0,0,0,0,0.0812797
613240,18,1,187028,51043,44399,135985,269284,0,0,0,0,0.0657126
613241,18,1,199123,54404,47287,144719,287178,0,0,0,0,0.0576007
613244,18,1,215153,58550,51339,156603,306920,0,0,0,0,0.0847973
613249,18,1,174293,46477,40845,127816,243524,0,0,0,0,0.0641364
613262,36,1,211266,58345,50908,152921,311526,0,0,0,0,0.0604475
613265,36,1,230969,64396,56388,166573,343497,0,0,0,0,0.0630889
613268,36,1,186929,50502,43791,136427,267922,0,0,0,0,0.0545597
613300,18,2,363468,102249,90096,261206,542825,1,0,0,0,0.207638
613301,18,1,213886,58272,51255,155614,305143,0,0,0,0,0.0575828
613304,18,1,216543,59160,51780,157383,310458,0,0,0,0,0.0588856
613309,18,1,184257,49634,43394,134623,261121,0,0,0,0,0.0609459
613322,36,1,217725,60207,52935,157518,320470,0,0,0,0,0.0586727
613325,36,1,227547,63289,55622,164258,337163,0,0,0,0,0.0656938
613328,36,1,195026,52740,46228,142286,279511,0,0,0,0,0.0748159
613350,18,2,251010,70377,62485,180621,375323,1,0,0,0,0.151702
613351,18,2,208148,56958,50377,151177,304219,1,0,0,0,0.134861
613354,18,2,284391,79142,69620,205236,424122,1,0,0,0,0.168608
613359,18,2,323680,88797,77963,234870,472044,1,0,0,0,0.148368
613372,36,1,211540,57849,51128,153691,307071,0,0,0,0,0.0567035
613375,36,1,217886,60157,52828,157729,320453,0,0,0,0,0.0587377
613378,36,1,216009,59273,52040,156736,314801,0,0,0,0,0.0581121
613390,18,2,251095,70434,62545,180649,375716,1,0,0,0,0.144019
613391,18,2,205354,56094,49596,149247,299482,1,0,0,0,0.130259
613394,18,2,284229,78839,69299,205377,421970,1,0,0,0,0.135673
613399,18,1,182438,49143,43002,133295,259883,0,0,0,0,0.0557724
613412,36,1,214370,58855,51940,155515,312706,0,0,0,0,0.0586089
613415,36,1,210794,57371,50146,153423,304564,0,0,0,0,0.0578668
613418,36,1,200888,54826,47955,146062,291888,0,0,0,0,0.0577423
613420,18,1,187198,50320,43982,136878,265187,0,0,0,0,0.0564917
613421,18,1,187662,50409,44074,137253,265587,0,0,0,0,0.0544011
613424,18,1,182376,48639,42387,133737,254612,0,0,0,0,0.0634089
613429,18,1,167287,44811,38653,122476,236922,0,0,0,0,0.0586719
613442,36,1,193613,51512,45279,142101,268742,0,0,0,0,0.0672809
613445,36,1,205361,56592,49525,148769,301806,0,0,0,0,0.0880605
613448,36,1,198828,54922,48042,143906,293613,0,0,0,0,0.0659445
613470,18,1,178921,48376,42133,130545,255527,0,0,0,0,0.0557056
613471,18,1,179136,48376,42137,130760,255445,0,0,0,0,0.0687042
613472,18,1,167319,43913,38663,123406,229752,0,0,0,0,0.0814527
613473,18,1,170717,44308,38804,126409,229860,0,0,0,0,0.0602658
613474,18,1,179068,47996,41809,131072,251775,0,0,0,0,0.0591404
613475,18,1,178366,47746,41630,130620,252085,0,0,0,0,0.0546467
613476,18,1,179796,47548,41818,132248,249863,0,0,0,0,0.0659133
613477,18,1,168541,45065,39137,123476,238389,0,0,0,0,0.0747832
613478,18,1,164920,43543,37995,121377,229380,0,0,0,0,0.0577273
613479,18,1,167180,44644,38719,122536,235886,0,0,0,0,0.058311
613750,18,1,183668,49671,43471,133997,261446,0,0,0,0,0.0560824
613751,18,1,183855,49655,43489,134200,261268,0,0,0,0,0.0565718
613752,18,1,178154,46858,41193,131296,241263,0,0,0,0,0.0589676
613753,18,2,268953,73545,64814,195395,391325,1,0,0,0,0.156509
613754,18,1,177596,47403,41242,130193,247438,0,0,0,0,0.0597471
613755,18,1,199379,54617,47744,144762,288892,0,0,0,0,0.0577225
613756,18,2,275123,75889,66694,199221,405565,1,0,0,0,0.144185
613757,18,1,192121,52619,45935,139502,278819,0,0,0,0,0.0602958
613758,18,2,264760,72639,63493,192108,387994,1,0,0,0,0.143075
613759,18,1,167867,44791,39043,123076,235826,0,0,0,0,0.0582939
614020,36,1,198089,54628,47375,143461,289636,0,0,0,0,0.0554803
614021,36,1,198368,54636,47423,143732,289544,0,0,0,0,0.053847
614022,36,2,185136,49367,43378,135757,261791,1,0,0,0,0.130506
614023,36,1,188465,50558,44189,137907,265518,0,0,0,0,0.0556874
614024,36,1,191715,52204,45328,139511,274464,0,0,0,0,0.0585829
614025,36,1,202961,56077,48901,146884,298438,0,0,0,0,0.0543502
614026,36,1,202243,55725,48649,146518,296325,0,0,0,0,0.0550514
614027,36,1,195904,54142,47099,141762,288981,0,0,0,0,0.0536215
614028,36,1,193106,53123,46415,139983,283078,0,0,0,0,0.053189
614029,36,1,179836,49163,42397,130673,261087,0,0,0,0,0.0555043
614590,18,1,175014,46754,40673,128260,246718,0,0,0,0,0.0569121
614591,18,1,175025,46695,40630,128330,246339,0,0,0,0,0.0550197
614592,18,1,177391,47555,41615,129836,250188,0,0,0,0,0.0602363
614593,18,1,177172,47464,41539,129708,249627,0,0,0,0,0.0594033
614594,18,1,167118,43896,38061,123222,229145,0,0,0,0,0.0584709
614595,18,1,193282,53621,46893,139661,287111,0,0,0,0,0.058986
614596,18,1,192266,53309,46681,138957,285340,0,0,0,0,0.0588456
614597,18,1,185340,51335,44915,134005,275017,0,0,0,0,0.0574266
614598,18,1,184735,51162,44806,133573,274047,0,0,0,0,0.0567287
614599,18,1,156858,41647,36028,115211,220112,0,0,0,0,0.0617413
616000,3,1,149702,40893,34932,108809,217158,0,0,0,0,0.0970365
616001,9,1,151617,42009,35643,109608,223615,0,0,0,0,0.0684428
616004,9,1,180565,50618,43901,129947,268608,0,0,0,0,0.0666248
616009,9,1,146031,39706,34227,106325,210113,0,0,0,0,0.0637754
616010,3,1,171244,47210,41511,124034,250238,0,0,0,0,0.0933528
616011,9,1,158933,43601,37691,115332,231339,0,0,0,0,0.0637401
616014,9,1,189093,52342,45539,136751,276599,0,0,0,0,0.0632146
616019,9,1,163560,45092,39309,118468,238807,0,0,0,0,0.0621051
616020,3,1,155782,42005,35625,113777,222771,0,0,0,0,0.0854893
616021,9,1,144216,38933,32531,105283,207146,0,0,0,0,0.0585271
616024,9,1,174422,48582,40999,125840,258491,0,0,0,0,0.071818
616029,9,1,194904,54425,46619,140479,290246,0,0,0,0,0.0914612
616030,3,1,155736,41996,35624,113740,222724,0,0,0,0,0.0885136
616031,9,1,178127,49508,42261,128619,263948,0,0,0,0,0.0605814
616034,9,1,184833,51958,44879,132875,277128,0,0,0,0,0.0681801
616039,9,1,188253,52221,45083,136032,277072,0,0,0,0,0.0649351
616040,9,1,160931,44396,37315,116535,236556,0,0,0,0,0.0711443
616041,9,1,182698,50830,43077,131868,269837,0,0,0,0,0.0880509
616042,18,1,160514,43501,37176,117013,230774,0,0,0,0,0.0683994
616044,9,1,173289,48619,42501,124670,259805,0,0,0,0,0.0664427
616045,18,1,198419,55640,48002,142779,297372,0,0,0,0,0.0759498
616048,18,1,192441,53357,45786,139084,283229,0,0,0,0,0.0737873
616049,9,1,199702,54914,47201,144788,289510,0,0,0,0,0.0707379
616070,3,1,184411,50801,44827,133610,268757,0,0,0,0,0.0959588
616071,9,1,169613,46311,40281,123302,244422,0,0,0,0,0.0624391
616074,9,2,218304,61406,53763,156885,328027,1,0,0,0,0.162197
616079,9,1,172333,47190,41263,125143,247844,0,0,0,0,0.0624933
616080,3,1,169354,46401,39654,122953,246189,0,0,0,0,0.0877692
616081,9,1,151229,40957,34381,110272,217423,0,0,0,0,0.0732253
616084,9,1,181116,49797,41969,131319,261739,0,0,0,0,0.0743142
616089,9,1,195776,54018,46325,141758,284740,0,0,0,0,0.0677854
616090,3,1,169267,46369,39653,122898,245989,0,0,0,0,0.118684
616091,9,1,188487,52518,45170,135969,279508,0,0,0,0,0.0869648
616094,9,1,190447,53259,46003,137188,282634,0,0,0,0,0.0652286
616099,9,1,192536,53284,45852,139252,280841,0,0,0,0,0.0621942
616100,9,1,171353,47943,41048,123410,255501,0,0,0,0,0.0639064
616101,9,1,187086,51336,43889,135750,269760,0,0,0,0,0.0657794
616102,18,1,172045,47113,40479,124932,249838,0,0,0,0,0.0625739
616104,9,1,180755,49617,43381,131138,261965,0,0,0,0,0.0666686
616105,18,1,209228,58629,50739,150599,311992,0,0,0,0,0.084466
616108,18,1,197695,54575,46779,143120,287765,0,0,0,0,0.074162
616109,9,1,206872,56774,48865,150098,297202,0,0,0,0,0.0753073
616130,3,1,171743,46772,39963,124971,248674,0,0,0,0,0.0947685
616131,9,1,147721,39803,33166,107918,211495,0,0,0,0,0.0774996
616134,9,1,188663,52911,45278,135752,280563,0,0,0,0,0.0739354
616139,9,1,187861,52941,45095,134920,281929,0,0,0,0,0.0691373
616140,3,1,171773,46779,39962,124994,248718,0,0,0,0,0.0926983
616141,9,1,172482,47856,41073,124626,255067,0,0,0,0,0.0634234
616144,9,1,202677,58309,50006,144368,313520,0,0,0,0,0.0700688
616149,9,1,191253,54429,46790,136824,291831,0,0,0,0,0.0665152
616150,9,1,172050,48173,41112,123877,257332,0,0,0,0,0.0824649
616151,9,1,174106,47076,39940,127030,245998,0,0,0,0,0.0596496
616154,9,1,192987,54617,47494,138370,290147,0,0,0,0,0.0824793
616155,18,1,207723,59208,50762,148515,317578,0,0,0,0,0.0686839
616158,18,1,201962,57133,49183,144829,305013,0,0,0,0,0.0593778
616159,9,1,175305,49100,42204,126205,261413,0,0,0,0,0.065573
616162,18,1,170652,47016,40141,123636,250476,0,0,0,0,0.0644521
616180,3,1,152895,41194,35337,111701,217862,0,0,0,0,0.158273
616181,9,1,169774,46807,40517,122967,248825,0,0,0,0,0.0844116
616184,9,1,187741,52643,46065,135098,280508,0,0,0,0,0.0904286
616189,9,1,174065,48371,42204,125694,257712,0,0,0,0,0.0840165
616190,9,1,160350,44524,38057,115826,237160,0,0,0,0,0.107034
616191,9,1,170648,47551,41499,123097,253601,0,0,0,0,0.0673758
616194,9,1,186813,52324,45243,134489,280202,0,0,0,0,0.067499
616199,9,1,168339,46742,39813,121597,249596,0,0,0,0,0.0695384
616202,18,1,187722,52397,45397,135325,279696,0,0,0,0,0.0995589
616205,18,1,203319,58140,51254,145179,311824,0,0,0,0,0.0667362
616208,18,1,210540,59863,52085,150677,320395,0,0,0,0,0.0956256
616220,9,1,186971,52661,45589,134310,280331,0,0,0,0,0.0851591
616221,9,1,191699,53762,47102,137937,284842,0,0,0,0,0.066302
616224,9,1,194393,54066,46741,140327,287137,0,0,0,0,0.0653762
616229,9,1,174790,47871,40904,126919,253290,0,0,0,0,0.0576733
616242,18,1,182898,50999,43629,131899,271793,0,0,0,0,0.0635383
616245,18,1,204847,57811,50737,147036,308330,0,0,0,0,0.0694342
616248,18,1,209714,59737,51587,149977,319652,0,0,0,0,0.0668237
616270,9,1,159662,43208,37389,116454,227766,0,0,0,0,0.079377
616271,9,1,201069,56837,49202,144232,301811,0,0,0,0,0.065123
616272,9,2,319682,88579,76591,231091,470133,1,0,0,0,0.204992
616273,9,1,174539,48312,42293,126227,256638,0,0,0,0,0.084925
616274,9,1,191815,53531,46379,138284,284693,0,0,0,0,0.0664348
616275,9,1,205469,57104,49918,148365,301247,0,0,0,0,0.076358
616276,9,1,194505,54005,48008,140500,285708,0,0,0,0,0.0708445
616277,9,1,207968,57627,51040,150341,302278,0,0,0,0,0.0721642
616278,9,1,207521,58395,51035,149126,308462,0,0,0,0,0.074457
616279,9,1,179300,49081,41922,130219,259591,0,0,0,0,0.0628003
616280,3,1,159798,42820,36012,116978,225044,0,0,0,0,0.0970628
616281,9,1,161210,43969,37362,117241,231988,0,0,0,0,0.0666863
616284,9,1,192688,53049,45894,139639,278678,0,0,0,0,0.0818647
616289,9,1,160780,43481,37248,117299,228617,0,0,0,0,0.0880251
616290,3,1,185602,50678,44528,134924,266615,0,0,0,0,0.0961386
616291,9,1,173470,47095,40869,126375,247611,0,0,0,0,0.0698551
616294,9,1,212910,58442,51030,154468,305395,0,0,0,0,0.0843384
616299,9,1,181556,49561,43583,131995,259873,0,0,0,0,0.0753094
616300,3,1,169138,44937,38259,124201,236013,0,0,0,0,0.0841112
616301,9,1,158479,42194,35298,116285,221803,0,0,0,0,0.0744544
616304,9,1,193738,53547,45392,140191,282425,0,0,0,0,0.0970476
616309,9,1,216578,59691,51317,156887,314959,0,0,0,0,0.0894352
616310,3,1,169302,44972,38265,124330,236204,0,0,0,0,0.116917
616311,9,1,194376,53098,45576,141278,279247,0,0,0,0,0.0799915
616314,9,1,202277,56585,49041,145692,299908,0,0,0,0,0.0704848
616319,9,1,205165,56079,48550,149086,294358,0,0,0,0,0.0842527
616320,9,1,173629,47161,40161,126468,248554,0,0,0,0,0.0721762
616321,9,1,194904,52825,45109,142079,275961,0,0,0,0,0.0844497
616322,18,1,174542,46808,39893,127734,245953,0,0,0,0,0.0665087
616324,9,1,189523,52242,45634,137281,275586,0,0,0,0,0.0861453
616325,18,1,216842,60387,52330,156455,319994,0,0,0,0,0.0783606
616328,18,1,207542,56929,49230,150613,298680,0,0,0,0,0.0669684
616329,9,1,216958,59727,51060,157231,313049,0,0,0,0,0.0760647
616350,3,1,197639,54171,47908,143468,284274,0,0,0,0,0.0998337
616351,9,1,182000,49432,43135,132568,258845,0,0,0,0,0.0794436
616354,9,2,230366,63436,56022,166917,334571,1,0,0,0,0.162902
616359,9,1,189938,51866,45394,138072,270383,0,0,0,0,0.063112
616360,3,1,175007,46992,40522,128015,246697,0,0,0,0,0.0858016
616361,9,1,159947,42715,36000,117232,224168,0,0,0,0,0.0634948
616364,9,1,195605,53529,45359,142076,279259,0,0,0,0,0.0670826
616369,9,1,210982,57701,49454,153281,301598,0,0,0,0,0.086631
616370,3,1,175078,47003,40554,128075,246725,0,0,0,0,0.0950137
616371,9,1,198544,54048,46693,144496,282995,0,0,0,0,0.0750582
616374,9,1,205543,56928,49427,148615,299746,0,0,0,0,0.068317
616379,9,1,202088,54692,47143,147396,284749,0,0,0,0,0.0731369
616380,9,1,181932,49809,42748,132123,262033,0,0,0,0,0.0839784
616381,9,2,215846,60652,52694,155181,322857,1,0,0,0,0.200119
616382,18,1,182010,49089,42343,132921,257279,0,0,0,0,0.061798
616384,9,1,191479,52063,45513,139416,271855,0,0,0,0,0.0828756
616385,18,1,225596,62612,54088,162984,329856,0,0,0,0,0.0624507
616388,18,1,209496,57062,49229,152434,297419,0,0,0,0,0.0641535
616389,9,1,221272,60560,51821,160712,315266,0,0,0,0,0.0718818
616410,3,1,187158,50012,42510,137146,262882,0,0,0,0,0.0889885
616411,9,1,159296,42547,35435,116749,224348,0,0,0,0,0.0620926
616414,9,2,293464,83023,72609,210428,441256,1,0,0,0,0.168539
616419,9,1,201406,55521,47791,145885,292287,0,0,0,0,0.0696045
616420,3,1,187246,50030,42504,137216,262988,0,0,0,0,0.0860429
616421,9,1,182791,49938,42843,132853,263494,0,0,0,0,0.0587938
616424,9,1,218628,61615,53041,157013,327270,0,0,0,0,0.0681531
616429,9,1,209476,58339,50240,151137,309046,0,0,0,0,0.0674819
616430,9,1,182101,50128,42743,131973,264521,0,0,0,0,0.0643744
616431,9,1,180322,47718,40533,132604,246356,0,0,0,0,0.0609519
616434,9,1,206117,57779,50446,148338,304307,0,0,0,0,0.0899056
616435,18,1,218028,60788,52492,157240,321778,0,0,0,0,0.0914535
616438,18,1,217259,60239,52148,157020,317793,0,0,0,0,0.0851155
616439,9,1,188403,51722,44728,136681,272086,0,0,0,0,0.0775659
616442,18,1,180954,49107,42008,131847,259260,0,0,0,0,0.0774947
616460,3,1,163338,43640,37636,119698,229231,0,0,0,0,0.167181
616461,9,1,185020,51066,44449,133954,269897,0,0,0,0,0.0882275
616464,9,1,203640,56995,50212,146645,302299,0,0,0,0,0.0827115
616469,9,1,193210,53472,46514,139738,282856,0,0,0,0,0.0798787
616470,9,1,175086,48350,41241,126736,255653,0,0,0,0,0.104815
616471,9,1,186877,51971,45108,134906,275721,0,0,0,0,0.0695327
616474,9,1,197645,54702,47642,142943,289562,0,0,0,0,0.0692416
616479,9,1,179507,48959,42066,130548,258209,0,0,0,0,0.0660339
616482,18,1,204553,57006,49430,147547,302662,0,0,0,0,0.0942845
616485,18,1,227580,65024,57236,162556,346538,0,0,0,0,0.0795371
616488,18,1,227446,63962,55801,163484,338997,0,0,0,0,0.0771163
616500,9,1,193616,53890,46599,139726,283997,0,0,0,0,0.089448
616501,9,1,199582,55200,48129,144382,289245,0,0,0,0,0.0780928
616504,9,2,229227,64593,56212,164621,342908,1,0,0,0,0.188388
616509,9,1,182183,48951,42070,133232,255171,0,0,0,0,0.0578326
616522,18,1,192729,52928,45397,139801,279294,0,0,0,0,0.0677955
616525,18,1,216986,60515,53208,156471,319912,0,0,0,0,0.068292
616528,18,1,222555,62450,54195,160105,330737,0,0,0,0,0.0684719
616550,9,1,169493,45363,38946,124130,236586,0,0,0,0,0.0773331
616551,9,1,205239,56937,49337,148302,298525,0,0,0,0,0.08005
616552,9,2,335659,92003,79274,243644,483887,1,0,0,0,0.204195
616553,9,1,183357,49932,43295,133425,262524,0,0,0,0,0.0816925
616554,9,1,195720,53289,45922,142431,278679,0,0,0,0,0.0900164
616555,9,2,347254,96916,84059,250326,512014,1,0,0,0,0.200008
616556,9,1,205607,56480,49739,149127,295788,0,0,0,0,0.0802384
616557,9,1,216041,59468,52730,156573,309223,0,0,0,0,0.0786161
616558,9,1,215766,59764,51939,156002,312171,0,0,0,0,0.0788716
616559,9,1,186150,50166,42855,135984,261788,0,0,0,0,0.0657619
616560,3,1,173160,46098,40303,127062,242389,0,0,0,0,0.0868129
616561,9,1,161368,43616,37211,117752,230845,0,0,0,0,0.0665231
616564,9,1,185946,50619,44233,135327,266811,0,0,0,0,0.0619213
616569,9,1,171761,46321,40396,125440,243582,0,0,0,0,0.0611996
616570,3,1,175225,46487,41140,128738,242174,0,0,0,0,0.0845587
616571,9,1,158378,42062,36754,116316,219961,0,0,0,0,0.0553597
616574,9,2,217030,59225,52569,157792,312257,1,0,0,0,0.144659
616579,9,1,164402,43607,38351,120795,225745,0,0,0,0,0.0521914
616580,3,1,159952,41923,36676,118029,220075,0,0,0,0,0.0747992
616581,9,1,141464,37462,32338,104002,197730,0,0,0,0,0.0608249
616584,9,2,314743,87735,76999,226995,465699,1,0,0,0,0.197389
616589,9,1,190791,51571,45240,139220,270373,0,0,0,0,0.0786422
616590,3,1,160178,41992,36714,118186,220423,0,0,0,0,0.0994336
616591,9,2,193133,53056,46467,140066,281955,1,0,0,0,0.175961
616594,9,2,301921,85282,75124,216626,455276,1,0,0,0,0.183941
616599,9,2,294146,81782,72164,212352,433763,1,0,0,0,0.205357
616600,9,1,156416,42247,36586,114169,223531,0,0,0,0,0.0685432
616601,9,2,196030,54290,47690,141727,289229,1,0,0,0,0.176577
616602,18,1,164536,43997,38673,120539,231458,0,0,0,0,0.0664691
616604,9,2,284395,78547,68962,205835,415958,1,0,0,0,0.187164
616605,18,2,305630,85749,75802,219868,456844,1,0,0,0,0.170911
616608,18,2,294170,81752,71835,212405,433732,1,0,0,0,0.165045
616609,9,2,179223,48748,42729,130462,257647,1,0,0,0,0.153341
616630,3,1,172561,46244,40902,126317,241907,0,0,0,0,0.0856074
616631,9,1,156901,41483,36202,115418,215973,0,0,0,0,0.05492
616634,9,1,183339,48791,42404,134548,253057,0,0,0,0,0.0572798
616639,9,4,455152,124647,109751,330481,668619,1,1,2,0,0.243791
616640,3,1,214777,59642,52144,155135,315651,0,0,0,0,0.105575
616641,9,1,190726,52513,45109,138213,277756,0,0,0,0,0.0830787
616644,9,1,210800,57400,50275,153400,299960,0,0,0,0,0.065632
616649,9,1,208518,56767,49637,151751,297441,0,0,0,0,0.0753883
616650,3,1,214784,59644,52152,155140,315647,0,0,0,0,0.0898942
616651,9,1,212953,58775,51004,154178,308201,0,0,0,0,0.0659947
616654,9,1,201609,54189,47401,147420,282640,0,0,0,0,0.0615935
616659,9,1,208670,56708,49439,151962,296745,0,0,0,0,0.0592728
616660,9,1,190940,53029,45595,137911,280950,0,0,0,0,0.0830504
616661,9,2,230819,65535,56932,165271,349884,1,0,0,0,0.17153
616662,18,1,196105,53379,46475,142726,280322,0,0,0,0,0.0576202
616664,9,1,180121,48057,42374,132064,250579,0,0,0,0,0.0798745
616665,18,1,203721,55190,47813,148531,289766,0,0,0,0,0.0651459
616668,18,1,211080,57408,49749,153672,300496,0,0,0,0,0.063356
616669,9,1,215389,59472,52196,155917,311753,0,0,0,0,0.0728655
616690,3,1,190226,51890,45770,138336,273127,0,0,0,0,0.0786238
616691,9,1,166083,44860,38956,121223,235447,0,0,0,0,0.0591081
616694,9,2,199987,54524,47897,145451,286761,1,0,0,0,0.138131
616699,9,2,301323,83516,73516,217796,440263,1,0,0,0,0.170147
616700,3,1,190179,51880,45765,138299,273082,0,0,0,0,0.0770625
616701,9,2,297266,83813,73411,213440,445016,1,0,0,0,0.163613
616704,9,2,318586,88919,78556,229654,468655,1,0,0,0,0.159693
616709,9,1,194740,53891,47113,140849,283367,0,0,0,0,0.0592316
616710,9,1,177855,49292,42210,128563,260944,0,0,0,0,0.0556818
616711,9,2,207147,58287,50839,148848,310831,1,0,0,0,0.135456
616714,9,2,178450,48428,42479,130009,255096,1,0,0,0,0.131737
616715,18,2,293472,81316,71542,212143,429982,1,0,0,0,0.147801
616718,18,1,207032,57350,49801,149682,301540,0,0,0,0,0.0579865
616719,9,1,193450,53286,46868,140164,279926,0,0,0,0,0.0620956
616722,18,1,181892,49428,43352,132464,259108,0,0,0,0,0.0526445
616740,3,1,190814,52694,46064,138120,277721,0,0,0,0,0.0896093
616741,9,1,200253,54960,47831,145293,288532,0,0,0,0,0.0642023
616744,9,1,229795,63272,55112,166523,328758,0,0,0,0,0.065117
616749,9,2,252772,69529,61084,183231,369313,1,0,0,0,0.156931
616750,9,1,178514,49293,42293,129221,260270,0,0,0,0,0.0652116
616751,9,2,298117,82758,72623,215346,437568,1,0,0,0,0.168878
616754,9,1,219349,59589,51705,159760,311218,0,0,0,0,0.0598381
616759,9,1,189804,53130,46440,136674,282695,0,0,0,0,0.0654861
616762,18,1,216600,60420,52144,156180,319632,0,0,0,0,0.0719692
616765,18,1,224306,62789,53984,161517,331567,0,0,0,0,0.0635349
616768,18,1,201900,55211,47882,146689,290672,0,0,0,0,0.0559558
616780,9,1,193523,52787,45230,140736,275306,0,0,0,0,0.0632929
616781,9,2,217622,60082,52470,157527,316796,1,0,0,0,0.140821
616784,9,2,230077,63879,56057,166185,337125,1,0,0,0,0.142107
616789,9,2,181403,49130,43037,132260,258189,1,0,0,0,0.138838
616802,18,1,200574,55117,47735,145457,288768,0,0,0,0,0.0598779
616805,18,2,208674,58351,51045,150310,311349,1,0,0,0,0.129967
616808,18,2,252754,69351,60653,183390,367956,1,0,0,0,0.148937
616830,9,1,179110,48152,41445,130958,250509,0,0,0,0,0.0608389
616831,9,1,199394,53555,46049,145839,277733,0,0,0,0,0.0544389
616832,9,2,202965,55576,48791,147376,294403,1,0,0,0,0.13488
616833,9,1,201732,54662,48040,147070,284171,0,0,0,0,0.0646677
616834,9,2,281572,76509,66614,205050,400840,1,0,0,0,0.145548
616835,9,2,203637,56241,49258,147383,298872,1,0,0,0,0.127669
616836,9,2,200471,55055,48365,145403,291885,1,0,0,0,0.136296
616837,9,2,256715,69922,61173,186781,367831,1,0,0,0,0.174388
616838,9,1,178375,47964,41741,130411,251149,0,0,0,0,0.0613785
616839,9,2,173978,46651,40854,127314,244642,1,0,0,0,0.157694
616840,3,1,174791,46913,41080,127878,247272,0,0,0,0,0.102703
616841,9,1,162982,44236,37802,118746,234399,0,0,0,0,0.0738507
616844,9,1,187243,51245,44819,135998,270568,0,0,0,0,0.0749951
616849,9,1,172179,46551,40622,125628,245005,0,0,0,0,0.0844986
616850,3,1,184996,48753,43062,136243,253139,0,0,0,0,0.0885089
616851,9,1,164636,43498,38067,121138,226540,0,0,0,0,0.0827703
616854,9,2,221232,60383,53553,160836,318080,1,0,0,0,0.156602
616859,9,2,330721,89475,79115,241233,468713,1,0,0,0,0.182414
616860,3,1,168931,44214,38930,124717,231270,0,0,0,0,0.0893961
616861,9,1,148495,39222,33832,109273,206277,0,0,0,0,0.0582152
616864,9,2,320450,88975,77914,231462,470963,1,0,0,0,0.175238
616869,9,1,199061,53605,46886,145456,279387,0,0,0,0,0.0636042
616870,3,1,169259,44306,38979,124953,231733,0,0,0,0,0.0805864
616871,9,2,196082,53619,47060,142452,284559,1,0,0,0,0.162053
616874,9,2,304025,85452,74812,218560,455302,1,0,0,0,0.201771
616879,9,2,300471,83261,73567,217198,440784,1,0,0,0,0.193142
616880,9,1,162698,43738,37930,118960,230719,0,0,0,0,0.0626301
616881,9,2,200798,55613,48971,145172,296276,1,0,0,0,0.165999
616882,18,1,173959,46597,40949,127362,244792,0,0,0,0,0.0548834
616884,9,2,214610,59090,52046,155507,312785,1,0,0,0,0.154091
616885,18,2,311405,87142,77118,224250,463142,1,0,0,0,0.174234
616888,18,2,298889,82970,73023,215906,439505,1,0,0,0,0.168193
616889,9,2,182057,49535,43612,132509,261790,1,0,0,0,0.167884
616910,3,1,164177,43493,38184,120684,226495,0,0,0,0,0.0881529
616911,9,1,157596,41849,36338,115747,218047,0,0,0,0,0.0589833
616914,9,1,187319,50025,43534,137294,260155,0,0,0,0,0.0545292
616919,9,4,463330,127658,112381,335648,687304,1,1,2,0,0.291642
616920,3,1,206059,56199,49220,149860,296216,0,0,0,0,0.0795683
616921,9,1,187321,51089,44223,136232,269768,0,0,0,0,0.0561459
616924,9,2,322348,89626,78808,232709,473863,1,0,0,0,0.156692
616929,9,1,212477,57661,50200,154816,301927,0,0,0,0,0.0664737
616930,3,1,206247,56239,49228,150008,296411,0,0,0,0,0.0972952
616931,9,1,208805,57375,49937,151430,301177,0,0,0,0,0.0577973
616934,9,1,203475,54882,48253,148593,286935,0,0,0,0,0.0578177
616939,9,1,211053,57268,50013,153785,299989,0,0,0,0,0.0633101
616940,9,1,185626,50972,43801,134654,269381,0,0,0,0,0.0610694
616941,9,1,210137,58073,50299,152064,306299,0,0,0,0,0.0737476
616942,18,1,193785,52327,45828,141458,274608,0,0,0,0,0.0610601
616944,9,1,182779,48971,42879,133808,255438,0,0,0,0,0.063837
616945,18,1,202236,54351,46636,147885,284758,0,0,0,0,0.0574872
616948,18,1,210554,57122,49670,153432,299447,0,0,0,0,0.062365
616949,9,1,210004,57275,50508,152729,299956,0,0,0,0,0.0967285
616970,3,1,181622,49190,42707,132432,259385,0,0,0,0,0.10837
616971,9,1,158103,42600,36854,115503,224626,0,0,0,0,0.0702876
616974,9,2,191933,52201,45756,139720,275079,1,0,0,0,0.173175
616979,9,2,293645,80832,70666,212802,426189,1,0,0,0,0.160518
616980,3,1,181695,49213,42727,132482,259474,0,0,0,0,0.116829
616981,9,2,293241,82942,72701,210286,442325,1,0,0,0,0.188399
616984,9,2,317879,88355,77641,229511,466303,1,0,0,0,0.166345
616989,9,1,198597,54363,47324,144234,284995,0,0,0,0,0.0615331
616990,9,1,172631,47862,40899,124769,254097,0,0,0,0,0.0597431
616991,9,2,206802,57871,50449,148919,308839,1,0,0,0,0.153788
616994,9,2,177058,47855,41896,129190,252232,1,0,0,0,0.151853
616995,18,2,295198,81959,72225,213226,434231,1,0,0,0,0.160755
616998,18,1,209619,57613,49955,152006,302054,0,0,0,0,0.0587417
616999,9,1,197579,54287,47824,143292,284550,0,0,0,0,0.0646954
617002,18,1,172934,47074,41148,125860,248279,0,0,0,0,0.0556301
617020,3,1,175432,48097,41870,127335,254045,0,0,0,0,0.0914132
617021,9,1,189855,52541,45604,137314,277793,0,0,0,0,0.0686339
617024,9,1,213537,58084,50410,155453,301887,0,0,0,0,0.0697784
617029,9,2,248449,68725,60075,179712,366464,1,0,0,0,0.202731
617030,9,1,169280,46579,39816,122701,246677,0,0,0,0,0.0672363
617031,9,2,296527,82548,72222,213966,438409,1,0,0,0,0.237371
617034,9,1,217131,58599,50548,158532,305895,0,0,0,0,0.0626291
617039,9,1,189294,52493,45804,136801,278732,0,0,0,0,0.0630457
617042,18,1,207031,57696,49537,149335,306818,0,0,0,0,0.0597395
617045,18,1,228202,63673,54723,164529,335805,0,0,0,0,0.0649412
617048,18,1,202497,55681,48524,146816,294142,0,0,0,0,0.0608336
617060,9,1,182604,50019,43232,132585,262832,0,0,0,0,0.0624097
617061,9,2,214703,59294,51890,155396,313665,1,0,0,0,0.147412
617064,9,2,293207,80774,70584,212420,425649,1,0,0,0,0.211411
617069,9,2,175113,47319,41431,127781,248415,1,0,0,0,0.18224
617082,18,1,195191,53789,46518,141402,283934,0,0,0,0,0.0682339
617085,18,2,212275,59606,52072,152656,318975,1,0,0,0,0.161696
617088,18,1,191506,51812,45254,139694,272348,0,0,0,0,0.062193
617110,9,1,169235,45376,39043,123859,237159,0,0,0,0,0.0728275
617111,9,1,194588,52613,45408,141975,275257,0,0,0,0,0.0763455
617112,9,2,198167,53912,47221,144242,286076,1,0,0,0,0.150443
617113,9,1,193341,52312,45920,141029,273470,0,0,0,0,0.0630726
617114,9,2,283889,77145,67302,206731,404434,1,0,0,0,0.168788
617115,9,2,205924,57195,50218,148716,304890,1,0,0,0,0.142497
617116,9,2,203353,55943,49284,147397,296998,1,0,0,0,0.174992
617117,9,2,265282,72829,63536,192441,384593,1,0,0,0,0.236567
617118,9,1,175456,46880,40809,128576,245525,0,0,0,0,0.0644264
617119,9,2,176551,47313,41432,129225,248016,1,0,0,0,0.15715
617120,3,1,181732,47643,41850,134089,247214,0,0,0,0,0.0876546
617121,9,1,168551,44988,38659,123563,235291,0,0,0,0,0.0697811
617124,9,1,190243,50977,44291,139266,264793,0,0,0,0,0.0623183
617129,9,1,171904,45209,39498,126695,233406,0,0,0,0,0.0541899
617130,3,1,180806,47268,41572,133538,244905,0,0,0,0,0.0972535
617131,9,1,168565,44993,38678,123572,235310,0,0,0,0,0.0731548
617134,9,1,190477,50976,44304,139501,264651,0,0,0,0,0.0727584
617139,9,1,172648,45312,39531,127336,233778,0,0,0,0,0.0603255
617140,3,1,179458,47630,41731,131828,250454,0,0,0,0,0.110188
617141,9,1,154879,41201,35208,113678,217480,0,0,0,0,0.0618374
617144,9,1,198005,53858,47090,144147,282736,0,0,0,0,0.0741167
617149,9,1,193869,52185,45535,141684,273033,0,0,0,0,0.0635725
617150,3,1,179575,47662,41753,131913,250639,0,0,0,0,0.0955563
617151,9,1,171100,46748,40853,124352,247590,0,0,0,0,0.0734579
617154,9,1,199929,55150,48561,144779,292509,0,0,0,0,0.0964256
617159,9,1,202148,55774,48742,146374,295890,0,0,0,0,0.0778959
617160,9,1,168108,45718,39527,122390,242257,0,0,0,0,0.081232
617161,9,1,176235,47126,40694,129109,246239,0,0,0,0,0.0680893
617162,18,1,181211,49040,42856,132171,258485,0,0,0,0,0.067742
617164,9,2,289374,79544,70328,209817,421937,1,0,0,0,0.201547
617165,18,2,306931,85763,75788,221155,457132,1,0,0,0,0.19516
617168,18,1,196469,53898,46945,142571,285173,0,0,0,0,0.0565109
617169,9,2,180807,49181,43326,131613,260469,1,0,0,0,0.170941
617190,3,1,155024,40137,34383,114887,206916,0,0,0,0,0.0932637
617191,9,1,155960,40843,34660,115117,211110,0,0,0,0,0.0560021
617194,9,1,183849,48998,41871,134851,253109,0,0,0,0,0.0782467
617199,9,4,479910,132834,116046,347052,713108,1,1,2,0,0.315682
617200,3,1,191534,50825,44316,140709,264388,0,0,0,0,0.106809
617201,9,1,171895,45632,39483,126263,237606,0,0,0,0,0.0618209
617204,9,2,324436,89524,78853,234899,471931,1,0,0,0,0.170984
617209,9,1,194744,51437,44764,143307,266390,0,0,0,0,0.0587739
617210,3,1,191461,50821,44310,140640,264380,0,0,0,0,0.0757497
617211,9,1,197219,53666,46508,143553,281578,0,0,0,0,0.0803842
617214,9,1,196840,52968,46321,143872,276757,0,0,0,0,0.0698759
617219,9,1,200145,53935,47184,146210,281909,0,0,0,0,0.0593732
617220,9,1,176417,47245,40363,129172,246809,0,0,0,0,0.0613323
617221,9,1,193150,52211,45047,140939,273176,0,0,0,0,0.0554655
617222,18,1,179609,48049,41566,131560,250866,0,0,0,0,0.0568705
617224,9,1,186596,50410,43847,136186,263031,0,0,0,0,0.0622966
617225,18,1,192544,51204,44165,141340,266628,0,0,0,0,0.0561172
617228,18,1,213142,57974,50221,155168,303858,0,0,0,0,0.0607373
617229,9,1,194360,52877,46489,141483,277497,0,0,0,0,0.0648474
617250,3,1,176701,47732,41479,128969,250955,0,0,0,0,0.0789371
617251,9,1,163472,44094,37990,119378,231966,0,0,0,0,0.0568909
617254,9,1,200816,54382,47299,146434,284376,0,0,0,0,0.0608943
617259,9,1,180660,48322,41353,132338,251901,0,0,0,0,0.0604948
617260,3,1,176661,47719,41460,128942,250879,0,0,0,0,0.0829161
617261,9,1,185769,51457,44617,134312,272879,0,0,0,0,0.0680577
617264,9,1,185719,49826,43159,135893,260292,0,0,0,0,0.0699079
617269,9,1,193107,52789,45570,140318,277525,0,0,0,0,0.0579345
617270,9,1,168142,46159,39472,121983,243973,0,0,0,0,0.0564072
617271,9,1,182267,50154,43255,132113,265136,0,0,0,0,0.0540918
617274,9,1,186508,50431,43856,136077,263248,0,0,0,0,0.0716447
617275,18,1,185949,49968,42751,135981,261238,0,0,0,0,0.0595832
617278,18,1,206612,56521,48686,150091,297062,0,0,0,0,0.0621807
617279,9,1,185591,50690,44132,134901,266867,0,0,0,0,0.0648168
617282,18,1,170788,46122,39679,124666,242518,0,0,0,0,0.0547078
617300,3,1,147026,38189,32275,108837,199406,0,0,0,0,0.103435
617301,9,1,186122,50631,43577,135491,265719,0,0,0,0,0.0866732
617304,9,1,194337,52926,45752,141411,277457,0,0,0,0,0.0735567
617309,9,1,156457,42202,36065,114255,222875,0,0,0,0,0.08402
617310,9,1,149166,39627,33259,109539,207919,0,0,0,0,0.0656895
617311,9,1,185235,50401,43486,134834,266002,0,0,0,0,0.0639303
617314,9,1,193425,52131,45252,141294,273878,0,0,0,0,0.0834406
617319,9,1,185558,50852,43728,134706,269586,0,0,0,0,0.0995145
617322,18,1,199518,55010,47238,144508,291376,0,0,0,0,0.0873164
617325,18,1,208638,57225,49102,151413,302216,0,0,0,0,0.0691302
617328,18,1,184483,50667,43928,133816,269024,0,0,0,0,0.0574244
617340,9,1,169286,45338,38685,123948,237115,0,0,0,0,0.0810432
617341,9,2,184573,49831,43710,134729,261947,1,0,0,0,0.177538
617344,9,2,182332,49136,42926,133183,257718,1,0,0,0,0.16465
617349,9,1,204675,57497,50162,147178,305157,0,0,0,0,0.085115
617362,18,1,201156,55345,47702,145811,293559,0,0,0,0,0.0572771
617365,18,1,207737,57121,49438,150616,302303,0,0,0,0,0.0606028
617368,18,1,177708,48245,41614,129463,255349,0,0,0,0,0.0566196
617390,9,1,152856,40164,33760,112692,208892,0,0,0,0,0.0566732
617391,9,2,176465,46962,40802,129490,245967,1,0,0,0,0.132161
617392,9,1,183737,49212,42199,134525,258690,0,0,0,0,0.0564144
617393,9,1,181187,48441,42048,132746,253981,0,0,0,0,0.0552803
617394,9,2,178007,47709,41594,130285,250145,1,0,0,0,0.137667
617395,9,1,194385,52172,45161,142213,273820,0,0,0,0,0.0627619
617396,9,1,181523,48550,42139,132973,254559,0,0,0,0,0.0578789
617397,9,1,162928,43195,37109,119733,224566,0,0,0,0,0.0619079
617398,9,1,172165,45338,38988,126827,237021,0,0,0,0,0.0592043
617399,9,1,201210,54645,47604,146565,286284,0,0,0,0,0.0797936
617400,3,1,176092,46379,40719,129713,242741,0,0,0,0,0.119714
617401,9,1,152215,41124,35406,111091,217230,0,0,0,0,0.0642036
617404,9,1,196230,53732,46640,142498,282253,0,0,0,0,0.0689165
617409,9,1,197605,52989,45871,144616,275485,0,0,0,0,0.0798338
617410,3,1,176399,46473,40806,129926,243263,0,0,0,0,0.119305
617411,9,1,152191,41109,35399,111082,217145,0,0,0,0,0.0594993
617414,9,1,196275,53713,46626,142562,282075,0,0,0,0,0.0663985
617419,9,1,197126,52772,45664,144354,274215,0,0,0,0,0.0633197
617420,3,1,175027,46095,40303,128932,241926,0,0,0,0,0.0907855
617421,9,1,158495,42628,36430,115867,225723,0,0,0,0,0.0660946
617424,9,1,196803,54296,47296,142507,287680,0,0,0,0,0.0700626
617429,9,1,193026,52395,45607,140631,276087,0,0,0,0,0.0656524
617430,3,1,178498,46790,41227,131708,244959,0,0,0,0,0.151537
617431,9,1,191794,52092,45755,139702,275480,0,0,0,0,0.0879737
617434,9,1,208925,57316,50771,151609,303720,0,0,0,0,0.0930537
617439,9,1,201192,54907,48170,146285,290760,0,0,0,0,0.0865376
617440,9,1,172169,46067,40095,126102,242839,0,0,0,0,0.0903972
617441,9,1,161634,42764,36755,118870,225212,0,0,0,0,0.0690074
617442,18,1,203993,55955,49083,148038,295357,0,0,0,0,0.0743055
617444,9,2,274671,75837,66196,198821,403483,1,0,0,0,0.177179
617445,18,1,210301,58736,51795,151565,312809,0,0,0,0,0.0702156
617448,18,1,208113,57280,50177,150833,303904,0,0,0,0,0.0693834
617449,9,2,277916,76360,66779,201543,405099,1,0,0,0,0.194402
617470,3,1,184343,47797,41624,136546,247802,0,0,0,0,0.108715
617471,9,1,169566,44677,38291,124889,232866,0,0,0,0,0.0811087
617474,9,1,194224,52325,45409,141899,272817,0,0,0,0,0.0906965
617479,9,1,204726,54389,47248,150337,281072,0,0,0,0,0.0810678
617480,3,1,169936,43319,37734,126617,223248,0,0,0,0,0.108596
617481,9,1,163304,42503,36738,120801,220560,0,0,0,0,0.0811025
617484,9,1,194894,52155,45755,142739,272452,0,0,0,0,0.0799635
617489,9,1,199253,53388,46570,145865,278737,0,0,0,0,0.0655159
617490,3,1,191044,50224,43673,140820,261241,0,0,0,0,0.114059
617491,9,1,198751,53061,45728,145690,277148,0,0,0,0,0.0944466
617494,9,1,211985,57134,49877,154851,299936,0,0,0,0,0.0978629
617499,9,1,202629,53668,46873,148961,279558,0,0,0,0,0.0648145
617500,9,1,178980,47418,40888,131562,246995,0,0,0,0,0.0656708
617501,9,1,179808,47140,40915,132668,244764,0,0,0,0,0.0641655
617502,18,1,218004,59629,51672,158375,313871,0,0,0,0,0.0709685
617504,9,1,207765,55032,47315,152733,286202,0,0,0,0,0.0687328
617505,18,1,217471,59510,51575,157961,314557,0,0,0,0,0.067523
617508,18,1,207247,56488,49349,150759,297561,0,0,0,0,0.0781845
617509,9,1,212988,57474,49758,155514,299191,0,0,0,0,0.0786815
617530,3,1,162995,41835,36342,121160,217092,0,0,0,0,0.0945751
617531,9,1,157191,41392,35476,115799,216756,0,0,0,0,0.0597275
617534,9,1,190224,51254,44636,138970,268758,0,0,0,0,0.0739237
617539,9,1,190818,51099,44456,139719,266593,0,0,0,0,0.0843986
617540,3,1,180139,47332,40919,132807,247271,0,0,0,0,0.130792
617541,9,1,189184,50633,43805,138551,265834,0,0,0,0,0.0940559
617544,9,1,202305,54863,47655,147442,289360,0,0,0,0,0.099561
617549,9,1,198203,53273,46340,144930,280034,0,0,0,0,0.0975917
617550,9,1,169284,45259,38753,124025,237773,0,0,0,0,0.0970197
617551,9,1,174750,46378,40330,128372,242761,0,0,0,0,0.0896418
617554,9,1,207915,55143,47363,152772,286872,0,0,0,0,0.0954309
617555,18,1,211609,58045,49969,153564,307304,0,0,0,0,0.0927767
617558,18,1,195712,53028,46564,142684,279743,0,0,0,0,0.0874408
617559,9,1,199461,54447,47286,145014,285593,0,0,0,0,0.0742966
617562,18,1,211120,58061,50434,153059,307355,0,0,0,0,0.0681382
617580,3,1,169771,44581,38387,125190,233628,0,0,0,0,0.112187
617581,9,1,207287,56718,49221,150569,298253,0,0,0,0,0.101995
617584,9,1,220481,60267,52323,160214,315221,0,0,0,0,0.0843292
617589,9,1,183661,49534,43253,134127,261389,0,0,0,0,0.0710167
617590,9,1,159985,42511,36046,117474,223660,0,0,0,0,0.0745284
617591,9,1,182662,48624,42116,134038,255360,0,0,0,0,0.063731
617594,9,1,188938,50231,43739,138707,263668,0,0,0,0,0.0825219
617599,9,1,189731,51789,44756,137942,272331,0,0,0,0,0.0806676
617602,18,1,207169,57692,49750,149477,307301,0,0,0,0,0.070484
617605,18,1,211700,58919,50994,152781,313455,0,0,0,0,0.0670108
617608,18,1,196000,53257,45873,142743,281908,0,0,0,0,0.0651053
617620,9,1,185728,51848,44855,133880,274941,0,0,0,0,0.0886034
617621,9,1,190672,52560,45464,138112,277961,0,0,0,0,0.0868789
617624,9,1,201099,55641,48119,145458,294258,0,0,0,0,0.0690978
617629,9,1,206659,57848,51221,148811,306132,0,0,0,0,0.0939732
617642,18,1,202599,56893,48979,145706,304445,0,0,0,0,0.074926
617645,18,1,205904,57709,49811,148195,308910,0,0,0,0,0.0690004
617648,18,1,209171,57865,49865,151306,307973,0,0,0,0,0.087598
617670,9,1,198481,53380,46083,145101,278075,0,0,0,0,0.065304
617671,9,1,200742,54295,47172,146447,283338,0,0,0,0,0.0629128
617672,9,1,186062,49411,42822,136651,258371,0,0,0,0,0.0601223
617673,9,1,196449,52434,45413,144015,272379,0,0,0,0,0.0636305
617674,9,1,208076,56951,49726,151125,297799,0,0,0,0,0.0677372
617675,9,1,190705,50518,44090,140187,263391,0,0,0,0,0.0655841
617676,9,1,196740,52446,45406,144294,272361,0,0,0,0,0.0635525
617677,9,1,190487,49756,43209,140731,256671,0,0,0,0,0.0602232
617678,9,1,193751,51794,44691,141957,270297,0,0,0,0,0.0684894
617679,9,1,211818,57485,50388,154333,300916,0,0,0,0,0.0960574
617680,3,1,177140,46798,41074,130342,245227,0,0,0,0,0.0853342
617681,9,1,160722,42882,36941,117840,225059,0,0,0,0,0.0536561
617684,9,1,182399,48969,42607,133430,255934,0,0,0,0,0.075192
617689,9,1,176397,46103,40155,130294,237300,0,0,0,0,0.0623441
617690,3,1,177447,46892,41156,130555,245749,0,0,0,0,0.0849152
617691,9,1,160629,42837,36930,117792,224780,0,0,0,0,0.0565653
617694,9,1,182541,49000,42664,133541,256059,0,0,0,0,0.0577099
617699,9,1,176681,46151,40176,130530,237592,0,0,0,0,0.0547526
617700,3,1,176158,46511,40625,129647,244270,0,0,0,0,0.0883033
617701,9,1,165289,44049,37915,121240,232426,0,0,0,0,0.0634304
617704,9,1,203162,55710,48454,147452,294206,0,0,0,0,0.0682489
617709,9,1,199823,54283,47256,145540,285675,0,0,0,0,0.0784398
617710,3,1,180836,47747,42099,133089,250553,0,0,0,0,0.145211
617711,9,1,187961,50886,44586,137075,269309,0,0,0,0,0.0841489
617714,9,1,211512,57885,51029,153627,306590,0,0,0,0,0.0915263
617719,9,1,191296,51667,45468,139629,272721,0,0,0,0,0.0791826
617720,9,1,176417,46783,40770,129634,245354,0,0,0,0,0.0778276
617721,9,1,159753,41955,36337,117798,219964,0,0,0,0,0.0570299
617722,18,1,194630,52858,46051,141772,279238,0,0,0,0,0.0647369
617724,9,2,277941,76623,66953,201305,406691,1,0,0,0,0.171135
617725,18,1,198471,54403,47926,144068,289249,0,0,0,0,0.0627602
617728,18,1,190294,51967,45378,138327,276173,0,0,0,0,0.0603292
617729,9,2,286002,78227,68246,207762,412962,1,0,0,0,0.174619
617750,3,1,184567,47877,41660,136690,248260,0,0,0,0,0.084214
617751,9,2,331680,86705,74863,244962,449763,1,0,0,0,0.167044
617754,9,1,171607,44730,39043,126877,231159,0,0,0,0,0.0577181
617759,9,1,175518,45541,39607,129977,234482,0,0,0,0,0.0542924
617760,3,1,171472,43793,38167,127679,225760,0,0,0,0,0.0763835
617761,9,2,264146,71054,61733,193079,374342,1,0,0,0,0.150065
617764,9,1,182321,48229,42460,134092,251153,0,0,0,0,0.0573065
617769,9,1,178422,46923,41102,131499,244158,0,0,0,0,0.0569285
617770,3,1,192088,50739,44099,141349,264316,0,0,0,0,0.0956618
617771,9,1,195301,52054,45112,143247,271393,0,0,0,0,0.0657164
617774,9,1,224315,60802,52865,163513,319001,0,0,0,0,0.070223
617779,9,1,198853,52493,46180,146360,273249,0,0,0,0,0.063941
617780,9,2,272436,75293,65852,197130,399058,1,0,0,0,0.167596
617781,9,1,177387,46529,40431,130858,241007,0,0,0,0,0.0578033
617782,18,1,197788,53136,46197,144652,277801,0,0,0,0,0.0574065
617784,9,1,196665,51530,44589,145135,266890,0,0,0,0,0.0657408
617785,18,1,212882,57712,50039,155170,304076,0,0,0,0,0.0611277
617788,18,1,196428,52413,45718,144015,274715,0,0,0,0,0.0583066
617789,9,1,190457,50417,43885,140040,261472,0,0,0,0,0.0595847
617810,3,1,165493,42694,37103,122799,221879,0,0,0,0,0.0866699
617811,9,1,163696,42662,36748,121034,222575,0,0,0,0,0.0686237
617814,9,1,184344,49333,43273,135011,258081,0,0,0,0,0.0627041
617819,9,1,182058,48767,42543,133291,254839,0,0,0,0,0.0638032
617820,3,1,184007,48809,42317,135198,255604,0,0,0,0,0.090872
617821,9,1,184990,49350,42768,135640,259065,0,0,0,0,0.0812137
617824,9,1,213490,58202,50403,155288,307034,0,0,0,0,0.0703484
617829,9,1,189623,50404,44547,139219,264477,0,0,0,0,0.0881082
617830,9,1,173603,46139,39550,127464,241006,0,0,0,0,0.0791549
617831,9,1,174073,46206,40012,127867,241342,0,0,0,0,0.0609759
617834,9,1,209544,55517,48289,154027,287936,0,0,0,0,0.0753667
617835,18,1,216360,59346,50934,157014,313625,0,0,0,0,0.0871215
617838,18,1,192487,51748,45309,140739,272305,0,0,0,0,0.0585402
617839,9,1,187429,50283,43687,137146,262597,0,0,0,0,0.0646326
617842,18,1,190612,51401,44690,139211,270117,0,0,0,0,0.0638308
617860,3,1,172839,45958,39767,126881,241557,0,0,0,0,0.104606
617861,9,1,200671,54521,47582,146150,287367,0,0,0,0,0.072948
617864,9,1,219137,59811,52238,159326,313230,0,0,0,0,0.0717892
617869,9,1,177305,47387,41465,129918,249779,0,0,0,0,0.0696142
617870,9,1,165755,44111,37445,121644,231522,0,0,0,0,0.0641975
617871,9,1,189206,50621,43582,138585,265590,0,0,0,0,0.0619803
617874,9,1,194832,52103,45117,142729,272923,0,0,0,0,0.0590796
617879,9,1,193712,52668,45317,141044,276327,0,0,0,0,0.067302
617882,18,1,192613,52832,45615,139781,280639,0,0,0,0,0.0759331
617885,18,1,203995,56058,48587,147937,296852,0,0,0,0,0.0697722
617888,18,1,190229,51336,44468,138893,271356,0,0,0,0,0.0914921
617900,9,1,174227,47224,40737,127003,248608,0,0,0,0,0.0731101
617901,9,1,181244,49263,42582,131981,260290,0,0,0,0,0.0715049
617904,9,1,195120,53260,46471,141860,281033,0,0,0,0,0.0924535
617909,9,1,194107,53693,47105,140414,284334,0,0,0,0,0.114638
617922,18,1,192353,53339,46271,139014,284642,0,0,0,0,0.0684182
617925,18,1,201256,55758,48417,145498,297570,0,0,0,0,0.0727038
617928,18,1,207278,56994,49268,150284,302588,0,0,0,0,0.0805244
617950,9,1,163680,42303,36393,121377,218195,0,0,0,0,0.0623454
617951,9,1,174985,45710,39543,129275,236713,0,0,0,0,0.0583925
617952,9,1,167434,43359,37466,124075,224221,0,0,0,0,0.0541615
617953,9,1,168146,43359,37620,124787,222603,0,0,0,0,0.0710869
617954,9,1,196772,52656,45964,144116,274060,0,0,0,0,0.0675869
617955,9,1,174826,45406,39664,129420,234802,0,0,0,0,0.0627994
617956,9,1,178240,46550,40669,131690,239320,0,0,0,0,0.0592915
617957,9,1,184617,47442,41159,137175,243070,0,0,0,0,0.0641887
617958,9,1,191769,50856,43988,140913,263211,0,0,0,0,0.0687621
617959,9,1,185857,49040,42933,136817,254918,0,0,0,0,0.0882893
617960,9,1,148298,38975,33670,109323,204126,0,0,0,0,0.0685924
617961,9,1,162258,42553,36894,119705,219553,0,0,0,0,0.0596433
617964,9,2,193882,51890,45722,141979,270303,1,0,0,0,0.16628
617969,9,2,190836,50790,44923,140033,264049,1,0,0,0,0.179168
617970,9,1,148319,38999,33709,109320,204286,0,0,0,0,0.0546959
617971,9,1,161925,42460,36843,119465,219049,0,0,0,0,0.0531474
617974,9,2,193508,51801,45651,141694,269840,1,0,0,0,0.16645
617979,9,2,190721,50778,44925,139930,264035,1,0,0,0,0.14576
617980,9,1,148985,39275,33747,109710,206541,0,0,0,0,0.0695311
617981,9,1,162432,42605,37011,119827,220759,0,0,0,0,0.0580987
617984,9,2,188046,51106,44858,136928,270093,1,0,0,0,0.18806
617989,9,2,182222,49300,43514,132910,260376,1,0,0,0,0.148788
617990,9,1,160996,42353,36816,118643,222211,0,0,0,0,0.0818524
617991,9,1,168050,45714,40065,122336,242055,0,0,0,0,0.0688826
617994,9,1,180410,49337,43450,131073,261741,0,0,0,0,0.0790819
617999,9,1,173852,46838,41008,127014,246744,0,0,0,0,0.0805
618000,9,1,179675,47327,41675,132348,245363,0,0,0,0,0.109151
618001,9,1,174685,46563,40556,128122,242522,0,0,0,0,0.0653967
618004,9,2,167949,45625,39425,122311,241295,1,0,0,0,0.163192
618009,9,2,165048,44097,38262,120938,232260,1,0,0,0,0.164164
618030,9,1,157822,40639,34446,117183,210996,0,0,0,0,0.0735298
618031,9,1,178008,45715,39449,132293,233638,0,0,0,0,0.0875983
618034,9,1,150039,39081,33710,110958,201716,0,0,0,0,0.0759488
618039,9,1,169649,43987,37776,125662,224310,0,0,0,0,0.064472
618040,9,1,151618,38762,32998,112856,200426,0,0,0,0,0.0611617
618041,9,1,171946,44286,38231,127660,226326,0,0,0,0,0.060683
618044,9,1,162887,43189,37662,119698,224232,0,0,0,0,0.0762135
618049,9,1,181059,48826,42588,132233,255041,0,0,0,0,0.086678
618050,9,1,170779,44820,37910,125959,233256,0,0,0,0,0.0662865
618051,9,2,314496,86871,75905,227613,459391,1,0,0,0,0.188911
618054,9,2,290690,80632,70956,210046,427017,1,0,0,0,0.156457
618059,9,1,179513,47798,41212,131715,249501,0,0,0,0,0.0566519
618060,9,1,188930,49413,42898,139517,253336,0,0,0,0,0.0584939
618061,9,2,326170,89438,77824,236719,471762,1,0,0,0,0.189598
618064,9,2,173872,46718,40877,127141,245514,1,0,0,0,0.132542
618069,9,1,176933,46363,40062,130570,239677,0,0,0,0,0.0560134
618090,9,1,143752,37109,31370,106643,193585,0,0,0,0,0.0563094
618091,9,1,164079,42543,36644,121536,218843,0,0,0,0,0.054486
618094,9,1,167096,44695,39110,122401,232830,0,0,0,0,0.0535404
618099,9,1,186496,51420,44924,135076,270979,0,0,0,0,0.0817553
618100,9,1,159550,42044,35521,117506,220273,0,0,0,0,0.0602493
618101,9,2,320501,88842,77417,231647,471959,1,0,0,0,0.212364
618104,9,2,294174,82025,72132,212137,435801,1,0,0,0,0.200842
618109,9,1,174676,46893,40613,127783,246106,0,0,0,0,0.0856415
618110,9,1,177611,46651,40392,130960,240710,0,0,0,0,0.069889
618111,9,2,308512,85682,74265,222817,455143,1,0,0,0,0.218315
618114,9,2,176796,47872,41688,128911,252675,1,0,0,0,0.147504
618119,9,1,172299,45494,39544,126805,237012,0,0,0,0,0.0750062
618140,9,1,149868,39185,33133,110683,205425,0,0,0,0,0.0737219
618141,9,2,173161,46875,40646,126273,247350,1,0,0,0,0.181706
618144,9,2,178839,48468,42182,130358,255936,1,0,0,0,0.143347
618149,9,1,172476,46564,39983,125912,245106,0,0,0,0,0.0595484
618150,9,1,168963,44360,38038,124603,229560,0,0,0,0,0.063634
618151,9,2,286510,79884,69651,206614,424922,1,0,0,0,0.161746
618154,9,2,292098,81236,71030,210850,431262,1,0,0,0,0.16365
618159,9,1,176904,47440,40593,129464,249229,0,0,0,0,0.0596876
618180,9,1,139312,36396,31092,102916,189872,0,0,0,0,0.0568837
618181,9,1,165222,44330,38386,120892,233345,0,0,0,0,0.0619145
618184,9,1,180429,49020,43015,131409,258358,0,0,0,0,0.0603469
618189,9,1,163490,43859,37902,119631,229893,0,0,0,0,0.0775945
618230,9,1,158816,41703,35968,117113,214788,0,0,0,0,0.0637932
618231,9,1,176037,46517,40447,129520,240067,0,0,0,0,0.0636442
618232,9,1,172644,45574,38694,127070,235578,0,0,0,0,0.0749956
618233,9,2,157860,41697,35569,116150,218607,1,0,0,0,0.144781
618234,9,1,189925,50930,44635,138995,263851,0,0,0,0,0.0678369
618235,9,1,181202,48379,41228,132823,250928,0,0,0,0,0.0790123
618236,9,2,160205,42451,36490,117741,223190,1,0,0,0,0.157283
618237,9,2,269443,73378,63377,196053,385520,1,0,0,0,0.181051
618238,9,1,191735,50499,42954,141236,260200,0,0,0,0,0.0604686
618239,9,1,172405,44986,39040,127419,231377,0,0,0,0,0.0737285
618522,18,1,163334,43828,38044,119506,230170,0,0,0,0,0.0546525
618525,18,1,189610,51273,44943,138337,268381,0,0,0,0,0.0673987
618528,18,1,188599,50617,44360,137982,263042,0,0,0,0,0.0557363
618532,18,1,163421,43845,38059,119576,230272,0,0,0,0,0.0572347
618535,18,1,189617,51223,44914,138394,267991,0,0,0,0,0.0756397
618538,18,1,188717,50562,44317,138155,262537,0,0,0,0,0.0577938
618542,18,1,166175,44593,38631,121582,235705,0,0,0,0,0.0606803
618545,18,1,196657,54026,46720,142631,285055,0,0,0,0,0.0611501
618548,18,1,200683,55030,47747,145653,289933,0,0,0,0,0.0660189
618552,18,1,193422,52555,46318,140867,277096,0,0,0,0,0.0706083
618555,18,1,206685,56805,50032,149880,300679,0,0,0,0,0.0686911
618558,18,1,211174,58408,51327,152766,310205,0,0,0,0,0.0681525
618562,18,1,192023,52542,46289,139481,278570,0,0,0,0,0.0684927
618565,18,1,200589,55536,49127,145053,295149,0,0,0,0,0.0698012
618568,18,1,198943,55394,48724,143549,295530,0,0,0,0,0.0702554
618570,18,1,178442,47952,42063,130490,253124,0,0,0,0,0.0910664
618571,18,1,180309,48460,42291,131849,255432,0,0,0,0,0.061843
618572,18,1,195332,52908,46411,142424,278283,0,0,0,0,0.0668138
618573,18,1,175356,45920,40300,129436,236927,0,0,0,0,0.0567299
618574,18,1,183973,49746,43355,134227,261653,0,0,0,0,0.0639956
618575,18,2,297715,83229,73176,214473,443758,1,0,0,0,0.177903
618576,18,2,292226,80564,71134,211649,426665,1,0,0,0,0.184445
618577,18,2,289857,79802,70010,210042,423537,1,0,0,0,0.182693
618578,18,1,191467,51667,45358,139800,272321,0,0,0,0,0.0627114
618579,18,1,191593,51648,45132,139945,270736,0,0,0,0,0.0845194
618592,18,1,180579,47491,41470,133088,247183,0,0,0,0,0.0903309
618595,18,1,177674,46502,40759,131172,240580,0,0,0,0,0.0541184
618598,18,1,181464,47173,41003,134291,242691,0,0,0,0,0.0545066
618602,18,1,169105,44253,38555,124852,231031,0,0,0,0,0.0575829
618605,18,1,188839,50449,44179,138390,262838,0,0,0,0,0.0547477
618608,18,1,193610,51887,45058,141723,271330,0,0,0,0,0.0559811
618612,18,1,201651,53907,46781,147744,281615,0,0,0,0,0.0594462
618615,18,1,210206,56571,48905,153635,297240,0,0,0,0,0.0624554
618618,18,1,209682,57110,49822,152572,300274,0,0,0,0,0.0639383
618622,18,1,201515,54156,47027,147359,283072,0,0,0,0,0.0625793
618625,18,1,214126,58140,50552,155986,306394,0,0,0,0,0.0662817
618628,18,1,205887,55568,48167,150319,291268,0,0,0,0,0.0758208
618630,18,1,188544,50279,43857,138265,262361,0,0,0,0,0.0695706
618631,18,1,194499,51720,44614,142779,268933,0,0,0,0,0.0569352
618632,18,1,201076,53809,46539,147267,280565,0,0,0,0,0.0586162
618633,18,1,209257,56227,48863,153030,291866,0,0,0,0,0.0746681
618634,18,1,204748,54622,47008,150126,284675,0,0,0,0,0.0828464
618635,18,1,216839,58813,50929,158026,309218,0,0,0,0,0.0619439
618636,18,1,210218,57437,50501,152781,302843,0,0,0,0,0.0647043
618637,18,1,188607,50808,44172,137799,266194,0,0,0,0,0.0741485
618638,18,1,198474,53208,46483,145266,279203,0,0,0,0,0.0623649
618639,18,1,208705,56063,48715,152642,292384,0,0,0,0,0.0632787
618652,18,1,159673,42159,36511,117514,221634,0,0,0,0,0.0628274
618655,18,1,192335,51699,44984,140636,269839,0,0,0,0,0.0587719
618658,18,1,196638,53632,46508,143006,281910,0,0,0,0,0.0603439
618662,18,1,194894,52280,45326,142614,274896,0,0,0,0,0.0622763
618665,18,1,210285,57285,49073,153000,301912,0,0,0,0,0.066688
618668,18,1,209135,57610,50237,151525,304429,0,0,0,0,0.0654925
618672,18,1,192763,51962,45206,140801,273373,0,0,0,0,0.0729318
618675,18,1,208742,56640,49245,152102,298263,0,0,0,0,0.0675417
618678,18,1,205483,55843,48621,149640,293485,0,0,0,0,0.118523
618680,18,1,177892,47713,41441,130179,250675,0,0,0,0,0.0625024
618681,18,1,187288,50151,43237,137137,263061,0,0,0,0,0.0568076
618682,18,1,189324,51089,44412,138235,269039,0,0,0,0,0.0569545
618684,18,1,210172,56236,48406,153936,293168,0,0,0,0,0.0606357
618685,18,1,218503,59602,51624,158901,313834,0,0,0,0,0.0609821
618686,18,1,213810,58900,51919,154910,311397,0,0,0,0,0.0626616
618687,18,1,193318,52157,45366,141161,273410,0,0,0,0,0.0682267
618688,18,1,200670,54360,47512,146310,286451,0,0,0,0,0.0814178
618689,18,1,201396,54229,47288,147167,284032,0,0,0,0,0.05922
618693,18,1,203963,54996,47782,148967,286539,0,0,0,0,0.0615812
618702,18,1,199170,54884,47568,144286,291566,0,0,0,0,0.0613257
618705,18,1,214280,58904,51158,155376,310512,0,0,0,0,0.0633308
618708,18,1,195707,53652,46952,142055,284005,0,0,0,0,0.0617513
618712,18,1,202669,55577,48334,147092,294789,0,0,0,0,0.0595854
618715,18,1,214472,58849,51275,155623,310758,0,0,0,0,0.0648991
618718,18,1,197722,54016,46656,143706,284988,0,0,0,0,0.0605183
618720,18,1,165638,44237,38232,121401,232794,0,0,0,0,0.077944
618721,18,1,191384,51840,44676,139544,273131,0,0,0,0,0.0569019
618722,18,1,195405,53423,46668,141982,282932,0,0,0,0,0.0652684
618724,18,1,199937,54213,46660,145724,285145,0,0,0,0,0.0601809
618725,18,1,207428,56899,49499,150529,300723,0,0,0,0,0.0610591
618728,18,1,199280,53777,47145,145503,282179,0,0,0,0,0.0662419
618729,18,1,199964,54134,47482,145830,284620,0,0,0,0,0.0625449
618733,18,1,194348,52862,46381,141486,279081,0,0,0,0,0.0599663
618736,18,1,205475,56217,49580,149258,296755,0,0,0,0,0.0636046
618737,18,1,191516,51837,45311,139679,272301,0,0,0,0,0.0676878
618742,18,1,175499,47624,41320,127875,251683,0,0,0,0,0.0605216
618745,18,1,189806,51903,45254,137903,275097,0,0,0,0,0.0642746
618748,18,1,195939,53129,46687,142810,280043,0,0,0,0,0.0684521
618750,18,1,176903,46991,40941,129912,245266,0,0,0,0,0.0588167
618751,18,1,189706,50921,44156,138785,266793,0,0,0,0,0.0590832
618754,18,1,208412,56795,49269,151617,298665,0,0,0,0,0.06643
618759,18,1,204721,55981,49695,148740,295097,0,0,0,0,0.0975066
618762,18,1,197367,53740,46682,143627,283921,0,0,0,0,0.070866
618763,18,1,188561,51077,44275,137484,270195,0,0,0,0,0.0600964
618765,18,1,211106,57598,50287,153508,303686,0,0,0,0,0.0601404
618766,18,1,199393,54229,47389,145164,286539,0,0,0,0,0.0588079
618767,18,1,210315,57388,49488,152927,301517,0,0,0,0,0.0581969
618768,18,1,206480,56522,48934,149958,297473,0,0,0,0,0.0587447
618780,18,1,172910,45955,39847,126955,239242,0,0,0,0,0.0557188
618781,18,1,189129,50555,43998,138574,263542,0,0,0,0,0.0574032
618782,18,1,186261,49695,42676,136566,259538,0,0,0,0,0.0543476
618783,18,2,272648,73792,63367,198843,389136,1,0,0,0,0.154477
618784,18,1,205998,55923,48715,150075,293144,0,0,0,0,0.0587938
618785,18,1,199440,53759,46587,145681,281447,0,0,0,0,0.0596727
618786,18,2,273929,74048,63972,199868,389988,1,0,0,0,0.152846
618787,18,2,287676,78555,67924,209108,414491,1,0,0,0,0.170503
618788,18,1,199161,53840,46707,145321,281752,0,0,0,0,0.0578827
618789,18,1,204042,54779,48256,149263,285592,0,0,0,0,0.0732556
619950,6,1,183675,49536,43903,134139,262183,0,0,0,0,0.0868256
619951,18,1,200085,55635,48473,144450,297404,0,0,0,0,0.066145
619954,18,1,218231,62253,54509,155978,334701,0,0,0,0,0.0790031
619959,18,1,204546,56839,49397,147707,303626,0,0,0,0,0.0662131
619960,18,1,178765,48855,42729,129910,259445,0,0,0,0,0.0737559
619961,18,1,185203,51571,44790,133632,274737,0,0,0,0,0.0540483
619964,18,1,195744,54386,47284,141358,290330,0,0,0,0,0.0595714
619969,18,1,193191,53285,46224,139906,284066,0,0,0,0,0.0625021
619982,36,1,212655,59140,51673,153515,315669,0,0,0,0,0.0869932
619985,36,1,224128,63772,56059,160356,342338,0,0,0,0,0.0734938
619988,36,1,223270,63403,54853,159867,339590,0,0,0,0,0.0626136
