740002,18,1,236586,66773,57645,169813,351459,0,0,0,0,0.0896057
740005,18,2,227435,65483,57480,161939,351495,1,0,0,0,0.175124
740008,18,2,216663,62139,54409,154511,333580,1,0,0,0,0.151344
740030,9,2,185761,50873,43850,134875,268276,1,0,0,0,0.169813
740031,9,2,185474,50702,43696,134759,267232,1,0,0,0,0.176805
740032,9,1,208656,58775,51115,149881,311519,0,0,0,0,0.110837
740033,9,1,227861,65998,58279,161863,351528,0,0,0,0,0.112752
740034,9,2,217070,60165,52854,156892,318380,1,0,0,0,0.166236
740035,9,2,209952,58758,51540,151181,313331,1,0,0,0,0.167785
740036,9,2,219969,62157,54461,157799,332049,1,0,0,0,0.189673
740037,9,2,201452,56093,49030,145346,298942,1,0,0,0,0.154598
740038,9,2,212979,60057,52384,152909,321255,1,0,0,0,0.20058
740039,9,1,202818,56969,49425,145849,303146,0,0,0,0,0.0767841
740040,3,1,172544,45515,39014,127029,239878,0,0,0,0,0.152504
740041,9,1,161121,42880,36412,118241,226400,0,0,0,0,0.0964323
740044,9,1,189759,52229,45657,137530,277817,0,0,0,0,0.0930498
740049,9,1,178580,49445,42719,129135,263564,0,0,0,0,0.093433
740050,3,1,189669,50605,43816,139064,265478,0,0,0,0,0.0897908
740051,9,1,183580,48905,42005,134675,256243,0,0,0,0,0.067228
740054,9,2,311441,85334,74627,226094,451811,1,0,0,0,0.182721
740059,9,2,310314,84370,73617,225931,445723,1,0,0,0,0.209033
740060,3,1,189622,50557,43790,139065,265117,0,0,0,0,0.0931514
740061,9,1,183683,48931,42029,134752,256395,0,0,0,0,0.0754216
740064,9,2,311344,85322,74592,226009,451748,1,0,0,0,0.187185
740069,9,2,310451,84405,73679,226033,445887,1,0,0,0,0.196923
740070,3,1,189659,50569,43789,139090,265193,0,0,0,0,0.0960335
740071,9,1,223904,62731,54825,161173,331391,0,0,0,0,0.0779428
740074,9,1,235155,65584,57402,169571,344264,0,0,0,0,0.0783665
740079,9,1,175132,46404,39951,128728,242825,0,0,0,0,0.0730031
740080,9,1,173720,47499,40833,126221,251303,0,0,0,0,0.0811897
740081,9,1,181038,48498,42032,132540,254471,0,0,0,0,0.0903821
740082,18,1,193374,52900,46016,140474,279898,0,0,0,0,0.0913247
740084,9,1,192315,51514,44425,140801,268597,0,0,0,0,0.068018
740085,18,1,205163,55961,48741,149202,294899,0,0,0,0,0.0671905
740088,18,1,202755,55068,46935,147687,289144,0,0,0,0,0.0706013
740089,9,1,193304,51989,45423,141315,272746,0,0,0,0,0.0889763
740110,3,1,233373,66343,58457,167030,350932,0,0,0,0,0.103741
740111,9,1,223786,64412,55694,159374,342008,0,0,0,0,0.0772969
740114,9,2,199875,55200,48464,144662,290956,1,0,0,0,0.148843
740119,9,2,198248,54680,47892,143555,287523,1,0,0,0,0.148333
740120,3,1,233228,66278,58404,166950,350503,0,0,0,0,0.117954
740121,9,1,223718,64372,55674,159346,341736,0,0,0,0,0.0909106
740124,9,2,199929,55208,48408,144708,290992,1,0,0,0,0.166724
740129,9,2,198123,54618,47826,143492,287174,1,0,0,0,0.166162
740130,3,1,233278,66292,58404,166986,350592,0,0,0,0,0.12425
740131,9,1,250986,71008,62228,179978,374609,0,0,0,0,0.086837
740134,9,1,260517,73591,64769,186926,386866,0,0,0,0,0.105275
740139,9,1,203954,56207,48759,147747,294973,0,0,0,0,0.0797729
740140,9,1,203579,57005,49370,146574,301301,0,0,0,0,0.0950844
740141,9,2,310599,87942,76795,222645,467548,1,0,0,0,0.193124
740142,18,1,234375,67282,58376,167093,357437,0,0,0,0,0.0799285
740144,9,2,325575,92269,80830,233294,489347,1,0,0,0,0.186775
740145,18,1,245416,70340,61006,175076,372730,0,0,0,0,0.0871899
740148,18,1,245954,71368,61550,174586,378199,0,0,0,0,0.0863643
740149,9,1,237992,68664,60973,169328,363691,0,0,0,0,0.105876
740170,3,1,240633,69086,61123,171547,367360,0,0,0,0,0.115827
740171,9,1,203484,56519,48918,146965,298515,0,0,0,0,0.0805599
740174,9,1,214876,59706,51580,155170,315252,0,0,0,0,0.0759646
740179,9,2,229411,63698,55905,165700,336848,1,0,0,0,0.144666
740180,3,1,240467,69043,61103,171424,367114,0,0,0,0,0.11327
740181,9,2,294989,83057,72926,211920,441630,1,0,0,0,0.170146
740184,9,1,217863,60726,52998,157137,321484,0,0,0,0,0.0707392
740189,9,2,217761,61266,53789,156482,326867,1,0,0,0,0.14418
740190,9,1,236795,68469,59445,168326,364107,0,0,0,0,0.0874395
740191,9,1,261142,75384,65571,185758,399920,0,0,0,0,0.086041
740194,9,1,226441,63129,55343,163312,334323,0,0,0,0,0.0766371
740195,18,2,239907,69474,61027,170420,373359,1,0,0,0,0.150042
740198,18,2,227527,65674,57971,161840,352612,1,0,0,0,0.150311
740199,9,2,221586,62462,54751,159111,332696,1,0,0,0,0.154207
740202,18,1,245904,69949,60731,175955,370722,0,0,0,0,0.0799406
740220,3,1,240372,69055,61141,171317,367266,0,0,0,0,0.117363
740221,9,2,306154,86109,75656,220033,456978,1,0,0,0,0.196494
740224,9,1,219036,61117,53147,157919,323790,0,0,0,0,0.0719849
740229,9,2,210288,58759,51442,151516,313443,1,0,0,0,0.147006
740230,9,1,236708,68444,59415,168264,363961,0,0,0,0,0.09552
740231,9,1,268609,76922,67079,191687,405705,0,0,0,0,0.125112
740234,9,1,227017,63324,55451,163693,335401,0,0,0,0,0.0965823
740239,9,2,217018,61047,53540,155958,325613,1,0,0,0,0.181144
740242,18,1,253953,72022,62338,181931,380439,0,0,0,0,0.0904634
740245,18,2,238150,69132,60850,169005,372232,1,0,0,0,0.163239
740248,18,2,217523,62485,54946,155025,335713,1,0,0,0,0.159433
740260,9,2,200913,56100,48891,144800,296796,1,0,0,0,0.233688
740261,9,2,201077,56128,48838,144936,296899,1,0,0,0,0.178423
740264,9,1,223102,62083,53784,161019,328162,0,0,0,0,0.0790562
740269,9,1,208626,57932,50361,150694,306695,0,0,0,0,0.0751002
740282,18,1,248240,70608,61073,177632,371925,0,0,0,0,0.124354
740285,18,2,229569,66321,58460,163235,356268,1,0,0,0,0.148441
740288,18,2,221961,63923,56159,158025,343788,1,0,0,0,0.147797
740310,9,2,187945,51323,44287,136609,269967,1,0,0,0,0.164938
740311,9,2,187671,51161,44149,136497,268998,1,0,0,0,0.192797
740312,9,1,223775,63590,55676,160185,337306,0,0,0,0,0.0813945
740313,9,1,245644,71370,63458,174274,379625,0,0,0,0,0.143595
740314,9,2,220284,61042,53530,159229,322865,1,0,0,0,0.16779
740315,9,2,213380,60001,52561,153366,320207,1,0,0,0,0.14873
740316,9,2,220995,62364,54528,158618,332940,1,0,0,0,0.155901
740317,9,2,205203,57442,50239,147748,306700,1,0,0,0,0.143698
740318,9,2,216738,61072,53464,155653,326413,1,0,0,0,0.196167
740319,9,1,208880,58605,50924,150275,311917,0,0,0,0,0.0792807
740320,3,1,170615,44337,38091,126278,230427,0,0,0,0,0.0885539
740321,9,1,174504,47075,40420,127429,246564,0,0,0,0,0.090549
740324,9,2,182124,49287,43175,132824,259435,1,0,0,0,0.176049
740329,9,2,180841,48497,42409,132332,255266,1,0,0,0,0.154741
740330,3,1,170121,44158,38000,125963,229374,0,0,0,0,0.0833524
740331,9,1,174305,47019,40393,127286,246213,0,0,0,0,0.0640295
740334,9,2,181357,49109,43047,132235,258575,1,0,0,0,0.153803
740339,9,2,180240,48353,42312,131875,254518,1,0,0,0,0.156889
740340,3,1,167720,43956,38394,123764,229163,0,0,0,0,0.0937838
740341,9,1,144962,37587,32387,107375,195279,0,0,0,0,0.0662922
740344,9,2,172174,46459,40332,125705,245231,1,0,0,0,0.172469
740349,9,2,170091,45889,39939,124191,242601,1,0,0,0,0.16718
740350,3,1,167275,43817,38298,123458,228319,0,0,0,0,0.0956278
740351,9,1,164946,43830,38224,121116,227731,0,0,0,0,0.110679
740354,9,1,197905,53969,46920,143936,284197,0,0,0,0,0.115549
740359,9,1,201014,55171,47812,145843,291205,0,0,0,0,0.0994208
740360,9,1,153109,40803,35674,112306,214048,0,0,0,0,0.0896318
740361,9,2,153240,41491,35715,111739,220655,1,0,0,0,0.215293
740362,18,1,164932,43976,38406,120956,229942,0,0,0,0,0.12656
740364,9,1,175371,46677,40183,128694,244324,0,0,0,0,0.100428
740365,18,1,198483,54786,47581,143697,289565,0,0,0,0,0.107918
740368,18,1,198266,54315,46882,143951,287112,0,0,0,0,0.115868
740369,9,1,185664,49490,42696,136174,258526,0,0,0,0,0.115505
740390,3,1,203195,54887,48623,148308,284702,0,0,0,0,0.165154
740391,9,1,210279,57236,49906,153043,297513,0,0,0,0,0.128904
740394,9,2,189795,51240,44788,138542,266216,1,0,0,0,0.271104
740399,9,2,197336,53208,46632,144115,275324,1,0,0,0,0.254155
740400,3,1,214891,59667,52537,155224,315620,0,0,0,0,0.187574
740401,9,1,200993,55410,47752,145583,292729,0,0,0,0,0.153832
740404,9,2,189875,51528,44712,138334,270288,1,0,0,0,0.226546
740409,9,2,184610,50086,43649,134511,263060,1,0,0,0,0.175979
740410,3,1,214590,59550,52361,155040,314910,0,0,0,0,0.115963
740411,9,2,190112,53160,46853,136939,283189,1,0,0,0,0.189965
740414,9,2,182246,50470,43991,131763,267156,1,0,0,0,0.15626
740419,9,2,176456,48070,41826,128373,253539,1,0,0,0,0.163271
740420,9,1,198506,54719,46913,143787,288984,0,0,0,0,0.081015
740421,9,2,184505,50979,44655,133513,270599,1,0,0,0,0.155288
740422,18,2,194344,54789,48067,139542,292754,1,0,0,0,0.185984
740424,9,2,222262,62440,54602,159810,331329,1,0,0,0,0.185962
740425,18,2,191738,53895,46988,137830,286236,1,0,0,0,0.179595
740428,18,1,228931,64316,55389,164615,340652,0,0,0,0,0.124373
740429,9,1,205831,55924,48538,149907,292206,0,0,0,0,0.0970231
740450,3,1,215412,59886,52717,155526,317061,0,0,0,0,0.161377
740451,9,1,201239,55718,47925,145521,294763,0,0,0,0,0.115657
740454,9,2,189653,51638,45342,138002,271114,1,0,0,0,0.242829
740459,9,2,187428,50732,44487,136683,266084,1,0,0,0,0.242857
740460,3,1,215142,59827,52622,155315,316774,0,0,0,0,0.143882
740461,9,2,185707,51718,45233,133976,275630,1,0,0,0,0.208968
740464,9,2,183716,50837,44194,132866,269506,1,0,0,0,0.26795
740469,9,2,178401,48605,42414,129783,255941,1,0,0,0,0.226598
740470,9,1,200741,55364,47651,145377,292514,0,0,0,0,0.0865115
740471,9,2,183073,50608,44066,132452,269016,1,0,0,0,0.209448
740474,9,2,225823,63435,55559,162376,337046,1,0,0,0,0.193274
740475,18,2,186490,51930,45284,134547,275832,1,0,0,0,0.175028
740478,18,1,231735,65229,56294,166506,345323,0,0,0,0,0.105468
740479,9,1,195153,53090,45888,142063,278797,0,0,0,0,0.0980683
740482,18,2,190231,53565,46845,136653,286573,1,0,0,0,0.233894
740500,3,1,204078,55035,48819,149043,285496,0,0,0,0,0.144137
740501,9,2,222220,62104,54215,160104,329075,1,0,0,0,0.202836
740504,9,2,223063,62843,54906,160208,334249,1,0,0,0,0.163765
740509,9,1,186374,49516,43064,136858,254606,0,0,0,0,0.0638538
740510,9,1,210683,57400,50174,153283,298435,0,0,0,0,0.0953327
740511,9,2,182584,50392,44228,132179,266328,1,0,0,0,0.206011
740514,9,2,181638,50286,44231,131339,266505,1,0,0,0,0.155134
740519,9,1,175747,46335,40560,129412,238166,0,0,0,0,0.0807731
740522,18,2,192665,53926,47182,138726,286665,1,0,0,0,0.192569
740525,18,2,186942,52238,45800,134691,277894,1,0,0,0,0.14909
740528,18,2,215612,61542,53763,154058,329367,1,0,0,0,0.163243
740540,9,2,193054,52083,45833,140958,270806,1,0,0,0,0.145465
740541,9,2,183917,49824,43216,134080,261016,1,0,0,0,0.167627
740544,9,2,183936,49939,43550,133984,262100,1,0,0,0,0.175332
740549,9,1,178626,48112,41529,130514,251816,0,0,0,0,0.0698805
740562,18,1,232011,65497,57098,166514,347001,0,0,0,0,0.0701216
740565,18,1,229798,64484,56089,165314,340652,0,0,0,0,0.0716389
740568,18,2,213498,60537,52621,152949,323246,1,0,0,0,0.168157
740590,9,2,186352,49533,43474,136806,255343,1,0,0,0,0.146611
740591,9,2,177727,47268,41252,130446,247138,1,0,0,0,0.131991
740592,9,2,173028,46456,40303,126559,244732,1,0,0,0,0.135986
740593,9,1,208922,56892,49459,152030,297604,0,0,0,0,0.0712823
740594,9,2,177372,47193,40996,130166,246610,1,0,0,0,0.129957
740595,9,2,172832,46473,40418,126346,244550,1,0,0,0,0.141664
740596,9,1,197683,53746,46700,143937,282137,0,0,0,0,0.0661988
740597,9,1,185286,49040,42681,136246,251851,0,0,0,0,0.0628709
740598,9,1,181756,48612,42195,133144,251065,0,0,0,0,0.0803661
740599,9,1,181888,48985,42060,132903,256344,0,0,0,0,0.0670975
740600,3,1,170395,44272,38053,126123,230048,0,0,0,0,0.0842734
740601,9,1,174377,47039,40393,127338,246338,0,0,0,0,0.070088
740604,9,2,182229,49308,43210,132908,259549,1,0,0,0,0.152275
740609,9,2,180781,48459,42358,132310,255021,1,0,0,0,0.16251
740610,3,1,169901,44093,37962,125808,228995,0,0,0,0,0.100672
740611,9,1,174178,46983,40366,127195,245987,0,0,0,0,0.0945048
740614,9,2,181394,49115,43073,132266,258609,1,0,0,0,0.165935
740619,9,2,180180,48315,42263,131853,254273,1,0,0,0,0.152888
740620,3,1,167715,43955,38415,123760,229144,0,0,0,0,0.0880212
740621,9,1,145104,37626,32417,107478,195480,0,0,0,0,0.067746
740624,9,2,172267,46476,40357,125781,245317,1,0,0,0,0.191012
740629,9,2,170386,45977,40034,124398,243087,1,0,0,0,0.161135
740630,3,1,166982,43725,38197,123257,227832,0,0,0,0,0.0928843
740631,9,1,180282,48221,42412,132061,249860,0,0,0,0,0.0659427
740634,9,1,212847,57965,50772,154882,303114,0,0,0,0,0.0878739
740639,9,1,215525,59267,51547,156258,311179,0,0,0,0,0.0750498
740640,9,1,153001,40772,35657,112229,213884,0,0,0,0,0.0829468
740641,9,2,151239,40602,35077,110627,215361,1,0,0,0,0.163283
740642,18,1,179939,48116,42353,131823,250932,0,0,0,0,0.0607713
740644,9,1,189998,50454,43679,139544,262692,0,0,0,0,0.0664605
740645,18,1,212933,58658,51597,154275,308800,0,0,0,0,0.0904341
740648,18,1,212774,58350,50681,154424,307394,0,0,0,0,0.0708548
740649,9,1,197991,52567,45494,145424,272497,0,0,0,0,0.065765
740670,3,1,202954,54665,48402,148289,283226,0,0,0,0,0.087134
740671,9,1,209493,56866,49601,152627,295204,0,0,0,0,0.0711397
740674,9,2,189695,51191,44746,138491,265923,1,0,0,0,0.145587
740679,9,2,197125,53120,46580,143992,274817,1,0,0,0,0.140335
740680,3,1,214893,59671,52559,155222,315628,0,0,0,0,0.0841358
740681,9,1,201064,55438,47794,145626,292917,0,0,0,0,0.0663051
740684,9,2,190119,51572,44759,138534,270503,1,0,0,0,0.140664
740689,9,2,184703,50090,43657,134600,263030,1,0,0,0,0.130219
740690,3,1,214227,59494,52312,154733,314689,0,0,0,0,0.0825058
740691,9,2,188497,52702,46447,135782,280701,1,0,0,0,0.165533
740694,9,2,181100,50381,43939,130706,267228,1,0,0,0,0.160571
740699,9,2,174115,47294,40961,126808,249598,1,0,0,0,0.164942
740700,9,1,198690,54786,46954,143904,289395,0,0,0,0,0.0823659
740701,9,2,187393,51855,45631,135525,275408,1,0,0,0,0.1789
740702,18,2,195071,54828,48164,140230,292732,1,0,0,0,0.173252
740704,9,2,222352,62640,54587,159700,332896,1,0,0,0,0.188471
740705,18,2,188825,52938,46396,135874,281183,1,0,0,0,0.154144
740708,18,1,239898,67575,58495,172323,356871,0,0,0,0,0.074365
740709,9,1,217012,58932,51107,158080,306898,0,0,0,0,0.081322
740730,3,1,215056,59811,52711,155245,316688,0,0,0,0,0.124161
740731,9,1,201256,55717,47949,145539,294770,0,0,0,0,0.0863172
740734,9,2,189776,51631,45310,138132,271035,1,0,0,0,0.1854
740739,9,2,187867,50865,44621,136989,266815,1,0,0,0,0.18359
740740,3,1,215203,59889,52702,155314,317167,0,0,0,0,0.111162
740741,9,2,186041,51846,45395,134182,276304,1,0,0,0,0.147053
740744,9,2,186442,52114,45593,134315,276848,1,0,0,0,0.13895
740749,9,2,176526,48064,41792,128449,253650,1,0,0,0,0.154955
740750,9,1,200777,55371,47683,145406,292522,0,0,0,0,0.070828
740751,9,2,182643,50657,44196,131973,269726,1,0,0,0,0.181024
740754,9,2,225752,63636,55598,162104,338498,1,0,0,0,0.18039
740755,18,2,185497,51873,45377,133611,276087,1,0,0,0,0.142117
740758,18,1,244382,69126,59890,175256,365355,0,0,0,0,0.104091
740759,9,1,208466,56678,49173,151788,296691,0,0,0,0,0.0842768
740762,18,2,189743,53441,46818,136289,285910,1,0,0,0,0.196032
740780,3,1,203520,54739,48555,148781,283639,0,0,0,0,0.097864
740781,9,2,224374,63164,55290,161198,335658,1,0,0,0,0.182806
740784,9,2,226250,64156,56118,162082,342022,1,0,0,0,0.178539
740789,9,1,198338,52277,45925,146061,267325,0,0,0,0,0.0835379
740790,9,1,209835,57017,49863,152818,296057,0,0,0,0,0.0787931
740791,9,2,183801,50858,44641,132930,269265,1,0,0,0,0.135373
740794,9,2,187095,52183,46081,134899,276907,1,0,0,0,0.18776
740799,9,1,186364,48522,42548,137842,247337,0,0,0,0,0.0834828
740802,18,2,188994,52928,46230,136053,281451,1,0,0,0,0.162245
740805,18,2,186242,52153,45788,134076,277762,1,0,0,0,0.159465
740808,18,2,203278,57384,50003,145881,306279,1,0,0,0,0.195457
740820,9,2,193053,52066,45825,140974,270691,1,0,0,0,0.174702
740821,9,2,184103,49854,43220,134236,261130,1,0,0,0,0.162211
740824,9,2,184109,49972,43597,134124,262259,1,0,0,0,0.201199
740829,9,1,178254,48017,41444,130237,251299,0,0,0,0,0.0765818
740842,18,1,243503,68869,60326,174634,363923,0,0,0,0,0.100903
740845,18,1,244741,69050,60340,175691,364404,0,0,0,0,0.0881202
740848,18,2,199388,56151,48904,143224,299208,1,0,0,0,0.18289
740870,9,2,186129,49450,43399,136666,254865,1,0,0,0,0.163443
740871,9,2,177867,47281,41251,130573,247165,1,0,0,0,0.164072
740872,9,2,169920,45415,39300,124492,239126,1,0,0,0,0.164631
740873,9,1,219028,59527,51860,159501,310054,0,0,0,0,0.0750305
740874,9,2,177647,47246,41038,130388,246845,1,0,0,0,0.132429
740875,9,2,168455,45112,39137,123330,237376,1,0,0,0,0.162275
740876,9,1,210356,57226,49909,153130,299488,0,0,0,0,0.0691757
740877,9,1,196904,51668,45306,145236,263798,0,0,0,0,0.0658849
740878,9,1,194556,51477,45002,143079,263895,0,0,0,0,0.0676804
740879,9,1,181861,48969,42062,132892,256233,0,0,0,0,0.0871459
740880,3,1,170101,44203,37997,125898,229733,0,0,0,0,0.121479
740881,9,1,183599,49470,42462,134129,258068,0,0,0,0,0.0648097
740884,9,1,193737,51788,44894,141949,267997,0,0,0,0,0.0809503
740889,9,1,162517,43276,37295,119241,226426,0,0,0,0,0.0869344
740890,3,1,169607,44024,37904,125583,228680,0,0,0,0,0.110481
740891,9,1,183393,49409,42438,133984,257694,0,0,0,0,0.0631305
740894,9,1,193715,51793,44931,141922,268022,0,0,0,0,0.0646416
740899,9,1,162587,43355,37394,119232,227033,0,0,0,0,0.0614397
740900,3,1,167314,43842,38296,123472,228559,0,0,0,0,0.0894673
740901,9,1,154166,39732,34630,114434,205580,0,0,0,0,0.0602266
740904,9,1,189788,51011,43865,138777,268011,0,0,0,0,0.065386
740909,9,1,181323,48290,41563,133033,252951,0,0,0,0,0.0626028
740910,3,1,166885,43708,38204,123177,227750,0,0,0,0,0.11795
740911,9,1,174606,45347,39763,129259,232719,0,0,0,0,0.0808828
740914,9,1,202957,54710,47749,148247,285498,0,0,0,0,0.0762588
740919,9,1,199955,53552,46207,146403,279008,0,0,0,0,0.0801567
740920,9,1,168089,44031,38672,124058,227655,0,0,0,0,0.0783971
740921,9,1,168561,44117,38674,124444,227982,0,0,0,0,0.0708267
740922,18,1,175795,46859,41087,128936,244515,0,0,0,0,0.0681862
740924,9,1,206263,54687,47465,151576,282153,0,0,0,0,0.0901303
740925,18,1,214525,58539,51216,155986,308312,0,0,0,0,0.0935279
740928,18,1,214772,58505,51369,156267,307883,0,0,0,0,0.0781219
740929,9,1,206785,55150,47875,151635,284783,0,0,0,0,0.0726379
740950,3,1,202850,54661,48426,148189,283274,0,0,0,0,0.0980465
740951,9,1,219481,59091,51654,160390,304993,0,0,0,0,0.0994619
740954,9,2,181254,48629,42521,132612,253428,1,0,0,0,0.195676
740959,9,2,233354,64503,56608,168838,339203,1,0,0,0,0.227906
740960,3,1,214425,59590,52487,154835,315275,0,0,0,0,0.0973274
740961,9,1,212060,57908,50022,154152,304008,0,0,0,0,0.0795453
740964,9,2,181386,49227,42959,132146,258908,1,0,0,0,0.146169
740969,9,2,175672,47292,40919,128367,248829,1,0,0,0,0.145621
740970,3,1,214235,59494,52328,154741,314659,0,0,0,0,0.118896
740971,9,1,218174,58912,50910,159262,306132,0,0,0,0,0.0760848
740974,9,1,219490,60902,52688,158588,322505,0,0,0,0,0.0888494
740979,9,1,216733,59539,51563,157194,312910,0,0,0,0,0.0888105
740980,9,1,211207,57658,49730,153549,302684,0,0,0,0,0.0714577
740981,9,1,218066,58977,50704,159089,306883,0,0,0,0,0.0802552
740982,18,1,214057,59282,51801,154775,312991,0,0,0,0,0.0790158
740984,9,1,226714,62969,55105,163745,329864,0,0,0,0,0.0739878
740985,18,1,242218,67827,59271,174391,358846,0,0,0,0,0.0982872
740988,18,1,241570,67696,59168,173874,358097,0,0,0,0,0.0833049
740989,9,1,220300,60061,52441,160239,312213,0,0,0,0,0.0756279
741010,3,1,215098,59858,52776,155240,316975,0,0,0,0,0.0949847
741011,9,1,212585,58318,50366,154267,306647,0,0,0,0,0.0707608
741014,9,2,191031,52924,46510,138094,280179,1,0,0,0,0.166443
741019,9,2,189882,52185,45609,137684,275677,1,0,0,0,0.181336
741020,3,1,214826,59804,52685,155022,316730,0,0,0,0,0.113393
741021,9,1,219376,59637,51524,159739,311030,0,0,0,0,0.0921921
741024,9,1,221100,61168,52696,159932,323566,0,0,0,0,0.0991263
741029,9,1,221193,60869,52753,160324,320414,0,0,0,0,0.0691454
741030,9,1,211515,57811,50026,153704,303693,0,0,0,0,0.0839798
741031,9,1,218590,59002,51045,159588,306593,0,0,0,0,0.0762298
741034,9,1,226251,62945,55071,163306,329899,0,0,0,0,0.0787488
741035,18,1,241787,67809,59311,173978,358553,0,0,0,0,0.0679755
741038,18,1,244485,68697,60226,175788,363651,0,0,0,0,0.0702355
741039,9,1,219987,59967,52356,160020,311733,0,0,0,0,0.0837238
741042,18,1,213947,59277,51768,154670,313066,0,0,0,0,0.0756638
741060,3,1,203483,54746,48569,148737,283737,0,0,0,0,0.111013
741061,9,1,228063,63666,56121,164397,333933,0,0,0,0,0.0893045
741064,9,1,228820,63882,56323,164938,335107,0,0,0,0,0.0896757
741069,9,1,201305,53428,46952,147877,274434,0,0,0,0,0.071686
741070,9,1,219199,59018,51522,160181,304587,0,0,0,0,0.0772732
741071,9,1,226628,63731,55594,162897,338449,0,0,0,0,0.0861767
741074,9,1,226860,63267,54951,163593,334996,0,0,0,0,0.0825882
741079,9,1,197199,52606,45747,144593,272162,0,0,0,0,0.0916891
741082,18,1,246528,68983,60775,177545,364627,0,0,0,0,0.0846757
741085,18,1,246450,68875,60560,177575,363415,0,0,0,0,0.0786149
741088,18,2,219711,61849,54222,157849,329872,1,0,0,0,0.176246
741100,9,2,186163,50087,44177,136063,261626,1,0,0,0,0.169388
741101,9,2,183540,49873,43776,133654,262559,1,0,0,0,0.149175
741104,9,2,189358,52412,46176,136933,277694,1,0,0,0,0.160146
741109,9,1,196874,52516,45691,144358,271667,0,0,0,0,0.0678504
741122,18,1,247219,69729,61480,177490,369242,0,0,0,0,0.0728973
741125,18,1,248145,69798,61315,178347,369111,0,0,0,0,0.0715171
741128,18,2,215615,60718,53138,154884,323694,1,0,0,0,0.165808
741150,9,2,225250,61682,54255,163555,324033,1,0,0,0,0.192605
741151,9,2,168719,44912,38980,123794,235957,1,0,0,0,0.142743
741152,9,1,220506,60903,53178,159603,320237,0,0,0,0,0.0740437
741153,9,1,222895,60761,53261,162134,315840,0,0,0,0,0.0864768
741154,9,2,176078,47124,40933,128941,247217,1,0,0,0,0.143746
741155,9,1,223309,61512,53509,161797,323389,0,0,0,0,0.0720613
741156,9,1,223590,60940,53391,162650,316883,0,0,0,0,0.0775854
741157,9,1,199302,52692,46468,146610,270279,0,0,0,0,0.0663007
741158,9,1,200076,53444,45923,146632,276776,0,0,0,0,0.0830191
741159,9,1,199693,53307,45838,146386,276004,0,0,0,0,0.0692411
741160,9,1,144644,37915,32101,106729,197844,0,0,0,0,0.0583084
741161,9,2,167205,44572,38579,122621,234170,1,0,0,0,0.173834
741164,9,2,180484,48802,42931,131670,256243,1,0,0,0,0.166197
741169,9,1,174115,45987,39984,128128,239410,0,0,0,0,0.124541
741170,9,1,144622,37942,32115,106680,198090,0,0,0,0,0.0764953
741171,9,2,166966,44523,38523,122431,233902,1,0,0,0,0.164893
741174,9,2,179860,48648,42821,131200,255407,1,0,0,0,0.149225
741179,9,1,174255,45979,40018,128276,239301,0,0,0,0,0.0819
741180,9,1,149969,39288,33954,110681,204249,0,0,0,0,0.0575178
741181,9,2,148952,39797,34186,109143,210565,1,0,0,0,0.152942
741184,9,2,168405,45866,39678,122526,243513,1,0,0,0,0.150327
741189,9,2,163402,44075,38179,119314,233411,1,0,0,0,0.152507
741190,9,1,149796,39243,33925,110553,203986,0,0,0,0,0.0587914
741191,9,2,154080,41491,35781,112577,219741,1,0,0,0,0.152194
741194,9,2,155662,42419,36726,113230,224993,1,0,0,0,0.146985
741199,9,2,153230,41413,35844,111804,219393,1,0,0,0,0.181393
741200,9,2,155362,41804,36083,113545,221220,1,0,0,0,0.194066
741201,9,2,155096,41865,36249,113218,221781,1,0,0,0,0.152492
741204,9,2,243801,66941,58127,176848,352243,1,0,0,0,0.165888
741209,9,2,255392,70014,60570,185366,368988,1,0,0,0,0.173828
741230,9,1,174158,47255,41183,126903,245987,0,0,0,0,0.0585341
741231,9,2,291787,78325,68532,213451,406265,1,0,0,0,0.175835
741234,9,2,179164,47475,41458,131677,246240,1,0,0,0,0.149878
741239,9,2,218165,59191,52216,158961,309277,1,0,0,0,0.246211
741240,9,1,183622,49894,42943,133728,263300,0,0,0,0,0.0578708
741241,9,2,169821,45887,39953,123922,242752,1,0,0,0,0.139321
741244,9,2,175925,47289,41066,128623,248178,1,0,0,0,0.137851
741249,9,2,182777,49886,43173,132878,263193,1,0,0,0,0.167314
741250,9,1,183582,49822,42829,133760,262804,0,0,0,0,0.0791318
741251,9,2,183485,50480,44349,132993,267376,1,0,0,0,0.131291
741254,9,2,320399,89597,78560,230790,474588,1,0,0,0,0.19143
741259,9,2,181670,49884,43384,131773,263919,1,0,0,0,0.138692
741260,9,2,179950,49167,42927,130771,260515,1,0,0,0,0.136284
741261,9,2,186754,51407,44824,135335,272659,1,0,0,0,0.132243
741264,9,1,207339,57125,49962,150214,300208,0,0,0,0,0.0669574
741269,9,1,200768,55670,48950,145098,291969,0,0,0,0,0.0651531
741290,9,1,182926,49729,42778,133197,262456,0,0,0,0,0.0568659
741291,9,2,166272,45114,39095,121146,239053,1,0,0,0,0.127403
741294,9,2,176684,47971,42289,128700,252661,1,0,0,0,0.14906
741299,9,2,186589,51188,44598,135388,271072,1,0,0,0,0.138636
741300,9,1,182749,49682,42702,133067,262218,0,0,0,0,0.0564563
741301,9,2,179281,49501,43518,129768,262638,1,0,0,0,0.131196
741304,9,2,318361,88921,78153,229428,471712,1,0,0,0,0.169202
741309,9,2,183964,50594,44254,133357,268478,1,0,0,0,0.171242
741310,9,2,179052,49538,43303,129502,263509,1,0,0,0,0.163624
741311,9,2,185617,51279,44961,134326,272084,1,0,0,0,0.133507
741314,9,1,197822,54531,47477,143291,287798,0,0,0,0,0.0669751
741319,9,1,207626,57394,50409,150232,300054,0,0,0,0,0.06779
741340,9,1,172502,46671,40775,125831,242566,0,0,0,0,0.0570279
741341,9,1,210706,58100,50772,152606,305753,0,0,0,0,0.0685481
741344,9,1,200156,55079,47936,145077,290865,0,0,0,0,0.0647274
741349,9,1,181081,48370,42124,132711,250379,0,0,0,0,0.060158
741350,9,2,300411,81558,71686,218842,424778,1,0,0,0,0.170406
741351,9,2,327370,91567,80455,235791,485254,1,0,0,0,0.174826
741354,9,2,322429,90341,79269,232076,479907,1,0,0,0,0.177513
741359,9,1,181469,47817,41330,133652,245235,0,0,0,0,0.0594637
741380,9,2,185124,49523,43611,135589,258090,1,0,0,0,0.155819
741381,9,2,180883,49017,42987,131853,258206,1,0,0,0,0.134384
741384,9,2,177376,48243,42522,129120,254840,1,0,0,0,0.134432
741389,9,1,181638,47918,41383,133720,245845,0,0,0,0,0.060464
741430,9,2,216436,58134,51220,158289,303493,1,0,0,0,0.177009
741431,9,2,173488,46575,40299,126900,245055,1,0,0,0,0.130671
741432,9,2,177796,48120,41574,129663,254380,1,0,0,0,0.137493
741433,9,1,199195,55198,48341,143997,289593,0,0,0,0,0.0635377
741434,9,2,172040,46174,40043,125853,243067,1,0,0,0,0.132209
741435,9,2,174769,47263,41039,127493,249876,1,0,0,0,0.138054
741436,9,1,206151,56910,49994,149241,297591,0,0,0,0,0.0687437
741437,9,1,180498,48034,41784,132464,248337,0,0,0,0,0.0606032
741438,9,1,179611,47196,40892,132415,241485,0,0,0,0,0.0573783
741439,9,1,179408,47169,40844,132239,241386,0,0,0,0,0.0584861
741722,18,1,181130,49360,42698,131770,259993,0,0,0,0,0.0638718
741725,18,1,188395,50988,44432,137407,267162,0,0,0,0,0.0644158
741728,18,1,182493,48851,42039,133642,253498,0,0,0,0,0.0670023
741732,18,1,181120,49335,42642,131785,259810,0,0,0,0,0.0617686
741735,18,1,188428,50986,44439,137442,267164,0,0,0,0,0.0630648
741738,18,1,182345,48798,42032,133547,253183,0,0,0,0,0.0655795
741742,18,1,150228,39137,33861,111091,203949,0,0,0,0,0.0578211
741745,18,2,290744,80084,69559,210648,426007,1,0,0,0,0.172118
741748,18,2,284948,78364,68548,206572,416286,1,0,0,0,0.1683
741752,18,1,165521,43077,37549,122444,222874,0,0,0,0,0.0596299
741755,18,2,290234,79997,69324,210225,424490,1,0,0,0,0.172645
741758,18,2,287379,79293,69324,208074,421014,1,0,0,0,0.202658
741762,18,1,155879,40800,35546,115079,212303,0,0,0,0,0.060917
741765,18,1,212355,58803,51673,153552,310917,0,0,0,0,0.0645457
741768,18,1,212503,58758,51484,153745,310509,0,0,0,0,0.0663875
741770,18,1,152642,39491,34650,113151,204973,0,0,0,0,0.0585187
741771,18,1,152829,39515,34679,113314,205000,0,0,0,0,0.0579133
741772,18,1,146503,37742,32970,108761,196126,0,0,0,0,0.0785
741773,18,1,171009,45704,40481,125305,240110,0,0,0,0,0.0847172
741774,18,1,195004,51926,44841,143078,270098,0,0,0,0,0.0652956
741775,18,1,190038,51179,44633,138859,270069,0,0,0,0,0.0685152
741776,18,1,196267,53155,46255,143112,280744,0,0,0,0,0.0693737
741777,18,1,186054,49966,43410,136088,263171,0,0,0,0,0.075252
741778,18,1,198354,53923,46901,144431,285165,0,0,0,0,0.0681642
741779,18,1,193318,51820,44800,141498,271051,0,0,0,0,0.0738293
741792,18,1,218132,59607,52229,158525,310696,0,0,0,0,0.0695713
741795,18,2,232760,64365,56774,168382,337483,1,0,0,0,0.14676
741798,18,2,182919,48840,42609,134066,253695,1,0,0,0,0.145085
741802,18,1,198142,53953,46641,144189,284055,0,0,0,0,0.0623539
741805,18,2,183425,50041,43660,133371,263429,1,0,0,0,0.136615
741808,18,2,175784,47431,41013,128340,249446,1,0,0,0,0.127708
741812,18,2,280243,78536,69611,201694,417628,1,0,0,0,0.165834
741815,18,1,225301,62787,53719,162514,332327,0,0,0,0,0.0691351
741818,18,1,218446,60202,51914,158244,316980,0,0,0,0,0.0666951
741822,18,1,191766,51460,44203,140306,267580,0,0,0,0,0.0719907
741825,18,1,242345,68074,59351,174271,361385,0,0,0,0,0.0928084
741828,18,1,239554,67214,58393,172340,356943,0,0,0,0,0.0761944
741830,18,1,198111,53855,46519,144256,283722,0,0,0,0,0.0637884
741831,18,1,206716,55989,48538,150727,292855,0,0,0,0,0.0685588
741832,18,1,196064,53171,45872,142893,277749,0,0,0,0,0.0650318
741833,18,1,207560,57661,50532,149899,305288,0,0,0,0,0.0976273
741834,18,1,214038,58808,50937,155230,309627,0,0,0,0,0.0797086
741835,18,1,219170,60527,52679,158643,319830,0,0,0,0,0.0679306
741836,18,1,223503,61929,53603,161574,327014,0,0,0,0,0.0684472
741837,18,2,215824,60141,52667,155670,319731,1,0,0,0,0.143416
741838,18,1,220087,60685,52435,159402,319923,0,0,0,0,0.075962
741839,18,1,210857,57801,50036,153056,302730,0,0,0,0,0.088298
741852,18,1,199604,54450,47179,145154,287030,0,0,0,0,0.0658547
741855,18,2,179382,49356,43182,130013,261062,1,0,0,0,0.13588
741858,18,2,180864,49486,43038,131365,261274,1,0,0,0,0.157921
741862,18,1,205806,55856,48497,149950,292359,0,0,0,0,0.0621557
741865,18,1,226746,62940,53970,163806,332355,0,0,0,0,0.0675771
741868,18,1,220948,60747,52457,160201,319640,0,0,0,0,0.0665107
741872,18,1,191258,51393,43811,139865,267685,0,0,0,0,0.0585591
741875,18,1,239742,67277,58682,172465,356927,0,0,0,0,0.0717577
741878,18,1,241511,67717,58949,173794,359648,0,0,0,0,0.0712395
741880,18,1,197257,53657,46509,143600,282595,0,0,0,0,0.0620342
741881,18,2,307567,86290,75959,221264,459427,1,0,0,0,0.174622
741882,18,1,197838,53800,46691,144038,281271,0,0,0,0,0.082886
741884,18,1,210157,57685,49809,152472,304172,0,0,0,0,0.0694237
741885,18,1,219555,60732,52820,158823,320570,0,0,0,0,0.0723708
741886,18,1,225866,62561,54240,163305,330125,0,0,0,0,0.0735479
741887,18,2,217725,60753,53531,156959,323273,1,0,0,0,0.146781
741888,18,1,224785,61953,53804,162832,326595,0,0,0,0,0.0690729
741889,18,1,222694,60804,52850,161890,317652,0,0,0,0,0.0770235
741893,18,1,207917,57789,50630,150128,306316,0,0,0,0,0.0792907
741902,18,1,216690,59500,51861,157190,312875,0,0,0,0,0.066836
741905,18,1,213046,58213,50409,154833,305975,0,0,0,0,0.072229
741908,18,1,186281,50680,43477,135601,266188,0,0,0,0,0.0728272
741912,18,1,221881,61394,53756,160487,324703,0,0,0,0,0.0762383
741915,18,1,223021,61731,53985,161290,325912,0,0,0,0,0.0893416
741918,18,1,189217,51266,44615,137951,268517,0,0,0,0,0.0829292
741920,18,1,219331,59909,52521,159422,312094,0,0,0,0,0.0732069
741921,18,1,232615,65533,56710,167082,347213,0,0,0,0,0.0767828
741922,18,1,243035,68505,59911,174530,363778,0,0,0,0,0.0919815
741924,18,1,231735,64857,56167,166878,342492,0,0,0,0,0.094685
741925,18,1,240756,67632,59101,173124,358653,0,0,0,0,0.0749553
741928,18,1,214858,58366,50587,156492,303194,0,0,0,0,0.0635655
741929,18,1,194968,53031,45719,141937,277121,0,0,0,0,0.0618455
741933,18,1,228037,63592,55214,164445,336743,0,0,0,0,0.0912807
741936,18,1,227773,63300,54992,164473,334338,0,0,0,0,0.0850672
741937,18,2,170319,46587,40751,123720,246843,1,0,0,0,0.163308
741942,18,2,219846,61705,54322,158128,328758,1,0,0,0,0.172915
741945,18,2,219909,61804,54633,158092,329778,1,0,0,0,0.147028
741948,18,2,171036,46533,40635,124491,245884,1,0,0,0,0.167669
741950,18,2,238893,66541,59082,172339,350028,1,0,0,0,0.183852
741951,18,2,191274,52607,46052,138654,278036,1,0,0,0,0.151735
741954,18,2,181565,49873,43841,131679,264261,1,0,0,0,0.133343
741959,18,1,194458,52892,45598,141566,276427,0,0,0,0,0.0634078
741962,18,1,240352,68050,59456,172302,362152,0,0,0,0,0.0737418
741963,18,1,224162,62311,54397,161851,329327,0,0,0,0,0.0670102
741965,18,1,242450,67940,59266,174510,360388,0,0,0,0,0.0748089
741966,18,1,227063,62952,54986,164111,332326,0,0,0,0,0.0667819
741967,18,1,197207,53952,47387,143255,283520,0,0,0,0,0.0667636
741968,18,1,218143,59522,51595,158621,309551,0,0,0,0,0.0645638
741980,18,2,182313,48900,42699,133400,254698,1,0,0,0,0.186544
741981,18,2,175000,47035,40850,127952,247407,1,0,0,0,0.132573
741982,18,1,224854,62359,53948,162495,329140,0,0,0,0,0.0684534
741983,18,1,216345,59708,51891,156637,313540,0,0,0,0,0.0650518
741984,18,2,172461,46541,40626,125907,244707,1,0,0,0,0.134738
741985,18,1,225315,62267,53864,163048,328282,0,0,0,0,0.0841004
741986,18,1,225634,62033,54092,163601,324696,0,0,0,0,0.0709601
741987,18,1,194172,53437,46428,140735,282002,0,0,0,0,0.0677592
741988,18,1,196078,52774,45486,143304,274838,0,0,0,0,0.0778686
741989,18,1,195656,52677,45413,142979,274407,0,0,0,0,0.0614542
742860,6,1,210447,58546,51941,151901,311732,0,0,0,0,0.0789847
742861,18,1,185034,50984,44225,134050,270864,0,0,0,0,0.0587675
742864,18,2,266228,76001,67383,190214,409101,1,0,0,0,0.146201
742869,18,2,262173,74407,66133,187753,399952,1,0,0,0,0.130544
742870,6,1,210443,58565,51963,151878,311843,0,0,0,0,0.0971655
742871,18,1,202458,56314,49783,146144,299311,0,0,0,0,0.0646739
742874,18,1,219886,61672,53529,158214,330090,0,0,0,0,0.0732522
742879,18,1,217083,60688,52503,156395,324177,0,0,0,0,0.0633944
742880,18,1,189994,52523,45518,137471,278906,0,0,0,0,0.0576293
742881,18,1,192420,51823,44828,140597,269508,0,0,0,0,0.0578828
742884,18,1,208674,57270,49702,151404,303745,0,0,0,0,0.0587124
742889,18,1,209177,57208,49517,151969,303097,0,0,0,0,0.0563546
742902,36,1,195409,53912,47251,141497,286662,0,0,0,0,0.056998
742905,36,1,223991,63223,54504,160768,339204,0,0,0,0,0.06154
742908,36,1,222478,62135,53544,160343,332311,0,0,0,0,0.0619031
742920,6,1,234687,65708,58019,168979,351221,0,0,0,0,0.0819115
742921,18,1,209491,58508,50519,150983,313006,0,0,0,0,0.0626741
742924,18,2,254126,71368,63087,182745,382413,1,0,0,0,0.133551
742929,18,2,206040,56458,49971,149569,299611,1,0,0,0,0.118212
742930,6,1,234772,65745,58043,169027,351451,0,0,0,0,0.0809555
742931,18,2,192728,52417,45922,140298,278957,1,0,0,0,0.146109
742934,18,1,225681,62701,53886,162980,334057,0,0,0,0,0.0633121
742939,18,2,257050,71902,63259,185135,385660,1,0,0,0,0.146339
742940,18,1,211294,59318,51059,151976,317908,0,0,0,0,0.0716596
742941,18,1,221673,61301,53013,160372,324679,0,0,0,0,0.0639127
742944,18,2,199803,54400,48061,145390,289781,1,0,0,0,0.13177
742949,18,1,215993,59699,52239,156294,316929,0,0,0,0,0.0625867
742962,36,1,211474,58142,50848,153332,309319,0,0,0,0,0.0591337
742965,36,1,235052,65472,56907,169580,348360,0,0,0,0,0.0660973
742968,36,1,230802,64045,55859,166757,340965,0,0,0,0,0.0634075
742970,6,1,231019,64808,57232,166211,346529,0,0,0,0,0.0815384
742971,18,1,207179,57803,49897,149376,309032,0,0,0,0,0.0623079
742974,18,2,253690,71004,62900,182673,379939,1,0,0,0,0.141783
742979,18,2,206892,56195,49762,150684,297104,1,0,0,0,0.118458
742980,6,1,231100,64837,57242,166263,346718,0,0,0,0,0.0822174
742981,18,2,194691,53113,46682,141565,282666,1,0,0,0,0.120454
742984,18,1,227982,63157,54684,164825,336359,0,0,0,0,0.0633663
742989,18,1,227770,62493,54458,165277,330318,0,0,0,0,0.0647269
742990,18,1,208656,58550,50364,150106,313648,0,0,0,0,0.0625383
742991,18,1,220466,61042,52994,159424,323479,0,0,0,0,0.0597942
742994,18,2,208986,57261,50667,151712,305727,1,0,0,0,0.14855
742999,18,1,220654,60864,53525,159790,322475,0,0,0,0,0.0588814
743012,36,1,208848,57355,50112,151493,305025,0,0,0,0,0.0570667
743015,36,1,244302,68591,59673,175711,365618,0,0,0,0,0.0690852
743018,36,1,234926,65432,57223,169494,348874,0,0,0,0,0.0828635
743020,6,1,211366,57360,50925,154006,301239,0,0,0,0,0.0899673
743021,18,1,229903,64486,56743,165417,343551,0,0,0,0,0.0671197
743024,18,1,235192,65881,57946,169311,350171,0,0,0,0,0.0688303
743029,18,1,207683,56440,49306,151243,294932,0,0,0,0,0.0614553
743030,18,1,195106,53181,46427,141925,279933,0,0,0,0,0.0623325
743031,18,1,225880,62425,54297,163455,331688,0,0,0,0,0.065274
743034,18,1,226701,62794,54439,163907,334164,0,0,0,0,0.0688621
743039,18,1,208089,55950,48955,152139,292101,0,0,0,0,0.0610612
743052,36,1,236619,66075,57837,170544,351571,0,0,0,0,0.066219
743055,36,1,235275,65674,57258,169601,349557,0,0,0,0,0.0629864
743058,36,1,207284,57419,49684,149865,303784,0,0,0,0,0.0644151
743060,18,2,388967,105900,93662,283054,553979,1,0,0,0,0.195544
743061,18,2,287111,79774,70700,207324,424585,1,0,0,0,0.155862
743064,18,2,205982,55587,49377,150383,292790,1,0,0,0,0.122516
743069,18,1,191248,51042,44622,140206,266036,0,0,0,0,0.0530099
743082,36,1,229058,63601,55331,165457,338283,0,0,0,0,0.0659029
743085,36,1,232681,64990,56364,167691,346597,0,0,0,0,0.0655484
743088,36,1,203532,56295,48806,147237,298155,0,0,0,0,0.0641584
743110,18,1,193033,51809,45668,141224,270076,0,0,0,0,0.0615999
743111,18,2,204120,55187,48693,148921,291441,1,0,0,0,0.121511
743112,18,1,219609,60536,52798,159073,320767,0,0,0,0,0.0626459
743113,18,1,211600,57791,50848,153809,304788,0,0,0,0,0.0647685
743114,18,2,206172,55639,49122,150520,293463,1,0,0,0,0.11835
743115,18,1,221605,61354,53274,160251,325833,0,0,0,0,0.0686325
743116,18,1,210161,57360,50550,152801,302354,0,0,0,0,0.0764989
743117,18,2,197637,53382,47214,144243,283271,1,0,0,0,0.139723
743118,18,1,205899,56083,48978,149816,294870,0,0,0,0,0.0806961
743119,18,2,301242,82432,72126,218798,435635,1,0,0,0,0.146333
743150,6,1,210372,58544,51952,151828,311720,0,0,0,0,0.0750603
743151,18,1,224949,62904,55686,162045,331807,0,0,0,0,0.0607111
743154,18,1,238199,67013,58493,171186,356922,0,0,0,0,0.0658608
743159,18,1,238977,67337,58598,171640,358718,0,0,0,0,0.0669412
743160,18,1,189847,52486,45488,137361,278699,0,0,0,0,0.0568687
743161,18,2,260479,73378,64962,187089,392069,1,0,0,0,0.14
743164,18,1,217187,59266,51541,157921,312460,0,0,0,0,0.06002
743169,18,1,218821,59817,51939,159004,315644,0,0,0,0,0.0606848
743182,36,1,208353,57417,50813,150936,304017,0,0,0,0,0.0576243
743185,36,1,235094,66144,57273,168950,353149,0,0,0,0,0.0621797
743188,36,1,235985,66067,57190,169918,352253,0,0,0,0,0.0633132
743210,6,1,234360,65638,57982,168722,350909,0,0,0,0,0.0810136
743211,18,2,199757,54778,48117,144966,292131,1,0,0,0,0.11807
743214,18,1,223046,61438,52980,161608,326821,0,0,0,0,0.0660903
743219,18,2,296186,82654,72334,213519,443034,1,0,0,0,0.13268
743220,18,1,211148,59280,51008,151868,317717,0,0,0,0,0.0630422
743221,18,2,203696,55841,49402,147842,298143,1,0,0,0,0.116684
743224,18,1,215712,59053,51639,156659,312851,0,0,0,0,0.0657823
743229,18,1,214488,59268,52150,155220,315039,0,0,0,0,0.0612664
743242,36,1,226042,61895,54068,164147,327473,0,0,0,0,0.0613183
743245,36,1,233203,64966,56507,168237,346181,0,0,0,0,0.077638
743248,36,1,230134,64091,56179,166043,342139,0,0,0,0,0.0667818
743260,6,1,230847,64765,57142,166082,346333,0,0,0,0,0.0991731
743261,18,2,203422,55927,49420,147482,298154,1,0,0,0,0.123099
743264,18,1,225268,62054,53634,163214,330258,0,0,0,0,0.0613687
743269,18,2,300115,83540,73272,216562,446905,1,0,0,0,0.136906
743270,18,1,208398,58480,50280,149918,313248,0,0,0,0,0.0612982
743271,18,2,226236,63160,55884,163063,338604,1,0,0,0,0.132783
743274,18,1,219144,60013,52627,159131,317731,0,0,0,0,0.07114
743279,18,1,220244,60745,53615,159499,322152,0,0,0,0,0.0675976
743292,36,1,222272,60808,53079,161464,321539,0,0,0,0,0.0646074
743295,36,1,240844,67351,58519,173493,358884,0,0,0,0,0.078603
743298,36,1,236472,65973,57830,170499,352566,0,0,0,0,0.0881459
743300,6,1,210905,57135,50724,153770,299932,0,0,0,0,0.0841386
743301,18,1,226000,63351,55820,162649,337736,0,0,0,0,0.0669994
743304,18,1,233740,65621,57753,168119,349290,0,0,0,0,0.0695875
743309,18,1,200403,54400,47817,146003,284730,0,0,0,0,0.0592177
743310,18,1,194979,53117,46331,141862,279563,0,0,0,0,0.0618714
743311,18,1,219488,60850,52948,158638,323736,0,0,0,0,0.0632938
743314,18,1,226490,62624,54571,163866,332887,0,0,0,0,0.0618724
743319,18,2,317291,86739,75849,230540,460316,1,0,0,0,0.146391
743332,36,1,235146,65762,57642,169384,350270,0,0,0,0,0.0663391
743335,36,1,236368,66029,57904,170339,351417,0,0,0,0,0.0635245
743338,36,1,208236,57696,50070,150540,305610,0,0,0,0,0.0610232
743340,18,2,388783,105840,93620,282930,553638,1,0,0,0,0.170822
743341,18,2,287003,79737,70671,207253,424343,1,0,0,0,0.148871
743344,18,2,205974,55577,49360,150385,292709,1,0,0,0,0.128557
743349,18,1,190993,50964,44573,140029,265595,0,0,0,0,0.0557099
743362,36,1,223000,61706,53796,161294,328658,0,0,0,0,0.0614432
743365,36,1,228963,63266,55204,165697,336787,0,0,0,0,0.0643533
743368,36,2,182908,48751,42761,134144,257654,1,0,0,0,0.159912
743390,18,1,192681,51716,45596,140965,269597,0,0,0,0,0.09089
743391,18,2,204092,55178,48685,148902,291361,1,0,0,0,0.133141
743392,18,1,215868,59487,52012,156381,315885,0,0,0,0,0.0625743
743393,18,1,200042,54507,48119,145535,288093,0,0,0,0,0.0643724
743394,18,2,206127,55628,49119,150486,293401,1,0,0,0,0.119258
743395,18,1,217967,59914,52264,158053,318006,0,0,0,0,0.0618008
743396,18,1,207642,56302,49574,151340,297089,0,0,0,0,0.0618986
743397,18,2,184122,49072,43171,135037,259092,1,0,0,0,0.129898
743398,18,2,186978,50453,44373,136513,267103,1,0,0,0,0.149816
743399,18,2,301194,82422,72132,218760,435577,1,0,0,0,0.167015
743440,18,1,203904,55418,48254,148486,289884,0,0,0,0,0.0699944
743441,18,1,203810,55381,48267,148429,289654,0,0,0,0,0.0725405
743444,18,2,300635,85029,74512,215593,454918,1,0,0,0,0.17109
743449,18,2,310272,87176,75943,223083,465354,1,0,0,0,0.16546
743462,36,1,207215,57185,49960,150030,302159,0,0,0,0,0.0603938
743465,36,1,238438,67184,58350,171254,359578,0,0,0,0,0.0642635
743468,36,1,240299,67864,58943,172435,363611,0,0,0,0,0.0631921
743500,18,1,225947,62480,54427,163467,331066,0,0,0,0,0.0619568
743501,18,1,232806,64120,55948,168686,337762,0,0,0,0,0.0649686
743504,18,1,208836,57388,50171,151448,305036,0,0,0,0,0.0756803
743509,18,2,286020,80191,70382,205818,429554,1,0,0,0,0.177693
743522,36,1,222904,60985,52845,161919,321326,0,0,0,0,0.0772996
743525,36,1,242877,67958,59560,174919,363769,0,0,0,0,0.0816499
743528,36,1,240933,67208,58557,173725,359402,0,0,0,0,0.0712004
743550,18,1,223543,62013,54010,161530,328719,0,0,0,0,0.0857173
743551,18,2,338229,95744,84327,242472,513459,1,0,0,0,0.187356
743554,18,1,212036,58365,51042,153671,310568,0,0,0,0,0.0853887
743559,18,2,286430,80009,70273,206410,428302,1,0,0,0,0.176957
743572,36,1,216011,59057,51098,156954,311774,0,0,0,0,0.0634056
743575,36,1,246051,69093,60474,176958,370084,0,0,0,0,0.0780482
743578,36,1,245378,68630,59867,176748,367164,0,0,0,0,0.0950498
743590,18,2,261157,73924,65281,187220,394261,1,0,0,0,0.153822
743591,18,1,224508,62301,54219,162207,331390,0,0,0,0,0.0779205
743594,18,1,225807,62364,54342,163443,331613,0,0,0,0,0.0674455
743599,18,1,191069,51288,44794,139781,269441,0,0,0,0,0.0743248
743612,36,1,234826,65293,57067,169533,348051,0,0,0,0,0.068928
743615,36,1,237975,65899,57714,172076,350985,0,0,0,0,0.0669963
743618,36,1,214272,58685,50993,155587,311377,0,0,0,0,0.0607656
743620,18,2,263295,74149,65789,189133,393646,1,0,0,0,0.158701
743621,18,2,204346,55719,49239,148614,295445,1,0,0,0,0.150566
743624,18,2,201177,54679,48226,146485,289890,1,0,0,0,0.124684
743629,18,1,190768,51228,44750,139540,269152,0,0,0,0,0.0589306
743642,36,1,236267,65693,57613,170574,350390,0,0,0,0,0.0774917
743645,36,1,240857,66807,58557,174050,356292,0,0,0,0,0.0654257
743648,36,1,216192,59402,51854,156790,315639,0,0,0,0,0.0671354
743670,18,1,186978,50048,43918,136930,261479,0,0,0,0,0.0851713
743671,18,1,216229,59759,52080,156470,317588,0,0,0,0,0.0639209
743672,18,1,211155,58202,50807,152953,309447,0,0,0,0,0.0658527
743673,18,1,205234,56375,49538,148859,297484,0,0,0,0,0.0624126
743674,18,1,218900,60176,52573,158724,319548,0,0,0,0,0.0666151
743675,18,1,213555,58710,51260,154845,312284,0,0,0,0,0.0861297
743676,18,1,212386,58138,51201,154248,306080,0,0,0,0,0.0683965
743677,18,1,179711,48502,42560,131209,256194,0,0,0,0,0.0756626
743678,18,1,196923,53693,46853,143230,283112,0,0,0,0,0.0761277
743679,18,1,196403,53523,46741,142880,282158,0,0,0,0,0.0868683
743950,18,1,214314,58054,51552,156260,303916,0,0,0,0,0.0962826
743951,18,1,217706,60908,53887,156798,324245,0,0,0,0,0.0758251
743952,18,1,216025,60362,53531,155663,321406,0,0,0,0,0.0753301
743953,18,1,214858,59621,52668,155237,316273,0,0,0,0,0.0983015
743954,18,1,227937,63858,56535,164079,339370,0,0,0,0,0.0761477
743955,18,1,226906,63514,56392,163392,337742,0,0,0,0,0.0773476
743956,18,1,222960,61716,54509,161244,326623,0,0,0,0,0.0707251
743957,18,1,195277,52966,46520,142311,277789,0,0,0,0,0.0697873
743958,18,1,190214,50803,44501,139411,264046,0,0,0,0,0.0654082
743959,18,1,189822,50682,44368,139140,263335,0,0,0,0,0.0668293
744020,36,1,187095,50874,44423,136221,268449,0,0,0,0,0.0586933
744021,36,1,187400,50938,44428,136462,268707,0,0,0,0,0.0629069
744022,36,1,184755,50330,43701,134425,267585,0,0,0,0,0.0576881
744023,36,1,213186,59886,53249,153300,319672,0,0,0,0,0.0765683
744024,36,1,216042,59744,51215,156298,315718,0,0,0,0,0.0993822
744025,36,1,213144,59844,52283,153300,320776,0,0,0,0,0.0718219
744026,36,1,213989,59757,51749,154232,320117,0,0,0,0,0.060268
744027,36,1,212553,59203,51713,153350,316534,0,0,0,0,0.0702272
744028,36,1,216871,60679,53158,156192,324986,0,0,0,0,0.0623534
744029,36,1,217777,60622,52443,157155,321338,0,0,0,0,0.0732949
744080,36,1,226034,62745,54412,163289,334352,0,0,0,0,0.0732839
744081,36,1,232834,64006,55677,168828,338361,0,0,0,0,0.0738205
744082,36,1,225374,62811,54598,162563,334100,0,0,0,0,0.0839467
744083,36,1,240099,67833,59752,172266,363819,0,0,0,0,0.0826741
744084,36,1,222567,61500,53476,161067,328292,0,0,0,0,0.0732588
744085,36,1,224046,61751,53698,162295,329464,0,0,0,0,0.0713094
744086,36,1,225533,62602,54155,162931,334111,0,0,0,0,0.0633277
744087,36,1,233526,64663,56442,168863,345296,0,0,0,0,0.0854461
744088,36,1,226933,63342,54829,163591,338748,0,0,0,0,0.0872986
744089,36,1,222401,61679,53080,160722,327805,0,0,0,0,0.0854542
744130,36,1,221308,61517,53361,159791,327875,0,0,0,0,0.0666922
744131,36,1,228604,63366,55183,165238,335763,0,0,0,0,0.0652327
744132,36,1,223259,62465,54186,160794,332804,0,0,0,0,0.065411
744133,36,1,236973,67089,59087,169884,359886,0,0,0,0,0.0824199
744134,36,1,221808,61034,53237,160774,325250,0,0,0,0,0.067314
744135,36,1,227560,62771,54670,164789,334651,0,0,0,0,0.0632436
744136,36,1,230140,63938,55500,166202,341638,0,0,0,0,0.0634454
744137,36,1,236209,65513,57355,170696,349666,0,0,0,0,0.0853178
744138,36,1,233402,65053,56720,168349,347909,0,0,0,0,0.0696498
744139,36,1,232386,64356,55504,168030,341513,0,0,0,0,0.0644693
744170,36,1,212533,58958,51581,153575,312143,0,0,0,0,0.0630674
744171,36,1,226881,62717,54391,164164,333536,0,0,0,0,0.0605775
744172,36,1,235184,65665,57258,169519,350055,0,0,0,0,0.0631699
744173,36,1,225292,62389,54309,162903,332088,0,0,0,0,0.0611403
744174,36,1,231239,64027,55430,167212,340262,0,0,0,0,0.0616793
744175,36,1,238275,66429,58170,171846,353737,0,0,0,0,0.0642148
744176,36,1,226901,63006,54726,163895,335911,0,0,0,0,0.0620976
744177,36,1,220837,60956,53539,159881,323012,0,0,0,0,0.0602199
744178,36,1,216586,58970,50962,157616,310274,0,0,0,0,0.0616353
744179,36,1,200461,54662,47295,145799,287437,0,0,0,0,0.0572424
744200,36,1,220688,61215,53705,159473,322744,0,0,0,0,0.0650678
744201,36,2,199899,54638,48216,145248,290249,1,0,0,0,0.115927
744202,36,1,231368,64499,56220,166869,343690,0,0,0,0,0.063768
744203,36,1,219561,60784,52792,158777,324050,0,0,0,0,0.0756163
744204,36,2,200796,54878,48363,145905,291785,1,0,0,0,0.132325
744205,36,1,236073,65682,57491,170391,349531,0,0,0,0,0.0661175
744206,36,1,226075,62535,54424,163540,333288,0,0,0,0,0.0769147
744207,36,1,211288,58092,50921,153196,308859,0,0,0,0,0.086986
744208,36,1,214222,58414,50991,155808,307248,0,0,0,0,0.0707712
744209,36,1,200224,54567,47220,145657,286850,0,0,0,0,0.0736289
744220,36,1,209157,57882,50163,151275,304841,0,0,0,0,0.0710802
744221,36,1,221913,61430,53459,160483,326134,0,0,0,0,0.067257
744222,36,1,220395,60822,52824,159573,323153,0,0,0,0,0.0788568
744223,36,1,214412,58999,50910,155413,312288,0,0,0,0,0.0905194
744224,36,1,229445,63850,55595,165595,339823,0,0,0,0,0.0932749
744225,36,1,227483,62883,54672,164600,334381,0,0,0,0,0.0889217
744226,36,1,219914,60330,52118,159584,318645,0,0,0,0,0.0797894
744227,36,1,202400,55837,48700,146563,297422,0,0,0,0,0.075718
744228,36,1,195787,52954,46333,142833,277962,0,0,0,0,0.0605814
744229,36,1,195405,52824,46215,142581,277247,0,0,0,0,0.0721202
745100,6,1,211485,59000,52313,152485,314298,0,0,0,0,0.0771353
745101,18,1,185360,51040,44292,134320,271063,0,0,0,0,0.0707021
745104,18,2,264921,75657,67211,189251,407167,1,0,0,0,0.147938
745109,18,2,261273,74201,66143,187059,398854,1,0,0,0,0.13451
745110,6,1,211481,59019,52335,152462,314409,0,0,0,0,0.0771261
745111,18,1,201984,56163,49584,145821,298437,0,0,0,0,0.0597964
745114,18,1,219612,61677,53524,157935,330353,0,0,0,0,0.0633828
745119,18,1,216522,60611,52406,155911,323939,0,0,0,0,0.0633319
745120,18,1,189484,52431,45484,137053,278471,0,0,0,0,0.0576924
745121,18,1,192714,51964,44918,140750,270405,0,0,0,0,0.0566732
745124,18,1,208968,57380,49854,151588,304375,0,0,0,0,0.0868582
745129,18,1,208958,57142,49467,151816,302594,0,0,0,0,0.0827619
745142,36,1,195558,53963,47160,141595,286969,0,0,0,0,0.0768235
745145,36,1,223889,63224,54445,160665,339376,0,0,0,0,0.0648449
745148,36,1,222497,62212,53619,160285,332730,0,0,0,0,0.0712345
745160,6,1,235005,65800,58042,169205,351652,0,0,0,0,0.0889269
745161,18,1,209396,58489,50507,150907,312819,0,0,0,0,0.0645868
745164,18,2,254070,71351,63091,182706,382353,1,0,0,0,0.140123
745169,18,2,205290,56240,49784,149037,298415,1,0,0,0,0.1236
745170,6,1,235113,65847,58085,169266,351944,0,0,0,0,0.0865527
745171,18,2,193275,52672,46199,140590,280509,1,0,0,0,0.145343
745174,18,1,225021,62550,53792,162471,333277,0,0,0,0,0.069619
745179,18,2,256155,71588,62971,184554,384014,1,0,0,0,0.136966
745180,18,1,211391,59329,51075,152062,317863,0,0,0,0,0.0672851
745181,18,1,222134,61435,53120,160699,325450,0,0,0,0,0.0625603
745184,18,2,200642,54626,48242,146003,291029,1,0,0,0,0.126467
745189,18,1,217459,60060,52402,157399,318822,0,0,0,0,0.0607512
745202,36,1,211436,58122,50847,153314,309122,0,0,0,0,0.0645521
745205,36,1,234760,65479,56900,169281,348617,0,0,0,0,0.0695298
745208,36,1,229824,63797,55600,166027,339663,0,0,0,0,0.0713147
745210,6,1,230995,64823,57230,166172,346581,0,0,0,0,0.0846022
745211,18,1,206649,57706,49887,148943,308502,0,0,0,0,0.081825
745214,18,2,254749,71258,63114,183478,381305,1,0,0,0,0.172338
745219,18,2,207103,56310,49841,150780,297823,1,0,0,0,0.131555
745220,6,1,231168,64882,57269,166286,346946,0,0,0,0,0.110272
745221,18,2,194940,53267,46948,141660,283686,1,0,0,0,0.126765
745224,18,1,227512,63013,54544,164499,335490,0,0,0,0,0.0626957
745229,18,1,227518,62424,54391,165094,329958,0,0,0,0,0.0628287
745230,18,1,208979,58622,50417,150357,313885,0,0,0,0,0.0631023
745231,18,1,220873,61203,53179,159670,324481,0,0,0,0,0.0608546
745234,18,2,209615,57485,50814,152117,307024,1,0,0,0,0.125581
745239,18,1,221956,61229,53702,160727,324500,0,0,0,0,0.0681684
745252,36,1,208684,57318,50082,151366,304764,0,0,0,0,0.0846677
745255,36,1,244361,68706,59695,175655,366438,0,0,0,0,0.086976
745258,36,1,234505,65335,57077,169170,348396,0,0,0,0,0.0664459
745260,6,1,211233,57204,50831,154029,300128,0,0,0,0,0.092796
745261,18,1,229618,64363,56516,165255,342839,0,0,0,0,0.0690913
745264,18,1,234822,65705,57724,169117,349073,0,0,0,0,0.0731706
745269,18,1,207680,56371,49250,151309,294400,0,0,0,0,0.0670608
745270,18,1,193744,52733,46069,141011,277355,0,0,0,0,0.0662912
745271,18,1,225630,62430,54290,163200,331746,0,0,0,0,0.0839598
745274,18,1,226357,62790,54398,163567,334294,0,0,0,0,0.0788382
745279,18,1,208242,56066,49072,152176,292890,0,0,0,0,0.0596875
745292,36,1,236732,66132,57940,170600,351847,0,0,0,0,0.0633579
745295,36,1,235287,65749,57359,169538,350042,0,0,0,0,0.0643119
745298,36,1,207208,57463,49816,149745,304145,0,0,0,0,0.0603993
745300,18,2,390363,106377,94145,283973,556752,1,0,0,0,0.182462
745301,18,2,284493,79025,70107,205455,420726,1,0,0,0,0.158612
745304,18,2,206756,55953,49710,150791,294999,1,0,0,0,0.138224
745309,18,1,191314,51100,44568,140214,266400,0,0,0,0,0.0543595
745322,36,1,228635,63553,55333,165082,338040,0,0,0,0,0.0645806
745325,36,1,232237,64918,56363,167319,346263,0,0,0,0,0.0658996
745328,36,1,203690,56377,48990,147313,298669,0,0,0,0,0.0579574
745350,18,1,193677,51894,45693,141783,270231,0,0,0,0,0.0651098
745351,18,2,204860,55568,49100,149280,293877,1,0,0,0,0.157207
745352,18,1,220034,60680,52992,159354,321534,0,0,0,0,0.0651845
745353,18,1,211717,57843,50844,153874,305092,0,0,0,0,0.0626719
745354,18,2,206850,55982,49504,150855,295607,1,0,0,0,0.136247
745355,18,1,221881,61431,53382,160450,326212,0,0,0,0,0.0689528
745356,18,1,210516,57446,50517,153070,302845,0,0,0,0,0.0630773
745357,18,2,198375,53501,47219,144862,283823,1,0,0,0,0.142282
745358,18,1,206112,56186,49112,149926,295458,0,0,0,0,0.0626351
745359,18,2,278828,76073,66633,202743,401786,1,0,0,0,0.145553
745390,6,1,211413,58999,52326,152414,314292,0,0,0,0,0.0783188
745391,18,1,224170,62674,55499,161496,330564,0,0,0,0,0.0625879
745394,18,1,238318,67169,58665,171149,358069,0,0,0,0,0.0668252
745399,18,1,239415,67558,58803,171857,359998,0,0,0,0,0.0675979
745400,18,1,189351,52396,45455,136955,278271,0,0,0,0,0.058065
745401,18,2,260198,73400,64874,186786,392430,1,0,0,0,0.181432
745404,18,1,217959,59461,51792,158498,313431,0,0,0,0,0.081996
745409,18,1,218657,59800,51947,158857,315525,0,0,0,0,0.0633036
745422,36,1,208735,57527,50842,151208,304609,0,0,0,0,0.0611798
745425,36,1,235183,66162,57212,169021,353292,0,0,0,0,0.0724272
745428,36,1,236256,66164,57248,170092,352688,0,0,0,0,0.0853427
745450,6,1,234650,65729,58013,168921,351358,0,0,0,0,0.0803763
745451,18,2,200100,54930,48254,145157,292970,1,0,0,0,0.119016
745454,18,1,222459,61340,52862,161119,326431,0,0,0,0,0.086068
745459,18,2,320201,89191,78083,230997,477209,1,0,0,0,0.153468
745460,18,1,211292,59305,51037,151987,317753,0,0,0,0,0.0678173
745461,18,2,203680,55915,49408,147752,298665,1,0,0,0,0.124742
745464,18,1,217228,59776,52165,157452,317113,0,0,0,0,0.0700105
745469,18,1,215318,59516,52339,155802,316409,0,0,0,0,0.0635897
745482,36,1,225876,61894,54089,163982,327429,0,0,0,0,0.0654581
745485,36,1,233058,65044,56555,168014,346809,0,0,0,0,0.0656331
745488,36,1,229136,63909,56002,165227,341430,0,0,0,0,0.0721589
745500,6,1,230930,64818,57178,166112,346612,0,0,0,0,0.0847585
745501,18,2,203972,56196,49673,147763,299779,1,0,0,0,0.121936
745504,18,1,225051,62027,53592,163024,330192,0,0,0,0,0.0637186
745509,18,2,324080,90112,78973,233955,481430,1,0,0,0,0.14281
745510,18,1,208701,58546,50321,150155,313454,0,0,0,0,0.0747818
745511,18,2,225773,63117,55803,162643,338484,1,0,0,0,0.147182
745514,18,1,221826,61030,53386,160796,323553,0,0,0,0,0.0895502
745519,18,1,220958,60992,53837,159966,323566,0,0,0,0,0.0717011
745532,36,1,222309,60907,53205,161402,322146,0,0,0,0,0.0805107
745535,36,1,241137,67556,58699,173581,360156,0,0,0,0,0.073231
745538,36,1,235314,65751,57705,169563,351540,0,0,0,0,0.0841189
745540,6,1,210768,56978,50627,153790,298816,0,0,0,0,0.100065
745541,18,1,225501,63209,55681,162292,336931,0,0,0,0,0.068096
745544,18,1,233276,65521,57605,167755,348773,0,0,0,0,0.0703888
745549,18,1,199265,54073,47532,145192,282922,0,0,0,0,0.0617767
745550,18,1,193601,52663,45968,140938,276952,0,0,0,0,0.0670742
745551,18,1,219439,60878,52964,158561,323714,0,0,0,0,0.0695081
745554,18,1,226476,62732,54561,163744,333619,0,0,0,0,0.0703427
745559,18,2,319178,87316,76217,231850,463418,1,0,0,0,0.151198
745572,36,1,234892,65740,57725,169152,350143,0,0,0,0,0.0654124
745575,36,1,236241,66056,57953,170185,351672,0,0,0,0,0.0701774
745578,36,1,208321,57820,50198,150501,306372,0,0,0,0,0.0613364
745580,18,2,390179,106321,94103,283845,556440,1,0,0,0,0.176613
745581,18,2,284390,79001,70095,205376,420601,1,0,0,0,0.156911
745584,18,2,206669,55927,49698,150730,294844,1,0,0,0,0.116355
745589,18,1,191053,51022,44519,140031,265963,0,0,0,0,0.0514664
745602,36,1,222169,61535,53644,160634,327741,0,0,0,0,0.123956
745605,36,1,228193,63133,55069,165060,336168,0,0,0,0,0.0855716
745608,36,2,183628,49004,42951,134611,259154,1,0,0,0,0.130036
745630,18,1,193308,51802,45620,141506,269768,0,0,0,0,0.0788525
745631,18,2,204944,55581,49113,149351,293918,1,0,0,0,0.126075
745632,18,1,215576,59469,52035,156107,315828,0,0,0,0,0.0616897
745633,18,1,200347,54510,48042,145837,287964,0,0,0,0,0.0612092
745634,18,2,206938,55998,49518,150927,295672,1,0,0,0,0.118955
745635,18,1,218138,60013,52411,158125,318586,0,0,0,0,0.0608127
745636,18,1,208098,56371,49540,151727,297322,0,0,0,0,0.0578735
745637,18,2,184689,49274,43295,135402,260325,1,0,0,0,0.13832
745638,18,2,188530,50867,44610,137651,269383,1,0,0,0,0.133905
745639,18,2,278813,76074,66643,202727,401794,1,0,0,0,0.148656
745680,18,1,204970,55734,48414,149236,291561,0,0,0,0,0.0705011
745681,18,1,204876,55696,48427,149180,291324,0,0,0,0,0.0590602
745684,18,2,331624,94126,82343,237485,503191,1,0,0,0,0.1555
745689,18,2,340976,95967,83363,244996,511765,1,0,0,0,0.162331
745702,36,1,206930,57190,49979,149740,302311,0,0,0,0,0.0731335
745705,36,1,237200,66786,57989,170414,357447,0,0,0,0,0.0880262
745708,36,1,239043,67413,58605,171630,361069,0,0,0,0,0.0801691
745740,18,1,226606,62681,54560,163925,332107,0,0,0,0,0.0678625
745741,18,1,233199,64250,56023,168949,338419,0,0,0,0,0.0702311
745744,18,1,211275,58288,50912,152987,310183,0,0,0,0,0.0737616
745749,18,2,313546,88042,77213,225493,470882,1,0,0,0,0.163832
745762,36,1,223382,61188,52958,162194,322301,0,0,0,0,0.0703383
745765,36,1,242902,67997,59497,174905,363995,0,0,0,0,0.0935049
745768,36,1,240807,67213,58512,173594,359426,0,0,0,0,0.0908934
745790,18,1,224049,62185,54104,161864,329553,0,0,0,0,0.0688494
745791,18,2,310093,87702,77240,222378,471181,1,0,0,0,0.163116
745794,18,1,214034,59129,51645,154905,314834,0,0,0,0,0.0773167
745799,18,2,313194,87756,77054,225427,469140,1,0,0,0,0.216348
745812,36,1,216421,59237,51200,157184,312635,0,0,0,0,0.0868574
745815,36,1,245673,69005,60317,176668,369604,0,0,0,0,0.0787108
745818,36,1,244875,68520,59697,176355,366633,0,0,0,0,0.0769046
745830,18,2,262876,74431,65801,188432,397034,1,0,0,0,0.153591
745831,18,1,225105,62565,54499,162540,332882,0,0,0,0,0.0664863
745834,18,1,226284,62575,54549,163709,332751,0,0,0,0,0.0654264
745839,18,1,192205,51666,45054,140539,271394,0,0,0,0,0.0594497
745852,36,1,234805,65372,57142,169433,348578,0,0,0,0,0.0655472
745855,36,1,238030,66054,57776,171976,352131,0,0,0,0,0.0691553
745858,36,1,214356,58922,51286,155434,313038,0,0,0,0,0.066171
745860,18,2,266210,75023,66640,191174,398422,1,0,0,0,0.156439
745861,18,2,206115,56245,49712,149857,298423,1,0,0,0,0.131448
745864,18,2,203740,55483,49037,148244,294428,1,0,0,0,0.128373
745869,18,1,191904,51606,45010,140298,271105,0,0,0,0,0.0740462
745882,36,1,236372,65797,57623,170575,350984,0,0,0,0,0.0901278
745885,36,1,240926,66911,58622,174015,356944,0,0,0,0,0.0673104
745888,36,1,216399,59586,52019,156813,316706,0,0,0,0,0.0709019
745910,18,1,187787,50128,44009,137659,261561,0,0,0,0,0.0651617
745911,18,1,216352,59854,52195,156498,318086,0,0,0,0,0.0695073
745912,18,1,211440,58362,50962,153078,310347,0,0,0,0,0.0744506
745913,18,1,205175,56268,49433,148907,296748,0,0,0,0,0.0639058
745914,18,1,219290,60347,52795,158943,320448,0,0,0,0,0.0875489
745915,18,1,214265,59019,51580,155246,314030,0,0,0,0,0.0821372
745916,18,1,212260,57989,51030,154271,305071,0,0,0,0,0.0860026
745917,18,1,181096,49056,43092,132040,259293,0,0,0,0,0.0685466
745918,18,1,197639,53936,47110,143703,284428,0,0,0,0,0.076568
745919,18,1,197139,53767,47000,143372,283468,0,0,0,0,0.0739585
746190,18,1,214172,57930,51465,156242,303093,0,0,0,0,0.0890842
746191,18,1,217342,60742,53824,156600,323156,0,0,0,0,0.0699136
746192,18,1,216107,60392,53576,155715,321499,0,0,0,0,0.0711168
746193,18,1,214596,59581,52630,155015,316049,0,0,0,0,0.0869902
746194,18,1,227995,63804,56559,164191,338920,0,0,0,0,0.0795412
746195,18,1,227283,63586,56442,163697,338028,0,0,0,0,0.0894094
746196,18,1,222954,61752,54655,161202,326774,0,0,0,0,0.0950583
746197,18,1,195355,52869,46382,142486,276942,0,0,0,0,0.0661605
746198,18,1,190189,50727,44459,139462,263469,0,0,0,0,0.0717966
746199,18,1,189797,50606,44326,139191,262758,0,0,0,0,0.0818265
746320,36,1,225436,62607,54373,162829,333448,0,0,0,0,0.0893566
746321,36,1,232432,63887,55612,168545,337594,0,0,0,0,0.0938206
746322,36,1,224828,62728,54533,162100,333656,0,0,0,0,0.0936781
746323,36,1,240568,67970,59916,172598,364519,0,0,0,0,0.109305
746324,36,1,222481,61465,53458,161016,327989,0,0,0,0,0.0970814
746325,36,1,224200,61802,53770,162398,329785,0,0,0,0,0.0884749
746326,36,1,224888,62407,53935,162481,332980,0,0,0,0,0.077129
746327,36,1,233746,64760,56559,168986,345908,0,0,0,0,0.0643362
746328,36,1,226594,63260,54670,163334,338272,0,0,0,0,0.06356
746329,36,1,222893,61945,53278,160948,329381,0,0,0,0,0.0869979
746370,36,1,221101,61449,53333,159652,327361,0,0,0,0,0.061713
746371,36,1,228285,63205,55102,165080,334634,0,0,0,0,0.0640417
746372,36,1,222870,62328,54157,160542,331911,0,0,0,0,0.0692501
746373,36,1,236914,67106,59081,169808,359909,0,0,0,0,0.0843005
746374,36,1,221330,60868,53149,160462,324246,0,0,0,0,0.0655039
746375,36,1,227400,62739,54671,164661,334524,0,0,0,0,0.0641014
746376,36,1,229461,63751,55272,165710,340605,0,0,0,0,0.0625979
746377,36,1,235650,65369,57265,170281,348945,0,0,0,0,0.0654304
746378,36,1,232829,64947,56499,167882,347441,0,0,0,0,0.0632665
746379,36,1,233112,64714,55780,168398,343663,0,0,0,0,0.0633671
746410,36,1,212659,58859,51467,153800,311382,0,0,0,0,0.0641684
746411,36,1,227371,62900,54540,164471,334584,0,0,0,0,0.0606446
746412,36,1,235697,65761,57363,169936,350467,0,0,0,0,0.0631489
746413,36,1,225772,62628,54498,163144,333572,0,0,0,0,0.0618452
746414,36,1,231154,64054,55455,167100,340491,0,0,0,0,0.0656157
746415,36,1,238724,66544,58301,172180,354324,0,0,0,0,0.068082
746416,36,1,227137,63096,54808,164041,336469,0,0,0,0,0.0671031
746417,36,1,222144,61366,53852,160778,325272,0,0,0,0,0.0633721
746418,36,1,217056,59196,51157,157860,311618,0,0,0,0,0.0640647
746419,36,1,201620,55166,47645,146454,290471,0,0,0,0,0.061935
746440,36,1,220878,61055,53566,159823,321447,0,0,0,0,0.0714117
746441,36,2,200780,54857,48428,145910,291442,1,0,0,0,0.131214
746442,36,1,231540,64506,56280,167034,343606,0,0,0,0,0.0719642
746443,36,1,220458,61080,53078,159378,325718,0,0,0,0,0.0653334
746444,36,2,201383,54966,48431,146404,292147,1,0,0,0,0.126661
746445,36,1,236494,65761,57601,170733,349794,0,0,0,0,0.0909053
746446,36,1,226295,62576,54471,163719,333464,0,0,0,0,0.0637643
746447,36,1,212044,58326,51054,153718,310132,0,0,0,0,0.060432
746448,36,1,214421,58491,51071,155930,307555,0,0,0,0,0.064442
746449,36,1,201393,55071,47570,146322,289876,0,0,0,0,0.0590202
746460,36,1,209933,58016,50262,151917,305414,0,0,0,0,0.0753663
746461,36,1,221842,61487,53620,160355,326467,0,0,0,0,0.0893033
746462,36,1,219967,60818,52942,159149,323302,0,0,0,0,0.0698738
746463,36,1,213907,58944,50848,154963,312069,0,0,0,0,0.0637806
746464,36,1,229773,64020,55792,165753,340747,0,0,0,0,0.0629438
746465,36,1,227730,63035,54866,164695,335267,0,0,0,0,0.0619738
746466,36,1,219569,60233,52067,159336,318029,0,0,0,0,0.0605428
746467,36,1,204175,56326,49034,147849,299913,0,0,0,0,0.0619245
746468,36,1,195971,53032,46410,142939,278264,0,0,0,0,0.0584502
746469,36,1,195575,52895,46288,142680,277508,0,0,0,0,0.057246
747060,6,1,234419,65565,57703,168854,350170,0,0,0,0,0.081714
747061,18,1,204720,56525,48400,148195,300833,0,0,0,0,0.0600887
747064,18,2,283835,80070,70567,203752,429022,1,0,0,0,0.140707
747069,18,2,202936,55308,48998,147615,292398,1,0,0,0,0.131193
747070,6,1,234460,65565,57705,168895,350163,0,0,0,0,0.0872272
747071,18,1,225023,62199,54099,162824,329934,0,0,0,0,0.0681839
747074,18,1,226699,62419,54004,164280,330886,0,0,0,0,0.0631646
747079,18,1,218770,60015,52284,158755,318935,0,0,0,0,0.067259
747080,18,1,206118,56649,48593,149469,300998,0,0,0,0,0.0640751
747081,18,1,223060,61353,53361,161707,323707,0,0,0,0,0.0612552
747084,18,1,223697,61413,53886,162284,324054,0,0,0,0,0.0698903
747089,18,1,217045,59567,52484,157478,316031,0,0,0,0,0.0721498
747102,36,1,213669,58399,51098,155270,309556,0,0,0,0,0.0612927
747105,36,1,232050,63862,55567,168188,338885,0,0,0,0,0.0674006
747108,36,1,228907,63446,55217,165461,338336,0,0,0,0,0.0664476
747120,6,1,234804,65684,57810,169120,350737,0,0,0,0,0.0901265
747121,18,1,204722,56587,48481,148135,301174,0,0,0,0,0.0651337
747124,18,2,283883,80148,70718,203722,429573,1,0,0,0,0.13842
747129,18,2,204251,55744,49347,148494,295003,1,0,0,0,0.114858
747130,6,1,234810,65689,57806,169121,350795,0,0,0,0,0.0809584
747131,18,1,224884,62237,54209,162647,330062,0,0,0,0,0.0629419
747134,18,1,227361,62645,54212,164716,332168,0,0,0,0,0.0617589
747139,18,1,219460,60282,52469,159178,320475,0,0,0,0,0.0624315
747140,18,1,206792,56836,48742,149956,301886,0,0,0,0,0.0768228
747141,18,1,223688,61568,53552,162120,324780,0,0,0,0,0.072051
747144,18,1,224681,61694,54072,162987,325567,0,0,0,0,0.0662093
747149,18,1,218620,60194,53031,158426,319592,0,0,0,0,0.0728645
747162,36,1,214323,58615,51349,155708,310609,0,0,0,0,0.0617245
747165,36,1,232681,64080,55710,168601,340171,0,0,0,0,0.0693508
747168,36,1,229574,63778,55490,165796,340323,0,0,0,0,0.0700081
747170,6,1,195873,53243,46949,142630,282835,0,0,0,0,0.0848144
747171,18,1,172282,47211,40976,125071,251787,0,0,0,0,0.0642738
747174,18,1,202648,56766,49290,145882,305673,0,0,0,0,0.0672168
747179,18,1,206022,58175,50486,147847,313992,0,0,0,0,0.0657478
747180,6,1,195615,53178,46889,142437,282490,0,0,0,0,0.0894787
747181,18,1,187389,51025,44565,136364,270271,0,0,0,0,0.0652639
747184,18,1,218904,61508,53922,157396,329753,0,0,0,0,0.0726595
747189,18,1,224450,63433,55408,161017,340830,0,0,0,0,0.0897209
747190,18,1,175919,47580,40970,128339,252540,0,0,0,0,0.0770466
747191,18,2,353806,96005,83771,257788,510851,1,0,0,0,0.188434
747194,18,2,284371,80175,70505,204183,432855,1,0,0,0,0.165546
747199,18,2,303019,85378,75410,217628,460439,1,0,0,0,0.198031
747212,36,1,186989,50849,44647,136140,271308,0,0,0,0,0.0605426
747215,36,1,227013,64256,55735,162757,345953,0,0,0,0,0.0701721
747218,36,1,226919,64069,55748,162850,344667,0,0,0,0,0.0822843
747220,6,1,187834,51039,44801,136795,270862,0,0,0,0,0.112315
747221,18,1,205934,55689,49069,150245,293053,0,0,0,0,0.0690098
747224,18,1,236205,66699,59120,169506,354765,0,0,0,0,0.0702765
747229,18,1,244433,69312,61412,175121,369648,0,0,0,0,0.0725274
747230,18,1,171630,47162,40281,124468,251712,0,0,0,0,0.062509
747231,18,1,209978,57417,49926,152561,304577,0,0,0,0,0.0610822
747234,18,1,227027,62816,54686,164211,333635,0,0,0,0,0.0620325
747239,18,1,225292,62268,54346,163024,330536,0,0,0,0,0.0621199
747252,36,1,210143,57471,50235,152672,305130,0,0,0,0,0.0628587
747255,36,1,242346,68436,59792,173910,365120,0,0,0,0,0.0664004
747258,36,1,245016,69229,60591,175787,369741,0,0,0,0,0.0690578
747260,18,1,185472,50799,44100,134673,268888,0,0,0,0,0.0598372
747261,18,1,188302,50380,43699,137922,265264,0,0,0,0,0.0548009
747264,18,1,212748,58043,50725,154705,305549,0,0,0,0,0.0638246
747269,18,1,212496,57886,50886,154610,304013,0,0,0,0,0.0595304
747282,36,1,204774,56122,48704,148652,299065,0,0,0,0,0.060763
747285,36,1,231796,65224,57061,166572,349150,0,0,0,0,0.0648839
747288,36,1,233921,65536,57247,168385,350433,0,0,0,0,0.0921184
747310,18,1,169709,45653,39779,124056,240951,0,0,0,0,0.0693856
747311,18,2,241768,66139,58376,175616,353334,1,0,0,0,0.1426
747312,18,2,355386,96285,84333,259088,513134,1,0,0,0,0.197455
747313,18,1,187385,50357,44101,137028,266801,0,0,0,0,0.0708952
747314,18,1,210702,57267,50064,153435,301002,0,0,0,0,0.0804314
747315,18,1,226278,62847,55034,163431,334616,0,0,0,0,0.065995
747316,18,1,215563,59250,52048,156313,314605,0,0,0,0,0.0665573
747317,18,1,213568,58597,51572,154971,310878,0,0,0,0,0.0805283
747318,18,1,225881,62890,54990,162991,335173,0,0,0,0,0.0820578
747319,18,1,210880,56783,49836,154097,297446,0,0,0,0,0.0630027
747350,6,1,234503,65562,57710,168941,350171,0,0,0,0,0.0864284
747351,18,1,230378,63501,55297,166877,335388,0,0,0,0,0.0634763
747354,18,1,219148,60496,52413,158652,321829,0,0,0,0,0.0626342
747359,18,1,217582,59737,51966,157845,317527,0,0,0,0,0.0628995
747360,18,1,205949,56608,48570,149341,300800,0,0,0,0,0.0739699
747361,18,1,228901,62887,54630,166014,330944,0,0,0,0,0.0793178
747364,18,1,214121,58979,51726,155142,312902,0,0,0,0,0.0800462
747369,18,1,212484,58324,51193,154160,309395,0,0,0,0,0.0914521
747382,36,1,218638,59502,51916,159136,314047,0,0,0,0,0.0874655
747385,36,1,225221,62226,54244,162995,331607,0,0,0,0,0.0875288
747388,36,1,225570,62690,54601,162880,334680,0,0,0,0,0.0780978
747410,6,1,234933,65705,57827,169228,350904,0,0,0,0,0.107238
747411,18,1,230091,63498,55336,166593,335350,0,0,0,0,0.0931556
747414,18,1,219855,60673,52579,159182,322738,0,0,0,0,0.0899953
747419,18,1,217823,59935,52086,157888,318761,0,0,0,0,0.0902549
747420,18,1,206700,56815,48738,149885,301795,0,0,0,0,0.0821136
747421,18,1,229554,63067,54813,166487,331775,0,0,0,0,0.0720628
747424,18,1,215201,59301,51967,155900,314671,0,0,0,0,0.0695614
747429,18,1,213964,58899,51725,155065,312645,0,0,0,0,0.0713207
747442,36,1,219370,59800,52185,159570,315751,0,0,0,0,0.0664166
747445,36,1,225453,62314,54279,163139,332095,0,0,0,0,0.0800727
747448,36,1,226266,63060,54863,163206,336842,0,0,0,0,0.0873447
747460,6,1,194529,52782,46558,141747,280226,0,0,0,0,0.0900456
747461,18,1,193515,52536,45912,140979,277198,0,0,0,0,0.0675846
747464,18,1,223633,62430,54785,161203,333215,0,0,0,0,0.0648722
747469,18,1,231203,65077,57037,166126,348455,0,0,0,0,0.0662542
747470,18,1,175574,47434,40835,128140,251659,0,0,0,0,0.0541196
747471,18,2,357911,97679,85110,260219,520266,1,0,0,0,0.166183
747474,18,2,294442,83460,73429,210969,450855,1,0,0,0,0.148648
747479,18,2,314182,88783,78581,225386,478651,1,0,0,0,0.199989
747492,36,1,194109,52625,46259,141484,279958,0,0,0,0,0.0609377
747495,36,1,232816,65787,56941,167029,353167,0,0,0,0,0.0651494
747498,36,1,232166,65423,57004,166743,351060,0,0,0,0,0.0655802
747500,6,1,187989,51057,44818,136932,270899,0,0,0,0,0.0916192
747501,18,1,189810,51267,44939,138543,271251,0,0,0,0,0.065042
747504,18,1,222406,62754,55462,159652,335176,0,0,0,0,0.0775848
747509,18,1,230479,65258,57465,165221,349254,0,0,0,0,0.108126
747510,18,1,171446,47099,40241,124347,251345,0,0,0,0,0.065503
747511,18,1,198319,54470,47004,143849,290735,0,0,0,0,0.062873
747514,18,1,218734,60906,52786,157828,325032,0,0,0,0,0.0661255
747519,18,1,217802,60509,52611,157293,322501,0,0,0,0,0.0669257
747532,36,1,199582,54508,47477,145074,290183,0,0,0,0,0.0642845
747535,36,1,233389,66090,57784,167299,353926,0,0,0,0,0.0842083
747538,36,1,235787,66699,58284,169088,357302,0,0,0,0,0.0653803
747540,18,1,185628,50819,44096,134809,268940,0,0,0,0,0.0599774
747541,18,1,188409,50416,43722,137993,265468,0,0,0,0,0.0544651
747544,18,1,212802,58073,50741,154729,305729,0,0,0,0,0.0562618
747549,18,1,212545,57904,50858,154641,304082,0,0,0,0,0.0568459
747562,36,1,199501,54634,47247,144867,291403,0,0,0,0,0.0580935
747565,36,1,229524,64712,56323,164812,346730,0,0,0,0,0.0628099
747568,36,1,231469,65077,56907,166392,348522,0,0,0,0,0.0630788
747590,18,1,169744,45645,39733,124099,240882,0,0,0,0,0.0568196
747591,18,2,245058,67054,59131,177991,358107,1,0,0,0,0.133949
747592,18,2,349175,94611,82421,254551,504467,1,0,0,0,0.16198
747593,18,1,182052,48876,42649,133176,259275,0,0,0,0,0.0639644
747594,18,1,210688,57260,50040,153428,301005,0,0,0,0,0.058291
747595,18,1,222112,61859,53965,160253,329995,0,0,0,0,0.0615503
747596,18,1,212285,58208,51177,154077,308631,0,0,0,0,0.0612305
747597,18,1,211291,57789,50814,153502,306354,0,0,0,0,0.0641165
747598,18,1,221957,61957,54159,160000,330697,0,0,0,0,0.0614809
747599,18,1,210844,56761,49794,154083,297376,0,0,0,0,0.0565902
747640,18,2,240045,67740,59978,172292,364489,1,0,0,0,0.125582
747641,18,2,200052,54836,48663,145203,292302,1,0,0,0,0.115965
747644,18,1,208978,57811,50729,151167,307593,0,0,0,0,0.0614978
747649,18,1,217265,59983,52362,157282,317996,0,0,0,0,0.0700997
747662,36,1,215809,59181,50999,156628,313392,0,0,0,0,0.0618525
747665,36,1,238166,65940,57429,172226,350859,0,0,0,0,0.0669008
747668,36,1,238445,66323,58074,172122,353701,0,0,0,0,0.0657135
747700,18,2,240773,68045,60283,172715,366392,1,0,0,0,0.158491
747701,18,2,200570,55099,48900,145458,293947,1,0,0,0,0.140374
747704,18,1,209910,58121,50914,151789,309238,0,0,0,0,0.0677408
747709,18,1,218548,60543,52800,158005,321410,0,0,0,0,0.0871379
747722,36,1,216050,59261,51057,156789,313785,0,0,0,0,0.0880558
747725,36,1,238271,65963,57438,172308,350951,0,0,0,0,0.0774025
747728,36,1,238516,66334,58031,172182,353779,0,0,0,0,0.0798929
747750,18,2,294681,80645,70545,214023,431660,1,0,0,0,0.170281
747751,18,2,199750,54874,48004,144863,294477,1,0,0,0,0.147004
747754,18,1,222492,62393,55023,160099,333083,0,0,0,0,0.0674491
747759,18,1,221027,61802,54442,159225,329858,0,0,0,0,0.0707512
747772,36,1,186450,50416,43931,136034,267420,0,0,0,0,0.0627544
747775,36,1,234672,65929,57217,168743,353872,0,0,0,0,0.0722916
747778,36,1,235679,66608,57759,169071,358265,0,0,0,0,0.0722827
747790,18,1,208790,58045,50431,150745,308889,0,0,0,0,0.0792239
747791,18,2,186509,50248,44085,136248,268070,1,0,0,0,0.136811
747794,18,2,203344,56104,49518,147227,301228,1,0,0,0,0.125195
747799,18,2,204867,56401,49862,148453,302673,1,0,0,0,0.12376
747812,36,1,209446,57562,50275,151884,307096,0,0,0,0,0.0640342
747815,36,1,247739,69710,60880,178029,373206,0,0,0,0,0.0758709
747818,36,1,247894,69714,60894,178180,373205,0,0,0,0,0.0729154
747820,18,1,213587,59142,51253,154445,313431,0,0,0,0,0.0824296
747821,18,2,242065,66301,58205,175751,355448,1,0,0,0,0.177873
747824,18,2,278552,78751,69879,199789,424225,1,0,0,0,0.151177
747829,18,2,282443,79787,70747,202644,429930,1,0,0,0,0.160713
747842,36,1,206006,56520,49357,149486,301257,0,0,0,0,0.0735769
747845,36,1,242673,68123,59495,174550,364337,0,0,0,0,0.0727187
747848,36,1,242685,68052,59577,174633,363789,0,0,0,0,0.0694606
747870,18,1,165729,44283,38082,121446,233935,0,0,0,0,0.0615499
747871,18,1,188393,50970,44681,137423,270155,0,0,0,0,0.0666551
747872,18,2,346651,93923,81914,252715,499496,1,0,0,0,0.180543
747873,18,1,185340,50034,43823,135306,264205,0,0,0,0,0.0684723
747874,18,1,228205,63245,55477,164960,334840,0,0,0,0,0.0732312
747875,18,1,220923,61613,53828,159310,328646,0,0,0,0,0.0675627
747876,18,1,205383,57018,49925,148365,304223,0,0,0,0,0.0773749
747877,18,1,205059,56801,49823,148258,302873,0,0,0,0,0.0709101
747878,18,1,218309,60374,53022,157935,320992,0,0,0,0,0.0651285
747879,18,1,229357,63048,55085,166309,332825,0,0,0,0,0.0680352
748150,18,1,195150,53625,47196,141525,284810,0,0,0,0,0.0939666
748151,18,1,182101,49098,42970,133003,260069,0,0,0,0,0.0678127
748152,18,1,192759,51941,45688,140818,273787,0,0,0,0,0.0659691
748153,18,1,210893,56450,49674,154443,294298,0,0,0,0,0.0703593
748154,18,1,235107,65490,57911,169617,345051,0,0,0,0,0.0772769
748155,18,1,217684,61294,54101,156390,327208,0,0,0,0,0.0757535
748156,18,1,211585,59695,52790,151890,320428,0,0,0,0,0.0771795
748157,18,1,221896,62627,55163,159269,336319,0,0,0,0,0.0806654
748158,18,1,228430,64544,56954,163886,344978,0,0,0,0,0.0958712
748159,18,1,243678,68125,60165,175553,359473,0,0,0,0,0.0815259
748330,36,1,169415,45362,39429,124053,240334,0,0,0,0,0.0621468
748331,36,1,188009,50870,44338,137139,269127,0,0,0,0,0.069703
748332,36,1,197971,54580,47034,143391,290678,0,0,0,0,0.0640266
748333,36,1,197480,54410,47831,143070,290750,0,0,0,0,0.0748182
748334,36,1,207884,58745,50814,149139,317049,0,0,0,0,0.0625902
748335,36,1,212078,59975,52423,152103,323484,0,0,0,0,0.0609521
748336,36,1,222905,63227,55498,159678,340703,0,0,0,0,0.0634989
748337,36,1,218339,61345,53720,156994,329770,0,0,0,0,0.0619937
748338,36,1,217524,61750,54025,155774,333706,0,0,0,0,0.0660045
748339,36,1,210749,59803,52136,150946,323542,0,0,0,0,0.0645376
748370,36,1,190578,53154,46002,137424,283834,0,0,0,0,0.0668264
748371,36,2,296848,81180,71067,215655,434075,1,0,0,0,0.149346
748372,36,1,217094,60233,52973,156861,321899,0,0,0,0,0.0692467
748373,36,1,201047,55387,48087,145660,296504,0,0,0,0,0.0611325
748374,36,1,230281,64727,56315,165554,345368,0,0,0,0,0.0632262
748375,36,1,238353,67141,58819,171212,359632,0,0,0,0,0.0663015
748376,36,1,241378,68689,60200,172689,368705,0,0,0,0,0.0685328
748377,36,1,238759,67377,59127,171382,360783,0,0,0,0,0.0664272
748378,36,1,241628,68459,60032,173169,367257,0,0,0,0,0.0696133
748379,36,1,234496,66067,57609,168429,352735,0,0,0,0,0.0668795
748400,36,1,200557,56169,48783,144388,299432,0,0,0,0,0.0685762
748401,36,2,296633,80993,71019,215627,433074,1,0,0,0,0.155243
748402,36,1,215336,59268,51797,156068,315667,0,0,0,0,0.0654483
748403,36,1,193736,53356,46532,140380,285486,0,0,0,0,0.0598113
748404,36,1,228574,64278,55928,164296,343176,0,0,0,0,0.0625549
748405,36,1,237563,66964,58703,170599,358736,0,0,0,0,0.0679323
748406,36,1,232896,66040,57666,166856,354949,0,0,0,0,0.0842734
748407,36,1,231470,65256,57229,166214,350154,0,0,0,0,0.0819525
748408,36,1,243302,69038,60544,174264,370425,0,0,0,0,0.0696277
748409,36,1,232128,65437,57147,166691,349535,0,0,0,0,0.0682284
748420,36,1,194636,54834,46801,139802,292487,0,0,0,0,0.075042
748421,36,1,190946,51897,45168,139049,275999,0,0,0,0,0.0621519
748422,36,1,204670,55839,48615,148831,295654,0,0,0,0,0.0700823
748423,36,1,194223,52844,45950,141379,280313,0,0,0,0,0.0657361
748424,36,1,235617,67178,58495,168439,358705,0,0,0,0,0.067416
748425,36,1,227452,65244,56448,162208,351016,0,0,0,0,0.0676703
748426,36,1,221072,62838,54623,158234,338202,0,0,0,0,0.0658806
748427,36,1,219192,61782,53964,157410,331483,0,0,0,0,0.0691301
748428,36,1,233515,67201,58474,166314,361807,0,0,0,0,0.084346
748429,36,1,242645,69447,60723,173198,371304,0,0,0,0,0.0966549
748740,6,1,230342,64436,56660,165906,344156,0,0,0,0,0.0957154
748741,18,1,204598,56712,48341,147886,302255,0,0,0,0,0.0629763
748744,18,2,288210,81344,71568,206853,435901,1,0,0,0,0.171544
748749,18,2,209372,57159,50315,152200,302353,1,0,0,0,0.140247
748750,6,1,230357,64429,56659,165928,344084,0,0,0,0,0.0797734
748751,18,1,222374,61494,53381,160880,325873,0,0,0,0,0.0640467
748754,18,1,229107,62928,54928,166179,333003,0,0,0,0,0.0621573
748759,18,1,222567,61321,53391,161246,325784,0,0,0,0,0.0630947
748760,18,1,205050,56450,48459,148600,300261,0,0,0,0,0.0595645
748761,18,1,217872,60093,52022,157779,317592,0,0,0,0,0.0590218
748764,18,1,231778,63739,56178,168039,336067,0,0,0,0,0.0817257
748769,18,1,214370,59056,51941,155314,313602,0,0,0,0,0.0962251
748782,36,1,211637,57970,50644,153667,307479,0,0,0,0,0.0674908
748785,36,1,236061,64993,56819,171068,344339,0,0,0,0,0.0671863
748788,36,1,231884,64693,56732,167191,345343,0,0,0,0,0.0706315
748800,6,1,230466,64484,56691,165982,344329,0,0,0,0,0.089485
748801,18,1,204454,56721,48397,147733,302245,0,0,0,0,0.0644985
748804,18,2,288474,81564,71919,206897,437413,1,0,0,0,0.158527
748809,18,2,210274,57372,50486,152889,303512,1,0,0,0,0.152545
748810,6,1,230492,64493,56698,165999,344369,0,0,0,0,0.0878545
748811,18,1,222373,61579,53493,160794,326274,0,0,0,0,0.0709541
748814,18,1,230126,63269,55260,166857,334908,0,0,0,0,0.0688665
748819,18,1,223435,61647,53579,161788,327633,0,0,0,0,0.0940673
748820,18,1,205812,56687,48736,149125,301447,0,0,0,0,0.086745
748821,18,1,218417,60267,52193,158150,318355,0,0,0,0,0.0642363
748824,18,1,232510,63959,56266,168551,337243,0,0,0,0,0.0700275
748829,18,1,216348,59815,52535,156533,317820,0,0,0,0,0.0908311
748842,36,1,211826,58031,50684,153795,307656,0,0,0,0,0.0805879
748845,36,1,236965,65244,56944,171721,345649,0,0,0,0,0.07419
748848,36,1,232457,64947,56912,167510,346769,0,0,0,0,0.0676743
748850,6,1,194976,52867,46475,142109,280786,0,0,0,0,0.0845487
748851,18,1,171676,47027,40761,124649,250976,0,0,0,0,0.0591917
748854,18,1,202106,56499,49267,145607,304310,0,0,0,0,0.0658193
748859,18,1,206046,58230,50651,147816,314696,0,0,0,0,0.0724082
748860,6,1,194784,52793,46406,141991,280347,0,0,0,0,0.113081
748861,18,2,282123,77296,67213,204815,414036,1,0,0,0,0.220244
748864,18,1,219903,62044,54294,157859,333087,0,0,0,0,0.0718758
748869,18,1,221938,62662,54911,159276,336377,0,0,0,0,0.0705347
748870,18,1,175872,47584,40885,128288,252565,0,0,0,0,0.061093
748871,18,1,198455,54542,47653,143913,289852,0,0,0,0,0.0625491
748874,18,2,202160,56316,49413,145831,302493,1,0,0,0,0.128453
748879,18,2,199776,55604,48768,144159,299073,1,0,0,0,0.129677
748892,36,1,185017,50451,44114,134566,269507,0,0,0,0,0.0576522
748895,36,1,227293,64633,56120,162660,348616,0,0,0,0,0.0655445
748898,36,1,226105,64013,55869,162092,344750,0,0,0,0,0.0830114
748900,6,1,187907,51139,44884,136768,271539,0,0,0,0,0.129167
748901,18,1,218969,59352,52249,159617,311142,0,0,0,0,0.0719872
748904,18,1,249581,70557,62485,179024,373980,0,0,0,0,0.0806583
748909,18,1,259096,73462,65065,185634,390098,0,0,0,0,0.0817191
748910,18,1,171624,47213,40281,124411,252081,0,0,0,0,0.0684133
748911,18,1,213622,58579,50748,155043,311502,0,0,0,0,0.0692657
748914,18,1,227327,63063,54814,164264,335360,0,0,0,0,0.0692021
748919,18,1,226038,62696,54587,163342,333253,0,0,0,0,0.086042
748932,36,1,210225,57605,50123,152620,306219,0,0,0,0,0.0665879
748935,36,1,241890,68766,59961,173124,367750,0,0,0,0,0.0730492
748938,36,1,244915,69473,60569,175442,371863,0,0,0,0,0.07447
748940,18,1,185617,50894,44144,134723,269512,0,0,0,0,0.0667621
748941,18,2,186217,49838,43435,136366,264007,1,0,0,0,0.135898
748944,18,2,344928,95667,84130,249249,507268,1,0,0,0,0.158119
748949,18,2,345560,96008,84531,249540,509083,1,0,0,0,0.151213
748962,36,1,205953,56897,49370,149056,304488,0,0,0,0,0.0637289
748965,36,1,234561,66439,57908,168122,355903,0,0,0,0,0.0749008
748968,36,1,234428,66123,57796,168305,354076,0,0,0,0,0.093214
748990,18,1,169854,45713,39840,124141,241255,0,0,0,0,0.0679357
748991,18,2,186504,50197,43896,136295,267266,1,0,0,0,0.12751
748992,18,1,201935,55152,48188,146783,292891,0,0,0,0,0.0613782
748993,18,1,186021,50236,44053,135785,266735,0,0,0,0,0.0626618
748994,18,2,325226,90858,79841,234355,483118,1,0,0,0,0.153718
748995,18,1,226860,63349,55142,163511,337950,0,0,0,0,0.0644429
748996,18,1,211859,58322,51520,153537,310057,0,0,0,0,0.0656914
748997,18,1,212080,58485,51656,153595,311130,0,0,0,0,0.0642842
748998,18,1,225073,62989,55060,162084,336247,0,0,0,0,0.0728643
748999,18,2,308793,86996,76750,221784,464571,1,0,0,0,0.188308
749030,6,1,230518,64438,56626,166080,344126,0,0,0,0,0.0784364
749031,18,1,231514,63732,55342,167782,336249,0,0,0,0,0.0616403
749034,18,1,222518,61279,53502,161239,325617,0,0,0,0,0.0613979
749039,18,1,221048,60746,53132,160302,322366,0,0,0,0,0.0620015
749040,18,1,204823,56377,48399,148446,299857,0,0,0,0,0.0716302
749041,18,1,224758,61703,53493,163055,324838,0,0,0,0,0.0827332
749044,18,1,221786,61050,53757,160736,323454,0,0,0,0,0.0660446
749049,18,1,216066,59475,52410,156591,315695,0,0,0,0,0.0691443
749062,36,1,218366,59237,51791,159129,312163,0,0,0,0,0.061832
749065,36,1,230398,63624,55673,166774,338450,0,0,0,0,0.0673944
749068,36,1,230417,64179,56282,166238,342541,0,0,0,0,0.0668341
749090,6,1,230636,64497,56661,166139,344383,0,0,0,0,0.102998
749091,18,1,231317,63771,55410,167546,336473,0,0,0,0,0.0762322
749094,18,1,223568,61619,53783,161949,327528,0,0,0,0,0.0602671
749099,18,1,221616,61022,53342,160594,323944,0,0,0,0,0.0607984
749100,18,1,205574,56612,48675,148962,301033,0,0,0,0,0.0597615
749101,18,1,225273,61856,53634,163417,325518,0,0,0,0,0.0603663
749104,18,1,222787,61373,53893,161414,325257,0,0,0,0,0.0616324
749109,18,1,217771,60114,52956,157657,319180,0,0,0,0,0.0672795
749122,36,1,218922,59481,52013,159441,313567,0,0,0,0,0.0732164
749125,36,1,230812,63732,55721,167080,338983,0,0,0,0,0.0669286
749128,36,1,231056,64471,56466,166585,344182,0,0,0,0,0.0638889
749140,6,1,193746,52432,46094,141314,278313,0,0,0,0,0.0780264
749141,18,2,294410,80700,70328,213698,431515,1,0,0,0,0.160356
749144,18,1,229278,64253,56189,165025,343205,0,0,0,0,0.067622
749149,18,1,233380,65506,57387,167874,350233,0,0,0,0,0.0954498
749150,18,1,175412,47445,40776,127967,251791,0,0,0,0,0.0724069
749151,18,1,204183,55787,48716,148396,295166,0,0,0,0,0.067523
749154,18,2,213752,60310,53184,153429,325312,1,0,0,0,0.135595
749159,18,2,212959,60105,52998,152841,324581,1,0,0,0,0.132971
749172,36,1,194478,52709,46267,141769,280187,0,0,0,0,0.0764046
749175,36,1,232482,65999,57443,166483,354913,0,0,0,0,0.0818679
749178,36,1,233638,66029,57674,167609,354732,0,0,0,0,0.0734764
749180,6,1,188062,51157,44905,136905,271576,0,0,0,0,0.106658
749181,18,1,205799,55728,49075,150071,294124,0,0,0,0,0.0722631
749184,18,1,236785,66882,59283,169903,356188,0,0,0,0,0.0785768
749189,18,1,245389,69566,61579,175823,371221,0,0,0,0,0.0808048
749190,18,1,171440,47150,40241,124290,251714,0,0,0,0,0.0678069
749191,18,1,204915,56242,48482,148673,300368,0,0,0,0,0.0653568
749194,18,1,221435,61621,53570,159814,328953,0,0,0,0,0.0650628
749199,18,1,220774,61358,53468,159416,327403,0,0,0,0,0.0669781
749212,36,1,203120,55628,48302,147492,296866,0,0,0,0,0.0624817
749215,36,1,235971,67141,58564,168830,360086,0,0,0,0,0.0685166
749218,36,1,239392,67961,59301,171431,364909,0,0,0,0,0.0701384
749220,18,1,185756,50913,44137,134843,269569,0,0,0,0,0.0660675
749221,18,2,186098,49815,43413,136270,263913,1,0,0,0,0.136038
749224,18,2,344821,95609,84093,249200,506898,1,0,0,0,0.161479
749229,18,2,345640,96073,84651,249555,509444,1,0,0,0,0.161679
749242,36,1,205181,56365,48847,148816,300956,0,0,0,0,0.0661566
749245,36,1,234657,66224,57646,168433,354696,0,0,0,0,0.0706848
749248,36,1,235150,66282,58129,168868,355028,0,0,0,0,0.0684063
749270,18,1,169919,45715,39811,124204,241242,0,0,0,0,0.0614241
749271,18,2,186449,50184,43897,136253,267212,1,0,0,0,0.167078
749272,18,1,201600,54988,48133,146612,292253,0,0,0,0,0.0802686
749273,18,1,188825,50948,44627,137877,270371,0,0,0,0,0.0648751
749274,18,2,325205,90851,79823,234341,483094,1,0,0,0,0.152964
749275,18,1,226291,62984,54842,163307,336069,0,0,0,0,0.0638009
749276,18,1,214278,58825,51781,155453,312420,0,0,0,0,0.0618979
749277,18,1,214515,58934,51948,155581,313179,0,0,0,0,0.062727
749278,18,1,225505,63055,55069,162450,337000,0,0,0,0,0.0645978
749279,18,2,308712,86991,76734,221708,464581,1,0,0,0,0.189514
749320,18,1,219699,59962,52410,159737,315783,0,0,0,0,0.0603301
749321,18,2,198304,54515,48074,143776,290913,1,0,0,0,0.118521
749324,18,1,215306,59537,52306,155769,316494,0,0,0,0,0.0677185
749329,18,1,224351,61980,54459,162371,328920,0,0,0,0,0.090347
749342,36,1,221367,60703,52537,160664,320618,0,0,0,0,0.0738795
749345,36,1,239246,66565,58000,172681,354581,0,0,0,0,0.093401
749348,36,1,241254,67465,59024,173789,360126,0,0,0,0,0.130346
749380,18,1,220212,60060,52430,160152,316152,0,0,0,0,0.0668495
749381,18,2,198681,54634,48256,144034,291598,1,0,0,0,0.186591
749384,18,1,216302,59858,52504,156444,318251,0,0,0,0,0.106205
749389,18,1,225629,62544,54903,163085,332312,0,0,0,0,0.109331
749402,36,1,222465,61048,52827,161417,322566,0,0,0,0,0.0949812
749405,36,1,238950,66413,57849,172537,353601,0,0,0,0,0.0945984
749408,36,1,241469,67475,59025,173994,360043,0,0,0,0,0.0835784
749430,18,2,297659,81215,70582,216431,434118,1,0,0,0,0.158868
749431,18,2,183126,49431,42631,133682,263785,1,0,0,0,0.226388
749434,18,1,227208,63366,55911,163842,336882,0,0,0,0,0.0816924
749439,18,1,226119,62870,55443,163249,333987,0,0,0,0,0.0626588
749452,36,1,192404,52372,45655,140032,277756,0,0,0,0,0.0584662
749455,36,1,234763,65889,57114,168874,353897,0,0,0,0,0.0637312
749458,36,1,234652,66231,57379,168421,356305,0,0,0,0,0.0818703
749470,18,1,209364,58343,50690,151021,310644,0,0,0,0,0.102751
749471,18,2,189039,50854,44512,138172,271724,1,0,0,0,0.142211
749474,18,2,202505,55904,49426,146588,300198,1,0,0,0,0.120248
749479,18,2,207225,57281,50709,149931,307493,1,0,0,0,0.126818
749492,36,1,214606,58732,51502,155874,313003,0,0,0,0,0.0618281
749495,36,1,250804,70349,61518,180455,376219,0,0,0,0,0.0695811
749498,36,1,250479,70315,61487,180164,376268,0,0,0,0,0.0724719
749500,18,1,214313,59458,51520,154855,315240,0,0,0,0,0.165278
749501,18,2,246134,67326,58952,178795,361494,1,0,0,0,0.206495
749504,18,2,281484,79486,70416,201986,428048,1,0,0,0,0.141607
749509,18,2,286757,80857,71683,205888,435250,1,0,0,0,0.159734
749522,36,1,211731,57800,50506,153931,307882,0,0,0,0,0.0893873
749525,36,1,246814,69278,60615,177536,370729,0,0,0,0,0.103575
749528,36,1,248189,69817,61220,178372,373952,0,0,0,0,0.0994448
749550,18,1,166022,44420,38182,121602,234774,0,0,0,0,0.0742839
749551,18,1,189900,51459,45016,138441,273000,0,0,0,0,0.0585812
749552,18,1,204275,55529,48685,148746,293369,0,0,0,0,0.0621202
749553,18,1,200099,54017,47521,146082,284486,0,0,0,0,0.0679322
749554,18,1,230545,63729,56020,166816,337255,0,0,0,0,0.0734867
749555,18,1,220891,61317,53689,159574,326877,0,0,0,0,0.0933253
749556,18,1,214078,59790,52527,154288,319254,0,0,0,0,0.0717107
749557,18,1,214058,59650,52448,154408,318307,0,0,0,0,0.0681506
749558,18,1,219074,60360,53062,158714,320985,0,0,0,0,0.0688566
749559,18,1,230829,63272,55821,167557,333861,0,0,0,0,0.0724848
749830,18,1,195674,53862,47384,141812,286172,0,0,0,0,0.0932804
749831,18,1,199660,54246,47932,145414,287466,0,0,0,0,0.0722813
749832,18,1,210855,57332,50883,153523,302495,0,0,0,0,0.0724711
749833,18,1,230361,61938,54876,168423,322242,0,0,0,0,0.0759234
749834,18,1,253334,70818,63004,182516,372443,0,0,0,0,0.0844103
749835,18,1,234403,66303,58762,168100,353400,0,0,0,0,0.0840572
749836,18,1,227318,64401,57124,162917,345172,0,0,0,0,0.102001
749837,18,1,237255,67224,59623,170031,360314,0,0,0,0,0.101678
749838,18,1,243794,69145,61310,174649,368877,0,0,0,0,0.101261
749839,18,1,261478,73427,65316,188051,386767,0,0,0,0,0.103618
750050,36,1,190826,53361,46091,137465,285168,0,0,0,0,0.067117
750051,36,2,192125,52508,45966,139605,282189,1,0,0,0,0.163818
750052,36,1,221378,61505,54159,159873,328876,0,0,0,0,0.06879
750053,36,1,199622,55066,48144,144556,294695,0,0,0,0,0.0637478
750054,36,1,234246,66320,57629,167926,354269,0,0,0,0,0.0729154
750055,36,1,240931,68147,59820,172784,365436,0,0,0,0,0.0945131
750056,36,1,242294,69222,60633,173072,371928,0,0,0,0,0.0792198
750057,36,1,241103,68465,60074,172638,367330,0,0,0,0,0.0691658
750058,36,1,242664,69048,60724,173616,370964,0,0,0,0,0.0729051
750059,36,1,238327,67700,58935,170627,361999,0,0,0,0,0.0663031
750080,36,1,201191,56470,48956,144721,301216,0,0,0,0,0.0724925
750081,36,2,197067,53762,47401,143293,288692,1,0,0,0,0.148089
750082,36,1,221844,61360,53847,160484,327608,0,0,0,0,0.065378
750083,36,1,198680,54672,47685,144008,292452,0,0,0,0,0.0646596
750084,36,1,232914,65850,57177,167064,351660,0,0,0,0,0.0750552
750085,36,1,242775,68581,60173,174194,367768,0,0,0,0,0.077328
750086,36,1,236604,67266,58786,169338,361880,0,0,0,0,0.0715545
750087,36,1,236165,66685,58585,169480,357952,0,0,0,0,0.0702871
750088,36,1,247528,70462,62047,177066,378484,0,0,0,0,0.0692297
750089,36,1,236047,66966,58443,169081,358105,0,0,0,0,0.0674554
750100,36,1,195713,55312,47156,140401,295240,0,0,0,0,0.072306
750101,36,1,198202,53923,47006,144279,287197,0,0,0,0,0.0652241
750102,36,1,210850,57861,50572,152989,307426,0,0,0,0,0.0643468
750103,36,1,204587,55946,48836,148641,296529,0,0,0,0,0.0630532
750104,36,1,240615,68611,59709,172004,366518,0,0,0,0,0.0678526
750105,36,1,232463,66510,57675,165953,357828,0,0,0,0,0.0722199
750106,36,1,227782,64447,56173,163335,345664,0,0,0,0,0.0699517
750107,36,1,226213,63701,55821,162512,340941,0,0,0,0,0.0752527
750108,36,1,238603,68807,59975,169796,371135,0,0,0,0,0.0765503
750109,36,1,246964,70952,61964,176012,380065,0,0,0,0,0.0752606
750430,6,1,219080,60063,53474,159017,316791,0,0,0,0,0.12534
750431,18,1,212991,59008,51719,153983,314234,0,0,0,0,0.0709097
750434,18,1,219466,60586,53200,158880,321674,0,0,0,0,0.070542
750439,18,1,199828,54625,47827,145203,288142,0,0,0,0,0.0706888
750440,18,1,190888,52453,46031,138435,277246,0,0,0,0,0.0709071
750441,18,1,198756,54251,47616,144505,288028,0,0,0,0,0.0684202
750444,18,1,200254,54227,47663,146027,287085,0,0,0,0,0.0707716
750449,18,1,183773,49769,43675,134004,263452,0,0,0,0,0.0723075
750462,36,1,218711,61467,53989,157244,329104,0,0,0,0,0.0742481
750465,36,1,217618,61085,53365,156533,326741,0,0,0,0,0.0770866
750468,36,1,197972,54914,47859,143058,292633,0,0,0,0,0.0690788
750490,6,1,219616,60237,53642,159379,317602,0,0,0,0,0.0985634
750491,18,1,212584,58876,51647,153708,313401,0,0,0,0,0.0656902
750494,18,1,219203,60478,53128,158725,320942,0,0,0,0,0.0702284
750499,18,1,200155,54756,47994,145399,288761,0,0,0,0,0.0681029
750500,18,1,192364,52752,46280,139612,278448,0,0,0,0,0.0666362
750501,18,1,198850,54261,47632,144589,288085,0,0,0,0,0.0603362
750504,18,1,199983,54156,47551,145827,286810,0,0,0,0,0.0622008
750509,18,1,184404,50008,43886,134396,264775,0,0,0,0,0.0692581
750522,36,1,218971,61609,54102,157362,329872,0,0,0,0,0.0737961
750525,36,1,217805,61240,53528,156565,327582,0,0,0,0,0.0686659
750528,36,1,198539,55023,48007,143516,293098,0,0,0,0,0.0658699
750540,6,1,187895,50286,44048,137609,265440,0,0,0,0,0.0954131
750541,18,1,187088,50707,44403,136381,269478,0,0,0,0,0.0716588
750544,18,1,220657,62723,54540,157934,337943,0,0,0,0,0.0787162
750549,18,1,225746,64246,56127,161500,346736,0,0,0,0,0.0768999
750550,18,1,165070,44736,38533,120334,237562,0,0,0,0,0.0628029
750551,18,1,190324,51634,45387,138690,272762,0,0,0,0,0.102746
750554,18,2,232160,65020,57299,167127,350294,1,0,0,0,0.160181
750559,18,2,234107,65493,58030,168601,352731,1,0,0,0,0.176387
750572,36,1,189146,51719,45163,137427,275995,0,0,0,0,0.0891497
750575,36,1,218760,61993,54193,156767,332579,0,0,0,0,0.0772804
750578,36,1,217473,61312,53640,156161,328437,0,0,0,0,0.0702983
750580,6,1,186829,50045,43777,136784,264282,0,0,0,0,0.107131
750581,18,1,200279,54118,47572,146161,286103,0,0,0,0,0.0866405
750584,18,1,233320,66185,58004,167135,355170,0,0,0,0,0.082753
750589,18,1,239138,67909,59971,171229,364790,0,0,0,0,0.0924632
750590,18,1,165497,44909,38641,120588,238633,0,0,0,0,0.0853096
750591,18,1,195474,53175,46663,142299,281092,0,0,0,0,0.0775282
750594,18,2,232952,65327,57678,167612,351997,1,0,0,0,0.141191
750599,18,2,237468,66544,59071,170911,358508,1,0,0,0,0.139698
750612,36,1,190055,51940,45194,138115,277201,0,0,0,0,0.064921
750615,36,1,218619,61660,53860,156959,330224,0,0,0,0,0.0719422
750618,36,1,218475,61549,53879,156926,329727,0,0,0,0,0.0711374
750620,18,1,174585,46660,40403,127925,245589,0,0,0,0,0.0610967
750621,18,1,174448,46617,40315,127831,245377,0,0,0,0,0.0769403
750624,18,2,320107,87570,77338,232525,459953,1,0,0,0,0.198431
750629,18,2,322134,87924,77655,234198,461656,1,0,0,0,0.166484
750642,36,1,167386,44921,39010,122465,238461,0,0,0,0,0.0636334
750645,36,1,201216,57031,49694,144185,308327,0,0,0,0,0.0656562
750648,36,1,201081,57074,49853,144007,308698,0,0,0,0,0.0638561
750670,18,1,186394,49705,43312,136689,259667,0,0,0,0,0.0636872
750671,18,1,185623,49488,43125,136135,258546,0,0,0,0,0.0635769
750672,18,1,160689,42140,37091,118549,221344,0,0,0,0,0.0635341
750673,18,1,154322,40225,34990,114097,211948,0,0,0,0,0.0681074
750674,18,2,197366,53628,47268,143728,280074,1,0,0,0,0.129212
750675,18,2,239398,67435,59869,171950,364034,1,0,0,0,0.147848
750676,18,2,234776,65487,57656,169276,352888,1,0,0,0,0.1464
750677,18,2,236630,66767,59124,169850,360754,1,0,0,0,0.160975
750678,18,2,235195,65801,58211,169381,354851,1,0,0,0,0.188641
750679,18,2,206197,56757,49811,149430,297990,1,0,0,0,0.140346
750720,18,1,206313,56642,49867,149671,298140,0,0,0,0,0.0757941
750721,18,1,206646,56187,49289,150459,296765,0,0,0,0,0.0850445
750724,18,1,213895,58236,51202,155659,307627,0,0,0,0,0.0742172
750729,18,1,183341,49337,43354,134004,259194,0,0,0,0,0.0728618
750742,36,1,224328,62825,55065,161503,336011,0,0,0,0,0.0730119
750745,36,1,225907,63072,55234,162835,337082,0,0,0,0,0.0683792
750748,36,1,204350,55733,48654,148617,295133,0,0,0,0,0.0650921
750780,18,1,206744,56689,49910,150055,298183,0,0,0,0,0.0730554
750781,18,1,206402,56044,49150,150358,295859,0,0,0,0,0.0679002
750784,18,1,213097,57922,50964,155175,305799,0,0,0,0,0.0781267
750789,18,1,183916,49552,43456,134364,260417,0,0,0,0,0.0709039
750802,36,1,224970,63061,55304,161909,337335,0,0,0,0,0.0683577
750805,36,1,226290,63239,55451,163051,337969,0,0,0,0,0.085864
750808,36,1,204270,55655,48669,148615,294617,0,0,0,0,0.0673143
750830,18,2,228683,63895,56225,164776,342613,1,0,0,0,0.204218
750831,18,2,249594,67708,59070,181873,361718,1,0,0,0,0.162437
750834,18,2,242296,68086,60240,174197,367018,1,0,0,0,0.156461
750839,18,2,238955,66836,59426,172106,359882,1,0,0,0,0.165488
750852,36,1,196348,53570,47125,142778,286055,0,0,0,0,0.0833696
750855,36,1,229277,64524,56638,164753,345671,0,0,0,0,0.0702555
750858,36,1,229105,64207,56433,164898,343600,0,0,0,0,0.0709884
750870,18,2,229051,64027,56330,165012,343349,1,0,0,0,0.167565
750871,18,2,207871,56398,49543,151460,301916,1,0,0,0,0.161173
750874,18,2,243315,68394,60365,174908,368772,1,0,0,0,0.150645
750879,18,2,241981,67796,60277,174172,365107,1,0,0,0,0.161789
750892,36,1,195269,53510,46858,141759,286184,0,0,0,0,0.0663824
750895,36,1,229951,64642,56530,165309,346318,0,0,0,0,0.0691353
750898,36,1,230162,64696,56647,165466,346639,0,0,0,0,0.0659462
750900,18,1,180341,48446,41975,131895,256332,0,0,0,0,0.0581065
750901,18,1,180611,48447,41915,132164,256244,0,0,0,0,0.0600649
750904,18,2,332628,92167,81004,240449,488643,1,0,0,0,0.156429
750909,18,2,332609,91933,80761,240664,487310,1,0,0,0,0.182193
750922,36,1,178634,47549,41494,131085,251032,0,0,0,0,0.083434
750925,36,1,213505,59873,52436,153632,322873,0,0,0,0,0.076758
750928,36,1,214345,60147,52660,154198,324392,0,0,0,0,0.0918958
750950,18,1,180606,48374,42025,132232,254781,0,0,0,0,0.085105
750951,18,1,180370,48327,42035,132043,254504,0,0,0,0,0.0633998
750952,18,1,168602,43984,38607,124618,229912,0,0,0,0,0.0663391
750953,18,1,160197,41703,36456,118494,218189,0,0,0,0,0.0809287
750954,18,1,219187,60061,53160,159126,314650,0,0,0,0,0.0919713
750955,18,2,239161,66970,59427,172178,360254,1,0,0,0,0.194269
750956,18,2,234422,65470,57687,168939,352175,1,0,0,0,0.165384
750957,18,2,236398,66419,58727,169966,357736,1,0,0,0,0.144433
750958,18,2,235128,65869,58311,169246,354949,1,0,0,0,0.159862
750959,18,1,218613,59764,52952,158849,312963,0,0,0,0,0.0917641
751230,18,2,336928,91388,80299,245527,484148,1,0,0,0,0.204604
751231,18,2,325175,88686,77940,236476,470843,1,0,0,0,0.193416
751232,18,2,243759,65689,57811,178057,348629,1,0,0,0,0.172493
751233,18,1,176246,46855,40981,129391,245426,0,0,0,0,0.0608868
751234,18,2,201221,55472,48992,145736,293949,1,0,0,0,0.13168
751235,18,1,219279,60582,53008,158697,320187,0,0,0,0,0.0627652
751236,18,1,219396,60628,52853,158768,320252,0,0,0,0,0.0633997
751237,18,1,219772,60901,53205,158871,322111,0,0,0,0,0.063923
751238,18,1,218697,60374,52838,158323,318761,0,0,0,0,0.0703541
751239,18,2,203279,55825,49586,147441,295358,1,0,0,0,0.130949
751480,36,1,207074,56676,48822,150398,300446,0,0,0,0,0.0608708
751481,36,1,207205,56677,48800,150528,300308,0,0,0,0,0.0614026
751482,36,1,187700,50468,44018,137232,266908,0,0,0,0,0.0588914
751483,36,1,182134,48522,42322,133612,255070,0,0,0,0,0.0562909
751484,36,1,233364,64421,56867,168943,339114,0,0,0,0,0.0653702
751485,36,1,227741,63723,55098,164018,341213,0,0,0,0,0.0621399
751486,36,1,224662,62883,54404,161779,336602,0,0,0,0,0.0612975
751487,36,1,224726,62704,54405,162022,335377,0,0,0,0,0.0615925
751488,36,1,227636,63817,55127,163819,341780,0,0,0,0,0.0631566
751489,36,1,231752,63950,56495,167802,336601,0,0,0,0,0.0654349
751500,36,1,197855,54584,47280,143271,289219,0,0,0,0,0.0594222
751501,36,1,197383,54367,47114,143016,287854,0,0,0,0,0.083446
751502,36,2,171072,45297,39422,125762,240979,1,0,0,0,0.139101
751503,36,1,179733,48117,41899,131616,254729,0,0,0,0,0.0548808
751504,36,1,229089,63327,55791,165762,332646,0,0,0,0,0.0614849
751505,36,1,222589,62345,54089,160244,332446,0,0,0,0,0.064758
751506,36,1,223617,62967,54754,160650,336773,0,0,0,0,0.0625834
751507,36,1,223536,62825,54752,160711,335713,0,0,0,0,0.06108
751508,36,1,223047,62611,54362,160436,334220,0,0,0,0,0.0612596
751509,36,1,229879,63470,55876,166409,333355,0,0,0,0,0.0652248
751840,18,2,327413,92367,81968,235033,490796,1,0,0,0,0.195378
751841,18,2,196907,53344,46897,143550,282421,1,0,0,0,0.142988
751844,18,2,198148,53744,47368,144391,284908,1,0,0,0,0.140415
751849,18,1,183322,49345,43336,133977,259248,0,0,0,0,0.0635528
751862,36,1,228041,63759,55810,164282,340206,0,0,0,0,0.068163
751865,36,1,230639,64265,56561,166374,342790,0,0,0,0,0.0659015
751868,36,2,179891,48114,41827,131764,254642,1,0,0,0,0.125253
751900,18,2,307917,86758,76932,221146,460888,1,0,0,0,0.172803
751901,18,2,198023,53522,47153,144488,282978,1,0,0,0,0.18999
751904,18,2,199854,54080,47700,145761,286316,1,0,0,0,0.14517
751909,18,1,183897,49560,43438,134337,260471,0,0,0,0,0.0808048
751922,36,1,228981,64043,56139,164938,341642,0,0,0,0,0.0703655
751925,36,1,231704,64702,56962,167002,345215,0,0,0,0,0.0676009
751928,36,2,181642,48543,42170,133086,256878,1,0,0,0,0.147588
751950,18,2,238162,66702,58946,171448,357384,1,0,0,0,0.156159
751951,18,2,248665,67508,59086,181144,360901,1,0,0,0,0.186059
751954,18,2,293536,82240,72532,211283,441595,1,0,0,0,0.151823
751959,18,2,311196,86755,76925,224428,464499,1,0,0,0,0.196965
751972,36,1,196725,53579,47109,143146,285559,0,0,0,0,0.0641384
751975,36,1,232799,65498,57454,167301,349869,0,0,0,0,0.0909386
751978,36,1,232236,65095,57108,167141,347229,0,0,0,0,0.0968593
751990,18,2,238551,66849,59082,171690,358240,1,0,0,0,0.197913
751991,18,2,207560,56247,49431,151300,300685,1,0,0,0,0.18186
751994,18,1,211949,58552,51744,153397,310754,0,0,0,0,0.0641598
751999,18,1,210789,57922,51106,152867,306839,0,0,0,0,0.063905
752012,36,1,198659,54378,47816,144281,290367,0,0,0,0,0.0821763
752015,36,1,236302,66754,58376,169548,357254,0,0,0,0,0.0955505
752018,36,1,237613,66885,58388,170728,357467,0,0,0,0,0.0759019
752020,18,1,179659,48425,42166,131234,256434,0,0,0,0,0.0712114
752021,18,1,179778,48397,42127,131381,256156,0,0,0,0,0.0608363
752024,18,1,208695,56651,50038,152044,297318,0,0,0,0,0.0644034
752029,18,1,205972,56090,49438,149882,294837,0,0,0,0,0.0671695
752042,36,1,177488,47158,41655,130330,248127,0,0,0,0,0.0589481
752045,36,1,215390,59906,52419,155484,321196,0,0,0,0,0.0643412
752048,36,1,216544,60363,52901,156181,323973,0,0,0,0,0.0631131
752070,18,1,170960,46253,40263,124707,245657,0,0,0,0,0.0762576
752071,18,1,171371,46337,40352,125034,246032,0,0,0,0,0.0843836
752072,18,1,153902,40395,35295,113507,213134,0,0,0,0,0.069432
752073,18,1,160069,41703,36488,118366,218295,0,0,0,0,0.0659738
752074,18,1,211606,58797,51980,152809,311641,0,0,0,0,0.0937312
752075,18,1,189955,51911,45559,138044,276296,0,0,0,0,0.0655748
752076,18,1,190174,51962,45696,138212,276456,0,0,0,0,0.0811428
752077,18,1,190003,52001,45682,138002,276874,0,0,0,0,0.0705556
752078,18,1,189299,51634,45318,137665,274536,0,0,0,0,0.0596854
752079,18,1,211110,58507,51787,152603,309931,0,0,0,0,0.0694441
752350,18,1,175678,47580,41592,128098,251680,0,0,0,0,0.0825915
752351,18,1,176087,47688,41685,128399,252242,0,0,0,0,0.0710724
752352,18,1,168229,44358,38897,123871,230572,0,0,0,0,0.0807107
752353,18,1,176095,46831,40960,129264,245345,0,0,0,0,0.0733141
752354,18,1,209743,57586,50776,152157,303619,0,0,0,0,0.0836454
752355,18,1,212203,59225,51650,152978,315981,0,0,0,0,0.078802
752356,18,1,211755,59061,51601,152694,314779,0,0,0,0,0.067294
752357,18,1,212235,59384,51799,152851,317026,0,0,0,0,0.0673837
752358,18,1,212927,59431,51884,153496,316977,0,0,0,0,0.0818863
752359,18,1,211103,57964,51069,153139,305576,0,0,0,0,0.0710546
752620,36,1,189260,52589,45699,136671,280454,0,0,0,0,0.0811461
752621,36,1,189151,52498,45673,136653,279804,0,0,0,0,0.061954
752622,36,2,168380,44425,38829,123943,236182,1,0,0,0,0.172039
752623,36,1,179106,47959,41770,131147,253952,0,0,0,0,0.0701149
752624,36,1,221900,61641,54268,160259,326232,0,0,0,0,0.0705274
752625,36,1,217033,61462,53366,155571,330812,0,0,0,0,0.0644427
752626,36,1,217507,61820,53881,155687,333166,0,0,0,0,0.0834751
752627,36,1,218084,61778,53801,156306,332443,0,0,0,0,0.0836604
752628,36,1,217035,61470,53486,155565,330859,0,0,0,0,0.0613212
752629,36,1,222322,61739,54248,160583,326822,0,0,0,0,0.0644847
753190,18,1,167662,44648,38617,123014,236470,0,0,0,0,0.0576305
753191,18,1,168041,44773,38734,123268,237166,0,0,0,0,0.0624514
753192,18,1,163615,43691,38013,119924,231387,0,0,0,0,0.0618719
753193,18,1,163504,43635,37964,119869,231031,0,0,0,0,0.0608865
753194,18,1,199660,54586,47939,145074,289118,0,0,0,0,0.0705105
753195,18,1,200416,56478,49450,143938,304854,0,0,0,0,0.0624873
753196,18,1,200353,56543,49481,143810,305333,0,0,0,0,0.0632001
753197,18,1,199838,56313,49379,143525,303895,0,0,0,0,0.0629434
753198,18,1,199562,56278,49401,143284,303732,0,0,0,0,0.0641488
753199,18,1,199823,54596,47982,145227,289177,0,0,0,0,0.0666411
754600,3,1,163668,44873,39453,118795,237392,0,0,0,0,0.0924799
754601,9,1,151102,41113,35473,109989,216903,0,0,0,0,0.0606635
754604,9,1,173691,46976,41064,126715,244846,0,0,0,0,0.0566551
754609,9,1,154513,41572,36297,112941,218078,0,0,0,0,0.056923
754610,3,1,166123,43925,38682,122198,228191,0,0,0,0,0.079637
754611,9,1,152689,40480,35139,112209,210543,0,0,0,0,0.054723
754614,9,2,178568,48286,42290,130270,252301,1,0,0,0,0.135236
754619,9,2,177213,47233,41254,129967,246169,1,0,0,0,0.150517
754620,3,1,168036,45583,39639,122453,240514,0,0,0,0,0.0796092
754621,9,1,150201,40583,34927,109618,214133,0,0,0,0,0.0586704
754624,9,2,177184,47270,41435,129901,245582,1,0,0,0,0.13289
754629,9,2,176091,47053,41041,129026,244867,1,0,0,0,0.130879
754630,3,1,168172,45614,39657,122558,240670,0,0,0,0,0.115941
754631,9,1,176253,48385,42605,127868,254527,0,0,0,0,0.0753132
754634,9,1,189143,52358,45831,136785,275304,0,0,0,0,0.0641029
754639,9,1,183676,49546,43629,134130,258127,0,0,0,0,0.061707
754640,9,1,163479,44535,38613,118944,234311,0,0,0,0,0.061417
754641,9,1,172239,46595,40743,125644,243176,0,0,0,0,0.0578136
754642,18,1,159182,42776,37497,116406,224206,0,0,0,0,0.0562778
754644,9,2,190640,51695,44919,138932,270766,1,0,0,0,0.155936
754645,18,2,296177,82718,72118,213446,437890,1,0,0,0,0.168641
754648,18,2,211561,58052,50398,153496,305109,1,0,0,0,0.16698
754649,9,1,200821,54290,47382,146531,281743,0,0,0,0,0.0777291
754670,3,1,176320,46513,41162,129807,240490,0,0,0,0,0.112468
754671,9,1,161578,42899,37360,118679,222323,0,0,0,0,0.0783814
754674,9,2,179658,48642,42757,131004,254074,1,0,0,0,0.134106
754679,9,2,181530,48546,42423,132971,253343,1,0,0,0,0.153892
754680,3,1,173784,46948,41193,126836,246865,0,0,0,0,0.0950947
754681,9,1,155949,42156,36493,113793,222153,0,0,0,0,0.0871823
754684,9,2,179203,47982,42098,131208,249258,1,0,0,0,0.159185
754689,9,2,177326,47542,41602,129772,247317,1,0,0,0,0.161124
754690,3,1,173921,46963,41198,126958,246894,0,0,0,0,0.0998313
754691,9,1,181144,49511,43733,131633,259565,0,0,0,0,0.0769526
754694,9,1,194835,53821,46964,141014,282203,0,0,0,0,0.0677887
754699,9,1,189340,50743,44833,138597,262963,0,0,0,0,0.0598724
754700,9,1,168955,46079,40188,122876,242013,0,0,0,0,0.0714854
754701,9,2,196296,53321,45698,142962,279110,1,0,0,0,0.148738
754702,18,1,163504,43700,38411,119804,228272,0,0,0,0,0.0573308
754704,9,2,192360,52167,45132,140180,272801,1,0,0,0,0.144547
754705,18,2,302689,84399,73665,218277,446272,1,0,0,0,0.156918
754708,18,2,215479,59354,51611,156112,312230,1,0,0,0,0.139868
754709,9,1,208171,56343,49249,151828,291783,0,0,0,0,0.0682393
754730,3,1,176197,48029,42243,128168,251968,0,0,0,0,0.092343
754731,9,1,157776,43077,37180,114699,227234,0,0,0,0,0.0652367
754734,9,2,327886,91217,80119,236656,478206,1,0,0,0,0.171781
754739,9,2,328181,91130,79879,237038,478144,1,0,0,0,0.171592
754740,3,1,176616,48165,42366,128451,252659,0,0,0,0,0.0934244
754741,9,1,173676,47505,41893,126171,248862,0,0,0,0,0.0606677
754744,9,2,160539,42860,36922,117666,223227,1,0,0,0,0.16988
754749,9,2,163337,43771,38064,119553,228485,1,0,0,0,0.16988
754750,9,1,170814,47216,40970,123598,248039,0,0,0,0,0.147961
754751,9,1,174596,46609,40581,127987,239983,0,0,0,0,0.061367
754754,9,2,166213,44667,38400,121533,233233,1,0,0,0,0.187982
754755,18,2,170089,45833,39608,124243,239653,1,0,0,0,0.179691
754758,18,2,166482,45082,39319,121387,235922,1,0,0,0,0.175137
754759,9,2,166007,44546,38280,121448,232693,1,0,0,0,0.182494
754762,18,1,167754,45434,39475,122320,238218,0,0,0,0,0.0650884
754780,3,1,170362,45788,40695,124574,240060,0,0,0,0,0.144198
754781,9,1,180216,49262,43560,130954,258769,0,0,0,0,0.0892045
754784,9,1,188925,51744,45952,137181,271405,0,0,0,0,0.0945981
754789,9,1,181097,49350,43859,131747,258687,0,0,0,0,0.110795
754790,9,1,155018,42090,37040,112928,221261,0,0,0,0,0.0963013
754791,9,1,169871,45715,39803,124156,238093,0,0,0,0,0.0666442
754794,9,2,194500,53241,45867,141246,279578,1,0,0,0,0.149483
754799,9,2,188890,51660,44563,137217,271680,1,0,0,0,0.156172
754802,18,2,170456,46040,39424,124403,241300,1,0,0,0,0.167528
754805,18,2,163737,43948,37318,119776,229813,1,0,0,0,0.198905
754808,18,2,163335,43731,37399,119591,228405,1,0,0,0,0.190694
754820,9,1,171658,46573,41101,125085,243085,0,0,0,0,0.198355
754821,9,1,175626,46898,40866,128728,242147,0,0,0,0,0.111577
754824,9,2,207496,56432,48472,151051,294644,1,0,0,0,0.274537
754829,9,2,197093,53145,45807,143935,276698,1,0,0,0,0.211324
754842,18,2,170196,46172,39196,124013,242368,1,0,0,0,0.162841
754845,18,2,166403,44870,38008,121522,235083,1,0,0,0,0.14104
754848,18,2,163470,43894,37305,119565,229644,1,0,0,0,0.13419
754870,9,1,158998,42454,37597,116544,220520,0,0,0,0,0.0783797
754871,9,1,172106,46111,40341,125995,239167,0,0,0,0,0.0559737
754872,9,2,169117,45685,39035,123421,239278,1,0,0,0,0.14505
754873,9,2,167341,45569,38627,121760,239649,1,0,0,0,0.156169
754874,9,1,175252,47292,41242,127960,246156,0,0,0,0,0.0563685
754875,9,2,164747,44048,37283,120688,230116,1,0,0,0,0.169611
754876,9,2,166177,45159,38563,121006,237100,1,0,0,0,0.195195
754877,9,2,169261,45586,38752,123663,238452,1,0,0,0,0.171032
754878,9,2,164980,44156,37427,120813,230837,1,0,0,0,0.174463
754879,9,1,171622,46114,40515,125508,239301,0,0,0,0,0.0633581
754880,3,1,164059,44956,39557,119103,237709,0,0,0,0,0.0962476
754881,9,1,152082,41381,35765,110701,218281,0,0,0,0,0.0625106
754884,9,1,175996,47626,41576,128370,248248,0,0,0,0,0.0588851
754889,9,1,155791,41882,36565,113909,219608,0,0,0,0,0.0614029
754890,3,1,166662,44012,38834,122650,228455,0,0,0,0,0.0852017
754891,9,1,153819,40816,35523,113003,212309,0,0,0,0,0.0593703
754894,9,2,180090,48346,42231,131732,252135,1,0,0,0,0.140405
754899,9,2,178178,47324,41249,130841,246461,1,0,0,0,0.150885
754900,3,1,168143,45610,39692,122533,240503,0,0,0,0,0.0852207
754901,9,1,150237,40599,35012,109638,214132,0,0,0,0,0.0583591
754904,9,2,179173,47529,41552,131631,246558,1,0,0,0,0.144091
754909,9,2,176972,46963,40848,129997,243882,1,0,0,0,0.135255
754910,3,1,168306,45647,39717,122659,240687,0,0,0,0,0.0840975
754911,9,1,177549,48778,42947,128771,256551,0,0,0,0,0.0590924
754914,9,1,190426,52755,46177,137671,277477,0,0,0,0,0.0665016
754919,9,1,184221,49635,43667,134586,258461,0,0,0,0,0.0697199
754920,9,1,164661,44822,38872,119839,235635,0,0,0,0,0.0671717
754921,9,1,173081,46806,40997,126275,244138,0,0,0,0,0.0625402
754922,18,1,159541,42790,37504,116751,224036,0,0,0,0,0.0626324
754924,9,2,192040,51910,45137,140117,271714,1,0,0,0,0.168886
754925,18,2,264453,73125,63728,191315,385799,1,0,0,0,0.161924
754928,18,2,211634,57767,50223,153854,303178,1,0,0,0,0.174061
754929,9,1,201749,54583,47642,147166,283270,0,0,0,0,0.0728029
754950,3,1,177112,46682,41353,130430,241205,0,0,0,0,0.0839003
754951,9,1,163074,43290,37784,119784,224247,0,0,0,0,0.0604485
754954,9,2,181347,48673,42654,132662,253690,1,0,0,0,0.176675
754959,9,2,182001,48477,42318,133511,252732,1,0,0,0,0.172177
754960,3,1,174347,47099,41356,127248,247533,0,0,0,0,0.0943207
754961,9,1,156600,42284,36686,114316,222648,0,0,0,0,0.0709957
754964,9,2,181663,48287,42324,133363,250332,1,0,0,0,0.13927
754969,9,2,177950,47396,41448,130542,246064,1,0,0,0,0.146075
754970,3,1,174505,47116,41361,127389,247562,0,0,0,0,0.102557
754971,9,1,182552,49962,44158,132590,261974,0,0,0,0,0.0615206
754974,9,1,196315,54216,47292,142099,284237,0,0,0,0,0.0707796
754979,9,1,189805,50826,44862,138979,263354,0,0,0,0,0.083815
754980,9,1,170115,46354,40402,123761,243273,0,0,0,0,0.087816
754981,9,2,196391,53104,45618,143274,277552,1,0,0,0,0.160546
754982,18,1,163778,43691,38384,120087,227994,0,0,0,0,0.0548957
754984,9,2,193459,52248,45180,141198,273098,1,0,0,0,0.139006
754985,18,2,268579,74129,64584,194437,390831,1,0,0,0,0.151714
754988,18,2,215054,58856,51262,156185,309013,1,0,0,0,0.146588
754989,9,1,209432,56679,49515,152753,293456,0,0,0,0,0.0850408
755010,3,1,177009,48310,42477,128699,253531,0,0,0,0,0.12287
755011,9,1,158190,43245,37292,114945,228214,0,0,0,0,0.0674925
755014,9,2,330940,91604,80300,239323,479648,1,0,0,0,0.221935
755019,9,2,329558,91167,79905,238378,478001,1,0,0,0,0.207839
755020,3,1,177451,48444,42598,129007,254203,0,0,0,0,0.106242
755021,9,1,175239,48020,42349,127219,251638,0,0,0,0,0.083053
755024,9,2,161246,42822,36967,118411,222669,1,0,0,0,0.129169
755029,9,2,164843,43816,38083,121014,228197,1,0,0,0,0.134856
755030,9,1,173262,47887,41558,125375,251428,0,0,0,0,0.0621505
755031,9,1,176487,47093,41052,129394,242378,0,0,0,0,0.0606841
755034,9,2,166608,44437,38242,122158,231526,1,0,0,0,0.163658
755035,18,2,171475,45866,39650,125596,239302,1,0,0,0,0.131275
755038,18,2,167916,45098,39212,122805,235508,1,0,0,0,0.188907
755039,9,2,167199,44592,38251,122594,232788,1,0,0,0,0.14439
755042,18,1,169198,45907,39977,123291,240768,0,0,0,0,0.072854
755060,3,1,170408,45828,40771,124580,240220,0,0,0,0,0.160571
755061,9,1,181621,49699,43979,131922,261097,0,0,0,0,0.0896665
755064,9,1,189686,51978,46233,137708,272633,0,0,0,0,0.103284
755069,9,1,182727,49822,44208,132905,261259,0,0,0,0,0.0951651
755070,9,1,155712,42356,37302,113356,222751,0,0,0,0,0.0879782
755071,9,1,170674,46071,40135,124603,240184,0,0,0,0,0.0668094
755074,9,2,196505,53535,46124,142957,280654,1,0,0,0,0.157662
755079,9,2,189733,51566,44481,138154,270700,1,0,0,0,0.186191
755082,18,2,170561,45795,39179,124753,239568,1,0,0,0,0.176821
755085,18,2,164715,43998,37409,120704,229708,1,0,0,0,0.131427
755088,18,2,163491,43479,37206,119999,226600,1,0,0,0,0.140765
755100,9,1,172469,46836,41414,125633,244462,0,0,0,0,0.0763957
755101,9,1,177481,47419,41327,130062,244814,0,0,0,0,0.0599364
755104,9,2,208532,56696,48704,151823,296127,1,0,0,0,0.150849
755109,9,2,198181,53265,45985,144903,277040,1,0,0,0,0.148645
755122,18,2,169671,45803,38919,123857,240143,1,0,0,0,0.142887
755125,18,2,167475,44988,38080,122476,235489,1,0,0,0,0.130023
755128,18,2,164615,43922,37434,120682,229365,1,0,0,0,0.125999
755150,9,1,160028,42741,37917,117287,222027,0,0,0,0,0.074455
755151,9,1,175494,46966,41112,128528,243390,0,0,0,0,0.0586813
755152,9,2,169750,45639,39004,124100,238753,1,0,0,0,0.141406
755153,9,2,167624,45417,38382,122195,238547,1,0,0,0,0.155497
755154,9,1,176880,47714,41633,129166,248250,0,0,0,0,0.0561854
755155,9,2,164795,43935,37146,120849,229355,1,0,0,0,0.14181
755156,9,2,166590,45091,38395,121487,236605,1,0,0,0,0.222712
755157,9,2,168651,45263,38409,123376,236534,1,0,0,0,0.176799
755158,9,2,165258,44055,37319,121192,230060,1,0,0,0,0.154012
755159,9,1,173022,46485,40769,126537,241254,0,0,0,0,0.0600083
755160,3,1,167649,44622,38156,123027,235528,0,0,0,0,0.106878
755161,9,1,153759,41840,35256,111919,222354,0,0,0,0,0.0720375
755164,9,1,173818,47848,41138,125970,253694,0,0,0,0,0.0679517
755169,9,1,165806,44457,37992,121349,234159,0,0,0,0,0.0679246
755170,3,1,167946,44522,38739,123424,233060,0,0,0,0,0.099645
755171,9,1,149196,39819,34183,109377,209206,0,0,0,0,0.0637213
755174,9,1,160981,43103,37292,117878,225165,0,0,0,0,0.060482
755179,9,1,154624,40923,35436,113701,213114,0,0,0,0,0.0783721
755180,3,1,155174,40491,34752,114683,213147,0,0,0,0,0.0853819
755181,9,1,136137,36035,30509,100102,190821,0,0,0,0,0.056639
755184,9,1,169336,45871,39339,123465,242272,0,0,0,0,0.06339
755189,9,1,178741,48646,41980,130095,256882,0,0,0,0,0.0613891
755190,3,1,155376,40547,34796,114829,213421,0,0,0,0,0.0843422
755191,9,2,225478,62252,53914,163214,332323,1,0,0,0,0.179713
755194,9,1,186466,52376,45152,134090,279493,0,0,0,0,0.0687457
755199,9,1,184062,50338,43609,133724,265375,0,0,0,0,0.0640337
755200,9,1,149479,40642,34666,108837,216118,0,0,0,0,0.0626656
755201,9,1,154521,41669,35690,112852,220600,0,0,0,0,0.0584032
755202,18,1,157214,42489,36891,114725,225471,0,0,0,0,0.0567421
755204,9,1,153089,40469,34785,112620,211368,0,0,0,0,0.0574288
755205,18,1,191258,52948,45653,138310,281644,0,0,0,0,0.0624002
755208,18,1,184424,50488,43478,133936,266028,0,0,0,0,0.0606001
755209,9,1,184550,49192,42409,135358,255179,0,0,0,0,0.0639683
755230,3,1,184282,50843,44753,133439,268711,0,0,0,0,0.0869581
755231,9,1,177041,48550,41691,128491,255959,0,0,0,0,0.064781
755234,9,2,184771,50131,43653,134628,262696,1,0,0,0,0.14834
755239,9,2,187130,50546,44107,136571,265003,1,0,0,0,0.152634
755240,3,1,210666,59724,52378,150942,317349,0,0,0,0,0.0857717
755241,9,1,186217,52336,45093,133881,277224,0,0,0,0,0.0615738
755244,9,2,202681,56247,49036,146423,297557,1,0,0,0,0.140111
755249,9,2,187929,51334,44591,136583,270377,1,0,0,0,0.12981
755250,3,1,210476,59719,52336,150757,317407,0,0,0,0,0.0841779
755251,9,2,203243,58401,51027,144829,312502,1,0,0,0,0.145631
755254,9,1,197462,54752,47705,142710,288081,0,0,0,0,0.0633734
755259,9,2,193113,53522,46434,139578,283796,1,0,0,0,0.134297
755260,9,1,182588,51345,43970,131243,272170,0,0,0,0,0.0610513
755261,9,2,181823,50891,44147,130919,271075,1,0,0,0,0.140873
755262,18,1,197007,54420,47155,142587,286624,0,0,0,0,0.0585722
755264,9,1,186913,51637,45198,135276,271902,0,0,0,0,0.0617681
755265,18,1,206504,56997,49347,149507,300994,0,0,0,0,0.0598764
755268,18,1,208278,57336,49490,150942,300425,0,0,0,0,0.0616378
755269,9,1,225490,63301,54891,162189,331810,0,0,0,0,0.0779594
755290,3,1,210425,58820,51492,151605,311057,0,0,0,0,0.0862759
755291,9,1,182587,50240,43026,132347,264697,0,0,0,0,0.0594164
755294,9,2,203712,56763,49556,146937,300202,1,0,0,0,0.142617
755299,9,2,197857,54981,48007,142863,290669,1,0,0,0,0.13441
755300,3,1,210449,58754,51414,151695,310606,0,0,0,0,0.0863922
755301,9,2,184361,51371,44759,132977,273867,1,0,0,0,0.142604
755304,9,2,182127,50675,44550,131440,269277,1,0,0,0,0.134628
755309,9,2,170876,46774,40742,124090,247748,1,0,0,0,0.129588
755310,9,1,192755,54155,46294,138600,286981,0,0,0,0,0.0662377
755311,9,2,204731,58680,51225,146038,314156,1,0,0,0,0.186859
755314,9,2,179165,49594,43844,129558,262932,1,0,0,0,0.134383
755315,18,2,184477,51352,45135,133112,272938,1,0,0,0,0.128951
755318,18,2,174877,48746,42654,126118,259543,1,0,0,0,0.131375
755319,9,2,170403,46318,40324,124074,244729,1,0,0,0,0.161472
755322,18,1,197944,54149,46712,143795,284360,0,0,0,0,0.0632602
755340,3,1,184991,51225,45006,133766,270869,0,0,0,0,0.0904771
755341,9,1,189397,52458,45831,136939,276877,0,0,0,0,0.0820112
755344,9,2,181535,50390,44176,131132,267324,1,0,0,0,0.150401
755349,9,2,161879,43914,38271,117952,232509,1,0,0,0,0.157217
755350,9,1,181456,50697,43602,130759,268651,0,0,0,0,0.0673665
755351,9,1,199206,54782,47284,144424,287824,0,0,0,0,0.0644689
755354,9,2,180748,50133,44308,130603,265953,1,0,0,0,0.140652
755359,9,2,196744,54624,47668,142108,290888,1,0,0,0,0.164467
755362,18,1,217592,60014,51333,157578,316547,0,0,0,0,0.0670917
755365,18,2,186264,52045,45971,134206,276951,1,0,0,0,0.146068
755368,18,2,195209,54590,47793,140606,291591,1,0,0,0,0.15391
755380,9,2,187831,51986,45589,135833,274060,1,0,0,0,0.164742
755381,9,2,203492,56329,49153,147152,298040,1,0,0,0,0.14881
755384,9,2,201325,56279,49193,145034,297971,1,0,0,0,0.145873
755389,9,2,194649,53644,46744,140993,285110,1,0,0,0,0.164293
755402,18,1,217798,59794,51208,158004,313397,0,0,0,0,0.0782944
755405,18,2,179162,50197,44175,128952,267346,1,0,0,0,0.160074
755408,18,2,194896,54333,47342,140550,289803,1,0,0,0,0.164021
755430,9,2,175571,47821,41561,127737,251715,1,0,0,0,0.155049
755431,9,2,181535,49099,42798,132424,258412,1,0,0,0,0.158356
755432,9,2,189409,52380,45827,137016,278253,1,0,0,0,0.140024
755433,9,1,236104,66576,58000,169528,349536,0,0,0,0,0.0840745
755434,9,2,189891,52406,45906,137472,276568,1,0,0,0,0.134464
755435,9,2,169031,46075,40080,122944,243918,1,0,0,0,0.128743
755436,9,2,168855,45686,40194,123157,240916,1,0,0,0,0.14767
755437,9,2,153607,41165,35601,112429,217490,1,0,0,0,0.158703
755438,9,2,191517,52709,45821,138796,280562,1,0,0,0,0.155358
755439,9,2,188895,51690,45106,137193,274556,1,0,0,0,0.160757
755440,3,1,169360,45486,39012,123874,240685,0,0,0,0,0.10007
755441,9,1,155407,42511,35894,112896,226321,0,0,0,0,0.0715723
755444,9,1,175299,48515,41722,126784,257701,0,0,0,0,0.0749171
755449,9,1,166404,44718,38203,121686,235697,0,0,0,0,0.0976441
755450,3,1,179940,47784,41633,132156,249583,0,0,0,0,0.091652
755451,9,1,156678,41682,35904,114996,218091,0,0,0,0,0.0612492
755454,9,1,171875,45978,39489,125897,238916,0,0,0,0,0.0562729
755459,9,2,312785,84615,74191,228157,445072,1,0,0,0,0.188712
755460,3,1,165400,43534,37580,121866,229456,0,0,0,0,0.0847917
755461,9,1,143264,38122,32189,105142,202005,0,0,0,0,0.0586349
755464,9,1,179962,48799,41958,131163,256323,0,0,0,0,0.0650295
755469,9,1,188283,50918,44020,137365,266685,0,0,0,0,0.0620151
755470,3,1,165471,43553,37587,121918,229538,0,0,0,0,0.0836453
755471,9,2,227137,62971,54690,164154,337066,1,0,0,0,0.17644
755474,9,1,196540,55384,47801,141156,294534,0,0,0,0,0.0719517
755479,9,1,191719,52180,45278,139539,273596,0,0,0,0,0.065983
755480,9,1,157212,42973,36641,114239,228968,0,0,0,0,0.064648
755481,9,1,164568,44613,38281,119955,236296,0,0,0,0,0.0621532
755482,18,1,168354,45481,39696,122873,240695,0,0,0,0,0.0588301
755484,9,1,166423,44265,38253,122158,230957,0,0,0,0,0.0628699
755485,18,1,205054,56997,49273,148057,301900,0,0,0,0,0.0625763
755488,18,1,192697,52523,45304,140174,275557,0,0,0,0,0.0655328
755489,9,1,198450,52981,45647,145469,273401,0,0,0,0,0.0690526
755510,3,1,192703,52988,46603,139715,279167,0,0,0,0,0.0849662
755511,9,1,184690,50651,43574,134039,266347,0,0,0,0,0.0645592
755514,9,2,187077,50992,44470,136073,267000,1,0,0,0,0.142138
755519,9,2,188612,51027,44625,137572,267131,1,0,0,0,0.141536
755520,3,1,216601,61172,53809,155429,323756,0,0,0,0,0.084776
755521,9,1,192591,53947,46485,138644,285027,0,0,0,0,0.0656345
755524,9,2,206101,57217,49846,148873,302111,1,0,0,0,0.187381
755529,9,2,196929,53977,46959,142940,284048,1,0,0,0,0.136758
755530,3,1,216522,61150,53807,155372,323605,0,0,0,0,0.085405
755531,9,2,205953,59048,51492,146892,315552,1,0,0,0,0.145953
755534,9,1,205587,56757,49445,148830,297158,0,0,0,0,0.062928
755539,9,2,194965,53963,46848,140989,285694,1,0,0,0,0.14233
755540,9,1,190148,53247,45909,136901,281417,0,0,0,0,0.0632099
755541,9,2,182486,51148,44468,131325,272134,1,0,0,0,0.141286
755542,18,1,202953,55913,48620,147040,293483,0,0,0,0,0.0621439
755544,9,2,324689,91062,80087,233614,482630,1,0,0,0,0.178352
755545,18,1,217110,59824,51860,157286,314555,0,0,0,0,0.0662948
755548,18,1,213831,58734,50640,155097,306635,0,0,0,0,0.0644694
755549,9,1,236146,66455,57854,169691,347610,0,0,0,0,0.080272
755570,3,1,219692,62029,54704,157663,328462,0,0,0,0,0.0879292
755571,9,1,191292,53234,45937,138058,281011,0,0,0,0,0.0630051
755574,9,2,206979,57480,50223,149487,303652,1,0,0,0,0.146308
755579,9,2,200139,55534,48487,144592,293254,1,0,0,0,0.133159
755580,3,1,219641,62009,54698,157632,328373,0,0,0,0,0.0847896
755581,9,2,186107,52202,45496,133892,278274,1,0,0,0,0.184222
755584,9,2,187587,52284,46144,135291,277984,1,0,0,0,0.188328
755589,9,2,174834,47833,41644,126989,253187,1,0,0,0,0.142074
755590,9,1,200293,56676,48717,143617,300465,0,0,0,0,0.074406
755591,9,2,206212,59179,51686,147020,316221,1,0,0,0,0.172986
755594,9,2,182356,50456,44624,131887,267639,1,0,0,0,0.15645
755595,18,2,184814,51458,45256,133343,273727,1,0,0,0,0.166132
755598,18,2,179751,50217,44099,129521,267373,1,0,0,0,0.139295
755599,9,2,172223,46879,40995,125333,247573,1,0,0,0,0.143435
755602,18,1,206259,56818,49317,149441,298315,0,0,0,0,0.0624061
755620,3,1,192038,53108,46694,138930,280097,0,0,0,0,0.0929034
755621,9,2,322988,91338,80310,231637,485954,1,0,0,0,0.179072
755624,9,2,183487,50878,44581,132596,270173,1,0,0,0,0.145757
755629,9,2,164974,44621,39027,120340,235993,1,0,0,0,0.16773
755630,9,1,188634,52683,45332,135951,278402,0,0,0,0,0.067785
755631,9,1,208142,57603,49880,150539,302111,0,0,0,0,0.0677209
755634,9,2,187669,52069,45867,135588,276358,1,0,0,0,0.143958
755639,9,2,198416,55119,48011,143285,293752,1,0,0,0,0.151499
755642,18,1,230422,63908,54919,166514,336557,0,0,0,0,0.0682348
755645,18,2,188775,52728,46589,136034,280797,1,0,0,0,0.151185
755648,18,2,198916,55622,48516,143281,297381,1,0,0,0,0.163034
755660,9,2,190472,52840,46254,137620,278298,1,0,0,0,0.158264
755661,9,2,207077,57322,50245,149744,302487,1,0,0,0,0.145539
755664,9,2,204556,57067,49747,147477,302057,1,0,0,0,0.147219
755669,9,2,196528,54082,47228,142434,287586,1,0,0,0,0.160369
755682,18,1,224958,62007,53277,162951,324296,0,0,0,0,0.0716263
755685,18,2,184818,51815,45536,132990,276022,1,0,0,0,0.14206
755688,18,2,197816,55200,48171,142603,294892,1,0,0,0,0.151087
755710,9,2,177919,48537,42196,129369,255245,1,0,0,0,0.144237
755711,9,2,190073,51567,45081,138494,271034,1,0,0,0,0.134862
755712,9,2,192305,53118,46481,139174,281713,1,0,0,0,0.140592
755713,9,1,249664,70548,61549,179116,369454,0,0,0,0,0.0852247
755714,9,2,191541,52654,46023,138874,277433,1,0,0,0,0.135062
755715,9,2,171560,46595,40508,124953,246329,1,0,0,0,0.132425
755716,9,2,172586,46820,41031,125754,247345,1,0,0,0,0.150685
755717,9,2,154638,41390,35878,113235,218707,1,0,0,0,0.14812
755718,9,2,192321,53016,46152,139293,282528,1,0,0,0,0.15236
755719,9,2,191284,52422,45803,138850,278849,1,0,0,0,0.183414
755720,3,1,177098,46673,40302,130425,244162,0,0,0,0,0.0988707
755721,9,1,163477,44173,37475,119304,233005,0,0,0,0,0.0723719
755724,9,1,181444,49663,43000,131781,261185,0,0,0,0,0.0603896
755729,9,1,170260,45147,38818,125113,235311,0,0,0,0,0.059106
755730,3,1,176991,46625,40296,130366,243812,0,0,0,0,0.0874859
755731,9,1,163800,44262,37539,119538,233442,0,0,0,0,0.0615387
755734,9,1,182089,49821,43156,132268,261905,0,0,0,0,0.061724
755739,9,1,171060,45342,38929,125718,236343,0,0,0,0,0.0579812
755740,3,1,172589,45970,39503,126619,242883,0,0,0,0,0.0936147
755741,9,1,148752,39712,33330,109040,210638,0,0,0,0,0.0820071
755744,9,1,186101,50861,44066,135240,268288,0,0,0,0,0.100404
755749,9,1,185802,50279,43290,135523,264395,0,0,0,0,0.0776547
755750,3,1,172705,45993,39517,126712,242983,0,0,0,0,0.0998605
755751,9,1,166119,46311,40111,119808,247214,0,0,0,0,0.0695127
755754,9,1,190622,52949,46082,137673,281824,0,0,0,0,0.096116
755759,9,1,194133,54096,47067,140037,288509,0,0,0,0,0.0694126
755760,9,1,160778,44210,37850,116568,235872,0,0,0,0,0.0652541
755761,9,1,168106,45406,38745,122700,239001,0,0,0,0,0.0635239
755762,18,1,172563,47423,41139,125140,252348,0,0,0,0,0.0607604
755764,9,1,162483,43185,37310,119298,227458,0,0,0,0,0.0587272
755765,18,1,188800,52054,44684,136746,276541,0,0,0,0,0.0627105
755768,18,1,191417,53142,45637,138275,283018,0,0,0,0,0.0637224
755769,9,1,173858,45992,39985,127866,240042,0,0,0,0,0.0820342
755790,3,1,203382,56263,49804,147119,296098,0,0,0,0,0.0903067
755791,9,1,191881,53065,45652,138816,279464,0,0,0,0,0.0648184
755794,9,2,191865,51765,45415,140088,268386,1,0,0,0,0.136984
755799,9,2,194586,51819,45218,142754,267932,1,0,0,0,0.140073
755800,3,1,211721,59811,52435,151910,318171,0,0,0,0,0.0817175
755801,9,1,195283,55014,47119,140269,292914,0,0,0,0,0.0623837
755804,9,2,193909,53157,46373,140739,279907,1,0,0,0,0.134259
755809,9,2,205884,56726,49822,149145,299087,1,0,0,0,0.134203
755810,3,1,211595,59778,52435,151817,318000,0,0,0,0,0.084736
755811,9,2,197037,56382,49545,140642,301638,1,0,0,0,0.139635
755814,9,1,208793,58287,50459,150506,308578,0,0,0,0,0.0627564
755819,9,2,187707,51585,45108,136109,272848,1,0,0,0,0.129374
755820,9,1,193472,54702,46976,138770,291629,0,0,0,0,0.0628348
755821,9,2,190212,54082,47221,136117,289152,1,0,0,0,0.139084
755822,18,1,200239,55616,48366,144623,294584,0,0,0,0,0.058422
755824,9,2,328747,92921,81781,235813,494909,1,0,0,0,0.17227
755825,18,1,214397,59498,51865,154899,314898,0,0,0,0,0.062455
755828,18,1,211394,58591,50717,152803,310107,0,0,0,0,0.0635382
755829,9,1,207804,57163,49964,150641,300079,0,0,0,0,0.0677159
755850,3,1,221176,63004,55178,158172,335535,0,0,0,0,0.0858548
755851,9,1,195829,54938,46975,140891,291924,0,0,0,0,0.0629523
755854,9,2,190728,52264,45519,138451,275311,1,0,0,0,0.135721
755859,9,2,207384,57555,50265,149816,303969,1,0,0,0,0.137471
755860,3,1,220698,62832,55066,157866,334538,0,0,0,0,0.0895075
755861,9,2,198595,56933,49764,141649,305260,1,0,0,0,0.156115
755864,9,1,209273,57990,50369,151283,306254,0,0,0,0,0.0652063
755869,9,2,187075,51751,45363,135311,274373,1,0,0,0,0.134768
755870,9,1,203834,58081,49751,145753,309961,0,0,0,0,0.0679866
755871,9,2,189714,53748,46778,135953,287264,1,0,0,0,0.139957
755874,9,2,330288,93612,82461,236663,499139,1,0,0,0,0.208408
755875,18,1,218672,61218,53405,157454,324782,0,0,0,0,0.0643106
755878,18,1,214462,59963,51983,154499,318365,0,0,0,0,0.0638623
755879,9,1,198641,55032,47906,143609,290791,0,0,0,0,0.0666172
755882,18,1,201664,55791,48544,145873,295125,0,0,0,0,0.0599538
755900,3,1,202994,56398,49799,146596,297196,0,0,0,0,0.0931894
755901,9,2,325656,92076,80868,233567,490384,1,0,0,0,0.17304
755904,9,2,330709,93849,82508,236847,500582,1,0,0,0,0.180805
755909,9,1,187613,51576,44875,136037,271797,0,0,0,0,0.0623394
755910,9,1,195927,54849,47157,141078,290036,0,0,0,0,0.0674641
755911,9,1,210747,58895,50808,151852,311955,0,0,0,0,0.0643237
755914,9,1,206916,56994,49157,149922,300675,0,0,0,0,0.0618832
755919,9,1,206155,57485,49824,148670,304217,0,0,0,0,0.0729835
755922,18,1,222737,61780,53285,160957,326971,0,0,0,0,0.0653074
755925,18,1,223899,62253,53738,161646,329734,0,0,0,0,0.0710481
755928,18,1,199325,55405,47541,143920,293978,0,0,0,0,0.0608969
755940,9,2,193508,52719,46313,140777,274227,1,0,0,0,0.143432
755941,9,2,188686,51327,44966,137346,269424,1,0,0,0,0.134983
755944,9,2,186729,51072,44724,135644,269105,1,0,0,0,0.14113
755949,9,1,196667,55376,48070,141291,295260,0,0,0,0,0.0717309
755962,18,1,218861,60644,52431,158217,320992,0,0,0,0,0.0653102
755965,18,1,214477,59474,51731,155003,314898,0,0,0,0,0.0658478
755968,18,1,201000,56206,48377,144794,298879,0,0,0,0,0.0642501
755990,9,2,185365,49559,43029,135793,256860,1,0,0,0,0.142787
755991,9,2,194748,53343,46787,141392,280742,1,0,0,0,0.14211
755992,9,2,179462,48957,42564,130492,259128,1,0,0,0,0.155127
755993,9,1,212454,58139,50673,154315,304709,0,0,0,0,0.0711504
755994,9,2,197109,54198,47488,142898,285617,1,0,0,0,0.154373
755995,9,2,178283,48833,42750,129437,258759,1,0,0,0,0.140549
755996,9,1,192470,52452,45424,140018,276051,0,0,0,0,0.0662949
755997,9,1,185439,50546,44028,134893,265888,0,0,0,0,0.0697784
755998,9,1,196566,54115,46858,142451,285183,0,0,0,0,0.0700762
755999,9,1,190644,52987,45970,137657,281824,0,0,0,0,0.0844361
756000,3,1,173572,45944,39723,127628,242393,0,0,0,0,0.112906
756001,9,1,151333,40875,34855,110458,217343,0,0,0,0,0.0967454
756004,9,1,194092,54074,46678,140018,287245,0,0,0,0,0.113417
756009,9,1,194155,52508,45023,141647,275210,0,0,0,0,0.100616
756010,3,1,173934,46040,39819,127894,242877,0,0,0,0,0.141621
756011,9,1,151349,40884,34875,110465,217392,0,0,0,0,0.124462
756014,9,1,193916,53981,46677,139935,286618,0,0,0,0,0.0983472
756019,9,1,194112,52483,45009,141629,275129,0,0,0,0,0.134451
756020,3,1,167815,44234,37685,123581,233466,0,0,0,0,0.193886
756021,9,1,149358,40207,33932,109151,214039,0,0,0,0,0.102371
756024,9,1,193456,54420,46675,139036,290790,0,0,0,0,0.0926521
756029,9,1,187118,51228,44221,135890,271407,0,0,0,0,0.0843851
756030,3,1,164707,43101,37057,121606,226729,0,0,0,0,0.176981
756031,9,1,182342,50143,43542,132199,267552,0,0,0,0,0.110853
756034,9,1,195462,53948,47361,141514,287178,0,0,0,0,0.148408
756039,9,1,190883,52447,45498,138436,279150,0,0,0,0,0.135161
756040,9,1,161899,43489,37262,118410,230973,0,0,0,0,0.133519
756041,9,1,153011,40691,34645,112320,215960,0,0,0,0,0.0773674
756042,18,1,195609,54143,47229,141466,288097,0,0,0,0,0.0780599
756044,9,1,164883,44018,37811,120865,233299,0,0,0,0,0.0747038
756045,18,1,208050,58313,50901,149737,312093,0,0,0,0,0.0892353
756048,18,1,203498,56825,49392,146673,304055,0,0,0,0,0.0815886
756049,9,1,171292,45436,38912,125856,239472,0,0,0,0,0.079209
756070,3,1,203440,57020,50144,146420,302334,0,0,0,0,0.151665
756071,9,1,175342,47953,40824,127389,252849,0,0,0,0,0.0919576
756074,9,2,189384,50602,44063,138771,261801,1,0,0,0,0.221968
756079,9,2,193895,51793,45050,142090,268408,1,0,0,0,0.202588
756080,3,1,206725,57383,50492,149342,304373,0,0,0,0,0.14513
756081,9,1,181891,49929,43226,131962,263967,0,0,0,0,0.0875717
756084,9,2,189502,51419,44856,138073,269834,1,0,0,0,0.175888
756089,9,2,191668,52029,45312,139628,273080,1,0,0,0,0.163003
756090,3,1,213880,59760,52603,154120,317517,0,0,0,0,0.126554
756091,9,1,206586,57457,50225,149129,305125,0,0,0,0,0.0812565
756094,9,2,177214,48541,42598,128660,256313,1,0,0,0,0.177422
756099,9,2,174074,47146,41108,126918,248846,1,0,0,0,0.188937
756100,9,1,186630,51685,44699,134945,273807,0,0,0,0,0.0993214
756101,9,1,197230,54061,47259,143169,285648,0,0,0,0,0.0894359
756102,18,2,384837,107591,93846,277235,571923,1,0,0,0,0.248483
756104,9,1,211912,58510,50712,153402,309577,0,0,0,0,0.1064
756105,18,1,212576,59453,51799,153123,316214,0,0,0,0,0.10124
756108,18,1,211422,59016,51730,152406,314040,0,0,0,0,0.116348
756109,9,1,198201,53202,46166,144999,278961,0,0,0,0,0.104271
756130,3,1,207251,57829,50894,149422,307089,0,0,0,0,0.125274
756131,9,1,181097,50029,43388,131068,265016,0,0,0,0,0.0727069
756134,9,2,184144,50191,43647,133941,263740,1,0,0,0,0.162302
756139,9,2,187677,51211,44675,136455,269175,1,0,0,0,0.145841
756140,3,1,213581,59822,52590,153759,317820,0,0,0,0,0.0980733
756141,9,1,199168,55477,48565,143691,294687,0,0,0,0,0.0707057
756144,9,2,175891,48522,42602,127356,257480,1,0,0,0,0.149021
756149,9,2,167367,45180,39260,122177,238537,1,0,0,0,0.159917
756150,9,1,188785,52290,44964,136495,277246,0,0,0,0,0.0882436
756151,9,1,202126,55806,48385,146320,295284,0,0,0,0,0.0812263
756154,9,1,218628,59856,51975,158772,314356,0,0,0,0,0.0839467
756155,18,1,210957,59071,50989,151886,314199,0,0,0,0,0.0837352
756158,18,1,212560,59384,51857,153176,316289,0,0,0,0,0.110987
756159,9,1,191242,51619,44687,139623,272264,0,0,0,0,0.0942559
756162,18,2,387161,108441,94480,278709,577007,1,0,0,0,0.188629
756180,3,1,213044,60328,53467,152716,320747,0,0,0,0,0.104971
756181,9,1,220539,61900,53901,158639,329622,0,0,0,0,0.0739456
756184,9,1,229459,63334,55255,166125,333678,0,0,0,0,0.0779509
756189,9,2,168344,45608,39481,122725,241062,1,0,0,0,0.181308
756190,9,1,188451,52484,44910,135967,278392,0,0,0,0,0.0748198
756191,9,2,184278,50830,44554,133435,269084,1,0,0,0,0.166241
756194,9,2,177482,48689,42579,128780,257711,1,0,0,0,0.16524
756199,9,1,186748,50785,43574,135963,268240,0,0,0,0,0.107738
756202,18,1,223322,62955,54377,160367,335512,0,0,0,0,0.0765869
756205,18,1,215404,60451,52088,154953,321797,0,0,0,0,0.0820806
756208,18,1,206502,57284,49370,149218,304508,0,0,0,0,0.0959811
756220,9,2,184835,49065,43065,135759,253610,1,0,0,0,0.152188
756221,9,2,187485,50404,43678,137071,263547,1,0,0,0,0.165048
756224,9,2,185654,50122,43603,135520,262449,1,0,0,0,0.152302
756229,9,1,202857,56459,49469,146398,299587,0,0,0,0,0.103263
756242,18,1,214071,59599,51551,154472,316775,0,0,0,0,0.105215
756245,18,1,218290,60743,52831,157547,322952,0,0,0,0,0.0765353
756248,18,1,209762,58586,50646,151176,312018,0,0,0,0,0.0948993
756270,9,2,182987,48388,42151,134587,250279,1,0,0,0,0.135127
756271,9,2,182405,48749,42482,133645,254548,1,0,0,0,0.145249
756272,9,2,160647,42390,36527,118247,222328,1,0,0,0,0.148901
756273,9,1,208815,56618,48928,152197,297781,0,0,0,0,0.091145
756274,9,2,183252,49109,42657,134132,256498,1,0,0,0,0.148025
756275,9,2,162004,42953,37164,119041,225855,1,0,0,0,0.190392
756276,9,1,193824,52504,45272,141320,277221,0,0,0,0,0.071274
756277,9,2,154069,40917,35241,113141,215356,1,0,0,0,0.17056
756278,9,1,181163,48843,42039,132320,257771,0,0,0,0,0.0888978
756279,9,1,197848,54739,47791,143109,290551,0,0,0,0,0.10423
756280,3,1,175415,46669,40436,128746,246520,0,0,0,0,0.0926072
756281,9,1,151468,40543,34822,110925,214692,0,0,0,0,0.0645906
756284,9,1,179608,49048,42396,130560,259464,0,0,0,0,0.0703895
756289,9,1,175250,46518,39968,128732,242321,0,0,0,0,0.0629726
756290,3,1,175773,46764,40532,129009,246998,0,0,0,0,0.100661
756291,9,1,151592,40570,34840,111022,214815,0,0,0,0,0.0603611
756294,9,1,179527,49033,42415,130494,259372,0,0,0,0,0.0716472
756299,9,1,175677,46621,40053,129056,242906,0,0,0,0,0.0691841
756300,3,1,169074,44794,38231,124280,236724,0,0,0,0,0.107268
756301,9,1,151665,40512,34479,111153,215008,0,0,0,0,0.0664299
756304,9,1,196384,54912,47376,141472,292244,0,0,0,0,0.0779233
756309,9,1,188825,51746,44783,137079,273745,0,0,0,0,0.0739561
756310,3,1,168139,44295,38111,123844,233470,0,0,0,0,0.136045
756311,9,1,178441,48350,41889,130091,257181,0,0,0,0,0.0932944
756314,9,1,197293,54291,47270,143002,289118,0,0,0,0,0.0934766
756319,9,1,183774,49772,43226,134002,264143,0,0,0,0,0.093436
756320,9,1,165995,44377,37924,121618,235385,0,0,0,0,0.101403
756321,9,1,152107,40345,34742,111762,213541,0,0,0,0,0.093544
756322,18,1,186447,51016,44136,135431,272186,0,0,0,0,0.0992534
756324,9,1,164759,43924,37904,120835,232063,0,0,0,0,0.0679344
756325,18,1,194136,53309,46489,140827,284928,0,0,0,0,0.0747531
756328,18,1,186944,51536,44772,135408,275449,0,0,0,0,0.0709538
756329,9,1,178534,47383,40586,131151,248305,0,0,0,0,0.0673542
756350,3,1,205131,57788,50876,147343,306701,0,0,0,0,0.0977388
756351,9,1,179533,48722,41998,130811,255457,0,0,0,0,0.064857
756354,9,2,178710,47596,41712,131103,247471,1,0,0,0,0.150946
756359,9,2,178112,47467,41214,130633,247296,1,0,0,0,0.145051
756360,3,1,208410,58120,51161,150290,308620,0,0,0,0,0.103811
756361,9,1,189253,51952,45052,137301,274282,0,0,0,0,0.0811463
756364,9,2,177968,48404,42014,129554,255371,1,0,0,0,0.14753
756369,9,2,179402,48658,42272,130733,256788,1,0,0,0,0.147514
756370,3,1,215819,60630,53422,155189,322512,0,0,0,0,0.128036
756371,9,1,210083,58264,50899,151819,308890,0,0,0,0,0.0735874
756374,9,2,179741,49129,43079,130599,259350,1,0,0,0,0.14935
756379,9,2,174321,47291,41244,127019,249812,1,0,0,0,0.157285
756380,9,1,192879,53440,46292,139439,283288,0,0,0,0,0.0681687
756381,9,1,204455,56431,49255,148024,298867,0,0,0,0,0.0735917
756382,18,1,210037,57486,49588,152551,303487,0,0,0,0,0.0900023
756384,9,1,214540,59208,51354,155332,312285,0,0,0,0,0.0858523
756385,18,1,212356,59035,51609,153321,312969,0,0,0,0,0.0680112
756388,18,1,210630,58899,51654,151731,313356,0,0,0,0,0.0745897
756389,9,1,201690,53903,46882,147787,280936,0,0,0,0,0.0685845
756410,3,1,207861,58088,51063,149773,308610,0,0,0,0,0.101661
756411,9,1,188648,52108,45305,136540,275832,0,0,0,0,0.0661515
756414,9,2,176111,48132,41871,127968,254471,1,0,0,0,0.144677
756419,9,2,175673,47680,41738,127981,251556,1,0,0,0,0.140867
756420,3,1,214711,60324,53033,154387,320722,0,0,0,0,0.101903
756421,9,1,203810,56571,49378,147239,300161,0,0,0,0,0.069677
756424,9,2,177402,48953,42864,128436,259684,1,0,0,0,0.141543
756429,9,2,175071,47757,41651,127303,252747,1,0,0,0,0.185991
756430,9,1,194933,54223,46331,140710,287755,0,0,0,0,0.0814797
756431,9,1,205877,57179,49942,148698,302927,0,0,0,0,0.0829755
756434,9,1,223792,61142,53104,162650,319853,0,0,0,0,0.108262
756435,18,1,211557,58763,50716,152794,311272,0,0,0,0,0.0930777
756438,18,1,214448,60189,52628,154259,321234,0,0,0,0,0.0995286
756439,9,1,194234,52326,45451,141908,274862,0,0,0,0,0.0797835
756442,18,1,208767,57532,49610,151235,304303,0,0,0,0,0.0933371
756460,3,1,215661,61651,54762,154010,328291,0,0,0,0,0.13188
756461,9,1,225758,63094,54679,162664,334611,0,0,0,0,0.0868407
756464,9,1,239197,66194,57702,173003,347680,0,0,0,0,0.089803
756469,9,2,176715,48662,42277,128041,258441,1,0,0,0,0.179001
756470,9,1,192230,53138,45888,139092,280481,0,0,0,0,0.0916532
756471,9,2,181168,49447,43183,131708,261060,1,0,0,0,0.164086
756474,9,2,181584,49823,43492,131748,263838,1,0,0,0,0.15447
756479,9,1,188972,51146,44127,137826,269184,0,0,0,0,0.0776961
756482,18,1,224726,63101,54711,161625,335361,0,0,0,0,0.0728946
756485,18,1,218031,60858,52405,157173,322915,0,0,0,0,0.0690447
756488,18,1,206066,57431,50151,148635,305632,0,0,0,0,0.074374
756500,9,2,180525,48447,42573,132067,252783,1,0,0,0,0.167454
756501,9,2,176537,47661,41443,128866,250520,1,0,0,0,0.145788
756504,9,2,177746,48396,42242,129339,255397,1,0,0,0,0.15288
756509,9,1,207915,58104,51142,149811,308244,0,0,0,0,0.100055
756522,18,1,212338,59094,51625,153244,314030,0,0,0,0,0.0774285
756525,18,1,215608,59928,52340,155680,318360,0,0,0,0,0.0747407
756528,18,1,209437,58390,50873,151047,310652,0,0,0,0,0.0921019
756550,9,2,171908,45480,39723,126416,236799,1,0,0,0,0.146523
756551,9,2,170897,45389,39449,125497,237955,1,0,0,0,0.170619
756552,9,2,160081,42339,36458,117731,222394,1,0,0,0,0.143299
756553,9,1,211158,57097,49591,154061,298685,0,0,0,0,0.0743772
756554,9,2,170448,45548,39755,124888,239179,1,0,0,0,0.143842
756555,9,2,166311,44408,38566,121892,233925,1,0,0,0,0.149316
756556,9,1,194266,52425,45223,141841,275762,0,0,0,0,0.068505
756557,9,2,161062,43745,37828,117305,231712,1,0,0,0,0.187639
756558,9,1,181878,48857,42199,133021,256863,0,0,0,0,0.0712341
756559,9,1,201978,56011,48872,145967,297066,0,0,0,0,0.0933291
756560,9,1,146673,38933,33367,107740,205885,0,0,0,0,0.0666909
756561,9,1,157279,41289,35759,115990,214661,0,0,0,0,0.0665842
756564,9,2,174598,47092,41382,127493,248026,1,0,0,0,0.153934
756569,9,2,173058,46394,40756,126651,244152,1,0,0,0,0.152946
756570,9,1,146648,38941,33404,107707,205958,0,0,0,0,0.0632354
756571,9,1,157302,41304,35814,115998,214742,0,0,0,0,0.0785581
756574,9,2,174195,46985,41290,127197,247429,1,0,0,0,0.190013
756579,9,2,172689,46308,40739,126368,243686,1,0,0,0,0.176005
756580,9,1,144643,38408,32455,106235,203418,0,0,0,0,0.078509
756581,9,1,154533,40480,34906,114053,210685,0,0,0,0,0.0771172
756584,9,2,174199,47450,41417,126737,251855,1,0,0,0,0.169968
756589,9,2,167006,45223,39731,121771,239790,1,0,0,0,0.177881
756590,9,1,148438,39137,33350,109301,206599,0,0,0,0,0.0871563
756591,9,1,162709,45076,39352,117633,240480,0,0,0,0,0.0760576
756594,9,1,173255,48062,42009,125193,256826,0,0,0,0,0.0798263
756599,9,1,165209,45001,39039,120208,238669,0,0,0,0,0.0636162
756600,9,1,166163,43958,38310,122205,229569,0,0,0,0,0.10316
756601,9,1,164476,44203,38260,120273,231830,0,0,0,0,0.0787175
756604,9,2,233009,64182,55421,168815,341462,1,0,0,0,0.233903
756609,9,2,154094,41001,34981,113080,216808,1,0,0,0,0.180073
756630,9,1,168458,45990,39584,122468,242662,0,0,0,0,0.0661707
756631,9,2,168489,44603,38922,123874,232271,1,0,0,0,0.151768
756634,9,2,179771,47789,41885,131970,248412,1,0,0,0,0.142955
756639,9,2,176084,46813,40492,129259,243427,1,0,0,0,0.146236
756640,9,1,171683,46832,40311,124851,247857,0,0,0,0,0.0693424
756641,9,2,167129,45220,39755,121897,238863,1,0,0,0,0.145176
756644,9,2,177073,47715,41582,129345,251149,1,0,0,0,0.142164
756649,9,2,175410,47058,41050,128340,247281,1,0,0,0,0.143205
756650,9,1,181124,50449,43666,130675,268624,0,0,0,0,0.0697649
756651,9,2,183269,50536,44385,132721,267849,1,0,0,0,0.153935
756654,9,2,180176,49608,43579,130555,262619,1,0,0,0,0.147624
756659,9,2,174049,47551,41197,126485,251781,1,0,0,0,0.185377
756660,9,2,174141,47903,42178,126227,253810,1,0,0,0,0.14049
756661,9,2,185747,51272,44950,134463,271956,1,0,0,0,0.134475
756664,9,2,181896,49807,43570,132076,263354,1,0,0,0,0.132314
756669,9,2,174729,47329,40904,127388,249628,1,0,0,0,0.173473
756690,9,1,172636,47701,41257,124935,253367,0,0,0,0,0.0657242
756691,9,2,165447,44480,38719,120955,234525,1,0,0,0,0.134109
756694,9,2,172864,46892,40887,125959,247551,1,0,0,0,0.133257
756699,9,2,173297,46440,40593,126845,244249,1,0,0,0,0.135354
756700,9,1,180058,49745,42929,130313,264059,0,0,0,0,0.0671867
756701,9,2,181934,50111,44112,131811,265589,1,0,0,0,0.136135
756704,9,2,176614,48768,42758,127833,258860,1,0,0,0,0.130975
756709,9,2,171194,46763,40460,124418,248132,1,0,0,0,0.137734
756710,9,2,175743,48438,42888,127293,256735,1,0,0,0,0.143953
756711,9,2,184716,51078,44836,133626,271101,1,0,0,0,0.13633
756714,9,2,174809,48144,42139,126652,255588,1,0,0,0,0.160041
756719,9,2,169335,45940,39888,123383,243154,1,0,0,0,0.157093
756740,9,1,179287,49759,43124,129528,264088,0,0,0,0,0.0779675
756741,9,2,179199,48885,42690,130301,258307,1,0,0,0,0.147394
756744,9,2,177438,48606,42539,128819,257593,1,0,0,0,0.184911
756749,9,2,171578,47221,40700,124344,251052,1,0,0,0,0.172771
756750,9,2,180343,49028,43217,131303,257222,1,0,0,0,0.173761
756751,9,2,182664,50221,43892,132430,265985,1,0,0,0,0.150212
756754,9,2,180441,49587,43289,130841,262941,1,0,0,0,0.142953
756759,9,2,169762,46371,40018,123379,245965,1,0,0,0,0.161178
756780,9,2,186457,49962,44154,136483,260743,1,0,0,0,0.149541
756781,9,2,180214,48707,42628,131494,256192,1,0,0,0,0.144148
756784,9,2,178001,48463,42597,129525,256049,1,0,0,0,0.144318
756789,9,1,189396,53103,47433,136293,282031,0,0,0,0,0.093516
756830,9,2,175413,46161,40314,129240,239479,1,0,0,0,0.152441
756831,9,2,172905,45553,39673,127340,237732,1,0,0,0,0.145901
756832,9,2,161896,43203,37026,118680,227836,1,0,0,0,0.139383
756833,9,2,161804,43414,37263,118378,229113,1,0,0,0,0.149814
756834,9,2,169975,45033,39176,124930,235929,1,0,0,0,0.143901
756835,9,2,163027,43669,37653,119345,230656,1,0,0,0,0.142726
756836,9,2,163641,44051,38000,119578,233075,1,0,0,0,0.135751
756837,9,2,160090,43097,37283,116980,227641,1,0,0,0,0.154361
756838,9,2,161558,43620,37621,117926,230623,1,0,0,0,0.145524
756839,9,1,185130,50862,45428,134268,268410,0,0,0,0,0.115109
757122,18,1,161380,43332,37376,118048,229490,0,0,0,0,0.097856
757125,18,1,184343,50391,43972,133952,265885,0,0,0,0,0.0774679
757128,18,1,185223,50318,43596,134905,263981,0,0,0,0,0.111121
757132,18,1,161543,43361,37404,118182,229597,0,0,0,0,0.110045
757135,18,1,184310,50322,43931,133988,265412,0,0,0,0,0.0798874
757138,18,1,185506,50333,43603,135173,263925,0,0,0,0,0.0871189
757142,18,1,156785,41933,35867,114852,222711,0,0,0,0,0.0677372
757145,18,1,195255,54459,46687,140796,289321,0,0,0,0,0.0744993
757148,18,1,195310,54279,47087,141031,288132,0,0,0,0,0.0851591
757152,18,1,184069,50298,43971,133771,266909,0,0,0,0,0.0942325
757155,18,1,198479,55178,48154,143301,293765,0,0,0,0,0.0885878
757158,18,1,204960,57407,49838,147553,306741,0,0,0,0,0.110418
757162,18,1,182520,50265,44187,132255,268400,0,0,0,0,0.120599
757165,18,1,192701,53888,47543,138813,288255,0,0,0,0,0.172358
757168,18,1,192691,54224,47410,138467,290628,0,0,0,0,0.0913979
757170,18,1,168057,45095,39151,122962,239294,0,0,0,0,0.108679
757171,18,1,171659,46350,40338,125309,246097,0,0,0,0,0.0850397
757172,18,1,183297,49626,43361,133671,262761,0,0,0,0,0.118111
757173,18,1,166236,43725,38057,122511,228118,0,0,0,0,0.101877
757174,18,1,175690,47584,41308,128106,251874,0,0,0,0,0.0864722
757175,18,1,190128,51560,45269,138568,273866,0,0,0,0,0.0885857
757176,18,1,186634,50148,43641,136486,264009,0,0,0,0,0.0738266
757177,18,1,174179,46508,40437,127671,244288,0,0,0,0,0.06119
757178,18,1,185191,50187,43557,135004,266256,0,0,0,0,0.0647493
757179,18,1,185075,49830,43080,135245,262288,0,0,0,0,0.0801501
757192,18,1,183113,49767,43150,133346,260663,0,0,0,0,0.0783757
757195,18,2,179915,47954,41839,131949,249747,1,0,0,0,0.135681
757198,18,2,181693,48718,42270,132963,253886,1,0,0,0,0.142724
757202,18,1,185559,50759,44274,134800,267992,0,0,0,0,0.0691004
757205,18,2,178351,48458,42414,129881,255448,1,0,0,0,0.134106
757208,18,2,179175,48614,42395,130550,256109,1,0,0,0,0.138364
757212,18,1,215174,59949,52284,155225,318003,0,0,0,0,0.0704401
757215,18,2,180037,49511,43605,130513,261558,1,0,0,0,0.152654
757218,18,2,176246,48125,42091,128110,254371,1,0,0,0,0.143598
757222,18,2,186925,51724,45820,135188,274491,1,0,0,0,0.13315
757225,18,2,181776,50241,44320,131522,266076,1,0,0,0,0.135103
757228,18,2,188689,52491,45863,136186,279236,1,0,0,0,0.151264
757230,18,1,191348,52943,46427,138405,280404,0,0,0,0,0.0701425
757231,18,1,212298,58726,51132,153572,310987,0,0,0,0,0.0681241
757232,18,2,191967,53306,47175,138648,282783,1,0,0,0,0.137913
757233,18,1,226655,62000,53880,164655,323994,0,0,0,0,0.0731131
757234,18,1,205510,57032,49688,148478,301562,0,0,0,0,0.0776001
757235,18,2,189258,52385,46215,136861,277471,1,0,0,0,0.172307
757236,18,2,205466,57019,50267,148434,302806,1,0,0,0,0.185276
757237,18,1,204794,56970,50237,147824,302008,0,0,0,0,0.0725472
757238,18,1,201319,54736,48044,146583,288317,0,0,0,0,0.0814362
757239,18,1,204799,56075,48718,148724,294759,0,0,0,0,0.0941885
757252,18,1,185201,51091,44354,134110,270522,0,0,0,0,0.106806
757255,18,2,176849,48405,42215,128432,256005,1,0,0,0,0.156956
757258,18,2,176049,48072,42009,127966,253781,1,0,0,0,0.180857
757262,18,1,216378,59951,52314,156427,317368,0,0,0,0,0.0716785
757265,18,2,175600,48604,42853,126983,258245,1,0,0,0,0.138232
757268,18,2,171144,46474,40412,124659,245682,1,0,0,0,0.147582
757272,18,2,186898,51585,45475,135300,273364,1,0,0,0,0.168174
757275,18,2,179335,49655,43879,129667,263769,1,0,0,0,0.140912
757278,18,2,182610,50457,44158,132141,268449,1,0,0,0,0.150089
757280,18,1,190105,52410,45700,137695,277324,0,0,0,0,0.0713032
757281,18,1,212630,58949,51339,153681,312430,0,0,0,0,0.0843416
757282,18,2,186795,51431,45456,135351,272363,1,0,0,0,0.155308
757284,18,1,210102,57852,50045,152250,304033,0,0,0,0,0.0867776
757285,18,2,183572,50841,44731,132719,269700,1,0,0,0,0.135332
757286,18,2,202641,56562,49859,146066,301303,1,0,0,0,0.185197
757287,18,1,198210,55187,48517,143023,293205,0,0,0,0,0.0778874
757288,18,1,202052,55537,49000,146515,293558,0,0,0,0,0.0862907
757289,18,1,199868,54863,47690,145005,289866,0,0,0,0,0.0784814
757293,18,1,227097,62270,54004,164827,325740,0,0,0,0,0.0724893
757302,18,1,219078,61264,53418,157814,325186,0,0,0,0,0.0859944
757305,18,1,226168,62881,55046,163287,331550,0,0,0,0,0.0665799
757308,18,2,171889,47131,40888,124746,249889,1,0,0,0,0.144961
757312,18,2,183629,50291,44213,133326,265897,1,0,0,0,0.128942
757315,18,2,182109,50036,44054,132061,264947,1,0,0,0,0.130532
757318,18,2,186015,52047,45383,133956,277759,1,0,0,0,0.149351
757320,18,1,189000,51584,45012,137416,270655,0,0,0,0,0.0678872
757321,18,2,184964,50813,44474,134138,269199,1,0,0,0,0.138937
757322,18,2,182413,49894,43856,132506,263933,1,0,0,0,0.131832
757324,18,2,181500,49863,43724,131624,264396,1,0,0,0,0.135195
757325,18,2,182444,50114,43898,132317,265686,1,0,0,0,0.139238
757328,18,1,206465,56951,49716,149514,299685,0,0,0,0,0.0667362
757329,18,1,202164,55718,47921,146446,294953,0,0,0,0,0.0648135
757333,18,2,200870,55256,48428,145601,292745,1,0,0,0,0.157732
757336,18,2,203198,56415,49707,146770,300144,1,0,0,0,0.196095
757337,18,1,199715,54832,48221,144883,289640,0,0,0,0,0.090967
757342,18,1,204713,57081,50321,147632,302922,0,0,0,0,0.0695029
757345,18,1,201975,56116,49540,145859,297931,0,0,0,0,0.0705775
757348,18,1,198935,54490,47844,144445,288004,0,0,0,0,0.0700004
757350,18,2,187084,50669,44625,136403,265426,1,0,0,0,0.141317
757351,18,2,179244,48720,42577,130512,256659,1,0,0,0,0.165292
757354,18,2,179713,49333,42977,130368,261243,1,0,0,0,0.13627
757359,18,1,209763,58665,51415,151098,311315,0,0,0,0,0.0856856
757362,18,2,183698,50584,44053,133102,268320,1,0,0,0,0.182125
757363,18,1,205760,56578,49475,149182,298934,0,0,0,0,0.0768725
757365,18,2,180378,49582,43167,130784,263317,1,0,0,0,0.15812
757366,18,1,207127,57408,50491,149719,304113,0,0,0,0,0.0741773
757367,18,2,176174,49011,42669,127151,261068,1,0,0,0,0.192208
757368,18,1,208163,57781,50262,150382,305268,0,0,0,0,0.0675271
757380,18,2,178180,47709,41751,130459,248795,1,0,0,0,0.138643
757381,18,2,175133,47205,41216,127917,248092,1,0,0,0,0.168843
757382,18,2,165774,44495,38510,121268,234185,1,0,0,0,0.227978
757383,18,1,211782,58516,51014,153266,308176,0,0,0,0,0.13348
757384,18,2,174011,47310,41210,126690,249331,1,0,0,0,0.200592
757385,18,2,166418,44516,38485,121891,234499,1,0,0,0,0.183223
757386,18,1,202352,55818,48617,146534,295022,0,0,0,0,0.0834431
757387,18,2,160642,43628,37657,117002,230867,1,0,0,0,0.211583
757388,18,1,199296,55069,47857,144227,291833,0,0,0,0,0.101093
757389,18,1,208055,57927,50896,150128,306713,0,0,0,0,0.108579
758550,6,1,198136,54921,48522,143215,293014,0,0,0,0,0.150969
758551,18,1,207040,58864,51687,148176,316384,0,0,0,0,0.133546
758554,18,1,225951,64631,56945,161320,347728,0,0,0,0,0.154679
758559,18,1,207887,58295,51086,149592,311741,0,0,0,0,0.0840598
758560,18,1,185159,51387,44866,133772,274162,0,0,0,0,0.0891625
758561,18,1,186307,52002,45184,134305,277392,0,0,0,0,0.0668125
758564,18,1,192416,53315,46509,139101,284730,0,0,0,0,0.0744497
758569,18,1,190848,52575,45755,138273,280156,0,0,0,0,0.0849322
758582,36,1,213293,60309,53188,152984,322451,0,0,0,0,0.0820729
758585,36,1,225126,64741,57170,160385,347866,0,0,0,0,0.0798085
758588,36,2,242908,69775,61443,173120,377694,1,0,0,0,0.16096
758610,6,1,200348,54225,47523,146123,287236,0,0,0,0,0.0822557
758611,18,1,204557,56332,48880,148225,299293,0,0,0,0,0.0583766
758614,18,1,210667,57974,50411,152693,308020,0,0,0,0,0.057127
758619,18,2,189463,51560,45382,137891,274813,1,0,0,0,0.118912
758620,18,1,186042,50518,43606,135524,268016,0,0,0,0,0.0557782
758621,18,2,309172,87042,76580,222117,467490,1,0,0,0,0.147935
758624,18,2,311645,87837,77144,223795,471521,1,0,0,0,0.152882
758629,18,2,238823,66210,58070,172601,354159,1,0,0,0,0.132847
758642,36,1,223006,62005,54113,161001,330734,0,0,0,0,0.0626611
758645,36,1,211042,58357,50862,152685,310723,0,0,0,0,0.0600477
758648,36,1,199897,54810,47776,145087,291509,0,0,0,0,0.0830901
758660,6,1,195547,53066,46826,142481,281359,0,0,0,0,0.101013
758661,18,1,201482,55289,48331,146193,293528,0,0,0,0,0.0722332
758664,18,1,207475,57230,49877,150245,304290,0,0,0,0,0.0657612
758669,18,2,189928,51505,45107,138411,274119,1,0,0,0,0.160413
758670,18,1,184257,50046,43427,134211,265706,0,0,0,0,0.0811944
758671,18,2,314726,88438,78224,226275,474741,1,0,0,0,0.204797
758674,18,2,313068,88071,77405,224984,472772,1,0,0,0,0.194529
758679,18,2,241409,66835,58874,174562,357380,1,0,0,0,0.145427
758692,36,1,220385,61167,53537,159218,326283,0,0,0,0,0.084219
758695,36,1,214263,59272,51680,154991,314823,0,0,0,0,0.084173
758698,36,1,200807,54894,48000,145913,291726,0,0,0,0,0.0834234
758700,6,1,201428,55321,48864,146107,292857,0,0,0,0,0.0986373
758701,18,1,217268,60572,53110,156696,323033,0,0,0,0,0.0631917
758704,18,1,226808,63142,55402,163666,335703,0,0,0,0,0.0799026
758709,18,2,182708,49581,43453,133115,263788,1,0,0,0,0.158665
758710,18,1,180954,49367,42959,131587,261026,0,0,0,0,0.0645449
758711,18,2,315253,88337,78146,226903,473546,1,0,0,0,0.176531
758714,18,2,312567,87390,77128,225164,468338,1,0,0,0,0.163516
758719,18,2,235299,64883,57097,170404,346179,1,0,0,0,0.171594
758732,36,1,214247,59742,52523,154505,318519,0,0,0,0,0.0826747
758735,36,1,212728,59212,51946,153516,315283,0,0,0,0,0.0651912
758738,36,1,199301,55031,48188,144270,293594,0,0,0,0,0.0661904
758740,18,2,286320,78271,69430,208037,411267,1,0,0,0,0.175155
758741,18,2,280766,77466,68471,203288,411194,1,0,0,0,0.149519
758744,18,2,275986,76367,67600,199607,405493,1,0,0,0,0.176426
758749,18,1,196138,53482,47044,142656,282215,0,0,0,0,0.0651533
758762,36,1,204764,57052,50025,147712,303963,0,0,0,0,0.0676304
758765,36,1,205837,57259,49922,148578,305341,0,0,0,0,0.0718577
758768,36,1,203442,56302,49094,147140,300279,0,0,0,0,0.0636741
758790,18,2,250830,68283,60802,182535,357735,1,0,0,0,0.177166
758791,18,2,314832,86729,76965,228091,458546,1,0,0,0,0.165888
758792,18,2,222565,61003,53693,161550,324985,1,0,0,0,0.144292
758793,18,1,194939,52030,45945,142909,271320,0,0,0,0,0.0582587
758794,18,2,239412,65514,58164,173886,345957,1,0,0,0,0.15228
758795,18,2,219411,59952,52522,159447,319468,1,0,0,0,0.155574
758796,18,1,193832,52169,46036,141663,273305,0,0,0,0,0.0777202
758797,18,2,215660,58875,51540,156773,313506,1,0,0,0,0.130007
758798,18,1,195639,53007,46436,142632,277903,0,0,0,0,0.0620467
758799,18,1,194017,52721,46835,141296,278063,0,0,0,0,0.0975584
758840,18,1,196237,54389,47737,141848,289550,0,0,0,0,0.0827885
758841,18,1,190901,52920,46061,137981,280745,0,0,0,0,0.0619975
758844,18,1,190318,52135,45420,138183,276290,0,0,0,0,0.0584724
758849,18,1,193136,52220,45397,140916,273757,0,0,0,0,0.0549561
758862,36,1,203193,57058,50174,146135,305933,0,0,0,0,0.0608174
758865,36,1,209866,58819,51983,151047,314957,0,0,0,0,0.065975
758868,36,1,208899,59149,51870,149750,317920,0,0,0,0,0.064482
758900,18,2,317639,89411,78516,228215,479890,1,0,0,0,0.159021
758901,18,1,199638,54768,47600,144870,290808,0,0,0,0,0.0607364
758904,18,1,211980,58737,51424,153243,313346,0,0,0,0,0.0743492
758909,18,1,194341,53251,46566,141090,282358,0,0,0,0,0.0817293
758922,36,1,219246,60661,52583,158585,322645,0,0,0,0,0.0716767
758925,36,1,216104,59832,52406,156272,319061,0,0,0,0,0.0640693
758928,36,1,205786,56847,49575,148939,303515,0,0,0,0,0.0660446
758950,18,2,321712,90634,80020,231065,485982,1,0,0,0,0.157365
758951,18,2,286448,80162,70644,206273,430430,1,0,0,0,0.14803
758954,18,1,216984,59765,52291,157219,317133,0,0,0,0,0.0791652
758959,18,1,189594,51756,45156,137838,274966,0,0,0,0,0.0803368
758972,36,1,216333,59796,51878,156537,318399,0,0,0,0,0.0609249
758975,36,1,215588,59618,52281,155970,317727,0,0,0,0,0.0641818
758978,36,1,207855,57629,50458,150226,308144,0,0,0,0,0.0637054
758990,18,2,280610,78439,69585,202159,417195,1,0,0,0,0.143653
758991,18,2,194505,52805,46727,141687,280076,1,0,0,0,0.115194
758994,18,2,192739,52570,46510,140156,279757,1,0,0,0,0.131312
758999,18,1,191620,52251,45503,139369,276893,0,0,0,0,0.0598835
759012,36,1,213122,59311,52208,153811,316872,0,0,0,0,0.0592057
759015,36,1,210419,58315,51429,152104,310944,0,0,0,0,0.0578115
759018,36,1,207941,57651,50675,150290,307993,0,0,0,0,0.0619762
759020,18,2,210774,57173,50712,153589,299644,1,0,0,0,0.136944
759021,18,2,205878,56386,49963,149480,299297,1,0,0,0,0.176093
759024,18,2,201255,55034,48496,146209,292202,1,0,0,0,0.155321
759029,18,1,194480,53214,47330,141266,282877,0,0,0,0,0.0745054
759042,36,1,211578,58925,51753,152653,315165,0,0,0,0,0.0667709
759045,36,1,210866,58674,51600,152192,314093,0,0,0,0,0.0659553
759048,36,1,206633,57194,50065,149439,305992,0,0,0,0,0.0668128
759070,18,2,269120,73770,65493,195337,389039,1,0,0,0,0.158151
759071,18,2,302803,83398,73438,219393,443880,1,0,0,0,0.171847
759072,18,2,301216,82919,73062,218285,442125,1,0,0,0,0.217453
759073,18,1,202147,55867,48798,146280,296210,0,0,0,0,0.086441
759074,18,2,294756,80818,71082,213926,429659,1,0,0,0,0.199836
759075,18,2,293601,80721,70780,212868,430686,1,0,0,0,0.151238
759076,18,1,195283,53700,46916,141583,285685,0,0,0,0,0.0599361
759077,18,1,178029,47975,42507,130054,254209,0,0,0,0,0.056374
759078,18,1,196269,53939,47464,142330,286256,0,0,0,0,0.0633132
759079,18,1,198169,54432,48150,143737,289463,0,0,0,0,0.0865616
759350,18,1,206507,55608,48912,150899,287472,0,0,0,0,0.101904
759351,18,2,306393,84132,74592,222249,446766,1,0,0,0,0.204569
759352,18,1,198676,54454,47761,144222,288902,0,0,0,0,0.0894387
759353,18,1,198129,54725,47896,143404,290258,0,0,0,0,0.0853895
759354,18,2,302379,82758,73104,219609,439640,1,0,0,0,0.171413
759355,18,1,200160,54734,48231,145426,290682,0,0,0,0,0.0797991
759356,18,1,193828,53404,46891,140424,284359,0,0,0,0,0.0654125
759357,18,1,203263,56459,49708,146804,300294,0,0,0,0,0.0739654
759358,18,1,194421,54236,47576,140185,290494,0,0,0,0,0.0751988
759359,18,1,197636,54707,49021,142929,292093,0,0,0,0,0.113653
759420,36,1,198158,55828,49486,142330,299130,0,0,0,0,0.0812949
759421,36,1,201187,56563,49404,144624,303205,0,0,0,0,0.0620409
759422,36,1,214046,60460,52963,153586,323183,0,0,0,0,0.0776141
759423,36,1,212660,59585,51909,153075,316663,0,0,0,0,0.0904591
759424,36,1,200700,56093,48854,144607,300036,0,0,0,0,0.0760751
759425,36,1,217270,61141,53700,156129,327924,0,0,0,0,0.0781206
759426,36,1,214347,59842,52292,154505,319223,0,0,0,0,0.0784731
759427,36,1,211271,59348,52007,151923,316340,0,0,0,0,0.0786474
759428,36,1,207579,57659,50441,149920,307922,0,0,0,0,0.0755991
759429,36,1,206274,57411,49727,148863,305847,0,0,0,0,0.0592334
759480,36,1,196088,53462,46398,142626,283806,0,0,0,0,0.0587856
759481,36,2,291917,82192,72013,209713,442674,1,0,0,0,0.184287
759482,36,1,216651,60207,52465,156444,321647,0,0,0,0,0.0992899
759483,36,1,246651,69270,60233,177381,369215,0,0,0,0,0.12095
759484,36,1,200528,54943,47794,145585,292456,0,0,0,0,0.0869243
759485,36,1,212883,59033,51311,153850,314852,0,0,0,0,0.0946396
759486,36,1,212447,58684,51316,153763,311743,0,0,0,0,0.0914796
759487,36,1,194452,54115,47735,140337,289272,0,0,0,0,0.0898211
759488,36,1,198844,55104,47662,143740,294203,0,0,0,0,0.0867426
759489,36,1,203300,56414,48475,146886,300304,0,0,0,0,0.0875015
759530,36,1,190561,51850,45241,138711,274778,0,0,0,0,0.0766212
759531,36,2,296612,83734,73550,212866,451356,1,0,0,0,0.200182
759532,36,1,215229,60111,52606,155118,321557,0,0,0,0,0.0857681
759533,36,1,244733,68633,59915,176100,365173,0,0,0,0,0.104422
759534,36,1,208096,57145,49725,150951,303048,0,0,0,0,0.0875772
759535,36,2,277692,77696,68546,199983,417991,1,0,0,0,0.191125
759536,36,1,209346,57862,50600,151484,307325,0,0,0,0,0.0841395
759537,36,1,195225,54243,47825,140982,290177,0,0,0,0,0.0867147
759538,36,1,202528,56244,48634,146284,300978,0,0,0,0,0.086043
759539,36,1,201107,55640,48077,145467,296756,0,0,0,0,0.085138
759570,36,1,196151,53970,47220,142181,285607,0,0,0,0,0.0865975
759571,36,2,192538,52450,46286,140075,278478,1,0,0,0,0.16745
759572,36,1,209186,58535,51309,150651,313223,0,0,0,0,0.0855247
759573,36,1,214803,59296,51690,155507,314967,0,0,0,0,0.0863276
759574,36,2,188455,51302,45194,137140,272869,1,0,0,0,0.159532
759575,36,1,209080,57846,50618,151234,308355,0,0,0,0,0.0827555
759576,36,1,210896,58169,50672,152727,309325,0,0,0,0,0.0839544
759577,36,1,199603,55891,49271,143712,299254,0,0,0,0,0.0881891
759578,36,1,205264,57418,49750,147846,306513,0,0,0,0,0.0908883
759579,36,1,205391,57565,49359,147826,308370,0,0,0,0,0.0870603
759600,36,2,207302,56570,50201,150720,297266,1,0,0,0,0.17174
759601,36,2,206846,57153,50539,149681,304306,1,0,0,0,0.169036
759602,36,1,211117,58958,51579,152159,315224,0,0,0,0,0.0877276
759603,36,1,199883,55030,48000,144853,292565,0,0,0,0,0.0846626
759604,36,2,202480,55856,49248,146612,297434,1,0,0,0,0.169623
759605,36,1,214473,59298,52058,155175,315848,0,0,0,0,0.090394
759606,36,1,198576,54566,47481,144010,290286,0,0,0,0,0.0783224
759607,36,1,213393,59853,51730,153540,320206,0,0,0,0,0.0774425
759608,36,1,195986,53906,46823,142080,285878,0,0,0,0,0.0857518
759609,36,1,208164,57741,50530,150423,308383,0,0,0,0,0.078081
759620,36,2,201903,54596,48174,147294,286467,1,0,0,0,0.125757
759621,36,2,309216,85935,75595,223269,459002,1,0,0,0,0.15173
759622,36,2,185192,49479,43254,135700,261776,1,0,0,0,0.130482
759623,36,1,195050,53266,46358,141784,281534,0,0,0,0,0.0646626
759624,36,2,303180,83877,73560,219291,447920,1,0,0,0,0.168323
759625,36,2,181328,48363,42075,132952,256146,1,0,0,0,0.127849
759626,36,1,189068,51142,44354,137926,271230,0,0,0,0,0.0609981
759627,36,1,199439,55689,48120,143750,297467,0,0,0,0,0.063378
759628,36,1,188279,51339,44304,136940,272792,0,0,0,0,0.0660293
759629,36,1,207318,57651,50249,149667,308600,0,0,0,0,0.0890892
