760790,6,1,197855,54896,48405,142959,292866,0,0,0,0,0.106337
760791,18,1,206334,58711,51538,147623,315679,0,0,0,0,0.0959858
760794,18,1,225165,64475,56827,160690,346921,0,0,0,0,0.0984483
760799,18,1,207315,58146,51007,149169,310929,0,0,0,0,0.0918931
760800,18,1,184210,51193,44694,133017,273196,0,0,0,0,0.099482
760801,18,1,186751,52097,45287,134654,277857,0,0,0,0,0.080558
760804,18,1,192738,53359,46559,139379,284739,0,0,0,0,0.0592281
760809,18,1,191785,52789,45855,138996,281120,0,0,0,0,0.0759447
760822,36,1,212728,60120,53018,152608,321376,0,0,0,0,0.115942
760825,36,1,224463,64644,57153,159819,347397,0,0,0,0,0.0936597
760828,36,2,242098,69508,61273,172577,376244,1,0,0,0,0.179935
760850,6,1,200372,54243,47694,146129,287314,0,0,0,0,0.0679139
760851,18,1,205287,56501,49163,148786,300093,0,0,0,0,0.0559575
760854,18,1,210444,57836,50482,152608,307044,0,0,0,0,0.0567999
760859,18,2,190013,51782,45534,138219,276130,1,0,0,0,0.119
760860,18,1,186504,50641,43786,135863,268731,0,0,0,0,0.0574232
760861,18,2,279722,78259,68953,201450,420302,1,0,0,0,0.14045
760864,18,2,279241,78410,69059,200818,421172,1,0,0,0,0.17526
760869,18,2,239806,66519,58254,173275,355914,1,0,0,0,0.158619
760882,36,1,223220,62071,54221,161149,331068,0,0,0,0,0.0831332
760885,36,1,210475,58269,50888,152206,310319,0,0,0,0,0.0808433
760888,36,1,199388,54685,47708,144703,291007,0,0,0,0,0.0700004
760900,6,1,195601,53079,46978,142522,281330,0,0,0,0,0.0691441
760901,18,1,201779,55367,48466,146412,293808,0,0,0,0,0.0552534
760904,18,1,207398,57089,49875,150309,303282,0,0,0,0,0.0545871
760909,18,2,190669,51740,45253,138917,275394,1,0,0,0,0.117764
760910,18,1,184034,50006,43526,134028,265514,0,0,0,0,0.0570405
760911,18,2,283461,79079,69979,204369,424130,1,0,0,0,0.138103
760914,18,2,279826,78218,69076,201595,419746,1,0,0,0,0.173012
760919,18,2,242615,67230,59123,175373,359692,1,0,0,0,0.156937
760932,36,1,220734,61233,53666,159501,326420,0,0,0,0,0.0632388
760935,36,1,214070,59259,51754,154811,314839,0,0,0,0,0.0601245
760938,36,1,201306,54997,48135,146309,292297,0,0,0,0,0.0593387
760940,6,1,202597,55538,49061,147059,293724,0,0,0,0,0.0740931
760941,18,1,217606,60632,53163,156974,323106,0,0,0,0,0.0657089
760944,18,1,227721,63453,55835,164268,337190,0,0,0,0,0.0652355
760949,18,2,183859,49879,43723,133968,265336,1,0,0,0,0.126896
760950,18,1,181623,49458,42952,132165,261318,0,0,0,0,0.0583236
760951,18,2,285269,79521,70661,205735,426127,1,0,0,0,0.137916
760954,18,2,281648,78379,69499,203256,420042,1,0,0,0,0.137593
760959,18,2,235708,64989,57084,170707,346748,1,0,0,0,0.13481
760972,36,1,214150,59760,52571,154390,318579,0,0,0,0,0.071742
760975,36,1,213118,59425,52065,153693,316634,0,0,0,0,0.0660885
760978,36,1,199375,55037,48280,144338,293556,0,0,0,0,0.0633996
760980,18,2,288458,78822,69962,209624,414328,1,0,0,0,0.149076
760981,18,2,280770,77501,68634,203257,411579,1,0,0,0,0.143635
760984,18,2,276286,76451,67739,199823,406010,1,0,0,0,0.141177
760989,18,1,196636,53677,47146,142959,283360,0,0,0,0,0.0655544
761002,36,1,205362,57265,50180,148097,305124,0,0,0,0,0.0545585
761005,36,1,206688,57534,50168,149154,306839,0,0,0,0,0.0557219
761008,36,1,204399,56628,49378,147771,302086,0,0,0,0,0.0573224
761030,18,2,252902,68876,61359,184014,361106,1,0,0,0,0.126313
761031,18,2,285229,78218,69590,206999,413564,1,0,0,0,0.156779
761032,18,2,223082,61173,53740,161897,326040,1,0,0,0,0.151319
761033,18,1,192966,51489,45527,141477,268397,0,0,0,0,0.0511532
761034,18,2,238405,65309,57919,173084,345170,1,0,0,0,0.120804
761035,18,2,219958,60111,52685,159835,320417,1,0,0,0,0.129426
761036,18,1,192739,51866,45840,140873,271669,0,0,0,0,0.0574809
761037,18,2,217268,59381,52030,157875,316423,1,0,0,0,0.139234
761038,18,1,194545,52679,46246,141866,276082,0,0,0,0,0.0592351
761039,18,1,192739,52401,46563,140338,276456,0,0,0,0,0.0702186
761080,18,1,195236,54067,47422,141169,287791,0,0,0,0,0.0729505
761081,18,1,190238,52699,45882,137539,279515,0,0,0,0,0.0696695
761084,18,1,189965,52029,45325,137936,275695,0,0,0,0,0.0594811
761089,18,1,193650,52328,45422,141322,274338,0,0,0,0,0.0552902
761102,36,1,203366,57130,50239,146236,306290,0,0,0,0,0.0771136
761105,36,1,209884,58860,52080,151024,315163,0,0,0,0,0.064261
761108,36,1,208435,59025,51731,149410,317211,0,0,0,0,0.063603
761140,18,2,286902,80214,70566,206675,430464,1,0,0,0,0.154974
761141,18,1,199566,54804,47648,144762,291173,0,0,0,0,0.0805265
761144,18,1,212307,58818,51404,153489,313765,0,0,0,0,0.0782344
761149,18,1,195688,53709,46898,141979,284971,0,0,0,0,0.0752322
761162,36,1,219432,60708,52660,158724,322898,0,0,0,0,0.0621642
761165,36,1,216166,59941,52500,156225,319710,0,0,0,0,0.057875
761168,36,1,205667,56908,49679,148759,304022,0,0,0,0,0.0624226
761190,18,2,291212,81525,71978,209674,436982,1,0,0,0,0.14999
761191,18,2,307008,85764,75643,221231,459694,1,0,0,0,0.146152
761194,18,1,217397,59889,52433,157508,317876,0,0,0,0,0.0651978
761199,18,1,192904,52853,46087,140051,281161,0,0,0,0,0.0573946
761212,36,1,216448,59827,51913,156621,318420,0,0,0,0,0.0615204
761215,36,1,215721,59712,52359,156009,318262,0,0,0,0,0.0697736
761218,36,1,208640,57874,50640,150766,309457,0,0,0,0,0.0635492
761230,18,2,281624,78671,69772,202941,418407,1,0,0,0,0.148913
761231,18,2,194540,52884,46892,141643,280679,1,0,0,0,0.123045
761234,18,2,192581,52617,46640,139951,280183,1,0,0,0,0.12374
761239,18,1,192884,52762,45969,140122,279909,0,0,0,0,0.0576037
761252,36,1,214166,59719,52581,154447,319073,0,0,0,0,0.0630107
761255,36,1,211332,58638,51683,152694,312699,0,0,0,0,0.0671437
761258,36,1,208745,57947,50898,150798,309681,0,0,0,0,0.0682515
761260,18,2,213566,57898,51239,155656,303551,1,0,0,0,0.159982
761261,18,2,207875,56924,50358,150939,302302,1,0,0,0,0.155904
761264,18,2,203189,55455,48950,147722,294442,1,0,0,0,0.164641
761269,18,1,195552,53606,47679,141946,285106,0,0,0,0,0.0735513
761282,36,1,211240,58950,51763,152290,315460,0,0,0,0,0.0662944
761285,36,1,211698,58990,51880,152708,315857,0,0,0,0,0.0676668
761288,36,1,208005,57688,50591,150317,308709,0,0,0,0,0.0736099
761310,18,2,270713,74138,65799,196562,390968,1,0,0,0,0.150796
761311,18,2,273308,74689,65903,198607,397081,1,0,0,0,0.138595
761312,18,2,269296,73620,64933,195664,392227,1,0,0,0,0.138019
761313,18,1,202312,55857,48820,146455,296062,0,0,0,0,0.0578311
761314,18,2,265869,72402,63850,193455,384409,1,0,0,0,0.145038
761315,18,2,262664,71632,62904,191020,381660,1,0,0,0,0.142946
761316,18,1,195598,53770,47084,141828,286019,0,0,0,0,0.0833233
761317,18,1,178542,48152,42690,130390,255196,0,0,0,0,0.0653798
761318,18,1,196310,53915,47549,142395,286049,0,0,0,0,0.0586618
761319,18,1,198193,54460,48184,143733,289643,0,0,0,0,0.0769266
761590,18,1,207116,55631,48862,151485,287254,0,0,0,0,0.0911481
761591,18,2,284318,77694,68707,206612,412616,1,0,0,0,0.179262
761592,18,1,198163,54291,47700,143872,288064,0,0,0,0,0.0629423
761593,18,1,197859,54658,47886,143201,289899,0,0,0,0,0.0988316
761594,18,2,279742,76264,67273,203466,405262,1,0,0,0,0.142395
761595,18,1,200134,54711,48297,145423,290543,0,0,0,0,0.0604927
761596,18,1,193760,53306,46882,140454,283653,0,0,0,0,0.0709374
761597,18,1,203075,56399,49622,146676,299997,0,0,0,0,0.0698629
761598,18,1,194157,54157,47565,140000,289984,0,0,0,0,0.0703777
761599,18,1,197323,54633,48987,142690,291657,0,0,0,0,0.0863305
761720,36,1,196667,53644,46699,143023,284847,0,0,0,0,0.057999
761721,36,2,314377,88345,77479,226020,474848,1,0,0,0,0.196726
761722,36,1,216808,60271,52575,156537,321986,0,0,0,0,0.0654272
761723,36,1,247050,69396,60365,177654,369756,0,0,0,0,0.0727707
761724,36,1,200605,55011,47871,145594,292863,0,0,0,0,0.0537981
761725,36,1,213404,59213,51462,154191,315919,0,0,0,0,0.0568256
761726,36,1,212646,58852,51448,153794,312745,0,0,0,0,0.0592886
761727,36,1,193701,53963,47596,139738,288610,0,0,0,0,0.0577084
761728,36,1,199454,55379,47897,144075,295843,0,0,0,0,0.0571433
761729,36,1,203877,56745,48788,147132,302296,0,0,0,0,0.0591281
761770,36,1,191365,52147,45677,139218,276450,0,0,0,0,0.0535958
761771,36,2,319221,89938,78988,229271,483766,1,0,0,0,0.138913
761772,36,1,215273,60147,52693,155126,321715,0,0,0,0,0.0566645
761773,36,1,245182,68823,60172,176359,366220,0,0,0,0,0.0668867
761774,36,1,208568,57239,49843,151329,303481,0,0,0,0,0.0733482
761775,36,2,303491,84956,74903,218522,456384,1,0,0,0,0.177665
761776,36,1,209606,58053,50833,151553,308506,0,0,0,0,0.0622263
761777,36,1,194605,54084,47704,140521,289328,0,0,0,0,0.0665766
761778,36,1,203169,56490,48921,146679,302252,0,0,0,0,0.0642237
761779,36,1,202107,56143,48376,145964,299681,0,0,0,0,0.0823284
761810,36,1,197240,54238,47509,143002,286808,0,0,0,0,0.081081
761811,36,2,192656,52470,46264,140173,278681,1,0,0,0,0.155376
761812,36,1,208944,58394,51251,150550,312379,0,0,0,0,0.0605753
761813,36,1,214278,59281,51744,154997,314984,0,0,0,0,0.0626015
761814,36,2,188120,51245,45109,136862,272670,1,0,0,0,0.118807
761815,36,1,209750,58062,50876,151688,309545,0,0,0,0,0.0744013
761816,36,1,210603,58153,50781,152450,309276,0,0,0,0,0.0827674
761817,36,1,199647,55953,49313,143694,299678,0,0,0,0,0.0891359
761818,36,1,205968,57796,50161,148172,308803,0,0,0,0,0.0777786
761819,36,1,206000,57996,49643,148004,310984,0,0,0,0,0.0625423
761840,36,2,210595,57423,50991,153160,301768,1,0,0,0,0.14905
761841,36,2,209295,57831,51107,151452,307944,1,0,0,0,0.139987
761842,36,1,211783,59215,51813,152568,316713,0,0,0,0,0.086295
761843,36,1,202012,55848,48635,146164,297129,0,0,0,0,0.0649453
761844,36,2,203646,56083,49463,147551,298477,1,0,0,0,0.138224
761845,36,1,215086,59537,52228,155549,317159,0,0,0,0,0.0623727
761846,36,1,200393,55293,47992,145100,294346,0,0,0,0,0.0635819
761847,36,1,213463,59871,51828,153592,320364,0,0,0,0,0.066049
761848,36,1,197912,54679,47406,143233,290303,0,0,0,0,0.0652598
761849,36,1,209477,58222,50815,151255,310988,0,0,0,0,0.0859549
761860,36,2,203227,54873,48407,148341,287945,1,0,0,0,0.158673
761861,36,2,283265,78333,68719,204920,418460,1,0,0,0,0.172377
761862,36,2,184838,49348,43171,135477,261099,1,0,0,0,0.12148
761863,36,1,194675,53286,46401,141389,281849,0,0,0,0,0.0593133
761864,36,2,277036,76309,66890,200715,407466,1,0,0,0,0.162932
761865,36,2,180932,48236,42014,132683,255456,1,0,0,0,0.127516
761866,36,1,188845,51144,44440,137701,271298,0,0,0,0,0.0576857
761867,36,1,199235,55644,48133,143591,297307,0,0,0,0,0.080505
761868,36,1,188726,51496,44523,137230,273617,0,0,0,0,0.0655621
761869,36,1,207069,57647,50311,149422,308615,0,0,0,0,0.109594
762750,6,1,200147,55039,48589,145108,292298,0,0,0,0,0.0704949
762751,18,1,200124,55015,48310,145109,291773,0,0,0,0,0.0590438
762754,18,1,209700,57342,50013,152358,303794,0,0,0,0,0.0618115
762759,18,2,271932,75834,66210,196086,406960,1,0,0,0,0.181427
762760,18,1,184848,50693,43781,134155,268810,0,0,0,0,0.0612735
762761,18,1,203763,56521,49409,147242,300023,0,0,0,0,0.0846485
762764,18,2,266021,75106,66490,190902,403726,1,0,0,0,0.156278
762769,18,1,208887,58219,50867,150668,310516,0,0,0,0,0.074996
762782,36,1,214959,59575,51952,155384,317346,0,0,0,0,0.0813594
762785,36,1,208325,58327,50902,149998,311349,0,0,0,0,0.0696588
762788,36,1,206855,57606,49895,149249,307716,0,0,0,0,0.071107
762810,6,1,201814,55595,49101,146219,295459,0,0,0,0,0.0785132
762811,18,1,200496,55098,48371,145398,292267,0,0,0,0,0.078074
762814,18,1,210125,57521,50240,152604,304855,0,0,0,0,0.0705561
762819,18,2,294467,82079,71784,212376,439707,1,0,0,0,0.172781
762820,18,1,185972,50933,43889,135039,270024,0,0,0,0,0.0606244
762821,18,1,204827,56920,49738,147907,302318,0,0,0,0,0.0936994
762824,18,2,266412,75267,66640,191132,404580,1,0,0,0,0.171162
762829,18,1,210712,58914,51467,151798,314486,0,0,0,0,0.0950209
762842,36,1,215879,59925,52369,155954,319427,0,0,0,0,0.0869413
762845,36,1,208769,58560,51106,150209,312749,0,0,0,0,0.0621622
762848,36,1,207560,57904,50188,149656,309452,0,0,0,0,0.0741777
762860,6,1,191981,52956,46090,139025,282681,0,0,0,0,0.0926274
762861,18,1,180079,49316,42581,130763,262938,0,0,0,0,0.0577178
762864,18,2,254087,73142,64991,180932,396962,1,0,0,0,0.144445
762869,18,2,248291,70904,62986,177374,383909,1,0,0,0,0.154219
762870,18,1,173921,47669,40950,126252,254082,0,0,0,0,0.0562178
762871,18,1,195667,54738,47621,140929,293701,0,0,0,0,0.0658013
762874,18,2,261161,75457,66564,185692,410301,1,0,0,0,0.149396
762879,18,2,259114,74250,65644,184852,402778,1,0,0,0,0.20009
762892,36,1,201546,56105,48933,145441,301465,0,0,0,0,0.0778737
762895,36,2,283473,82112,72705,201348,447592,1,0,0,0,0.15493
762898,36,2,286140,82785,73233,203342,450921,1,0,0,0,0.18772
762900,6,1,181937,48876,42927,133061,258869,0,0,0,0,0.0738975
762901,18,1,183423,49540,43138,133883,263623,0,0,0,0,0.0546629
762904,18,1,220296,62515,55192,157781,336766,0,0,0,0,0.0640801
762909,18,1,220421,62024,54759,158397,333309,0,0,0,0,0.0627137
762910,18,1,167011,44822,38278,122189,237706,0,0,0,0,0.0552175
762911,18,1,198589,55232,48179,143357,295818,0,0,0,0,0.0629491
762914,18,1,209550,58413,51158,151137,311584,0,0,0,0,0.0583012
762919,18,1,211507,59003,51610,152504,314604,0,0,0,0,0.0693558
762932,36,1,195065,54047,46969,141018,290429,0,0,0,0,0.0657866
762935,36,1,221683,62789,55100,158894,337342,0,0,0,0,0.0809577
762938,36,1,225284,63608,55923,161676,341548,0,0,0,0,0.0718573
762940,18,1,172634,46101,40083,126533,241875,0,0,0,0,0.0605525
762941,18,2,256440,70402,61995,186026,374913,1,0,0,0,0.174809
762944,18,2,224363,61620,54475,162730,326274,1,0,0,0,0.131794
762949,18,2,227274,62427,55306,164834,330777,1,0,0,0,0.128669
762962,36,1,179589,48714,42333,130875,259933,0,0,0,0,0.0534575
762965,36,1,214199,59701,52299,154498,318641,0,0,0,0,0.0572978
762968,36,1,216388,60102,52833,156286,320157,0,0,0,0,0.0765185
762990,18,1,176707,46630,40971,130077,243765,0,0,0,0,0.0666716
762991,18,1,177396,47595,41670,129801,250674,0,0,0,0,0.0777849
762992,18,1,175718,47341,41810,128377,251612,0,0,0,0,0.077339
762993,18,1,173726,46084,40186,127642,243534,0,0,0,0,0.0593393
762994,18,2,227190,62641,55290,164536,331942,1,0,0,0,0.161047
762995,18,1,211068,58684,51668,152384,312328,0,0,0,0,0.0593967
762996,18,1,213731,58307,51225,155424,307904,0,0,0,0,0.0585375
762997,18,1,217759,59714,52453,158045,315680,0,0,0,0,0.0604511
762998,18,1,213311,59327,52183,153984,315836,0,0,0,0,0.0843349
762999,18,2,235709,65691,57991,170005,349363,1,0,0,0,0.143913
763040,18,2,203252,55930,49620,147310,298279,1,0,0,0,0.133581
763041,18,2,196423,53546,46981,142866,284742,1,0,0,0,0.132698
763044,18,2,186074,50606,44553,135455,268744,1,0,0,0,0.12442
763049,18,1,200746,55378,48642,145368,294070,0,0,0,0,0.0735753
763062,36,1,214610,59414,52035,155196,316694,0,0,0,0,0.0653298
763065,36,1,211826,59122,51731,152704,316261,0,0,0,0,0.0797993
763068,36,1,210108,58156,51080,151952,310152,0,0,0,0,0.0681651
763100,18,2,204225,56394,50030,147819,301205,1,0,0,0,0.148462
763101,18,2,196950,53748,47148,143191,286005,1,0,0,0,0.116617
763104,18,2,187329,50964,44746,136352,270656,1,0,0,0,0.117278
763109,18,1,202835,56183,49327,146652,298810,0,0,0,0,0.0788331
763122,36,1,215763,59787,52354,155976,318805,0,0,0,0,0.0884967
763125,36,1,212555,59424,51961,153131,318034,0,0,0,0,0.0679668
763128,36,1,211030,58533,51414,152497,312416,0,0,0,0,0.0609663
763150,18,1,179802,49045,42394,130757,260010,0,0,0,0,0.0605412
763151,18,2,319410,87926,76487,231471,471482,1,0,0,0,0.17216
763154,18,2,278641,80208,70838,198421,435710,1,0,0,0,0.199318
763159,18,2,275120,78922,69916,196186,428350,1,0,0,0,0.140055
763172,36,1,195632,54408,47335,141224,292388,0,0,0,0,0.0671189
763175,36,1,226992,64549,56946,162443,347894,0,0,0,0,0.0687476
763178,36,1,225446,64222,56897,161224,346715,0,0,0,0,0.0695672
763190,18,1,187064,51576,44417,135488,273575,0,0,0,0,0.0805682
763191,18,2,314200,87008,76118,227179,467334,1,0,0,0,0.181407
763194,18,2,201352,56146,49643,145193,301565,1,0,0,0,0.118062
763199,18,2,200595,55784,49406,144798,299552,1,0,0,0,0.129619
763212,36,1,196758,54772,47521,141986,294875,0,0,0,0,0.0654552
763215,36,1,228839,65129,56926,163710,351236,0,0,0,0,0.0729773
763218,36,1,228809,65289,57160,163520,352221,0,0,0,0,0.0656539
763220,18,1,174544,47487,41573,127057,251909,0,0,0,0,0.0571213
763221,18,1,178647,48558,42402,130089,257801,0,0,0,0,0.0634362
763224,18,2,211727,58829,51983,152886,314503,1,0,0,0,0.127246
763229,18,2,214702,59475,52553,155215,318082,1,0,0,0,0.142145
763242,36,1,186839,51001,44805,135838,272692,0,0,0,0,0.0560329
763245,36,1,213614,59775,52630,153839,320796,0,0,0,0,0.0590765
763248,36,1,218272,61226,54053,157046,328584,0,0,0,0,0.0604015
763270,18,1,179627,48262,42156,131365,254173,0,0,0,0,0.0556122
763271,18,1,183879,50198,43981,133681,266865,0,0,0,0,0.0575458
763272,18,2,196946,53515,47084,143418,286248,1,0,0,0,0.144703
763273,18,1,171914,46017,40240,125897,243737,0,0,0,0,0.0584233
763274,18,2,227902,63531,56240,164358,340152,1,0,0,0,0.132475
763275,18,1,211128,59308,51887,151820,316916,0,0,0,0,0.0623272
763276,18,1,213783,59431,52519,154352,315774,0,0,0,0,0.0637037
763277,18,1,218041,60776,53867,157265,323093,0,0,0,0,0.0632055
763278,18,1,214296,59939,52485,154357,319713,0,0,0,0,0.0635983
763279,18,2,236225,66424,59046,169788,356378,1,0,0,0,0.158813
763550,18,1,191786,52139,45079,139647,273956,0,0,0,0,0.0761867
763551,18,1,182891,50055,43844,132836,266368,0,0,0,0,0.0625539
763552,18,1,175066,47893,41750,127173,256726,0,0,0,0,0.0645757
763553,18,1,184682,50070,43743,134612,264917,0,0,0,0,0.0606798
763554,18,2,281549,78353,69184,203183,419789,1,0,0,0,0.154606
763555,18,1,221341,62484,54552,158857,333733,0,0,0,0,0.0677097
763556,18,1,219124,61976,54194,157148,330734,0,0,0,0,0.0673665
763557,18,1,218314,61373,53889,156941,327141,0,0,0,0,0.0673872
763558,18,1,219721,61296,53572,158425,326109,0,0,0,0,0.068525
763559,18,2,310646,87220,77148,223413,468242,1,0,0,0,0.159825
763730,36,1,182771,50151,43574,132620,267334,0,0,0,0,0.056631
763731,36,1,193444,53587,46015,139857,287927,0,0,0,0,0.063836
763732,36,1,198569,55419,47858,143150,298923,0,0,0,0,0.0622564
763733,36,1,203725,56198,49044,147527,299941,0,0,0,0,0.0612851
763734,36,1,218115,61621,53430,156494,330249,0,0,0,0,0.0602322
763735,36,1,223801,63407,54977,160394,341209,0,0,0,0,0.0654724
763736,36,1,223736,63377,55727,160359,341506,0,0,0,0,0.0614575
763737,36,1,223822,63559,55837,160263,342769,0,0,0,0,0.0635859
763738,36,1,224122,63474,54796,160648,341563,0,0,0,0,0.0804144
763739,36,1,219311,62089,53651,157222,333116,0,0,0,0,0.0777417
763770,36,1,175698,47798,41464,127900,254432,0,0,0,0,0.0593768
763771,36,1,184165,50953,44154,133212,272933,0,0,0,0,0.0860058
763772,36,1,194623,54435,46979,140188,293415,0,0,0,0,0.0813404
763773,36,1,191021,53185,46453,137836,285103,0,0,0,0,0.0582294
763774,36,2,283418,81156,71651,202249,439890,1,0,0,0,0.147241
763775,36,1,210660,59889,52521,150771,322245,0,0,0,0,0.0626105
763776,36,1,208424,58563,51798,149861,313595,0,0,0,0,0.0595251
763777,36,1,208340,58480,51691,149860,313220,0,0,0,0,0.0570562
763778,36,1,212124,60290,52725,151834,324477,0,0,0,0,0.0584015
763779,36,2,291565,83535,73787,208017,453273,1,0,0,0,0.145842
763800,36,1,189675,52055,45057,137620,276909,0,0,0,0,0.0608862
763801,36,1,182379,49751,42770,132628,264666,0,0,0,0,0.0814914
763802,36,1,190973,53049,46098,137924,285875,0,0,0,0,0.0634809
763803,36,1,188620,52246,45469,136374,281288,0,0,0,0,0.0556089
763804,36,2,211320,59415,52787,151893,318915,1,0,0,0,0.129382
763805,36,1,218024,61548,54013,156476,330535,0,0,0,0,0.0661697
763806,36,1,233187,66284,57642,166903,355954,0,0,0,0,0.0644311
763807,36,1,232334,65501,57387,166833,350850,0,0,0,0,0.068409
763808,36,1,222286,62777,54921,159509,337083,0,0,0,0,0.0652671
763809,36,2,218270,61463,54440,156795,330392,1,0,0,0,0.128441
763820,36,1,185571,50959,44104,134612,269716,0,0,0,0,0.0576474
763821,36,1,182752,50173,43165,132579,267582,0,0,0,0,0.0570366
763822,36,1,177530,48611,41838,128919,260525,0,0,0,0,0.0620475
763823,36,1,179169,49315,42989,129854,263774,0,0,0,0,0.0586194
763824,36,2,283634,80001,70319,203620,430620,1,0,0,0,0.178075
763825,36,1,219094,61926,53554,157168,332229,0,0,0,0,0.0757503
763826,36,1,222343,62914,54768,159429,335990,0,0,0,0,0.0845958
763827,36,1,223386,62751,54944,160635,334366,0,0,0,0,0.0656537
763828,36,1,221071,62480,54133,158591,335459,0,0,0,0,0.0836281
763829,36,2,317165,90779,79849,226373,490227,1,0,0,0,0.214247
764430,6,1,200403,55086,48627,145317,292666,0,0,0,0,0.104097
764431,18,1,201087,55555,48387,145532,294956,0,0,0,0,0.0576918
764434,18,1,213718,59027,51387,154691,313908,0,0,0,0,0.0615484
764439,18,2,275626,77298,67478,198316,415474,1,0,0,0,0.142968
764440,18,1,183583,50240,43359,133343,267023,0,0,0,0,0.0562385
764441,18,1,203661,56249,49063,147412,298295,0,0,0,0,0.0578162
764444,18,2,279574,79209,69849,200352,425864,1,0,0,0,0.136919
764449,18,1,210409,58728,51522,151681,313330,0,0,0,0,0.0642764
764462,36,1,219826,61017,53341,158809,325404,0,0,0,0,0.0578153
764465,36,1,216987,61103,53047,155884,326441,0,0,0,0,0.06072
764468,36,1,213383,59574,51626,153809,318983,0,0,0,0,0.0614001
764490,6,1,201826,55560,49118,146266,295310,0,0,0,0,0.0725156
764491,18,1,200989,55425,48262,145564,294118,0,0,0,0,0.0574281
764494,18,1,214301,59192,51616,155109,314737,0,0,0,0,0.0560642
764499,18,2,298687,83690,73302,214985,448902,1,0,0,0,0.150389
764500,18,1,184281,50306,43318,133975,267092,0,0,0,0,0.085868
764501,18,1,204748,56558,49341,148190,299974,0,0,0,0,0.0740933
764504,18,2,280063,79306,69928,200744,426350,1,0,0,0,0.136727
764509,18,1,211305,59220,51875,152085,316374,0,0,0,0,0.0684318
764522,36,1,220558,61259,53543,159299,326735,0,0,0,0,0.0578306
764525,36,1,217622,61381,53291,156241,328029,0,0,0,0,0.0587285
764528,36,1,214544,59974,51881,154570,321240,0,0,0,0,0.0598139
764540,6,1,201037,56198,49208,144839,300563,0,0,0,0,0.0775035
764541,18,1,183870,50962,44077,132908,272288,0,0,0,0,0.0558502
764544,18,2,256331,74241,65638,182077,403306,1,0,0,0,0.144839
764549,18,2,248807,71248,63119,177546,386360,1,0,0,0,0.158868
764550,18,1,176300,48668,41788,127632,259910,0,0,0,0,0.0757319
764551,18,1,197149,54946,47462,142203,294901,0,0,0,0,0.0887168
764554,18,2,267018,77549,68266,189457,422035,1,0,0,0,0.137806
764559,18,2,263540,76103,67132,187425,413856,1,0,0,0,0.133618
764572,36,1,207324,58209,50539,149115,313532,0,0,0,0,0.0589478
764575,36,2,254881,74397,65620,180471,405785,1,0,0,0,0.134537
764578,36,2,255088,74172,65592,180903,404373,1,0,0,0,0.13316
764580,6,1,183058,49273,43253,133785,261112,0,0,0,0,0.0706397
764581,18,1,195683,53016,46734,142667,280698,0,0,0,0,0.0561889
764584,18,1,233742,66387,58961,167355,356261,0,0,0,0,0.0677317
764589,18,1,234836,66181,58764,168655,354152,0,0,0,0,0.0660368
764590,18,1,167544,45015,38402,122529,238785,0,0,0,0,0.0592272
764591,18,1,196690,54584,47704,142106,292601,0,0,0,0,0.0627021
764594,18,1,210950,58836,51480,152114,314310,0,0,0,0,0.056585
764599,18,1,214395,59824,52319,154571,319292,0,0,0,0,0.0592255
764612,36,1,193308,53354,46343,139954,286533,0,0,0,0,0.0585024
764615,36,1,221225,62638,54657,158587,336484,0,0,0,0,0.0613175
764618,36,1,226351,64264,56083,162087,345622,0,0,0,0,0.0616215
764620,18,1,173188,46368,40319,126820,243540,0,0,0,0,0.05015
764621,18,2,239966,65773,57763,174181,349984,1,0,0,0,0.181508
764624,18,2,227267,62567,55017,164687,331322,1,0,0,0,0.15118
764629,18,2,230227,63426,56032,166788,336157,1,0,0,0,0.135961
764642,36,1,182330,49397,43105,132933,264128,0,0,0,0,0.0551532
764645,36,1,218300,60839,53043,157461,324955,0,0,0,0,0.0617804
764648,36,1,219236,60843,53207,158393,324159,0,0,0,0,0.061778
764670,18,1,177386,47028,41341,130358,246204,0,0,0,0,0.0710689
764671,18,1,187604,50681,44035,136923,267428,0,0,0,0,0.0835461
764672,18,1,178013,48243,42350,129770,257798,0,0,0,0,0.066865
764673,18,1,173646,46329,40439,127317,246460,0,0,0,0,0.0596858
764674,18,2,231466,63792,55995,167661,337888,1,0,0,0,0.135094
764675,18,1,213482,59062,51726,154420,313989,0,0,0,0,0.0754132
764676,18,1,211301,58064,50956,153237,308313,0,0,0,0,0.059933
764677,18,1,216136,59738,52501,156398,317657,0,0,0,0,0.0624675
764678,18,1,214175,59136,51739,155039,314242,0,0,0,0,0.0574317
764679,18,2,239467,66924,59047,172530,355912,1,0,0,0,0.134887
764720,18,2,201902,55190,48895,146700,293749,1,0,0,0,0.127247
764721,18,2,199136,54435,47827,144690,289595,1,0,0,0,0.124982
764724,18,2,187489,50897,44729,136579,270096,1,0,0,0,0.138856
764729,18,1,204065,56548,49585,147517,301478,0,0,0,0,0.087967
764742,36,1,218031,60464,52673,157567,322555,0,0,0,0,0.0608257
764745,36,1,214890,59748,52193,155142,319105,0,0,0,0,0.0601809
764748,36,1,217078,60155,52872,156923,321407,0,0,0,0,0.0592935
764780,18,2,202838,55600,49224,147226,296164,1,0,0,0,0.122257
764781,18,2,199783,54581,47958,145191,290294,1,0,0,0,0.144581
764784,18,2,188972,51306,44984,137653,272239,1,0,0,0,0.12092
764789,18,1,205781,57245,50109,148536,305587,0,0,0,0,0.0630151
764802,36,1,218520,60712,52906,157808,324142,0,0,0,0,0.0577366
764805,36,1,215223,59896,52345,155327,319914,0,0,0,0,0.0609411
764808,36,1,217952,60495,53101,157457,323347,0,0,0,0,0.0763671
764830,18,1,184897,50618,43790,134279,268530,0,0,0,0,0.060802
764831,18,1,181393,49569,43046,131824,264402,0,0,0,0,0.0642939
764834,18,2,287726,82986,72969,204728,450361,1,0,0,0,0.143297
764839,18,2,282304,80917,71190,201375,438580,1,0,0,0,0.14078
764852,36,1,195208,54164,47140,141044,291061,0,0,0,0,0.0620499
764855,36,1,227016,64849,57229,162167,350005,0,0,0,0,0.0675504
764858,36,1,226756,64767,57075,161989,349703,0,0,0,0,0.0663331
764870,18,1,186946,51608,44412,135338,273837,0,0,0,0,0.0565232
764871,18,1,186272,51789,44958,134483,277974,0,0,0,0,0.0646366
764874,18,2,200695,55987,49416,144695,300624,1,0,0,0,0.120753
764879,18,2,200639,55652,49225,144974,298382,1,0,0,0,0.123672
764892,36,1,194443,53736,46723,140707,288966,0,0,0,0,0.0597717
764895,36,1,225132,63929,55509,161203,344688,0,0,0,0,0.0620216
764898,36,1,228046,64841,56526,163205,349673,0,0,0,0,0.0683506
764900,18,1,174772,47678,41734,127094,253205,0,0,0,0,0.058587
764901,18,1,185336,50236,43948,135100,266812,0,0,0,0,0.0616166
764904,18,2,204135,56185,49506,147937,300072,1,0,0,0,0.124591
764909,18,2,207061,56886,50146,150162,304055,1,0,0,0,0.128774
764922,36,1,187682,51095,44900,136587,273390,0,0,0,0,0.069716
764925,36,1,217776,60644,53397,157132,325030,0,0,0,0,0.0830215
764928,36,1,222674,62226,54959,160448,333527,0,0,0,0,0.0600035
764950,18,1,179951,48511,42371,131440,255699,0,0,0,0,0.0548632
764951,18,1,185018,50391,43908,134627,267928,0,0,0,0,0.0633616
764952,18,1,185829,50425,44281,135404,267682,0,0,0,0,0.0759236
764953,18,1,167427,44562,39029,122865,237017,0,0,0,0,0.0668738
764954,18,2,226655,62906,55469,163736,336333,1,0,0,0,0.136403
764955,18,1,211576,59061,51644,152515,315241,0,0,0,0,0.0625996
764956,18,1,209696,58192,51188,151504,310374,0,0,0,0,0.0576593
764957,18,1,214206,59833,52740,154373,319675,0,0,0,0,0.0595566
764958,18,1,215634,60125,52798,155509,320613,0,0,0,0,0.0612576
764959,18,2,235171,65792,58199,169366,352425,1,0,0,0,0.1429
765230,18,1,192031,52360,45213,139671,275387,0,0,0,0,0.0648908
765231,18,1,181926,49604,43687,132322,264001,0,0,0,0,0.0623922
765232,18,1,176160,48129,41949,128031,258474,0,0,0,0,0.0623022
765233,18,1,180316,48963,43105,131353,260735,0,0,0,0,0.0597952
765234,18,2,281924,78176,69001,203735,418596,1,0,0,0,0.147025
765235,18,1,221224,62330,54498,158894,333326,0,0,0,0,0.0639089
765236,18,1,212463,60173,52867,152290,322476,0,0,0,0,0.0629513
765237,18,1,212861,60087,52867,152774,321937,0,0,0,0,0.0652992
765238,18,1,221691,61987,54367,159704,330640,0,0,0,0,0.0653115
765239,18,2,314220,88017,77815,226190,472389,1,0,0,0,0.151802
765450,36,1,175567,47870,41487,127697,254992,0,0,0,0,0.0527947
765451,36,1,188987,52167,44869,136820,279109,0,0,0,0,0.0622523
765452,36,1,193930,53939,46455,139991,290478,0,0,0,0,0.0575627
765453,36,1,186396,51378,44730,135018,275221,0,0,0,0,0.0588637
765454,36,2,259883,74638,65740,185233,404610,1,0,0,0,0.13868
765455,36,1,215262,60896,53021,154366,327086,0,0,0,0,0.0593686
765456,36,1,211495,59817,52699,151678,321562,0,0,0,0,0.0591635
765457,36,1,212372,60042,52973,152330,322803,0,0,0,0,0.0659635
765458,36,1,217199,61609,53519,155590,331590,0,0,0,0,0.0622694
765459,36,2,267379,76979,67979,190388,417879,1,0,0,0,0.137599
765480,36,1,189495,52084,45094,137411,277162,0,0,0,0,0.0563639
765481,36,1,192015,52854,45310,139161,281627,0,0,0,0,0.0654044
765482,36,1,196069,54547,47406,141522,294426,0,0,0,0,0.0673469
765483,36,1,187953,51840,45149,136113,279186,0,0,0,0,0.0579684
765484,36,2,206595,57625,50965,148958,308608,1,0,0,0,0.125519
765485,36,1,220809,61855,54113,158954,331484,0,0,0,0,0.0731481
765486,36,1,231771,65930,57342,165841,354854,0,0,0,0,0.0893243
765487,36,1,232832,65921,57783,166911,354265,0,0,0,0,0.0653965
765488,36,1,223069,62748,54543,160321,336488,0,0,0,0,0.0608323
765489,36,2,214215,59813,52914,154390,320644,1,0,0,0,0.147158
765500,36,1,186344,51327,44377,135017,271831,0,0,0,0,0.0824629
765501,36,1,183607,50270,43111,133337,267920,0,0,0,0,0.0599237
765502,36,1,179494,49240,42594,130254,264335,0,0,0,0,0.0666446
765503,36,1,174549,47788,41546,126761,256562,0,0,0,0,0.0588661
765504,36,2,279783,78559,68814,201211,422751,1,0,0,0,0.142983
765505,36,1,218027,61236,53059,156791,328400,0,0,0,0,0.0866401
765506,36,1,217425,61664,53603,155761,331534,0,0,0,0,0.0770527
765507,36,1,219285,61896,53937,157389,332371,0,0,0,0,0.0641138
765508,36,1,222038,62579,54122,159459,336004,0,0,0,0,0.067904
765509,36,2,315083,89684,78891,225386,483636,1,0,0,0,0.179446
765830,6,1,213028,59923,53275,153105,319422,0,0,0,0,0.0825363
765831,18,1,216908,60588,52747,156320,322728,0,0,0,0,0.0619883
765834,18,1,227972,63405,55229,164567,335906,0,0,0,0,0.0615441
765839,18,1,200505,55357,48631,145148,293110,0,0,0,0,0.0618598
765840,18,1,191686,53720,46482,137966,286631,0,0,0,0,0.0608007
765841,18,1,215854,59983,52127,155871,320231,0,0,0,0,0.0632485
765844,18,1,220915,60968,53389,159947,323951,0,0,0,0,0.0602747
765849,18,1,208484,58378,51092,150106,310936,0,0,0,0,0.0706478
765862,36,1,225778,63686,55337,162092,341202,0,0,0,0,0.0640853
765865,36,1,229349,64560,56295,164789,344759,0,0,0,0,0.0648972
765868,36,1,221627,62887,54528,158740,337856,0,0,0,0,0.064066
765890,6,1,213675,59998,53299,153677,319607,0,0,0,0,0.0825234
765891,18,1,216419,60383,52662,156036,321355,0,0,0,0,0.0656635
765894,18,1,228487,63541,55327,164946,336315,0,0,0,0,0.0637931
765899,18,1,201797,55692,48884,146105,294821,0,0,0,0,0.0604681
765900,18,1,192016,53642,46333,138374,285875,0,0,0,0,0.0604069
765901,18,1,215818,59945,52092,155873,319968,0,0,0,0,0.0618779
765904,18,1,220889,60966,53384,159923,323869,0,0,0,0,0.0599874
765909,18,1,209959,58974,51567,150985,314409,0,0,0,0,0.0676212
765922,36,1,226195,63828,55463,162367,341914,0,0,0,0,0.0644238
765925,36,1,229923,64878,56477,165045,346636,0,0,0,0,0.0648869
765928,36,1,221507,62845,54479,158662,337606,0,0,0,0,0.0655644
765940,6,1,190948,51928,45685,139020,275534,0,0,0,0,0.073784
765941,18,1,180426,49056,42610,131370,261919,0,0,0,0,0.0556283
765944,18,1,219382,61893,54270,157489,333141,0,0,0,0,0.0648267
765949,18,1,221793,62268,54766,159525,334461,0,0,0,0,0.066488
765950,18,1,168864,46321,39584,122543,247257,0,0,0,0,0.0563673
765951,18,1,204691,56818,49364,147873,304363,0,0,0,0,0.0749697
765954,18,2,343562,98292,86261,245257,531197,1,0,0,0,0.157166
765959,18,2,344321,98255,86273,246053,530671,1,0,0,0,0.151753
765972,36,1,197464,54601,47454,142863,292934,0,0,0,0,0.056968
765975,36,1,223695,63412,55217,160283,341598,0,0,0,0,0.0600211
765978,36,1,227788,64478,56132,163310,347095,0,0,0,0,0.0620499
765980,6,1,191632,52180,45847,139452,276987,0,0,0,0,0.0742644
765981,18,1,203960,55142,48400,148818,291210,0,0,0,0,0.0571488
765984,18,1,237795,66879,58781,170916,357584,0,0,0,0,0.0653885
765989,18,1,241699,67975,60029,173724,363229,0,0,0,0,0.0705797
765990,18,1,168982,46468,39731,122514,248222,0,0,0,0,0.0601302
765991,18,1,211981,59053,51277,152928,316628,0,0,0,0,0.0698739
765994,18,1,216912,60719,52950,156193,324568,0,0,0,0,0.0583841
765999,18,1,217146,60628,52737,156518,323573,0,0,0,0,0.0605801
766012,36,1,204429,56776,49263,147653,304756,0,0,0,0,0.0652002
766015,36,1,229043,64957,56393,164086,349311,0,0,0,0,0.0636019
766018,36,1,233790,66437,57573,167353,357445,0,0,0,0,0.0666927
766020,18,1,177528,48127,41843,129401,254115,0,0,0,0,0.0503149
766021,18,1,177852,48211,41937,129641,254539,0,0,0,0,0.0576104
766024,18,2,232646,63998,56306,168636,337050,1,0,0,0,0.123639
766029,18,2,233961,64596,56849,169353,340891,1,0,0,0,0.128855
766042,36,1,184648,50112,43638,134536,267400,0,0,0,0,0.054199
766045,36,1,216048,60310,52438,155738,323280,0,0,0,0,0.0558792
766048,36,1,217304,60669,52802,156635,325180,0,0,0,0,0.056057
766070,18,1,180606,49226,42896,131380,260737,0,0,0,0,0.055397
766071,18,1,180527,49201,42915,131326,260554,0,0,0,0,0.0650643
766072,18,1,169585,45642,40000,123943,243960,0,0,0,0,0.0601749
766073,18,1,169427,45232,39660,124195,239834,0,0,0,0,0.060889
766074,18,2,235197,64535,56798,170651,339175,1,0,0,0,0.140368
766075,18,1,203436,56153,49103,147283,299394,0,0,0,0,0.0610325
766076,18,1,203651,56193,49133,147458,299666,0,0,0,0,0.058966
766077,18,1,207585,57584,50654,150001,307447,0,0,0,0,0.0588629
766078,18,1,202825,55825,48666,147000,297406,0,0,0,0,0.0584265
766079,18,2,240972,67012,58961,173949,353546,1,0,0,0,0.16042
766120,18,2,219108,60859,54263,158236,323649,1,0,0,0,0.146677
766121,18,2,194465,52985,46536,141467,281417,1,0,0,0,0.121215
766124,18,2,192138,52312,46099,139813,278137,1,0,0,0,0.11922
766129,18,1,203292,56851,49463,146441,304302,0,0,0,0,0.0658759
766142,36,1,225830,62967,54956,162863,337440,0,0,0,0,0.0612424
766145,36,1,229308,63810,55766,165498,341309,0,0,0,0,0.0641197
766148,36,1,223646,62439,54619,161207,333517,0,0,0,0,0.0644644
766180,18,2,220764,61247,54532,159504,325458,1,0,0,0,0.140214
766181,18,2,195486,53091,46523,142382,281593,1,0,0,0,0.121033
766184,18,2,193022,52464,46212,140545,278731,1,0,0,0,0.132744
766189,18,1,204666,57478,50114,147188,307925,0,0,0,0,0.0857351
766202,36,1,226051,63057,55024,162994,337905,0,0,0,0,0.0598296
766205,36,1,229226,63916,55873,165310,342097,0,0,0,0,0.0742081
766208,36,1,223919,62565,54753,161354,334204,0,0,0,0,0.081693
766230,18,1,190065,52492,45525,137573,279498,0,0,0,0,0.0553953
766231,18,1,203870,56626,49236,147244,303681,0,0,0,0,0.0683684
766234,18,2,206108,57944,50682,148151,312423,1,0,0,0,0.1283
766239,18,2,202217,56547,49974,145657,304699,1,0,0,0,0.125769
766252,36,1,207428,57698,50189,149730,310189,0,0,0,0,0.0637654
766255,36,1,233896,66510,58100,167386,358830,0,0,0,0,0.0638235
766258,36,1,234917,66817,58324,168100,360644,0,0,0,0,0.062036
766270,18,1,189658,52439,45476,137219,279284,0,0,0,0,0.0559094
766271,18,1,205596,57362,49919,148234,308116,0,0,0,0,0.072124
766274,18,2,207330,58214,51131,149103,313564,1,0,0,0,0.120741
766279,18,2,205342,57282,50697,148047,308070,1,0,0,0,0.120585
766292,36,1,213300,59277,51537,154023,318507,0,0,0,0,0.0628181
766295,36,1,236238,66849,58516,169389,360004,0,0,0,0,0.065987
766298,36,1,237835,67394,58957,170441,363222,0,0,0,0,0.0636826
766300,18,1,194527,52773,45885,141754,279521,0,0,0,0,0.0556777
766301,18,1,195126,52930,45993,142196,280359,0,0,0,0,0.0558784
766304,18,2,201070,54547,47833,146510,287314,1,0,0,0,0.120879
766309,18,2,202016,54807,48048,147196,289014,1,0,0,0,0.168637
766322,36,1,190025,51465,45199,138560,273913,0,0,0,0,0.0625513
766325,36,1,229762,64133,56028,165629,344238,0,0,0,0,0.0636642
766328,36,1,231501,64830,56650,166671,348274,0,0,0,0,0.0731753
766350,18,1,181922,49165,42734,132757,260249,0,0,0,0,0.0582632
766351,18,1,182036,49209,42781,132827,260498,0,0,0,0,0.0555418
766352,18,1,166870,44404,38998,122466,234952,0,0,0,0,0.0611109
766353,18,1,167106,44245,38655,122861,234645,0,0,0,0,0.0649658
766354,18,2,341891,95331,84012,246547,506907,1,0,0,0,0.164074
766355,18,1,208554,57823,50380,150731,309004,0,0,0,0,0.0649674
766356,18,1,207799,57567,50331,150232,307883,0,0,0,0,0.0629607
766357,18,1,212001,58967,51805,153034,315505,0,0,0,0,0.0672699
766358,18,1,207669,57538,50092,150131,307613,0,0,0,0,0.0609777
766359,18,2,344539,96618,85250,247908,514635,1,0,0,0,0.155709
766630,18,1,176366,47659,41557,128707,252236,0,0,0,0,0.0641771
766631,18,1,176579,47654,41570,128925,252036,0,0,0,0,0.0573652
766632,18,1,179697,49370,42922,130327,264730,0,0,0,0,0.0734805
766633,18,1,186875,51059,44613,135816,271710,0,0,0,0,0.0834872
766634,18,1,210821,58903,51464,151918,312868,0,0,0,0,0.0695148
766635,18,1,213025,60667,53275,152358,326526,0,0,0,0,0.0646574
766636,18,1,215776,61645,53983,154131,332083,0,0,0,0,0.0645536
766637,18,1,214645,61187,53402,153458,329558,0,0,0,0,0.0640463
766638,18,1,215423,61418,53916,154005,330776,0,0,0,0,0.0641432
766639,18,1,210217,58908,51529,151309,313383,0,0,0,0,0.0666378
766880,36,1,194689,54068,46681,140621,288362,0,0,0,0,0.0615841
766881,36,1,195172,54176,46806,140996,288802,0,0,0,0,0.0628299
766882,36,1,192275,53039,45703,139236,285211,0,0,0,0,0.0683086
766883,36,1,182592,50392,43525,132200,270086,0,0,0,0,0.0607305
766884,36,2,209023,57698,50996,151312,306318,1,0,0,0,0.12921
766885,36,1,221246,62612,54209,158634,337177,0,0,0,0,0.06223
766886,36,1,222718,62811,54147,159907,338126,0,0,0,0,0.0676466
766887,36,1,225476,63721,55005,161755,343056,0,0,0,0,0.0879587
766888,36,1,220819,62607,54233,158212,337487,0,0,0,0,0.0659294
766889,36,2,214047,59282,52409,154752,315148,1,0,0,0,0.152064
766900,36,1,181978,50159,43090,131819,267444,0,0,0,0,0.0574682
766901,36,1,182237,50199,43184,132038,267519,0,0,0,0,0.0552936
766902,36,1,179179,49065,42235,130114,263346,0,0,0,0,0.0833698
766903,36,1,174408,47845,41127,126563,257257,0,0,0,0,0.0737562
766904,36,1,202978,56233,48035,146745,298668,0,0,0,0,0.0750502
766905,36,1,215192,60766,52644,154426,327898,0,0,0,0,0.08008
766906,36,1,214430,60828,52793,153602,328545,0,0,0,0,0.06623
766907,36,1,217471,61511,53158,155960,332122,0,0,0,0,0.0683003
766908,36,1,214141,60694,52564,153447,327736,0,0,0,0,0.0828033
766909,36,1,206221,57746,49552,148475,307586,0,0,0,0,0.0788845
767240,18,2,206425,56200,49605,150213,295872,1,0,0,0,0.13863
767241,18,2,198155,53781,47448,144363,284416,1,0,0,0,0.140772
767244,18,2,193754,52414,46178,141329,276878,1,0,0,0,0.142022
767249,18,1,200085,55561,49473,144524,296463,0,0,0,0,0.1078
767262,36,1,196988,54504,48257,142484,291284,0,0,0,0,0.0668725
767265,36,1,200269,55179,49137,145090,294516,0,0,0,0,0.0630464
767268,36,1,194201,53569,47113,140632,285867,0,0,0,0,0.079925
767300,18,2,208036,56389,49768,151635,296359,1,0,0,0,0.14207
767301,18,2,198998,53794,47573,145193,284123,1,0,0,0,0.161746
767304,18,2,194676,52449,46225,142216,276657,1,0,0,0,0.1869
767309,18,1,201713,56144,49934,145569,299707,0,0,0,0,0.0950896
767322,36,1,198528,55014,48726,143514,294142,0,0,0,0,0.0871907
767325,36,1,202338,55783,49603,146555,297683,0,0,0,0,0.0717784
767328,36,1,195019,53841,47393,141178,287377,0,0,0,0,0.0712007
767350,18,1,166843,45425,39652,121418,241486,0,0,0,0,0.0610332
767351,18,1,174443,47494,41282,126949,252348,0,0,0,0,0.0749261
767354,18,2,198939,54727,48080,144202,292325,1,0,0,0,0.148053
767359,18,2,193447,52771,46377,140666,281336,1,0,0,0,0.142006
767372,36,1,174975,47500,41473,127475,254344,0,0,0,0,0.0616441
767375,36,1,206004,57562,50881,148442,308223,0,0,0,0,0.0611846
767378,36,1,211271,58960,52079,152311,315679,0,0,0,0,0.0632121
767390,18,1,167108,45521,39729,121587,242041,0,0,0,0,0.0597742
767391,18,1,182430,49788,43446,132642,264739,0,0,0,0,0.0624952
767394,18,2,200593,55220,48592,145362,294663,1,0,0,0,0.139596
767399,18,2,194915,53100,46728,141804,282631,1,0,0,0,0.140169
767412,36,1,180843,49362,43439,131481,265091,0,0,0,0,0.0813821
767415,36,1,208359,58355,51497,150004,312475,0,0,0,0,0.089966
767418,36,1,218554,61218,53965,157336,327855,0,0,0,0,0.0671274
767420,18,1,192718,52765,46173,139953,279202,0,0,0,0,0.0716091
767421,18,1,192950,52832,46294,140118,279508,0,0,0,0,0.0809997
767424,18,2,195647,53083,46464,142551,279747,1,0,0,0,0.130849
767429,18,2,192174,51687,45385,140474,271654,1,0,0,0,0.145554
767442,36,1,177079,47817,42158,129262,254824,0,0,0,0,0.0841669
767445,36,1,219438,61406,54268,158032,328045,0,0,0,0,0.066086
767448,36,1,218856,61225,54174,157631,327191,0,0,0,0,0.064941
767470,18,1,157070,41651,36739,115419,220970,0,0,0,0,0.0875577
767471,18,1,157028,41610,36727,115418,220673,0,0,0,0,0.0899013
767472,18,1,148751,39119,34098,109632,208517,0,0,0,0,0.0901344
767473,18,1,157578,41614,36801,115964,221029,0,0,0,0,0.102797
767474,18,1,184671,50624,44694,134047,267491,0,0,0,0,0.0889039
767475,18,1,185099,50967,45094,134132,272006,0,0,0,0,0.093064
767476,18,1,186391,51492,45457,134899,275327,0,0,0,0,0.0900208
767477,18,1,185079,51000,44923,134079,272696,0,0,0,0,0.0696935
767478,18,1,184118,50752,44981,133366,270905,0,0,0,0,0.0640564
767479,18,1,189286,52077,46050,137209,275463,0,0,0,0,0.0655442
767750,18,1,176972,47723,41421,129249,253103,0,0,0,0,0.0638492
767751,18,1,177342,47775,41459,129567,253277,0,0,0,0,0.0650218
767752,18,1,165389,43973,37829,121416,233225,0,0,0,0,0.067685
767753,18,1,187450,50405,44120,137045,268042,0,0,0,0,0.0920617
767754,18,2,289491,80405,70737,209073,429383,1,0,0,0,0.196795
767755,18,1,206868,57968,51143,148900,310185,0,0,0,0,0.0753597
767756,18,2,284047,79438,70147,204596,427826,1,0,0,0,0.180987
767757,18,2,310738,87433,77114,223292,471381,1,0,0,0,0.18226
767758,18,1,206918,58043,51155,148875,310648,0,0,0,0,0.0755317
767759,18,2,312846,87041,77001,225792,463939,1,0,0,0,0.193979
768020,36,1,172683,47420,41239,125263,254264,0,0,0,0,0.0550226
768021,36,1,173159,47500,41338,125659,254612,0,0,0,0,0.059168
768022,36,1,161081,44024,38104,117057,236876,0,0,0,0,0.0573538
768023,36,1,182418,50466,44055,131952,271875,0,0,0,0,0.0739167
768024,36,1,198118,55693,48154,142425,297021,0,0,0,0,0.0587792
768025,36,1,199346,56724,49427,142622,305870,0,0,0,0,0.0783494
768026,36,1,200361,57041,49484,143320,308338,0,0,0,0,0.0728462
768027,36,1,198305,56482,49253,141823,305099,0,0,0,0,0.0636996
768028,36,1,199279,56389,48962,142890,303892,0,0,0,0,0.0836227
768029,36,1,205406,58329,50587,147077,312250,0,0,0,0,0.0691245
768590,18,1,166389,44849,38703,121540,238962,0,0,0,0,0.0650738
768591,18,1,166760,44895,38728,121865,239098,0,0,0,0,0.0638469
768592,18,1,155607,41362,35432,114245,220362,0,0,0,0,0.0644367
768593,18,1,171659,45948,39717,125711,244927,0,0,0,0,0.0873186
768594,18,1,194703,55078,47852,139625,296050,0,0,0,0,0.0863945
768595,18,1,194954,55351,48391,139603,299361,0,0,0,0,0.0690714
768596,18,1,198124,56086,49335,142038,303080,0,0,0,0,0.0691315
768597,18,1,199532,56535,49764,142997,305726,0,0,0,0,0.0708057
768598,18,1,197785,56136,49028,141649,303506,0,0,0,0,0.0685764
768599,18,1,202853,57742,50733,145111,310737,0,0,0,0,0.104963
770000,3,1,163721,44911,39483,118810,237617,0,0,0,0,0.11789
770001,9,1,151205,41136,35507,110069,216993,0,0,0,0,0.0882167
770004,9,1,174059,47083,41213,126976,245457,0,0,0,0,0.06865
770009,9,1,155480,41775,36520,113705,219059,0,0,0,0,0.0571499
770010,3,1,165875,43812,38594,122063,227500,0,0,0,0,0.0800109
770011,9,1,152391,40369,35075,112022,209882,0,0,0,0,0.0567904
770014,9,2,178375,48240,42313,130123,252045,1,0,0,0,0.137592
770019,9,2,176663,47090,41155,129560,245387,1,0,0,0,0.153035
770020,3,1,168114,45597,39651,122517,240579,0,0,0,0,0.0839504
770021,9,1,150172,40579,34928,109593,214118,0,0,0,0,0.0689953
770024,9,2,177231,47276,41439,129942,245577,1,0,0,0,0.14443
770029,9,2,176085,47046,41025,129027,244796,1,0,0,0,0.128907
770030,3,1,168431,45670,39682,122761,240919,0,0,0,0,0.0766535
770031,9,2,197976,53401,46056,144562,279584,1,0,0,0,0.146735
770034,9,1,188384,52070,45971,136314,274467,0,0,0,0,0.0630641
770039,9,1,172114,46544,40958,125570,243586,0,0,0,0,0.057245
770040,9,1,163510,44574,38637,118936,234540,0,0,0,0,0.0580678
770041,9,1,181887,49234,43093,132653,256559,0,0,0,0,0.0581564
770042,18,1,171366,46516,40781,124850,244075,0,0,0,0,0.0655218
770044,9,2,310418,83990,72352,226417,440198,1,0,0,0,0.223385
770045,18,1,197807,55088,48487,142719,290935,0,0,0,0,0.0798168
770048,18,2,203695,55597,47660,148085,292341,1,0,0,0,0.177957
770049,9,1,179221,48002,41986,131219,249343,0,0,0,0,0.0726136
770070,3,1,176046,46406,41093,129640,239870,0,0,0,0,0.0830042
770071,9,1,161173,42781,37282,118392,221694,0,0,0,0,0.055529
770074,9,2,179663,48644,42791,131007,254099,1,0,0,0,0.136554
770079,9,2,181019,48406,42326,132600,252555,1,0,0,0,0.153707
770080,3,1,173865,46964,41210,126901,246944,0,0,0,0,0.0824606
770081,9,1,155934,42156,36497,113778,222166,0,0,0,0,0.0632262
770084,9,2,179283,47994,42107,131276,249292,1,0,0,0,0.133863
770089,9,2,177486,47567,41606,129907,247407,1,0,0,0,0.129031
770090,3,1,174101,47000,41220,127101,247041,0,0,0,0,0.0780529
770091,9,2,198582,53700,46478,144869,281337,1,0,0,0,0.144425
770094,9,1,193148,53355,47046,139793,280563,0,0,0,0,0.0601312
770099,9,1,176409,47588,41901,128821,248430,0,0,0,0,0.055335
770100,9,1,168995,46102,40205,122893,242140,0,0,0,0,0.0564358
770101,9,2,201193,54516,46848,146664,285144,1,0,0,0,0.141667
770102,18,1,175788,47299,41693,128489,246874,0,0,0,0,0.0556575
770104,9,2,308592,83749,72387,224832,438634,1,0,0,0,0.169588
770105,18,1,207745,57773,50875,149972,304287,0,0,0,0,0.0575815
770108,18,2,205505,56243,48544,149249,295933,1,0,0,0,0.130761
770109,9,1,187553,50388,44053,137165,261365,0,0,0,0,0.0606587
770130,3,1,176279,48047,42262,128232,252066,0,0,0,0,0.0835877
770131,9,1,157760,43073,37187,114687,227203,0,0,0,0,0.0600375
770134,9,2,327960,91230,80131,236717,478261,1,0,0,0,0.179042
770139,9,2,328156,91118,79865,237025,478073,1,0,0,0,0.17284
770140,3,1,176867,48205,42388,128662,252804,0,0,0,0,0.0851601
770141,9,1,200641,55208,48957,145433,288317,0,0,0,0,0.0749058
770144,9,2,158241,41934,35622,116294,217833,1,0,0,0,0.123293
770149,9,2,158491,42084,36193,116394,219358,1,0,0,0,0.12248
770150,9,1,171002,47262,40992,123740,248260,0,0,0,0,0.060952
770151,9,2,194287,52894,45334,141380,276390,1,0,0,0,0.150858
770154,9,2,161399,43092,36815,118294,224353,1,0,0,0,0.128481
770155,18,2,165134,44144,37724,120977,229909,1,0,0,0,0.116282
770158,18,2,165294,44465,37972,120816,232531,1,0,0,0,0.117158
770159,9,2,162769,43402,37138,119354,226540,1,0,0,0,0.135456
770162,18,1,186149,51028,44740,135121,267698,0,0,0,0,0.0599466
770180,3,1,170401,45791,40712,124610,240071,0,0,0,0,0.126192
770181,9,1,177089,47859,42354,129230,250736,0,0,0,0,0.0781268
770184,9,1,189945,52030,46359,137915,273007,0,0,0,0,0.079936
770189,9,1,191810,52532,47199,139278,275817,0,0,0,0,0.0837871
770190,9,1,155114,42099,37041,113015,221300,0,0,0,0,0.0932044
770191,9,1,176553,47700,41605,128853,249188,0,0,0,0,0.0914561
770194,9,1,179874,48808,43178,131066,256409,0,0,0,0,0.0778436
770199,9,1,174885,47542,41930,127343,249720,0,0,0,0,0.0609735
770202,18,1,190404,52575,46327,137829,277042,0,0,0,0,0.0639565
770205,18,1,205340,57511,50944,147829,303365,0,0,0,0,0.0660781
770208,18,1,210338,58513,52055,151825,307321,0,0,0,0,0.075311
770220,9,1,171799,46595,41123,125204,243145,0,0,0,0,0.104921
770221,9,1,175414,46859,40833,128555,241966,0,0,0,0,0.0788083
770224,9,2,207546,56448,48486,151085,294732,1,0,0,0,0.152511
770229,9,2,197101,53158,45825,143930,276794,1,0,0,0,0.143479
770242,18,1,170616,46835,40964,123781,246395,0,0,0,0,0.0581244
770245,18,2,277027,76963,66460,200051,407091,1,0,0,0,0.151722
770248,18,2,276762,77237,66974,199512,408901,1,0,0,0,0.152674
770270,9,1,158451,42328,37512,116123,219996,0,0,0,0,0.0705317
770271,9,1,171812,46036,40281,125776,238773,0,0,0,0,0.054045
770272,9,1,160978,42880,37192,118098,222507,0,0,0,0,0.056071
770273,9,1,147325,38923,34140,108402,202718,0,0,0,0,0.0638507
770274,9,1,175159,47289,41228,127870,246156,0,0,0,0,0.0786242
770275,9,1,171772,45919,40569,125853,238269,0,0,0,0,0.0597334
770276,9,2,266920,72756,62841,194151,382485,1,0,0,0,0.176167
770277,9,2,276549,75385,65137,201151,395437,1,0,0,0,0.185775
770278,9,1,170590,45739,39869,124851,237645,0,0,0,0,0.0550142
770279,9,1,171727,46143,40535,125584,239443,0,0,0,0,0.0553769
770280,3,1,164112,44994,39587,119118,237934,0,0,0,0,0.0894272
770281,9,1,152164,41402,35799,110762,218371,0,0,0,0,0.0596742
770284,9,1,176908,47874,41788,129034,249596,0,0,0,0,0.0833567
770289,9,1,156736,42072,36781,114664,220500,0,0,0,0,0.0716291
770290,3,1,166414,43899,38746,122515,227764,0,0,0,0,0.0838473
770291,9,1,153521,40705,35459,112816,211648,0,0,0,0,0.0556438
770294,9,2,179883,48297,42255,131574,251863,1,0,0,0,0.149839
770299,9,2,177525,47163,41136,130349,245601,1,0,0,0,0.17483
770300,3,1,168155,45612,39691,122543,240512,0,0,0,0,0.0793248
770301,9,1,150208,40595,35013,109613,214117,0,0,0,0,0.0561694
770304,9,2,179146,47524,41551,131609,246517,1,0,0,0,0.134932
770309,9,2,176975,46960,40850,130003,243848,1,0,0,0,0.128824
770310,3,1,168565,45703,39740,122862,240936,0,0,0,0,0.078027
770311,9,2,198150,53214,45944,144923,278143,1,0,0,0,0.15388
770314,9,1,190151,52587,46401,137564,277197,0,0,0,0,0.065834
770319,9,1,173170,46824,41117,126346,245001,0,0,0,0,0.0665675
770320,9,1,164718,44868,38903,119850,235905,0,0,0,0,0.0828471
770321,9,1,182695,49429,43374,133266,257403,0,0,0,0,0.0595147
770322,18,1,172049,46664,40874,125385,244725,0,0,0,0,0.060319
770324,9,2,312674,84634,72908,228029,443633,1,0,0,0,0.184345
770325,18,1,199657,55556,48910,144101,293364,0,0,0,0,0.055515
770328,18,2,203853,55281,47375,148559,290125,1,0,0,0,0.128041
770329,9,1,180421,48321,42252,132100,250908,0,0,0,0,0.0579758
770350,3,1,176838,46575,41284,130263,240585,0,0,0,0,0.0760511
770351,9,1,162669,43172,37706,119497,223618,0,0,0,0,0.0531461
770354,9,2,181370,48681,42701,132677,253750,1,0,0,0,0.141854
770359,9,2,181442,48331,42213,133098,251926,1,0,0,0,0.176098
770360,3,1,174406,47111,41365,127295,247594,0,0,0,0,0.111228
770361,9,1,156585,42284,36689,114301,222661,0,0,0,0,0.0574461
770364,9,2,181690,48289,42322,133388,250322,1,0,0,0,0.145318
770369,9,2,178053,47411,41450,130630,246119,1,0,0,0,0.153094
770370,3,1,174694,47155,41379,127539,247719,0,0,0,0,0.106541
770371,9,2,198343,53374,46203,144956,279274,1,0,0,0,0.170909
770374,9,1,194561,53776,47401,140785,282852,0,0,0,0,0.0782535
770379,9,1,177760,47948,42162,129812,250257,0,0,0,0,0.0836204
770380,9,1,170169,46381,40417,123788,243423,0,0,0,0,0.0565719
770381,9,2,201133,54347,46768,146773,284030,1,0,0,0,0.20628
770382,18,1,176843,47538,41830,129305,247979,0,0,0,0,0.0620626
770384,9,2,310846,84360,73004,226475,441849,1,0,0,0,0.189893
770385,18,1,209567,58272,51295,151295,306919,0,0,0,0,0.0620551
770388,18,2,205140,55801,48167,149326,293153,1,0,0,0,0.143946
770389,9,1,188922,50724,44325,138198,262987,0,0,0,0,0.0737133
770410,3,1,177101,48331,42499,128770,253645,0,0,0,0,0.0858057
770411,9,1,158163,43239,37293,114924,228174,0,0,0,0,0.0626302
770414,9,2,330963,91608,80302,239342,479660,1,0,0,0,0.170809
770419,9,2,329537,91156,79894,238368,477936,1,0,0,0,0.169446
770420,3,1,177702,48484,42623,129218,254348,0,0,0,0,0.0899935
770421,9,1,202646,55908,49492,146738,292156,0,0,0,0,0.0865694
770424,9,2,158866,41854,35660,116999,217053,1,0,0,0,0.150452
770429,9,2,159693,42064,36008,117616,218730,1,0,0,0,0.17949
770430,9,1,173450,47933,41581,125517,251649,0,0,0,0,0.102452
770431,9,2,194040,52694,45189,141333,275204,1,0,0,0,0.175233
770434,9,2,162211,43036,36750,119162,223618,1,0,0,0,0.133413
770435,18,2,165965,44063,37607,121889,228986,1,0,0,0,0.123487
770438,18,2,164977,44077,37587,120887,230143,1,0,0,0,0.141515
770439,9,2,162977,43164,36924,119800,224915,1,0,0,0,0.190047
770442,18,1,187827,51628,45252,136199,271025,0,0,0,0,0.0714116
770460,3,1,170496,45842,40795,124654,240293,0,0,0,0,0.130783
770461,9,1,177376,47924,42462,129452,250919,0,0,0,0,0.0843148
770464,9,1,190760,52338,46586,138422,274807,0,0,0,0,0.0820873
770469,9,1,192287,52770,47357,139517,277208,0,0,0,0,0.0849944
770470,9,1,155803,42364,37303,113439,222785,0,0,0,0,0.0863747
770471,9,1,177446,47976,41904,129470,250641,0,0,0,0,0.0625936
770474,9,1,181842,49375,43684,132467,259261,0,0,0,0,0.0594239
770479,9,1,176919,48164,42469,128755,253017,0,0,0,0,0.0683549
770482,18,1,191715,52905,46664,138810,278691,0,0,0,0,0.0919091
770485,18,1,206298,57788,51221,148510,304921,0,0,0,0,0.0659348
770488,18,1,211734,58823,52272,152911,308779,0,0,0,0,0.0801034
770500,9,1,172601,46854,41432,125747,244498,0,0,0,0,0.109977
770501,9,1,177287,47383,41297,129904,244644,0,0,0,0,0.071561
770504,9,2,208532,56702,48707,151817,296159,1,0,0,0,0.146865
770509,9,2,198202,53284,46004,144905,277168,1,0,0,0,0.166605
770522,18,1,171710,47110,41200,124600,247816,0,0,0,0,0.0657365
770525,18,2,249442,68941,59407,180488,364113,1,0,0,0,0.205467
770528,18,2,249064,69029,59867,180022,364670,1,0,0,0,0.147881
770550,9,1,159404,42604,37826,116800,221465,0,0,0,0,0.075236
770551,9,1,175164,46878,41038,128286,242923,0,0,0,0,0.0563771
770552,9,1,162086,43221,37560,118865,224328,0,0,0,0,0.061978
770553,9,1,148784,39328,34453,109456,204948,0,0,0,0,0.0796776
770554,9,1,176776,47708,41616,129068,248234,0,0,0,0,0.0640336
770555,9,1,172731,46168,40757,126563,239516,0,0,0,0,0.0693907
770556,9,2,243820,66355,57284,177452,348743,1,0,0,0,0.182254
770557,9,2,251027,68110,58924,182904,356827,1,0,0,0,0.197232
770558,9,1,171840,46066,40161,125774,239332,0,0,0,0,0.080061
770559,9,1,173104,46509,40782,126595,241370,0,0,0,0,0.0743956
770560,3,1,167668,44630,38146,123038,235583,0,0,0,0,0.0978129
770561,9,1,153862,41869,35255,111993,222530,0,0,0,0,0.0682062
770564,9,1,173894,47878,41142,126016,253877,0,0,0,0,0.0632203
770569,9,1,166306,44561,38102,121745,234710,0,0,0,0,0.078403
770570,3,1,167996,44538,38753,123458,233173,0,0,0,0,0.11323
770571,9,1,149303,39845,34195,109458,209363,0,0,0,0,0.0827098
770574,9,1,161183,43141,37308,118042,225326,0,0,0,0,0.0610022
770579,9,1,154543,40865,35470,113678,212785,0,0,0,0,0.0792428
770580,3,1,155077,40468,34744,114609,213016,0,0,0,0,0.0903718
770581,9,1,136123,36030,30489,100093,190792,0,0,0,0,0.0580279
770584,9,1,169340,45898,39349,123442,242433,0,0,0,0,0.0635804
770589,9,1,178635,48614,41950,130021,256717,0,0,0,0,0.061157
770590,3,1,155414,40555,34808,114859,213464,0,0,0,0,0.0850467
770591,9,2,232128,64338,55898,167778,343465,1,0,0,0,0.183724
770594,9,1,191219,53455,46491,137764,285591,0,0,0,0,0.0699642
770599,9,1,170330,46541,40168,123789,246130,0,0,0,0,0.0639377
770600,9,1,149448,40637,34653,108811,216104,0,0,0,0,0.0606228
770601,9,1,169235,45232,39053,124003,238169,0,0,0,0,0.0602866
770602,18,1,169540,45898,39887,123642,243027,0,0,0,0,0.0569969
770604,9,1,160935,42915,37044,118020,225371,0,0,0,0,0.0784083
770605,18,1,199512,55571,48081,143941,296373,0,0,0,0,0.0667106
770608,18,1,172574,47225,40464,125349,249920,0,0,0,0,0.0616074
770609,9,1,170144,45333,39173,124811,236731,0,0,0,0,0.0620768
770630,3,1,184238,50810,44749,133428,268507,0,0,0,0,0.0912038
770631,9,1,176476,48372,41558,128104,255029,0,0,0,0,0.063254
770634,9,2,184279,50004,43509,134263,262049,1,0,0,0,0.149789
770639,9,2,186585,50398,43941,136174,264211,1,0,0,0,0.193789
770640,3,1,210672,59729,52380,150943,317388,0,0,0,0,0.112939
770641,9,1,186200,52336,45081,133864,277237,0,0,0,0,0.0685577
770644,9,2,203364,56402,49188,146951,298304,1,0,0,0,0.194651
770649,9,2,187934,51339,44611,136583,270413,1,0,0,0,0.142648
770650,3,1,210353,59641,52305,150712,316911,0,0,0,0,0.0832605
770651,9,2,203682,58281,50902,145388,311154,1,0,0,0,0.138718
770654,9,1,202024,56005,48560,146019,295103,0,0,0,0,0.0596736
770659,9,2,185334,51085,44147,134236,270557,1,0,0,0,0.1356
770660,9,1,182546,51328,43950,131218,272078,0,0,0,0,0.0598299
770661,9,2,178524,49963,43415,128549,266056,1,0,0,0,0.18064
770662,18,1,207699,56928,49437,150771,298510,0,0,0,0,0.0676615
770664,9,1,185842,50796,44579,135046,267258,0,0,0,0,0.062621
770665,18,1,208428,57551,49799,150877,304039,0,0,0,0,0.0627023
770668,18,1,200623,55287,47733,145336,290546,0,0,0,0,0.0621087
770669,9,1,211972,59603,51554,152369,314059,0,0,0,0,0.0753874
770690,3,1,210564,58872,51542,151692,311343,0,0,0,0,0.121042
770691,9,1,182704,50284,43043,132420,264957,0,0,0,0,0.0609336
770694,9,2,203783,56786,49578,146985,300334,1,0,0,0,0.144559
770699,9,2,197980,55023,48027,142944,290908,1,0,0,0,0.131982
770700,3,1,210402,58738,51405,151664,310542,0,0,0,0,0.0845382
770701,9,2,183762,51001,44217,132749,271417,1,0,0,0,0.142909
770704,9,2,175553,48666,42740,126875,258230,1,0,0,0,0.159723
770709,9,2,165236,44713,38670,120511,236396,1,0,0,0,0.131057
770710,9,1,192736,54150,46287,138586,286969,0,0,0,0,0.0614033
770711,9,2,208276,59515,52025,148748,318221,1,0,0,0,0.161167
770714,9,2,170676,46935,41532,123728,248209,1,0,0,0,0.132606
770715,18,2,175213,48592,42566,126608,257761,1,0,0,0,0.165829
770718,18,2,168577,46652,40587,121912,248010,1,0,0,0,0.131036
770719,9,2,163443,44048,38242,119384,232054,1,0,0,0,0.143654
770722,18,1,208169,56783,49278,151386,297233,0,0,0,0,0.0887419
770740,3,1,184996,51205,45015,133791,270731,0,0,0,0,0.10717
770741,9,1,189371,51568,45214,137803,270939,0,0,0,0,0.0637352
770744,9,2,178037,48963,42808,129061,258910,1,0,0,0,0.139164
770749,9,2,162198,44183,38632,118002,234261,1,0,0,0,0.15321
770750,9,1,180792,50483,43408,130309,267506,0,0,0,0,0.0689151
770751,9,1,208344,57554,49750,150790,303170,0,0,0,0,0.065001
770754,9,2,178619,49415,43365,129192,261970,1,0,0,0,0.140891
770759,9,2,198759,55190,48124,143557,293809,1,0,0,0,0.188772
770762,18,1,220518,60804,52381,159714,320881,0,0,0,0,0.06881
770765,18,2,180232,50268,44374,129951,266984,1,0,0,0,0.131765
770768,18,2,198006,55595,48823,142398,297236,1,0,0,0,0.147011
770780,9,2,187581,51924,45579,135645,273750,1,0,0,0,0.179059
770781,9,2,203419,56286,49159,147122,297783,1,0,0,0,0.151366
770784,9,2,201387,56295,49208,145080,298057,1,0,0,0,0.143714
770789,9,2,194706,53655,46753,141039,285155,1,0,0,0,0.227771
770802,18,1,209059,57493,49115,151566,302335,0,0,0,0,0.0775187
770805,18,2,175486,48524,42351,126949,257616,1,0,0,0,0.14258
770808,18,2,197372,55064,47972,142295,293703,1,0,0,0,0.151287
770830,9,2,175665,47802,41587,127850,251489,1,0,0,0,0.152606
770831,9,2,181562,49109,42817,132441,258473,1,0,0,0,0.126456
770832,9,2,181048,49721,43355,131314,263671,1,0,0,0,0.136335
770833,9,1,220675,62399,54513,158276,329162,0,0,0,0,0.0800813
770834,9,2,189867,52409,45907,137445,276615,1,0,0,0,0.147277
770835,9,2,164672,44247,38439,120413,233470,1,0,0,0,0.135575
770836,9,2,165283,44508,38912,120763,234667,1,0,0,0,0.150452
770837,9,2,155526,41590,35957,113923,219756,1,0,0,0,0.146904
770838,9,2,194233,53494,46490,140727,284630,1,0,0,0,0.16681
770839,9,2,188892,51677,45100,137203,274457,1,0,0,0,0.164472
770840,3,1,169390,45488,38986,123902,240683,0,0,0,0,0.107425
770841,9,1,155506,42542,35908,112964,226509,0,0,0,0,0.0785667
770844,9,1,175410,48546,41718,126864,257876,0,0,0,0,0.076514
770849,9,1,166852,44821,38304,122031,236259,0,0,0,0,0.0788623
770850,3,1,179882,47757,41632,132125,249404,0,0,0,0,0.10009
770851,9,1,156556,41651,35883,114905,217924,0,0,0,0,0.072865
770854,9,1,172027,46001,39511,126026,238989,0,0,0,0,0.090183
770859,9,2,312625,84570,74077,228042,444951,1,0,0,0,0.204577
770860,3,1,165312,43515,37579,121797,229355,0,0,0,0,0.0845338
770861,9,1,143253,38122,32170,105131,202021,0,0,0,0,0.0588253
770864,9,1,179994,48808,41967,131186,256380,0,0,0,0,0.0799462
770869,9,1,188156,50874,43978,137282,266427,0,0,0,0,0.0755885
770870,3,1,165445,43542,37591,121903,229468,0,0,0,0,0.0958834
770871,9,2,232777,64630,56206,168135,345811,1,0,0,0,0.235229
770874,9,1,201246,56335,49290,144911,300447,0,0,0,0,0.103868
770879,9,1,176312,47924,41585,128388,252515,0,0,0,0,0.0623403
770880,9,1,157240,42980,36634,114260,229016,0,0,0,0,0.061972
770881,9,1,178229,48000,41578,130229,252794,0,0,0,0,0.0612735
770882,18,1,181170,49100,42853,132070,259178,0,0,0,0,0.0621443
770884,9,1,170615,45567,39372,125048,238754,0,0,0,0,0.0688598
770885,18,1,212403,59322,51538,153081,315529,0,0,0,0,0.0698879
770888,18,1,179873,49161,42240,130712,259753,0,0,0,0,0.0691463
770889,9,1,183512,49159,42426,134353,255983,0,0,0,0,0.0716606
770910,3,1,192561,52929,46596,139632,278776,0,0,0,0,0.097221
770911,9,1,184148,50470,43442,133678,265382,0,0,0,0,0.0847977
770914,9,2,186926,50963,44373,135951,266877,1,0,0,0,0.169105
770919,9,2,188525,50992,44479,137520,266931,1,0,0,0,0.175297
770920,3,1,216544,61157,53796,155387,323671,0,0,0,0,0.0908397
770921,9,1,192551,53944,46472,138607,285029,0,0,0,0,0.0620872
770924,9,2,206737,57365,49975,149361,302835,1,0,0,0,0.145359
770929,9,2,196897,53972,46969,142913,284032,1,0,0,0,0.139554
770930,3,1,216098,60969,53683,155129,322555,0,0,0,0,0.0918855
770931,9,2,206146,58824,51272,147309,313515,1,0,0,0,0.190268
770934,9,1,208602,57553,50090,151049,302038,0,0,0,0,0.0906438
770939,9,2,188296,51827,44742,136456,274140,1,0,0,0,0.201235
770940,9,1,189962,53170,45849,136792,280980,0,0,0,0,0.0955351
770941,9,2,180731,50613,44196,130106,269261,1,0,0,0,0.197853
770942,18,1,214386,58708,51062,155678,306914,0,0,0,0,0.0894648
770944,9,1,194745,53165,46716,141580,278709,0,0,0,0,0.0644104
770945,18,1,219136,60620,52463,158516,319733,0,0,0,0,0.0804821
770948,18,1,205367,56490,48857,148877,296161,0,0,0,0,0.0622196
770949,9,1,222799,62919,54658,159880,331170,0,0,0,0,0.0799716
770970,3,1,219777,62043,54702,157734,328533,0,0,0,0,0.114714
770971,9,1,191251,53219,45930,138032,280929,0,0,0,0,0.0788152
770974,9,2,207084,57505,50236,149567,303791,1,0,0,0,0.146268
770979,9,2,200168,55544,48486,144611,293310,1,0,0,0,0.177452
770980,3,1,219457,61951,54657,157506,328057,0,0,0,0,0.0957977
770981,9,2,186683,52203,45399,134468,278011,1,0,0,0,0.188079
770984,9,2,181797,50601,44542,131184,268974,1,0,0,0,0.151951
770989,9,2,166065,45298,39243,120755,240053,1,0,0,0,0.161438
770990,9,1,200102,56625,48673,143477,300191,0,0,0,0,0.0944262
770991,9,2,203054,57865,50566,145176,309198,1,0,0,0,0.150174
770994,9,2,175102,48357,42895,126732,256313,1,0,0,0,0.163508
770995,18,2,180142,50168,43944,129961,266719,1,0,0,0,0.130835
770998,18,2,172911,48118,41881,124780,256189,1,0,0,0,0.125689
770999,9,2,165873,44806,38968,121056,236283,1,0,0,0,0.13747
771002,18,1,216224,59331,51732,156893,310281,0,0,0,0,0.0645466
771020,3,1,191959,53067,46706,138892,279808,0,0,0,0,0.0855456
771021,9,1,198726,54194,47550,144532,283939,0,0,0,0,0.0617705
771024,9,2,179825,49659,43519,130153,263204,1,0,0,0,0.13505
771029,9,2,166169,45181,39510,120975,239294,1,0,0,0,0.146525
771030,9,1,188043,52496,45159,135547,277418,0,0,0,0,0.065365
771031,9,1,215210,59462,51581,155748,312562,0,0,0,0,0.061546
771034,9,2,185013,51177,44982,133824,271403,1,0,0,0,0.13653
771039,9,2,200428,55795,48652,144621,297353,1,0,0,0,0.147843
771042,18,1,231887,64372,55609,167515,339750,0,0,0,0,0.0673131
771045,18,2,184286,51461,45321,132812,273790,1,0,0,0,0.155936
771048,18,2,201209,56665,49677,144531,303458,1,0,0,0,0.154909
771060,9,2,190246,52787,46258,137447,278042,1,0,0,0,0.14315
771061,9,2,207104,57321,50246,149772,302469,1,0,0,0,0.177714
771064,9,2,204566,57066,49747,147488,302047,1,0,0,0,0.141264
771069,9,2,196603,54107,47249,142484,287727,1,0,0,0,0.198787
771082,18,1,215564,59558,51020,156006,313033,0,0,0,0,0.0790869
771085,18,2,179978,49971,43539,129994,265762,1,0,0,0,0.13687
771088,18,2,199445,55808,48605,143624,298335,1,0,0,0,0.141686
771110,9,2,178033,48553,42243,129467,255289,1,0,0,0,0.143761
771111,9,2,190062,51569,45089,138481,271044,1,0,0,0,0.131638
771112,9,2,184205,50694,44114,133498,268653,1,0,0,0,0.130702
771113,9,1,232629,66011,57800,166618,347709,0,0,0,0,0.0797958
771114,9,2,191459,52627,46006,138819,277294,1,0,0,0,0.127579
771115,9,2,167556,45081,39217,122463,237983,1,0,0,0,0.132192
771116,9,2,167903,45306,39597,122585,239105,1,0,0,0,0.182743
771117,9,2,156564,41984,36378,114567,222105,1,0,0,0,0.145366
771118,9,2,197490,54667,47416,142811,291554,1,0,0,0,0.151999
771119,9,2,191271,52421,45798,138838,278838,1,0,0,0,0.161732
771120,3,1,176990,46618,40264,130372,243788,0,0,0,0,0.0858981
771121,9,1,163327,44135,37441,119192,232784,0,0,0,0,0.0629647
771124,9,1,181440,49674,43023,131766,261268,0,0,0,0,0.0616105
771129,9,1,170591,45245,38981,125346,235832,0,0,0,0,0.0600971
771130,3,1,176883,46570,40258,130313,243438,0,0,0,0,0.0884073
771131,9,1,163645,44222,37506,119423,233209,0,0,0,0,0.0646958
771134,9,1,182086,49832,43177,132254,261988,0,0,0,0,0.065857
771139,9,1,171355,45435,39092,125920,236849,0,0,0,0,0.0643164
771140,3,1,172473,45954,39503,126519,242837,0,0,0,0,0.0938607
771141,9,1,148636,39700,33324,108936,210626,0,0,0,0,0.0823487
771144,9,1,185943,50806,44025,135137,267990,0,0,0,0,0.0676546
771149,9,1,185629,50235,43263,135394,264187,0,0,0,0,0.0794821
771150,3,1,172729,46011,39549,126718,243110,0,0,0,0,0.0894711
771151,9,1,188940,53012,46340,135928,282530,0,0,0,0,0.066439
771154,9,1,211385,59386,51950,151999,316681,0,0,0,0,0.0743378
771159,9,1,217786,61338,53554,156448,327132,0,0,0,0,0.0791226
771160,9,1,160727,44196,37847,116531,235799,0,0,0,0,0.0653619
771161,9,1,179039,48114,41637,130925,252126,0,0,0,0,0.0644429
771162,18,1,189823,51906,45450,137917,274916,0,0,0,0,0.0685552
771164,9,1,177546,46980,40825,130566,245998,0,0,0,0,0.0623013
771165,18,1,203671,56310,48657,147361,298411,0,0,0,0,0.0726567
771168,18,1,205541,57039,49271,148502,302614,0,0,0,0,0.0733358
771169,9,1,187957,49725,43048,138232,258300,0,0,0,0,0.0616574
771190,3,1,203347,56251,49801,147096,296025,0,0,0,0,0.089235
771191,9,1,191556,52984,45555,138572,279024,0,0,0,0,0.0942329
771194,9,2,191455,51651,45226,139792,267790,1,0,0,0,0.153007
771199,9,2,193951,51617,44979,142321,266825,1,0,0,0,0.147791
771200,3,1,211642,59789,52431,151853,318047,0,0,0,0,0.100981
771201,9,1,195071,54954,47081,140117,292575,0,0,0,0,0.0672229
771204,9,2,194115,53198,46414,140904,280087,1,0,0,0,0.163719
771209,9,2,205863,56719,49826,149131,299049,1,0,0,0,0.13396
771210,3,1,211134,59602,52302,151532,316977,0,0,0,0,0.0793548
771211,9,2,201578,57546,50289,144019,307684,1,0,0,0,0.136373
771214,9,1,222999,61637,53732,161362,324547,0,0,0,0,0.0633367
771219,9,2,184134,50228,43686,133893,265188,1,0,0,0,0.127763
771220,9,1,193263,54628,46937,138635,291205,0,0,0,0,0.0618537
771221,9,2,192987,54406,47604,138568,290221,1,0,0,0,0.136647
771222,18,1,218114,60526,52851,157588,319281,0,0,0,0,0.0629069
771224,9,2,330074,92943,81816,237118,494232,1,0,0,0,0.233087
771225,18,1,222825,61890,53939,160935,326610,0,0,0,0,0.0904209
771228,18,1,221540,61398,53272,160142,323842,0,0,0,0,0.085134
771229,9,1,219970,60309,52631,159661,315216,0,0,0,0,0.0830113
771250,3,1,221204,63026,55174,158178,335680,0,0,0,0,0.118222
771251,9,1,195690,54899,46927,140791,291708,0,0,0,0,0.0944057
771254,9,2,190906,52289,45537,138604,275375,1,0,0,0,0.167386
771259,9,2,207377,57528,50235,149836,303805,1,0,0,0,0.139512
771260,3,1,220517,62767,55029,157750,334160,0,0,0,0,0.0888395
771261,9,2,202699,57882,50713,144804,309965,1,0,0,0,0.142456
771264,9,1,220907,61072,52977,159835,321663,0,0,0,0,0.064866
771269,9,2,180462,49802,43377,130647,264365,1,0,0,0,0.128134
771270,9,1,203566,58006,49693,145560,309550,0,0,0,0,0.0739779
771271,9,2,196280,55346,48240,140921,295370,1,0,0,0,0.205778
771274,9,2,327739,92430,81198,235296,491380,1,0,0,0,0.181922
771275,18,1,225509,63072,54977,162437,333401,0,0,0,0,0.0631541
771278,18,1,226365,63365,55292,163000,335808,0,0,0,0,0.069778
771279,9,1,215280,59551,52277,155729,313877,0,0,0,0,0.0757654
771282,18,1,221304,61243,53423,160061,322827,0,0,0,0,0.0707377
771300,3,1,202970,56394,49812,146576,297195,0,0,0,0,0.0969868
771301,9,2,327529,92178,81147,235338,490374,1,0,0,0,0.211978
771304,9,2,334003,94504,82964,239486,503110,1,0,0,0,0.216723
771309,9,2,254480,70597,61854,183871,375226,1,0,0,0,0.174519
771310,9,1,195680,54783,47066,140897,289659,0,0,0,0,0.0749235
771311,9,1,225044,62129,53847,162915,327222,0,0,0,0,0.0702236
771314,9,1,216542,59642,51546,156900,313978,0,0,0,0,0.065928
771319,9,1,217198,60214,52303,156984,316849,0,0,0,0,0.100502
771322,18,1,230526,63824,55666,166702,336431,0,0,0,0,0.094879
771325,18,1,228736,63430,55077,165306,334379,0,0,0,0,0.0659325
771328,18,1,215727,60171,51876,155556,318589,0,0,0,0,0.078978
771340,9,2,193277,52676,46320,140589,274051,1,0,0,0,0.179625
771341,9,2,188714,51329,44967,137372,269434,1,0,0,0,0.147421
771344,9,2,186727,51070,44718,135644,269092,1,0,0,0,0.140024
771349,9,1,196692,55397,48082,141295,295410,0,0,0,0,0.0729314
771362,18,1,232804,64792,56028,168012,342664,0,0,0,0,0.0676714
771365,18,1,229407,63668,55437,165739,336537,0,0,0,0,0.0674835
771368,18,1,216653,60027,52153,156626,316963,0,0,0,0,0.0640463
771390,9,2,185141,49494,42979,135634,256519,1,0,0,0,0.144558
771391,9,2,194768,53338,46786,141417,280708,1,0,0,0,0.137847
771392,9,2,179120,48748,42555,130359,257599,1,0,0,0,0.170946
771393,9,1,227354,62175,54025,165179,324587,0,0,0,0,0.0744176
771394,9,2,197171,54201,47471,142957,285628,1,0,0,0,0.143429
771395,9,2,179592,49062,42871,130517,259766,1,0,0,0,0.133157
771396,9,1,211193,57732,50330,153461,303198,0,0,0,0,0.0666254
771397,9,2,266261,73279,64049,192970,388768,1,0,0,0,0.250116
771398,9,1,211965,58161,50515,153804,304652,0,0,0,0,0.0945199
771399,9,1,190492,52948,45943,137544,281604,0,0,0,0,0.0687268
771400,3,1,174073,46109,39846,127964,243336,0,0,0,0,0.0922273
771401,9,1,151020,40833,34794,110187,217202,0,0,0,0,0.0661577
771404,9,1,193434,53912,46539,139522,286429,0,0,0,0,0.113683
771409,9,1,193417,52331,44903,141086,274282,0,0,0,0,0.0944516
771410,3,1,174440,46208,39945,128232,243844,0,0,0,0,0.105044
771411,9,1,151038,40842,34822,110196,217250,0,0,0,0,0.0825419
771414,9,1,193245,53815,46538,139430,285781,0,0,0,0,0.089688
771419,9,1,193383,52307,44886,141076,274197,0,0,0,0,0.0702572
771420,3,1,168545,44430,37896,124115,234466,0,0,0,0,0.113532
771421,9,1,148925,40186,33932,108739,214127,0,0,0,0,0.0768033
771424,9,1,192530,54155,46432,138375,289384,0,0,0,0,0.083917
771429,9,1,186921,51200,44136,135721,271315,0,0,0,0,0.0737353
771430,3,1,164888,43101,37151,121787,226584,0,0,0,0,0.137534
771431,9,1,186020,51042,44373,134978,271975,0,0,0,0,0.100707
771434,9,1,196903,54374,47601,142529,289508,0,0,0,0,0.0986793
771439,9,1,199509,55208,48372,144301,294035,0,0,0,0,0.0936847
771440,9,1,160607,43188,36994,117419,229437,0,0,0,0,0.0965525
771441,9,1,158201,42556,36175,115645,226296,0,0,0,0,0.0749981
771442,18,1,200635,55824,48345,144811,297263,0,0,0,0,0.073648
771444,9,1,170169,45773,39119,124396,242925,0,0,0,0,0.0698033
771445,18,1,210823,59404,51774,151419,318054,0,0,0,0,0.0822459
771448,18,1,206519,57942,50326,148577,309848,0,0,0,0,0.0772264
771449,9,1,175414,46982,40495,128432,248134,0,0,0,0,0.0638333
771470,3,1,202870,56829,49967,146041,301210,0,0,0,0,0.0944288
771471,9,1,174884,47866,40775,127018,252402,0,0,0,0,0.0677684
771474,9,2,188956,50487,43944,138458,261177,1,0,0,0,0.148394
771479,9,2,193668,51734,44980,141922,268022,1,0,0,0,0.152967
771480,3,1,206104,57182,50339,148922,303164,0,0,0,0,0.0999318
771481,9,1,180978,49718,43008,131260,262865,0,0,0,0,0.0686821
771484,9,2,188729,51167,44675,137552,268334,1,0,0,0,0.150969
771489,9,2,191627,52012,45300,139604,272923,1,0,0,0,0.143047
771490,3,1,213654,59691,52523,153963,317060,0,0,0,0,0.10441
771491,9,2,176257,48000,41994,128244,253548,1,0,0,0,0.179842
771494,9,2,188073,51984,45706,136076,275215,1,0,0,0,0.153915
771499,9,2,173413,46917,40899,126486,247603,1,0,0,0,0.146457
771500,9,1,185471,51382,44492,134089,272134,0,0,0,0,0.0705604
771501,9,1,199213,54923,47878,144290,290868,0,0,0,0,0.0987606
771502,18,2,398163,111349,97196,286803,591692,1,0,0,0,0.184989
771504,9,1,213521,59213,51480,154308,313928,0,0,0,0,0.0706574
771505,18,1,214855,60581,52623,154274,322762,0,0,0,0,0.0685
771508,18,1,211489,59260,51850,152229,315594,0,0,0,0,0.0748982
771509,9,1,202369,54677,47367,147692,286912,0,0,0,0,0.0699145
771530,3,1,206970,57796,50864,149174,307040,0,0,0,0,0.101437
771531,9,1,180383,49889,43269,130494,264366,0,0,0,0,0.0684275
771534,9,2,183648,50031,43479,133605,262818,1,0,0,0,0.144289
771539,9,2,187468,51162,44626,136295,268872,1,0,0,0,0.193358
771540,3,1,212299,59440,52257,152859,315727,0,0,0,0,0.152049
771541,9,1,203893,57108,50086,146785,303834,0,0,0,0,0.091563
771544,9,2,175025,48011,42023,127001,254266,1,0,0,0,0.153989
771549,9,2,165448,44715,38925,120723,236133,1,0,0,0,0.159587
771550,9,1,187751,52040,44778,135711,275943,0,0,0,0,0.0679915
771551,9,2,180926,49660,43168,131253,263067,1,0,0,0,0.143984
771554,9,1,222098,61255,53233,160843,322400,0,0,0,0,0.0701056
771555,18,1,213036,60013,51999,153023,319562,0,0,0,0,0.0760712
771558,18,1,212299,59698,52212,152601,318514,0,0,0,0,0.0743375
771559,9,1,194374,52840,45800,141534,279186,0,0,0,0,0.0807339
771562,18,2,398876,111533,97129,287332,592462,1,0,0,0,0.199702
771580,3,1,212397,60132,53309,152265,319645,0,0,0,0,0.107527
771581,9,1,223263,62650,54681,160613,333851,0,0,0,0,0.0903754
771584,9,1,233223,64884,56650,168339,342980,0,0,0,0,0.0790505
771589,9,2,165145,44924,39054,120210,237825,1,0,0,0,0.155762
771590,9,1,187495,52247,44717,135248,277102,0,0,0,0,0.0737276
771591,9,2,187227,51623,45273,135591,273206,1,0,0,0,0.147364
771594,9,2,176099,48107,42077,127979,254227,1,0,0,0,0.143473
771599,9,1,190012,52250,44944,137762,276608,0,0,0,0,0.0791375
771602,18,1,224110,63574,55195,160536,339178,0,0,0,0,0.075392
771605,18,1,215392,60676,52457,154716,323060,0,0,0,0,0.072197
771608,18,1,208586,58085,50233,150501,308757,0,0,0,0,0.0772433
771620,9,2,183890,48840,42830,135039,252430,1,0,0,0,0.149672
771621,9,2,187224,50374,43729,136840,263306,1,0,0,0,0.151687
771624,9,2,185305,50037,43628,135256,261965,1,0,0,0,0.184812
771629,9,1,202222,56260,49328,145962,298434,0,0,0,0,0.113321
771642,18,1,216741,60753,53001,155988,323097,0,0,0,0,0.0798862
771645,18,1,219024,61208,53440,157816,325643,0,0,0,0,0.0794082
771648,18,1,212166,59567,51809,152599,317256,0,0,0,0,0.0796067
771670,9,2,182838,48404,42250,134422,250392,1,0,0,0,0.138231
771671,9,2,182902,48896,42463,133995,255320,1,0,0,0,0.168934
771672,9,2,162733,43096,37166,119627,226472,1,0,0,0,0.156513
771673,9,1,214796,58737,50968,156059,309231,0,0,0,0,0.0745619
771674,9,2,183711,49238,42767,134462,257149,1,0,0,0,0.154674
771675,9,2,163159,43350,37475,119799,228290,1,0,0,0,0.169977
771676,9,1,200450,54846,47617,145604,290512,0,0,0,0,0.0808408
771677,9,2,155630,41526,35514,114093,219174,1,0,0,0,0.15958
771678,9,1,186286,50942,44082,135344,269685,0,0,0,0,0.0780182
771679,9,1,197235,54602,47669,142633,289813,0,0,0,0,0.0984388
771680,3,1,175368,46660,40423,128708,246474,0,0,0,0,0.125889
771681,9,1,170831,45548,39486,125283,239074,0,0,0,0,0.0872613
771684,9,1,177338,47736,41247,129602,252410,0,0,0,0,0.0801717
771689,9,1,158321,41754,35486,116567,219245,0,0,0,0,0.0776572
771690,3,1,175726,46755,40519,128971,246952,0,0,0,0,0.130125
771691,9,1,170795,45535,39485,125260,239004,0,0,0,0,0.0706783
771694,9,1,177545,47803,41287,129742,252792,0,0,0,0,0.0675168
771699,9,1,158471,41819,35582,116652,219641,0,0,0,0,0.0659288
771700,3,1,169057,44790,38220,124267,236702,0,0,0,0,0.137167
771701,9,1,171619,45817,39599,125802,241435,0,0,0,0,0.0644089
771704,9,1,213620,59690,51622,153930,316560,0,0,0,0,0.0807726
771709,9,1,207478,56788,49253,150690,298758,0,0,0,0,0.0722531
771710,3,1,168113,44290,38122,123823,233446,0,0,0,0,0.157222
771711,9,1,171973,45925,39472,126048,243228,0,0,0,0,0.0987715
771714,9,1,193297,52896,46181,140401,281202,0,0,0,0,0.0977699
771719,9,1,178398,47881,41478,130517,253047,0,0,0,0,0.114002
771720,9,1,181035,47281,40919,133754,246817,0,0,0,0,0.0849905
771721,9,1,166307,43732,37480,122575,229353,0,0,0,0,0.0616128
771722,18,1,175654,46374,39555,129280,243649,0,0,0,0,0.0652232
771724,9,1,179502,47525,40794,131977,248824,0,0,0,0,0.0658264
771725,18,1,187291,50437,43805,136854,267522,0,0,0,0,0.0629032
771728,18,1,184031,49613,42653,134418,263085,0,0,0,0,0.0636221
771729,9,1,178580,47398,40596,131182,248384,0,0,0,0,0.201064
771750,3,1,205122,57779,50872,147343,306648,0,0,0,0,0.145208
771751,9,2,240782,66898,58740,173871,352709,1,0,0,0,0.170777
771754,9,1,186371,50444,43931,135927,265088,0,0,0,0,0.0819014
771759,9,1,183748,49758,42475,133990,261134,0,0,0,0,0.0826279
771760,3,1,208365,58107,51160,150258,308553,0,0,0,0,0.15209
771761,9,1,202684,54658,47795,148026,285156,0,0,0,0,0.0699793
771764,9,1,195256,53030,46568,142226,279409,0,0,0,0,0.0665204
771769,9,1,192421,52321,45215,140100,275745,0,0,0,0,0.0621043
771770,3,1,215677,60588,53398,155089,322275,0,0,0,0,0.102653
771771,9,1,213543,58756,51179,154787,311606,0,0,0,0,0.0715793
771774,9,2,175631,47619,41718,127999,251130,1,0,0,0,0.167881
771779,9,1,199953,54807,47569,145146,290220,0,0,0,0,0.0721605
771780,9,2,225981,63178,55352,162790,336507,1,0,0,0,0.157015
771781,9,1,206776,56616,49377,150160,299360,0,0,0,0,0.0702886
771782,18,1,200444,53827,46265,146617,281681,0,0,0,0,0.0599051
771784,9,1,217827,60284,52160,157543,318455,0,0,0,0,0.0741451
771785,18,1,225794,62334,53867,163460,329447,0,0,0,0,0.0676285
771788,18,1,222786,62234,54105,160552,331409,0,0,0,0,0.074108
771789,9,1,201591,53883,46863,147708,280833,0,0,0,0,0.0718331
771810,3,1,207691,58044,51029,149647,308355,0,0,0,0,0.106152
771811,9,2,219361,61034,53325,158314,325362,1,0,0,0,0.177753
771814,9,1,186870,50592,44398,136278,266301,0,0,0,0,0.061076
771819,9,1,194625,53131,46198,141494,279862,0,0,0,0,0.0620745
771820,3,1,214608,60295,53022,154313,320555,0,0,0,0,0.105133
771821,9,1,210592,57915,50389,152677,306876,0,0,0,0,0.0929023
771824,9,2,172385,47171,41256,125201,250084,1,0,0,0,0.14926
771829,9,1,203460,55946,48750,147514,296350,0,0,0,0,0.0676531
771830,9,1,210671,57305,49775,153366,300096,0,0,0,0,0.0665817
771831,9,1,205890,56830,49704,149060,300929,0,0,0,0,0.0670747
771834,9,1,217999,60443,52281,157556,319509,0,0,0,0,0.0993364
771835,18,1,223663,62045,53651,161618,328374,0,0,0,0,0.0935701
771838,18,1,220952,61513,53521,159439,327289,0,0,0,0,0.108582
771839,9,1,201299,53811,46834,147488,280419,0,0,0,0,0.0901125
771842,18,1,200572,53888,46334,146684,281994,0,0,0,0,0.0654143
771860,3,1,215606,61633,54742,153973,328181,0,0,0,0,0.125167
771861,9,1,230146,64539,55866,165607,342743,0,0,0,0,0.111239
771864,9,1,230572,64696,56053,165876,343633,0,0,0,0,0.0828375
771869,9,1,201646,55011,47776,146635,289518,0,0,0,0,0.0700979
771870,9,2,249075,70090,61758,178972,370998,1,0,0,0,0.206343
771871,9,2,177440,47986,41967,129441,253013,1,0,0,0,0.144375
771874,9,2,176379,47901,41660,128465,253464,1,0,0,0,0.162817
771879,9,1,195859,52631,45690,143228,275401,0,0,0,0,0.0693734
771882,18,1,230576,63860,55381,166716,337871,0,0,0,0,0.0670177
771885,18,1,227079,63035,54687,164044,333881,0,0,0,0,0.067686
771888,18,1,202666,55694,48315,146972,295064,0,0,0,0,0.0717075
771900,9,1,195339,53703,46631,141636,283384,0,0,0,0,0.0720037
771901,9,1,197503,53593,46634,143910,282279,0,0,0,0,0.0831136
771904,9,1,191857,51594,45000,140263,271037,0,0,0,0,0.0662882
771909,9,1,220691,60710,53609,159981,319151,0,0,0,0,0.0931121
771922,18,1,224097,62414,54409,161683,331717,0,0,0,0,0.0728446
771925,18,1,222385,61535,53777,160850,326399,0,0,0,0,0.0703917
771928,18,1,210796,57920,50262,152876,306601,0,0,0,0,0.0693382
771950,9,1,186291,50374,43174,135917,264519,0,0,0,0,0.0665965
771951,9,1,195577,52984,46084,142593,278784,0,0,0,0,0.080401
771952,9,1,194563,52690,45618,141873,278024,0,0,0,0,0.0736983
771953,9,1,210846,57020,49524,153826,298255,0,0,0,0,0.0730728
771954,9,1,197586,54128,47462,143458,285493,0,0,0,0,0.0692577
771955,9,1,198151,53565,46879,144586,282162,0,0,0,0,0.0719418
771956,9,1,211075,57065,49582,154010,298483,0,0,0,0,0.0766588
771957,9,1,194123,52731,45805,141392,277066,0,0,0,0,0.0700441
771958,9,1,198818,53381,46460,145437,279344,0,0,0,0,0.073924
771959,9,1,223464,61770,54291,161694,325286,0,0,0,0,0.126188
771960,9,1,146635,38928,33375,107707,205868,0,0,0,0,0.0607542
771961,9,1,171041,44681,38756,126360,230497,0,0,0,0,0.061292
771964,9,2,277178,75098,65137,202068,396626,1,0,0,0,0.207784
771969,9,2,161064,42535,36759,118516,223270,1,0,0,0,0.151777
771970,9,1,146603,38934,33410,107669,205929,0,0,0,0,0.0618587
771971,9,1,170805,44640,38723,126165,230318,0,0,0,0,0.063145
771974,9,2,276589,74961,65023,201616,395846,1,0,0,0,0.176783
771979,9,2,160821,42490,36669,118318,223071,1,0,0,0,0.174173
771980,9,1,144554,38395,32452,106159,203370,0,0,0,0,0.0727813
771981,9,1,169447,44585,38511,124862,230772,0,0,0,0,0.0642057
771984,9,2,161743,43553,37648,118178,230403,1,0,0,0,0.148774
771989,9,2,157008,41817,36223,115179,220622,1,0,0,0,0.211385
771990,9,1,148384,39134,33351,109250,206601,0,0,0,0,0.0894615
771991,9,1,155831,41739,35645,114092,220958,0,0,0,0,0.0677001
771994,9,1,171519,47052,40843,124467,250726,0,0,0,0,0.0647956
771999,9,1,162039,43870,37665,118169,232412,0,0,0,0,0.0590089
772000,9,1,176162,45613,39811,130549,234785,0,0,0,0,0.0811169
772001,9,1,177904,46930,40752,130974,242686,0,0,0,0,0.0638957
772004,9,2,154170,41662,35933,112495,221012,1,0,0,0,0.166762
772009,9,2,149350,39747,34226,109590,210227,1,0,0,0,0.196542
772030,9,1,168274,45943,39539,122331,242415,0,0,0,0,0.0697086
772031,9,2,175411,46337,40685,129062,240869,1,0,0,0,0.171662
772034,9,1,184514,50044,43942,134470,262244,0,0,0,0,0.063844
772039,9,2,168037,44592,38112,123433,232328,1,0,0,0,0.18599
772040,9,1,171449,46785,40284,124664,247637,0,0,0,0,0.06629
772041,9,2,174406,47030,41291,127364,248185,1,0,0,0,0.141847
772044,9,2,295073,81859,71825,213202,434848,1,0,0,0,0.171972
772049,9,2,170686,45696,39646,124978,240047,1,0,0,0,0.144182
772050,9,1,180951,50405,43639,130546,268381,0,0,0,0,0.0687336
772051,9,2,315924,88166,77058,227746,468883,1,0,0,0,0.170279
772054,9,2,177600,48586,42484,129001,256943,1,0,0,0,0.133407
772059,9,2,171470,46588,40284,124869,246062,1,0,0,0,0.143845
772060,9,2,177811,48374,42508,129425,255292,1,0,0,0,0.140812
772061,9,2,318480,89563,78158,228905,477005,1,0,0,0,0.177231
772064,9,2,176576,48463,42212,128100,256881,1,0,0,0,0.171447
772069,9,2,175004,47446,41083,127546,250309,1,0,0,0,0.172417
772090,9,1,172320,47631,41217,124689,253001,0,0,0,0,0.0668237
772091,9,2,172126,46272,40437,125842,243888,1,0,0,0,0.138708
772094,9,2,289519,79970,70045,209537,424294,1,0,0,0,0.193673
772099,9,2,169554,45517,39357,124025,239866,1,0,0,0,0.149667
772100,9,1,179878,49705,42916,130173,263858,0,0,0,0,0.089885
772101,9,2,312519,86849,75862,225658,461223,1,0,0,0,0.18136
772104,9,2,173113,47395,41404,125705,251274,1,0,0,0,0.141766
772109,9,2,169225,46248,40107,122964,245158,1,0,0,0,0.147265
772110,9,2,178335,48260,42411,130063,254350,1,0,0,0,0.146898
772111,9,2,318443,89440,78293,228991,476337,1,0,0,0,0.175664
772114,9,2,171038,46924,40700,124101,249186,1,0,0,0,0.132131
772119,9,2,168358,45614,39646,122732,240853,1,0,0,0,0.135717
772140,9,1,179156,49729,43109,129427,263937,0,0,0,0,0.0638057
772141,9,2,176560,47880,41499,128667,252860,1,0,0,0,0.134362
772144,9,2,170157,46146,40095,123998,244227,1,0,0,0,0.153413
772149,9,1,188920,52720,45847,136200,279515,0,0,0,0,0.0666626
772150,9,2,182257,48709,42945,133536,253920,1,0,0,0,0.145204
772151,9,2,180594,49408,42946,131173,261344,1,0,0,0,0.166718
772154,9,2,177625,48440,42186,129172,256536,1,0,0,0,0.155202
772159,9,2,170586,46454,40253,124120,245826,1,0,0,0,0.162651
772180,9,1,186457,50915,44536,135542,267225,0,0,0,0,0.0649236
772181,9,2,300111,83020,72796,217079,440279,1,0,0,0,0.170192
772184,9,2,295377,81697,71696,213668,433301,1,0,0,0,0.191069
772189,9,1,196551,54146,48275,142405,284787,0,0,0,0,0.102587
772230,9,2,170461,44909,38965,125540,233545,1,0,0,0,0.195786
772231,9,2,169316,44641,38453,124663,233629,1,0,0,0,0.144004
772232,9,2,161443,42668,36584,118762,224188,1,0,0,0,0.165814
772233,9,2,163641,43692,37478,119937,230145,1,0,0,0,0.192079
772234,9,2,169231,44970,38965,124249,236068,1,0,0,0,0.176044
772235,9,2,162862,43564,37689,119285,229933,1,0,0,0,0.172398
772236,9,2,165513,44150,37781,121351,232520,1,0,0,0,0.159142
772237,9,1,186920,52182,45526,134738,276606,0,0,0,0,0.0985408
772238,9,2,167480,44745,38299,122723,235557,1,0,0,0,0.180945
772239,9,1,197045,53994,47898,143051,283187,0,0,0,0,0.10557
772522,18,1,174705,46731,40462,127974,245689,0,0,0,0,0.088244
772525,18,1,182350,49883,43321,132467,264342,0,0,0,0,0.0571022
772528,18,1,171090,46255,39699,124835,244231,0,0,0,0,0.0649641
772532,18,1,174784,46752,40464,128032,245806,0,0,0,0,0.0616349
772535,18,1,182536,49869,43334,132667,264121,0,0,0,0,0.067742
772538,18,1,171005,46215,39711,124790,243972,0,0,0,0,0.0595178
772542,18,1,175603,47090,40523,128513,248723,0,0,0,0,0.09148
772545,18,1,207660,58037,50015,149623,307252,0,0,0,0,0.0686376
772548,18,1,205099,56831,49037,148268,300175,0,0,0,0,0.0747366
772552,18,1,177565,47683,41159,129882,251728,0,0,0,0,0.0726798
772555,18,1,194271,53683,47024,140588,285389,0,0,0,0,0.0735853
772558,18,1,199451,55580,48299,143871,296611,0,0,0,0,0.0798428
772562,18,1,173971,47519,41507,126452,252565,0,0,0,0,0.0648768
772565,18,1,190771,52680,46236,138091,280455,0,0,0,0,0.0676385
772568,18,1,192455,53794,47325,138661,287720,0,0,0,0,0.0687347
772570,18,1,179643,47694,41662,131949,250780,0,0,0,0,0.0837532
772571,18,1,185570,49759,43065,135811,262110,0,0,0,0,0.0619706
772572,18,1,171370,46084,39365,125286,243857,0,0,0,0,0.0658925
772573,18,1,153703,40213,34856,113490,209508,0,0,0,0,0.0592536
772574,18,1,189878,51237,44488,138641,269448,0,0,0,0,0.063515
772575,18,1,183396,49535,43228,133861,263281,0,0,0,0,0.0648239
772576,18,1,179633,47970,41603,131663,251985,0,0,0,0,0.0620692
772577,18,1,177489,47667,41250,129822,251087,0,0,0,0,0.0633894
772578,18,1,179703,48252,41683,131451,255942,0,0,0,0,0.0618777
772579,18,1,185234,49914,43123,135320,262824,0,0,0,0,0.0664485
772592,18,2,232205,64405,56750,167787,339622,1,0,0,0,0.150981
772595,18,2,178967,47670,41541,131284,248655,1,0,0,0,0.128207
772598,18,1,183069,49454,42311,133615,258529,0,0,0,0,0.0572447
772602,18,1,200167,54161,47403,146006,283403,0,0,0,0,0.064753
772605,18,2,192510,53209,46761,139288,282451,1,0,0,0,0.129694
772608,18,1,194996,53208,46069,141788,280409,0,0,0,0,0.0570071
772612,18,1,217920,60237,52317,157683,319461,0,0,0,0,0.0628099
772615,18,2,175387,47577,41822,127797,250629,1,0,0,0,0.125879
772618,18,1,204308,56625,49182,147683,299609,0,0,0,0,0.0605206
772622,18,2,185139,51037,44832,134089,270609,1,0,0,0,0.132748
772625,18,2,182352,49719,43751,132620,262636,1,0,0,0,0.165847
772628,18,2,186249,51219,44502,135018,271535,1,0,0,0,0.209723
772630,18,2,242962,68311,60363,174638,363925,1,0,0,0,0.174965
772631,18,1,212780,58324,50363,154456,308453,0,0,0,0,0.0621838
772632,18,2,182614,49990,43662,132611,264677,1,0,0,0,0.1468
772633,18,1,211117,57767,49804,153350,303288,0,0,0,0,0.0849922
772634,18,1,205737,57042,49298,148695,301978,0,0,0,0,0.0662858
772635,18,2,178572,48665,42497,129895,257274,1,0,0,0,0.158109
772636,18,2,341169,94788,82927,246368,502831,1,0,0,0,0.180239
772637,18,1,207709,57339,50191,150370,303821,0,0,0,0,0.0764444
772638,18,1,206977,56539,49407,150438,298522,0,0,0,0,0.0668871
772639,18,1,204739,56067,48693,148672,294742,0,0,0,0,0.0696657
772652,18,2,230084,63644,56012,166427,338163,1,0,0,0,0.18398
772655,18,2,187117,51973,45634,135131,276619,1,0,0,0,0.158567
772658,18,1,199594,54947,47544,144647,290252,0,0,0,0,0.0619526
772662,18,1,214109,58891,50939,155218,311865,0,0,0,0,0.0684392
772665,18,2,169666,46329,40651,123324,245422,1,0,0,0,0.134748
772668,18,1,206529,57334,49905,149195,303767,0,0,0,0,0.0685521
772672,18,2,182134,49885,43675,132236,264210,1,0,0,0,0.137406
772675,18,2,178980,48957,43085,130010,259528,1,0,0,0,0.132159
772678,18,2,182704,50177,43835,132515,266303,1,0,0,0,0.139714
772680,18,1,203949,55163,48289,148786,288674,0,0,0,0,0.077096
772681,18,1,214633,59521,51616,155112,316116,0,0,0,0,0.0612434
772682,18,2,179571,49176,43028,130382,260394,1,0,0,0,0.131566
772684,18,1,202797,56376,48654,146421,299141,0,0,0,0,0.0597516
772685,18,2,175405,48043,41873,127350,254978,1,0,0,0,0.127002
772686,18,2,333975,93082,81262,240880,494898,1,0,0,0,0.167775
772687,18,1,204772,56846,49832,147926,301788,0,0,0,0,0.06193
772688,18,1,208490,57528,50080,150962,304679,0,0,0,0,0.0600096
772689,18,1,208779,57088,49731,151691,299869,0,0,0,0,0.0619197
772693,18,1,212450,58385,50384,154065,307046,0,0,0,0,0.0608603
772702,18,1,220198,61531,53524,158667,326848,0,0,0,0,0.0637689
772705,18,1,216364,60531,52495,155833,322052,0,0,0,0,0.0863942
772708,18,1,195662,53833,46698,141829,284480,0,0,0,0,0.0662138
772712,18,2,179765,48906,42755,130847,258397,1,0,0,0,0.178354
772715,18,2,180164,49300,43260,130852,261243,1,0,0,0,0.163359
772718,18,2,184650,50833,44243,133805,270092,1,0,0,0,0.161872
772720,18,2,236922,66131,58922,170778,349069,1,0,0,0,0.199529
772721,18,2,181857,49781,43672,132063,263575,1,0,0,0,0.138979
772722,18,2,175033,47047,40580,127973,248016,1,0,0,0,0.136653
772724,18,2,177061,48398,42492,128650,256511,1,0,0,0,0.134881
772725,18,2,173686,46683,40522,126990,246469,1,0,0,0,0.138851
772728,18,1,206270,57016,49163,149254,301386,0,0,0,0,0.0690191
772729,18,1,206905,56712,48901,150193,298494,0,0,0,0,0.0639473
772733,18,2,335574,93151,81021,242410,493619,1,0,0,0,0.216914
772736,18,2,332751,92632,80545,240106,492107,1,0,0,0,0.201192
772737,18,1,194750,53139,46524,141611,280680,0,0,0,0,0.0652474
772742,18,1,206275,56838,50109,149437,301148,0,0,0,0,0.06713
772745,18,1,204412,56407,49797,148005,299049,0,0,0,0,0.0700085
772748,18,1,198564,54320,47713,144244,287506,0,0,0,0,0.0658362
772750,18,2,185443,50462,44194,134968,264842,1,0,0,0,0.14818
772751,18,2,197513,54734,48121,142766,290500,1,0,0,0,0.15668
772754,18,2,192826,53428,46892,139385,284057,1,0,0,0,0.167146
772759,18,1,218225,60158,52808,158067,316908,0,0,0,0,0.0790049
772762,18,2,181188,49418,42795,131758,261371,1,0,0,0,0.133805
772763,18,1,210407,57932,50728,152475,306519,0,0,0,0,0.0621358
772765,18,2,179546,48957,42523,130577,259303,1,0,0,0,0.135834
772766,18,1,211025,58425,50989,152600,309643,0,0,0,0,0.063616
772767,18,2,174726,47721,41534,126993,253102,1,0,0,0,0.170463
772768,18,1,205295,56706,48885,148589,299963,0,0,0,0,0.0660949
772780,18,1,189355,51354,44209,138001,268781,0,0,0,0,0.0611422
772781,18,1,198964,54195,46543,144769,285629,0,0,0,0,0.0634901
772782,18,1,207733,57796,50229,149937,306300,0,0,0,0,0.0660568
772783,18,1,211754,58533,50988,153221,308317,0,0,0,0,0.0784785
772784,18,1,201040,55057,47823,145983,290313,0,0,0,0,0.0684358
772785,18,1,206773,57232,49832,149541,302690,0,0,0,0,0.0625778
772786,18,1,215596,59285,51807,156311,311410,0,0,0,0,0.0640037
772787,18,1,194197,53536,46090,140661,283097,0,0,0,0,0.0660739
772788,18,1,214553,59181,51176,155372,311955,0,0,0,0,0.066568
772789,18,1,223334,61899,54745,161435,326094,0,0,0,0,0.0877549
774240,18,1,207466,56507,49481,150959,297598,0,0,0,0,0.0875807
774241,18,1,201395,55052,47699,146343,289204,0,0,0,0,0.0676327
774244,18,1,201130,54533,47737,146597,286219,0,0,0,0,0.0539519
774249,18,1,193151,52223,45398,140928,273773,0,0,0,0,0.0532747
774262,36,1,199068,55260,48176,143808,294927,0,0,0,0,0.058311
774265,36,1,208456,57836,51080,150620,308633,0,0,0,0,0.083451
774268,36,1,207682,58183,50637,149499,311700,0,0,0,0,0.05931
774300,18,2,278331,78085,69131,200233,418366,1,0,0,0,0.146896
774301,18,1,204656,56136,48900,148520,298011,0,0,0,0,0.0638209
774304,18,1,210384,58370,50919,152014,311590,0,0,0,0,0.0655477
774309,18,1,194583,53310,46599,141273,282656,0,0,0,0,0.0590129
774322,36,1,215162,59428,51459,155734,315673,0,0,0,0,0.0704228
774325,36,1,223344,62107,54494,161237,331672,0,0,0,0,0.0709492
774328,36,1,216010,59985,52471,156025,320139,0,0,0,0,0.0957239
774350,18,2,246092,68648,61065,177431,367132,1,0,0,0,0.15344
774351,18,1,205841,56616,49547,149225,300686,0,0,0,0,0.0606227
774354,18,1,210046,57951,50720,152095,308998,0,0,0,0,0.073506
774359,18,1,197025,53810,47116,143215,284992,0,0,0,0,0.0537229
774372,36,1,210981,58385,50525,152596,310901,0,0,0,0,0.0554227
774375,36,1,226241,62509,55014,163732,332961,0,0,0,0,0.0560248
774378,36,1,217534,60190,52994,157344,320869,0,0,0,0,0.059653
774390,18,2,255102,70665,62927,184424,374209,1,0,0,0,0.130678
774391,18,2,193797,52769,46649,141015,280375,1,0,0,0,0.111993
774394,18,2,190019,51653,45544,138353,274577,1,0,0,0,0.115281
774399,18,1,204105,56087,48952,148018,296945,0,0,0,0,0.058038
774412,36,1,225959,63056,55282,162903,336810,0,0,0,0,0.0601185
774415,36,1,227170,62886,55331,164284,335079,0,0,0,0,0.0568286
774418,36,1,214067,59401,52352,154666,317262,0,0,0,0,0.0602269
774420,18,1,189231,51471,44901,137760,271416,0,0,0,0,0.0546293
774421,18,1,195794,53466,46966,142328,283662,0,0,0,0,0.0563461
774424,18,1,193509,52567,45987,140942,278881,0,0,0,0,0.0544272
774429,18,1,206515,56280,49707,150235,297696,0,0,0,0,0.0707041
774442,36,1,219668,61117,53868,158551,326263,0,0,0,0,0.0599739
774445,36,1,220539,61323,53934,159216,327945,0,0,0,0,0.0650622
774448,36,1,215446,59966,52512,155480,321438,0,0,0,0,0.0641986
774470,18,1,183547,49880,43367,133667,262954,0,0,0,0,0.0537709
774471,18,1,187659,50969,44789,136690,270003,0,0,0,0,0.0535068
774472,18,1,188627,50932,44684,137695,269477,0,0,0,0,0.0535197
774473,18,1,202106,55867,48786,146239,296246,0,0,0,0,0.0567874
774474,18,1,189026,51127,44956,137899,270611,0,0,0,0,0.0535315
774475,18,1,185800,50036,43734,135764,264578,0,0,0,0,0.0531022
774476,18,1,206735,56999,49978,149736,301872,0,0,0,0,0.0579977
774477,18,1,175226,47482,41559,127744,253120,0,0,0,0,0.0538066
774478,18,1,212532,59011,51797,153521,312884,0,0,0,0,0.0605771
774479,18,1,209186,57423,51100,151763,303612,0,0,0,0,0.0738033
774750,18,1,199509,54037,47514,145472,282283,0,0,0,0,0.0627405
774751,18,1,192464,51962,45879,140502,274172,0,0,0,0,0.0573188
774752,18,1,199679,55075,48045,144604,293110,0,0,0,0,0.0603584
774753,18,1,198074,54714,47879,143360,290191,0,0,0,0,0.0592817
774754,18,1,191797,51642,45538,140155,272836,0,0,0,0,0.0551358
774755,18,1,200431,55193,48493,145238,294244,0,0,0,0,0.0595488
774756,18,1,203232,55992,49142,147240,296412,0,0,0,0,0.0597846
774757,18,1,206937,58491,50981,148446,314163,0,0,0,0,0.0659952
774758,18,1,204832,57178,50183,147654,304863,0,0,0,0,0.0636882
774759,18,1,209133,57691,51419,151442,306379,0,0,0,0,0.0812988
774820,36,1,209916,58726,51867,151190,312681,0,0,0,0,0.0698041
774821,36,1,214147,60009,51997,154138,320044,0,0,0,0,0.0655265
774822,36,1,202919,57344,49758,145575,307648,0,0,0,0,0.0840339
774823,36,1,190072,52297,45436,137775,277954,0,0,0,0,0.055646
774824,36,1,209386,58254,50631,151132,310316,0,0,0,0,0.0724778
774825,36,1,210136,58721,51109,151415,314856,0,0,0,0,0.073834
774826,36,1,206213,57180,49763,149033,305343,0,0,0,0,0.101176
774827,36,1,209875,58831,51187,151044,314629,0,0,0,0,0.0695201
774828,36,1,200959,55654,48083,145305,297598,0,0,0,0,0.0716151
774829,36,1,206383,57455,49765,148928,306139,0,0,0,0,0.0895587
774880,36,1,209024,56974,49516,152050,301158,0,0,0,0,0.074996
774881,36,1,221898,61736,53445,160162,329594,0,0,0,0,0.0580528
774882,36,1,208851,57990,50140,150861,309870,0,0,0,0,0.0558134
774883,36,1,227671,63386,54803,164285,338096,0,0,0,0,0.0629611
774884,36,1,201732,55654,48419,146078,297063,0,0,0,0,0.0557582
774885,36,1,224503,62675,54471,161828,335084,0,0,0,0,0.0673724
774886,36,1,218485,60340,52951,158145,321032,0,0,0,0,0.0583059
774887,36,1,202586,55884,49338,146702,298186,0,0,0,0,0.0598874
774888,36,1,205171,56623,48758,148548,302069,0,0,0,0,0.0558839
774889,36,1,203367,56428,48492,146939,300362,0,0,0,0,0.0593784
774930,36,1,202877,55305,48419,147572,292281,0,0,0,0,0.0541397
774931,36,1,220740,61291,53544,159449,326874,0,0,0,0,0.0578822
774932,36,1,208801,58168,50428,150633,311245,0,0,0,0,0.0568723
774933,36,1,225666,62734,54424,162932,334155,0,0,0,0,0.0644662
774934,36,1,203660,56405,48881,147255,301404,0,0,0,0,0.0573276
774935,36,2,284760,79460,69927,205287,427307,1,0,0,0,0.134048
774936,36,1,222631,61644,54030,160987,328384,0,0,0,0,0.0601552
774937,36,1,203000,56149,49518,146851,300272,0,0,0,0,0.0628825
774938,36,1,206454,56989,49175,149465,304331,0,0,0,0,0.0570418
774939,36,1,208931,58027,49978,150904,308762,0,0,0,0,0.0567077
774970,36,1,206043,56412,49416,149631,297276,0,0,0,0,0.0590555
774971,36,2,193176,52571,46333,140592,279168,1,0,0,0,0.112245
774972,36,1,216563,60136,52233,156427,321373,0,0,0,0,0.057805
774973,36,1,222003,61157,53182,160846,324632,0,0,0,0,0.0706167
774974,36,2,187816,50922,44794,136881,270632,1,0,0,0,0.153836
774975,36,1,220037,60802,53002,159235,324285,0,0,0,0,0.076646
774976,36,1,223025,61467,53555,161558,327011,0,0,0,0,0.0854546
774977,36,1,201749,56088,49031,145661,300314,0,0,0,0,0.111199
774978,36,1,207066,57713,49482,149353,307707,0,0,0,0,0.11957
774979,36,1,216122,60836,52227,155286,325248,0,0,0,0,0.0933449
775000,36,1,210371,57801,50675,152570,304689,0,0,0,0,0.101368
775001,36,1,210662,58230,51057,152432,309365,0,0,0,0,0.0955665
775002,36,1,222458,62023,54224,160435,330943,0,0,0,0,0.1161
775003,36,1,212157,58298,50783,153859,309608,0,0,0,0,0.0941159
775004,36,1,211210,58116,50908,153094,308031,0,0,0,0,0.0627923
775005,36,1,225633,62854,55002,162779,335283,0,0,0,0,0.0612189
775006,36,1,208767,57305,49700,151462,304889,0,0,0,0,0.0627266
775007,36,1,215070,60012,52080,155058,320575,0,0,0,0,0.0659551
775008,36,1,205162,56316,48505,148846,298390,0,0,0,0,0.0615001
775009,36,1,220099,61214,53697,158885,325793,0,0,0,0,0.0803595
775020,36,1,191983,52775,46007,139208,278824,0,0,0,0,0.0581744
775021,36,1,195429,53548,46782,141881,284328,0,0,0,0,0.0561394
775022,36,2,187601,50278,43853,137310,266180,1,0,0,0,0.127133
775023,36,1,195085,53281,46366,141804,281635,0,0,0,0,0.0611809
775024,36,1,199008,54264,47373,144744,288080,0,0,0,0,0.0772077
775025,36,2,184008,49143,42808,134852,260388,1,0,0,0,0.168621
775026,36,1,200108,54616,47547,145492,288510,0,0,0,0,0.0708787
775027,36,1,200703,56744,48481,143959,305106,0,0,0,0,0.0660313
775028,36,1,201865,55498,47970,146367,293858,0,0,0,0,0.0599536
775029,36,1,218454,61199,53558,157255,326468,0,0,0,0,0.0772269
776480,18,1,206892,56327,49395,150565,296490,0,0,0,0,0.0683609
776481,18,1,201149,55025,47680,146124,289156,0,0,0,0,0.0564118
776484,18,1,200890,54524,47705,146366,286290,0,0,0,0,0.0689585
776489,18,1,193624,52330,45424,141294,274360,0,0,0,0,0.075198
776502,36,1,199178,55453,48341,143725,296275,0,0,0,0,0.0627225
776505,36,1,208780,57988,51145,150792,309511,0,0,0,0,0.0556784
776508,36,1,207667,58374,50790,149293,313021,0,0,0,0,0.0552578
776540,18,2,279882,78555,69560,201314,421068,1,0,0,0,0.136729
776541,18,1,204964,56338,49070,148626,299289,0,0,0,0,0.0603455
776544,18,1,210705,58463,50958,152242,312032,0,0,0,0,0.063982
776549,18,1,195930,53768,46931,142162,285269,0,0,0,0,0.0573552
776562,36,1,215593,59557,51605,156036,316324,0,0,0,0,0.0652035
776565,36,1,222957,62040,54513,160917,331370,0,0,0,0,0.060321
776568,36,1,216063,60034,52476,156029,320459,0,0,0,0,0.0610896
776590,18,2,247836,69174,61535,178649,370141,1,0,0,0,0.128336
776591,18,1,206384,56801,49735,149583,301601,0,0,0,0,0.0621678
776594,18,1,210232,57984,50776,152248,309151,0,0,0,0,0.0867152
776599,18,1,198738,54419,47539,144319,288513,0,0,0,0,0.0558159
776612,36,1,211497,58492,50651,153005,311375,0,0,0,0,0.0551163
776615,36,1,226395,62604,55139,163791,333574,0,0,0,0,0.0564362
776618,36,1,217769,60291,53113,157478,321451,0,0,0,0,0.0585687
776630,18,2,256363,71014,63125,185336,376278,1,0,0,0,0.13367
776631,18,2,194872,53127,47023,141732,282416,1,0,0,0,0.116096
776634,18,2,190682,51910,45801,138759,276167,1,0,0,0,0.113234
776639,18,1,205424,56543,49318,148881,299427,0,0,0,0,0.0569122
776652,36,1,226275,63218,55440,163057,337656,0,0,0,0,0.0571717
776655,36,1,227457,63013,55451,164444,335787,0,0,0,0,0.0584683
776658,36,1,214532,59656,52606,154876,318760,0,0,0,0,0.0611313
776660,18,1,189886,51813,45174,138073,273495,0,0,0,0,0.0564249
776661,18,1,195865,53560,47022,142305,284163,0,0,0,0,0.0553475
776664,18,1,194066,52822,46193,141244,280446,0,0,0,0,0.0549929
776669,18,1,207544,56683,50061,150861,300033,0,0,0,0,0.108448
776682,36,1,220886,61545,54207,159341,328730,0,0,0,0,0.0653108
776685,36,1,221383,61580,54206,159803,329312,0,0,0,0,0.0689944
776688,36,1,216359,60266,52836,156093,323038,0,0,0,0,0.0761683
776710,18,1,184355,50077,43589,134278,263949,0,0,0,0,0.0617787
776711,18,1,188122,51008,44882,137114,270052,0,0,0,0,0.0670765
776712,18,1,188829,50943,44710,137886,269402,0,0,0,0,0.0586749
776713,18,1,202254,55850,48810,146404,296054,0,0,0,0,0.0614378
776714,18,1,189269,51170,45046,138099,270793,0,0,0,0,0.0595276
776715,18,1,185855,50084,43855,135771,264831,0,0,0,0,0.0588929
776716,18,1,207042,57013,50037,150029,301884,0,0,0,0,0.0639121
776717,18,1,175015,47473,41563,127542,253096,0,0,0,0,0.0669728
776718,18,1,213019,59048,51855,153971,312910,0,0,0,0,0.0914824
776719,18,1,209345,57388,51195,151957,303265,0,0,0,0,0.0976071
776990,18,1,199940,54004,47452,145936,281755,0,0,0,0,0.0715198
776991,18,1,192668,51907,45835,140761,273638,0,0,0,0,0.0658553
776992,18,1,199035,54813,47897,144222,291532,0,0,0,0,0.0683979
776993,18,1,197834,54651,47873,143183,289840,0,0,0,0,0.0702373
776994,18,1,191941,51648,45529,140293,272802,0,0,0,0,0.0815778
776995,18,1,200170,55120,48491,145050,293827,0,0,0,0,0.0913348
776996,18,1,203555,56098,49341,147457,296948,0,0,0,0,0.0753998
776997,18,1,206556,58349,50910,148207,313328,0,0,0,0,0.0722433
776998,18,1,204735,57180,50235,147555,304892,0,0,0,0,0.092094
776999,18,1,208897,57642,51383,151255,306098,0,0,0,0,0.0870823
777120,36,1,209294,57052,49705,152242,301598,0,0,0,0,0.0742431
777121,36,1,222243,61935,53595,160308,330837,0,0,0,0,0.0847566
777122,36,1,208654,57963,50175,150691,309698,0,0,0,0,0.064625
777123,36,1,228183,63571,55071,164612,339008,0,0,0,0,0.0693456
777124,36,1,201799,55680,48405,146119,297171,0,0,0,0,0.0562166
777125,36,1,224654,62769,54481,161885,335692,0,0,0,0,0.0611807
777126,36,1,219325,60564,53131,158761,322236,0,0,0,0,0.0645061
777127,36,1,201966,55715,49196,146251,297268,0,0,0,0,0.0612177
777128,36,1,205401,56753,48851,148648,302745,0,0,0,0,0.0605406
777129,36,1,203944,56759,48805,147185,302354,0,0,0,0,0.0596501
777170,36,1,203043,55328,48590,147715,292315,0,0,0,0,0.060734
777171,36,1,221297,61516,53687,159781,328197,0,0,0,0,0.0607511
777172,36,1,208817,58136,50512,150681,310924,0,0,0,0,0.0583458
777173,36,1,226113,62920,54631,163193,335201,0,0,0,0,0.0647188
777174,36,1,204003,56485,48932,147518,301779,0,0,0,0,0.0570336
777175,36,2,310866,86678,76193,224175,465286,1,0,0,0,0.140114
777176,36,1,222971,61769,54122,161202,329073,0,0,0,0,0.0596383
777177,36,1,202733,56078,49425,146655,299880,0,0,0,0,0.0768584
777178,36,1,206928,57163,49362,149765,305128,0,0,0,0,0.0719765
777179,36,1,209122,58285,50106,150837,310411,0,0,0,0,0.0624079
777210,36,1,207306,56716,49640,150590,298638,0,0,0,0,0.0623216
777211,36,2,193892,52764,46502,141115,280308,1,0,0,0,0.145983
777212,36,1,217404,60409,52368,156995,322831,0,0,0,0,0.0784712
777213,36,1,222508,61389,53348,161119,326013,0,0,0,0,0.060163
777214,36,2,188221,51104,44937,137104,271790,1,0,0,0,0.119344
777215,36,1,220616,61032,53202,159584,325527,0,0,0,0,0.0584454
777216,36,1,223637,61700,53758,161937,328323,0,0,0,0,0.0609916
777217,36,1,201972,56136,49084,145836,300486,0,0,0,0,0.0598772
777218,36,1,207350,57768,49573,149582,307783,0,0,0,0,0.0640286
777219,36,1,216757,61264,52482,155493,327941,0,0,0,0,0.071849
777240,36,1,211285,58068,50925,153217,306081,0,0,0,0,0.0840135
777241,36,1,210629,58278,51098,152351,309624,0,0,0,0,0.0781786
777242,36,1,222941,62133,54354,160808,331477,0,0,0,0,0.0659919
777243,36,1,214016,59023,51232,154993,313756,0,0,0,0,0.0859708
777244,36,1,211470,58263,50989,153207,308912,0,0,0,0,0.0848966
777245,36,1,225862,62915,55099,162947,335543,0,0,0,0,0.0818967
777246,36,1,210790,58066,50308,152724,309130,0,0,0,0,0.067882
777247,36,1,214794,59928,52063,154866,320236,0,0,0,0,0.0661653
777248,36,1,206651,56886,48976,149765,301647,0,0,0,0,0.084881
777249,36,1,220038,61375,53775,158663,326890,0,0,0,0,0.0960425
777260,36,1,192943,52981,46209,139962,279779,0,0,0,0,0.0583991
777261,36,1,196249,53731,46971,142518,285132,0,0,0,0,0.0553812
777262,36,2,187446,50190,43776,137243,265716,1,0,0,0,0.130161
777263,36,1,194703,53299,46409,141404,281936,0,0,0,0,0.0820447
777264,36,1,199965,54544,47681,145421,289557,0,0,0,0,0.0570616
777265,36,2,183326,48897,42647,134416,258998,1,0,0,0,0.156692
777266,36,1,199745,54640,47566,145105,288913,0,0,0,0,0.0679341
777267,36,1,200141,56579,48367,143562,304213,0,0,0,0,0.0627719
777268,36,1,202260,55632,48137,146628,294569,0,0,0,0,0.0630298
777269,36,1,217793,61087,53479,156706,325846,0,0,0,0,0.0836453
778440,18,2,209878,57969,51428,151897,309216,1,0,0,0,0.165309
778441,18,2,327752,92782,81288,234957,498243,1,0,0,0,0.158964
778444,18,1,204462,57065,50021,147397,304514,0,0,0,0,0.0646906
778449,18,1,200683,55370,48638,145313,294051,0,0,0,0,0.0735543
778462,36,1,211866,58609,50792,153257,312531,0,0,0,0,0.0570441
778465,36,1,224813,62720,54671,162093,335262,0,0,0,0,0.0603954
778468,36,1,226018,62253,54854,163765,330579,0,0,0,0,0.0617499
778500,18,2,211200,58442,51846,152746,311906,1,0,0,0,0.171789
778501,18,2,301211,85276,74792,215922,458566,1,0,0,0,0.172563
778504,18,1,205081,57281,50285,147800,305687,0,0,0,0,0.0652025
778509,18,1,202773,56176,49326,146597,298798,0,0,0,0,0.0808523
778522,36,1,212553,58839,50978,153714,313838,0,0,0,0,0.0602882
778525,36,1,226091,63149,55002,162942,337580,0,0,0,0,0.0632105
778528,36,1,226623,62517,55073,164106,332082,0,0,0,0,0.062802
778550,18,1,195016,53001,46109,142015,279006,0,0,0,0,0.0573054
778551,18,2,314797,86408,75176,228376,463327,1,0,0,0,0.158802
778554,18,1,206584,58465,51485,148119,314659,0,0,0,0,0.0616089
778559,18,1,206609,58470,51441,148139,314625,0,0,0,0,0.0611692
778572,36,1,186392,51190,44553,135202,274077,0,0,0,0,0.0570266
778575,36,1,227912,64454,56545,163458,347133,0,0,0,0,0.0609081
778578,36,1,227890,64756,56987,163134,349160,0,0,0,0,0.0849163
778590,18,1,198786,54509,47424,144277,287373,0,0,0,0,0.0898644
778591,18,2,317592,87773,76732,229806,471542,1,0,0,0,0.197375
778594,18,2,342956,97463,85909,245481,524972,1,0,0,0,0.183346
778599,18,2,344151,97607,86045,246532,525792,1,0,0,0,0.204786
778612,36,1,198233,54994,47594,143239,295561,0,0,0,0,0.0613431
778615,36,1,234470,66760,58420,167710,359856,0,0,0,0,0.068395
778618,36,1,235556,67012,58585,168544,361200,0,0,0,0,0.0864461
778620,18,1,176945,47978,41833,128967,254314,0,0,0,0,0.0773833
778621,18,1,191459,51759,45023,139700,273258,0,0,0,0,0.069055
778624,18,2,206306,57483,50891,148811,308411,1,0,0,0,0.12261
778629,18,2,209790,58089,51346,151689,311304,1,0,0,0,0.144074
778642,36,1,196117,53383,46911,142734,284290,0,0,0,0,0.0576957
778645,36,1,229007,64190,56337,164817,344257,0,0,0,0,0.0653318
778648,36,1,230715,64703,57043,166012,346806,0,0,0,0,0.0612733
778670,18,1,168362,44868,39084,123494,237159,0,0,0,0,0.0516845
778671,18,1,192368,52393,45942,139975,276610,0,0,0,0,0.0573396
778672,18,2,198061,54146,47579,143902,290071,1,0,0,0,0.141388
778673,18,1,171944,46047,40272,125897,243936,0,0,0,0,0.0576766
778674,18,1,200932,55577,49178,145355,296254,0,0,0,0,0.0559427
778675,18,1,220441,61587,53925,158854,326805,0,0,0,0,0.0601676
778676,18,1,207546,58351,51409,149195,313293,0,0,0,0,0.0590506
778677,18,1,211317,59746,52402,151571,321269,0,0,0,0,0.0625013
778678,18,1,221427,61559,53964,159868,326042,0,0,0,0,0.0638587
778679,18,1,200368,55682,49247,144686,297186,0,0,0,0,0.0573658
778950,18,1,175592,47592,41092,128000,251148,0,0,0,0,0.0617308
778951,18,1,192203,52685,45815,139518,278909,0,0,0,0,0.0612069
778952,18,1,174869,47683,41583,127186,254985,0,0,0,0,0.0604844
778953,18,1,184658,50048,43738,134610,264800,0,0,0,0,0.0632031
778954,18,1,196425,54672,47751,141753,291943,0,0,0,0,0.0579911
778955,18,1,232543,65592,57297,166951,348434,0,0,0,0,0.0645583
778956,18,1,209586,59673,52136,149913,321511,0,0,0,0,0.0629785
778957,18,1,210976,59724,52289,151252,321353,0,0,0,0,0.0619333
778958,18,1,232253,64963,56797,167290,344109,0,0,0,0,0.0663508
778959,18,1,196431,54824,47844,141607,292905,0,0,0,0,0.0619949
779130,36,1,194369,53217,45923,141152,282295,0,0,0,0,0.0715966
779131,36,1,190416,52732,45172,137684,283152,0,0,0,0,0.0654817
779132,36,1,189695,52285,45055,137410,280430,0,0,0,0,0.0802292
779133,36,1,184056,49968,43336,134088,265566,0,0,0,0,0.0572954
779134,36,1,209115,59081,51500,150034,318460,0,0,0,0,0.0572785
779135,36,1,225704,63769,55145,161935,343366,0,0,0,0,0.0605332
779136,36,1,218971,61552,54229,157419,331243,0,0,0,0,0.0611373
779137,36,1,219594,62047,54476,157547,334417,0,0,0,0,0.0620418
779138,36,1,225305,63715,55063,161590,342996,0,0,0,0,0.0605114
779139,36,1,209231,59244,51473,149987,319550,0,0,0,0,0.0565626
779170,36,1,186128,50539,43907,135589,267800,0,0,0,0,0.0565081
779171,36,1,182391,50211,43424,132180,268462,0,0,0,0,0.0591752
779172,36,1,199725,55825,48070,143900,300647,0,0,0,0,0.0601494
779173,36,1,192248,52952,45875,139296,283230,0,0,0,0,0.0575269
779174,36,1,214520,60548,52398,153972,324314,0,0,0,0,0.0596426
779175,36,1,220461,62408,54710,158053,335326,0,0,0,0,0.060733
779176,36,1,215766,60293,52896,155473,323012,0,0,0,0,0.0611638
779177,36,1,214935,60096,52555,154839,322216,0,0,0,0,0.0594818
779178,36,1,218075,61515,53786,156560,330374,0,0,0,0,0.0619663
779179,36,1,215077,60743,52584,154334,325552,0,0,0,0,0.0599505
779200,36,1,189833,52061,44913,137772,277622,0,0,0,0,0.0577249
779201,36,1,194673,53469,45791,141204,284017,0,0,0,0,0.0575495
779202,36,1,196171,54151,47194,142020,290688,0,0,0,0,0.0640084
779203,36,1,192596,53284,46159,139312,286577,0,0,0,0,0.0569374
779204,36,1,209801,58099,50548,151702,309640,0,0,0,0,0.0597596
779205,36,1,225634,63120,55055,162514,337723,0,0,0,0,0.0607506
779206,36,1,243945,69571,59983,174374,374021,0,0,0,0,0.0660969
779207,36,1,245281,69435,60272,175846,372491,0,0,0,0,0.0682525
779208,36,1,228473,64255,55803,164218,344623,0,0,0,0,0.0625754
779209,36,1,208309,57651,50294,150658,307234,0,0,0,0,0.0579245
779220,36,1,175825,48131,41585,127694,255805,0,0,0,0,0.0554776
779221,36,1,192254,52979,45731,139275,281316,0,0,0,0,0.0620629
779222,36,1,173555,47433,40858,126122,253872,0,0,0,0,0.0642374
779223,36,1,179321,49355,43033,129966,263971,0,0,0,0,0.0547298
779224,36,1,206376,57715,49995,148661,308451,0,0,0,0,0.0581082
779225,36,1,229584,65037,56315,164547,347345,0,0,0,0,0.0635229
779226,36,1,214696,61219,53363,153477,329946,0,0,0,0,0.0610993
779227,36,1,217350,61432,53554,155918,330285,0,0,0,0,0.0612477
779228,36,1,231007,65362,56698,165645,349205,0,0,0,0,0.0632005
779229,36,1,208073,58926,50960,149147,315828,0,0,0,0,0.060261
