708400,3,1,163979,43606,38647,120373,228068,0,0,0,0,0.166901
708401,9,1,156877,42278,37096,114599,221612,0,0,0,0,0.101757
708404,9,1,178779,48513,43246,130266,254227,0,0,0,0,0.0786962
708409,9,1,173923,47911,41939,126012,252919,0,0,0,0,0.0817775
708410,3,1,164227,44842,39581,119385,236142,0,0,0,0,0.0839883
708411,9,1,163838,44610,38789,119228,234847,0,0,0,0,0.0650569
708414,9,1,187159,50812,44156,136347,266453,0,0,0,0,0.0696112
708419,9,1,163997,44936,39165,119061,236963,0,0,0,0,0.0698306
708420,3,1,163967,44757,39522,119210,235641,0,0,0,0,0.0885024
708421,9,1,163707,44576,38756,119131,234658,0,0,0,0,0.0651353
708424,9,1,187034,50765,44141,136269,266177,0,0,0,0,0.0580222
708429,9,1,164925,45194,39364,119731,238313,0,0,0,0,0.0590282
708430,3,1,163972,44757,39519,119215,235640,0,0,0,0,0.0855773
708431,9,1,176181,48907,42610,127274,258110,0,0,0,0,0.060771
708434,9,1,194913,53683,47166,141230,281266,0,0,0,0,0.0599785
708439,9,1,155465,42443,36997,113022,224080,0,0,0,0,0.0590947
708440,9,1,140156,38120,33235,102036,201559,0,0,0,0,0.0574653
708441,9,1,160631,43820,38599,116811,231578,0,0,0,0,0.0560093
708442,18,1,166126,45755,39790,120371,241809,0,0,0,0,0.061264
708444,9,1,185340,50691,44824,134649,266272,0,0,0,0,0.0759835
708445,18,1,178313,48618,42286,129695,255368,0,0,0,0,0.0813255
708448,18,1,181467,48879,42510,132588,256012,0,0,0,0,0.0716252
708449,9,1,168314,46130,40639,122184,243339,0,0,0,0,0.0851005
708470,3,1,173318,46721,41091,126597,243588,0,0,0,0,0.0864664
708471,9,1,172830,46582,40666,126248,242863,0,0,0,0,0.0784712
708474,9,1,188581,50656,44336,137925,263010,0,0,0,0,0.067807
708479,9,1,166653,44302,38862,122351,229825,0,0,0,0,0.0772034
708480,3,1,173236,46667,41041,126569,243220,0,0,0,0,0.0978699
708481,9,1,172711,46531,40648,126180,242533,0,0,0,0,0.0866693
708484,9,1,188622,50645,44350,137977,262887,0,0,0,0,0.0579675
708489,9,1,166559,44272,38855,122287,229654,0,0,0,0,0.0539077
708490,3,1,173263,46669,41037,126594,243223,0,0,0,0,0.10037
708491,9,2,163510,42945,36513,120554,221937,1,0,0,0,0.165591
708494,9,2,171975,45765,39624,126199,237129,1,0,0,0,0.122137
708499,9,1,160992,42930,37477,118062,223539,0,0,0,0,0.0529167
708500,9,1,153373,41316,36426,112057,215991,0,0,0,0,0.0523053
708501,9,2,283374,78059,67763,205302,410049,1,0,0,0,0.18253
708502,18,2,286496,79658,69498,206825,419009,1,0,0,0,0.176301
708504,9,2,211830,57973,50308,153844,303149,1,0,0,0,0.131867
708505,18,2,294156,81674,71469,212469,428945,1,0,0,0,0.148623
708508,18,1,193368,51972,45325,141396,269714,0,0,0,0,0.059792
708509,9,1,175836,47855,41960,127981,250176,0,0,0,0,0.0887339
708530,3,1,165950,44180,39087,121770,229415,0,0,0,0,0.0971682
708531,9,1,144267,38405,33615,105862,200288,0,0,0,0,0.0514139
708534,9,2,198366,53616,47161,144738,278639,1,0,0,0,0.131279
708539,9,2,194045,52135,45492,141897,270209,1,0,0,0,0.125886
708540,3,1,165903,44169,39080,121734,229348,0,0,0,0,0.0757885
708541,9,1,154463,40985,36104,113478,212754,0,0,0,0,0.0483764
708544,9,2,202566,55025,47738,147528,287394,1,0,0,0,0.141047
708549,9,2,195801,52350,45364,143438,271728,1,0,0,0,0.135744
708550,9,1,148533,39260,34278,109273,203504,0,0,0,0,0.0626854
708551,9,1,179580,47611,41579,131969,244836,0,0,0,0,0.0829888
708554,9,2,205655,55682,47858,149960,290062,1,0,0,0,0.171669
708555,18,2,173327,46451,40063,126863,241231,1,0,0,0,0.120864
708558,18,2,210843,57727,50005,153103,302011,1,0,0,0,0.125311
708559,9,2,207678,56977,49215,150688,297885,1,0,0,0,0.135746
708562,18,1,167393,45047,39913,122346,235207,0,0,0,0,0.0515578
708580,3,1,165992,44208,39110,121784,229589,0,0,0,0,0.08687
708581,9,2,178478,47564,40796,130901,246347,1,0,0,0,0.160781
708584,9,2,181538,48390,41551,133136,250380,1,0,0,0,0.129236
708589,9,1,148041,38880,33910,109161,201245,0,0,0,0,0.0674892
708590,9,1,148634,39308,34326,109326,203794,0,0,0,0,0.0771065
708591,9,2,220461,60568,52093,159880,316393,1,0,0,0,0.153026
708594,9,2,183683,49551,42334,134120,256789,1,0,0,0,0.149157
708599,9,1,163313,43787,38156,119526,227710,0,0,0,0,0.0703635
708602,18,2,295992,81428,71021,214551,426762,1,0,0,0,0.187385
708605,18,2,183256,49457,42210,133786,257000,1,0,0,0,0.121708
708608,18,1,165332,43820,38513,121512,226930,0,0,0,0,0.0474782
708620,9,2,280099,74842,64769,205246,386241,1,0,0,0,0.158141
708621,9,2,280373,74906,64767,205456,386610,1,0,0,0,0.158552
708624,9,2,180475,46678,39952,133785,236676,1,0,0,0,0.135353
708629,9,1,152807,40934,35636,111873,213408,0,0,0,0,0.051816
708642,18,2,319440,87327,75827,232102,456293,1,0,0,0,0.181771
708645,18,2,184667,49934,42728,134722,259535,1,0,0,0,0.125806
708648,18,1,170955,46324,41146,124631,241170,0,0,0,0,0.0516741
708670,9,1,138080,35920,31502,102160,184385,0,0,0,0,0.0439553
708671,9,1,138252,35937,31526,102315,184393,0,0,0,0,0.0454546
708672,9,1,143665,37489,33007,106176,193493,0,0,0,0,0.052328
708673,9,1,168422,45332,40476,123090,235381,0,0,0,0,0.0738241
708674,9,2,177210,46181,38957,131016,235726,1,0,0,0,0.124476
708675,9,2,174406,46941,39760,127453,243661,1,0,0,0,0.17605
708676,9,2,181516,49565,42203,131939,258642,1,0,0,0,0.167682
708677,9,1,149583,39521,34440,110062,204532,0,0,0,0,0.0483443
708678,9,1,154679,40815,35750,113864,210891,0,0,0,0,0.052256
708679,9,1,147659,39073,34020,108586,202754,0,0,0,0,0.0537248
708680,3,1,164366,43716,38801,120650,228530,0,0,0,0,0.131557
708681,9,1,157567,42516,37300,115051,222949,0,0,0,0,0.0831538
708684,9,1,180296,48899,43610,131397,256190,0,0,0,0,0.076008
708689,9,1,174316,48023,42002,126293,253566,0,0,0,0,0.0767106
708690,3,1,165325,45164,39863,120161,237820,0,0,0,0,0.0898858
708691,9,1,165398,45056,39301,120342,237224,0,0,0,0,0.0613715
708694,9,1,187750,51049,44417,136701,267820,0,0,0,0,0.0815258
708699,9,1,165361,45410,39684,119951,239591,0,0,0,0,0.0628171
708700,3,1,165065,45079,39804,119986,237319,0,0,0,0,0.101628
708701,9,1,165273,45024,39270,120249,237049,0,0,0,0,0.0626938
708704,9,1,187690,51020,44424,136670,267641,0,0,0,0,0.060786
708709,9,1,166173,45643,39872,120530,240828,0,0,0,0,0.0573451
708710,3,1,165094,45084,39807,120010,237340,0,0,0,0,0.0861096
708711,9,1,177910,49382,43105,128528,260648,0,0,0,0,0.060247
708714,9,1,196500,54150,47595,142350,283810,0,0,0,0,0.0857264
708719,9,1,157360,43051,37570,114309,227409,0,0,0,0,0.0612869
708720,9,1,141576,38470,33568,103106,203301,0,0,0,0,0.055616
708721,9,1,162657,44404,39106,118253,234624,0,0,0,0,0.0572397
708722,18,1,167187,46050,40050,121137,243338,0,0,0,0,0.0563763
708724,9,1,187487,51311,45292,136176,269564,0,0,0,0,0.0603183
708725,18,1,179580,49090,42771,130490,258106,0,0,0,0,0.0586387
708728,18,1,181957,49125,42819,132832,257482,0,0,0,0,0.0657527
708729,9,1,169761,46593,41105,123168,245882,0,0,0,0,0.106909
708750,3,1,174985,47161,41567,127824,245755,0,0,0,0,0.0969203
708751,9,1,175177,47128,41308,128049,245446,0,0,0,0,0.060487
708754,9,1,189721,50919,44673,138802,264228,0,0,0,0,0.0621156
708759,9,1,168587,44886,39504,123701,232935,0,0,0,0,0.0526015
708760,3,1,174902,47108,41516,127794,245395,0,0,0,0,0.0777805
708761,9,1,175042,47077,41292,127965,245129,0,0,0,0,0.059254
708764,9,1,189736,50905,44683,138831,264097,0,0,0,0,0.057168
708769,9,1,168488,44855,39495,123633,232762,0,0,0,0,0.0534128
708770,3,1,174933,47111,41514,127822,245403,0,0,0,0,0.0769876
708771,9,2,164637,43043,36597,121583,222210,1,0,0,0,0.131263
708774,9,2,173233,45845,39763,127377,237309,1,0,0,0,0.129294
708779,9,1,162621,43416,37915,119205,226102,0,0,0,0,0.0553412
708780,9,1,155903,41978,36990,113925,219313,0,0,0,0,0.0556254
708781,9,2,255060,70049,60571,184998,367962,1,0,0,0,0.150848
708782,18,2,257529,71074,61933,186442,373234,1,0,0,0,0.15304
708784,9,2,212938,58056,50426,154869,303327,1,0,0,0,0.13806
708785,18,2,264782,73107,63880,191662,383591,1,0,0,0,0.148072
708788,18,1,194474,52262,45693,142212,271097,0,0,0,0,0.151787
708789,9,1,177758,48312,42442,129446,252283,0,0,0,0,0.0819906
708810,3,1,167218,44444,39434,122774,230572,0,0,0,0,0.0834675
708811,9,1,145527,38653,33797,106874,201409,0,0,0,0,0.0534328
708814,9,2,199164,53502,47075,145650,277503,1,0,0,0,0.134805
708819,9,2,193279,51586,44976,141680,266786,1,0,0,0,0.14635
708820,3,1,167171,44433,39427,122738,230505,0,0,0,0,0.0904214
708821,9,1,157077,41727,36792,115350,216601,0,0,0,0,0.0505834
708824,9,2,203298,54954,47754,148331,286621,1,0,0,0,0.127577
708829,9,2,196401,52334,45352,144054,271439,1,0,0,0,0.147948
708830,9,1,150184,39731,34742,110453,206042,0,0,0,0,0.0624753
708831,9,1,180949,48048,41944,132901,247216,0,0,0,0,0.0809316
708834,9,2,206047,55740,47997,150294,290454,1,0,0,0,0.147237
708835,18,2,173822,46416,39984,127393,240870,1,0,0,0,0.116511
708838,18,2,210852,57456,49809,153383,300054,1,0,0,0,0.128721
708839,9,2,208016,56707,49013,151296,295851,1,0,0,0,0.153188
708842,18,1,168618,45338,40151,123280,236619,0,0,0,0,0.0805972
708860,3,1,167260,44472,39457,122788,230746,0,0,0,0,0.0813743
708861,9,2,178873,47417,40631,131443,245227,1,0,0,0,0.155559
708864,9,2,181052,48092,41333,132948,248599,1,0,0,0,0.13301
708869,9,1,149906,39405,34364,110501,204022,0,0,0,0,0.0502706
708870,9,1,150285,39779,34790,110506,206332,0,0,0,0,0.0543196
708871,9,2,220203,60422,51994,159768,315752,1,0,0,0,0.149219
708874,9,2,183073,49357,42244,133704,255844,1,0,0,0,0.135894
708879,9,1,164915,44200,38665,120715,229759,0,0,0,0,0.0532627
708882,18,2,269574,73824,64382,195737,386401,1,0,0,0,0.167099
708885,18,2,182363,49034,41926,133316,254633,1,0,0,0,0.123901
708888,18,1,166696,44230,38885,122466,229038,0,0,0,0,0.0473744
708900,9,2,256418,68454,59172,187953,353442,1,0,0,0,0.172654
708901,9,2,256677,68519,59175,188147,353831,1,0,0,0,0.16821
708904,9,2,180609,46655,39998,133942,236566,1,0,0,0,0.138307
708909,9,1,154062,41288,36045,112774,215212,0,0,0,0,0.0528858
708922,18,2,322661,88113,76476,234537,460410,1,0,0,0,0.184212
708925,18,2,184688,49757,42589,134920,258440,1,0,0,0,0.138779
708928,18,1,172305,46757,41447,125548,243560,0,0,0,0,0.0488096
708950,9,1,139827,36303,31721,103524,186232,0,0,0,0,0.0525528
708951,9,1,139992,36319,31740,103673,186237,0,0,0,0,0.0453461
708952,9,1,145042,37848,33235,107194,195349,0,0,0,0,0.0501015
708953,9,1,170068,45853,40935,124215,238238,0,0,0,0,0.0744292
708954,9,2,177165,46018,38835,131134,234673,1,0,0,0,0.118594
708955,9,2,173776,46640,39528,127124,242006,1,0,0,0,0.120238
708956,9,2,181743,49375,41995,132356,257273,1,0,0,0,0.127147
708957,9,1,151581,40060,34856,111521,207302,0,0,0,0,0.0466368
708958,9,1,156706,41459,36339,115247,214438,0,0,0,0,0.0498611
708959,9,1,148707,39374,34339,109333,204330,0,0,0,0,0.0724947
708960,3,1,169760,44505,37777,125255,234341,0,0,0,0,0.184153
708961,9,1,160035,42266,35514,117769,222797,0,0,0,0,0.100543
708964,9,1,189112,51827,45049,137285,275377,0,0,0,0,0.102494
708969,9,1,177292,48810,42107,128482,259865,0,0,0,0,0.0935782
708970,3,1,168788,45681,39109,123107,242675,0,0,0,0,0.10519
708971,9,1,158964,42693,35816,116271,226443,0,0,0,0,0.0774153
708974,9,1,183469,49651,42830,133818,261869,0,0,0,0,0.0858625
708979,9,1,157116,42566,36098,114550,226120,0,0,0,0,0.101594
708980,3,1,168827,45689,39104,123138,242722,0,0,0,0,0.114019
708981,9,1,159030,42715,35843,116315,226540,0,0,0,0,0.0751849
708984,9,1,183610,49712,42908,133898,262209,0,0,0,0,0.0696006
708989,9,1,157309,42601,36126,114708,226255,0,0,0,0,0.096186
708990,3,1,168948,45723,39129,123225,242927,0,0,0,0,0.135559
708991,9,1,187751,53452,45857,134299,286896,0,0,0,0,0.0823028
708994,9,1,210073,59369,51438,150704,316230,0,0,0,0,0.0827641
708999,9,1,146739,39332,33367,107407,208877,0,0,0,0,0.074015
709000,9,1,141546,38979,32833,102567,208825,0,0,0,0,0.0749032
709001,9,1,155493,42267,36369,113226,225359,0,0,0,0,0.110932
709002,18,1,167804,46437,39743,121367,248449,0,0,0,0,0.071711
709004,9,1,179714,48993,42277,130721,260196,0,0,0,0,0.0711753
709005,18,1,183205,50601,43492,132604,270130,0,0,0,0,0.072285
709008,18,1,179824,48805,41765,131019,258494,0,0,0,0,0.0901525
709009,9,1,168076,45525,39063,122551,241776,0,0,0,0,0.109923
709030,3,1,206378,58441,50973,147937,311899,0,0,0,0,0.113936
709031,9,1,198681,56557,48563,142124,302509,0,0,0,0,0.100102
709034,9,1,211457,59048,50794,152409,312837,0,0,0,0,0.0895628
709039,9,1,189313,51594,44727,137719,271712,0,0,0,0,0.0924604
709040,3,1,206252,58405,50953,147847,311683,0,0,0,0,0.14927
709041,9,1,198546,56509,48543,142037,302234,0,0,0,0,0.0962026
709044,9,1,211556,59027,50825,152529,312593,0,0,0,0,0.0945572
709049,9,1,189637,51657,44789,137980,271983,0,0,0,0,0.0864759
709050,3,1,206372,58430,50980,147942,311824,0,0,0,0,0.140939
709051,9,1,219926,62104,53953,157822,330933,0,0,0,0,0.077799
709054,9,1,233164,65645,57183,167519,348428,0,0,0,0,0.0814587
709059,9,1,184014,50390,43333,133624,266972,0,0,0,0,0.0926521
709060,9,1,178937,49799,42590,129138,265159,0,0,0,0,0.0861139
709061,9,1,192681,53644,46844,139037,285512,0,0,0,0,0.0667955
709062,18,1,209974,59729,51486,150245,320208,0,0,0,0,0.0741835
709064,9,1,211468,58411,51284,153057,308809,0,0,0,0,0.0879958
709065,18,1,219609,62080,53594,157529,331598,0,0,0,0,0.0983595
709068,18,1,212767,59894,51353,152873,318667,0,0,0,0,0.0841467
709069,9,1,213257,60532,53131,152725,322779,0,0,0,0,0.12168
709090,3,1,200106,56312,49305,143794,300376,0,0,0,0,0.113894
709091,9,1,170283,46620,39817,123663,247427,0,0,0,0,0.0738903
709094,9,1,190269,52780,45273,137489,278486,0,0,0,0,0.0932052
709099,9,1,210301,57204,49641,153097,300270,0,0,0,0,0.0715774
709100,3,1,200148,56322,49300,143826,300428,0,0,0,0,0.0980043
709101,9,1,193390,53947,47036,139443,287202,0,0,0,0,0.0643877
709104,9,1,187650,51744,44900,135906,273896,0,0,0,0,0.0643916
709109,9,1,198226,53992,46895,144234,284401,0,0,0,0,0.0625304
709110,9,1,194994,55505,48309,139489,296909,0,0,0,0,0.0714005
709111,9,1,213826,60709,52541,153117,323387,0,0,0,0,0.0699262
709114,9,1,192725,53207,45721,139518,282351,0,0,0,0,0.0644362
709115,18,1,215506,59391,51404,156115,314958,0,0,0,0,0.0621776
709118,18,1,210053,59105,51219,150948,313950,0,0,0,0,0.0633557
709119,9,1,207980,58022,50548,149958,307752,0,0,0,0,0.0685587
709122,18,1,204879,57812,50022,147067,309021,0,0,0,0,0.0691694
709140,3,1,200370,56380,49337,143990,300761,0,0,0,0,0.100943
709141,9,1,213648,58992,51319,154656,311671,0,0,0,0,0.070591
709144,9,1,186263,50759,43988,135504,268093,0,0,0,0,0.0638353
709149,9,1,183386,50522,43304,132864,267882,0,0,0,0,0.0627611
709150,9,1,195115,55546,48304,139569,297169,0,0,0,0,0.0731647
709151,9,1,226430,63548,55122,162882,336636,0,0,0,0,0.0785027
709154,9,1,191747,52519,45406,139228,277880,0,0,0,0,0.0710383
709159,9,1,187977,51945,44536,136032,275647,0,0,0,0,0.0768999
709162,18,1,211942,59475,51509,152467,316809,0,0,0,0,0.0755724
709165,18,1,216404,59647,51544,156757,316408,0,0,0,0,0.0704506
709168,18,1,197489,55513,47735,141976,295589,0,0,0,0,0.0681274
709180,9,1,210275,58346,50761,151929,308838,0,0,0,0,0.0875806
709181,9,1,210382,58339,50780,152043,308681,0,0,0,0,0.0765222
709184,9,1,199175,55024,47431,144151,290297,0,0,0,0,0.101195
709189,9,1,180616,50129,42799,130487,266319,0,0,0,0,0.0782148
709202,18,1,215329,59854,51221,155475,317262,0,0,0,0,0.0777683
709205,18,1,218510,61256,52652,157254,325495,0,0,0,0,0.0839217
709208,18,1,201650,56177,47761,145473,298407,0,0,0,0,0.068933
709230,9,1,190378,52039,45001,138339,274355,0,0,0,0,0.0956968
709231,9,1,190598,52080,45030,138518,274522,0,0,0,0,0.0700368
709232,9,1,186022,51244,44167,134778,272019,0,0,0,0,0.0687368
709233,9,1,202491,57071,49674,145420,304086,0,0,0,0,0.0956146
709234,9,1,212345,57895,50318,154450,304100,0,0,0,0,0.065999
709235,9,1,194018,52826,45914,141192,278202,0,0,0,0,0.0669262
709236,9,1,209893,58164,50489,151729,308280,0,0,0,0,0.0759354
709237,9,1,181984,49688,42891,132296,262536,0,0,0,0,0.0660864
709238,9,1,184338,50373,43303,133965,266773,0,0,0,0,0.0709473
709239,9,1,170629,47019,40542,123610,249585,0,0,0,0,0.0710509
709240,3,1,172471,45566,38841,126905,240369,0,0,0,0,0.158775
709241,9,1,162555,43311,36587,119244,228833,0,0,0,0,0.0970635
709244,9,1,191548,52715,45903,138833,280475,0,0,0,0,0.0944234
709249,9,1,179575,49704,42897,129871,264929,0,0,0,0,0.0908815
709250,3,1,170498,46320,40067,124178,246116,0,0,0,0,0.0939578
709251,9,1,162592,43698,36905,118894,231780,0,0,0,0,0.0685646
709254,9,1,186375,50427,43836,135948,265878,0,0,0,0,0.0601927
709259,9,1,157736,42196,36041,115540,222925,0,0,0,0,0.0589178
709260,3,1,170571,46320,40060,124251,246053,0,0,0,0,0.0928271
709261,9,1,162518,43675,36896,118843,231634,0,0,0,0,0.0694397
709264,9,1,186466,50456,43865,136010,266033,0,0,0,0,0.0699727
709269,9,1,157765,42200,36043,115565,222918,0,0,0,0,0.0575328
709270,3,1,170677,46355,40081,124322,246259,0,0,0,0,0.095848
709271,9,1,192905,55064,47642,137841,295128,0,0,0,0,0.0734664
709274,9,1,211323,59990,52360,151333,319682,0,0,0,0,0.0760939
709279,9,1,150497,40145,34087,110352,212827,0,0,0,0,0.0621855
709280,9,1,144678,39426,33551,105252,210499,0,0,0,0,0.0738864
709281,9,1,157005,42324,36721,114681,225034,0,0,0,0,0.0717845
709282,18,1,172853,48113,41298,124740,257733,0,0,0,0,0.0603259
709284,9,1,177009,47887,41586,129122,253430,0,0,0,0,0.0593635
709285,18,1,187191,51993,44776,135198,278028,0,0,0,0,0.0633054
709288,18,1,185355,50442,42981,134913,266875,0,0,0,0,0.0657197
709289,9,1,172954,47063,40485,125891,249825,0,0,0,0,0.0858616
709310,3,1,211466,59959,52638,151507,319186,0,0,0,0,0.101358
709311,9,1,200878,57061,49421,143817,304391,0,0,0,0,0.0707236
709314,9,2,184221,50390,43973,133818,265816,1,0,0,0,0.142479
709319,9,1,193289,52413,45415,140876,275021,0,0,0,0,0.0613769
709320,3,1,211368,59922,52611,151446,318918,0,0,0,0,0.0951903
709321,9,1,200905,57048,49406,143857,304251,0,0,0,0,0.0722724
709324,9,2,184145,50385,43931,133747,265845,1,0,0,0,0.147439
709329,9,1,193572,52476,45482,141096,275306,0,0,0,0,0.0599714
709330,3,1,211439,59927,52616,151512,318899,0,0,0,0,0.0969425
709331,9,1,223654,62845,54753,160809,333433,0,0,0,0,0.0707057
709334,9,1,235403,65997,57937,169406,348965,0,0,0,0,0.0722404
709339,9,1,189021,52011,44641,137010,275315,0,0,0,0,0.0660362
709340,9,1,185544,51624,44459,133920,274224,0,0,0,0,0.0681178
709341,9,1,200170,55793,48677,144377,296069,0,0,0,0,0.0649394
709342,18,1,212676,60552,52467,152124,323848,0,0,0,0,0.0672294
709344,9,1,215626,59504,52170,156122,313549,0,0,0,0,0.0639874
709345,18,1,220062,62172,53862,157890,331192,0,0,0,0,0.0685797
709348,18,1,216452,61247,52503,155205,325313,0,0,0,0,0.0713571
709349,9,1,217230,62245,54579,154985,332123,0,0,0,0,0.0955509
709370,3,1,203506,57144,50033,146362,303916,0,0,0,0,0.0929786
709371,9,1,175868,48137,41580,127731,254865,0,0,0,0,0.0610642
709374,9,1,191604,52853,45715,138751,278624,0,0,0,0,0.0661879
709379,9,1,209468,56849,49370,152619,297575,0,0,0,0,0.0623423
709380,3,1,203569,57168,50038,146401,304081,0,0,0,0,0.0931519
709381,9,1,199551,55449,48384,144102,293919,0,0,0,0,0.0628402
709384,9,1,191918,53202,46246,138716,282017,0,0,0,0,0.0619825
709389,9,1,199623,54618,47498,145005,288105,0,0,0,0,0.0670818
709390,9,1,198307,56385,48939,141922,300955,0,0,0,0,0.0756447
709391,9,1,216002,60830,52973,155172,322484,0,0,0,0,0.0671216
709394,9,1,191979,53055,46070,138924,281266,0,0,0,0,0.0600725
709395,18,1,217970,60186,52029,157784,318666,0,0,0,0,0.0600551
709398,18,1,214764,60353,52128,154411,320358,0,0,0,0,0.0615725
709399,9,1,209379,58139,50633,151240,308119,0,0,0,0,0.0666215
709402,18,1,204271,57353,49661,146918,305444,0,0,0,0,0.0702935
709420,3,1,203822,57259,50078,146563,304664,0,0,0,0,0.0924785
709421,9,1,214279,59006,51512,155273,310480,0,0,0,0,0.0680473
709424,9,1,189322,51978,45182,137344,274753,0,0,0,0,0.0671587
709429,9,1,186940,51450,44022,135490,272620,0,0,0,0,0.0871283
709430,9,1,198437,56420,48942,142017,301147,0,0,0,0,0.0739788
709431,9,1,229131,64000,55713,165131,337599,0,0,0,0,0.075343
709434,9,1,197751,54433,47123,143318,287896,0,0,0,0,0.0792908
709439,9,1,192365,53413,45806,138952,283821,0,0,0,0,0.0912258
709442,18,1,212541,59449,51517,153092,315632,0,0,0,0,0.0878037
709445,18,1,220641,60807,52620,159834,321913,0,0,0,0,0.0611945
709448,18,1,202263,56741,48750,145522,301648,0,0,0,0,0.0702035
709460,9,2,180608,49992,43575,130603,264608,1,0,0,0,0.162453
709461,9,2,180664,50002,43538,130649,264661,1,0,0,0,0.17375
709464,9,1,199130,54901,47509,144229,289758,0,0,0,0,0.0742059
709469,9,1,184696,51433,44224,133263,273654,0,0,0,0,0.0739398
709482,18,1,216439,60159,51373,156280,317875,0,0,0,0,0.0852004
709485,18,1,221328,62076,53350,159252,329666,0,0,0,0,0.0705356
709488,18,1,204846,57059,48641,147787,302847,0,0,0,0,0.0688256
709510,9,1,193876,52704,45688,141172,277094,0,0,0,0,0.067931
709511,9,1,193994,52728,45729,141266,277178,0,0,0,0,0.0648815
709512,9,1,191112,52517,45011,138595,277990,0,0,0,0,0.0676069
709513,9,1,204901,57958,50493,146943,308324,0,0,0,0,0.117178
709514,9,1,213951,58391,50607,155560,306603,0,0,0,0,0.0823059
709515,9,1,201362,54884,47740,146478,289095,0,0,0,0,0.077219
709516,9,1,211042,58605,50992,152437,310695,0,0,0,0,0.077223
709517,9,1,185442,50724,43741,134718,268105,0,0,0,0,0.0581469
709518,9,1,189738,52275,45137,137463,277198,0,0,0,0,0.0637928
709519,9,1,176598,48884,42242,127714,259845,0,0,0,0,0.0652684
709520,3,1,154523,41063,34974,113460,217178,0,0,0,0,0.0940104
709521,9,1,164856,45472,38375,119384,242236,0,0,0,0,0.0676962
709524,9,1,186738,52348,45574,134390,277832,0,0,0,0,0.0665139
709529,9,1,156323,43455,37381,112868,231988,0,0,0,0,0.0617222
709530,3,1,170385,45532,39771,124853,238199,0,0,0,0,0.0878647
709531,9,1,178704,49359,42560,129345,260089,0,0,0,0,0.0661169
709534,9,1,201654,55492,48167,146162,288944,0,0,0,0,0.0652397
709539,9,2,298755,82092,71408,216651,435749,1,0,0,0,0.220228
709540,3,1,169119,45498,39519,123621,241421,0,0,0,0,0.108839
709541,9,1,155751,41580,35856,114171,219999,0,0,0,0,0.0641302
709544,9,1,181374,49315,41941,132059,261003,0,0,0,0,0.0656503
709549,9,1,192143,51773,44450,140370,272381,0,0,0,0,0.0636471
709550,3,1,169187,45496,39529,123691,241340,0,0,0,0,0.0896262
709551,9,1,176468,48547,42208,127921,257402,0,0,0,0,0.0641948
709554,9,1,179073,49461,43116,129612,263892,0,0,0,0,0.0694356
709559,9,1,175116,47468,40986,127648,251271,0,0,0,0,0.0639458
709560,9,1,152851,41523,35525,111328,221158,0,0,0,0,0.0631965
709561,9,1,173207,46732,40344,126475,247140,0,0,0,0,0.0625726
709562,18,1,160294,43880,38338,116414,234759,0,0,0,0,0.0587223
709564,9,1,166159,44260,38486,121899,230791,0,0,0,0,0.0804388
709565,18,1,193408,54286,46446,139122,290552,0,0,0,0,0.0919576
709568,18,1,185199,50975,44139,134224,270908,0,0,0,0,0.0906015
709569,9,1,173372,46242,39934,127130,243118,0,0,0,0,0.0739192
709590,3,1,187680,52933,47040,134747,281869,0,0,0,0,0.115109
709591,9,1,192828,54974,48322,137854,293279,0,0,0,0,0.103026
709594,9,2,190028,52357,45997,137658,276873,1,0,0,0,0.267566
709599,9,2,186334,51087,44809,135234,270010,1,0,0,0,0.214653
709600,3,1,207653,58341,51120,149312,310017,0,0,0,0,0.106426
709601,9,1,192034,54059,46706,137975,287950,0,0,0,0,0.0927534
709604,9,2,185491,50771,44318,134709,267547,1,0,0,0,0.200968
709609,9,2,187690,51565,44897,136112,272414,1,0,0,0,0.185293
709610,3,1,207732,58388,51173,149344,310278,0,0,0,0,0.149186
709611,9,2,209376,59738,52401,149626,319785,1,0,0,0,0.314356
709614,9,1,201306,56474,48670,144832,300253,0,0,0,0,0.0850176
709619,9,2,183265,50430,43922,132822,267228,1,0,0,0,0.211094
709620,9,1,188768,52225,44871,136543,276759,0,0,0,0,0.0855668
709621,9,2,192764,53860,46979,138893,287111,1,0,0,0,0.317071
709622,18,1,193583,54762,47487,138821,292708,0,0,0,0,0.142646
709624,9,1,183132,50758,44437,132374,269063,0,0,0,0,0.104281
709625,18,1,233054,66896,58066,166158,358196,0,0,0,0,0.212775
709628,18,1,208911,58668,51020,150243,310775,0,0,0,0,0.202333
709629,9,1,200642,55921,48826,144721,295618,0,0,0,0,0.28055
709650,3,1,205481,57705,50782,147776,306551,0,0,0,0,0.329576
709651,9,1,190844,53534,46570,137310,284200,0,0,0,0,0.202784
709654,9,2,192949,53332,46526,139604,281245,1,0,0,0,0.471099
709659,9,2,202554,56356,49047,146185,298149,1,0,0,0,0.461978
709660,3,1,205818,57753,50776,148065,306706,0,0,0,0,0.338361
709661,9,2,190827,53970,47421,136846,288358,1,0,0,0,0.508605
709664,9,2,193353,54514,47490,138826,290576,1,0,0,0,0.410312
709669,9,2,172114,47111,40976,124991,248899,1,0,0,0,0.456237
709670,9,1,189715,52936,45822,136779,280895,0,0,0,0,0.114111
709671,9,2,200785,56484,49614,144289,301320,1,0,0,0,0.20325
709674,9,2,179700,49765,43329,129922,263734,1,0,0,0,0.201174
709675,18,2,193393,54688,47652,138692,292138,1,0,0,0,0.164197
709678,18,2,177406,49181,42812,128213,261464,1,0,0,0,0.181146
709679,9,2,167301,45224,39590,122066,237968,1,0,0,0,0.192418
709682,18,1,192601,54268,47449,138333,289592,0,0,0,0,0.0618222
709700,3,1,182904,50602,44916,132302,267705,0,0,0,0,0.0978915
709701,9,1,181075,49961,43663,131114,264784,0,0,0,0,0.0617639
709704,9,2,175738,48630,42591,127095,257804,1,0,0,0,0.160504
709709,9,1,176080,48698,42483,127382,257767,0,0,0,0,0.0841581
709710,9,1,191364,54148,47539,137216,288181,0,0,0,0,0.0799353
709711,9,1,195933,54962,47660,140971,291575,0,0,0,0,0.0909947
709714,9,2,188421,52757,46274,135651,280375,1,0,0,0,0.159217
709719,9,1,198941,55112,47637,143829,290264,0,0,0,0,0.0934469
709722,18,1,228295,64813,56542,163482,345852,0,0,0,0,0.0926369
709725,18,2,189564,53618,47282,135933,286360,1,0,0,0,0.126762
709728,18,2,318370,90569,79047,227788,483910,1,0,0,0,0.170684
709740,9,2,182061,50248,43907,131800,265238,1,0,0,0,0.160425
709741,9,2,181068,50075,43755,130982,264672,1,0,0,0,0.154638
709744,9,2,196606,54524,47570,142069,288248,1,0,0,0,0.147439
709749,9,1,186084,51270,44124,134814,271660,0,0,0,0,0.073993
709762,18,1,213921,59946,51830,153975,317352,0,0,0,0,0.070871
709765,18,2,180767,50524,44135,130231,268770,1,0,0,0,0.130439
709768,18,2,322494,91373,79528,231108,487470,1,0,0,0,0.178058
709790,9,2,165642,44628,38707,121001,234740,1,0,0,0,0.141524
709791,9,2,175978,48024,41488,127941,253507,1,0,0,0,0.17266
709792,9,2,175024,47856,41655,127155,253536,1,0,0,0,0.126239
709793,9,1,198850,54624,47142,144226,287690,0,0,0,0,0.0667718
709794,9,2,198113,54960,47783,143140,290963,1,0,0,0,0.130737
709795,9,2,168191,46299,40436,121880,245263,1,0,0,0,0.128562
709796,9,2,169131,46206,40927,122913,244451,1,0,0,0,0.137236
709797,9,1,175656,48614,42637,127042,257382,0,0,0,0,0.0572383
709798,9,1,208718,58291,50738,150427,307620,0,0,0,0,0.0668914
709799,9,1,178375,48817,42025,129558,258221,0,0,0,0,0.0618691
709800,3,1,154336,41022,34941,113314,216964,0,0,0,0,0.0990789
709801,9,1,164878,45460,38353,119418,242142,0,0,0,0,0.0753865
709804,9,1,186866,52286,45447,134580,277352,0,0,0,0,0.0669694
709809,9,1,156429,43399,37366,113030,231568,0,0,0,0,0.0614152
709810,3,1,170152,45481,39729,124671,237953,0,0,0,0,0.0880361
709811,9,1,178594,49335,42551,129259,259983,0,0,0,0,0.0680541
709814,9,1,202031,55595,48264,146436,289516,0,0,0,0,0.0818576
709819,9,2,298692,82054,71390,216626,435497,1,0,0,0,0.254847
709820,3,1,170387,45971,39979,124416,244122,0,0,0,0,0.103396
709821,9,1,155876,41668,35942,114208,220546,0,0,0,0,0.0663099
709824,9,1,182682,49725,42254,132957,263276,0,0,0,0,0.0693361
709829,9,1,192764,52000,44660,140764,273696,0,0,0,0,0.0820907
709830,3,1,169075,45478,39524,123597,241263,0,0,0,0,0.111576
709831,9,1,187498,51316,44808,136182,270635,0,0,0,0,0.0631238
709834,9,1,177360,48914,42800,128446,260849,0,0,0,0,0.0635681
709839,9,1,162124,43693,37436,118431,231654,0,0,0,0,0.0591949
709840,9,1,152826,41530,35542,111296,221216,0,0,0,0,0.061652
709841,9,1,185217,50224,43350,134993,264909,0,0,0,0,0.0613314
709842,18,1,173262,47482,41584,125780,253686,0,0,0,0,0.0579949
709844,9,1,163942,43237,37494,120705,225075,0,0,0,0,0.0592203
709845,18,1,193208,53975,46253,139233,288846,0,0,0,0,0.0615217
709848,18,1,173589,47473,40888,126116,252647,0,0,0,0,0.0595726
709849,9,1,159536,42492,36421,117044,224288,0,0,0,0,0.0628121
709870,3,1,187599,52931,47054,134668,281906,0,0,0,0,0.0931627
709871,9,1,193089,55043,48413,138046,293667,0,0,0,0,0.0714035
709874,9,2,189819,52288,45948,137518,276484,1,0,0,0,0.148982
709879,9,2,186226,51033,44777,135180,269660,1,0,0,0,0.150847
709880,3,1,207755,58435,51169,149320,310643,0,0,0,0,0.0846432
709881,9,1,192132,54101,46731,138031,288192,0,0,0,0,0.062259
709884,9,2,185300,50731,44326,134558,267330,1,0,0,0,0.137285
709889,9,2,187546,51531,44892,136002,272230,1,0,0,0,0.129328
709890,3,1,208348,58820,51607,149528,312894,0,0,0,0,0.0875463
709891,9,2,209374,59774,52419,149588,320105,1,0,0,0,0.141112
709894,9,1,199158,55509,47900,143649,294816,0,0,0,0,0.0594017
709899,9,2,178694,48994,42456,129687,259712,1,0,0,0,0.131993
709900,9,1,189220,52554,45119,136666,278705,0,0,0,0,0.0645093
709901,9,2,190607,53161,46319,137435,283138,1,0,0,0,0.138131
709902,18,1,199363,56135,48806,143228,299104,0,0,0,0,0.0803976
709904,9,1,185431,51607,45105,133824,273595,0,0,0,0,0.0661872
709905,18,1,231033,65924,57213,165109,352793,0,0,0,0,0.0660161
709908,18,1,200608,56188,48699,144420,297941,0,0,0,0,0.0627234
709909,9,1,185125,51340,44608,133785,271878,0,0,0,0,0.0664651
709930,3,1,205471,57720,50767,147751,306697,0,0,0,0,0.0845683
709931,9,1,190945,53594,46620,137351,284624,0,0,0,0,0.064009
709934,9,2,193037,53342,46532,139682,281283,1,0,0,0,0.137255
709939,9,2,202598,56349,49055,146236,298080,1,0,0,0,0.131395
709940,3,1,207265,58349,51346,148916,310111,0,0,0,0,0.0890025
709941,9,2,187997,53060,46653,134926,283012,1,0,0,0,0.174961
709944,9,2,187586,53057,46300,134516,282985,1,0,0,0,0.182429
709949,9,2,168782,46107,39966,122663,244010,1,0,0,0,0.157005
709950,9,1,189896,53033,45890,136863,281507,0,0,0,0,0.06559
709951,9,2,203957,57306,50265,146639,305494,1,0,0,0,0.153242
709954,9,2,179854,49868,43280,129973,264554,1,0,0,0,0.204625
709955,18,2,190784,54066,47183,136705,288881,1,0,0,0,0.176957
709958,18,2,173954,48220,41845,125722,256610,1,0,0,0,0.130028
709959,9,2,164108,44361,38769,119736,233856,1,0,0,0,0.136723
709962,18,1,198671,55690,48801,142981,296074,0,0,0,0,0.0580658
709980,3,1,182894,50595,44904,132299,267692,0,0,0,0,0.0933766
709981,9,1,184446,50963,44657,133483,269847,0,0,0,0,0.0600211
709984,9,2,176299,49159,43144,127127,261294,1,0,0,0,0.260917
709989,9,1,184632,50772,44441,133860,267760,0,0,0,0,0.056228
709990,9,1,191577,54211,47601,137366,288551,0,0,0,0,0.0729063
709991,9,1,193149,53830,46672,139319,285135,0,0,0,0,0.0738082
709994,9,2,182175,51250,45236,130912,272822,1,0,0,0,0.140723
709999,9,1,208148,57642,49821,150506,302830,0,0,0,0,0.0930445
710002,18,1,228225,64538,56184,163687,343979,0,0,0,0,0.0997242
710005,18,2,187789,53374,47026,134402,285609,1,0,0,0,0.144927
710008,18,2,326925,93042,81243,233870,496982,1,0,0,0,0.197042
710020,9,2,182077,50231,43887,131833,265114,1,0,0,0,0.155757
710021,9,2,181107,50065,43789,131031,264497,1,0,0,0,0.149323
710024,9,2,197025,54635,47673,142377,288755,1,0,0,0,0.157732
710029,9,1,185666,51152,43960,134514,271103,0,0,0,0,0.0682961
710042,18,1,205491,57328,49504,148163,303669,0,0,0,0,0.0631514
710045,18,2,174520,48735,42674,125773,259451,1,0,0,0,0.139717
710048,18,2,327798,93133,81339,234652,496967,1,0,0,0,0.208723
710070,9,2,165446,44581,38643,120852,234501,1,0,0,0,0.15278
710071,9,2,176212,48070,41539,128129,253670,1,0,0,0,0.168933
710072,9,2,170890,46495,40545,124382,246206,1,0,0,0,0.176225
710073,9,1,182313,49869,42817,132444,263393,0,0,0,0,0.083496
710074,9,2,198438,55095,47860,143330,291725,1,0,0,0,0.1308
710075,9,2,164783,45079,39274,119692,238622,1,0,0,0,0.150866
710076,9,2,166514,45442,40102,121060,240615,1,0,0,0,0.207981
710077,9,1,185638,51132,44860,134506,269810,0,0,0,0,0.0669123
710078,9,1,218322,60987,53197,157335,321116,0,0,0,0,0.105727
710079,9,1,177917,48695,41913,129222,257671,0,0,0,0,0.0651428
710080,3,1,154246,40997,34923,113249,216828,0,0,0,0,0.103616
710081,9,1,169703,46732,39596,122971,248434,0,0,0,0,0.0975288
710084,9,1,182282,50098,43035,132184,264363,0,0,0,0,0.0684564
710089,9,1,146545,40604,34822,105941,217200,0,0,0,0,0.0835284
710090,3,1,170132,45477,39732,124655,237937,0,0,0,0,0.120507
710091,9,1,187114,51805,44625,135309,272345,0,0,0,0,0.0744362
710094,9,1,196637,53941,46973,142696,281596,0,0,0,0,0.0737584
710099,9,1,158697,43043,37228,115654,226165,0,0,0,0,0.0674683
710100,3,1,170280,45956,39976,124324,244063,0,0,0,0,0.090446
710101,9,1,160848,42662,37070,118186,224717,0,0,0,0,0.0556975
710104,9,1,164723,44777,38608,119946,237555,0,0,0,0,0.075364
710109,9,1,171619,45862,39419,125757,240868,0,0,0,0,0.0780317
710110,3,1,170327,45949,39981,124378,243958,0,0,0,0,0.0950356
710111,9,1,176953,46899,40737,130054,244858,0,0,0,0,0.0629021
710114,9,1,167700,45819,39947,121881,243746,0,0,0,0,0.065227
710119,9,1,159204,42474,36479,116730,224344,0,0,0,0,0.0646298
710120,9,1,161157,43113,37464,118044,227925,0,0,0,0,0.0835506
710121,9,1,177334,47080,41235,130254,245795,0,0,0,0,0.0894865
710122,18,1,170172,46690,40829,123482,249489,0,0,0,0,0.0680577
710124,9,1,164377,43584,37854,120793,227557,0,0,0,0,0.068239
710125,18,1,185950,51676,44657,134274,275855,0,0,0,0,0.0761153
710128,18,1,183032,50855,43790,132177,271580,0,0,0,0,0.076979
710129,9,1,151511,40525,34697,110986,214841,0,0,0,0,0.0912275
710150,3,1,187807,52993,47061,134814,282286,0,0,0,0,0.0972835
710151,9,1,201461,56801,50162,144660,301239,0,0,0,0,0.065568
710154,9,2,176698,48215,42245,128470,255204,1,0,0,0,0.1398
710159,9,2,172885,46776,40654,126096,247500,1,0,0,0,0.169812
710160,3,1,208383,58866,51601,149517,313240,0,0,0,0,0.127504
710161,9,1,201821,55929,48632,145892,295435,0,0,0,0,0.0590336
710164,9,2,178837,49216,42833,129610,261183,1,0,0,0,0.152999
710169,9,2,172721,46737,40470,125973,246562,1,0,0,0,0.146985
710170,3,1,208494,58922,51661,149572,313552,0,0,0,0,0.111372
710171,9,1,215119,59073,51482,156046,309407,0,0,0,0,0.0756313
710174,9,1,193175,53906,46684,139269,286614,0,0,0,0,0.0796581
710179,9,1,195474,53946,46379,141528,285476,0,0,0,0,0.0757609
710180,9,1,192453,52849,45598,139604,278917,0,0,0,0,0.0651186
710181,9,1,207999,56305,48844,151694,293747,0,0,0,0,0.0913126
710182,18,1,200247,56944,49388,143303,304788,0,0,0,0,0.090644
710184,9,1,173956,47985,42351,125971,254545,0,0,0,0,0.0902833
710185,18,1,212278,59188,51716,153090,314059,0,0,0,0,0.089687
710188,18,1,205250,57245,49945,148005,303844,0,0,0,0,0.0818458
710189,9,1,177609,49139,42641,128470,260690,0,0,0,0,0.0994074
710210,3,1,206895,58310,51345,148585,310065,0,0,0,0,0.0894618
710211,9,1,194325,53867,47050,140458,284581,0,0,0,0,0.0757045
710214,9,2,187096,51616,44949,135467,273119,1,0,0,0,0.146614
710219,9,2,180691,49536,42830,131142,262258,1,0,0,0,0.174917
710220,3,1,207205,58353,51335,148852,310197,0,0,0,0,0.115806
710221,9,1,211020,57635,50289,153385,301408,0,0,0,0,0.0773816
710224,9,2,192845,54406,48040,138426,289991,1,0,0,0,0.165205
710229,9,2,172271,47481,41050,124778,251982,1,0,0,0,0.194334
710230,9,1,198744,54746,47623,143998,288607,0,0,0,0,0.0779834
710231,9,1,210841,57259,49813,153582,298688,0,0,0,0,0.0602042
710234,9,2,178156,49058,42952,129085,259590,1,0,0,0,0.147487
710235,18,2,185603,52168,45426,133422,278267,1,0,0,0,0.175242
710238,18,2,176403,49001,42541,127390,260876,1,0,0,0,0.157412
710239,9,2,162768,43985,38555,118772,231732,1,0,0,0,0.152803
710242,18,1,200498,56883,49790,143615,304144,0,0,0,0,0.0891599
710260,3,1,183134,50656,44925,132478,268027,0,0,0,0,0.107854
710261,9,1,171774,47157,41661,124617,249759,0,0,0,0,0.0804224
710264,9,2,174681,48344,42533,126324,256374,1,0,0,0,0.200112
710269,9,1,186328,51208,45342,135120,270393,0,0,0,0,0.0611862
710270,9,1,198480,55716,48944,142764,295103,0,0,0,0,0.08885
710271,9,1,191814,53915,46731,137899,286809,0,0,0,0,0.0665213
710274,9,2,191187,54003,47610,137171,287868,1,0,0,0,0.141731
710279,9,1,203601,55283,48540,148318,288290,0,0,0,0,0.0690564
710282,18,1,213617,59328,51739,154289,314102,0,0,0,0,0.0639919
710285,18,2,186082,52140,46022,133929,278058,1,0,0,0,0.153508
710288,18,2,321674,90641,79555,231020,483035,1,0,0,0,0.173102
710300,9,2,174063,47740,41622,126310,253042,1,0,0,0,0.1612
710301,9,2,176336,48994,42880,127331,260618,1,0,0,0,0.155704
710304,9,2,188274,52821,46233,135440,280942,1,0,0,0,0.161492
710309,9,1,193090,52837,45914,140253,278117,0,0,0,0,0.0902098
710322,18,1,205251,56762,49223,148489,300374,0,0,0,0,0.0657392
710325,18,2,175765,49009,42939,126744,260904,1,0,0,0,0.141014
710328,18,2,321761,90390,79022,231358,481040,1,0,0,0,0.225526
710350,9,2,159598,42632,36925,116953,224464,1,0,0,0,0.149554
710351,9,2,163436,43873,37866,119552,231320,1,0,0,0,0.131401
710352,9,1,186958,50828,43892,136130,267703,0,0,0,0,0.0552039
710353,9,1,173289,47483,40783,125806,251750,0,0,0,0,0.0887982
710354,9,2,173450,47594,41575,125843,252242,1,0,0,0,0.139363
710355,9,2,166153,45643,39893,120498,242212,1,0,0,0,0.132783
710356,9,2,164097,44792,39662,119293,237119,1,0,0,0,0.198741
710357,9,1,186630,51298,45363,135332,270937,0,0,0,0,0.0825701
710358,9,1,207317,56019,48998,151298,291740,0,0,0,0,0.100755
710359,9,1,185073,50192,43640,134881,263889,0,0,0,0,0.0744535
710360,9,1,126494,33600,28086,92894,178206,0,0,0,0,0.0702806
710361,9,1,143119,38235,32306,104884,202617,0,0,0,0,0.0776534
710364,9,1,154489,41060,34970,113429,214963,0,0,0,0,0.061929
710369,9,1,158083,43075,37198,115008,228876,0,0,0,0,0.0939625
710370,9,1,137001,36302,31069,100699,189874,0,0,0,0,0.06262
710371,9,1,154419,41012,35186,113407,213630,0,0,0,0,0.0722981
710374,9,2,195063,54030,47181,141020,286905,1,0,0,0,0.161317
710379,9,1,172555,46067,40046,126488,240718,0,0,0,0,0.128392
710380,9,1,146510,39665,34135,106845,211242,0,0,0,0,0.0695137
710381,9,2,150634,40397,34755,110224,214347,1,0,0,0,0.176676
710384,9,1,151836,40551,34718,111285,214314,0,0,0,0,0.0827154
710389,9,1,171396,45349,38748,126047,235127,0,0,0,0,0.0769819
710390,9,1,146583,39673,34155,106910,211252,0,0,0,0,0.0579381
710391,9,2,154385,41438,35479,112934,219473,1,0,0,0,0.17112
710394,9,1,156785,42087,36252,114698,222237,0,0,0,0,0.0620995
710399,9,1,158644,42092,36258,116552,219936,0,0,0,0,0.0636746
710400,9,2,147624,39443,34027,108169,209113,1,0,0,0,0.180366
710401,9,2,153660,41465,35681,112183,219782,1,0,0,0,0.161191
710404,9,1,159524,42563,36909,116961,223023,0,0,0,0,0.0591808
710409,9,1,156591,41911,36015,114680,219773,0,0,0,0,0.06532
710430,9,1,156499,43334,38072,113165,230034,0,0,0,0,0.0596532
710431,9,1,171826,47852,42095,123974,253888,0,0,0,0,0.0594516
710434,9,2,174365,47345,41383,127007,249618,1,0,0,0,0.135355
710439,9,2,173349,46427,40769,126909,244363,1,0,0,0,0.173706
710440,9,1,169381,46862,40139,122519,248702,0,0,0,0,0.0553016
710441,9,2,167102,45528,39624,121562,241491,1,0,0,0,0.133075
710444,9,2,170227,46161,40015,124054,243326,1,0,0,0,0.13566
710449,9,2,186777,51887,45134,134878,275246,1,0,0,0,0.141187
710450,9,1,169449,46908,40189,122541,248962,0,0,0,0,0.0540621
710451,9,2,183252,50449,44213,132791,267226,1,0,0,0,0.134334
710454,9,1,185177,51328,44784,133849,272197,0,0,0,0,0.060901
710459,9,2,178068,49441,42928,128614,262883,1,0,0,0,0.152039
710460,9,1,176766,48205,41410,128561,254274,0,0,0,0,0.0775143
710461,9,2,185931,50936,44727,134984,269705,1,0,0,0,0.169377
710464,9,1,179410,49179,42958,130231,260239,0,0,0,0,0.0606951
710469,9,1,168963,46597,40589,122366,246911,0,0,0,0,0.0610854
710490,9,1,170365,47394,40946,122971,251703,0,0,0,0,0.056168
710491,9,1,176652,48157,41706,128495,253350,0,0,0,0,0.0571231
710494,9,2,166900,44879,39063,122010,235667,1,0,0,0,0.138314
710499,9,2,180714,49930,43302,130771,264851,1,0,0,0,0.132376
710500,9,1,170725,47457,40964,123268,251956,0,0,0,0,0.0615581
710501,9,2,179542,49367,43382,130164,261040,1,0,0,0,0.176886
710504,9,2,175515,48669,42761,126835,257888,1,0,0,0,0.160185
710509,9,2,182394,51093,44453,131288,272202,1,0,0,0,0.146477
710510,9,2,172342,47213,41174,125117,250411,1,0,0,0,0.138891
710511,9,2,179968,49340,43221,130616,260897,1,0,0,0,0.13602
710514,9,2,177567,48908,42894,128647,258802,1,0,0,0,0.143011
710519,9,2,180895,50588,44080,130295,269096,1,0,0,0,0.144594
710540,9,1,153011,41913,36878,111098,221631,0,0,0,0,0.0594548
710541,9,1,174461,47698,41541,126763,252405,0,0,0,0,0.0609568
710544,9,2,176176,48569,42993,127595,257177,1,0,0,0,0.152457
710549,9,2,214090,59349,51974,154728,313837,1,0,0,0,0.174449
710550,9,1,171250,47452,41627,123798,251367,0,0,0,0,0.0557402
710551,9,1,180976,49954,43401,131022,264967,0,0,0,0,0.0727397
710554,9,2,174603,48304,42700,126287,255792,1,0,0,0,0.151238
710559,9,2,170843,46463,40305,124367,245579,1,0,0,0,0.152022
710580,9,2,170619,46267,40181,124339,243892,1,0,0,0,0.139047
710581,9,2,170780,46528,40743,124240,245947,1,0,0,0,0.18137
710584,9,2,170883,46550,40980,124322,245598,1,0,0,0,0.173031
710589,9,2,167642,45537,39441,122092,240690,1,0,0,0,0.214164
710630,9,2,163727,43700,38271,120014,229902,1,0,0,0,0.240413
710631,9,2,170667,46621,40388,124034,246530,1,0,0,0,0.14514
710632,9,2,170272,46668,40687,123591,247183,1,0,0,0,0.149924
710633,9,1,163864,44605,39089,119259,235255,0,0,0,0,0.0605225
710634,9,2,170427,46532,40301,123882,246003,1,0,0,0,0.132381
710635,9,2,174667,48469,42154,126185,257778,1,0,0,0,0.147703
710636,9,2,173905,48002,41858,125891,254533,1,0,0,0,0.151449
710637,9,2,208857,57938,50474,150906,306505,1,0,0,0,0.152294
710638,9,2,164107,44304,38113,119790,233778,1,0,0,0,0.178099
710639,9,2,163146,43710,37847,119423,229925,1,0,0,0,0.165031
710922,18,1,169070,47461,40390,121609,254699,0,0,0,0,0.064212
710925,18,1,177350,49765,42391,127585,266449,0,0,0,0,0.0636211
710928,18,1,172596,47071,40620,125525,248478,0,0,0,0,0.0664633
710932,18,1,184093,51490,44682,132603,273093,0,0,0,0,0.0648849
710935,18,1,188989,52247,45561,136742,275498,0,0,0,0,0.0642957
710938,18,1,182724,48510,41940,134214,251158,0,0,0,0,0.0636195
710942,18,1,153361,41144,35322,112217,219103,0,0,0,0,0.0552602
710945,18,1,173503,46871,40351,126632,247892,0,0,0,0,0.0522325
710948,18,1,185850,50783,43874,135067,268976,0,0,0,0,0.0572502
710952,18,1,161875,43162,37372,118713,228299,0,0,0,0,0.0578288
710955,18,1,178060,48489,41955,129571,257313,0,0,0,0,0.0712158
710958,18,1,177539,48501,41815,129038,258117,0,0,0,0,0.0565982
710962,18,1,154930,40623,34799,114307,213136,0,0,0,0,0.078451
710965,18,1,180518,50196,43742,130322,268037,0,0,0,0,0.0810911
710968,18,1,184149,51366,44531,132783,274659,0,0,0,0,0.0606621
710970,18,1,150441,40480,34942,109961,215412,0,0,0,0,0.0560966
710971,18,1,166136,44436,38804,121700,234492,0,0,0,0,0.0578116
710972,18,1,156919,40830,35752,116089,212652,0,0,0,0,0.0542573
710973,18,1,168024,45258,39737,122766,240934,0,0,0,0,0.0791621
710974,18,1,166713,44422,38502,122291,233816,0,0,0,0,0.0565539
710975,18,1,169757,45464,39527,124293,240611,0,0,0,0,0.056778
710976,18,1,179072,47967,41657,131105,253025,0,0,0,0,0.0610802
710977,18,1,168797,45066,38871,123731,237383,0,0,0,0,0.0558183
710978,18,1,166019,44506,38744,121513,235355,0,0,0,0,0.0610989
710979,18,1,156053,41775,35836,114278,221142,0,0,0,0,0.0628456
710992,18,1,197178,56080,49429,141098,299744,0,0,0,0,0.0638704
710995,18,2,177346,48491,42627,128842,256880,1,0,0,0,0.140765
710998,18,2,175946,47881,41830,128052,253008,1,0,0,0,0.147676
711002,18,1,188111,52195,45263,135916,276286,0,0,0,0,0.0580617
711005,18,2,172829,46999,40674,125818,248263,1,0,0,0,0.126391
711008,18,2,171052,46631,40347,124410,246455,1,0,0,0,0.12564
711012,18,1,196252,54002,46924,142250,284796,0,0,0,0,0.0809319
711015,18,2,185127,51900,45707,133214,276442,1,0,0,0,0.160585
711018,18,1,190211,52226,45031,137985,275863,0,0,0,0,0.0721951
711022,18,1,185793,50203,43403,135590,262493,0,0,0,0,0.0736437
711025,18,1,201723,55895,48771,145828,297118,0,0,0,0,0.0714335
711028,18,1,198521,55062,47695,143459,292956,0,0,0,0,0.0656479
711030,18,1,178254,48894,42193,129360,258842,0,0,0,0,0.0637903
711031,18,1,196508,53744,46759,142764,282798,0,0,0,0,0.0632201
711032,18,1,182068,48604,42198,133464,251839,0,0,0,0,0.0720021
711033,18,1,209219,58797,51857,150422,313099,0,0,0,0,0.112228
711034,18,2,215359,60822,53861,154524,325028,1,0,0,0,0.142982
711035,18,1,192995,52485,45341,140510,276517,0,0,0,0,0.0588938
711036,18,1,207539,57049,49115,150490,300630,0,0,0,0,0.0621388
711037,18,1,189807,51546,44475,138261,270300,0,0,0,0,0.0720247
711038,18,1,192889,53344,45934,139545,282674,0,0,0,0,0.0620402
711039,18,1,182378,50446,43286,131932,267338,0,0,0,0,0.0650597
711052,18,1,178662,49250,42603,129412,260499,0,0,0,0,0.0557428
711055,18,2,175377,48184,41795,127180,254997,1,0,0,0,0.140029
711058,18,2,173562,47705,41198,125844,252712,1,0,0,0,0.127026
711062,18,1,194289,53205,46369,141084,279900,0,0,0,0,0.0581774
711065,18,2,186262,52479,45882,133770,279655,1,0,0,0,0.133716
711068,18,2,169702,47042,40680,122648,249801,1,0,0,0,0.128479
711072,18,1,179923,47860,41440,132063,247848,0,0,0,0,0.0548494
711075,18,2,181841,50840,44550,130989,270336,1,0,0,0,0.133256
711078,18,2,178238,49872,43489,128354,265661,1,0,0,0,0.144605
711080,18,1,189385,52415,45740,136970,277229,0,0,0,0,0.0683156
711081,18,1,198178,54398,47580,143780,286522,0,0,0,0,0.0796277
711082,18,1,189517,51632,45059,137885,270255,0,0,0,0,0.0588874
711084,18,2,203303,57294,50319,145996,305433,1,0,0,0,0.139815
711085,18,2,204194,57942,50842,146239,309591,1,0,0,0,0.135386
711086,18,2,200838,56509,49500,144316,301294,1,0,0,0,0.137853
711087,18,2,175263,48301,42019,126950,256182,1,0,0,0,0.125168
711088,18,2,178857,49837,43349,129008,265706,1,0,0,0,0.13441
711089,18,2,170123,46929,41081,123183,249027,1,0,0,0,0.13597
711093,18,1,210223,58755,52058,151468,312295,0,0,0,0,0.0810389
711102,18,2,209930,59507,52913,150410,318421,1,0,0,0,0.138186
711105,18,2,201802,56973,50293,144816,304077,1,0,0,0,0.136388
711108,18,1,180342,49470,42604,130872,261294,0,0,0,0,0.0614088
711112,18,1,192588,52100,45098,140488,273977,0,0,0,0,0.0531218
711115,18,2,199781,56632,50233,143136,302728,1,0,0,0,0.135996
711118,18,1,190235,52282,45884,137953,276499,0,0,0,0,0.0706594
711120,18,1,194752,54952,48385,139800,292919,0,0,0,0,0.0673767
711121,18,2,184795,51906,45815,132876,276424,1,0,0,0,0.146738
711122,18,1,199531,54936,48105,144595,291376,0,0,0,0,0.0740185
711124,18,2,184137,51907,45826,132217,276775,1,0,0,0,0.130462
711125,18,2,182812,51069,44907,131731,271656,1,0,0,0,0.128348
711128,18,1,197090,53836,46999,143254,283761,0,0,0,0,0.0565399
711129,18,1,195263,53624,46949,141639,281558,0,0,0,0,0.0622754
711133,18,1,206373,56791,49058,149582,299129,0,0,0,0,0.0753964
711136,18,2,200883,56668,50155,144202,302394,1,0,0,0,0.183518
711137,18,2,180831,50208,43924,130612,266755,1,0,0,0,0.158994
711142,18,1,188185,51181,44477,137004,268841,0,0,0,0,0.0557675
711145,18,2,177443,49070,42994,128361,260693,1,0,0,0,0.177067
711148,18,2,179920,49310,43161,130599,260891,1,0,0,0,0.146927
711150,18,2,174959,48220,42137,126726,255952,1,0,0,0,0.18419
711151,18,2,174089,47786,41764,126291,253291,1,0,0,0,0.138578
711154,18,2,177349,49286,43148,128050,261736,1,0,0,0,0.140168
711159,18,1,184235,50869,44425,133366,269021,0,0,0,0,0.0672407
711162,18,1,194180,53505,46353,140675,283875,0,0,0,0,0.0592551
711163,18,1,193141,53281,45959,139860,281903,0,0,0,0,0.0583597
711165,18,2,171755,48130,41893,123613,256703,1,0,0,0,0.147866
711166,18,2,181393,50922,44771,130459,271996,1,0,0,0,0.141432
711167,18,1,193758,53522,46493,140236,283519,0,0,0,0,0.0631352
711168,18,1,201267,55065,48143,146202,290587,0,0,0,0,0.0581181
711180,18,2,171317,46966,40669,124338,248350,1,0,0,0,0.156536
711181,18,2,166259,45641,39667,120607,241939,1,0,0,0,0.125777
711182,18,1,189266,51655,44744,137611,272250,0,0,0,0,0.0694359
711183,18,1,184168,51278,44129,132890,272241,0,0,0,0,0.0632886
711184,18,2,174158,48046,41808,126099,254904,1,0,0,0,0.130779
711185,18,2,169166,47144,41232,122010,251027,1,0,0,0,0.133927
711186,18,2,173727,48573,42643,125143,258693,1,0,0,0,0.151888
711187,18,1,188530,52019,45055,136511,275720,0,0,0,0,0.0652881
711188,18,1,198557,54507,47913,144050,286437,0,0,0,0,0.0584146
711189,18,1,183393,50243,43915,133150,265233,0,0,0,0,0.0525645
711480,6,1,194032,53614,47302,140418,285756,0,0,0,0,0.109056
711481,18,1,190179,53788,46305,136391,288856,0,0,0,0,0.0804433
711484,18,1,212917,60660,53385,152257,326274,0,0,0,0,0.0749981
711489,18,1,201529,57952,50590,143577,312809,0,0,0,0,0.0722541
711490,6,1,191995,53721,47000,138274,287533,0,0,0,0,0.102776
711491,18,1,186422,52478,44718,133944,281703,0,0,0,0,0.0648329
711494,18,1,206394,58139,50654,148255,311243,0,0,0,0,0.0609946
711499,18,1,183837,51577,44439,132260,277137,0,0,0,0,0.0538238
711500,6,1,191801,53662,46951,138139,287185,0,0,0,0,0.103425
711501,18,1,186243,52376,44665,133867,281084,0,0,0,0,0.0611063
711504,18,1,206599,58197,50697,148402,311554,0,0,0,0,0.0604438
711509,18,1,184050,51630,44526,132420,277441,0,0,0,0,0.0668865
711510,6,1,192003,53715,46986,138288,287484,0,0,0,0,0.100784
711511,18,1,204704,59171,50549,145533,318577,0,0,0,0,0.0701307
711514,18,1,220538,62689,54389,157849,334607,0,0,0,0,0.0657686
711519,18,1,177380,49819,42913,127561,267859,0,0,0,0,0.0792685
711520,18,1,162474,45006,38262,117468,240826,0,0,0,0,0.0563716
711521,18,1,179230,49727,42918,129503,266092,0,0,0,0,0.0522721
711524,18,1,192982,53268,46508,139714,283824,0,0,0,0,0.0630459
711529,18,1,198287,55889,48674,142398,299910,0,0,0,0,0.0754505
711542,36,1,189234,53760,46322,135474,289637,0,0,0,0,0.0567352
711545,36,1,203293,57527,49505,145766,309173,0,0,0,0,0.0627559
711548,36,1,202097,56239,48726,145858,299880,0,0,0,0,0.0608015
711550,6,1,190023,51337,45301,138686,270265,0,0,0,0,0.0681448
711551,18,1,191028,52429,45404,138599,277221,0,0,0,0,0.0551952
711554,18,2,304905,84189,73845,220703,443487,1,0,0,0,0.139814
711559,18,2,296712,81858,72068,214841,430808,1,0,0,0,0.137427
711560,6,1,189968,51283,45248,138685,269895,0,0,0,0,0.0678328
711561,18,1,190779,52321,45331,138458,276550,0,0,0,0,0.0564571
711564,18,2,304983,84221,73846,220749,443694,1,0,0,0,0.133364
711569,18,2,296891,81892,72109,214986,430952,1,0,0,0,0.16315
711570,6,1,189962,51285,45252,138677,269907,0,0,0,0,0.068678
711571,18,1,211425,58345,50615,153080,307351,0,0,0,0,0.0670892
711574,18,1,219006,60184,52545,158822,316298,0,0,0,0,0.0800755
711579,18,1,177304,48178,41732,129126,254676,0,0,0,0,0.0488689
711580,18,1,163601,44257,38541,119344,233674,0,0,0,0,0.0461455
711581,18,1,185163,50493,44169,134670,266878,0,0,0,0,0.0502729
711584,18,2,227731,62486,55115,165233,330407,1,0,0,0,0.114882
711589,18,1,193146,52931,46836,140215,279540,0,0,0,0,0.066139
711602,36,1,194527,53490,46453,141037,283881,0,0,0,0,0.0523134
711605,36,1,204266,56224,49037,148042,297772,0,0,0,0,0.0535369
711608,36,1,200262,54228,47097,146034,284774,0,0,0,0,0.0540081
711610,6,1,193907,52431,46594,141476,276075,0,0,0,0,0.0691139
711611,18,1,169045,45685,39566,123360,241403,0,0,0,0,0.051117
711614,18,2,213485,57715,50779,155758,301624,1,0,0,0,0.117928
711619,18,2,201841,54238,47669,147590,283506,1,0,0,0,0.10996
711620,6,1,193852,52421,46584,141431,276035,0,0,0,0,0.0720234
711621,18,1,181296,48940,42741,132356,257744,0,0,0,0,0.0529616
711624,18,1,181703,49133,43011,132570,259084,0,0,0,0,0.0505324
711629,18,2,239674,65299,57060,174364,345208,1,0,0,0,0.114621
711630,18,1,174754,46904,40898,127850,246951,0,0,0,0,0.0513374
711631,18,1,203928,55635,48659,148293,291747,0,0,0,0,0.056158
711634,18,2,296235,81272,71452,214950,429547,1,0,0,0,0.127904
711639,18,2,241813,66419,58223,175382,352108,1,0,0,0,0.137753
711652,36,1,188296,51146,44711,137150,270312,0,0,0,0,0.0513148
711655,36,1,206325,56227,49134,150098,297412,0,0,0,0,0.0511306
711658,36,2,238569,65442,57524,173116,347101,1,0,0,0,0.113557
711660,6,1,193878,52453,46621,141425,276249,0,0,0,0,0.0709168
711661,18,1,197613,52862,46347,144751,275640,0,0,0,0,0.0535123
711664,18,1,182699,49503,43303,133196,260927,0,0,0,0,0.0528684
711669,18,1,163672,43539,37979,120133,228450,0,0,0,0,0.0475227
711670,18,1,174834,46948,40941,127886,247243,0,0,0,0,0.0505465
711671,18,2,256470,71141,62623,185316,377519,1,0,0,0,0.1172
711674,18,1,182298,48942,42785,133356,256790,0,0,0,0,0.0498086
711679,18,2,236299,64663,56518,171624,342720,1,0,0,0,0.122083
711692,36,1,197755,53696,47083,144059,283312,0,0,0,0,0.0537354
711695,36,1,203657,55264,48466,148393,291692,0,0,0,0,0.0510584
711698,36,1,183376,49568,43214,133808,261470,0,0,0,0,0.0465808
711700,18,1,183057,48435,42429,134622,252116,0,0,0,0,0.0489198
711701,18,1,183201,48417,42438,134784,251870,0,0,0,0,0.048925
711704,18,1,175583,46275,40286,129308,239825,0,0,0,0,0.048497
711709,18,1,166920,44798,38725,122122,235517,0,0,0,0,0.0481037
711722,36,1,198671,54182,47169,144489,285047,0,0,0,0,0.0564869
711725,36,1,195659,52984,46554,142675,277616,0,0,0,0,0.0525619
711728,36,1,188355,51380,44606,136975,271124,0,0,0,0,0.0679336
711750,18,2,288603,77594,68692,210996,405599,1,0,0,0,0.129571
711751,18,2,288576,77590,68692,210973,405582,1,0,0,0,0.126274
711752,18,1,166150,43837,38054,122313,229655,0,0,0,0,0.0479759
711753,18,1,196028,53839,47797,142189,284553,0,0,0,0,0.0708305
711754,18,2,246108,65279,57720,180816,339172,1,0,0,0,0.144791
711755,18,1,175257,46812,40879,128445,244648,0,0,0,0,0.0494168
711756,18,1,193092,51309,44630,141783,266671,0,0,0,0,0.0551736
711757,18,1,165704,44425,38903,121279,233443,0,0,0,0,0.0520735
711758,18,1,177303,47312,41007,129991,247875,0,0,0,0,0.051436
711759,18,1,165583,44289,38417,121294,232881,0,0,0,0,0.0558715
711770,6,1,195726,54224,47378,141502,288424,0,0,0,0,0.101708
711771,18,1,195073,54304,46995,140769,289340,0,0,0,0,0.0796359
711774,18,2,200855,56138,49695,144704,300758,1,0,0,0,0.159632
711779,18,1,188515,52344,45317,136171,278112,0,0,0,0,0.0530558
711780,6,1,195742,54209,47359,141533,288290,0,0,0,0,0.0718802
711781,18,1,194986,54247,46964,140739,288960,0,0,0,0,0.0569751
711784,18,2,200957,56154,49692,144790,300816,1,0,0,0,0.117563
711789,18,1,188556,52342,45331,136214,278081,0,0,0,0,0.0536144
711790,6,1,195782,54234,47382,141548,288441,0,0,0,0,0.0708599
711791,18,1,213896,61279,52972,152617,327389,0,0,0,0,0.060987
711794,18,1,228754,65008,56994,163746,345482,0,0,0,0,0.0621285
711799,18,1,183458,51099,43926,132359,272918,0,0,0,0,0.0540112
711800,18,1,167403,45806,39648,121597,243418,0,0,0,0,0.0524124
711801,18,1,182732,50500,43867,132232,269098,0,0,0,0,0.0575858
711804,18,1,200460,54917,47705,145543,290634,0,0,0,0,0.0556888
711809,18,1,203583,57318,50328,146265,306048,0,0,0,0,0.0735815
711822,36,1,199357,55988,48556,143369,299570,0,0,0,0,0.0569132
711825,36,1,209943,58651,50883,151292,313059,0,0,0,0,0.0578356
711828,36,1,209263,57900,50180,151363,306384,0,0,0,0,0.0580343
711830,6,1,193879,52677,46447,141202,279905,0,0,0,0,0.0720157
711831,18,1,186399,51145,44360,135254,272458,0,0,0,0,0.0568295
711834,18,1,203850,56131,49321,147719,297543,0,0,0,0,0.055679
711839,18,1,182899,49519,43741,133380,261635,0,0,0,0,0.0514112
711840,6,1,193900,52646,46438,141254,279672,0,0,0,0,0.0973497
711841,18,1,186238,51070,44341,135168,272010,0,0,0,0,0.0624433
711844,18,1,204073,56184,49393,147889,297795,0,0,0,0,0.0551501
711849,18,1,182967,49524,43755,133443,261626,0,0,0,0,0.0721067
711850,6,1,193843,52639,46432,141204,279656,0,0,0,0,0.111257
711851,18,1,208203,57104,49966,151099,302915,0,0,0,0,0.0617161
711854,18,1,224546,61894,54297,162652,327526,0,0,0,0,0.0655178
711859,18,1,180533,48999,42790,131534,260410,0,0,0,0,0.0539838
711860,18,1,169252,46202,40060,123050,246134,0,0,0,0,0.0520356
711861,18,1,182300,49582,43524,132718,263682,0,0,0,0,0.0512602
711864,18,1,202676,55458,48974,147218,293674,0,0,0,0,0.0760425
711869,18,1,194229,52987,47036,141242,281700,0,0,0,0,0.0744705
711882,36,1,188810,51714,45285,137096,276140,0,0,0,0,0.0528249
711885,36,1,201804,55709,48855,146095,297268,0,0,0,0,0.0557693
711888,36,1,204964,56127,49129,148837,297596,0,0,0,0,0.0576161
711890,6,1,192806,52551,46437,140255,278933,0,0,0,0,0.071077
711891,18,1,167532,45516,39674,122016,241823,0,0,0,0,0.0533821
711894,18,1,194924,53333,46508,141591,281215,0,0,0,0,0.0543934
711899,18,1,190356,51896,45432,138460,273458,0,0,0,0,0.0531842
711900,6,1,192765,52540,46430,140225,278866,0,0,0,0,0.0725622
711901,18,1,180431,48873,42976,131558,259173,0,0,0,0,0.0511579
711904,18,2,297035,82922,72737,214100,444510,1,0,0,0,0.135751
711909,18,1,182747,49451,43384,133296,261236,0,0,0,0,0.0503423
711910,18,1,182105,49537,42897,132568,263148,0,0,0,0,0.0764607
711911,18,1,207017,56993,49586,150024,302009,0,0,0,0,0.0719428
711914,18,2,297089,82560,72711,214516,441390,1,0,0,0,0.133224
711919,18,2,291588,81083,71063,210492,433704,1,0,0,0,0.130942
711932,36,1,189124,51927,45422,137197,277011,0,0,0,0,0.0593851
711935,36,2,306313,86112,75369,220188,462801,1,0,0,0,0.16281
711938,36,1,202981,55559,48522,147422,295035,0,0,0,0,0.0531634
711940,6,1,192756,52558,46434,140198,278980,0,0,0,0,0.0727783
711941,18,1,200469,54347,48081,146122,286355,0,0,0,0,0.0601072
711944,18,2,298719,83169,73109,215537,445276,1,0,0,0,0.134434
711949,18,2,184090,49490,43317,134588,261477,1,0,0,0,0.116587
711950,18,1,182245,49600,42922,132645,263526,0,0,0,0,0.0577678
711951,18,2,223216,61913,54858,161291,330478,1,0,0,0,0.125297
711954,18,2,297126,82700,72937,214413,442210,1,0,0,0,0.286883
711959,18,2,184271,49961,43906,134298,265282,1,0,0,0,0.141767
711972,36,1,202249,55677,48913,146572,296471,0,0,0,0,0.0833696
711975,36,2,305662,85892,75377,219757,461409,1,0,0,0,0.160795
711978,36,2,186861,50653,44206,136196,268923,1,0,0,0,0.143787
711980,18,1,191240,51582,45088,139658,272081,0,0,0,0,0.0577326
711981,18,1,191275,51572,45095,139703,271994,0,0,0,0,0.0581025
711984,18,2,298579,81791,72260,216775,433520,1,0,0,0,0.140671
711989,18,2,180868,47944,41941,132912,250741,1,0,0,0,0.105269
712002,36,1,201606,55099,47949,146507,291808,0,0,0,0,0.0736295
712005,36,1,201541,55523,48548,146018,295170,0,0,0,0,0.0559349
712008,36,2,183309,49850,43580,133447,264614,1,0,0,0,0.104461
712030,18,1,173890,46593,40918,127297,245748,0,0,0,0,0.0501551
712031,18,1,173856,46564,40907,127292,245543,0,0,0,0,0.0570149
712032,18,1,172098,46116,40232,125982,244073,0,0,0,0,0.0595569
712033,18,1,195291,53603,47689,141688,284952,0,0,0,0,0.0705962
712034,18,2,250763,68253,60714,182497,361644,1,0,0,0,0.121248
712035,18,1,180433,48635,42863,131798,257047,0,0,0,0,0.0537543
712036,18,1,189121,51302,44968,137819,271773,0,0,0,0,0.0574677
712037,18,2,178125,47595,41702,130518,250894,1,0,0,0,0.152692
712038,18,2,188093,51577,45264,136504,274847,1,0,0,0,0.117104
712039,18,2,187365,50182,44065,137172,263062,1,0,0,0,0.115274
712060,6,1,196177,55256,48662,140921,296052,0,0,0,0,0.072933
712061,18,1,179744,50323,43444,129421,269429,0,0,0,0,0.0615726
712064,18,1,202936,56884,49008,146052,304505,0,0,0,0,0.0603285
712069,18,1,217698,60666,52629,157032,323412,0,0,0,0,0.0656885
712070,6,1,196161,55247,48654,140914,295971,0,0,0,0,0.0748533
712071,18,1,194601,54503,47778,140098,291231,0,0,0,0,0.0572135
712074,18,1,192788,53833,47035,138955,287884,0,0,0,0,0.0559141
712079,18,1,196099,53900,46857,142199,285851,0,0,0,0,0.0635827
712080,18,1,171409,47452,40990,123957,253420,0,0,0,0,0.0579734
712081,18,1,189653,51764,44934,137889,273890,0,0,0,0,0.0539788
712084,18,2,196782,54621,47518,142148,292032,1,0,0,0,0.120207
712089,18,1,206664,56612,48704,150052,298705,0,0,0,0,0.0631522
712102,36,1,184403,50954,44532,133449,272165,0,0,0,0,0.0531518
712105,36,1,207345,57698,49803,149647,308534,0,0,0,0,0.0537775
712108,36,1,205674,56737,49156,148937,301609,0,0,0,0,0.0523687
712120,6,1,200789,55096,48118,145693,293583,0,0,0,0,0.0768313
712121,18,1,192221,52800,44980,139421,281269,0,0,0,0,0.0574956
712124,18,1,201814,55520,48222,146294,294520,0,0,0,0,0.0571371
712129,18,1,212763,57883,50423,154880,305913,0,0,0,0,0.0589622
712130,6,1,200581,55053,48109,145528,293354,0,0,0,0,0.0736925
712131,18,2,185585,50484,44567,135088,268608,1,0,0,0,0.121937
712134,18,1,192843,52954,45969,139889,281931,0,0,0,0,0.0565672
712139,18,2,278047,77377,68344,200657,413721,1,0,0,0,0.153844
712140,18,1,180817,49559,42209,131258,264329,0,0,0,0,0.0624141
712141,18,1,202022,55783,47826,146239,296954,0,0,0,0,0.0587161
712144,18,2,191688,52075,46243,139600,277017,1,0,0,0,0.145656
712149,18,1,207932,57183,49866,150749,302215,0,0,0,0,0.0576681
712162,36,1,192411,52841,45612,139570,281817,0,0,0,0,0.0541377
712165,36,1,211004,58297,50468,152707,310946,0,0,0,0,0.0784373
712168,36,1,206453,56958,49612,149495,301547,0,0,0,0,0.0840281
712170,6,1,198244,54381,47587,143863,289615,0,0,0,0,0.10893
712171,18,1,173298,47030,40138,126268,249777,0,0,0,0,0.0664111
712174,18,1,191764,52303,45294,139461,276985,0,0,0,0,0.0756052
712179,18,1,192181,51869,45157,140312,273830,0,0,0,0,0.0723379
712180,6,1,198084,54330,47546,143754,289333,0,0,0,0,0.108782
712181,18,2,180609,48565,42499,132032,257065,1,0,0,0,0.130008
712184,18,1,196505,53818,46921,142687,286465,0,0,0,0,0.0553627
712189,18,1,199091,53906,46975,145185,284779,0,0,0,0,0.0509878
712190,18,1,174741,48069,41177,126672,257422,0,0,0,0,0.0522641
712191,18,2,359436,97136,84529,262287,515076,1,0,0,0,0.176325
712194,18,2,199776,54375,48327,145388,289075,1,0,0,0,0.142262
712199,18,2,304003,85258,75039,218732,456679,1,0,0,0,0.15642
712212,36,1,187818,51174,43964,136644,272673,0,0,0,0,0.0719203
712215,36,1,206098,57096,49580,149002,304748,0,0,0,0,0.0539714
712218,36,1,201335,54989,47642,146346,291700,0,0,0,0,0.053003
712220,6,1,190977,51907,46315,139070,275780,0,0,0,0,0.113252
712221,18,1,188657,52059,45957,136598,277481,0,0,0,0,0.0576611
712224,18,1,194108,53289,46737,140819,283124,0,0,0,0,0.0569295
712229,18,1,189185,51417,45205,137768,271493,0,0,0,0,0.0536046
712230,18,1,175608,47948,42131,127660,255217,0,0,0,0,0.0573542
712231,18,1,183669,49618,43006,134051,263383,0,0,0,0,0.0521244
712234,18,2,303301,84683,74397,218605,453665,1,0,0,0,0.141786
712239,18,1,199813,53975,47276,145838,284862,0,0,0,0,0.0579619
712252,36,1,209655,58013,50559,151642,309932,0,0,0,0,0.0571719
712255,36,1,208879,58023,50362,150856,310235,0,0,0,0,0.0568441
712258,36,1,199490,55293,47940,144197,294707,0,0,0,0,0.056283
712260,18,1,192011,52285,46129,139726,276524,0,0,0,0,0.0580088
712261,18,1,185448,50196,43516,135252,264761,0,0,0,0,0.0715252
712264,18,2,254386,69958,62035,184416,371409,1,0,0,0,0.158525
712269,18,2,276650,75849,67053,200788,400535,1,0,0,0,0.153492
712282,36,1,201130,54943,47716,146187,290759,0,0,0,0,0.0537882
712285,36,1,207897,57714,50280,150183,307537,0,0,0,0,0.0549326
712288,36,1,198587,54885,47844,143702,292270,0,0,0,0,0.054426
712310,18,1,174002,46919,41595,127083,248145,0,0,0,0,0.0716678
712311,18,2,193140,51862,45806,141266,273214,1,0,0,0,0.133415
712312,18,1,191175,51774,44951,139401,273125,0,0,0,0,0.0537314
712313,18,1,201840,55288,48310,146552,291708,0,0,0,0,0.057879
712314,18,1,193655,52761,45843,140894,278747,0,0,0,0,0.0539699
712315,18,2,191522,52248,46255,139262,277274,1,0,0,0,0.11144
712316,18,1,195580,53513,46841,142067,283574,0,0,0,0,0.0561271
712317,18,2,190492,50965,45258,139515,269269,1,0,0,0,0.119673
712318,18,1,195768,53352,46730,142416,282337,0,0,0,0,0.0543014
712319,18,2,284877,78557,69316,206308,416078,1,0,0,0,0.132503
712350,6,1,196242,55265,48658,140977,296046,0,0,0,0,0.0682989
712351,18,1,212255,59665,52675,152590,317052,0,0,0,0,0.0547466
712354,18,1,194584,54548,47965,140036,292199,0,0,0,0,0.0535985
712359,18,1,186998,51630,44653,135368,275034,0,0,0,0,0.0513471
712360,18,1,171403,47451,40995,123952,253409,0,0,0,0,0.0523669
712361,18,1,201210,55096,47740,146114,290944,0,0,0,0,0.0766769
712364,18,1,188568,51602,44856,136966,273596,0,0,0,0,0.0588321
712369,18,1,191631,52309,45035,139322,276425,0,0,0,0,0.0614642
712382,36,1,195584,53841,47118,141743,286308,0,0,0,0,0.0557091
712385,36,1,209383,58153,50469,151230,310712,0,0,0,0,0.05801
712388,36,1,195533,53960,46825,141573,287341,0,0,0,0,0.0541134
712410,6,1,200683,55067,48112,145616,293429,0,0,0,0,0.0772478
712411,18,2,193172,52993,46716,140166,282534,1,0,0,0,0.121601
712414,18,1,195412,53675,46405,141737,286279,0,0,0,0,0.0598166
712419,18,2,267595,74083,65136,193499,396428,1,0,0,0,0.134033
712420,18,1,181027,49617,42257,131410,264693,0,0,0,0,0.0549171
712421,18,1,216748,59971,51832,156777,318523,0,0,0,0,0.0575147
712424,18,1,187783,51446,45238,136337,274198,0,0,0,0,0.0636871
712429,18,1,189147,51708,44842,137439,274692,0,0,0,0,0.056706
712442,36,1,207177,57180,49785,149997,304951,0,0,0,0,0.0625923
712445,36,1,214204,59158,51164,155046,316102,0,0,0,0,0.0597656
712448,36,1,194423,53455,46112,140968,284512,0,0,0,0,0.0594965
712460,6,1,198067,54312,47520,143755,289206,0,0,0,0,0.0779192
712461,18,2,187342,51028,44790,136302,271212,1,0,0,0,0.116858
712464,18,1,198351,54055,47243,144296,287012,0,0,0,0,0.0620519
712469,18,2,185164,50031,43887,135120,265041,1,0,0,0,0.12112
712470,18,1,174511,47996,41147,126515,256988,0,0,0,0,0.0672227
712471,18,2,303181,84831,73995,218337,455093,1,0,0,0,0.187919
712474,18,2,200305,54671,48338,145621,290917,1,0,0,0,0.135234
712479,18,2,196087,53943,47800,142131,287452,1,0,0,0,0.129921
712492,36,1,204131,56161,48594,147970,299359,0,0,0,0,0.0696764
712495,36,1,212138,58860,51073,153278,314369,0,0,0,0,0.0621317
712498,36,2,194705,53318,46835,141374,284166,1,0,0,0,0.116765
712500,6,1,190749,51833,46253,138916,275426,0,0,0,0,0.107658
712501,18,1,189754,51922,45933,137832,276508,0,0,0,0,0.0683585
712504,18,1,202697,55954,49127,146743,298161,0,0,0,0,0.0610716
712509,18,1,183675,49740,43952,133935,262972,0,0,0,0,0.0587153
712510,18,1,175467,47898,42091,127569,254958,0,0,0,0,0.0605645
712511,18,1,185058,50089,43695,134969,265985,0,0,0,0,0.0533246
712514,18,2,303016,84636,74318,218367,453579,1,0,0,0,0.140751
712519,18,1,195151,52954,46119,142197,280643,0,0,0,0,0.0559702
712532,36,1,208542,57299,50084,151243,305621,0,0,0,0,0.0571473
712535,36,1,214637,59374,51569,155263,316984,0,0,0,0,0.0592826
712538,36,1,200792,55700,48546,145092,297654,0,0,0,0,0.0573834
712540,18,1,191901,52221,46086,139680,276138,0,0,0,0,0.0588482
712541,18,1,185422,50187,43507,135235,264688,0,0,0,0,0.0598767
712544,18,2,254257,69927,62015,184318,371244,1,0,0,0,0.138012
712549,18,2,276738,75868,67080,200857,400634,1,0,0,0,0.140201
712562,36,1,189953,51930,45060,138023,276385,0,0,0,0,0.0538435
712565,36,1,207852,57328,49837,150524,304815,0,0,0,0,0.0627867
712568,36,1,195351,53601,46694,141750,285189,0,0,0,0,0.0565408
712590,18,1,173826,46887,41562,126939,248003,0,0,0,0,0.0566693
712591,18,2,193382,51934,45884,141436,273617,1,0,0,0,0.109524
712592,18,1,180375,48684,42372,131691,258043,0,0,0,0,0.0531037
712593,18,1,182170,49820,43596,132350,264673,0,0,0,0,0.0563893
712594,18,1,193718,52774,45842,140944,278817,0,0,0,0,0.0562507
712595,18,2,247821,68761,60954,179047,367552,1,0,0,0,0.131336
712596,18,1,193653,52784,46236,140869,279537,0,0,0,0,0.0580706
712597,18,2,325124,88053,78205,237058,465873,1,0,0,0,0.156197
712598,18,1,191466,51984,45445,139482,275482,0,0,0,0,0.057309
712599,18,2,284827,78566,69301,206249,416174,1,0,0,0,0.137237
712640,18,1,180895,49449,43046,131446,261533,0,0,0,0,0.0513366
712641,18,1,189911,51161,44732,138750,267586,0,0,0,0,0.0626162
712644,18,2,286132,80829,70644,205291,433329,1,0,0,0,0.157481
712649,18,1,182112,49612,42610,132500,262651,0,0,0,0,0.055098
712662,36,1,190542,52179,45623,138363,275790,0,0,0,0,0.0578295
712665,36,1,206324,57310,50064,149014,305986,0,0,0,0,0.0533982
712668,36,1,203516,56531,49201,146985,301811,0,0,0,0,0.0542461
712700,18,1,194794,53115,46001,141679,282170,0,0,0,0,0.0553317
712701,18,1,209404,57513,49896,151891,304235,0,0,0,0,0.0842943
712704,18,1,192855,53513,46860,139342,285998,0,0,0,0,0.0916729
712709,18,1,180533,49489,42787,131044,263662,0,0,0,0,0.0675649
712722,36,1,201837,55135,48015,146702,292463,0,0,0,0,0.0750149
712725,36,1,209329,58105,50800,151224,310894,0,0,0,0,0.0586372
712728,36,1,202149,55914,48788,146235,298526,0,0,0,0,0.0559667
712750,18,2,190663,51910,45341,138740,275908,1,0,0,0,0.132947
712751,18,2,193421,52640,46316,140768,279767,1,0,0,0,0.125064
712754,18,2,319682,89521,79016,230148,478484,1,0,0,0,0.176566
712759,18,2,192984,52728,46702,140246,280342,1,0,0,0,0.126615
712772,36,1,200701,54949,47751,145752,291494,0,0,0,0,0.0686549
712775,36,1,215603,59876,52302,155727,319724,0,0,0,0,0.0706102
712778,36,1,211998,58740,51092,153258,313569,0,0,0,0,0.0650777
712790,18,2,228892,64401,56968,164479,345419,1,0,0,0,0.157818
712791,18,1,196397,54221,47093,142176,289526,0,0,0,0,0.064795
712794,18,2,197260,53818,47460,143429,285670,1,0,0,0,0.128303
712799,18,1,186004,50111,43982,135893,263790,0,0,0,0,0.0573514
712812,36,2,308470,86912,76530,221545,467332,1,0,0,0,0.175431
712815,36,1,221754,61591,53670,160163,329475,0,0,0,0,0.0615874
712818,36,1,207052,57425,50205,149627,307378,0,0,0,0,0.0550883
712820,18,2,199516,54436,48053,145067,288950,1,0,0,0,0.128766
712821,18,2,193114,51904,45633,141197,274020,1,0,0,0,0.144657
712824,18,2,201696,55111,48922,146572,292064,1,0,0,0,0.118616
712829,18,1,176676,47903,42165,128773,253725,0,0,0,0,0.0504114
712842,36,2,302330,85019,74729,217298,457455,1,0,0,0,0.146019
712845,36,1,214494,59219,51751,155275,315948,0,0,0,0,0.0553768
712848,36,1,205697,56907,49882,148790,304283,0,0,0,0,0.0540042
712870,18,1,169487,45245,39895,124242,239205,0,0,0,0,0.0587335
712871,18,2,294773,80893,71335,213868,429604,1,0,0,0,0.133624
712872,18,1,173469,46892,40687,126577,248998,0,0,0,0,0.0513846
712873,18,1,178083,49368,42937,128715,263794,0,0,0,0,0.0554288
712874,18,1,191635,52071,45541,139564,276028,0,0,0,0,0.0538855
712875,18,2,181955,49113,43353,132829,260077,1,0,0,0,0.113953
712876,18,1,194814,53762,47405,141052,286266,0,0,0,0,0.0623494
712877,18,2,322429,87113,77057,235303,460906,1,0,0,0,0.196678
712878,18,1,193855,52669,46381,141186,277441,0,0,0,0,0.0791665
712879,18,1,181825,49369,43349,132456,261706,0,0,0,0,0.0613005
713150,18,1,192470,52529,46785,139941,279143,0,0,0,0,0.0826068
713151,18,1,199081,54125,47477,144956,284007,0,0,0,0,0.0895024
713152,18,1,181307,49183,43150,132124,260142,0,0,0,0,0.0593513
713153,18,1,177681,48494,42318,129187,258138,0,0,0,0,0.060018
713154,18,1,199777,54972,48311,144805,291961,0,0,0,0,0.0576899
713155,18,1,196108,53827,47436,142281,285546,0,0,0,0,0.0570364
713156,18,1,191969,52349,45807,139620,277458,0,0,0,0,0.0564234
713157,18,1,201075,54272,48023,146803,283209,0,0,0,0,0.0611365
713158,18,1,184449,49718,44110,134731,261601,0,0,0,0,0.0576929
713159,18,1,174668,46892,41327,127776,247727,0,0,0,0,0.0561377
713220,36,1,169860,46444,40465,123416,246948,0,0,0,0,0.0483964
713221,36,1,181376,49360,42872,132016,260794,0,0,0,0,0.049911
713222,36,1,189911,52066,45372,137845,275417,0,0,0,0,0.0550172
713223,36,1,196335,55210,49025,141125,296072,0,0,0,0,0.0760836
713224,36,1,192826,53053,45820,139773,281683,0,0,0,0,0.0768302
713225,36,1,196065,54202,47065,141863,289082,0,0,0,0,0.0569501
713226,36,1,211092,59442,52028,151650,318270,0,0,0,0,0.0576492
713227,36,1,198408,54828,46917,143580,291517,0,0,0,0,0.0538384
713228,36,1,193244,53810,47225,139434,287700,0,0,0,0,0.0554476
713229,36,1,184957,51579,44366,133378,276191,0,0,0,0,0.0559716
713280,36,1,195294,54024,46577,141270,288352,0,0,0,0,0.056746
713281,36,1,209627,57571,49954,152056,304948,0,0,0,0,0.0580479
713282,36,1,208376,58110,50056,150266,308472,0,0,0,0,0.0614052
713283,36,1,209729,58785,51260,150944,315202,0,0,0,0,0.0753632
713284,36,1,212155,58451,50729,153704,311755,0,0,0,0,0.0602963
713285,36,1,200945,54931,48126,146014,291890,0,0,0,0,0.061138
713286,36,1,217351,60929,52756,156422,326036,0,0,0,0,0.0690506
713287,36,1,192080,52477,45591,139603,277871,0,0,0,0,0.0592369
713288,36,1,199329,55325,47554,144004,295746,0,0,0,0,0.0599889
713289,36,1,183314,50508,42954,132806,269304,0,0,0,0,0.0563445
713330,36,1,192842,53279,46313,139563,284176,0,0,0,0,0.0651069
713331,36,1,201519,55477,48297,146042,295026,0,0,0,0,0.0787357
713332,36,1,198069,54686,47079,143383,291176,0,0,0,0,0.0582604
713333,36,1,205169,57331,49886,147838,307429,0,0,0,0,0.0809254
713334,36,1,206092,56904,49622,149188,303008,0,0,0,0,0.0579163
713335,36,1,200333,54739,48007,145594,290918,0,0,0,0,0.0561235
713336,36,1,206693,57031,49235,149662,304760,0,0,0,0,0.0756098
713337,36,1,197494,54001,47496,143493,286742,0,0,0,0,0.0768075
713338,36,1,202641,55854,48264,146787,297855,0,0,0,0,0.0635152
713339,36,2,298713,83240,72676,215460,445141,1,0,0,0,0.162889
713370,36,1,193897,54157,47644,139740,290067,0,0,0,0,0.0681667
713371,36,1,210579,57451,49487,153128,305576,0,0,0,0,0.060503
713372,36,1,198977,54490,47335,144487,290303,0,0,0,0,0.0550534
713373,36,1,206791,56836,49130,149955,302575,0,0,0,0,0.0634503
713374,36,1,213735,59088,51207,154647,315572,0,0,0,0,0.0811532
713375,36,1,214067,59418,51481,154649,317073,0,0,0,0,0.0672412
713376,36,2,308857,87287,76636,221557,469909,1,0,0,0,0.152633
713377,36,1,199703,55092,48094,144611,293896,0,0,0,0,0.063712
713378,36,1,215350,59386,51559,155964,316170,0,0,0,0,0.0575161
713379,36,1,196321,53601,47025,142720,283322,0,0,0,0,0.0547469
713400,36,1,200910,55686,49049,145224,296565,0,0,0,0,0.0592169
713401,36,2,304747,85129,74675,219605,455919,1,0,0,0,0.132325
713402,36,1,192398,52700,45829,139698,280566,0,0,0,0,0.0531175
713403,36,1,186265,50770,43584,135495,270288,0,0,0,0,0.0747628
713404,36,1,207246,57321,49672,149925,305739,0,0,0,0,0.0772575
713405,36,1,211297,58567,50767,152730,312181,0,0,0,0,0.0814914
713406,36,2,302181,85424,75334,216744,459415,1,0,0,0,0.179106
713407,36,1,192965,53159,46651,139806,283851,0,0,0,0,0.0521627
713408,36,1,216325,59704,52003,156621,317818,0,0,0,0,0.0590559
713409,36,1,185904,50567,44260,135337,268156,0,0,0,0,0.0556707
713420,36,1,195484,54305,47111,141179,289104,0,0,0,0,0.0673811
713421,36,1,193644,52497,45752,141147,275976,0,0,0,0,0.0553796
713422,36,1,181637,49398,42890,132239,262071,0,0,0,0,0.0555432
713423,36,1,169978,46073,39348,123905,245136,0,0,0,0,0.0537392
713424,36,1,202647,56110,49151,146537,298423,0,0,0,0,0.0735083
713425,36,1,197963,54039,47314,143924,286392,0,0,0,0,0.0832728
713426,36,2,289498,80685,71147,208802,431297,1,0,0,0,0.165245
713427,36,1,188169,51906,45444,136263,276630,0,0,0,0,0.056336
713428,36,1,194280,52744,46292,141536,277774,0,0,0,0,0.0556478
713429,36,1,183875,49658,43312,134217,262765,0,0,0,0,0.0533953
713720,6,1,193477,53598,47189,139879,285804,0,0,0,0,0.121468
713721,18,1,189502,53762,46289,135740,288956,0,0,0,0,0.0746434
713724,18,1,212497,60643,53325,151854,326301,0,0,0,0,0.0787977
713729,18,1,200507,57764,50521,142743,312070,0,0,0,0,0.089618
713730,6,1,190969,53490,46721,137479,286374,0,0,0,0,0.115394
713731,18,1,185865,52381,44656,133484,281220,0,0,0,0,0.0595893
713734,18,1,205264,57813,50391,147451,309396,0,0,0,0,0.0683327
713739,18,1,183791,51629,44475,132162,277520,0,0,0,0,0.0582328
713740,6,1,190806,53437,46672,137369,286049,0,0,0,0,0.088965
713741,18,1,185708,52285,44603,133423,280643,0,0,0,0,0.0672195
713744,18,1,205411,57848,50411,147563,309574,0,0,0,0,0.0685399
713749,18,1,184010,51682,44559,132328,277817,0,0,0,0,0.0818067
713750,6,1,191017,53492,46709,137525,286358,0,0,0,0,0.105868
713751,18,1,203868,58962,50326,144906,317516,0,0,0,0,0.062538
713754,18,1,218323,62027,53864,156296,330939,0,0,0,0,0.0643763
713759,18,1,176118,49469,42704,126649,266058,0,0,0,0,0.0630791
713760,18,1,161912,44869,38245,117043,240148,0,0,0,0,0.0578675
713761,18,1,177910,49386,42730,128524,264381,0,0,0,0,0.0568883
713764,18,1,191823,53010,46245,138813,282659,0,0,0,0,0.0640613
713769,18,1,196756,55524,48418,141232,298120,0,0,0,0,0.0994655
713782,36,1,188900,53698,46354,135202,289309,0,0,0,0,0.0631339
713785,36,1,202153,57187,49291,144966,307339,0,0,0,0,0.0600107
713788,36,1,200786,55945,48503,144841,298344,0,0,0,0,0.0629222
713790,6,1,190593,51489,45365,139104,271087,0,0,0,0,0.0659759
713791,18,1,191924,52760,45669,139164,279205,0,0,0,0,0.0818915
713794,18,2,277145,75971,66745,201161,399791,1,0,0,0,0.171359
713799,18,2,273929,75515,66536,198401,397859,1,0,0,0,0.13358
713800,6,1,190600,51451,45318,139149,270807,0,0,0,0,0.0682252
713801,18,1,191705,52664,45618,139041,278606,0,0,0,0,0.0612604
713804,18,2,277213,76005,66755,201195,400013,1,0,0,0,0.135025
713809,18,2,274056,75531,66574,198512,397901,1,0,0,0,0.13589
713810,6,1,190597,51453,45318,139144,270818,0,0,0,0,0.0964379
713811,18,1,212319,58676,50826,153643,309268,0,0,0,0,0.0844124
713814,18,1,219127,60486,52703,158641,318413,0,0,0,0,0.0855966
713819,18,1,177494,48268,41622,129226,255227,0,0,0,0,0.0651719
713820,18,1,164330,44413,38594,119917,234465,0,0,0,0,0.0577403
713821,18,1,186648,50962,44512,135686,269542,0,0,0,0,0.0646177
713824,18,2,227056,62270,54881,164774,329205,1,0,0,0,0.155379
713829,18,1,193049,52923,46609,140126,279592,0,0,0,0,0.0652952
713842,36,1,194749,53670,46524,141079,285102,0,0,0,0,0.0533474
713845,36,1,204124,56311,49004,147813,298520,0,0,0,0,0.0741522
713848,36,1,200157,54269,47129,145888,285174,0,0,0,0,0.0673869
713850,6,1,192867,52184,46429,140683,274843,0,0,0,0,0.0800507
713851,18,1,168153,45419,39384,122734,239894,0,0,0,0,0.0565402
713854,18,2,213719,57877,50965,155830,302702,1,0,0,0,0.135422
713859,18,2,203832,54903,48233,148916,287200,1,0,0,0,0.122252
713860,6,1,192825,52176,46419,140649,274811,0,0,0,0,0.0770021
713861,18,1,180311,48673,42605,131638,256288,0,0,0,0,0.0543279
713864,18,1,181825,49259,43128,132566,259905,0,0,0,0,0.0518749
713869,18,2,240754,65570,57281,175173,346661,1,0,0,0,0.12088
713870,18,1,174087,46689,40727,127398,245787,0,0,0,0,0.0544232
713871,18,1,204262,55769,48864,148493,292503,0,0,0,0,0.0569981
713874,18,2,271442,74047,65224,197382,390986,1,0,0,0,0.128075
713879,18,2,242943,66793,58534,176138,354211,1,0,0,0,0.119797
713892,36,1,188340,51137,44742,137203,270257,0,0,0,0,0.0527111
713895,36,1,206902,56455,49376,150447,298784,0,0,0,0,0.0527494
713898,36,2,239461,65742,57725,173708,348824,1,0,0,0,0.114034
713900,6,1,192851,52207,46457,140644,275019,0,0,0,0,0.0730788
713901,18,1,197071,52764,46363,144307,275245,0,0,0,0,0.0551483
713904,18,1,182079,49371,43187,132708,260335,0,0,0,0,0.0714908
713909,18,1,163703,43684,38009,120019,229452,0,0,0,0,0.0547491
713910,18,1,174152,46727,40765,127425,246044,0,0,0,0,0.0540152
713911,18,2,257448,71286,62867,186149,378043,1,0,0,0,0.147886
713914,18,1,181904,48894,42739,133010,256750,0,0,0,0,0.0552401
713919,18,2,237015,64945,56751,172058,344467,1,0,0,0,0.144864
713932,36,1,197587,53719,47158,143868,283578,0,0,0,0,0.0660575
713935,36,1,204205,55437,48548,148768,292622,0,0,0,0,0.0626309
713938,36,1,183272,49608,43236,133664,261808,0,0,0,0,0.0745316
713940,18,1,181917,48157,42259,133760,250701,0,0,0,0,0.0712791
713941,18,1,182065,48141,42267,133924,250469,0,0,0,0,0.0648752
713944,18,1,174784,46069,40133,128715,238792,0,0,0,0,0.0537981
713949,18,1,167326,44933,38795,122393,236295,0,0,0,0,0.0514286
713962,36,1,197728,53946,47061,143782,283903,0,0,0,0,0.0773016
713965,36,1,196176,53186,46731,142990,278732,0,0,0,0,0.0769245
713968,36,1,188941,51650,44859,137291,272715,0,0,0,0,0.073064
713990,18,2,264325,70594,62579,193718,368160,1,0,0,0,0.135459
713991,18,2,264318,70594,62580,193711,368161,1,0,0,0,0.184452
713992,18,1,165364,43565,37845,121799,228029,0,0,0,0,0.0727413
713993,18,1,194878,53549,47583,141329,283090,0,0,0,0,0.0794351
713994,18,2,246789,65512,58045,181264,340540,1,0,0,0,0.110378
713995,18,1,174253,46478,40656,127775,242736,0,0,0,0,0.0610137
713996,18,1,191351,50841,44285,140510,264213,0,0,0,0,0.0601579
713997,18,1,165223,44228,38782,120995,232307,0,0,0,0,0.0479445
713998,18,1,176057,46960,40789,129097,245957,0,0,0,0,0.0524486
713999,18,1,164691,44043,38263,120648,231592,0,0,0,0,0.0584865
714010,6,1,195131,53956,47240,141175,286791,0,0,0,0,0.0798682
714011,18,1,194025,53938,46715,140087,287319,0,0,0,0,0.0592141
714014,18,2,200404,56032,49568,144359,300113,1,0,0,0,0.128712
714019,18,1,187997,52108,45139,135889,276745,0,0,0,0,0.0776914
714020,6,1,195027,53899,47200,141128,286411,0,0,0,0,0.0761905
714021,18,1,193783,53831,46649,139952,286653,0,0,0,0,0.0595496
714024,18,2,200461,56036,49554,144412,300106,1,0,0,0,0.122052
714029,18,1,188029,52110,45153,135919,276747,0,0,0,0,0.0542094
714030,6,1,194995,53894,47194,141101,286390,0,0,0,0,0.0747975
714031,18,1,212973,60830,52653,152143,324760,0,0,0,0,0.0608104
714034,18,1,226456,64264,56391,162192,341388,0,0,0,0,0.064479
714039,18,1,182681,50814,43722,131867,271388,0,0,0,0,0.0553409
714040,18,1,166480,45449,39411,121031,241332,0,0,0,0,0.0618838
714041,18,1,182044,50193,43626,131851,267300,0,0,0,0,0.0667726
714044,18,1,199499,54555,47433,144944,288630,0,0,0,0,0.0565566
714049,18,1,201983,56819,49923,145164,303428,0,0,0,0,0.0699648
714062,36,1,198136,55527,48181,142609,296995,0,0,0,0,0.0577558
714065,36,1,208217,58045,50358,150172,309627,0,0,0,0,0.0570858
714068,36,1,208594,57589,49864,151005,304507,0,0,0,0,0.0576825
714070,6,1,195232,53183,46942,142049,282905,0,0,0,0,0.0733355
714071,18,1,187426,51574,44757,135852,274992,0,0,0,0,0.0580783
714074,18,1,204405,56452,49634,147953,299528,0,0,0,0,0.0569367
714079,18,1,183801,49924,44089,133877,264102,0,0,0,0,0.0551123
714080,6,1,195313,53171,46945,142142,282782,0,0,0,0,0.0729661
714081,18,1,187271,51503,44745,135768,274570,0,0,0,0,0.0644927
714084,18,1,204689,56522,49712,148167,299870,0,0,0,0,0.0691906
714089,18,1,183884,49932,44105,133952,264107,0,0,0,0,0.0822248
714090,6,1,195311,53177,46948,142134,282834,0,0,0,0,0.115568
714091,18,1,209189,57503,50348,151686,305196,0,0,0,0,0.0926319
714094,18,1,225654,62350,54791,163304,330147,0,0,0,0,0.0916488
714099,18,1,181454,49343,43165,132111,262479,0,0,0,0,0.0585605
714100,18,1,170514,46546,40331,123968,248060,0,0,0,0,0.0592574
714101,18,1,182878,49820,43645,133058,265186,0,0,0,0,0.0571082
714104,18,1,203414,55757,49231,147657,295496,0,0,0,0,0.0587973
714109,18,1,195514,53466,47433,142048,284532,0,0,0,0,0.0947795
714122,36,1,190256,52262,45765,137994,279326,0,0,0,0,0.0556994
714125,36,1,202759,56057,49266,146702,299296,0,0,0,0,0.0565353
714128,36,1,206037,56681,49655,149356,300932,0,0,0,0,0.0579726
714130,6,1,193504,52762,46625,140742,280126,0,0,0,0,0.073874
714131,18,1,167967,45665,39744,122302,242725,0,0,0,0,0.0544091
714134,18,1,194847,53456,46603,141391,282136,0,0,0,0,0.0551418
714139,18,1,190866,52157,45725,138709,275021,0,0,0,0,0.054108
714140,6,1,193461,52750,46616,140711,280053,0,0,0,0,0.0739631
714141,18,1,180819,48886,42963,131933,259137,0,0,0,0,0.0554204
714144,18,2,266135,73698,64761,192424,394763,1,0,0,0,0.132763
714149,18,1,183737,49824,43715,133913,263378,0,0,0,0,0.0549272
714150,18,1,182671,49661,42997,133010,263757,0,0,0,0,0.0586689
714151,18,1,207566,57197,49867,150369,303204,0,0,0,0,0.0603221
714154,18,2,268106,73913,65182,194180,394840,1,0,0,0,0.132959
714159,18,2,263269,72763,63650,190493,389482,1,0,0,0,0.125818
714172,36,1,190087,52247,45771,137840,278852,0,0,0,0,0.0544591
714175,36,2,275501,77066,67603,198422,414096,1,0,0,0,0.124844
714178,36,1,203749,55942,48833,147807,297345,0,0,0,0,0.0521944
714180,6,1,193483,52776,46620,140707,280209,0,0,0,0,0.0721942
714181,18,1,200161,54180,47917,145981,285336,0,0,0,0,0.0541473
714184,18,2,268326,74185,65283,194128,396853,1,0,0,0,0.129978
714189,18,2,185074,49864,43536,135198,263744,1,0,0,0,0.107066
714190,18,1,182850,49732,43030,133118,264167,0,0,0,0,0.0566143
714191,18,2,224417,62499,55376,161906,334255,1,0,0,0,0.114448
714194,18,2,268902,74319,65656,194570,397180,1,0,0,0,0.147369
714199,18,2,185664,50478,44299,135174,268334,1,0,0,0,0.111121
714212,36,1,202194,55687,48957,146507,296568,0,0,0,0,0.0557863
714215,36,2,275068,76965,67635,198090,413383,1,0,0,0,0.120754
714218,36,2,187778,51071,44665,136695,271507,1,0,0,0,0.112537
714220,18,1,191394,51613,45154,139781,272218,0,0,0,0,0.0624417
714221,18,1,191418,51593,45155,139825,272054,0,0,0,0,0.0611672
714224,18,2,271253,73910,65462,197330,391770,1,0,0,0,0.160645
714229,18,2,182362,48373,42312,133977,253022,1,0,0,0,0.116894
714242,36,1,201271,54918,47784,146353,290658,0,0,0,0,0.0622286
714245,36,1,203027,56101,49083,146926,298363,0,0,0,0,0.0563588
714248,36,2,184039,50212,43834,133815,266827,1,0,0,0,0.145127
714270,18,1,174232,46617,40944,127615,245872,0,0,0,0,0.050818
714271,18,1,174212,46594,40936,127618,245711,0,0,0,0,0.0505409
714272,18,1,172401,46129,40200,126272,244120,0,0,0,0,0.05469
714273,18,1,195759,53694,47745,142065,285443,0,0,0,0,0.0745568
714274,18,2,252358,68799,61288,183546,364872,1,0,0,0,0.151298
714275,18,1,181836,49151,43317,132685,260018,0,0,0,0,0.0567062
714276,18,1,189684,51472,45087,138212,272700,0,0,0,0,0.0671771
714277,18,2,180014,48096,42165,131906,253661,1,0,0,0,0.117978
714278,18,2,189422,52072,45673,137338,277844,1,0,0,0,0.123212
714279,18,2,188403,50551,44435,137841,265092,1,0,0,0,0.145916
714300,6,1,195507,55105,48554,140402,295266,0,0,0,0,0.0845481
714301,18,1,178401,49949,43114,128452,267390,0,0,0,0,0.0557735
714304,18,1,201853,56500,48707,145353,302246,0,0,0,0,0.0594356
714309,18,1,216895,60391,52305,156504,321795,0,0,0,0,0.0560812
714310,6,1,195472,55094,48534,140378,295179,0,0,0,0,0.0722689
714311,18,1,193918,54235,47570,139683,289695,0,0,0,0,0.0766453
714314,18,1,192187,53692,46968,138495,287090,0,0,0,0,0.0584306
714319,18,1,195018,53640,46656,141378,284548,0,0,0,0,0.0606119
714320,18,1,170634,47206,40918,123428,252046,0,0,0,0,0.0512223
714321,18,1,188848,51456,44752,137392,272074,0,0,0,0,0.0620127
714324,18,2,195115,54224,47152,140878,289931,1,0,0,0,0.16108
714329,18,1,206343,56484,48536,149859,297955,0,0,0,0,0.0887852
714342,36,1,183068,50576,44225,132492,270198,0,0,0,0,0.0555813
714345,36,1,207518,57785,49882,149733,309026,0,0,0,0,0.0561051
714348,36,1,205658,56764,49162,148894,301811,0,0,0,0,0.0857421
714360,6,1,202886,55876,48624,147010,298000,0,0,0,0,0.0874913
714361,18,1,192516,52930,45051,139586,281973,0,0,0,0,0.0549422
714364,18,1,202764,55860,48404,146904,296455,0,0,0,0,0.0549551
714369,18,1,212324,57910,50606,154414,306347,0,0,0,0,0.0536565
714370,6,1,202690,55836,48612,146854,297790,0,0,0,0,0.0726437
714371,18,2,187613,51270,45314,136330,273271,1,0,0,0,0.112997
714374,18,1,193131,53125,46063,140006,282910,0,0,0,0,0.0544464
714379,18,2,302742,84380,74523,218349,450510,1,0,0,0,0.133117
714380,18,1,181341,49840,42411,131501,266062,0,0,0,0,0.0535672
714381,18,1,202226,55937,47895,146289,298007,0,0,0,0,0.0688
714384,18,2,193150,52687,46797,140450,280708,1,0,0,0,0.124233
714389,18,1,208857,57556,50208,151301,304415,0,0,0,0,0.0664269
714402,36,1,193856,53374,46010,140482,284786,0,0,0,0,0.0815759
714405,36,1,211098,58560,50733,152538,312776,0,0,0,0,0.0610833
714408,36,1,206440,57131,49883,149309,302737,0,0,0,0,0.0621371
714410,6,1,197997,54362,47661,143635,289444,0,0,0,0,0.0927748
714411,18,1,173222,47018,40155,126204,249648,0,0,0,0,0.0537402
714414,18,1,192362,52509,45501,139853,278115,0,0,0,0,0.157483
714419,18,1,192609,52095,45442,140514,275188,0,0,0,0,0.0704204
714420,6,1,197869,54318,47633,143551,289192,0,0,0,0,0.111013
714421,18,2,180868,48690,42708,132166,257882,1,0,0,0,0.166167
714424,18,1,197051,54166,47216,142885,288669,0,0,0,0,0.0849158
714429,18,1,199110,54065,47088,145045,285871,0,0,0,0,0.0805355
714430,18,1,174844,48170,41312,126674,258052,0,0,0,0,0.07868
714431,18,2,360136,97360,84771,262763,516377,1,0,0,0,0.221334
714434,18,2,200809,54682,48597,146114,290970,1,0,0,0,0.177629
714439,18,2,277578,77439,68165,200126,414695,1,0,0,0,0.151704
714452,36,1,187854,51172,43978,136682,272590,0,0,0,0,0.0767236
714455,36,1,205861,57206,49671,148655,305550,0,0,0,0,0.0812292
714458,36,1,201480,55282,47921,146198,293669,0,0,0,0,0.0782939
714460,6,1,190954,51881,46309,139073,275572,0,0,0,0,0.091841
714461,18,1,188727,52096,45975,136631,277665,0,0,0,0,0.0662206
714464,18,1,193794,53209,46743,140585,282676,0,0,0,0,0.0598582
714469,18,1,189197,51551,45385,137646,272485,0,0,0,0,0.0598112
714470,18,1,175317,47896,42149,127421,254965,0,0,0,0,0.0586734
714471,18,1,183855,49725,43106,134130,264014,0,0,0,0,0.0535313
714474,18,2,275507,76479,67372,199015,409627,1,0,0,0,0.142749
714479,18,1,200885,54256,47474,146629,286295,0,0,0,0,0.0806269
714492,36,1,208820,57844,50447,150976,309140,0,0,0,0,0.0810704
714495,36,1,208396,57877,50263,150519,309404,0,0,0,0,0.0586064
714498,36,1,199722,55265,47895,144457,294436,0,0,0,0,0.0550427
714500,18,1,192246,52388,46237,139858,277090,0,0,0,0,0.0564099
714501,18,1,185840,50430,43708,135410,266146,0,0,0,0,0.0528267
714504,18,2,256595,70751,62693,185832,376153,1,0,0,0,0.13225
714509,18,2,252903,68958,60869,183932,363921,1,0,0,0,0.123987
714522,36,1,200535,54830,47727,145705,290191,0,0,0,0,0.0537731
714525,36,1,207923,57921,50454,150002,308870,0,0,0,0,0.0554964
714528,36,1,199041,55058,48007,143983,293277,0,0,0,0,0.0527227
714550,18,1,173706,46816,41549,126890,247540,0,0,0,0,0.0548593
714551,18,2,193518,52082,46064,141424,274661,1,0,0,0,0.111385
714552,18,1,191434,51841,45035,139593,273417,0,0,0,0,0.0568875
714553,18,1,202403,55368,48375,147035,291989,0,0,0,0,0.0700498
714554,18,1,194690,53189,46235,141501,281159,0,0,0,0,0.0626126
714555,18,2,192329,52493,46486,139824,278731,1,0,0,0,0.146754
714556,18,1,196357,53739,47027,142618,284825,0,0,0,0,0.0815911
714557,18,2,191778,51295,45515,140471,271122,1,0,0,0,0.135806
714558,18,1,196187,53556,47018,142631,283465,0,0,0,0,0.0556847
714559,18,2,260416,71575,63127,188829,379111,1,0,0,0,0.13272
714590,6,1,195557,55111,48534,140446,295241,0,0,0,0,0.0691082
714591,18,1,211150,59244,52299,151906,314745,0,0,0,0,0.0546242
714594,18,1,194540,54586,48012,139954,292420,0,0,0,0,0.0543887
714599,18,1,185683,51394,44425,134289,273989,0,0,0,0,0.0514094
714600,18,1,170608,47197,40910,123411,251988,0,0,0,0,0.0527333
714601,18,1,200460,54763,47519,145697,289006,0,0,0,0,0.0555684
714604,18,1,187923,51364,44658,136559,272211,0,0,0,0,0.0531689
714609,18,1,191113,52231,44967,138882,276175,0,0,0,0,0.0549822
714622,36,1,193793,53350,46762,140443,283815,0,0,0,0,0.0552521
714625,36,1,209352,58215,50456,151137,311201,0,0,0,0,0.0533308
714628,36,1,195273,53921,46790,141352,287182,0,0,0,0,0.0506269
714650,6,1,202806,55856,48617,146950,297903,0,0,0,0,0.0798382
714651,18,2,194804,53716,47396,141075,286876,1,0,0,0,0.123127
714654,18,1,196615,54173,46742,142442,289032,0,0,0,0,0.0631774
714659,18,2,291168,80778,71021,210377,431915,1,0,0,0,0.166959
714660,18,1,181549,49897,42444,131652,266410,0,0,0,0,0.0574815
714661,18,1,217314,60148,51865,157166,319503,0,0,0,0,0.0558969
714664,18,1,191014,52672,46283,138342,281374,0,0,0,0,0.0741428
714669,18,1,190134,52148,45261,137986,277320,0,0,0,0,0.0701759
714682,36,1,208162,57601,50074,150561,307340,0,0,0,0,0.060752
714685,36,1,216052,59934,51892,156118,320711,0,0,0,0,0.0637825
714688,36,1,194404,53627,46402,140777,285673,0,0,0,0,0.0890736
714700,6,1,197865,54306,47610,143559,289106,0,0,0,0,0.0830475
714701,18,2,187228,51034,44789,136182,271295,1,0,0,0,0.140833
714704,18,1,198706,54281,47443,144425,288411,0,0,0,0,0.0794767
714709,18,2,185089,49857,43685,135219,263839,1,0,0,0,0.138873
714710,18,1,174665,48100,41262,126565,257610,0,0,0,0,0.0641032
714711,18,2,273420,75932,66213,197475,407004,1,0,0,0,0.14133
714714,18,2,200486,54720,48478,145753,291309,1,0,0,0,0.134218
714719,18,2,197132,54181,47923,142938,288768,1,0,0,0,0.127026
714732,36,1,203977,56264,48752,147713,300110,0,0,0,0,0.0668403
714735,36,1,211859,58815,51021,153044,314124,0,0,0,0,0.0786743
714738,36,2,195912,53663,47052,142236,286056,1,0,0,0,0.135709
714740,6,1,190726,51807,46245,138919,275218,0,0,0,0,0.0922839
714741,18,1,189254,51860,45917,137394,276267,0,0,0,0,0.0639102
714744,18,1,202156,55856,49112,146300,297718,0,0,0,0,0.0628631
714749,18,1,183731,49814,44107,133917,263451,0,0,0,0,0.0543335
714750,18,1,175168,47843,42108,127325,254688,0,0,0,0,0.0585412
714751,18,1,185706,50360,43983,135346,267514,0,0,0,0,0.0529369
714754,18,2,273406,75852,66721,197541,406339,1,0,0,0,0.141555
714759,18,1,195829,53151,46227,142678,281654,0,0,0,0,0.0780518
714772,36,1,208302,57331,50128,150971,305984,0,0,0,0,0.0656198
714775,36,1,214673,59395,51634,155278,317062,0,0,0,0,0.0552375
714778,36,1,200402,55542,48426,144860,296719,0,0,0,0,0.0539305
714780,18,1,192145,52326,46196,139819,276716,0,0,0,0,0.0541622
714781,18,1,185685,50397,43682,135288,265971,0,0,0,0,0.0534877
714784,18,2,256579,70741,62679,185826,376081,1,0,0,0,0.134225
714789,18,2,252975,68973,60891,183989,363997,1,0,0,0,0.127845
714802,36,1,189831,51905,45074,137926,276231,0,0,0,0,0.051208
714805,36,1,207832,57382,49877,150450,305115,0,0,0,0,0.0578858
714808,36,1,196267,53934,47014,142333,287143,0,0,0,0,0.0555343
714830,18,1,173537,46786,41520,126751,247408,0,0,0,0,0.0544702
714831,18,2,193777,52162,46145,141603,275126,1,0,0,0,0.111574
714832,18,1,180453,48688,42441,131765,258015,0,0,0,0,0.0689819
714833,18,1,182520,49884,43594,132636,264993,0,0,0,0,0.0567307
714834,18,1,194744,53205,46228,141539,281259,0,0,0,0,0.0569094
714835,18,2,248472,68922,61033,179537,368489,1,0,0,0,0.13123
714836,18,1,193929,52811,46266,141118,279649,0,0,0,0,0.0556319
714837,18,2,328412,89082,78944,239317,471661,1,0,0,0,0.151417
714838,18,1,191867,52157,45676,139710,276470,0,0,0,0,0.0577386
714839,18,2,260041,71515,63083,188514,378877,1,0,0,0,0.157974
714880,18,1,180034,49058,42802,130976,259261,0,0,0,0,0.055853
714881,18,1,188547,50726,44416,137821,265257,0,0,0,0,0.0494657
714884,18,2,287704,81340,70860,206352,436238,1,0,0,0,0.146395
714889,18,1,181727,49618,42631,132109,262960,0,0,0,0,0.0585148
714902,36,1,189646,51883,45252,137763,274118,0,0,0,0,0.063232
714905,36,1,205693,57200,49886,148493,305531,0,0,0,0,0.0556146
714908,36,1,202293,56213,48891,146080,300201,0,0,0,0,0.0596356
714940,18,1,196301,53694,46482,142607,285359,0,0,0,0,0.0668439
714941,18,1,211060,58118,50366,152942,307573,0,0,0,0,0.064927
714944,18,1,193315,53894,47169,139421,288570,0,0,0,0,0.0733766
714949,18,1,181639,49964,43162,131675,266467,0,0,0,0,0.057906
714962,36,1,202370,55566,48427,146804,295122,0,0,0,0,0.06112
714965,36,1,210559,58677,51518,151882,314205,0,0,0,0,0.0633198
714968,36,1,202410,56153,49036,146257,300076,0,0,0,0,0.0597931
714990,18,2,192463,52525,45964,139925,279582,1,0,0,0,0.123784
714991,18,2,193910,52775,46363,141122,280614,1,0,0,0,0.120213
714994,18,2,289463,80829,71402,208621,432397,1,0,0,0,0.151412
714999,18,2,194786,53269,47140,141507,283345,1,0,0,0,0.147307
715012,36,1,200970,55209,48026,145761,293040,0,0,0,0,0.0789978
715015,36,1,215839,59979,52406,155860,320185,0,0,0,0,0.0694956
715018,36,1,212816,59220,51516,153596,316540,0,0,0,0,0.0718478
715030,18,2,230771,64969,57420,165790,348620,1,0,0,0,0.206387
715031,18,1,197122,54558,47430,142564,291562,0,0,0,0,0.0683958
715034,18,2,198028,53983,47674,144032,286729,1,0,0,0,0.151182
715039,18,1,186929,50415,44182,136514,265493,0,0,0,0,0.0539357
715052,36,2,280205,78696,69305,201496,423293,1,0,0,0,0.138979
715055,36,1,220803,61350,53571,159453,328298,0,0,0,0,0.0579133
715058,36,1,207695,57747,50425,149948,309265,0,0,0,0,0.0579027
715060,18,2,202055,55234,48768,146808,293437,1,0,0,0,0.128176
715061,18,2,195113,52445,46213,142655,277000,1,0,0,0,0.183414
715064,18,2,203757,55780,49551,147964,295790,1,0,0,0,0.138736
715069,18,1,177662,48265,42511,129397,255875,0,0,0,0,0.052293
715082,36,2,275954,77377,67829,198564,416474,1,0,0,0,0.139799
715085,36,1,213628,59064,51681,154564,315296,0,0,0,0,0.0626433
715088,36,1,205789,56999,49977,148790,304818,0,0,0,0,0.0552518
715110,18,1,169495,45268,39853,124227,239409,0,0,0,0,0.0577874
715111,18,2,267807,73015,64450,194780,387481,1,0,0,0,0.132206
715112,18,1,173437,46938,40796,126499,249253,0,0,0,0,0.0528465
715113,18,1,178143,49391,43002,128752,263981,0,0,0,0,0.0587861
715114,18,1,191964,52211,45723,139753,276847,0,0,0,0,0.076683
715115,18,2,182631,49209,43432,133409,260470,1,0,0,0,0.157522
715116,18,1,195480,53924,47632,141556,287157,0,0,0,0,0.0615009
715117,18,2,324673,87778,77647,236882,464560,1,0,0,0,0.187649
715118,18,1,193864,52670,46410,141194,277478,0,0,0,0,0.0605902
715119,18,1,181957,49391,43304,132566,261854,0,0,0,0,0.0577561
715390,18,1,192158,52417,46722,139741,278451,0,0,0,0,0.0964509
715391,18,1,199224,54156,47568,145068,284143,0,0,0,0,0.0652715
715392,18,1,181060,49155,43147,131905,259988,0,0,0,0,0.058667
715393,18,1,177540,48478,42283,129062,258021,0,0,0,0,0.060217
715394,18,1,199877,54950,48336,144927,291629,0,0,0,0,0.0600734
715395,18,1,196361,53936,47507,142425,286271,0,0,0,0,0.0592663
715396,18,1,191868,52283,45824,139585,277057,0,0,0,0,0.0573935
715397,18,1,201805,54438,48164,147367,283982,0,0,0,0,0.0627403
715398,18,1,184281,49725,44140,134556,261698,0,0,0,0,0.0758811
715399,18,1,174555,46895,41320,127660,247703,0,0,0,0,0.075143
715520,36,1,194979,53960,46536,141019,287942,0,0,0,0,0.0717237
715521,36,1,209106,57409,49805,151697,303934,0,0,0,0,0.0874942
715522,36,1,208341,58237,50183,150104,309354,0,0,0,0,0.0663188
715523,36,1,211802,59565,51839,152237,319572,0,0,0,0,0.0807995
715524,36,1,211828,58507,50761,153321,312235,0,0,0,0,0.0877649
715525,36,1,201170,55132,48259,146038,293111,0,0,0,0,0.0789623
715526,36,1,218461,61357,53071,157104,328337,0,0,0,0,0.0624928
715527,36,1,192592,52760,45789,139832,279599,0,0,0,0,0.0547881
715528,36,1,200424,55871,47991,144553,298902,0,0,0,0,0.0587767
715529,36,1,184007,50917,43300,133090,271763,0,0,0,0,0.0564163
715570,36,1,193082,53347,46460,139735,284392,0,0,0,0,0.0598276
715571,36,1,201847,55540,48441,146307,295193,0,0,0,0,0.0587704
715572,36,1,198359,54822,47205,143537,292051,0,0,0,0,0.0848228
715573,36,1,205672,57530,50160,148142,308547,0,0,0,0,0.0835784
715574,36,1,206165,56910,49649,149255,302900,0,0,0,0,0.0589505
715575,36,1,200048,54729,48072,145319,290881,0,0,0,0,0.0543949
715576,36,1,206966,57135,49366,149831,305227,0,0,0,0,0.0569275
715577,36,1,197848,54100,47596,143748,287234,0,0,0,0,0.0590054
715578,36,1,203861,56356,48677,147505,300780,0,0,0,0,0.0580748
715579,36,2,270750,74809,65508,195928,399938,1,0,0,0,0.142166
715610,36,1,193667,54099,47585,139568,289818,0,0,0,0,0.0649921
715611,36,1,210436,57471,49554,152965,305656,0,0,0,0,0.0576458
715612,36,1,199189,54606,47566,144583,290945,0,0,0,0,0.0528716
715613,36,1,206744,56978,49347,149766,303528,0,0,0,0,0.0595089
715614,36,1,212839,58766,50980,154073,313546,0,0,0,0,0.0575601
715615,36,1,214096,59447,51528,154649,317172,0,0,0,0,0.0584646
715616,36,2,279904,78711,69120,201180,423621,1,0,0,0,0.136193
715617,36,1,200602,55362,48345,145240,295505,0,0,0,0,0.0580439
715618,36,1,215935,59568,51710,156367,317172,0,0,0,0,0.0600363
715619,36,1,196154,53640,46997,142514,283667,0,0,0,0,0.0569314
715640,36,1,200505,55565,48987,144940,295902,0,0,0,0,0.0625716
715641,36,2,278606,77535,68107,201058,415242,1,0,0,0,0.133881
715642,36,1,193239,52981,46020,140258,282169,0,0,0,0,0.0540438
715643,36,1,186404,50838,43778,135566,270613,0,0,0,0,0.0605227
715644,36,1,206781,57115,49523,149666,304372,0,0,0,0,0.0563699
715645,36,1,211260,58581,50821,152679,312275,0,0,0,0,0.0595073
715646,36,2,272557,76613,67596,195931,411942,1,0,0,0,0.136804
715647,36,1,194365,53570,47035,140795,286016,0,0,0,0,0.0536778
715648,36,1,216998,59890,52052,157108,318723,0,0,0,0,0.0615094
715649,36,1,186490,50778,44325,135712,269450,0,0,0,0,0.0561582
715660,36,1,195127,54259,47144,140868,288929,0,0,0,0,0.0661867
715661,36,1,194291,52778,46077,141513,277601,0,0,0,0,0.0579803
715662,36,1,181854,49526,43095,132328,262783,0,0,0,0,0.054174
715663,36,1,169452,45884,39320,123568,243919,0,0,0,0,0.053061
715664,36,1,203014,56210,49296,146804,298890,0,0,0,0,0.0624727
715665,36,1,198213,54093,47486,144120,286650,0,0,0,0,0.054896
715666,36,2,261646,72214,63579,189421,385532,1,0,0,0,0.137835
715667,36,1,189331,52295,45758,137036,278780,0,0,0,0,0.0585234
715668,36,1,195135,53135,46687,142000,279993,0,0,0,0,0.0608969
715669,36,1,184526,49897,43617,134629,264053,0,0,0,0,0.0520095
715970,6,1,192699,53347,46983,139352,284578,0,0,0,0,0.0878347
715971,18,1,187329,51731,44814,135598,276292,0,0,0,0,0.0662413
715974,18,2,199174,54748,48206,144413,290746,1,0,0,0,0.127812
715979,18,1,189176,51894,45621,137282,275162,0,0,0,0,0.0623863
715980,6,1,192677,53341,46972,139336,284542,0,0,0,0,0.0873721
715981,18,1,187315,51725,44805,135590,276258,0,0,0,0,0.0682426
715984,18,2,199328,54815,48284,144500,291130,1,0,0,0,0.127335
715989,18,1,189461,51961,45696,137500,275492,0,0,0,0,0.0613427
715990,6,1,192671,53339,46977,139332,284529,0,0,0,0,0.084569
715991,18,1,206576,57273,50237,149303,305189,0,0,0,0,0.0647526
715994,18,1,217205,60085,52981,157120,318915,0,0,0,0,0.0685685
715999,18,1,178276,48466,42375,129810,257411,0,0,0,0,0.0614949
716000,18,1,174635,48311,41919,126324,257815,0,0,0,0,0.0638978
716001,18,1,188271,52148,45793,136123,278496,0,0,0,0,0.068146
716004,18,1,198227,54642,48135,143585,290353,0,0,0,0,0.0610745
716009,18,1,198400,55447,49254,142953,296161,0,0,0,0,0.0847619
716022,36,1,194055,54316,47551,139739,291333,0,0,0,0,0.0638557
716025,36,1,200085,55602,48747,144483,296787,0,0,0,0,0.062303
716028,36,1,202708,56285,48832,146423,300166,0,0,0,0,0.065389
716030,6,1,193976,53844,47435,140132,287514,0,0,0,0,0.0851128
716031,18,1,187721,52001,45013,135720,278107,0,0,0,0,0.0656689
716034,18,2,201019,55251,48754,145755,293633,1,0,0,0,0.123298
716039,18,1,189842,52290,45920,137552,277684,0,0,0,0,0.0591691
716040,6,1,193885,53812,47411,140073,287324,0,0,0,0,0.0924026
716041,18,1,187638,51975,44989,135663,277955,0,0,0,0,0.0898309
716044,18,2,201097,55303,48836,145781,293946,1,0,0,0,0.129996
716049,18,1,190112,52350,45994,137762,277968,0,0,0,0,0.0623053
716050,6,1,193830,53798,47402,140032,287239,0,0,0,0,0.0908019
716051,18,1,208061,57799,50760,150262,308057,0,0,0,0,0.0917453
716054,18,1,218602,60683,53486,157919,322404,0,0,0,0,0.0756494
716059,18,1,179322,48921,42749,130401,260078,0,0,0,0,0.0587708
716060,18,1,176150,48819,42304,127331,260691,0,0,0,0,0.0602971
716061,18,1,189313,52581,46078,136732,281077,0,0,0,0,0.0612595
716064,18,1,199165,55031,48410,144134,292656,0,0,0,0,0.0612046
716069,18,1,199859,56022,49759,143837,299444,0,0,0,0,0.0813117
716082,36,1,194890,54735,47889,140155,293809,0,0,0,0,0.0605846
716085,36,1,200840,55992,49073,144848,299128,0,0,0,0,0.0630149
716088,36,1,203358,56580,49100,146778,301896,0,0,0,0,0.0682337
716090,6,1,155358,41199,35912,114159,219081,0,0,0,0,0.0770608
716091,18,1,135966,36140,31309,99826,192958,0,0,0,0,0.0551893
716094,18,1,175017,48497,42688,126520,259648,0,0,0,0,0.0604595
716099,18,1,174132,48082,42482,126050,257453,0,0,0,0,0.0604751
716100,6,1,155307,41186,35902,114121,219003,0,0,0,0,0.0768295
716101,18,1,156137,41897,36666,114240,223544,0,0,0,0,0.0550495
716104,18,1,188479,52843,46680,135636,283171,0,0,0,0,0.0608644
716109,18,1,190065,53066,47154,136999,284346,0,0,0,0,0.0606312
716110,18,1,150461,39918,34423,110543,212363,0,0,0,0,0.0560074
716111,18,1,169737,46526,40517,123211,248050,0,0,0,0,0.0582116
716114,18,1,188447,52314,46003,136133,279345,0,0,0,0,0.0606868
716119,18,1,187147,51763,45604,135384,276167,0,0,0,0,0.0583366
716132,36,1,160504,43367,37752,117137,232454,0,0,0,0,0.0531433
716135,36,1,196394,55234,48598,141160,296318,0,0,0,0,0.0566096
716138,36,1,200079,55751,48958,144328,298419,0,0,0,0,0.0579653
716140,6,1,155360,41211,35923,114149,219155,0,0,0,0,0.0798224
716141,18,1,172713,46345,40708,126368,245409,0,0,0,0,0.0555395
716144,18,1,199175,55545,49077,143630,296148,0,0,0,0,0.0614846
716149,18,1,211680,59439,52803,152241,317170,0,0,0,0,0.0655351
716150,18,1,150447,39934,34431,110513,212508,0,0,0,0,0.055183
716151,18,1,184475,50645,44187,133830,269142,0,0,0,0,0.0591769
716154,18,1,197039,54214,47603,142825,288259,0,0,0,0,0.0573202
716159,18,1,199074,54900,48295,144174,291843,0,0,0,0,0.0581441
716172,36,1,173512,47365,41563,126147,254345,0,0,0,0,0.0569918
716175,36,1,203955,57218,50451,146737,305958,0,0,0,0,0.0591419
716178,36,1,211977,59374,52172,152603,317636,0,0,0,0,0.0608053
716180,18,1,163433,43572,37939,119861,230957,0,0,0,0,0.0515655
716181,18,1,163444,43596,37958,119848,231132,0,0,0,0,0.0544929
716184,18,1,194269,53051,46837,141218,280348,0,0,0,0,0.055211
716189,18,1,195496,53458,47331,142038,282479,0,0,0,0,0.0562943
716202,36,1,167923,45027,38986,122896,239371,0,0,0,0,0.0554526
716205,36,1,208497,58199,50908,150298,311688,0,0,0,0,0.0577123
716208,36,1,208639,58323,50938,150316,312642,0,0,0,0,0.061336
716230,18,1,144250,38050,33311,106200,202297,0,0,0,0,0.051797
716231,18,1,144229,38031,33294,106198,202148,0,0,0,0,0.0507212
716232,18,1,143577,37620,32822,105957,199928,0,0,0,0,0.0547371
716233,18,1,155608,41245,36228,114363,219382,0,0,0,0,0.0733577
716234,18,1,175546,48152,42436,127394,254876,0,0,0,0,0.0574566
716235,18,1,179675,49691,44022,129984,265553,0,0,0,0,0.0580348
716236,18,1,179862,49453,43622,130409,264049,0,0,0,0,0.0575993
716237,18,1,179588,49646,43744,129942,265971,0,0,0,0,0.0574613
716238,18,1,183462,50696,44671,132766,270724,0,0,0,0,0.057929
716239,18,1,180105,49741,43909,130364,263764,0,0,0,0,0.0606804
716260,6,1,206780,57896,50472,148884,309987,0,0,0,0,0.0762084
716261,18,1,188565,52001,44372,136564,277302,0,0,0,0,0.0597955
716264,18,1,199685,55267,47646,144418,293296,0,0,0,0,0.0542684
716269,18,1,206963,56406,49142,150557,297823,0,0,0,0,0.0523568
716270,6,1,206776,57899,50477,148877,310007,0,0,0,0,0.0756031
716271,18,1,206154,56848,49130,149306,301645,0,0,0,0,0.0577556
716274,18,1,193744,53283,45944,140461,283494,0,0,0,0,0.0557206
716279,18,1,196111,53321,46208,142790,281859,0,0,0,0,0.0540219
716280,18,1,184976,51073,43483,133903,272743,0,0,0,0,0.0548743
716281,18,1,198427,54387,46841,144040,288656,0,0,0,0,0.0559658
716284,18,1,179144,48794,42717,130350,259272,0,0,0,0,0.0520959
716289,18,1,198075,54535,47756,143540,289781,0,0,0,0,0.0615825
716302,36,1,192849,52877,45691,139972,281451,0,0,0,0,0.052964
716305,36,1,209094,58077,50583,151017,310274,0,0,0,0,0.0557978
716308,36,1,200660,55302,47621,145358,293880,0,0,0,0,0.055628
716320,6,1,207639,58285,50763,149354,312263,0,0,0,0,0.0751264
716321,18,1,188984,52144,44410,136840,277975,0,0,0,0,0.0548196
716324,18,1,200297,55376,47814,144921,293747,0,0,0,0,0.0563949
716329,18,1,208519,56871,49509,151648,300336,0,0,0,0,0.0552087
716330,6,1,207594,58281,50767,149313,312257,0,0,0,0,0.0779456
716331,18,1,207483,57204,49475,150279,303355,0,0,0,0,0.0571015
716334,18,1,195782,53947,46424,141835,287031,0,0,0,0,0.0725094
716339,18,1,197774,53790,46596,143984,284295,0,0,0,0,0.0778279
716340,18,1,186468,51539,43837,134929,275211,0,0,0,0,0.0662469
716341,18,1,199353,54692,47140,144661,290376,0,0,0,0,0.0611217
716344,18,1,180591,49259,42998,131332,261837,0,0,0,0,0.0528991
716349,18,1,199344,55038,48234,144306,292716,0,0,0,0,0.0634284
716362,36,1,194956,53590,46147,141366,285389,0,0,0,0,0.0557668
716365,36,1,209979,58467,50951,151512,312458,0,0,0,0,0.0739804
716368,36,1,200874,55458,47855,145416,294747,0,0,0,0,0.0665533
716370,6,1,176364,48496,42593,127868,260391,0,0,0,0,0.0958585
716371,18,1,153749,42337,36373,111412,228098,0,0,0,0,0.123415
716374,18,1,189515,53832,46852,135683,290500,0,0,0,0,0.0811292
716379,18,1,184464,51842,45216,132622,278924,0,0,0,0,0.0589828
716380,6,1,176500,48536,42605,127964,260611,0,0,0,0,0.0746985
716381,18,1,169895,46976,40738,122919,252780,0,0,0,0,0.0534831
716384,18,1,209493,60208,52577,149285,325136,0,0,0,0,0.0621793
716389,18,1,207838,59107,51814,148731,318465,0,0,0,0,0.0619644
716390,18,1,163785,44976,38677,118809,241780,0,0,0,0,0.061579
716391,18,2,328746,89293,77332,239441,477227,1,0,0,0,0.205349
716394,18,2,225756,63519,55881,162224,342028,1,0,0,0,0.161053
716399,18,2,222438,62375,54866,160050,335803,1,0,0,0,0.14193
716412,36,1,167484,45829,40126,121655,246417,0,0,0,0,0.0604931
716415,36,1,201767,56913,49413,144854,306105,0,0,0,0,0.0713158
716418,36,1,201959,56739,49151,145220,304908,0,0,0,0,0.0596102
716420,6,1,185012,49920,43688,135092,265310,0,0,0,0,0.0927557
716421,18,1,173667,46926,40467,126741,249706,0,0,0,0,0.0680781
716424,18,1,212972,60198,53197,152774,322045,0,0,0,0,0.0777706
716429,18,1,209489,58284,51484,151205,310229,0,0,0,0,0.0748603
716430,18,1,170099,46544,39741,123555,248510,0,0,0,0,0.0878047
716431,18,1,172405,47455,41063,124950,254635,0,0,0,0,0.0563638
716434,18,1,201091,56334,48757,144757,301683,0,0,0,0,0.0562545
716439,18,1,201674,56433,49126,145241,302359,0,0,0,0,0.0673356
716452,36,1,182698,50136,43232,132562,268347,0,0,0,0,0.0769822
716455,36,1,215929,61115,53455,154814,328552,0,0,0,0,0.0708366
716458,36,1,214446,60615,52790,153831,325971,0,0,0,0,0.0859067
716460,18,1,181699,49075,42445,132624,259461,0,0,0,0,0.0600163
716461,18,1,167359,45112,38981,122247,239798,0,0,0,0,0.0668076
716464,18,1,194271,53037,46161,141234,280194,0,0,0,0,0.0556644
716469,18,1,194343,53060,46278,141283,280330,0,0,0,0,0.0558254
716482,36,1,181075,49021,42078,132054,261053,0,0,0,0,0.0553221
716485,36,1,212833,59448,51607,153385,317491,0,0,0,0,0.080989
716488,36,1,215268,60060,52169,155208,320794,0,0,0,0,0.0786397
716510,18,1,166148,44183,38331,121965,233356,0,0,0,0,0.0861392
716511,18,1,174386,46295,40351,128091,244148,0,0,0,0,0.0739186
716512,18,1,175482,46764,40838,128718,247391,0,0,0,0,0.0556211
716513,18,1,167300,44384,38607,122916,235043,0,0,0,0,0.0551742
716514,18,1,189882,51122,44714,138760,269495,0,0,0,0,0.0519258
716515,18,2,242223,69158,60875,173052,374462,1,0,0,0,0.13497
716516,18,1,203367,54965,48305,148402,288228,0,0,0,0,0.0572163
716517,18,1,202536,54668,47940,147868,286765,0,0,0,0,0.0782889
716518,18,2,239475,68391,60128,171071,370336,1,0,0,0,0.1474
716519,18,1,191054,51763,45186,139291,273131,0,0,0,0,0.0642626
716550,6,1,206275,57803,50414,148472,309564,0,0,0,0,0.0898386
716551,18,1,217775,59846,51831,157929,316925,0,0,0,0,0.0688989
716554,18,1,198936,54608,47088,144328,290743,0,0,0,0,0.0689664
716559,18,1,187409,51091,44015,136318,271127,0,0,0,0,0.0791094
716560,18,1,184895,51095,43492,133800,272939,0,0,0,0,0.058207
716561,18,1,208476,56772,48922,151704,300282,0,0,0,0,0.0594314
716564,18,1,179046,48509,42377,130537,257417,0,0,0,0,0.0567279
716569,18,1,185084,50699,44296,134385,269582,0,0,0,0,0.0724073
716582,36,1,202105,55258,47648,146847,293486,0,0,0,0,0.0829558
716585,36,1,209819,57782,50195,152037,308251,0,0,0,0,0.0609442
716588,36,1,192584,52948,45616,139636,281855,0,0,0,0,0.0645626
716610,6,1,207261,58221,50736,149040,311980,0,0,0,0,0.105562
716611,18,1,219031,60209,52192,158822,318707,0,0,0,0,0.0615621
716614,18,1,200687,55159,47491,145528,293555,0,0,0,0,0.0576951
716619,18,1,189105,51543,44360,137562,273414,0,0,0,0,0.0540426
716620,18,1,186511,51590,43851,134921,275547,0,0,0,0,0.0564196
716621,18,1,209450,57057,49230,152393,301760,0,0,0,0,0.0570133
716624,18,1,180100,48834,42542,131266,259191,0,0,0,0,0.055554
716629,18,1,186001,51097,44629,134904,271975,0,0,0,0,0.081704
716642,36,1,204022,55956,48133,148066,297357,0,0,0,0,0.0620356
716645,36,1,211082,58236,50589,152846,310745,0,0,0,0,0.0704501
716648,36,1,193153,53248,45920,139905,283636,0,0,0,0,0.0798277
716660,6,1,176359,48522,42596,127837,260574,0,0,0,0,0.0800353
716661,18,1,186954,51474,44532,135480,275882,0,0,0,0,0.0586113
716664,18,1,220268,62820,55041,157448,337986,0,0,0,0,0.0674083
716669,18,1,225663,64242,56407,161421,345671,0,0,0,0,0.0797248
716670,18,1,163618,44956,38651,118662,241751,0,0,0,0,0.0622851
716671,18,2,340446,92918,80777,247516,496566,1,0,0,0,0.19138
716674,18,2,228814,64648,57052,164153,348448,1,0,0,0,0.145908
716679,18,2,229977,64758,57276,165206,348994,1,0,0,0,0.135723
716692,36,1,180475,49560,43388,130915,266324,0,0,0,0,0.0534836
716695,36,1,210864,59457,51753,151407,318893,0,0,0,0,0.065992
716698,36,1,214631,60279,52514,154352,322985,0,0,0,0,0.06717
716700,6,1,185328,49981,43734,135347,265588,0,0,0,0,0.0983749
716701,18,1,174786,46874,40687,127912,248774,0,0,0,0,0.0754014
716704,18,1,209871,59252,52442,150619,316852,0,0,0,0,0.0758147
716709,18,1,214877,60314,53318,154563,321790,0,0,0,0,0.078912
716710,18,1,170007,46515,39725,123492,248361,0,0,0,0,0.0833912
716711,18,1,173157,47450,41008,125707,254619,0,0,0,0,0.0844992
716714,18,1,203728,57039,49367,146689,305444,0,0,0,0,0.0658237
716719,18,1,202806,56750,49616,146056,303861,0,0,0,0,0.0706386
716732,36,1,184064,50038,43301,134026,267165,0,0,0,0,0.0546568
716735,36,1,217150,61475,53469,155675,330682,0,0,0,0,0.0615016
716738,36,1,215328,60819,53081,154509,327220,0,0,0,0,0.0610858
716740,18,1,181979,49114,42469,132865,259590,0,0,0,0,0.0594919
716741,18,1,167102,45078,38945,122024,239698,0,0,0,0,0.0503512
716744,18,1,194312,53054,46202,141258,280302,0,0,0,0,0.0541549
716749,18,1,194339,53070,46320,141269,280409,0,0,0,0,0.0532541
716762,36,1,173918,47339,40495,126579,253439,0,0,0,0,0.0563336
716765,36,1,205179,57347,49746,147832,307432,0,0,0,0,0.0588588
716768,36,1,208374,58310,50679,150064,312797,0,0,0,0,0.0586299
716790,18,1,166116,44193,38337,121923,233452,0,0,0,0,0.0576143
716791,18,1,173905,46226,40313,127679,243905,0,0,0,0,0.0486629
716792,18,1,164312,44034,38112,120278,234880,0,0,0,0,0.0541235
716793,18,1,152970,40601,35495,112369,216437,0,0,0,0,0.0636636
716794,18,1,189674,51103,44668,138571,269460,0,0,0,0,0.051931
716795,18,2,237878,67535,59504,170330,365505,1,0,0,0,0.125367
716796,18,1,191343,52003,45726,139340,274912,0,0,0,0,0.0574236
716797,18,1,192771,52485,45920,140286,277731,0,0,0,0,0.0757967
716798,18,2,235590,66817,58675,168760,361601,1,0,0,0,0.126206
716799,18,1,190799,51729,45173,139070,273021,0,0,0,0,0.0548179
716840,18,2,303954,85077,74259,218865,456649,1,0,0,0,0.16063
716841,18,2,191675,52325,46036,139339,278448,1,0,0,0,0.164751
716844,18,1,184773,50499,43862,134274,268764,0,0,0,0,0.0659399
716849,18,1,180259,49574,43090,130685,264173,0,0,0,0,0.0936093
716862,36,1,202718,55300,47597,147418,293627,0,0,0,0,0.059837
716865,36,1,214379,59358,51651,155021,317532,0,0,0,0,0.0613038
716868,36,1,203155,56061,48478,147094,299282,0,0,0,0,0.0569979
716900,18,2,280689,78357,68440,202320,420909,1,0,0,0,0.172836
716901,18,2,193382,52785,46380,140586,281055,1,0,0,0,0.117541
716904,18,1,186159,50852,44097,135307,270654,0,0,0,0,0.055824
716909,18,1,180589,49900,43445,130689,266385,0,0,0,0,0.0674327
716922,36,1,203116,55515,47685,147601,294894,0,0,0,0,0.0603685
716925,36,1,214775,59456,51773,155319,317888,0,0,0,0,0.0620909
716928,36,1,203855,56352,48753,147503,300887,0,0,0,0,0.0581247
716950,18,1,185875,50986,44354,134889,272336,0,0,0,0,0.0536305
716951,18,1,193518,53049,46135,140469,282105,0,0,0,0,0.0541358
716954,18,2,236190,67217,59607,168960,363072,1,0,0,0,0.155077
716959,18,2,242467,68963,61195,173491,372832,1,0,0,0,0.129287
716972,36,1,179566,48696,42483,130870,259647,0,0,0,0,0.057282
716975,36,1,216720,60827,52545,155893,326609,0,0,0,0,0.0651896
716978,36,1,219637,61791,53479,157846,332343,0,0,0,0,0.059502
716990,18,1,204560,56810,49064,147750,302824,0,0,0,0,0.0732803
716991,18,1,174449,47437,41039,127012,253399,0,0,0,0,0.0550967
716994,18,2,282907,79294,69681,203600,426802,1,0,0,0,0.136209
716999,18,2,298255,83963,73702,214279,452620,1,0,0,0,0.14164
717012,36,1,194151,53566,46502,140585,288399,0,0,0,0,0.0583157
717015,36,1,226584,63800,55731,162784,343278,0,0,0,0,0.0653421
717018,36,1,226931,63906,55708,163025,343836,0,0,0,0,0.0622412
717020,18,1,208630,57688,49840,150942,306286,0,0,0,0,0.0699113
717021,18,1,170447,45763,39490,124684,243470,0,0,0,0,0.0784276
717024,18,2,287277,80379,70436,206885,432552,1,0,0,0,0.168179
717029,18,2,307663,86107,75553,221543,463307,1,0,0,0,0.17159
717042,36,1,185133,50534,43618,134599,271280,0,0,0,0,0.0828188
717045,36,1,224192,62647,54412,161545,336115,0,0,0,0,0.0646064
717048,36,1,224196,62802,54168,161394,337189,0,0,0,0,0.0824621
717070,18,1,165507,44007,37920,121500,232814,0,0,0,0,0.0852346
717071,18,1,173470,46754,40341,126716,248444,0,0,0,0,0.0553858
717072,18,1,164735,44589,38553,120146,238590,0,0,0,0,0.0539493
717073,18,1,147087,39489,34481,107598,211617,0,0,0,0,0.058257
717074,18,1,191631,52987,46374,138644,283030,0,0,0,0,0.0591488
717075,18,1,195373,54166,47284,141207,289708,0,0,0,0,0.0662334
717076,18,1,190305,52499,45613,137806,279730,0,0,0,0,0.0609806
717077,18,1,190217,52390,45615,137827,278954,0,0,0,0,0.0668985
717078,18,1,194875,53783,47060,141092,287088,0,0,0,0,0.0665717
717079,18,1,190331,52631,45882,137700,281167,0,0,0,0,0.0659677
717350,18,1,191681,52387,45778,139294,278820,0,0,0,0,0.0942648
717351,18,1,186376,51090,44199,135286,270398,0,0,0,0,0.0691665
717352,18,1,173347,46974,40587,126373,249197,0,0,0,0,0.0776698
717353,18,1,166256,45017,38929,121239,239725,0,0,0,0,0.0694357
717354,18,2,277749,77461,68514,200275,415977,1,0,0,0,0.150828
717355,18,1,209984,59183,52154,150801,315987,0,0,0,0,0.0730801
717356,18,2,198333,54552,48414,143768,292031,1,0,0,0,0.139022
717357,18,2,194832,53751,47466,141068,288254,1,0,0,0,0.13645
717358,18,1,207519,57969,50978,149550,308923,0,0,0,0,0.0963068
717359,18,2,306228,86277,76092,219938,463691,1,0,0,0,0.172598
717530,36,1,162888,44457,38251,118431,238817,0,0,0,0,0.0493701
717531,36,1,178020,48960,42324,129060,262721,0,0,0,0,0.0539174
717532,36,1,172545,47224,40407,125321,253155,0,0,0,0,0.0569252
717533,36,1,181455,50649,44295,130806,273305,0,0,0,0,0.0699865
717534,36,1,194414,54970,47846,139444,295043,0,0,0,0,0.0578392
717535,36,1,197042,55871,48868,141171,301047,0,0,0,0,0.058373
717536,36,2,233000,66851,58731,166138,363244,1,0,0,0,0.136565
717537,36,2,236943,67346,59236,169586,365158,1,0,0,0,0.170759
717538,36,1,197107,55703,48322,141404,300282,0,0,0,0,0.0582851
717539,36,1,195009,54836,47951,140173,294014,0,0,0,0,0.0782839
717570,36,1,187693,52000,44770,135693,277957,0,0,0,0,0.0732586
717571,36,1,188181,51032,44100,137149,271942,0,0,0,0,0.0567131
717572,36,1,185789,50927,44161,134862,273358,0,0,0,0,0.0563315
717573,36,1,188030,52248,45169,135782,281411,0,0,0,0,0.0789371
717574,36,2,283036,80248,70111,202775,433455,1,0,0,0,0.158755
717575,36,1,223540,62711,54675,160829,335970,0,0,0,0,0.0870494
717576,36,1,216264,61399,53277,154865,330791,0,0,0,0,0.0667719
717577,36,1,215961,60611,52649,155350,325194,0,0,0,0,0.061863
717578,36,1,225181,63832,55575,161349,342938,0,0,0,0,0.0663729
717579,36,2,300174,85142,74632,215019,460147,1,0,0,0,0.18602
717600,36,1,196578,54758,47280,141820,292397,0,0,0,0,0.0776139
717601,36,1,187524,50616,43643,136908,269314,0,0,0,0,0.0547679
717602,36,1,176968,48569,42137,128399,260634,0,0,0,0,0.07876
717603,36,1,172008,47591,41246,124417,256565,0,0,0,0,0.054378
717604,36,1,206005,57964,50173,148041,311124,0,0,0,0,0.0572441
717605,36,1,221773,62404,54136,159369,334703,0,0,0,0,0.0776628
717606,36,1,210029,59655,52118,150374,321494,0,0,0,0,0.0696986
717607,36,1,211735,59622,51738,152113,320537,0,0,0,0,0.059754
717608,36,1,222176,63098,54969,159078,339094,0,0,0,0,0.0596277
717609,36,1,205732,57813,50021,147919,310259,0,0,0,0,0.0570783
717620,36,1,189593,52606,45059,136987,280646,0,0,0,0,0.0682473
717621,36,1,185169,51239,44084,133930,273852,0,0,0,0,0.0591895
717622,36,1,176881,48751,41886,128130,261421,0,0,0,0,0.0568166
717623,36,1,159437,43646,37475,115791,234658,0,0,0,0,0.0667194
717624,36,1,208716,59470,51312,149246,320221,0,0,0,0,0.0621694
717625,36,1,210562,60259,51858,150303,325145,0,0,0,0,0.0856126
717626,36,1,196856,55808,48169,141048,300241,0,0,0,0,0.0674976
717627,36,1,196396,55473,47822,140923,298165,0,0,0,0,0.0579748
717628,36,1,213588,61369,53115,152219,331325,0,0,0,0,0.0600253
717629,36,1,210684,60526,52357,150158,326657,0,0,0,0,0.0625476
717940,6,1,197426,54107,47299,143319,287859,0,0,0,0,0.0747492
717941,18,1,171677,46516,39473,125161,246770,0,0,0,0,0.0541066
717944,18,1,190119,51637,44487,138482,272351,0,0,0,0,0.0722339
717949,18,1,188356,50767,44016,137589,267140,0,0,0,0,0.0769591
717950,6,1,197158,54047,47256,143111,287553,0,0,0,0,0.0936326
717951,18,2,275866,77398,67758,198456,416336,1,0,0,0,0.185881
717954,18,2,193688,53160,46990,140516,282426,1,0,0,0,0.130172
717959,18,2,277052,77082,67949,199958,412678,1,0,0,0,0.144321
717960,18,1,177158,48507,41763,128651,258385,0,0,0,0,0.0646868
717961,18,2,295007,82250,71708,212744,440478,1,0,0,0,0.176477
717964,18,2,255403,71447,63015,183943,382125,1,0,0,0,0.153614
717969,18,2,199348,54713,48366,144622,290707,1,0,0,0,0.175128
717982,36,1,172996,46811,40541,126185,248846,0,0,0,0,0.0544231
717985,36,1,202391,55666,48276,146725,296022,0,0,0,0,0.060496
717988,36,1,199752,55143,47681,144609,293454,0,0,0,0,0.0745938
718000,6,1,198181,54341,47427,143840,289071,0,0,0,0,0.105723
718001,18,1,171648,46574,39485,125074,247130,0,0,0,0,0.068867
718004,18,1,191776,52246,45013,139530,275728,0,0,0,0,0.0566778
718009,18,1,189482,51246,44497,138236,269797,0,0,0,0,0.0528716
718010,6,1,197911,54280,47389,143631,288766,0,0,0,0,0.088517
718011,18,2,276258,77463,67833,198783,416208,1,0,0,0,0.178234
718014,18,2,193943,53125,47044,140806,282063,1,0,0,0,0.140775
718019,18,2,301337,84030,74013,217295,449479,1,0,0,0,0.173089
718020,18,1,177891,48763,42068,129128,259773,0,0,0,0,0.0627404
718021,18,2,268473,74498,65095,193962,398911,1,0,0,0,0.152062
718024,18,2,254503,71084,62811,183406,380092,1,0,0,0,0.153865
718029,18,2,202407,55613,49151,146781,295773,1,0,0,0,0.131259
718042,36,1,173775,47175,40757,126600,251108,0,0,0,0,0.0540668
718045,36,1,203833,56215,48717,147618,299134,0,0,0,0,0.0559171
718048,36,1,201069,55741,48161,145328,296974,0,0,0,0,0.0558125
718050,6,1,179000,49039,42818,129961,262923,0,0,0,0,0.0764821
718051,18,1,158203,43758,37396,114445,235829,0,0,0,0,0.0585212
718054,18,1,191520,54200,47485,137320,292136,0,0,0,0,0.0635243
718059,18,1,189546,53150,46534,136396,285828,0,0,0,0,0.0565317
718060,6,1,178777,49072,42843,129705,263309,0,0,0,0,0.0792401
718061,18,1,168229,46301,40249,121928,248956,0,0,0,0,0.0563089
718064,18,1,206878,59064,52007,147814,318487,0,0,0,0,0.0662102
718069,18,1,202807,56972,50061,145835,305799,0,0,0,0,0.0769266
718070,18,1,161328,44154,37950,117174,237160,0,0,0,0,0.062449
718071,18,1,168521,46149,40211,122372,247010,0,0,0,0,0.0582776
718074,18,2,246329,69497,61111,176819,374855,1,0,0,0,0.139068
718079,18,2,241104,67612,59528,173479,364245,1,0,0,0,0.136434
718092,36,1,163022,44722,38749,118300,240978,0,0,0,0,0.0529106
718095,36,1,192552,53496,46724,139056,286552,0,0,0,0,0.0536866
718098,36,1,195747,54344,47310,141403,291338,0,0,0,0,0.0546044
718100,6,1,170892,45539,39424,125353,241997,0,0,0,0,0.0947811
718101,18,1,168705,45366,39349,123339,242108,0,0,0,0,0.0733722
718104,18,1,205705,58340,50975,147365,313692,0,0,0,0,0.0947796
718109,18,1,201076,56232,49115,144844,301407,0,0,0,0,0.0993604
718110,18,1,154347,41635,35239,112712,222319,0,0,0,0,0.0852175
718111,18,1,168673,46129,39819,122544,247460,0,0,0,0,0.052913
718114,18,1,195008,54572,47283,140436,292559,0,0,0,0,0.0565324
718119,18,1,194512,54201,46921,140311,290070,0,0,0,0,0.0642415
718132,36,1,174166,47962,41397,126204,257524,0,0,0,0,0.0645576
718135,36,1,204908,58218,50555,146690,313504,0,0,0,0,0.0628144
718138,36,1,202158,57153,49685,145005,307467,0,0,0,0,0.0655803
718140,18,1,172948,46752,40191,126196,248464,0,0,0,0,0.0615618
718141,18,1,172877,47003,40752,125874,250301,0,0,0,0,0.0522294
718144,18,2,192875,52617,46029,140246,278150,1,0,0,0,0.138845
718149,18,2,189188,51150,44892,138026,269958,1,0,0,0,0.128029
718162,36,1,179196,49159,42500,130037,263564,0,0,0,0,0.0516849
718165,36,1,205514,57749,50135,147765,309773,0,0,0,0,0.0554134
718168,36,1,205098,57614,50176,147484,309308,0,0,0,0,0.0556466
718190,18,1,155630,41539,36020,114091,220800,0,0,0,0,0.0897604
718191,18,1,167782,45037,39326,122745,239325,0,0,0,0,0.0540759
718192,18,1,173940,47180,41292,126760,252407,0,0,0,0,0.0548494
718193,18,1,171885,46530,40718,125355,248454,0,0,0,0,0.0559371
718194,18,2,197519,54036,47394,143471,285916,1,0,0,0,0.11812
718195,18,1,198258,55090,47983,143168,294628,0,0,0,0,0.0562843
718196,18,2,239712,67661,59571,172040,364989,1,0,0,0,0.142069
718197,18,2,238982,67868,59982,171103,366651,1,0,0,0,0.144187
718198,18,1,197444,54568,47753,142876,291072,0,0,0,0,0.0550912
718199,18,2,197198,54363,47238,142823,288656,1,0,0,0,0.116365
718230,6,1,197224,54056,47265,143168,287582,0,0,0,0,0.0717221
718231,18,2,284017,79960,69944,204045,429949,1,0,0,0,0.136035
718234,18,2,189042,51604,45568,137426,273775,1,0,0,0,0.121066
718239,18,2,270731,74753,65493,195966,399249,1,0,0,0,0.139992
718240,18,1,177233,48523,41775,128710,258467,0,0,0,0,0.0637665
718241,18,2,258597,72211,63208,186373,387244,1,0,0,0,0.177552
718244,18,2,250944,69780,61489,181151,372912,1,0,0,0,0.133646
718249,18,2,192732,52314,46074,140405,277367,1,0,0,0,0.124856
718262,36,1,186462,50166,43468,136296,265201,0,0,0,0,0.0673271
718265,36,1,203749,55764,48303,147985,296371,0,0,0,0,0.0784829
718268,36,1,199349,54826,47297,144523,291503,0,0,0,0,0.0520542
718290,6,1,197950,54284,47391,143666,288774,0,0,0,0,0.0754658
718291,18,2,284412,80034,70043,204366,430004,1,0,0,0,0.151098
718294,18,2,188713,51459,45444,137242,272913,1,0,0,0,0.125323
718299,18,2,294849,81604,71635,213233,435368,1,0,0,0,0.164979
718300,18,1,177967,48780,42080,129187,259862,0,0,0,0,0.0645238
718301,18,2,259267,72321,63292,186933,387783,1,0,0,0,0.166926
718304,18,2,250896,69645,61452,181238,372069,1,0,0,0,0.133005
718309,18,2,193960,52685,46430,141262,279489,1,0,0,0,0.126392
718322,36,1,187049,50491,43712,136558,267278,0,0,0,0,0.0562688
718325,36,1,204756,56168,48640,148588,298620,0,0,0,0,0.0561557
718328,36,1,200786,55354,47716,145432,294400,0,0,0,0,0.0577771
718340,6,1,178804,49085,42856,129719,263389,0,0,0,0,0.076022
718341,18,1,186968,51609,44953,135359,276082,0,0,0,0,0.0637041
718344,18,1,216505,61276,53927,155229,328812,0,0,0,0,0.0837878
718349,18,1,219954,61669,54371,158285,329850,0,0,0,0,0.0822393
718350,18,1,161320,44155,37950,117165,237160,0,0,0,0,0.0648792
718351,18,1,183693,50180,43666,133513,267336,0,0,0,0,0.0794739
718354,18,2,194350,53945,47209,140392,289647,1,0,0,0,0.126422
718359,18,2,194680,53816,47488,140851,288700,1,0,0,0,0.12235
718372,36,1,179528,49180,42713,130348,263832,0,0,0,0,0.0552816
718375,36,1,204831,56975,49696,147856,304217,0,0,0,0,0.0594219
718378,36,1,209411,58247,50774,151164,311088,0,0,0,0,0.0567321
718380,6,1,170996,45576,39483,125420,242227,0,0,0,0,0.113679
718381,18,1,175087,46952,40769,128135,250408,0,0,0,0,0.0835221
718384,18,1,210076,59533,52346,150543,320379,0,0,0,0,0.0912175
718389,18,1,208097,58444,51266,149653,313951,0,0,0,0,0.0803668
718390,18,1,154055,41572,35201,112483,222033,0,0,0,0,0.0679
718391,18,1,173565,47267,40642,126298,253371,0,0,0,0,0.0772994
718394,18,1,197320,54824,47474,142496,293088,0,0,0,0,0.0813804
718399,18,1,196936,54654,47429,142282,291870,0,0,0,0,0.0600005
718412,36,1,179364,49189,42482,130175,263692,0,0,0,0,0.0616429
718415,36,1,208660,59302,51470,149358,319227,0,0,0,0,0.0621912
718418,36,1,205434,57855,50233,147579,310830,0,0,0,0,0.0644444
718420,18,1,173150,46785,40199,126365,248616,0,0,0,0,0.0610982
718421,18,1,173000,47052,40772,125948,250605,0,0,0,0,0.0512763
718424,18,2,192805,52605,46018,140188,278102,1,0,0,0,0.1167
718429,18,2,189042,51121,44876,137909,269824,1,0,0,0,0.12054
718442,36,1,179201,48912,41998,130289,262020,0,0,0,0,0.0549096
718445,36,1,202066,56294,48670,145772,301303,0,0,0,0,0.0563279
718448,36,1,203883,57128,49575,146755,306497,0,0,0,0,0.0555165
718470,18,1,155620,41529,36009,114091,220732,0,0,0,0,0.0568698
718471,18,1,167884,45098,39383,122786,239708,0,0,0,0,0.0495104
718472,18,1,174501,47090,41076,127411,251804,0,0,0,0,0.052072
718473,18,1,167959,44986,39280,122973,240242,0,0,0,0,0.0545123
718474,18,2,197442,54025,47395,143405,285890,1,0,0,0,0.117311
718475,18,1,199802,55567,48216,144235,297827,0,0,0,0,0.0562074
718476,18,2,229454,64756,56980,164687,349683,1,0,0,0,0.12527
718477,18,2,233693,66434,58672,167248,359642,1,0,0,0,0.139987
718478,18,1,197811,54477,47668,143334,290728,0,0,0,0,0.0577284
718479,18,2,196955,54314,47201,142629,288426,1,0,0,0,0.117672
718520,18,2,186679,50903,44693,135763,270602,1,0,0,0,0.126195
718521,18,2,188777,51525,45367,137239,273935,1,0,0,0,0.122481
718524,18,2,248079,68859,60542,179207,367604,1,0,0,0,0.130849
718529,18,2,301188,83515,73750,217660,445276,1,0,0,0,0.177794
718542,36,1,196644,53408,45769,143236,281388,0,0,0,0,0.0553113
718545,36,1,218182,59952,51955,158230,319358,0,0,0,0,0.0572277
718548,36,2,314029,88021,76725,225996,471861,1,0,0,0,0.133606
718580,18,2,187736,51154,44900,136569,271977,1,0,0,0,0.11593
718581,18,2,188898,51559,45384,137326,274235,1,0,0,0,0.114473
718584,18,2,248471,68869,60548,179589,367524,1,0,0,0,0.127491
718589,18,2,275600,76220,67314,199367,406791,1,0,0,0,0.141157
718602,36,1,197446,53669,45942,143777,282861,0,0,0,0,0.0565645
718605,36,1,218080,59934,51931,158146,319103,0,0,0,0,0.0560997
718608,36,2,283875,79217,69281,204646,424616,1,0,0,0,0.153686
718630,18,1,186588,50794,44163,135794,270597,0,0,0,0,0.0554549
718631,18,1,194162,52996,46062,141166,281261,0,0,0,0,0.0566233
718634,18,2,263027,74931,66154,188083,403771,1,0,0,0,0.153623
718639,18,2,264423,75115,66536,189295,404752,1,0,0,0,0.186499
718652,36,1,189290,51615,44608,137675,274574,0,0,0,0,0.0572107
718655,36,1,218690,61548,53209,157142,331116,0,0,0,0,0.0581554
718658,36,1,221719,62395,53937,159324,335494,0,0,0,0,0.0611451
718670,18,1,192664,53059,45504,139605,283104,0,0,0,0,0.071145
718671,18,1,176211,47825,41343,128386,255789,0,0,0,0,0.0534605
718674,18,1,207695,57941,50568,149754,309477,0,0,0,0,0.0695534
718679,18,1,208114,57869,50355,150245,308731,0,0,0,0,0.0616242
718692,36,1,190246,52017,44904,138229,279739,0,0,0,0,0.0569915
718695,36,1,222823,62710,54728,160113,337553,0,0,0,0,0.0624841
718698,36,1,222333,62534,54501,159799,336477,0,0,0,0,0.0753097
718700,18,1,198398,54699,47007,143699,290906,0,0,0,0,0.0720447
718701,18,1,182077,49094,42506,132983,260860,0,0,0,0,0.0555303
718704,18,2,201469,55783,48982,145674,299171,1,0,0,0,0.124286
718709,18,2,203503,56098,49206,147393,300409,1,0,0,0,0.131834
718722,36,1,189396,51608,44548,137788,276735,0,0,0,0,0.0584095
718725,36,1,223523,62614,54314,160909,336353,0,0,0,0,0.0836592
718728,36,1,221132,61873,53790,159259,332042,0,0,0,0,0.0646467
718750,18,1,154938,41271,35390,113667,219825,0,0,0,0,0.0928917
718751,18,1,169992,45901,39867,124091,245264,0,0,0,0,0.0527189
718752,18,1,169753,45829,39915,123924,244989,0,0,0,0,0.0525233
718753,18,1,165797,44356,38802,121441,236699,0,0,0,0,0.0562197
718754,18,2,194133,53713,47210,140407,287919,1,0,0,0,0.129911
718755,18,1,193451,53637,46892,139814,287160,0,0,0,0,0.0866552
718756,18,2,223953,63147,55769,160795,340976,1,0,0,0,0.142846
718757,18,2,225479,63571,56220,161897,343441,1,0,0,0,0.157016
718758,18,1,191714,52697,46207,139017,281225,0,0,0,0,0.0719334
718759,18,2,192634,53236,46667,139385,285557,1,0,0,0,0.16145
719030,18,1,179570,49143,42997,130427,262908,0,0,0,0,0.107609
719031,18,1,170823,46204,40076,124619,246783,0,0,0,0,0.0895886
719032,18,1,170914,46445,40372,124469,248415,0,0,0,0,0.116333
719033,18,1,173258,46761,40357,126497,248813,0,0,0,0,0.118024
719034,18,1,207739,58574,51309,149165,314226,0,0,0,0,0.0933638
719035,18,1,204590,57937,51006,146653,311866,0,0,0,0,0.0937403
719036,18,1,200884,56407,49591,144477,302915,0,0,0,0,0.113893
719037,18,1,199851,55808,49024,144043,299511,0,0,0,0,0.0862385
719038,18,1,202429,56909,50087,145520,306013,0,0,0,0,0.0676398
719039,18,1,202685,56208,49294,146477,300169,0,0,0,0,0.0681263
719250,36,1,174976,48550,41800,126426,261072,0,0,0,0,0.0695427
719251,36,1,183120,49877,42912,133243,267016,0,0,0,0,0.0758483
719252,36,1,186639,51389,44715,135250,276157,0,0,0,0,0.0641101
719253,36,1,178706,49538,42996,129168,267833,0,0,0,0,0.0560426
719254,36,1,208354,58923,50979,149431,316454,0,0,0,0,0.0573084
719255,36,1,211409,59371,51976,152038,318805,0,0,0,0,0.0600717
719256,36,1,206154,58100,50649,148054,312682,0,0,0,0,0.0605515
719257,36,1,206517,57828,50397,148689,310578,0,0,0,0,0.0605883
719258,36,1,212375,60140,52512,152235,323612,0,0,0,0,0.0604824
719259,36,1,211304,59614,51796,151690,319841,0,0,0,0,0.0664594
719280,36,1,186972,52316,45274,134656,281404,0,0,0,0,0.0691427
719281,36,1,188134,51263,44058,136871,273389,0,0,0,0,0.0539698
719282,36,1,183661,50896,44220,132765,273855,0,0,0,0,0.055665
719283,36,1,175845,48683,42301,127162,262600,0,0,0,0,0.0532463
719284,36,2,197369,54698,47929,142659,293224,1,0,0,0,0.128212
719285,36,1,214416,60433,52740,153983,324858,0,0,0,0,0.0761096
719286,36,1,206986,58558,51206,148428,315235,0,0,0,0,0.0623113
719287,36,1,209177,58759,51331,150418,315645,0,0,0,0,0.0713418
719288,36,1,215963,61326,53767,154637,329978,0,0,0,0,0.0850653
719289,36,2,201344,55824,49034,145508,299527,1,0,0,0,0.167334
719300,36,1,180161,50328,43082,129833,270328,0,0,0,0,0.0854352
719301,36,1,175184,47775,41386,127409,255797,0,0,0,0,0.0530526
719302,36,1,178712,49056,42570,129656,262977,0,0,0,0,0.0802353
719303,36,1,171654,47350,40850,124304,255138,0,0,0,0,0.1203
719304,36,1,210735,60049,52191,150686,322878,0,0,0,0,0.108977
719305,36,1,208939,59690,51946,149249,321988,0,0,0,0,0.13549
719306,36,1,194591,54907,47820,139684,295173,0,0,0,0,0.104216
719307,36,1,192518,53801,46713,138717,288308,0,0,0,0,0.0578169
719308,36,1,208603,59751,52166,148852,322513,0,0,0,0,0.0895653
719309,36,1,210895,60159,52440,150736,323448,0,0,0,0,0.0597802
719630,6,1,189289,51525,45388,137764,273799,0,0,0,0,0.0834115
719631,18,1,185270,50437,44143,134833,268063,0,0,0,0,0.0913857
719634,18,1,205558,56755,49663,148803,301889,0,0,0,0,0.0655328
719639,18,1,178729,48979,43216,129750,260005,0,0,0,0,0.0631718
719640,18,1,165118,44977,39088,120141,239376,0,0,0,0,0.0631678
719641,18,1,175229,47367,41326,127862,251248,0,0,0,0,0.0556918
719644,18,1,191328,52036,45434,139292,275091,0,0,0,0,0.0556249
719649,18,2,335163,91341,80479,243809,483520,1,0,0,0,0.168627
719662,36,1,195195,53397,46564,141798,283467,0,0,0,0,0.0774948
719665,36,1,201332,55867,48937,145465,297050,0,0,0,0,0.0725474
719668,36,1,185282,51053,44833,134229,271731,0,0,0,0,0.0541964
719690,6,1,190143,51778,45700,138365,275131,0,0,0,0,0.0944401
719691,18,1,186252,50807,44527,135445,270106,0,0,0,0,0.0823012
719694,18,1,206845,57169,50062,149676,304029,0,0,0,0,0.0836184
719699,18,1,179690,49448,43618,130242,262806,0,0,0,0,0.0706598
719700,18,1,166340,45343,39464,120997,241378,0,0,0,0,0.0753251
719701,18,1,176543,47668,41585,128875,252861,0,0,0,0,0.0789649
719704,18,1,191854,52146,45585,139708,275700,0,0,0,0,0.0717264
719709,18,2,337826,92090,81137,245723,487461,1,0,0,0,0.190648
719722,36,1,196870,53952,47125,142918,286555,0,0,0,0,0.0784727
719725,36,1,202173,56331,49326,145842,299862,0,0,0,0,0.0615034
719728,36,1,186134,51408,45166,134726,273825,0,0,0,0,0.0605534
719740,6,1,180995,48471,42188,132524,256587,0,0,0,0,0.089278
719741,18,1,169181,45762,39191,123419,243691,0,0,0,0,0.0698792
719744,18,1,214208,60837,53458,153371,325504,0,0,0,0,0.0708747
719749,18,1,215451,60743,53206,154708,324715,0,0,0,0,0.0756636
719750,18,1,161131,43610,37184,117521,232134,0,0,0,0,0.0618915
719751,18,1,151955,40856,35487,111099,218516,0,0,0,0,0.0559715
719754,18,2,203376,56690,50014,146675,304701,1,0,0,0,0.123582
719759,18,2,203205,56585,49869,146609,304118,1,0,0,0,0.125815
719772,36,1,183008,50281,43538,132727,269758,0,0,0,0,0.0591475
719775,36,1,198261,55846,49095,142415,299799,0,0,0,0,0.0600636
719778,36,1,200175,56168,49438,144007,301558,0,0,0,0,0.0602253
719780,6,1,163586,42865,37208,120721,226728,0,0,0,0,0.0854262
719781,18,1,177234,47852,41036,129382,255536,0,0,0,0,0.0590967
719784,18,1,216344,62111,54223,154233,335489,0,0,0,0,0.0762263
719789,18,1,216183,61250,53658,154933,329942,0,0,0,0,0.0755476
719790,18,1,145728,38834,32979,106894,206941,0,0,0,0,0.0751376
719791,18,1,161744,43775,37921,117969,234537,0,0,0,0,0.0621236
719794,18,2,225464,63245,55667,162206,341106,1,0,0,0,0.132986
719799,18,2,225202,62838,55354,162351,338644,1,0,0,0,0.135652
719812,36,1,174743,47827,41305,126916,256666,0,0,0,0,0.0578716
719815,36,1,196464,55784,48609,140680,300023,0,0,0,0,0.0608173
719818,36,1,199788,56205,49173,143583,301441,0,0,0,0,0.0617808
719820,18,1,159491,42947,36923,116544,227086,0,0,0,0,0.0598776
719821,18,1,166100,44816,38756,121284,236081,0,0,0,0,0.0592839
719824,18,2,190826,51536,45090,139277,271417,1,0,0,0,0.128419
719829,18,2,183172,49117,43050,134042,258398,1,0,0,0,0.124501
719842,36,1,171132,47231,41019,123901,254729,0,0,0,0,0.0626511
719845,36,1,197514,56885,49600,140629,307765,0,0,0,0,0.0587996
719848,36,1,195204,55988,48899,139216,302635,0,0,0,0,0.05936
719870,18,1,167425,43947,37924,123478,229929,0,0,0,0,0.05818
719871,18,1,174755,46048,39852,128707,239663,0,0,0,0,0.0552952
719872,18,1,159747,41933,36443,117814,221773,0,0,0,0,0.0562523
719873,18,1,169736,45263,39964,124473,239748,0,0,0,0,0.0580391
719874,18,2,192986,52784,46442,140189,278833,1,0,0,0,0.130959
719875,18,2,232554,65822,58129,166719,355947,1,0,0,0,0.145467
719876,18,2,224510,62883,55415,161616,338447,1,0,0,0,0.155698
719877,18,2,226557,64242,56674,162304,346984,1,0,0,0,0.138493
719878,18,2,229295,64132,56584,165150,345687,1,0,0,0,0.139012
719879,18,2,193416,53231,46703,140172,281852,1,0,0,0,0.126573
719920,18,1,182707,50075,43910,132632,266206,0,0,0,0,0.0578077
719921,18,1,184475,50111,43691,134364,265960,0,0,0,0,0.0799444
719924,18,2,300445,83280,73308,217152,444190,1,0,0,0,0.166027
719929,18,2,331247,90064,79094,241170,476440,1,0,0,0,0.181576
719942,36,1,190934,51700,45102,139234,274510,0,0,0,0,0.0533123
719945,36,1,202776,55756,48878,147020,296921,0,0,0,0,0.0578413
719948,36,1,189144,51960,45566,137184,276978,0,0,0,0,0.0538969
719980,18,1,182786,50018,43945,132768,265837,0,0,0,0,0.0582553
719981,18,1,185424,50402,43935,135022,267647,0,0,0,0,0.0557838
719984,18,2,274309,75723,66697,198573,403933,1,0,0,0,0.133849
719989,18,2,333642,90826,79783,242803,480684,1,0,0,0,0.157534
