720002,36,1,191439,51918,45330,139521,275761,0,0,0,0,0.0571503
720005,36,1,203057,55885,48927,147172,297692,0,0,0,0,0.0867913
720008,36,1,190082,52206,45782,137876,278248,0,0,0,0,0.0706341
720030,18,1,176144,48018,41722,128126,255087,0,0,0,0,0.0926995
720031,18,1,159517,43387,37915,116130,232813,0,0,0,0,0.058456
720034,18,2,230405,64729,57266,165664,348215,1,0,0,0,0.136913
720039,18,2,234441,65555,58148,168874,352194,1,0,0,0,0.135127
720052,36,1,179271,48948,42245,130323,262820,0,0,0,0,0.0529941
720055,36,1,207773,58261,50990,149512,313340,0,0,0,0,0.0589258
720058,36,1,207917,58078,50835,149839,312005,0,0,0,0,0.059812
720070,18,1,167323,45629,39394,121694,244019,0,0,0,0,0.0608546
720071,18,1,172084,46770,40849,125314,250101,0,0,0,0,0.0560302
720074,18,2,231269,65020,57417,166236,350640,1,0,0,0,0.130085
720079,18,2,235331,65548,58102,169770,352740,1,0,0,0,0.146508
720092,36,1,177153,48595,42151,128558,261365,0,0,0,0,0.0603406
720095,36,1,204326,57356,50286,146970,308550,0,0,0,0,0.0767338
720098,36,1,205190,57477,50340,147713,309166,0,0,0,0,0.0623982
720100,18,1,163693,45440,39354,118253,244544,0,0,0,0,0.0621976
720101,18,1,169594,46362,40321,123232,246558,0,0,0,0,0.0623322
720104,18,2,194726,53692,47125,141021,287415,1,0,0,0,0.137819
720109,18,2,194381,53219,46895,141149,284318,1,0,0,0,0.153714
720122,36,1,177192,49153,42692,128039,265481,0,0,0,0,0.0630625
720125,36,1,201329,57265,50511,144064,309716,0,0,0,0,0.0615141
720128,36,1,202534,57825,50957,144709,313064,0,0,0,0,0.0661922
720150,18,1,161566,42939,37004,118627,227001,0,0,0,0,0.0593916
720151,18,1,176319,47116,40917,129203,248174,0,0,0,0,0.059687
720152,18,1,162542,42953,37344,119589,227684,0,0,0,0,0.0714561
720153,18,1,164464,43480,37998,120984,230189,0,0,0,0,0.0809813
720154,18,2,189099,52214,45956,136872,279519,1,0,0,0,0.12692
720155,18,2,195543,54699,48277,140831,294675,1,0,0,0,0.127265
720156,18,2,220570,61710,54324,158849,332041,1,0,0,0,0.146489
720157,18,2,220787,61993,54725,158783,333881,1,0,0,0,0.149169
720158,18,2,191830,53288,46847,138529,286478,1,0,0,0,0.140258
720159,18,2,189573,52366,45994,137194,280437,1,0,0,0,0.136245
720430,18,1,175038,48028,41601,127010,255384,0,0,0,0,0.0681315
720431,18,2,330614,90728,79362,239873,483602,1,0,0,0,0.172718
720432,18,1,181835,49718,43571,132117,263782,0,0,0,0,0.0592567
720433,18,1,181670,49123,43186,132547,259522,0,0,0,0,0.0575955
720434,18,2,195296,53980,47361,141303,289186,1,0,0,0,0.128735
720435,18,2,318212,90203,79157,227996,485833,1,0,0,0,0.155841
720436,18,1,211260,59204,51931,152056,314570,0,0,0,0,0.0640359
720437,18,1,211496,59136,51997,152360,313779,0,0,0,0,0.0707454
720438,18,2,287461,80780,70772,206668,434499,1,0,0,0,0.194516
720439,18,2,189670,51867,45609,137790,277109,1,0,0,0,0.144111
720680,36,1,188498,52473,44988,136025,281814,0,0,0,0,0.0679842
720681,36,1,196963,53921,46110,143042,286518,0,0,0,0,0.0778775
720682,36,1,183824,50333,43542,133491,269756,0,0,0,0,0.0544177
720683,36,1,178563,48198,42174,130365,257492,0,0,0,0,0.0614182
720684,36,2,198072,55369,48554,142690,297116,1,0,0,0,0.158243
720685,36,1,213500,59824,52373,153676,320424,0,0,0,0,0.0594479
720686,36,1,212270,59434,51513,152836,317889,0,0,0,0,0.0568691
720687,36,1,212152,59342,51525,152810,317150,0,0,0,0,0.0589466
720688,36,1,213751,60235,52585,153516,323117,0,0,0,0,0.0635226
720689,36,2,200635,55893,49090,144729,299785,1,0,0,0,0.134225
720700,36,1,179520,49538,42954,129982,264143,0,0,0,0,0.0807233
720701,36,1,191782,53350,46163,138432,283540,0,0,0,0,0.0579469
720702,36,1,178532,48775,42611,129757,260597,0,0,0,0,0.0555287
720703,36,1,178413,49361,43454,129052,264699,0,0,0,0,0.0644216
720704,36,1,208266,58639,51649,149627,312710,0,0,0,0,0.0753825
720705,36,1,212156,60131,52531,152025,321715,0,0,0,0,0.0656087
720706,36,1,203685,57223,49761,146462,305161,0,0,0,0,0.0633373
720707,36,1,203951,57213,49672,146738,304967,0,0,0,0,0.0714357
720708,36,1,212993,60133,52380,152860,321446,0,0,0,0,0.0832975
720709,36,1,207930,58385,51549,149545,311142,0,0,0,0,0.061243
721040,18,2,298158,83408,73122,214737,445495,1,0,0,0,0.152346
721041,18,2,289233,80019,70585,209201,426830,1,0,0,0,0.142374
721044,18,2,301459,83785,73914,217661,446646,1,0,0,0,0.14939
721049,18,2,323184,87397,76826,235774,462222,1,0,0,0,0.16316
721062,36,1,182588,49045,42618,133543,258539,0,0,0,0,0.0591639
721065,36,1,197596,54234,47328,143362,288487,0,0,0,0,0.0629744
721068,36,2,188081,50872,44688,137197,269906,1,0,0,0,0.127148
721100,18,2,275785,76831,67394,198941,410270,1,0,0,0,0.158954
721101,18,2,266251,73593,65004,192645,392725,1,0,0,0,0.136284
721104,18,2,278118,77096,68015,201009,410973,1,0,0,0,0.133651
721109,18,2,324796,87963,77423,236820,465403,1,0,0,0,0.175621
721122,36,1,182785,49124,42664,133661,258973,0,0,0,0,0.0517983
721125,36,1,198817,54634,47647,144183,290599,0,0,0,0,0.0550637
721128,36,2,188704,51000,44808,137692,270515,1,0,0,0,0.118442
721150,18,1,185213,49950,43076,135263,262718,0,0,0,0,0.0588929
721151,18,1,156873,42486,37002,114387,227493,0,0,0,0,0.0535764
721154,18,2,271880,76083,67063,195784,407804,1,0,0,0,0.146147
721159,18,2,296488,82812,73191,213663,443313,1,0,0,0,0.139266
721172,36,1,173851,46838,40670,127013,248917,0,0,0,0,0.0528355
721175,36,1,209504,58686,51017,150818,315428,0,0,0,0,0.0588755
721178,36,1,207611,57859,50212,149752,310525,0,0,0,0,0.0585153
721190,18,1,179864,48739,42120,131125,258080,0,0,0,0,0.0629049
721191,18,1,183242,49451,42901,133791,262005,0,0,0,0,0.0582964
721194,18,2,195482,53946,47332,141523,288299,1,0,0,0,0.118151
721199,18,2,195324,53464,47033,141847,285401,1,0,0,0,0.117441
721212,36,1,176648,48112,41854,128536,257757,0,0,0,0,0.0543144
721215,36,1,211657,59413,51908,152244,318869,0,0,0,0,0.0618298
721218,36,1,211806,59496,51916,152310,319132,0,0,0,0,0.0720672
721220,18,1,162593,44340,38214,118253,237517,0,0,0,0,0.0812437
721221,18,1,171152,46373,40194,124779,245944,0,0,0,0,0.0565389
721224,18,2,193948,53368,46767,140567,284946,1,0,0,0,0.126625
721229,18,2,191452,52303,45823,139136,279043,1,0,0,0,0.149107
721242,36,1,176160,48555,42383,127605,261301,0,0,0,0,0.0616049
721245,36,1,206100,58743,51549,147357,317472,0,0,0,0,0.0634464
721248,36,1,206263,58949,51569,147314,318987,0,0,0,0,0.0617526
721270,18,1,145598,38325,32911,107273,203385,0,0,0,0,0.0589491
721271,18,1,163449,43727,37892,119722,231645,0,0,0,0,0.0600628
721272,18,1,153559,40663,35165,112896,216947,0,0,0,0,0.0573606
721273,18,1,149007,39299,34196,109708,209534,0,0,0,0,0.0571761
721274,18,1,182988,50876,44313,132112,272990,0,0,0,0,0.0654144
721275,18,2,191415,53353,46992,138049,287179,1,0,0,0,0.132935
721276,18,2,215948,60371,53041,155566,325060,1,0,0,0,0.148156
721277,18,2,214485,60001,52857,154473,323126,1,0,0,0,0.182753
721278,18,2,189357,52592,46174,136752,283057,1,0,0,0,0.154705
721279,18,1,181500,50247,43972,131253,269311,0,0,0,0,0.0622409
721550,18,1,157001,42569,36502,114432,227037,0,0,0,0,0.0857242
721551,18,1,173445,47527,41363,125918,251877,0,0,0,0,0.0682249
721552,18,1,176296,48444,42488,127852,258528,0,0,0,0,0.0690202
721553,18,1,168092,45321,39746,122771,240843,0,0,0,0,0.0601376
721554,18,2,190080,52411,45637,137656,281506,1,0,0,0,0.137372
721555,18,1,203629,57400,50240,146229,306784,0,0,0,0,0.0839006
721556,18,1,197442,55781,48757,141661,299774,0,0,0,0,0.0836171
721557,18,1,196507,55399,48732,141108,297135,0,0,0,0,0.0575419
721558,18,1,205535,57684,50509,147851,307768,0,0,0,0,0.0632301
721559,18,2,183550,49827,43489,133710,266376,1,0,0,0,0.132395
721820,36,1,162548,44158,37932,118390,236002,0,0,0,0,0.0677685
721821,36,1,179322,49606,42876,129716,264659,0,0,0,0,0.0625141
721822,36,1,169053,46283,40342,122770,248790,0,0,0,0,0.0518882
721823,36,1,163853,44810,39217,119043,241067,0,0,0,0,0.0711949
721824,36,1,197732,56327,49270,141405,303658,0,0,0,0,0.0794772
721825,36,1,202498,57360,49851,145138,308351,0,0,0,0,0.0557305
721826,36,1,189945,53472,46342,136473,287936,0,0,0,0,0.073139
721827,36,1,191254,53767,46602,137487,289313,0,0,0,0,0.0707875
721828,36,1,202188,57063,49449,145125,306411,0,0,0,0,0.0587348
721829,36,1,196207,55687,49050,140520,299938,0,0,0,0,0.0623045
722390,18,1,145030,38791,32853,106239,206614,0,0,0,0,0.0700178
722391,18,1,160745,43444,37693,117301,230256,0,0,0,0,0.0719833
722392,18,1,160411,43703,38176,116708,234767,0,0,0,0,0.0631123
722393,18,1,160232,43627,38096,116605,234303,0,0,0,0,0.0639057
722394,18,1,182115,51296,45238,130819,275921,0,0,0,0,0.0682218
722395,18,1,193168,55212,48048,137956,298744,0,0,0,0,0.0619677
722396,18,1,193771,55381,48141,138390,299623,0,0,0,0,0.060183
722397,18,1,191525,54242,47352,137283,292663,0,0,0,0,0.0635992
722398,18,1,191385,54230,47356,137155,292609,0,0,0,0,0.0794887
722399,18,1,179141,49955,43832,129186,268001,0,0,0,0,0.0878852
723800,3,1,164225,43670,38713,120555,228436,0,0,0,0,0.150951
723801,9,1,157025,42293,37146,114732,221683,0,0,0,0,0.0852469
723804,9,1,179084,48569,43298,130515,254530,0,0,0,0,0.109404
723809,9,1,174132,47953,41976,126179,253135,0,0,0,0,0.0878072
723810,3,1,164236,44829,39594,119407,236045,0,0,0,0,0.0864654
723811,9,1,163910,44614,38788,119296,234868,0,0,0,0,0.0653341
723814,9,1,187349,50867,44188,136482,266792,0,0,0,0,0.05919
723819,9,1,163933,44912,39140,119021,236838,0,0,0,0,0.0580826
723820,3,1,163976,44744,39535,119232,235544,0,0,0,0,0.0844407
723821,9,1,163784,44581,38755,119203,234684,0,0,0,0,0.0643562
723824,9,1,187217,50818,44170,136399,266504,0,0,0,0,0.0618019
723829,9,1,164889,45177,39341,119712,238226,0,0,0,0,0.057296
723830,3,1,163981,44744,39532,119237,235543,0,0,0,0,0.082774
723831,9,1,176283,48906,42596,127377,258089,0,0,0,0,0.0602203
723834,9,1,194883,53639,47141,141244,280987,0,0,0,0,0.0625394
723839,9,1,155475,42435,36985,113040,224047,0,0,0,0,0.0616442
723840,9,1,140031,38077,33183,101954,201326,0,0,0,0,0.0620922
723841,9,1,160517,43785,38565,116732,231387,0,0,0,0,0.0552668
723842,18,1,165977,45710,39759,120267,241579,0,0,0,0,0.0594619
723844,9,1,185206,50650,44782,134556,266057,0,0,0,0,0.0583933
723845,18,1,178298,48606,42272,129692,255316,0,0,0,0,0.0577614
723848,18,1,181644,48914,42520,132730,256208,0,0,0,0,0.0621665
723849,9,1,168564,46179,40675,122385,243611,0,0,0,0,0.0826886
723870,3,1,172911,46377,40847,126534,241358,0,0,0,0,0.0851685
723871,9,1,173653,46804,40682,126849,243984,0,0,0,0,0.0616714
723874,9,1,188701,50715,44432,137986,263270,0,0,0,0,0.0584196
723879,9,1,166988,44324,38898,122664,229831,0,0,0,0,0.0499853
723880,3,1,172842,46325,40797,126517,240998,0,0,0,0,0.0759645
723881,9,1,173528,46752,40664,126776,243649,0,0,0,0,0.0593112
723884,9,1,188752,50705,44446,138047,263150,0,0,0,0,0.0574002
723889,9,1,166901,44296,38894,122605,229670,0,0,0,0,0.0512941
723890,3,1,172851,46324,40792,126527,240988,0,0,0,0,0.0794727
723891,9,2,163388,42875,36544,120502,221485,1,0,0,0,0.142104
723894,9,2,171896,45673,39582,126212,236576,1,0,0,0,0.134771
723899,9,1,161402,42967,37531,118435,223634,0,0,0,0,0.0539232
723900,9,1,153069,41097,36215,111972,214591,0,0,0,0,0.0575028
723901,9,2,282823,78067,67794,204743,410440,1,0,0,0,0.162866
723902,18,2,286770,79720,69626,207037,419314,1,0,0,0,0.156603
723904,9,2,211593,57997,50569,153583,303383,1,0,0,0,0.135554
723905,18,2,295228,81963,71829,213252,430492,1,0,0,0,0.152838
723908,18,1,193451,51958,45213,141493,269590,0,0,0,0,0.0586982
723909,9,1,176295,47884,41933,128411,250140,0,0,0,0,0.0741625
723930,3,1,165308,43975,38923,121333,228428,0,0,0,0,0.0828724
723931,9,1,144787,38497,33694,106290,200602,0,0,0,0,0.0555828
723934,9,2,197415,53396,47048,144007,277446,1,0,0,0,0.136085
723939,9,2,193782,52081,45483,141688,269915,1,0,0,0,0.141353
723940,3,1,165261,43964,38916,121297,228361,0,0,0,0,0.0817776
723941,9,1,155093,41068,36207,114025,212955,0,0,0,0,0.0551017
723944,9,2,203446,55237,48139,148196,288384,1,0,0,0,0.133293
723949,9,2,195632,52321,45431,143298,271603,1,0,0,0,0.144414
723950,9,1,147470,38964,34042,108506,202096,0,0,0,0,0.0521321
723951,9,1,179033,47465,41436,131568,244179,0,0,0,0,0.0651283
723954,9,2,205679,55816,48224,149850,291005,1,0,0,0,0.180451
723955,18,2,173485,46427,40208,127045,240957,1,0,0,0,0.125402
723958,18,2,210904,57658,50099,153233,301487,1,0,0,0,0.13122
723959,9,2,207553,56987,49348,150553,297995,1,0,0,0,0.140258
723962,18,1,167282,44947,39824,122335,234572,0,0,0,0,0.0522811
723980,3,1,165350,44003,38946,121347,228602,0,0,0,0,0.0775946
723981,9,2,177275,47141,40514,130121,243966,1,0,0,0,0.143683
723984,9,2,181312,48194,41524,133106,249120,1,0,0,0,0.126695
723989,9,1,148245,38876,33894,109369,201092,0,0,0,0,0.0552451
723990,9,1,147582,39014,34092,108568,202396,0,0,0,0,0.0570354
723991,9,2,219173,60170,51883,158990,314257,1,0,0,0,0.151913
723994,9,2,182774,49248,42197,133514,255114,1,0,0,0,0.137987
723999,9,1,163827,43870,38144,119957,228007,0,0,0,0,0.0529491
724002,18,2,294719,81073,70946,213633,424970,1,0,0,0,0.170212
724005,18,2,182935,49282,42186,133640,255982,1,0,0,0,0.120606
724008,18,1,166345,44123,38771,122222,228559,0,0,0,0,0.0476622
724020,9,2,278296,74393,64472,203892,384056,1,0,0,0,0.160358
724021,9,2,278570,74457,64468,204102,384425,1,0,0,0,0.169438
724024,9,2,179597,46490,39853,133095,235843,1,0,0,0,0.144017
724029,9,1,152434,40687,35344,111747,211805,0,0,0,0,0.0569128
724042,18,2,330995,90056,78424,240928,469646,1,0,0,0,0.183983
724045,18,2,184632,49811,42701,134810,258803,1,0,0,0,0.138262
724048,18,1,171772,46529,41394,125243,242173,0,0,0,0,0.0593216
724070,9,1,138694,36017,31635,102677,184670,0,0,0,0,0.043492
724071,9,1,138866,36034,31659,102832,184678,0,0,0,0,0.0449578
724072,9,1,144144,37552,33067,106592,193598,0,0,0,0,0.050552
724073,9,1,167755,45157,40332,122598,234626,0,0,0,0,0.0715272
724074,9,2,176875,46083,38986,130779,235150,1,0,0,0,0.12617
724075,9,2,173214,46546,39617,126656,241466,1,0,0,0,0.147789
724076,9,2,179838,49018,41852,130808,255647,1,0,0,0,0.187116
724077,9,1,149762,39527,34527,110235,204523,0,0,0,0,0.0644394
724078,9,1,155037,40901,35840,114136,211410,0,0,0,0,0.0543111
724079,9,1,147425,39054,33971,108371,202835,0,0,0,0,0.0697908
724080,3,1,164634,43788,38884,120846,228950,0,0,0,0,0.183246
724081,9,1,157698,42530,37325,115168,223016,0,0,0,0,0.0817426
724084,9,1,180564,48953,43667,131611,256487,0,0,0,0,0.0775602
724089,9,1,174472,48058,42027,126414,253754,0,0,0,0,0.0781344
724090,3,1,165331,45151,39866,120180,237738,0,0,0,0,0.0959306
724091,9,1,165486,45062,39290,120424,237252,0,0,0,0,0.0653008
724094,9,1,187931,51102,44451,136829,268148,0,0,0,0,0.0755436
724099,9,1,165336,45395,39653,119941,239521,0,0,0,0,0.0827169
724100,3,1,165071,45066,39807,120005,237237,0,0,0,0,0.0903253
724101,9,1,165366,45031,39259,120335,237082,0,0,0,0,0.0649876
724104,9,1,187872,51073,44456,136799,267967,0,0,0,0,0.0571912
724109,9,1,166167,45631,39842,120536,240772,0,0,0,0,0.0620294
724110,3,1,165100,45071,39810,120029,237258,0,0,0,0,0.0885338
724111,9,1,178035,49385,43082,128650,260644,0,0,0,0,0.0624184
724114,9,1,196426,54094,47567,142332,283465,0,0,0,0,0.0645783
724119,9,1,157319,43025,37553,114294,227269,0,0,0,0,0.0605537
724120,9,1,141442,38424,33516,103018,203053,0,0,0,0,0.0582841
724121,9,1,162524,44361,39068,118163,234383,0,0,0,0,0.0576719
724122,18,1,166954,45977,40003,120977,242947,0,0,0,0,0.0565496
724124,9,1,187346,51268,45254,136078,269338,0,0,0,0,0.0591902
724125,18,1,179518,49065,42748,130453,257982,0,0,0,0,0.0600356
724128,18,1,182031,49137,42818,132894,257555,0,0,0,0,0.0655021
724129,9,1,170018,46639,41152,123379,246130,0,0,0,0,0.099019
724150,3,1,174502,46804,41319,127698,243480,0,0,0,0,0.0774416
724151,9,1,176049,47359,41341,128690,246611,0,0,0,0,0.0612655
724154,9,1,190021,51008,44790,139013,264617,0,0,0,0,0.0590889
724159,9,1,168893,44902,39537,123991,232918,0,0,0,0,0.0549345
724160,3,1,174432,46753,41267,127679,243128,0,0,0,0,0.0753151
724161,9,1,175908,47307,41324,128601,246289,0,0,0,0,0.0612146
724164,9,1,190033,50993,44798,139040,264481,0,0,0,0,0.0602091
724169,9,1,168801,44873,39531,123928,232755,0,0,0,0,0.0552402
724170,3,1,174445,46753,41264,127692,243123,0,0,0,0,0.0788475
724171,9,2,164521,42949,36628,121561,221585,1,0,0,0,0.126203
724174,9,2,172908,45690,39677,127207,236442,1,0,0,0,0.122359
724179,9,1,162998,43442,37950,119556,226135,0,0,0,0,0.0537954
724180,9,1,155542,41749,36774,113793,217873,0,0,0,0,0.0558295
724181,9,2,254882,70086,60663,184783,368294,1,0,0,0,0.147088
724182,18,2,257683,71083,62059,186587,373198,1,0,0,0,0.152262
724184,9,2,212671,58085,50702,154573,303589,1,0,0,0,0.142796
724185,18,2,265424,73281,64164,192130,384563,1,0,0,0,0.148096
724188,18,1,194518,52247,45586,142271,270989,0,0,0,0,0.0591799
724189,9,1,178188,48336,42401,129852,252228,0,0,0,0,0.0725625
724210,3,1,166485,44229,39270,122256,229568,0,0,0,0,0.0811773
724211,9,1,146028,38745,33858,107283,201733,0,0,0,0,0.0615951
724214,9,2,198355,53311,46973,145032,276449,1,0,0,0,0.153637
724219,9,2,193106,51562,45020,141531,266651,1,0,0,0,0.132106
724220,3,1,166438,44218,39263,122220,229501,0,0,0,0,0.0837043
724221,9,1,157635,41796,36892,115839,216741,0,0,0,0,0.053151
724224,9,2,204260,55173,48135,149074,287600,1,0,0,0,0.135798
724229,9,2,196316,52338,45461,143965,271514,1,0,0,0,0.130492
724230,9,1,148984,39411,34502,109573,204542,0,0,0,0,0.0766156
724231,9,1,180245,47865,41789,132380,246372,0,0,0,0,0.0695077
724234,9,2,206141,55882,48380,150246,291393,1,0,0,0,0.152861
724235,18,2,173774,46345,40089,127416,240361,1,0,0,0,0.157706
724238,18,2,210837,57372,49875,153452,299468,1,0,0,0,0.175898
724239,9,2,207773,56716,49150,151044,296019,1,0,0,0,0.21584
724242,18,1,168373,45216,40033,123157,235898,0,0,0,0,0.0952912
724260,3,1,166527,44257,39293,122270,229742,0,0,0,0,0.10793
724261,9,2,177558,46972,40324,130573,242774,1,0,0,0,0.228316
724264,9,2,180771,47862,41246,132897,247126,1,0,0,0,0.252765
724269,9,1,150041,39386,34346,110655,203797,0,0,0,0,0.0757296
724270,9,1,149096,39461,34552,109635,204842,0,0,0,0,0.0961845
724271,9,2,219109,60061,51852,159035,313746,1,0,0,0,0.280045
724274,9,2,182170,49061,42110,133097,254222,1,0,0,0,0.211797
724279,9,1,165396,44277,38661,121119,230032,0,0,0,0,0.0868341
724282,18,2,268056,73392,64183,194651,384181,1,0,0,0,0.286802
724285,18,2,182156,48872,41890,133271,253637,1,0,0,0,0.297554
724288,18,1,167665,44528,39137,123137,230666,0,0,0,0,0.133344
724300,9,2,254815,68031,58845,186773,351325,1,0,0,0,0.479446
724301,9,2,255074,68096,58846,186967,351714,1,0,0,0,0.517775
724304,9,2,179796,46455,39889,133329,235587,1,0,0,0,0.455972
724309,9,1,153684,41038,35750,112646,213592,0,0,0,0,0.127329
724322,18,2,334371,90876,79102,243484,473906,1,0,0,0,0.468834
724325,18,2,184677,49626,42550,135040,257621,1,0,0,0,0.265795
724328,18,1,173074,46950,41681,126124,244502,0,0,0,0,0.0856262
724350,9,1,140335,36386,31828,103949,186484,0,0,0,0,0.0694032
724351,9,1,140500,36402,31847,104098,186489,0,0,0,0,0.0660903
724352,9,1,145462,37907,33287,107555,195464,0,0,0,0,0.0502576
724353,9,1,169250,45657,40790,123593,237420,0,0,0,0,0.102863
724354,9,2,176881,45940,38884,130928,234205,1,0,0,0,0.172313
724355,9,2,172628,46256,39390,126360,239857,1,0,0,0,0.229308
724356,9,2,180080,48831,41663,131237,254289,1,0,0,0,0.243286
724357,9,1,151703,40053,34922,111650,207227,0,0,0,0,0.0695559
724358,9,1,156945,41529,36409,115416,214908,0,0,0,0,0.0897872
724359,9,1,148405,39344,34282,109061,204367,0,0,0,0,0.0836936
724360,3,1,170122,44517,37956,125605,234207,0,0,0,0,0.218954
724361,9,1,158998,41927,35405,117071,220838,0,0,0,0,0.148259
724364,9,1,187840,51468,44888,136372,273413,0,0,0,0,0.114336
724369,9,1,176646,48638,41981,128008,258985,0,0,0,0,0.129196
724370,3,1,168219,45564,39006,122655,242126,0,0,0,0,0.169852
724371,9,1,157903,42417,35542,115486,224901,0,0,0,0,0.102395
724374,9,1,182852,49546,42721,133306,261344,0,0,0,0,0.0952347
724379,9,1,156843,42642,36168,114201,226807,0,0,0,0,0.0724398
724380,3,1,168258,45572,39001,122686,242173,0,0,0,0,0.108088
724381,9,1,157981,42440,35570,115541,224998,0,0,0,0,0.0792251
724384,9,1,183007,49607,42814,133400,261675,0,0,0,0,0.0647997
724389,9,1,157042,42681,36206,114361,226967,0,0,0,0,0.0798283
724390,3,1,168379,45606,39026,122773,242378,0,0,0,0,0.107876
724391,9,1,186697,53132,45562,133565,285092,0,0,0,0,0.109994
724394,9,1,209077,59053,51100,150024,314508,0,0,0,0,0.1111
724399,9,1,147070,39524,33483,107546,210126,0,0,0,0,0.0968617
724400,9,1,139743,38565,32465,101178,206683,0,0,0,0,0.107718
724401,9,1,155296,42284,36456,113012,225482,0,0,0,0,0.0832972
724402,18,1,167078,46223,39502,120855,247215,0,0,0,0,0.0644198
724404,9,1,179236,48896,42221,130340,259663,0,0,0,0,0.0678372
724405,18,1,181431,50128,43093,131303,267474,0,0,0,0,0.0668877
724408,18,1,179254,48701,41713,130553,258007,0,0,0,0,0.0679645
724409,9,1,167723,45519,38939,122204,241954,0,0,0,0,0.0968603
724430,3,1,205417,58111,50730,147306,309980,0,0,0,0,0.132142
724431,9,1,198085,56392,48457,141693,301585,0,0,0,0,0.0734855
724434,9,1,210763,58900,50781,151863,312072,0,0,0,0,0.0707986
724439,9,1,188559,51373,44580,137186,270408,0,0,0,0,0.0685034
724440,3,1,205291,58075,50710,147216,309764,0,0,0,0,0.128919
724441,9,1,197950,56344,48437,141606,301310,0,0,0,0,0.0733885
724444,9,1,210738,58845,50816,151893,311625,0,0,0,0,0.0675518
724449,9,1,188879,51435,44640,137444,270673,0,0,0,0,0.0628076
724450,3,1,205411,58100,50737,147311,309905,0,0,0,0,0.0999887
724451,9,1,219141,61872,53825,157269,329676,0,0,0,0,0.0759837
724454,9,1,232281,65386,57016,166895,346973,0,0,0,0,0.0739258
724459,9,1,183177,50127,43172,133050,265423,0,0,0,0,0.083314
724460,9,1,177734,49406,42352,128328,262911,0,0,0,0,0.104614
724461,9,1,191520,53217,46469,138303,283049,0,0,0,0,0.0662672
724462,18,1,209399,59536,51349,149863,319062,0,0,0,0,0.0700441
724464,9,1,210211,58002,50998,152209,306490,0,0,0,0,0.0673363
724465,18,1,219006,61879,53419,157127,330401,0,0,0,0,0.0733248
724468,18,1,212090,59767,51308,152323,318141,0,0,0,0,0.0722319
724469,9,1,212385,60237,52887,152148,320997,0,0,0,0,0.117197
724490,3,1,199372,56084,49196,143288,299090,0,0,0,0,0.101554
724491,9,1,169751,46461,39669,123290,246546,0,0,0,0,0.0649309
724494,9,1,189441,52508,45098,136933,276850,0,0,0,0,0.0725763
724499,9,1,208598,56599,49190,151999,296703,0,0,0,0,0.0632958
724500,3,1,199412,56093,49195,143319,299136,0,0,0,0,0.105376
724501,9,1,192447,53593,46763,138854,285060,0,0,0,0,0.0689889
724504,9,1,186728,51509,44754,135219,272596,0,0,0,0,0.0668393
724509,9,1,197289,53697,46666,143592,282606,0,0,0,0,0.067624
724510,9,1,193832,55196,48043,138636,295279,0,0,0,0,0.0747441
724511,9,1,213051,60494,52337,152557,322181,0,0,0,0,0.0745414
724514,9,1,191111,52806,45405,138305,280195,0,0,0,0,0.075461
724515,18,1,215410,59338,51369,156072,314574,0,0,0,0,0.0758938
724518,18,1,208636,58714,50907,149922,311747,0,0,0,0,0.0860366
724519,9,1,206727,57709,50303,149018,306058,0,0,0,0,0.0775103
724522,18,1,204485,57715,50011,146770,308417,0,0,0,0,0.0751333
724540,3,1,199620,56148,49231,143472,299454,0,0,0,0,0.103704
724541,9,1,212465,58592,51001,153873,309332,0,0,0,0,0.0696915
724544,9,1,185023,50462,43821,134561,266488,0,0,0,0,0.0662331
724549,9,1,181947,50175,43082,131772,265980,0,0,0,0,0.0739539
724550,9,1,193954,55237,48039,138717,295539,0,0,0,0,0.079488
724551,9,1,225445,63224,54838,162221,334797,0,0,0,0,0.0832977
724554,9,1,190487,52208,45153,138279,276199,0,0,0,0,0.0787804
724559,9,1,186625,51568,44270,135057,273512,0,0,0,0,0.0686313
724562,18,1,211341,59321,51398,152020,315894,0,0,0,0,0.0700151
724565,18,1,216078,59571,51509,156507,316004,0,0,0,0,0.0628604
724568,18,1,196069,55129,47499,140940,293459,0,0,0,0,0.0633516
724580,9,1,209093,58026,50584,151067,307031,0,0,0,0,0.0711998
724581,9,1,209201,58018,50608,151183,306873,0,0,0,0,0.0723012
724584,9,1,198314,54775,47296,143539,288876,0,0,0,0,0.0708545
724589,9,1,179098,49751,42565,129347,264286,0,0,0,0,0.0745039
724602,18,1,214453,59614,51051,154839,315909,0,0,0,0,0.0739796
724605,18,1,217653,61043,52524,156610,324317,0,0,0,0,0.0686225
724608,18,1,200604,55892,47602,144712,296809,0,0,0,0,0.0636713
724630,9,1,189860,51875,44910,137985,273350,0,0,0,0,0.0698921
724631,9,1,190070,51914,44938,138156,273508,0,0,0,0,0.0684153
724632,9,1,185238,50995,43982,134243,270525,0,0,0,0,0.0918173
724633,9,1,202185,56968,49640,145217,303519,0,0,0,0,0.0961395
724634,9,1,212270,57913,50321,154357,304220,0,0,0,0,0.0684476
724635,9,1,193539,52710,45864,140829,277528,0,0,0,0,0.0811186
724636,9,1,208873,57910,50305,150963,306883,0,0,0,0,0.0786782
724637,9,1,181397,49614,42878,131783,262186,0,0,0,0,0.0632821
724638,9,1,183617,50232,43144,133385,266058,0,0,0,0,0.0729248
724639,9,1,169839,46857,40421,122982,248764,0,0,0,0,0.0712655
724640,3,1,172436,45554,38841,126882,240295,0,0,0,0,0.174966
724641,9,1,162441,43283,36593,119158,228680,0,0,0,0,0.0957696
724644,9,1,191443,52685,45890,138758,280297,0,0,0,0,0.0910367
724649,9,1,179330,49659,42896,129671,264680,0,0,0,0,0.0863232
724650,3,1,186005,49279,42793,136726,257877,0,0,0,0,0.0861307
724651,9,1,176175,45985,39361,130190,239121,0,0,0,0,0.0628871
724654,9,1,199693,52623,45763,147070,272322,0,0,0,0,0.0727037
724659,9,2,322390,86742,75225,235636,457015,1,0,0,0,0.251656
724660,3,1,185778,49216,42775,136562,257518,0,0,0,0,0.102946
724661,9,1,176106,45981,39374,130125,239146,0,0,0,0,0.0778794
724664,9,1,199603,52539,45714,147064,271735,0,0,0,0,0.0719629
724669,9,2,322626,86802,75282,235812,457307,1,0,0,0,0.23051
724670,3,1,185729,49204,42760,136525,257466,0,0,0,0,0.0927499
724671,9,1,211869,58473,50842,153396,308130,0,0,0,0,0.100458
724674,9,1,228465,63330,55312,165135,332598,0,0,0,0,0.107906
724679,9,1,162266,42513,36231,119753,222221,0,0,0,0,0.0759661
724680,9,1,159470,42852,36708,116618,225843,0,0,0,0,0.0872465
724681,9,1,172479,45559,39572,126920,238025,0,0,0,0,0.0905641
724682,18,1,189874,51605,44709,138269,272545,0,0,0,0,0.0972386
724684,9,1,189254,50194,43569,139060,260614,0,0,0,0,0.0692941
724685,18,1,202594,55118,48113,147476,290135,0,0,0,0,0.065115
724688,18,1,198184,53115,45269,145069,278217,0,0,0,0,0.0678833
724689,9,1,191096,50684,43932,140412,264735,0,0,0,0,0.0866926
724710,3,1,220955,61874,54691,159081,327137,0,0,0,0,0.102708
724711,9,1,214730,60299,52488,154431,319014,0,0,0,0,0.076413
724714,9,2,187693,51305,44760,136375,269661,1,0,0,0,0.149172
724719,9,2,194589,53126,46212,141450,279020,1,0,0,0,0.180921
724720,3,1,220627,61733,54556,158894,326255,0,0,0,0,0.0985524
724721,9,1,214535,60215,52419,154320,318490,0,0,0,0,0.0726093
724724,9,2,187748,51315,44718,136420,269711,1,0,0,0,0.189328
724729,9,2,194480,53098,46180,141369,278868,1,0,0,0,0.148787
724730,3,1,220554,61696,54533,158858,326037,0,0,0,0,0.103694
724731,9,1,233328,64717,56393,168611,340702,0,0,0,0,0.075139
724734,9,1,248288,69118,60580,179170,362579,0,0,0,0,0.0765676
724739,9,1,199571,54254,46486,145317,284830,0,0,0,0,0.0646704
724740,9,1,192600,52570,45509,140030,276793,0,0,0,0,0.0661377
724741,9,2,309135,86844,76179,222278,461110,1,0,0,0,0.19237
724742,18,1,224881,63408,54988,161473,336458,0,0,0,0,0.0753855
724744,9,2,321578,91266,80343,230299,484291,1,0,0,0,0.21893
724745,18,1,232119,65302,56857,166817,344991,0,0,0,0,0.0724825
724748,18,1,226988,63878,54923,163110,337144,0,0,0,0,0.076122
724749,9,1,229703,64720,56863,164983,341783,0,0,0,0,0.124027
724770,3,1,224272,63223,55684,161049,335071,0,0,0,0,0.109829
724771,9,1,189535,51304,44085,138231,269481,0,0,0,0,0.069496
724774,9,1,203877,55767,48213,148110,293429,0,0,0,0,0.0690325
724779,9,2,226254,62829,55031,163412,332700,1,0,0,0,0.16688
724780,3,1,224261,63229,55689,161032,335117,0,0,0,0,0.10423
724781,9,2,287186,80886,70833,206287,430629,1,0,0,0,0.190242
724784,9,1,206922,56627,49413,150295,298795,0,0,0,0,0.0748152
724789,9,1,217893,59666,51563,158227,313048,0,0,0,0,0.0770608
724790,9,1,223480,63360,55070,160120,336067,0,0,0,0,0.089599
724791,9,1,239332,67041,58423,172291,353429,0,0,0,0,0.0818017
724794,9,1,213410,58859,51247,154551,311299,0,0,0,0,0.0658093
724795,18,1,236090,65000,56381,171090,342750,0,0,0,0,0.0648748
724798,18,1,233725,65335,56723,168390,344716,0,0,0,0,0.0666922
724799,9,1,226774,62410,54586,164364,327346,0,0,0,0,0.111643
724802,18,1,229899,64316,55619,165583,339974,0,0,0,0,0.0944448
724820,3,1,224632,63354,55773,161278,335859,0,0,0,0,0.111597
724821,9,2,301188,85063,74676,216112,452083,1,0,0,0,0.184952
724824,9,1,208096,56993,49352,151103,300850,0,0,0,0,0.0642745
724829,9,1,207291,56733,48882,150558,298647,0,0,0,0,0.0730595
724830,9,1,223603,63405,55099,160198,336330,0,0,0,0,0.106552
724831,9,1,252892,70883,61985,182009,372245,0,0,0,0,0.0755752
724834,9,1,215047,59230,51973,155817,313093,0,0,0,0,0.0679987
724839,9,1,212202,58542,51222,153660,309101,0,0,0,0,0.0659705
724842,18,1,238570,66747,57782,171823,351572,0,0,0,0,0.0802413
724845,18,1,239001,66105,57394,172896,349472,0,0,0,0,0.0682082
724848,18,1,224036,62664,54373,161372,331742,0,0,0,0,0.0943502
724860,9,2,185961,51002,44325,134946,268259,1,0,0,0,0.170799
724861,9,2,186040,51010,44269,135017,268266,1,0,0,0,0.201842
724864,9,1,212503,58324,50856,154179,307401,0,0,0,0,0.0708211
724869,9,1,199937,55100,47895,144837,291879,0,0,0,0,0.0687157
724882,18,1,235634,65437,56005,170197,343740,0,0,0,0,0.0770829
724885,18,1,237092,65960,57029,171132,348259,0,0,0,0,0.092316
724888,18,1,226185,62858,54252,163327,332709,0,0,0,0,0.0791582
724910,9,2,187706,51103,44216,136590,268420,1,0,0,0,0.158127
724911,9,2,187696,51082,44195,136601,268263,1,0,0,0,0.213052
724912,9,1,206972,57037,48936,149935,301066,0,0,0,0,0.0722573
724913,9,1,232243,65903,57566,166340,349168,0,0,0,0,0.102976
724914,9,2,222378,61668,53886,160697,326912,1,0,0,0,0.156783
724915,9,1,219203,59923,51942,159280,314352,0,0,0,0,0.0892049
724916,9,1,224843,61841,54047,163002,324652,0,0,0,0,0.0723605
724917,9,1,206855,56442,48896,150413,296842,0,0,0,0,0.0968749
724918,9,1,208598,57218,50042,151380,301784,0,0,0,0,0.0867366
724919,9,1,196299,54031,46926,142268,286364,0,0,0,0,0.0748753
724920,3,1,154487,41055,34965,113432,217136,0,0,0,0,0.112037
724921,9,1,164737,45432,38352,119305,242004,0,0,0,0,0.0948886
724924,9,1,186642,52318,45558,134324,277656,0,0,0,0,0.0709114
724929,9,1,156129,43421,37375,112708,231838,0,0,0,0,0.0629605
724930,3,1,181463,46785,40621,134678,239976,0,0,0,0,0.114104
724931,9,1,191583,51839,45075,139744,270011,0,0,0,0,0.0877569
724934,9,2,179644,49293,42954,130339,261903,1,0,0,0,0.194667
724939,9,2,178120,48490,42202,129617,257755,1,0,0,0,0.234419
724940,3,1,182923,48632,42459,134291,255662,0,0,0,0,0.114518
724941,9,1,168416,44913,38784,123503,236420,0,0,0,0,0.0992289
724944,9,2,171919,46937,40728,124970,248892,1,0,0,0,0.181045
724949,9,2,175322,48094,41896,127217,255529,1,0,0,0,0.154539
724950,3,1,183078,48705,42574,134373,256012,0,0,0,0,0.116208
724951,9,1,188454,51338,44537,137116,269669,0,0,0,0,0.0721002
724954,9,1,189580,51735,45217,137845,273356,0,0,0,0,0.0813555
724959,9,1,185436,49420,42625,136016,257762,0,0,0,0,0.0839513
724960,9,1,167622,45462,39412,122160,240872,0,0,0,0,0.0846452
724961,9,2,156752,42131,36097,114610,223540,1,0,0,0,0.186172
724962,18,1,175338,47262,41158,128076,249750,0,0,0,0,0.0661034
724964,9,2,153258,41136,35440,112109,217526,1,0,0,0,0.174545
724965,18,1,209591,58092,50374,151499,307071,0,0,0,0,0.0925967
724968,18,1,195321,52667,45433,142654,275851,0,0,0,0,0.0693801
724969,9,1,189519,49702,42605,139817,257133,0,0,0,0,0.0778175
724990,3,1,191559,52197,46399,139362,274156,0,0,0,0,0.101484
724991,9,1,201644,56243,49351,145401,296927,0,0,0,0,0.102198
724994,9,2,192796,52925,46635,139859,278624,1,0,0,0,0.168471
724999,9,2,189387,51538,45157,137836,271008,1,0,0,0,0.158324
725000,3,1,215805,59461,52400,156344,312951,0,0,0,0,0.105488
725001,9,1,198121,54864,47434,143257,289210,0,0,0,0,0.0786591
725004,9,2,187036,50905,44534,136118,267047,1,0,0,0,0.159179
725009,9,2,191644,52443,45478,139188,275933,1,0,0,0,0.174936
725010,3,1,215653,59459,52423,156194,312905,0,0,0,0,0.0951366
725011,9,2,210849,60122,53204,150715,321177,1,0,0,0,0.1549
725014,9,1,211877,59044,51037,152833,311453,0,0,0,0,0.0653211
725019,9,2,186889,51485,45062,135391,271984,1,0,0,0,0.166417
725020,9,1,199188,54861,47424,144327,289179,0,0,0,0,0.0922387
725021,9,2,194993,54407,47796,140573,289255,1,0,0,0,0.150933
725022,18,1,198800,55467,48329,143333,293751,0,0,0,0,0.0629378
725024,9,2,223320,62856,55287,160451,334296,1,0,0,0,0.162791
725025,18,1,241893,68904,60259,172989,365519,0,0,0,0,0.0705974
725028,18,1,216956,60547,52870,156409,317712,0,0,0,0,0.0831284
725029,9,1,212206,58739,50995,153467,307532,0,0,0,0,0.0962953
725050,3,1,220794,61398,54369,159396,323946,0,0,0,0,0.101348
725051,9,1,203655,56501,49027,147154,298230,0,0,0,0,0.0693243
725054,9,2,202975,56086,49015,146876,295325,1,0,0,0,0.184189
725059,9,2,210508,58569,51186,151926,309114,1,0,0,0,0.153833
725060,3,1,221134,61570,54365,159564,325050,0,0,0,0,0.101269
725061,9,2,194649,54377,47790,140259,289407,1,0,0,0,0.159714
725064,9,2,191907,53949,47190,137945,286663,1,0,0,0,0.136902
725069,9,2,181335,49632,43440,131691,261336,1,0,0,0,0.147536
725070,9,1,197608,54805,47462,142803,289247,0,0,0,0,0.0663234
725071,9,2,208119,58447,51252,149660,311112,1,0,0,0,0.189235
725074,9,2,184023,50444,43966,133566,266565,1,0,0,0,0.190193
725075,18,2,198465,55967,48853,142485,298033,1,0,0,0,0.15005
725078,18,2,186993,51862,45530,135119,274817,1,0,0,0,0.181105
725079,9,2,171288,45963,40455,125314,241083,1,0,0,0,0.14428
725082,18,1,202564,56632,49698,145932,299995,0,0,0,0,0.0701076
725100,3,1,197078,53698,47564,143380,281337,0,0,0,0,0.097405
725101,9,2,219728,61206,53632,158509,324625,1,0,0,0,0.16402
725104,9,2,176340,48553,42562,127774,256822,1,0,0,0,0.130068
725109,9,2,162410,43513,37867,118885,228497,1,0,0,0,0.156578
725110,9,1,203100,56301,49249,146799,295824,0,0,0,0,0.0766393
725111,9,1,210279,58951,51491,151328,310872,0,0,0,0,0.074949
725114,9,2,185488,52124,45962,133351,276929,1,0,0,0,0.146725
725119,9,1,206141,56101,48768,150040,292216,0,0,0,0,0.0696664
725122,18,1,239316,67349,58885,171967,355470,0,0,0,0,0.0721136
725125,18,2,193843,54675,48067,139155,291315,1,0,0,0,0.13433
725128,18,2,349382,98606,85627,250763,524427,1,0,0,0,0.180426
725140,9,2,185860,50543,44206,135305,265080,1,0,0,0,0.149612
725141,9,2,182487,49492,42864,132982,259427,1,0,0,0,0.13886
725144,9,2,201714,56053,48981,145648,296087,1,0,0,0,0.147936
725149,9,1,199333,54679,47274,144654,288558,0,0,0,0,0.0689672
725162,18,1,224043,62514,54405,161529,328181,0,0,0,0,0.0723349
725165,18,2,184677,51455,45094,133210,273286,1,0,0,0,0.160284
725168,18,2,349141,98041,85177,251087,520652,1,0,0,0,0.209274
725190,9,2,170547,45777,39826,124757,239961,1,0,0,0,0.14967
725191,9,2,182571,49057,42429,133501,256957,1,0,0,0,0.122363
725192,9,2,178791,48576,42334,130202,256380,1,0,0,0,0.125444
725193,9,1,216589,59875,51520,156714,313557,0,0,0,0,0.0767438
725194,9,2,201788,55992,49000,145783,295757,1,0,0,0,0.177114
725195,9,2,175191,48071,42149,127108,253983,1,0,0,0,0.138706
725196,9,2,171182,46594,41168,124576,246289,1,0,0,0,0.14993
725197,9,2,161611,43408,37550,118191,228746,1,0,0,0,0.188535
725198,9,1,211436,57499,50077,153937,299816,0,0,0,0,0.0713311
725199,9,1,192623,52415,45509,140208,276361,0,0,0,0,0.066066
725200,3,1,154300,41014,34934,113286,216922,0,0,0,0,0.0920012
725201,9,1,164758,45419,38329,119339,241904,0,0,0,0,0.0725306
725204,9,1,186644,52226,45406,134418,277020,0,0,0,0,0.0669325
725209,9,1,156203,43358,37354,112845,231382,0,0,0,0,0.060694
725210,3,1,181219,46726,40566,134493,239679,0,0,0,0,0.0822764
725211,9,1,191570,51825,45068,139745,269888,0,0,0,0,0.0702368
725214,9,2,179314,49211,42889,130091,261470,1,0,0,0,0.150599
725219,9,2,178172,48477,42157,129682,257647,1,0,0,0,0.169624
725220,3,1,183195,48783,42627,134412,256542,0,0,0,0,0.104699
725221,9,1,168518,45004,38864,123514,237016,0,0,0,0,0.0630412
725224,9,2,172157,46985,40743,125160,249131,1,0,0,0,0.150809
725229,9,2,175863,48197,41971,127655,256003,1,0,0,0,0.181567
725230,3,1,182981,48692,42549,134289,255935,0,0,0,0,0.104876
725231,9,1,200122,54303,47363,145819,283825,0,0,0,0,0.0666675
725234,9,1,184700,50105,43610,134595,264803,0,0,0,0,0.0861863
725239,9,1,169163,44812,38506,124351,234804,0,0,0,0,0.0668013
725240,9,1,167668,45487,39428,122181,241063,0,0,0,0,0.0716164
725241,9,2,155939,41936,36102,113992,222451,1,0,0,0,0.171478
725242,18,1,186855,50443,44095,136412,265963,0,0,0,0,0.0607398
725244,9,1,170915,44566,38842,126349,229018,0,0,0,0,0.0594856
725245,18,1,207791,57354,49729,150437,303553,0,0,0,0,0.0645983
725248,18,1,179481,48257,41515,131224,253885,0,0,0,0,0.0598168
725249,9,1,170950,44573,38056,126377,231718,0,0,0,0,0.0632993
725270,3,1,191507,52191,46403,139316,274156,0,0,0,0,0.0870153
725271,9,1,201543,56172,49288,145371,296447,0,0,0,0,0.0902058
725274,9,2,192615,52871,46605,139732,278326,1,0,0,0,0.181818
725279,9,2,189405,51513,45133,137879,270819,1,0,0,0,0.138004
725280,3,1,215924,59564,52452,156360,313621,0,0,0,0,0.0839125
725281,9,1,198498,54990,47510,143508,289934,0,0,0,0,0.0661416
725284,9,2,186902,50876,44524,136013,266891,1,0,0,0,0.132837
725289,9,2,191404,52385,45449,139006,275612,1,0,0,0,0.124589
725290,3,1,215891,59771,52753,156120,314898,0,0,0,0,0.0824886
725291,9,2,211303,60144,53235,151147,321194,1,0,0,0,0.137736
725294,9,1,208156,57460,49576,150696,303159,0,0,0,0,0.0605487
725299,9,2,179701,49278,42893,130410,260868,1,0,0,0,0.126253
725300,9,1,199149,54936,47487,144213,289696,0,0,0,0,0.0606083
725301,9,2,193473,53762,47228,139698,285507,1,0,0,0,0.133403
725302,18,1,205798,57282,49927,148516,302510,0,0,0,0,0.0750038
725304,9,2,219086,61686,54126,157387,328620,1,0,0,0,0.147189
725305,18,1,238838,67557,59000,171281,358518,0,0,0,0,0.0670544
725308,18,1,206130,57365,49923,148765,302346,0,0,0,0,0.0612045
725309,9,1,193255,53013,45974,140242,278354,0,0,0,0,0.0642979
725330,3,1,221110,61681,54695,159429,325779,0,0,0,0,0.0844575
725331,9,1,203811,56580,49108,147231,298693,0,0,0,0,0.0652817
725334,9,2,202953,56065,48957,146875,295208,1,0,0,0,0.137339
725339,9,2,210887,58678,51279,152196,309712,1,0,0,0,0.131924
725340,3,1,221096,61632,54414,159464,325455,0,0,0,0,0.0828259
725341,9,2,192459,53751,47334,138695,285967,1,0,0,0,0.134043
725344,9,2,190907,53801,47031,137093,286195,1,0,0,0,0.135427
725349,9,2,178993,49026,42760,129955,258923,1,0,0,0,0.127531
725350,9,1,197611,54836,47489,142775,289445,0,0,0,0,0.0625772
725351,9,2,207822,58287,51240,149523,310138,1,0,0,0,0.139852
725354,9,2,183431,50373,43839,133045,266383,1,0,0,0,0.133757
725355,18,2,196779,55672,48470,141094,296796,1,0,0,0,0.131882
725358,18,2,183017,50654,44330,132351,268785,1,0,0,0,0.126593
725359,9,2,171278,46142,40551,125125,242746,1,0,0,0,0.132058
725362,18,1,210051,58500,51522,151551,308708,0,0,0,0,0.0607003
725380,3,1,197047,53688,47549,143359,281259,0,0,0,0,0.0859317
725381,9,2,217156,60609,53231,156534,322024,1,0,0,0,0.140819
725384,9,2,177444,49276,43237,128155,261566,1,0,0,0,0.133916
725389,9,2,162809,43691,37950,119106,229538,1,0,0,0,0.161086
725390,9,1,203003,56272,49209,146731,295654,0,0,0,0,0.0886042
725391,9,1,206069,57183,49804,148886,301269,0,0,0,0,0.0592636
725394,9,2,186341,52456,46382,133872,279032,1,0,0,0,0.129597
725399,9,1,214140,57888,50392,156252,300088,0,0,0,0,0.063906
725402,18,1,235226,65690,57329,169536,346454,0,0,0,0,0.0641691
725405,18,2,191324,54232,47688,137079,289547,1,0,0,0,0.135938
725408,18,2,356548,100632,87692,255903,534703,1,0,0,0,0.173355
725420,9,2,185909,50546,44198,135351,265087,1,0,0,0,0.137269
725421,9,2,182532,49493,42867,133026,259400,1,0,0,0,0.130338
725424,9,2,201784,56070,49007,145701,296152,1,0,0,0,0.131875
725429,9,1,199488,54738,47328,144750,288907,0,0,0,0,0.0654522
725442,18,1,212736,58984,51178,153752,310511,0,0,0,0,0.0603363
725445,18,2,180538,50272,43990,130254,267308,1,0,0,0,0.124282
725448,18,2,356834,100559,87607,256262,533873,1,0,0,0,0.17598
725470,9,2,170229,45654,39693,124562,239240,1,0,0,0,0.132371
725471,9,2,182588,49058,42412,133517,256955,1,0,0,0,0.121076
725472,9,2,174384,47039,40944,127332,248402,1,0,0,0,0.130592
725473,9,1,195798,53663,46186,142135,281884,0,0,0,0,0.0672467
725474,9,2,202039,56094,49060,145932,296335,1,0,0,0,0.133373
725475,9,2,171271,46792,40999,124467,247339,1,0,0,0,0.12466
725476,9,2,169418,46074,40631,123332,243756,1,0,0,0,0.131021
725477,9,2,159929,43007,37117,116910,226765,1,0,0,0,0.159015
725478,9,1,220833,59991,52228,160842,311902,0,0,0,0,0.068624
725479,9,1,192700,52455,45562,140245,276596,0,0,0,0,0.0642403
725480,3,1,154210,40989,34916,113221,216786,0,0,0,0,0.0885621
725481,9,1,169601,46696,39575,122905,248221,0,0,0,0,0.0643512
725484,9,1,182350,50119,43051,132231,264485,0,0,0,0,0.0651137
725489,9,1,146406,40588,34817,105818,217157,0,0,0,0,0.0625388
725490,3,1,180981,46670,40500,134311,239419,0,0,0,0,0.0996131
725491,9,1,201046,54494,47522,146552,283000,0,0,0,0,0.067594
725494,9,1,211516,56949,49713,154567,293123,0,0,0,0,0.0656098
725499,9,1,169138,44591,38545,124547,230506,0,0,0,0,0.0665396
725500,3,1,183078,48764,42598,134314,256417,0,0,0,0,0.105957
725501,9,1,169494,44367,38767,125127,231615,0,0,0,0,0.054998
725504,9,1,173678,46201,39761,127477,242163,0,0,0,0,0.0632788
725509,9,1,175640,45837,39123,129803,237639,0,0,0,0,0.0588133
725510,3,1,183266,48847,42721,134419,256847,0,0,0,0,0.0954414
725511,9,1,188048,49316,43038,138732,255160,0,0,0,0,0.0613854
725514,9,1,175792,47308,41063,128484,249200,0,0,0,0,0.0598408
725519,9,1,164915,43378,37340,121537,226945,0,0,0,0,0.0573649
725520,9,1,173701,46093,40202,127608,241847,0,0,0,0,0.0608539
725521,9,1,187517,49149,43099,138368,254356,0,0,0,0,0.0627031
725522,18,1,181925,49409,43240,132516,262015,0,0,0,0,0.06299
725524,9,1,166935,43623,37960,123312,224745,0,0,0,0,0.0769196
725525,18,1,204384,56203,49191,148181,296825,0,0,0,0,0.0603265
725528,18,1,191105,51919,44933,139186,274367,0,0,0,0,0.0597734
725529,9,1,161683,42273,36016,119410,220713,0,0,0,0,0.0672646
725550,3,1,191550,52203,46411,139347,274235,0,0,0,0,0.0986148
725551,9,1,208851,57531,50698,151320,301530,0,0,0,0,0.0909753
725554,9,2,179967,48829,42653,131125,257775,1,0,0,0,0.157617
725559,9,2,175291,47112,41106,128166,248013,1,0,0,0,0.162837
725560,3,1,216183,59872,52775,156311,315552,0,0,0,0,0.0875576
725561,9,1,205486,56020,48340,149466,292918,0,0,0,0,0.0599108
725564,9,2,181848,49823,43512,132014,263390,1,0,0,0,0.139807
725569,9,2,175387,47221,40946,128155,248348,1,0,0,0,0.129206
725570,3,1,215993,59862,52793,156131,315482,0,0,0,0,0.0818813
725571,9,1,221964,60228,52116,161736,312701,0,0,0,0,0.0623253
725574,9,1,202324,55861,48212,146463,294823,0,0,0,0,0.0605456
725579,9,1,196402,53401,45639,143001,280231,0,0,0,0,0.0564712
725580,9,1,201977,54908,47813,147069,287768,0,0,0,0,0.0587311
725581,9,1,214153,57279,49889,156874,295875,0,0,0,0,0.058931
725582,18,1,207000,57958,50137,149042,307917,0,0,0,0,0.0639823
725584,9,1,178778,48663,42659,130115,255333,0,0,0,0,0.0590751
725585,18,1,222785,61463,53788,161322,323208,0,0,0,0,0.0618235
725588,18,1,208405,57350,49966,151055,302273,0,0,0,0,0.0607816
725589,9,1,182142,49879,43239,132263,262626,0,0,0,0,0.0662672
725610,3,1,221063,61743,54752,159320,326191,0,0,0,0,0.0864929
725611,9,1,206917,56694,49428,150223,297510,0,0,0,0,0.0681569
725614,9,2,192621,53338,46578,139270,282264,1,0,0,0,0.155494
725619,9,2,188497,52167,45506,136317,276318,1,0,0,0,0.139102
725620,3,1,221429,61916,54743,159513,327275,0,0,0,0,0.0947647
725621,9,1,216970,58386,51102,158584,302180,0,0,0,0,0.0676644
725624,9,2,197320,55480,48990,141827,295043,1,0,0,0,0.172937
725629,9,2,180491,49855,43639,130624,264271,1,0,0,0,0.137491
725630,9,1,205930,56269,48920,149661,294613,0,0,0,0,0.0690314
725631,9,1,220237,59564,51802,160673,308828,0,0,0,0,0.0628202
725634,9,2,180365,49658,43448,130694,262656,1,0,0,0,0.153974
725635,18,2,193780,54305,47643,139462,289117,1,0,0,0,0.137253
725638,18,2,184756,51413,44958,133331,273293,1,0,0,0,0.129186
725639,9,2,169834,45804,40276,124019,240970,1,0,0,0,0.136708
725642,18,1,214103,60501,53005,153602,321668,0,0,0,0,0.0665453
725660,3,1,197150,53730,47535,143420,281517,0,0,0,0,0.0881087
725661,9,1,177185,47841,41841,129344,250173,0,0,0,0,0.0562933
725664,9,2,176164,48703,42899,127448,258303,1,0,0,0,0.16358
725669,9,2,212818,59023,51867,153782,313253,1,0,0,0,0.189837
725670,9,1,212754,58375,51174,154379,305179,0,0,0,0,0.066618
725671,9,1,203169,56746,49303,146423,299761,0,0,0,0,0.0644589
725674,9,2,192433,54138,47771,138282,288363,1,0,0,0,0.133438
725679,9,1,215023,57805,50590,157218,299523,0,0,0,0,0.0639441
725682,18,1,221771,60885,52867,160886,319110,0,0,0,0,0.059718
725685,18,2,187730,52577,46562,135140,280145,1,0,0,0,0.129858
725688,18,2,352873,98817,86755,254043,524913,1,0,0,0,0.176177
725700,9,2,179018,48583,42114,130422,256604,1,0,0,0,0.132468
725701,9,2,181209,49710,43321,131488,262972,1,0,0,0,0.140289
725704,9,2,188083,52557,46349,135513,279169,1,0,0,0,0.139109
725709,9,1,205738,55996,48920,149742,293248,0,0,0,0,0.0653047
725722,18,1,212622,58542,50865,154080,308201,0,0,0,0,0.061163
725725,18,2,179572,50021,43939,129539,266188,1,0,0,0,0.126587
725728,18,2,353063,98486,86110,254564,522629,1,0,0,0,0.17745
725750,9,2,163126,43356,37878,119757,227673,1,0,0,0,0.14833
725751,9,2,169248,45054,38944,124183,236559,1,0,0,0,0.129678
725752,9,1,190700,51782,44832,138918,271317,0,0,0,0,0.0561168
725753,9,1,183827,50221,43414,133606,264529,0,0,0,0,0.0635465
725754,9,2,177808,48668,42717,129127,257396,1,0,0,0,0.131573
725755,9,2,170269,46779,40895,123478,248134,1,0,0,0,0.127698
725756,9,2,167512,45499,40208,122001,240350,1,0,0,0,0.133947
725757,9,2,206474,57230,50299,149231,304084,1,0,0,0,0.153995
725758,9,1,216970,58121,50706,158849,301072,0,0,0,0,0.0674697
725759,9,1,198725,53583,46790,145142,280416,0,0,0,0,0.067053
725760,9,1,126513,33607,28092,92906,178254,0,0,0,0,0.0627666
725761,9,1,142974,38205,32283,104769,202479,0,0,0,0,0.0562723
725764,9,1,154371,41041,34969,113330,214901,0,0,0,0,0.0593204
725769,9,1,157780,43020,37177,114760,228609,0,0,0,0,0.0829633
725770,9,1,151875,39673,34078,112202,204745,0,0,0,0,0.0549312
725771,9,2,163175,44204,37817,118959,233680,1,0,0,0,0.150129
725774,9,2,174556,47176,40769,127368,248381,1,0,0,0,0.148489
725779,9,1,186870,48503,41858,138367,249251,0,0,0,0,0.0812725
725780,9,1,159793,42229,36620,117564,221877,0,0,0,0,0.0568115
725781,9,2,151714,40463,34892,111239,214060,1,0,0,0,0.151374
725784,9,2,275797,75358,65336,200427,399624,1,0,0,0,0.172534
725789,9,1,179827,46645,39650,133182,237785,0,0,0,0,0.0614252
725790,9,1,160190,42383,36739,117807,222747,0,0,0,0,0.0602084
725791,9,2,155701,41653,35792,114036,220359,1,0,0,0,0.149199
725794,9,2,155825,42909,37022,112904,228740,1,0,0,0,0.173146
725799,9,1,167720,43652,37647,124068,224251,0,0,0,0,0.0622073
725800,9,2,149116,40089,34671,109015,212622,1,0,0,0,0.152632
725801,9,2,157557,42408,36844,115137,224383,1,0,0,0,0.153932
725804,9,1,173728,45804,39859,127924,237061,0,0,0,0,0.0665479
725809,9,1,162132,42840,36828,119292,221934,0,0,0,0,0.0631761
725830,9,1,163469,44455,39042,119014,233515,0,0,0,0,0.0540098
725831,9,1,178510,48188,42355,130322,251596,0,0,0,0,0.0548988
725834,9,2,173004,46618,40706,126373,245001,1,0,0,0,0.133108
725839,9,2,173109,46023,40223,127073,241354,1,0,0,0,0.170095
725840,9,1,174838,47353,40881,127485,248863,0,0,0,0,0.0746527
725841,9,2,167371,45398,39654,121960,240099,1,0,0,0,0.13285
725844,9,2,172390,46723,40759,125655,245558,1,0,0,0,0.136213
725849,9,2,190264,52707,45766,137544,278957,1,0,0,0,0.160173
725850,9,1,174787,47362,40912,127425,248870,0,0,0,0,0.0635786
725851,9,2,182774,50092,44033,132670,264968,1,0,0,0,0.131459
725854,9,1,194080,53044,46265,141036,278491,0,0,0,0,0.070322
725859,9,2,179855,49786,43148,130056,264185,1,0,0,0,0.171165
725860,9,1,184644,49867,43260,134777,261110,0,0,0,0,0.064179
725861,9,2,190484,51988,45684,138485,274538,1,0,0,0,0.186047
725864,9,1,186511,50568,44191,135943,265379,0,0,0,0,0.0593423
725869,9,1,171338,46936,40886,124402,246720,0,0,0,0,0.0596653
725890,9,1,182153,49964,43334,132189,263431,0,0,0,0,0.0563103
725891,9,1,188137,50657,43820,137480,264538,0,0,0,0,0.0523055
725894,9,2,170064,46144,40246,123909,242380,1,0,0,0,0.144062
725899,9,2,189366,52343,45555,137010,277635,1,0,0,0,0.143025
725900,9,1,182314,50060,43290,132254,264017,0,0,0,0,0.0571947
725901,9,2,184029,50525,44267,133493,266890,1,0,0,0,0.138057
725904,9,2,176517,48955,43012,127551,259470,1,0,0,0,0.140184
725909,9,2,188404,52339,45665,136052,278001,1,0,0,0,0.133645
725910,9,2,180757,49698,43554,131046,263573,1,0,0,0,0.129417
725911,9,2,185417,50710,44503,134695,268045,1,0,0,0,0.128844
725914,9,2,180242,49779,43832,130452,263425,1,0,0,0,0.172905
725919,9,2,188205,52385,46021,135808,278097,1,0,0,0,0.14927
725940,9,1,163055,43630,38081,119425,227829,0,0,0,0,0.0581309
725941,9,1,184321,49635,43068,134686,259963,0,0,0,0,0.0649963
725944,9,2,178503,49180,43391,129311,260272,1,0,0,0,0.162675
725949,9,2,218024,60429,53036,157582,319499,1,0,0,0,0.167664
725950,9,1,177903,47837,41990,130066,249182,0,0,0,0,0.0588983
725951,9,1,195811,53207,46242,142604,278670,0,0,0,0,0.0668495
725954,9,2,174209,48167,42501,126030,255328,1,0,0,0,0.144445
725959,9,2,170920,46434,40637,124473,245318,1,0,0,0,0.139782
725980,9,2,173793,46633,40639,127147,244954,1,0,0,0,0.129285
725981,9,2,175199,47146,41155,128041,247635,1,0,0,0,0.133407
725984,9,2,171784,46783,41260,124989,246698,1,0,0,0,0.14578
725989,9,2,169063,45882,40002,123168,242339,1,0,0,0,0.16555
726030,9,2,167424,44303,38657,123108,232326,1,0,0,0,0.16694
726031,9,2,174003,47155,40797,126835,248379,1,0,0,0,0.142651
726032,9,2,173788,47163,40697,126612,249309,1,0,0,0,0.176893
726033,9,1,169333,45816,40120,123517,239647,0,0,0,0,0.0628647
726034,9,2,175667,47799,41668,127855,252297,1,0,0,0,0.145346
726035,9,2,178831,49355,42951,129463,261964,1,0,0,0,0.144748
726036,9,2,176546,48526,42394,128008,256786,1,0,0,0,0.143274
726037,9,2,213249,58929,51646,154307,311408,1,0,0,0,0.181764
726038,9,2,166315,44734,38761,121568,235951,1,0,0,0,0.145469
726039,9,2,163200,43717,38099,119470,230048,1,0,0,0,0.156014
726322,18,1,168954,47422,40372,121532,254464,0,0,0,0,0.0993811
726325,18,1,177269,49752,42378,127517,266386,0,0,0,0,0.0699738
726328,18,1,172530,47068,40642,125462,248501,0,0,0,0,0.0689944
726332,18,1,196129,53293,46524,142836,278537,0,0,0,0,0.065557
726335,18,1,204536,55649,48945,148887,289863,0,0,0,0,0.0642648
726338,18,1,193616,50745,43731,142871,260279,0,0,0,0,0.0718612
726342,18,1,166504,44276,38446,122228,233458,0,0,0,0,0.0719259
726345,18,2,294341,81016,70573,213313,430419,1,0,0,0,0.173534
726348,18,1,190126,50631,43577,139495,264143,0,0,0,0,0.0608069
726352,18,1,180759,47593,41515,133166,248639,0,0,0,0,0.0663876
726355,18,1,189225,50662,44201,138563,265581,0,0,0,0,0.0742703
726358,18,1,180851,48250,41737,132601,253344,0,0,0,0,0.0633891
726362,18,1,171877,45551,39409,126326,238478,0,0,0,0,0.0625286
726365,18,1,194453,53584,46972,140869,283086,0,0,0,0,0.0616215
726368,18,1,189318,52398,45919,136920,278005,0,0,0,0,0.0870651
726370,18,1,167960,44837,39119,123123,236418,0,0,0,0,0.0765452
726371,18,1,172468,45612,39688,126856,238580,0,0,0,0,0.0613835
726372,18,1,156624,40701,35655,115923,211898,0,0,0,0,0.0601351
726373,18,1,185194,49588,43656,135606,261980,0,0,0,0,0.101541
726374,18,1,179387,47205,40961,132182,245746,0,0,0,0,0.0748158
726375,18,1,176806,47358,41099,129448,249308,0,0,0,0,0.0757494
726376,18,1,193971,51742,44626,142229,270867,0,0,0,0,0.0666816
726377,18,1,169103,45133,38934,123970,237652,0,0,0,0,0.0682767
726378,18,1,175756,46668,40242,129088,244931,0,0,0,0,0.0847974
726379,18,1,163857,43421,37063,120436,227999,0,0,0,0,0.0693445
726392,18,1,206838,58106,51134,148732,307749,0,0,0,0,0.0768645
726395,18,2,179299,48715,42912,130571,256743,1,0,0,0,0.161166
726398,18,2,178687,48424,42315,130250,255086,1,0,0,0,0.16768
726402,18,1,194479,52925,45889,141554,277277,0,0,0,0,0.0574539
726405,18,2,175703,47440,41057,128251,249257,1,0,0,0,0.162986
726408,18,2,175293,47573,41103,127709,250667,1,0,0,0,0.168743
726412,18,1,207451,56342,49090,151109,294110,0,0,0,0,0.0654121
726415,18,2,185972,51861,45646,134098,275270,1,0,0,0,0.142863
726418,18,1,194758,53143,45700,141615,279083,0,0,0,0,0.0639937
726422,18,1,199061,53560,46387,145501,278333,0,0,0,0,0.0635086
726425,18,1,215164,59422,51779,155742,313155,0,0,0,0,0.0646619
726428,18,1,205653,56762,49076,148891,299829,0,0,0,0,0.0636624
726430,18,1,187854,50860,44044,136994,266918,0,0,0,0,0.0575352
726431,18,1,199143,53601,46481,145542,279059,0,0,0,0,0.0585152
726432,18,1,181970,48600,42118,133370,251856,0,0,0,0,0.0572447
726433,18,1,215961,59743,52484,156218,315479,0,0,0,0,0.0872534
726434,18,2,217914,61026,53987,156875,324714,1,0,0,0,0.13462
726435,18,1,197414,52944,45511,144470,276196,0,0,0,0,0.0543562
726436,18,1,211875,57647,49326,154228,301431,0,0,0,0,0.0578777
726437,18,1,189400,51445,44362,137955,269759,0,0,0,0,0.0533121
726438,18,1,196315,53580,45969,142735,281575,0,0,0,0,0.0563099
726439,18,1,184117,50184,43141,133933,263609,0,0,0,0,0.0821789
726452,18,1,187142,50738,43922,136404,266178,0,0,0,0,0.0571279
726455,18,2,181586,50352,43988,131221,266263,1,0,0,0,0.158503
726458,18,2,183330,50824,44074,132493,268998,1,0,0,0,0.127957
726462,18,1,200438,54073,46814,146365,281802,0,0,0,0,0.0741624
726465,18,2,189894,53552,47029,136329,284919,1,0,0,0,0.143298
726468,18,2,177702,49259,42935,128431,261157,1,0,0,0,0.153034
726472,18,1,179889,47941,41455,131948,248381,0,0,0,0,0.0550165
726475,18,2,185121,51489,45310,133620,273214,1,0,0,0,0.130166
726478,18,2,185386,51914,45719,133460,276509,1,0,0,0,0.131562
726480,18,1,200568,55042,47952,145526,289205,0,0,0,0,0.0579771
726481,18,1,211629,57938,50691,153691,303203,0,0,0,0,0.0649216
726482,18,1,207279,56465,49234,150814,294467,0,0,0,0,0.079779
726484,18,2,203308,57216,50512,146079,304499,1,0,0,0,0.152771
726485,18,2,207418,58853,52052,148552,314295,1,0,0,0,0.146369
726486,18,2,206104,57933,51123,148158,308472,1,0,0,0,0.168132
726487,18,2,180433,49672,43558,130749,263142,1,0,0,0,0.128796
726488,18,2,183532,50615,44358,132905,268503,1,0,0,0,0.163223
726489,18,2,174417,47578,41727,126828,251636,1,0,0,0,0.144067
726493,18,1,224122,62851,55853,161271,332945,0,0,0,0,0.084321
726502,18,2,215860,60340,53516,155507,320932,1,0,0,0,0.135071
726505,18,2,199108,55892,49457,143203,297509,1,0,0,0,0.185389
726508,18,1,190598,52298,45322,138300,275794,0,0,0,0,0.0819342
726512,18,1,193267,51859,44788,141408,270897,0,0,0,0,0.0589052
726515,18,2,200156,56688,50324,143455,302781,1,0,0,0,0.141457
726518,18,1,204065,55297,48362,148768,290850,0,0,0,0,0.0679364
726520,18,1,206285,57505,50354,148780,303564,0,0,0,0,0.0677626
726521,18,2,192569,53776,47522,138780,285623,1,0,0,0,0.139557
726522,18,1,213771,58850,51495,154921,309496,0,0,0,0,0.0814187
726524,18,2,185492,52059,46099,133420,276784,1,0,0,0,0.155834
726525,18,2,182914,50876,45067,132026,270165,1,0,0,0,0.129758
726528,18,1,211901,57637,50438,154264,302136,0,0,0,0,0.0620094
726529,18,1,207623,56533,49079,151090,295672,0,0,0,0,0.0641753
726533,18,1,212427,58102,49905,154325,304256,0,0,0,0,0.0880013
726536,18,2,203248,57045,50358,146190,303668,1,0,0,0,0.155429
726537,18,2,180973,49937,44175,131025,264624,1,0,0,0,0.147864
726542,18,1,187852,51110,44411,136742,268462,0,0,0,0,0.0567989
726545,18,2,179428,49346,43541,130070,261687,1,0,0,0,0.136598
726548,18,2,180250,49405,43582,130834,261448,1,0,0,0,0.147396
726550,18,2,180721,49457,43374,131251,261584,1,0,0,0,0.17121
726551,18,2,179678,48846,42614,130820,257655,1,0,0,0,0.134361
726554,18,2,181900,50532,44379,131355,267927,1,0,0,0,0.131914
726559,18,1,200348,55070,47960,145278,290100,0,0,0,0,0.0615224
726562,18,1,205327,56581,49284,148746,298446,0,0,0,0,0.0601556
726563,18,1,199298,54782,47227,144516,288413,0,0,0,0,0.0625646
726565,18,2,174513,48619,42619,125882,258847,1,0,0,0,0.126874
726566,18,2,177890,49378,43454,128500,262622,1,0,0,0,0.169372
726567,18,1,212414,58358,50861,154056,308384,0,0,0,0,0.0943436
726568,18,1,215116,58704,51376,156412,308256,0,0,0,0,0.0670261
726580,18,2,175052,47715,41450,127324,251514,1,0,0,0,0.144056
726581,18,2,172335,46739,40501,125585,246480,1,0,0,0,0.16967
726582,18,1,193991,52994,45827,140997,277962,0,0,0,0,0.0843781
726583,18,1,191433,52797,45464,138636,278385,0,0,0,0,0.085891
726584,18,2,176955,48912,42861,128030,259100,1,0,0,0,0.186783
726585,18,2,171197,47539,41519,123646,252743,1,0,0,0,0.183567
726586,18,2,168818,46503,40766,122304,246702,1,0,0,0,0.163589
726587,18,1,201634,55900,48542,145734,296152,0,0,0,0,0.0807495
726588,18,1,207442,56030,48729,151412,292122,0,0,0,0,0.0612747
726589,18,1,198387,53975,47126,144412,283414,0,0,0,0,0.0801626
727170,6,1,207435,56365,49391,151070,296480,0,0,0,0,0.0666112
727171,18,1,207674,57024,49653,150650,300880,0,0,0,0,0.0572736
727174,18,2,205461,57364,50793,148084,306668,1,0,0,0,0.117928
727179,18,2,273339,76878,68020,196449,411409,1,0,0,0,0.137058
727180,6,1,207211,56292,49338,150919,296000,0,0,0,0,0.0706202
727181,18,1,207537,56954,49613,150583,300388,0,0,0,0,0.0604237
727184,18,2,205423,57341,50767,148069,306500,1,0,0,0,0.115966
727189,18,2,273163,76815,67952,196336,411044,1,0,0,0,0.191884
727190,6,1,207169,56290,49340,150879,296006,0,0,0,0,0.0798715
727191,18,1,228977,64380,56029,164597,340425,0,0,0,0,0.0627603
727194,18,1,243500,68245,59605,175255,359224,0,0,0,0,0.0708662
727199,18,1,193856,52884,45605,140972,279065,0,0,0,0,0.055139
727200,18,1,182815,49415,42973,133400,260344,0,0,0,0,0.0500497
727201,18,1,199461,54365,47529,145096,286398,0,0,0,0,0.0557188
727204,18,1,210347,57215,49882,153132,299732,0,0,0,0,0.0537611
727209,18,1,217168,59705,52345,157463,314350,0,0,0,0,0.0718746
727222,36,1,215452,59919,52207,155533,317926,0,0,0,0,0.0564305
727225,36,1,224812,62355,54365,162457,329732,0,0,0,0,0.0581059
727228,36,1,220442,60446,52203,159996,317250,0,0,0,0,0.0656908
727230,6,1,200706,54091,47580,146615,285760,0,0,0,0,0.102814
727231,18,1,199101,54453,47255,144648,289075,0,0,0,0,0.0609987
727234,18,2,195449,52949,46748,142487,280022,1,0,0,0,0.116101
727239,18,1,189083,50647,44550,138436,265078,0,0,0,0,0.0508281
727240,6,1,200802,54108,47609,146694,285835,0,0,0,0,0.0757838
727241,18,1,198986,54412,47266,144574,288808,0,0,0,0,0.059651
727244,18,2,195011,52832,46666,142166,279392,1,0,0,0,0.136152
727249,18,1,189227,50665,44582,138562,265084,0,0,0,0,0.0510225
727250,6,1,200849,54120,47626,146729,285902,0,0,0,0,0.0752679
727251,18,1,221910,61112,53380,160798,323683,0,0,0,0,0.0593547
727254,18,1,236481,65132,57125,171349,343437,0,0,0,0,0.0613505
727259,18,1,189246,51139,44565,138107,270312,0,0,0,0,0.0522783
727260,18,1,181328,49358,42765,131970,261848,0,0,0,0,0.0513668
727261,18,1,190547,51781,45476,138766,274178,0,0,0,0,0.0537567
727264,18,1,209770,57194,50373,152576,300776,0,0,0,0,0.0569253
727269,18,1,205600,56009,49820,149591,296263,0,0,0,0,0.0712702
727282,36,1,204630,56410,49378,148220,300704,0,0,0,0,0.0566748
727285,36,1,216277,59454,52272,156823,315276,0,0,0,0,0.0650532
727288,36,1,215514,59336,52091,156178,313921,0,0,0,0,0.0661324
727290,6,1,204665,55739,49687,148926,294172,0,0,0,0,0.113783
727291,18,1,180249,49250,43088,130999,260528,0,0,0,0,0.0644499
727294,18,1,202981,55568,48691,147413,292690,0,0,0,0,0.0726556
727299,18,2,266229,73563,65247,192653,390666,1,0,0,0,0.153964
727300,6,1,204598,55725,49677,148873,294092,0,0,0,0,0.074001
727301,18,1,189489,51226,45077,138263,269465,0,0,0,0,0.0533495
727304,18,2,306671,85609,75336,221049,457358,1,0,0,0,0.148664
727309,18,2,255780,71009,62662,184758,379393,1,0,0,0,0.130895
727310,18,1,194099,52995,46208,141104,280249,0,0,0,0,0.0571172
727311,18,1,217030,59348,52074,157682,311598,0,0,0,0,0.0629521
727314,18,2,307674,85400,75002,222261,455101,1,0,0,0,0.137578
727319,18,2,300280,83390,73366,216877,444286,1,0,0,0,0.137312
727332,36,1,200731,54981,48197,145750,291051,0,0,0,0,0.0581026
727335,36,2,317661,89459,78524,228189,479620,1,0,0,0,0.133102
727338,36,1,216704,59348,51988,157356,313269,0,0,0,0,0.0551464
727340,6,1,204858,55839,49776,149019,294799,0,0,0,0,0.077513
727341,18,1,210525,56774,50039,153751,296308,0,0,0,0,0.0567282
727344,18,2,311020,86730,76152,224277,463233,1,0,0,0,0.148755
727349,18,2,190192,51587,45269,138593,272763,1,0,0,0,0.113035
727350,18,1,194297,53080,46266,141217,280780,0,0,0,0,0.0570613
727351,18,2,227879,63232,56261,164635,337173,1,0,0,0,0.123778
727354,18,2,308156,85801,75553,222342,457708,1,0,0,0,0.140019
727359,18,2,183620,49724,43693,133883,262938,1,0,0,0,0.114889
727372,36,1,211216,57859,50943,153357,305614,0,0,0,0,0.0571852
727375,36,2,317491,89150,78460,228328,477428,1,0,0,0,0.131778
727378,36,2,187112,50786,44316,136313,269000,1,0,0,0,0.104986
727380,18,2,267191,73235,64860,193943,387895,1,0,0,0,0.120968
727381,18,2,266709,73096,64776,193600,387102,1,0,0,0,0.141768
727384,18,2,307099,84393,74719,222693,447106,1,0,0,0,0.188323
727389,18,2,182607,48435,42197,134159,252728,1,0,0,0,0.147888
727402,36,1,207813,56624,49372,151189,298172,0,0,0,0,0.0727405
727405,36,2,320425,90046,79318,230366,482678,1,0,0,0,0.145957
727408,36,2,188844,51481,45014,137350,273272,1,0,0,0,0.10765
727430,18,1,182544,48823,43055,133721,255329,0,0,0,0,0.0510686
727431,18,1,182506,48788,43028,133718,255073,0,0,0,0,0.0528708
727432,18,1,181468,48637,42566,132831,255771,0,0,0,0,0.0670537
727433,18,1,204414,55730,49575,148684,293861,0,0,0,0,0.0778383
727434,18,2,257860,70446,62515,187401,372826,1,0,0,0,0.153132
727435,18,2,254012,70187,62060,183812,374224,1,0,0,0,0.159254
727436,18,1,201315,54898,48179,146417,289693,0,0,0,0,0.0569617
727437,18,2,184334,49566,43452,134755,261729,1,0,0,0,0.127791
727438,18,2,182635,49690,43576,132933,263439,1,0,0,0,0.123085
727439,18,2,195435,52373,45802,143050,274250,1,0,0,0,0.114063
727460,6,1,214170,60121,52821,154049,320693,0,0,0,0,0.0856878
727461,18,1,190551,53131,45974,137420,283266,0,0,0,0,0.0565512
727464,18,1,218380,61119,53203,157261,323383,0,0,0,0,0.0654744
727469,18,1,227458,63006,54948,164452,331872,0,0,0,0,0.0620288
727470,6,1,214436,60215,52903,154221,321202,0,0,0,0,0.103325
727471,18,1,209345,58368,50868,150977,310054,0,0,0,0,0.0701647
727474,18,1,206592,57374,50062,149218,304450,0,0,0,0,0.0598043
727479,18,1,206234,56399,48619,149835,297057,0,0,0,0,0.0546497
727480,18,1,189590,52335,44990,137255,278309,0,0,0,0,0.0551098
727481,18,2,195330,54445,47850,140872,290873,1,0,0,0,0.121237
727484,18,2,192459,53313,46443,139133,284630,1,0,0,0,0.122506
727489,18,1,215200,58394,49760,156806,305076,0,0,0,0,0.0574967
727502,36,1,198024,54362,47334,143662,288448,0,0,0,0,0.0537712
727505,36,1,225427,62217,53797,163210,329895,0,0,0,0,0.0605011
727508,36,1,215448,59091,50784,156357,311484,0,0,0,0,0.0570545
727520,6,1,213522,59090,51483,154432,314510,0,0,0,0,0.0764099
727521,18,1,198635,54912,46971,143723,291950,0,0,0,0,0.0683026
727524,18,2,322706,90609,79572,232084,483146,1,0,0,0,0.184833
727529,18,1,216653,58844,51147,157809,308464,0,0,0,0,0.076803
727530,6,1,213083,58969,51431,154114,313845,0,0,0,0,0.0985383
727531,18,2,188995,51727,45421,137255,275680,1,0,0,0,0.149029
727534,18,2,306725,86010,75406,220702,461162,1,0,0,0,0.182899
727539,18,2,282608,79009,69660,203586,422506,1,0,0,0,0.142596
727540,18,1,191397,53151,45363,138246,283559,0,0,0,0,0.0727749
727541,18,2,255768,71184,62096,184571,380838,1,0,0,0,0.157889
727544,18,2,194673,53204,47154,141456,283708,1,0,0,0,0.168424
727549,18,1,214966,58913,51244,156053,309494,0,0,0,0,0.0651299
727562,36,1,203797,56105,48570,147692,298333,0,0,0,0,0.0841835
727565,36,1,222373,61300,53204,161073,325236,0,0,0,0,0.0624552
727568,36,1,213220,58854,51305,154366,310471,0,0,0,0,0.0590738
727570,6,1,212333,58898,51746,153435,313285,0,0,0,0,0.0799652
727571,18,1,185715,50576,43152,135139,267757,0,0,0,0,0.0595328
727574,18,1,200298,54712,47517,145586,289121,0,0,0,0,0.0562516
727579,18,1,201640,54620,47712,147020,287379,0,0,0,0,0.0595691
727580,6,1,212099,58842,51691,153257,313009,0,0,0,0,0.0794615
727581,18,2,185137,50168,44012,134957,265889,1,0,0,0,0.124387
727584,18,1,207498,56596,49589,150902,298818,0,0,0,0,0.0585262
727589,18,2,191686,52131,45778,139542,276670,1,0,0,0,0.115853
727590,18,1,184028,50987,43863,133041,271955,0,0,0,0,0.0575044
727591,18,2,373903,101760,88910,272130,538804,1,0,0,0,0.16721
727594,18,2,204627,55898,49714,148716,297360,1,0,0,0,0.121988
727599,18,2,315152,88208,77633,226931,471273,1,0,0,0,0.139994
727612,36,1,195998,53258,46041,142740,281811,0,0,0,0,0.055671
727615,36,1,217562,60346,52538,157216,320952,0,0,0,0,0.0573727
727618,36,1,214866,58771,51008,156095,310768,0,0,0,0,0.0683021
727620,6,1,203055,55447,49355,147608,293808,0,0,0,0,0.113215
727621,18,1,194038,53572,47015,140466,284393,0,0,0,0,0.0644468
727624,18,1,201322,54952,48528,146370,290374,0,0,0,0,0.062324
727629,18,1,197342,53801,47672,143541,283619,0,0,0,0,0.0590634
727630,18,1,184049,50262,44163,133787,266628,0,0,0,0,0.0733872
727631,18,1,195858,53340,46425,142518,281882,0,0,0,0,0.082592
727634,18,2,267658,74902,66208,192743,401690,1,0,0,0,0.15515
727639,18,1,213889,57905,50698,155984,304423,0,0,0,0,0.0591176
727652,36,1,220958,60746,52914,160212,321369,0,0,0,0,0.0630534
727655,36,1,215908,59685,52257,156223,317056,0,0,0,0,0.0825345
727658,36,1,212071,59000,51221,153071,313706,0,0,0,0,0.0695408
727660,18,2,361370,98866,87240,262491,522053,1,0,0,0,0.184712
727661,18,2,295049,81426,71965,213611,431511,1,0,0,0,0.163836
727664,18,2,265163,73550,65165,191601,391072,1,0,0,0,0.162251
727669,18,2,290848,79788,70336,211047,420524,1,0,0,0,0.14225
727682,36,1,211106,57682,50311,153424,303300,0,0,0,0,0.0573131
727685,36,1,217387,59988,52448,157399,317779,0,0,0,0,0.0553721
727688,36,1,212666,58981,51524,153685,313334,0,0,0,0,0.0571107
727710,18,1,183003,49106,43492,133897,257589,0,0,0,0,0.0618984
727711,18,2,198636,53504,47238,145120,281769,1,0,0,0,0.113972
727712,18,1,198383,53741,47013,144642,281462,0,0,0,0,0.0535047
727713,18,1,209885,57348,49948,152537,300467,0,0,0,0,0.0616337
727714,18,2,279949,77961,69114,201976,415344,1,0,0,0,0.158901
727715,18,2,202775,55836,49539,146927,296874,1,0,0,0,0.146762
727716,18,1,207827,56794,50224,151033,299535,0,0,0,0,0.0810362
727717,18,2,200393,54120,47917,146261,286645,1,0,0,0,0.140562
727718,18,1,210829,57780,50512,153049,305282,0,0,0,0,0.0598692
727719,18,2,301608,83281,73072,218315,440357,1,0,0,0,0.155617
727750,6,1,214541,60245,52907,154296,321352,0,0,0,0,0.0897138
727751,18,1,226527,63372,55526,163155,334895,0,0,0,0,0.0624719
727754,18,1,206999,58000,50714,148999,309220,0,0,0,0,0.071924
727759,18,1,195416,53888,46423,141528,285855,0,0,0,0,0.0582759
727760,18,1,189659,52352,45008,137307,278400,0,0,0,0,0.0635241
727761,18,2,197061,54672,48126,142376,291784,1,0,0,0,0.146985
727764,18,1,201650,54922,48221,146728,289209,0,0,0,0,0.0792324
727769,18,1,198721,53938,46344,144783,282970,0,0,0,0,0.0682833
727782,36,1,210246,57644,50403,152602,304574,0,0,0,0,0.0757953
727785,36,1,225433,62317,54447,163116,330485,0,0,0,0,0.0687609
727788,36,1,203469,56062,48465,147407,296876,0,0,0,0,0.0763067
727810,6,1,213042,58954,51415,154088,313747,0,0,0,0,0.0991993
727811,18,2,195935,54106,47480,141816,289149,1,0,0,0,0.121757
727814,18,1,202896,55891,48316,147005,297127,0,0,0,0,0.0613799
727819,18,2,273677,75921,66708,197743,406332,1,0,0,0,0.155082
727820,18,1,191395,53144,45368,138251,283509,0,0,0,0,0.0622056
727821,18,2,275784,77609,68060,198162,416265,1,0,0,0,0.190278
727824,18,1,192490,52583,46276,139907,278998,0,0,0,0,0.0765787
727829,18,1,193885,52611,45606,141274,277668,0,0,0,0,0.0571658
727842,36,1,218457,60269,52317,158188,319711,0,0,0,0,0.0873084
727845,36,1,227029,62831,54665,164198,334478,0,0,0,0,0.0779716
727848,36,1,200658,55402,47831,145256,294370,0,0,0,0,0.0567774
727860,6,1,212018,58813,51673,153205,312822,0,0,0,0,0.076563
727861,18,2,192246,52573,46281,139661,279421,1,0,0,0,0.117842
727864,18,1,211362,57754,50767,153608,305373,0,0,0,0,0.0579315
727869,18,2,190236,51596,45334,138627,273664,1,0,0,0,0.133164
727870,18,1,183805,50930,43820,132875,271649,0,0,0,0,0.0818378
727871,18,2,203002,55965,49334,147024,298710,1,0,0,0,0.121892
727874,18,2,205031,56090,49747,148928,298573,1,0,0,0,0.147553
727879,18,2,201771,55705,49352,146053,296968,1,0,0,0,0.173109
727892,36,1,210827,57808,50287,153019,305980,0,0,0,0,0.0819924
727895,36,1,224979,62358,54227,162621,331811,0,0,0,0,0.0581961
727898,36,2,199371,55032,48599,144326,293839,1,0,0,0,0.114209
727900,6,1,202723,55344,49260,147379,293260,0,0,0,0,0.0819762
727901,18,1,195992,53806,47312,142186,285521,0,0,0,0,0.0575152
727904,18,1,207284,56698,49791,150586,300277,0,0,0,0,0.0583847
727909,18,1,192571,52198,46377,140373,275193,0,0,0,0,0.0542399
727910,18,1,183947,50222,44123,133725,266388,0,0,0,0,0.0648763
727911,18,1,196649,53555,46641,143094,283570,0,0,0,0,0.0756035
727914,18,2,270574,75479,66748,195082,404439,1,0,0,0,0.14168
727919,18,1,208268,56499,49304,151769,297824,0,0,0,0,0.0566599
727932,36,1,221002,60542,52995,160460,320662,0,0,0,0,0.0587955
727935,36,1,222494,61533,53797,160961,326860,0,0,0,0,0.0585353
727938,36,1,212822,59443,52009,153379,316966,0,0,0,0,0.0574102
727940,18,2,361245,98826,87222,262406,521853,1,0,0,0,0.147259
727941,18,2,294870,81382,71940,213476,431265,1,0,0,0,0.143489
727944,18,2,264970,73497,65133,191461,390768,1,0,0,0,0.133313
727949,18,2,291034,79847,70335,211174,420881,1,0,0,0,0.132702
727962,36,1,197707,53891,46969,143816,285080,0,0,0,0,0.0590461
727965,36,1,219115,60113,52347,159002,317964,0,0,0,0,0.0596278
727968,36,1,208250,57307,50003,150943,303981,0,0,0,0,0.0591289
727990,18,1,182743,49057,43447,133686,257362,0,0,0,0,0.0574773
727991,18,2,198751,53548,47292,145191,282033,1,0,0,0,0.11386
727992,18,1,187910,50812,44360,137098,267923,0,0,0,0,0.0557942
727993,18,1,189186,51339,44763,137847,270620,0,0,0,0,0.0558534
727994,18,2,279834,77933,69096,201889,415190,1,0,0,0,0.136156
727995,18,2,260006,72527,64377,187466,387628,1,0,0,0,0.130069
727996,18,1,209049,56946,50369,152103,300175,0,0,0,0,0.0566192
727997,18,2,334584,91864,81132,242707,487509,1,0,0,0,0.156285
727998,18,1,208635,56957,49842,151678,301102,0,0,0,0,0.0595051
727999,18,2,301503,83264,73088,218227,440288,1,0,0,0,0.195679
728040,18,1,198663,54223,47082,144440,285698,0,0,0,0,0.0737754
728041,18,1,202862,54754,47957,148108,285104,0,0,0,0,0.0799602
728044,18,2,296422,83263,72548,213147,444722,1,0,0,0,0.17393
728049,18,1,189383,51186,44013,138197,268860,0,0,0,0,0.0527285
728062,36,1,206533,56416,49035,150117,296970,0,0,0,0,0.0549666
728065,36,1,223129,61942,54135,161187,327806,0,0,0,0,0.0577708
728068,36,1,211758,58757,51139,153001,311964,0,0,0,0,0.0739534
728100,18,1,205097,56433,48691,148664,299457,0,0,0,0,0.0603433
728101,18,1,215239,59091,51334,156148,311438,0,0,0,0,0.0566996
728104,18,1,200922,55725,48660,145197,296996,0,0,0,0,0.0628375
728109,18,1,185331,50807,43915,134524,269427,0,0,0,0,0.0579404
728122,36,1,214189,58646,50948,155543,309973,0,0,0,0,0.0656904
728125,36,1,224737,62817,54934,161920,334736,0,0,0,0,0.0635071
728128,36,1,207099,57361,50037,149738,305415,0,0,0,0,0.0703791
728150,18,2,195578,53582,47094,141984,285069,1,0,0,0,0.151685
728151,18,2,199645,54654,48307,144979,290744,1,0,0,0,0.148367
728154,18,2,322748,90399,79471,232336,482906,1,0,0,0,0.168378
728159,18,2,194600,53171,47110,141419,282459,1,0,0,0,0.142504
728172,36,1,210236,57532,50006,152704,303799,0,0,0,0,0.0584998
728175,36,1,228286,63222,55146,165064,336079,0,0,0,0,0.0593314
728178,36,1,227156,62936,54963,164220,334760,0,0,0,0,0.0617125
728190,18,2,240268,67832,60023,172424,364085,1,0,0,0,0.133738
728191,18,1,207933,57643,50076,150290,306983,0,0,0,0,0.0639057
728194,18,2,205147,56021,49579,149113,297198,1,0,0,0,0.152315
728199,18,1,198634,53805,47387,144829,282623,0,0,0,0,0.0617567
728212,36,2,321469,90621,80116,230835,485788,1,0,0,0,0.143944
728215,36,1,230197,63863,55994,166334,340144,0,0,0,0,0.0593561
728218,36,1,218734,60726,53203,158008,323940,0,0,0,0,0.0568781
728220,18,2,203179,55721,49390,147445,295879,1,0,0,0,0.126352
728221,18,2,197926,53434,47057,144479,282126,1,0,0,0,0.116486
728224,18,2,207859,56863,50438,150983,301362,1,0,0,0,0.119703
728229,18,1,192605,52398,46196,140207,276925,0,0,0,0,0.0555581
728242,36,2,313327,88453,77802,224861,475196,1,0,0,0,0.164515
728245,36,2,287523,81699,72186,205811,440699,1,0,0,0,0.142206
728248,36,1,218172,60479,52943,157693,322310,0,0,0,0,0.0797016
728270,18,1,176677,47214,41701,129463,248398,0,0,0,0,0.0600169
728271,18,2,302282,83133,73446,219137,440224,1,0,0,0,0.139836
728272,18,2,335818,91434,79876,244371,484929,1,0,0,0,0.153277
728273,18,1,184781,50854,44237,133927,269760,0,0,0,0,0.0596586
728274,18,1,199298,54492,47637,144806,288663,0,0,0,0,0.0570369
728275,18,2,193150,52782,46511,140355,280660,1,0,0,0,0.115729
728276,18,1,206528,56582,50108,149946,299201,0,0,0,0,0.060203
728277,18,2,330686,90769,80096,239904,482314,1,0,0,0,0.197001
728278,18,1,206169,56379,49462,149790,296953,0,0,0,0,0.0725248
728279,18,1,198532,54407,47572,144125,288522,0,0,0,0,0.0668485
728550,18,1,202231,55202,49164,147029,292089,0,0,0,0,0.0935658
728551,18,1,205136,55800,48741,149336,291481,0,0,0,0,0.0823792
728552,18,1,187658,50989,44541,136669,268722,0,0,0,0,0.0684761
728553,18,1,184025,50248,43797,133777,266280,0,0,0,0,0.0667208
728554,18,1,200394,55089,48424,145305,292465,0,0,0,0,0.0670771
728555,18,1,205970,56327,49898,149643,296729,0,0,0,0,0.061097
728556,18,1,207390,56778,49902,150612,299120,0,0,0,0,0.0617422
728557,18,1,201000,54266,48042,146734,283205,0,0,0,0,0.0638129
728558,18,1,191359,51709,45796,139650,271478,0,0,0,0,0.0579027
728559,18,1,184733,50087,44389,134646,264730,0,0,0,0,0.0606884
728620,36,1,183296,49910,43391,133386,263749,0,0,0,0,0.0504434
728621,36,1,193505,52592,45755,140913,276067,0,0,0,0,0.0515485
728622,36,1,189650,52012,45324,137638,275155,0,0,0,0,0.0538427
728623,36,1,215502,60657,53956,154845,323929,0,0,0,0,0.0732245
728624,36,1,207220,56828,49068,150392,299753,0,0,0,0,0.0592613
728625,36,1,210076,58496,50485,151580,311075,0,0,0,0,0.0572146
728626,36,1,222768,62436,54286,160332,331753,0,0,0,0,0.0630132
728627,36,1,198535,54855,46948,143680,291642,0,0,0,0,0.0566994
728628,36,1,205161,56999,49603,148162,303060,0,0,0,0,0.057616
728629,36,1,193438,53957,46203,139481,287859,0,0,0,0,0.0580448
728680,36,1,205172,56744,48975,148428,301843,0,0,0,0,0.0622546
728681,36,1,215436,59017,51231,156419,310803,0,0,0,0,0.0598546
728682,36,1,208652,58160,50114,150492,308642,0,0,0,0,0.0583238
728683,36,1,222289,62564,54791,159725,334577,0,0,0,0,0.0774914
728684,36,1,219698,60352,52269,159346,320067,0,0,0,0,0.0621946
728685,36,1,206051,56421,49209,149630,298596,0,0,0,0,0.0618884
728686,36,1,224306,62942,54166,161364,335485,0,0,0,0,0.0615516
728687,36,1,192292,52468,45566,139824,277668,0,0,0,0,0.0565232
728688,36,1,203799,56696,48722,147103,302019,0,0,0,0,0.0571714
728689,36,1,188255,52057,44376,136198,276921,0,0,0,0,0.0542071
728730,36,1,205644,56895,49544,148749,301654,0,0,0,0,0.0558385
728731,36,1,212838,58478,51085,154360,308475,0,0,0,0,0.0585575
728732,36,1,210895,58351,50169,152544,309265,0,0,0,0,0.0586828
728733,36,1,216971,61037,53315,155934,326037,0,0,0,0,0.0771743
728734,36,1,211828,58434,50886,153394,310600,0,0,0,0,0.058139
728735,36,1,211199,57838,50856,153361,306653,0,0,0,0,0.0563925
728736,36,1,219415,60641,52424,158774,322967,0,0,0,0,0.064366
728737,36,1,214750,58914,51803,155836,312022,0,0,0,0,0.0866258
728738,36,1,217291,60149,52425,157142,320191,0,0,0,0,0.0624472
728739,36,2,312730,87381,76592,225336,466950,1,0,0,0,0.173818
728770,36,1,205527,57186,50183,148341,304841,0,0,0,0,0.0839878
728771,36,1,223227,60804,52742,162423,321378,0,0,0,0,0.0656503
728772,36,1,212873,58488,50951,154385,309511,0,0,0,0,0.0635014
728773,36,1,214696,58997,50823,155699,312256,0,0,0,0,0.09673
728774,36,1,224050,61631,53236,162419,326680,0,0,0,0,0.0860023
728775,36,2,281223,79713,70392,201497,428851,1,0,0,0,0.160842
728776,36,2,274244,77484,68235,196747,416987,1,0,0,0,0.158387
728777,36,1,212725,58717,51410,154008,311875,0,0,0,0,0.0846007
728778,36,1,227554,62803,54811,164751,333187,0,0,0,0,0.0893446
728779,36,1,205724,56136,49193,149588,295843,0,0,0,0,0.0792071
728800,36,1,209618,57953,51003,151665,307100,0,0,0,0,0.068478
728801,36,2,320255,89823,78859,230419,480171,1,0,0,0,0.135396
728802,36,1,201015,54987,47750,146028,291070,0,0,0,0,0.0538105
728803,36,1,194463,52961,45556,141502,280284,0,0,0,0,0.0597708
728804,36,1,216928,60091,52022,156837,320049,0,0,0,0,0.0787773
728805,36,2,274811,77674,68522,197124,417209,1,0,0,0,0.176519
728806,36,2,269451,76256,67251,193182,410143,1,0,0,0,0.155183
728807,36,1,207085,56940,49925,150145,302419,0,0,0,0,0.0808333
728808,36,1,229108,63232,55219,165876,335489,0,0,0,0,0.0828329
728809,36,1,201572,55091,48352,146481,291899,0,0,0,0,0.0552435
728820,36,1,203790,56735,49268,147055,301282,0,0,0,0,0.0635812
728821,36,1,201786,54709,47899,147077,286072,0,0,0,0,0.0546996
728822,36,1,189268,51317,44709,137951,270559,0,0,0,0,0.0548686
728823,36,1,176948,47837,40802,129111,253055,0,0,0,0,0.0558619
728824,36,1,209206,57789,50486,151417,306708,0,0,0,0,0.0569289
728825,36,1,212926,58175,50937,154751,306295,0,0,0,0,0.0561023
728826,36,2,260086,72582,63978,187492,388339,1,0,0,0,0.137424
728827,36,1,196554,54241,47519,142313,288549,0,0,0,0,0.0810646
728828,36,1,205091,55753,48958,149338,292874,0,0,0,0,0.0768833
728829,36,1,195034,52927,46522,142107,279594,0,0,0,0,0.065069
729410,6,1,206981,56258,49340,150723,295910,0,0,0,0,0.0697801
729411,18,1,207245,56911,49503,150334,300320,0,0,0,0,0.0569136
729414,18,2,204941,57283,50691,147645,306291,1,0,0,0,0.116877
729419,18,2,272368,76685,67845,195671,410500,1,0,0,0,0.125186
729420,6,1,206749,56183,49281,150566,295419,0,0,0,0,0.0691191
729421,18,1,207123,56844,49457,150279,299840,0,0,0,0,0.0598245
729424,18,2,204866,57250,50656,147603,306070,1,0,0,0,0.114069
729429,18,2,272189,76622,67779,195555,410137,1,0,0,0,0.166748
729430,6,1,206743,56186,49288,150557,295439,0,0,0,0,0.102778
729431,18,1,227737,63966,55677,163771,338046,0,0,0,0,0.0745128
729434,18,1,242401,67907,59376,174494,357395,0,0,0,0,0.0615239
729439,18,1,193895,52903,45670,140992,279220,0,0,0,0,0.0538635
729440,18,1,181952,49181,42762,132771,259214,0,0,0,0,0.0507595
729441,18,1,198420,54107,47318,144313,285127,0,0,0,0,0.0533139
729444,18,1,210382,57294,49915,153088,300344,0,0,0,0,0.053958
729449,18,1,216540,59585,52315,156955,313853,0,0,0,0,0.0700093
729462,36,1,214557,59680,52067,154877,316740,0,0,0,0,0.0566098
729465,36,1,223566,62031,54140,161535,328115,0,0,0,0,0.0597613
729468,36,1,220172,60300,52131,159872,316275,0,0,0,0,0.0602234
729470,6,1,201852,54547,47918,147305,288417,0,0,0,0,0.0737822
729471,18,1,199654,54759,47571,144895,290945,0,0,0,0,0.0577138
729474,18,2,195511,53135,46795,142363,281352,1,0,0,0,0.145768
729479,18,1,190032,51032,44820,139000,267420,0,0,0,0,0.0605568
729480,6,1,201959,54569,47947,147390,288522,0,0,0,0,0.0864519
729481,18,1,199570,54726,47592,144844,290721,0,0,0,0,0.0604763
729484,18,2,195153,53033,46749,142107,280789,1,0,0,0,0.11973
729489,18,1,190153,51047,44849,139106,267421,0,0,0,0,0.0533241
729490,6,1,201996,54578,47962,147418,288571,0,0,0,0,0.0715798
729491,18,1,222596,61484,53768,161112,325935,0,0,0,0,0.060419
729494,18,1,236864,65478,57435,171386,345710,0,0,0,0,0.0635821
729499,18,1,190325,51580,44877,138745,272938,0,0,0,0,0.0540265
729500,18,1,182895,49871,43105,133024,264791,0,0,0,0,0.0532332
729501,18,1,192205,52337,45994,139868,277364,0,0,0,0,0.0567006
729504,18,1,211400,57815,50925,153585,304424,0,0,0,0,0.0582761
729509,18,1,206192,56259,50032,149933,297717,0,0,0,0,0.069528
729522,36,1,205431,56696,49690,148735,302284,0,0,0,0,0.0579335
729525,36,1,217176,59830,52611,157346,317508,0,0,0,0,0.0587352
729528,36,1,215602,59481,52210,156121,314893,0,0,0,0,0.0604248
729530,6,1,204774,55687,49673,149087,293770,0,0,0,0,0.0746074
729531,18,1,180852,49471,43302,131381,261743,0,0,0,0,0.0567633
729534,18,1,203442,55836,48891,147606,294387,0,0,0,0,0.0566112
729539,18,2,267015,73939,65533,193063,392992,1,0,0,0,0.137015
729540,6,1,204711,55673,49662,149038,293689,0,0,0,0,0.0813563
729541,18,1,189466,51061,44913,138405,268278,0,0,0,0,0.0547185
729544,18,2,276326,76617,67640,199696,409394,1,0,0,0,0.135189
729549,18,2,256264,71139,62800,185112,380107,1,0,0,0,0.129486
729550,18,1,194234,52881,46120,141353,279433,0,0,0,0,0.0560708
729551,18,1,218001,59601,52421,158400,312807,0,0,0,0,0.0607235
729554,18,2,277338,76537,67344,200788,407868,1,0,0,0,0.132159
729559,18,2,270900,74883,65808,196004,399383,1,0,0,0,0.129428
729572,36,1,201392,55129,48375,146263,291881,0,0,0,0,0.0579583
729575,36,2,286113,80169,70544,205931,429916,1,0,0,0,0.126451
729578,36,1,216818,59565,52214,157253,314663,0,0,0,0,0.0605882
729580,6,1,204955,55782,49756,149173,294367,0,0,0,0,0.0786211
729581,18,1,209992,56451,49741,153541,294306,0,0,0,0,0.0564331
729584,18,2,280515,77833,68583,202669,415615,1,0,0,0,0.132203
729589,18,2,190432,51674,45379,138746,273260,1,0,0,0,0.138126
729590,18,1,194430,52963,46172,141467,279944,0,0,0,0,0.0633406
729591,18,2,229964,64036,56985,165916,342084,1,0,0,0,0.144724
729594,18,2,278538,76943,67870,201582,409997,1,0,0,0,0.14575
729599,18,2,185514,50313,44178,135188,266178,1,0,0,0,0.112294
729612,36,1,210537,57654,50699,152883,304539,0,0,0,0,0.0585868
729615,36,2,286857,80235,70870,206609,429782,1,0,0,0,0.132825
729618,36,2,188535,51247,44763,137275,271675,1,0,0,0,0.105022
729620,18,2,269459,73943,65568,195503,391936,1,0,0,0,0.12182
729621,18,2,268984,73807,65487,195164,391163,1,0,0,0,0.140914
729624,18,2,278177,76015,67424,202149,402569,1,0,0,0,0.139892
729629,18,2,183506,48752,42460,134741,254497,1,0,0,0,0.109536
729642,36,1,207521,56558,49297,150963,297870,0,0,0,0,0.0767766
729645,36,2,287899,80504,71148,207382,431387,1,0,0,0,0.127924
729648,36,2,189831,51852,45350,137966,275343,1,0,0,0,0.105246
729670,18,1,183049,48925,43199,134124,255786,0,0,0,0,0.0528907
729671,18,1,183013,48887,43177,134126,255507,0,0,0,0,0.0523778
729672,18,1,182163,48778,42664,133385,256434,0,0,0,0,0.052669
729673,18,1,203953,55486,49359,148467,292396,0,0,0,0,0.0698316
729674,18,2,260013,71168,63178,188832,377003,1,0,0,0,0.131819
729675,18,2,255466,70658,62448,184795,376938,1,0,0,0,0.121588
729676,18,1,201146,54853,48201,146293,289409,0,0,0,0,0.0541044
729677,18,2,185836,49978,43790,135845,263911,1,0,0,0,0.119882
729678,18,2,183301,49890,43794,133399,264618,1,0,0,0,0.118412
729679,18,2,196637,52732,46193,143893,276196,1,0,0,0,0.141064
729700,6,1,213707,60077,52823,153630,320639,0,0,0,0,0.0750835
729701,18,1,189104,52740,45622,136364,281241,0,0,0,0,0.059791
729704,18,1,218200,61040,53043,157160,322904,0,0,0,0,0.0657687
729709,18,1,227379,62984,54972,164395,331726,0,0,0,0,0.0576945
729710,6,1,213885,60140,52893,153745,320979,0,0,0,0,0.0763395
729711,18,1,208027,57871,50453,150156,307223,0,0,0,0,0.0611873
729714,18,1,204379,56863,49647,147516,302054,0,0,0,0,0.0596207
729719,18,1,206274,56484,48619,149790,297711,0,0,0,0,0.0703424
729720,18,1,188195,52000,44858,136195,276599,0,0,0,0,0.0767991
729721,18,2,194588,54300,47629,140275,290274,1,0,0,0,0.172857
729724,18,2,190589,52885,46049,137691,282514,1,0,0,0,0.116509
729729,18,1,215137,58427,49780,156710,305420,0,0,0,0,0.0570389
729742,36,1,197257,54221,47180,143036,287796,0,0,0,0,0.0531886
729745,36,1,225453,62418,53906,163035,331162,0,0,0,0,0.0800155
729748,36,1,215267,59211,50860,156056,312419,0,0,0,0,0.0830777
729760,6,1,213991,59450,51704,154541,316788,0,0,0,0,0.110425
729761,18,1,197599,54690,46772,142909,290771,0,0,0,0,0.0706859
729764,18,2,294847,82609,72777,212225,441537,1,0,0,0,0.153594
729769,18,1,215989,58765,51155,157224,308360,0,0,0,0,0.0611521
729770,6,1,213559,59335,51656,154224,316160,0,0,0,0,0.0837175
729771,18,2,190949,52460,46162,138476,279977,1,0,0,0,0.149206
729774,18,2,281364,78800,69256,202551,423270,1,0,0,0,0.155195
729779,18,2,306714,85612,75429,221089,456633,1,0,0,0,0.175877
729780,18,1,192049,53452,45563,138597,285373,0,0,0,0,0.087247
729781,18,2,257240,71756,62700,185471,384285,1,0,0,0,0.146195
729784,18,2,196374,53851,47791,142510,287426,1,0,0,0,0.125457
729789,18,1,216597,59506,51730,157091,312887,0,0,0,0,0.061431
729802,36,1,204656,56496,48792,148160,300641,0,0,0,0,0.0681672
729805,36,1,221831,61367,53315,160464,325980,0,0,0,0,0.0664896
729808,36,1,212146,58700,51297,153446,309895,0,0,0,0,0.0652153
729810,6,1,211858,58845,51732,153013,313058,0,0,0,0,0.0823675
729811,18,1,185815,50682,43319,135133,268382,0,0,0,0,0.0600065
729814,18,1,201256,55063,47846,146193,291078,0,0,0,0,0.0588989
729819,18,1,202411,54957,48123,147454,289313,0,0,0,0,0.0578476
729820,6,1,211796,58807,51693,152989,312796,0,0,0,0,0.0810378
729821,18,2,185965,50435,44287,135518,267513,1,0,0,0,0.121246
729824,18,1,208045,56858,49842,151187,300419,0,0,0,0,0.0623474
729829,18,2,192097,52143,45724,139941,276677,1,0,0,0,0.11523
729830,18,1,183604,50903,43891,132701,271540,0,0,0,0,0.061273
729831,18,2,375635,102270,89335,273352,541697,1,0,0,0,0.157008
729834,18,2,205863,56305,50082,149545,299798,1,0,0,0,0.142203
729839,18,2,287984,80441,70953,207530,430111,1,0,0,0,0.175688
729852,36,1,195845,53243,46104,142602,281685,0,0,0,0,0.0614287
729855,36,1,217735,60564,52716,157171,322372,0,0,0,0,0.0664443
729858,36,1,215025,59085,51266,155940,312880,0,0,0,0,0.0596204
729860,6,1,202721,55360,49276,147361,293324,0,0,0,0,0.120946
729861,18,1,193777,53491,46924,140286,283940,0,0,0,0,0.0843032
729864,18,1,201556,55061,48739,146495,290979,0,0,0,0,0.0865939
729869,18,1,197354,53896,47749,143458,284322,0,0,0,0,0.0653734
729870,18,1,183808,50190,44149,133618,266227,0,0,0,0,0.0726261
729871,18,1,196118,53422,46496,142696,282251,0,0,0,0,0.0634374
729874,18,2,268843,75325,66662,193505,404157,1,0,0,0,0.15166
729879,18,1,215230,58348,51169,156882,306874,0,0,0,0,0.0687878
729892,36,1,220931,60876,52989,160055,322393,0,0,0,0,0.0671349
729895,36,1,215633,59747,52305,155886,317527,0,0,0,0,0.0657775
729898,36,1,212604,59161,51372,153443,314523,0,0,0,0,0.0640189
729900,18,2,362463,99195,87629,263255,523955,1,0,0,0,0.158526
729901,18,2,317530,87487,77065,230031,462844,1,0,0,0,0.142286
729904,18,2,268282,74617,66066,193653,397225,1,0,0,0,0.140039
729909,18,2,266655,72904,64274,193738,384327,1,0,0,0,0.131289
729922,36,1,209948,57471,50239,152477,302376,0,0,0,0,0.0552991
729925,36,1,218230,60378,52793,157852,320105,0,0,0,0,0.0566647
729928,36,1,213213,59201,51796,154012,314509,0,0,0,0,0.062331
729950,18,1,182677,49050,43462,133627,257339,0,0,0,0,0.0593582
729951,18,2,198937,53743,47537,145182,283393,1,0,0,0,0.122333
729952,18,1,199070,53969,47194,145101,282609,0,0,0,0,0.0568661
729953,18,1,209443,56997,49687,152446,298277,0,0,0,0,0.0603052
729954,18,2,282444,78788,69807,203644,420088,1,0,0,0,0.175424
729955,18,2,203800,56184,49866,147604,299023,1,0,0,0,0.140936
729956,18,1,207880,56913,50332,150967,300298,0,0,0,0,0.059073
729957,18,2,201405,54329,48023,147064,287725,1,0,0,0,0.134088
729958,18,1,212313,58365,51019,153948,308626,0,0,0,0,0.0864079
729959,18,2,275490,75864,66653,199614,401264,1,0,0,0,0.168954
729990,6,1,213996,60172,52898,153824,321140,0,0,0,0,0.0743722
729991,18,1,224650,62732,55034,161918,331393,0,0,0,0,0.0577411
729994,18,1,207093,58078,50792,149015,309759,0,0,0,0,0.0574209
729999,18,1,194550,53756,46256,140794,285430,0,0,0,0,0.0536433
730000,18,1,188259,52016,44876,136243,276686,0,0,0,0,0.0538411
730001,18,2,195770,54448,47806,141309,290876,1,0,0,0,0.133691
730004,18,1,201623,54958,48235,146665,289356,0,0,0,0,0.0651089
730009,18,1,197781,53708,46167,144073,281852,0,0,0,0,0.0584652
730022,36,1,210015,57616,50359,152399,304527,0,0,0,0,0.0541564
730025,36,1,225457,62497,54516,162960,331739,0,0,0,0,0.0568226
730028,36,1,203515,56114,48483,147401,297199,0,0,0,0,0.0560957
730050,6,1,213541,59324,51641,154217,316091,0,0,0,0,0.0827382
730051,18,2,197878,54894,48255,142971,293733,1,0,0,0,0.119511
730054,18,1,203883,56385,48801,147498,300056,0,0,0,0,0.0591961
730059,18,2,296044,82056,72027,213975,438411,1,0,0,0,0.139184
730060,18,1,191999,53437,45544,138562,285295,0,0,0,0,0.0561622
730061,18,2,277120,78061,68461,199046,418921,1,0,0,0,0.135174
730064,18,1,194967,53466,47122,141501,284045,0,0,0,0,0.0896139
730069,18,1,195088,53063,45931,142025,280206,0,0,0,0,0.0754616
730082,36,1,219248,60703,52618,158545,322348,0,0,0,0,0.0661935
730085,36,1,226824,62880,54855,163944,334830,0,0,0,0,0.0709186
730088,36,1,199740,55355,47924,144385,294476,0,0,0,0,0.0613111
730100,6,1,211673,58762,51663,152911,312526,0,0,0,0,0.0761126
730101,18,2,192652,52706,46392,139934,280210,1,0,0,0,0.119923
730104,18,1,211402,57844,50896,153558,305949,0,0,0,0,0.0641248
730109,18,2,190592,51609,45285,138970,273573,1,0,0,0,0.114228
730110,18,1,183388,50846,43846,132542,271230,0,0,0,0,0.0570269
730111,18,2,203778,56135,49399,147630,299624,1,0,0,0,0.148996
730114,18,2,205211,56198,49961,149000,299342,1,0,0,0,0.126208
730119,18,2,201885,55712,49292,146160,296932,1,0,0,0,0.120212
730132,36,1,210753,57913,50417,152840,306630,0,0,0,0,0.0587373
730135,36,1,225035,62520,54312,162515,332898,0,0,0,0,0.0606875
730138,36,2,201176,55471,48766,145692,296151,1,0,0,0,0.146324
730140,6,1,202375,55254,49183,147121,292762,0,0,0,0,0.0849824
730141,18,1,195329,53647,47250,141682,284718,0,0,0,0,0.0591122
730144,18,1,207132,56710,49938,150422,300388,0,0,0,0,0.0612789
730149,18,1,192235,52202,46447,140033,275394,0,0,0,0,0.05595
730150,18,1,183704,50150,44110,133554,265987,0,0,0,0,0.0580373
730151,18,1,197090,53727,46785,143363,284480,0,0,0,0,0.0614717
730154,18,2,270870,75669,66886,195188,405683,1,0,0,0,0.175376
730159,18,1,209849,56976,49751,152873,300326,0,0,0,0,0.062306
730172,36,1,221007,60676,53143,160331,321602,0,0,0,0,0.0595648
730175,36,1,222139,61539,53796,160600,326930,0,0,0,0,0.0603803
730178,36,1,212848,59535,52144,153313,317534,0,0,0,0,0.0602895
730180,18,2,362329,99154,87616,263162,523749,1,0,0,0,0.190582
730181,18,2,317350,87437,77046,229901,462560,1,0,0,0,0.21004
730184,18,2,268139,74575,66028,193552,396983,1,0,0,0,0.167989
730189,18,2,266843,72965,64279,193865,384698,1,0,0,0,0.136735
730202,36,1,197002,53770,46964,143232,284525,0,0,0,0,0.0570317
730205,36,1,219802,60385,52582,159417,319506,0,0,0,0,0.0613759
730208,36,1,208871,57625,50356,151246,305837,0,0,0,0,0.0599742
730230,18,1,182409,48998,43427,133411,257094,0,0,0,0,0.0605927
730231,18,2,199180,53819,47613,145349,283838,1,0,0,0,0.116783
730232,18,1,188484,51042,44538,137442,269197,0,0,0,0,0.0586398
730233,18,1,188557,50972,44423,137585,268320,0,0,0,0,0.0783753
730234,18,2,282439,78787,69803,203640,420079,1,0,0,0,0.177681
730235,18,2,260800,72721,64464,188066,388647,1,0,0,0,0.128245
730236,18,1,209157,57078,50531,152079,301046,0,0,0,0,0.054064
730237,18,2,337562,92776,81864,244773,492520,1,0,0,0,0.155561
730238,18,1,209518,57294,50148,152224,303039,0,0,0,0,0.0578763
730239,18,2,275345,75838,66671,199495,401141,1,0,0,0,0.130561
730280,18,1,198402,54104,46990,144298,284967,0,0,0,0,0.0518181
730281,18,1,202693,54678,48027,148015,284712,0,0,0,0,0.0506793
730284,18,2,298205,83855,73020,214339,448137,1,0,0,0,0.143222
730289,18,1,188742,51075,43947,137667,268499,0,0,0,0,0.0537386
730302,36,1,205652,56185,48812,149467,295846,0,0,0,0,0.0557112
730305,36,1,222446,61906,53956,160540,328003,0,0,0,0,0.0549655
730308,36,1,210963,58540,50939,152423,310910,0,0,0,0,0.0565124
730340,18,1,207217,57249,49411,149968,304141,0,0,0,0,0.0599529
730341,18,1,216564,59583,51775,156981,314118,0,0,0,0,0.0586581
730344,18,1,201780,56169,49049,145611,299767,0,0,0,0,0.0636933
730349,18,1,187088,51374,44317,135714,272533,0,0,0,0,0.0603277
730362,36,1,214571,58865,51259,155706,311158,0,0,0,0,0.0620739
730365,36,1,224856,63021,55167,161835,336054,0,0,0,0,0.0598488
730368,36,1,207079,57564,50245,149515,306864,0,0,0,0,0.0613473
730390,18,2,197204,54138,47594,143054,288337,1,0,0,0,0.119921
730391,18,2,199585,54647,48233,144926,290815,1,0,0,0,0.114966
730394,18,2,292396,81735,72080,210648,437095,1,0,0,0,0.148542
730399,18,2,195879,53600,47473,142269,284887,1,0,0,0,0.124508
730412,36,1,210632,57863,50301,152769,305751,0,0,0,0,0.0647541
730415,36,1,228814,63379,55264,165435,336866,0,0,0,0,0.0590293
730418,36,1,228301,63423,55382,164878,337619,0,0,0,0,0.0598471
730430,18,2,241983,68352,60469,173619,366947,1,0,0,0,0.134682
730431,18,1,208961,58056,50450,150905,309349,0,0,0,0,0.073875
730434,18,2,206012,56232,49759,149767,298415,1,0,0,0,0.152817
730439,18,1,199545,54063,47552,145482,283988,0,0,0,0,0.0541419
730452,36,2,291407,81995,72514,209399,440063,1,0,0,0,0.132545
730455,36,1,230496,64038,56195,166458,341247,0,0,0,0,0.0590722
730458,36,1,219791,61144,53565,158647,326280,0,0,0,0,0.076992
730460,18,2,205311,56389,50038,148909,299551,1,0,0,0,0.151637
730461,18,2,199853,53987,47589,145853,285222,1,0,0,0,0.128732
730464,18,2,210016,57540,50968,152463,305013,1,0,0,0,0.138499
730469,18,1,193764,52840,46707,140924,279552,0,0,0,0,0.0573713
730482,36,2,285145,80356,70659,204776,431976,1,0,0,0,0.161498
730485,36,2,289274,82139,72488,207122,443075,1,0,0,0,0.161051
730488,36,1,218901,60738,53261,158163,323679,0,0,0,0,0.0610506
730510,18,1,176646,47252,41702,129394,248649,0,0,0,0,0.0872921
730511,18,2,274751,75196,66478,199543,398175,1,0,0,0,0.15604
730512,18,2,337343,92027,80419,245303,488341,1,0,0,0,0.153955
730513,18,1,184976,50745,44233,134231,268983,0,0,0,0,0.0603998
730514,18,1,199759,54655,47783,145104,289572,0,0,0,0,0.0588509
730515,18,2,193588,52823,46622,140752,280804,1,0,0,0,0.147925
730516,18,1,206773,56732,50388,150041,300186,0,0,0,0,0.0566708
730517,18,2,332657,91246,80512,241398,484643,1,0,0,0,0.173896
730518,18,1,206577,56573,49647,150004,298069,0,0,0,0,0.0825053
730519,18,1,198512,54347,47533,144165,288075,0,0,0,0,0.0757206
730790,18,1,201912,55089,49065,146823,291441,0,0,0,0,0.0888422
730791,18,1,205278,55845,48811,149433,291727,0,0,0,0,0.0644312
730792,18,1,187797,50997,44546,136800,268656,0,0,0,0,0.059639
730793,18,1,184087,50232,43739,133855,266126,0,0,0,0,0.0822894
730794,18,1,200487,55066,48443,145421,292131,0,0,0,0,0.0698597
730795,18,1,206742,56545,50079,150197,297853,0,0,0,0,0.0759226
730796,18,1,207319,56790,50002,150529,299216,0,0,0,0,0.0703128
730797,18,1,201800,54439,48189,147361,283981,0,0,0,0,0.0648379
730798,18,1,191527,51780,45902,139747,271789,0,0,0,0,0.086892
730799,18,1,184923,50164,44453,134759,265088,0,0,0,0,0.0746239
730920,36,1,204749,56764,48986,147985,302091,0,0,0,0,0.0838138
730921,36,1,214955,58885,51121,156070,309967,0,0,0,0,0.0886924
730922,36,1,208579,58276,50227,150303,309470,0,0,0,0,0.0692536
730923,36,1,223073,62927,55139,160146,336635,0,0,0,0,0.0814497
730924,36,1,219420,60390,52328,159030,320379,0,0,0,0,0.0693584
730925,36,1,206452,56684,49507,149768,300187,0,0,0,0,0.0624294
730926,36,1,224718,63147,54368,161571,336613,0,0,0,0,0.0916319
730927,36,1,192474,52689,45720,139785,279132,0,0,0,0,0.0831622
730928,36,1,204518,57087,49091,147431,304341,0,0,0,0,0.0877738
730929,36,1,188842,52477,44712,136365,279588,0,0,0,0,0.0836064
730970,36,1,205963,56933,49672,149030,301639,0,0,0,0,0.0741623
730971,36,1,213052,58511,51189,154541,308534,0,0,0,0,0.0621088
730972,36,1,211181,58445,50301,152736,309815,0,0,0,0,0.0667634
730973,36,1,217293,61223,53509,156070,327142,0,0,0,0,0.0982112
730974,36,1,212119,58479,51023,153640,310681,0,0,0,0,0.0766242
730975,36,1,211987,58082,51209,153905,307938,0,0,0,0,0.0603842
730976,36,1,219405,60626,52495,158779,322765,0,0,0,0,0.0588505
730977,36,1,215182,59045,52019,156137,312677,0,0,0,0,0.0631876
730978,36,1,218433,60589,52824,157844,322651,0,0,0,0,0.0750603
730979,36,2,284494,79226,69574,205255,423966,1,0,0,0,0.160474
731010,36,1,205662,57284,50291,148378,305423,0,0,0,0,0.0885814
731011,36,1,222904,60724,52675,162180,320882,0,0,0,0,0.0619333
731012,36,1,213424,58643,51120,154781,310282,0,0,0,0,0.0614866
731013,36,1,214896,59163,51015,155733,313229,0,0,0,0,0.0623086
731014,36,1,223605,61559,53239,162046,326322,0,0,0,0,0.0597608
731015,36,2,279119,79073,69737,200033,425378,1,0,0,0,0.14062
731016,36,2,274986,77780,68565,197193,418582,1,0,0,0,0.141856
731017,36,1,213859,59113,51732,154746,314123,0,0,0,0,0.0622343
731018,36,1,228323,63080,55108,165243,334661,0,0,0,0,0.0601824
731019,36,1,206124,56339,49274,149785,297065,0,0,0,0,0.0571886
731040,36,1,209751,58014,51067,151737,307424,0,0,0,0,0.0643103
731041,36,2,291308,81276,71321,210019,434328,1,0,0,0,0.171337
731042,36,1,201566,55153,47970,146413,291971,0,0,0,0,0.0540478
731043,36,1,194939,53125,45739,141814,281176,0,0,0,0,0.0553861
731044,36,1,217246,60232,52200,157014,320829,0,0,0,0,0.0560398
731045,36,2,274840,77492,68307,197335,415984,1,0,0,0,0.139788
731046,36,2,270097,76477,67505,193607,411300,1,0,0,0,0.193339
731047,36,1,208537,57418,50322,151119,305068,0,0,0,0,0.0775333
731048,36,1,229830,63518,55533,166312,336958,0,0,0,0,0.0612951
731049,36,1,202682,55524,48692,147158,294339,0,0,0,0,0.0583746
731060,36,1,204071,56867,49454,147204,302091,0,0,0,0,0.0795603
731061,36,1,203329,55254,48390,148075,289123,0,0,0,0,0.0809994
731062,36,1,190477,51749,45090,138728,272941,0,0,0,0,0.0570709
731063,36,1,176531,47753,40812,128778,252551,0,0,0,0,0.0518018
731064,36,1,209667,57945,50710,151722,307494,0,0,0,0,0.0551612
731065,36,1,213591,58437,51253,155154,307763,0,0,0,0,0.0596355
731066,36,2,260734,72706,64079,188016,388912,1,0,0,0,0.134238
731067,36,1,198078,54694,48031,143384,290975,0,0,0,0,0.0565443
731068,36,1,206188,56132,49310,150056,294893,0,0,0,0,0.0604381
731069,36,1,195528,53143,46751,142385,280772,0,0,0,0,0.0616669
731370,6,1,205089,56416,49819,148673,299523,0,0,0,0,0.0932008
731371,18,1,200247,55808,48559,144439,297762,0,0,0,0,0.0885915
731374,18,2,201641,55452,48825,146176,294432,1,0,0,0,0.121785
731379,18,2,243736,68514,60756,175209,366321,1,0,0,0,0.138311
731380,6,1,205085,56397,49814,148688,299369,0,0,0,0,0.0881348
731381,18,1,200162,55772,48533,144390,297535,0,0,0,0,0.0759811
731384,18,2,201866,55532,48935,146321,294881,1,0,0,0,0.139744
731389,18,2,243743,68508,60744,175222,366289,1,0,0,0,0.145614
731390,6,1,205129,56402,49817,148727,299389,0,0,0,0,0.0905013
731391,18,1,225340,62774,55382,162566,333881,0,0,0,0,0.0700017
731394,18,1,235592,65795,58160,169797,349131,0,0,0,0,0.08908
731399,18,1,188658,51424,45093,137234,272463,0,0,0,0,0.0658952
731400,18,1,186542,51258,44706,135284,272340,0,0,0,0,0.0685452
731401,18,1,200151,55061,48365,145090,292319,0,0,0,0,0.0654852
731404,18,1,207897,56993,50095,150904,301014,0,0,0,0,0.0744902
731409,18,1,212997,59445,52663,153552,316004,0,0,0,0,0.117648
731422,36,1,206887,57770,50612,149117,308756,0,0,0,0,0.0913834
731425,36,1,212422,59086,52165,153336,314371,0,0,0,0,0.0687175
731428,36,1,214255,60235,52689,154020,320744,0,0,0,0,0.0771613
731430,6,1,206784,57106,50370,149678,303621,0,0,0,0,0.0913862
731431,18,1,201258,56342,48999,144916,301119,0,0,0,0,0.0766777
731434,18,2,203457,56027,49439,147417,297860,1,0,0,0,0.127475
731439,18,2,245409,68897,61067,176499,368516,1,0,0,0,0.133788
731440,6,1,206712,57064,50335,149648,303340,0,0,0,0,0.0923818
731441,18,1,201064,56274,48949,144790,300695,0,0,0,0,0.0670251
731444,18,2,203610,56095,49556,147502,298255,1,0,0,0,0.123614
731449,18,2,245309,68870,61038,176426,368387,1,0,0,0,0.1384
731450,6,1,206681,57054,50322,149627,303280,0,0,0,0,0.128874
731451,18,1,227150,63426,56009,163724,337613,0,0,0,0,0.0768444
731454,18,1,237020,66397,58751,170623,352674,0,0,0,0,0.0693424
731459,18,1,190102,52044,45714,138058,276126,0,0,0,0,0.0624151
731460,18,1,188134,51787,45142,136347,275335,0,0,0,0,0.0629733
731461,18,1,202418,55813,48979,146605,296568,0,0,0,0,0.0639548
731464,18,1,209642,57628,50627,152014,304682,0,0,0,0,0.0647549
731469,18,1,214964,60208,53274,154756,320451,0,0,0,0,0.0940155
731482,36,1,208726,58438,51188,150288,312515,0,0,0,0,0.0707321
731485,36,1,214053,59784,52788,154269,318437,0,0,0,0,0.0693305
731488,36,1,215643,60787,53093,154856,323948,0,0,0,0,0.0891518
731490,6,1,173907,46694,41094,127213,247654,0,0,0,0,0.106289
731491,18,1,150874,40430,35293,110444,214934,0,0,0,0,0.0587023
731494,18,1,183293,50412,44347,132881,268912,0,0,0,0,0.0712598
731499,18,1,184078,50578,44838,133500,269631,0,0,0,0,0.0858737
731500,6,1,173861,46681,41086,127180,247569,0,0,0,0,0.0970991
731501,18,1,166257,44616,39239,121641,236240,0,0,0,0,0.0750823
731504,18,1,196509,54289,47957,142220,288870,0,0,0,0,0.0700461
731509,18,1,200162,55370,49233,144792,294774,0,0,0,0,0.0693223
731510,18,1,168633,45260,39316,123373,240088,0,0,0,0,0.0644618
731511,18,1,189547,51925,45577,137622,274943,0,0,0,0,0.0649093
731514,18,1,199397,54814,48172,144583,290918,0,0,0,0,0.0626295
731519,18,1,198140,54379,48030,143761,288449,0,0,0,0,0.0636344
731532,36,1,177739,48160,42277,129579,256468,0,0,0,0,0.0675192
731535,36,1,209446,58792,52006,150654,314083,0,0,0,0,0.0801219
731538,36,1,209412,58690,51864,150722,313347,0,0,0,0,0.0731695
731540,6,1,173827,46696,41088,127131,247723,0,0,0,0,0.119645
731541,18,1,182376,48681,42918,133695,255129,0,0,0,0,0.0630609
731544,18,1,204960,56263,49841,148697,297330,0,0,0,0,0.0665811
731549,18,1,215077,59312,52658,155765,313882,0,0,0,0,0.0704509
731550,18,1,168775,45315,39349,123460,240424,0,0,0,0,0.0667066
731551,18,1,199038,53978,47328,145060,283616,0,0,0,0,0.076857
731554,18,1,204784,56183,49456,148601,297272,0,0,0,0,0.0633552
731559,18,1,206967,56886,50120,150081,301076,0,0,0,0,0.0638038
731572,36,1,188963,51326,45151,137637,272616,0,0,0,0,0.0625279
731575,36,1,215950,60739,53541,155211,324030,0,0,0,0,0.0646658
731578,36,1,218502,61112,53838,157390,325423,0,0,0,0,0.0680078
731580,18,2,236242,64059,56352,172170,340886,1,0,0,0,0.142885
731581,18,2,236073,64035,56347,172025,340752,1,0,0,0,0.139648
731584,18,1,200297,54361,48019,145936,286163,0,0,0,0,0.0616658
731589,18,1,200978,54617,48275,146361,287537,0,0,0,0,0.0611461
731602,36,1,177782,47329,41248,130453,249387,0,0,0,0,0.0597491
731605,36,1,216493,60301,53036,156192,322008,0,0,0,0,0.0630445
731608,36,1,217377,60365,53150,157012,321989,0,0,0,0,0.0818898
731630,18,1,160967,42587,37455,118380,224237,0,0,0,0,0.058431
731631,18,1,161126,42606,37482,118520,224260,0,0,0,0,0.0587652
731632,18,1,160419,42357,36912,118062,224041,0,0,0,0,0.059938
731633,18,1,177599,47247,41586,130352,249630,0,0,0,0,0.0808751
731634,18,1,182382,50029,43940,132353,264730,0,0,0,0,0.0724948
731635,18,1,191070,52796,46798,138274,281299,0,0,0,0,0.0910647
731636,18,1,193013,53155,47126,139858,283201,0,0,0,0,0.0683334
731637,18,1,191711,52670,46566,139041,280580,0,0,0,0,0.0736096
731638,18,1,197498,54670,48569,142828,291408,0,0,0,0,0.0679595
731639,18,1,185542,50763,44892,134779,268325,0,0,0,0,0.0776888
731660,6,1,214996,60646,53341,154350,324359,0,0,0,0,0.0908037
731661,18,1,194746,53936,46124,140810,286831,0,0,0,0,0.0604906
731664,18,2,325752,91707,80233,234032,488974,1,0,0,0,0.172727
731669,18,1,209670,57283,49891,152387,300608,0,0,0,0,0.0586991
731670,6,1,214967,60640,53332,154327,324324,0,0,0,0,0.0813121
731671,18,1,218304,60613,52378,157691,321045,0,0,0,0,0.0661559
731674,18,1,204340,56657,48854,147683,300704,0,0,0,0,0.0591378
731679,18,1,200530,54474,47101,146056,286796,0,0,0,0,0.0605336
731680,18,1,195163,54121,46282,141042,288434,0,0,0,0,0.0708872
731681,18,1,206792,57007,49264,149785,301447,0,0,0,0,0.0644809
731684,18,1,187627,51053,44744,136574,269924,0,0,0,0,0.0556269
731689,18,1,206060,56720,49395,149340,299957,0,0,0,0,0.0653341
731702,36,1,203225,56035,48733,147190,297342,0,0,0,0,0.0621497
731705,36,1,218821,60815,52759,158006,323483,0,0,0,0,0.08196
731708,36,1,207318,57393,49580,149925,303987,0,0,0,0,0.0671727
731720,6,1,214559,60661,53374,153898,324691,0,0,0,0,0.0800978
731721,18,1,194244,53844,46030,140400,286307,0,0,0,0,0.0584
731724,18,2,296037,82911,72689,213113,442645,1,0,0,0,0.143186
731729,18,1,210394,57444,50073,152950,301388,0,0,0,0,0.0592244
731730,6,1,214448,60634,53350,153814,324542,0,0,0,0,0.101481
731731,18,1,219757,60966,52720,158791,322688,0,0,0,0,0.0593091
731734,18,1,205451,56996,49167,148455,302416,0,0,0,0,0.0561963
731739,18,1,201550,54763,47340,146787,288283,0,0,0,0,0.0546309
731740,18,1,196766,54517,46608,142249,290240,0,0,0,0,0.0576832
731741,18,1,207728,57270,49560,150458,302825,0,0,0,0,0.0601643
731744,18,1,188323,51378,45024,136945,271825,0,0,0,0,0.0586017
731749,18,1,207065,57209,49874,149856,302952,0,0,0,0,0.0838834
731762,36,1,203989,56391,48900,147598,299389,0,0,0,0,0.0588161
731765,36,1,219907,61259,53079,158648,326037,0,0,0,0,0.0740471
731768,36,1,207306,57425,49649,149881,304171,0,0,0,0,0.0794433
731770,6,1,196805,54621,48088,142184,292360,0,0,0,0,0.07793
731771,18,1,169500,47370,41030,122130,254900,0,0,0,0,0.055817
731774,18,1,200584,57038,50131,143546,306495,0,0,0,0,0.0606256
731779,18,1,194543,54688,48161,139855,292969,0,0,0,0,0.066149
731780,6,1,196798,54627,48090,142171,292418,0,0,0,0,0.0935771
731781,18,1,180313,49436,43351,130877,263305,0,0,0,0,0.0795296
731784,18,1,217272,62110,54434,155162,332489,0,0,0,0,0.0903209
731789,18,1,213682,60092,52725,153590,320356,0,0,0,0,0.0785328
731790,18,1,176981,48886,42216,128095,261947,0,0,0,0,0.0813538
731791,18,2,162122,43051,37524,119059,229158,1,0,0,0,0.16384
731794,18,2,228261,64253,56687,163995,345814,1,0,0,0,0.159884
731799,18,2,226223,63450,56006,162760,341289,1,0,0,0,0.165347
731812,36,1,180032,49253,42949,130779,263177,0,0,0,0,0.0564002
731815,36,1,214011,60248,52553,153763,322542,0,0,0,0,0.061049
731818,36,1,211376,59317,51629,152059,317169,0,0,0,0,0.0774574
731820,6,1,200585,54325,48278,146260,287400,0,0,0,0,0.108615
731821,18,1,179790,48417,42420,131373,255792,0,0,0,0,0.0591388
731824,18,2,323770,91766,81392,231991,492996,1,0,0,0,0.16008
731829,18,2,297146,83483,73745,213650,448446,1,0,0,0,0.198576
731830,18,1,177119,48236,41862,128883,255946,0,0,0,0,0.0684711
731831,18,1,186503,51515,44711,134988,275316,0,0,0,0,0.0588687
731834,18,1,213868,59635,51994,154233,317575,0,0,0,0,0.0599201
731839,18,1,213713,59458,52059,154255,316481,0,0,0,0,0.0630027
731852,36,1,196646,53844,46719,142802,285906,0,0,0,0,0.0564096
731855,36,1,225194,63411,55461,161783,339308,0,0,0,0,0.0603094
731858,36,1,224060,63130,55030,160930,337750,0,0,0,0,0.0617562
731860,18,2,339343,92345,81042,246985,489152,1,0,0,0,0.171543
731861,18,2,239273,65718,57610,173542,351179,1,0,0,0,0.138062
731864,18,1,201169,54762,47714,146407,288273,0,0,0,0,0.0568589
731869,18,1,200909,54692,47888,146217,287855,0,0,0,0,0.0567109
731882,36,1,189975,51295,44020,138680,270903,0,0,0,0,0.0545125
731885,36,1,224470,62475,54306,161995,331633,0,0,0,0,0.0606235
731888,36,1,224569,62096,53906,162473,329046,0,0,0,0,0.0586417
731910,18,1,176225,46678,40970,129547,244107,0,0,0,0,0.0605957
731911,18,2,187973,50778,44756,137183,270177,1,0,0,0,0.121346
731912,18,2,177822,47767,42035,130043,254694,1,0,0,0,0.123606
731913,18,1,181443,48294,41993,133149,253465,0,0,0,0,0.0609886
731914,18,1,197315,53117,46383,144198,279289,0,0,0,0,0.0586557
731915,18,2,248101,70818,62449,177270,382970,1,0,0,0,0.128573
731916,18,1,213451,57879,51188,155572,302804,0,0,0,0,0.0599498
731917,18,1,211683,57274,50372,154409,299663,0,0,0,0,0.0567925
731918,18,2,245048,69965,61498,175070,378216,1,0,0,0,0.129142
731919,18,1,197932,53482,46705,144450,281373,0,0,0,0,0.0547568
731950,6,1,214400,60537,53264,153863,323879,0,0,0,0,0.0785281
731951,18,1,229563,63474,54971,166089,335574,0,0,0,0,0.0611089
731954,18,1,208564,57523,49564,151041,305576,0,0,0,0,0.0597626
731959,18,1,190399,51962,45012,138437,274908,0,0,0,0,0.0541826
731960,18,1,194982,54133,46264,140849,288625,0,0,0,0,0.0561392
731961,18,1,217046,59407,51344,157639,312951,0,0,0,0,0.0595116
731964,18,1,185962,50175,44048,135787,264817,0,0,0,0,0.0547056
731969,18,1,190750,52328,45563,138422,277332,0,0,0,0,0.0642181
731982,36,1,210920,57835,50296,153085,306174,0,0,0,0,0.0628157
731985,36,1,220693,60958,52926,159735,324431,0,0,0,0,0.0605671
731988,36,1,197904,54611,47084,143293,290105,0,0,0,0,0.0577309
732010,6,1,214007,60546,53288,153461,324122,0,0,0,0,0.0757203
732011,18,1,230064,63559,55056,166505,335811,0,0,0,0,0.0605162
732014,18,1,209903,57929,49894,151974,307651,0,0,0,0,0.0585689
732019,18,1,191638,52334,45305,139304,276886,0,0,0,0,0.0556887
732020,18,1,196648,54537,46604,142111,290446,0,0,0,0,0.0578237
732021,18,1,217802,59588,51459,158214,313805,0,0,0,0,0.0582983
732024,18,1,187230,50533,44312,136697,266647,0,0,0,0,0.0537752
732029,18,1,191588,52781,45932,138807,280272,0,0,0,0,0.0622336
732042,36,1,212090,58256,50503,153834,308410,0,0,0,0,0.0589674
732045,36,1,222431,61556,53374,160875,327830,0,0,0,0,0.059092
732048,36,1,198583,54937,47401,143646,292073,0,0,0,0,0.0561592
732060,6,1,196555,54562,48050,141993,292065,0,0,0,0,0.0770158
732061,18,1,195042,53241,46298,141801,282181,0,0,0,0,0.0564415
732064,18,1,226251,64190,56328,162061,342332,0,0,0,0,0.064118
732069,18,1,231660,65333,57509,166327,348018,0,0,0,0,0.0740553
732070,18,1,176881,48858,42197,128023,261791,0,0,0,0,0.0594285
732071,18,2,165503,44075,38398,121416,234808,1,0,0,0,0.117447
732074,18,2,233191,65876,58237,167302,354740,1,0,0,0,0.124982
732079,18,2,234512,66207,58669,168292,356778,1,0,0,0,0.123815
732092,36,1,193259,52855,46149,140404,281824,0,0,0,0,0.0804547
732095,36,1,222493,62662,54595,159831,334682,0,0,0,0,0.063477
732098,36,1,224088,62847,54786,161241,335039,0,0,0,0,0.0624962
732100,6,1,200812,54351,48297,146461,287439,0,0,0,0,0.0938111
732101,18,1,184771,49536,43511,135235,261400,0,0,0,0,0.0629997
732104,18,2,319305,90116,79518,229176,483716,1,0,0,0,0.170971
732109,18,2,299300,84221,74477,215066,453202,1,0,0,0,0.182832
732110,18,1,177068,48200,41828,128868,255701,0,0,0,0,0.0829464
732111,18,1,187938,51528,44702,136410,275109,0,0,0,0,0.0681485
732114,18,1,213718,59088,51609,154630,313857,0,0,0,0,0.0855647
732119,18,1,213302,59056,51774,154246,313790,0,0,0,0,0.0724701
732132,36,1,198539,54027,47019,144512,286466,0,0,0,0,0.0653043
732135,36,1,225084,63303,55228,161781,338675,0,0,0,0,0.0811616
732138,36,1,224227,62960,55158,161267,336755,0,0,0,0,0.0913785
732140,18,2,338961,92249,80965,246699,488651,1,0,0,0,0.185032
732141,18,2,239242,65714,57625,173515,351160,1,0,0,0,0.144992
732144,18,1,200745,54693,47663,146052,288022,0,0,0,0,0.0581023
732149,18,1,200380,54606,47834,145774,287530,0,0,0,0,0.0596591
732162,36,1,180864,49037,42108,131827,260590,0,0,0,0,0.0580824
732165,36,1,215272,59997,52100,155275,319910,0,0,0,0,0.0592684
732168,36,1,214491,59474,51717,155017,316800,0,0,0,0,0.0661906
732190,18,1,176209,46682,40975,129527,244148,0,0,0,0,0.0641949
732191,18,2,187751,50724,44714,137015,269870,1,0,0,0,0.137265
732192,18,2,170542,45432,39545,125098,241798,1,0,0,0,0.132432
732193,18,1,164529,43646,38234,120883,230647,0,0,0,0,0.0658674
732194,18,1,196733,53006,46287,143727,278803,0,0,0,0,0.0548662
732195,18,2,244673,69390,61280,175270,374889,1,0,0,0,0.142493
732196,18,1,200878,54662,48048,146216,288303,0,0,0,0,0.0688967
732197,18,1,200973,54743,48075,146230,288995,0,0,0,0,0.0644743
732198,18,2,241729,68520,60200,173196,370170,1,0,0,0,0.144525
732199,18,1,197441,53415,46650,144026,281168,0,0,0,0,0.0609774
732240,18,2,313135,87872,76957,225251,470997,1,0,0,0,0.142744
732241,18,2,193363,52941,46713,140411,282003,1,0,0,0,0.109826
732244,18,1,192192,52642,45803,139550,279005,0,0,0,0,0.0583876
732249,18,1,183936,50531,43879,133405,268512,0,0,0,0,0.0633438
732262,36,1,211359,57963,50009,153396,307105,0,0,0,0,0.059011
732265,36,1,224631,62000,53907,162631,329053,0,0,0,0,0.0590642
732268,36,1,209343,57995,50069,151348,308983,0,0,0,0,0.0578674
732300,18,2,289263,80847,70907,208404,433617,1,0,0,0,0.13183
732301,18,2,194798,53363,47076,141424,284471,1,0,0,0,0.11291
732304,18,1,194074,53105,46230,140969,281245,0,0,0,0,0.0565843
732309,18,1,184733,50964,44237,133769,271239,0,0,0,0,0.0612907
732322,36,1,212232,58200,50244,154032,308307,0,0,0,0,0.0589593
732325,36,1,224621,61980,53877,162641,328929,0,0,0,0,0.0627984
732328,36,1,209372,57994,50086,151378,308968,0,0,0,0,0.0751541
732350,18,2,306371,84542,73980,221816,453255,1,0,0,0,0.18129
732351,18,2,219238,60292,53045,158933,323697,1,0,0,0,0.170609
732354,18,2,240879,68524,60825,172342,369721,1,0,0,0,0.159203
732359,18,2,246627,70135,62449,176479,378877,1,0,0,0,0.154052
732372,36,1,189973,51708,45142,138265,274844,0,0,0,0,0.0669649
732375,36,1,225750,63110,54648,162640,337105,0,0,0,0,0.0592227
732378,36,1,228656,64151,55769,164505,343184,0,0,0,0,0.0605142
732390,18,1,220421,61091,53249,159330,324079,0,0,0,0,0.0712756
732391,18,1,190532,52026,45064,138506,276749,0,0,0,0,0.0602632
732394,18,2,293010,82342,72698,210656,442269,1,0,0,0,0.163198
732399,18,2,306497,86394,76290,220090,464512,1,0,0,0,0.141484
732412,36,1,207112,57144,49624,149968,304985,0,0,0,0,0.0598878
732415,36,1,238312,66844,58180,171468,357618,0,0,0,0,0.063051
732418,36,1,238146,66849,57998,171297,357776,0,0,0,0,0.0631233
732420,18,1,224123,61937,54090,162186,327192,0,0,0,0,0.0717092
732421,18,1,184131,49714,43140,134417,263525,0,0,0,0,0.0568004
732424,18,2,294621,82681,72777,211927,444533,1,0,0,0,0.140807
732429,18,2,316665,88818,78054,227834,477282,1,0,0,0,0.170115
732442,36,1,194777,53138,45871,141639,283501,0,0,0,0,0.0604712
732445,36,1,233592,65216,56547,168376,348599,0,0,0,0,0.0611997
732448,36,1,232755,64952,56047,167803,347193,0,0,0,0,0.0611872
732470,18,1,175809,46650,40559,129159,244866,0,0,0,0,0.0620261
732471,18,1,183170,49419,42967,133751,260424,0,0,0,0,0.0533883
732472,18,1,177003,47839,41606,129164,253657,0,0,0,0,0.0754744
732473,18,1,157237,42267,36932,114970,224763,0,0,0,0,0.0612479
732474,18,1,201699,55611,48494,146088,296089,0,0,0,0,0.0605661
732475,18,1,208344,57292,50270,151052,303072,0,0,0,0,0.0626363
732476,18,1,197906,54398,47392,143508,288691,0,0,0,0,0.0625948
732477,18,1,195426,53632,46816,141794,284587,0,0,0,0,0.0673492
732478,18,1,206022,56694,49722,149328,299949,0,0,0,0,0.0893608
732479,18,1,200725,55554,48414,145171,296077,0,0,0,0,0.0744372
732750,18,1,204958,55852,49305,149106,295254,0,0,0,0,0.0916622
732751,18,1,195593,53407,46544,142186,280443,0,0,0,0,0.0670006
732752,18,1,181918,49301,42693,132617,260035,0,0,0,0,0.0665402
732753,18,1,173915,47094,41033,126821,249329,0,0,0,0,0.0927944
732754,18,2,285783,79777,70453,205993,427664,1,0,0,0,0.169711
732755,18,2,292993,82182,72433,210798,440872,1,0,0,0,0.164611
732756,18,2,205375,56577,50263,148785,302704,1,0,0,0,0.138944
732757,18,2,200223,55360,48897,144850,296872,1,0,0,0,0.138518
732758,18,2,288499,81337,71587,207149,437334,1,0,0,0,0.153403
732759,18,2,285541,80158,70740,205370,430619,1,0,0,0,0.176451
732930,36,1,175755,48209,41584,127546,257544,0,0,0,0,0.056328
732931,36,1,192046,53166,45906,138880,283867,0,0,0,0,0.0653684
732932,36,1,189403,52622,45382,136781,281885,0,0,0,0,0.0634357
732933,36,1,200756,56384,49405,144372,303283,0,0,0,0,0.0832866
732934,36,1,199237,56050,48861,143187,299867,0,0,0,0,0.0611648
732935,36,1,208408,58971,51748,149437,316655,0,0,0,0,0.0654941
732936,36,2,237135,67894,59967,169230,368340,1,0,0,0,0.16539
732937,36,2,240531,68103,60258,172417,368367,1,0,0,0,0.146388
732938,36,1,208379,58934,51386,149445,316588,0,0,0,0,0.0734585
732939,36,1,201075,56376,49319,144699,301379,0,0,0,0,0.0610962
732970,36,1,196624,54347,47263,142277,288725,0,0,0,0,0.0638623
732971,36,1,202932,55099,47956,147833,291672,0,0,0,0,0.0614121
732972,36,1,199326,54588,47532,144738,290493,0,0,0,0,0.0584958
732973,36,1,199641,55595,48170,144046,297778,0,0,0,0,0.0574621
732974,36,2,293684,83424,72998,210247,449788,1,0,0,0,0.139893
732975,36,1,234451,65530,57254,168921,348953,0,0,0,0,0.0635861
732976,36,1,225809,63637,55499,162172,340258,0,0,0,0,0.0653876
732977,36,1,224600,62600,54841,162000,333428,0,0,0,0,0.0699194
732978,36,1,236857,66753,58340,170104,356381,0,0,0,0,0.0836007
732979,36,2,310133,88333,77949,221787,476968,1,0,0,0,0.17206
733000,36,1,203742,56685,49491,147057,300601,0,0,0,0,0.0698339
733001,36,1,203300,55147,47724,148153,291687,0,0,0,0,0.0592549
733002,36,1,186589,51251,44736,135338,273374,0,0,0,0,0.0563996
733003,36,1,183122,50731,43933,132391,271610,0,0,0,0,0.0558363
733004,36,1,210549,58817,51006,151732,314463,0,0,0,0,0.08324
733005,36,1,232499,65060,56500,167439,346645,0,0,0,0,0.0798326
733006,36,1,218744,61643,53991,157101,329769,0,0,0,0,0.0643875
733007,36,1,220229,61791,53931,158438,330181,0,0,0,0,0.0644616
733008,36,1,233587,66036,57342,167551,352730,0,0,0,0,0.0879241
733009,36,1,214188,59994,52155,154194,321107,0,0,0,0,0.0840529
733020,36,1,199882,55751,47884,144131,297047,0,0,0,0,0.0864259
733021,36,1,193004,53375,46061,139629,283332,0,0,0,0,0.0797707
733022,36,1,185090,50875,43933,134215,270918,0,0,0,0,0.0577246
733023,36,1,168588,46183,39565,122405,246673,0,0,0,0,0.0796248
733024,36,1,213838,60836,52531,153002,326675,0,0,0,0,0.15773
733025,36,1,222487,63355,54686,159132,338793,0,0,0,0,0.0629019
733026,36,1,203182,57304,49667,145878,306999,0,0,0,0,0.0836719
733027,36,1,199402,55803,48486,143599,298257,0,0,0,0,0.0876618
733028,36,1,223965,63992,55200,159973,342714,0,0,0,0,0.112341
733029,36,1,215447,61638,53298,153809,331741,0,0,0,0,0.0863569
733340,6,1,209564,57452,50520,152112,304304,0,0,0,0,0.079067
733341,18,1,183209,49814,42609,133395,263162,0,0,0,0,0.0776788
733344,18,1,202772,55343,47903,147429,292045,0,0,0,0,0.0774551
733349,18,1,199373,54066,46746,145307,284080,0,0,0,0,0.0569361
733350,6,1,209487,57414,50495,152073,304046,0,0,0,0,0.0773145
733351,18,2,286340,80367,70373,205961,431679,1,0,0,0,0.151241
733354,18,2,201890,55367,48732,146511,293989,1,0,0,0,0.124694
733359,18,2,292491,81556,71690,210923,436542,1,0,0,0,0.175585
733360,18,1,192201,52627,45523,139574,278858,0,0,0,0,0.0574763
733361,18,2,309179,86151,75220,223015,459905,1,0,0,0,0.151259
733364,18,2,260494,72926,64259,187555,389925,1,0,0,0,0.141631
733369,18,2,206373,56629,49899,149731,300844,1,0,0,0,0.152865
733382,36,1,182939,49523,42939,133416,261760,0,0,0,0,0.0579611
733385,36,1,212735,58368,50686,154367,309739,0,0,0,0,0.0615337
733388,36,1,208497,57668,50188,150829,306635,0,0,0,0,0.0794025
733400,6,1,209560,57449,50486,152111,304159,0,0,0,0,0.106483
733401,18,1,182600,49692,42535,132908,262540,0,0,0,0,0.0734546
733404,18,1,203996,55741,48230,148255,294199,0,0,0,0,0.0865537
733409,18,1,200327,54369,47029,145958,285678,0,0,0,0,0.119884
733410,6,1,209546,57427,50467,152119,303989,0,0,0,0,0.149472
733411,18,2,286473,80271,70321,206190,430531,1,0,0,0,0.205008
733414,18,2,202340,55558,49010,146770,295151,1,0,0,0,0.22523
733419,18,2,316789,88394,77747,228383,472604,1,0,0,0,0.204503
733420,18,1,192953,52751,45561,140202,279242,0,0,0,0,0.0784673
733421,18,2,280737,78013,68312,202711,416912,1,0,0,0,0.136329
733424,18,2,259863,72724,64275,187126,388860,1,0,0,0,0.138012
733429,18,2,208607,57220,50515,151374,304180,1,0,0,0,0.127466
733442,36,1,183492,49774,43145,133718,263213,0,0,0,0,0.052291
733445,36,1,213835,58771,51018,155064,311921,0,0,0,0,0.0644342
733448,36,1,209636,58120,50452,151516,309157,0,0,0,0,0.0694884
733450,6,1,197858,53961,47544,143897,287125,0,0,0,0,0.120624
733451,18,1,171596,46975,40580,124621,250983,0,0,0,0,0.0649328
733454,18,1,201135,56578,49334,144557,303620,0,0,0,0,0.0781053
733459,18,1,201541,56486,49650,145055,302923,0,0,0,0,0.0693739
733460,6,1,197730,53931,47531,143799,286955,0,0,0,0,0.0959215
733461,18,2,244957,67337,58849,177607,362121,1,0,0,0,0.177508
733464,18,1,212931,59857,52484,153074,320087,0,0,0,0,0.0771414
733469,18,1,214401,60174,52865,154227,321618,0,0,0,0,0.0603294
733470,18,1,178209,48520,41835,129689,258643,0,0,0,0,0.0571144
733471,18,2,238611,64812,56085,173786,347019,1,0,0,0,0.137692
733474,18,2,256014,72181,63588,183820,388549,1,0,0,0,0.135349
733479,18,2,253431,71350,62983,182068,384123,1,0,0,0,0.145704
733492,36,1,176836,48404,42355,128432,258841,0,0,0,0,0.0592978
733495,36,1,206957,57587,50237,149370,307295,0,0,0,0,0.0546098
733498,36,1,210126,58577,51103,151549,312900,0,0,0,0,0.0568544
733500,6,1,170872,45541,39443,125331,242007,0,0,0,0,0.0912685
733501,18,1,184128,49290,42708,134838,261374,0,0,0,0,0.0783177
733504,18,1,216813,61210,53660,155603,327893,0,0,0,0,0.0822517
733509,18,1,218418,61598,54058,156820,329949,0,0,0,0,0.0779993
733510,18,1,153938,41510,35213,112428,221595,0,0,0,0,0.0636202
733511,18,1,180768,49173,42800,131595,262656,0,0,0,0,0.0540877
733514,18,1,202591,55937,48656,146654,298060,0,0,0,0,0.0582048
733519,18,1,202534,55973,48608,146561,298094,0,0,0,0,0.0626937
733532,36,1,182516,49491,42796,133025,263761,0,0,0,0,0.0560794
733535,36,1,212261,60037,52392,152224,321958,0,0,0,0,0.0635408
733538,36,1,211361,59563,51716,151798,319107,0,0,0,0,0.0616651
733540,18,1,172932,46767,40209,126165,248564,0,0,0,0,0.076042
733541,18,1,178992,47987,41783,131005,252988,0,0,0,0,0.0506789
733544,18,2,198772,54070,47295,144690,285312,1,0,0,0,0.117619
733549,18,2,196400,53396,46843,142992,281971,1,0,0,0,0.11589
733562,36,1,190736,52172,45046,138564,278867,0,0,0,0,0.0555116
733565,36,2,249867,71662,63190,178192,388808,1,0,0,0,0.131699
733568,36,2,248736,71384,62745,177339,387370,1,0,0,0,0.128682
733590,18,1,155571,41536,36015,114035,220795,0,0,0,0,0.0623736
733591,18,1,176417,47085,40949,129332,248310,0,0,0,0,0.0610968
733592,18,1,187059,51091,44740,135968,272657,0,0,0,0,0.0589012
733593,18,1,172188,46562,40799,125626,248542,0,0,0,0,0.0800174
733594,18,2,201871,55270,48586,146589,292081,1,0,0,0,0.136533
733595,18,1,207413,57385,50030,150028,305290,0,0,0,0,0.0606384
733596,18,2,240263,67518,59576,172734,363307,1,0,0,0,0.134162
733597,18,2,240746,68351,60455,172384,369034,1,0,0,0,0.13456
733598,18,1,204933,56351,49306,148582,299044,0,0,0,0,0.0639283
733599,18,2,207380,57583,50389,149785,306022,1,0,0,0,0.152095
733630,6,1,209375,57387,50438,151988,303925,0,0,0,0,0.0875807
733631,18,2,296512,83452,73185,213048,447553,1,0,0,0,0.203478
733634,18,2,197837,54201,47762,143624,287990,1,0,0,0,0.140911
733639,18,2,290265,80589,70680,209664,430510,1,0,0,0,0.178482
733640,18,1,192259,52635,45517,139624,278885,0,0,0,0,0.0670862
733641,18,2,269103,75313,66161,193777,402889,1,0,0,0,0.169694
733644,18,2,257781,71888,63382,185880,383976,1,0,0,0,0.151943
733649,18,2,200583,54778,48168,145792,291020,1,0,0,0,0.138873
733662,36,1,195522,52686,45710,142836,276646,0,0,0,0,0.059227
733665,36,1,220567,60352,52560,160215,319067,0,0,0,0,0.064379
733668,36,1,214333,58924,51357,155409,311812,0,0,0,0,0.0610455
733690,6,1,209525,57409,50417,152116,303870,0,0,0,0,0.0782942
733691,18,2,296344,83227,72947,213105,445825,1,0,0,0,0.156384
733694,18,2,197248,54008,47640,143228,286929,1,0,0,0,0.150633
733699,18,2,314143,87269,76573,226862,465450,1,0,0,0,0.195155
733700,18,1,193013,52760,45555,140253,279275,0,0,0,0,0.0677679
733701,18,2,269549,75347,66181,194189,402946,1,0,0,0,0.178465
733704,18,2,257827,71795,63428,186019,383363,1,0,0,0,0.170827
733709,18,2,201855,55104,48553,146738,292868,1,0,0,0,0.130665
733722,36,1,196276,52976,45882,143300,278307,0,0,0,0,0.0557196
733725,36,1,221484,60679,52825,160805,320737,0,0,0,0,0.0577325
733728,36,1,215517,59377,51574,156140,314262,0,0,0,0,0.0578409
733740,6,1,197546,53874,47474,143672,286639,0,0,0,0,0.0832957
733741,18,2,257166,70798,61611,186355,379945,1,0,0,0,0.150909
733744,18,1,225503,63322,55451,162181,337350,0,0,0,0,0.065368
733749,18,1,228801,64242,56504,164559,342373,0,0,0,0,0.0650045
733750,18,1,178063,48482,41810,129581,258440,0,0,0,0,0.0590622
733751,18,2,239432,65436,56850,173983,350754,1,0,0,0,0.151902
733754,18,2,202032,56186,49208,145833,301460,1,0,0,0,0.130383
733759,18,2,202927,56573,49804,146341,303883,1,0,0,0,0.129504
733772,36,1,189550,51470,45074,138080,272725,0,0,0,0,0.0571519
733775,36,1,217231,60464,52555,156767,321101,0,0,0,0,0.060348
733778,36,1,221016,61636,53585,159380,327856,0,0,0,0,0.0609703
733780,6,1,170976,45578,39502,125398,242237,0,0,0,0,0.0967109
733781,18,1,193941,51865,45029,142076,273744,0,0,0,0,0.0696793
733784,18,1,225325,63531,55784,161794,339217,0,0,0,0,0.0974122
733789,18,1,230507,65210,57350,165297,348832,0,0,0,0,0.0776642
733790,18,1,153646,41447,35174,112199,221309,0,0,0,0,0.063624
733791,18,1,188670,51078,44462,137592,271159,0,0,0,0,0.0790316
733794,18,1,209359,57777,50252,151582,306966,0,0,0,0,0.0574618
733799,18,1,210845,58254,50664,152591,309207,0,0,0,0,0.0584512
733812,36,1,194279,52788,45744,141491,280386,0,0,0,0,0.0557639
733815,36,1,220804,62603,54555,158201,334710,0,0,0,0,0.0645213
733818,36,1,221633,62592,54486,159041,334659,0,0,0,0,0.0743281
733820,18,1,173141,46802,40218,126339,248728,0,0,0,0,0.0737876
733821,18,1,178940,47959,41781,130981,252835,0,0,0,0,0.0613003
733824,18,2,198731,54066,47296,144653,285310,1,0,0,0,0.127252
733829,18,2,196280,53377,46833,142891,281893,1,0,0,0,0.12574
733842,36,1,196142,53396,45924,142746,283860,0,0,0,0,0.0596165
733845,36,2,244530,70156,61656,174361,380742,1,0,0,0,0.143799
733848,36,2,246723,70798,62180,175912,384204,1,0,0,0,0.181126
733870,18,1,155561,41526,36004,114035,220727,0,0,0,0,0.065063
733871,18,1,176536,47148,40971,129388,248753,0,0,0,0,0.0674785
733872,18,1,191927,52050,45726,139877,275979,0,0,0,0,0.0691462
733873,18,1,180456,48375,42405,132081,256419,0,0,0,0,0.0732174
733874,18,2,201883,55279,48563,146592,292160,1,0,0,0,0.129651
733875,18,1,213739,58807,51097,154932,311323,0,0,0,0,0.0636156
733876,18,2,232330,65409,57755,166910,352270,1,0,0,0,0.125969
733877,18,2,237570,67493,59515,170066,364781,1,0,0,0,0.144048
733878,18,1,210820,57476,50198,153344,303066,0,0,0,0,0.0616215
733879,18,2,207186,57551,50351,149623,305903,1,0,0,0,0.161024
733920,18,2,193338,52918,46210,140408,281813,1,0,0,0,0.148897
733921,18,2,195735,53698,47097,142025,286167,1,0,0,0,0.182783
733924,18,2,262137,73264,64623,188860,391532,1,0,0,0,0.148672
733929,18,2,318243,88698,78222,229532,473344,1,0,0,0,0.157554
733942,36,1,196727,53419,45803,143308,281461,0,0,0,0,0.0661951
733945,36,2,208190,57538,50462,150639,307107,1,0,0,0,0.118885
733948,36,2,205064,56391,49555,148660,300663,1,0,0,0,0.132424
733980,18,2,195340,53404,46666,141924,284216,1,0,0,0,0.160671
733981,18,2,196640,53875,47183,142753,286957,1,0,0,0,0.124101
733984,18,2,262748,73298,64705,189437,391533,1,0,0,0,0.136551
733989,18,2,291531,81070,71651,210448,433153,1,0,0,0,0.146183
734002,36,1,197535,53686,45958,143849,282963,0,0,0,0,0.0559836
734005,36,2,208313,57450,50433,150850,306509,1,0,0,0,0.115541
734008,36,2,205186,56394,49600,148779,300652,1,0,0,0,0.119363
734030,18,2,176062,46788,40417,129261,248540,1,0,0,0,0.122953
734031,18,2,175694,46637,40179,129044,247721,1,0,0,0,0.129869
734034,18,2,270423,77022,68179,193388,414833,1,0,0,0,0.138381
734039,18,2,270497,76977,68105,193507,414850,1,0,0,0,0.1366
734052,36,1,189360,51584,44597,137776,274277,0,0,0,0,0.0567261
734055,36,1,233057,65263,56329,167794,348270,0,0,0,0,0.0592772
734058,36,1,233712,65384,56608,168328,348594,0,0,0,0,0.0600811
734070,18,1,192628,53071,45522,139557,283196,0,0,0,0,0.0689668
734071,18,2,180131,47883,41898,132235,254364,1,0,0,0,0.143546
734074,18,2,202989,56078,49284,146898,300840,1,0,0,0,0.128895
734079,18,2,203412,56171,49602,147228,301258,1,0,0,0,0.134978
734092,36,1,210199,57203,49777,152996,304584,0,0,0,0,0.0653804
734095,36,1,237092,66503,58290,170589,355276,0,0,0,0,0.0688592
734098,36,1,235549,66005,57585,169544,352537,0,0,0,0,0.0724764
734100,18,1,198412,54722,47050,143690,291063,0,0,0,0,0.076843
734101,18,2,186397,49806,43446,136578,265009,1,0,0,0,0.150436
734104,18,2,206958,57174,50279,149771,306099,1,0,0,0,0.119207
734109,18,2,210042,57946,50968,152083,310209,1,0,0,0,0.116902
734122,36,1,206843,56023,48888,150820,297732,0,0,0,0,0.0568726
734125,36,1,235715,65774,57454,169941,350456,0,0,0,0,0.067039
734128,36,1,234372,65228,56818,169144,347230,0,0,0,0,0.0662093
734150,18,1,154922,41286,35388,113636,219929,0,0,0,0,0.0654206
734151,18,1,186914,50168,43587,136746,265309,0,0,0,0,0.056343
734152,18,1,188673,50957,44448,137716,270156,0,0,0,0,0.056339
734153,18,1,182269,48705,42770,133564,257883,0,0,0,0,0.0639594
734154,18,2,198630,55179,48669,143438,295911,1,0,0,0,0.136263
734155,18,1,207658,57380,49967,150278,304926,0,0,0,0,0.06605
734156,18,2,228177,63825,56416,164341,343359,1,0,0,0,0.130255
734157,18,2,231972,65504,57997,166457,353607,1,0,0,0,0.13364
734158,18,1,205821,56381,49288,149440,298679,0,0,0,0,0.0617258
734159,18,2,202067,56334,49808,145720,302492,1,0,0,0,0.136002
734430,18,1,179530,49149,43003,130381,262947,0,0,0,0,0.0895494
734431,18,1,187211,50074,43719,137137,264630,0,0,0,0,0.0633977
734432,18,2,336980,91818,80275,245149,490543,1,0,0,0,0.176748
734433,18,1,193609,51915,45203,141694,274281,0,0,0,0,0.0669487
734434,18,1,223054,62430,54901,160624,332497,0,0,0,0,0.0723327
734435,18,1,219550,61707,54310,157843,329900,0,0,0,0,0.0928931
734436,18,1,213044,59608,52289,153436,318751,0,0,0,0,0.0894999
734437,18,1,214989,59980,52571,155009,320456,0,0,0,0,0.0743638
734438,18,1,221095,61806,54386,159289,329882,0,0,0,0,0.075557
734439,18,1,222931,61925,54565,161006,329069,0,0,0,0,0.0746541
734650,36,1,174956,48534,41784,126422,260964,0,0,0,0,0.0696386
734651,36,1,199576,54453,47356,145123,289772,0,0,0,0,0.0612077
734652,36,2,362019,99673,86574,262333,535236,1,0,0,0,0.180211
734653,36,1,192197,52604,45954,139593,281354,0,0,0,0,0.0580376
734654,36,1,218057,61534,53483,156523,328369,0,0,0,0,0.0612555
734655,36,1,224484,63157,55365,161327,337796,0,0,0,0,0.0643661
734656,36,1,220092,61881,54227,158211,330929,0,0,0,0,0.0750798
734657,36,1,220771,61809,54193,158962,330120,0,0,0,0,0.0620847
734658,36,1,224849,63537,55517,161312,340088,0,0,0,0,0.062961
734659,36,1,222415,62934,54857,159481,336120,0,0,0,0,0.0631913
734680,36,1,186941,52313,45290,134628,281384,0,0,0,0,0.0726928
734681,36,1,204788,55788,48290,149000,295383,0,0,0,0,0.0585183
734682,36,2,362579,99266,86100,263300,531982,1,0,0,0,0.165679
734683,36,1,190339,52212,45496,138127,279449,0,0,0,0,0.0572213
734684,36,2,203152,56374,49525,146766,301923,1,0,0,0,0.122602
734685,36,1,224449,62889,54837,161560,336208,0,0,0,0,0.0608591
734686,36,1,221026,61962,54250,159064,331259,0,0,0,0,0.0596106
734687,36,1,221324,61834,54205,159490,330196,0,0,0,0,0.0642591
734688,36,1,224654,63215,55140,161439,337793,0,0,0,0,0.0602421
734689,36,2,208463,58273,51348,150178,313191,1,0,0,0,0.118589
734700,36,1,180163,50355,43080,129808,270501,0,0,0,0,0.0647318
734701,36,1,190281,51712,45015,138569,275254,0,0,0,0,0.0530189
734702,36,1,194463,53290,46521,141173,284086,0,0,0,0,0.0567977
734703,36,1,182751,49803,43448,132948,266039,0,0,0,0,0.0527438
734704,36,1,221596,62836,54736,158760,336196,0,0,0,0,0.0589216
734705,36,1,219880,62393,54402,157487,334496,0,0,0,0,0.0603031
734706,36,1,205242,57085,49964,148157,304907,0,0,0,0,0.0614346
734707,36,1,204930,56865,49606,148065,303219,0,0,0,0,0.0589938
734708,36,1,223542,63968,55981,159574,343730,0,0,0,0,0.0608103
734709,36,1,224878,64263,56086,160615,344466,0,0,0,0,0.067327
735030,6,1,200723,54591,48237,146132,288790,0,0,0,0,0.0897882
735031,18,1,189900,51468,45401,138432,271617,0,0,0,0,0.0645071
735034,18,1,209862,57372,50183,152490,303525,0,0,0,0,0.0661785
735039,18,2,333402,91903,80825,241486,488988,1,0,0,0,0.191817
735040,18,1,173929,47224,41282,126705,249888,0,0,0,0,0.058597
735041,18,1,182228,48792,42691,133436,256267,0,0,0,0,0.0523539
735044,18,1,205752,55777,48619,149975,292606,0,0,0,0,0.0581487
735049,18,2,330090,90684,79697,239393,481769,1,0,0,0,0.186867
735062,36,1,205625,56098,49217,149527,295581,0,0,0,0,0.0575943
735065,36,1,207715,57582,50583,150133,305640,0,0,0,0,0.0622084
735068,36,1,193302,53450,46884,139852,284322,0,0,0,0,0.0755708
735090,6,1,201257,54797,48460,146460,289974,0,0,0,0,0.0866561
735091,18,1,190159,51573,45590,138586,272111,0,0,0,0,0.0627353
735094,18,1,210843,57664,50529,153179,304931,0,0,0,0,0.0611938
735099,18,2,335066,92546,81507,242507,492717,1,0,0,0,0.158295
735100,18,1,174582,47420,41500,127162,250851,0,0,0,0,0.0593408
735101,18,1,182785,48811,42658,133974,256183,0,0,0,0,0.0530638
735104,18,1,205771,55662,48611,150109,291755,0,0,0,0,0.0557899
735109,18,2,332954,91555,80488,241386,486374,1,0,0,0,0.155977
735122,36,1,207008,56569,49601,150439,298119,0,0,0,0,0.0592277
735125,36,1,208103,57870,50780,150233,307430,0,0,0,0,0.0573579
735128,36,1,193892,53701,47128,140191,285718,0,0,0,0,0.05822
735140,6,1,197941,53165,46882,144776,279677,0,0,0,0,0.0936023
735141,18,1,180725,48763,42351,131962,257508,0,0,0,0,0.0614472
735144,18,2,323395,91435,80703,231947,491080,1,0,0,0,0.173155
735149,18,2,296361,84098,74634,212250,453487,1,0,0,0,0.177333
735150,18,1,173711,47037,40487,126674,248951,0,0,0,0,0.111845
735151,18,1,162571,43770,38302,118801,232568,0,0,0,0,0.0861465
735154,18,2,201581,56175,49362,145395,301385,1,0,0,0,0.141093
735159,18,2,201735,56159,49511,145565,301407,1,0,0,0,0.125937
735172,36,1,194783,53472,46664,141311,284644,0,0,0,0,0.065201
735175,36,1,209366,58958,51665,150408,315352,0,0,0,0,0.0897321
735178,36,1,206078,57568,50468,148510,307310,0,0,0,0,0.0641533
735180,6,1,163547,42855,37218,120692,226669,0,0,0,0,0.0876541
735181,18,1,193719,52487,45831,141232,278059,0,0,0,0,0.0643007
735184,18,1,230715,65812,57613,164903,352527,0,0,0,0,0.0750424
735189,18,1,237887,67632,59725,170255,362294,0,0,0,0,0.0760037
735190,18,1,145695,38842,32979,106853,206997,0,0,0,0,0.065461
735191,18,1,168927,45913,40233,123014,245240,0,0,0,0,0.0635111
735194,18,2,232271,65408,57933,166850,352603,1,0,0,0,0.140094
735199,18,2,232874,65343,57919,167518,352205,1,0,0,0,0.132212
735212,36,1,180287,48972,42605,131315,261187,0,0,0,0,0.056621
735215,36,1,203148,57478,50271,145670,307662,0,0,0,0,0.0625788
735218,36,1,206846,58258,51002,148588,311631,0,0,0,0,0.0627504
735220,18,1,159401,42960,36931,116441,227184,0,0,0,0,0.0587834
735221,18,1,177014,47464,40974,129550,249189,0,0,0,0,0.0559895
735224,18,2,193451,52477,46022,140961,276413,1,0,0,0,0.128561
735229,18,2,191479,51738,45556,139728,272396,1,0,0,0,0.141383
735242,36,1,182211,50182,44014,132029,269807,0,0,0,0,0.0643978
735245,36,1,204990,58797,51439,146193,316957,0,0,0,0,0.0719728
735248,36,1,203166,57757,50803,145409,310615,0,0,0,0,0.0865925
735270,18,1,167504,43968,37937,123536,230043,0,0,0,0,0.0608174
735271,18,1,181994,47507,41593,134487,245760,0,0,0,0,0.0637805
735272,18,1,179160,48227,42322,130933,255920,0,0,0,0,0.0660092
735273,18,1,169450,45052,39775,124398,238406,0,0,0,0,0.0645242
735274,18,2,195486,53566,47123,141907,282761,1,0,0,0,0.140793
735275,18,2,242269,68579,60667,173677,370290,1,0,0,0,0.144625
735276,18,2,230625,64705,57242,165909,348223,1,0,0,0,0.159459
735277,18,2,233403,66162,58423,167230,357223,1,0,0,0,0.135697
735278,18,2,240583,67599,59827,172971,364245,1,0,0,0,0.160722
735279,18,2,201169,55671,48923,145485,294889,1,0,0,0,0.150078
735320,18,1,191327,51855,45561,139472,273154,0,0,0,0,0.0709195
735321,18,2,300783,82922,73267,217848,441298,1,0,0,0,0.145261
735324,18,2,311649,86630,76395,225006,461088,1,0,0,0,0.141248
735329,18,2,332759,91148,80082,241598,483010,1,0,0,0,0.159981
735342,36,1,197479,53554,46912,143925,282839,0,0,0,0,0.0551863
735345,36,2,247894,69727,61629,178154,374437,1,0,0,0,0.125524
735348,36,1,203790,55955,49230,147835,297104,0,0,0,0,0.0552927
735380,18,1,191921,51973,45805,139948,273727,0,0,0,0,0.0605654
735381,18,2,274646,75613,67042,199020,402688,1,0,0,0,0.13996
735384,18,2,286838,79519,70092,207306,423469,1,0,0,0,0.137459
735389,18,2,335201,91961,80854,243227,487512,1,0,0,0,0.16037
735402,36,1,198051,53781,47059,144270,284076,0,0,0,0,0.0560949
735405,36,2,249427,70125,61989,179289,376531,1,0,0,0,0.133579
735408,36,1,204285,55972,49234,148313,296961,0,0,0,0,0.0564753
735430,18,1,186971,50235,43902,136736,263864,0,0,0,0,0.0636998
735431,18,1,167575,44660,39111,122915,236151,0,0,0,0,0.0576767
735434,18,2,238346,67110,59160,171224,360681,1,0,0,0,0.135128
735439,18,2,237865,66822,59086,171031,359141,1,0,0,0,0.1302
735452,36,1,189273,51669,44713,137604,275321,0,0,0,0,0.058816
735455,36,1,218020,60697,52904,157323,323884,0,0,0,0,0.059253
735458,36,1,218435,60676,52904,157759,323534,0,0,0,0,0.0591158
735470,18,1,167298,45659,39420,121639,244246,0,0,0,0,0.0609904
735471,18,1,177077,47454,41645,129623,251557,0,0,0,0,0.0566484
735474,18,2,239857,67558,59706,172286,364056,1,0,0,0,0.1333
735479,18,2,242501,67930,60362,174558,365628,1,0,0,0,0.135384
735492,36,1,192143,52624,45748,139519,281183,0,0,0,0,0.0631809
735495,36,1,215448,60305,52889,155143,322012,0,0,0,0,0.0919962
735498,36,1,216404,60696,53504,155708,324506,0,0,0,0,0.0643382
735500,18,1,163826,45533,39410,118293,245116,0,0,0,0,0.0650315
735501,18,1,182339,48976,42490,133363,256904,0,0,0,0,0.0614189
735504,18,2,195278,53979,47453,141286,288791,1,0,0,0,0.132223
735509,18,2,198130,54381,47981,143736,290447,1,0,0,0,0.126437
735522,36,1,194931,53791,47356,141140,288673,0,0,0,0,0.060461
735525,36,1,214372,60661,53367,153711,325873,0,0,0,0,0.0647987
735528,36,1,215334,60847,53611,154487,326969,0,0,0,0,0.0622511
735550,18,1,161557,42957,37003,118600,227120,0,0,0,0,0.0623252
735551,18,1,185070,48915,42781,136155,254701,0,0,0,0,0.058511
735552,18,1,175928,46924,41402,129004,248039,0,0,0,0,0.0595023
735553,18,1,177287,47117,41205,130170,248279,0,0,0,0,0.059473
735554,18,2,192643,53619,47239,139011,287432,1,0,0,0,0.129088
735555,18,2,200371,55984,49460,144374,301289,1,0,0,0,0.133891
735556,18,2,227312,63724,56151,163577,342576,1,0,0,0,0.13566
735557,18,2,230177,64831,57105,165335,349171,1,0,0,0,0.150317
735558,18,2,199616,55590,48945,144013,298845,1,0,0,0,0.137332
735559,18,2,195975,54580,48127,141382,292612,1,0,0,0,0.138866
735830,18,1,174994,48032,41613,126962,255430,0,0,0,0,0.0698962
735831,18,2,325372,88751,77843,236608,471363,1,0,0,0,0.171304
735832,18,2,249200,67715,59508,181472,361189,1,0,0,0,0.186895
735833,18,1,198666,53602,47146,145064,281702,0,0,0,0,0.0622769
735834,18,2,199603,55477,48882,144113,297206,1,0,0,0,0.127191
735835,18,2,329879,93326,82185,236540,501194,1,0,0,0,0.1551
735836,18,1,220753,61335,53951,159418,323564,0,0,0,0,0.0598667
735837,18,1,218306,60426,52953,157880,318446,0,0,0,0,0.0604489
735838,18,2,300627,84427,74339,216187,452651,1,0,0,0,0.150103
735839,18,2,196160,54092,47838,142055,289170,1,0,0,0,0.139936
736080,36,1,188377,52445,44963,135932,281680,0,0,0,0,0.063908
736081,36,1,212193,57734,49641,154459,304352,0,0,0,0,0.0602804
736082,36,1,201417,55245,48140,146172,294992,0,0,0,0,0.05874
736083,36,1,200242,54427,48031,145815,289984,0,0,0,0,0.0598944
736084,36,2,202713,56840,49854,145860,305213,1,0,0,0,0.128979
736085,36,1,224770,62716,54705,162054,333576,0,0,0,0,0.0590434
736086,36,1,224136,62400,54240,161736,331115,0,0,0,0,0.0607888
736087,36,1,224161,62355,54216,161806,330695,0,0,0,0,0.0713426
736088,36,1,226617,63399,55183,163218,337654,0,0,0,0,0.0669256
736089,36,2,206395,57738,50893,148644,309761,1,0,0,0,0.138924
736100,36,1,179359,49489,42922,129870,263871,0,0,0,0,0.0642494
736101,36,1,204660,56332,48949,148328,296406,0,0,0,0,0.0736489
736102,36,1,194944,53291,46806,141653,283248,0,0,0,0,0.0596864
736103,36,1,192523,53098,46694,139425,283477,0,0,0,0,0.0631064
736104,36,1,217841,60614,53151,157227,320817,0,0,0,0,0.0666061
736105,36,1,221995,62583,54735,159412,332352,0,0,0,0,0.0629836
736106,36,1,214872,60117,52326,154755,318884,0,0,0,0,0.0815376
736107,36,1,215047,59996,52235,155051,318127,0,0,0,0,0.0762801
736108,36,1,224278,63162,55161,161116,335555,0,0,0,0,0.0666769
736109,36,1,218626,60984,53622,157642,323116,0,0,0,0,0.0632061
736440,18,2,309251,86731,76350,222507,462197,1,0,0,0,0.152078
736441,18,2,302551,83826,74025,218712,446109,1,0,0,0,0.141745
736444,18,2,310466,86463,76353,223990,460381,1,0,0,0,0.14028
736449,18,2,327889,89640,78636,238236,475445,1,0,0,0,0.155367
736462,36,1,182615,49048,42602,133567,258555,0,0,0,0,0.0526313
736465,36,2,238216,66523,58962,171680,355974,1,0,0,0,0.121254
736468,36,2,194895,53055,46637,141828,281892,1,0,0,0,0.118404
736500,18,2,285980,79914,70344,206053,425850,1,0,0,0,0.14387
736501,18,2,277121,76763,67961,200345,408920,1,0,0,0,0.137682
736504,18,2,286424,79535,70192,206876,423459,1,0,0,0,0.169776
736509,18,2,330547,90505,79449,240029,480177,1,0,0,0,0.183924
736522,36,1,182800,49124,42674,133676,258962,0,0,0,0,0.0753427
736525,36,2,239649,66857,59255,172779,357724,1,0,0,0,0.149608
736528,36,2,195843,53232,46833,142599,282647,1,0,0,0,0.131687
736550,18,1,195536,52521,45725,143015,274282,0,0,0,0,0.07026
736551,18,1,169144,45118,39270,124026,238614,0,0,0,0,0.0579227
736554,18,2,278636,77972,68732,200651,417828,1,0,0,0,0.14438
736559,18,2,301631,84313,74506,217305,451091,1,0,0,0,0.167796
736572,36,1,173953,46824,40646,127129,248748,0,0,0,0,0.0710272
736575,36,1,220560,61436,53379,159124,327549,0,0,0,0,0.0707431
736578,36,1,219946,61222,53207,158724,326049,0,0,0,0,0.0697607
736590,18,1,179811,48740,42118,131071,258080,0,0,0,0,0.0688359
736591,18,1,189336,50549,44346,138787,265120,0,0,0,0,0.065661
736594,18,2,200058,55194,48517,144851,294616,1,0,0,0,0.154788
736599,18,2,201096,55119,48583,145964,294212,1,0,0,0,0.160517
736612,36,1,194216,53121,46589,141095,283202,0,0,0,0,0.0569225
736615,36,2,205084,57464,50395,147608,309380,1,0,0,0,0.132357
736618,36,2,201146,56539,49860,144595,304915,1,0,0,0,0.126286
736620,18,1,162514,44331,38182,118183,237502,0,0,0,0,0.0639884
736621,18,1,181731,48626,42096,133105,255297,0,0,0,0,0.0578157
736624,18,2,194667,53747,47170,140907,286893,1,0,0,0,0.158525
736629,18,2,194512,53351,46950,141148,284417,1,0,0,0,0.139122
736642,36,1,192471,52473,46178,139998,279688,0,0,0,0,0.0597379
736645,36,1,218126,61449,53889,156677,329212,0,0,0,0,0.0613924
736648,36,1,217391,61407,53985,155984,329350,0,0,0,0,0.0607901
736670,18,1,145541,38314,32914,107227,203323,0,0,0,0,0.0547492
736671,18,1,179505,47923,41931,131582,252113,0,0,0,0,0.0574339
736672,18,1,167602,45027,39439,122575,240063,0,0,0,0,0.0571094
736673,18,1,164866,44205,38746,120661,235659,0,0,0,0,0.056284
736674,18,1,194391,53398,47135,140993,283786,0,0,0,0,0.0582951
736675,18,2,196855,54777,48244,142065,294478,1,0,0,0,0.125326
736676,18,2,223249,62510,55046,160728,336019,1,0,0,0,0.135864
736677,18,2,224478,63054,55475,161413,339566,1,0,0,0,0.169281
736678,18,2,197606,54937,48405,142656,295411,1,0,0,0,0.129064
736679,18,1,192504,52611,46380,139893,279352,0,0,0,0,0.0569861
736950,18,1,157013,42582,36519,114431,227118,0,0,0,0,0.0596479
736951,18,1,187299,50704,44535,136595,266645,0,0,0,0,0.0608113
736952,18,2,247832,67441,59310,180378,360494,1,0,0,0,0.151353
736953,18,1,192874,52380,46085,140494,277721,0,0,0,0,0.0608384
736954,18,2,196831,54675,47794,142143,293787,1,0,0,0,0.128353
736955,18,1,214374,59936,52608,154438,318074,0,0,0,0,0.0611876
736956,18,1,211757,59660,52438,152097,318754,0,0,0,0,0.0620666
736957,18,1,208220,58440,51257,149780,311629,0,0,0,0,0.0633688
736958,18,1,215317,59858,52510,155459,316983,0,0,0,0,0.0635512
736959,18,2,191568,52425,45954,139130,280628,1,0,0,0,0.160408
737220,36,1,162350,44096,37876,118254,235663,0,0,0,0,0.079575
737221,36,1,196876,54298,47132,142578,287657,0,0,0,0,0.0756562
737222,36,1,184636,50659,44435,133977,271201,0,0,0,0,0.0581036
737223,36,1,184371,50937,44700,133434,274071,0,0,0,0,0.0558839
737224,36,1,207507,58291,50962,149216,311699,0,0,0,0,0.0697424
737225,36,1,210912,59445,51915,151467,317136,0,0,0,0,0.0649199
737226,36,1,205109,57840,50580,147269,310122,0,0,0,0,0.0543838
737227,36,1,206432,58077,50753,148355,311098,0,0,0,0,0.0542023
737228,36,1,212495,59723,52010,152772,318383,0,0,0,0,0.0567116
737229,36,1,206478,57903,50951,148575,309556,0,0,0,0,0.0569886
737790,18,1,145038,38804,32875,106234,206693,0,0,0,0,0.0593607
737791,18,1,176162,47038,40891,129124,247560,0,0,0,0,0.0577092
737792,18,1,181061,49258,43249,131803,263356,0,0,0,0,0.0686502
737793,18,1,181366,49294,43254,132072,263448,0,0,0,0,0.0676157
737794,18,1,190134,52701,46510,137433,281325,0,0,0,0,0.0815859
737795,18,1,203052,57533,50461,145519,309081,0,0,0,0,0.0739711
737796,18,1,203570,57652,50612,145918,309687,0,0,0,0,0.0625966
737797,18,1,202805,57247,50237,145558,307491,0,0,0,0,0.079958
737798,18,1,202388,57186,50194,145202,307172,0,0,0,0,0.0649006
737799,18,1,189287,52308,45980,136979,278844,0,0,0,0,0.0743645
739200,3,1,164395,43706,38733,120689,228636,0,0,0,0,0.148861
739201,9,1,157178,42323,37176,114855,221833,0,0,0,0,0.111793
739204,9,1,179150,48588,43311,130562,254632,0,0,0,0,0.123049
739209,9,1,174151,47965,41969,126186,253215,0,0,0,0,0.12496
739210,3,1,192480,52334,46240,140146,273660,0,0,0,0,0.115684
739211,9,1,192922,52765,45886,140157,277562,0,0,0,0,0.0723519
739214,9,2,186346,49802,43259,136531,258840,1,0,0,0,0.185611
739219,9,2,179511,47733,41256,131765,248253,1,0,0,0,0.176593
739220,3,1,192472,52326,46227,140146,273611,0,0,0,0,0.1138
739221,9,1,192987,52778,45905,140209,277636,0,0,0,0,0.0726038
739224,9,2,186231,49786,43200,136432,258794,1,0,0,0,0.14839
739229,9,2,179438,47719,41236,131706,248186,1,0,0,0,0.173603
739230,3,1,192470,52327,46228,140143,273616,0,0,0,0,0.144933
739231,9,1,207894,57691,50915,150203,302993,0,0,0,0,0.0929283
739234,9,1,218584,60084,52886,158500,313388,0,0,0,0,0.0952999
739239,9,1,179771,48567,42537,131204,253752,0,0,0,0,0.0706136
739240,9,1,168067,45629,39589,122438,239612,0,0,0,0,0.0694732
739241,9,2,325615,88750,77305,236852,466010,1,0,0,0,0.206963
739242,18,1,197409,54428,47247,142981,286750,0,0,0,0,0.0819403
739244,9,2,341564,93331,82105,248220,488379,1,0,0,0,0.233334
739245,18,1,204650,56116,48956,148534,294016,0,0,0,0,0.0776648
739248,18,1,210675,58031,50930,152644,303753,0,0,0,0,0.0865442
739249,9,1,194830,53390,47504,141440,278778,0,0,0,0,0.129076
739270,3,1,200060,54342,48348,145718,283083,0,0,0,0,0.104214
739271,9,1,200405,54881,47843,145524,287876,0,0,0,0,0.0834234
739274,9,2,194093,52415,45661,141665,273315,1,0,0,0,0.183233
739279,9,2,182012,48483,42147,133516,252155,1,0,0,0,0.135112
739280,3,1,199889,54277,48314,145612,282666,0,0,0,0,0.106544
739281,9,1,200331,54840,47817,145491,287596,0,0,0,0,0.0815128
739284,9,2,193985,52402,45609,141570,273292,1,0,0,0,0.158128
739289,9,2,181929,48469,42122,133447,252100,1,0,0,0,0.152917
739290,3,1,199821,54265,48292,145556,282607,0,0,0,0,0.0890544
739291,9,1,214758,59491,52764,155267,311185,0,0,0,0,0.0719455
739294,9,2,213241,58429,50865,154799,306235,1,0,0,0,0.141548
739299,9,1,187948,50710,44595,137238,263924,0,0,0,0,0.0608207
739300,9,1,176347,47873,41656,128474,250393,0,0,0,0,0.0606791
739301,9,2,323270,88344,77015,234913,463210,1,0,0,0,0.213817
739302,18,1,202313,55515,48665,146798,290912,0,0,0,0,0.0899696
739304,9,2,339306,92842,81754,246451,484959,1,0,0,0,0.174534
739305,18,1,210434,57497,50576,152937,299529,0,0,0,0,0.0634845
739308,18,1,213769,58801,51516,154968,306868,0,0,0,0,0.069682
739309,9,1,204186,55799,49702,148387,290445,0,0,0,0,0.0857219
739330,3,1,156218,41268,36334,114950,215138,0,0,0,0,0.0856542
739331,9,1,140810,36977,32164,103833,192783,0,0,0,0,0.0637454
739334,9,1,174738,47283,41198,127455,247328,0,0,0,0,0.0603438
739339,9,1,168931,44929,39276,124002,234118,0,0,0,0,0.064635
739340,3,1,156141,41250,36321,114891,215027,0,0,0,0,0.104959
739341,9,1,152346,40274,35532,112072,210285,0,0,0,0,0.0729394
739344,9,1,182376,49695,43417,132681,259964,0,0,0,0,0.0736463
739349,9,1,181524,48847,43153,132677,254684,0,0,0,0,0.0682211
739350,9,1,140315,37076,32118,103239,193274,0,0,0,0,0.059552
739351,9,1,167820,44462,38599,123358,230537,0,0,0,0,0.065095
739354,9,1,186675,50838,44541,135837,266256,0,0,0,0,0.0890318
739355,18,1,196715,54018,46694,142697,283845,0,0,0,0,0.0587361
739358,18,1,201784,55514,48452,146270,291150,0,0,0,0,0.0729181
739359,9,1,185191,50820,44524,134371,266496,0,0,0,0,0.0843882
739362,18,1,157492,42290,37064,115202,222499,0,0,0,0,0.0801617
739380,3,1,156060,41227,36301,114833,214901,0,0,0,0,0.0929069
739381,9,2,160351,42226,36228,118112,218966,1,0,0,0,0.171913
739384,9,2,169027,44656,37959,124358,231435,1,0,0,0,0.173655
739389,9,2,177579,47246,40799,130320,245465,1,0,0,0,0.134425
739390,9,1,140539,37165,32183,103374,193795,0,0,0,0,0.057278
739391,9,2,206494,56217,48595,150264,293907,1,0,0,0,0.157584
739394,9,2,175467,47502,40811,127952,248155,1,0,0,0,0.131233
739399,9,2,176708,47547,40842,129148,248088,1,0,0,0,0.135448
739402,18,1,173868,46691,41233,127177,244499,0,0,0,0,0.0754976
739405,18,2,183300,49906,42894,133381,261440,1,0,0,0,0.134383
739408,18,2,181934,49539,43071,132382,259937,1,0,0,0,0.144336
739420,9,1,157297,40937,35797,116360,211334,0,0,0,0,0.0506797
739421,9,1,157714,41030,35875,116684,211786,0,0,0,0,0.0497174
739424,9,2,186391,50019,42619,136359,259497,1,0,0,0,0.146932
739429,9,2,180723,48108,41556,132602,249074,1,0,0,0,0.149018
739442,18,2,315738,85045,73393,230682,445112,1,0,0,0,0.209104
739445,18,2,175486,47163,40411,128310,246326,1,0,0,0,0.121836
739448,18,2,180767,48942,42280,131812,256091,1,0,0,0,0.121014
739470,9,1,139502,36260,31677,103242,187177,0,0,0,0,0.050455
739471,9,1,139678,36279,31690,103399,187205,0,0,0,0,0.052751
739472,9,1,141379,36848,32135,104531,191230,0,0,0,0,0.0549812
739473,9,1,159809,43233,38370,116576,226381,0,0,0,0,0.0948202
739474,9,2,189703,51168,43830,138523,266214,1,0,0,0,0.141331
739475,9,2,181877,49267,42287,132598,258046,1,0,0,0,0.154979
739476,9,2,170492,45302,38535,125177,235676,1,0,0,0,0.141057
739477,9,2,179359,47878,41053,131468,249336,1,0,0,0,0.135313
739478,9,2,184650,50217,43272,134421,263319,1,0,0,0,0.137183
739479,9,2,187891,50382,43393,137497,261489,1,0,0,0,0.166276
739480,3,1,164836,43826,38906,121010,229140,0,0,0,0,0.132013
739481,9,1,157852,42560,37352,115292,223166,0,0,0,0,0.11371
739484,9,1,180589,48960,43674,131629,256526,0,0,0,0,0.0978234
739489,9,1,174469,48064,42031,126405,253799,0,0,0,0,0.112938
739490,3,1,193235,52544,46468,140691,274621,0,0,0,0,0.0951098
739491,9,1,193735,52990,46106,140745,278664,0,0,0,0,0.0807995
739494,9,2,187308,49869,43280,137426,259055,1,0,0,0,0.156454
739499,9,2,180892,47875,41319,133004,248689,1,0,0,0,0.138562
739500,3,1,193227,52536,46455,140691,274572,0,0,0,0,0.0895593
739501,9,1,193796,53002,46125,140794,278734,0,0,0,0,0.0713087
739504,9,2,187248,49858,43227,137377,259003,1,0,0,0,0.198451
739509,9,2,180819,47861,41295,132945,248622,1,0,0,0,0.144518
739510,3,1,193225,52537,46456,140688,274577,0,0,0,0,0.0913733
739511,9,1,208630,57874,51123,150756,303835,0,0,0,0,0.0692099
739514,9,1,220046,60549,53210,159497,315865,0,0,0,0,0.0798206
739519,9,1,180670,48842,42751,131828,255092,0,0,0,0,0.0620507
739520,9,1,168768,45814,39768,122954,240430,0,0,0,0,0.0628379
739521,9,2,326150,88638,77418,237499,464930,1,0,0,0,0.175472
739522,18,1,197704,54453,47332,143251,286633,0,0,0,0,0.0666585
739524,9,2,343747,93711,82454,250023,489944,1,0,0,0,0.209187
739525,18,1,205077,56271,49130,148806,294791,0,0,0,0,0.0865823
739528,18,1,211219,58217,51117,153002,304679,0,0,0,0,0.0896109
739529,9,1,195719,53649,47762,142070,280015,0,0,0,0,0.086875
739550,3,1,201164,54613,48659,146551,284268,0,0,0,0,0.102767
739551,9,1,201188,55070,48034,146118,288668,0,0,0,0,0.0893528
739554,9,2,194804,52380,45646,142411,272962,1,0,0,0,0.142118
739559,9,2,183170,48558,42157,134599,252278,1,0,0,0,0.163585
739560,3,1,201004,54550,48623,146454,283861,0,0,0,0,0.0956807
739561,9,1,201121,55030,48008,146091,288394,0,0,0,0,0.0947981
739564,9,2,194768,52377,45603,142378,272969,1,0,0,0,0.188094
739569,9,2,183209,48562,42145,134634,252280,1,0,0,0,0.143887
739570,3,1,200985,54549,48603,146436,283857,0,0,0,0,0.0978253
739571,9,1,216399,59924,53182,156475,313355,0,0,0,0,0.0714596
739574,9,2,213814,58369,50867,155432,305749,1,0,0,0,0.145499
739579,9,1,189935,51209,44956,138726,266255,0,0,0,0,0.0636243
739580,9,1,177842,48257,41975,129585,252205,0,0,0,0,0.0630702
739581,9,2,324343,88450,77205,235880,463478,1,0,0,0,0.165019
739582,18,1,202845,55665,48763,147180,291565,0,0,0,0,0.0620175
739584,9,2,341516,93245,82039,248258,486691,1,0,0,0,0.162739
739585,18,1,210846,57656,50722,153190,300308,0,0,0,0,0.0627772
739588,18,1,215008,59160,51838,155848,308691,0,0,0,0,0.0662243
739589,9,1,205487,56145,50064,149342,292071,0,0,0,0,0.0839233
739610,3,1,156246,41276,36372,114970,215152,0,0,0,0,0.0847539
739611,9,1,141369,37164,32339,104205,193880,0,0,0,0,0.0621178
739614,9,1,175780,47567,41424,128213,248739,0,0,0,0,0.0608337
739619,9,1,169624,45135,39488,124489,235213,0,0,0,0,0.0574744
739620,3,1,156169,41258,36359,114911,215041,0,0,0,0,0.0839766
739621,9,1,152937,40471,35729,112466,211351,0,0,0,0,0.058388
739624,9,1,184066,50222,43905,133844,262720,0,0,0,0,0.0777862
739629,9,1,182741,49281,43546,133460,257035,0,0,0,0,0.0611048
739630,9,1,140807,37223,32267,103584,194047,0,0,0,0,0.0566977
739631,9,1,167767,44439,38602,123328,230354,0,0,0,0,0.0585092
739634,9,1,188072,51256,44922,136816,268419,0,0,0,0,0.0569826
739635,18,1,197711,54425,47124,143286,286166,0,0,0,0,0.0567623
739638,18,1,202391,55729,48652,146662,292331,0,0,0,0,0.0603733
739639,9,1,186659,51310,44978,135349,269115,0,0,0,0,0.0769107
739642,18,1,158165,42452,37203,115713,223226,0,0,0,0,0.055246
739660,3,1,156099,41236,36340,114863,214915,0,0,0,0,0.0812169
739661,9,2,160769,42028,36056,118728,217429,1,0,0,0,0.194478
739664,9,2,170128,44793,38099,125322,231915,1,0,0,0,0.157264
739669,9,2,177588,47125,40707,130450,244681,1,0,0,0,0.135795
739670,9,1,141031,37312,32333,103719,194568,0,0,0,0,0.0728584
739671,9,2,205991,55948,48443,150030,292331,1,0,0,0,0.147922
739674,9,2,176652,47756,41075,128883,249493,1,0,0,0,0.131592
739679,9,2,177311,47616,40894,129682,248354,1,0,0,0,0.152489
739682,18,1,175105,47108,41579,127997,246863,0,0,0,0,0.0592523
739685,18,2,183155,49656,42638,133486,259845,1,0,0,0,0.117598
739688,18,2,181318,49199,42640,132106,257883,1,0,0,0,0.121104
739700,9,1,159702,41567,36387,118135,214520,0,0,0,0,0.0492788
739701,9,1,160177,41669,36473,118508,214999,0,0,0,0,0.0501085
739704,9,2,186392,49985,42638,136394,259338,1,0,0,0,0.144962
739709,9,2,181908,48352,41797,133543,250235,1,0,0,0,0.139152
739722,18,2,317931,85604,73921,232316,448212,1,0,0,0,0.183077
739725,18,2,175510,46965,40117,128532,245032,1,0,0,0,0.122011
739728,18,2,180531,48669,41926,131849,254414,1,0,0,0,0.12127
739750,9,1,140674,36545,31885,104129,188655,0,0,0,0,0.0500303
739751,9,1,140853,36565,31898,104288,188690,0,0,0,0,0.0505949
739752,9,1,142307,37138,32353,105169,192880,0,0,0,0,0.0546169
739753,9,1,160719,43555,38570,117164,228229,0,0,0,0,0.0766428
739754,9,2,190172,51129,43728,139031,265736,1,0,0,0,0.13322
739755,9,2,181603,49000,41978,132591,256392,1,0,0,0,0.134834
739756,9,2,170429,45081,38327,125335,234230,1,0,0,0,0.134429
739757,9,2,178718,47592,40778,131113,247751,1,0,0,0,0.128109
739758,9,2,185022,50058,43017,134952,262051,1,0,0,0,0.133407
739759,9,2,188924,50483,43444,138429,261765,1,0,0,0,0.137503
739760,3,1,170020,44493,37950,125527,234075,0,0,0,0,0.157012
739761,9,1,159005,41928,35432,117077,220843,0,0,0,0,0.102378
739764,9,1,187781,51464,44899,136317,273403,0,0,0,0,0.0937644
739769,9,1,176461,48603,41970,127858,258788,0,0,0,0,0.0976039
739770,3,1,175619,46475,39951,129144,243674,0,0,0,0,0.1021
739771,9,1,168306,44510,38086,123796,232973,0,0,0,0,0.0737732
739774,9,2,305596,83575,72730,222008,442135,1,0,0,0,0.200603
739779,9,1,165693,44011,37725,121682,230564,0,0,0,0,0.0639853
739780,3,1,175638,46445,39912,129193,243390,0,0,0,0,0.0974708
739781,9,1,168350,44509,38087,123841,232937,0,0,0,0,0.0667856
739784,9,2,305689,83593,72716,222083,442195,1,0,0,0,0.190016
739789,9,1,165999,44049,37791,121950,230637,0,0,0,0,0.0666518
739790,3,1,175758,46475,39925,129283,243566,0,0,0,0,0.112591
739791,9,1,208201,58087,50389,150114,307165,0,0,0,0,0.0808389
739794,9,1,219755,61038,53288,158717,321146,0,0,0,0,0.109409
739799,9,1,160962,42376,36126,118586,222274,0,0,0,0,0.0647981
739800,9,1,161147,43959,37672,117188,233121,0,0,0,0,0.0748192
739801,9,1,168148,45036,39041,123112,237038,0,0,0,0,0.0602416
739802,18,1,180280,48950,42190,131330,258591,0,0,0,0,0.0773598
739804,9,1,180863,48263,41915,132600,252224,0,0,0,0,0.0634465
739805,18,1,190643,51573,44598,139070,271608,0,0,0,0,0.065365
739808,18,1,189192,50890,43302,138302,266810,0,0,0,0,0.0626629
739809,9,1,177605,47680,41322,129925,250673,0,0,0,0,0.0848016
739830,3,1,217691,61964,54784,155727,328459,0,0,0,0,0.0996774
739831,9,1,208485,59920,52034,148565,318969,0,0,0,0,0.0865352
739834,9,2,197545,54744,47882,142789,289156,1,0,0,0,0.19901
739839,9,2,195960,53970,47302,141977,284208,1,0,0,0,0.163412
739840,3,1,217694,61939,54753,155755,328223,0,0,0,0,0.102048
739841,9,1,208607,59949,52019,148658,319102,0,0,0,0,0.0730891
739844,9,2,197598,54756,47822,142830,289227,1,0,0,0,0.155189
739849,9,2,195750,53887,47222,141850,283736,1,0,0,0,0.156789
739850,3,1,217886,61978,54746,155908,328384,0,0,0,0,0.106056
739851,9,1,235534,66694,58546,168840,352848,0,0,0,0,0.0760419
739854,9,1,248493,70298,61886,178195,370826,0,0,0,0,0.0791732
739859,9,1,192420,52627,45477,139793,276113,0,0,0,0,0.0719653
739860,9,1,190347,52925,45663,137422,279645,0,0,0,0,0.0684319
739861,9,2,300824,84999,74422,215812,452339,1,0,0,0,0.189223
739862,18,1,219026,62873,54363,156153,334822,0,0,0,0,0.0726864
739864,9,2,316080,89316,78216,226751,474554,1,0,0,0,0.18224
739865,18,1,230119,65933,57136,164186,350473,0,0,0,0,0.0750589
739868,18,1,234114,67873,58735,166241,360350,0,0,0,0,0.0823781
739869,9,1,223540,64390,56560,159150,341907,0,0,0,0,0.107836
739890,3,1,222281,63294,55939,158987,336135,0,0,0,0,0.104866
739891,9,1,187966,51579,44438,136387,271879,0,0,0,0,0.0728019
739894,9,1,208440,57902,49922,150538,305544,0,0,0,0,0.069887
739899,9,2,226884,63003,55178,163868,333363,1,0,0,0,0.141838
739900,3,1,222101,63258,55926,158843,335972,0,0,0,0,0.104165
739901,9,2,284504,79544,69553,204947,422922,1,0,0,0,0.178295
739904,9,1,205403,57314,49864,148089,303627,0,0,0,0,0.0696033
739909,9,2,213437,59732,52319,153692,318140,1,0,0,0,0.144767
739910,9,1,220341,63319,54847,157022,336721,0,0,0,0,0.0811667
739911,9,1,243142,69736,60592,173406,369698,0,0,0,0,0.078988
739914,9,1,213040,59364,51995,153676,314475,0,0,0,0,0.0680811
739915,18,2,234363,67843,59735,166507,364339,1,0,0,0,0.143307
739918,18,2,225346,64773,56806,160560,347378,1,0,0,0,0.141353
739919,9,2,220674,62436,54538,158225,333069,1,0,0,0,0.204658
739922,18,1,227622,64480,55841,163142,341846,0,0,0,0,0.0847836
739940,3,1,221854,63223,55923,158631,335898,0,0,0,0,0.108096
739941,9,2,295255,82691,72490,212551,439403,1,0,0,0,0.173185
739944,9,1,206172,57485,49616,148687,304674,0,0,0,0,0.0692028
739949,9,2,206621,57363,50045,149245,305457,1,0,0,0,0.154914
739950,9,1,220076,63258,54845,156818,336472,0,0,0,0,0.0828835
739951,9,1,254407,72723,63365,181684,384034,0,0,0,0,0.0803633
739954,9,1,213997,59874,52227,154123,317423,0,0,0,0,0.0694572
739959,9,2,214397,60343,52514,154041,321937,1,0,0,0,0.165519
739962,18,1,236856,66696,57793,170160,352469,0,0,0,0,0.0909553
739965,18,2,231377,67032,58919,164332,360775,1,0,0,0,0.150794
739968,18,2,215131,61563,53876,153555,330356,1,0,0,0,0.144415
739980,9,2,198056,55378,48215,142666,293351,1,0,0,0,0.154728
739981,9,2,198202,55404,48157,142786,293471,1,0,0,0,0.186285
739984,9,1,216010,60076,52004,155934,317396,0,0,0,0,0.0798733
739989,9,1,201320,56350,48776,144970,299239,0,0,0,0,0.0805192
