847000,3,1,131344,33544,28636,97800,174200,0,0,0,0,0.120528
847001,9,1,129870,33505,28097,96365,174515,0,0,0,0,0.0730854
847004,9,1,154333,40660,35527,113673,212077,0,0,0,0,0.068833
847009,9,1,150024,39952,33998,110072,209977,0,0,0,0,0.0688477
847010,3,1,123655,32098,27044,91557,168307,0,0,0,0,0.0736753
847011,9,1,135572,36309,30466,99263,192080,0,0,0,0,0.0549707
847014,9,2,156238,41600,35444,114625,217574,1,0,0,0,0.131679
847019,9,1,133050,35372,29956,97678,186237,0,0,0,0,0.0589734
847020,3,1,123644,32096,27044,91548,168295,0,0,0,0,0.0719099
847021,9,1,135619,36316,30465,99303,192108,0,0,0,0,0.0538638
847024,9,2,156246,41608,35442,114625,217631,1,0,0,0,0.136518
847029,9,1,133051,35363,29945,97688,186147,0,0,0,0,0.0498824
847030,3,1,123663,32103,27034,91560,168335,0,0,0,0,0.0762033
847031,9,1,142112,37924,31723,104188,199956,0,0,0,0,0.0540605
847034,9,1,157825,41519,35831,116306,216064,0,0,0,0,0.0555759
847039,9,1,125924,33320,27860,92604,176256,0,0,0,0,0.0530223
847040,9,1,108657,28349,23407,80308,149772,0,0,0,0,0.053391
847041,9,1,131163,34307,28923,96856,180400,0,0,0,0,0.0564968
847042,18,1,146137,39073,32972,107064,205827,0,0,0,0,0.0708965
847044,9,2,176515,47491,41195,129012,249361,1,0,0,0,0.153912
847045,18,2,147601,38740,33535,108848,202038,1,0,0,0,0.136023
847048,18,2,142189,37124,31939,105052,193339,1,0,0,0,0.166869
847049,9,1,133889,35898,30433,97991,189280,0,0,0,0,0.0835946
847070,3,1,152197,39674,34370,112523,205067,0,0,0,0,0.074901
847071,9,1,151251,39547,33650,111704,204861,0,0,0,0,0.0771176
847074,9,1,173456,45634,39629,127822,236278,0,0,0,0,0.0524593
847079,9,1,147247,38012,32741,109235,194677,0,0,0,0,0.0524557
847080,3,1,152231,39675,34375,112556,205078,0,0,0,0,0.0991897
847081,9,1,151375,39559,33669,111816,204903,0,0,0,0,0.0568117
847084,9,1,173530,45664,39636,127866,236441,0,0,0,0,0.0585188
847089,9,1,147406,38031,32733,109375,194707,0,0,0,0,0.0640201
847090,3,1,152370,39709,34422,112661,205249,0,0,0,0,0.0896844
847091,9,2,159777,41981,36341,117785,218018,1,0,0,0,0.140275
847094,9,2,168501,44732,39019,123758,232727,1,0,0,0,0.147625
847099,9,1,142324,36844,31601,105480,189968,0,0,0,0,0.0505123
847100,9,1,138726,36090,30663,102636,186214,0,0,0,0,0.0531483
847101,9,1,153756,40280,34954,113476,207775,0,0,0,0,0.052106
847102,18,1,166604,44648,38093,121956,232481,0,0,0,0,0.0528561
847104,9,2,197313,53458,47136,143842,279297,1,0,0,0,0.130352
847105,18,1,177402,47853,41372,129549,249358,0,0,0,0,0.0550807
847108,18,1,177760,48098,40868,129662,251792,0,0,0,0,0.0573761
847109,9,1,158676,42633,36760,116043,222056,0,0,0,0,0.0689765
847130,3,1,173348,44767,39158,128581,230818,0,0,0,0,0.0727915
847131,9,1,156094,40869,35292,115225,212147,0,0,0,0,0.0530929
847134,9,1,175229,46887,41117,128342,244463,0,0,0,0,0.0572151
847139,9,1,179320,47202,41162,132118,243049,0,0,0,0,0.0502806
847140,3,1,173332,44770,39162,128562,230848,0,0,0,0,0.073871
847141,9,1,170132,44582,38688,125550,229419,0,0,0,0,0.0580601
847144,9,1,166233,44743,39182,121490,233754,0,0,0,0,0.0674213
847149,9,1,158414,41263,36037,117151,213536,0,0,0,0,0.0474929
847150,9,1,157025,40752,34748,116273,210914,0,0,0,0,0.0515198
847151,9,1,194741,52301,45408,142440,271622,0,0,0,0,0.0555701
847154,9,1,164617,44908,38512,119709,236340,0,0,0,0,0.0529728
847155,18,2,168552,44706,38754,123833,232361,1,0,0,0,0.110863
847158,18,1,167888,44551,38849,123337,231446,0,0,0,0,0.0519256
847159,9,1,169625,45006,38959,124619,234056,0,0,0,0,0.0603476
847162,18,1,173253,45917,39579,127336,238494,0,0,0,0,0.0619779
847180,3,1,173621,44844,39214,128777,231268,0,0,0,0,0.0814382
847181,9,2,164242,43610,37742,120619,226480,1,0,0,0,0.131514
847184,9,2,177612,47459,41276,130140,246032,1,0,0,0,0.124465
847189,9,1,146995,38043,32697,108952,196071,0,0,0,0,0.046091
847190,9,1,157364,40852,34797,116512,211506,0,0,0,0,0.0517541
847191,9,2,206720,56422,49698,150285,294567,1,0,0,0,0.134773
847194,9,2,208141,57543,49756,150586,301658,1,0,0,0,0.135143
847199,9,1,149900,39276,33357,110624,203542,0,0,0,0,0.0736435
847202,18,1,187546,49874,43563,137672,258161,0,0,0,0,0.0755067
847205,18,2,170944,45834,39507,125098,238676,1,0,0,0,0.112057
847208,18,1,155647,40652,34849,114995,210396,0,0,0,0,0.0457654
847220,9,1,163435,42108,36075,121327,215043,0,0,0,0,0.0494264
847221,9,1,163335,42076,36066,121259,214847,0,0,0,0,0.0476034
847224,9,1,146234,37304,31396,108930,189253,0,0,0,0,0.0534956
847229,9,1,134923,34926,29209,99997,180843,0,0,0,0,0.0790031
847242,18,1,178516,47385,40910,131131,245025,0,0,0,0,0.0626699
847245,18,2,163224,43142,37266,120071,223208,1,0,0,0,0.118135
847248,18,1,151710,39114,33310,112596,201431,0,0,0,0,0.0468229
847270,9,1,157209,40464,34683,116745,207112,0,0,0,0,0.0487535
847271,9,1,157540,40575,34802,116965,207700,0,0,0,0,0.0496935
847272,9,1,157732,40838,35118,116894,210395,0,0,0,0,0.0491761
847273,9,1,178790,46761,41065,132029,240911,0,0,0,0,0.0719963
847274,9,2,168144,43510,37580,124622,221395,1,0,0,0,0.121243
847275,9,2,160294,41991,35924,118291,216350,1,0,0,0,0.125529
847276,9,2,163796,43031,37170,120753,221812,1,0,0,0,0.171204
847277,9,1,142378,36686,31514,105692,188901,0,0,0,0,0.0467735
847278,9,1,152316,39355,34143,112961,202687,0,0,0,0,0.0487185
847279,9,1,139257,35920,30928,103337,186168,0,0,0,0,0.0478925
847280,3,1,131037,33533,28704,97504,174361,0,0,0,0,0.116707
847281,9,1,129251,33327,28016,95924,173626,0,0,0,0,0.0710518
847284,9,1,154893,40730,35639,114163,212376,0,0,0,0,0.0721559
847289,9,1,148919,39581,33809,109338,207948,0,0,0,0,0.0846168
847290,3,1,123658,32076,27160,91582,168161,0,0,0,0,0.0738683
847291,9,1,136100,36284,30574,99816,191742,0,0,0,0,0.0594761
847294,9,2,157000,41736,35608,115251,218163,1,0,0,0,0.185012
847299,9,1,132809,35204,29939,97605,185237,0,0,0,0,0.0613445
847300,3,1,123656,32080,27166,91576,168184,0,0,0,0,0.0750217
847301,9,1,136147,36291,30575,99856,191770,0,0,0,0,0.0556614
847304,9,2,157012,41740,35606,115259,218179,1,0,0,0,0.133292
847309,9,1,132783,35191,29927,97592,185133,0,0,0,0,0.0532942
847310,3,1,123644,32081,27165,91563,168195,0,0,0,0,0.0739276
847311,9,1,142550,37860,31798,104690,199387,0,0,0,0,0.0525343
847314,9,1,157389,41186,35665,116203,214094,0,0,0,0,0.0548113
847319,9,1,125653,33124,27843,92529,175111,0,0,0,0,0.0512378
847320,9,1,108464,28229,23463,80235,149012,0,0,0,0,0.05271
847321,9,1,130779,34140,28917,96639,179429,0,0,0,0,0.0483817
847322,18,1,146212,38919,32903,107293,204887,0,0,0,0,0.0542421
847324,9,2,176032,47275,41182,128745,248120,1,0,0,0,0.157087
847325,18,2,146666,38453,33367,108200,200535,1,0,0,0,0.175425
847328,18,2,141885,37011,31893,104861,192744,1,0,0,0,0.13821
847329,9,1,134034,35815,30548,98219,188712,0,0,0,0,0.0682168
847350,3,1,152413,39589,34297,112824,204446,0,0,0,0,0.0768484
847351,9,1,151686,39597,33705,112089,205071,0,0,0,0,0.0526927
847354,9,1,174972,45945,39947,129027,237734,0,0,0,0,0.053766
847359,9,1,149079,38273,32939,110806,195584,0,0,0,0,0.0499093
847360,3,1,152453,39592,34303,112861,204468,0,0,0,0,0.0808499
847361,9,1,151847,39622,33720,112225,205187,0,0,0,0,0.05388
847364,9,1,175050,45979,39958,129071,237917,0,0,0,0,0.0530706
847369,9,1,149165,38276,32922,110889,195528,0,0,0,0,0.0496681
847370,3,1,152606,39628,34360,112978,204653,0,0,0,0,0.0782464
847371,9,2,160970,42092,36515,118867,218382,1,0,0,0,0.126301
847374,9,2,169514,44620,39030,124883,231495,1,0,0,0,0.133617
847379,9,1,144015,37007,31667,107008,190212,0,0,0,0,0.0515448
847380,9,1,140385,36263,30837,104122,186596,0,0,0,0,0.0563012
847381,9,1,154743,40402,35167,114341,208072,0,0,0,0,0.0743148
847382,18,1,166791,44435,37995,122356,230931,0,0,0,0,0.0780649
847384,9,2,197683,53198,47010,144472,277321,1,0,0,0,0.136797
847385,18,1,178598,47828,41416,130770,248669,0,0,0,0,0.0547768
847388,18,1,178532,47930,40905,130602,250169,0,0,0,0,0.058914
847389,9,1,160333,42776,36903,117557,222348,0,0,0,0,0.0712652
847410,3,1,172773,44522,38851,128251,229489,0,0,0,0,0.0707947
847411,9,1,157680,41253,35567,116427,214104,0,0,0,0,0.0487733
847414,9,1,176428,47134,41381,129294,245621,0,0,0,0,0.0525967
847419,9,1,180664,47594,41495,133070,245008,0,0,0,0,0.0474416
847420,3,1,172753,44524,38854,128229,229515,0,0,0,0,0.0709346
847421,9,1,172146,45027,39080,127119,231506,0,0,0,0,0.049578
847424,9,1,167616,45012,39444,122604,234988,0,0,0,0,0.0525907
847429,9,1,158930,41280,36021,117650,213455,0,0,0,0,0.0473591
847430,9,1,157536,40778,34746,116758,210863,0,0,0,0,0.0515916
847431,9,1,196308,52753,45731,143555,273934,0,0,0,0,0.0564068
847434,9,1,164544,44741,38545,119803,235128,0,0,0,0,0.0524564
847435,18,2,169216,44532,38612,124671,230928,1,0,0,0,0.110994
847438,18,1,167929,44349,38803,123580,230051,0,0,0,0,0.045142
847439,9,1,168533,44554,38681,123979,231481,0,0,0,0,0.0514831
847442,18,1,174561,46156,39863,128405,239543,0,0,0,0,0.0532218
847460,3,1,173042,44598,38903,128444,229935,0,0,0,0,0.0740284
847461,9,2,165346,43655,37679,121678,226342,1,0,0,0,0.118445
847464,9,2,177989,47302,41063,130674,244837,1,0,0,0,0.121776
847469,9,1,147807,38139,32727,109668,196415,0,0,0,0,0.0466991
847470,9,1,157872,40877,34795,116995,211449,0,0,0,0,0.0525665
847471,9,2,206813,56251,49559,150549,293440,1,0,0,0,0.12691
847474,9,2,207976,57166,49478,150798,299138,1,0,0,0,0.135589
847479,9,1,148949,38893,33167,110056,201365,0,0,0,0,0.0516108
847482,18,1,188381,50038,43735,138343,258960,0,0,0,0,0.0597484
847485,18,2,169946,45123,38961,124811,234178,1,0,0,0,0.11387
847488,18,1,155003,40398,34748,114605,209029,0,0,0,0,0.043031
847500,9,1,163934,42074,36094,121860,214430,0,0,0,0,0.0506533
847501,9,1,163834,42042,36085,121792,214234,0,0,0,0,0.0485035
847504,9,1,146513,37215,31462,109298,188573,0,0,0,0,0.0514495
847509,9,1,135203,34818,29171,100385,179990,0,0,0,0,0.0537888
847522,18,1,178387,47232,40902,131155,244034,0,0,0,0,0.0554375
847525,18,2,162622,42705,36982,119906,220474,1,0,0,0,0.114765
847528,18,1,150628,38741,33030,111887,199389,0,0,0,0,0.0437847
847550,9,1,158539,40790,34928,117749,208811,0,0,0,0,0.0456182
847551,9,1,158835,40893,35037,117942,209364,0,0,0,0,0.0461124
847552,9,1,158963,41127,35381,117836,211910,0,0,0,0,0.0496634
847553,9,1,178269,46542,40749,131727,239735,0,0,0,0,0.0700887
847554,9,2,168534,43419,37590,125103,220713,1,0,0,0,0.119965
847555,9,2,160740,41910,35827,118818,215717,1,0,0,0,0.12236
847556,9,2,163642,42879,37052,120751,220859,1,0,0,0,0.125226
847557,9,1,143329,36862,31624,106467,189744,0,0,0,0,0.0464569
847558,9,1,152306,39317,34121,112989,202515,0,0,0,0,0.0477988
847559,9,1,139669,36008,30994,103661,186694,0,0,0,0,0.0501931
847560,3,1,134848,35112,29660,99736,185308,0,0,0,0,0.132723
847561,9,1,136827,36148,30132,100679,191562,0,0,0,0,0.104521
847564,9,1,161960,43785,38503,118175,232387,0,0,0,0,0.0830562
847569,9,1,147304,39719,34327,107585,210697,0,0,0,0,0.0840968
847570,3,1,121119,31557,26653,89562,167054,0,0,0,0,0.0880414
847571,9,1,135168,36567,30871,98601,195416,0,0,0,0,0.0645696
847574,9,1,163773,44740,39047,119033,236345,0,0,0,0,0.0595134
847579,9,1,127674,34351,29566,93323,182732,0,0,0,0,0.0569198
847580,3,1,121083,31545,26652,89538,166982,0,0,0,0,0.0871289
847581,9,1,135315,36583,30875,98732,195441,0,0,0,0,0.0659364
847584,9,1,163997,44763,39076,119234,236395,0,0,0,0,0.0594631
847589,9,1,127592,34330,29525,93262,182617,0,0,0,0,0.0555812
847590,3,1,121052,31539,26647,89513,166952,0,0,0,0,0.083627
847591,9,1,142534,38354,32385,104180,204089,0,0,0,0,0.0600702
847594,9,1,160805,43342,37899,117463,228980,0,0,0,0,0.0591619
847599,9,1,121262,32414,27500,88848,173327,0,0,0,0,0.0578524
847600,9,1,99778,25809,21728,73969,137019,0,0,0,0,0.0578485
847601,9,1,128455,34345,29040,94110,183346,0,0,0,0,0.0562667
847602,18,1,141089,38270,32662,102819,204475,0,0,0,0,0.0570582
847604,9,1,148398,40161,35053,108237,213961,0,0,0,0,0.0609759
847605,18,1,155100,42771,37074,112329,229373,0,0,0,0,0.0613961
847608,18,1,155960,42360,36433,113600,224608,0,0,0,0,0.0600292
847609,9,1,132920,36223,31135,96697,193338,0,0,0,0,0.0761476
847630,3,1,159253,41828,36218,117425,218764,0,0,0,0,0.0859275
847631,9,1,150877,39565,33958,111312,207202,0,0,0,0,0.0573109
847634,9,1,172303,45782,39538,126521,239685,0,0,0,0,0.0625286
847639,9,1,157887,41465,35686,116422,215975,0,0,0,0,0.0539075
847640,3,1,159240,41823,36210,117417,218745,0,0,0,0,0.0828919
847641,9,1,150765,39522,33941,111243,206964,0,0,0,0,0.0615463
847644,9,1,172446,45796,39553,126650,239699,0,0,0,0,0.0587961
847649,9,1,158086,41510,35705,116576,216206,0,0,0,0,0.074652
847650,3,1,159355,41848,36232,117507,218885,0,0,0,0,0.110693
847651,9,1,189751,51505,44191,138246,271574,0,0,0,0,0.151565
847654,9,1,206185,56972,50052,149213,301206,0,0,0,0,0.0713915
847659,9,1,147554,38541,32924,109013,201461,0,0,0,0,0.0815172
847660,9,1,146705,38613,33157,108092,202342,0,0,0,0,0.0768685
847661,9,1,163210,43573,38113,119637,228279,0,0,0,0,0.0819889
847662,18,1,170096,46068,39987,124028,243988,0,0,0,0,0.0874198
847664,9,1,183364,49250,43402,134114,257328,0,0,0,0,0.0618938
847665,18,1,180413,49381,42964,131032,261729,0,0,0,0,0.0776773
847668,18,1,173530,47104,40514,126426,248706,0,0,0,0,0.081103
847669,9,1,162815,43812,38356,119003,230711,0,0,0,0,0.110901
847690,3,1,157069,41224,35709,115845,216152,0,0,0,0,0.110742
847691,9,1,139081,36310,31309,102771,190107,0,0,0,0,0.125847
847694,9,1,143664,37511,31900,106153,195254,0,0,0,0,0.0826026
847699,9,1,170605,45021,39548,125584,233109,0,0,0,0,0.0786148
847700,3,1,157130,41225,35705,115905,216136,0,0,0,0,0.115308
847701,9,1,168652,45641,39999,123011,240557,0,0,0,0,0.0869917
847704,9,1,155249,41900,36232,113349,221459,0,0,0,0,0.0914635
847709,9,1,162870,42736,37377,120134,223154,0,0,0,0,0.081901
847710,9,1,155015,40727,34710,114288,213622,0,0,0,0,0.0695703
847711,9,1,181351,48822,42050,132529,256966,0,0,0,0,0.102512
847714,9,1,155872,41881,36108,113991,221225,0,0,0,0,0.065276
847715,18,1,197323,54164,47503,143159,287476,0,0,0,0,0.083615
847718,18,1,170631,45356,39436,125275,237108,0,0,0,0,0.0589118
847719,9,1,164086,43722,37932,120364,229588,0,0,0,0,0.0585523
847722,18,1,169982,45674,39338,124308,241304,0,0,0,0,0.0852401
847740,3,1,157281,41263,35733,116018,216342,0,0,0,0,0.0895904
847741,9,1,198078,54732,48776,143346,289016,0,0,0,0,0.0718985
847744,9,1,157063,42328,36886,114735,223929,0,0,0,0,0.059865
847749,9,1,144242,37320,32224,106922,194497,0,0,0,0,0.0574495
847750,9,1,154967,40725,34712,114242,213632,0,0,0,0,0.0712697
847751,9,1,199057,54043,47067,145014,284438,0,0,0,0,0.0685204
847754,9,1,159765,43173,37157,116592,228021,0,0,0,0,0.0602381
847759,9,1,148089,39248,33668,108841,206441,0,0,0,0,0.0591145
847762,18,1,182189,49316,42748,132873,260532,0,0,0,0,0.0698515
847765,18,1,200794,55697,48928,145097,296559,0,0,0,0,0.061631
847768,18,1,158256,41817,36090,116439,218874,0,0,0,0,0.0526939
847780,9,1,177518,47207,41137,130311,247437,0,0,0,0,0.0738012
847781,9,1,177770,47255,41196,130515,247623,0,0,0,0,0.0642963
847784,9,1,160894,42897,36617,117997,224835,0,0,0,0,0.0624003
847789,9,1,136638,35679,30224,100959,187249,0,0,0,0,0.06759
847802,18,1,193087,52779,44649,140308,279451,0,0,0,0,0.102312
847805,18,1,180513,48582,41746,131931,255687,0,0,0,0,0.058259
847808,18,1,163357,43260,36784,120097,227093,0,0,0,0,0.0541069
847830,9,1,155515,40711,35222,114804,212513,0,0,0,0,0.0673904
847831,9,1,155592,40732,35237,114860,212616,0,0,0,0,0.0809207
847832,9,1,149530,39117,33496,110413,204910,0,0,0,0,0.0808908
847833,9,1,164839,44627,38868,120212,235911,0,0,0,0,0.0828646
847834,9,1,188650,51001,44779,137649,266880,0,0,0,0,0.0633188
847835,9,1,168577,44741,39092,123836,234606,0,0,0,0,0.0595378
847836,9,1,172608,47105,40956,125503,250130,0,0,0,0,0.0633524
847837,9,1,144798,37379,32167,107419,194676,0,0,0,0,0.0526436
847838,9,1,148009,39310,33962,108699,207110,0,0,0,0,0.0603895
847839,9,1,129313,33685,28797,95628,176882,0,0,0,0,0.072752
847840,3,1,135166,34771,29242,100395,182275,0,0,0,0,0.292508
847841,9,1,132979,34415,28962,98564,180332,0,0,0,0,0.168751
847844,9,1,163078,43160,37787,119918,226505,0,0,0,0,0.161083
847849,9,1,158660,42803,36765,115857,226747,0,0,0,0,0.12543
847850,3,1,146110,38358,33060,107752,202178,0,0,0,0,0.138223
847851,9,1,146305,39057,33277,107248,206702,0,0,0,0,0.0903979
847854,9,1,178401,48734,42295,129667,258406,0,0,0,0,0.0878224
847859,9,1,162002,42762,36892,119240,225222,0,0,0,0,0.0880117
847860,3,1,145955,38313,33027,107642,201936,0,0,0,0,0.131983
847861,9,1,146180,39021,33241,107159,206507,0,0,0,0,0.083549
847864,9,1,178355,48695,42300,129660,258073,0,0,0,0,0.0854728
847869,9,1,161810,42653,36808,119157,224523,0,0,0,0,0.0875044
847870,3,1,145919,38295,32997,107624,201837,0,0,0,0,0.127161
847871,9,1,181203,49541,43223,131662,263149,0,0,0,0,0.0922041
847874,9,1,208556,57280,50325,151276,303551,0,0,0,0,0.0957479
847879,9,1,146270,37922,32183,108348,199690,0,0,0,0,0.0819495
847880,9,1,132495,33860,28461,98635,177380,0,0,0,0,0.107433
847881,9,1,160470,42446,36892,118024,224497,0,0,0,0,0.0824497
847882,18,1,156476,42285,36557,114191,225057,0,0,0,0,0.101668
847884,9,1,183203,49075,43057,134128,258863,0,0,0,0,0.0897804
847885,18,1,174698,47845,41906,126853,254948,0,0,0,0,0.0820573
847888,18,1,172410,46743,40165,125667,248086,0,0,0,0,0.12628
847889,9,1,157508,42180,36229,115328,223351,0,0,0,0,0.148607
847910,3,1,167933,45735,39823,122198,242163,0,0,0,0,0.165414
847911,9,1,165578,44555,38132,121023,235178,0,0,0,0,0.0856641
847914,9,1,192481,52098,44922,140383,274032,0,0,0,0,0.0782969
847919,9,1,169155,44345,38566,124810,230920,0,0,0,0,0.0742884
847920,3,1,168063,45754,39800,122309,242286,0,0,0,0,0.124137
847921,9,1,165338,44492,38073,120846,234848,0,0,0,0,0.0825291
847924,9,1,192584,52103,44930,140481,273963,0,0,0,0,0.0792864
847929,9,1,169134,44334,38570,124800,230820,0,0,0,0,0.0753312
847930,3,1,168099,45757,39771,122342,242306,0,0,0,0,0.131452
847931,9,1,211534,59257,52010,152277,315526,0,0,0,0,0.0933338
847934,9,1,229802,64719,56944,165083,344161,0,0,0,0,0.0934433
847939,9,1,161357,42586,36538,118771,223221,0,0,0,0,0.0801549
847940,9,1,155724,41662,35843,114062,219585,0,0,0,0,0.0789779
847941,9,1,181442,49035,43125,132407,258881,0,0,0,0,0.0815732
847942,18,1,190943,53206,46411,137737,284198,0,0,0,0,0.0893448
847944,9,1,196718,53466,47286,143252,281257,0,0,0,0,0.0906535
847945,18,1,202465,56665,49551,145800,301972,0,0,0,0,0.130976
847948,18,1,190943,53435,45654,137508,284598,0,0,0,0,0.116912
847949,9,1,176506,48720,42569,127786,258421,0,0,0,0,0.165043
847970,3,1,161586,43386,37742,118200,228994,0,0,0,0,0.164812
847971,9,1,139064,36782,31507,102282,193826,0,0,0,0,0.0876249
847974,9,1,173690,45996,39354,127694,240451,0,0,0,0,0.112793
847979,9,1,193570,52194,44989,141376,274345,0,0,0,0,0.0846339
847980,3,1,161662,43415,37780,118247,229167,0,0,0,0,0.124811
847981,9,1,170673,46559,40757,124114,246849,0,0,0,0,0.106705
847984,9,1,182972,49362,42645,133610,260535,0,0,0,0,0.0849342
847989,9,1,182025,48382,42036,133643,253272,0,0,0,0,0.0966419
847990,9,1,168216,46168,39802,122048,244682,0,0,0,0,0.107607
847991,9,1,186209,51294,44461,134915,271314,0,0,0,0,0.0850604
847994,9,1,183714,49244,42677,134470,259129,0,0,0,0,0.0854454
847995,18,1,209110,58763,51408,150347,314156,0,0,0,0,0.0806627
847998,18,1,208269,57789,50187,150480,306137,0,0,0,0,0.098192
847999,9,1,198660,53358,46941,145302,279634,0,0,0,0,0.115183
848002,18,1,185140,50651,43844,134489,268176,0,0,0,0,0.110689
848020,3,1,161853,43471,37823,118382,229494,0,0,0,0,0.13555
848021,9,1,192017,52958,46865,139059,280372,0,0,0,0,0.106725
848024,9,1,186336,50338,43373,135998,266012,0,0,0,0,0.0922147
848029,9,1,169274,45122,38856,124152,236954,0,0,0,0,0.0768127
848030,9,1,168300,46205,39833,122095,244928,0,0,0,0,0.0912801
848031,9,1,206237,57547,50117,148690,304732,0,0,0,0,0.0990802
848034,9,1,189057,51276,44731,137781,270956,0,0,0,0,0.112632
848039,9,1,176934,47176,41250,129758,247421,0,0,0,0,0.19748
848042,18,1,197500,54423,47214,143077,288327,0,0,0,0,0.174598
848045,18,1,217009,61498,53740,155511,330184,0,0,0,0,0.112415
848048,18,1,191228,52747,45890,138481,279563,0,0,0,0,0.0974772
848060,9,1,194757,52960,46312,141797,278267,0,0,0,0,0.146152
848061,9,1,194947,52973,46335,141974,278199,0,0,0,0,0.107042
848064,9,1,190192,50933,44536,139259,266958,0,0,0,0,0.111945
848069,9,1,162338,42558,36858,119780,222542,0,0,0,0,0.122536
848082,18,1,194006,53565,46119,140441,283512,0,0,0,0,0.131106
848085,18,1,216769,60205,52734,156564,320156,0,0,0,0,0.15465
848088,18,1,195196,53291,46391,141905,282560,0,0,0,0,0.105632
848110,9,1,159084,41492,35688,117592,216487,0,0,0,0,0.0968553
848111,9,1,159211,41517,35708,117694,216591,0,0,0,0,0.112864
848112,9,1,156051,41591,35436,114460,219630,0,0,0,0,0.0952713
848113,9,1,171127,47248,41201,123879,251255,0,0,0,0,0.160742
848114,9,1,203893,55711,48267,148182,294571,0,0,0,0,0.123755
848115,9,1,190918,51782,44880,139136,273748,0,0,0,0,0.0877216
848116,9,1,204464,56158,48901,148306,297952,0,0,0,0,0.0994536
848117,9,1,168006,44689,38543,123317,234883,0,0,0,0,0.0799967
848118,9,1,176699,47115,40605,129584,248144,0,0,0,0,0.0977495
848119,9,1,158818,41239,35037,117579,215538,0,0,0,0,0.0986312
848120,3,1,120629,30857,26082,89772,161614,0,0,0,0,0.135187
848121,9,1,135177,35529,30124,99648,187144,0,0,0,0,0.100384
848124,9,1,171578,46372,40551,125206,243941,0,0,0,0,0.0866257
848129,9,1,136638,36382,31296,100256,191724,0,0,0,0,0.10106
848130,3,1,124046,31727,27358,92319,166542,0,0,0,0,0.0977464
848131,9,1,140390,37627,32751,102763,199407,0,0,0,0,0.0760432
848134,9,1,172001,46958,41238,125043,246965,0,0,0,0,0.0914764
848139,9,1,135106,35822,31248,99284,189070,0,0,0,0,0.0845853
848140,3,1,169087,44862,38819,124225,236209,0,0,0,0,0.0963416
848141,9,1,161462,42579,36788,118883,223391,0,0,0,0,0.0641483
848144,9,1,177047,47637,41179,129410,249691,0,0,0,0,0.0939027
848149,9,1,195098,52230,45821,142868,272264,0,0,0,0,0.0932185
848150,3,1,168995,44822,38791,124173,235959,0,0,0,0,0.130498
848151,9,1,199480,54198,47011,145282,283427,0,0,0,0,0.0979564
848154,9,1,192084,52020,45706,140064,272437,0,0,0,0,0.0747186
848159,9,1,170785,44719,39294,126066,233870,0,0,0,0,0.0778482
848160,9,1,153770,40490,34094,113280,213126,0,0,0,0,0.0812255
848161,9,1,183157,48512,41953,134645,252529,0,0,0,0,0.0596064
848162,18,1,166391,45195,39212,121196,240676,0,0,0,0,0.082863
848164,9,1,152952,41175,36375,111777,218613,0,0,0,0,0.086481
848165,18,1,210443,58787,52200,151656,313730,0,0,0,0,0.102349
848168,18,1,191507,52364,45377,139143,276687,0,0,0,0,0.0886764
848169,9,1,170818,45999,39782,124819,243363,0,0,0,0,0.0940879
848190,3,1,154686,40958,35792,113728,215324,0,0,0,0,0.103507
848191,9,1,167616,45919,39856,121697,243478,0,0,0,0,0.0904259
848194,9,2,191610,51858,45448,139739,273074,1,0,0,0,0.178899
848199,9,2,257371,70889,62392,186470,375681,1,0,0,0,0.181262
848200,3,1,177670,47677,41794,129993,250696,0,0,0,0,0.111913
848201,9,1,172190,45674,39556,126516,237993,0,0,0,0,0.0606577
848204,9,1,183558,48579,41919,134979,252443,0,0,0,0,0.064678
848209,9,1,188100,49450,43229,138650,254846,0,0,0,0,0.0632496
848210,3,1,177615,47651,41786,129964,250528,0,0,0,0,0.0886075
848211,9,1,218319,60260,52609,158059,314588,0,0,0,0,0.0901152
848214,9,1,209658,57281,50485,152377,300385,0,0,0,0,0.0946787
848219,9,1,177227,46902,41074,130325,244717,0,0,0,0,0.0704885
848220,9,1,172210,46521,39927,125689,245485,0,0,0,0,0.0656635
848221,9,1,196692,52653,45937,144039,272810,0,0,0,0,0.0643339
848222,18,1,187059,52085,45577,134974,277099,0,0,0,0,0.0676581
848224,9,1,170205,46637,41165,123568,246371,0,0,0,0,0.0646759
848225,18,1,233132,66044,58865,167088,352292,0,0,0,0,0.0774326
848228,18,1,203614,55998,48505,147616,294515,0,0,0,0,0.0757707
848229,9,1,174194,47037,40706,127157,247600,0,0,0,0,0.101505
848250,3,1,182834,50304,44220,132530,266634,0,0,0,0,0.0923658
848251,9,1,172772,46944,40296,125828,247655,0,0,0,0,0.0670094
848254,9,1,201081,55351,48124,145730,292968,0,0,0,0,0.0684355
848259,9,1,213525,58804,51216,154721,310120,0,0,0,0,0.0727813
848260,3,1,182892,50313,44217,132579,266682,0,0,0,0,0.0912622
848261,9,1,209358,56761,49928,152597,295477,0,0,0,0,0.0693221
848264,9,1,223011,62266,55072,160745,330393,0,0,0,0,0.0769636
848269,9,1,204749,55682,49171,149067,292870,0,0,0,0,0.0725613
848270,9,1,175074,47198,41194,127876,247208,0,0,0,0,0.0731949
848271,9,1,201738,54543,47490,147195,282963,0,0,0,0,0.0820224
848274,9,2,278695,78040,68064,200643,415708,1,0,0,0,0.183911
848275,18,1,237370,67089,59454,170281,358127,0,0,0,0,0.0739146
848278,18,1,211440,58242,51088,153198,307900,0,0,0,0,0.0646243
848279,9,1,168720,44026,38501,124694,229077,0,0,0,0,0.0607741
848282,18,1,189401,52370,45982,137031,278130,0,0,0,0,0.0680762
848300,3,1,147596,39210,34040,108386,206024,0,0,0,0,0.109635
848301,9,1,171736,47236,41608,124500,249621,0,0,0,0,0.0618153
848304,9,2,284155,79963,70008,204180,425574,1,0,0,0,0.164686
848309,9,1,185320,49773,43260,135547,259567,0,0,0,0,0.0589171
848310,9,1,160478,44384,38117,116094,235716,0,0,0,0,0.0632117
848311,9,1,203684,55957,49056,147727,293484,0,0,0,0,0.0911242
848314,9,1,216273,59790,52436,156483,316482,0,0,0,0,0.0901635
848319,9,1,212846,57494,49664,155352,299582,0,0,0,0,0.0687596
848322,18,1,217276,60845,53801,156431,322899,0,0,0,0,0.0749998
848325,18,1,236240,66988,59038,169252,357705,0,0,0,0,0.0733346
848328,18,1,218950,61138,53514,157812,324447,0,0,0,0,0.0643447
848340,9,2,171093,46165,40270,124915,242654,1,0,0,0,0.170999
848341,9,1,197624,53688,46558,143936,281515,0,0,0,0,0.0633474
848344,9,1,209810,57671,50001,152139,305208,0,0,0,0,0.0696916
848349,9,1,181632,48825,42741,132807,257746,0,0,0,0,0.0657026
848362,18,1,207508,56930,49161,150578,299470,0,0,0,0,0.0717267
848365,18,1,211812,58107,50911,153705,306984,0,0,0,0,0.0637461
848368,18,1,222053,61629,53526,160424,326325,0,0,0,0,0.0819509
848390,9,2,242467,65956,57317,176499,348713,1,0,0,0,0.191235
848391,9,1,195807,52376,45743,143431,271926,0,0,0,0,0.0870828
848392,9,1,177794,46657,40555,131137,243238,0,0,0,0,0.0727633
848393,9,1,176720,47996,41647,128724,253070,0,0,0,0,0.0801473
848394,9,1,210754,58052,50243,152702,307045,0,0,0,0,0.0651964
848395,9,1,203151,55100,48514,148051,290079,0,0,0,0,0.0631232
848396,9,1,174972,46988,41145,127984,247836,0,0,0,0,0.0615892
848397,9,1,186874,50158,43812,136716,261804,0,0,0,0,0.0634941
848398,9,1,222040,61656,53757,160384,324485,0,0,0,0,0.0719943
848399,9,1,179254,48195,41480,131059,254783,0,0,0,0,0.0638965
848400,3,1,120786,30883,26086,89903,161700,0,0,0,0,0.136041
848401,9,1,135332,35549,30140,99783,187188,0,0,0,0,0.107804
848404,9,1,173291,46806,40948,126485,246205,0,0,0,0,0.134554
848409,9,1,137793,36620,31463,101173,192886,0,0,0,0,0.123325
848410,3,1,123744,31680,27317,92064,166373,0,0,0,0,0.0986995
848411,9,1,140440,37640,32764,102800,199469,0,0,0,0,0.0665181
848414,9,1,173539,47369,41656,126170,249249,0,0,0,0,0.0889582
848419,9,1,135466,35864,31319,99602,189254,0,0,0,0,0.0637564
848420,3,1,168907,44900,38867,124007,236600,0,0,0,0,0.108074
848421,9,1,161490,42659,36899,118831,223933,0,0,0,0,0.0661728
848424,9,1,177972,47906,41413,130066,251105,0,0,0,0,0.0655166
848429,9,1,195940,52473,45950,143467,273633,0,0,0,0,0.0810009
848430,3,1,168843,44863,38819,123980,236251,0,0,0,0,0.134248
848431,9,1,198369,53855,46803,144514,281508,0,0,0,0,0.0840682
848434,9,1,169621,45438,39686,124183,238720,0,0,0,0,0.0885757
848439,9,1,151408,39437,34281,111971,207122,0,0,0,0,0.0909287
848440,9,1,154019,40605,34223,113414,213784,0,0,0,0,0.0753933
848441,9,1,183083,48488,41950,134595,252284,0,0,0,0,0.0737728
848442,18,1,166154,45133,39203,121021,240321,0,0,0,0,0.0704697
848444,9,1,137721,36607,31981,101114,194489,0,0,0,0,0.0666958
848445,18,1,191873,52971,46768,138902,283444,0,0,0,0,0.0697375
848448,18,1,173892,47152,40878,126740,249899,0,0,0,0,0.0704243
848449,9,1,149853,39716,34269,110137,209833,0,0,0,0,0.0838042
848470,3,1,154286,40901,35766,113385,215084,0,0,0,0,0.12885
848471,9,1,167817,45994,39892,121823,243884,0,0,0,0,0.0791353
848474,9,2,191581,51839,45425,139729,272953,1,0,0,0,0.242064
848479,9,2,257395,70881,62420,186502,375642,1,0,0,0,0.194238
848480,3,1,179515,48455,42508,131060,255222,0,0,0,0,0.0885176
848481,9,1,173594,46322,40085,127272,241817,0,0,0,0,0.0689249
848484,9,1,184653,48963,42134,135690,254600,0,0,0,0,0.0820163
848489,9,1,188566,49604,43301,138962,255765,0,0,0,0,0.0825055
848490,3,1,177183,47567,41710,129616,250126,0,0,0,0,0.0916217
848491,9,1,217356,59929,52353,157427,312694,0,0,0,0,0.0985539
848494,9,1,193047,52352,45808,140695,275204,0,0,0,0,0.102732
848499,9,1,161920,42517,36848,119403,222141,0,0,0,0,0.0866257
848500,9,1,172749,46704,40072,126045,246506,0,0,0,0,0.0800483
848501,9,1,197042,52718,45926,144324,273071,0,0,0,0,0.0911761
848502,18,1,186930,52056,45587,134874,276957,0,0,0,0,0.0949571
848504,9,1,156697,42605,37369,114092,225382,0,0,0,0,0.0667732
848505,18,1,217078,61331,54438,155747,328596,0,0,0,0,0.074053
848508,18,1,190144,52199,45341,137945,275526,0,0,0,0,0.0685074
848509,9,1,158500,42556,36740,115944,224454,0,0,0,0,0.0791872
848530,3,1,183203,50477,44390,132726,267654,0,0,0,0,0.0885939
848531,9,1,173175,47077,40425,126098,248360,0,0,0,0,0.0668363
848534,9,1,201817,55494,48233,146323,293669,0,0,0,0,0.0672138
848539,9,1,213504,58699,51136,154805,309467,0,0,0,0,0.067918
848540,3,1,182978,50369,44257,132609,267020,0,0,0,0,0.0895101
848541,9,1,209082,56627,49847,152455,294655,0,0,0,0,0.0896267
848544,9,1,199992,55121,48553,144871,292632,0,0,0,0,0.0988768
848549,9,1,182829,48853,42774,133976,256882,0,0,0,0,0.0933784
848550,9,1,175123,47251,41262,127872,247571,0,0,0,0,0.0755448
848551,9,1,201744,54519,47568,147225,282730,0,0,0,0,0.0948333
848554,9,2,267763,74430,64466,193321,395931,1,0,0,0,0.239923
848555,18,1,218362,61225,53852,157137,327410,0,0,0,0,0.0959187
848558,18,1,196343,53944,47093,142399,286508,0,0,0,0,0.0873355
848559,9,1,153183,39822,34668,113361,207670,0,0,0,0,0.0892273
848562,18,1,190035,52512,46158,137523,278809,0,0,0,0,0.101673
848580,3,1,147419,39182,34001,108237,205930,0,0,0,0,0.121561
848581,9,1,155853,42320,36872,113533,223562,0,0,0,0,0.0876971
848584,9,2,276117,77695,67767,198410,413901,1,0,0,0,0.239692
848589,9,1,185181,49751,43261,135430,259488,0,0,0,0,0.0887694
848590,9,1,160574,44405,38124,116169,235818,0,0,0,0,0.08878
848591,9,1,184394,50189,43782,134205,263418,0,0,0,0,0.0799366
848594,9,1,190856,51873,45098,138983,274359,0,0,0,0,0.0929601
848599,9,1,213075,57613,49731,155462,300369,0,0,0,0,0.0972001
848602,18,1,200637,55802,49181,144835,296727,0,0,0,0,0.104134
848605,18,1,218444,61564,53846,156880,329298,0,0,0,0,0.0958339
848608,18,1,218663,60932,53280,157731,323178,0,0,0,0,0.0936387
848620,9,2,171101,46172,40249,124916,242729,1,0,0,0,0.221191
848621,9,1,197853,53528,46443,144325,280287,0,0,0,0,0.0909049
848624,9,1,211003,58115,50326,152888,307790,0,0,0,0,0.10105
848629,9,1,182785,49239,43087,133546,260163,0,0,0,0,0.0956453
848642,18,1,190139,51781,44688,138358,272766,0,0,0,0,0.0982643
848645,18,1,194074,52322,45419,141752,276086,0,0,0,0,0.0838814
848648,18,1,222304,61751,53670,160553,327027,0,0,0,0,0.0772957
848670,9,2,242560,65945,57307,176603,348568,1,0,0,0,0.239661
848671,9,1,195414,52185,45506,143229,270886,0,0,0,0,0.0870294
848672,9,1,158441,41196,35514,117245,214911,0,0,0,0,0.0773822
848673,9,1,157887,42341,36419,115546,223380,0,0,0,0,0.123642
848674,9,1,211522,58379,50519,153143,308984,0,0,0,0,0.075468
848675,9,1,178599,47308,41261,131291,248275,0,0,0,0,0.059193
848676,9,1,153616,40521,35216,113095,213055,0,0,0,0,0.0599036
848677,9,1,186740,50155,43823,136585,261853,0,0,0,0,0.0644529
848678,9,1,222680,61972,54076,160708,326341,0,0,0,0,0.0807803
848679,9,1,178719,47926,41310,130793,253212,0,0,0,0,0.0675546
848680,3,1,120846,30900,26092,89946,161809,0,0,0,0,0.181035
848681,9,1,144374,38003,32238,106371,200069,0,0,0,0,0.103935
848684,9,1,162606,42611,36908,119995,221660,0,0,0,0,0.0926388
848689,9,1,127443,33540,28966,93903,176596,0,0,0,0,0.096616
848690,3,1,123648,31663,27305,91985,166319,0,0,0,0,0.10578
848691,9,1,148023,39529,34239,108494,208726,0,0,0,0,0.0677804
848694,9,1,158206,41686,36422,116520,217824,0,0,0,0,0.0896057
848699,9,1,125112,32857,28484,92255,173762,0,0,0,0,0.0665639
848700,3,1,168794,44949,38909,123845,236930,0,0,0,0,0.0887614
848701,9,1,165259,42977,37191,122282,221928,0,0,0,0,0.0578598
848704,9,1,144628,38321,32834,106307,201655,0,0,0,0,0.0601466
848709,9,2,189780,51345,44975,138423,272287,1,0,0,0,0.161265
848710,3,1,168705,44910,38880,123795,236688,0,0,0,0,0.0965416
848711,9,1,179334,47131,40706,132203,242335,0,0,0,0,0.0643878
848714,9,1,151807,40341,35321,111466,211966,0,0,0,0,0.0715134
848719,9,1,156071,40629,35297,115442,211499,0,0,0,0,0.0666497
848720,9,1,161754,42465,35915,119289,221331,0,0,0,0,0.0679898
848721,9,1,171209,44187,38377,127022,227552,0,0,0,0,0.0683547
848722,18,1,157981,42568,36997,115413,226348,0,0,0,0,0.0798782
848724,9,1,118766,31194,27044,87572,165288,0,0,0,0,0.0605115
848725,18,1,171082,45777,40060,125305,241312,0,0,0,0,0.067821
848728,18,1,165927,44365,38590,121562,234349,0,0,0,0,0.0639184
848729,9,1,135034,35131,29863,99903,184860,0,0,0,0,0.0799719
848750,3,1,154366,40941,35781,113425,215368,0,0,0,0,0.086841
848751,9,1,178269,48505,42165,129764,255655,0,0,0,0,0.0649425
848754,9,2,179329,48632,42280,130684,257399,1,0,0,0,0.15192
848759,9,2,242178,66203,57903,175963,351611,1,0,0,0,0.178092
848760,3,1,179147,48380,42447,130767,254852,0,0,0,0,0.0847725
848761,9,1,180136,47203,40562,132933,242658,0,0,0,0,0.058706
848764,9,1,159085,42309,36150,116776,221798,0,0,0,0,0.0594727
848769,9,2,208060,56298,48864,151750,296773,1,0,0,0,0.147365
848770,3,1,179081,48355,42435,130726,254698,0,0,0,0,0.0875486
848771,9,2,207243,57415,50369,149815,305233,1,0,0,0,0.150038
848774,9,1,167554,45240,39621,122314,238437,0,0,0,0,0.0648954
848779,9,1,165844,43451,37738,122393,225166,0,0,0,0,0.0568674
848780,9,1,183262,49262,42531,134000,256680,0,0,0,0,0.062608
848781,9,2,284626,77960,68423,206653,412106,1,0,0,0,0.186241
848782,18,1,176183,48721,42276,127462,259822,0,0,0,0,0.0999344
848784,9,1,142036,38021,33058,104015,200715,0,0,0,0,0.077368
848785,18,1,193164,52637,46572,140527,277012,0,0,0,0,0.0671918
848788,18,1,182618,49239,42927,133379,259269,0,0,0,0,0.0688393
848789,9,1,147713,39413,33614,108300,207867,0,0,0,0,0.0830601
848810,3,1,183306,50536,44440,132770,268002,0,0,0,0,0.0876489
848811,9,1,182192,49030,42515,133162,254960,0,0,0,0,0.0618548
848814,9,1,183381,49481,42833,133900,260837,0,0,0,0,0.0645303
848819,9,1,186643,49781,42704,136862,260563,0,0,0,0,0.0608947
848820,3,1,183356,50544,44432,132812,268050,0,0,0,0,0.0869644
848821,9,2,258227,71524,62776,186690,380083,1,0,0,0,0.180335
848824,9,1,187153,50268,43810,136885,264214,0,0,0,0,0.0623981
848829,9,1,187241,49313,42649,137928,256086,0,0,0,0,0.06463
848830,9,1,181604,47931,41624,133673,246678,0,0,0,0,0.0588489
848831,9,2,215572,61192,53599,154367,328527,1,0,0,0,0.158216
848834,9,2,255106,70554,61068,184540,375122,1,0,0,0,0.18074
848835,18,1,198688,54588,47841,144100,287922,0,0,0,0,0.0595888
848838,18,1,188012,50717,44274,137295,266043,0,0,0,0,0.0603535
848839,9,1,141654,36556,31422,105098,190557,0,0,0,0,0.0608058
848842,18,1,181886,50219,43975,131667,267567,0,0,0,0,0.0667894
848860,3,1,147435,39186,33995,108249,205973,0,0,0,0,0.0800198
848861,9,1,132676,35072,30534,97604,184432,0,0,0,0,0.0677206
848864,9,2,259565,72277,62766,187276,384284,1,0,0,0,0.189437
848869,9,1,180666,48422,41875,132244,253511,0,0,0,0,0.0648776
848870,9,1,170227,46810,40231,123417,247422,0,0,0,0,0.0809126
848871,9,1,173523,47308,40989,126215,249877,0,0,0,0,0.0627576
848874,9,1,186596,49994,43615,136602,262752,0,0,0,0,0.0784236
848879,9,1,194082,51262,44775,142820,265534,0,0,0,0,0.0712409
848882,18,1,187462,51118,44848,136344,268695,0,0,0,0,0.062191
848885,18,1,196651,53399,46374,143252,280994,0,0,0,0,0.058723
848888,18,1,210771,57953,50291,152818,304970,0,0,0,0,0.0690086
848900,9,2,173024,47349,41490,125662,251458,1,0,0,0,0.190852
848901,9,1,168881,45725,39469,123156,241263,0,0,0,0,0.0623108
848904,9,1,187065,50618,43784,136447,267080,0,0,0,0,0.0649604
848909,9,1,189066,50707,44239,138359,266212,0,0,0,0,0.0647983
848922,18,1,181896,48940,42260,132956,257181,0,0,0,0,0.0623902
848925,18,1,184950,48874,42178,136076,254522,0,0,0,0,0.0899032
848928,18,1,208226,56884,49470,151342,298469,0,0,0,0,0.0680568
848950,9,2,232347,62861,54689,169474,333415,1,0,0,0,0.224036
848951,9,2,188943,50491,43406,138440,266452,1,0,0,0,0.14601
848952,9,1,162414,41842,36364,120572,215445,0,0,0,0,0.071508
848953,9,1,142273,37796,32508,104477,199385,0,0,0,0,0.0966632
848954,9,1,180018,47925,41042,132093,251192,0,0,0,0,0.0716776
848955,9,1,178649,46801,40532,131848,243075,0,0,0,0,0.0794062
848956,9,1,139101,35879,30995,103222,187344,0,0,0,0,0.0806555
848957,9,1,180794,48521,42319,132273,254146,0,0,0,0,0.0660485
848958,9,1,192893,50530,43774,142363,261035,0,0,0,0,0.0673046
848959,9,1,185787,49461,42402,136326,259140,0,0,0,0,0.0858469
848960,9,1,102921,25880,21643,77041,135428,0,0,0,0,0.0988654
848961,9,1,119959,30610,26283,89349,159775,0,0,0,0,0.0779164
848964,9,1,134711,34162,29379,100549,176089,0,0,0,0,0.0713787
848969,9,1,135287,35487,30807,99800,186099,0,0,0,0,0.130674
848970,9,1,110065,28489,24132,81576,150600,0,0,0,0,0.0615217
848971,9,1,122414,31486,27335,90928,165500,0,0,0,0,0.0829333
848974,9,1,132989,34002,29596,98987,176260,0,0,0,0,0.0781511
848979,9,1,131035,34225,30110,96810,179887,0,0,0,0,0.114926
848980,9,1,139957,36949,31084,103008,194914,0,0,0,0,0.092655
848981,9,1,149261,38498,32932,110763,200228,0,0,0,0,0.0673933
848984,9,1,135954,35581,30764,100373,186709,0,0,0,0,0.0782832
848989,9,1,130195,33557,29035,96638,174214,0,0,0,0,0.0619141
848990,9,1,139920,36935,31082,102985,194834,0,0,0,0,0.0637205
848991,9,2,153634,40966,35272,112656,216744,1,0,0,0,0.168256
848994,9,1,149989,39398,34320,110591,207247,0,0,0,0,0.0780799
848999,9,1,121854,31775,27538,90079,167341,0,0,0,0,0.0572937
849000,9,1,146971,37903,31982,109068,197765,0,0,0,0,0.0609668
849001,9,1,165236,42592,36745,122644,219408,0,0,0,0,0.0643342
849004,9,1,135044,34816,29918,100228,182725,0,0,0,0,0.131246
849009,9,1,118884,31331,26928,87553,166109,0,0,0,0,0.132389
849030,9,1,134618,35700,30769,98918,188140,0,0,0,0,0.10425
849031,9,1,145009,38108,33353,106901,199496,0,0,0,0,0.0921667
849034,9,2,178638,47287,41149,131338,247651,1,0,0,0,0.202673
849039,9,2,240790,65195,57161,175583,344663,1,0,0,0,0.29543
849040,9,1,148376,39457,33881,108919,207777,0,0,0,0,0.0680068
849041,9,1,166352,43423,37567,122929,224947,0,0,0,0,0.0920028
849044,9,1,154110,41013,35102,113097,215515,0,0,0,0,0.142486
849049,9,2,173709,47059,40613,126638,247946,1,0,0,0,0.178904
849050,9,1,148212,39424,33870,108788,207622,0,0,0,0,0.082098
849051,9,2,167419,44819,38835,122588,236424,1,0,0,0,0.203933
849054,9,1,163971,44155,38539,119816,233055,0,0,0,0,0.0970055
849059,9,2,164039,44730,38327,119297,237029,1,0,0,0,0.245293
849060,9,1,157813,40969,35324,116844,213397,0,0,0,0,0.0897911
849061,9,2,221068,61037,53507,160019,324196,1,0,0,0,0.231011
849064,9,1,153924,40900,35436,113024,215478,0,0,0,0,0.120751
849069,9,1,137327,36614,31713,100713,193006,0,0,0,0,0.0807187
849090,9,1,160225,43744,37623,116481,231978,0,0,0,0,0.0886959
849091,9,1,166971,44587,38351,122384,234007,0,0,0,0,0.06031
849094,9,2,257158,70371,61128,186776,373320,1,0,0,0,0.230895
849099,9,2,206909,57032,49562,149865,301925,1,0,0,0,0.216976
849100,9,1,160178,43741,37622,116437,231989,0,0,0,0,0.0898702
849101,9,2,219942,61165,53605,158765,325646,1,0,0,0,0.208086
849104,9,2,246020,68153,59521,177855,363029,1,0,0,0,0.189322
849109,9,2,178695,48800,42157,129883,258671,1,0,0,0,0.157055
849110,9,1,169656,44135,38230,125521,228424,0,0,0,0,0.066545
849111,9,2,169067,46381,40340,122674,246751,1,0,0,0,0.166943
849114,9,2,222488,61959,53949,160516,330504,1,0,0,0,0.176522
849119,9,2,182923,50041,43529,132869,264704,1,0,0,0,0.186128
849140,9,1,128519,33750,28705,94769,177468,0,0,0,0,0.0568751
849141,9,1,141509,37179,32273,104330,195405,0,0,0,0,0.0717537
849144,9,2,209821,58187,50941,151621,310098,1,0,0,0,0.218478
849149,9,2,172005,46628,40386,125364,246424,1,0,0,0,0.199676
849150,9,1,139470,36452,31633,103018,190430,0,0,0,0,0.0659881
849151,9,1,151548,39836,34510,111712,208842,0,0,0,0,0.0684287
849154,9,2,245494,67603,59162,177878,359952,1,0,0,0,0.175867
849159,9,2,172072,47028,41070,125031,249229,1,0,0,0,0.144922
849180,9,2,168120,44993,39217,123114,236958,1,0,0,0,0.153551
849181,9,1,148836,38339,32925,110497,199401,0,0,0,0,0.068386
849184,9,2,234591,64267,56280,170313,341346,1,0,0,0,0.164103
849189,9,2,252374,69854,61222,182508,371773,1,0,0,0,0.164838
849230,9,2,245209,66019,57504,179178,348678,1,0,0,0,0.200099
849231,9,2,165747,44188,37796,121547,232833,1,0,0,0,0.177749
849232,9,2,163618,43955,37623,119651,232883,1,0,0,0,0.154521
849233,9,1,132677,34916,29939,97761,183485,0,0,0,0,0.0590185
849234,9,2,192812,52311,45718,140489,276062,1,0,0,0,0.153254
849235,9,2,162019,43354,37636,118653,228850,1,0,0,0,0.14168
849236,9,2,166896,44666,39031,122217,235379,1,0,0,0,0.151264
849237,9,2,163255,43436,37636,119806,228438,1,0,0,0,0.136982
849238,9,2,162610,43212,37281,119385,227507,1,0,0,0,0.146397
849239,9,2,263778,72071,62661,191695,381685,1,0,0,0,0.163889
849522,18,1,151298,40446,34683,110852,214455,0,0,0,0,0.0802072
849525,18,1,168822,45422,39023,123400,240088,0,0,0,0,0.0816191
849528,18,1,159420,42072,36384,117348,219926,0,0,0,0,0.0829139
849532,18,1,156624,42604,37003,114020,227721,0,0,0,0,0.0640723
849535,18,1,160653,43407,37997,117246,230631,0,0,0,0,0.0604645
849538,18,1,152870,40519,35511,112351,212124,0,0,0,0,0.0589416
849542,18,1,158870,41927,36122,116943,220737,0,0,0,0,0.0570442
849545,18,1,156906,41490,35815,115416,217112,0,0,0,0,0.058532
849548,18,1,163869,43832,38096,120037,231405,0,0,0,0,0.0808392
849552,18,1,176699,46591,40653,130108,244186,0,0,0,0,0.0608205
849555,18,1,167451,44651,39071,122800,234474,0,0,0,0,0.0634359
849558,18,1,158961,42712,36977,116249,226425,0,0,0,0,0.0644339
849562,18,1,154437,40465,35241,113972,211047,0,0,0,0,0.075879
849565,18,1,163930,43785,38357,120145,232135,0,0,0,0,0.0648744
849568,18,1,164494,43798,38438,120696,231601,0,0,0,0,0.0680872
849570,18,1,166433,44232,38174,122201,232859,0,0,0,0,0.0595594
849571,18,1,178676,47104,41065,131572,246305,0,0,0,0,0.060749
849572,18,1,164852,43027,37691,121825,222513,0,0,0,0,0.0661777
849573,18,1,170575,45500,39955,125075,240012,0,0,0,0,0.128392
849574,18,1,155058,40018,35036,115040,207144,0,0,0,0,0.0964539
849575,18,1,163747,43369,37951,120378,228496,0,0,0,0,0.166086
849576,18,1,163652,43028,37240,120624,226016,0,0,0,0,0.0722697
849577,18,1,164779,43079,37298,121700,224888,0,0,0,0,0.0729544
849578,18,1,153082,40355,34812,112727,212500,0,0,0,0,0.0750583
849579,18,1,142429,37882,32290,104547,200227,0,0,0,0,0.0771441
849592,18,1,181089,50249,43963,130840,268055,0,0,0,0,0.0643358
849595,18,1,186658,50785,45000,135873,267981,0,0,0,0,0.0818927
849598,18,2,177985,47619,41694,130353,250188,1,0,0,0,0.162697
849602,18,1,165959,43606,37777,122353,227724,0,0,0,0,0.0589068
849605,18,1,176622,47078,40758,129544,245145,0,0,0,0,0.0590284
849608,18,2,261254,71821,62042,189421,380795,1,0,0,0,0.173371
849612,18,1,189553,49988,43843,139565,260430,0,0,0,0,0.0622253
849615,18,1,186771,50743,44717,136028,266299,0,0,0,0,0.0646343
849618,18,1,166938,44480,38354,122458,233971,0,0,0,0,0.0570778
849622,18,1,178498,47567,41571,130931,247999,0,0,0,0,0.0597914
849625,18,1,183285,49465,43404,133820,261149,0,0,0,0,0.0618583
849628,18,1,182792,49516,43079,133276,261616,0,0,0,0,0.0624657
849630,18,1,179241,47803,41318,131438,250305,0,0,0,0,0.0582404
849631,18,1,189029,50178,44263,138851,260934,0,0,0,0,0.0599395
849632,18,2,169529,45627,39777,123889,241162,1,0,0,0,0.155924
849633,18,1,186041,50035,44103,136006,263350,0,0,0,0,0.0840481
849634,18,1,170463,44536,38797,125927,230578,0,0,0,0,0.0580879
849635,18,1,175310,46710,41028,128600,244625,0,0,0,0,0.0591836
849636,18,1,176271,46550,40341,129721,242774,0,0,0,0,0.0841158
849637,18,1,171150,44928,38953,126222,233125,0,0,0,0,0.0586726
849638,18,1,166275,44260,38443,122015,232460,0,0,0,0,0.0626982
849639,18,1,151031,40322,34561,110709,212438,0,0,0,0,0.0777074
849652,18,1,175741,46794,40742,128947,244453,0,0,0,0,0.0602771
849655,18,1,176972,48203,41963,128769,255296,0,0,0,0,0.0552027
849658,18,1,180520,49158,43126,131362,259900,0,0,0,0,0.0558917
849662,18,1,191691,50540,44263,141151,261828,0,0,0,0,0.0671106
849665,18,1,184803,50904,44490,133899,270935,0,0,0,0,0.059543
849668,18,1,179672,48182,42418,131490,253332,0,0,0,0,0.0555501
849672,18,2,168795,46030,40172,122752,244782,1,0,0,0,0.165633
849675,18,2,272233,75893,66727,196327,405128,1,0,0,0,0.167939
849678,18,2,269042,75315,66203,193714,402775,1,0,0,0,0.229624
849680,18,1,180068,48638,42530,131430,256248,0,0,0,0,0.0632053
849681,18,1,191596,51346,45284,140250,268915,0,0,0,0,0.0682048
849682,18,1,179649,48584,42619,131065,254630,0,0,0,0,0.0656358
849684,18,1,181845,49413,43047,132432,261833,0,0,0,0,0.0674482
849685,18,1,187665,51057,44536,136608,270865,0,0,0,0,0.085601
849686,18,1,191141,51573,45451,139568,272326,0,0,0,0,0.0715811
849687,18,1,184503,49255,42678,135248,258650,0,0,0,0,0.0628627
849688,18,1,187716,50467,44328,137249,266171,0,0,0,0,0.0804685
849689,18,1,165586,43529,37995,122057,228224,0,0,0,0,0.0676004
849693,18,1,192994,52711,46723,140283,278552,0,0,0,0,0.0862762
849702,18,1,167003,43384,37563,123619,224176,0,0,0,0,0.0602208
849705,18,1,173404,46843,40529,126561,247642,0,0,0,0,0.0662971
849708,18,1,174367,46773,40306,127594,246013,0,0,0,0,0.0622622
849712,18,1,169639,45307,39567,124332,238081,0,0,0,0,0.0607476
849715,18,1,182426,49229,42639,133197,260598,0,0,0,0,0.0707225
849718,18,2,204104,56997,50189,147094,304210,1,0,0,0,0.180807
849720,18,1,174065,48222,41913,125843,256680,0,0,0,0,0.0757216
849721,18,1,182287,49049,43140,133238,256258,0,0,0,0,0.0891175
849722,18,1,175647,47531,41611,128116,250679,0,0,0,0,0.0646269
849724,18,1,184348,50185,43623,134163,265763,0,0,0,0,0.0593011
849725,18,2,274484,76438,67622,198033,407959,1,0,0,0,0.163108
849728,18,1,208151,56284,49002,151867,295012,0,0,0,0,0.0579576
849729,18,1,190881,50943,44139,139938,266046,0,0,0,0,0.0553873
849733,18,1,174316,46051,39831,128265,240132,0,0,0,0,0.0562405
849736,18,1,189598,50643,44512,138955,266515,0,0,0,0,0.0603933
849737,18,2,215717,60438,52967,155267,322663,1,0,0,0,0.148735
849742,18,1,173150,46013,40212,127137,240603,0,0,0,0,0.0554009
849745,18,1,182116,48577,42137,133539,255414,0,0,0,0,0.0582189
849748,18,2,211287,58559,51609,152716,311359,1,0,0,0,0.148025
849750,18,1,177955,48417,42454,129538,255242,0,0,0,0,0.0708599
849751,18,1,180014,48001,41983,132013,250219,0,0,0,0,0.075167
849754,18,1,179729,49121,42721,130608,260322,0,0,0,0,0.103425
849759,18,1,187465,50874,44126,136591,268604,0,0,0,0,0.0826781
849762,18,1,170633,45997,39838,124636,242299,0,0,0,0,0.067081
849763,18,1,172368,46339,40398,126029,243920,0,0,0,0,0.0634411
849765,18,2,285765,79122,69502,206630,421166,1,0,0,0,0.16165
849766,18,1,183383,49186,43031,134197,259340,0,0,0,0,0.0602973
849767,18,2,194806,54199,47196,140594,288912,1,0,0,0,0.16476
849768,18,1,212296,57717,50256,154579,303097,0,0,0,0,0.0570972
849780,18,2,163283,43640,37640,119630,230298,1,0,0,0,0.157297
849781,18,2,272935,74708,64990,198215,395982,1,0,0,0,0.164799
849782,18,1,169469,45237,39520,124232,237679,0,0,0,0,0.0578592
849783,18,1,164380,44821,38654,119559,237602,0,0,0,0,0.0660172
849784,18,1,179784,48863,42457,130921,258370,0,0,0,0,0.0553162
849785,18,1,178410,47483,41680,130927,249134,0,0,0,0,0.0538688
849786,18,1,165371,44044,38417,121327,232336,0,0,0,0,0.0627544
849787,18,1,190724,52337,45745,138387,277093,0,0,0,0,0.0646537
849788,18,1,200807,53992,46981,146815,282381,0,0,0,0,0.0599205
849789,18,1,188628,51144,44279,137484,270015,0,0,0,0,0.0569592
850370,6,1,171343,45181,39411,126162,237340,0,0,0,0,0.0785485
850371,18,1,175316,47469,41385,127847,251770,0,0,0,0,0.0640504
850374,18,1,201972,55631,49248,146341,295485,0,0,0,0,0.0652562
850379,18,1,175776,47355,41485,128421,251234,0,0,0,0,0.0568299
850380,6,1,171322,45128,39378,126194,236936,0,0,0,0,0.0868989
850381,18,1,175288,47454,41340,127834,251694,0,0,0,0,0.0742251
850384,18,1,202137,55677,49307,146460,295697,0,0,0,0,0.0671697
850389,18,1,175732,47337,41491,128395,251117,0,0,0,0,0.0659821
850390,6,1,171470,45177,39436,126293,237229,0,0,0,0,0.0865748
850391,18,1,192279,52662,46477,139617,278334,0,0,0,0,0.0910536
850394,18,1,207900,56637,50179,151263,297589,0,0,0,0,0.0778837
850399,18,1,165824,43886,37897,121938,231647,0,0,0,0,0.0595657
850400,18,1,149858,39622,34114,110236,209309,0,0,0,0,0.066785
850401,18,1,168902,45428,39726,123474,240821,0,0,0,0,0.0816408
850404,18,1,185448,49665,43845,135783,262150,0,0,0,0,0.0742495
850409,18,1,173349,46678,40932,126671,246702,0,0,0,0,0.0878979
850422,36,1,180121,48921,42647,131200,259989,0,0,0,0,0.0709553
850425,36,1,190019,51698,45167,138321,274429,0,0,0,0,0.0899935
850428,36,1,189178,50870,44281,138308,268086,0,0,0,0,0.090966
850430,6,1,177981,47485,41631,130496,251098,0,0,0,0,0.103883
850431,18,1,174707,47142,40671,127565,250242,0,0,0,0,0.0633266
850434,18,1,195754,53517,47136,142237,283619,0,0,0,0,0.0645662
850439,18,1,178850,47982,42082,130868,253444,0,0,0,0,0.0591315
850440,6,1,177780,47411,41597,130369,250672,0,0,0,0,0.0831214
850441,18,1,174540,47090,40639,127450,249941,0,0,0,0,0.0622412
850444,18,1,196179,53651,47291,142528,284306,0,0,0,0,0.07378
850449,18,1,178748,47958,42050,130790,253308,0,0,0,0,0.0625373
850450,6,1,177661,47374,41586,130287,250460,0,0,0,0,0.0990632
850451,18,1,204799,56844,49915,147955,302990,0,0,0,0,0.0955934
850454,18,1,221133,60970,53900,160163,323059,0,0,0,0,0.0699281
850459,18,1,168587,44665,38835,123922,235684,0,0,0,0,0.0774313
850460,18,1,163663,44063,38413,119600,234061,0,0,0,0,0.0841218
850461,18,1,179655,48885,43089,130770,259987,0,0,0,0,0.0744443
850464,18,1,197409,53122,46902,144287,279124,0,0,0,0,0.055922
850469,18,1,183264,49701,43462,133563,263752,0,0,0,0,0.0992676
850482,36,1,186023,50850,44147,135173,271556,0,0,0,0,0.0648008
850485,36,1,195923,53846,47213,142077,287238,0,0,0,0,0.0663296
850488,36,1,190616,51347,44716,139269,271158,0,0,0,0,0.0931416
850490,6,1,175683,45609,40200,130074,237255,0,0,0,0,0.0857088
850491,18,1,153022,39816,34853,113206,207800,0,0,0,0,0.06136
850494,18,1,195623,52983,46265,142640,279845,0,0,0,0,0.0907201
850499,18,1,200831,54854,48274,145977,290036,0,0,0,0,0.0794973
850500,6,1,175669,45606,40199,130063,237237,0,0,0,0,0.0795205
850501,18,1,171464,45210,39871,126254,235558,0,0,0,0,0.0752258
850504,18,1,188378,51270,45136,137108,272248,0,0,0,0,0.0802069
850509,18,1,182983,49169,43279,133814,260433,0,0,0,0,0.0784372
850510,18,1,165237,43316,37801,121921,226189,0,0,0,0,0.0689806
850511,18,2,191077,51872,45860,139192,276346,1,0,0,0,0.15924
850514,18,1,187826,51040,44798,136786,270919,0,0,0,0,0.0616484
850519,18,1,181894,48849,42577,133045,258537,0,0,0,0,0.083003
850532,36,1,179182,47829,42171,131353,251394,0,0,0,0,0.0851935
850535,36,1,205401,56610,49573,148791,302391,0,0,0,0,0.0590666
850538,36,1,197181,53755,47255,143426,285787,0,0,0,0,0.059173
850540,6,1,175891,45669,40244,130222,237605,0,0,0,0,0.08089
850541,18,2,216093,60399,53673,155681,323497,1,0,0,0,0.135635
850544,18,1,181816,48641,42769,133175,256760,0,0,0,0,0.0629879
850549,18,2,240447,66097,58240,174337,352386,1,0,0,0,0.159606
850550,18,1,165510,43411,37859,122099,226755,0,0,0,0,0.0591578
850551,18,2,197375,53769,47828,143593,286408,1,0,0,0,0.161235
850554,18,2,269370,74899,65614,194458,401053,1,0,0,0,0.171378
850559,18,1,177778,47182,41205,130596,247107,0,0,0,0,0.0845775
850572,36,1,193137,51819,45871,141318,272221,0,0,0,0,0.0893341
850575,36,1,201066,54938,48255,146128,292763,0,0,0,0,0.0693002
850578,36,1,190125,51495,45368,138630,272230,0,0,0,0,0.0578979
850580,18,2,245703,67177,59590,178514,355734,1,0,0,0,0.138376
850581,18,2,245445,67112,59565,178321,355363,1,0,0,0,0.13259
850584,18,2,268268,73534,64453,194721,389830,1,0,0,0,0.175578
850589,18,2,232804,62617,54691,170174,328943,1,0,0,0,0.189355
850602,36,1,181125,47470,41336,133655,246867,0,0,0,0,0.0840505
850605,36,1,199592,54208,47916,145384,287638,0,0,0,0,0.0824648
850608,36,1,197746,53562,47291,144184,283167,0,0,0,0,0.0615605
850630,18,1,164181,42532,37536,121649,220149,0,0,0,0,0.0585939
850631,18,1,164074,42497,37547,121577,219911,0,0,0,0,0.0587611
850632,18,1,155819,40267,35452,115552,209709,0,0,0,0,0.0553882
850633,18,1,182319,47526,42250,134793,247445,0,0,0,0,0.0795713
850634,18,1,170655,44700,39528,125955,234421,0,0,0,0,0.0747622
850635,18,1,167815,44339,39340,123476,233895,0,0,0,0,0.0697885
850636,18,1,174475,46362,40959,128113,244752,0,0,0,0,0.0810832
850637,18,1,170057,44991,39669,125066,236692,0,0,0,0,0.0770308
850638,18,1,173745,45903,40312,127842,241157,0,0,0,0,0.0876214
850639,18,1,159408,41115,35971,118293,213610,0,0,0,0,0.059438
850660,6,1,196737,53633,47564,143104,284006,0,0,0,0,0.0804054
850661,18,1,187496,51316,44654,136180,271828,0,0,0,0,0.0793125
850664,18,1,206731,57179,50003,149552,303533,0,0,0,0,0.070095
850669,18,1,210366,57605,50256,152761,304266,0,0,0,0,0.0781358
850670,6,1,196709,53646,47572,143063,284119,0,0,0,0,0.100822
850671,18,2,232705,65645,58024,167048,352316,1,0,0,0,0.15031
850674,18,1,193357,53151,46642,140206,281685,0,0,0,0,0.0826738
850679,18,1,187047,50465,44319,136582,265983,0,0,0,0,0.0719135
850680,18,1,169968,45914,39816,124054,243036,0,0,0,0,0.0544707
850681,18,1,197039,52895,46079,144144,277622,0,0,0,0,0.0767974
850684,18,1,167879,44720,39109,123159,236881,0,0,0,0,0.0806568
850689,18,1,184994,49424,42943,135570,260295,0,0,0,0,0.0781918
850702,36,1,189713,51428,44983,138285,271862,0,0,0,0,0.0632865
850705,36,1,205351,56715,49729,148636,301899,0,0,0,0,0.0664151
850708,36,1,196791,53998,47197,142793,287117,0,0,0,0,0.0772421
850720,6,1,172104,45326,39381,126778,238487,0,0,0,0,0.0721183
850721,18,1,162102,43495,37624,118607,230028,0,0,0,0,0.0561644
850724,18,1,162275,43036,37612,119239,225653,0,0,0,0,0.0533061
850729,18,1,186833,49718,43695,137115,258866,0,0,0,0,0.0547172
850730,6,1,171980,45292,39365,126688,238292,0,0,0,0,0.0721198
850731,18,1,185977,51087,44850,134890,270689,0,0,0,0,0.0578712
850734,18,2,252170,69906,61536,182252,375190,1,0,0,0,0.127845
850739,18,2,219219,59924,52891,159282,319990,1,0,0,0,0.125683
850740,18,1,158274,42306,36531,115968,224233,0,0,0,0,0.0517274
850741,18,2,249276,68207,59709,181056,364172,1,0,0,0,0.128678
850744,18,2,189967,51642,45623,138313,274788,1,0,0,0,0.122687
850749,18,1,187657,49934,43441,137723,261787,0,0,0,0,0.0636237
850762,36,1,174192,46895,40939,127297,248216,0,0,0,0,0.0542361
850765,36,2,258730,72794,64324,185923,391766,1,0,0,0,0.129918
850768,36,2,244473,67390,59451,177070,360633,1,0,0,0,0.126982
850770,6,1,173066,46078,40293,126988,243536,0,0,0,0,0.0762043
850771,18,1,153985,40836,35172,113149,216072,0,0,0,0,0.0550573
850774,18,1,184427,49317,42915,135110,259944,0,0,0,0,0.058351
850779,18,1,198028,53482,46782,144546,282646,0,0,0,0,0.0610287
850780,6,1,173032,46065,40302,126967,243440,0,0,0,0,0.0804868
850781,18,1,176318,47602,41234,128716,252267,0,0,0,0,0.0596817
850784,18,1,190236,51819,45186,138417,275743,0,0,0,0,0.0619537
850789,18,1,186876,50307,44066,136569,266090,0,0,0,0,0.0611811
850790,18,1,154070,41460,35698,112610,220707,0,0,0,0,0.0575123
850791,18,1,168806,45255,39292,123551,239444,0,0,0,0,0.0576322
850794,18,2,280468,78043,68856,202412,417357,1,0,0,0,0.143099
850799,18,1,170352,44839,39133,125513,235450,0,0,0,0,0.0538159
850812,36,1,175096,47174,40807,127922,250655,0,0,0,0,0.0869213
850815,36,1,198542,54385,46821,144157,290197,0,0,0,0,0.0871309
850818,36,1,188054,51010,44383,137044,270225,0,0,0,0,0.060314
850820,6,1,172575,45798,40545,126777,242023,0,0,0,0,0.0835771
850821,18,1,163389,44276,38810,119113,235443,0,0,0,0,0.0561015
850824,18,1,192284,52572,46184,139712,277750,0,0,0,0,0.0610563
850829,18,1,194720,52542,45988,142178,275720,0,0,0,0,0.0890537
850830,18,1,160211,43167,37858,117044,229544,0,0,0,0,0.081627
850831,18,1,158025,41745,36443,116280,220264,0,0,0,0,0.0558639
850834,18,2,292363,81266,71278,211084,435614,1,0,0,0,0.13758
850839,18,1,202345,54095,47219,148250,284464,0,0,0,0,0.0586577
850852,36,1,187801,50840,44426,136961,269535,0,0,0,0,0.0801002
850855,36,1,200665,55211,48235,145454,294693,0,0,0,0,0.0615236
850858,36,1,207459,57178,49572,150281,304035,0,0,0,0,0.0566688
850860,18,1,175409,46876,41034,128533,247107,0,0,0,0,0.0552999
850861,18,2,284179,77408,68181,206758,410229,1,0,0,0,0.141324
850864,18,2,282900,78465,69129,204422,417548,1,0,0,0,0.132806
850869,18,2,239929,65138,57656,174780,343311,1,0,0,0,0.123617
850882,36,1,176293,46712,40302,129581,245454,0,0,0,0,0.0507235
850885,36,1,188862,50384,43781,138478,264484,0,0,0,0,0.0536753
850888,36,1,211240,57928,50212,153312,306343,0,0,0,0,0.0582323
850910,18,1,163522,43355,38291,120167,228761,0,0,0,0,0.0540769
850911,18,2,294670,80230,71319,214428,424033,1,0,0,0,0.175073
850912,18,1,174146,46004,40340,128142,241273,0,0,0,0,0.0679432
850913,18,1,178691,46439,40779,132252,239089,0,0,0,0,0.0616812
850914,18,1,176713,46712,40940,130001,244867,0,0,0,0,0.0710788
850915,18,2,258071,71471,63115,186588,381609,1,0,0,0,0.148239
850916,18,1,180207,47223,41385,132984,245851,0,0,0,0,0.0541431
850917,18,2,184093,49319,43576,134762,260402,1,0,0,0,0.144154
850918,18,2,244135,67730,59719,176392,360842,1,0,0,0,0.144146
850919,18,2,197394,53405,47460,143977,281598,1,0,0,0,0.145286
850950,6,1,196674,53631,47549,143043,284031,0,0,0,0,0.0744569
850951,18,2,237854,67077,59345,170765,359729,1,0,0,0,0.126687
850954,18,1,194602,53626,47236,140976,283388,0,0,0,0,0.0563988
850959,18,1,176258,47299,41331,128959,249121,0,0,0,0,0.0528113
850960,18,1,170073,45931,39841,124142,243115,0,0,0,0,0.0567838
850961,18,1,206526,55820,48727,150706,292495,0,0,0,0,0.0556715
850964,18,1,162811,43270,37764,119541,229059,0,0,0,0,0.0544659
850969,18,1,169142,45387,39530,123755,239979,0,0,0,0,0.064843
850982,36,1,200363,54488,47730,145875,288028,0,0,0,0,0.061335
850985,36,1,203007,56042,49265,146965,298544,0,0,0,0,0.06152
850988,36,1,185747,50483,43999,135264,268198,0,0,0,0,0.0546545
851010,6,1,171965,45289,39366,126676,238269,0,0,0,0,0.0718373
851011,18,1,203990,56794,49911,147196,301953,0,0,0,0,0.0579815
851014,18,1,170465,46397,40598,124068,247323,0,0,0,0,0.0509626
851019,18,1,164277,43486,38151,120791,228320,0,0,0,0,0.0480498
851020,18,1,158407,42342,36550,116065,224421,0,0,0,0,0.0523481
851021,18,2,255620,70249,61441,185358,375295,1,0,0,0,0.130457
851024,18,1,184987,50800,44532,134187,270673,0,0,0,0,0.0631906
851029,18,1,169905,45347,39183,124558,239728,0,0,0,0,0.0552791
851042,36,1,186040,50655,44369,135385,268940,0,0,0,0,0.0547355
851045,36,1,204040,56556,49880,147484,302610,0,0,0,0,0.0601636
851048,36,1,173869,46735,40681,127134,247412,0,0,0,0,0.0632342
851060,6,1,172896,46033,40289,126863,243268,0,0,0,0,0.0775399
851061,18,2,221413,61851,54835,159549,332093,1,0,0,0,0.160442
851064,18,1,198491,54402,47561,144089,290000,0,0,0,0,0.0620735
851069,18,2,221283,61325,54164,159945,328365,1,0,0,0,0.156499
851070,18,1,153917,41424,35696,112493,220509,0,0,0,0,0.0564584
851071,18,1,189844,51461,45124,138383,271942,0,0,0,0,0.0599464
851074,18,2,282791,78783,69386,203995,421301,1,0,0,0,0.174103
851079,18,1,171891,45237,39439,126654,236664,0,0,0,0,0.0622926
851092,36,1,194636,53239,46707,141397,283292,0,0,0,0,0.0631537
851095,36,1,203616,56001,48529,147615,298981,0,0,0,0,0.0630765
851098,36,1,192681,52348,45695,140333,276906,0,0,0,0,0.0564469
851100,6,1,172594,45799,40563,126795,242060,0,0,0,0,0.0805102
851101,18,1,170402,46240,40732,124162,246226,0,0,0,0,0.0695489
851104,18,1,198674,54502,47940,144172,288344,0,0,0,0,0.089045
851109,18,1,201239,54265,47847,146974,285203,0,0,0,0,0.0614286
851110,18,1,160103,43128,37814,116975,229342,0,0,0,0,0.0582953
851111,18,1,164671,43511,38182,121160,230010,0,0,0,0,0.0584259
851114,18,1,186079,50213,43826,135866,266144,0,0,0,0,0.0572818
851119,18,1,210134,56741,49604,153393,299887,0,0,0,0,0.0622168
851132,36,1,194221,52740,46611,141481,280270,0,0,0,0,0.0581055
851135,36,1,205598,56990,50015,148608,304873,0,0,0,0,0.0588911
851138,36,1,212117,58712,51490,153405,313269,0,0,0,0,0.0614415
851140,18,1,175452,46861,41025,128591,246979,0,0,0,0,0.0571322
851141,18,2,284044,77388,68157,206643,410173,1,0,0,0,0.208713
851144,18,2,282746,78415,69112,204318,417257,1,0,0,0,0.181879
851149,18,2,239778,65096,57636,174671,343093,1,0,0,0,0.12539
851162,36,1,168713,44830,38689,123883,236955,0,0,0,0,0.0500861
851165,36,1,183106,49067,42600,134039,258596,0,0,0,0,0.05309
851168,36,1,204042,55543,48119,148499,294184,0,0,0,0,0.0570355
851190,18,1,163731,43396,38322,120335,228963,0,0,0,0,0.0563544
851191,18,2,294536,80219,71326,214305,424013,1,0,0,0,0.146415
851192,18,1,163223,43030,37586,120193,227140,0,0,0,0,0.0696
851193,18,1,169735,44145,38643,125590,229483,0,0,0,0,0.0741241
851194,18,1,176548,46660,40907,129888,244550,0,0,0,0,0.0494037
851195,18,2,249586,68921,60976,180653,368213,1,0,0,0,0.143394
851196,18,1,171330,45016,39624,126314,235944,0,0,0,0,0.0547944
851197,18,1,198536,53870,47306,144666,283620,0,0,0,0,0.0590602
851198,18,1,194027,52120,45631,141907,274844,0,0,0,0,0.0558461
851199,18,2,197302,53384,47450,143906,281505,1,0,0,0,0.119911
851240,18,2,246223,68206,60302,178004,364607,1,0,0,0,0.138325
851241,18,2,191986,52448,46263,139526,278745,1,0,0,0,0.143504
851244,18,1,151666,39623,34203,112043,208272,0,0,0,0,0.0535214
851249,18,1,156259,41643,36009,114616,220059,0,0,0,0,0.0671823
851262,36,1,187876,50195,43886,137681,263532,0,0,0,0,0.0720681
851265,36,1,193140,52777,46281,140363,281196,0,0,0,0,0.0582601
851268,36,1,188030,51421,44693,136609,274098,0,0,0,0,0.0888726
851300,18,1,178013,47900,41782,130113,253689,0,0,0,0,0.153421
851301,18,2,191082,51959,45621,139112,276844,1,0,0,0,0.201285
851304,18,1,188768,51857,45526,136911,275902,0,0,0,0,0.0885221
851309,18,1,160255,42856,36935,117399,227278,0,0,0,0,0.109976
851322,36,1,190645,51417,44516,139228,271287,0,0,0,0,0.0690593
851325,36,1,195188,53508,46881,141680,285424,0,0,0,0,0.0863761
851328,36,1,184346,49876,43230,134470,265080,0,0,0,0,0.0770462
851350,18,2,186868,50437,44557,136418,267915,1,0,0,0,0.164738
851351,18,2,188324,50527,44575,137784,267774,1,0,0,0,0.146671
851354,18,2,309988,85875,75239,224100,457443,1,0,0,0,0.166272
851359,18,1,167972,43858,38231,124114,227394,0,0,0,0,0.0692922
851372,36,1,187227,50807,44493,136420,268604,0,0,0,0,0.059741
851375,36,1,208665,57223,49906,151442,304307,0,0,0,0,0.0597122
851378,36,1,203437,56046,48689,147391,298261,0,0,0,0,0.0637851
851390,18,2,226232,63744,56273,162475,342685,1,0,0,0,0.138851
851391,18,1,176284,47245,41412,129039,250435,0,0,0,0,0.0619725
851394,18,1,182890,49034,42818,133856,258462,0,0,0,0,0.0588377
851399,18,2,271290,74486,65769,196791,396638,1,0,0,0,0.162278
851412,36,1,195699,53106,46721,142593,281848,0,0,0,0,0.06356
851415,36,1,201689,55128,48210,146561,293628,0,0,0,0,0.0576244
851418,36,1,216575,59566,52186,157009,317339,0,0,0,0,0.0605376
851420,18,2,231204,64351,56956,166840,344006,1,0,0,0,0.142635
851421,18,1,173221,46557,40612,126664,246775,0,0,0,0,0.0606242
851424,18,1,178015,47473,41409,130542,249789,0,0,0,0,0.0577625
851429,18,2,266723,73107,64660,193603,389785,1,0,0,0,0.137516
851442,36,1,184307,49676,43426,134631,263216,0,0,0,0,0.053446
851445,36,1,191469,51823,45105,139646,274745,0,0,0,0,0.053537
851448,36,1,217938,59826,52296,158112,318248,0,0,0,0,0.069755
851470,18,1,156376,41498,36549,114878,219740,0,0,0,0,0.0608461
851471,18,2,276238,75362,66560,200864,400728,1,0,0,0,0.177618
851472,18,1,158532,41692,36303,116840,220044,0,0,0,0,0.052304
851473,18,1,160355,42076,36612,118279,220284,0,0,0,0,0.0560355
851474,18,1,172940,46125,40244,126815,243579,0,0,0,0,0.0501879
851475,18,2,188749,51213,45192,137524,271677,1,0,0,0,0.122382
851476,18,1,166985,43933,38528,123052,231335,0,0,0,0,0.0565584
851477,18,1,191365,51700,45517,139665,273431,0,0,0,0,0.0575908
851478,18,1,193849,52045,45745,141804,273407,0,0,0,0,0.0558919
851479,18,1,185302,49768,43475,135534,263272,0,0,0,0,0.0545122
851750,18,1,179108,47941,42582,131167,253592,0,0,0,0,0.114959
851751,18,1,169219,45201,39941,124018,236655,0,0,0,0,0.059777
851752,18,1,157906,41978,36811,115928,221428,0,0,0,0,0.0583349
851753,18,1,153098,40973,35885,112125,217573,0,0,0,0,0.0635964
851754,18,1,183871,49036,43307,134835,256287,0,0,0,0,0.0662623
851755,18,2,264756,73109,64556,191635,389701,1,0,0,0,0.192503
851756,18,2,257256,70114,62049,187130,371835,1,0,0,0,0.145739
851757,18,1,206684,55398,48655,151286,287405,0,0,0,0,0.0590886
851758,18,1,205157,55005,48699,150152,286948,0,0,0,0,0.0592112
851759,18,1,194794,52584,46316,142210,276657,0,0,0,0,0.0661608
851820,36,1,190262,52030,45411,138232,276219,0,0,0,0,0.0534127
851821,36,1,199243,53723,46639,145520,282034,0,0,0,0,0.0538523
851822,36,1,202825,54793,47365,148032,285869,0,0,0,0,0.0507518
851823,36,1,199124,54575,48385,144549,289924,0,0,0,0,0.0723409
851824,36,1,182810,49006,42457,133804,256246,0,0,0,0,0.0551977
851825,36,1,180415,49030,42845,131385,259827,0,0,0,0,0.0533878
851826,36,1,193074,52485,45676,140589,276802,0,0,0,0,0.0558677
851827,36,1,181344,48591,42085,132753,254907,0,0,0,0,0.055318
851828,36,1,181502,49046,42887,132456,258905,0,0,0,0,0.0554068
851829,36,1,168580,45577,39660,123003,241064,0,0,0,0,0.0526082
851880,36,1,171303,46281,40116,125022,245657,0,0,0,0,0.0522847
851881,36,1,185180,49838,43344,135342,262344,0,0,0,0,0.0547684
851882,36,1,177739,47872,41528,129867,250996,0,0,0,0,0.0550242
851883,36,1,179310,49073,42816,130237,261547,0,0,0,0,0.0706675
851884,36,1,197101,53861,47043,143240,285730,0,0,0,0,0.0740292
851885,36,1,180468,48818,42819,131650,258097,0,0,0,0,0.0562239
851886,36,1,190267,52387,45110,137880,279518,0,0,0,0,0.075055
851887,36,1,173369,46211,40146,127158,242523,0,0,0,0,0.0606178
851888,36,1,169154,45586,39213,123568,242328,0,0,0,0,0.0539035
851889,36,1,146184,38247,32928,107937,201172,0,0,0,0,0.0544611
851930,36,1,173393,46727,40641,126666,247874,0,0,0,0,0.0605842
851931,36,1,180905,48401,42339,132504,255268,0,0,0,0,0.0629135
851932,36,1,170932,46187,39965,124745,244896,0,0,0,0,0.0592221
851933,36,1,184294,50844,44440,133450,271860,0,0,0,0,0.0820692
851934,36,1,198421,54509,47388,143912,290867,0,0,0,0,0.0635212
851935,36,1,194508,53360,46677,141148,284225,0,0,0,0,0.0711016
851936,36,1,205327,56539,49154,148788,302080,0,0,0,0,0.0902051
851937,36,1,190184,51358,44870,138826,271893,0,0,0,0,0.0604956
851938,36,1,191195,52192,45674,139003,277891,0,0,0,0,0.0598615
851939,36,1,174682,46476,40478,128206,245319,0,0,0,0,0.081001
851970,36,1,174805,47534,41725,127271,253418,0,0,0,0,0.0613276
851971,36,1,199225,54435,48190,144790,288715,0,0,0,0,0.0625146
851972,36,1,182336,49235,43249,133101,260691,0,0,0,0,0.121438
851973,36,1,184990,50353,43833,134637,267707,0,0,0,0,0.0864628
851974,36,1,195525,53068,46198,142457,281923,0,0,0,0,0.0584049
851975,36,1,203623,55834,48636,147789,295909,0,0,0,0,0.0556901
851976,36,1,187723,51328,44718,136395,273956,0,0,0,0,0.0558206
851977,36,1,210134,57767,50624,152367,306495,0,0,0,0,0.0574691
851978,36,1,230122,63633,55589,166489,337454,0,0,0,0,0.06234
851979,36,1,197712,53389,46664,144323,280969,0,0,0,0,0.0561702
852000,36,1,184557,50183,44094,134374,266294,0,0,0,0,0.0713855
852001,36,1,197942,54075,47697,143867,286503,0,0,0,0,0.058378
852002,36,1,174125,46486,40639,127639,245402,0,0,0,0,0.0533733
852003,36,1,168280,45322,39350,122958,241027,0,0,0,0,0.0581224
852004,36,1,194322,52789,45915,141533,280430,0,0,0,0,0.0551989
852005,36,1,196132,53478,46644,142654,283132,0,0,0,0,0.0574135
852006,36,1,177202,48077,41855,129125,255506,0,0,0,0,0.0551564
852007,36,1,199387,54863,48354,144524,291797,0,0,0,0,0.0585385
852008,36,1,230534,64052,56058,166482,340417,0,0,0,0,0.0615793
852009,36,1,192204,51977,45479,140227,275190,0,0,0,0,0.0576334
852020,36,1,172636,46793,40743,125843,247963,0,0,0,0,0.0585214
852021,36,2,180210,48487,42385,131710,256851,1,0,0,0,0.12149
852022,36,2,172908,46454,40405,126441,246621,1,0,0,0,0.121744
852023,36,1,149240,39672,34081,109568,210327,0,0,0,0,0.058564
852024,36,1,183152,49793,43264,133359,264006,0,0,0,0,0.0559631
852025,36,1,183271,49426,42996,133845,261080,0,0,0,0,0.0768095
852026,36,1,155570,41053,35884,114517,215881,0,0,0,0,0.068807
852027,36,1,191245,52549,46165,138696,279567,0,0,0,0,0.0738722
852028,36,1,205549,56221,48930,149328,296690,0,0,0,0,0.0586702
852029,36,1,195395,53535,46369,141860,284609,0,0,0,0,0.0594305
852610,6,1,169944,44818,39153,125126,235445,0,0,0,0,0.100055
852611,18,1,175167,47341,41157,127826,250976,0,0,0,0,0.0797702
852614,18,1,200894,55250,48825,145644,293370,0,0,0,0,0.0624842
852619,18,1,174367,47058,41200,127309,249814,0,0,0,0,0.0576063
852620,6,1,169775,44744,39090,125031,234983,0,0,0,0,0.0787005
852621,18,1,175131,47324,41113,127807,250890,0,0,0,0,0.0642347
852624,18,1,201119,55317,48902,145802,293704,0,0,0,0,0.0614945
852629,18,1,174380,47047,41206,127333,249708,0,0,0,0,0.0822479
852630,6,1,169930,44793,39153,125137,235273,0,0,0,0,0.113956
852631,18,1,191703,52427,46189,139276,277019,0,0,0,0,0.076212
852634,18,1,207668,56631,50259,151037,297719,0,0,0,0,0.0682923
852639,18,1,164554,43611,37723,120943,230349,0,0,0,0,0.0655908
852640,18,1,148423,39145,33643,109278,206700,0,0,0,0,0.0719698
852641,18,1,166675,44810,39215,121865,237628,0,0,0,0,0.078478
852644,18,1,183924,49286,43575,134638,260259,0,0,0,0,0.0603401
852649,18,1,173013,46593,40962,126420,246273,0,0,0,0,0.100727
852662,36,1,179673,48729,42489,130944,258915,0,0,0,0,0.0669238
852665,36,1,190022,51669,45213,138353,274268,0,0,0,0,0.0655473
852668,36,1,189845,51168,44564,138677,269739,0,0,0,0,0.0710711
852670,6,1,180596,48305,42432,132291,255669,0,0,0,0,0.0876118
852671,18,1,176374,47796,41370,128578,253972,0,0,0,0,0.0841279
852674,18,1,199166,54629,48130,144537,289812,0,0,0,0,0.0775645
852679,18,1,180610,48527,42586,132083,256450,0,0,0,0,0.0559054
852680,6,1,180421,48234,42401,132187,255259,0,0,0,0,0.079836
852681,18,1,176224,47746,41340,128478,253677,0,0,0,0,0.0590481
852684,18,1,199607,54766,48297,144841,290515,0,0,0,0,0.060987
852689,18,1,180505,48501,42554,132004,256300,0,0,0,0,0.0558838
852690,6,1,180329,48207,42393,132122,255105,0,0,0,0,0.111273
852691,18,1,205439,57157,50217,148282,304822,0,0,0,0,0.083334
852694,18,1,223472,61708,54601,161764,327013,0,0,0,0,0.0926089
852699,18,1,170860,45323,39466,125537,239324,0,0,0,0,0.0623181
852700,18,1,165405,44631,38919,120774,237214,0,0,0,0,0.0587445
852701,18,1,180448,49212,43391,131236,261867,0,0,0,0,0.0769681
852704,18,1,198988,53562,47351,145426,281390,0,0,0,0,0.0743517
852709,18,1,186238,50639,44299,135599,269066,0,0,0,0,0.0816463
852722,36,1,187488,51329,44612,136159,274117,0,0,0,0,0.063581
852725,36,1,197152,54389,47849,142763,290442,0,0,0,0,0.0617428
852728,36,1,192091,51838,45175,140253,273850,0,0,0,0,0.0633555
852730,6,1,176020,45648,40069,130372,237379,0,0,0,0,0.0803459
852731,18,1,152710,39717,34693,112993,207289,0,0,0,0,0.0578107
852734,18,1,195228,53030,46248,142198,280438,0,0,0,0,0.067597
852739,18,1,201190,55154,48551,146036,292032,0,0,0,0,0.0689536
852740,6,1,176006,45645,40067,130361,237361,0,0,0,0,0.0820735
852741,18,1,171661,45273,39968,126388,236008,0,0,0,0,0.0608605
852744,18,1,187753,51136,44979,136617,271623,0,0,0,0,0.068476
852749,18,1,183384,49318,43454,134066,261377,0,0,0,0,0.0591403
852750,18,1,166175,43493,37865,122682,227077,0,0,0,0,0.0602156
852751,18,2,193029,52336,46251,140680,278745,1,0,0,0,0.137816
852754,18,1,188404,51280,44963,137124,272313,0,0,0,0,0.0559656
852759,18,1,182967,49144,42922,133823,260144,0,0,0,0,0.0619384
852772,36,1,180369,48189,42423,132180,253561,0,0,0,0,0.0845967
852775,36,1,205995,56933,49919,149062,304416,0,0,0,0,0.0821845
852778,36,1,197173,53847,47420,143326,286515,0,0,0,0,0.0557792
852780,6,1,176230,45709,40116,130521,237735,0,0,0,0,0.0789004
852781,18,2,217226,60802,53977,156411,325829,1,0,0,0,0.158177
852784,18,1,180953,48477,42636,132476,256067,0,0,0,0,0.0586276
852789,18,2,241549,66324,58447,175212,353696,1,0,0,0,0.179493
852790,18,1,166496,43602,37942,122894,227709,0,0,0,0,0.0544791
852791,18,2,198710,54200,48159,144497,288853,1,0,0,0,0.123824
852794,18,2,291763,81123,71158,210627,433944,1,0,0,0,0.13667
852799,18,1,178047,47228,41244,130819,247318,0,0,0,0,0.0552227
852812,36,1,194498,52396,46325,142102,275778,0,0,0,0,0.0566246
852815,36,1,201834,55258,48596,146576,294718,0,0,0,0,0.0580212
852818,36,1,191121,51876,45754,139245,274447,0,0,0,0,0.0548465
852820,18,2,247224,67540,59961,179672,357637,1,0,0,0,0.133113
852821,18,2,246970,67476,59938,179482,357272,1,0,0,0,0.129585
852824,18,2,291267,79888,70212,211366,423070,1,0,0,0,0.13815
852829,18,2,234253,63071,55108,171169,331410,1,0,0,0,0.132627
852842,36,1,180691,47357,41131,133334,246397,0,0,0,0,0.0568692
852845,36,1,199005,54051,47706,144954,286985,0,0,0,0,0.0566847
852848,36,1,198859,53938,47622,144921,285348,0,0,0,0,0.056492
852870,18,1,164072,42413,37375,121659,219470,0,0,0,0,0.0532185
852871,18,1,163970,42379,37372,121591,219243,0,0,0,0,0.0532922
852872,18,1,155950,40278,35452,115672,209853,0,0,0,0,0.0662493
852873,18,1,182620,47660,42316,134960,248318,0,0,0,0,0.113115
852874,18,1,172882,45517,40314,127365,239280,0,0,0,0,0.0822091
852875,18,1,169768,45014,39851,124754,237797,0,0,0,0,0.0762806
852876,18,1,173369,46071,40672,127298,243263,0,0,0,0,0.057513
852877,18,1,170569,45323,40013,125246,238914,0,0,0,0,0.0613817
852878,18,1,173584,45887,40174,127697,241118,0,0,0,0,0.0643742
852879,18,1,159044,41054,35909,117990,213379,0,0,0,0,0.0519671
852900,6,1,196886,53813,47669,143073,285268,0,0,0,0,0.0902446
852901,18,1,187236,51298,44650,135938,271885,0,0,0,0,0.0812258
852904,18,1,207160,57276,50038,149884,304025,0,0,0,0,0.0819988
852909,18,1,210897,57800,50461,153097,305383,0,0,0,0,0.0806946
852910,6,1,196838,53818,47684,143020,285333,0,0,0,0,0.105213
852911,18,2,231409,65467,57784,165930,351702,1,0,0,0,0.168302
852914,18,1,193545,53233,46684,140312,282208,0,0,0,0,0.0605702
852919,18,1,186915,50554,44334,136361,266719,0,0,0,0,0.0682101
852920,18,1,170054,46022,39868,124032,243891,0,0,0,0,0.0635585
852921,18,1,197120,52949,46121,144171,278048,0,0,0,0,0.0606407
852924,18,1,168443,45000,39355,123443,238537,0,0,0,0,0.0602028
852929,18,1,183480,49124,42715,134356,258979,0,0,0,0,0.0606296
852942,36,1,189952,51533,45067,138419,272535,0,0,0,0,0.0607547
852945,36,1,204574,56556,49545,148018,301127,0,0,0,0,0.0636412
852948,36,1,196432,53948,47117,142484,286956,0,0,0,0,0.0602223
852960,6,1,173482,45887,39852,127595,241924,0,0,0,0,0.0781982
852961,18,1,163005,43803,37867,119202,231753,0,0,0,0,0.0764201
852964,18,1,163151,43394,37874,119757,227832,0,0,0,0,0.0505615
852969,18,1,187312,49827,43786,137485,259441,0,0,0,0,0.0545139
852970,6,1,173376,45856,39840,127520,241742,0,0,0,0,0.0800223
852971,18,1,186985,51443,45148,135542,272692,0,0,0,0,0.0790423
852974,18,2,253884,70649,62157,183223,379702,1,0,0,0,0.154877
852979,18,2,220148,60265,53027,159870,322230,1,0,0,0,0.16886
852980,18,1,158250,42322,36580,115928,224337,0,0,0,0,0.0742071
852981,18,2,250871,68877,60288,181981,368200,1,0,0,0,0.156228
852984,18,2,190233,51830,45703,138391,275994,1,0,0,0,0.122155
852989,18,1,189205,50498,43964,138707,265044,0,0,0,0,0.0604742
853002,36,1,174481,47014,41089,127467,249037,0,0,0,0,0.0520165
853005,36,2,259438,73243,64696,186182,394571,1,0,0,0,0.133203
853008,36,2,244950,67626,59543,177311,362139,1,0,0,0,0.16637
853010,6,1,173074,46084,40416,126990,243614,0,0,0,0,0.0817622
853011,18,1,153318,40705,35112,112613,215588,0,0,0,0,0.0578581
853014,18,1,184756,49448,42912,135308,260720,0,0,0,0,0.067449
853019,18,1,197618,53433,46693,144185,282552,0,0,0,0,0.0791265
853020,6,1,173077,46080,40436,126997,243562,0,0,0,0,0.0948284
853021,18,1,175976,47537,41238,128439,251929,0,0,0,0,0.0590373
853024,18,1,189721,51668,45065,138053,274909,0,0,0,0,0.067293
853029,18,1,187062,50408,44234,136654,266785,0,0,0,0,0.0584526
853030,18,1,154804,41788,36115,113016,222764,0,0,0,0,0.0601598
853031,18,1,169162,45469,39565,123693,240878,0,0,0,0,0.0565861
853034,18,2,303921,84519,74459,219389,451465,1,0,0,0,0.157716
853039,18,1,170749,44957,39205,125792,236108,0,0,0,0,0.0578997
853052,36,1,175364,47202,40969,128162,250859,0,0,0,0,0.060257
853055,36,1,199507,54675,47121,144832,291771,0,0,0,0,0.0579653
853058,36,1,187761,50996,44481,136765,270314,0,0,0,0,0.0579871
853060,6,1,172044,45546,40400,126498,240533,0,0,0,0,0.0867652
853061,18,1,162111,43742,38266,118369,232310,0,0,0,0,0.056506
853064,18,1,190877,52002,45684,138875,274447,0,0,0,0,0.0813057
853069,18,1,195210,52511,45950,142699,275301,0,0,0,0,0.073926
853070,18,1,160079,43053,37780,117026,228867,0,0,0,0,0.0605409
853071,18,1,158529,41893,36551,116636,221056,0,0,0,0,0.0549999
853074,18,2,311554,86442,75833,225099,462803,1,0,0,0,0.150733
853079,18,1,203167,54277,47345,148890,285393,0,0,0,0,0.055048
853092,36,1,187978,50892,44438,137086,269781,0,0,0,0,0.0565635
853095,36,1,200721,55189,48175,145532,294534,0,0,0,0,0.0585792
853098,36,1,207057,57008,49511,150049,302984,0,0,0,0,0.0616527
853100,18,1,175247,46772,41095,128475,246465,0,0,0,0,0.0613865
853101,18,2,261751,71138,62922,190600,377031,1,0,0,0,0.143392
853104,18,2,301503,83579,73597,217911,444619,1,0,0,0,0.188328
853109,18,2,240949,65390,57733,175548,344628,1,0,0,0,0.162805
853122,36,1,177536,47077,40701,130459,247423,0,0,0,0,0.0517943
853125,36,1,187814,49958,43462,137856,261923,0,0,0,0,0.0515302
853128,36,1,211940,58160,50409,153780,307610,0,0,0,0,0.0603036
853150,18,1,164207,43578,38603,120629,230020,0,0,0,0,0.0549124
853151,18,2,269150,73183,65188,195955,387171,1,0,0,0,0.134875
853152,18,1,174563,46148,40506,128415,242087,0,0,0,0,0.0568726
853153,18,1,179080,46575,40840,132505,239961,0,0,0,0,0.0578791
853154,18,1,178071,47237,41332,130834,247872,0,0,0,0,0.0506272
853155,18,2,259401,71885,63582,187504,383906,1,0,0,0,0.13836
853156,18,1,180618,47336,41444,133282,246502,0,0,0,0,0.053183
853157,18,2,185461,49606,43768,135843,261868,1,0,0,0,0.147443
853158,18,2,246992,68529,60328,178450,365294,1,0,0,0,0.132478
853159,18,2,196583,53093,47028,143478,279765,1,0,0,0,0.116802
853190,6,1,196794,53800,47659,142994,285227,0,0,0,0,0.0748804
853191,18,2,237046,67070,59225,169964,360101,1,0,0,0,0.123026
853194,18,1,194141,53433,47086,140708,282287,0,0,0,0,0.0562251
853199,18,1,175843,47311,41311,128532,249500,0,0,0,0,0.0665226
853200,18,1,170165,46040,39893,124125,243975,0,0,0,0,0.0771061
853201,18,1,206146,55742,48764,150404,292208,0,0,0,0,0.0650918
853204,18,1,162563,43267,37723,119296,229045,0,0,0,0,0.0667172
853209,18,1,168130,45154,39350,122976,238786,0,0,0,0,0.0851729
853222,36,1,200284,54537,47835,145747,288453,0,0,0,0,0.071609
853225,36,1,201760,55757,49050,146003,297122,0,0,0,0,0.0693776
853228,36,1,184966,50374,43874,134592,267846,0,0,0,0,0.0774356
853250,6,1,173304,45818,39813,127486,241506,0,0,0,0,0.0957046
853251,18,1,204205,56878,50060,147327,302398,0,0,0,0,0.0620263
853254,18,1,171826,46862,40911,124964,250036,0,0,0,0,0.0599148
853259,18,1,166312,44172,38679,122140,232276,0,0,0,0,0.0704723
853260,18,1,158159,42280,36531,115879,224069,0,0,0,0,0.0726941
853261,18,2,257133,70912,61961,186208,379345,1,0,0,0,0.188484
853264,18,1,187107,51541,45146,135566,274758,0,0,0,0,0.0873964
853269,18,1,172121,46002,39778,126119,243348,0,0,0,0,0.0809281
853282,36,1,186080,50715,44430,135365,269448,0,0,0,0,0.0807554
853285,36,1,204831,56884,50133,147947,304535,0,0,0,0,0.0744709
853288,36,1,175822,47360,41167,128462,250993,0,0,0,0,0.0611078
853300,6,1,172917,46045,40415,126872,243380,0,0,0,0,0.0862944
853301,18,2,221348,61873,54827,159462,332315,1,0,0,0,0.181306
853304,18,1,198474,54468,47602,144006,290509,0,0,0,0,0.0820961
853309,18,2,221486,61269,54116,160204,328028,1,0,0,0,0.143536
853310,18,1,154620,41744,36108,112876,222520,0,0,0,0,0.0642946
853311,18,1,190459,51657,45389,138802,273192,0,0,0,0,0.0737631
853314,18,2,305657,85100,74983,220544,454466,1,0,0,0,0.193743
853319,18,1,172768,45469,39570,127299,237962,0,0,0,0,0.0582071
853332,36,1,195295,53561,47020,141734,285438,0,0,0,0,0.0639744
853335,36,1,204138,56147,48739,147991,299742,0,0,0,0,0.0611015
853338,36,1,192126,52184,45592,139942,276096,0,0,0,0,0.0822458
853340,6,1,172061,45546,40419,126515,240564,0,0,0,0,0.0814436
853341,18,1,169378,45785,40352,123593,243461,0,0,0,0,0.0618962
853344,18,1,197635,54049,47556,143586,285687,0,0,0,0,0.0887733
853349,18,1,200568,53989,47595,146579,283577,0,0,0,0,0.0583554
853350,18,1,159905,43002,37728,116903,228613,0,0,0,0,0.0588102
853351,18,1,164528,43513,38251,121015,229982,0,0,0,0,0.0556534
853354,18,1,185796,50161,43801,135635,265964,0,0,0,0,0.0569487
853359,18,1,210443,56860,49712,153583,300543,0,0,0,0,0.0822904
853372,36,1,193599,52492,46431,141107,278782,0,0,0,0,0.0714022
853375,36,1,205837,57001,50077,148836,304842,0,0,0,0,0.05831
853378,36,1,211916,58616,51465,153300,312657,0,0,0,0,0.0595061
853380,18,1,175257,46748,41080,128509,246283,0,0,0,0,0.0558731
853381,18,2,261792,71152,62890,190627,377133,1,0,0,0,0.135454
853384,18,2,301269,83509,73561,217747,444224,1,0,0,0,0.138794
853389,18,2,240808,65352,57714,175445,344435,1,0,0,0,0.131289
853402,36,1,168651,44822,38681,123829,236882,0,0,0,0,0.0521448
853405,36,1,182083,48591,42188,133492,255673,0,0,0,0,0.0550488
853408,36,1,204285,55672,48237,148613,294957,0,0,0,0,0.0580604
853430,18,1,164324,43583,38605,120741,230024,0,0,0,0,0.0552401
853431,18,2,268995,73133,65143,195850,386892,1,0,0,0,0.138984
853432,18,1,163307,43040,37516,120267,227066,0,0,0,0,0.0547684
853433,18,1,169664,44126,38512,125538,229428,0,0,0,0,0.0572738
853434,18,1,177835,47148,41272,130687,247325,0,0,0,0,0.0624958
853435,18,2,250800,69259,61281,181529,370075,1,0,0,0,0.173304
853436,18,1,171794,45161,39748,126633,236817,0,0,0,0,0.0575451
853437,18,1,200078,54395,47798,145683,286489,0,0,0,0,0.0748819
853438,18,1,194205,52304,45844,141901,276136,0,0,0,0,0.0708933
853439,18,2,196526,53088,47018,143426,279764,1,0,0,0,0.134886
853480,18,2,245862,68264,60356,177585,365142,1,0,0,0,0.158397
853481,18,2,192710,52810,46536,139888,281008,1,0,0,0,0.125698
853484,18,1,151492,39559,34190,111933,207843,0,0,0,0,0.0580607
853489,18,1,154886,41298,35618,113588,218356,0,0,0,0,0.0599956
853502,36,1,188346,50473,44199,137873,265302,0,0,0,0,0.0583039
853505,36,1,193243,52978,46430,140265,282491,0,0,0,0,0.0553151
853508,36,1,187777,51477,44720,136300,274574,0,0,0,0,0.0569936
853540,18,1,178831,48096,41998,130735,254592,0,0,0,0,0.0509899
853541,18,2,193133,52671,46242,140451,281062,1,0,0,0,0.130694
853544,18,1,190662,52546,46149,138116,279779,0,0,0,0,0.0717037
853549,18,1,163095,43789,37747,119306,232593,0,0,0,0,0.056728
853562,36,1,191184,51687,44710,139497,273039,0,0,0,0,0.0601802
853565,36,1,196400,54067,47436,142333,288760,0,0,0,0,0.0578029
853568,36,1,186122,50556,43824,135566,269098,0,0,0,0,0.0544921
853590,18,2,187658,50554,44541,137091,268457,1,0,0,0,0.130042
853591,18,2,188582,50494,44464,138075,267585,1,0,0,0,0.156274
853594,18,2,287027,79742,70024,207272,425705,1,0,0,0,0.175544
853599,18,1,168745,44011,38231,124734,228064,0,0,0,0,0.0571887
853612,36,1,187864,51140,44730,136724,270667,0,0,0,0,0.0619358
853615,36,1,209571,57546,50194,152025,306022,0,0,0,0,0.0659627
853618,36,1,202995,55946,48616,147049,297891,0,0,0,0,0.0689287
853630,18,2,226836,63728,56149,163095,342358,1,0,0,0,0.145745
853631,18,1,176238,47262,41317,128976,250561,0,0,0,0,0.0642017
853634,18,1,183338,49113,42963,134225,258955,0,0,0,0,0.0576753
853639,18,2,292338,80217,70691,212108,426556,1,0,0,0,0.148793
853652,36,1,195459,53185,46847,142274,282510,0,0,0,0,0.059249
853655,36,1,202062,55295,48437,146767,294524,0,0,0,0,0.0580573
853658,36,1,216829,59640,52215,157189,317869,0,0,0,0,0.0689523
853660,18,2,230867,64103,56567,166751,342499,1,0,0,0,0.157761
853661,18,1,173738,46809,40844,126929,248325,0,0,0,0,0.0672346
853664,18,1,178616,47641,41491,130975,250812,0,0,0,0,0.0573436
853669,18,2,286873,78742,69512,208118,419672,1,0,0,0,0.175505
853682,36,1,184594,49917,43593,134677,264720,0,0,0,0,0.0606624
853685,36,1,190416,51432,44852,138984,272528,0,0,0,0,0.0564109
853688,36,1,218644,60064,52573,158580,319600,0,0,0,0,0.0609283
853710,18,1,156531,41494,36566,115037,219674,0,0,0,0,0.0587588
853711,18,2,253252,68695,60682,184545,364903,1,0,0,0,0.143543
853712,18,1,158104,41572,36139,116532,219425,0,0,0,0,0.0553422
853713,18,1,160407,42039,36529,118368,219896,0,0,0,0,0.0591614
853714,18,1,173097,46209,40243,126888,244034,0,0,0,0,0.0733798
853715,18,2,190063,51587,45537,138464,273776,1,0,0,0,0.169074
853716,18,1,167472,44114,38649,123358,232477,0,0,0,0,0.0554466
853717,18,1,193372,52292,45991,141080,276554,0,0,0,0,0.0624101
853718,18,1,193155,51848,45594,141307,272358,0,0,0,0,0.0651975
853719,18,1,183890,49502,43225,134388,262056,0,0,0,0,0.0547468
853990,18,1,179159,47787,42454,131372,252616,0,0,0,0,0.0798329
853991,18,1,168960,44951,39875,124009,235098,0,0,0,0,0.0574233
853992,18,1,157268,41643,36687,115625,219387,0,0,0,0,0.0660953
853993,18,1,151963,40488,35509,111475,214705,0,0,0,0,0.0699719
853994,18,1,182348,48439,42883,133909,252802,0,0,0,0,0.0650437
853995,18,2,265636,73270,64742,192354,390345,1,0,0,0,0.161936
853996,18,2,258816,70384,62265,188420,373057,1,0,0,0,0.170245
853997,18,1,207105,55429,48780,151676,287392,0,0,0,0,0.0658019
853998,18,1,204830,54822,48507,150008,285843,0,0,0,0,0.0857489
853999,18,1,194744,52518,46267,142226,276152,0,0,0,0,0.0840605
854120,36,1,171190,46238,40045,124952,245374,0,0,0,0,0.0689981
854121,36,1,185535,49927,43406,135608,262721,0,0,0,0,0.0687924
854122,36,1,177283,47654,41278,129629,249617,0,0,0,0,0.0564607
854123,36,1,180130,49486,43228,130644,264069,0,0,0,0,0.0707067
854124,36,1,198704,54349,47425,144355,288445,0,0,0,0,0.0589599
854125,36,1,182326,49339,43257,132987,260974,0,0,0,0,0.0547419
854126,36,1,191095,52628,45335,138467,280947,0,0,0,0,0.0578257
854127,36,1,174821,46685,40589,128136,245373,0,0,0,0,0.0526541
854128,36,1,170249,45951,39511,124298,244463,0,0,0,0,0.0553838
854129,36,1,147221,38660,33290,108561,203654,0,0,0,0,0.0534098
854170,36,1,173259,46620,40589,126639,247229,0,0,0,0,0.0603614
854171,36,1,179902,48084,42086,131818,253618,0,0,0,0,0.0784318
854172,36,1,170424,45923,39854,124501,243347,0,0,0,0,0.072728
854173,36,1,184848,51070,44685,133778,273322,0,0,0,0,0.0887224
854174,36,1,198009,54365,47245,143644,290088,0,0,0,0,0.0627004
854175,36,1,195439,53634,46966,141805,285734,0,0,0,0,0.0798621
854176,36,1,205232,56554,49199,148678,302215,0,0,0,0,0.0868646
854177,36,1,191501,51686,45188,139815,273664,0,0,0,0,0.0827003
854178,36,1,190761,52064,45577,138697,277244,0,0,0,0,0.0809388
854179,36,1,175176,46673,40628,128503,246577,0,0,0,0,0.0879847
854210,36,1,174401,47331,41615,127070,252249,0,0,0,0,0.0854418
854211,36,1,199484,54653,48404,144831,290186,0,0,0,0,0.0991391
854212,36,1,182751,49228,43162,133523,260551,0,0,0,0,0.075605
854213,36,1,184934,50395,43865,134539,268133,0,0,0,0,0.084337
854214,36,1,193907,52660,45913,141247,279729,0,0,0,0,0.0593096
854215,36,1,203657,55712,48566,147945,295189,0,0,0,0,0.059515
854216,36,1,188749,51794,45059,136955,276893,0,0,0,0,0.0580446
854217,36,1,211710,58248,50987,153462,309234,0,0,0,0,0.0601917
854218,36,1,230723,63891,55804,166832,339024,0,0,0,0,0.0646785
854219,36,1,198893,53834,47035,145059,283600,0,0,0,0,0.0663029
854240,36,1,184150,49920,43898,134230,264607,0,0,0,0,0.087302
854241,36,1,197590,54005,47615,143585,286123,0,0,0,0,0.0719007
854242,36,1,174063,46388,40563,127675,244829,0,0,0,0,0.0770028
854243,36,1,168687,45466,39535,123221,241967,0,0,0,0,0.0863054
854244,36,1,194008,52683,45923,141325,279671,0,0,0,0,0.0796998
854245,36,1,195462,53168,46394,142294,281376,0,0,0,0,0.0616459
854246,36,1,178202,48384,42048,129818,257327,0,0,0,0,0.0528186
854247,36,1,199629,55027,48544,144602,292947,0,0,0,0,0.0571053
854248,36,1,230681,64156,56083,166525,341106,0,0,0,0,0.0594399
854249,36,1,193007,52329,45675,140678,277268,0,0,0,0,0.057337
854260,36,1,172091,46456,40528,125635,245894,0,0,0,0,0.0594189
854261,36,2,181051,48609,42457,132429,257412,1,0,0,0,0.133713
854262,36,2,174150,46674,40533,127463,247657,1,0,0,0,0.146765
854263,36,1,148792,39577,34115,109215,209836,0,0,0,0,0.0579428
854264,36,1,182783,49682,43226,133101,263302,0,0,0,0,0.0561003
854265,36,1,182582,49164,42830,133418,259398,0,0,0,0,0.0608902
854266,36,1,155930,41159,35939,114771,216556,0,0,0,0,0.0668898
854267,36,1,192172,52718,46289,139454,280311,0,0,0,0,0.0591605
854268,36,1,204618,56024,48838,148594,295797,0,0,0,0,0.063475
854269,36,1,195065,53574,46485,141491,285082,0,0,0,0,0.076322
854570,6,1,204850,55593,48954,149257,294171,0,0,0,0,0.128788
854571,18,1,200062,54789,47596,145273,291128,0,0,0,0,0.0727533
854574,18,2,198794,53852,47506,144929,284608,1,0,0,0,0.166838
854579,18,2,207311,56388,49970,150910,298472,1,0,0,0,0.158361
854580,6,1,205011,55611,48932,149400,294200,0,0,0,0,0.114575
854581,18,1,200126,54784,47591,145342,291061,0,0,0,0,0.0965997
854584,18,2,198819,53836,47493,144970,284511,1,0,0,0,0.141773
854589,18,2,207459,56402,49966,151044,298511,1,0,0,0,0.192749
854590,6,1,205068,55626,48924,149442,294285,0,0,0,0,0.113562
854591,18,1,225667,62636,54969,163031,332400,0,0,0,0,0.0700783
854594,18,1,236327,65500,57887,170827,346274,0,0,0,0,0.0685116
854599,18,1,188928,50902,44136,138026,269027,0,0,0,0,0.0600897
854600,18,1,181246,49449,42971,131797,262938,0,0,0,0,0.0597752
854601,18,2,255819,70486,61946,185320,376317,1,0,0,0,0.136145
854604,18,2,259707,71608,63271,188086,381470,1,0,0,0,0.147439
854609,18,1,209833,57139,50514,152694,302302,0,0,0,0,0.0918254
854622,36,1,215046,59567,52410,155479,317249,0,0,0,0,0.0721774
854625,36,1,223061,61621,54374,161440,327022,0,0,0,0,0.0778354
854628,36,1,212081,58183,50678,153898,307221,0,0,0,0,0.0983409
854630,6,1,205770,55991,49271,149779,296504,0,0,0,0,0.151527
854631,18,1,200693,55089,47858,145604,292948,0,0,0,0,0.0994154
854634,18,2,200353,54332,47977,146008,287459,1,0,0,0,0.192899
854639,18,2,204605,55343,49024,149249,292525,1,0,0,0,0.186708
854640,6,1,205870,55993,49263,149877,296462,0,0,0,0,0.142411
854641,18,1,200584,55042,47822,145542,292657,0,0,0,0,0.101679
854644,18,2,200313,54299,47955,146001,287265,1,0,0,0,0.190425
854649,18,2,204651,55337,48998,149301,292473,1,0,0,0,0.189832
854650,6,1,205891,55999,49259,149892,296494,0,0,0,0,0.140633
854651,18,1,226756,63167,55429,163589,335549,0,0,0,0,0.106542
854654,18,1,237841,66153,58414,171688,350037,0,0,0,0,0.106007
854659,18,1,190400,51510,44651,138890,272551,0,0,0,0,0.0948331
854660,18,1,183324,50118,43470,133206,266547,0,0,0,0,0.0955211
854661,18,2,256712,70500,61947,186199,376115,1,0,0,0,0.206518
854664,18,2,259504,71394,63126,188097,380214,1,0,0,0,0.180495
854669,18,1,210068,57348,50678,152720,303553,0,0,0,0,0.131731
854682,36,1,215363,59793,52496,155570,318640,0,0,0,0,0.0945408
854685,36,1,223285,61818,54519,161467,328233,0,0,0,0,0.0763101
854688,36,1,212414,58329,50696,154085,308095,0,0,0,0,0.0865678
854690,6,1,160309,41097,35993,119212,214104,0,0,0,0,0.119345
854691,18,1,136812,34917,30430,101895,182319,0,0,0,0,0.0763445
854694,18,1,175738,47664,41384,128074,253801,0,0,0,0,0.0909572
854699,18,1,175984,47512,41568,128472,252715,0,0,0,0,0.0909373
854700,6,1,160233,41084,35979,119149,214059,0,0,0,0,0.120763
854701,18,1,155659,40566,35906,115093,211888,0,0,0,0,0.0829058
854704,18,1,194948,53311,46680,141637,282833,0,0,0,0,0.0972911
854709,18,1,197605,54364,47711,143241,289359,0,0,0,0,0.100695
854710,18,1,145793,37539,32506,108254,196509,0,0,0,0,0.0824007
854711,18,2,174760,47026,41203,127721,251135,1,0,0,0,0.198203
854714,18,1,192110,51907,45612,140203,274650,0,0,0,0,0.0610021
854719,18,1,192216,52053,45761,140163,275489,0,0,0,0,0.0608986
854732,36,1,162427,42747,37533,119680,225287,0,0,0,0,0.0555963
854735,36,1,206043,56779,49489,149264,301741,0,0,0,0,0.0626229
854738,36,1,209090,57767,50468,151323,307485,0,0,0,0,0.0638162
854740,6,1,160095,41057,35956,119038,213950,0,0,0,0,0.0798468
854741,18,1,169405,44320,39387,125085,230539,0,0,0,0,0.0583064
854744,18,1,203410,55539,48790,147871,293101,0,0,0,0,0.08311
854749,18,1,208753,57552,50903,151201,304651,0,0,0,0,0.0843008
854750,18,1,146185,37652,32548,108533,197149,0,0,0,0,0.0554781
854751,18,2,181126,49134,43617,131979,262724,1,0,0,0,0.133004
854754,18,2,310405,86087,75970,224305,460061,1,0,0,0,0.181356
854759,18,2,317036,88282,78020,228741,472237,1,0,0,0,0.16504
854772,36,1,179657,47808,42006,131849,252090,0,0,0,0,0.0854256
854775,36,1,216849,59903,52654,156946,317741,0,0,0,0,0.0787179
854778,36,1,219823,60923,53432,158900,323474,0,0,0,0,0.0982658
854780,18,2,225451,60560,53264,164879,321388,1,0,0,0,0.200575
854781,18,2,225337,60534,53262,164791,321218,1,0,0,0,0.200011
854784,18,1,195405,51641,45208,143764,269079,0,0,0,0,0.0747174
854789,18,1,197143,52421,46079,144722,273750,0,0,0,0,0.0793821
854802,36,1,166980,43663,37662,123317,228976,0,0,0,0,0.0855699
854805,36,1,215821,59640,52253,156181,318021,0,0,0,0,0.0909028
854808,36,1,217052,60175,53151,156877,321017,0,0,0,0,0.0915599
854830,18,1,147165,37430,32854,109735,193967,0,0,0,0,0.0742439
854831,18,1,147195,37428,32862,109767,193912,0,0,0,0,0.0743075
854832,18,1,142066,36391,31708,105675,190561,0,0,0,0,0.0693136
854833,18,1,164935,42746,37735,122189,223675,0,0,0,0,0.112147
854834,18,1,176043,46705,40927,129338,244932,0,0,0,0,0.0844952
854835,18,1,187962,51415,45241,136547,273901,0,0,0,0,0.0979049
854836,18,1,187777,51385,45202,136392,273861,0,0,0,0,0.0817514
854837,18,1,189223,51873,45543,137350,276784,0,0,0,0,0.071163
854838,18,1,191500,52550,46227,138950,280101,0,0,0,0,0.0876817
854839,18,1,182441,48825,42806,133616,256906,0,0,0,0,0.0740391
854860,6,1,175774,46248,40169,129526,243011,0,0,0,0,0.0777003
854861,18,1,164905,44133,38244,120772,232925,0,0,0,0,0.0588234
854864,18,1,170659,45412,39501,125247,238072,0,0,0,0,0.0593094
854869,18,1,192170,51302,45310,140868,267106,0,0,0,0,0.0800159
854870,6,1,175822,46255,40168,129567,243041,0,0,0,0,0.0984753
854871,18,2,220346,60591,53427,159743,323879,1,0,0,0,0.189972
854874,18,1,166577,44585,38793,121992,235593,0,0,0,0,0.0750007
854879,18,1,173031,45886,40353,127145,239897,0,0,0,0,0.0730852
854880,18,1,157599,41807,36068,115792,220931,0,0,0,0,0.0756105
854881,18,2,283025,76695,66698,206317,406895,1,0,0,0,0.197093
854884,18,1,161842,42967,37250,118875,226693,0,0,0,0,0.0622043
854889,18,1,195592,52677,45894,142915,275966,0,0,0,0,0.0785681
854902,36,1,171611,45650,39595,125961,240783,0,0,0,0,0.0716537
854905,36,1,199351,54660,47672,144691,290274,0,0,0,0,0.0710485
854908,36,1,184572,50076,43405,134496,264955,0,0,0,0,0.0723823
854920,6,1,175182,45990,39962,129192,241513,0,0,0,0,0.0950721
854921,18,1,165001,44132,38256,120869,232812,0,0,0,0,0.0828427
854924,18,1,172122,45856,40015,126266,240513,0,0,0,0,0.0622145
854929,18,1,192192,51218,45266,140974,266376,0,0,0,0,0.0569161
854930,6,1,175146,45968,39932,129178,241363,0,0,0,0,0.0957864
854931,18,2,221619,60935,53687,160672,325785,1,0,0,0,0.12603
854934,18,1,166676,44620,38860,122056,235809,0,0,0,0,0.0527413
854939,18,1,174063,46061,40484,128002,240651,0,0,0,0,0.051822
854940,18,1,157863,41774,36026,116089,220610,0,0,0,0,0.0528052
854941,18,2,257252,69384,60374,187855,368068,1,0,0,0,0.131267
854944,18,1,162021,43109,37439,118912,227528,0,0,0,0,0.0537128
854949,18,1,196223,53086,46098,143137,278570,0,0,0,0,0.0678301
854962,36,1,171762,45652,39654,126110,240822,0,0,0,0,0.0523544
854965,36,1,200782,55121,48133,145661,292819,0,0,0,0,0.0576632
854968,36,1,185071,50139,43421,134932,265134,0,0,0,0,0.0609493
854970,6,1,160373,41912,36091,118461,221446,0,0,0,0,0.102493
854971,18,1,143340,37516,32055,105824,198803,0,0,0,0,0.0563324
854974,18,1,175638,47572,41354,128066,253547,0,0,0,0,0.0621481
854979,18,1,171422,45890,39800,125532,243727,0,0,0,0,0.0789784
854980,6,1,160509,41954,36124,118555,221689,0,0,0,0,0.121646
854981,18,1,161958,43467,37836,118491,231770,0,0,0,0,0.0818668
854984,18,1,192366,52774,45949,139592,281519,0,0,0,0,0.0682787
854989,18,1,191603,52369,45470,139234,279220,0,0,0,0,0.0685413
854990,18,1,146282,38999,33752,107283,208046,0,0,0,0,0.0590685
854991,18,1,160714,43091,37106,117623,229399,0,0,0,0,0.068327
854994,18,1,169222,45082,39324,124140,237461,0,0,0,0,0.076877
854999,18,1,166622,44155,38485,122467,232018,0,0,0,0,0.0850364
855012,36,1,161657,43043,36948,118614,229532,0,0,0,0,0.0824129
855015,36,1,185766,50629,43575,135137,269590,0,0,0,0,0.0819458
855018,36,1,191245,52635,45431,138610,281251,0,0,0,0,0.071077
855020,6,1,155754,41013,35815,114741,217299,0,0,0,0,0.0841975
855021,18,1,148153,39585,34266,108568,211102,0,0,0,0,0.0791187
855024,18,1,179626,48905,42988,130721,259888,0,0,0,0,0.0783599
855029,18,1,177942,48188,42285,129754,255827,0,0,0,0,0.0784313
855030,18,1,147633,39424,34071,108209,210540,0,0,0,0,0.0726383
855031,18,1,149738,39339,34109,110399,208704,0,0,0,0,0.0889902
855034,18,2,251771,69954,61800,181805,375483,1,0,0,0,0.168312
855039,18,2,250959,69633,61387,181314,373868,1,0,0,0,0.138796
855052,36,1,174311,46776,40607,127535,248664,0,0,0,0,0.0547387
855055,36,1,203168,56653,49350,146515,304343,0,0,0,0,0.0609476
855058,36,1,201831,55855,48639,145976,299126,0,0,0,0,0.0617206
855060,18,1,162637,43049,37258,119588,228212,0,0,0,0,0.0609558
855061,18,1,151876,40015,34416,111861,210880,0,0,0,0,0.0581595
855064,18,2,200281,54449,48169,145819,287032,1,0,0,0,0.139063
855069,18,2,195743,52938,47055,142792,278407,1,0,0,0,0.153124
855082,36,1,168931,44697,38679,124234,236570,0,0,0,0,0.0568235
855085,36,1,190428,51329,44859,139099,271224,0,0,0,0,0.0642561
855088,36,1,191623,51775,45217,139848,273889,0,0,0,0,0.0817476
855110,18,1,155074,40721,35453,114353,215758,0,0,0,0,0.0835181
855111,18,1,171116,44692,39058,126424,232964,0,0,0,0,0.0791702
855112,18,1,165496,43490,38075,122006,229470,0,0,0,0,0.0577695
855113,18,1,167646,43718,37955,123928,227562,0,0,0,0,0.0580613
855114,18,2,207243,57019,50225,150211,302478,1,0,0,0,0.158284
855115,18,1,192315,51425,44694,140890,271413,0,0,0,0,0.0822833
855116,18,1,185044,48632,42332,136412,253401,0,0,0,0,0.066614
855117,18,1,187345,49521,43201,137824,258964,0,0,0,0,0.0781976
855118,18,1,186787,49845,43104,136942,262758,0,0,0,0,0.0598424
855119,18,2,207805,57139,50438,150653,303055,1,0,0,0,0.134787
855150,6,1,175650,46205,40140,129445,242771,0,0,0,0,0.0720461
855151,18,2,223594,61631,54338,161951,329590,1,0,0,0,0.169986
855154,18,1,173179,46670,40631,126509,247639,0,0,0,0,0.0694138
855159,18,1,167156,44420,38956,122736,233155,0,0,0,0,0.0531543
855160,18,1,157460,41757,36052,115703,220643,0,0,0,0,0.0717894
855161,18,2,291100,79271,68909,211816,420977,1,0,0,0,0.148901
855164,18,1,166138,44308,38703,121830,234711,0,0,0,0,0.0546886
855169,18,1,189739,51118,44326,138621,269375,0,0,0,0,0.063724
855182,36,1,184561,49812,43602,134749,263551,0,0,0,0,0.0705563
855185,36,1,204520,56379,49471,148141,300454,0,0,0,0,0.0735689
855188,36,1,177957,48087,41827,129870,254776,0,0,0,0,0.0639611
855210,6,1,174978,45920,39902,129058,241103,0,0,0,0,0.0781959
855211,18,2,224845,62004,54630,162829,331763,1,0,0,0,0.131142
855214,18,1,173026,46590,40607,126436,247136,0,0,0,0,0.0564237
855219,18,1,168229,44595,39029,123634,233894,0,0,0,0,0.0524416
855220,18,1,157771,41738,36023,116033,220400,0,0,0,0,0.0533782
855221,18,2,265009,71845,62446,193151,381760,1,0,0,0,0.13393
855224,18,1,166620,44442,38873,122178,235361,0,0,0,0,0.0632758
855229,18,1,190362,51465,44599,138897,271494,0,0,0,0,0.0648636
855242,36,1,184473,49629,43455,134844,262313,0,0,0,0,0.0648604
855245,36,1,206396,56964,50069,149432,303658,0,0,0,0,0.083033
855248,36,1,178515,48205,41897,130310,255353,0,0,0,0,0.0711725
855260,6,1,160537,41954,36103,118583,221660,0,0,0,0,0.109771
855261,18,2,202338,55650,48665,146675,299975,1,0,0,0,0.212044
855264,18,1,204137,56106,49119,148031,299139,0,0,0,0,0.0980083
855269,18,1,212669,59182,51695,153487,317052,0,0,0,0,0.0926317
855270,18,1,146207,38980,33703,107227,207912,0,0,0,0,0.0638307
855271,18,1,176616,47766,41379,128850,253924,0,0,0,0,0.0713729
855274,18,1,183221,48920,42981,134301,257484,0,0,0,0,0.0715564
855279,18,1,179874,48055,42094,131819,252788,0,0,0,0,0.0630312
855292,36,1,183171,49924,43295,133247,267368,0,0,0,0,0.0874027
855295,36,1,198425,54407,46984,144018,289815,0,0,0,0,0.0676724
855298,36,1,204890,57001,49411,147889,304858,0,0,0,0,0.0605589
855300,6,1,155866,41034,35849,114832,217429,0,0,0,0,0.0868234
855301,18,1,155732,42043,36619,113689,224970,0,0,0,0,0.0672883
855304,18,1,184057,50261,44426,133796,267288,0,0,0,0,0.0746048
855309,18,1,186852,50946,45002,135906,270981,0,0,0,0,0.0946103
855310,18,1,147456,39383,34035,108073,210358,0,0,0,0,0.09155
855311,18,1,155372,40978,35588,114394,217818,0,0,0,0,0.0899983
855314,18,1,182397,48791,42557,133606,257973,0,0,0,0,0.0539666
855319,18,1,183254,49366,43100,133888,261280,0,0,0,0,0.0551797
855332,36,1,182276,49173,42964,133103,262279,0,0,0,0,0.0556066
855335,36,1,205082,57236,50104,147846,307089,0,0,0,0,0.0882029
855338,36,1,204182,56676,49659,147506,303504,0,0,0,0,0.0826527
855340,18,1,162799,43057,37248,119742,228186,0,0,0,0,0.0660411
855341,18,1,151994,40041,34430,111953,210997,0,0,0,0,0.0623088
855344,18,2,200148,54432,48151,145703,286979,1,0,0,0,0.14232
855349,18,2,195563,52891,47025,142659,278183,1,0,0,0,0.183242
855362,36,1,159643,42082,36207,117561,223347,0,0,0,0,0.0549406
855365,36,1,184163,49650,43363,134513,263294,0,0,0,0,0.0600962
855368,36,1,184819,49925,43580,134894,264939,0,0,0,0,0.0670754
855390,18,1,155033,40715,35448,114318,215749,0,0,0,0,0.0643729
855391,18,1,170815,44653,38997,126162,232814,0,0,0,0,0.0563787
855392,18,1,154165,40164,34776,114001,212183,0,0,0,0,0.0556715
855393,18,1,157275,40855,35676,116420,213713,0,0,0,0,0.083276
855394,18,2,207134,56984,50198,150137,302293,1,0,0,0,0.140217
855395,18,1,183711,49093,42827,134618,260185,0,0,0,0,0.0596745
855396,18,1,176656,46650,40620,130006,245035,0,0,0,0,0.0600162
855397,18,1,178463,47304,41327,131159,249063,0,0,0,0,0.0555646
855398,18,1,177333,47298,41045,130035,250392,0,0,0,0,0.0551192
855399,18,2,207746,57111,50427,150622,302893,1,0,0,0,0.13735
855440,18,1,183629,49661,43106,133968,263922,0,0,0,0,0.0541215
855441,18,2,196642,53062,46664,143567,281562,1,0,0,0,0.158241
855444,18,1,173445,46734,40755,126711,248308,0,0,0,0,0.0632785
855449,18,1,184912,50178,43447,134734,266208,0,0,0,0,0.100039
855462,36,1,194304,52838,45498,141466,279682,0,0,0,0,0.068887
855465,36,1,206402,57075,49935,149327,304620,0,0,0,0,0.0820239
855468,36,1,197616,54060,47014,143556,287644,0,0,0,0,0.062801
855500,18,1,183512,49392,42930,134120,262112,0,0,0,0,0.06133
855501,18,2,197327,53236,46970,144078,282602,1,0,0,0,0.156207
855504,18,1,173470,46665,40739,126805,247800,0,0,0,0,0.0711258
855509,18,1,185720,50539,43759,135181,268333,0,0,0,0,0.0947467
855522,36,1,194247,52759,45478,141488,279131,0,0,0,0,0.0751436
855525,36,1,207552,57319,50300,150233,305780,0,0,0,0,0.0719992
855528,36,1,197917,54026,46960,143891,287275,0,0,0,0,0.0680094
855550,18,1,175521,47685,41440,127836,254274,0,0,0,0,0.0630135
855551,18,1,186437,50373,43861,136064,266211,0,0,0,0,0.0718232
855554,18,1,190598,51265,45033,139333,270897,0,0,0,0,0.0796578
855559,18,1,189472,50897,44602,138575,268728,0,0,0,0,0.0578104
855572,36,1,175769,47485,41111,128284,252609,0,0,0,0,0.060933
855575,36,1,203299,55957,48722,147342,299190,0,0,0,0,0.0589113
855578,36,1,206499,57340,50061,149159,307214,0,0,0,0,0.058862
855590,18,1,181488,49013,42570,132475,261181,0,0,0,0,0.0696801
855591,18,1,167556,44507,38626,123049,236467,0,0,0,0,0.0590534
855594,18,2,195858,53613,47377,142232,286410,1,0,0,0,0.145654
855599,18,2,200456,54886,48867,145557,293350,1,0,0,0,0.129316
855612,36,1,181737,48901,42777,132836,260756,0,0,0,0,0.0584721
855615,36,1,207785,57473,50099,150312,308105,0,0,0,0,0.0610565
855618,36,1,209502,58091,50593,151411,311503,0,0,0,0,0.0610089
855620,18,1,186748,50537,44055,136211,268358,0,0,0,0,0.0798526
855621,18,1,164398,44052,38346,120346,234432,0,0,0,0,0.0764059
855624,18,1,187586,50448,44137,137138,267857,0,0,0,0,0.0533153
855629,18,1,189573,51260,44761,138313,272795,0,0,0,0,0.0544338
855642,36,1,171150,45526,39653,125624,241933,0,0,0,0,0.0526076
855645,36,1,199753,54780,47762,144973,292816,0,0,0,0,0.0566696
855648,36,1,199920,54809,47727,145111,292822,0,0,0,0,0.0600593
855670,18,1,147675,38990,34150,108685,207578,0,0,0,0,0.0630188
855671,18,1,160051,42188,36491,117863,222705,0,0,0,0,0.0559856
855672,18,1,148210,38893,33644,109317,206413,0,0,0,0,0.0625986
855673,18,1,147095,38226,32992,108869,200790,0,0,0,0,0.0700264
855674,18,1,175355,46824,40858,128531,247912,0,0,0,0,0.0578739
855675,18,1,178293,47934,41789,130359,254440,0,0,0,0,0.0747503
855676,18,1,174552,46518,40520,128034,245965,0,0,0,0,0.0632817
855677,18,1,176351,46981,41012,129370,248520,0,0,0,0,0.0726596
855678,18,1,174213,46634,40761,127579,247059,0,0,0,0,0.0537353
855679,18,1,171066,45614,39914,125452,241357,0,0,0,0,0.0515024
855950,18,1,166838,44598,39304,122240,237383,0,0,0,0,0.0827473
855951,18,1,158062,42456,37214,115606,224918,0,0,0,0,0.059943
855952,18,1,145419,38716,33709,106703,206105,0,0,0,0,0.0607118
855953,18,1,140738,37460,32347,103278,199877,0,0,0,0,0.0639816
855954,18,1,172091,46629,41090,125462,247279,0,0,0,0,0.0610534
855955,18,1,179386,48854,43127,130532,259540,0,0,0,0,0.0634468
855956,18,1,179104,48496,42865,130608,256266,0,0,0,0,0.0600619
855957,18,1,176101,47315,41753,128786,249666,0,0,0,0,0.0593138
855958,18,1,176296,47571,42146,128725,251944,0,0,0,0,0.0599006
855959,18,1,170623,45639,40265,124984,240937,0,0,0,0,0.0642028
856130,36,1,164057,44203,38171,119854,236100,0,0,0,0,0.0576293
856131,36,1,172179,46304,40101,125875,246568,0,0,0,0,0.0583463
856132,36,1,164054,44180,37925,119874,235978,0,0,0,0,0.0611751
856133,36,1,174661,48136,41768,126525,258928,0,0,0,0,0.0786304
856134,36,1,175803,46818,40708,128985,247310,0,0,0,0,0.0584234
856135,36,1,187511,51265,44582,136246,273624,0,0,0,0,0.0609194
856136,36,1,189639,51698,44763,137941,275302,0,0,0,0,0.0575469
856137,36,1,193147,52704,45668,140443,280775,0,0,0,0,0.0601367
856138,36,1,190090,52311,45459,137779,279856,0,0,0,0,0.0621413
856139,36,1,185583,50318,43724,135265,267542,0,0,0,0,0.0606082
856170,36,1,162863,43968,38247,118895,235464,0,0,0,0,0.0624165
856171,36,1,190212,51934,45382,138278,277239,0,0,0,0,0.0635983
856172,36,1,172889,46485,40271,126404,247602,0,0,0,0,0.0546786
856173,36,1,176821,48129,41366,128692,257651,0,0,0,0,0.0637698
856174,36,1,186867,50729,44316,136138,269318,0,0,0,0,0.0552595
856175,36,1,210634,58257,50891,152377,311228,0,0,0,0,0.0611052
856176,36,2,262919,73857,65233,189049,398930,1,0,0,0,0.13381
856177,36,2,264940,73989,65469,190938,399014,1,0,0,0,0.136842
856178,36,1,211372,58456,50845,152916,312179,0,0,0,0,0.0633366
856179,36,1,190630,51845,45355,138785,275417,0,0,0,0,0.0565636
856200,36,1,173410,47090,41095,126320,251652,0,0,0,0,0.0642763
856201,36,1,185219,50462,44186,134757,269034,0,0,0,0,0.0568
856202,36,1,166571,44268,38449,122303,235088,0,0,0,0,0.0558713
856203,36,1,160946,43355,37391,117591,231963,0,0,0,0,0.0598637
856204,36,1,185001,50403,43890,134598,268488,0,0,0,0,0.0569665
856205,36,1,203799,55869,48628,147930,297935,0,0,0,0,0.0607399
856206,36,1,184027,50443,43996,133584,269898,0,0,0,0,0.0553581
856207,36,1,184292,50437,44034,133855,269626,0,0,0,0,0.057774
856208,36,1,201758,55314,48227,146444,294787,0,0,0,0,0.0621446
856209,36,1,187862,51167,44516,136695,272640,0,0,0,0,0.0572049
856220,36,1,161841,43635,37906,118206,232471,0,0,0,0,0.0629054
856221,36,1,167212,44489,38834,122723,234682,0,0,0,0,0.0551688
856222,36,1,158950,42228,36759,116722,224236,0,0,0,0,0.0524046
856223,36,1,141798,37409,32089,104389,198865,0,0,0,0,0.0601341
856224,36,1,181860,49911,43387,131949,266190,0,0,0,0,0.0632468
856225,36,1,187488,51323,44838,136165,273030,0,0,0,0,0.0855194
856226,36,1,167659,44873,39209,122786,237345,0,0,0,0,0.0594282
856227,36,1,167463,44691,39014,122772,236303,0,0,0,0,0.0626937
856228,36,1,188212,51302,44684,136910,272696,0,0,0,0,0.0561432
856229,36,1,182874,49926,43405,132948,266070,0,0,0,0,0.0551931
856540,6,1,171039,45106,39420,125933,237510,0,0,0,0,0.0777283
856541,18,1,150064,39678,34161,110386,209528,0,0,0,0,0.0539738
856544,18,1,177301,47297,41101,130004,248446,0,0,0,0,0.0573389
856549,18,1,193310,52047,45385,141263,274143,0,0,0,0,0.0594542
856550,6,1,170956,45088,39424,125868,237412,0,0,0,0,0.0789769
856551,18,2,293750,81185,71120,212553,433815,1,0,0,0,0.176109
856554,18,1,184205,49831,43621,134374,263176,0,0,0,0,0.0730966
856559,18,1,184007,49330,43122,134677,259498,0,0,0,0,0.0549917
856560,18,1,162999,43616,37748,119383,230600,0,0,0,0,0.0631136
856561,18,2,281594,77051,67334,204530,410535,1,0,0,0,0.155103
856564,18,2,294978,80373,70499,214592,426964,1,0,0,0,0.183493
856569,18,2,330355,90581,80078,239761,479350,1,0,0,0,0.196983
856582,36,1,156099,41153,35792,114946,216965,0,0,0,0,0.0564757
856585,36,1,194834,53122,46586,141712,281609,0,0,0,0,0.0564241
856588,36,1,190245,50997,44368,139248,267958,0,0,0,0,0.0561782
856600,6,1,170779,44917,39383,125862,236293,0,0,0,0,0.086602
856601,18,1,149709,39493,34097,110216,208422,0,0,0,0,0.071447
856604,18,1,178164,47541,41380,130623,249931,0,0,0,0,0.0868984
856609,18,1,193442,52127,45542,141315,274605,0,0,0,0,0.0826983
856610,6,1,170730,44902,39379,125828,236209,0,0,0,0,0.0923347
856611,18,2,269241,73836,64757,195393,394379,1,0,0,0,0.212896
856614,18,1,184455,49860,43706,134595,263329,0,0,0,0,0.0642499
856619,18,1,183951,49297,43248,134654,259202,0,0,0,0,0.0835469
856620,18,1,163182,43616,37787,119566,230475,0,0,0,0,0.0782309
856621,18,2,257176,70106,61318,187057,373593,1,0,0,0,0.170497
856624,18,2,271595,73899,64945,197683,392744,1,0,0,0,0.154763
856629,18,2,333923,91715,80804,242195,485878,1,0,0,0,0.181016
856642,36,1,155872,40979,35797,114893,216000,0,0,0,0,0.0558886
856645,36,1,195722,53428,46870,142294,283384,0,0,0,0,0.0558652
856648,36,1,189990,50983,44419,139007,267997,0,0,0,0,0.0573151
856650,6,1,158356,41582,35841,116774,220003,0,0,0,0,0.0816185
856651,18,1,139983,36699,31362,103284,194626,0,0,0,0,0.0630024
856654,18,1,169446,45744,39865,123702,243075,0,0,0,0,0.0852597
856659,18,1,168637,45189,39220,123448,239532,0,0,0,0,0.0738956
856660,6,1,158363,41577,35815,116786,219981,0,0,0,0,0.105819
856661,18,1,155367,41232,36050,114135,218959,0,0,0,0,0.0770595
856664,18,1,182223,49452,43314,132771,262259,0,0,0,0,0.0671703
856669,18,1,183243,49643,43440,133600,263528,0,0,0,0,0.0711088
856670,18,1,148451,39455,33968,108996,209817,0,0,0,0,0.0752172
856671,18,1,160517,41834,36099,118683,219999,0,0,0,0,0.0784224
856674,18,2,260950,71477,62707,189460,382445,1,0,0,0,0.167729
856679,18,2,280254,76643,67621,203598,409406,1,0,0,0,0.175202
856692,36,1,145954,38312,33291,107642,203878,0,0,0,0,0.0635163
856695,36,1,175376,47553,41630,127823,252432,0,0,0,0,0.0537675
856698,36,1,179672,48832,42414,130840,259489,0,0,0,0,0.0570434
856700,6,1,159062,40830,35493,118232,214009,0,0,0,0,0.130287
856701,18,1,171178,45879,40128,125299,244101,0,0,0,0,0.0842849
856704,18,1,193243,53705,47094,139538,287733,0,0,0,0,0.0918837
856709,18,1,186278,51035,44804,135243,271971,0,0,0,0,0.090068
856710,18,1,148257,38470,33005,109787,202912,0,0,0,0,0.10191
856711,18,1,151463,39536,34036,111927,209043,0,0,0,0,0.0784916
856714,18,1,171285,45980,39976,125305,244340,0,0,0,0,0.0651094
856719,18,1,168287,45489,39618,122798,242105,0,0,0,0,0.0609785
856732,36,1,183563,50441,44168,133122,270223,0,0,0,0,0.0748707
856735,36,1,204917,57887,51125,147030,311196,0,0,0,0,0.101817
856738,36,1,200307,55733,48708,144574,298082,0,0,0,0,0.0716194
856740,18,1,165745,42935,37398,122810,224896,0,0,0,0,0.103264
856741,18,1,151398,39417,34119,111981,207252,0,0,0,0,0.0628014
856744,18,2,203248,55451,48446,147785,293057,1,0,0,0,0.14345
856749,18,2,197881,53721,47167,144148,283432,1,0,0,0,0.13682
856762,36,1,180700,48753,42719,131947,259383,0,0,0,0,0.0619012
856765,36,1,200649,55367,48975,145282,294854,0,0,0,0,0.0660913
856768,36,1,191740,52245,45643,139495,277380,0,0,0,0,0.0599577
856790,18,1,156800,40440,35291,116360,212261,0,0,0,0,0.0877537
856791,18,1,155412,40712,35323,114700,214668,0,0,0,0,0.0581171
856792,18,1,170969,44231,38638,126738,230946,0,0,0,0,0.0571208
856793,18,1,167139,43981,38485,123158,230731,0,0,0,0,0.0551461
856794,18,2,205731,56267,49404,149452,297777,1,0,0,0,0.146488
856795,18,1,193009,51953,45737,141056,273696,0,0,0,0,0.0625925
856796,18,2,229670,63961,56472,165697,343866,1,0,0,0,0.149455
856797,18,2,226686,63164,55473,163510,339886,1,0,0,0,0.146674
856798,18,1,184550,49204,42706,135346,258328,0,0,0,0,0.0594636
856799,18,2,205538,56689,49898,148837,300906,1,0,0,0,0.141956
856830,6,1,171179,45154,39466,126025,237776,0,0,0,0,0.0799009
856831,18,2,302044,83691,73457,218341,447297,1,0,0,0,0.19826
856834,18,1,191035,52017,45588,139018,275862,0,0,0,0,0.0607084
856839,18,1,177005,47141,41296,129864,248174,0,0,0,0,0.0534992
856840,18,1,163238,43686,37792,119552,230980,0,0,0,0,0.0564115
856841,18,2,287587,78588,68594,208986,418299,1,0,0,0,0.146144
856844,18,2,286710,77534,67855,209163,411389,1,0,0,0,0.143915
856849,18,2,317256,86458,76122,230785,458054,1,0,0,0,0.157437
856862,36,1,167114,44354,38813,122760,233540,0,0,0,0,0.0559539
856865,36,1,198667,54493,47735,144174,289796,0,0,0,0,0.0588706
856868,36,1,182219,48819,42471,133400,257412,0,0,0,0,0.0525299
856890,6,1,170955,44967,39419,125988,236567,0,0,0,0,0.0803245
856891,18,2,276118,75970,66873,200136,405997,1,0,0,0,0.143873
856894,18,1,190804,51919,45493,138885,275326,0,0,0,0,0.0590959
856899,18,1,176901,47112,41439,129789,247941,0,0,0,0,0.0536288
856900,18,1,163365,43674,37831,119691,230799,0,0,0,0,0.0559748
856901,18,2,263885,71978,62934,191894,383490,1,0,0,0,0.141844
856904,18,2,263549,71132,62261,192404,377538,1,0,0,0,0.139197
856909,18,2,320420,87423,76758,232984,463478,1,0,0,0,0.155307
856922,36,1,166622,44037,38655,122585,231703,0,0,0,0,0.0548668
856925,36,1,198903,54547,47790,144356,290052,0,0,0,0,0.0585581
856928,36,1,182416,48972,42591,133444,258416,0,0,0,0,0.0567008
856940,6,1,158409,41587,35823,116822,220036,0,0,0,0,0.0990388
856941,18,1,174504,46890,41262,127614,248623,0,0,0,0,0.0703918
856944,18,1,200893,54959,48136,145934,291808,0,0,0,0,0.0823597
856949,18,1,209667,57748,50840,151919,307367,0,0,0,0,0.0835064
856950,18,1,148401,39451,33965,108950,209810,0,0,0,0,0.0832882
856951,18,1,172406,45164,39317,127242,236772,0,0,0,0,0.080623
856954,18,2,265718,73190,64239,192515,391933,1,0,0,0,0.171705
856959,18,2,288116,79150,69722,208953,422898,1,0,0,0,0.155362
856972,36,1,162764,43507,38107,119257,232000,0,0,0,0,0.057699
856975,36,1,183870,49991,43716,133879,264699,0,0,0,0,0.0538108
856978,36,1,190637,52066,45360,138571,276181,0,0,0,0,0.0585436
856980,6,1,159086,40876,35430,118210,214375,0,0,0,0,0.130064
856981,18,1,180147,48479,42272,131668,258084,0,0,0,0,0.0833662
856984,18,1,196998,54519,47860,142479,291358,0,0,0,0,0.0858521
856989,18,1,200795,55608,49224,145187,297344,0,0,0,0,0.0911292
856990,18,1,148085,38433,32995,109652,202748,0,0,0,0,0.111473
856991,18,1,161974,42741,36874,119233,226649,0,0,0,0,0.0654466
856994,18,1,177746,48156,41950,129590,256373,0,0,0,0,0.0612614
856999,18,1,176991,47965,41811,129026,255154,0,0,0,0,0.0643946
857012,36,1,188466,51928,45622,136538,278246,0,0,0,0,0.104426
857015,36,1,208647,58909,52157,149738,315789,0,0,0,0,0.0700294
857018,36,1,208530,58307,51398,150223,311808,0,0,0,0,0.0704305
857020,18,1,165754,42906,37381,122848,224695,0,0,0,0,0.0753524
857021,18,1,151446,39455,34136,111991,207550,0,0,0,0,0.0522183
857024,18,2,203153,55434,48434,147707,292982,1,0,0,0,0.136209
857029,18,2,197659,53671,47124,143976,283184,1,0,0,0,0.131363
857042,36,1,170565,45598,39952,124967,243074,0,0,0,0,0.0593556
857045,36,1,193069,53136,46743,139933,283744,0,0,0,0,0.0635432
857048,36,1,184985,50242,43779,134743,267595,0,0,0,0,0.0642991
857070,18,1,157242,40539,35336,116703,212783,0,0,0,0,0.0811821
857071,18,1,155433,40723,35351,114710,214757,0,0,0,0,0.0554752
857072,18,1,163431,42346,37002,121085,222478,0,0,0,0,0.0618718
857073,18,1,150819,39064,33893,111755,206451,0,0,0,0,0.0556695
857074,18,2,205808,56281,49417,149515,297841,1,0,0,0,0.164536
857075,18,1,187938,50468,44481,137470,266937,0,0,0,0,0.0802767
857076,18,2,219467,60989,53822,158466,328421,1,0,0,0,0.179547
857077,18,2,217991,60626,53286,157353,326781,1,0,0,0,0.207053
857078,18,1,178778,47567,41448,131211,250670,0,0,0,0,0.0785894
857079,18,2,205292,56634,49849,148646,300628,1,0,0,0,0.192855
857120,18,1,182816,48981,42541,133835,257619,0,0,0,0,0.0636487
857121,18,2,303050,83019,72529,220018,440679,1,0,0,0,0.168278
857124,18,2,298850,81168,71270,217669,429650,1,0,0,0,0.142004
857129,18,1,185675,49645,43203,136030,261544,0,0,0,0,0.060016
857142,36,1,174708,45978,39851,128730,240288,0,0,0,0,0.0651749
857145,36,1,202840,55615,48510,147225,295646,0,0,0,0,0.0617982
857148,36,1,197533,53731,46545,143802,284987,0,0,0,0,0.0579966
857180,18,1,182512,48780,42407,133732,256426,0,0,0,0,0.0587569
857181,18,2,280392,76605,66954,203774,407266,1,0,0,0,0.172142
857184,18,2,276752,75096,65946,201643,398034,1,0,0,0,0.155952
857189,18,1,187464,50212,43668,137252,264733,0,0,0,0,0.0770916
857202,36,1,174942,45987,39934,128955,240227,0,0,0,0,0.0663722
857205,36,1,202921,55659,48603,147262,295880,0,0,0,0,0.0692261
857208,36,1,198004,54001,46845,144003,286689,0,0,0,0,0.0594354
857230,18,1,181718,49277,42716,132441,261877,0,0,0,0,0.0769919
857231,18,1,187304,50781,43985,136523,268990,0,0,0,0,0.0774989
857234,18,1,199313,53285,46483,146028,278597,0,0,0,0,0.0697064
857239,18,1,199669,53325,46308,146344,278728,0,0,0,0,0.0714835
857252,36,1,171786,45608,39579,126178,240747,0,0,0,0,0.0722728
857255,36,1,198784,54307,46998,144477,289533,0,0,0,0,0.0567793
857258,36,1,201781,55625,48464,146156,297287,0,0,0,0,0.0590256
857270,18,1,189660,50730,44018,138930,268733,0,0,0,0,0.100055
857271,18,1,181577,48361,41887,133216,255185,0,0,0,0,0.0617374
857274,18,1,195363,52551,45993,142812,276124,0,0,0,0,0.0624544
857279,18,1,196375,52914,46299,143461,278111,0,0,0,0,0.0659579
857292,36,1,192792,52779,46282,140013,283914,0,0,0,0,0.0700463
857295,36,1,211096,59079,52596,152017,317643,0,0,0,0,0.0996177
857298,36,1,209883,58626,51921,151257,314776,0,0,0,0,0.070124
857300,18,1,199340,53497,46918,145843,282557,0,0,0,0,0.0904663
857301,18,1,186411,49874,43250,136537,262464,0,0,0,0,0.0609083
857304,18,2,257088,72043,63701,185032,386593,1,0,0,0,0.143683
857309,18,2,255113,71100,63132,184000,381062,1,0,0,0,0.138172
857322,36,1,188848,51157,44819,137691,274138,0,0,0,0,0.0623839
857325,36,1,208120,57785,51145,150335,309903,0,0,0,0,0.0665257
857328,36,1,204004,56260,49510,147744,300701,0,0,0,0,0.0620804
857350,18,1,151133,39094,34172,112039,206142,0,0,0,0,0.119839
857351,18,1,155371,40869,35356,114502,216914,0,0,0,0,0.104832
857352,18,1,159704,42285,36731,117419,224982,0,0,0,0,0.0677891
857353,18,1,148082,38587,33693,109495,204747,0,0,0,0,0.138133
857354,18,1,177871,48077,41942,129794,256039,0,0,0,0,0.0885787
857355,18,1,184491,50395,44109,134096,269758,0,0,0,0,0.0985147
857356,18,2,220267,61445,54452,158810,331170,1,0,0,0,0.210369
857357,18,2,217453,60265,53099,157176,324501,1,0,0,0,0.240985
857358,18,1,177607,48009,42091,129598,256130,0,0,0,0,0.0926225
857359,18,1,176069,47394,41435,128675,252068,0,0,0,0,0.0866246
857630,18,1,169960,44562,39272,125398,235044,0,0,0,0,0.177475
857631,18,1,164564,43516,38072,121048,230377,0,0,0,0,0.120792
857632,18,1,172337,45644,40206,126693,241979,0,0,0,0,0.12936
857633,18,1,163856,43340,38070,120516,230031,0,0,0,0,0.110385
857634,18,1,189867,52038,45802,137829,277718,0,0,0,0,0.102799
857635,18,1,199317,55354,48771,143963,296540,0,0,0,0,0.111334
857636,18,1,190224,52744,46387,137480,283092,0,0,0,0,0.0918549
857637,18,1,179551,48879,42971,130672,260852,0,0,0,0,0.107099
857638,18,1,186392,50721,45110,135671,270326,0,0,0,0,0.120432
857639,18,1,181682,48890,43122,132792,258948,0,0,0,0,0.10367
857850,36,1,171020,45382,39472,125638,240540,0,0,0,0,0.0984961
857851,36,1,178913,48609,42100,130304,259806,0,0,0,0,0.0881452
857852,36,1,187118,50376,44317,136742,268058,0,0,0,0,0.0741289
857853,36,1,169963,45883,40237,124080,245695,0,0,0,0,0.0634324
857854,36,1,190595,52095,45637,138500,277601,0,0,0,0,0.0871167
857855,36,1,206130,57276,50657,148854,306771,0,0,0,0,0.0911124
857856,36,2,267775,75902,67128,191860,411806,1,0,0,0,0.162219
857857,36,2,262186,73306,64719,188867,396220,1,0,0,0,0.154835
857858,36,1,205496,57652,50621,147844,309590,0,0,0,0,0.0761925
857859,36,1,198012,54328,47514,143684,289786,0,0,0,0,0.0839133
857880,36,1,182063,48936,42722,133127,259736,0,0,0,0,0.0885926
857881,36,1,185968,50445,43933,135523,268552,0,0,0,0,0.0631913
857882,36,1,181748,49007,42807,132741,261338,0,0,0,0,0.0646265
857883,36,1,162147,43124,37567,119023,229882,0,0,0,0,0.0576392
857884,36,1,197006,53869,47315,143137,285851,0,0,0,0,0.0599673
857885,36,1,203849,56285,49691,147564,301016,0,0,0,0,0.0841513
857886,36,2,260455,73710,65057,186732,399981,1,0,0,0,0.179631
857887,36,2,254548,71154,62854,183381,384759,1,0,0,0,0.166609
857888,36,1,201085,56362,49512,144723,302529,0,0,0,0,0.0771577
857889,36,1,203546,55620,48936,147926,295026,0,0,0,0,0.0761227
857900,36,1,171360,45744,39970,125616,241615,0,0,0,0,0.0845726
857901,36,1,174467,47574,41449,126893,253439,0,0,0,0,0.0633871
857902,36,1,179369,49168,42778,130201,262159,0,0,0,0,0.062598
857903,36,1,150082,39777,34179,110305,211041,0,0,0,0,0.0581517
857904,36,1,192259,53461,46996,138798,285236,0,0,0,0,0.0645476
857905,36,1,199483,55970,49285,143513,299640,0,0,0,0,0.0669003
857906,36,1,178199,48680,42574,129519,259240,0,0,0,0,0.059911
857907,36,1,170794,46507,40464,124287,247511,0,0,0,0,0.0583174
857908,36,1,206141,58318,51316,147823,312777,0,0,0,0,0.0716369
857909,36,1,203473,57270,50329,146203,306459,0,0,0,0,0.0700912
858230,6,1,168168,43896,38225,124272,230749,0,0,0,0,0.082635
858231,18,1,167719,45743,39816,121976,243258,0,0,0,0,0.0569585
858234,18,1,205741,57139,49580,148602,302738,0,0,0,0,0.0646449
858239,18,2,221636,60805,53718,160819,324647,1,0,0,0,0.135329
858240,18,1,151939,40669,35290,111270,216057,0,0,0,0,0.0577097
858241,18,2,236384,64256,56519,172116,340480,1,0,0,0,0.133982
858244,18,1,173522,45578,39898,127944,239098,0,0,0,0,0.0514009
858249,18,2,319580,87198,76786,232369,460543,1,0,0,0,0.1594
858262,36,1,184156,49889,43907,134267,263824,0,0,0,0,0.0826352
858265,36,1,206582,57511,50909,149071,306787,0,0,0,0,0.0872333
858268,36,1,202988,55609,48913,147379,294078,0,0,0,0,0.0808762
858290,6,1,168450,44026,38443,124424,231594,0,0,0,0,0.0966374
858291,18,1,167934,45830,39875,122104,243880,0,0,0,0,0.0654376
858294,18,1,204986,56894,49430,148092,301466,0,0,0,0,0.0969005
858299,18,2,222215,61006,53833,161197,326004,1,0,0,0,0.179743
858300,18,1,151533,40554,35289,110979,215515,0,0,0,0,0.0663765
858301,18,2,237699,64657,56969,173030,342694,1,0,0,0,0.168011
858304,18,1,173353,45393,39802,127960,237891,0,0,0,0,0.0780367
858309,18,2,321780,87848,77406,233919,464048,1,0,0,0,0.164131
858322,36,1,184033,49816,43859,134217,263490,0,0,0,0,0.0675763
858325,36,1,206939,57388,50747,149551,305642,0,0,0,0,0.0809026
858328,36,1,201896,55288,48695,146608,292361,0,0,0,0,0.0629589
858340,6,1,155151,40395,34975,114756,213581,0,0,0,0,0.084383
858341,18,1,151375,40965,35677,110410,219623,0,0,0,0,0.0614474
858344,18,1,185677,50827,44398,134850,270606,0,0,0,0,0.0731208
858349,18,1,192464,53033,46352,139431,283582,0,0,0,0,0.0797872
858350,18,1,140218,37064,31950,103154,197693,0,0,0,0,0.0610559
858351,18,1,153089,39213,34090,113876,203074,0,0,0,0,0.0529981
858354,18,2,237144,65456,57748,171676,351027,1,0,0,0,0.139098
858359,18,2,239288,65972,58324,173304,353796,1,0,0,0,0.164033
858372,36,1,169238,45599,40193,123639,242707,0,0,0,0,0.0609868
858375,36,2,233445,66433,58753,166999,359779,1,0,0,0,0.140205
858378,36,2,231243,65908,58307,165322,357457,1,0,0,0,0.138742
858380,6,1,153612,38642,33517,114970,201381,0,0,0,0,0.121992
858381,18,1,187330,50916,44305,136414,272546,0,0,0,0,0.0785339
858384,18,1,206048,57315,50068,148733,307747,0,0,0,0,0.0819741
858389,18,1,203179,56498,49839,146681,303123,0,0,0,0,0.0989062
858390,18,1,139325,35856,30826,103469,189282,0,0,0,0,0.0770496
858391,18,1,150399,39692,34609,110707,211254,0,0,0,0,0.0576702
858394,18,2,241590,67012,59018,174566,360555,1,0,0,0,0.147286
858399,18,2,237437,65889,58297,171536,354920,1,0,0,0,0.148736
858412,36,1,190403,52562,45895,137841,281650,0,0,0,0,0.0656418
858415,36,1,207835,58503,51479,149332,313414,0,0,0,0,0.0855217
858418,36,1,208140,58143,51033,149997,310760,0,0,0,0,0.0921829
858420,18,1,151973,38984,33549,112989,203309,0,0,0,0,0.0793345
858421,18,1,147856,38680,33389,109176,203810,0,0,0,0,0.058966
858424,18,2,194364,52312,45865,142039,275351,1,0,0,0,0.136527
858429,18,2,192096,51453,45343,140630,270197,1,0,0,0,0.139172
858442,36,1,179887,48886,42452,131001,260786,0,0,0,0,0.0648821
858445,36,1,197112,54641,47848,142471,291510,0,0,0,0,0.0669238
858448,36,1,197839,54461,47785,143378,289917,0,0,0,0,0.067336
858470,18,1,167064,42646,37193,124418,220948,0,0,0,0,0.100183
858471,18,1,161044,41788,36618,119256,217742,0,0,0,0,0.0641065
858472,18,2,194326,52180,45631,142133,278051,1,0,0,0,0.147542
858473,18,2,221713,59271,51860,162429,314782,1,0,0,0,0.1765
858474,18,2,196244,52812,46558,143419,277843,1,0,0,0,0.176919
858475,18,2,217755,60120,53203,157622,321812,1,0,0,0,0.157714
858476,18,2,224948,62009,54623,162926,331848,1,0,0,0,0.160668
858477,18,2,220781,61350,54132,159418,329842,1,0,0,0,0.147609
858478,18,2,212378,58420,51457,153945,313090,1,0,0,0,0.143188
858479,18,2,198958,53897,47501,145048,284525,1,0,0,0,0.140118
858520,18,1,167453,45084,39540,122369,238872,0,0,0,0,0.0748234
858521,18,1,169008,44350,39014,124658,231834,0,0,0,0,0.0639361
858524,18,2,276634,74727,65720,201894,395872,1,0,0,0,0.164046
858529,18,2,313710,85142,74983,228555,449665,1,0,0,0,0.186171
858542,36,1,173909,46366,40705,127543,245203,0,0,0,0,0.0534533
858545,36,1,191712,52052,45646,139660,276320,0,0,0,0,0.0559741
858548,36,1,198529,54177,47537,144352,287398,0,0,0,0,0.0530314
858580,18,1,166674,44844,39451,121830,237599,0,0,0,0,0.0572185
858581,18,1,169404,44249,38825,125155,231066,0,0,0,0,0.0533279
858584,18,2,254869,68816,60593,186040,364878,1,0,0,0,0.159827
858589,18,2,316212,85960,75660,230239,454447,1,0,0,0,0.164758
858602,36,1,174370,46488,40735,127882,245871,0,0,0,0,0.0569475
858605,36,1,191755,51902,45575,139853,275223,0,0,0,0,0.0608416
858608,36,1,198736,54335,47717,144401,288454,0,0,0,0,0.0555249
858630,18,1,156750,42157,36965,114593,225085,0,0,0,0,0.0702798
858631,18,1,152229,39431,34506,112798,206623,0,0,0,0,0.0613403
858634,18,2,242871,66734,58917,176124,356697,1,0,0,0,0.132973
858639,18,2,242578,66597,58794,175968,356069,1,0,0,0,0.130557
858652,36,1,161364,42849,37480,118515,228027,0,0,0,0,0.0530517
858655,36,2,230590,64707,57029,165870,348998,1,0,0,0,0.134654
858658,36,2,227310,63832,56590,163465,344763,1,0,0,0,0.133447
858670,18,1,166626,44146,38573,122480,233989,0,0,0,0,0.081193
858671,18,1,159916,41904,36783,118012,220739,0,0,0,0,0.0566742
858674,18,2,251185,69519,61214,181654,372805,1,0,0,0,0.150096
858679,18,2,250657,69022,61135,181623,370039,1,0,0,0,0.206466
858692,36,1,178508,48159,42473,130349,257466,0,0,0,0,0.0672208
858695,36,1,203317,56596,50092,146721,304252,0,0,0,0,0.0694942
858698,36,1,199889,55403,48888,144486,297874,0,0,0,0,0.0782735
858700,18,1,156841,41244,36027,115597,218019,0,0,0,0,0.111808
858701,18,1,152568,40580,35533,111988,216028,0,0,0,0,0.0819723
858704,18,1,163195,43873,38823,119322,232922,0,0,0,0,0.0640169
858709,18,1,165129,44758,39521,120371,238525,0,0,0,0,0.0638553
858722,36,1,180334,49047,43041,131287,262884,0,0,0,0,0.0784918
858725,36,1,199131,55427,48936,143704,297165,0,0,0,0,0.06952
858728,36,1,201976,56378,50003,145598,302827,0,0,0,0,0.067298
858750,18,1,161329,41531,36021,119798,217406,0,0,0,0,0.0763062
858751,18,1,158386,41442,36118,116944,218989,0,0,0,0,0.0576559
858752,18,2,193741,51812,45052,141916,276108,1,0,0,0,0.154203
858753,18,2,195002,51606,45173,143384,274242,1,0,0,0,0.174151
858754,18,2,189652,51822,45675,137817,276751,1,0,0,0,0.147412
858755,18,2,215558,59319,52348,156226,317805,1,0,0,0,0.147028
858756,18,2,215631,59099,52177,156520,316385,1,0,0,0,0.15908
858757,18,2,214091,58981,52004,155098,316920,1,0,0,0,0.15298
858758,18,2,212078,58415,51454,153650,313716,1,0,0,0,0.145137
858759,18,2,189307,51796,45920,137498,277058,1,0,0,0,0.13757
859030,18,1,167576,43886,38890,123690,229435,0,0,0,0,0.0826349
859031,18,1,158651,42236,37235,116415,223381,0,0,0,0,0.061027
859032,18,1,196913,52974,46842,143939,277038,0,0,0,0,0.0685006
859033,18,1,189753,51521,45691,138232,271367,0,0,0,0,0.0858576
859034,18,2,194336,53158,46850,141165,283884,1,0,0,0,0.16931
859035,18,1,213251,58579,52147,154672,307029,0,0,0,0,0.0660466
859036,18,1,208591,57155,50876,151436,300587,0,0,0,0,0.0653967
859037,18,1,210022,57864,51566,152158,305246,0,0,0,0,0.0661625
859038,18,1,212050,57724,51367,154326,301450,0,0,0,0,0.0641887
859039,18,2,191806,52270,46304,139523,279097,1,0,0,0,0.132816
859280,36,1,191872,52140,45763,139732,277236,0,0,0,0,0.0751297
859281,36,1,185415,50609,44448,134806,270790,0,0,0,0,0.0558577
859282,36,1,191772,51889,45444,139883,275066,0,0,0,0,0.054837
859283,36,1,196108,52872,46327,143236,279465,0,0,0,0,0.054474
859284,36,1,196841,53963,47711,142878,287249,0,0,0,0,0.0582875
859285,36,1,213805,58950,51840,154855,312434,0,0,0,0,0.0600982
859286,36,1,213905,58581,51504,155324,309047,0,0,0,0,0.0606247
859287,36,1,218385,59848,52852,158537,315839,0,0,0,0,0.0612272
859288,36,1,212257,58653,51480,153604,311317,0,0,0,0,0.0608843
859289,36,1,198138,54495,48073,143643,290527,0,0,0,0,0.0565111
859300,36,1,172175,45416,39521,126759,238918,0,0,0,0,0.0672775
859301,36,1,165479,44138,38515,121341,233990,0,0,0,0,0.05724
859302,36,1,186163,50028,44277,136135,262343,0,0,0,0,0.0566386
859303,36,1,189187,51218,45085,137969,269788,0,0,0,0,0.0565196
859304,36,1,189573,52269,46030,137304,278028,0,0,0,0,0.057241
859305,36,1,202364,55290,49052,147074,289991,0,0,0,0,0.0579256
859306,36,1,214294,59544,52431,154750,314893,0,0,0,0,0.0626359
859307,36,1,210021,57988,51199,152033,306114,0,0,0,0,0.0606096
859308,36,1,205575,56129,49638,149446,294400,0,0,0,0,0.0573108
859309,36,1,185429,50977,44923,134452,270930,0,0,0,0,0.0559972
859640,18,2,283000,77676,68276,205311,413442,1,0,0,0,0.150154
859641,18,1,170699,44726,38905,125973,233848,0,0,0,0,0.061858
859644,18,1,169652,44657,39075,124995,234264,0,0,0,0,0.0587102
859649,18,1,191127,50852,44448,140275,266830,0,0,0,0,0.0592757
859662,36,1,165393,43444,37730,121949,227901,0,0,0,0,0.0559048
859665,36,1,187200,50266,43647,136934,265506,0,0,0,0,0.0585708
859668,36,2,186749,50349,44065,136387,266831,1,0,0,0,0.131967
859700,18,2,261836,71313,62689,190510,379088,1,0,0,0,0.172391
859701,18,1,170502,44518,38594,125984,232573,0,0,0,0,0.0605041
859704,18,1,169477,44547,38981,124930,233557,0,0,0,0,0.0735607
859709,18,1,193008,51372,44810,141636,269585,0,0,0,0,0.0727649
859722,36,1,165678,43499,37725,122179,228181,0,0,0,0,0.0528762
859725,36,1,188113,50335,43663,137778,265533,0,0,0,0,0.0567562
859728,36,2,187894,50673,44295,137208,268726,1,0,0,0,0.126769
859750,18,1,169806,45650,40284,124156,241740,0,0,0,0,0.0605028
859751,18,1,152890,39501,34149,113389,206734,0,0,0,0,0.0533136
859754,18,1,179871,47516,41680,132355,249294,0,0,0,0,0.0523712
859759,18,1,179334,47494,41586,131840,249476,0,0,0,0,0.0520394
859772,36,1,158824,41717,36392,117107,220188,0,0,0,0,0.0525137
859775,36,1,187271,50715,44429,136556,269963,0,0,0,0,0.056102
859778,36,1,186507,50356,43893,136151,267495,0,0,0,0,0.0532816
859790,18,1,179634,47301,41390,132333,248409,0,0,0,0,0.0822531
859791,18,1,167665,43799,38272,123866,228118,0,0,0,0,0.0559956
859794,18,2,254209,70065,61744,184132,373347,1,0,0,0,0.150588
859799,18,2,255997,70221,62316,185764,374063,1,0,0,0,0.147715
859812,36,1,171783,45731,40197,126052,243445,0,0,0,0,0.0671045
859815,36,1,203613,56266,49855,147347,301002,0,0,0,0,0.0677763
859818,36,1,193920,53021,46535,140899,282890,0,0,0,0,0.0630777
859820,18,1,159904,41564,35994,118340,219124,0,0,0,0,0.09236
859821,18,1,152793,40257,35058,112536,213908,0,0,0,0,0.0840551
859824,18,2,251696,69915,61341,181769,375556,1,0,0,0,0.180889
859829,18,2,251964,69708,61565,182244,374233,1,0,0,0,0.181145
859842,36,1,182393,49341,43178,133052,263908,0,0,0,0,0.0869509
859845,36,1,203809,56438,49805,147371,302345,0,0,0,0,0.0687747
859848,36,1,203703,56329,49957,147374,301455,0,0,0,0,0.0656147
859870,18,1,144292,36681,31609,107611,192475,0,0,0,0,0.0962967
859871,18,1,147193,38305,33085,108888,203417,0,0,0,0,0.0707501
859872,18,2,190854,50965,44307,139876,271757,1,0,0,0,0.170959
859873,18,2,189977,50155,43979,139810,266437,1,0,0,0,0.164911
859874,18,1,172797,46893,41007,125904,250761,0,0,0,0,0.0602104
859875,18,2,211728,58068,51313,153647,310952,1,0,0,0,0.181295
859876,18,2,213721,58509,51655,155200,313184,1,0,0,0,0.156146
859877,18,2,209539,57514,50722,152013,308874,1,0,0,0,0.159198
859878,18,2,210530,58185,51310,152332,312770,1,0,0,0,0.198645
859879,18,1,164993,44539,38954,120454,237801,0,0,0,0,0.0821674
