880030,9,2,180260,47648,41557,132600,248106,1,0,0,0,0.193518
880031,9,2,206801,56307,49043,150481,297222,1,0,0,0,0.164668
880032,9,2,155911,41833,35837,114065,221301,1,0,0,0,0.161294
880033,9,2,259863,72108,62308,187743,383164,1,0,0,0,0.212441
880034,9,2,169510,45173,39705,124325,237202,1,0,0,0,0.135241
880035,9,2,169221,45020,38887,124188,236192,1,0,0,0,0.126031
880036,9,2,166997,44320,38147,122664,233219,1,0,0,0,0.127775
880037,9,2,164421,43798,37833,120611,230522,1,0,0,0,0.127494
880038,9,2,164447,43750,37677,120685,230440,1,0,0,0,0.152837
880039,9,2,161452,42904,37140,118535,225556,1,0,0,0,0.154111
880322,18,1,173309,46399,40547,126910,244754,0,0,0,0,0.0833409
880325,18,1,192678,52612,46365,140066,277213,0,0,0,0,0.0814458
880328,18,1,194891,52792,45957,142099,276155,0,0,0,0,0.0872752
880332,18,1,176297,47536,41349,128761,251063,0,0,0,0,0.0662093
880335,18,1,186140,49708,42925,136432,260766,0,0,0,0,0.0597964
880338,18,1,186273,49750,42717,136523,259656,0,0,0,0,0.0570475
880342,18,1,183912,48930,42851,134982,256655,0,0,0,0,0.0644113
880345,18,1,188302,49741,43184,138561,258781,0,0,0,0,0.0614662
880348,18,1,190146,50838,44512,139308,266342,0,0,0,0,0.0585242
880352,18,1,199010,54469,47471,144541,287058,0,0,0,0,0.0630169
880355,18,1,213016,58632,51041,154384,308719,0,0,0,0,0.0669656
880358,18,1,183172,50065,43364,133107,265756,0,0,0,0,0.0774093
880362,18,1,185301,50458,43513,134843,266792,0,0,0,0,0.0741674
880365,18,1,195834,53443,46320,142391,283249,0,0,0,0,0.071106
880368,18,1,183428,49567,43192,133861,262988,0,0,0,0,0.0928809
880370,18,1,176008,47288,41087,128720,249433,0,0,0,0,0.082815
880371,18,1,192281,52251,45510,140030,275230,0,0,0,0,0.0766206
880372,18,1,190072,51147,44299,138925,268392,0,0,0,0,0.0795256
880373,18,1,192800,52356,45571,140444,275794,0,0,0,0,0.065667
880374,18,1,203387,55155,47944,148232,290292,0,0,0,0,0.0615266
880375,18,1,193797,52039,44856,141758,273631,0,0,0,0,0.0571481
880376,18,1,183499,50177,43841,133322,266692,0,0,0,0,0.0641942
880377,18,1,167792,44537,38488,123255,234542,0,0,0,0,0.0703729
880378,18,1,180404,48511,42196,131893,257014,0,0,0,0,0.0653877
880379,18,1,192864,51839,45071,141025,273079,0,0,0,0,0.0687481
880392,18,1,185685,50533,44110,135152,266150,0,0,0,0,0.0715942
880395,18,2,179279,47290,41020,131976,246108,1,0,0,0,0.154443
880398,18,2,179528,47771,41212,131744,249054,1,0,0,0,0.145618
880402,18,1,204590,55497,48760,149093,291124,0,0,0,0,0.0740737
880405,18,2,226830,62660,54957,164157,332026,1,0,0,0,0.155937
880408,18,2,223286,61976,54176,161297,329157,1,0,0,0,0.154254
880412,18,1,215779,59140,51659,156639,310053,0,0,0,0,0.0648201
880415,18,2,226960,63665,55850,163282,338869,1,0,0,0,0.149148
880418,18,1,189106,50766,43834,138340,266294,0,0,0,0,0.0632028
880422,18,1,210065,57820,50041,152245,304505,0,0,0,0,0.0647876
880425,18,1,221599,61556,53423,160043,325621,0,0,0,0,0.0660131
880428,18,1,204301,55990,48943,148311,296416,0,0,0,0,0.0681741
880430,18,1,190259,51124,44699,139135,267969,0,0,0,0,0.0633016
880431,18,1,205444,56178,49544,149266,295384,0,0,0,0,0.0636277
880432,18,1,208896,56475,49329,152421,294594,0,0,0,0,0.0697027
880433,18,1,211364,57398,50318,153966,299751,0,0,0,0,0.0722936
880434,18,2,224015,62579,55121,161423,333573,1,0,0,0,0.185895
880435,18,2,304575,83968,73508,220594,445330,1,0,0,0,0.190449
880436,18,2,308234,86831,76433,221390,464358,1,0,0,0,0.207689
880437,18,1,183953,49292,43266,134661,257902,0,0,0,0,0.0780146
880438,18,1,196743,53606,47167,143137,282617,0,0,0,0,0.0954994
880439,18,1,199399,54103,47186,145296,284155,0,0,0,0,0.0864737
880452,18,1,179245,47904,42006,131341,250646,0,0,0,0,0.0662522
880455,18,2,220939,61895,54085,159031,329906,1,0,0,0,0.189243
880458,18,2,218210,61219,53402,156978,326459,1,0,0,0,0.171659
880462,18,1,202164,55007,48091,147157,288703,0,0,0,0,0.0638632
880465,18,2,287879,81360,71127,206506,435181,1,0,0,0,0.191244
880468,18,1,207991,56953,49516,151038,301040,0,0,0,0,0.0830826
880472,18,1,207815,56278,48979,151537,293916,0,0,0,0,0.0818182
880475,18,2,280217,78659,69129,201545,420121,1,0,0,0,0.168721
880478,18,1,218620,60254,52382,158366,319091,0,0,0,0,0.0712661
880480,18,1,199361,53980,47177,145381,283024,0,0,0,0,0.0699317
880481,18,1,214102,58890,51492,155212,309159,0,0,0,0,0.0690085
880482,18,1,204686,55910,48370,148776,294031,0,0,0,0,0.0901788
880484,18,1,225934,61716,53671,164218,324478,0,0,0,0,0.0854007
880485,18,2,301209,84562,73839,216634,451239,1,0,0,0,0.199191
880486,18,1,216116,59526,52058,156590,313260,0,0,0,0,0.0928379
880487,18,2,177980,48977,42611,128990,260109,1,0,0,0,0.191533
880488,18,1,230055,62716,54505,167339,329963,0,0,0,0,0.0720463
880489,18,1,219197,59273,51102,159924,311020,0,0,0,0,0.0653203
880493,18,1,213408,57956,50603,155452,303330,0,0,0,0,0.0743733
880502,18,2,218250,61343,53750,156894,328119,1,0,0,0,0.146379
880505,18,1,222902,60614,52982,162288,318264,0,0,0,0,0.0692213
880508,18,2,277465,77582,67803,199870,412648,1,0,0,0,0.158952
880512,18,2,270527,74778,65285,195736,398027,1,0,0,0,0.225006
880515,18,2,281813,78151,68488,203649,415917,1,0,0,0,0.246607
880518,18,2,192834,53628,46854,139193,285902,1,0,0,0,0.240632
880520,18,1,187794,50498,44062,137296,264695,0,0,0,0,0.0917511
880521,18,2,224921,63867,55808,161041,342144,1,0,0,0,0.220193
880522,18,1,215478,59494,51765,155984,314341,0,0,0,0,0.0963064
880524,18,2,314281,88733,77621,225535,474658,1,0,0,0,0.223523
880525,18,2,301969,84980,74082,216976,454106,1,0,0,0,0.234981
880528,18,2,297736,84092,73740,213631,449660,1,0,0,0,0.295998
880529,18,1,205567,56375,49061,149192,297661,0,0,0,0,0.111937
880533,18,2,273280,76535,67210,196732,409494,1,0,0,0,0.258926
880536,18,1,212926,58262,50859,154664,305639,0,0,0,0,0.0912659
880537,18,2,220357,62109,54621,158235,331886,1,0,0,0,0.233579
880542,18,1,181939,48578,42516,133361,254272,0,0,0,0,0.103985
880545,18,2,181129,49667,43063,131449,263882,1,0,0,0,0.237562
880548,18,2,220151,61708,54108,158430,329636,1,0,0,0,0.204538
880550,18,2,183711,49208,42712,134490,257851,1,0,0,0,0.224298
880551,18,2,219514,60969,53668,158532,324260,1,0,0,0,0.206942
880554,18,2,228604,63252,55523,165339,336352,1,0,0,0,0.157636
880559,18,1,202969,56187,48312,146782,297461,0,0,0,0,0.0773397
880562,18,1,196388,53739,46775,142649,284209,0,0,0,0,0.0702421
880563,18,1,198439,54154,47365,144285,286095,0,0,0,0,0.068144
880565,18,1,223015,61484,53245,161531,325472,0,0,0,0,0.0728025
880566,18,1,225548,61531,53277,164017,323880,0,0,0,0,0.0744876
880567,18,2,181168,49565,43215,131590,263210,1,0,0,0,0.13851
880568,18,2,312030,87040,75938,224977,464172,1,0,0,0,0.194222
880580,18,2,175181,46555,40306,128613,243250,1,0,0,0,0.155218
880581,18,2,212366,58728,51697,153625,311906,1,0,0,0,0.153032
880582,18,1,197166,53263,46361,143903,280261,0,0,0,0,0.0910635
880583,18,1,213863,58800,51467,155063,309926,0,0,0,0,0.089259
880584,18,2,219999,60714,53543,159272,321941,1,0,0,0,0.153625
880585,18,1,220524,60297,52230,160227,318572,0,0,0,0,0.068791
880586,18,1,222914,60746,52762,162168,319338,0,0,0,0,0.0713224
880587,18,2,265108,72969,63522,192126,386905,1,0,0,0,0.159623
880588,18,1,201719,54757,47877,146962,288285,0,0,0,0,0.0648174
880589,18,1,203146,55929,48546,147217,295269,0,0,0,0,0.0708769
881750,6,1,215393,60240,52975,155153,321607,0,0,0,0,0.0743849
881751,18,1,221185,62438,54640,158747,332564,0,0,0,0,0.0605178
881754,18,1,244676,68567,59755,176109,362839,0,0,0,0,0.0626029
881759,18,1,200968,54985,47581,145983,291532,0,0,0,0,0.057511
881760,18,1,190712,52837,45568,137875,281494,0,0,0,0,0.0552891
881761,18,1,205747,56963,49599,148784,302252,0,0,0,0,0.0589243
881764,18,1,236070,65387,56715,170683,347110,0,0,0,0,0.0659624
881769,18,1,205374,55872,48831,149502,295007,0,0,0,0,0.0777774
881782,36,1,222228,62374,54343,159854,333436,0,0,0,0,0.0749999
881785,36,1,236490,66709,58038,169781,357067,0,0,0,0,0.0723747
881788,36,1,216008,59776,52053,156232,318009,0,0,0,0,0.0860092
881810,6,1,197354,53537,47236,143817,283023,0,0,0,0,0.107053
881811,18,1,203054,55804,48723,147250,296538,0,0,0,0,0.0814254
881814,18,2,259642,72812,64018,186817,391998,1,0,0,0,0.172062
881819,18,1,187363,50683,44447,136680,268014,0,0,0,0,0.0532681
881820,18,1,185275,50449,43718,134826,267687,0,0,0,0,0.0538528
881821,18,1,215897,59841,52046,156056,317922,0,0,0,0,0.0562479
881824,18,2,258619,72682,63766,185924,390128,1,0,0,0,0.165667
881829,18,1,203981,55679,48348,148302,293776,0,0,0,0,0.0662398
881842,36,1,224813,62608,54633,162205,334410,0,0,0,0,0.0629812
881845,36,2,255930,72169,63336,183748,389099,1,0,0,0,0.163284
881848,36,1,207128,56803,49246,150325,301761,0,0,0,0,0.0621424
881860,6,1,195073,52339,46447,142734,275197,0,0,0,0,0.0791857
881861,18,1,195271,53503,47121,141768,283003,0,0,0,0,0.0628983
881864,18,1,218158,61097,53841,157061,325880,0,0,0,0,0.0770682
881869,18,2,321047,90565,79609,230469,487192,1,0,0,0,0.173664
881870,18,1,186760,50436,43778,136324,266359,0,0,0,0,0.0578658
881871,18,1,202244,55627,48732,146617,295430,0,0,0,0,0.0629303
881874,18,1,218792,60626,52900,158166,322449,0,0,0,0,0.0621869
881879,18,1,228794,63110,54781,165684,335583,0,0,0,0,0.0622378
881892,36,1,222910,61779,53625,161131,329340,0,0,0,0,0.064669
881895,36,1,227177,63195,55497,163982,337774,0,0,0,0,0.0644836
881898,36,1,230122,64133,55786,165989,343330,0,0,0,0,0.0669397
881900,6,1,187595,50480,44515,137115,265790,0,0,0,0,0.0734718
881901,18,2,290472,81727,72196,208732,439150,1,0,0,0,0.151697
881904,18,1,218458,60162,53028,158296,319932,0,0,0,0,0.0612634
881909,18,2,282478,79244,70019,203221,425304,1,0,0,0,0.147937
881910,18,1,176032,47420,41154,128612,250154,0,0,0,0,0.056636
881911,18,1,220047,60583,53281,159464,320760,0,0,0,0,0.0634594
881914,18,1,221024,60814,53090,160210,322874,0,0,0,0,0.0584377
881919,18,2,224719,62606,55392,162101,335174,1,0,0,0,0.12696
881932,36,1,216996,60165,52589,156831,320109,0,0,0,0,0.0698774
881935,36,1,225826,62855,54749,162971,335854,0,0,0,0,0.0749926
881938,36,1,218168,60575,53019,157593,321705,0,0,0,0,0.0574622
881940,18,1,183590,49309,43117,134281,256968,0,0,0,0,0.0716989
881941,18,2,270477,74725,66302,195740,396606,1,0,0,0,0.18659
881944,18,2,275295,76898,68157,198384,409593,1,0,0,0,0.182013
881949,18,2,263348,72873,64327,190463,386444,1,0,0,0,0.150862
881962,36,1,189499,50988,44387,138511,269587,0,0,0,0,0.059759
881965,36,1,219004,60357,52901,158647,321157,0,0,0,0,0.0558877
881968,36,1,213297,59036,51453,154261,313251,0,0,0,0,0.0558638
881990,18,1,189274,50300,44599,138974,261568,0,0,0,0,0.0538991
881991,18,1,189369,50889,44816,138480,266252,0,0,0,0,0.0565117
881992,18,1,186638,50197,44165,136441,265054,0,0,0,0,0.0570704
881993,18,1,188184,49667,43861,138517,259734,0,0,0,0,0.0577479
881994,18,1,196277,52621,46525,143656,276075,0,0,0,0,0.057827
881995,18,1,215418,58928,51643,156490,312200,0,0,0,0,0.0577729
881996,18,1,223447,60669,53082,162778,319530,0,0,0,0,0.060536
881997,18,2,238655,66443,58522,172200,355079,1,0,0,0,0.13375
881998,18,2,220677,61050,53847,159615,325822,1,0,0,0,0.134199
881999,18,1,199324,53836,46958,145488,282981,0,0,0,0,0.0562303
882040,18,1,202516,55952,48648,146564,296062,0,0,0,0,0.0602523
882041,18,1,193508,53165,46406,140343,281134,0,0,0,0,0.0577496
882044,18,1,215265,58865,51178,156400,311195,0,0,0,0,0.0592006
882049,18,1,190789,51150,44745,139639,268292,0,0,0,0,0.0592388
882062,36,1,212279,58996,51233,153283,313752,0,0,0,0,0.058053
882065,36,1,214942,59542,52422,155400,318606,0,0,0,0,0.0599526
882068,36,1,205641,56033,48931,149608,297594,0,0,0,0,0.0700365
882100,18,1,202097,55574,48919,146523,294247,0,0,0,0,0.0670701
882101,18,2,306629,86341,75642,220275,464117,1,0,0,0,0.156374
882104,18,2,194412,53206,46623,141195,283404,1,0,0,0,0.114789
882109,18,1,194627,53377,46541,141250,283339,0,0,0,0,0.0577075
882122,36,1,221682,61858,54014,159824,329504,0,0,0,0,0.0605726
882125,36,1,216128,60106,52480,156022,321367,0,0,0,0,0.0636014
882128,36,1,214318,59107,51411,155211,315283,0,0,0,0,0.0580537
882150,18,1,212508,58432,51237,154076,307961,0,0,0,0,0.0576886
882151,18,1,205433,57010,50341,148423,302998,0,0,0,0,0.0642699
882154,18,2,338861,96472,84837,242376,518445,1,0,0,0,0.178155
882159,18,1,213636,58565,51113,155071,310340,0,0,0,0,0.063312
882172,36,1,228219,63609,55417,164610,337861,0,0,0,0,0.0644229
882175,36,1,222144,61530,53605,160614,329144,0,0,0,0,0.0594531
882178,36,1,233394,65506,57360,167888,352176,0,0,0,0,0.0721706
882190,18,1,205322,56550,49248,148772,298028,0,0,0,0,0.066874
882191,18,2,195787,53613,47229,142161,285412,1,0,0,0,0.143935
882194,18,2,340885,96562,84644,244310,518742,1,0,0,0,0.168853
882199,18,1,203528,55895,49087,147633,295356,0,0,0,0,0.0575274
882212,36,1,218701,60735,53278,157966,323432,0,0,0,0,0.0596208
882215,36,1,223078,61590,53574,161488,328507,0,0,0,0,0.0765471
882218,36,1,223371,62072,54384,161299,331126,0,0,0,0,0.0795273
882220,18,1,193266,52373,45951,140893,275691,0,0,0,0,0.0530217
882221,18,2,244396,68477,60604,175906,366811,1,0,0,0,0.139014
882224,18,2,235773,65920,58503,169840,352907,1,0,0,0,0.135284
882229,18,1,205873,56404,49428,149469,299981,0,0,0,0,0.0633139
882242,36,2,271719,75112,66030,196594,402841,1,0,0,0,0.166462
882245,36,1,227135,62427,54714,164708,333046,0,0,0,0,0.0687077
882248,36,1,221060,60880,53275,160180,323955,0,0,0,0,0.0756999
882270,18,1,187363,50183,44042,137180,261658,0,0,0,0,0.0736947
882271,18,1,195023,52664,46453,142359,277098,0,0,0,0,0.0585979
882272,18,1,183400,49505,43514,133895,261581,0,0,0,0,0.0665874
882273,18,1,198305,52914,46962,145391,275452,0,0,0,0,0.0649581
882274,18,1,191797,52087,45758,139710,275563,0,0,0,0,0.0558971
882275,18,1,215044,58731,51307,156313,311380,0,0,0,0,0.0625127
882276,18,1,213945,58135,50907,155810,307209,0,0,0,0,0.0676906
882277,18,2,191357,52003,45662,139342,275846,1,0,0,0,0.124832
882278,18,1,208153,56800,49671,151353,300775,0,0,0,0,0.0610164
882279,18,1,211170,58322,51075,152848,310869,0,0,0,0,0.0639942
882550,18,1,195828,52922,46507,142906,276085,0,0,0,0,0.0655943
882551,18,1,191715,52368,46206,139347,276201,0,0,0,0,0.0653664
882552,18,1,193189,51953,45686,141236,272324,0,0,0,0,0.0669043
882553,18,1,191024,51962,45660,139062,275478,0,0,0,0,0.0943745
882554,18,1,184700,49824,44105,134876,262734,0,0,0,0,0.0693743
882555,18,1,213155,58371,51046,154784,309221,0,0,0,0,0.0588194
882556,18,1,206025,56073,49005,149952,296533,0,0,0,0,0.0719908
882557,18,1,208424,56447,49404,151977,296277,0,0,0,0,0.0612311
882558,18,1,195959,53378,46857,142581,281793,0,0,0,0,0.0580884
882559,18,1,200931,55238,48785,145693,293178,0,0,0,0,0.0588318
882620,36,1,199376,55354,48266,144022,295162,0,0,0,0,0.0524986
882621,36,1,212684,58830,51264,153854,312088,0,0,0,0,0.0638905
882622,36,1,218628,60569,52228,158059,321616,0,0,0,0,0.0676748
882623,36,1,225802,63599,55809,162203,339271,0,0,0,0,0.0606328
882624,36,1,223499,61879,53464,161620,328847,0,0,0,0,0.0603137
882625,36,1,222322,61057,53045,161265,324035,0,0,0,0,0.0526879
882626,36,1,204850,57685,50647,147165,309013,0,0,0,0,0.0596312
882627,36,1,202008,55564,48583,146444,295701,0,0,0,0,0.053314
882628,36,1,202048,55804,48604,146244,297767,0,0,0,0,0.0548385
882629,36,1,212119,58758,51309,153361,311472,0,0,0,0,0.0574617
882680,36,1,186962,51007,44558,135955,270284,0,0,0,0,0.0521376
882681,36,1,216157,59909,51944,156248,319508,0,0,0,0,0.0542966
882682,36,1,213444,59305,51459,154139,315339,0,0,0,0,0.0544491
882683,36,1,225898,63269,55614,162629,337341,0,0,0,0,0.0657488
882684,36,1,216469,60033,52089,156436,318398,0,0,0,0,0.0582584
882685,36,1,207969,57450,50051,150519,305361,0,0,0,0,0.0555864
882686,36,1,201140,55829,49016,145311,296792,0,0,0,0,0.0580232
882687,36,1,199004,54776,47908,144228,290853,0,0,0,0,0.0534497
882688,36,1,201613,55578,48189,146035,296302,0,0,0,0,0.0591547
882689,36,1,190350,51853,44751,138497,274716,0,0,0,0,0.0554768
882730,36,1,192616,51812,45435,140804,272277,0,0,0,0,0.0551672
882731,36,1,226043,62972,54882,163071,336423,0,0,0,0,0.0610671
882732,36,1,213719,59231,51541,154488,315660,0,0,0,0,0.0631813
882733,36,1,223785,62860,54938,160925,335764,0,0,0,0,0.0711398
882734,36,1,224954,62198,54492,162756,331561,0,0,0,0,0.0890032
882735,36,1,221570,61063,53211,160507,325525,0,0,0,0,0.0643277
882736,36,1,215131,60089,52310,155042,321419,0,0,0,0,0.0615161
882737,36,1,227944,63208,55795,164736,336399,0,0,0,0,0.0607164
882738,36,1,235285,65509,56877,169776,350617,0,0,0,0,0.0608909
882739,36,1,216836,59670,51852,157166,318044,0,0,0,0,0.059124
882770,36,1,188818,51156,44794,137662,269627,0,0,0,0,0.0538135
882771,36,2,230902,65021,57099,165868,350078,1,0,0,0,0.127598
882772,36,1,206936,58295,50579,148641,312923,0,0,0,0,0.059933
882773,36,1,203473,57116,50003,146357,305744,0,0,0,0,0.0686964
882774,36,1,223046,62096,54140,160950,332262,0,0,0,0,0.0579017
882775,36,1,221326,61517,53783,159809,328427,0,0,0,0,0.0603822
882776,36,2,192107,53319,46995,138775,285372,1,0,0,0,0.14927
882777,36,1,209717,58129,51011,151588,309008,0,0,0,0,0.0575721
882778,36,1,218730,61029,53205,157701,325479,0,0,0,0,0.0742649
882779,36,1,197670,54356,47388,143314,288659,0,0,0,0,0.0613273
882800,36,1,207138,56855,49783,150283,300396,0,0,0,0,0.064117
882801,36,2,239332,66874,58917,172445,358182,1,0,0,0,0.149575
882802,36,1,202529,55993,49168,146536,298558,0,0,0,0,0.0744187
882803,36,1,205028,56982,49543,148046,304729,0,0,0,0,0.0724481
882804,36,1,206738,56634,49648,150104,301165,0,0,0,0,0.0589654
882805,36,1,227146,62739,55046,164407,334103,0,0,0,0,0.0845316
882806,36,1,235904,65639,57030,170265,350054,0,0,0,0,0.0643622
882807,36,2,230669,64498,56649,166158,346517,1,0,0,0,0.143338
882808,36,1,221554,61551,53659,160003,327300,0,0,0,0,0.0709356
882809,36,1,201851,55710,48011,146141,296440,0,0,0,0,0.0696441
882820,36,1,196707,53648,47123,143059,281418,0,0,0,0,0.0777796
882821,36,1,199089,54425,47622,144664,287509,0,0,0,0,0.0810047
882822,36,1,197034,53784,46679,143250,285356,0,0,0,0,0.0838291
882823,36,1,187150,51269,44420,135881,272295,0,0,0,0,0.080505
882824,36,1,190035,51989,45534,138046,276091,0,0,0,0,0.0574345
882825,36,1,213361,58896,51295,154465,313921,0,0,0,0,0.0608192
882826,36,1,213587,58287,51036,155300,308826,0,0,0,0,0.0609966
882827,36,1,211459,57986,50434,153473,306461,0,0,0,0,0.0690705
882828,36,1,201776,55041,48130,146735,291676,0,0,0,0,0.0558366
882829,36,1,201651,56015,48476,145636,299096,0,0,0,0,0.0603244
883990,6,1,214654,59988,52638,154666,320107,0,0,0,0,0.0733901
883991,18,1,220056,62147,54355,157909,331037,0,0,0,0,0.0666108
883994,18,1,243911,68351,59615,175560,361746,0,0,0,0,0.0694322
883999,18,1,201210,55076,47776,146134,292010,0,0,0,0,0.0580158
884000,18,1,190317,52793,45570,137524,281317,0,0,0,0,0.0570591
884001,18,1,205502,57024,49549,148478,302657,0,0,0,0,0.0574695
884004,18,1,237234,65823,57038,171411,349529,0,0,0,0,0.06375
884009,18,1,204346,55808,48770,148538,295134,0,0,0,0,0.0654677
884022,36,1,221447,62272,54224,159175,333136,0,0,0,0,0.062461
884025,36,1,236667,66997,58294,169670,359054,0,0,0,0,0.0633103
884028,36,1,215299,59659,51937,155640,317553,0,0,0,0,0.0669317
884050,6,1,198747,53924,47593,144823,285125,0,0,0,0,0.0949975
884051,18,1,204409,56191,49098,148218,298679,0,0,0,0,0.0728654
884054,18,2,261448,73563,64488,187872,396608,1,0,0,0,0.159595
884059,18,1,189009,51061,44703,137948,269963,0,0,0,0,0.0792006
884060,18,1,186114,50629,43914,135485,268680,0,0,0,0,0.0782256
884061,18,1,216838,60220,52412,156618,320008,0,0,0,0,0.0787263
884064,18,2,260908,73571,64562,187324,395476,1,0,0,0,0.153837
884069,18,1,205193,56067,48791,149126,296031,0,0,0,0,0.0595934
884082,36,1,227032,63368,55296,163664,338634,0,0,0,0,0.0635873
884085,36,2,257780,72989,63984,184778,394054,1,0,0,0,0.156444
884088,36,1,207944,57122,49597,150822,303614,0,0,0,0,0.0672172
884100,6,1,195874,52507,46682,143367,276078,0,0,0,0,0.0849115
884101,18,1,195316,53491,47124,141825,282851,0,0,0,0,0.0736982
884104,18,1,218408,61109,53871,157299,325827,0,0,0,0,0.0853725
884109,18,2,293805,82592,72727,211200,444548,1,0,0,0,0.155579
884110,18,1,188208,50787,44090,137421,268141,0,0,0,0,0.0566033
884111,18,1,202983,56044,49092,146939,297956,0,0,0,0,0.0618265
884114,18,1,218937,60772,52952,158165,323403,0,0,0,0,0.0632457
884119,18,1,229434,63346,54980,166088,336956,0,0,0,0,0.0621522
884132,36,1,223150,61961,53762,161189,330401,0,0,0,0,0.0617995
884135,36,1,226573,63191,55411,163382,337916,0,0,0,0,0.0723471
884138,36,1,229605,64074,55778,165531,343140,0,0,0,0,0.0881912
884140,6,1,188312,50624,44717,137688,266645,0,0,0,0,0.0783472
884141,18,2,289371,81297,71847,208062,437091,1,0,0,0,0.176654
884144,18,1,218812,60281,53199,158531,320592,0,0,0,0,0.0828598
884149,18,2,311449,87427,77169,224009,468375,1,0,0,0,0.188393
884150,18,1,176464,47549,41301,128915,250983,0,0,0,0,0.0775327
884151,18,1,221621,61293,53889,160328,325008,0,0,0,0,0.097134
884154,18,1,220436,60790,53072,159646,322897,0,0,0,0,0.0869642
884159,18,2,225856,62916,55591,162928,336831,1,0,0,0,0.160743
884172,36,1,219069,60885,53254,158184,324222,0,0,0,0,0.0897151
884175,36,1,226937,63203,55096,163734,337749,0,0,0,0,0.0635769
884178,36,1,218483,60775,53186,157708,322985,0,0,0,0,0.0732938
884180,18,1,183073,49104,42953,133969,255878,0,0,0,0,0.0570282
884181,18,2,271472,74923,66594,196537,397585,1,0,0,0,0.152289
884184,18,2,278464,77710,68918,200741,413944,1,0,0,0,0.148983
884189,18,2,264916,73178,64451,191726,387777,1,0,0,0,0.161182
884202,36,1,190412,51340,44613,139072,271697,0,0,0,0,0.0701093
884205,36,1,219414,60545,53037,158869,322258,0,0,0,0,0.0695473
884208,36,1,213771,59263,51682,154508,314519,0,0,0,0,0.0633099
884230,18,1,188544,49925,44222,138619,259378,0,0,0,0,0.0544947
884231,18,1,189659,50907,44905,138752,266332,0,0,0,0,0.0565068
884232,18,1,187475,50552,44506,136923,267195,0,0,0,0,0.0618076
884233,18,1,189283,49957,44103,139326,261318,0,0,0,0,0.0590143
884234,18,1,198207,53085,46824,145122,278483,0,0,0,0,0.0545171
884235,18,1,216067,59171,51860,156896,313588,0,0,0,0,0.0573747
884236,18,1,223300,60678,53100,162622,319603,0,0,0,0,0.0738883
884237,18,2,239411,66561,58550,172838,355558,1,0,0,0,0.138869
884238,18,2,222443,61550,54134,160881,328763,1,0,0,0,0.132927
884239,18,1,198534,53606,46832,144928,281793,0,0,0,0,0.0579561
884280,18,1,201582,55641,48355,145941,294293,0,0,0,0,0.0585322
884281,18,1,193998,53342,46497,140656,282124,0,0,0,0,0.0612809
884284,18,1,216004,59124,51412,156880,312614,0,0,0,0,0.0869324
884289,18,1,190061,51064,44682,138997,268105,0,0,0,0,0.0846425
884302,36,1,211279,58944,51113,152335,314005,0,0,0,0,0.0652454
884305,36,1,215508,59935,52575,155573,321085,0,0,0,0,0.0583971
884308,36,1,204880,55851,48743,149029,296701,0,0,0,0,0.0564568
884340,18,1,202671,55754,49057,146917,295283,0,0,0,0,0.0565312
884341,18,2,330076,93084,81681,236979,500130,1,0,0,0,0.154288
884344,18,2,202570,56071,49103,146488,299552,1,0,0,0,0.121587
884349,18,1,197266,54245,47379,143021,288277,0,0,0,0,0.0699789
884362,36,1,224401,62724,54769,161677,334320,0,0,0,0,0.0873235
884365,36,1,217999,60820,53096,157179,325580,0,0,0,0,0.0671489
884368,36,1,215865,59619,51907,156246,318209,0,0,0,0,0.0817692
884390,18,1,212921,58424,51154,154497,307779,0,0,0,0,0.0878392
884391,18,1,208353,58168,51292,150185,309775,0,0,0,0,0.0859035
884394,18,2,306129,87017,76651,219099,468245,1,0,0,0,0.167428
884399,18,1,215575,59176,51654,156399,313731,0,0,0,0,0.0628408
884412,36,1,228480,63708,55548,164772,338426,0,0,0,0,0.0644967
884415,36,1,222651,61736,53731,160915,330345,0,0,0,0,0.0649589
884418,36,1,233929,65741,57534,168188,353528,0,0,0,0,0.0770847
884430,18,1,206045,56791,49493,149254,299485,0,0,0,0,0.0697268
884431,18,2,195637,53487,47138,142137,284705,1,0,0,0,0.138476
884434,18,2,308696,87175,76688,221508,468518,1,0,0,0,0.175589
884439,18,1,204247,56183,49363,148064,297047,0,0,0,0,0.0760418
884452,36,1,220395,61432,53821,158963,327589,0,0,0,0,0.0592595
884455,36,1,224107,62064,54034,162043,331385,0,0,0,0,0.0585686
884458,36,1,224218,62450,54713,161768,333327,0,0,0,0,0.0714007
884460,18,1,192106,52132,45822,139974,274405,0,0,0,0,0.0567611
884461,18,2,245508,68682,60745,176813,367751,1,0,0,0,0.185653
884464,18,2,238621,66815,59456,171793,357911,1,0,0,0,0.138983
884469,18,1,207364,57025,49885,150339,303649,0,0,0,0,0.0613192
884482,36,2,302516,84204,73972,218299,452043,1,0,0,0,0.159711
884485,36,1,227909,62580,54844,165329,333600,0,0,0,0,0.0586412
884488,36,1,221879,61269,53655,160610,326176,0,0,0,0,0.0644324
884510,18,1,187382,50149,43995,137233,261505,0,0,0,0,0.0583637
884511,18,1,196522,53006,46851,143516,278883,0,0,0,0,0.0563751
884512,18,1,186268,50366,44273,135902,266393,0,0,0,0,0.0632408
884513,18,1,199393,53247,47229,146146,277333,0,0,0,0,0.0633682
884514,18,1,194480,52799,46353,141681,279277,0,0,0,0,0.055874
884515,18,1,215490,58866,51324,156624,312131,0,0,0,0,0.0660192
884516,18,1,213852,58056,50895,155796,306751,0,0,0,0,0.0664917
884517,18,2,191541,52017,45685,139512,275932,1,0,0,0,0.126067
884518,18,1,207896,56753,49587,151143,300479,0,0,0,0,0.0606491
884519,18,1,211227,58307,51038,152920,310808,0,0,0,0,0.0812747
884790,18,1,195398,52623,46358,142775,274393,0,0,0,0,0.0637422
884791,18,1,191015,52019,46010,138996,274129,0,0,0,0,0.094423
884792,18,1,193381,51901,45765,141480,271851,0,0,0,0,0.069226
884793,18,1,191251,51963,45858,139288,275341,0,0,0,0,0.0668306
884794,18,1,185089,49792,44057,135297,262334,0,0,0,0,0.0607421
884795,18,1,213886,58423,51172,155463,309186,0,0,0,0,0.0635091
884796,18,1,206793,56187,49254,150606,296834,0,0,0,0,0.0751654
884797,18,1,209146,56465,49451,152681,296135,0,0,0,0,0.064471
884798,18,1,195529,53056,46639,142473,279714,0,0,0,0,0.0551212
884799,18,1,201367,55303,48915,146064,293317,0,0,0,0,0.0596014
884920,36,1,189709,51768,45153,137941,274222,0,0,0,0,0.0500752
884921,36,1,217405,60257,52279,157148,321408,0,0,0,0,0.078276
884922,36,1,215285,59872,51925,155413,318498,0,0,0,0,0.0554463
884923,36,1,225801,63139,55474,162662,336577,0,0,0,0,0.0671842
884924,36,1,216821,60127,52106,156694,318884,0,0,0,0,0.0573591
884925,36,1,208555,57604,50137,150951,306153,0,0,0,0,0.0537499
884926,36,1,202072,56231,49329,145841,299330,0,0,0,0,0.065361
884927,36,1,200255,54991,48000,145264,291900,0,0,0,0,0.0584946
884928,36,1,202846,55982,48557,146864,298668,0,0,0,0,0.0651542
884929,36,1,191806,52446,45317,139360,278242,0,0,0,0,0.066476
884970,36,1,193182,51990,45647,141192,273382,0,0,0,0,0.0783722
884971,36,1,226823,63079,54968,163744,336867,0,0,0,0,0.0687864
884972,36,1,214238,59286,51660,154952,315828,0,0,0,0,0.0607642
884973,36,1,223323,62625,54773,160698,334296,0,0,0,0,0.0685067
884974,36,1,224514,62052,54481,162462,330699,0,0,0,0,0.0601069
884975,36,1,222137,61256,53345,160881,326643,0,0,0,0,0.0591118
884976,36,1,215911,60321,52453,155590,322690,0,0,0,0,0.062156
884977,36,1,228295,63222,55774,165073,336309,0,0,0,0,0.0599963
884978,36,1,235499,65634,56909,169865,351411,0,0,0,0,0.0631704
884979,36,1,216982,59750,51901,157232,318544,0,0,0,0,0.0585735
885010,36,1,189196,51141,44822,138055,269400,0,0,0,0,0.0548092
885011,36,2,231836,65214,57205,166609,351083,1,0,0,0,0.129759
885012,36,1,206171,57902,50302,148269,310583,0,0,0,0,0.0737056
885013,36,1,204359,57412,50314,146947,307512,0,0,0,0,0.0820042
885014,36,1,222726,62005,54036,160721,331777,0,0,0,0,0.0647047
885015,36,1,221801,61667,53926,160134,329245,0,0,0,0,0.0755544
885016,36,2,193966,53862,47417,140091,288344,1,0,0,0,0.121355
885017,36,1,209573,57994,50904,151579,308170,0,0,0,0,0.0771095
885018,36,1,219269,61236,53460,158033,326691,0,0,0,0,0.0612212
885019,36,1,198842,54707,47683,144135,290615,0,0,0,0,0.0559216
885040,36,1,207727,56980,49865,150747,300962,0,0,0,0,0.0599729
885041,36,2,240368,67040,59037,173315,358852,1,0,0,0,0.149606
885042,36,1,203211,55977,49253,147234,298099,0,0,0,0,0.0611068
885043,36,1,205505,57185,49819,148320,305803,0,0,0,0,0.0887562
885044,36,1,208230,57012,50076,151218,303100,0,0,0,0,0.0802641
885045,36,1,227841,62885,55154,164956,334865,0,0,0,0,0.066307
885046,36,1,236265,65742,57159,170523,350598,0,0,0,0,0.0673138
885047,36,2,230752,64501,56687,166238,346377,1,0,0,0,0.131437
885048,36,1,222233,61859,54026,160374,329255,0,0,0,0,0.0608977
885049,36,1,203840,56377,48475,147463,300112,0,0,0,0,0.0596621
885060,36,1,197648,53839,47261,143809,282431,0,0,0,0,0.0576715
885061,36,1,199682,54467,47636,145215,287606,0,0,0,0,0.0610113
885062,36,1,197349,53678,46750,143671,284428,0,0,0,0,0.0814473
885063,36,1,188673,51671,44931,137002,274268,0,0,0,0,0.0659967
885064,36,1,190445,51994,45496,138451,275906,0,0,0,0,0.0588451
885065,36,1,214476,59206,51542,155270,315474,0,0,0,0,0.0761189
885066,36,1,215645,58888,51520,156757,311996,0,0,0,0,0.0655641
885067,36,1,213136,58474,50845,154662,308970,0,0,0,0,0.0606202
885068,36,1,202849,55337,48489,147512,293312,0,0,0,0,0.0754701
885069,36,1,202680,56369,48830,146311,300924,0,0,0,0,0.0770575
885950,6,1,193993,52008,45819,141985,273376,0,0,0,0,0.077617
885951,18,1,202039,55478,48698,146561,293895,0,0,0,0,0.0694573
885954,18,1,223871,61850,54213,162021,328347,0,0,0,0,0.0868281
885959,18,2,268561,73637,64080,194912,393142,1,0,0,0,0.166103
885960,18,1,178425,48295,41969,130130,255229,0,0,0,0,0.0558275
885961,18,1,204979,56242,48995,148737,297569,0,0,0,0,0.0566739
885964,18,2,268710,74595,65185,194102,399356,1,0,0,0,0.143694
885969,18,1,208985,57377,49899,151608,304531,0,0,0,0,0.0640185
885982,36,1,224929,62720,54874,162209,335042,0,0,0,0,0.0600476
885985,36,1,224874,62940,54879,161934,335669,0,0,0,0,0.0680447
885988,36,1,208127,57401,49643,150726,305593,0,0,0,0,0.0803449
886010,6,1,193988,52023,45830,141965,273583,0,0,0,0,0.0710778
886011,18,1,202038,55557,48781,146481,294456,0,0,0,0,0.0662861
886014,18,1,224625,62188,54522,162437,330230,0,0,0,0,0.0589248
886019,18,2,291392,80019,69803,211361,426845,1,0,0,0,0.146283
886020,18,1,178784,48388,41914,130396,255771,0,0,0,0,0.0527103
886021,18,1,207359,57036,49780,150323,302075,0,0,0,0,0.057658
886024,18,2,268508,74447,65023,194048,398440,1,0,0,0,0.150532
886029,18,1,210773,58010,50359,152763,308095,0,0,0,0,0.0661565
886042,36,1,226439,63200,55204,163239,337650,0,0,0,0,0.062908
886045,36,1,227310,63726,55582,163584,339989,0,0,0,0,0.0655177
886048,36,1,208877,57554,49835,151323,306231,0,0,0,0,0.111915
886060,6,1,184031,49166,43320,134865,259676,0,0,0,0,0.13732
886061,18,1,185707,51104,44921,134603,272036,0,0,0,0,0.0958308
886064,18,2,215538,60992,54492,154533,329896,1,0,0,0,0.271842
886069,18,2,214769,60341,53706,154415,325381,1,0,0,0,0.189177
886070,18,1,177509,48101,41789,129408,255172,0,0,0,0,0.0995466
886071,18,1,194173,53719,47032,140454,287201,0,0,0,0,0.1146
886074,18,2,220584,62307,55097,158265,336487,1,0,0,0,0.135817
886079,18,2,222742,62825,55705,159905,339533,1,0,0,0,0.155918
886092,36,1,211944,58861,51053,153083,315882,0,0,0,0,0.0868817
886095,36,2,278479,79537,70504,198929,431799,1,0,0,0,0.142804
886098,36,2,283927,81147,71756,202767,440616,1,0,0,0,0.145323
886100,6,1,177797,47233,41197,130564,249348,0,0,0,0,0.0746006
886101,18,1,198514,54105,47528,144409,288133,0,0,0,0,0.0615203
886104,18,1,226057,62617,55315,163440,334186,0,0,0,0,0.0663332
886109,18,1,232857,64735,56879,168122,346124,0,0,0,0,0.0683672
886110,18,1,170288,45973,39914,124315,243795,0,0,0,0,0.0579827
886111,18,1,212623,59048,51356,153575,315535,0,0,0,0,0.0677904
886114,18,1,212433,58671,51216,153762,311268,0,0,0,0,0.0594997
886119,18,1,212555,58532,51158,154023,310219,0,0,0,0,0.0623249
886132,36,1,213427,59630,51776,153797,320737,0,0,0,0,0.0723523
886135,36,1,227826,63757,55747,164069,340424,0,0,0,0,0.067282
886138,36,1,230937,64858,56787,166079,346977,0,0,0,0,0.0704803
886140,18,1,175290,47013,41033,128277,246736,0,0,0,0,0.0553287
886141,18,2,252630,69233,60726,183385,368958,1,0,0,0,0.20185
886144,18,2,194261,52475,46121,141773,276238,1,0,0,0,0.138565
886149,18,2,198258,53552,47055,144693,282103,1,0,0,0,0.146703
886162,36,1,182838,49528,43248,133310,264603,0,0,0,0,0.0543016
886165,36,1,223322,61944,54435,161378,329958,0,0,0,0,0.0577822
886168,36,1,220934,61057,53814,159877,325073,0,0,0,0,0.0591871
886190,18,1,181908,48085,42184,133823,251399,0,0,0,0,0.0535595
886191,18,1,183143,48860,43084,134283,256590,0,0,0,0,0.0578176
886192,18,1,180840,48723,42616,132117,259091,0,0,0,0,0.0668128
886193,18,1,174892,46322,40745,128570,244609,0,0,0,0,0.058801
886194,18,2,192906,52312,45954,140581,275897,1,0,0,0,0.127862
886195,18,1,208581,57404,50075,151177,304745,0,0,0,0,0.0751418
886196,18,1,213067,58119,50828,154948,306705,0,0,0,0,0.0611626
886197,18,1,218172,59728,52334,158444,315647,0,0,0,0,0.0597281
886198,18,1,209172,57225,49826,151947,303430,0,0,0,0,0.0565273
886199,18,2,201316,54987,48502,146316,290885,1,0,0,0,0.159312
886240,18,1,199593,54775,48308,144818,290321,0,0,0,0,0.0521618
886241,18,1,206111,56562,49332,149549,300299,0,0,0,0,0.0537731
886244,18,2,191482,51659,45188,139810,273525,1,0,0,0,0.118221
886249,18,1,227717,63100,55228,164617,333654,0,0,0,0,0.0738805
886262,36,1,230095,64052,56094,166043,340703,0,0,0,0,0.0645746
886265,36,1,228136,63796,55825,164340,340759,0,0,0,0,0.064376
886268,36,1,218141,60287,52311,157854,321360,0,0,0,0,0.0613866
886300,18,1,199767,54796,48265,144971,290399,0,0,0,0,0.0583799
886301,18,1,208117,57182,50012,150935,303654,0,0,0,0,0.0551717
886304,18,2,191343,51551,45117,139779,272834,1,0,0,0,0.117749
886309,18,1,228904,63639,55585,165265,336931,0,0,0,0,0.071593
886322,36,1,231604,64463,56421,167141,342757,0,0,0,0,0.0602528
886325,36,1,229361,64170,56182,165191,342831,0,0,0,0,0.0624219
886328,36,1,219115,60570,52517,158545,322805,0,0,0,0,0.0588268
886350,18,1,205453,56079,48953,149374,296358,0,0,0,0,0.060914
886351,18,1,201341,56547,49583,144794,303472,0,0,0,0,0.0841814
886354,18,2,197097,54620,48187,142464,292734,1,0,0,0,0.137702
886359,18,2,198746,54738,48451,143995,293318,1,0,0,0,0.136072
886372,36,1,216815,60290,52659,156525,322211,0,0,0,0,0.0649293
886375,36,1,236851,66719,58113,170132,358604,0,0,0,0,0.0636846
886378,36,1,233383,65826,57608,167557,353966,0,0,0,0,0.0620327
886390,18,1,198175,54786,47680,143389,290964,0,0,0,0,0.0814382
886391,18,1,216507,60712,53104,155795,325392,0,0,0,0,0.0761735
886394,18,1,219533,60610,53025,158923,321578,0,0,0,0,0.0798646
886399,18,1,222016,61292,53859,160724,325137,0,0,0,0,0.0578038
886412,36,1,209077,57961,50442,151116,310476,0,0,0,0,0.0595971
886415,36,1,230245,64153,55819,166092,343224,0,0,0,0,0.0622755
886418,36,1,231585,64417,56294,167168,345041,0,0,0,0,0.0617335
886420,18,1,187980,51490,45222,136490,273702,0,0,0,0,0.0784553
886421,18,1,205018,55279,48519,149739,291723,0,0,0,0,0.0793504
886424,18,2,283507,79239,70234,204256,425861,1,0,0,0,0.150907
886429,18,2,312129,87248,77440,224869,468567,1,0,0,0,0.173067
886442,36,1,189194,51465,45253,137729,274932,0,0,0,0,0.075208
886445,36,1,229542,63588,55724,165954,339938,0,0,0,0,0.0644695
886448,36,1,229701,63457,55720,166244,338770,0,0,0,0,0.0609056
886470,18,1,181156,48590,42418,132566,255950,0,0,0,0,0.0927834
886471,18,1,187745,50455,44253,137290,266520,0,0,0,0,0.0818962
886472,18,1,181313,49139,42926,132174,261751,0,0,0,0,0.0846998
886473,18,1,187076,49851,43929,137225,260978,0,0,0,0,0.0626785
886474,18,1,198311,53812,47345,144499,284956,0,0,0,0,0.0742136
886475,18,2,213321,59190,52180,154118,318163,1,0,0,0,0.138466
886476,18,1,213615,58437,51331,155178,309015,0,0,0,0,0.0668833
886477,18,1,213991,58589,51493,155402,310051,0,0,0,0,0.0651816
886478,18,2,212186,58904,52102,153269,316756,1,0,0,0,0.139525
886479,18,1,197579,53729,47130,143850,284718,0,0,0,0,0.0613186
886750,18,1,192320,52796,46360,139524,279748,0,0,0,0,0.0753519
886751,18,1,183292,50281,43921,133011,267346,0,0,0,0,0.0699818
886752,18,1,194774,53430,47012,141344,283713,0,0,0,0,0.068982
886753,18,1,183238,50342,44246,132896,269152,0,0,0,0,0.0655076
886754,18,1,191255,52072,46017,139183,274340,0,0,0,0,0.0595455
886755,18,1,206237,56609,50084,149628,299861,0,0,0,0,0.0633815
886756,18,1,210445,57937,51180,152508,306506,0,0,0,0,0.0642416
886757,18,1,215417,59246,52320,156171,313095,0,0,0,0,0.0657614
886758,18,1,213513,59014,51998,154499,313387,0,0,0,0,0.0667325
886759,18,1,190110,51578,45583,138532,271519,0,0,0,0,0.0652656
886930,36,1,190411,52007,45347,138404,276253,0,0,0,0,0.0598879
886931,36,1,216923,61080,53171,155843,329015,0,0,0,0,0.0652602
886932,36,1,201471,55994,48580,145477,300226,0,0,0,0,0.0626924
886933,36,1,208780,58478,50754,150302,314245,0,0,0,0,0.0715546
886934,36,1,220261,61321,53701,158940,326550,0,0,0,0,0.060244
886935,36,1,227194,63470,55182,163724,339774,0,0,0,0,0.062871
886936,36,1,218284,60921,53006,157363,325318,0,0,0,0,0.0580121
886937,36,1,216040,59859,52161,156181,318799,0,0,0,0,0.0619553
886938,36,1,227228,63343,54958,163885,338671,0,0,0,0,0.0613315
886939,36,1,222962,62290,54418,160672,332333,0,0,0,0,0.0645727
886970,36,1,187113,51292,44618,135821,273076,0,0,0,0,0.0606469
886971,36,1,217428,61983,54021,155445,334414,0,0,0,0,0.0720382
886972,36,1,196659,55648,48221,141011,301092,0,0,0,0,0.083672
886973,36,1,192098,53966,46881,138132,290337,0,0,0,0,0.0672463
886974,36,1,203721,56025,48723,147696,297773,0,0,0,0,0.0571042
886975,36,1,218936,61226,53148,157710,327981,0,0,0,0,0.0974176
886976,36,1,211658,58989,51651,152669,314098,0,0,0,0,0.0830702
886977,36,1,210627,58383,50966,152244,310331,0,0,0,0,0.0613984
886978,36,1,218393,60705,52907,157688,324515,0,0,0,0,0.0633512
886979,36,1,207953,57551,50211,150402,306475,0,0,0,0,0.0608806
887000,36,1,206522,57232,49854,149290,305204,0,0,0,0,0.0835896
887001,36,1,208019,57539,49911,150480,306831,0,0,0,0,0.0642733
887002,36,1,192427,53181,46496,139246,285823,0,0,0,0,0.0612257
887003,36,1,198395,55139,47916,143256,297366,0,0,0,0,0.0679888
887004,36,1,202302,55376,48134,146926,294024,0,0,0,0,0.0587204
887005,36,1,224348,62669,54708,161679,335414,0,0,0,0,0.0610878
887006,36,2,266891,75037,66079,191842,405275,1,0,0,0,0.137172
887007,36,2,272459,76154,67227,196293,410531,1,0,0,0,0.169344
887008,36,1,226592,63195,54847,163397,337906,0,0,0,0,0.0619604
887009,36,1,205454,56737,49332,148717,302316,0,0,0,0,0.0581143
887020,36,1,199747,55039,48022,144708,291713,0,0,0,0,0.0731485
887021,36,1,198320,55012,47693,143308,293635,0,0,0,0,0.0629251
887022,36,1,187200,51560,44909,135640,276609,0,0,0,0,0.0616856
887023,36,1,187464,51556,44492,135908,275826,0,0,0,0,0.0937754
887024,36,1,196115,53832,46992,142283,285658,0,0,0,0,0.0623547
887025,36,1,209891,58151,50745,151740,310036,0,0,0,0,0.06127
887026,36,1,219254,60533,53009,158721,321519,0,0,0,0,0.0663494
887027,36,1,218235,59975,52438,158260,318156,0,0,0,0,0.0632514
887028,36,1,213539,59120,51466,154419,315544,0,0,0,0,0.0677046
887029,36,1,197371,54717,47733,142654,291441,0,0,0,0,0.0597764
887630,6,1,191468,51246,45363,140222,269027,0,0,0,0,0.0708801
887631,18,1,196524,53669,47019,142855,282770,0,0,0,0,0.0566706
887634,18,1,217603,61229,54104,156374,326923,0,0,0,0,0.0671816
887639,18,1,209451,57733,50489,151718,305950,0,0,0,0,0.058778
887640,18,1,184262,49691,43116,134571,261812,0,0,0,0,0.0557731
887641,18,1,203528,55607,48298,147921,292827,0,0,0,0,0.0593031
887644,18,2,318457,87926,76834,230518,469331,1,0,0,0,0.150985
887649,18,1,230811,63875,56056,166936,338353,0,0,0,0,0.0649246
887662,36,1,203762,55389,48587,148373,293771,0,0,0,0,0.0608581
887665,36,1,232289,64390,56615,167899,343041,0,0,0,0,0.0605004
887668,36,1,225054,62256,54448,162798,330743,0,0,0,0,0.0607566
887690,6,1,192454,51495,45725,140959,270214,0,0,0,0,0.0717839
887691,18,1,196497,53548,46869,142949,281954,0,0,0,0,0.0555739
887694,18,1,217187,61004,53895,156183,325654,0,0,0,0,0.0639902
887699,18,1,210634,58008,50777,152626,307298,0,0,0,0,0.0629504
887700,18,1,184088,49522,42918,134566,260708,0,0,0,0,0.0541412
887701,18,1,202651,55472,48100,147179,292431,0,0,0,0,0.0575147
887704,18,2,292006,80453,70390,211540,429577,1,0,0,0,0.148331
887709,18,1,232083,64300,56297,167783,340951,0,0,0,0,0.0648443
887722,36,1,204074,55661,48688,148413,295641,0,0,0,0,0.0579369
887725,36,1,233101,64710,56806,168391,344948,0,0,0,0,0.0584921
887728,36,1,224845,62332,54481,162513,331369,0,0,0,0,0.0565472
887740,6,1,182691,49011,43178,133680,258922,0,0,0,0,0.0734178
887741,18,1,182412,49465,43128,132947,262541,0,0,0,0,0.0516009
887744,18,2,231068,65483,58029,165573,354096,1,0,0,0,0.135793
887749,18,2,232037,65634,58200,166391,354940,1,0,0,0,0.129164
887750,18,1,171190,46145,40030,125045,244623,0,0,0,0,0.0543884
887751,18,1,187877,51380,44745,136497,272628,0,0,0,0,0.0539817
887754,18,2,253006,71406,63100,181587,385796,1,0,0,0,0.158052
887759,18,2,254408,71698,63495,182697,387269,1,0,0,0,0.14426
887772,36,1,197017,54248,47185,142769,290912,0,0,0,0,0.0625181
887775,36,1,214835,59991,52478,154844,320879,0,0,0,0,0.0611126
887778,36,1,216122,60282,53002,155840,322436,0,0,0,0,0.0621855
887780,6,1,185051,49155,43017,135896,258783,0,0,0,0,0.123598
887781,18,1,210668,58991,51795,151677,317932,0,0,0,0,0.0773409
887784,18,1,227657,64719,56781,162938,348947,0,0,0,0,0.0835776
887789,18,1,223505,63029,55763,160476,338964,0,0,0,0,0.079426
887790,18,1,174828,46686,40450,128142,246146,0,0,0,0,0.0749237
887791,18,1,193115,53247,46434,139868,285329,0,0,0,0,0.0659703
887794,18,1,206983,58162,50979,148821,311943,0,0,0,0,0.0650282
887799,18,1,208796,58263,51321,150533,311849,0,0,0,0,0.0662237
887812,36,1,220080,62273,54478,157807,336011,0,0,0,0,0.0767892
887815,36,1,237148,67910,59936,169238,365700,0,0,0,0,0.0840571
887818,36,1,238579,68465,60066,170114,368913,0,0,0,0,0.104566
887820,18,1,179418,47498,41395,131920,248420,0,0,0,0,0.107562
887821,18,1,172598,46080,40172,126518,241534,0,0,0,0,0.0759883
887824,18,1,179133,47570,41945,131563,247031,0,0,0,0,0.0719376
887829,18,1,179476,47784,41815,131692,248217,0,0,0,0,0.0666567
887842,36,1,205629,56819,49829,148810,303514,0,0,0,0,0.0747979
887845,36,1,221387,62083,55071,159304,331463,0,0,0,0,0.0679201
887848,36,1,222872,61847,54424,161025,329035,0,0,0,0,0.071027
887870,18,1,189262,49782,44014,139480,259759,0,0,0,0,0.0721004
887871,18,1,183636,48508,42736,135128,253336,0,0,0,0,0.055384
887872,18,1,214789,57970,50569,156819,302652,0,0,0,0,0.0638021
887873,18,2,192541,51740,45360,140789,276415,1,0,0,0,0.137533
887874,18,1,201280,53613,47343,147667,278428,0,0,0,0,0.0692197
887875,18,1,240606,66569,58697,174037,349206,0,0,0,0,0.0945305
887876,18,2,207045,57407,50865,149626,309065,1,0,0,0,0.169795
887877,18,2,204158,56661,50202,147485,305217,1,0,0,0,0.155783
887878,18,1,234466,64465,56763,170001,337412,0,0,0,0,0.0891107
887879,18,1,198972,52966,46744,146006,274780,0,0,0,0,0.0625688
887920,18,1,200853,54432,47789,146421,285066,0,0,0,0,0.0643664
887921,18,1,207561,57181,49967,150380,303552,0,0,0,0,0.0667773
887924,18,1,204342,55347,48507,148995,291896,0,0,0,0,0.0742083
887929,18,1,214006,58765,51532,155241,312259,0,0,0,0,0.0781975
887942,36,1,209723,57406,49970,152317,304143,0,0,0,0,0.0609368
887945,36,1,228133,63269,55244,164864,337470,0,0,0,0,0.0639995
887948,36,1,224554,62126,54266,162428,331537,0,0,0,0,0.0802634
887980,18,1,201434,54393,47732,147041,284493,0,0,0,0,0.0648476
887981,18,1,206891,57051,49881,149840,303028,0,0,0,0,0.0573939
887984,18,1,203664,55066,48313,148598,290258,0,0,0,0,0.0571031
887989,18,1,216226,59401,51977,156825,315815,0,0,0,0,0.0875448
888002,36,1,210037,57639,50128,152398,305589,0,0,0,0,0.0845859
888005,36,1,227442,63184,55108,164258,337152,0,0,0,0,0.0931984
888008,36,1,225213,62365,54470,162848,332893,0,0,0,0,0.0736587
888030,18,1,193396,52796,46275,140600,279037,0,0,0,0,0.0612373
888031,18,1,195046,53876,47017,141170,288191,0,0,0,0,0.0676986
888034,18,2,259867,73245,64558,186609,394442,1,0,0,0,0.184616
888039,18,2,260130,73159,64622,186958,394052,1,0,0,0,0.156567
888052,36,1,205293,56567,49284,148726,302112,0,0,0,0,0.0687276
888055,36,1,223518,62513,54718,161005,334913,0,0,0,0,0.0701598
888058,36,1,225189,63203,55213,161986,339095,0,0,0,0,0.0848566
888070,18,1,205450,56624,49622,148826,300047,0,0,0,0,0.0867051
888071,18,1,210424,58292,50740,152132,310440,0,0,0,0,0.0631128
888074,18,2,250256,71219,62790,179024,384738,1,0,0,0,0.135258
888079,18,2,250123,71254,63278,178856,385689,1,0,0,0,0.135549
888092,36,1,213915,59636,52187,154279,321292,0,0,0,0,0.0690833
888095,36,1,235300,66933,59106,168367,361562,0,0,0,0,0.0662922
888098,36,1,228368,64531,56753,163837,347689,0,0,0,0,0.0636734
888100,18,1,188760,50922,44693,137838,269508,0,0,0,0,0.0871459
888101,18,1,181868,48763,42825,133105,257751,0,0,0,0,0.0720128
888104,18,1,193059,51868,46052,141191,272338,0,0,0,0,0.0736895
888109,18,1,190515,51575,45712,138940,271564,0,0,0,0,0.0651619
888122,36,1,201467,55600,49043,145867,298646,0,0,0,0,0.0838217
888125,36,1,219479,61238,54540,158241,328088,0,0,0,0,0.0681008
888128,36,1,220931,61588,54650,159343,329924,0,0,0,0,0.0695884
888150,18,1,190607,50668,44279,139939,265739,0,0,0,0,0.104981
888151,18,1,183094,48427,42316,134667,253445,0,0,0,0,0.0585307
888152,18,2,184043,49599,43343,134432,264968,1,0,0,0,0.137132
888153,18,2,177466,46872,40830,130582,249196,1,0,0,0,0.155687
888154,18,1,206868,55362,48970,151506,289514,0,0,0,0,0.0630627
888155,18,2,204137,56497,50074,147628,303117,1,0,0,0,0.153996
888156,18,2,198556,54256,48001,144288,290672,1,0,0,0,0.134788
888157,18,2,196036,53741,47427,142283,288168,1,0,0,0,0.166405
888158,18,2,201392,55567,49292,145813,298150,1,0,0,0,0.173792
888159,18,1,203286,54613,47968,148673,285944,0,0,0,0,0.0732825
888430,18,1,201445,54414,47734,147031,285824,0,0,0,0,0.100205
888431,18,1,183227,48874,42626,134353,255633,0,0,0,0,0.069929
888432,18,1,213669,59065,52232,154604,313683,0,0,0,0,0.0740708
888433,18,1,215859,59806,52897,156053,318676,0,0,0,0,0.075374
888434,18,1,209323,56697,50172,152626,296088,0,0,0,0,0.0812461
888435,18,1,233858,65758,58519,168100,349766,0,0,0,0,0.111024
888436,18,1,235390,65998,58631,169392,351617,0,0,0,0,0.0952409
888437,18,1,231839,64342,57378,167497,341372,0,0,0,0,0.0920933
888438,18,1,229528,63757,56557,165771,338003,0,0,0,0,0.0965181
888439,18,1,205819,55718,48990,150101,291072,0,0,0,0,0.0705799
888650,36,1,199128,54649,47626,144479,290414,0,0,0,0,0.0824435
888651,36,1,208445,58314,50592,150131,313202,0,0,0,0,0.0806671
888652,36,1,209507,58472,51101,151035,314865,0,0,0,0,0.0894148
888653,36,1,188748,52142,45221,136606,280303,0,0,0,0,0.0753344
888654,36,1,219255,61663,54283,157592,330494,0,0,0,0,0.0614425
888655,36,1,229504,65213,57511,164291,351525,0,0,0,0,0.0662784
888656,36,1,205378,56923,50067,148455,304243,0,0,0,0,0.0591775
888657,36,1,206724,57222,50014,149502,305668,0,0,0,0,0.0624419
888658,36,1,222477,62723,54863,159754,337545,0,0,0,0,0.0668763
888659,36,1,221392,62043,54561,159349,332379,0,0,0,0,0.0638168
888680,36,1,213569,59004,51706,154565,314134,0,0,0,0,0.112312
888681,36,1,206243,56252,48799,149991,298065,0,0,0,0,0.0760823
888682,36,1,217976,60319,52882,157657,322495,0,0,0,0,0.0714225
888683,36,1,220719,60908,53497,159811,325722,0,0,0,0,0.072964
888684,36,1,223926,61420,53973,162506,324379,0,0,0,0,0.0660221
888685,36,1,239662,67555,59668,172107,361804,0,0,0,0,0.0726473
888686,36,1,240879,67553,59469,173326,360719,0,0,0,0,0.0857466
888687,36,1,245267,68707,60635,176560,366733,0,0,0,0,0.0908244
888688,36,1,235713,66182,58443,169531,354085,0,0,0,0,0.0847434
888689,36,1,225255,62045,54426,163210,328232,0,0,0,0,0.089044
888700,36,1,203205,55683,48544,147522,294355,0,0,0,0,0.10825
888701,36,1,191929,51862,44823,140067,273017,0,0,0,0,0.0820842
888702,36,1,212593,58255,51168,154338,308941,0,0,0,0,0.062034
888703,36,1,207851,56533,49497,151318,300267,0,0,0,0,0.0632296
888704,36,1,214147,58697,51663,155450,308930,0,0,0,0,0.0789103
888705,36,1,234065,65169,57346,168896,345648,0,0,0,0,0.0813202
888706,36,1,228908,63570,55867,165338,337935,0,0,0,0,0.0686322
888707,36,1,228362,63172,55594,165190,335413,0,0,0,0,0.068252
888708,36,1,234173,65541,57690,168632,347891,0,0,0,0,0.0714482
888709,36,1,214648,59253,51750,155395,312663,0,0,0,0,0.0897399
889030,6,1,196752,53891,47797,142861,285229,0,0,0,0,0.0822966
889031,18,2,285981,80548,70268,205420,432562,1,0,0,0,0.178079
889034,18,1,215395,59872,52850,155523,318198,0,0,0,0,0.0639782
889039,18,2,285790,79992,70226,205785,429356,1,0,0,0,0.18068
889040,18,1,185577,50981,44350,134596,270767,0,0,0,0,0.0587603
889041,18,2,258659,72232,63121,186414,386197,1,0,0,0,0.156586
889044,18,2,307255,85104,74328,222138,454159,1,0,0,0,0.161983
889049,18,2,373119,103849,91420,269257,552923,1,0,0,0,0.197967
889062,36,1,212575,59005,51356,153570,313867,0,0,0,0,0.060778
889065,36,1,239412,67383,59491,172029,359039,0,0,0,0,0.0618718
889068,36,1,220409,61626,53809,158783,327325,0,0,0,0,0.0754328
889090,6,1,197119,53691,47653,143428,283687,0,0,0,0,0.0970625
889091,18,2,286441,80698,70442,205731,433548,1,0,0,0,0.149871
889094,18,1,214461,59393,52401,155068,315273,0,0,0,0,0.0601886
889099,18,2,311173,87191,76730,223969,467375,1,0,0,0,0.157534
889100,18,1,184995,50588,44043,134407,268237,0,0,0,0,0.0617716
889101,18,2,257658,71855,62854,185790,384110,1,0,0,0,0.138855
889104,18,2,277955,76646,67013,201296,409223,1,0,0,0,0.139714
889109,18,2,375625,104542,91801,271070,556663,1,0,0,0,0.169812
889122,36,1,212680,59011,51398,153669,313899,0,0,0,0,0.082885
889125,36,1,239831,67377,59425,172454,358822,0,0,0,0,0.0673447
889128,36,1,221786,62033,54149,159753,329612,0,0,0,0,0.0611577
889140,6,1,185892,50390,44392,135502,267438,0,0,0,0,0.081067
889141,18,1,201500,55337,48630,146163,294343,0,0,0,0,0.0717649
889144,18,1,232473,64976,57634,167497,346185,0,0,0,0,0.069952
889149,18,1,239163,67262,59700,171901,359187,0,0,0,0,0.0751104
889150,18,1,171579,46855,40740,124724,249722,0,0,0,0,0.0823709
889151,18,2,240718,67192,58371,173513,361311,1,0,0,0,0.146086
889154,18,1,205088,56086,48923,149002,297468,0,0,0,0,0.0587492
889159,18,1,208134,56937,49873,151197,301578,0,0,0,0,0.0579176
889172,36,1,209000,58590,50580,150410,314883,0,0,0,0,0.0617495
889175,36,1,223281,62208,54487,161073,331417,0,0,0,0,0.0584275
889178,36,1,227793,63730,55664,164063,340092,0,0,0,0,0.0615151
889180,6,1,193295,52157,46204,141138,275511,0,0,0,0,0.113442
889181,18,1,222188,62066,54617,160122,332594,0,0,0,0,0.116247
889184,18,1,237693,67858,60040,169835,364982,0,0,0,0,0.0888312
889189,18,1,234860,66434,58824,168426,356134,0,0,0,0,0.0817548
889190,18,1,182430,50022,43819,132408,265610,0,0,0,0,0.0786176
889191,18,1,196562,53833,46999,142729,286851,0,0,0,0,0.0608751
889194,18,1,211019,58470,51102,152549,312042,0,0,0,0,0.0600636
889199,18,1,208338,57432,50317,150906,305887,0,0,0,0,0.0592208
889212,36,1,234718,66618,58247,168100,358030,0,0,0,0,0.0680222
889215,36,1,249655,71683,63339,177972,384555,0,0,0,0,0.0752239
889218,36,1,248927,71285,62731,177642,382324,0,0,0,0,0.0743411
889220,18,1,191387,51134,44976,140253,268373,0,0,0,0,0.0690747
889221,18,1,169380,45513,39837,123867,239939,0,0,0,0,0.0505163
889224,18,2,310614,85728,75588,224873,451965,1,0,0,0,0.155711
889229,18,2,287654,79227,70057,208414,417840,1,0,0,0,0.144168
889242,36,1,205410,56677,49638,148733,302234,0,0,0,0,0.0638978
889245,36,1,223656,62374,55265,161282,332456,0,0,0,0,0.0652741
889248,36,1,219901,60992,53657,158909,324480,0,0,0,0,0.0625764
889270,18,1,195563,53042,46523,142521,280214,0,0,0,0,0.0791118
889271,18,2,305437,83480,72986,221945,442455,1,0,0,0,0.152677
889272,18,1,196500,52676,46149,143824,275807,0,0,0,0,0.0577252
889273,18,2,210740,57215,50137,153513,306112,1,0,0,0,0.143055
889274,18,2,313004,86789,76272,226203,459102,1,0,0,0,0.163481
889275,18,1,215510,58959,51986,156551,309573,0,0,0,0,0.0619079
889276,18,2,232663,64795,57345,167856,348954,1,0,0,0,0.155719
889277,18,2,225525,62570,55397,162943,336618,1,0,0,0,0.146237
889278,18,1,213771,58115,51311,155656,304566,0,0,0,0,0.0783522
889279,18,2,291037,81125,71586,209900,430190,1,0,0,0,0.171422
889320,18,1,198422,54069,46911,144353,285082,0,0,0,0,0.0547178
889321,18,2,261321,73109,64077,188199,391632,1,0,0,0,0.143233
889324,18,1,209214,56763,50099,152451,299349,0,0,0,0,0.0595481
889329,18,1,206657,56639,49659,150018,300571,0,0,0,0,0.0619997
889342,36,1,210339,57686,50467,152653,306662,0,0,0,0,0.0615367
889345,36,1,229915,63723,55858,166192,339786,0,0,0,0,0.056487
889348,36,2,270613,76010,66827,194590,408963,1,0,0,0,0.136219
889380,18,1,198234,53771,46720,144463,283016,0,0,0,0,0.0568238
889381,18,2,261187,72938,63945,188236,390704,1,0,0,0,0.140603
889384,18,1,209534,56814,50116,152720,299446,0,0,0,0,0.0611004
889389,18,1,209558,57515,50320,152043,305273,0,0,0,0,0.0613209
889402,36,1,210860,57889,50685,152971,307757,0,0,0,0,0.0587379
889405,36,1,229889,63709,55798,166180,339672,0,0,0,0,0.0591918
889408,36,2,271966,76477,67228,195476,411574,1,0,0,0,0.152248
889430,18,1,191272,52595,45972,138677,279502,0,0,0,0,0.0562136
889431,18,1,218551,60399,52853,158152,321223,0,0,0,0,0.0732493
889434,18,2,204968,57048,50475,147907,306467,1,0,0,0,0.147957
889439,18,2,205200,57062,50622,148125,306653,1,0,0,0,0.137096
889452,36,1,203805,56373,49151,147432,302136,0,0,0,0,0.0636617
889455,36,1,228032,63657,55728,164375,340700,0,0,0,0,0.058346
889458,36,1,232362,65120,56815,167242,348901,0,0,0,0,0.0603642
889470,18,1,211762,58588,51107,153174,311212,0,0,0,0,0.0792423
889471,18,1,212505,58493,50807,154012,309915,0,0,0,0,0.0644585
889474,18,2,273147,77969,68603,195166,421705,1,0,0,0,0.170057
889479,18,2,271516,77212,68183,194292,417610,1,0,0,0,0.17217
889492,36,1,214998,60090,52453,154908,324206,0,0,0,0,0.0674593
889495,36,1,235451,66919,58973,168532,361073,0,0,0,0,0.0701682
889498,36,1,230490,65484,57374,165006,353617,0,0,0,0,0.0849299
889500,18,1,213890,57473,50309,156417,303243,0,0,0,0,0.0907542
889501,18,1,189157,50856,44567,138301,269069,0,0,0,0,0.0562915
889504,18,2,293666,81138,71589,212515,430915,1,0,0,0,0.185417
889509,18,2,313103,86100,76094,226990,455882,1,0,0,0,0.208477
889522,36,1,209494,57352,50551,152142,307078,0,0,0,0,0.0788373
889525,36,1,231834,64460,57254,167374,345269,0,0,0,0,0.0943492
889528,36,1,232532,64507,56915,168025,345150,0,0,0,0,0.101333
889550,18,1,195150,52482,46172,142668,277089,0,0,0,0,0.109638
889551,18,1,181538,48805,42925,132733,257966,0,0,0,0,0.0823913
889552,18,2,232823,63824,55891,168986,342123,1,0,0,0,0.159512
889553,18,2,191024,51336,45094,139676,274487,1,0,0,0,0.19167
889554,18,1,196874,53005,46862,143869,278566,0,0,0,0,0.0775374
889555,18,2,262651,73867,65116,188771,398187,1,0,0,0,0.158863
889556,18,2,216457,60028,53201,156417,323387,1,0,0,0,0.188631
889557,18,2,208827,57531,50833,151284,309522,1,0,0,0,0.14159
889558,18,2,253339,70193,62066,183133,376627,1,0,0,0,0.146119
889559,18,1,197791,53568,47119,144223,282202,0,0,0,0,0.0730401
889830,18,1,188247,50887,44942,137360,268596,0,0,0,0,0.119456
889831,18,1,171592,45863,39724,125729,241450,0,0,0,0,0.0892245
889832,18,1,191496,52837,46120,138659,282322,0,0,0,0,0.0853913
889833,18,1,191851,52822,45911,139029,282701,0,0,0,0,0.10527
889834,18,2,282041,77782,68702,204246,413562,1,0,0,0,0.224036
889835,18,1,211781,59692,52660,152089,320248,0,0,0,0,0.0798507
889836,18,1,208683,58531,51695,150152,314493,0,0,0,0,0.0990053
889837,18,1,204336,56775,49888,147561,304057,0,0,0,0,0.0724829
889838,18,1,206410,57492,50524,148918,307285,0,0,0,0,0.0657583
889839,18,2,311053,86761,76866,224279,462657,1,0,0,0,0.204245
890080,36,1,215145,59517,51982,155628,317160,0,0,0,0,0.0816467
890081,36,1,196434,53305,46230,143129,282248,0,0,0,0,0.0563268
890082,36,1,202172,55476,48384,146696,297073,0,0,0,0,0.0624663
890083,36,1,205906,56367,48688,149539,301323,0,0,0,0,0.0918598
890084,36,2,295198,82049,72343,213136,436830,1,0,0,0,0.170562
890085,36,1,218852,60750,53265,158102,324660,0,0,0,0,0.0615535
890086,36,1,222547,61851,54174,160696,330386,0,0,0,0,0.0621912
890087,36,1,222618,61703,53945,160915,328980,0,0,0,0,0.0686344
890088,36,1,216919,60187,52750,156732,321445,0,0,0,0,0.0636134
890089,36,2,323678,90595,79859,233070,482854,1,0,0,0,0.158874
890100,36,1,200748,55056,47747,145692,292639,0,0,0,0,0.0818517
890101,36,1,184206,50133,43404,134073,266075,0,0,0,0,0.0572173
890102,36,1,195415,53323,46438,142092,283989,0,0,0,0,0.0585707
890103,36,1,189750,51396,44742,138354,273742,0,0,0,0,0.0596449
890104,36,1,201685,55063,48223,146622,290789,0,0,0,0,0.0616843
890105,36,1,212418,58525,51261,153893,311503,0,0,0,0,0.071581
890106,36,1,210589,58352,51283,152237,311769,0,0,0,0,0.0612543
890107,36,1,207937,57650,50383,150287,308037,0,0,0,0,0.0600771
890108,36,1,212864,58987,51728,153877,314278,0,0,0,0,0.0645999
890109,36,1,202583,55600,48669,146983,293891,0,0,0,0,0.0595606
890440,18,1,191372,51891,45903,139481,272819,0,0,0,0,0.0742911
890441,18,2,250383,69339,60929,181031,369448,1,0,0,0,0.208777
890444,18,2,298205,82348,72567,215844,438760,1,0,0,0,0.2269
890449,18,1,202752,55761,48964,146991,296467,0,0,0,0,0.0875093
890462,36,1,196360,53040,47010,143320,280370,0,0,0,0,0.0917441
890465,36,1,227255,63427,55915,163828,338367,0,0,0,0,0.0914553
890468,36,1,216334,59973,53199,156361,319116,0,0,0,0,0.0917343
890500,18,1,192321,52173,46104,140148,274357,0,0,0,0,0.0858728
890501,18,2,250035,68994,60602,181028,367287,1,0,0,0,0.179292
890504,18,2,277074,76137,67073,200924,405527,1,0,0,0,0.177816
890509,18,1,204553,56332,49475,148221,299497,0,0,0,0,0.0685354
890522,36,1,197023,53266,47191,143757,281672,0,0,0,0,0.0705939
890525,36,1,227877,63690,56204,164187,339804,0,0,0,0,0.0692101
890528,36,1,216885,60154,53321,156731,320069,0,0,0,0,0.108242
890550,18,1,187323,51602,45535,135721,274300,0,0,0,0,0.0981005
890551,18,1,203939,55620,48966,148319,293025,0,0,0,0,0.0818148
890554,18,1,198365,53793,47238,144572,284254,0,0,0,0,0.083089
890559,18,1,200902,54588,48028,146314,288788,0,0,0,0,0.0907704
890572,36,1,189577,51677,45557,137900,275871,0,0,0,0,0.0923167
890575,36,1,224788,62587,55090,162201,333956,0,0,0,0,0.0919029
890578,36,1,226137,62916,55757,163221,335808,0,0,0,0,0.0904831
890590,18,1,184312,50689,44585,133623,269829,0,0,0,0,0.10753
890591,18,1,182156,49192,43445,132964,260264,0,0,0,0,0.0670228
890594,18,1,192208,51702,46312,140506,271606,0,0,0,0,0.0762395
890599,18,1,193981,52718,46872,141263,277916,0,0,0,0,0.0916261
890612,36,1,206934,57924,51654,149010,312462,0,0,0,0,0.105031
890615,36,1,224588,63804,57166,160784,343981,0,0,0,0,0.0855945
890618,36,1,225212,63688,56759,161524,342860,0,0,0,0,0.105218
890620,18,1,208453,56921,50481,151532,300736,0,0,0,0,0.12832
890621,18,1,189384,51192,45037,138192,269418,0,0,0,0,0.0939833
890624,18,2,203814,55336,48849,148465,291923,1,0,0,0,0.190515
890629,18,2,200786,54120,47709,146653,284991,1,0,0,0,0.188093
890642,36,1,202914,55671,49171,147243,297960,0,0,0,0,0.0948455
890645,36,1,225493,62866,56159,162627,336331,0,0,0,0,0.10648
890648,36,1,218831,60603,53755,158228,323723,0,0,0,0,0.0753706
890670,18,1,174713,46435,41058,128278,245662,0,0,0,0,0.108557
890671,18,1,181757,48729,42590,133028,257982,0,0,0,0,0.101353
890672,18,1,193108,51686,45452,141422,272446,0,0,0,0,0.0743708
890673,18,1,173088,46414,41163,126674,246674,0,0,0,0,0.0822218
890674,18,1,189477,51102,45258,138375,269859,0,0,0,0,0.0744873
890675,18,1,208968,57251,50943,151717,303478,0,0,0,0,0.0899891
890676,18,2,225599,62495,55239,163091,337253,1,0,0,0,0.152105
890677,18,2,216190,59378,52494,156799,319216,1,0,0,0,0.162074
890678,18,1,208158,56780,50709,151378,300557,0,0,0,0,0.0877202
890679,18,1,192505,51922,46325,140583,274212,0,0,0,0,0.061778
890950,18,1,198024,53634,47297,144390,283980,0,0,0,0,0.105845
890951,18,1,196810,53177,46703,143633,281098,0,0,0,0,0.0897734
890952,18,1,208255,56408,49324,151847,297916,0,0,0,0,0.102194
890953,18,1,193611,52252,45399,141359,277518,0,0,0,0,0.0960881
890954,18,1,207373,56866,50187,150507,300524,0,0,0,0,0.0950415
890955,18,1,230498,63592,56271,166906,337351,0,0,0,0,0.112088
890956,18,1,209297,56519,49669,152778,298736,0,0,0,0,0.0941002
890957,18,1,204577,55348,48504,149229,292621,0,0,0,0,0.0919668
890958,18,1,219512,60007,52592,159505,317250,0,0,0,0,0.0961544
890959,18,1,207529,56421,49771,151108,297172,0,0,0,0,0.095471
891220,36,1,195762,53899,47291,141863,288274,0,0,0,0,0.116861
891221,36,1,190586,52339,45518,138247,279620,0,0,0,0,0.0855453
891222,36,1,202297,55565,48564,146732,295873,0,0,0,0,0.0881962
891223,36,1,182794,50112,43435,132682,268239,0,0,0,0,0.0660282
891224,36,1,198985,55265,48444,143720,294761,0,0,0,0,0.0759081
891225,36,1,222546,62633,55232,159913,335296,0,0,0,0,0.070938
891226,36,1,200371,55201,48407,145170,294635,0,0,0,0,0.0642325
891227,36,1,196850,54317,47492,142533,289891,0,0,0,0,0.0563093
891228,36,1,213320,59198,51861,154122,315667,0,0,0,0,0.0628202
891229,36,1,202031,55988,48827,146043,298346,0,0,0,0,0.0631235
891790,18,1,182893,49037,42876,133856,260053,0,0,0,0,0.101915
891791,18,1,181677,48745,42442,132932,258884,0,0,0,0,0.0975317
891792,18,1,192220,51508,44978,140712,272875,0,0,0,0,0.0965924
891793,18,1,183118,49469,42960,133649,264157,0,0,0,0,0.0832949
891794,18,1,196908,54238,47625,142670,289281,0,0,0,0,0.0788819
891795,18,1,213128,58764,51963,154364,313457,0,0,0,0,0.0987565
891796,18,1,196691,53314,46739,143377,283434,0,0,0,0,0.0929131
891797,18,1,195114,52944,46343,142170,281459,0,0,0,0,0.0913581
891798,18,1,205202,56445,49306,148757,300922,0,0,0,0,0.104079
891799,18,1,193669,53031,46793,140638,282200,0,0,0,0,0.0942538
893200,3,1,148237,39472,33865,108765,207587,0,0,0,0,0.0938057
893201,9,1,152305,41493,35358,110812,219325,0,0,0,0,0.08945
893204,9,1,176576,48736,42226,127840,257307,0,0,0,0,0.0872747
893209,9,1,157046,42439,36588,114607,223017,0,0,0,0,0.0796641
893210,3,1,155978,41204,35575,114774,214917,0,0,0,0,0.102672
893211,9,1,162870,44097,37547,118773,231797,0,0,0,0,0.0661134
893214,9,1,189867,52176,45218,137691,273523,0,0,0,0,0.0738066
893219,9,1,164488,44071,37650,120417,229060,0,0,0,0,0.0563333
893220,3,1,161596,42062,36444,119534,219297,0,0,0,0,0.0835735
893221,9,1,153675,41372,35806,112303,218052,0,0,0,0,0.0574783
893224,9,2,186639,50478,44049,136148,264610,1,0,0,0,0.176433
893229,9,2,175808,46912,41118,128883,244760,1,0,0,0,0.153108
893230,3,1,161533,42024,36403,119509,219050,0,0,0,0,0.0793178
893231,9,2,190583,51019,44257,139551,267823,1,0,0,0,0.189173
893234,9,1,169402,44780,38686,124622,234123,0,0,0,0,0.0592847
893239,9,1,163602,42591,36615,121011,221033,0,0,0,0,0.0602181
893240,9,1,143071,37654,32028,105417,197471,0,0,0,0,0.0582224
893241,9,2,186459,50035,43281,136412,261939,1,0,0,0,0.14901
893242,18,2,156973,40757,34850,116203,211418,1,0,0,0,0.183763
893244,9,2,192077,52225,44607,139839,275315,1,0,0,0,0.194294
893245,18,2,158326,41419,35385,116894,215922,1,0,0,0,0.160281
893248,18,2,320553,84990,72995,235551,444184,1,0,0,0,0.261903
893249,9,2,182522,48826,42029,133683,256191,1,0,0,0,0.210649
893270,3,1,165260,43903,38715,121357,229093,0,0,0,0,0.121227
893271,9,1,155671,41295,35727,114376,215744,0,0,0,0,0.0810206
893274,9,1,178146,47529,41570,130617,247378,0,0,0,0,0.0609742
893279,9,1,156567,40806,35448,115761,210852,0,0,0,0,0.0575442
893280,3,1,183575,49437,43392,134138,258836,0,0,0,0,0.104492
893281,9,1,173446,46773,40117,126673,245405,0,0,0,0,0.0535621
893284,9,1,189821,51523,44814,138298,270396,0,0,0,0,0.0608518
893289,9,1,190323,51278,44595,139045,268384,0,0,0,0,0.0540355
893290,3,1,184128,49673,43497,134455,260216,0,0,0,0,0.0957176
893291,9,2,174609,47330,41446,127267,248579,1,0,0,0,0.168568
893294,9,2,171506,45912,39872,125582,240075,1,0,0,0,0.118596
893299,9,1,170415,45166,38552,125249,235593,0,0,0,0,0.0498545
893300,9,1,170875,45596,38893,125279,238493,0,0,0,0,0.0763164
893301,9,1,208767,56803,49240,151964,296752,0,0,0,0,0.0844707
893302,18,1,192905,52205,45454,140700,272729,0,0,0,0,0.0773068
893304,9,2,270162,74030,64847,196119,390187,1,0,0,0,0.181199
893305,18,1,189211,51606,44615,137605,271641,0,0,0,0,0.0762889
893308,18,1,181618,48952,42217,132666,256487,0,0,0,0,0.05349
893309,9,1,179335,48496,42611,130839,253834,0,0,0,0,0.0631515
893330,3,1,180940,49195,42814,131745,257457,0,0,0,0,0.0793224
893331,9,1,165522,45138,38787,120384,237336,0,0,0,0,0.054908
893334,9,1,190464,51782,45154,138682,270679,0,0,0,0,0.064616
893339,9,2,308859,86018,74874,222828,453782,1,0,0,0,0.207807
893340,3,1,180947,49209,42848,131738,257563,0,0,0,0,0.0769909
893341,9,2,172862,46455,40539,126396,243484,1,0,0,0,0.175571
893344,9,2,166991,44877,38955,122102,235156,1,0,0,0,0.164148
893349,9,1,177190,47108,40770,130082,244574,0,0,0,0,0.0598874
893350,9,1,163715,44237,37736,119478,231358,0,0,0,0,0.0826247
893351,9,2,207461,57430,50063,150018,303591,1,0,0,0,0.196099
893354,9,2,192106,52487,45245,139606,276475,1,0,0,0,0.19717
893355,18,2,193955,53497,46018,140445,282392,1,0,0,0,0.174621
893358,18,1,191444,51990,45019,139454,272215,0,0,0,0,0.0804199
893359,9,1,178024,48297,41776,129727,252474,0,0,0,0,0.086936
893362,18,2,207389,57407,49733,149969,303566,1,0,0,0,0.209048
893380,3,1,179848,48943,43481,130905,256037,0,0,0,0,0.129543
893381,9,1,185460,50652,44606,134808,264648,0,0,0,0,0.0888857
893384,9,1,201645,55131,48592,146514,287681,0,0,0,0,0.0917105
893389,9,1,178893,47692,41671,131201,247546,0,0,0,0,0.0645866
893390,9,1,157455,42582,36846,114873,222828,0,0,0,0,0.0754241
893391,9,1,183538,49635,43215,133903,259757,0,0,0,0,0.0811133
893394,9,1,191799,51758,45262,140041,271508,0,0,0,0,0.0660567
893399,9,1,183066,49631,43397,133435,260741,0,0,0,0,0.0696063
893402,18,2,160629,42770,36818,117846,223660,1,0,0,0,0.162012
893405,18,1,199002,54638,47065,144364,288238,0,0,0,0,0.0572007
893408,18,1,189410,51429,44877,137981,270239,0,0,0,0,0.0552352
893420,9,1,169003,44753,38723,124250,231075,0,0,0,0,0.0673139
893421,9,2,177837,48501,41834,129324,253257,1,0,0,0,0.197568
893424,9,2,291401,81072,70098,210317,426202,1,0,0,0,0.201185
893429,9,1,167417,44519,38206,122898,231477,0,0,0,0,0.0657972
893442,18,1,174123,46748,40157,127375,244025,0,0,0,0,0.0742921
893445,18,1,184876,49604,42822,135272,259011,0,0,0,0,0.065825
893448,18,2,151033,40331,34568,110690,210569,1,0,0,0,0.176591
893470,9,1,161076,42369,36997,118707,217813,0,0,0,0,0.0542904
893471,9,2,174150,46703,40620,127435,242698,1,0,0,0,0.154232
893472,9,1,162005,43191,37162,118814,224898,0,0,0,0,0.0522007
893473,9,1,174455,47870,41799,126585,250993,0,0,0,0,0.0762962
893474,9,2,183319,49589,43014,133717,257754,1,0,0,0,0.160046
893475,9,1,181386,48462,42029,132924,252823,0,0,0,0,0.051825
893476,9,1,178332,48549,42340,129783,253828,0,0,0,0,0.0638406
893477,9,2,152768,40511,34675,112246,211110,1,0,0,0,0.135706
893478,9,2,151725,39831,34472,111882,206782,1,0,0,0,0.144791
893479,9,1,174900,46712,40926,128188,243304,0,0,0,0,0.0596368
893480,3,1,148076,39306,33860,108770,206465,0,0,0,0,0.0940591
893481,9,1,153258,41532,35461,111726,219218,0,0,0,0,0.0622911
893484,9,1,178428,48925,42403,129503,257881,0,0,0,0,0.0661301
893489,9,1,158929,42763,36831,116166,224478,0,0,0,0,0.0676096
893490,3,1,155359,40910,35456,114449,213107,0,0,0,0,0.0801217
893491,9,1,163072,43904,37492,119168,230433,0,0,0,0,0.0613217
893494,9,1,190721,52039,45162,138682,272297,0,0,0,0,0.0625877
893499,9,1,166363,44455,38016,121908,230939,0,0,0,0,0.0596569
893500,3,1,161687,41988,36454,119699,218799,0,0,0,0,0.0785181
893501,9,1,155840,41665,36029,114175,219147,0,0,0,0,0.0553554
893504,9,2,187341,50513,44112,136815,264508,1,0,0,0,0.138124
893509,9,2,177195,47163,41301,130019,245882,1,0,0,0,0.134651
893510,3,1,161569,41945,36421,119624,218537,0,0,0,0,0.103362
893511,9,2,190014,50728,44052,139273,266086,1,0,0,0,0.167441
893514,9,1,171260,45175,39111,126085,236127,0,0,0,0,0.0573264
893519,9,1,165085,42879,36861,122206,222402,0,0,0,0,0.0525332
893520,9,1,143355,37544,32046,105811,196569,0,0,0,0,0.0516072
893521,9,2,186042,49886,43240,136144,261228,1,0,0,0,0.150685
893522,18,2,156679,40593,34731,116073,210505,1,0,0,0,0.148786
893524,9,2,192160,52177,44652,139970,275037,1,0,0,0,0.151074
893525,18,2,157676,41212,35236,116451,214896,1,0,0,0,0.125311
893528,18,2,320942,84783,72979,236147,442667,1,0,0,0,0.163012
893529,9,2,182890,48822,42000,134055,256098,1,0,0,0,0.173742
893550,3,1,167196,44345,39119,122851,231256,0,0,0,0,0.113737
893551,9,1,156606,41478,36002,115128,216520,0,0,0,0,0.0694917
893554,9,1,179248,47822,41955,131426,248864,0,0,0,0,0.0783567
893559,9,1,158018,41142,35766,116876,212386,0,0,0,0,0.054902
893560,3,1,184246,49447,43460,134799,258453,0,0,0,0,0.0904141
893561,9,1,174035,46853,40282,127182,245682,0,0,0,0,0.0697536
893564,9,1,189865,51426,44832,138439,269646,0,0,0,0,0.0554616
893569,9,1,191752,51481,44818,140271,269090,0,0,0,0,0.0529383
893570,3,1,184734,49664,43590,135070,259729,0,0,0,0,0.0708058
893571,9,2,174811,47124,41355,127675,247033,1,0,0,0,0.121252
893574,9,2,172357,45801,39835,126544,238902,1,0,0,0,0.138479
893579,9,1,170926,45167,38603,125759,235309,0,0,0,0,0.050102
893580,9,1,172532,45920,39236,126612,239965,0,0,0,0,0.0535719
893581,9,1,210568,57244,49621,153324,298842,0,0,0,0,0.0577926
893582,18,1,193937,52419,45711,141518,273626,0,0,0,0,0.056925
893584,9,2,244719,66476,58245,178230,349437,1,0,0,0,0.142281
893585,18,1,190886,51969,45003,138917,273401,0,0,0,0,0.061099
893588,18,1,182816,49151,42455,133665,257358,0,0,0,0,0.0749956
893589,9,1,180406,48587,42801,131819,253916,0,0,0,0,0.069119
893610,3,1,180409,48910,42644,131499,255674,0,0,0,0,0.0788379
893611,9,1,166061,45240,38918,120821,237712,0,0,0,0,0.0559937
893614,9,1,190917,51763,45200,139154,270322,0,0,0,0,0.0598047
893619,9,2,311167,86250,75116,224904,454383,1,0,0,0,0.159588
893620,3,1,180422,48925,42676,131497,255784,0,0,0,0,0.0899885
893621,9,2,172526,46138,40231,126377,241379,1,0,0,0,0.142313
893624,9,2,168347,44946,38929,123389,235039,1,0,0,0,0.140142
893629,9,1,178059,47238,40901,130821,245137,0,0,0,0,0.0540219
893630,9,1,164030,44092,37621,119938,230136,0,0,0,0,0.0567185
893631,9,2,206843,57024,49692,149806,300951,1,0,0,0,0.145033
893634,9,2,193076,52503,45238,140560,276113,1,0,0,0,0.132862
893635,18,2,195282,53550,46045,141719,282106,1,0,0,0,0.127811
893638,18,1,192502,52002,45031,140500,271844,0,0,0,0,0.0538716
893639,9,1,178455,48046,41607,130409,250446,0,0,0,0,0.0606062
893642,18,2,207142,57114,49600,150015,301549,1,0,0,0,0.13649
893660,3,1,181658,49441,44024,132217,258592,0,0,0,0,0.0904247
893661,9,1,187575,51280,45187,136295,267999,0,0,0,0,0.0627994
893664,9,1,203043,55532,48948,147511,289729,0,0,0,0,0.0638701
893669,9,1,180461,48034,42019,132427,249110,0,0,0,0,0.0614687
893670,9,1,159248,43125,37495,116123,225747,0,0,0,0,0.0644341
893671,9,1,184426,49899,43524,134527,261148,0,0,0,0,0.0636876
893674,9,1,192695,51918,45448,140777,272129,0,0,0,0,0.0578722
893679,9,1,184172,49749,43574,134423,261081,0,0,0,0,0.0616076
893682,18,2,161370,42780,36782,118577,223430,1,0,0,0,0.126
893685,18,1,201109,55046,47400,146063,290109,0,0,0,0,0.0598838
893688,18,1,191179,51818,45220,139361,272137,0,0,0,0,0.0609507
893700,9,1,171113,45342,39340,125771,234111,0,0,0,0,0.0567325
893701,9,2,177382,48163,41481,129207,251117,1,0,0,0,0.13227
893704,9,2,265755,73565,63663,192178,386181,1,0,0,0,0.167609
893709,9,1,168504,44660,38342,123844,231967,0,0,0,0,0.0597266
893722,18,1,174804,46808,40194,127996,244189,0,0,0,0,0.056647
893725,18,1,185735,49604,42782,136131,258627,0,0,0,0,0.0705865
893728,18,2,152818,40649,34859,112157,212009,1,0,0,0,0.143898
893750,9,1,163542,43046,37568,120496,221342,0,0,0,0,0.0555054
893751,9,2,174187,46478,40286,127697,241249,1,0,0,0,0.12585
893752,9,1,163416,43493,37431,119923,226295,0,0,0,0,0.0484098
893753,9,1,175475,48034,41928,127441,251652,0,0,0,0,0.0584455
893754,9,2,184251,49565,43006,134673,257209,1,0,0,0,0.136311
893755,9,1,183080,48856,42383,134224,254753,0,0,0,0,0.0751269
893756,9,1,178866,48448,42216,130418,252854,0,0,0,0,0.0648892
893757,9,2,153343,40484,34680,112848,210668,1,0,0,0,0.164878
893758,9,2,152547,39896,34544,112639,206925,1,0,0,0,0.163228
893759,9,1,176260,46917,41071,129343,244094,0,0,0,0,0.0653122
893760,3,1,148555,39718,33889,108837,210667,0,0,0,0,0.0985439
893761,9,1,151400,41871,35407,109529,223907,0,0,0,0,0.0733678
893764,9,1,177316,49568,42922,127748,264407,0,0,0,0,0.066023
893769,9,1,156048,42624,36508,113424,226173,0,0,0,0,0.0670228
893770,3,1,155493,41142,35290,114351,216618,0,0,0,0,0.0885452
893771,9,1,160285,43885,37261,116400,232959,0,0,0,0,0.071387
893774,9,1,185851,51310,44473,134541,271148,0,0,0,0,0.0680964
893779,9,1,163704,44342,37550,119362,233293,0,0,0,0,0.0633779
893780,3,1,159653,42298,36597,117355,223708,0,0,0,0,0.131115
893781,9,1,155184,42254,36326,112930,225321,0,0,0,0,0.0796884
893784,9,1,192291,54756,47820,137535,293462,0,0,0,0,0.07396
893789,9,1,191724,53046,46683,138678,281336,0,0,0,0,0.0659351
893790,3,1,159440,42233,36588,117207,223320,0,0,0,0,0.0888029
893791,9,1,174735,46906,40872,127829,247263,0,0,0,0,0.0645728
893794,9,1,171841,46292,39749,125549,245643,0,0,0,0,0.0693078
893799,9,1,166084,44152,37905,121932,232632,0,0,0,0,0.0652553
893800,9,1,136163,36062,30642,100101,191376,0,0,0,0,0.0724992
893801,9,1,175617,48541,42494,127076,258292,0,0,0,0,0.0935269
893802,18,1,181150,49379,43213,131771,262507,0,0,0,0,0.0635903
893804,9,1,156227,42043,36156,114184,222408,0,0,0,0,0.0672803
893805,18,1,172953,46881,40850,126072,248987,0,0,0,0,0.0584389
893808,18,2,318386,85416,73044,232958,451854,1,0,0,0,0.252801
893809,9,1,159933,43212,37288,116721,228500,0,0,0,0,0.0652365
893830,3,1,169888,45256,39494,124632,237132,0,0,0,0,0.0902792
893831,9,1,160536,43151,36978,117385,226660,0,0,0,0,0.0616564
893834,9,1,182364,49321,42946,133043,257887,0,0,0,0,0.0653931
893839,9,1,169177,45008,39233,124169,234773,0,0,0,0,0.0595635
893840,3,1,186209,50021,43473,136188,262264,0,0,0,0,0.0752536
893841,9,1,167008,44701,38318,122307,234399,0,0,0,0,0.0579788
893844,9,1,181013,48462,41728,132551,252721,0,0,0,0,0.0605426
893849,9,1,200101,54177,47070,145924,283398,0,0,0,0,0.0569879
893850,3,1,186308,50030,43465,136278,262309,0,0,0,0,0.0765463
893851,9,1,216143,59938,52472,156205,314798,0,0,0,0,0.0605972
893854,9,1,199540,54661,47579,144879,288174,0,0,0,0,0.0610048
893859,9,1,180326,48526,41648,131800,254229,0,0,0,0,0.0572319
893860,9,1,177226,48089,41120,129137,253117,0,0,0,0,0.0594058
893861,9,1,204686,55998,48612,148688,293619,0,0,0,0,0.0580484
893862,18,1,198549,53954,47293,144595,283446,0,0,0,0,0.0575071
893864,9,1,183898,49967,43389,133931,262357,0,0,0,0,0.0607058
893865,18,1,206692,56694,49342,149998,299298,0,0,0,0,0.0589518
893868,18,1,187941,50575,43430,137366,264701,0,0,0,0,0.0560542
893869,9,1,189326,51709,44788,137617,272424,0,0,0,0,0.0723672
893890,3,1,192204,51888,45085,140316,272154,0,0,0,0,0.0834947
893891,9,1,172732,46349,39655,126383,242823,0,0,0,0,0.0573574
893894,9,2,302703,83999,72819,218693,444549,1,0,0,0,0.194795
893899,9,1,190925,52413,45232,138512,275084,0,0,0,0,0.0573268
893900,3,1,192252,51888,45088,140364,272128,0,0,0,0,0.0833044
893901,9,1,211846,58095,50785,153751,305120,0,0,0,0,0.0814366
893904,9,1,198434,53681,46229,144753,282768,0,0,0,0,0.0814568
893909,9,1,185641,50046,43582,135595,262412,0,0,0,0,0.0669564
893910,9,1,179872,48844,41865,131028,257051,0,0,0,0,0.0926665
893911,9,1,214275,59025,51225,155250,309215,0,0,0,0,0.0709797
893914,9,1,191553,52489,45614,139064,276544,0,0,0,0,0.0662165
893915,18,1,204000,56066,48944,147934,296345,0,0,0,0,0.0645458
893918,18,1,193409,51926,44786,141483,272456,0,0,0,0,0.0587972
893919,9,1,194221,52565,45832,141656,275062,0,0,0,0,0.0718585
893922,18,1,204794,55836,48641,148958,293786,0,0,0,0,0.0619542
893940,3,1,171144,45566,39662,125578,238945,0,0,0,0,0.122692
893941,9,1,192349,53183,46730,139166,280969,0,0,0,0,0.0929833
893944,9,1,205044,57124,49990,147920,302460,0,0,0,0,0.0728202
893949,9,1,175934,46932,40894,129002,245191,0,0,0,0,0.0652394
893950,9,1,165323,44745,38111,120578,235665,0,0,0,0,0.0681442
893951,9,1,197222,53742,46689,143480,282694,0,0,0,0,0.0627243
893954,9,1,197029,53234,45999,143795,280121,0,0,0,0,0.0630652
893959,9,1,200193,54547,47366,145646,287350,0,0,0,0,0.0661327
893962,18,1,211462,58266,50764,153196,308055,0,0,0,0,0.0600482
893965,18,1,203370,55837,48746,147533,295071,0,0,0,0,0.0633018
893968,18,1,192989,52096,45198,140893,273639,0,0,0,0,0.0566486
893980,9,1,183243,49632,43237,133611,259825,0,0,0,0,0.0600978
893981,9,1,199268,54055,46435,145213,283199,0,0,0,0,0.0632518
893984,9,2,284418,79171,69228,205236,419602,1,0,0,0,0.159831
893989,9,1,169866,45516,39082,124350,239832,0,0,0,0,0.0867399
894002,18,1,199575,54180,46378,145395,284543,0,0,0,0,0.0847508
894005,18,1,200412,54278,47078,146134,285534,0,0,0,0,0.0641604
894008,18,1,197084,53107,46139,143977,278993,0,0,0,0,0.0644234
894030,9,1,167179,44417,38735,122762,231851,0,0,0,0,0.0677909
894031,9,1,201853,54775,47610,147078,286814,0,0,0,0,0.0828762
894032,9,1,184861,49889,43011,134972,261713,0,0,0,0,0.062291
894033,9,1,198232,54928,47900,143304,290803,0,0,0,0,0.0780063
894034,9,1,191778,52315,45229,139463,274249,0,0,0,0,0.063024
894035,9,1,186166,50132,43533,136034,262602,0,0,0,0,0.0629712
894036,9,1,195927,53273,46378,142654,279530,0,0,0,0,0.0738781
894037,9,1,174276,46329,40275,127947,241847,0,0,0,0,0.0591705
894038,9,1,201726,55074,47880,146652,291012,0,0,0,0,0.0892451
894039,9,1,166234,44360,38217,121874,233858,0,0,0,0,0.0690557
894040,3,1,147783,38624,32547,109159,202550,0,0,0,0,0.148009
894041,9,1,149556,40055,34056,109501,211382,0,0,0,0,0.0943442
894044,9,1,182345,50016,43304,132329,264375,0,0,0,0,0.121693
894049,9,1,165477,44675,38310,120802,235426,0,0,0,0,0.0941814
894050,3,1,151416,39844,33866,111572,208911,0,0,0,0,0.12877
894051,9,1,154213,41636,35467,112577,220077,0,0,0,0,0.0738259
894054,9,1,179657,48302,41623,131355,253959,0,0,0,0,0.0684062
894059,9,1,147695,38702,33022,108993,202560,0,0,0,0,0.0670897
894060,3,1,185671,50889,44507,134782,268973,0,0,0,0,0.126917
894061,9,1,187613,51606,44263,136007,272596,0,0,0,0,0.0957961
894064,9,1,207835,57251,49227,150584,301205,0,0,0,0,0.0859076
894069,9,1,212829,57974,50336,154855,305026,0,0,0,0,0.0850588
894070,3,1,186146,50940,44456,135206,269042,0,0,0,0,0.127432
894071,9,1,218214,60415,52188,157799,317434,0,0,0,0,0.0961056
894074,9,1,195601,54117,46953,141484,285404,0,0,0,0,0.102069
894079,9,1,177521,48270,41260,129251,256128,0,0,0,0,0.0761545
894080,9,1,168249,45264,38677,122985,238464,0,0,0,0,0.0699469
894081,9,1,205022,56024,48289,148998,294371,0,0,0,0,0.0678684
894082,18,1,186481,51095,44260,135386,270401,0,0,0,0,0.0703841
894084,9,1,154278,41572,36394,112706,220360,0,0,0,0,0.0657885
894085,18,1,185051,50626,44016,134425,269160,0,0,0,0,0.0697667
894088,18,1,194967,53962,46436,141005,286320,0,0,0,0,0.0747218
894089,9,1,172315,46127,39689,126188,242904,0,0,0,0,0.0913633
894110,3,1,176500,47837,41899,128663,251306,0,0,0,0,0.100018
894111,9,1,175636,48220,41630,127416,254616,0,0,0,0,0.0757591
894114,9,1,201780,54850,47827,146930,287578,0,0,0,0,0.0682048
894119,9,1,165655,43588,37786,122067,226429,0,0,0,0,0.067311
894120,3,1,202501,56198,49562,146303,296845,0,0,0,0,0.104145
894121,9,1,203437,56135,48375,147302,294901,0,0,0,0,0.0824765
894124,9,1,216913,59534,51627,157379,311542,0,0,0,0,0.0795021
894129,9,1,209237,56404,49056,152833,294363,0,0,0,0,0.0660605
894130,3,1,201982,56013,49447,145969,295833,0,0,0,0,0.102669
894131,9,1,243936,68290,59574,175646,358455,0,0,0,0,0.0810541
894134,9,1,223986,62864,55001,161122,332210,0,0,0,0,0.0804186
894139,9,1,185331,50715,43902,134616,268202,0,0,0,0,0.0825938
894140,9,1,186196,51167,44378,135029,270196,0,0,0,0,0.0764333
894141,9,1,221207,61211,53204,159996,320907,0,0,0,0,0.0757265
894142,18,1,209324,57924,50909,151400,305700,0,0,0,0,0.0960085
894144,9,1,175070,47399,41947,127671,249709,0,0,0,0,0.0977644
894145,18,1,213226,60029,52821,153197,320503,0,0,0,0,0.0841
894148,18,1,215138,60527,52209,154611,320933,0,0,0,0,0.0836409
894149,9,1,188435,51148,44639,137287,268996,0,0,0,0,0.103728
894170,3,1,206258,56818,49867,149440,299679,0,0,0,0,0.105454
894171,9,1,182412,49723,43152,132689,261969,0,0,0,0,0.0679953
894174,9,1,215430,59383,51397,156047,314355,0,0,0,0,0.0720118
894179,9,1,226573,63064,54676,163509,333858,0,0,0,0,0.0785594
894180,3,1,206935,57057,50005,149878,301063,0,0,0,0,0.123873
894181,9,1,222527,61253,53536,161274,321126,0,0,0,0,0.0750582
894184,9,1,207914,58083,50664,149831,309811,0,0,0,0,0.0721395
894189,9,1,195104,53492,46469,141612,283132,0,0,0,0,0.0773516
894190,9,1,208192,57940,49860,150252,305624,0,0,0,0,0.0785481
894191,9,1,230699,63691,55170,167008,332722,0,0,0,0,0.0757732
894194,9,1,207202,57488,50186,149714,302846,0,0,0,0,0.0791563
894195,18,1,225936,63745,55786,162191,341465,0,0,0,0,0.0715062
894198,18,1,215995,60174,51832,155821,320414,0,0,0,0,0.0799757
894199,9,1,183179,49725,43235,133454,261700,0,0,0,0,0.0708367
894202,18,1,209363,57250,49697,152113,301230,0,0,0,0,0.0721697
894220,3,1,166964,44884,39089,122080,235662,0,0,0,0,0.0883325
894221,9,1,178198,49083,43501,129115,259893,0,0,0,0,0.0668609
894224,9,1,210093,58798,51210,151295,310347,0,0,0,0,0.0963501
894229,9,1,216062,59268,51967,156794,310250,0,0,0,0,0.0831415
894230,9,1,170065,46690,39984,123375,246860,0,0,0,0,0.103613
894231,9,1,217802,60803,52869,156999,320853,0,0,0,0,0.107414
894234,9,1,211276,59114,51611,152162,315539,0,0,0,0,0.0795672
894239,9,1,235988,65690,57653,170298,347386,0,0,0,0,0.0796045
894242,18,1,212512,59445,51908,153067,316806,0,0,0,0,0.0738505
894245,18,1,229877,64665,56346,165212,345713,0,0,0,0,0.077677
894248,18,1,237861,67366,58658,170495,359372,0,0,0,0,0.0742591
894260,9,1,194846,52614,45665,142232,275337,0,0,0,0,0.066526
894261,9,1,224538,61845,53878,162693,324173,0,0,0,0,0.0818443
894264,9,1,222532,62058,54533,160474,329783,0,0,0,0,0.0943683
894269,9,1,208478,57897,50668,150581,308288,0,0,0,0,0.0839345
894282,18,1,223675,63022,54230,160653,334391,0,0,0,0,0.0904449
894285,18,1,212829,59255,50925,153574,315752,0,0,0,0,0.0698664
894288,18,1,234524,66120,57187,168404,352271,0,0,0,0,0.0751291
894310,9,1,157088,41142,35582,115946,213400,0,0,0,0,0.0631175
894311,9,1,215655,58693,51095,156962,308063,0,0,0,0,0.0672833
894312,9,1,192852,53061,45224,139791,281325,0,0,0,0,0.0727592
894313,9,1,198993,55921,48294,143072,297680,0,0,0,0,0.0995966
894314,9,1,234080,65714,57764,168366,349517,0,0,0,0,0.090643
894315,9,1,201875,55979,48573,145896,297593,0,0,0,0,0.0708144
894316,9,1,196071,54379,46879,141692,288105,0,0,0,0,0.0782003
894317,9,1,212663,58195,51135,154468,304378,0,0,0,0,0.0792095
894318,9,1,238242,66763,58124,171479,354879,0,0,0,0,0.100382
894319,9,1,202642,56140,48464,146502,299492,0,0,0,0,0.0908104
894320,3,1,153093,39983,34233,113110,208897,0,0,0,0,0.14498
894321,9,1,157721,41924,35846,115797,220017,0,0,0,0,0.110846
894324,9,1,193324,52780,45775,140544,277006,0,0,0,0,0.0927264
894329,9,1,168030,45114,38689,122916,235846,0,0,0,0,0.106616
894330,3,1,157565,41565,35417,116000,217318,0,0,0,0,0.110101
894331,9,1,158197,42597,36019,115600,224098,0,0,0,0,0.0741477
894334,9,1,183549,49047,42152,134502,255892,0,0,0,0,0.0648976
894339,9,1,151883,39571,33710,112312,205563,0,0,0,0,0.0610819
894340,3,1,170693,45411,39133,125282,238310,0,0,0,0,0.0929929
894341,9,1,174653,47779,40757,126874,252726,0,0,0,0,0.0704671
894344,9,1,198715,54563,47081,144152,287303,0,0,0,0,0.0724042
894349,9,1,191932,52491,45480,139441,277336,0,0,0,0,0.0669154
894350,3,1,170832,45440,39122,125392,238456,0,0,0,0,0.117584
894351,9,1,215024,59298,51589,155726,311067,0,0,0,0,0.0945839
894354,9,1,192165,52763,45140,139402,278394,0,0,0,0,0.0681372
894359,9,1,170455,45680,38780,124775,241118,0,0,0,0,0.070299
894360,9,1,163020,43628,36825,119392,229831,0,0,0,0,0.0717822
894361,9,1,200363,54415,46942,145948,285800,0,0,0,0,0.0903753
894362,18,1,181699,48945,42228,132754,257375,0,0,0,0,0.0696135
894364,9,1,156877,42044,36265,114833,222092,0,0,0,0,0.08176
894365,18,1,182105,49464,42708,132641,262498,0,0,0,0,0.0762446
894368,18,1,195810,53691,46252,142119,285002,0,0,0,0,0.0753116
894369,9,1,172572,46162,39842,126410,243603,0,0,0,0,0.0891457
894390,3,1,183564,49412,43229,134152,257923,0,0,0,0,0.100087
894391,9,1,179250,48606,41835,130644,254585,0,0,0,0,0.0743806
894394,9,1,204978,55433,48369,149545,288497,0,0,0,0,0.0949822
894399,9,1,164237,42973,37056,121264,221306,0,0,0,0,0.156528
894400,3,1,197286,54248,47793,143038,285827,0,0,0,0,0.139418
894401,9,1,191449,52641,45487,138808,277609,0,0,0,0,0.0944789
894404,9,2,189857,50824,44411,139020,266620,1,0,0,0,0.225966
894409,9,1,197968,53759,46739,144209,281100,0,0,0,0,0.0869185
894410,3,1,197355,54270,47810,143085,285924,0,0,0,0,0.111276
894411,9,1,241077,67469,58939,173608,354071,0,0,0,0,0.0950562
894414,9,1,221795,62054,54140,159741,327975,0,0,0,0,0.152648
894419,9,1,185547,50103,43047,135444,263929,0,0,0,0,0.0731462
894420,9,1,181874,49810,43315,132064,262875,0,0,0,0,0.087719
894421,9,1,219592,60590,52988,159002,317536,0,0,0,0,0.13135
894422,18,1,204001,56086,49204,147915,294691,0,0,0,0,0.122825
894424,9,2,292986,80899,70605,212075,429251,1,0,0,0,0.23833
894425,18,1,217116,61142,53733,155974,326071,0,0,0,0,0.0833822
894428,18,1,219370,61463,53218,157907,326353,0,0,0,0,0.107537
894429,9,1,190984,52172,45663,138812,275339,0,0,0,0,0.101317
894450,3,1,190881,51158,44735,139723,267971,0,0,0,0,0.0893259
894451,9,1,169618,45420,39334,124198,237837,0,0,0,0,0.0637129
894454,9,1,198960,53958,46875,145002,282774,0,0,0,0,0.0683216
894459,9,1,217628,59824,51782,157804,314667,0,0,0,0,0.072608
894460,3,1,190766,51113,44648,139653,267737,0,0,0,0,0.0903865
894461,9,1,220876,60555,52984,160321,316920,0,0,0,0,0.0722241
894464,9,1,210151,58625,51095,151526,311298,0,0,0,0,0.096492
894469,9,1,193099,52287,45259,140812,274833,0,0,0,0,0.0824557
894470,9,1,188458,51815,44771,136643,273215,0,0,0,0,0.0734457
894471,9,1,222167,60780,52948,161387,316143,0,0,0,0,0.0689283
894474,9,1,197194,54110,46681,143084,284081,0,0,0,0,0.0727967
894475,18,1,223347,62261,53932,161086,330963,0,0,0,0,0.0722181
894478,18,1,203838,55819,47698,148019,294706,0,0,0,0,0.070801
894479,9,1,190506,51806,44695,138700,272236,0,0,0,0,0.093882
894482,18,1,204131,55424,48285,148707,289697,0,0,0,0,0.0800368
894500,3,1,174322,46300,40164,128022,240861,0,0,0,0,0.0852076
894501,9,2,263487,73995,64457,189480,395694,1,0,0,0,0.172222
894504,9,1,199374,55543,48228,143831,292421,0,0,0,0,0.0662943
894509,9,1,197466,53634,46969,143832,279693,0,0,0,0,0.065386
894510,9,1,174076,47257,40784,126819,247699,0,0,0,0,0.0643351
894511,9,1,211807,58409,50279,153398,307552,0,0,0,0,0.0915869
894514,9,1,215153,60124,52194,155029,319514,0,0,0,0,0.0764308
894519,9,1,225301,61965,54197,163336,325413,0,0,0,0,0.0719892
894522,18,1,205755,56542,48946,149213,299361,0,0,0,0,0.0700678
894525,18,1,226401,63673,55328,162728,339194,0,0,0,0,0.0945637
894528,18,1,218290,60581,52442,157709,319788,0,0,0,0,0.0646654
894540,9,1,199366,53656,46685,145710,278620,0,0,0,0,0.066723
894541,9,2,176686,47195,41129,129478,247529,1,0,0,0,0.155159
894544,9,1,209015,57083,49789,151932,299956,0,0,0,0,0.071689
894549,9,1,190928,51890,44804,139038,273712,0,0,0,0,0.0690784
894562,18,1,218186,60568,52415,157618,320249,0,0,0,0,0.0762417
894565,18,1,204443,56105,47776,148338,296651,0,0,0,0,0.0622682
894568,18,1,220572,61273,53091,159299,323509,0,0,0,0,0.0687515
894590,9,1,159492,41738,35912,117754,214905,0,0,0,0,0.0569962
894591,9,1,198807,53835,46894,144972,281341,0,0,0,0,0.0635712
894592,9,1,185092,49972,42673,135120,263412,0,0,0,0,0.0703104
894593,9,1,187811,51834,45015,135977,274817,0,0,0,0,0.0872
894594,9,1,224865,62069,54241,162796,327386,0,0,0,0,0.0807538
894595,9,1,197378,54336,46966,143042,287399,0,0,0,0,0.0676332
894596,9,1,202241,56014,48058,146227,295878,0,0,0,0,0.0746758
894597,9,1,195356,52880,46484,142476,275610,0,0,0,0,0.0676394
894598,9,1,226812,62411,54155,164401,328603,0,0,0,0,0.0742263
894599,9,1,185278,50420,43472,134858,266464,0,0,0,0,0.0734305
894600,3,1,171159,44953,39387,126206,235905,0,0,0,0,0.157122
894601,9,1,161500,43334,37424,118166,229304,0,0,0,0,0.096419
894604,9,1,200990,56366,49278,144624,299288,0,0,0,0,0.132982
894609,9,1,204407,55637,48391,148770,291841,0,0,0,0,0.126736
894610,3,1,186943,49737,42985,137206,261558,0,0,0,0,0.135863
894611,9,1,175023,47606,40747,127417,252040,0,0,0,0,0.0923555
894614,9,1,205695,56640,49392,149055,298598,0,0,0,0,0.0823862
894619,9,1,196660,52925,46207,143735,277216,0,0,0,0,0.0689774
894620,3,1,187548,49178,42612,138370,256380,0,0,0,0,0.112164
894621,9,1,177960,47419,41170,130541,248370,0,0,0,0,0.0963408
894624,9,2,224213,63018,55422,161182,336517,1,0,0,0,0.189584
894629,9,1,197507,53378,46923,144129,280521,0,0,0,0,0.0947703
894630,3,1,185015,49034,42422,135981,257038,0,0,0,0,0.0882618
894631,9,1,205694,56225,48731,149469,295483,0,0,0,0,0.0751531
894634,9,2,206686,56832,49339,149841,301386,1,0,0,0,0.189386
894639,9,1,175412,46992,40532,128420,248174,0,0,0,0,0.0759762
894640,9,1,161403,43350,37126,118053,228562,0,0,0,0,0.068321
894641,9,1,196312,53225,46449,143087,280259,0,0,0,0,0.0740893
894642,18,1,204890,56292,49186,148598,298196,0,0,0,0,0.0752962
894644,9,1,215867,58767,51014,157100,307774,0,0,0,0,0.0946963
894645,18,1,218300,60702,52957,157598,322628,0,0,0,0,0.074968
894648,18,1,204656,56794,49297,147862,301616,0,0,0,0,0.0745929
894649,9,1,197675,53707,46719,143968,283881,0,0,0,0,0.0942858
894670,3,1,202106,54837,47955,147269,288278,0,0,0,0,0.0873263
894671,9,1,179183,49124,42416,130059,259959,0,0,0,0,0.0621768
894674,9,2,204276,55184,48140,149079,287305,1,0,0,0,0.160944
894679,9,2,201147,54027,46928,147107,280844,1,0,0,0,0.145095
894680,3,1,219766,59743,52685,160023,313889,0,0,0,0,0.113075
894681,9,1,200472,55322,48287,145150,292294,0,0,0,0,0.0691941
894684,9,2,239276,66975,58715,172288,355087,1,0,0,0,0.170115
894689,9,2,236969,66286,57819,170670,351672,1,0,0,0,0.158872
894690,3,1,196198,51710,45241,144488,268835,0,0,0,0,0.0901275
894691,9,1,220231,59944,52089,160287,312470,0,0,0,0,0.0979225
894694,9,2,225849,63547,55607,162289,338748,1,0,0,0,0.16468
894699,9,1,188403,50145,43144,138258,262255,0,0,0,0,0.0652555
894700,9,1,178992,48124,41761,130868,252424,0,0,0,0,0.0633875
894701,9,1,214798,59487,52406,155311,313591,0,0,0,0,0.0749302
894702,18,1,229715,64336,56288,165379,341352,0,0,0,0,0.0763857
894704,9,2,317364,88749,77650,228602,470718,1,0,0,0,0.183974
894705,18,1,232571,65627,57523,166944,349352,0,0,0,0,0.0857383
894708,18,1,224823,62810,54600,162013,332219,0,0,0,0,0.0977708
894709,9,1,212413,58047,50456,154366,305847,0,0,0,0,0.0922663
894730,3,1,195894,51981,45693,143913,270699,0,0,0,0,0.0862487
894731,9,1,172857,46093,39799,126764,241310,0,0,0,0,0.0671621
894734,9,2,235688,66920,58353,168756,357488,1,0,0,0,0.209295
894739,9,2,229362,64895,56893,164454,346116,1,0,0,0,0.192841
894740,3,1,201492,53833,47220,147659,281179,0,0,0,0,0.0916162
894741,9,1,210542,58113,51113,152429,305391,0,0,0,0,0.0666055
894744,9,1,221558,61440,53159,160118,325357,0,0,0,0,0.0698852
894749,9,1,214820,58241,50208,156579,305377,0,0,0,0,0.0702073
894750,9,1,186553,50695,43932,135858,266511,0,0,0,0,0.0663176
894751,9,1,216567,58791,51056,157776,306085,0,0,0,0,0.0718931
894754,9,2,222173,62725,54949,159435,335755,1,0,0,0,0.15713
894755,18,1,245139,68787,59847,176352,366145,0,0,0,0,0.0883829
894758,18,1,232934,64104,55707,168830,337221,0,0,0,0,0.0764607
894759,9,1,230397,61865,53868,168532,321471,0,0,0,0,0.0718973
894762,18,1,224536,62045,54632,162491,327502,0,0,0,0,0.0714213
894780,3,1,193543,51049,44484,142494,266031,0,0,0,0,0.0861316
894781,9,2,282234,79485,69250,202736,423363,1,0,0,0,0.179189
894784,9,2,224365,62943,54986,161409,336410,1,0,0,0,0.153332
894789,9,2,293987,82237,71622,211737,437443,1,0,0,0,0.168009
894790,9,1,179758,48513,41948,131245,255395,0,0,0,0,0.0619499
894791,9,2,219997,62114,54178,157870,331898,1,0,0,0,0.158236
894794,9,1,222918,61610,54024,161308,325929,0,0,0,0,0.0747152
894799,9,2,310331,86448,76134,223870,458066,1,0,0,0,0.177733
894802,18,1,234967,65685,57336,169282,347952,0,0,0,0,0.0753148
894805,18,1,242683,68362,59693,174321,363893,0,0,0,0,0.0705038
894808,18,2,303971,86709,75454,217249,464637,1,0,0,0,0.166815
894820,9,2,198228,53302,46967,144913,277351,1,0,0,0,0.202734
894821,9,2,226774,63078,55031,163683,333792,1,0,0,0,0.176466
894824,9,2,238554,66281,57680,172261,351261,1,0,0,0,0.203177
894829,9,1,199922,54769,47399,145153,289628,0,0,0,0,0.070394
894842,18,1,230186,63467,55142,166719,333912,0,0,0,0,0.105286
894845,18,1,239796,66399,57587,173397,350222,0,0,0,0,0.101438
894848,18,2,316816,89081,77577,227722,475185,1,0,0,0,0.206656
894870,9,2,191721,51212,44655,140496,266220,1,0,0,0,0.17785
894871,9,2,220820,61144,52948,159663,323665,1,0,0,0,0.165763
894872,9,1,184970,49851,43474,135119,261327,0,0,0,0,0.0720254
894873,9,1,217982,61196,53629,156786,325112,0,0,0,0,0.118495
894874,9,2,220665,60945,53188,159707,322729,1,0,0,0,0.159804
894875,9,1,215872,58956,51340,156916,310232,0,0,0,0,0.0688775
894876,9,1,242181,67034,58508,175147,352247,0,0,0,0,0.0828607
894877,9,2,258277,71834,62455,186430,382891,1,0,0,0,0.1593
894878,9,2,277939,77912,68088,200014,415453,1,0,0,0,0.197572
894879,9,1,193414,52763,45695,140651,278989,0,0,0,0,0.0727482
894880,3,1,173596,45806,40216,127790,240507,0,0,0,0,0.171415
894881,9,1,188706,50363,44115,138343,263245,0,0,0,0,0.0855487
894884,9,1,172268,45903,40163,126365,241040,0,0,0,0,0.105828
894889,9,1,156745,40743,34938,116002,212269,0,0,0,0,0.0807248
894890,3,1,188029,50105,43485,137924,263506,0,0,0,0,0.0981127
894891,9,2,351272,94811,82223,256448,499473,1,0,0,0,0.225458
894894,9,1,178946,47393,40909,131553,248020,0,0,0,0,0.0790305
894899,9,1,155935,40510,34555,115425,211634,0,0,0,0,0.063003
894900,3,1,189017,49701,43089,139316,259375,0,0,0,0,0.128138
894901,9,1,194495,51433,44673,143062,266546,0,0,0,0,0.0666292
894904,9,1,168446,43672,37428,124774,227412,0,0,0,0,0.0894609
894909,9,1,167479,43841,37650,123638,229307,0,0,0,0,0.069413
894910,3,1,186369,49576,42905,136793,260224,0,0,0,0,0.0984973
894911,9,1,177890,46889,40204,131001,245279,0,0,0,0,0.0648569
894914,9,1,191052,50954,44098,140098,267408,0,0,0,0,0.0671256
894919,9,2,329555,87972,76036,241570,462810,1,0,0,0,0.214405
894920,9,1,174432,45609,39257,128823,236455,0,0,0,0,0.0762405
894921,9,1,167572,43470,37479,124102,226001,0,0,0,0,0.0794814
894922,18,1,176903,47249,40804,129654,249011,0,0,0,0,0.0820546
894924,9,1,168819,44345,37886,124474,232975,0,0,0,0,0.0648176
894925,18,1,190635,51404,44131,139231,272079,0,0,0,0,0.0973925
894928,18,1,178363,47429,40852,130934,250324,0,0,0,0,0.0755524
894929,9,1,167776,44709,38538,123067,236561,0,0,0,0,0.117754
894950,3,1,202970,55252,48415,147718,290754,0,0,0,0,0.127057
894951,9,2,222960,61529,54242,161418,325234,1,0,0,0,0.166306
894954,9,1,195582,53000,46419,142582,277674,0,0,0,0,0.0673046
894959,9,1,169337,44588,38380,124749,232001,0,0,0,0,0.0576254
894960,3,1,220972,60277,53146,160695,317018,0,0,0,0,0.100914
894961,9,1,216185,58407,51044,157778,303898,0,0,0,0,0.069669
894964,9,1,194002,52246,45524,141756,273992,0,0,0,0,0.067021
894969,9,1,182826,48192,41831,134634,251722,0,0,0,0,0.0679367
894970,3,1,198038,52364,45863,145674,272608,0,0,0,0,0.107755
894971,9,1,191293,50062,43295,141231,259438,0,0,0,0,0.0717543
894974,9,1,201176,53290,46073,147886,277198,0,0,0,0,0.0653709
894979,9,2,221869,61205,53397,160653,324768,1,0,0,0,0.177424
894980,9,2,288264,78807,69163,209444,416931,1,0,0,0,0.200119
894981,9,2,295518,82327,72192,213178,438277,1,0,0,0,0.181247
894982,18,1,196593,53526,46661,143067,282466,0,0,0,0,0.0797325
894984,9,2,288030,80226,69797,207791,428217,1,0,0,0,0.222446
894985,18,2,303709,84920,73752,218776,453891,1,0,0,0,0.174179
894988,18,1,203396,55512,48605,147884,293835,0,0,0,0,0.0669697
894989,9,1,191108,52422,45354,138686,278126,0,0,0,0,0.0829987
895010,3,1,195762,52005,45716,143757,270980,0,0,0,0,0.0819222
895011,9,2,257221,70869,62035,186339,376331,1,0,0,0,0.166986
895014,9,1,176421,46333,40100,130088,241780,0,0,0,0,0.0575947
895019,9,2,259423,71056,61584,188355,376445,1,0,0,0,0.178119
895020,3,1,202855,54560,47875,148295,285628,0,0,0,0,0.114529
895021,9,2,260080,71444,62373,188623,379444,1,0,0,0,0.198884
895024,9,1,202579,54742,47306,147837,287603,0,0,0,0,0.0819215
895029,9,1,211322,57068,49076,154254,299596,0,0,0,0,0.0920129
895030,9,1,209399,55859,48300,153540,289002,0,0,0,0,0.0695186
895031,9,1,187129,48998,42541,138131,253642,0,0,0,0,0.071154
895034,9,1,195920,52548,45731,143372,275980,0,0,0,0,0.0738563
895035,18,1,201649,53807,46278,147842,282062,0,0,0,0,0.0665765
895038,18,1,213723,58113,50491,155610,306614,0,0,0,0,0.0615944
895039,9,1,189724,50645,44086,139079,265943,0,0,0,0,0.0641051
895042,18,1,189638,51273,44381,138365,270122,0,0,0,0,0.0872026
895060,3,1,196073,52035,45389,144038,271631,0,0,0,0,0.0930116
895061,9,2,258050,71315,61962,186722,380468,1,0,0,0,0.225062
895064,9,1,195883,52825,45614,143058,278467,0,0,0,0,0.0712577
895069,9,1,194497,52763,45524,141734,278275,0,0,0,0,0.0692169
895070,9,2,228486,63485,56001,164988,336816,1,0,0,0,0.172334
895071,9,1,202760,53729,46657,149031,279291,0,0,0,0,0.0668076
895074,9,1,213084,57928,50414,155156,304621,0,0,0,0,0.0984084
895079,9,2,307363,85059,74335,222291,450106,1,0,0,0,0.213193
895082,18,2,262326,72973,63191,189340,390605,1,0,0,0,0.18129
895085,18,1,206026,55320,47635,150706,290451,0,0,0,0,0.071191
895088,18,1,209014,57022,49907,151992,301382,0,0,0,0,0.0811368
895100,9,1,186956,49954,43412,137002,260529,0,0,0,0,0.0645468
895101,9,1,184421,49235,42438,135186,257527,0,0,0,0,0.07167
895104,9,1,182931,48087,41912,134844,250699,0,0,0,0,0.0874624
895109,9,1,212150,57715,50129,154435,302262,0,0,0,0,0.0852442
895122,18,1,201801,54444,46710,147357,287024,0,0,0,0,0.0711842
895125,18,1,220934,60509,52022,160425,320195,0,0,0,0,0.0671052
895128,18,1,211321,57863,49921,153458,305708,0,0,0,0,0.0650227
895150,9,1,163233,42464,36395,120769,220202,0,0,0,0,0.0589001
895151,9,1,175177,45837,39552,129340,238532,0,0,0,0,0.0683416
895152,9,2,202176,54821,47636,147344,290085,1,0,0,0,0.181976
895153,9,1,177779,47716,40995,130063,251625,0,0,0,0,0.116908
895154,9,2,276584,74797,64504,201775,394244,1,0,0,0,0.1924
895155,9,1,213114,57394,49967,155720,301010,0,0,0,0,0.0729802
895156,9,1,191286,51150,44343,140136,268676,0,0,0,0,0.0869909
895157,9,1,194387,52250,45515,142137,274300,0,0,0,0,0.0746125
895158,9,2,269084,73394,64125,195677,387952,1,0,0,0,0.172072
895159,9,1,209006,56362,48901,152644,294560,0,0,0,0,0.0794976
895160,9,1,145941,38272,33169,107669,201343,0,0,0,0,0.089442
895161,9,1,180910,47359,41537,133551,244223,0,0,0,0,0.083249
895164,9,1,154783,40666,35324,114117,211843,0,0,0,0,0.0887923
895169,9,1,152157,39047,33397,113110,201250,0,0,0,0,0.119907
895170,9,1,156715,41196,34790,115519,216194,0,0,0,0,0.075801
895171,9,1,187655,49250,42539,138405,253803,0,0,0,0,0.0791412
895174,9,1,148890,39070,33412,109820,203324,0,0,0,0,0.0656142
895179,9,1,141903,37112,31525,104791,193048,0,0,0,0,0.0727322
895180,9,1,161030,41612,35265,119418,216330,0,0,0,0,0.0616751
895181,9,1,189512,49300,42699,140212,252361,0,0,0,0,0.0615435
895184,9,1,146373,37672,32099,108701,194622,0,0,0,0,0.0569762
895189,9,1,152273,40368,34691,111905,210814,0,0,0,0,0.0603037
895190,9,1,163617,43231,36897,120386,226715,0,0,0,0,0.0632587
895191,9,1,164888,43980,37900,120908,230103,0,0,0,0,0.0697677
895194,9,1,180241,48480,41862,131761,254212,0,0,0,0,0.0725144
895199,9,1,183936,48076,41206,135860,245782,0,0,0,0,0.0676675
895200,9,1,179128,46434,40089,132694,237681,0,0,0,0,0.0913181
895201,9,1,158383,42030,36305,116353,220000,0,0,0,0,0.0859369
895204,9,1,169581,45506,38773,124075,239495,0,0,0,0,0.0754399
895209,9,1,144873,38492,33009,106381,204077,0,0,0,0,0.0629919
895230,9,1,170138,45789,39141,124349,240859,0,0,0,0,0.062508
895231,9,2,176658,46243,40227,130402,240301,1,0,0,0,0.2065
895234,9,2,255478,69290,60021,186176,363842,1,0,0,0,0.250602
895239,9,2,182278,48916,41641,133350,256329,1,0,0,0,0.22808
895240,9,1,188363,51160,44317,137203,269395,0,0,0,0,0.105597
895241,9,2,174317,46524,40954,127780,244650,1,0,0,0,0.194213
895244,9,2,249241,67823,59128,181406,357828,1,0,0,0,0.355906
895249,9,2,184610,49709,42701,134888,262418,1,0,0,0,0.150131
895250,9,1,174392,45965,39450,128427,239375,0,0,0,0,0.0660133
895251,9,2,178325,48207,42269,130105,254825,1,0,0,0,0.201341
895254,9,2,172354,46425,40715,125916,245008,1,0,0,0,0.154307
895259,9,2,173259,46852,40123,126394,247589,1,0,0,0,0.148406
895260,9,2,173337,46589,40858,126735,246305,1,0,0,0,0.145866
895261,9,2,280729,78740,69102,201976,420491,1,0,0,0,0.189664
895264,9,2,287168,79845,69846,207311,425006,1,0,0,0,0.205384
895269,9,2,253421,71000,61285,182409,379640,1,0,0,0,0.237929
895290,9,1,167094,43842,37736,123252,227906,0,0,0,0,0.0789199
895291,9,2,166374,44875,39165,121486,237783,1,0,0,0,0.154608
895294,9,2,168239,46077,40075,122149,244151,1,0,0,0,0.140797
895299,9,2,171353,46323,40262,125018,244831,1,0,0,0,0.19091
895300,9,1,176037,46893,40341,129144,245421,0,0,0,0,0.0961022
895301,9,2,252124,69844,61240,182267,372171,1,0,0,0,0.239609
895304,9,2,285789,78824,68637,206953,418007,1,0,0,0,0.227627
895309,9,2,182140,49714,43028,132413,262775,1,0,0,0,0.15337
895310,9,2,176662,48043,42001,128606,254621,1,0,0,0,0.177302
895311,9,2,176170,48327,41915,127830,257510,1,0,0,0,0.190626
895314,9,2,267444,74887,65309,192546,398932,1,0,0,0,0.211063
895319,9,2,183469,50015,43497,133441,263800,1,0,0,0,0.209186
895340,9,1,165263,43707,37513,121556,228452,0,0,0,0,0.0838211
895341,9,2,257772,71639,62617,186121,381922,1,0,0,0,0.171145
895344,9,2,291435,81147,70540,210277,431178,1,0,0,0,0.174173
895349,9,2,179277,48704,42068,130560,257269,1,0,0,0,0.13984
895350,9,2,180539,48238,42328,132288,252887,1,0,0,0,0.145115
895351,9,2,173378,47262,40917,126103,251019,1,0,0,0,0.150172
895354,9,2,270840,75449,65908,195379,401407,1,0,0,0,0.199534
895359,9,2,181231,49449,42983,131769,261308,1,0,0,0,0.147291
895380,9,2,284419,77910,68006,206497,410460,1,0,0,0,0.206196
895381,9,2,275483,76073,65966,199398,403920,1,0,0,0,0.211011
895384,9,2,188689,51341,45008,137335,271752,1,0,0,0,0.146318
895389,9,2,170869,45762,39873,125095,240635,1,0,0,0,0.162453
895430,9,2,176263,46811,40417,129440,244816,1,0,0,0,0.17903
895431,9,2,169707,45076,38853,124618,236964,1,0,0,0,0.148823
895432,9,2,155606,41211,35430,114382,216906,1,0,0,0,0.142995
895433,9,2,255974,70874,61096,185088,377957,1,0,0,0,0.181459
895434,9,2,168019,44638,38715,123369,234259,1,0,0,0,0.146175
895435,9,2,168268,44802,38587,123453,234826,1,0,0,0,0.148033
895436,9,2,167032,44306,38215,122713,232386,1,0,0,0,0.144262
895437,9,2,163234,43592,37738,119629,229085,1,0,0,0,0.172796
895438,9,2,167461,44563,38512,122885,234091,1,0,0,0,0.163865
895439,9,2,166790,44338,38446,122440,232907,1,0,0,0,0.160256
895722,18,1,187834,50090,44134,137744,262447,0,0,0,0,0.113009
895725,18,1,184585,49796,43591,134789,262539,0,0,0,0,0.0829513
895728,18,1,172158,46010,39677,126148,241399,0,0,0,0,0.0835805
895732,18,1,186564,49709,43553,136855,260441,0,0,0,0,0.102813
895735,18,1,188589,50357,43551,138232,264647,0,0,0,0,0.097116
895738,18,1,173267,46196,39403,127071,242469,0,0,0,0,0.0858124
895742,18,1,192905,50784,44405,142121,263743,0,0,0,0,0.0784639
895745,18,1,176373,46626,40290,129747,244563,0,0,0,0,0.0902894
895748,18,1,181314,48240,41640,133074,253173,0,0,0,0,0.0834842
895752,18,1,191172,51987,44890,139185,274177,0,0,0,0,0.0871055
895755,18,1,194618,53117,45728,141501,281204,0,0,0,0,0.0883439
895758,18,1,191965,52162,45263,139803,274911,0,0,0,0,0.0752865
895762,18,1,172072,46638,39822,125434,246756,0,0,0,0,0.0856261
895765,18,1,186803,50682,43489,136121,267651,0,0,0,0,0.0867537
895768,18,1,175200,47315,40918,127885,251042,0,0,0,0,0.090024
895770,18,1,183053,48776,42533,134277,255262,0,0,0,0,0.0636072
895771,18,1,179469,48056,41351,131413,252126,0,0,0,0,0.0704685
895772,18,1,178110,47584,41030,130526,249770,0,0,0,0,0.0692158
895773,18,1,174576,47243,40884,127333,249475,0,0,0,0,0.0796972
895774,18,1,178086,48053,41481,130033,254050,0,0,0,0,0.0587099
895775,18,1,195409,52365,45126,143044,275017,0,0,0,0,0.0582387
895776,18,1,178381,48320,41793,130061,255949,0,0,0,0,0.0654376
895777,18,1,158799,41956,36339,116843,220748,0,0,0,0,0.0570226
895778,18,1,185566,50070,43628,135496,265228,0,0,0,0,0.0645955
895779,18,1,179751,48827,42104,130924,259071,0,0,0,0,0.0674738
895792,18,2,227728,62381,54719,165334,328806,1,0,0,0,0.155981
895795,18,2,271001,74127,64957,196861,390797,1,0,0,0,0.152933
895798,18,1,184217,49386,42402,134831,257578,0,0,0,0,0.0610916
895802,18,1,207839,55195,48530,152644,285708,0,0,0,0,0.078469
895805,18,1,198419,53114,46163,145305,278092,0,0,0,0,0.0664464
895808,18,1,199441,53595,46685,145846,280681,0,0,0,0,0.0657931
895812,18,1,201917,54858,47582,147059,287273,0,0,0,0,0.0753428
895815,18,1,207695,56529,48580,151166,296805,0,0,0,0,0.0688548
895818,18,2,220524,61426,53495,159087,326938,1,0,0,0,0.168757
895822,18,1,197685,54053,46308,143632,284846,0,0,0,0,0.0821708
895825,18,2,314250,87825,76725,226412,468345,1,0,0,0,0.219262
895828,18,2,301628,84306,74043,217309,450083,1,0,0,0,0.206254
895830,18,2,298721,81586,71794,217122,431529,1,0,0,0,0.196997
895831,18,2,297170,82852,72988,214305,441537,1,0,0,0,0.179035
895832,18,1,193404,51834,45160,141570,270356,0,0,0,0,0.0639964
895833,18,1,197215,53932,47098,143283,283809,0,0,0,0,0.0833358
895834,18,1,194695,53052,45913,141643,279985,0,0,0,0,0.0605585
895835,18,2,300271,82095,71849,218163,434914,1,0,0,0,0.17457
895836,18,2,313777,88554,77511,225210,473920,1,0,0,0,0.20709
895837,18,2,266502,73518,64429,192971,390709,1,0,0,0,0.17041
895838,18,1,200792,54522,48447,146270,286693,0,0,0,0,0.068321
895839,18,1,189748,51912,45097,137836,274837,0,0,0,0,0.0674015
895852,18,2,258943,70237,61967,188693,371137,1,0,0,0,0.164574
895855,18,1,185056,49814,43249,135242,262173,0,0,0,0,0.0554853
895858,18,2,256889,70829,61449,186048,376312,1,0,0,0,0.15109
895862,18,2,261576,72509,63747,189054,386114,1,0,0,0,0.162021
895865,18,1,209624,57334,49435,152290,303010,0,0,0,0,0.0620178
895868,18,1,207390,56965,49585,150425,301402,0,0,0,0,0.0666139
895872,18,1,196980,53364,46334,143616,279346,0,0,0,0,0.0659582
895875,18,2,274040,76315,66740,197712,406659,1,0,0,0,0.15748
895878,18,1,216966,58993,51020,157973,311089,0,0,0,0,0.0866456
895880,18,1,205093,54606,47500,150487,282977,0,0,0,0,0.068158
895881,18,1,202309,54910,47537,147399,287480,0,0,0,0,0.0614023
895882,18,1,188546,51421,44061,137125,271251,0,0,0,0,0.0667097
895884,18,1,210593,57644,50054,152949,304317,0,0,0,0,0.0642253
895885,18,2,296378,82868,72408,213497,441459,1,0,0,0,0.186278
895886,18,1,200882,54874,47379,146008,288107,0,0,0,0,0.0691904
895887,18,2,173300,47180,41207,126107,249650,1,0,0,0,0.160556
895888,18,1,229127,62239,54553,166888,326970,0,0,0,0,0.086354
895889,18,1,205845,56030,48345,149815,296016,0,0,0,0,0.082568
895893,18,1,200407,55199,48232,145208,291716,0,0,0,0,0.0985025
895902,18,1,196204,53417,46174,142787,281833,0,0,0,0,0.0796215
895905,18,1,206226,55942,48593,150284,294544,0,0,0,0,0.0700161
895908,18,1,200315,54556,47523,145759,287044,0,0,0,0,0.0664357
895912,18,2,267961,73839,64297,194109,393243,1,0,0,0,0.191717
895915,18,2,274701,75834,66278,198854,403098,1,0,0,0,0.16795
895918,18,2,193802,53733,46966,140056,286318,1,0,0,0,0.142689
895920,18,2,228861,63058,55999,165790,333194,1,0,0,0,0.160943
895921,18,1,210548,57969,50216,152579,305385,0,0,0,0,0.0615389
895922,18,2,269325,75046,65008,194266,400869,1,0,0,0,0.162684
895924,18,1,217334,59767,51901,157567,316383,0,0,0,0,0.062408
895925,18,2,297429,83014,72337,214402,442499,1,0,0,0,0.175014
895928,18,1,223290,61341,53793,161949,323532,0,0,0,0,0.0861206
895929,18,1,201295,54683,47218,146612,288116,0,0,0,0,0.0585816
895933,18,2,277205,77803,68003,199389,416295,1,0,0,0,0.166973
895936,18,1,199718,54276,46867,145442,284282,0,0,0,0,0.0618755
895937,18,1,208720,56657,49346,152063,296982,0,0,0,0,0.0922845
895942,18,2,282136,78621,68616,203502,420017,1,0,0,0,0.218998
895945,18,2,182097,49862,43344,132222,264824,1,0,0,0,0.149522
895948,18,1,206945,56413,49526,150532,296042,0,0,0,0,0.067151
895950,18,2,293729,80467,70537,213249,424131,1,0,0,0,0.181435
895951,18,1,191627,51475,44433,140152,269651,0,0,0,0,0.064743
895954,18,1,189831,50909,44117,138922,267334,0,0,0,0,0.0622897
895959,18,1,211017,57602,49286,153415,302629,0,0,0,0,0.0680424
895962,18,2,254094,70526,61415,183555,376953,1,0,0,0,0.169776
895963,18,1,203000,55445,48948,147555,292474,0,0,0,0,0.0712339
895965,18,1,219442,59903,51553,159539,316212,0,0,0,0,0.089863
895966,18,1,225636,61589,53667,164047,324338,0,0,0,0,0.0625446
895967,18,2,187845,51580,44887,136252,274371,1,0,0,0,0.134056
895968,18,1,218391,60180,52169,158211,318472,0,0,0,0,0.0642151
895980,18,1,182001,48260,41729,133741,250398,0,0,0,0,0.0548019
895981,18,1,194743,51920,44893,142823,270467,0,0,0,0,0.0586796
895982,18,2,205807,56651,49279,149145,300984,1,0,0,0,0.161346
895983,18,1,196080,54140,47435,141940,287217,0,0,0,0,0.0728321
895984,18,2,280965,76826,66864,204127,406189,1,0,0,0,0.165747
895985,18,1,216839,59115,51475,157724,312196,0,0,0,0,0.0664346
895986,18,1,205666,56344,48984,149322,298147,0,0,0,0,0.069257
895987,18,1,206370,56483,49301,149887,298006,0,0,0,0,0.0675005
895988,18,1,198742,53607,46573,145135,281399,0,0,0,0,0.0589951
895989,18,1,213868,58254,50377,155614,305416,0,0,0,0,0.0613234
897440,18,1,207505,56819,49325,150686,298030,0,0,0,0,0.056395
897441,18,2,309496,87659,76793,221824,470506,1,0,0,0,0.159095
897444,18,1,202618,55439,47519,147179,295239,0,0,0,0,0.0591571
897449,18,1,176631,47438,41205,129193,250856,0,0,0,0,0.0603129
897462,36,1,197975,54811,47490,143164,292051,0,0,0,0,0.0555849
897465,36,1,206514,56587,49094,149927,301646,0,0,0,0,0.0586372
897468,36,1,196439,53110,46211,143329,282023,0,0,0,0,0.0555956
897500,18,2,194196,52407,46108,141778,278138,1,0,0,0,0.150389
897501,18,2,301104,84213,73937,216878,451837,1,0,0,0,0.144635
897504,18,1,209929,57446,50028,152483,304590,0,0,0,0,0.0830259
897509,18,1,186400,50908,44123,135492,271220,0,0,0,0,0.0877534
897522,36,1,208665,57975,50414,150690,309241,0,0,0,0,0.062313
897525,36,1,216104,59644,51903,156460,318052,0,0,0,0,0.0767406
897528,36,1,211576,58195,50762,153381,310322,0,0,0,0,0.0654402
897550,18,1,216239,58961,51851,157278,308909,0,0,0,0,0.0618048
897551,18,2,197157,54216,47585,142928,289713,1,0,0,0,0.150702
897554,18,1,208988,57787,50558,151201,307215,0,0,0,0,0.0642488
897559,18,1,206846,56637,49323,150209,301323,0,0,0,0,0.0589896
897572,36,1,215154,59816,51786,155338,318232,0,0,0,0,0.0716253
897575,36,1,218502,60370,52180,158132,322616,0,0,0,0,0.0693412
897578,36,1,234800,65528,57158,169272,351492,0,0,0,0,0.0687634
897590,18,1,212905,58308,51039,154597,305693,0,0,0,0,0.0616778
897591,18,2,197015,53962,47588,143040,287562,1,0,0,0,0.158223
897594,18,1,219862,60467,52790,159395,321034,0,0,0,0,0.0768114
897599,18,1,202224,55186,48311,147038,291079,0,0,0,0,0.069033
897612,36,1,220840,60957,53242,159883,323844,0,0,0,0,0.0640882
897615,36,1,216067,59593,51692,156474,317962,0,0,0,0,0.0571284
897618,36,1,227459,62949,55131,164510,335314,0,0,0,0,0.0615233
897620,18,1,190014,51479,45173,138535,271152,0,0,0,0,0.0564211
897621,18,1,202574,54643,48010,147931,287951,0,0,0,0,0.0813513
897624,18,2,229698,64205,56789,165480,344049,1,0,0,0,0.15612
897629,18,1,211003,57530,50556,153473,303802,0,0,0,0,0.0660294
897642,36,2,195477,53563,47013,141901,286445,1,0,0,0,0.158819
897645,36,1,221894,61111,53672,160783,326187,0,0,0,0,0.071973
897648,36,1,223438,61648,53806,161790,328590,0,0,0,0,0.0603626
897670,18,1,176335,47529,41636,128806,250371,0,0,0,0,0.0536519
897671,18,1,188916,50726,44563,138190,266444,0,0,0,0,0.0583358
897672,18,2,299583,82523,72579,217048,439666,1,0,0,0,0.179489
897673,18,1,185569,49537,43920,136032,259591,0,0,0,0,0.0617462
897674,18,2,192225,52340,46068,139873,277844,1,0,0,0,0.127142
897675,18,1,213661,58472,51098,155189,310023,0,0,0,0,0.0838036
897676,18,1,198014,53597,46703,144417,284552,0,0,0,0,0.0792733
897677,18,1,205450,56401,49536,149049,299240,0,0,0,0,0.0595973
897678,18,1,202969,55176,48019,147793,291602,0,0,0,0,0.0589658
897679,18,1,219333,60419,53144,158914,319808,0,0,0,0,0.0668636
897950,18,1,183381,49779,43721,133602,262227,0,0,0,0,0.0653548
897951,18,1,191766,52291,45995,139475,275835,0,0,0,0,0.0655947
897952,18,1,202409,54176,47592,148233,281646,0,0,0,0,0.0610148
897953,18,1,181116,49374,43200,131742,263401,0,0,0,0,0.0644604
897954,18,1,179608,48298,42509,131310,254069,0,0,0,0,0.0591691
897955,18,1,212306,58085,50721,154221,307606,0,0,0,0,0.0620893
897956,18,1,196309,53260,46347,143049,282854,0,0,0,0,0.0583066
897957,18,1,201937,55239,48176,146698,292958,0,0,0,0,0.0611186
897958,18,1,194708,53001,46395,141707,280056,0,0,0,0,0.0822896
897959,18,1,206996,56865,49996,150131,300271,0,0,0,0,0.0706684
898020,36,1,209001,57566,50195,151435,304756,0,0,0,0,0.0552017
898021,36,1,205614,56697,49499,148917,300735,0,0,0,0,0.0531658
898022,36,1,201534,55251,47757,146283,293221,0,0,0,0,0.0533244
898023,36,1,203466,56821,49627,146645,304000,0,0,0,0,0.0585612
898024,36,1,202886,56026,48520,146860,299329,0,0,0,0,0.0656355
898025,36,1,223505,61192,53324,162313,324475,0,0,0,0,0.075896
898026,36,1,203013,56803,49545,146210,303865,0,0,0,0,0.0778568
898027,36,1,190282,52118,45276,138164,276827,0,0,0,0,0.066207
898028,36,1,203954,56188,48926,147766,299271,0,0,0,0,0.0660174
898029,36,1,197238,54524,47484,142714,290661,0,0,0,0,0.0789602
898080,36,1,199015,54404,47521,144611,286928,0,0,0,0,0.0677399
898081,36,1,208850,57550,50027,151300,306167,0,0,0,0,0.0756893
898082,36,1,201627,55400,48111,146227,293835,0,0,0,0,0.076513
898083,36,1,206429,57644,50538,148785,307991,0,0,0,0,0.0780481
898084,36,1,198321,54855,47429,143466,292883,0,0,0,0,0.0550679
898085,36,1,209772,57537,50170,152235,305257,0,0,0,0,0.080989
898086,36,1,201755,55899,48874,145856,297518,0,0,0,0,0.0719049
898087,36,1,194006,53273,46371,140733,283509,0,0,0,0,0.0588429
898088,36,1,212212,58875,51168,153337,314054,0,0,0,0,0.0838358
898089,36,1,181695,49094,42257,132601,260421,0,0,0,0,0.0732404
898130,36,1,199578,53693,47238,145885,281152,0,0,0,0,0.0872976
898131,36,1,223777,62251,54449,161526,332300,0,0,0,0,0.0889588
898132,36,1,200154,55363,47822,144791,295574,0,0,0,0,0.0862849
898133,36,1,205128,57542,50227,147586,307967,0,0,0,0,0.0745495
898134,36,1,214795,59554,52028,155241,318676,0,0,0,0,0.0753299
898135,36,1,214554,59107,51316,155447,315101,0,0,0,0,0.0668622
898136,36,1,205712,57304,49512,148408,306445,0,0,0,0,0.0867361
898137,36,1,218636,60567,53366,158069,322739,0,0,0,0,0.0916469
898138,36,1,233539,64894,56354,168645,346891,0,0,0,0,0.0836807
898139,36,1,208131,56960,49367,151171,304046,0,0,0,0,0.0624743
898170,36,1,196696,52979,46327,143717,277927,0,0,0,0,0.0589172
898171,36,1,215642,60806,53027,154836,325785,0,0,0,0,0.0636601
898172,36,1,204454,56811,49035,147643,303691,0,0,0,0,0.0597917
898173,36,1,199855,55918,48832,143937,299072,0,0,0,0,0.069903
898174,36,1,219867,60957,53289,158910,325868,0,0,0,0,0.07391
898175,36,1,217927,60412,52264,157515,322702,0,0,0,0,0.0779419
898176,36,2,196149,54455,47925,141681,291421,1,0,0,0,0.126318
898177,36,1,210554,58041,50958,152513,308390,0,0,0,0,0.0883148
898178,36,1,223305,62005,53800,161300,330803,0,0,0,0,0.089594
898179,36,1,196172,53901,46898,142271,285988,0,0,0,0,0.0791214
898200,36,1,204346,55996,49017,148350,296263,0,0,0,0,0.0602752
898201,36,1,201307,55254,48104,146053,293120,0,0,0,0,0.0845823
898202,36,1,202009,55633,48698,146376,296721,0,0,0,0,0.0880943
898203,36,1,212439,58690,51417,153749,312684,0,0,0,0,0.0879057
898204,36,1,202859,55389,48447,147470,294497,0,0,0,0,0.0817524
898205,36,1,230183,63512,55348,166671,338350,0,0,0,0,0.0806096
898206,36,1,237564,65870,57416,171694,351037,0,0,0,0,0.0697476
898207,36,2,232242,65093,57219,167136,350295,1,0,0,0,0.138826
898208,36,1,229661,64099,55896,165562,342265,0,0,0,0,0.0924866
898209,36,1,209164,57950,49813,151214,307522,0,0,0,0,0.0921296
898220,36,1,189572,51901,45266,137671,274392,0,0,0,0,0.0827529
898221,36,1,194090,52894,45879,141196,279351,0,0,0,0,0.0834343
898222,36,1,201811,55077,47951,146734,290397,0,0,0,0,0.0865611
898223,36,1,176728,48178,41572,128550,256845,0,0,0,0,0.092807
898224,36,1,180156,48434,42217,131722,255539,0,0,0,0,0.077972
898225,36,1,213320,58938,51289,154382,313891,0,0,0,0,0.086081
898226,36,1,201336,54845,47703,146491,291927,0,0,0,0,0.0810376
898227,36,1,202957,55706,48052,147251,296216,0,0,0,0,0.066983
898228,36,1,198411,53988,47302,144423,285759,0,0,0,0,0.074104
898229,36,1,208087,57862,50098,150225,307385,0,0,0,0,0.062493
899680,18,1,206309,56553,49181,149756,296696,0,0,0,0,0.0581388
899681,18,2,278021,78448,68776,199560,421194,1,0,0,0,0.212791
899684,18,1,203115,55577,47610,147538,295949,0,0,0,0,0.0839665
899689,18,1,175893,47221,41105,128672,249708,0,0,0,0,0.0884243
899702,36,1,197344,54735,47336,142609,291815,0,0,0,0,0.0751032
899705,36,1,206431,56725,49191,149706,302542,0,0,0,0,0.0769384
899708,36,1,195859,53117,46208,142742,282378,0,0,0,0,0.0723942
899740,18,2,195139,52728,46449,142400,280124,1,0,0,0,0.151218
899741,18,2,326215,91435,80364,234767,490413,1,0,0,0,0.1708
899744,18,1,211848,58191,50710,153657,308845,0,0,0,0,0.0723115
899749,18,1,189322,51859,45017,137463,276500,0,0,0,0,0.0966304
899762,36,1,210753,58707,51038,152046,313479,0,0,0,0,0.0769039
899765,36,1,218955,60692,52827,158263,324055,0,0,0,0,0.0664426
899768,36,1,213097,58719,51256,154378,313300,0,0,0,0,0.0615046
899790,18,1,216090,58787,51693,157303,307753,0,0,0,0,0.0739773
899791,18,2,198177,54326,47683,143838,290044,1,0,0,0,0.142665
899794,18,1,209483,58021,50737,151462,308672,0,0,0,0,0.0634707
899799,18,1,207946,56989,49610,150957,303231,0,0,0,0,0.0653535
899812,36,1,215292,59800,51869,155492,318002,0,0,0,0,0.064426
899815,36,1,218962,60587,52403,158375,323931,0,0,0,0,0.0602448
899818,36,1,235236,65670,57270,169566,352270,0,0,0,0,0.102766
899830,18,1,213538,58533,51286,155005,307065,0,0,0,0,0.0824391
899831,18,2,197912,54094,47765,143805,288124,1,0,0,0,0.180111
899834,18,1,219663,60440,52803,159223,320967,0,0,0,0,0.0659952
899839,18,1,203366,55793,48876,147573,294740,0,0,0,0,0.0817888
899852,36,1,221288,61247,53495,160041,325740,0,0,0,0,0.0857606
899855,36,1,217059,60002,52080,157057,320312,0,0,0,0,0.0638758
899858,36,1,227969,63163,55404,164806,336515,0,0,0,0,0.0630089
899860,18,1,189885,51583,45330,138302,271923,0,0,0,0,0.0618472
899861,18,1,203587,55023,48350,148564,290173,0,0,0,0,0.083506
899864,18,2,231186,64679,57315,166494,346764,1,0,0,0,0.141788
899869,18,1,212431,58076,50979,154355,306951,0,0,0,0,0.0640519
899882,36,2,197571,54121,47491,143437,289391,1,0,0,0,0.165899
899885,36,1,222539,61230,53699,161309,326732,0,0,0,0,0.0796212
899888,36,1,223283,61690,53878,161593,328982,0,0,0,0,0.0780172
899910,18,1,176482,47539,41609,128943,250419,0,0,0,0,0.0543488
899911,18,1,189933,50938,44755,138995,267479,0,0,0,0,0.0565861
899912,18,2,271648,74324,65456,197312,395808,1,0,0,0,0.177978
899913,18,1,186846,49950,44227,136896,261951,0,0,0,0,0.0736186
899914,18,2,193185,52554,46227,140619,278979,1,0,0,0,0.170344
899915,18,1,214230,58664,51197,155566,311127,0,0,0,0,0.056541
899916,18,1,198156,53672,46840,144484,285030,0,0,0,0,0.05781
899917,18,1,206276,56725,49845,149551,301024,0,0,0,0,0.0610552
899918,18,1,203727,55480,48272,148247,293363,0,0,0,0,0.0595778
899919,18,1,219482,60532,53361,158950,320563,0,0,0,0,0.0638096
