860150,18,1,148720,38563,33569,110157,202743,0,0,0,0,0.0869483
860151,18,1,145958,38492,33719,107466,204568,0,0,0,0,0.0694444
860152,18,1,179119,47914,42055,131205,252043,0,0,0,0,0.0697189
860153,18,1,169247,45377,39681,123870,240211,0,0,0,0,0.0639203
860154,18,1,170051,46499,41104,123552,248043,0,0,0,0,0.0592622
860155,18,1,195863,53347,47204,142516,280827,0,0,0,0,0.0641382
860156,18,1,191949,52632,46398,139317,279565,0,0,0,0,0.0652314
860157,18,1,193332,53373,47059,139959,284162,0,0,0,0,0.0645421
860158,18,1,198548,53968,47752,144580,284040,0,0,0,0,0.0628727
860159,18,1,165966,45648,39993,120318,244162,0,0,0,0,0.0599132
860420,36,1,155292,40243,34718,115049,211878,0,0,0,0,0.0678464
860421,36,1,154545,40922,35395,113623,217899,0,0,0,0,0.0533578
860422,36,1,174040,46611,41219,127429,245624,0,0,0,0,0.0654605
860423,36,1,170191,45529,39871,124662,240912,0,0,0,0,0.0763993
860424,36,1,182431,50274,44184,132157,269149,0,0,0,0,0.0576741
860425,36,1,190962,51989,45875,138973,274114,0,0,0,0,0.0646681
860426,36,1,196780,54572,47815,142208,290972,0,0,0,0,0.0680815
860427,36,1,196043,54201,47522,141842,288682,0,0,0,0,0.060403
860428,36,1,192754,52457,46201,140297,276377,0,0,0,0,0.0561662
860429,36,1,175415,48373,42380,127042,259426,0,0,0,0,0.0540229
860990,18,1,140754,36215,31099,104539,190327,0,0,0,0,0.0829073
860991,18,1,135843,35439,30769,100404,188253,0,0,0,0,0.0614256
860992,18,1,166169,44714,38848,121455,237751,0,0,0,0,0.0642411
860993,18,1,166234,44719,38815,121515,237767,0,0,0,0,0.0647921
860994,18,1,158976,42898,37748,116078,228780,0,0,0,0,0.0609718
860995,18,1,185641,51041,44813,134600,272031,0,0,0,0,0.0674673
860996,18,1,185620,51031,44800,134589,271967,0,0,0,0,0.0674265
860997,18,1,188535,52018,45855,136517,278009,0,0,0,0,0.0674765
860998,18,1,188557,52023,45863,136534,278028,0,0,0,0,0.0674025
860999,18,1,155033,42337,36691,112696,226853,0,0,0,0,0.0656959
862400,3,1,131503,33593,28648,97910,174478,0,0,0,0,0.113723
862401,9,1,129365,33369,28004,95996,173773,0,0,0,0,0.0876703
862404,9,1,154041,40604,35504,113437,211795,0,0,0,0,0.0891932
862409,9,1,149998,39946,33993,110052,209933,0,0,0,0,0.152958
862410,3,1,142441,36782,31776,105659,191042,0,0,0,0,0.0896014
862411,9,1,156466,41568,36025,114898,217151,0,0,0,0,0.0786579
862414,9,2,165839,43497,37539,122329,226328,1,0,0,0,0.193474
862419,9,2,174162,45828,40079,128321,238179,1,0,0,0,0.18781
862420,3,1,142356,36743,31733,105613,190762,0,0,0,0,0.0920322
862421,9,1,156487,41567,36019,114920,217133,0,0,0,0,0.0754899
862424,9,2,165768,43487,37541,122268,226312,1,0,0,0,0.18484
862429,9,2,174090,45813,40045,128264,238105,1,0,0,0,0.21994
862430,3,1,142327,36742,31725,105585,190769,0,0,0,0,0.127904
862431,9,1,161363,42734,36968,118629,222589,0,0,0,0,0.0800865
862434,9,2,192209,51168,44395,141029,267144,1,0,0,0,0.198603
862439,9,2,180307,47446,40947,132848,247728,1,0,0,0,0.167038
862440,9,1,125281,32596,27542,92685,170212,0,0,0,0,0.0526694
862441,9,1,146192,38481,33375,107711,201108,0,0,0,0,0.0575241
862442,18,1,163073,43586,38129,119487,228409,0,0,0,0,0.0531946
862444,9,2,186330,49836,43189,136482,260675,1,0,0,0,0.143624
862445,18,2,155312,40327,34722,114972,209583,1,0,0,0,0.136889
862448,18,2,151346,39409,34034,111924,205022,1,0,0,0,0.1392
862449,9,2,184004,48932,42158,135059,256007,1,0,0,0,0.178162
862470,3,1,156666,40878,35844,115788,212122,0,0,0,0,0.111156
862471,9,1,149447,39131,33929,110316,204062,0,0,0,0,0.080784
862474,9,1,178328,47189,41120,131139,246017,0,0,0,0,0.0594338
862479,9,1,150482,38784,33726,111698,199909,0,0,0,0,0.056534
862480,3,1,156631,40856,35809,115775,211973,0,0,0,0,0.0820252
862481,9,1,149315,39090,33890,110225,203808,0,0,0,0,0.0573253
862484,9,1,178419,47210,41188,131209,246085,0,0,0,0,0.055873
862489,9,1,150337,38742,33690,111595,199662,0,0,0,0,0.0623498
862490,3,1,156691,40871,35817,115820,212069,0,0,0,0,0.109963
862491,9,2,158281,42102,36556,116168,220608,1,0,0,0,0.123572
862494,9,2,162416,42929,37608,119476,224030,1,0,0,0,0.12091
862499,9,1,141282,36239,30962,105043,187151,0,0,0,0,0.0547363
862500,9,1,142875,37492,32350,105383,194667,0,0,0,0,0.0559095
862501,9,1,154006,40318,35331,113688,209350,0,0,0,0,0.0539661
862502,18,1,159461,42869,37139,116592,225046,0,0,0,0,0.0533962
862504,9,1,174650,46224,40919,128426,239556,0,0,0,0,0.0546031
862505,18,1,172148,46557,40539,125591,244516,0,0,0,0,0.054903
862508,18,1,181764,49354,42240,132410,259596,0,0,0,0,0.0585348
862509,9,1,162749,43169,37957,119580,225116,0,0,0,0,0.073302
862530,3,1,167303,44689,39549,122614,234005,0,0,0,0,0.0744496
862531,9,1,153446,40771,35874,112675,213180,0,0,0,0,0.051946
862534,9,2,163962,43718,38339,120232,227540,1,0,0,0,0.131765
862539,9,2,168057,44865,39353,123179,233506,1,0,0,0,0.167483
862540,3,1,167177,44667,39540,122510,233900,0,0,0,0,0.0925638
862541,9,2,254494,68960,60551,185522,363899,1,0,0,0,0.172672
862544,9,2,166132,44682,38666,121438,233982,1,0,0,0,0.122091
862549,9,2,164655,43884,38136,120758,229106,1,0,0,0,0.11812
862550,9,1,155571,41528,36092,114043,217396,0,0,0,0,0.055963
862551,9,1,182159,49568,43620,132591,260127,0,0,0,0,0.0599468
862554,9,2,173807,47300,41148,126494,248400,1,0,0,0,0.154526
862555,18,2,166652,45087,38984,121552,236834,1,0,0,0,0.116211
862558,18,2,163867,44171,38389,119683,231743,1,0,0,0,0.11548
862559,9,2,169522,46130,40273,123379,242455,1,0,0,0,0.135981
862562,18,1,164651,44463,38934,120188,234180,0,0,0,0,0.0803699
862580,3,1,167308,44708,39570,122600,234168,0,0,0,0,0.0881188
862581,9,2,156977,41743,35808,115221,218607,1,0,0,0,0.125115
862584,9,2,169677,45740,39815,123924,238609,1,0,0,0,0.1349
862589,9,2,159278,42049,36566,117216,218900,1,0,0,0,0.124292
862590,9,1,155785,41591,36123,114194,217780,0,0,0,0,0.0546771
862591,9,2,197576,54049,47396,143514,284876,1,0,0,0,0.127258
862594,9,2,178271,49188,42384,129070,258608,1,0,0,0,0.131787
862599,9,2,166888,44728,38938,122147,233420,1,0,0,0,0.12414
862602,18,1,176875,47938,42335,128937,251416,0,0,0,0,0.0599925
862605,18,2,167653,45764,39611,121877,240295,1,0,0,0,0.123566
862608,18,2,160575,42799,37164,117763,223308,1,0,0,0,0.116983
862620,9,1,161587,42108,36848,119479,217480,0,0,0,0,0.0501107
862621,9,1,161775,42139,36880,119636,217587,0,0,0,0,0.0537077
862624,9,2,174276,46176,39583,128087,237434,1,0,0,0,0.14126
862629,9,2,174067,46077,40074,127977,238353,1,0,0,0,0.137193
862642,18,1,169823,45492,39769,124331,237354,0,0,0,0,0.0568489
862645,18,2,161627,43565,37708,118051,227891,1,0,0,0,0.116806
862648,18,2,163423,43990,38047,119420,229963,1,0,0,0,0.117648
862670,9,1,152308,39841,34649,112467,206240,0,0,0,0,0.0473483
862671,9,1,152602,39881,34686,112721,206347,0,0,0,0,0.0526361
862672,9,1,154348,40993,35779,113355,214104,0,0,0,0,0.0510783
862673,9,1,168004,45233,40040,122771,236872,0,0,0,0,0.0918769
862674,9,2,168010,44080,37901,123918,227206,1,0,0,0,0.149119
862675,9,2,155701,41317,35729,114372,214907,1,0,0,0,0.127072
862676,9,2,158718,41872,36116,116834,217187,1,0,0,0,0.133814
862677,9,2,155750,40833,35535,114904,211396,1,0,0,0,0.165232
862678,9,2,158715,41955,36363,116748,218015,1,0,0,0,0.147147
862679,9,2,163354,42244,36540,121098,217271,1,0,0,0,0.132946
862680,3,1,130916,33518,28698,97398,174303,0,0,0,0,0.122095
862681,9,1,128523,33125,27863,95398,172523,0,0,0,0,0.0785596
862684,9,1,154640,40677,35599,113963,212107,0,0,0,0,0.0749563
862689,9,1,148800,39554,33787,109246,207797,0,0,0,0,0.0684893
862690,3,1,142426,36778,31900,105648,191038,0,0,0,0,0.0688428
862691,9,1,156165,41244,35815,114921,215173,0,0,0,0,0.0633315
862694,9,2,166578,43604,37653,122961,226735,1,0,0,0,0.123136
862699,9,2,175179,46003,40220,129163,238925,1,0,0,0,0.143469
862700,3,1,142341,36739,31857,105602,190758,0,0,0,0,0.078634
862701,9,1,156182,41242,35809,114940,215151,0,0,0,0,0.0549803
862704,9,2,166470,43589,37660,122868,226703,1,0,0,0,0.130651
862709,9,2,175092,45990,40168,129089,238886,1,0,0,0,0.161506
862710,3,1,142309,36737,31849,105572,190759,0,0,0,0,0.105774
862711,9,1,161326,42467,36787,118859,220865,0,0,0,0,0.0682874
862714,9,2,192715,51178,44454,141525,266982,1,0,0,0,0.192006
862719,9,2,180847,47438,40942,133396,247468,1,0,0,0,0.161465
862720,9,1,124971,32420,27520,92551,169116,0,0,0,0,0.072102
862721,9,1,145380,38142,33144,107238,199153,0,0,0,0,0.0620827
862722,18,1,163014,43311,38003,119703,226621,0,0,0,0,0.0551756
862724,9,2,186416,49760,43296,136644,260141,1,0,0,0,0.200474
862725,18,2,155527,40288,34765,115226,209235,1,0,0,0,0.27292
862728,18,2,151640,39342,34138,112285,204374,1,0,0,0,0.233434
862729,9,2,183879,48811,42167,135055,255260,1,0,0,0,0.235578
862750,3,1,158084,41109,36092,116975,213050,0,0,0,0,0.0971708
862751,9,1,150146,39232,34112,110914,204450,0,0,0,0,0.0559359
862754,9,1,178713,47052,41084,131661,244844,0,0,0,0,0.0790112
862759,9,1,150857,38726,33783,112131,199324,0,0,0,0,0.0765647
862760,3,1,158040,41087,36056,116953,212898,0,0,0,0,0.102655
862761,9,1,149918,39178,34053,110740,204160,0,0,0,0,0.055326
862764,9,1,178869,47093,41174,131776,245017,0,0,0,0,0.0807073
862769,9,1,150897,38721,33789,112176,199236,0,0,0,0,0.0797272
862770,3,1,158143,41109,36072,117034,213018,0,0,0,0,0.133096
862771,9,2,158465,41822,36315,116632,218627,1,0,0,0,0.202093
862774,9,2,161658,42528,37276,119119,221689,1,0,0,0,0.136527
862779,9,1,142045,36266,31135,105779,186883,0,0,0,0,0.0535481
862780,9,1,143770,37669,32527,106101,195447,0,0,0,0,0.0577186
862781,9,1,154969,40463,35556,114506,209812,0,0,0,0,0.0721207
862782,18,1,159372,42658,37118,116714,223565,0,0,0,0,0.0705363
862784,9,1,175923,46401,41145,129522,240103,0,0,0,0,0.057139
862785,18,1,172820,46507,40619,126313,243795,0,0,0,0,0.0564525
862788,18,1,181827,49225,42248,132602,258599,0,0,0,0,0.0724109
862789,9,1,164530,43517,38312,121013,226600,0,0,0,0,0.106188
862810,3,1,168378,44902,39714,123476,234946,0,0,0,0,0.0799877
862811,9,1,154584,41036,36039,113548,214468,0,0,0,0,0.0530519
862814,9,2,165029,43743,38356,121274,227213,1,0,0,0,0.164182
862819,9,2,170564,45268,39721,125283,235172,1,0,0,0,0.127054
862820,3,1,168252,44880,39705,123372,234841,0,0,0,0,0.0849452
862821,9,2,231676,62470,54850,169194,329020,1,0,0,0,0.161295
862824,9,2,167285,44728,38705,122545,233753,1,0,0,0,0.128321
862829,9,2,165033,43749,38048,121271,228061,1,0,0,0,0.152618
862830,9,1,155893,41606,36133,114287,217859,0,0,0,0,0.0564808
862831,9,1,183633,50055,44042,133578,262769,0,0,0,0,0.165425
862834,9,2,176068,47627,41423,128428,249595,1,0,0,0,0.141182
862835,18,2,168410,45217,39098,123180,236883,1,0,0,0,0.150598
862838,18,2,163830,43929,38199,119888,230020,1,0,0,0,0.157761
862839,9,2,169058,45834,39895,123211,240714,1,0,0,0,0.147164
862842,18,1,165217,44595,39137,120622,234907,0,0,0,0,0.0553555
862860,3,1,168383,44921,39735,123462,235109,0,0,0,0,0.0758768
862861,9,2,158234,41868,35891,116353,218839,1,0,0,0,0.119137
862864,9,2,170688,45726,39759,124949,238058,1,0,0,0,0.156684
862869,9,2,160786,42174,36700,118599,219095,1,0,0,0,0.128098
862870,9,1,156109,41670,36164,114439,218249,0,0,0,0,0.0636405
862871,9,2,196940,53730,47084,143197,283035,1,0,0,0,0.144977
862874,9,2,178765,49066,42328,129686,257496,1,0,0,0,0.165
862879,9,2,166991,44558,38729,122420,232161,1,0,0,0,0.135376
862882,18,1,177869,48231,42669,129638,253128,0,0,0,0,0.0792717
862885,18,2,167524,45347,39233,122165,237472,1,0,0,0,0.119298
862888,18,2,161014,42631,37021,118370,221869,1,0,0,0,0.135169
862900,9,1,162729,42378,37001,120351,218800,0,0,0,0,0.107214
862901,9,1,162924,42410,37035,120514,218911,0,0,0,0,0.0718385
862904,9,2,174777,46098,39489,128666,236663,1,0,0,0,0.158549
862909,9,2,175753,46304,40168,129436,239263,1,0,0,0,0.17098
862922,18,1,170328,45494,39806,124834,237137,0,0,0,0,0.0559402
862925,18,2,161917,43384,37687,118522,226452,1,0,0,0,0.123722
862928,18,2,164332,44019,38092,120300,229711,1,0,0,0,0.141793
862950,9,1,153488,40196,34925,113292,208164,0,0,0,0,0.0633134
862951,9,1,153782,40236,34961,113546,208271,0,0,0,0,0.0702143
862952,9,1,155031,41186,35943,113845,215140,0,0,0,0,0.0543773
862953,9,1,168362,45257,40056,123105,236892,0,0,0,0,0.0754485
862954,9,2,167950,43749,37700,124189,224823,1,0,0,0,0.178173
862955,9,2,155371,40935,35420,114424,212341,1,0,0,0,0.126578
862956,9,2,158788,41609,35895,117167,215322,1,0,0,0,0.123248
862957,9,2,155838,40596,35306,115229,209659,1,0,0,0,0.121759
862958,9,2,159710,41900,36253,117798,217141,1,0,0,0,0.131555
862959,9,2,164285,42301,36547,121972,217142,1,0,0,0,0.143819
862960,3,1,134956,35154,29679,99802,185574,0,0,0,0,0.175712
862961,9,1,136682,36115,30097,100567,191393,0,0,0,0,0.097685
862964,9,1,161895,43760,38478,118135,232242,0,0,0,0,0.11976
862969,9,1,147241,39705,34309,107536,210626,0,0,0,0,0.109671
862970,3,1,142512,37391,32379,105121,197312,0,0,0,0,0.114565
862971,9,1,156346,42075,36556,114271,222865,0,0,0,0,0.0808955
862974,9,2,174123,47293,41074,126817,249916,1,0,0,0,0.194492
862979,9,2,236489,64375,56019,172102,341677,1,0,0,0,0.247601
862980,3,1,142380,37342,32343,105038,196978,0,0,0,0,0.116741
862981,9,1,156388,42073,36546,114315,222823,0,0,0,0,0.0696496
862984,9,2,173836,47246,41002,126577,249742,1,0,0,0,0.164312
862989,9,2,236620,64420,56029,172188,341954,1,0,0,0,0.238152
862990,3,1,142315,37330,32335,104985,196920,0,0,0,0,0.0893338
862991,9,1,163393,43778,38005,119615,231026,0,0,0,0,0.0636146
862994,9,1,177985,47808,42129,130177,251043,0,0,0,0,0.0674068
862999,9,1,137707,36274,31532,101433,191986,0,0,0,0,0.0738048
863000,9,1,121961,31892,27351,90069,168407,0,0,0,0,0.0823601
863001,9,1,142288,37917,33034,104371,200968,0,0,0,0,0.0658669
863002,18,1,161391,43305,37917,118086,229394,0,0,0,0,0.0710305
863004,9,1,158670,42730,37594,115940,225908,0,0,0,0,0.0850244
863005,18,2,292018,80322,70476,211684,429192,1,0,0,0,0.225815
863008,18,2,281770,77094,67089,204664,410412,1,0,0,0,0.233954
863009,9,1,149884,40288,35034,109596,213633,0,0,0,0,0.102429
863030,3,1,171461,44762,39110,126699,232967,0,0,0,0,0.131901
863031,9,1,156205,40739,35219,115466,212719,0,0,0,0,0.0887362
863034,9,1,183661,48647,42065,135014,254018,0,0,0,0,0.0721244
863039,9,1,167340,43842,38129,123498,227829,0,0,0,0,0.0746086
863040,3,1,171488,44750,39090,126738,232861,0,0,0,0,0.120214
863041,9,1,156053,40691,35184,115362,212445,0,0,0,0,0.0632422
863044,9,1,183858,48674,42123,135184,254092,0,0,0,0,0.0724793
863049,9,1,167346,43833,38130,123513,227757,0,0,0,0,0.0716532
863050,3,1,171284,44711,39058,126573,232667,0,0,0,0,0.113249
863051,9,1,200872,54433,47595,146439,286298,0,0,0,0,0.0749742
863054,9,1,215956,59288,52395,156668,312095,0,0,0,0,0.101515
863059,9,1,157176,41023,35571,116153,213696,0,0,0,0,0.0729208
863060,9,1,163049,43353,37508,119696,227122,0,0,0,0,0.0628775
863061,9,1,173402,46039,40435,127363,240396,0,0,0,0,0.0830344
863062,18,1,180633,49104,42626,131529,259777,0,0,0,0,0.0908304
863064,9,1,191785,50931,44885,140854,264684,0,0,0,0,0.0788247
863065,18,1,190059,51912,45175,138147,274437,0,0,0,0,0.0643922
863068,18,1,182751,49387,42374,133364,259338,0,0,0,0,0.0951973
863069,9,1,176483,47069,41136,129414,246467,0,0,0,0,0.102737
863090,3,1,174911,46336,40584,128575,242775,0,0,0,0,0.112711
863091,9,1,160301,42281,36695,118020,221398,0,0,0,0,0.0657487
863094,9,2,274863,75011,64978,199840,395676,1,0,0,0,0.228538
863099,9,2,290017,79276,69701,210728,417386,1,0,0,0,0.181955
863100,3,1,174924,46344,40589,128580,242849,0,0,0,0,0.0838529
863101,9,1,185849,50127,44141,135722,263407,0,0,0,0,0.0634595
863104,9,2,278484,77542,67465,200930,413260,1,0,0,0,0.189826
863109,9,1,177637,46455,41123,131182,242136,0,0,0,0,0.0625685
863110,9,1,171559,45793,39511,125766,240576,0,0,0,0,0.0941051
863111,9,1,200759,54766,47697,145993,288800,0,0,0,0,0.0813972
863114,9,2,279813,77096,67345,202705,409830,1,0,0,0,0.225698
863115,18,2,302062,84664,74062,217386,452248,1,0,0,0,0.2305
863118,18,1,192275,51630,44903,140645,270792,0,0,0,0,0.0769052
863119,9,1,185962,49491,43565,136471,259001,0,0,0,0,0.0953693
863122,18,1,190313,51651,44910,138662,272842,0,0,0,0,0.068764
863140,3,1,174909,46368,40619,128541,243067,0,0,0,0,0.0883151
863141,9,1,205399,55764,49537,149635,292400,0,0,0,0,0.0755356
863144,9,2,253722,69740,60885,183970,370760,1,0,0,0,0.221616
863149,9,1,166008,43413,38221,122595,226846,0,0,0,0,0.0701086
863150,9,1,171599,45827,39518,125772,240839,0,0,0,0,0.0810398
863151,9,1,214106,58921,51874,155185,310609,0,0,0,0,0.088118
863154,9,2,260110,72062,62958,188036,383716,1,0,0,0,0.233884
863159,9,1,169535,44947,39222,124588,235777,0,0,0,0,0.069414
863162,18,1,201634,54887,47857,146747,289793,0,0,0,0,0.0999041
863165,18,2,277465,77596,68066,199857,414868,1,0,0,0,0.199809
863168,18,1,180584,48321,41811,132263,253857,0,0,0,0,0.0776409
863180,9,1,195240,52322,45896,142918,274175,0,0,0,0,0.0817889
863181,9,1,195571,52399,45965,143172,274526,0,0,0,0,0.0822759
863184,9,2,254559,69836,61094,184711,369402,1,0,0,0,0.251544
863189,9,1,155653,40809,35332,114844,213875,0,0,0,0,0.0876495
863202,18,1,205231,56262,48191,148969,296751,0,0,0,0,0.0831906
863205,18,1,197551,53539,46670,144012,282224,0,0,0,0,0.0691431
863208,18,1,182059,48846,42194,133213,256930,0,0,0,0,0.0828596
863230,9,1,172332,45448,39505,126884,237256,0,0,0,0,0.0840354
863231,9,1,172568,45505,39570,127063,237529,0,0,0,0,0.0838336
863232,9,1,168155,44581,38522,123574,233941,0,0,0,0,0.0652096
863233,9,1,184773,50461,44240,134312,266655,0,0,0,0,0.119012
863234,9,2,264514,72512,63847,191989,383287,1,0,0,0,0.237987
863235,9,1,180148,47563,41860,132585,248903,0,0,0,0,0.0861682
863236,9,1,187467,50633,44672,136834,267084,0,0,0,0,0.09313
863237,9,1,166758,43459,38073,123299,226789,0,0,0,0,0.0798403
863238,9,1,168056,44650,39047,123406,234889,0,0,0,0,0.0884332
863239,9,1,149430,39007,33584,110423,204480,0,0,0,0,0.0859089
863240,3,1,135057,34693,29195,100364,181702,0,0,0,0,0.338897
863241,9,1,133220,34395,28933,98825,180039,0,0,0,0,0.207236
863244,9,1,163394,43167,37781,120227,226310,0,0,0,0,0.18414
863249,9,1,158737,42796,36777,115941,226594,0,0,0,0,0.197371
863250,3,1,156600,41266,35776,115334,217307,0,0,0,0,0.175555
863251,9,1,146567,38690,32955,107877,203728,0,0,0,0,0.0994486
863254,9,1,179576,48811,42005,130765,258722,0,0,0,0,0.0981106
863259,9,1,160635,41897,36182,118738,219492,0,0,0,0,0.104801
863260,3,1,156475,41227,35730,115248,217101,0,0,0,0,0.132488
863261,9,1,146379,38633,32898,107746,203414,0,0,0,0,0.0808434
863264,9,1,179621,48796,42012,130825,258525,0,0,0,0,0.0917886
863269,9,1,160623,41895,36188,118728,219467,0,0,0,0,0.0985663
863270,3,1,156378,41194,35703,115184,216916,0,0,0,0,0.138873
863271,9,1,192899,52474,46056,140425,277857,0,0,0,0,0.113207
863274,9,1,215483,59152,52039,156331,313061,0,0,0,0,0.124942
863279,9,1,150446,38827,33198,111619,203583,0,0,0,0,0.109109
863280,9,1,142443,36633,30827,105810,191902,0,0,0,0,0.117124
863281,9,1,163549,42864,37062,120685,225712,0,0,0,0,0.107249
863282,18,1,162862,44084,38253,118778,234259,0,0,0,0,0.081187
863284,9,1,184182,49039,42894,135143,257952,0,0,0,0,0.105162
863285,18,1,183184,50260,43932,132924,267654,0,0,0,0,0.104872
863288,18,1,179530,48709,41719,130821,258246,0,0,0,0,0.103818
863289,9,1,167376,44357,38541,123019,233607,0,0,0,0,0.158646
863310,3,1,163979,43452,38199,120527,227745,0,0,0,0,0.142002
863311,9,1,162292,43085,37045,119207,226087,0,0,0,0,0.0860721
863314,9,1,193733,52384,45224,141349,275726,0,0,0,0,0.082669
863319,9,1,166958,43159,37487,123799,223488,0,0,0,0,0.0840467
863320,3,1,163914,43429,38172,120485,227632,0,0,0,0,0.129547
863321,9,1,162123,43037,36999,119086,225823,0,0,0,0,0.103305
863324,9,1,193797,52382,45232,141415,275626,0,0,0,0,0.107235
863329,9,1,166949,43157,37486,123792,223462,0,0,0,0,0.0784999
863330,3,1,164031,43450,38161,120581,227750,0,0,0,0,0.124223
863331,9,1,211539,58304,51207,153235,308470,0,0,0,0,0.094311
863334,9,1,227548,63058,55472,164490,333404,0,0,0,0,0.0953389
863339,9,1,159341,41066,35275,118275,213292,0,0,0,0,0.087435
863340,9,1,158433,41706,35768,116727,218403,0,0,0,0,0.083953
863341,9,1,180609,48186,42248,132423,253263,0,0,0,0,0.0875328
863342,18,1,188864,51802,45196,137062,275266,0,0,0,0,0.0828475
863344,9,1,195396,52427,46374,142969,274409,0,0,0,0,0.0827015
863345,18,1,202074,55859,48787,146215,296717,0,0,0,0,0.112942
863348,18,1,190504,52384,45141,138120,277310,0,0,0,0,0.106328
863349,9,1,173413,46263,40844,127150,242310,0,0,0,0,0.12552
863370,3,1,173798,47564,41596,126234,251799,0,0,0,0,0.1317
863371,9,1,150716,40139,34341,110577,211262,0,0,0,0,0.0842848
863374,9,1,180623,48610,41537,132013,255413,0,0,0,0,0.088665
863379,9,1,201877,55066,47424,146811,290825,0,0,0,0,0.0829351
863380,3,1,173888,47589,41626,126299,251933,0,0,0,0,0.144818
863381,9,1,178334,48859,43030,129475,258798,0,0,0,0,0.0826012
863384,9,1,187589,51417,44931,136172,272401,0,0,0,0,0.0883267
863389,9,1,189172,50971,44292,138201,268257,0,0,0,0,0.102729
863390,9,1,181864,50628,43586,131236,269370,0,0,0,0,0.0894416
863391,9,1,203971,57360,49786,146611,304789,0,0,0,0,0.0971647
863394,9,1,189277,51036,44734,138241,268903,0,0,0,0,0.0801447
863395,18,1,220781,62400,54609,158381,334263,0,0,0,0,0.0810249
863398,18,1,218641,61585,53672,157056,327526,0,0,0,0,0.0820446
863399,9,1,207234,56101,49535,151133,294833,0,0,0,0,0.10701
863402,18,1,200342,54887,47852,145455,290723,0,0,0,0,0.0867277
863420,3,1,174164,47678,41720,126486,252442,0,0,0,0,0.140726
863421,9,1,198225,54579,48444,143646,288344,0,0,0,0,0.0864143
863424,9,1,189243,51574,44865,137669,273001,0,0,0,0,0.100257
863429,9,1,177504,47712,41519,129792,251511,0,0,0,0,0.103117
863430,9,1,182075,50693,43647,131382,269745,0,0,0,0,0.0979753
863431,9,1,220650,62258,54244,158392,330350,0,0,0,0,0.128478
863434,9,1,193688,52714,46116,140974,278491,0,0,0,0,0.0963002
863439,9,1,184694,49533,43383,135161,260470,0,0,0,0,0.0916793
863442,18,1,212798,58602,51164,154196,310292,0,0,0,0,0.0886009
863445,18,1,223820,63523,55524,160297,341204,0,0,0,0,0.0820239
863448,18,1,204507,57191,49794,147316,304331,0,0,0,0,0.0838409
863460,9,1,199475,53835,47348,145640,282516,0,0,0,0,0.0854879
863461,9,1,199733,53865,47388,145868,282527,0,0,0,0,0.0915048
863464,9,1,188320,50602,44090,137718,265183,0,0,0,0,0.0953031
863469,9,1,170534,45158,39082,125376,236635,0,0,0,0,0.127828
863482,18,1,206781,57569,49765,149212,305345,0,0,0,0,0.116769
863485,18,1,218299,60510,53306,157789,321293,0,0,0,0,0.0824563
863488,18,1,202031,55453,48579,146578,293920,0,0,0,0,0.113485
863510,9,1,171301,45486,39338,125815,238249,0,0,0,0,0.107127
863511,9,1,171535,45535,39378,126000,238467,0,0,0,0,0.0781867
863512,9,1,169314,45523,39140,123791,240623,0,0,0,0,0.0950332
863513,9,1,185920,52010,45620,133910,276868,0,0,0,0,0.1347
863514,9,1,201626,55128,47537,146498,291817,0,0,0,0,0.105673
863515,9,1,190317,51657,45068,138660,273021,0,0,0,0,0.097323
863516,9,1,210104,57958,50695,152146,307676,0,0,0,0,0.0971738
863517,9,1,174174,46603,40515,127571,245534,0,0,0,0,0.0796166
863518,9,1,189708,51812,44835,137896,274888,0,0,0,0,0.0870848
863519,9,1,169399,45179,38562,124220,238055,0,0,0,0,0.0845861
863520,3,1,132087,33395,29011,98692,172206,0,0,0,0,0.123145
863521,9,1,153494,40268,34986,113226,209515,0,0,0,0,0.114125
863524,9,1,194547,51586,45637,142961,265447,0,0,0,0,0.0901677
863529,9,1,145662,37130,32207,108532,190286,0,0,0,0,0.0934162
863530,3,1,128855,32833,28449,96022,170575,0,0,0,0,0.0969956
863531,9,1,150085,39816,34477,110269,208930,0,0,0,0,0.0926643
863534,9,1,194491,52392,46123,142099,271233,0,0,0,0,0.0987557
863539,9,1,137621,35339,30576,102282,182243,0,0,0,0,0.0717247
863540,3,1,163533,43706,38036,119827,230807,0,0,0,0,0.104979
863541,9,1,159674,42983,37427,116691,227629,0,0,0,0,0.0652351
863544,9,2,305426,83808,73447,221606,443877,1,0,0,0,0.228439
863549,9,1,188239,51548,45575,136691,271495,0,0,0,0,0.0911436
863550,3,1,163388,43617,37941,119771,230256,0,0,0,0,0.11006
863551,9,1,185059,49881,43621,135178,260973,0,0,0,0,0.0771397
863554,9,2,244014,67505,59309,176497,358693,1,0,0,0,0.244312
863559,9,1,172887,46412,40878,126475,245019,0,0,0,0,0.165244
863560,9,1,151135,40465,34796,110670,214504,0,0,0,0,0.11336
863561,9,1,181261,47964,42228,133297,250114,0,0,0,0,0.111635
863562,18,1,157876,41863,36657,116013,220875,0,0,0,0,0.109644
863564,9,1,169761,45215,39988,124546,237443,0,0,0,0,0.142085
863565,18,1,219810,61325,54530,158485,325703,0,0,0,0,0.100475
863568,18,1,193531,53091,46769,140440,281076,0,0,0,0,0.0677189
863569,9,1,171623,45754,40282,125869,241002,0,0,0,0,0.156293
863590,3,1,151538,38671,33576,112867,198164,0,0,0,0,0.116442
863591,9,1,174214,46407,40572,127807,241166,0,0,0,0,0.103285
863594,9,2,192679,51425,44873,141241,266843,1,0,0,0,0.22068
863599,9,2,224103,61221,53614,162869,319726,1,0,0,0,0.20141
863600,3,1,182989,49175,43540,133814,258167,0,0,0,0,0.109883
863601,9,1,172005,46337,40620,125668,243530,0,0,0,0,0.0794531
863604,9,2,191510,51466,44598,140031,269851,1,0,0,0,0.210178
863609,9,2,195270,52608,45725,142649,275710,1,0,0,0,0.247701
863610,3,1,182946,49154,43551,133792,258039,0,0,0,0,0.139242
863611,9,2,295602,82956,73271,212634,441672,1,0,0,0,0.348776
863614,9,2,180961,50060,43299,130888,265666,1,0,0,0,0.244918
863619,9,1,186678,50050,44228,136628,262444,0,0,0,0,0.113569
863620,9,1,174668,47343,41321,127325,249467,0,0,0,0,0.0794813
863621,9,1,196035,52191,46108,143844,270172,0,0,0,0,0.0623518
863622,18,1,180511,48540,43090,131971,255241,0,0,0,0,0.0674591
863624,9,2,287827,80611,70949,207203,427981,1,0,0,0,0.226601
863625,18,1,241564,68092,60982,173472,361149,0,0,0,0,0.0760696
863628,18,1,210689,57631,50717,153058,303413,0,0,0,0,0.0968096
863629,9,1,180130,48030,42359,132100,251238,0,0,0,0,0.0905419
863650,3,1,184123,49972,43907,134151,264072,0,0,0,0,0.0955243
863651,9,1,172604,46843,40854,125761,247344,0,0,0,0,0.0664473
863654,9,2,274614,76373,66920,198230,405305,1,0,0,0,0.164317
863659,9,2,219915,61015,53300,158888,323211,1,0,0,0,0.189367
863660,3,1,184306,50035,43946,134271,264410,0,0,0,0,0.0833662
863661,9,1,205730,55777,49464,149953,290983,0,0,0,0,0.0699708
863664,9,1,215997,59452,52639,156545,313592,0,0,0,0,0.0811649
863669,9,1,203813,55180,48790,148633,289141,0,0,0,0,0.0741218
863670,9,1,176993,48198,42217,128795,254731,0,0,0,0,0.066558
863671,9,2,261859,73586,64489,188261,393479,1,0,0,0,0.1828
863674,9,2,188160,51810,45070,136337,274373,1,0,0,0,0.147064
863675,18,1,231053,65100,57602,165953,346517,0,0,0,0,0.067721
863678,18,1,213118,58732,51750,154386,309170,0,0,0,0,0.0647354
863679,9,1,182528,47720,41670,134808,247216,0,0,0,0,0.107898
863682,18,1,182169,49360,43470,132809,260409,0,0,0,0,0.0606393
863700,3,1,150473,38441,33343,112032,197288,0,0,0,0,0.0754183
863701,9,2,259460,72628,63620,186819,386468,1,0,0,0,0.194294
863704,9,2,170999,46712,40701,124274,247023,1,0,0,0,0.148069
863709,9,2,160281,43226,37266,117042,228034,1,0,0,0,0.152914
863710,9,1,169715,45049,39279,124666,233625,0,0,0,0,0.0803498
863711,9,2,176996,48962,42618,128021,260116,1,0,0,0,0.1598
863714,9,1,210948,57576,51088,153372,303029,0,0,0,0,0.0727062
863719,9,2,200326,55206,48025,145107,292101,1,0,0,0,0.160312
863722,18,1,227306,63534,56456,163772,335733,0,0,0,0,0.0989697
863725,18,1,227950,64243,56720,163707,341744,0,0,0,0,0.069847
863728,18,2,263826,74445,64955,189369,398159,1,0,0,0,0.161726
863740,9,2,183301,48766,42866,134522,252676,1,0,0,0,0.174954
863741,9,2,180131,48554,41786,131564,255012,1,0,0,0,0.161299
863744,9,2,289690,79704,70021,209975,421087,1,0,0,0,0.167118
863749,9,1,175367,47249,41269,128118,249082,0,0,0,0,0.0652585
863762,18,1,211079,57820,51078,153259,303918,0,0,0,0,0.0709078
863765,18,1,209601,57184,50622,152417,299657,0,0,0,0,0.0607366
863768,18,2,287572,80515,70565,207045,429051,1,0,0,0,0.170616
863790,9,2,201813,54267,47517,147533,282668,1,0,0,0,0.148227
863791,9,2,170955,45738,39303,125204,240207,1,0,0,0,0.138258
863792,9,1,182773,49122,43481,133651,257967,0,0,0,0,0.0628542
863793,9,1,180985,48721,43082,132264,255808,0,0,0,0,0.0783807
863794,9,2,210369,57750,50480,152607,304886,1,0,0,0,0.145189
863795,9,1,203975,55451,49295,148524,291024,0,0,0,0,0.0645926
863796,9,1,190693,50767,44761,139926,265143,0,0,0,0,0.0638025
863797,9,2,159946,43115,37156,116818,227946,1,0,0,0,0.146474
863798,9,2,206100,57505,50583,148582,305811,1,0,0,0,0.326727
863799,9,1,177726,47961,41564,129765,252651,0,0,0,0,0.110399
863800,3,1,131805,33378,28974,98427,172282,0,0,0,0,0.189746
863801,9,1,153449,40263,34993,113186,209502,0,0,0,0,0.106085
863804,9,1,195560,51863,45875,143697,266825,0,0,0,0,0.0914795
863809,9,1,146361,37356,32481,109005,191548,0,0,0,0,0.0726166
863810,3,1,128505,32772,28401,95733,170339,0,0,0,0,0.0766691
863811,9,1,150015,39804,34453,110211,208887,0,0,0,0,0.0616287
863814,9,1,194676,52445,46278,142231,271417,0,0,0,0,0.0639141
863819,9,1,138170,35502,30740,102668,183183,0,0,0,0,0.0545525
863820,3,1,163345,43658,38022,119687,230574,0,0,0,0,0.0904742
863821,9,1,159821,43029,37475,116792,227885,0,0,0,0,0.0596875
863824,9,2,305801,83935,73576,221854,444632,1,0,0,0,0.206989
863829,9,1,188633,51655,45599,136978,272139,0,0,0,0,0.0844979
863830,3,1,162988,43567,37930,119421,230106,0,0,0,0,0.0832065
863831,9,1,192379,51613,45373,140766,268230,0,0,0,0,0.062362
863834,9,2,234251,64310,56231,169929,341644,1,0,0,0,0.174379
863839,9,1,162956,42509,37191,120447,222435,0,0,0,0,0.0611033
863840,9,1,151527,40586,34876,110941,215189,0,0,0,0,0.0613771
863841,9,1,195159,51942,45698,143217,270182,0,0,0,0,0.0609449
863842,18,1,169875,45370,39872,124505,239485,0,0,0,0,0.0606345
863844,9,1,151607,39778,34851,111829,209058,0,0,0,0,0.0580664
863845,18,1,202926,55895,49356,147031,297106,0,0,0,0,0.0681476
863848,18,1,185687,50044,43884,135643,264190,0,0,0,0,0.0640193
863849,9,1,161883,42533,37145,119350,223043,0,0,0,0,0.0799184
863870,3,1,151300,38625,33521,112675,197989,0,0,0,0,0.0726736
863871,9,1,174131,46378,40560,127753,240995,0,0,0,0,0.0627031
863874,9,2,192582,51382,44817,141187,266600,1,0,0,0,0.154998
863879,9,2,223872,61165,53584,162694,319445,1,0,0,0,0.165189
863880,3,1,182814,49164,43549,133650,258204,0,0,0,0,0.10594
863881,9,1,172242,46403,40690,125839,243906,0,0,0,0,0.0630328
863884,9,2,191532,51464,44589,140055,269836,1,0,0,0,0.196521
863889,9,2,195507,52651,45765,142843,275909,1,0,0,0,0.170453
863890,3,1,182749,49142,43588,133607,258055,0,0,0,0,0.0819534
863891,9,2,300745,84214,74584,216519,446993,1,0,0,0,0.180304
863894,9,2,177486,48830,42205,128643,259055,1,0,0,0,0.173825
863899,9,1,176082,46303,40672,129779,241236,0,0,0,0,0.0749757
863900,9,1,174902,47439,41397,127463,250049,0,0,0,0,0.0652321
863901,9,1,205733,54674,48296,151059,281344,0,0,0,0,0.063518
863902,18,1,189633,50962,45293,138671,267189,0,0,0,0,0.0631763
863904,9,2,277851,77772,68399,200066,414151,1,0,0,0,0.177539
863905,18,1,229283,64442,57618,164841,342565,0,0,0,0,0.0717416
863908,18,1,203246,55363,48750,147883,291277,0,0,0,0,0.0650065
863909,9,1,176430,46683,40722,129747,243675,0,0,0,0,0.0756707
863930,3,1,183893,49933,43935,133960,263872,0,0,0,0,0.0842331
863931,9,1,172846,46927,40929,125919,247820,0,0,0,0,0.06149
863934,9,2,274728,76388,66944,198329,405378,1,0,0,0,0.160991
863939,9,2,220182,61070,53333,159100,323488,1,0,0,0,0.187939
863940,3,1,184256,50081,44010,134175,264769,0,0,0,0,0.0827241
863941,9,1,217318,58948,52181,158370,306268,0,0,0,0,0.063667
863944,9,1,208291,56564,50108,151727,297357,0,0,0,0,0.0680077
863949,9,1,188919,50370,44279,138549,263674,0,0,0,0,0.0643008
863950,9,1,177100,48241,42254,128859,254979,0,0,0,0,0.0620816
863951,9,2,266370,74725,65381,191633,398987,1,0,0,0,0.179336
863954,9,2,186003,51273,44559,134717,272131,1,0,0,0,0.144206
863955,18,1,224395,62532,55498,161863,331797,0,0,0,0,0.0692527
863958,18,1,200290,54583,47868,145707,287410,0,0,0,0,0.069161
863959,9,1,166922,43240,37748,123682,224408,0,0,0,0,0.0846242
863962,18,1,191280,51974,45858,139306,273599,0,0,0,0,0.0758439
863980,3,1,150336,38418,33325,111918,197226,0,0,0,0,0.0745953
863981,9,2,250886,70330,61187,180543,375474,1,0,0,0,0.200788
863984,9,2,169597,46480,40539,123104,246370,1,0,0,0,0.138389
863989,9,2,159162,42765,36947,116384,225324,1,0,0,0,0.138526
863990,9,1,169665,45040,39285,124625,233593,0,0,0,0,0.0629313
863991,9,2,176288,48722,42176,127553,259446,1,0,0,0,0.149802
863994,9,1,201255,54303,48180,146952,284955,0,0,0,0,0.0658857
863999,9,2,206203,56980,49618,149210,301551,1,0,0,0,0.168783
864002,18,1,216575,60393,53640,156182,319916,0,0,0,0,0.0739146
864005,18,1,222318,61838,54621,160480,327695,0,0,0,0,0.0674659
864008,18,2,270203,76128,66647,194063,406681,1,0,0,0,0.169918
864020,9,2,183304,48762,42851,134529,252659,1,0,0,0,0.194612
864021,9,2,180173,48572,41776,131588,255140,1,0,0,0,0.166271
864024,9,2,289482,79639,69921,209832,420732,1,0,0,0,0.185393
864029,9,1,175431,47289,41278,128142,249386,0,0,0,0,0.0667468
864042,18,1,203629,54936,48256,148693,287635,0,0,0,0,0.0887215
864045,18,1,197235,53007,46513,144228,277652,0,0,0,0,0.0829573
864048,18,2,292701,81879,71846,210810,435842,1,0,0,0,0.175999
864070,9,2,201673,54217,47468,147443,282380,1,0,0,0,0.163261
864071,9,2,171338,45814,39366,125511,240552,1,0,0,0,0.143151
864072,9,1,172592,45272,39613,127320,235769,0,0,0,0,0.0624356
864073,9,1,173846,45798,40151,128048,239048,0,0,0,0,0.114101
864074,9,2,210622,57830,50508,152780,305331,1,0,0,0,0.168658
864075,9,1,187075,49643,43713,137432,259506,0,0,0,0,0.0615297
864076,9,1,171265,44928,39343,126337,234765,0,0,0,0,0.0606201
864077,9,2,159437,42728,36913,116696,225494,1,0,0,0,0.138543
864078,9,2,208314,58146,51114,150155,309285,1,0,0,0,0.164034
864079,9,1,177615,47939,41543,129676,252625,0,0,0,0,0.0676465
864080,3,1,131559,33334,28976,98225,172105,0,0,0,0,0.147245
864081,9,1,161438,42414,36769,119024,220196,0,0,0,0,0.121186
864084,9,1,173598,45312,39491,128286,233483,0,0,0,0,0.0950374
864089,9,1,135488,34714,30230,100774,179745,0,0,0,0,0.0839243
864090,3,1,128473,32769,28402,95704,170347,0,0,0,0,0.0838704
864091,9,1,158703,41887,36176,116816,218744,0,0,0,0,0.0729946
864094,9,1,169689,44343,38539,125346,229685,0,0,0,0,0.0878084
864099,9,1,126637,32429,28053,94208,168635,0,0,0,0,0.057058
864100,3,1,162955,43612,38012,119343,230456,0,0,0,0,0.0940497
864101,9,1,170813,45240,39415,125573,236458,0,0,0,0,0.063164
864104,9,2,294250,80118,69994,214120,425904,1,0,0,0,0.24525
864109,9,2,196794,53709,47167,143073,285631,1,0,0,0,0.193319
864110,3,1,162802,43523,37920,119279,229911,0,0,0,0,0.117422
864111,9,1,182177,47985,41769,134192,248235,0,0,0,0,0.0852796
864114,9,2,279083,75535,65712,203536,400651,1,0,0,0,0.247939
864119,9,1,164722,43112,37649,121610,224620,0,0,0,0,0.083536
864120,9,1,160116,42169,36339,117947,221757,0,0,0,0,0.0825901
864121,9,1,176139,46164,40276,129975,240229,0,0,0,0,0.0759774
864122,18,1,165006,44334,39019,120672,234937,0,0,0,0,0.0911334
864124,9,1,138226,36277,31692,101949,191374,0,0,0,0,0.0759084
864125,18,1,178083,47180,41229,130903,247646,0,0,0,0,0.0785973
864128,18,1,179501,47864,41889,131637,252279,0,0,0,0,0.0754687
864129,9,1,153299,39940,34761,113359,209817,0,0,0,0,0.0792887
864150,3,1,151209,38622,33527,112587,198029,0,0,0,0,0.0749567
864151,9,1,183726,48746,42558,134980,252021,0,0,0,0,0.0608996
864154,9,2,180132,48151,41824,131968,251775,1,0,0,0,0.187125
864159,9,2,208740,56381,49018,152346,295334,1,0,0,0,0.230797
864160,3,1,182625,49155,43589,133470,258246,0,0,0,0,0.115822
864161,9,2,248092,67720,59591,180359,358893,1,0,0,0,0.182056
864164,9,2,181767,49003,42479,132751,258258,1,0,0,0,0.164756
864169,9,2,180777,48597,42097,132167,255947,1,0,0,0,0.202739
864170,3,1,182569,49134,43599,133435,258126,0,0,0,0,0.129506
864171,9,2,210491,58411,51315,152067,310987,1,0,0,0,0.221295
864174,9,2,305574,82905,72540,222657,438334,1,0,0,0,0.19074
864179,9,1,177911,46546,40825,131365,240600,0,0,0,0,0.0651533
864180,9,2,279716,77723,68270,201980,414275,1,0,0,0,0.190232
864181,9,2,288453,79283,69728,209157,419940,1,0,0,0,0.211696
864182,18,1,184304,50366,44752,133938,266527,0,0,0,0,0.0949109
864184,9,1,151384,39695,34766,111689,207407,0,0,0,0,0.0596827
864185,18,1,201232,54415,47855,146817,285994,0,0,0,0,0.0679394
864188,18,1,193812,52194,45716,141618,274487,0,0,0,0,0.0862146
864189,9,1,165138,43374,37600,121764,226503,0,0,0,0,0.108583
864210,3,1,183876,49989,44002,133887,264301,0,0,0,0,0.104978
864211,9,2,247411,68370,59828,179028,365192,1,0,0,0,0.219774
864214,9,1,187901,50159,43878,137742,262252,0,0,0,0,0.065914
864219,9,1,192177,50977,44332,141200,266226,0,0,0,0,0.0629985
864220,3,1,184061,50050,44040,134011,264621,0,0,0,0,0.0962562
864221,9,2,260988,72113,63198,188862,383717,1,0,0,0,0.224533
864224,9,1,190887,51229,44631,139658,268754,0,0,0,0,0.0851004
864229,9,2,269148,74763,65402,194373,397624,1,0,0,0,0.181417
864230,9,2,265291,74368,65307,190910,398017,1,0,0,0,0.241354
864231,9,2,218762,62110,54445,156639,333844,1,0,0,0,0.176422
864234,9,2,185172,51068,44622,134091,270966,1,0,0,0,0.150643
864235,18,1,204374,56129,49352,148245,295980,0,0,0,0,0.0645928
864238,18,1,197515,53224,46665,144291,278929,0,0,0,0,0.0678994
864239,9,1,154935,39763,34746,115172,206297,0,0,0,0,0.0858839
864242,18,1,186390,51485,45214,134905,273832,0,0,0,0,0.0977887
864260,3,1,150316,38420,33321,111896,197262,0,0,0,0,0.0936548
864261,9,1,151175,39841,34819,111334,208627,0,0,0,0,0.0584264
864264,9,2,173050,47299,41554,125738,250721,1,0,0,0,0.178624
864269,9,2,163838,44165,38573,119660,232851,1,0,0,0,0.153874
864270,9,1,178346,47159,41114,131187,243250,0,0,0,0,0.0607622
864271,9,2,313490,86540,75504,226938,460251,1,0,0,0,0.194205
864274,9,1,192292,51465,45005,140827,269940,0,0,0,0,0.0718212
864279,9,1,190462,50683,44197,139779,263630,0,0,0,0,0.0704629
864282,18,1,204450,55306,48517,149144,290265,0,0,0,0,0.0757182
864285,18,1,206313,56062,49253,150251,294803,0,0,0,0,0.0694897
864288,18,1,198659,54351,47452,144308,286858,0,0,0,0,0.0828103
864300,9,2,182263,49679,43652,132571,261847,1,0,0,0,0.164931
864301,9,2,178310,48785,42301,129512,258700,1,0,0,0,0.195166
864304,9,1,193360,51930,45674,141430,272573,0,0,0,0,0.0671787
864309,9,1,184202,49555,43168,134647,260378,0,0,0,0,0.0773488
864322,18,1,200879,54065,47354,146814,283850,0,0,0,0,0.0710266
864325,18,1,198729,53091,46635,145638,277385,0,0,0,0,0.0603638
864328,18,1,199964,54844,48387,145120,289801,0,0,0,0,0.057868
864350,9,2,192585,51342,44874,141230,268915,1,0,0,0,0.189196
864351,9,2,162784,43085,36849,119686,227139,1,0,0,0,0.14761
864352,9,1,172573,45033,39463,127540,232283,0,0,0,0,0.0578008
864353,9,1,165773,43565,37953,122208,228218,0,0,0,0,0.0764699
864354,9,1,187842,49697,43427,138145,259428,0,0,0,0,0.0631932
864355,9,2,276172,75033,65280,201127,396966,1,0,0,0,0.186385
864356,9,1,160245,41818,36514,118427,218889,0,0,0,0,0.0824893
864357,9,2,162370,43415,37667,118942,228942,1,0,0,0,0.163251
864358,9,1,188991,49865,43462,139126,258638,0,0,0,0,0.0656141
864359,9,1,181829,48585,41927,133244,254831,0,0,0,0,0.0629902
864360,9,1,116413,29441,25367,86972,152234,0,0,0,0,0.0751796
864361,9,1,134687,34280,30075,100407,176242,0,0,0,0,0.0778558
864364,9,1,142845,35930,31441,106915,182690,0,0,0,0,0.0974222
864369,9,1,146709,37514,32759,109195,193540,0,0,0,0,0.127868
864370,9,1,111520,28545,24470,82975,148782,0,0,0,0,0.0542226
864371,9,1,128352,32601,28245,95751,168500,0,0,0,0,0.0770329
864374,9,1,136361,34323,29846,102038,175401,0,0,0,0,0.0761329
864379,9,1,138740,35714,31149,103026,185598,0,0,0,0,0.0791606
864380,9,1,143242,37950,32578,105292,200388,0,0,0,0,0.0672296
864381,9,1,153118,39733,34387,113385,206519,0,0,0,0,0.0702238
864384,9,1,158436,41853,36759,116583,219565,0,0,0,0,0.0817261
864389,9,1,158280,41294,36477,116986,214046,0,0,0,0,0.0592867
864390,9,1,143131,37909,32523,105222,200149,0,0,0,0,0.0631691
864391,9,2,154265,41628,36101,112625,221429,1,0,0,0,0.157066
864394,9,1,163294,42955,37559,120339,225599,0,0,0,0,0.0835332
864399,9,1,145672,38000,33550,107672,199111,0,0,0,0,0.060174
864400,9,1,147988,38737,33124,109251,202929,0,0,0,0,0.0597295
864401,9,1,156459,40349,34991,116110,208192,0,0,0,0,0.0563161
864404,9,1,152634,39616,34489,113018,207617,0,0,0,0,0.0747932
864409,9,1,138441,36313,31593,102128,191438,0,0,0,0,0.0567282
864430,9,1,130122,33567,28898,96555,172807,0,0,0,0,0.0484897
864431,9,1,149086,38460,33597,110626,196857,0,0,0,0,0.0490892
864434,9,2,179761,47157,40862,132591,243662,1,0,0,0,0.144939
864439,9,2,203084,54483,47584,148588,284413,1,0,0,0,0.187323
864440,9,1,157102,42078,36550,115024,221542,0,0,0,0,0.0626614
864441,9,1,169104,44220,38637,124884,228665,0,0,0,0,0.054953
864444,9,2,176902,47232,41049,129657,247826,1,0,0,0,0.171361
864449,9,2,178201,48155,41493,130034,253656,1,0,0,0,0.154872
864450,9,1,157033,42052,36518,114981,221383,0,0,0,0,0.0582876
864451,9,2,166929,44945,39219,121972,237584,1,0,0,0,0.146502
864454,9,1,171712,45311,39997,126401,236666,0,0,0,0,0.0745704
864459,9,2,169150,45590,39164,123548,240599,1,0,0,0,0.159402
864460,9,2,268563,73540,64495,195012,390801,1,0,0,0,0.21865
864461,9,2,222588,61153,53782,161423,324359,1,0,0,0,0.21001
864464,9,1,160852,42056,36980,118796,219435,0,0,0,0,0.0804871
864469,9,1,149536,39158,34086,110378,204480,0,0,0,0,0.0691772
864490,9,1,160029,43319,37440,116710,229299,0,0,0,0,0.0601085
864491,9,2,239138,65620,57144,173507,350006,1,0,0,0,0.172159
864494,9,2,179408,48959,42531,130436,259175,1,0,0,0,0.166492
864499,9,2,180140,49088,42328,131039,259890,1,0,0,0,0.147922
864500,9,1,160307,43395,37482,116912,229667,0,0,0,0,0.0651227
864501,9,2,216074,59975,52506,156087,319662,1,0,0,0,0.180648
864504,9,2,252060,69818,61062,182230,371664,1,0,0,0,0.164723
864509,9,2,182119,49880,43257,132227,265050,1,0,0,0,0.161903
864510,9,1,170680,44874,39103,125806,232846,0,0,0,0,0.0594521
864511,9,2,171858,47160,40876,124686,251514,1,0,0,0,0.153553
864514,9,2,228354,64122,56101,164219,342593,1,0,0,0,0.172802
864519,9,2,183438,50444,43864,132981,267849,1,0,0,0,0.182205
864540,9,1,129118,33515,28851,95603,173178,0,0,0,0,0.0557136
864541,9,1,161120,42186,36907,118934,220797,0,0,0,0,0.0750662
864544,9,2,222824,61987,54402,160824,330650,1,0,0,0,0.162176
864549,9,2,175336,47464,41122,127859,250547,1,0,0,0,0.164904
864550,9,1,145914,37638,32805,108276,192531,0,0,0,0,0.0521703
864551,9,1,170623,44824,39123,125799,234096,0,0,0,0,0.0751795
864554,9,2,257233,70839,62096,186381,377320,1,0,0,0,0.163108
864559,9,2,173660,47156,41064,126492,249384,1,0,0,0,0.179102
864580,9,2,180995,48106,42130,132876,250379,1,0,0,0,0.199224
864581,9,2,175268,46880,40673,128375,247076,1,0,0,0,0.212058
864584,9,2,175748,47719,41837,128016,252667,1,0,0,0,0.230086
864589,9,2,171898,46327,40411,125559,244486,1,0,0,0,0.209843
864630,9,2,196966,51950,45492,145003,270352,1,0,0,0,0.214885
864631,9,2,167520,44757,38526,122751,235841,1,0,0,0,0.176435
864632,9,2,162658,43475,37383,119171,230156,1,0,0,0,0.15357
864633,9,1,152866,40282,34896,112584,211258,0,0,0,0,0.0611188
864634,9,2,167112,44504,38829,122595,234298,1,0,0,0,0.141421
864635,9,2,166669,44556,38797,122101,235446,1,0,0,0,0.157884
864636,9,2,168390,45170,39352,123207,238710,1,0,0,0,0.147296
864637,9,2,165228,44119,38250,121096,232228,1,0,0,0,0.151295
864638,9,2,165405,44055,38064,121338,232242,1,0,0,0,0.154778
864639,9,2,162935,43209,37324,119714,227549,1,0,0,0,0.152172
864922,18,1,169676,45392,39836,124284,238675,0,0,0,0,0.0848723
864925,18,1,180545,48072,42624,132473,251229,0,0,0,0,0.107343
864928,18,1,165209,42966,37375,122243,220864,0,0,0,0,0.0860513
864932,18,1,162818,43863,38338,118955,231864,0,0,0,0,0.0633784
864935,18,1,168727,45032,39735,123695,236483,0,0,0,0,0.0624101
864938,18,1,163091,42604,37146,120487,220303,0,0,0,0,0.0579621
864942,18,1,159823,42751,37245,117072,226440,0,0,0,0,0.0584928
864945,18,1,178248,47545,41194,130703,248406,0,0,0,0,0.0609597
864948,18,1,189317,51031,44556,138286,269014,0,0,0,0,0.0674362
864952,18,1,165831,44000,38551,121831,231624,0,0,0,0,0.0584522
864955,18,1,181743,48330,42126,133413,252853,0,0,0,0,0.0647291
864958,18,1,179403,48271,42252,131132,255568,0,0,0,0,0.0619031
864962,18,1,154526,40352,35147,114174,210732,0,0,0,0,0.0678265
864965,18,1,184060,49226,43270,134834,260486,0,0,0,0,0.0835127
864968,18,1,187782,50192,44093,137590,265087,0,0,0,0,0.0727681
864970,18,1,162021,43407,37811,118614,230129,0,0,0,0,0.0579095
864971,18,1,172566,45694,39906,126872,239977,0,0,0,0,0.0591281
864972,18,1,161489,43012,37754,118477,225797,0,0,0,0,0.0548127
864973,18,1,171703,46509,41106,125194,246954,0,0,0,0,0.0848251
864974,18,1,157171,40774,35616,116397,211997,0,0,0,0,0.0665815
864975,18,1,170735,45013,39625,125722,236176,0,0,0,0,0.0628511
864976,18,1,165545,43575,38083,121970,228938,0,0,0,0,0.057621
864977,18,1,172881,45466,39853,127415,238679,0,0,0,0,0.0599747
864978,18,1,169118,45113,39621,124005,238440,0,0,0,0,0.0637812
864979,18,1,163274,42914,37359,120360,225420,0,0,0,0,0.0947359
864992,18,1,186912,50753,44869,136159,266221,0,0,0,0,0.0787439
864995,18,2,217223,58747,51786,158463,307218,1,0,0,0,0.161768
864998,18,2,181239,47708,41629,133518,247315,1,0,0,0,0.196954
865002,18,1,168721,44896,39333,123825,235425,0,0,0,0,0.0618722
865005,18,2,180029,48513,42057,131503,255073,1,0,0,0,0.141924
865008,18,2,176902,48040,41516,128849,253897,1,0,0,0,0.164392
865012,18,1,182585,48361,42575,134224,252176,0,0,0,0,0.0792307
865015,18,1,199301,53461,47072,145840,278615,0,0,0,0,0.0624866
865018,18,1,188022,50358,44169,137664,264492,0,0,0,0,0.059622
865022,18,1,171816,45229,39365,126587,234884,0,0,0,0,0.0592105
865025,18,1,199614,53691,47407,145923,282252,0,0,0,0,0.0631155
865028,18,1,199911,53995,47359,145916,283994,0,0,0,0,0.0649118
865030,18,1,176347,47566,41781,128781,250556,0,0,0,0,0.0584011
865031,18,1,182640,48326,42601,134314,251467,0,0,0,0,0.0730564
865032,18,2,170514,46048,40000,124453,243916,1,0,0,0,0.161133
865033,18,1,191157,51612,46070,139545,271576,0,0,0,0,0.080038
865034,18,1,172061,44730,39207,127331,231557,0,0,0,0,0.0576378
865035,18,1,183623,48732,43054,134891,254497,0,0,0,0,0.0594158
865036,18,2,288581,79288,69673,209281,421024,1,0,0,0,0.175852
865037,18,1,183700,48619,42462,135081,253770,0,0,0,0,0.0581161
865038,18,1,182934,48622,42678,134312,254765,0,0,0,0,0.0598143
865039,18,1,174102,45863,39889,128239,238942,0,0,0,0,0.05933
865052,18,1,175224,47291,41364,127933,249220,0,0,0,0,0.0594221
865055,18,1,193401,52621,46273,140780,277303,0,0,0,0,0.0567531
865058,18,1,191936,51829,45259,140107,271993,0,0,0,0,0.0576336
865062,18,1,188216,50219,44181,137997,262224,0,0,0,0,0.0587112
865065,18,1,199089,54515,48045,144574,288344,0,0,0,0,0.059433
865068,18,2,274792,76520,67098,198260,407826,1,0,0,0,0.205759
865072,18,2,167969,45903,40037,122053,244663,1,0,0,0,0.181353
865075,18,2,184645,50975,44503,133657,271026,1,0,0,0,0.16283
865078,18,2,189512,52849,46297,136650,281780,1,0,0,0,0.150197
865080,18,1,181517,49099,43024,132418,259408,0,0,0,0,0.0627333
865081,18,1,187578,50168,44077,137410,262875,0,0,0,0,0.0641312
865082,18,1,180969,48392,42290,132577,253030,0,0,0,0,0.0612572
865084,18,1,186897,49912,43478,136985,262137,0,0,0,0,0.0635238
865085,18,1,193508,52352,45809,141156,275785,0,0,0,0,0.0688969
865086,18,1,199559,53433,47113,146126,280304,0,0,0,0,0.0643133
865087,18,1,189561,50533,44134,139028,264438,0,0,0,0,0.0616387
865088,18,1,192386,51505,45280,140881,270185,0,0,0,0,0.0641941
865089,18,1,170564,44484,38900,126080,231938,0,0,0,0,0.0618194
865093,18,1,189704,51640,46089,138064,272828,0,0,0,0,0.0855317
865102,18,1,169730,44202,38727,125528,228904,0,0,0,0,0.0584182
865105,18,1,183354,48835,42672,134519,256350,0,0,0,0,0.0599059
865108,18,1,176860,48005,41721,128855,252862,0,0,0,0,0.0618141
865112,18,1,183515,48898,43030,134617,256144,0,0,0,0,0.0805722
865115,18,1,190308,51171,44953,139137,269259,0,0,0,0,0.0742892
865118,18,1,191890,52514,46072,139376,278161,0,0,0,0,0.0881236
865120,18,1,183121,49328,43488,133793,257830,0,0,0,0,0.0604787
865121,18,1,200530,54127,47586,146403,282384,0,0,0,0,0.0677817
865122,18,1,196217,52923,46545,143294,278455,0,0,0,0,0.0832943
865124,18,1,199222,54354,47813,144868,286932,0,0,0,0,0.0769166
865125,18,2,180458,49079,43192,131366,260055,1,0,0,0,0.146953
865128,18,1,209923,57691,50243,152232,304336,0,0,0,0,0.0635698
865129,18,1,194698,52770,45609,141928,277171,0,0,0,0,0.0656987
865133,18,2,263131,72725,64016,190394,387725,1,0,0,0,0.197516
865136,18,1,195405,52165,45986,143240,273246,0,0,0,0,0.0917523
865137,18,2,168588,45333,39441,123242,239503,1,0,0,0,0.152087
865142,18,1,186790,49816,43770,136974,260757,0,0,0,0,0.0621339
865145,18,1,189971,50453,44184,139518,263880,0,0,0,0,0.0626992
865148,18,2,170011,45426,39683,124572,239476,1,0,0,0,0.144844
865150,18,2,217032,59272,52562,157747,311460,1,0,0,0,0.156602
865151,18,2,179123,48766,42500,130344,258184,1,0,0,0,0.146846
865154,18,1,198486,54054,47672,144432,284917,0,0,0,0,0.0582367
865159,18,1,183936,50283,43589,133653,265945,0,0,0,0,0.0565327
865162,18,1,196805,53188,46733,143617,279661,0,0,0,0,0.0653949
865163,18,1,190341,51099,45092,139242,268518,0,0,0,0,0.0668216
865165,18,2,183233,49999,44020,133221,264993,1,0,0,0,0.141582
865166,18,1,187345,50177,44340,137168,263261,0,0,0,0,0.0643356
865167,18,1,196309,54363,48140,141946,288604,0,0,0,0,0.0648586
865168,18,1,210168,57705,50566,152463,304130,0,0,0,0,0.0592444
865180,18,2,173107,45569,39693,127525,237151,1,0,0,0,0.177502
865181,18,2,167360,45149,38936,122198,239198,1,0,0,0,0.166078
865182,18,1,190597,51031,44695,139566,267671,0,0,0,0,0.078705
865183,18,1,186007,49794,43578,136213,261195,0,0,0,0,0.0856463
865184,18,1,192218,52003,45708,140215,272956,0,0,0,0,0.057713
865185,18,2,285106,78013,68459,207081,413500,1,0,0,0,0.186152
865186,18,1,175015,46549,40793,128466,244360,0,0,0,0,0.0653729
865187,18,1,187078,51317,45225,135761,271159,0,0,0,0,0.067092
865188,18,1,197119,53497,46617,143622,280997,0,0,0,0,0.0619104
865189,18,1,185228,50627,43923,134601,267724,0,0,0,0,0.0596971
866060,6,1,206821,57420,50907,149401,307020,0,0,0,0,0.0840866
866061,18,1,190119,52649,45903,137470,280870,0,0,0,0,0.0630673
866064,18,1,212769,59777,52532,152992,319476,0,0,0,0,0.0742203
866069,18,1,211825,59525,52205,152300,317654,0,0,0,0,0.0600686
866070,6,1,206907,57465,50949,149442,307314,0,0,0,0,0.0795872
866071,18,2,192847,53504,46989,139330,286546,1,0,0,0,0.127592
866074,18,1,196889,53601,46915,143288,284412,0,0,0,0,0.0590743
866079,18,1,190592,51842,45378,138750,274491,0,0,0,0,0.057101
866080,18,1,182777,50255,43509,132522,268229,0,0,0,0,0.0737592
866081,18,1,196642,53181,46430,143461,280447,0,0,0,0,0.075979
866084,18,1,187964,50492,44379,137472,266972,0,0,0,0,0.0721737
866089,18,1,195644,52757,46539,142887,279038,0,0,0,0,0.0575704
866102,36,1,191524,52537,46075,138987,280000,0,0,0,0,0.0556253
866105,36,1,219752,61012,53593,158740,325233,0,0,0,0,0.0629249
866108,36,1,211437,58025,50988,153412,308992,0,0,0,0,0.0608321
866120,6,1,193189,52255,46178,140934,276603,0,0,0,0,0.0740972
866121,18,1,179908,49047,42664,130861,260084,0,0,0,0,0.0631806
866124,18,1,182326,49269,43097,133057,259995,0,0,0,0,0.0535234
866129,18,2,204612,55663,49410,148936,294727,1,0,0,0,0.121179
866130,6,1,192927,52174,46116,140753,276148,0,0,0,0,0.0743366
866131,18,1,199836,55294,48456,144542,293105,0,0,0,0,0.083004
866134,18,2,257620,71724,63007,185884,385827,1,0,0,0,0.128319
866139,18,2,225056,61886,54525,163157,331275,1,0,0,0,0.122305
866140,18,1,179655,49165,42648,130490,262053,0,0,0,0,0.0529783
866141,18,2,263779,73214,64205,190552,392795,1,0,0,0,0.131518
866144,18,2,188761,50743,44568,138005,269060,1,0,0,0,0.140674
866149,18,1,208394,56158,49450,152236,295291,0,0,0,0,0.081338
866162,36,1,191852,52420,46100,139432,278363,0,0,0,0,0.0734532
866165,36,2,264738,74179,65463,190546,399106,1,0,0,0,0.135454
866168,36,1,208658,56625,49838,152033,299391,0,0,0,0,0.0608979
866170,6,1,189025,50986,44904,138039,270144,0,0,0,0,0.0881391
866171,18,1,166315,44448,38400,121867,235382,0,0,0,0,0.082078
866174,18,1,195518,52863,46069,142655,279480,0,0,0,0,0.0838339
866179,18,1,210648,57353,50053,153295,303599,0,0,0,0,0.0863055
866180,6,1,189156,51002,44930,138154,270179,0,0,0,0,0.120773
866181,18,1,188953,51078,44429,137875,270276,0,0,0,0,0.0835711
866184,18,1,200360,54628,47868,145732,291155,0,0,0,0,0.0722073
866189,18,1,203669,55595,48663,148074,295021,0,0,0,0,0.0770953
866190,18,1,169010,46144,40062,122866,246433,0,0,0,0,0.0637409
866191,18,1,183199,49813,43227,133386,264512,0,0,0,0,0.0564748
866194,18,2,282967,78693,69123,204261,421756,1,0,0,0,0.198876
866199,18,1,184536,49562,43660,134974,261199,0,0,0,0,0.0773826
866212,36,1,182959,49307,43078,133652,261399,0,0,0,0,0.0729143
866215,36,1,210972,58588,50837,152384,314193,0,0,0,0,0.0905415
866218,36,1,201487,55066,47898,146421,292840,0,0,0,0,0.0816337
866220,6,1,177181,47022,41702,130159,246719,0,0,0,0,0.09344
866221,18,1,183471,49507,43406,133964,262043,0,0,0,0,0.0761025
866224,18,1,194965,53035,46975,141930,279878,0,0,0,0,0.0765488
866229,18,1,196100,53127,46894,142973,279861,0,0,0,0,0.0575789
866230,18,1,167372,45082,39255,122290,238136,0,0,0,0,0.0595499
866231,18,1,178749,47678,41764,131071,251949,0,0,0,0,0.0572751
866234,18,2,299962,83466,73412,216483,447182,1,0,0,0,0.14585
866239,18,1,202269,54568,47834,147701,287901,0,0,0,0,0.0593545
866252,36,1,198786,54445,47929,144341,289209,0,0,0,0,0.0589943
866255,36,1,210164,58290,50993,151874,310715,0,0,0,0,0.0696763
866258,36,1,205378,56911,49774,148467,303308,0,0,0,0,0.0601048
866260,18,1,176637,47114,41246,129523,246707,0,0,0,0,0.0596245
866261,18,2,194155,52191,46087,141952,274882,1,0,0,0,0.165883
866264,18,2,287996,79993,70494,207990,426077,1,0,0,0,0.15162
866269,18,2,252673,68857,60894,183803,364351,1,0,0,0,0.166835
866282,36,1,194814,52290,45603,142524,276016,0,0,0,0,0.0742037
866285,36,1,198942,54045,47191,144897,284914,0,0,0,0,0.055517
866288,36,1,202032,55541,48307,146491,295554,0,0,0,0,0.0581227
866310,18,1,166715,43875,38799,122840,229345,0,0,0,0,0.0581928
866311,18,2,196478,52789,46646,143677,278501,1,0,0,0,0.141129
866312,18,1,191107,51294,44817,139813,270812,0,0,0,0,0.057982
866313,18,1,185205,48749,43075,136456,254580,0,0,0,0,0.0553977
866314,18,1,193472,52072,45745,141400,274046,0,0,0,0,0.054795
866315,18,2,259667,72122,63826,187533,385318,1,0,0,0,0.135772
866316,18,1,190388,50248,44310,140140,261766,0,0,0,0,0.0573342
866317,18,2,187344,50800,44755,136532,269515,1,0,0,0,0.169386
866318,18,1,203999,55457,49088,148542,293482,0,0,0,0,0.0575373
866319,18,2,198564,53859,47715,144693,284240,1,0,0,0,0.128338
866350,6,1,206962,57487,50967,149475,307451,0,0,0,0,0.0864503
866351,18,2,194171,54016,47543,140142,289262,1,0,0,0,0.124768
866354,18,1,194337,52836,46329,141501,279814,0,0,0,0,0.0568727
866359,18,1,187483,50750,44405,136733,268359,0,0,0,0,0.0575765
866360,18,1,182867,50278,43505,132589,268359,0,0,0,0,0.0583151
866361,18,1,207949,56231,49164,151718,295695,0,0,0,0,0.080595
866364,18,1,183236,48922,42827,134314,258163,0,0,0,0,0.0820069
866369,18,1,188095,50394,44303,137701,266234,0,0,0,0,0.0598306
866382,36,1,202138,55653,48945,146485,296123,0,0,0,0,0.0609477
866385,36,1,217160,59993,52595,157167,319593,0,0,0,0,0.0794622
866388,36,1,206741,56449,49543,150292,300381,0,0,0,0,0.0577457
866410,6,1,192755,52122,46089,140633,275851,0,0,0,0,0.0730093
866411,18,1,213719,59565,52552,154154,315811,0,0,0,0,0.0582413
866414,18,1,188574,51243,44930,137331,272965,0,0,0,0,0.0575657
866419,18,1,185702,49846,43883,135856,262792,0,0,0,0,0.0540837
866420,18,1,179625,49143,42647,130482,261905,0,0,0,0,0.0539968
866421,18,2,268150,74681,65498,193456,400886,1,0,0,0,0.133723
866424,18,2,184822,49689,43584,135120,263525,1,0,0,0,0.130379
866429,18,1,192299,51989,45640,140310,275695,0,0,0,0,0.0583226
866442,36,1,202143,55500,49049,146643,294940,0,0,0,0,0.0637462
866445,36,1,220984,61453,54209,159531,328730,0,0,0,0,0.0894003
866448,36,1,198519,53806,47398,144713,286042,0,0,0,0,0.0658166
866460,6,1,189232,51015,44946,138217,270241,0,0,0,0,0.0858964
866461,18,2,233861,65956,58592,167892,355825,1,0,0,0,0.155012
866464,18,1,203496,55698,49166,147798,296951,0,0,0,0,0.0655868
866469,18,2,221996,61590,54078,160393,330586,1,0,0,0,0.136484
866470,18,1,168992,46140,40057,122852,246399,0,0,0,0,0.05939
866471,18,1,197342,53695,46954,143647,283957,0,0,0,0,0.0614949
866474,18,1,192015,52329,45837,139686,278093,0,0,0,0,0.0682483
866479,18,1,181960,48573,42890,133387,255016,0,0,0,0,0.0571627
866492,36,1,199794,54278,47848,145516,287522,0,0,0,0,0.063581
866495,36,1,213001,59137,51637,153864,317034,0,0,0,0,0.0621857
866498,36,1,199782,54521,47506,145261,289768,0,0,0,0,0.0647372
866500,6,1,177224,47039,41682,130185,246853,0,0,0,0,0.0860278
866501,18,1,185952,50245,44482,135707,266210,0,0,0,0,0.0607391
866504,18,1,192068,52380,46422,139688,277270,0,0,0,0,0.0626895
866509,18,2,275020,76321,67482,198686,409207,1,0,0,0,0.159222
866510,18,1,167243,45043,39226,122200,237956,0,0,0,0,0.0752383
866511,18,1,183896,49081,43402,134815,259794,0,0,0,0,0.0612399
866514,18,1,195344,52451,46059,142893,277188,0,0,0,0,0.0593203
866519,18,1,199482,54026,47263,145456,286178,0,0,0,0,0.0677338
866532,36,1,204805,56201,49835,148604,299024,0,0,0,0,0.0829317
866535,36,1,212219,59082,51812,153137,315836,0,0,0,0,0.0807235
866538,36,1,205876,56979,49979,148897,304094,0,0,0,0,0.0587011
866540,18,1,176697,47124,41238,129573,246737,0,0,0,0,0.0555992
866541,18,2,194097,52176,46070,141909,274816,1,0,0,0,0.158714
866544,18,2,287856,79952,70470,207891,425851,1,0,0,0,0.192047
866549,18,2,252543,68821,60903,183709,364172,1,0,0,0,0.158251
866562,36,1,190508,51128,44482,139380,270580,0,0,0,0,0.0604929
866565,36,1,188895,51384,44912,137511,272390,0,0,0,0,0.0548716
866568,36,1,199247,54863,47533,144384,292814,0,0,0,0,0.0729319
866590,18,1,166763,43884,38780,122879,229381,0,0,0,0,0.0575531
866591,18,2,196366,52761,46616,143593,278380,1,0,0,0,0.144486
866592,18,1,185169,49272,43224,135897,260002,0,0,0,0,0.0733584
866593,18,1,184736,48644,43214,136092,254735,0,0,0,0,0.0835848
866594,18,1,193331,52025,45709,141306,273767,0,0,0,0,0.0712096
866595,18,2,251065,69166,61339,181887,369965,1,0,0,0,0.195613
866596,18,1,176287,46579,41054,129708,244575,0,0,0,0,0.0797137
866597,18,1,186907,50395,43915,136512,266494,0,0,0,0,0.0594117
866598,18,1,196054,53289,46880,142765,282860,0,0,0,0,0.0578293
866599,18,2,198542,53864,47730,144666,284302,1,0,0,0,0.159147
866640,18,1,189460,51824,45126,137636,275440,0,0,0,0,0.0572614
866641,18,2,324588,90240,79364,234335,481399,1,0,0,0,0.198324
866644,18,1,170714,45422,39585,125292,239756,0,0,0,0,0.0803968
866649,18,1,179462,48316,42327,131146,256430,0,0,0,0,0.060622
866662,36,1,198058,54069,47339,143989,286003,0,0,0,0,0.0599804
866665,36,1,207242,56693,49680,150549,302181,0,0,0,0,0.0628233
866668,36,1,208122,56891,49596,151231,303033,0,0,0,0,0.0567454
866700,18,1,195885,53646,46889,142239,284833,0,0,0,0,0.055392
866701,18,2,198050,53618,47043,144421,285374,1,0,0,0,0.122507
866704,18,2,187171,50346,43973,136812,267209,1,0,0,0,0.140432
866709,18,1,184656,50495,44051,134161,269515,0,0,0,0,0.0649309
866722,36,1,204358,55976,49144,148382,296424,0,0,0,0,0.0646704
866725,36,1,211523,57905,50986,153618,308609,0,0,0,0,0.0602433
866728,36,1,205816,56233,49400,149583,299894,0,0,0,0,0.0811741
866750,18,1,196829,53864,47375,142965,285286,0,0,0,0,0.0736687
866751,18,2,312792,86980,76778,225799,464817,1,0,0,0,0.151613
866754,18,2,307746,85745,75250,221988,457539,1,0,0,0,0.161576
866759,18,1,178436,47824,41908,130612,249845,0,0,0,0,0.0667406
866772,36,1,197601,54075,47609,143526,285314,0,0,0,0,0.0690404
866775,36,1,219983,60419,52856,159564,321623,0,0,0,0,0.072372
866778,36,1,214892,58903,51441,155989,313349,0,0,0,0,0.0645978
866790,18,2,235971,65488,57700,170471,348246,1,0,0,0,0.158277
866791,18,1,192121,51647,45502,140474,273588,0,0,0,0,0.0680185
866794,18,2,229651,63674,56066,165964,340622,1,0,0,0,0.124802
866799,18,1,195789,52702,46362,143087,277501,0,0,0,0,0.0539956
866812,36,1,213572,58272,51711,155300,308832,0,0,0,0,0.0574973
866815,36,2,283277,79486,70408,203778,427849,1,0,0,0,0.139728
866818,36,1,210926,57925,50565,153001,309385,0,0,0,0,0.0580724
866820,18,2,239234,66255,58580,172966,351071,1,0,0,0,0.139922
866821,18,1,192425,51804,45573,140621,274227,0,0,0,0,0.0690082
866824,18,1,196435,52927,46449,143508,279284,0,0,0,0,0.0633802
866829,18,1,191731,52061,45776,139670,276316,0,0,0,0,0.0672051
866842,36,1,205995,55999,49402,149996,296815,0,0,0,0,0.0650918
866845,36,2,280207,78318,69206,201876,420684,1,0,0,0,0.152522
866848,36,1,212247,58410,50964,153837,312075,0,0,0,0,0.0592405
866870,18,1,158569,41948,36912,116621,220147,0,0,0,0,0.0596874
866871,18,2,295844,81208,71361,214624,432814,1,0,0,0,0.151394
866872,18,1,177657,47545,41645,130112,251773,0,0,0,0,0.0548193
866873,18,1,182899,48219,42716,134680,251670,0,0,0,0,0.0628428
866874,18,1,190845,51741,45573,139104,274358,0,0,0,0,0.055052
866875,18,2,190412,51697,45515,138703,274688,1,0,0,0,0.142435
866876,18,1,174084,46435,40967,127649,245305,0,0,0,0,0.0838753
866877,18,1,181865,49140,42941,132725,260261,0,0,0,0,0.0645057
866878,18,1,195654,52887,46540,142767,279484,0,0,0,0,0.0569469
866879,18,1,188676,51183,44790,137493,272269,0,0,0,0,0.0561695
867150,18,1,181878,48978,43495,132900,257508,0,0,0,0,0.091447
867151,18,2,199482,54309,47813,145160,288428,1,0,0,0,0.136978
867152,18,2,191921,52009,45659,139899,276366,1,0,0,0,0.131128
867153,18,1,174496,46677,41077,127819,247471,0,0,0,0,0.0585685
867154,18,1,187389,50425,44546,136964,265954,0,0,0,0,0.0591969
867155,18,1,189612,51142,45335,138470,269354,0,0,0,0,0.0600218
867156,18,1,178666,48063,42519,130603,252152,0,0,0,0,0.066849
867157,18,1,198993,53971,48085,145022,283687,0,0,0,0,0.0804976
867158,18,1,193538,52797,47018,140741,279408,0,0,0,0,0.0653628
867159,18,1,188400,51404,45702,136996,273150,0,0,0,0,0.0589464
867220,36,1,188350,51729,45171,136621,275803,0,0,0,0,0.0506589
867221,36,1,199523,54687,47571,144836,290071,0,0,0,0,0.051701
867222,36,1,196025,53529,46360,142496,283380,0,0,0,0,0.0512949
867223,36,1,206891,57653,51298,149238,308742,0,0,0,0,0.0702765
867224,36,1,182542,49138,42911,133404,258183,0,0,0,0,0.0515466
867225,36,1,186293,50417,44233,135876,267170,0,0,0,0,0.0500261
867226,36,1,190708,51644,45310,139064,273953,0,0,0,0,0.0524886
867227,36,1,187495,50550,44077,136945,267946,0,0,0,0,0.0543252
867228,36,1,192900,52552,45992,140348,279873,0,0,0,0,0.0590862
867229,36,1,190383,51372,44906,139011,271718,0,0,0,0,0.0730298
867280,36,1,188022,51434,44949,136588,273350,0,0,0,0,0.0541636
867281,36,1,200139,54639,47714,145500,288539,0,0,0,0,0.0572375
867282,36,1,191595,52217,45322,139378,274897,0,0,0,0,0.0556207
867283,36,1,201812,55578,49254,146234,295890,0,0,0,0,0.0771953
867284,36,1,200422,54901,48202,145521,291338,0,0,0,0,0.0597031
867285,36,1,194408,52963,46464,141445,281045,0,0,0,0,0.054348
867286,36,1,195760,53258,46566,142502,283460,0,0,0,0,0.0573772
867287,36,1,192432,52242,45739,140190,277059,0,0,0,0,0.0538018
867288,36,1,187620,50761,44406,136859,270158,0,0,0,0,0.0555749
867289,36,1,171985,45874,39960,126111,243091,0,0,0,0,0.0542564
867330,36,1,184503,49875,43667,134628,264162,0,0,0,0,0.0573692
867331,36,1,189292,50901,44613,138391,268303,0,0,0,0,0.0717355
867332,36,1,188990,51409,44837,137581,272421,0,0,0,0,0.0853526
867333,36,1,202498,55809,49281,146689,297609,0,0,0,0,0.0800816
867334,36,1,200919,54990,47984,145929,293010,0,0,0,0,0.0601228
867335,36,1,200019,54845,47920,145174,292333,0,0,0,0,0.0589811
867336,36,1,207801,57052,49676,150749,304453,0,0,0,0,0.0640592
867337,36,1,194952,52792,45967,142160,279930,0,0,0,0,0.0602275
867338,36,1,200420,54922,47939,145498,293043,0,0,0,0,0.0608965
867339,36,1,186094,50254,43771,135840,267119,0,0,0,0,0.0634969
867370,36,1,178015,48406,42475,129609,256207,0,0,0,0,0.0596857
867371,36,1,211052,57812,50921,153240,306642,0,0,0,0,0.0568227
867372,36,1,196935,53121,46901,143814,281005,0,0,0,0,0.0569226
867373,36,1,194913,53079,46638,141834,282646,0,0,0,0,0.0579191
867374,36,1,205170,56180,49232,148990,299031,0,0,0,0,0.0561553
867375,36,1,211676,58135,51077,153541,308352,0,0,0,0,0.0580842
867376,36,1,199624,54744,48109,144880,291829,0,0,0,0,0.0685507
867377,36,1,211126,58036,50871,153090,309288,0,0,0,0,0.0574436
867378,36,1,228157,63801,55766,164356,341041,0,0,0,0,0.0604142
867379,36,1,196556,53446,46251,143110,282658,0,0,0,0,0.0549013
867400,36,1,185733,50336,44175,135397,264760,0,0,0,0,0.0640383
867401,36,1,209336,57500,50681,151836,304801,0,0,0,0,0.0803974
867402,36,1,189963,51002,44930,138961,269216,0,0,0,0,0.0548551
867403,36,1,186519,50377,44138,136142,267538,0,0,0,0,0.0602897
867404,36,1,205507,56389,49467,149118,300288,0,0,0,0,0.0577373
867405,36,1,202637,55443,48803,147194,293840,0,0,0,0,0.0565695
867406,36,1,190215,51765,45381,138450,275165,0,0,0,0,0.0774857
867407,36,1,204946,56498,49567,148448,301991,0,0,0,0,0.0722726
867408,36,1,229156,63997,56091,165159,341787,0,0,0,0,0.0639052
867409,36,1,190934,52134,45202,138800,277107,0,0,0,0,0.0554687
867420,36,1,178097,47917,41442,130180,251392,0,0,0,0,0.0758983
867421,36,1,193908,52216,46116,141692,274287,0,0,0,0,0.0599264
867422,36,1,187010,50581,44529,136429,267696,0,0,0,0,0.0563931
867423,36,1,174675,46906,40944,127769,249229,0,0,0,0,0.0588475
867424,36,1,193390,52997,46343,140393,281331,0,0,0,0,0.0577088
867425,36,1,190869,51925,45437,138944,274878,0,0,0,0,0.0576383
867426,36,1,177536,47735,41983,129801,252755,0,0,0,0,0.0563362
867427,36,1,193096,53313,46702,139783,284726,0,0,0,0,0.0568726
867428,36,1,202998,55641,48232,147357,294587,0,0,0,0,0.0871138
867429,36,1,194972,53857,46715,141115,287210,0,0,0,0,0.0707961
868300,6,1,206864,57526,51032,149338,307681,0,0,0,0,0.0838181
868301,18,1,190492,52867,46046,137625,282196,0,0,0,0,0.0599869
868304,18,1,212779,59836,52620,152943,319817,0,0,0,0,0.0662143
868309,18,1,212628,59851,52609,152777,319505,0,0,0,0,0.0578184
868310,6,1,206955,57574,51074,149381,307993,0,0,0,0,0.0757202
868311,18,2,190999,53144,46651,137842,284777,1,0,0,0,0.122628
868314,18,1,196535,53707,47064,142828,285394,0,0,0,0,0.0581083
868319,18,1,190996,52006,45458,138990,275496,0,0,0,0,0.0803733
868320,18,1,182539,50316,43582,132223,268715,0,0,0,0,0.0654497
868321,18,1,195756,53141,46359,142615,280652,0,0,0,0,0.053935
868324,18,1,189060,50914,44747,138146,269400,0,0,0,0,0.0832297
868329,18,1,194307,52386,46137,141921,277135,0,0,0,0,0.0629719
868342,36,1,192020,52810,46284,139210,281714,0,0,0,0,0.0807207
868345,36,1,218954,60766,53426,158188,323852,0,0,0,0,0.0942978
868348,36,1,210812,57877,50905,152935,308341,0,0,0,0,0.0782496
868360,6,1,192893,52153,46140,140740,276007,0,0,0,0,0.104198
868361,18,1,180680,49112,42695,131568,260253,0,0,0,0,0.0682335
868364,18,1,182766,49384,43158,133382,260708,0,0,0,0,0.0584037
868369,18,2,205811,56239,49877,149559,298335,1,0,0,0,0.127627
868370,6,1,192710,52088,46090,140622,275629,0,0,0,0,0.0820428
868371,18,1,199470,55038,48265,144432,291551,0,0,0,0,0.0705651
868374,18,2,259951,72456,63523,187483,389995,1,0,0,0,0.185215
868379,18,2,225888,62156,54623,163719,332935,1,0,0,0,0.18388
868380,18,1,179175,48852,42392,130323,260044,0,0,0,0,0.0680993
868381,18,2,264594,73509,64465,191072,394577,1,0,0,0,0.137467
868384,18,2,189889,51085,44774,138791,270976,1,0,0,0,0.124388
868389,18,1,209231,56392,49694,152839,296574,0,0,0,0,0.0643288
868402,36,1,192510,52549,46260,139961,279179,0,0,0,0,0.057437
868405,36,2,265637,74604,65773,191020,401698,1,0,0,0,0.158664
868408,36,1,209305,56910,50102,152395,301094,0,0,0,0,0.0597645
868410,6,1,189563,51138,45115,138425,270905,0,0,0,0,0.112192
868411,18,1,166400,44549,38551,121851,236000,0,0,0,0,0.0661721
868414,18,1,195946,53056,46240,142890,280650,0,0,0,0,0.090245
868419,18,1,210745,57327,50072,153418,303434,0,0,0,0,0.0728885
868420,6,1,189614,51143,45124,138471,270916,0,0,0,0,0.106347
868421,18,1,188976,51103,44541,137873,270344,0,0,0,0,0.086436
868424,18,1,200277,54694,47982,145583,291777,0,0,0,0,0.100272
868429,18,1,203110,55454,48575,147656,294298,0,0,0,0,0.0651208
868430,18,1,169938,46401,40290,123537,247793,0,0,0,0,0.060568
868431,18,1,183740,50005,43424,133735,265592,0,0,0,0,0.0876432
868434,18,2,304763,84718,74388,220032,453533,1,0,0,0,0.181634
868439,18,1,184497,49609,43773,134888,261705,0,0,0,0,0.0603008
868452,36,1,183553,49513,43394,134040,262605,0,0,0,0,0.0873343
868455,36,1,211243,58823,51008,152420,315791,0,0,0,0,0.0881471
868458,36,1,201439,55132,48003,146307,293372,0,0,0,0,0.0798694
868460,6,1,176213,46658,41398,129555,244730,0,0,0,0,0.118503
868461,18,1,182486,49080,43105,133406,259426,0,0,0,0,0.0876366
868464,18,1,194412,52645,46624,141767,277385,0,0,0,0,0.071142
868469,18,1,197124,53423,47075,143701,281475,0,0,0,0,0.0590169
868470,18,1,166689,44767,39046,121922,236273,0,0,0,0,0.0575268
868471,18,1,178709,47617,41796,131092,251465,0,0,0,0,0.0579702
868474,18,2,320375,88975,78297,231387,476094,1,0,0,0,0.157479
868479,18,1,202883,54705,47944,148178,288560,0,0,0,0,0.0564547
868492,36,1,199456,54555,48103,144901,289528,0,0,0,0,0.0583472
868495,36,1,209868,58216,50907,151652,310287,0,0,0,0,0.0861496
868498,36,1,205501,56853,49754,148648,302825,0,0,0,0,0.0948242
868500,18,1,175736,46792,41120,128944,244979,0,0,0,0,0.0802905
868501,18,2,195896,52739,46503,143145,278026,1,0,0,0,0.154257
868504,18,2,307623,85344,75311,222266,454356,1,0,0,0,0.18128
868509,18,2,253872,69142,61077,184717,365814,1,0,0,0,0.195311
868522,36,1,195481,52517,45724,142964,277439,0,0,0,0,0.0841472
868525,36,1,199237,54016,47263,145221,284440,0,0,0,0,0.0786053
868528,36,1,202728,55783,48610,146945,296819,0,0,0,0,0.079528
868550,18,1,166150,43699,38749,122451,228396,0,0,0,0,0.0774728
868551,18,2,197822,53159,46961,144651,280528,1,0,0,0,0.187079
868552,18,1,190556,51157,44717,139399,270123,0,0,0,0,0.082954
868553,18,1,184773,48654,42996,136119,254147,0,0,0,0,0.0823675
868554,18,1,193804,52267,45958,141537,275315,0,0,0,0,0.0749716
868555,18,2,260026,72281,64109,187733,386250,1,0,0,0,0.19962
868556,18,1,190419,50266,44411,140153,261893,0,0,0,0,0.0867719
868557,18,2,187856,50911,44734,136933,270230,1,0,0,0,0.180865
868558,18,1,204895,55844,49497,149051,295761,0,0,0,0,0.0821187
868559,18,2,201133,54579,48278,146542,288160,1,0,0,0,0.182616
868590,6,1,207015,57598,51093,149417,308142,0,0,0,0,0.106267
868591,18,2,193136,53950,47439,139173,289241,1,0,0,0,0.151195
868594,18,1,194197,52881,46358,141316,280190,0,0,0,0,0.0871699
868599,18,1,187511,50795,44390,136716,268668,0,0,0,0,0.0789484
868600,18,1,182634,50341,43578,132293,268857,0,0,0,0,0.079831
868601,18,1,207117,56244,49172,150873,296249,0,0,0,0,0.0681018
868604,18,1,185073,49417,43259,135656,260632,0,0,0,0,0.0562203
868609,18,1,187494,50245,44195,137249,265487,0,0,0,0,0.0647027
868622,36,1,201745,55599,48897,146146,295918,0,0,0,0,0.0800249
868625,36,1,216743,59845,52567,156898,318660,0,0,0,0,0.0836105
868628,36,1,206263,56330,49504,149933,299786,0,0,0,0,0.0637146
868650,6,1,192589,52044,46076,140545,275367,0,0,0,0,0.109709
868651,18,1,213370,59314,52318,154056,314282,0,0,0,0,0.0862001
868654,18,1,189025,51494,45100,137531,274647,0,0,0,0,0.0845573
868659,18,1,186711,50063,44042,136648,263981,0,0,0,0,0.0794612
868660,18,1,179090,48813,42365,130277,259801,0,0,0,0,0.0806135
868661,18,2,268604,74864,65661,193727,402023,1,0,0,0,0.205506
868664,18,2,186008,50188,43970,135807,266581,1,0,0,0,0.183534
868669,18,1,193058,52148,45950,140910,276443,0,0,0,0,0.0851232
868682,36,1,203307,55813,49312,147494,296725,0,0,0,0,0.086702
868685,36,1,220716,61404,54088,159312,328542,0,0,0,0,0.0883606
868688,36,1,199521,54192,47781,145329,288388,0,0,0,0,0.081872
868700,6,1,189662,51152,45139,138510,270953,0,0,0,0,0.116352
868701,18,2,234745,66302,58950,168430,357831,1,0,0,0,0.217085
868704,18,1,203430,55760,49179,147670,297526,0,0,0,0,0.0934209
868709,18,2,223185,61903,54426,161269,332299,1,0,0,0,0.18525
868710,18,1,169851,46383,40271,123468,247686,0,0,0,0,0.0848627
868711,18,1,198122,53877,47137,144245,284804,0,0,0,0,0.0902402
868714,18,1,195291,53378,46791,141913,283910,0,0,0,0,0.0867301
868719,18,1,181927,48641,43038,133286,255609,0,0,0,0,0.0807462
868732,36,1,200227,54393,47961,145834,288157,0,0,0,0,0.091306
868735,36,1,213446,59405,51754,154041,318705,0,0,0,0,0.0883401
868738,36,1,199643,54494,47501,145149,289707,0,0,0,0,0.0858907
868740,6,1,176276,46681,41379,129595,244896,0,0,0,0,0.109807
868741,18,1,185348,49980,44333,135368,264638,0,0,0,0,0.0864883
868744,18,1,191508,52070,46175,139438,275308,0,0,0,0,0.0853441
868749,18,2,299010,83095,73444,215902,445384,1,0,0,0,0.220516
868750,18,1,166530,44723,39011,121807,236069,0,0,0,0,0.0844042
868751,18,1,183787,49060,43351,134727,259605,0,0,0,0,0.0808913
868754,18,1,195633,52485,46078,143148,277346,0,0,0,0,0.0822857
868759,18,1,200177,54205,47378,145972,287014,0,0,0,0,0.0699056
868772,36,1,205115,56128,49891,148987,298249,0,0,0,0,0.0579827
868775,36,1,211523,58860,51647,152663,314629,0,0,0,0,0.0628206
868778,36,1,205934,56908,49933,149026,303589,0,0,0,0,0.0839969
868780,18,1,175815,46807,41117,129008,245037,0,0,0,0,0.0804248
868781,18,2,195870,52727,46488,143131,277965,1,0,0,0,0.173208
868784,18,2,307473,85301,75289,222159,454125,1,0,0,0,0.191577
868789,18,2,253821,69124,61094,184684,365727,1,0,0,0,0.172234
868802,36,1,190864,51124,44501,139740,270407,0,0,0,0,0.0635774
868805,36,1,188840,51243,44844,137597,271343,0,0,0,0,0.0735014
868808,36,1,199686,55041,47812,144645,293796,0,0,0,0,0.0691333
868830,18,1,166168,43699,38722,122469,228379,0,0,0,0,0.0522463
868831,18,2,197763,53135,46944,144616,280393,1,0,0,0,0.169159
868832,18,1,184626,49151,43182,135475,259409,0,0,0,0,0.0682715
868833,18,1,184414,48602,43166,135812,254595,0,0,0,0,0.0756843
868834,18,1,193637,52217,45937,141420,275034,0,0,0,0,0.0755655
868835,18,2,251801,69262,61567,182527,370297,1,0,0,0,0.192249
868836,18,1,176513,46603,41150,129910,244625,0,0,0,0,0.0729362
868837,18,1,188739,51107,44581,137632,270456,0,0,0,0,0.06818
868838,18,1,196498,53529,47144,142969,284305,0,0,0,0,0.0574656
868839,18,2,201034,54566,48267,146456,288138,1,0,0,0,0.135675
868880,18,1,189457,51916,45160,137541,276113,0,0,0,0,0.0549396
868881,18,2,296245,82533,72576,213699,441253,1,0,0,0,0.183863
868884,18,1,171030,45625,39771,125405,241022,0,0,0,0,0.0615277
868889,18,1,178108,48030,41981,130078,255149,0,0,0,0,0.0638241
868902,36,1,198411,54321,47552,144090,287504,0,0,0,0,0.0623362
868905,36,1,207093,56760,49715,150333,302792,0,0,0,0,0.0592654
868908,36,1,207213,56740,49495,150473,302490,0,0,0,0,0.0609069
868940,18,1,195702,53580,46822,142122,284423,0,0,0,0,0.0660123
868941,18,2,198784,53824,47131,144949,286610,1,0,0,0,0.129274
868944,18,2,188327,50777,44357,137537,269780,1,0,0,0,0.132332
868949,18,1,185988,50950,44568,135038,272202,0,0,0,0,0.0625726
868962,36,1,205398,56270,49366,149128,298036,0,0,0,0,0.0628807
868965,36,1,212413,58157,51245,154256,309838,0,0,0,0,0.0595126
868968,36,1,206612,56532,49630,150080,301559,0,0,0,0,0.0663907
868990,18,1,196800,53828,47339,142972,284958,0,0,0,0,0.0707557
868991,18,2,285366,79323,70001,206030,424596,1,0,0,0,0.172307
868994,18,2,282537,79014,69501,203510,422812,1,0,0,0,0.188006
868999,18,1,179019,48010,42030,131009,250926,0,0,0,0,0.0887943
869012,36,1,197558,54102,47652,143456,285426,0,0,0,0,0.0619304
869015,36,1,220229,60579,53065,159650,322456,0,0,0,0,0.0701426
869018,36,1,214817,58982,51588,155835,313851,0,0,0,0,0.0847387
869030,18,2,236418,65472,57631,170934,348003,1,0,0,0,0.1976
869031,18,1,191885,51673,45624,140212,273662,0,0,0,0,0.0891812
869034,18,2,228466,63392,55846,165061,339405,1,0,0,0,0.184361
869039,18,1,197168,53286,46849,143882,280900,0,0,0,0,0.0677711
869052,36,1,213741,58334,51737,155407,309263,0,0,0,0,0.0935964
869055,36,2,306062,85901,76070,220148,462313,1,0,0,0,0.198558
869058,36,1,212133,58433,51036,153700,312407,0,0,0,0,0.0778527
869060,18,2,239591,66163,58443,173415,350300,1,0,0,0,0.147971
869061,18,1,192364,51836,45573,140528,274322,0,0,0,0,0.0679643
869064,18,1,197044,53054,46529,143990,279928,0,0,0,0,0.0635564
869069,18,1,192941,52581,46148,140360,279386,0,0,0,0,0.0681127
869082,36,1,206754,56187,49599,150567,297805,0,0,0,0,0.0806032
869085,36,2,302618,84765,74884,217840,455375,1,0,0,0,0.207073
869088,36,1,213143,58812,51403,154331,314390,0,0,0,0,0.0653587
869110,18,1,157687,41682,36787,116005,218758,0,0,0,0,0.063638
869111,18,2,269858,73772,64861,196074,392994,1,0,0,0,0.194172
869112,18,1,177824,47594,41729,130230,252007,0,0,0,0,0.0678723
869113,18,1,183105,48263,42765,134842,251896,0,0,0,0,0.0820848
869114,18,1,190983,51746,45636,139237,274211,0,0,0,0,0.0806872
869115,18,2,191539,51924,45848,139603,275771,1,0,0,0,0.17109
869116,18,1,173857,46363,40965,127494,244960,0,0,0,0,0.0844386
869117,18,1,183461,49726,43551,133735,263495,0,0,0,0,0.0754707
869118,18,1,195710,52873,46584,142837,279331,0,0,0,0,0.0832008
869119,18,1,187866,51042,44652,136824,271601,0,0,0,0,0.0824406
869390,18,1,181426,48715,43290,132711,256050,0,0,0,0,0.119647
869391,18,2,199683,54271,47842,145399,288016,1,0,0,0,0.180509
869392,18,2,192175,51995,45713,140167,276100,1,0,0,0,0.210581
869393,18,1,173126,46165,40758,126961,244427,0,0,0,0,0.0904717
869394,18,1,186314,49880,44130,136434,262613,0,0,0,0,0.0883844
869395,18,1,188676,50703,44994,137973,266765,0,0,0,0,0.0818817
869396,18,1,177545,47629,42142,129916,249659,0,0,0,0,0.0777849
869397,18,1,199739,54067,48164,145672,283929,0,0,0,0,0.0879225
869398,18,1,193266,52622,46915,140644,278267,0,0,0,0,0.0858453
869399,18,1,187903,51277,45597,136626,272456,0,0,0,0,0.0843376
869520,36,1,187973,51208,44783,136765,271838,0,0,0,0,0.0834931
869521,36,1,200132,54441,47616,145691,287209,0,0,0,0,0.0833857
869522,36,1,191346,52043,45258,139303,273821,0,0,0,0,0.0831726
869523,36,1,201512,55441,49143,146071,295068,0,0,0,0,0.106944
869524,36,1,201252,55183,48331,146069,293032,0,0,0,0,0.07085
869525,36,1,194824,53005,46520,141819,281263,0,0,0,0,0.0555894
869526,36,1,195554,53295,46563,142259,283850,0,0,0,0,0.0698204
869527,36,1,192763,52337,45879,140426,277669,0,0,0,0,0.0782726
869528,36,1,187550,50828,44443,136722,270718,0,0,0,0,0.0692723
869529,36,1,172856,46304,40257,126552,245717,0,0,0,0,0.0911804
869570,36,1,184745,49857,43649,134888,263847,0,0,0,0,0.074249
869571,36,1,189631,50924,44591,138707,268253,0,0,0,0,0.062174
869572,36,1,188222,51135,44548,137087,270824,0,0,0,0,0.0670745
869573,36,1,202633,55815,49333,146818,297518,0,0,0,0,0.0962874
869574,36,1,201296,55142,48023,146154,293934,0,0,0,0,0.0884536
869575,36,1,199919,54851,47938,145068,292424,0,0,0,0,0.092187
869576,36,1,207241,56971,49656,150270,304161,0,0,0,0,0.0899671
869577,36,1,195230,52859,46018,142371,280324,0,0,0,0,0.069572
869578,36,1,200164,54920,47990,145244,293214,0,0,0,0,0.0614169
869579,36,1,187115,50713,44141,136402,269895,0,0,0,0,0.0659098
869610,36,1,177189,48052,42291,129137,254075,0,0,0,0,0.088976
869611,36,1,211342,57963,51049,153379,307481,0,0,0,0,0.0687276
869612,36,1,198001,53383,47091,144618,282358,0,0,0,0,0.0811009
869613,36,1,194053,52885,46455,141168,281713,0,0,0,0,0.0863822
869614,36,1,204647,55917,49104,148730,297327,0,0,0,0,0.0637239
869615,36,1,209921,57515,50594,152406,304856,0,0,0,0,0.0712005
869616,36,1,200683,55114,48532,145569,293923,0,0,0,0,0.0846992
869617,36,1,211782,58297,51201,153485,310851,0,0,0,0,0.0596935
869618,36,1,229631,64379,56225,165252,344361,0,0,0,0,0.09092
869619,36,1,196319,53464,46392,142855,282778,0,0,0,0,0.0771997
869640,36,1,184899,49959,43962,134940,262553,0,0,0,0,0.0622625
869641,36,1,210179,57674,50834,152505,305534,0,0,0,0,0.0696669
869642,36,1,190112,50897,44799,139215,268389,0,0,0,0,0.0637726
869643,36,1,186168,50302,44076,135866,267180,0,0,0,0,0.0677286
869644,36,1,204465,55928,49176,148537,297404,0,0,0,0,0.0778375
869645,36,1,201720,54999,48442,146721,291207,0,0,0,0,0.0564516
869646,36,1,190672,51886,45570,138786,275869,0,0,0,0,0.0586969
869647,36,1,205822,56828,49844,148994,303964,0,0,0,0,0.0671007
869648,36,1,230630,64506,56489,166124,344566,0,0,0,0,0.0736038
869649,36,1,190995,52222,45296,138773,277645,0,0,0,0,0.0592922
869660,36,1,177376,47611,41241,129765,249637,0,0,0,0,0.0597856
869661,36,1,193819,52127,46041,141692,273719,0,0,0,0,0.0679151
869662,36,1,186954,50417,44388,136537,266622,0,0,0,0,0.079096
869663,36,1,173511,46514,40642,126997,246964,0,0,0,0,0.0852878
869664,36,1,192989,52841,46413,140148,280286,0,0,0,0,0.0587114
869665,36,1,190109,51682,45378,138427,273420,0,0,0,0,0.0755682
869666,36,1,178157,47908,42146,130249,253744,0,0,0,0,0.0578151
869667,36,1,194618,53827,47162,140791,287551,0,0,0,0,0.0586267
869668,36,1,202937,55800,48479,147137,295733,0,0,0,0,0.0597362
869669,36,1,194748,53912,46838,140836,287617,0,0,0,0,0.0760138
870260,6,1,197688,53747,47596,143941,285015,0,0,0,0,0.0875431
870261,18,1,184199,50344,43878,133855,267290,0,0,0,0,0.0614988
870264,18,1,188328,50949,44557,137379,268711,0,0,0,0,0.0601318
870269,18,2,200341,54080,47678,146248,285455,1,0,0,0,0.123994
870270,6,1,197586,53705,47565,143881,284753,0,0,0,0,0.0749638
870271,18,2,279596,77426,68051,202157,414663,1,0,0,0,0.182302
870274,18,1,187421,50341,43832,137080,266369,0,0,0,0,0.0664623
870279,18,2,305993,84198,73851,221782,448676,1,0,0,0,0.175115
870280,18,1,183957,50035,43519,133922,265825,0,0,0,0,0.0913244
870281,18,2,294147,80864,70614,213270,431528,1,0,0,0,0.174663
870284,18,2,190225,51040,44730,139172,269874,1,0,0,0,0.124948
870289,18,2,192584,51388,45216,141183,270756,1,0,0,0,0.172384
870302,36,1,188178,50994,44891,137184,270424,0,0,0,0,0.0811191
870305,36,1,218247,60078,52638,158169,319630,0,0,0,0,0.0717124
870308,36,1,205309,55981,49087,149328,297518,0,0,0,0,0.0580763
870320,6,1,196400,53087,47088,143313,281065,0,0,0,0,0.0754898
870321,18,1,183793,50096,43796,133697,265847,0,0,0,0,0.0556765
870324,18,1,189411,51149,44722,138262,269714,0,0,0,0,0.0535173
870329,18,2,200991,54239,47902,146739,286337,1,0,0,0,0.114968
870330,6,1,196219,53025,47052,143194,280696,0,0,0,0,0.0707121
870331,18,2,279237,77262,67960,201962,413459,1,0,0,0,0.136182
870334,18,1,188553,50583,44088,137970,267677,0,0,0,0,0.0536475
870339,18,2,279058,76464,67081,202581,407933,1,0,0,0,0.153767
870340,18,1,183637,49645,43221,133992,263303,0,0,0,0,0.0767764
870341,18,2,266686,72814,63777,193859,388469,1,0,0,0,0.176614
870344,18,2,189726,50845,44553,138868,268765,1,0,0,0,0.121552
870349,18,2,193851,51681,45464,142157,272348,1,0,0,0,0.135741
870362,36,1,188259,50756,44758,137503,268815,0,0,0,0,0.0554792
870365,36,1,219057,60365,52887,158692,321315,0,0,0,0,0.063189
870368,36,1,206925,56470,49473,150455,300358,0,0,0,0,0.0585124
870370,6,1,181793,48768,42549,133025,259073,0,0,0,0,0.0834455
870371,18,1,158282,42217,36221,116065,224343,0,0,0,0,0.0586486
870374,18,1,192002,52382,45421,139620,280148,0,0,0,0,0.0665106
870379,18,1,188539,51174,44209,137365,273302,0,0,0,0,0.0619821
870380,6,1,182020,48842,42608,133178,259480,0,0,0,0,0.0880578
870381,18,1,177494,48113,41918,129381,256526,0,0,0,0,0.0636929
870384,18,1,207408,57174,49715,150234,306056,0,0,0,0,0.0657603
870389,18,1,210737,58645,50704,152092,315148,0,0,0,0,0.0941939
870390,18,1,166306,45508,39386,120798,244058,0,0,0,0,0.0647603
870391,18,1,175320,47742,41424,127578,254826,0,0,0,0,0.0592826
870394,18,1,179632,48836,42863,130796,259898,0,0,0,0,0.0531738
870399,18,1,177335,47910,42054,129425,254413,0,0,0,0,0.0581628
870412,36,1,174808,47213,40971,127595,252050,0,0,0,0,0.0571556
870415,36,1,201036,55768,48347,145268,299113,0,0,0,0,0.0582617
870418,36,1,203369,56596,48971,146773,304108,0,0,0,0,0.0584576
870420,6,1,165029,44006,38667,121023,233013,0,0,0,0,0.0833685
870421,18,1,166114,44352,38649,121762,236023,0,0,0,0,0.0586531
870424,18,1,193279,52662,46395,140617,279127,0,0,0,0,0.0663965
870429,18,1,200388,54900,48487,145488,291586,0,0,0,0,0.0663555
870430,18,1,157634,42741,36993,114893,228222,0,0,0,0,0.0668007
870431,18,1,167658,44514,38951,123144,236457,0,0,0,0,0.063526
870434,18,2,256789,71416,63170,185361,383407,1,0,0,0,0.141207
870439,18,2,260005,72532,64246,187461,390187,1,0,0,0,0.144756
870452,36,1,188882,51568,45034,137314,275445,0,0,0,0,0.0592409
870455,36,1,206868,57506,50439,149362,307753,0,0,0,0,0.0604942
870458,36,1,210149,58764,51559,151385,315077,0,0,0,0,0.0636104
870460,18,1,169355,45225,39332,124130,239172,0,0,0,0,0.0587355
870461,18,1,169094,44865,38961,124229,236874,0,0,0,0,0.0578097
870464,18,2,200433,54493,48282,145927,287649,1,0,0,0,0.125885
870469,18,2,202706,55101,48917,147592,290960,1,0,0,0,0.129011
870482,36,1,185577,49852,43373,135725,265559,0,0,0,0,0.0575172
870485,36,1,207138,56569,49595,150569,300899,0,0,0,0,0.0622395
870488,36,1,205814,56377,49490,149437,300184,0,0,0,0,0.0605544
870510,18,1,160504,42674,37533,117830,225940,0,0,0,0,0.0550765
870511,18,1,185130,49269,43337,135861,258466,0,0,0,0,0.0616383
870512,18,1,182379,48633,42377,133746,258122,0,0,0,0,0.0721217
870513,18,1,168382,44207,38837,124175,232929,0,0,0,0,0.0566385
870514,18,2,199140,54102,47578,145025,285521,1,0,0,0,0.168697
870515,18,1,203897,55132,48742,148765,292393,0,0,0,0,0.0598703
870516,18,1,189247,50476,44387,138771,266134,0,0,0,0,0.0575325
870517,18,1,190983,51218,45112,139765,270493,0,0,0,0,0.058584
870518,18,1,199535,53586,47128,145949,283198,0,0,0,0,0.0581802
870519,18,2,208284,56876,50206,151395,301136,1,0,0,0,0.128902
870550,6,1,197507,53688,47530,143819,284671,0,0,0,0,0.0776946
870551,18,2,231500,64526,56955,166962,346336,1,0,0,0,0.167486
870554,18,1,192176,51758,45371,140418,274123,0,0,0,0,0.0571633
870559,18,2,267680,73055,64015,194613,389659,1,0,0,0,0.138927
870560,18,1,183974,50031,43496,133943,265801,0,0,0,0,0.0559045
870561,18,2,253598,69744,61136,183841,372249,1,0,0,0,0.130155
870564,18,1,189152,50789,44638,138363,268757,0,0,0,0,0.0566401
870569,18,2,189258,50517,44049,138728,266893,1,0,0,0,0.129766
870582,36,1,202486,55177,48696,147309,292142,0,0,0,0,0.0577154
870585,36,1,222500,61535,54061,160965,328217,0,0,0,0,0.0650801
870588,36,1,206268,56478,49628,149790,300458,0,0,0,0,0.0608806
870610,6,1,196129,53005,47024,143124,280596,0,0,0,0,0.0734332
870611,18,2,231964,64685,57170,167267,347252,1,0,0,0,0.127367
870614,18,1,192862,51937,45551,140925,275170,0,0,0,0,0.0553376
870619,18,2,275515,75140,65717,200362,400547,1,0,0,0,0.177142
870620,18,1,183547,49620,43185,133927,263178,0,0,0,0,0.0551047
870621,18,2,254575,69732,61213,184830,371841,1,0,0,0,0.13303
870624,18,1,189477,50967,44773,138510,269787,0,0,0,0,0.0564585
870629,18,2,190217,50714,44182,139490,267962,1,0,0,0,0.156617
870642,36,1,202977,55121,48655,147856,291643,0,0,0,0,0.0647584
870645,36,1,223075,61707,54186,161368,329175,0,0,0,0,0.0606283
870648,36,1,207358,56864,49848,150494,302853,0,0,0,0,0.0653404
870660,6,1,182315,48940,42678,133375,260042,0,0,0,0,0.0955949
870661,18,1,189405,51855,45517,137550,276267,0,0,0,0,0.0865123
870664,18,1,217837,60177,52671,157660,321341,0,0,0,0,0.0654548
870669,18,1,225268,63027,54782,162241,338302,0,0,0,0,0.0692183
870670,18,1,166304,45527,39387,120777,244173,0,0,0,0,0.0776664
870671,18,1,187922,51148,44608,136774,271794,0,0,0,0,0.0846914
870674,18,1,192426,52353,45949,140073,277700,0,0,0,0,0.0561374
870679,18,1,190831,51679,45386,139152,273809,0,0,0,0,0.0554915
870692,36,1,188471,51198,44902,137273,273277,0,0,0,0,0.0578228
870695,36,1,211339,58656,50878,152683,313754,0,0,0,0,0.0605364
870698,36,1,214737,59893,52048,154844,321124,0,0,0,0,0.0603729
870700,6,1,165192,44049,38667,121143,233261,0,0,0,0,0.0825222
870701,18,1,169558,45679,39864,123879,243812,0,0,0,0,0.0592066
870704,18,1,196874,53600,47410,143274,284051,0,0,0,0,0.06471
870709,18,1,206444,56805,50309,149639,302238,0,0,0,0,0.0659647
870710,18,1,157481,42695,36962,114786,227986,0,0,0,0,0.0647614
870711,18,1,169692,45171,39634,124521,240242,0,0,0,0,0.0664764
870714,18,1,198379,53173,46718,145206,280631,0,0,0,0,0.0694895
870719,18,1,197842,53536,47105,144306,283023,0,0,0,0,0.0560895
870732,36,1,193032,52915,46465,140117,283299,0,0,0,0,0.0600596
870735,36,1,212336,59147,51946,153189,316346,0,0,0,0,0.0644444
870738,36,1,216587,60784,53518,155803,325985,0,0,0,0,0.0649228
870740,18,1,169535,45249,39341,124286,239243,0,0,0,0,0.0735744
870741,18,1,169318,44959,39068,124359,237426,0,0,0,0,0.0621624
870744,18,2,200444,54503,48277,145928,287734,1,0,0,0,0.124653
870749,18,2,202625,55078,48910,147534,290839,1,0,0,0,0.124797
870762,36,1,182772,48869,42411,133903,259846,0,0,0,0,0.0793317
870765,36,1,205517,56106,49246,149411,298000,0,0,0,0,0.0671271
870768,36,1,205982,56437,49627,149545,300172,0,0,0,0,0.0863985
870790,18,1,160549,42680,37514,117869,225965,0,0,0,0,0.0828504
870791,18,1,185361,49399,43443,135962,259256,0,0,0,0,0.0740879
870792,18,1,176639,46997,41072,129642,249222,0,0,0,0,0.0650998
870793,18,1,168281,44131,38796,124150,232150,0,0,0,0,0.0696968
870794,18,2,199178,54082,47553,145083,285372,1,0,0,0,0.133993
870795,18,1,202206,54653,48253,147553,289783,0,0,0,0,0.0587811
870796,18,1,187576,50039,44095,137537,263747,0,0,0,0,0.0568083
870797,18,1,189272,50792,44771,138480,268166,0,0,0,0,0.0576214
870798,18,1,199189,53535,47132,145654,282847,0,0,0,0,0.0563017
870799,18,2,208361,56879,50207,151469,301095,1,0,0,0,0.128625
870840,18,1,203516,55853,48899,147663,296948,0,0,0,0,0.0555089
870841,18,2,203278,55003,48438,148262,292592,1,0,0,0,0.120687
870844,18,1,193072,52468,45950,140604,278897,0,0,0,0,0.0563323
870849,18,2,185061,49190,42873,135858,259335,1,0,0,0,0.139966
870862,36,1,211932,58727,51146,153205,311700,0,0,0,0,0.083668
870865,36,1,223218,61435,53872,161783,326876,0,0,0,0,0.0847577
870868,36,1,219184,60140,52581,159044,320120,0,0,0,0,0.0686073
870900,18,1,202978,55481,48569,147497,294669,0,0,0,0,0.0787232
870901,18,2,202757,54707,48304,148037,290975,1,0,0,0,0.134908
870904,18,1,192930,52397,45963,140533,278373,0,0,0,0,0.0611267
870909,18,2,186340,49442,43071,136885,260627,1,0,0,0,0.12605
870922,36,1,211702,58431,50916,153271,309775,0,0,0,0,0.060097
870925,36,1,224358,61708,54145,162650,328316,0,0,0,0,0.0679813
870928,36,1,219781,60256,52707,159525,320705,0,0,0,0,0.0818253
870950,18,1,186704,50940,44618,135764,271146,0,0,0,0,0.0601378
870951,18,1,194445,52884,46423,141561,279350,0,0,0,0,0.0608151
870954,18,1,204204,56195,49571,148009,298322,0,0,0,0,0.0589984
870959,18,1,203051,55683,49103,147368,295451,0,0,0,0,0.0594536
870972,36,1,183983,49959,43758,134024,265478,0,0,0,0,0.0624239
870975,36,1,218049,60229,52515,157820,322279,0,0,0,0,0.0585876
870978,36,1,218197,60704,52966,157493,325663,0,0,0,0,0.0637218
870990,18,1,192801,52729,46082,140072,280709,0,0,0,0,0.0668155
870991,18,1,182799,49014,42825,133785,260721,0,0,0,0,0.0641967
870994,18,2,200701,54867,48574,145821,293307,1,0,0,0,0.132228
870999,18,2,205767,56467,50376,149287,302437,1,0,0,0,0.132636
871012,36,1,196756,53138,47019,143618,282698,0,0,0,0,0.061037
871015,36,1,221913,61476,54199,160437,329016,0,0,0,0,0.0685919
871018,36,1,220506,60933,53672,159573,325606,0,0,0,0,0.0655054
871020,18,1,194708,52972,46310,141736,280767,0,0,0,0,0.0720206
871021,18,1,186432,50370,44002,136062,268420,0,0,0,0,0.0676762
871024,18,1,206313,56093,49403,150220,297655,0,0,0,0,0.0618959
871029,18,1,205459,55933,49146,149526,296990,0,0,0,0,0.0619253
871042,36,1,194111,52447,46024,141664,279120,0,0,0,0,0.0603863
871045,36,1,219109,60431,53199,158678,323096,0,0,0,0,0.0623097
871048,36,1,217624,59863,52741,157761,319586,0,0,0,0,0.07101
871070,18,1,153112,40587,35407,112525,215213,0,0,0,0,0.0641191
871071,18,1,177662,47231,41341,130431,249531,0,0,0,0,0.076681
871072,18,1,169922,45320,39450,124602,241107,0,0,0,0,0.0821297
871073,18,1,168342,43984,38700,124358,230475,0,0,0,0,0.0667929
871074,18,1,192762,51636,45534,141126,273210,0,0,0,0,0.0555059
871075,18,1,197399,53132,47036,144267,281727,0,0,0,0,0.0554854
871076,18,1,186206,49809,43674,136397,262927,0,0,0,0,0.0603633
871077,18,1,188481,50668,44403,137813,268031,0,0,0,0,0.0587916
871078,18,1,195242,52524,46220,142718,278244,0,0,0,0,0.0623249
871079,18,1,192820,51851,45691,140969,274573,0,0,0,0,0.0676081
871350,18,1,175580,47478,41926,128102,251992,0,0,0,0,0.0902406
871351,18,2,181592,48597,42691,132982,258304,1,0,0,0,0.151043
871352,18,2,175371,46688,40786,128670,248179,1,0,0,0,0.148169
871353,18,1,159616,42388,37127,117228,225614,0,0,0,0,0.0640277
871354,18,1,192727,52370,46480,140357,277240,0,0,0,0,0.0704905
871355,18,1,195809,53261,47229,142548,282278,0,0,0,0,0.0678926
871356,18,1,193214,52788,46690,140426,278975,0,0,0,0,0.0656891
871357,18,1,192263,51792,45757,140471,272583,0,0,0,0,0.0647416
871358,18,1,196701,53244,47292,143457,281798,0,0,0,0,0.0723918
871359,18,1,195207,52933,46966,142274,280172,0,0,0,0,0.075089
871530,36,1,177828,48048,41822,129780,255958,0,0,0,0,0.0629347
871531,36,1,181928,49102,42722,132826,260864,0,0,0,0,0.066477
871532,36,1,181323,49220,42621,132103,262068,0,0,0,0,0.0661976
871533,36,1,191984,52947,46535,139037,283855,0,0,0,0,0.0846031
871534,36,1,193343,52804,45301,140539,281573,0,0,0,0,0.0634637
871535,36,1,202607,55934,48327,146673,300002,0,0,0,0,0.063476
871536,36,1,203760,56088,48475,147672,299876,0,0,0,0,0.0704361
871537,36,1,200975,55046,47494,145929,293928,0,0,0,0,0.0913828
871538,36,1,204139,56687,49267,147452,304780,0,0,0,0,0.0927302
871539,36,1,201022,55361,48008,145661,296115,0,0,0,0,0.0837419
871570,36,1,171802,46919,40957,124883,250673,0,0,0,0,0.0678166
871571,36,1,200934,54600,47754,146334,290524,0,0,0,0,0.0832439
871572,36,1,185444,49900,43656,135544,265688,0,0,0,0,0.0805606
871573,36,1,183949,50033,43500,133916,267892,0,0,0,0,0.0838988
871574,36,1,201669,55192,48257,146477,292948,0,0,0,0,0.0724305
871575,36,1,222953,62201,55079,160752,332677,0,0,0,0,0.0658855
871576,36,2,267121,75141,66643,191967,405902,1,0,0,0,0.18659
871577,36,2,264748,74238,66017,190497,400989,1,0,0,0,0.152058
871578,36,1,221304,61813,54616,159491,330528,0,0,0,0,0.0643743
871579,36,1,202185,55514,48554,146671,295350,0,0,0,0,0.0617486
871600,36,1,181185,49490,43120,131695,263289,0,0,0,0,0.062515
871601,36,1,201453,54893,48149,146560,292292,0,0,0,0,0.0593934
871602,36,1,182078,48822,42901,133256,259600,0,0,0,0,0.0572479
871603,36,1,177189,47863,41780,129326,255612,0,0,0,0,0.0587359
871604,36,1,201885,55608,48748,146277,296332,0,0,0,0,0.0811962
871605,36,1,216980,59755,52691,157225,318180,0,0,0,0,0.0719303
871606,36,1,199456,54306,48146,145150,289298,0,0,0,0,0.0585637
871607,36,1,199429,54424,48256,145005,290127,0,0,0,0,0.0572222
871608,36,1,217886,60081,52921,157805,319888,0,0,0,0,0.06398
871609,36,1,202951,56058,49253,146893,299243,0,0,0,0,0.068924
871620,36,1,171975,46523,40274,125452,246395,0,0,0,0,0.0692538
871621,36,1,187146,50433,44389,136713,266840,0,0,0,0,0.0571081
871622,36,1,179735,48347,42318,131388,256924,0,0,0,0,0.0631272
871623,36,1,165585,44319,38488,121266,236907,0,0,0,0,0.0603767
871624,36,1,199183,54927,48132,144256,292616,0,0,0,0,0.0590511
871625,36,1,198664,54630,48000,144034,290587,0,0,0,0,0.0617601
871626,36,1,190528,51619,45490,138909,273854,0,0,0,0,0.0567873
871627,36,1,188516,51112,44812,137404,271225,0,0,0,0,0.0553303
871628,36,1,205199,56798,49874,148401,302955,0,0,0,0,0.0608186
871629,36,1,206544,57436,50482,149108,306754,0,0,0,0,0.0652479
871940,6,1,187204,50741,44755,136463,269337,0,0,0,0,0.0833024
871941,18,1,163632,43981,38103,119651,233355,0,0,0,0,0.0608236
871944,18,1,190393,51323,44761,139070,270997,0,0,0,0,0.0610766
871949,18,1,203467,55425,48265,148042,292918,0,0,0,0,0.0591508
871950,6,1,187117,50690,44723,136427,268989,0,0,0,0,0.122272
871951,18,1,192002,52442,46134,139560,277500,0,0,0,0,0.0771402
871954,18,1,192297,51900,45468,140397,274613,0,0,0,0,0.0576557
871959,18,1,191518,51539,45037,139979,271864,0,0,0,0,0.0583428
871960,18,1,174619,47482,41505,127137,252256,0,0,0,0,0.0669963
871961,18,1,185617,49914,43694,135703,262294,0,0,0,0,0.0543401
871964,18,2,253585,68977,60652,184595,366423,1,0,0,0,0.138104
871969,18,1,199315,53785,47280,145530,283419,0,0,0,0,0.0633238
871982,36,1,172205,46058,40236,126147,243793,0,0,0,0,0.0527614
871985,36,1,207138,56785,49655,150353,301806,0,0,0,0,0.056489
871988,36,1,201387,54099,47576,147288,284867,0,0,0,0,0.0638796
872000,6,1,186562,50568,44686,135994,268338,0,0,0,0,0.118099
872001,18,1,162941,43928,38128,119013,233252,0,0,0,0,0.081916
872004,18,1,189964,51317,44694,138647,271290,0,0,0,0,0.0615421
872009,18,1,203703,55601,48452,148102,294079,0,0,0,0,0.0615446
872010,6,1,186577,50544,44675,136033,268142,0,0,0,0,0.0979719
872011,18,1,191630,52430,46161,139200,277625,0,0,0,0,0.0581011
872014,18,1,191908,51772,45344,140136,273978,0,0,0,0,0.0611856
872019,18,1,192978,52005,45584,140973,274405,0,0,0,0,0.0578686
872020,18,1,175205,47683,41723,127522,253374,0,0,0,0,0.0594883
872021,18,1,185417,49845,43734,135572,261916,0,0,0,0,0.0558855
872024,18,2,253442,69090,60850,184339,367342,1,0,0,0,0.137614
872029,18,1,200633,54274,47562,146359,286307,0,0,0,0,0.0665342
872042,36,1,172738,46253,40443,126485,244943,0,0,0,0,0.0559097
872045,36,1,207600,56970,49821,150630,302953,0,0,0,0,0.0577278
872048,36,1,201201,54197,47677,147004,285669,0,0,0,0,0.0632105
872050,6,1,181987,49332,43260,132655,262818,0,0,0,0,0.0937546
872051,18,1,157483,42337,36376,115146,225652,0,0,0,0,0.0670197
872054,18,1,187052,51253,44599,135799,274222,0,0,0,0,0.0671392
872059,18,1,182045,49477,42901,132568,264143,0,0,0,0,0.0812455
872060,6,1,181982,49312,43276,132670,262670,0,0,0,0,0.0945812
872061,18,1,174733,47414,41569,127319,252826,0,0,0,0,0.0611787
872064,18,1,203216,56138,49024,147078,299520,0,0,0,0,0.0628736
872069,18,1,203540,55851,48711,147689,298187,0,0,0,0,0.063405
872070,18,1,167157,45402,39590,121755,242492,0,0,0,0,0.0605247
872071,18,1,176870,47535,41493,129335,251395,0,0,0,0,0.0721419
872074,18,2,245685,68080,60080,177592,366173,1,0,0,0,0.145345
872079,18,2,244165,67364,59722,176788,361874,1,0,0,0,0.138531
872092,36,1,165534,44239,38548,121295,235818,0,0,0,0,0.0589371
872095,36,1,195248,54063,47161,141185,289113,0,0,0,0,0.0558678
872098,36,1,196613,54255,47378,142358,289817,0,0,0,0,0.0744173
872100,6,1,173024,45389,39795,127635,238222,0,0,0,0,0.168266
872101,18,1,184837,49808,43920,135029,264925,0,0,0,0,0.0830319
872104,18,1,202970,56092,49729,146878,299318,0,0,0,0,0.0852532
872109,18,1,203720,56170,49452,147550,299621,0,0,0,0,0.102375
872110,18,1,161568,42676,36888,118892,224875,0,0,0,0,0.0883447
872111,18,1,169114,44844,38897,124270,238152,0,0,0,0,0.0847173
872114,18,1,185168,50240,44253,134928,267287,0,0,0,0,0.0686673
872119,18,1,183670,49856,43869,133814,265120,0,0,0,0,0.0705449
872132,36,1,200199,55399,48622,144800,296710,0,0,0,0,0.073975
872135,36,1,218466,61861,54850,156605,331614,0,0,0,0,0.0732397
872138,36,1,216617,60838,53355,155779,325385,0,0,0,0,0.112603
872140,18,1,174892,46048,40192,128844,241004,0,0,0,0,0.152435
872141,18,1,172612,45784,39938,126828,241263,0,0,0,0,0.142782
872144,18,1,183359,49255,43209,134104,258474,0,0,0,0,0.0733071
872149,18,1,182309,48765,42964,133544,255311,0,0,0,0,0.0872317
872162,36,1,197463,53519,47246,143944,284338,0,0,0,0,0.0922663
872165,36,1,211352,58441,51849,152911,311154,0,0,0,0,0.0626291
872168,36,1,209256,57706,50751,151550,307075,0,0,0,0,0.0781698
872190,18,1,167627,43821,38549,123806,229676,0,0,0,0,0.0993499
872191,18,1,179569,48598,42527,130971,257768,0,0,0,0,0.0760152
872192,18,2,310526,84495,74341,226018,450680,1,0,0,0,0.208863
872193,18,1,170597,44659,39519,125938,234334,0,0,0,0,0.0758127
872194,18,1,192194,52309,45982,139885,276105,0,0,0,0,0.0601398
872195,18,2,317062,89187,79102,227862,479303,1,0,0,0,0.240878
872196,18,1,184316,48669,42973,135647,254246,0,0,0,0,0.0550295
872197,18,1,183817,48469,42804,135348,253149,0,0,0,0,0.0813798
872198,18,2,283985,79383,70192,204589,426828,1,0,0,0,0.200208
872199,18,1,190077,51360,45209,138717,270448,0,0,0,0,0.0730732
872230,6,1,187196,50736,44751,136460,269303,0,0,0,0,0.0986758
872231,18,1,205218,56362,49782,148856,297602,0,0,0,0,0.078904
872234,18,1,196369,53391,46890,142978,283403,0,0,0,0,0.0867011
872239,18,1,183179,49290,43150,133889,260795,0,0,0,0,0.0796406
872240,18,1,174696,47516,41541,127180,252464,0,0,0,0,0.0667864
872241,18,1,194662,52495,45937,142167,275419,0,0,0,0,0.059201
872244,18,2,249211,67883,59633,181315,361338,1,0,0,0,0.180791
872249,18,1,187734,50601,44521,137133,267554,0,0,0,0,0.0859993
872262,36,1,181955,48840,42838,133115,258030,0,0,0,0,0.0581026
872265,36,1,211822,58387,51198,153435,311436,0,0,0,0,0.0614427
872268,36,1,194693,52354,45984,142339,276657,0,0,0,0,0.0699429
872290,6,1,186620,50581,44690,136039,268407,0,0,0,0,0.0801015
872291,18,1,205468,56463,49950,149005,298152,0,0,0,0,0.0594853
872294,18,1,195213,53042,46494,142171,281572,0,0,0,0,0.0602635
872299,18,1,184140,49599,43546,134541,262460,0,0,0,0,0.0598587
872300,18,1,175243,47706,41748,127537,253517,0,0,0,0,0.0629565
872301,18,1,194461,52492,46026,141969,275435,0,0,0,0,0.0578785
872304,18,2,249180,67900,59761,181267,361468,1,0,0,0,0.137619
872309,18,1,188409,50854,44585,137555,269053,0,0,0,0,0.0667634
872322,36,1,182816,49142,43134,133674,259775,0,0,0,0,0.0568386
872325,36,1,211822,58426,51196,153396,311676,0,0,0,0,0.0590683
872328,36,1,194445,52430,46107,142015,277311,0,0,0,0,0.0567406
872340,6,1,182083,49349,43311,132734,262891,0,0,0,0,0.10482
872341,18,1,192820,52626,46253,140194,279744,0,0,0,0,0.0603228
872344,18,1,218567,60784,53356,157783,324035,0,0,0,0,0.0713017
872349,18,1,223483,62048,54287,161435,331233,0,0,0,0,0.0681134
872350,18,1,167194,45417,39610,121777,242576,0,0,0,0,0.0598527
872351,18,1,188801,50692,44215,138109,267027,0,0,0,0,0.0593384
872354,18,2,248563,69202,61250,179348,372596,1,0,0,0,0.137706
872359,18,2,249650,69248,61408,180389,372462,1,0,0,0,0.168962
872372,36,1,180016,48618,42689,131398,259387,0,0,0,0,0.0693382
872375,36,1,204703,56621,49495,148082,301742,0,0,0,0,0.0596337
872378,36,1,207254,57258,50144,149996,305167,0,0,0,0,0.0601452
872380,6,1,173231,45451,39832,127780,238590,0,0,0,0,0.134352
872381,18,1,188219,50521,44728,137698,268301,0,0,0,0,0.0825144
872384,18,1,203536,55904,49733,147632,297440,0,0,0,0,0.085695
872389,18,1,210177,58516,51900,151661,313128,0,0,0,0,0.0864455
872390,18,1,161348,42627,36866,118721,224669,0,0,0,0,0.0809429
872391,18,1,173492,46274,40511,127218,246096,0,0,0,0,0.0653755
872394,18,1,188683,51363,45315,137320,273346,0,0,0,0,0.0637339
872399,18,1,188133,51210,45377,136923,272535,0,0,0,0,0.0650516
872412,36,1,201664,55652,49267,146012,297730,0,0,0,0,0.0709403
872415,36,1,218886,61304,54486,157582,327447,0,0,0,0,0.0735286
872418,36,1,222787,62588,55134,160199,334828,0,0,0,0,0.0721968
872420,18,1,174880,46032,40183,128848,240892,0,0,0,0,0.0764232
872421,18,1,172506,45773,39924,126733,241267,0,0,0,0,0.0575962
872424,18,1,183185,49223,43182,133962,258367,0,0,0,0,0.0554724
872429,18,1,182145,48732,42929,133413,255180,0,0,0,0,0.0761104
872442,36,1,183907,49775,43941,134132,265834,0,0,0,0,0.087973
872445,36,1,201988,55879,49392,146109,298952,0,0,0,0,0.0811793
872448,36,1,200888,55576,48806,145312,297298,0,0,0,0,0.063386
872470,18,1,167888,43856,38510,124032,229817,0,0,0,0,0.0837711
872471,18,1,179473,48581,42499,130892,257703,0,0,0,0,0.0640975
872472,18,2,294225,79548,69913,214664,424737,1,0,0,0,0.212534
872473,18,1,154765,40190,35480,114575,212172,0,0,0,0,0.0733525
872474,18,1,191834,52206,45903,139628,275535,0,0,0,0,0.056146
872475,18,2,307443,85887,75978,221543,462269,1,0,0,0,0.15556
872476,18,1,173678,45982,40550,127696,242528,0,0,0,0,0.0532277
872477,18,1,173544,46023,40677,127521,242885,0,0,0,0,0.053132
872478,18,2,277678,77343,68252,200322,416786,1,0,0,0,0.15077
872479,18,1,189866,51286,45120,138580,270042,0,0,0,0,0.0573331
872520,18,2,191269,51309,45036,139947,272044,1,0,0,0,0.132152
872521,18,2,191187,51293,44852,139881,271926,1,0,0,0,0.122183
872524,18,2,252084,69375,61119,182696,369027,1,0,0,0,0.134486
872529,18,1,181458,49186,43158,132272,261152,0,0,0,0,0.0603412
872542,36,1,180908,48608,42267,132300,256761,0,0,0,0,0.0578859
872545,36,1,210728,57893,50608,152835,308177,0,0,0,0,0.0594258
872548,36,1,205940,56374,49467,149566,299839,0,0,0,0,0.0574333
872580,18,2,192236,51482,45216,140741,272861,1,0,0,0,0.124918
872581,18,2,192294,51491,45071,140790,272869,1,0,0,0,0.123272
872584,18,2,252031,69407,61218,182611,369396,1,0,0,0,0.135885
872589,18,1,182133,49431,43380,132702,262552,0,0,0,0,0.0605865
872602,36,1,181836,48907,42549,132929,258432,0,0,0,0,0.0601763
872605,36,1,210339,57663,50342,152676,306784,0,0,0,0,0.0587349
872608,36,1,206237,56366,49305,149871,299735,0,0,0,0,0.0592162
872630,18,1,194525,53149,46476,141376,282579,0,0,0,0,0.0619643
872631,18,1,199957,54415,47568,145542,287851,0,0,0,0,0.0592704
872634,18,1,203457,55206,48185,148251,291209,0,0,0,0,0.0583645
872639,18,1,202627,54833,48037,147794,288923,0,0,0,0,0.0590903
872652,36,1,179158,48569,42318,130589,259011,0,0,0,0,0.0682764
872655,36,1,213007,59061,51552,153946,316705,0,0,0,0,0.0631655
872658,36,1,211769,58684,51338,153085,314634,0,0,0,0,0.0600134
872670,18,1,204190,55576,48821,148614,294499,0,0,0,0,0.0955768
872671,18,1,191481,51859,45430,139622,274872,0,0,0,0,0.0651901
872674,18,1,203412,54971,48687,148441,288740,0,0,0,0,0.0738602
872679,18,1,204541,55407,49178,149134,291328,0,0,0,0,0.092629
872692,36,1,200405,54970,48712,145435,295205,0,0,0,0,0.0953628
872695,36,1,222048,62163,55216,159885,334009,0,0,0,0,0.0712818
872698,36,1,220739,61722,54604,159017,331204,0,0,0,0,0.0887702
872700,18,1,211467,57551,50866,153916,303889,0,0,0,0,0.10085
872701,18,1,195575,52892,46378,142683,279187,0,0,0,0,0.0854307
872704,18,2,258901,72163,64000,186725,386583,1,0,0,0,0.152428
872709,18,2,257690,71801,63874,185876,385125,1,0,0,0,0.146126
872722,36,1,195265,53379,47189,141886,286455,0,0,0,0,0.0656114
872725,36,1,217242,60633,53943,156609,325652,0,0,0,0,0.0664989
872728,36,1,215102,59756,52899,155346,319966,0,0,0,0,0.0657415
872750,18,1,160079,41934,36618,118145,220722,0,0,0,0,0.110838
872751,18,1,176433,47518,41581,128915,253316,0,0,0,0,0.0713491
872752,18,1,176635,47548,41737,129087,253661,0,0,0,0,0.0670272
872753,18,1,151225,39489,34773,111736,209145,0,0,0,0,0.0590104
872754,18,1,194568,53293,46976,141275,284191,0,0,0,0,0.075048
872755,18,1,194715,53608,47488,141107,286864,0,0,0,0,0.0954669
872756,18,1,167918,44931,39606,122987,238638,0,0,0,0,0.0863046
872757,18,1,169115,45143,39995,123972,239650,0,0,0,0,0.0737623
872758,18,1,193878,53126,46830,140752,284008,0,0,0,0,0.0708031
872759,18,1,192988,52524,46262,140464,279567,0,0,0,0,0.0682903
873030,18,1,181049,48235,42661,132814,253992,0,0,0,0,0.140109
873031,18,1,187016,50690,44983,136326,269475,0,0,0,0,0.0892203
873032,18,1,189956,51135,45516,138821,271582,0,0,0,0,0.103134
873033,18,1,181866,48574,42965,133292,257948,0,0,0,0,0.0860029
873034,18,1,200289,55070,49322,145219,293202,0,0,0,0,0.109094
873035,18,1,206374,57061,51086,149313,304730,0,0,0,0,0.0891637
873036,18,1,196234,53551,47604,142683,285615,0,0,0,0,0.0862761
873037,18,1,196728,54171,47710,142557,289725,0,0,0,0,0.0888924
873038,18,1,204254,56564,50201,147690,302370,0,0,0,0,0.125493
873039,18,1,201710,55423,49155,146287,295435,0,0,0,0,0.103354
873250,36,1,182000,49170,42853,132830,260647,0,0,0,0,0.0821559
873251,36,1,187703,51307,44936,136396,274104,0,0,0,0,0.0633716
873252,36,1,196945,53450,47337,143495,285173,0,0,0,0,0.0669978
873253,36,1,184126,50463,44327,133663,271132,0,0,0,0,0.0609104
873254,36,1,199420,54947,48316,144473,293351,0,0,0,0,0.0645794
873255,36,1,216032,60037,53514,155995,321446,0,0,0,0,0.0669697
873256,36,2,270569,76419,67701,194137,414325,1,0,0,0,0.166248
873257,36,2,268955,75430,66819,193512,408199,1,0,0,0,0.171548
873258,36,1,215045,60278,53381,154767,323172,0,0,0,0,0.0751686
873259,36,1,205157,56728,49758,148429,303320,0,0,0,0,0.0808097
873280,36,1,189973,51595,45256,138378,272980,0,0,0,0,0.0868598
873281,36,1,195009,53303,46869,141706,284041,0,0,0,0,0.062355
873282,36,1,193010,52321,46202,140689,279165,0,0,0,0,0.088629
873283,36,1,175006,47219,41374,127787,252441,0,0,0,0,0.08299
873284,36,2,378199,105333,93091,272853,563790,1,0,0,0,0.196009
873285,36,1,213081,58882,52276,154199,315070,0,0,0,0,0.0670564
873286,36,1,199457,55533,49195,143924,297988,0,0,0,0,0.0668887
873287,36,1,197023,54538,48271,142485,291900,0,0,0,0,0.0622785
873288,36,1,211860,59213,52176,152647,317552,0,0,0,0,0.068288
873289,36,2,385838,107856,95508,277969,578480,1,0,0,0,0.187035
873300,36,1,185300,50122,43559,135178,263939,0,0,0,0,0.132143
873301,36,1,188449,51599,45043,136850,274140,0,0,0,0,0.0856844
873302,36,1,189877,51929,45441,137948,275806,0,0,0,0,0.0732647
873303,36,1,170332,45474,39433,124858,241217,0,0,0,0,0.0779966
873304,36,1,205105,57038,50348,148067,302953,0,0,0,0,0.0981869
873305,36,1,208912,58344,51521,150568,310803,0,0,0,0,0.102213
873306,36,1,189558,52297,45683,137261,278738,0,0,0,0,0.0684543
873307,36,1,185667,50627,44277,135040,268698,0,0,0,0,0.0639206
873308,36,1,218899,62051,54845,156848,332077,0,0,0,0,0.0907208
873309,36,1,218422,61929,54711,156493,331123,0,0,0,0,0.0889841
873630,6,1,176126,46287,40660,129839,242434,0,0,0,0,0.0978072
873631,18,1,187125,50767,44543,136358,268461,0,0,0,0,0.0629097
873634,18,1,195900,54160,47496,141740,288231,0,0,0,0,0.0628984
873639,18,1,187734,51346,45292,136388,272520,0,0,0,0,0.0584443
873640,18,1,156538,41832,36685,114706,220940,0,0,0,0,0.0803979
873641,18,2,184910,49664,43260,135234,262830,1,0,0,0,0.125619
873644,18,1,178525,47378,41558,131147,249272,0,0,0,0,0.054209
873649,18,1,200223,53898,47418,146325,283137,0,0,0,0,0.0678394
873662,36,1,192895,52686,46312,140209,278829,0,0,0,0,0.076774
873665,36,1,206305,57102,50625,149203,304620,0,0,0,0,0.0619644
873668,36,2,186445,50577,44123,135856,268748,1,0,0,0,0.147859
873690,6,1,175812,46021,40528,129791,240813,0,0,0,0,0.0965044
873691,18,1,187339,50842,44609,136497,268919,0,0,0,0,0.0611954
873694,18,1,194977,53688,47094,141289,285281,0,0,0,0,0.0777976
873699,18,1,187689,51391,45332,136298,272960,0,0,0,0,0.0562143
873700,18,1,156364,41654,36559,114710,219933,0,0,0,0,0.0529983
873701,18,2,185684,49775,43339,135897,263284,1,0,0,0,0.127741
873704,18,1,178089,47203,41382,130886,248255,0,0,0,0,0.0535614
873709,18,1,202478,54597,47944,147881,286757,0,0,0,0,0.0592841
873722,36,1,193153,52718,46350,140435,278982,0,0,0,0,0.0800165
873725,36,1,205898,56780,50373,149118,302509,0,0,0,0,0.0661164
873728,36,2,187776,50956,44501,136808,270931,1,0,0,0,0.156331
873740,6,1,162470,42743,37373,119727,225962,0,0,0,0,0.0933736
873741,18,1,168349,45427,39873,122922,242384,0,0,0,0,0.0820728
873744,18,1,197279,54041,47485,143238,287183,0,0,0,0,0.0947466
873749,18,1,206708,57421,50534,149287,306509,0,0,0,0,0.102483
873750,18,1,146305,39064,34112,107241,208097,0,0,0,0,0.0831229
873751,18,1,163053,42586,37018,120467,223101,0,0,0,0,0.0791127
873754,18,2,242486,66780,58885,175694,358319,1,0,0,0,0.147717
873759,18,2,247612,68263,60316,179337,366639,1,0,0,0,0.145904
873772,36,1,181777,49688,43356,132089,265082,0,0,0,0,0.0647523
873775,36,2,232874,65553,57845,167308,353968,1,0,0,0,0.156586
873778,36,2,234152,66198,58402,167941,358222,1,0,0,0,0.178404
873780,6,1,170302,44025,38658,126277,230258,0,0,0,0,0.173503
873781,18,1,190166,51604,45401,138562,275511,0,0,0,0,0.0873494
873784,18,1,207493,57186,50761,150307,305631,0,0,0,0,0.0861682
873789,18,1,206523,56988,50760,149535,304889,0,0,0,0,0.0898916
873790,18,1,157566,41464,36083,116102,218776,0,0,0,0,0.0797338
873791,18,1,152906,40555,35509,112351,216112,0,0,0,0,0.0592669
873794,18,1,167950,45002,39442,122948,239200,0,0,0,0,0.0588937
873799,18,1,168633,45231,39735,123402,240462,0,0,0,0,0.0577618
873812,36,1,193007,53142,47304,139865,284175,0,0,0,0,0.0670484
873815,36,1,210912,58617,52229,152295,312642,0,0,0,0,0.0705213
873818,36,1,210845,58419,51813,152426,311057,0,0,0,0,0.0689556
873820,18,1,167017,42669,37305,124348,221579,0,0,0,0,0.0754871
873821,18,1,152766,39601,34443,113165,207435,0,0,0,0,0.0570311
873824,18,2,200078,53785,47091,146280,281098,1,0,0,0,0.143687
873829,18,2,201278,53964,47537,147301,281701,1,0,0,0,0.13275
873842,36,1,172973,47069,41371,125904,252463,0,0,0,0,0.0644083
873845,36,1,191781,52957,46826,138824,283520,0,0,0,0,0.0819172
873848,36,1,194790,54203,48007,140587,290697,0,0,0,0,0.0633718
873870,18,1,183434,47471,41873,135963,245750,0,0,0,0,0.0752176
873871,18,1,170462,44602,39132,125860,231979,0,0,0,0,0.0543679
873872,18,1,168626,43488,38028,125138,226219,0,0,0,0,0.0767704
873873,18,1,169475,44094,38566,125381,230893,0,0,0,0,0.0853815
873874,18,2,204376,54731,47879,149632,285896,1,0,0,0,0.145529
873875,18,1,196577,51962,45723,144615,270495,0,0,0,0,0.0583134
873876,18,2,245465,67333,59478,178119,360011,1,0,0,0,0.158128
873877,18,2,243890,67301,59350,176576,360894,1,0,0,0,0.155806
873878,18,1,195817,51818,45782,143999,269986,0,0,0,0,0.0617573
873879,18,2,203008,54603,47840,148392,286112,1,0,0,0,0.146196
873920,18,1,177135,47340,41534,129795,248673,0,0,0,0,0.0603555
873921,18,1,177587,46735,41041,130852,244766,0,0,0,0,0.0544974
873924,18,1,181247,48071,42310,133176,252564,0,0,0,0,0.0563367
873929,18,2,344548,93711,82402,250824,497023,1,0,0,0,0.167478
873942,36,1,188649,50894,44823,137755,270445,0,0,0,0,0.0604449
873945,36,1,199694,54444,48147,145250,289852,0,0,0,0,0.0560539
873948,36,1,201183,55050,48235,146133,293535,0,0,0,0,0.0571258
873980,18,1,176797,47102,41380,129695,247157,0,0,0,0,0.0566968
873981,18,1,176988,46481,40866,130507,243216,0,0,0,0,0.0571105
873984,18,1,180572,47820,42142,132752,251134,0,0,0,0,0.0545338
873989,18,2,347733,94706,83184,253014,502469,1,0,0,0,0.182711
874002,36,1,188810,50937,44858,137873,270581,0,0,0,0,0.0831342
874005,36,1,199264,54223,47965,145041,288447,0,0,0,0,0.0609693
874008,36,1,201089,55007,48117,146082,293266,0,0,0,0,0.0564042
874030,18,1,168413,45354,40132,123059,240764,0,0,0,0,0.0647357
874031,18,1,162068,42433,37005,119635,223357,0,0,0,0,0.0583095
874034,18,2,247224,68082,60127,179129,365106,1,0,0,0,0.166648
874039,18,2,247455,67972,60322,179470,364248,1,0,0,0,0.175345
874052,36,1,178429,47908,42081,130521,255704,0,0,0,0,0.0599661
874055,36,2,233954,65723,58010,168218,354878,1,0,0,0,0.138584
874058,36,2,233738,65772,58330,167953,355804,1,0,0,0,0.140325
874070,18,1,176281,46734,41264,129547,246266,0,0,0,0,0.0795824
874071,18,1,160504,42758,37485,117746,227001,0,0,0,0,0.0568134
874074,18,1,176905,47326,41736,129579,249569,0,0,0,0,0.0573642
874079,18,1,175248,46857,41279,128391,246931,0,0,0,0,0.0571314
874092,36,1,186603,51014,45023,135589,274055,0,0,0,0,0.0663294
874095,36,1,209983,58238,51787,151745,312409,0,0,0,0,0.0709895
874098,36,1,208517,57736,51002,150781,309753,0,0,0,0,0.089689
874100,18,1,172154,44526,39066,127628,232696,0,0,0,0,0.0979702
874101,18,1,159392,41607,36296,117785,218940,0,0,0,0,0.0663255
874104,18,1,168057,44110,38908,123947,230168,0,0,0,0,0.0532594
874109,18,1,167582,44075,38959,123507,230190,0,0,0,0,0.0600652
874122,36,1,180090,48648,42957,131442,260828,0,0,0,0,0.087098
874125,36,1,197293,54080,48044,143213,289453,0,0,0,0,0.0793251
874128,36,1,199953,55090,48904,144863,295318,0,0,0,0,0.064004
874150,18,1,181748,47513,41867,134235,248454,0,0,0,0,0.0792996
874151,18,1,170152,44909,39403,125243,236327,0,0,0,0,0.0575138
874152,18,1,164623,42767,37134,121856,224188,0,0,0,0,0.0553441
874153,18,1,168281,43580,38282,124701,228555,0,0,0,0,0.056991
874154,18,2,197415,53869,47349,143533,285349,1,0,0,0,0.13759
874155,18,2,219628,60118,53196,159497,322257,1,0,0,0,0.199972
874156,18,2,220458,60659,53683,159786,325718,1,0,0,0,0.152844
874157,18,2,217049,59850,52804,157186,321865,1,0,0,0,0.160432
874158,18,2,213783,58796,51735,154974,315951,1,0,0,0,0.155631
874159,18,2,196981,54123,47719,142845,287696,1,0,0,0,0.144449
874430,18,1,184168,48571,43535,135597,253327,0,0,0,0,0.121767
874431,18,1,168863,45029,39872,123834,237220,0,0,0,0,0.0718451
874432,18,1,190548,51832,46117,138716,274500,0,0,0,0,0.0946039
874433,18,1,183286,49659,44158,133627,263659,0,0,0,0,0.0792842
874434,18,2,203418,55524,48818,147881,294113,1,0,0,0,0.182855
874435,18,1,207589,56286,50347,151303,295677,0,0,0,0,0.0872928
874436,18,1,199992,54219,48538,145773,286462,0,0,0,0,0.0781852
874437,18,1,207335,57218,51195,150117,304297,0,0,0,0,0.0673896
874438,18,1,207209,56518,50409,150691,297474,0,0,0,0,0.0673193
874439,18,2,196980,53559,47073,143408,283871,1,0,0,0,0.142252
874680,36,1,211571,57461,50425,154110,303965,0,0,0,0,0.0861915
874681,36,1,197165,53703,46796,143462,285421,0,0,0,0,0.0838113
874682,36,1,192422,52487,46015,139935,280459,0,0,0,0,0.0564003
874683,36,1,198175,54084,47602,144091,288841,0,0,0,0,0.0809438
874684,36,1,204746,55428,49204,149318,291573,0,0,0,0,0.0835554
874685,36,1,207469,56948,50436,150521,303323,0,0,0,0,0.0792392
874686,36,1,215405,59343,52268,156062,315522,0,0,0,0,0.0589273
874687,36,1,224950,62389,54934,162561,332632,0,0,0,0,0.0636803
874688,36,1,211472,58524,51862,152948,312767,0,0,0,0,0.0600003
874689,36,1,204407,55398,49054,149009,291568,0,0,0,0,0.0551317
874700,36,1,193591,51577,45409,142014,270899,0,0,0,0,0.0726859
874701,36,1,179677,48267,42288,131410,254907,0,0,0,0,0.0688977
874702,36,1,186643,50971,44734,135672,271237,0,0,0,0,0.0818186
874703,36,1,189154,51813,45605,137341,276242,0,0,0,0,0.0805846
874704,36,1,197801,53601,47400,144200,281340,0,0,0,0,0.0562941
874705,36,1,202186,55106,48745,147080,290835,0,0,0,0,0.0779127
874706,36,1,205733,57043,50428,148690,303737,0,0,0,0,0.0895398
874707,36,1,211326,59023,52306,152303,315108,0,0,0,0,0.092164
874708,36,1,207368,56986,50363,150382,301975,0,0,0,0,0.0875823
874709,36,1,195215,52835,46660,142380,277233,0,0,0,0,0.0736099
875040,18,2,304634,84650,74452,219971,449507,1,0,0,0,0.191341
875041,18,1,179702,47287,41660,132415,247593,0,0,0,0,0.0605063
875044,18,1,179501,47715,42062,131786,251080,0,0,0,0,0.0592306
875049,18,2,336434,91377,80375,245044,485482,1,0,0,0,0.189665
875062,36,1,184582,49393,43142,135189,261450,0,0,0,0,0.0589751
875065,36,1,194301,52591,46287,141710,278885,0,0,0,0,0.0768005
875068,36,2,190874,51568,45104,139294,273541,1,0,0,0,0.129727
875100,18,2,284139,78744,69256,205382,418197,1,0,0,0,0.193433
875101,18,1,178789,47021,41443,131768,246132,0,0,0,0,0.0806513
875104,18,1,178912,47466,41815,131446,249554,0,0,0,0,0.0956101
875109,18,2,339344,92272,81072,247059,490217,1,0,0,0,0.178266
875122,36,1,185172,49640,43401,135532,262836,0,0,0,0,0.0613563
875125,36,1,194772,52576,46376,142196,278449,0,0,0,0,0.064017
875128,36,2,191560,51809,45235,139739,275085,1,0,0,0,0.174393
875150,18,1,176119,47376,41917,128743,249871,0,0,0,0,0.0627081
875151,18,1,163123,42760,37603,120363,225181,0,0,0,0,0.0603547
875154,18,1,187626,49915,44023,137711,263088,0,0,0,0,0.0807868
875159,18,1,187327,49752,43835,137575,262028,0,0,0,0,0.081945
875172,36,1,176994,47466,41634,129528,252886,0,0,0,0,0.0641816
875175,36,1,199163,54514,48214,144649,290351,0,0,0,0,0.0799271
875178,36,1,200006,54389,47969,145617,289112,0,0,0,0,0.0848791
875190,18,1,186235,49186,43529,137049,257179,0,0,0,0,0.119017
875191,18,1,168849,44890,39545,123959,236274,0,0,0,0,0.0866321
875194,18,2,352666,96388,84938,256265,511046,1,0,0,0,0.257427
875199,18,2,347568,94514,83704,253041,500632,1,0,0,0,0.232725
875212,36,1,183818,49646,43689,134172,264925,0,0,0,0,0.0770676
875215,36,1,208287,57443,51130,150844,306572,0,0,0,0,0.0942106
875218,36,1,208334,57363,50572,150971,306061,0,0,0,0,0.0955672
875220,18,1,172820,45034,39296,127786,235965,0,0,0,0,0.0947094
875221,18,1,164182,43332,37799,120850,228978,0,0,0,0,0.0656298
875224,18,2,262568,72371,63646,190185,384272,1,0,0,0,0.196941
875229,18,2,258786,71200,62627,187574,378087,1,0,0,0,0.189392
875242,36,1,183248,49448,43772,133800,264509,0,0,0,0,0.100215
875245,36,1,205437,56309,50333,149128,300529,0,0,0,0,0.0948069
875248,36,1,208084,57249,50890,150835,306000,0,0,0,0,0.092547
875270,18,1,173386,45808,40232,127578,241626,0,0,0,0,0.120436
875271,18,1,161952,43154,37919,118798,228808,0,0,0,0,0.0804265
875272,18,1,158582,41645,36165,116937,220425,0,0,0,0,0.0591835
875273,18,1,156008,40618,35440,115390,214788,0,0,0,0,0.0561321
875274,18,1,179595,48341,42534,131254,255215,0,0,0,0,0.054765
875275,18,2,218135,59780,52950,158342,320685,1,0,0,0,0.156324
875276,18,2,220520,60716,53900,159791,326429,1,0,0,0,0.197598
875277,18,2,215788,59368,52309,156407,319568,1,0,0,0,0.154359
875278,18,2,213265,58799,51824,154453,316220,1,0,0,0,0.141742
875279,18,1,176402,47271,41503,129131,249426,0,0,0,0,0.0524433
875550,18,1,173334,45719,40678,127615,239960,0,0,0,0,0.0786613
875551,18,1,160640,42762,37758,117878,226401,0,0,0,0,0.0597195
875552,18,1,181596,49468,43725,132128,263615,0,0,0,0,0.0611872
875553,18,1,173777,47188,41737,126589,251891,0,0,0,0,0.0616629
875554,18,2,200732,55052,48255,145667,292853,1,0,0,0,0.164959
875555,18,1,196265,53245,47389,143020,281415,0,0,0,0,0.0700365
875556,18,1,191826,52516,46648,139310,279914,0,0,0,0,0.0818993
875557,18,1,199971,55589,49424,144382,297915,0,0,0,0,0.0724075
875558,18,1,197166,54035,48016,143131,286594,0,0,0,0,0.0664884
875559,18,2,195183,53030,46559,142140,281563,1,0,0,0,0.154412
875820,36,1,184436,49546,43306,134890,261973,0,0,0,0,0.0819161
875821,36,1,173672,47157,41025,126515,251059,0,0,0,0,0.0695808
875822,36,1,180780,49486,43337,131294,264789,0,0,0,0,0.076822
875823,36,1,180068,49407,43121,130661,264978,0,0,0,0,0.0617043
875824,36,1,192598,52771,46544,139827,279768,0,0,0,0,0.059234
875825,36,1,193763,52903,46851,140860,280862,0,0,0,0,0.0651688
875826,36,1,199427,55680,48991,143747,298882,0,0,0,0,0.0611213
875827,36,1,202602,56982,50238,145620,306698,0,0,0,0,0.0712543
875828,36,1,199242,54971,48689,144271,293069,0,0,0,0,0.0817797
875829,36,1,189050,51685,45486,137365,274099,0,0,0,0,0.0579067
876390,18,1,164873,42943,37671,121930,225542,0,0,0,0,0.0869051
876391,18,1,147823,38797,33992,109026,205476,0,0,0,0,0.0580646
876392,18,1,171815,46804,41044,125011,251426,0,0,0,0,0.0716825
876393,18,1,171537,46687,40941,124850,250720,0,0,0,0,0.0651738
876394,18,1,162399,42719,37506,119680,224252,0,0,0,0,0.064108
876395,18,1,188291,51661,45889,136630,276764,0,0,0,0,0.0733522
876396,18,1,188192,51621,45857,136571,276525,0,0,0,0,0.0870745
876397,18,1,193877,53897,47761,139980,289959,0,0,0,0,0.0697811
876398,18,1,194025,53969,47803,140056,290402,0,0,0,0,0.0682179
876399,18,1,160866,42337,37281,118529,222459,0,0,0,0,0.0574952
877800,3,1,148177,39460,33872,108717,207515,0,0,0,0,0.0801298
877801,9,1,152208,41472,35343,110736,219212,0,0,0,0,0.0681061
877804,9,1,176593,48732,42163,127861,257279,0,0,0,0,0.0651704
877809,9,1,156719,42379,36544,114340,222732,0,0,0,0,0.0568264
877810,3,1,155888,41182,35565,114706,214787,0,0,0,0,0.0872708
877811,9,1,162726,44064,37533,118662,231618,0,0,0,0,0.0873733
877814,9,1,189866,52173,45180,137693,273520,0,0,0,0,0.0784345
877819,9,1,164429,44105,37687,120324,229303,0,0,0,0,0.057089
877820,3,1,161663,42077,36456,119586,219368,0,0,0,0,0.0961845
877821,9,1,153521,41330,35795,112191,217808,0,0,0,0,0.0660784
877824,9,2,186691,50486,44058,136192,264651,1,0,0,0,0.151028
877829,9,2,175868,46922,41125,128933,244812,1,0,0,0,0.152625
877830,3,1,161656,42073,36468,119583,219342,0,0,0,0,0.076643
877831,9,1,159030,42318,36663,116712,221678,0,0,0,0,0.0591297
877834,9,2,196880,53132,45953,143735,279393,1,0,0,0,0.197081
877839,9,2,191609,51180,44540,140417,267902,1,0,0,0,0.149381
877840,9,1,142900,37604,32028,105296,197177,0,0,0,0,0.0803244
877841,9,2,182213,48754,42064,133446,255760,1,0,0,0,0.195989
877842,18,1,164049,44003,38384,120046,231360,0,0,0,0,0.0757932
877844,9,2,198985,54224,46672,144748,285727,1,0,0,0,0.167134
877845,18,2,163927,43113,37295,120801,224808,1,0,0,0,0.127356
877848,18,2,159016,41597,35939,117406,216751,1,0,0,0,0.13119
877849,9,2,169617,44937,38870,124667,234040,1,0,0,0,0.154306
877870,3,1,165605,44028,38831,121577,229822,0,0,0,0,0.0837352
877871,9,1,155756,41336,35778,114420,215994,0,0,0,0,0.07463
877874,9,1,178229,47567,41581,130662,247608,0,0,0,0,0.0617656
877879,9,1,156603,40802,35445,115801,210820,0,0,0,0,0.0532396
877880,3,1,183699,49456,43402,134243,258911,0,0,0,0,0.072104
877881,9,1,173606,46809,40144,126797,245587,0,0,0,0,0.0550697
877884,9,1,189997,51545,44806,138452,270480,0,0,0,0,0.0517906
877889,9,1,190354,51277,44612,139077,268341,0,0,0,0,0.0528331
877890,3,1,184183,49679,43497,134504,260230,0,0,0,0,0.102895
877891,9,1,192269,52280,45275,139989,273480,0,0,0,0,0.0780963
877894,9,1,190805,51961,45421,138844,272507,0,0,0,0,0.0560768
877899,9,1,179822,47800,41246,132022,249138,0,0,0,0,0.0501592
877900,9,1,170893,45599,38896,125294,238500,0,0,0,0,0.0781307
877901,9,1,195858,53130,45835,142728,278476,0,0,0,0,0.0776208
877902,18,1,182992,49482,43050,133510,259384,0,0,0,0,0.0630142
877904,9,1,176143,47417,41551,128726,248093,0,0,0,0,0.0716223
877905,18,1,194110,53133,46164,140977,280079,0,0,0,0,0.0548262
877908,18,1,194202,52953,46064,141249,277617,0,0,0,0,0.057303
877909,9,1,199397,54214,47724,145183,283318,0,0,0,0,0.069618
877930,3,1,180871,49182,42807,131689,257399,0,0,0,0,0.0722965
877931,9,1,165565,45145,38802,120420,237367,0,0,0,0,0.0551323
877934,9,1,190539,51796,45154,138743,270750,0,0,0,0,0.0529343
877939,9,2,308856,86019,74892,222824,453786,1,0,0,0,0.148269
877940,3,1,180954,49202,42837,131752,257495,0,0,0,0,0.0707409
877941,9,2,169856,45875,39850,123970,241363,1,0,0,0,0.124071
877944,9,2,171071,46539,40360,124520,245086,1,0,0,0,0.124029
877949,9,1,172408,46330,39908,126078,241397,0,0,0,0,0.0510427
877950,9,1,163760,44241,37732,119519,231371,0,0,0,0,0.0515555
877951,9,1,186302,50846,44008,135456,265714,0,0,0,0,0.0555519
877954,9,2,199984,55603,48523,144368,294510,1,0,0,0,0.133152
877955,18,2,199268,55481,48058,143774,293948,1,0,0,0,0.157069
877958,18,1,187784,51528,44540,136256,270988,0,0,0,0,0.0523202
877959,9,1,173354,47200,40777,126154,246726,0,0,0,0,0.0551288
877962,18,1,175878,47930,41696,127948,251001,0,0,0,0,0.0500313
877980,3,1,179817,48936,43463,130881,255998,0,0,0,0,0.108153
877981,9,2,170503,46052,40100,124440,241343,1,0,0,0,0.127262
877984,9,2,160444,43264,37501,117168,226381,1,0,0,0,0.127344
877989,9,1,173813,45917,39994,127896,237795,0,0,0,0,0.0779578
877990,9,1,157674,42642,36913,115032,223142,0,0,0,0,0.0848302
877991,9,2,178472,49086,42709,129374,258189,1,0,0,0,0.129023
877994,9,2,205204,57316,49877,147875,302998,1,0,0,0,0.129263
877999,9,1,179916,48794,42161,131122,256084,0,0,0,0,0.0571287
878002,18,2,164471,44526,38466,119933,233899,1,0,0,0,0.11896
878005,18,2,204391,57549,50043,146829,305391,1,0,0,0,0.127405
878008,18,1,184198,49464,43106,134734,258871,0,0,0,0,0.053767
878020,9,1,168930,44758,38731,124172,231170,0,0,0,0,0.0533977
878021,9,2,177894,48556,41870,129326,253631,1,0,0,0,0.130747
878024,9,2,291139,81031,70068,210096,426040,1,0,0,0,0.152421
878029,9,1,167586,44544,38205,123042,231586,0,0,0,0,0.0538631
878042,18,2,168575,45795,39707,122769,240824,1,0,0,0,0.160643
878045,18,2,281397,77808,67499,203576,411054,1,0,0,0,0.190591
878048,18,1,179427,48485,42064,130942,253608,0,0,0,0,0.0536953
878070,9,1,160875,42355,36961,118520,217715,0,0,0,0,0.0551346
878071,9,2,174654,46873,40706,127769,243609,1,0,0,0,0.135369
878072,9,2,163024,43676,37798,119336,228381,1,0,0,0,0.162768
878073,9,2,166416,44880,38869,121524,235012,1,0,0,0,0.13448
878074,9,2,183695,49648,43123,134034,257928,1,0,0,0,0.133323
878075,9,2,178789,48737,42408,130039,255839,1,0,0,0,0.132178
878076,9,2,272588,76029,66422,196546,402405,1,0,0,0,0.175332
878077,9,1,156051,41069,36105,114982,213041,0,0,0,0,0.0503364
878078,9,1,168847,45520,40116,123327,238240,0,0,0,0,0.0544698
878079,9,1,174914,46689,40916,128225,243142,0,0,0,0,0.0577035
878080,3,1,148007,39292,33867,108715,206382,0,0,0,0,0.0811316
878081,9,1,153161,41511,35444,111650,219106,0,0,0,0,0.0609477
878084,9,1,178419,48921,42342,129498,257868,0,0,0,0,0.0652618
878089,9,1,158614,42727,36803,115887,224366,0,0,0,0,0.0830029
878090,3,1,155266,40887,35444,114379,212972,0,0,0,0,0.0854073
878091,9,1,162925,43870,37476,119055,230249,0,0,0,0,0.0849516
878094,9,1,190648,52023,45114,138625,272234,0,0,0,0,0.0725282
878099,9,1,166376,44507,38089,121869,231262,0,0,0,0,0.0550741
878100,3,1,161721,41994,36460,119727,218817,0,0,0,0,0.0757268
878101,9,1,155764,41641,36018,114123,219001,0,0,0,0,0.0555136
878104,9,2,187382,50518,44115,136851,264531,1,0,0,0,0.128745
878109,9,2,177206,47162,41303,130031,245874,1,0,0,0,0.123197
878110,3,1,161714,41990,36472,119724,218791,0,0,0,0,0.0734067
878111,9,1,161622,42834,37067,118788,224179,0,0,0,0,0.0514661
878114,9,2,197363,53088,45939,144262,278986,1,0,0,0,0.132766
878119,9,2,191578,50980,44357,140586,266629,1,0,0,0,0.171527
878120,9,1,143302,37529,32064,105773,196477,0,0,0,0,0.0597953
878121,9,2,181882,48646,42014,133223,255302,1,0,0,0,0.159931
878122,18,1,165546,44172,38632,121374,231942,0,0,0,0,0.0533069
878124,9,2,199739,54231,46675,145495,285488,1,0,0,0,0.157978
878125,18,2,163906,42943,37182,120950,223715,1,0,0,0,0.132233
878128,18,2,158946,41383,35826,117550,215345,1,0,0,0,0.151166
878129,9,2,169510,44720,38742,124777,232647,1,0,0,0,0.139037
878150,3,1,167548,44472,39234,123076,231999,0,0,0,0,0.0800688
878151,9,1,156735,41532,36064,115203,216842,0,0,0,0,0.0552872
878154,9,1,179329,47859,41966,131470,249088,0,0,0,0,0.0546449
878159,9,1,158072,41143,35761,116929,212383,0,0,0,0,0.0521771
878160,3,1,184381,49468,43473,134913,258538,0,0,0,0,0.077154
878161,9,1,174214,46891,40311,127323,245868,0,0,0,0,0.0753525
878164,9,1,190106,51460,44834,138646,269778,0,0,0,0,0.0541984
878169,9,1,191744,51471,44826,140273,269006,0,0,0,0,0.0744997
878170,3,1,184789,49670,43595,135119,259743,0,0,0,0,0.0877614
878171,9,1,193847,52698,45625,141149,275575,0,0,0,0,0.0547717
878174,9,1,192183,52320,45679,139863,274313,0,0,0,0,0.0547311
878179,9,1,179856,47659,41227,132197,248091,0,0,0,0,0.0545611
878180,9,1,172538,45921,39238,126617,239963,0,0,0,0,0.0545017
878181,9,1,197773,53566,46234,144207,280546,0,0,0,0,0.0544946
878182,18,1,184015,49688,43297,134327,260364,0,0,0,0,0.0526787
878184,9,1,178141,48055,42174,130086,251588,0,0,0,0,0.0570408
878185,18,1,196545,53845,46714,142700,283965,0,0,0,0,0.056419
878188,18,1,196189,53369,46511,142820,279580,0,0,0,0,0.0555607
878189,9,1,200848,54291,47827,146557,283085,0,0,0,0,0.0656835
878210,3,1,180343,48895,42632,131448,255602,0,0,0,0,0.0773224
878211,9,1,166111,45249,38929,120862,237753,0,0,0,0,0.0684527
878214,9,1,191018,51786,45202,139232,270440,0,0,0,0,0.0724933
878219,9,2,311253,86270,75135,224970,454486,1,0,0,0,0.181417
878220,3,1,180429,48918,42665,131511,255716,0,0,0,0,0.0885643
878221,9,2,169158,45411,39422,123736,238321,1,0,0,0,0.169585
878224,9,2,173384,46954,40698,126418,246858,1,0,0,0,0.130789
878229,9,1,173375,46504,40120,126871,242204,0,0,0,0,0.060639
878230,9,1,164071,44095,37619,119976,230143,0,0,0,0,0.0570847
878231,9,1,186818,50753,43990,136065,264678,0,0,0,0,0.0569553
878234,9,2,201919,55855,48778,146051,295284,1,0,0,0,0.162664
878235,18,2,200762,55670,48267,145079,294508,1,0,0,0,0.132893
878238,18,1,188591,51429,44490,137162,269921,0,0,0,0,0.0531034
878239,9,1,173835,47002,40664,126833,245073,0,0,0,0,0.0829396
878242,18,1,176900,48048,41786,128852,251351,0,0,0,0,0.0521729
878260,3,1,181618,49436,44005,132182,258570,0,0,0,0,0.0890734
878261,9,2,171021,46045,40025,124965,241062,1,0,0,0,0.131672
878264,9,2,161476,43399,37664,118065,226853,1,0,0,0,0.120324
878269,9,1,174925,46158,40217,128767,238928,0,0,0,0,0.054182
878270,9,1,159470,43185,37560,116285,226057,0,0,0,0,0.0786242
878271,9,2,178247,48879,42447,129356,257019,1,0,0,0,0.136915
878274,9,2,205679,57227,49829,148439,302279,1,0,0,0,0.132918
878279,9,1,180806,48795,42153,132011,255746,0,0,0,0,0.0605192
878282,18,2,165247,44541,38439,120694,233783,1,0,0,0,0.12324
878285,18,2,205541,57601,50111,147927,305330,1,0,0,0,0.133998
878288,18,1,186149,49870,43432,136279,260782,0,0,0,0,0.056403
878300,9,1,171049,45348,39349,125701,234207,0,0,0,0,0.0562489
878301,9,2,177452,48219,41518,129221,251498,1,0,0,0,0.135188
878304,9,2,265521,73525,63631,191984,386012,1,0,0,0,0.14874
878309,9,1,168665,44681,38337,123984,232052,0,0,0,0,0.0551609
878322,18,2,169227,45659,39465,123557,239621,1,0,0,0,0.123774
878325,18,2,255955,70337,61329,185605,370920,1,0,0,0,0.138025
878328,18,1,180536,48530,42088,132006,253461,0,0,0,0,0.0551629
878350,9,1,163438,43047,37555,120391,221302,0,0,0,0,0.0544042
878351,9,2,174803,46662,40390,128129,242183,1,0,0,0,0.124142
878352,9,2,162896,43304,37403,119580,225921,1,0,0,0,0.125707
878353,9,2,168273,45040,38884,123221,235362,1,0,0,0,0.132847
878354,9,2,184473,49610,43111,134850,257390,1,0,0,0,0.130871
878355,9,2,179758,48696,42385,131049,255171,1,0,0,0,0.122063
878356,9,2,248164,68655,59872,179496,362721,1,0,0,0,0.144909
878357,9,1,157274,41262,36213,116012,213675,0,0,0,0,0.0652866
878358,9,1,170790,45886,40409,124904,239886,0,0,0,0,0.079614
878359,9,1,176193,46875,41048,129318,243838,0,0,0,0,0.0837034
878360,3,1,148438,39689,33886,108749,210500,0,0,0,0,0.121523
878361,9,1,151239,41832,35366,109407,223690,0,0,0,0,0.0920988
878364,9,1,177443,49591,42870,127852,264514,0,0,0,0,0.086739
878369,9,1,156661,42898,36740,113763,227826,0,0,0,0,0.096285
878370,3,1,155346,41104,35273,114242,216398,0,0,0,0,0.118058
878371,9,1,160126,43840,37238,116286,232702,0,0,0,0,0.0718158
878374,9,1,185936,51328,44419,134608,271240,0,0,0,0,0.0929033
878379,9,1,163959,44491,37636,119468,234241,0,0,0,0,0.072104
878380,3,1,159477,42243,36586,117234,223400,0,0,0,0,0.112872
878381,9,1,155200,42259,36320,112941,225351,0,0,0,0,0.0865869
878384,9,1,192204,54729,47798,137475,293306,0,0,0,0,0.0828382
878389,9,1,191681,53034,46676,138647,281249,0,0,0,0,0.0664148
878390,3,1,159440,42232,36582,117208,223312,0,0,0,0,0.0898193
878391,9,1,160420,43464,37275,116956,230817,0,0,0,0,0.061731
878394,9,1,168697,46668,40020,122029,249054,0,0,0,0,0.0655337
878399,9,1,176713,47553,41251,129160,250741,0,0,0,0,0.0677286
878400,9,1,136145,36056,30646,100089,191341,0,0,0,0,0.0726985
878401,9,1,159230,44116,38331,115114,235656,0,0,0,0,0.0805237
878402,18,1,164903,44938,39225,119965,239899,0,0,0,0,0.0806925
878404,9,1,155067,42499,36522,112568,225925,0,0,0,0,0.0890305
878405,18,1,177352,49258,42741,128094,263006,0,0,0,0,0.0625999
878408,18,2,339867,92802,79840,247053,493283,1,0,0,0,0.218941
878409,9,2,251775,69013,59876,182750,367601,1,0,0,0,0.195805
878430,3,1,170014,45301,39500,124713,237393,0,0,0,0,0.0917239
878431,9,1,160569,43152,36984,117417,226649,0,0,0,0,0.0956896
878434,9,1,182317,49306,42942,133011,257807,0,0,0,0,0.0979886
878439,9,1,169275,45009,39200,124266,234738,0,0,0,0,0.0835837
878440,3,1,186237,50028,43476,136209,262298,0,0,0,0,0.101557
878441,9,1,167007,44704,38323,122303,234423,0,0,0,0,0.0855919
878444,9,1,181072,48471,41729,132601,252759,0,0,0,0,0.0956847
878449,9,1,199745,54063,46980,145682,282797,0,0,0,0,0.0820739
878450,3,1,186263,50026,43472,136237,262281,0,0,0,0,0.11274
878451,9,1,201613,56153,48956,145460,296171,0,0,0,0,0.0908522
878454,9,1,197598,54717,47515,142881,289087,0,0,0,0,0.0906604
878459,9,1,186055,50067,43223,135988,261943,0,0,0,0,0.0770277
878460,9,1,177355,48109,41130,129246,253183,0,0,0,0,0.102595
878461,9,1,195341,53774,46927,141567,283351,0,0,0,0,0.093592
878462,18,1,189063,51754,45057,137309,273249,0,0,0,0,0.0856534
878464,9,1,184189,50498,44090,133691,266251,0,0,0,0,0.0946121
878465,18,1,206759,57358,50132,149401,304046,0,0,0,0,0.0953165
878468,18,1,195622,52869,45508,142753,276334,0,0,0,0,0.0891607
878469,9,1,204192,55851,48780,148341,292801,0,0,0,0,0.109209
878490,3,1,192218,51891,45092,140327,272162,0,0,0,0,0.0930875
878491,9,1,172905,46377,39698,126528,242921,0,0,0,0,0.0876281
878494,9,2,302491,83953,72772,218527,444315,1,0,0,0,0.261992
878499,9,1,190681,52326,45101,138355,274612,0,0,0,0,0.085484
878500,3,1,192261,51897,45090,140364,272185,0,0,0,0,0.111343
878501,9,1,196936,53726,46475,143210,282479,0,0,0,0,0.06919
878504,9,1,207656,56421,48974,151235,296775,0,0,0,0,0.0839258
878509,9,1,182688,49599,43015,133089,260427,0,0,0,0,0.0796127
878510,9,1,179915,48848,41862,131067,257065,0,0,0,0,0.0913555
878511,9,1,203782,56433,48933,147349,296753,0,0,0,0,0.0828071
878514,9,1,204911,56209,49126,148702,295115,0,0,0,0,0.0902169
878515,18,1,215527,59738,52222,155789,316156,0,0,0,0,0.0922986
878518,18,1,192705,52241,45125,140464,274824,0,0,0,0,0.0797179
878519,9,1,191058,52136,45485,138922,273425,0,0,0,0,0.102392
878522,18,1,194506,53164,45956,141342,280678,0,0,0,0,0.0626038
878540,3,1,171270,45611,39668,125659,239206,0,0,0,0,0.101416
878541,9,1,187954,51793,45271,136161,273788,0,0,0,0,0.0966901
878544,9,1,219107,60858,53666,158249,320769,0,0,0,0,0.0791015
878549,9,1,162576,43530,37752,119046,228262,0,0,0,0,0.069344
878550,9,1,165369,44750,38119,120619,235681,0,0,0,0,0.0933962
878551,9,1,194256,53098,45887,141158,279512,0,0,0,0,0.0724165
878554,9,1,206996,56345,49100,150651,296406,0,0,0,0,0.0629463
878559,9,1,187675,51292,44249,136383,271028,0,0,0,0,0.0645352
878562,18,1,211617,58422,50409,153195,309575,0,0,0,0,0.0776003
878565,18,1,216025,59979,52592,156046,317473,0,0,0,0,0.0815608
878568,18,1,182130,49064,42306,133066,258333,0,0,0,0,0.0670684
878580,9,1,183163,49614,43209,133549,259751,0,0,0,0,0.0890795
878581,9,1,199337,54075,46459,145262,283301,0,0,0,0,0.07118
878584,9,2,284371,79156,69212,205204,419520,1,0,0,0,0.219006
878589,9,1,169695,45441,38996,124254,239400,0,0,0,0,0.061862
878602,18,1,209961,57287,49173,152674,300877,0,0,0,0,0.0648979
878605,18,1,196830,54058,46662,142772,285739,0,0,0,0,0.0780492
878608,18,1,187346,50801,43521,136545,268292,0,0,0,0,0.0815287
878630,9,1,167325,44440,38727,122885,231948,0,0,0,0,0.083232
878631,9,1,201538,54664,47547,146874,286198,0,0,0,0,0.0772711
878632,9,1,192785,52109,44922,140676,273293,0,0,0,0,0.0546986
878633,9,1,215812,59947,52667,155865,316617,0,0,0,0,0.0781119
878634,9,1,191551,52237,45113,139314,273820,0,0,0,0,0.0601198
878635,9,1,179879,48895,42348,130984,256858,0,0,0,0,0.0544798
878636,9,1,189901,51705,44960,138196,271698,0,0,0,0,0.0877159
878637,9,1,160827,42797,37053,118030,224120,0,0,0,0,0.0549868
878638,9,1,183847,50187,43406,133660,265985,0,0,0,0,0.0656793
878639,9,1,165908,44230,38104,121678,233099,0,0,0,0,0.0611642
878640,3,1,147633,38596,32544,109037,202406,0,0,0,0,0.159577
878641,9,1,149507,40040,34060,109467,211282,0,0,0,0,0.143548
878644,9,1,182759,50145,43334,132614,265111,0,0,0,0,0.103356
878649,9,1,163454,44050,37743,119404,232057,0,0,0,0,0.109109
878650,3,1,151384,39831,33862,111553,208836,0,0,0,0,0.119628
878651,9,1,154203,41633,35457,112570,220060,0,0,0,0,0.0775763
878654,9,1,179476,48277,41580,131199,253877,0,0,0,0,0.0992937
878659,9,1,147573,38667,33012,108906,202380,0,0,0,0,0.0899689
878660,3,1,185594,50867,44481,134727,268844,0,0,0,0,0.116264
878661,9,1,187486,51575,44245,135911,272438,0,0,0,0,0.0834419
878664,9,1,207882,57264,49238,150618,301269,0,0,0,0,0.0920204
878669,9,1,212317,57847,50246,154470,304392,0,0,0,0,0.106108
878670,3,1,185654,50884,44487,134770,268940,0,0,0,0,0.109332
878671,9,1,218198,60452,52209,157746,317717,0,0,0,0,0.0971747
878674,9,1,218776,60233,52487,158543,315698,0,0,0,0,0.0972694
878679,9,1,194431,52527,45203,141904,276846,0,0,0,0,0.0824572
878680,9,1,168118,45249,38683,122869,238411,0,0,0,0,0.087103
878681,9,1,204540,55974,48267,148566,294311,0,0,0,0,0.0719047
878682,18,1,186361,51122,44333,135239,270663,0,0,0,0,0.0774867
878684,9,1,174520,47820,42221,126700,253657,0,0,0,0,0.0782634
878685,18,1,208713,57837,50888,150876,307493,0,0,0,0,0.0755047
878688,18,1,212822,59322,51037,153500,314635,0,0,0,0,0.0837456
878689,9,1,195304,52676,45542,142628,276961,0,0,0,0,0.110862
878710,3,1,176406,47817,41877,128589,251187,0,0,0,0,0.141105
878711,9,1,175354,48164,41568,127190,254358,0,0,0,0,0.0704307
878714,9,1,201819,54852,47793,146967,287574,0,0,0,0,0.0868481
878719,9,1,165641,43599,37776,122042,226539,0,0,0,0,0.0716641
878720,3,1,202365,56167,49540,146198,296695,0,0,0,0,0.10015
878721,9,1,203372,56117,48353,147255,294801,0,0,0,0,0.0754324
878724,9,1,216864,59529,51630,157335,311527,0,0,0,0,0.0701407
878729,9,1,209054,56377,49037,152677,294252,0,0,0,0,0.0657471
878730,3,1,202371,56161,49523,146210,296662,0,0,0,0,0.0989888
878731,9,1,244085,68344,59625,175741,358758,0,0,0,0,0.0754018
878734,9,1,242216,67831,59280,174385,356700,0,0,0,0,0.0792226
878739,9,1,198916,54064,46806,144852,283979,0,0,0,0,0.0743267
878740,9,1,186021,51159,44378,134862,270240,0,0,0,0,0.0724539
878741,9,1,221102,61210,53190,159892,320955,0,0,0,0,0.0695253
878742,18,1,209567,58088,51090,151479,306706,0,0,0,0,0.0775626
878744,9,1,189839,51410,45605,138429,269669,0,0,0,0,0.07002
878745,18,1,230411,64733,57237,165678,344071,0,0,0,0,0.0740473
878748,18,1,229301,64466,55603,164835,340901,0,0,0,0,0.0890334
878749,9,1,207625,56479,49512,151146,296182,0,0,0,0,0.0970925
878770,3,1,206890,57047,50007,149843,301000,0,0,0,0,0.0960164
878771,9,1,182367,49734,43148,132633,262093,0,0,0,0,0.0680465
878774,9,1,215779,59503,51465,156276,315065,0,0,0,0,0.0768288
878779,9,1,226792,63150,54714,163642,334397,0,0,0,0,0.0962927
878780,3,1,206894,57039,50003,149855,300937,0,0,0,0,0.0984443
878781,9,1,222763,61348,53592,161415,321685,0,0,0,0,0.0698151
878784,9,1,227801,63710,55932,164091,338880,0,0,0,0,0.0738699
878789,9,1,213415,58511,51137,154904,308693,0,0,0,0,0.0679629
878790,9,1,208153,57928,49861,150225,305550,0,0,0,0,0.0768458
878791,9,1,230613,63697,55159,166916,332823,0,0,0,0,0.0711962
878794,9,2,240166,68813,60325,171340,368355,1,0,0,0,0.154424
878795,18,1,243404,68487,60253,174917,364878,0,0,0,0,0.0706458
878798,18,1,232303,64728,55968,167575,343129,0,0,0,0,0.0683204
878799,9,1,200204,54769,47859,145435,287825,0,0,0,0,0.0744116
878802,18,1,208991,57220,49694,151771,301213,0,0,0,0,0.0773814
878820,3,1,166898,44865,39080,122033,235558,0,0,0,0,0.0882142
878821,9,1,195387,53804,47963,141583,283622,0,0,0,0,0.0686405
878824,9,2,251691,71905,62719,179773,385158,1,0,0,0,0.157061
878829,9,1,216238,59308,51980,156930,310479,0,0,0,0,0.0692271
878830,9,1,170140,46707,39997,123433,246953,0,0,0,0,0.0727038
878831,9,1,238613,66175,57472,172438,346916,0,0,0,0,0.0785087
878834,9,1,231657,65151,57342,166506,347140,0,0,0,0,0.0745694
878839,9,1,236212,65786,57719,170426,347963,0,0,0,0,0.0770404
878842,18,1,229575,64469,56454,165106,342915,0,0,0,0,0.0731391
878845,18,1,249102,70344,61633,178758,375177,0,0,0,0,0.071577
878848,18,1,237863,67388,58702,170475,359550,0,0,0,0,0.0688059
878860,9,1,194795,52608,45625,142187,275334,0,0,0,0,0.063552
878861,9,1,224600,61872,53912,162728,324340,0,0,0,0,0.0741067
878864,9,1,222989,62236,54631,160753,330817,0,0,0,0,0.0739234
878869,9,1,208559,57908,50670,150651,308364,0,0,0,0,0.083735
878882,18,1,241888,67878,58588,174010,358732,0,0,0,0,0.113915
878885,18,1,230666,64353,55779,166313,341668,0,0,0,0,0.0832823
878888,18,1,234656,66205,57262,168451,352827,0,0,0,0,0.0739928
878910,9,1,157009,41128,35547,115881,213345,0,0,0,0,0.0790933
878911,9,1,215570,58685,51101,156885,308042,0,0,0,0,0.0820193
878912,9,1,206812,56634,48774,150178,298628,0,0,0,0,0.0938714
878913,9,1,219778,61900,53584,157878,328746,0,0,0,0,0.127155
878914,9,1,234430,65837,57830,168593,350238,0,0,0,0,0.0872456
878915,9,1,219358,60960,53086,158398,323484,0,0,0,0,0.0792425
878916,9,1,214128,59668,51679,154460,315367,0,0,0,0,0.116065
878917,9,1,212512,58143,51067,154369,304138,0,0,0,0,0.0825347
878918,9,1,238380,66834,58215,171546,355315,0,0,0,0,0.0880982
878919,9,1,202672,56125,48438,146547,299406,0,0,0,0,0.0827029
878920,3,1,152990,39964,34222,113026,208802,0,0,0,0,0.148692
878921,9,1,157658,41913,35844,115745,219962,0,0,0,0,0.126258
878924,9,1,193566,52839,45799,140727,277313,0,0,0,0,0.0944219
878929,9,1,168181,45175,38652,123006,236205,0,0,0,0,0.084694
878930,3,1,157585,41565,35416,116020,217316,0,0,0,0,0.0914265
878931,9,1,158201,42597,36017,115604,224098,0,0,0,0,0.0636647
878934,9,1,183379,49034,42109,134345,255922,0,0,0,0,0.0784239
878939,9,1,151862,39550,33689,112312,205439,0,0,0,0,0.0741687
878940,3,1,170654,45405,39128,125249,238279,0,0,0,0,0.0916145
878941,9,1,174855,47820,40776,127035,252905,0,0,0,0,0.0752011
878944,9,1,198274,54442,46990,143832,286643,0,0,0,0,0.0981648
878949,9,1,191881,52472,45468,139409,277227,0,0,0,0,0.0792523
878950,3,1,170803,45440,39126,125363,238470,0,0,0,0,0.0901199
878951,9,1,199742,55118,47915,144624,290678,0,0,0,0,0.0933973
878954,9,1,212724,58932,51223,153792,310375,0,0,0,0,0.110371
878959,9,1,175988,47610,40766,128378,252763,0,0,0,0,0.074002
878960,9,1,163120,43652,36845,119468,229972,0,0,0,0,0.0742221
878961,9,1,183799,49615,42771,134184,261660,0,0,0,0,0.0631187
878962,18,1,167034,44676,38511,122358,235167,0,0,0,0,0.0818039
878964,9,1,181627,49657,43616,131970,262376,0,0,0,0,0.079408
878965,18,1,205400,56968,49986,148432,303498,0,0,0,0,0.0710886
878968,18,1,200820,55544,48221,145276,295684,0,0,0,0,0.0688836
878969,9,1,181147,49451,43060,131696,262421,0,0,0,0,0.0907532
878990,3,1,183435,49405,43225,134030,257923,0,0,0,0,0.0909769
878991,9,1,179205,48583,41809,130622,254451,0,0,0,0,0.0702139
878994,9,1,205173,55478,48411,149695,288707,0,0,0,0,0.0660051
878999,9,1,164372,43013,37108,121359,221539,0,0,0,0,0.057696
879000,3,1,197301,54246,47790,143055,285803,0,0,0,0,0.0939678
879001,9,1,191594,52673,45516,138921,277765,0,0,0,0,0.0673936
879004,9,2,189799,50811,44402,138975,266551,1,0,0,0,0.155304
879009,9,1,197977,53766,46748,144211,281131,0,0,0,0,0.0617488
879010,3,1,197192,54212,47754,142980,285621,0,0,0,0,0.117433
879011,9,1,229579,64212,56155,165367,338114,0,0,0,0,0.0800985
879014,9,1,234645,65721,57527,168924,346456,0,0,0,0,0.0776252
879019,9,1,187313,50979,43983,136334,269469,0,0,0,0,0.0681748
879020,9,1,182002,49834,43269,132168,263044,0,0,0,0,0.067428
879021,9,1,209030,57831,50341,151199,304868,0,0,0,0,0.0872847
879022,18,1,192626,52789,46132,139837,278119,0,0,0,0,0.0681981
879024,9,2,308180,85656,75320,222512,454225,1,0,0,0,0.218168
879025,18,1,230176,64921,57287,165255,345672,0,0,0,0,0.0705428
879028,18,1,221184,62838,54553,158346,335478,0,0,0,0,0.0913584
879029,9,1,197636,54425,47611,143211,287931,0,0,0,0,0.09166
879050,3,1,190880,51139,44683,139741,267870,0,0,0,0,0.0904888
879051,9,1,169641,45419,39278,124222,237859,0,0,0,0,0.0649492
879054,9,1,198870,53926,46789,144944,282630,0,0,0,0,0.0713763
879059,9,1,217671,59832,51716,157839,314720,0,0,0,0,0.0718772
879060,3,1,190867,51139,44681,139728,267870,0,0,0,0,0.109454
879061,9,1,203506,55530,48726,147976,291484,0,0,0,0,0.0672395
879064,9,1,211398,58589,51278,152809,310584,0,0,0,0,0.0916633
879069,9,1,204460,55315,48032,149145,290034,0,0,0,0,0.0871577
879070,9,1,188670,51867,44793,136803,273493,0,0,0,0,0.0889717
879071,9,1,211693,57836,50573,153857,301973,0,0,0,0,0.0761688
879074,9,2,234910,66931,58922,167966,357601,1,0,0,0,0.208442
879075,18,1,225236,62574,54417,162662,332250,0,0,0,0,0.0689241
879078,18,1,217906,59726,51281,158180,314230,0,0,0,0,0.0780682
879079,9,1,209227,57081,49523,152146,298945,0,0,0,0,0.0883466
879082,18,1,190930,51505,44738,139425,269786,0,0,0,0,0.0765646
879100,3,1,174326,46299,40163,128027,240856,0,0,0,0,0.0828905
879101,9,2,277882,78386,68500,199484,418726,1,0,0,0,0.224773
879104,9,2,240158,67742,59178,172403,361143,1,0,0,0,0.170825
879109,9,1,183923,49680,43741,134243,259323,0,0,0,0,0.0583861
879110,9,1,174034,47260,40808,126774,247761,0,0,0,0,0.0616116
879111,9,1,226564,62551,54244,164013,328169,0,0,0,0,0.0696551
879114,9,1,217139,60605,52937,156534,321335,0,0,0,0,0.0921661
879119,9,1,208031,57162,49677,150869,301346,0,0,0,0,0.0739638
879122,18,1,223473,62113,54196,161360,329169,0,0,0,0,0.0679339
879125,18,1,231474,64992,56673,166482,346222,0,0,0,0,0.0784418
879128,18,1,209418,57934,50012,151484,306562,0,0,0,0,0.0616095
879140,9,1,199436,53673,46694,145763,278714,0,0,0,0,0.0668948
879141,9,2,176756,47210,41145,129533,247607,1,0,0,0,0.156854
879144,9,1,209176,57111,49745,152065,300143,0,0,0,0,0.0809411
879149,9,1,190972,51891,44784,139081,273727,0,0,0,0,0.0868614
879162,18,1,219789,61358,53365,158431,325347,0,0,0,0,0.0755056
879165,18,1,221451,61200,52708,160251,323276,0,0,0,0,0.0676712
879168,18,1,208182,57612,49673,150570,304759,0,0,0,0,0.0608402
879190,9,1,159581,41755,35923,117826,214990,0,0,0,0,0.0543249
879191,9,1,198761,53821,46890,144940,281265,0,0,0,0,0.0637442
879192,9,1,185062,50008,43089,135054,263892,0,0,0,0,0.0705384
879193,9,1,192998,53636,46793,139362,285095,0,0,0,0,0.10067
879194,9,1,225030,62091,54199,162939,327475,0,0,0,0,0.0872371
879195,9,1,210052,57901,50354,152151,305974,0,0,0,0,0.0678091
879196,9,1,221202,61450,53198,159752,323755,0,0,0,0,0.105208
879197,9,1,182798,49256,43237,133542,256934,0,0,0,0,0.0656362
879198,9,1,205640,56090,48231,149550,295379,0,0,0,0,0.0869763
879199,9,1,185341,50435,43498,134906,266529,0,0,0,0,0.0909269
879200,3,1,171331,44981,39422,126350,235970,0,0,0,0,0.183227
879201,9,1,162526,43576,37640,118950,230470,0,0,0,0,0.127983
879204,9,1,202626,56931,49782,145695,302411,0,0,0,0,0.100347
879209,9,1,206684,56335,48965,150349,295693,0,0,0,0,0.0986127
879210,3,1,187140,49737,43054,137403,261437,0,0,0,0,0.0999767
879211,9,1,175914,47829,40952,128085,253203,0,0,0,0,0.0712533
879214,9,1,206693,56981,49615,149712,300548,0,0,0,0,0.0958147
879219,9,1,197003,53034,46282,143969,277850,0,0,0,0,0.0915334
879220,3,1,188143,49396,42834,138747,257742,0,0,0,0,0.0922034
879221,9,1,179542,47880,41581,131662,250970,0,0,0,0,0.0915754
879224,9,2,224455,63157,55570,161285,337356,1,0,0,0,0.22443
879229,9,1,198445,53712,47155,144733,282457,0,0,0,0,0.0696356
879230,3,1,185292,49077,42493,136215,257248,0,0,0,0,0.0961852
879231,9,1,203087,55314,47822,147773,290487,0,0,0,0,0.104993
879234,9,2,209232,57653,49894,151566,306056,1,0,0,0,0.205937
879239,9,1,171186,45437,38828,125749,239628,0,0,0,0,0.0837458
879240,9,1,162393,43570,37263,118823,229696,0,0,0,0,0.099414
879241,9,1,187754,50158,43640,137596,263063,0,0,0,0,0.0962875
879242,18,1,201654,55167,48098,146487,292592,0,0,0,0,0.0778644
879244,9,1,215888,58785,51056,157103,307899,0,0,0,0,0.0890992
879245,18,1,219211,61011,53218,158200,324412,0,0,0,0,0.0801327
879248,18,1,204120,56364,49042,147756,299353,0,0,0,0,0.0746749
879249,9,1,194029,52175,45320,141854,275229,0,0,0,0,0.103894
879270,3,1,202124,54903,48061,147221,288754,0,0,0,0,0.131882
879271,9,1,179771,49275,42533,130496,260783,0,0,0,0,0.063468
879274,9,2,204621,55298,48229,149310,288180,1,0,0,0,0.163467
879279,9,2,201850,54193,47133,147644,281703,1,0,0,0,0.141948
879280,3,1,220433,60056,52975,160377,315763,0,0,0,0,0.119156
879281,9,1,201811,55777,48639,146034,294869,0,0,0,0,0.0714434
879284,9,2,240007,67217,58884,172777,356509,1,0,0,0,0.190765
879289,9,2,238907,66812,58307,172082,354468,1,0,0,0,0.168541
879290,3,1,196404,51769,45358,144635,269234,0,0,0,0,0.0929982
879291,9,1,217410,59063,51389,158347,307815,0,0,0,0,0.0719169
879294,9,2,227759,63806,55752,163940,339831,1,0,0,0,0.169103
879299,9,1,183025,48069,41181,134956,250435,0,0,0,0,0.0702142
879300,9,1,179922,48363,42023,131559,253670,0,0,0,0,0.0913551
879301,9,1,211727,58329,51114,153398,306970,0,0,0,0,0.096944
879302,18,1,228312,63795,55993,164517,338519,0,0,0,0,0.0938292
879304,9,2,318973,89256,78119,229704,473515,1,0,0,0,0.234394
879305,18,1,233450,65897,57749,167553,350842,0,0,0,0,0.0917944
879308,18,1,221738,61498,53449,160240,324693,0,0,0,0,0.114316
879309,9,1,209162,56855,49458,152307,298909,0,0,0,0,0.107514
879330,3,1,196275,52118,45809,144157,271553,0,0,0,0,0.0930922
879331,9,1,173540,46282,39982,127258,242365,0,0,0,0,0.0681156
879334,9,2,236452,67055,58427,169385,358070,1,0,0,0,0.179364
879339,9,2,229751,65020,56809,164718,346880,1,0,0,0,0.159149
879340,3,1,201930,54035,47340,147895,282471,0,0,0,0,0.0912194
879341,9,1,199455,54267,47206,145188,283960,0,0,0,0,0.0824334
879344,9,1,217816,59780,51729,158036,315914,0,0,0,0,0.0942845
879349,9,1,215605,58498,50452,157107,306828,0,0,0,0,0.104717
879350,9,1,188314,51126,44261,137188,268750,0,0,0,0,0.12726
879351,9,1,214383,57893,50029,156490,301062,0,0,0,0,0.0828939
879354,9,2,225485,63933,55903,161539,342688,1,0,0,0,0.156168
879355,18,1,239780,66766,58025,173014,354685,0,0,0,0,0.0710049
879358,18,1,233634,64300,55855,169334,338350,0,0,0,0,0.0689318
879359,9,1,231206,62116,53993,169090,322917,0,0,0,0,0.0770991
879362,18,1,222049,61045,53451,161004,322029,0,0,0,0,0.0899421
879380,3,1,193805,51110,44478,142695,266387,0,0,0,0,0.122395
879381,9,2,285844,80382,70090,205449,427971,1,0,0,0,0.209895
879384,9,2,226517,63507,55370,162997,339320,1,0,0,0,0.159982
879389,9,2,294256,82152,71660,212091,437099,1,0,0,0,0.164781
879390,9,1,179973,48576,41940,131397,255815,0,0,0,0,0.092965
879391,9,2,225430,63928,55708,161489,342171,1,0,0,0,0.236835
879394,9,1,221540,61050,53255,160490,322799,0,0,0,0,0.0991006
879399,9,2,309333,86401,75944,222919,458410,1,0,0,0,0.241329
879402,18,1,236191,66138,57617,170053,350622,0,0,0,0,0.0868162
879405,18,1,239933,67249,58698,172684,357904,0,0,0,0,0.0736343
879408,18,2,300276,85569,74411,214694,458533,1,0,0,0,0.186693
879420,9,2,200202,53799,47384,146390,279938,1,0,0,0,0.211045
879421,9,2,228409,63528,55362,164868,336279,1,0,0,0,0.237866
879424,9,2,239106,66344,57789,172750,351391,1,0,0,0,0.181553
879429,9,1,201272,55091,47648,146181,291337,0,0,0,0,0.0812191
879442,18,1,228049,62462,54013,165587,328502,0,0,0,0,0.104141
879445,18,1,240496,66633,57767,173863,351558,0,0,0,0,0.0900066
879448,18,2,312223,87841,76402,224369,468910,1,0,0,0,0.170152
879470,9,2,192335,51444,44852,140878,267558,1,0,0,0,0.156331
879471,9,2,221154,61219,53026,159922,324137,1,0,0,0,0.151539
879472,9,1,180028,48100,41819,131928,251782,0,0,0,0,0.0640583
879473,9,1,211156,58272,50631,152884,308312,0,0,0,0,0.0902337
879474,9,2,220773,60997,53203,159763,323105,1,0,0,0,0.151242
879475,9,1,217027,59307,51611,157720,312226,0,0,0,0,0.0698607
879476,9,1,242533,67144,58580,175389,352837,0,0,0,0,0.0782131
879477,9,2,250772,68975,60081,181784,366816,1,0,0,0,0.156663
879478,9,2,271759,74902,65438,196844,397596,1,0,0,0,0.197797
879479,9,1,193708,52843,45794,140865,279461,0,0,0,0,0.0687681
879480,3,1,173651,45820,40224,127831,240581,0,0,0,0,0.152351
879481,9,1,165324,44279,38441,121045,233669,0,0,0,0,0.109133
879484,9,1,184086,50428,44167,133658,266016,0,0,0,0,0.119886
879489,9,1,177229,46654,40703,130575,242169,0,0,0,0,0.0938188
879490,3,1,187982,50091,43458,137891,263422,0,0,0,0,0.123667
879491,9,2,330363,89631,77422,240719,474706,1,0,0,0,0.196591
879494,9,1,182216,48837,42423,133379,256176,0,0,0,0,0.0926757
879499,9,1,169842,44030,37944,125812,228139,0,0,0,0,0.0836102
879500,3,1,189132,49728,43107,139404,259527,0,0,0,0,0.106737
879501,9,1,185508,49364,42702,136144,258445,0,0,0,0,0.0834053
879504,9,2,209418,58034,50975,151371,309361,1,0,0,0,0.183221
879509,9,1,177413,46835,40655,130578,245112,0,0,0,0,0.0657829
879510,3,1,186399,49581,42921,136818,260247,0,0,0,0,0.12567
879511,9,1,186534,49681,43134,136853,259654,0,0,0,0,0.103035
879514,9,2,205109,56400,48618,148696,299849,1,0,0,0,0.240709
879519,9,1,178121,47351,40829,130770,248930,0,0,0,0,0.0908928
879520,9,1,165510,43866,38027,121644,230025,0,0,0,0,0.0881689
879521,9,1,176834,46612,40969,130222,243255,0,0,0,0,0.0947778
879522,18,1,194179,52853,45792,141326,279821,0,0,0,0,0.0851497
879524,9,1,188117,49901,43230,138216,261269,0,0,0,0,0.0858978
879525,18,1,199401,54991,47591,144410,293351,0,0,0,0,0.0744764
879528,18,1,189228,51550,44851,137678,274372,0,0,0,0,0.0669677
879529,9,1,184577,48954,42473,135623,257480,0,0,0,0,0.0826477
879550,3,1,202961,55252,48409,147709,290743,0,0,0,0,0.0927793
879551,9,2,339338,91497,79257,247828,480571,1,0,0,0,0.178254
879554,9,2,187922,50643,44062,137266,265302,1,0,0,0,0.186099
879559,9,2,181236,48215,41656,133008,251468,1,0,0,0,0.137842
879560,3,1,220981,60283,53133,160698,317064,0,0,0,0,0.0933849
879561,9,1,208330,57273,50040,151057,302185,0,0,0,0,0.0833036
879564,9,2,220090,60667,53130,159410,321610,1,0,0,0,0.223947
879569,9,2,216755,60102,52550,156640,319440,1,0,0,0,0.201286
879570,3,1,198044,52363,45865,145681,272600,0,0,0,0,0.123763
879571,9,1,197917,52475,45905,145442,272018,0,0,0,0,0.0646803
879574,9,2,219252,60287,52733,158952,319291,1,0,0,0,0.214579
879579,9,1,187586,48973,42336,138613,253944,0,0,0,0,0.0878891
879580,9,1,183834,48935,42525,134899,255476,0,0,0,0,0.0672596
879581,9,1,202557,54984,48454,147573,288469,0,0,0,0,0.0983434
879582,18,1,208895,57574,50637,151321,304148,0,0,0,0,0.0928675
879584,9,2,247329,69446,60590,177870,370485,1,0,0,0,0.227096
879585,18,1,213632,59648,51810,153984,317770,0,0,0,0,0.0757327
879588,18,1,206493,56568,49507,149925,299807,0,0,0,0,0.0899001
879589,9,1,202267,54812,47471,147455,288333,0,0,0,0,0.0867399
879610,3,1,196369,52144,45822,144225,271699,0,0,0,0,0.0920454
879611,9,1,178230,46869,40681,131361,243715,0,0,0,0,0.0576683
879614,9,2,225561,63283,55155,162266,337765,1,0,0,0,0.176824
879619,9,2,215265,59689,52222,155563,317524,1,0,0,0,0.185509
879620,3,1,202876,54566,47867,148310,285658,0,0,0,0,0.0903255
879621,9,1,185466,49646,43572,135820,258984,0,0,0,0,0.0679156
879624,9,1,209109,56904,49226,152205,299110,0,0,0,0,0.0717328
879629,9,1,215597,58369,50174,157228,306566,0,0,0,0,0.0650529
879630,9,1,195315,52877,45777,142438,277132,0,0,0,0,0.0743218
879631,9,1,197835,52932,46108,144903,275030,0,0,0,0,0.0856317
879634,9,2,220869,62491,54563,158365,334343,1,0,0,0,0.16327
879635,18,1,210826,57445,50474,153381,302719,0,0,0,0,0.0640965
879638,18,1,216341,59190,51757,157151,312839,0,0,0,0,0.062492
879639,9,1,206433,54796,47546,151637,285645,0,0,0,0,0.0667795
879642,18,1,205403,55884,48790,149519,293789,0,0,0,0,0.0643077
879660,3,1,196065,52035,45387,144030,271633,0,0,0,0,0.12112
879661,9,2,242698,68279,59437,174406,365012,1,0,0,0,0.225353
879664,9,2,223170,62350,54501,160807,332458,1,0,0,0,0.178231
879669,9,2,268100,74357,64628,193730,394936,1,0,0,0,0.168815
879670,9,2,354672,96371,83458,258288,507734,1,0,0,0,0.193302
879671,9,2,216923,60908,53031,156002,325223,1,0,0,0,0.162946
879674,9,1,219190,59821,52585,159369,314659,0,0,0,0,0.072554
879679,9,2,310455,86564,75986,223878,459449,1,0,0,0,0.21858
879682,18,1,214406,59459,51801,154947,316025,0,0,0,0,0.0708208
879685,18,1,214012,58618,51342,155394,309413,0,0,0,0,0.0624637
879688,18,2,288626,81423,71277,207190,436033,1,0,0,0,0.190331
879700,9,2,188174,50983,44546,137178,268139,1,0,0,0,0.17588
879701,9,2,215466,59591,52106,155862,316473,1,0,0,0,0.204111
879704,9,2,238791,66389,57933,172390,353103,1,0,0,0,0.163181
879709,9,1,204250,56042,48650,148208,295915,0,0,0,0,0.0728993
879722,18,1,205604,55996,48694,149608,295976,0,0,0,0,0.0693173
879725,18,1,221865,60776,52513,161089,321373,0,0,0,0,0.0640616
879728,18,2,300617,84086,73118,216518,449267,1,0,0,0,0.159729
879750,9,2,172363,45525,39451,126825,237631,1,0,0,0,0.133806
879751,9,2,200017,54745,47641,145259,290647,1,0,0,0,0.141627
879752,9,1,185737,49025,42676,136712,254903,0,0,0,0,0.0595308
879753,9,1,195401,52394,45174,143007,274600,0,0,0,0,0.082696
879754,9,2,206429,56461,49270,149955,299587,1,0,0,0,0.148726
879755,9,1,210924,56776,49486,154148,297886,0,0,0,0,0.0627109
879756,9,1,209797,55949,48783,153848,292303,0,0,0,0,0.0710161
879757,9,2,247653,67676,58831,179964,358108,1,0,0,0,0.150886
879758,9,2,268189,73648,64389,194528,390494,1,0,0,0,0.161157
879759,9,1,198570,54010,47062,144560,284946,0,0,0,0,0.0641564
879760,9,1,145942,38267,33160,107675,201302,0,0,0,0,0.0809457
879761,9,1,168144,44466,38820,123678,231291,0,0,0,0,0.0792873
879764,9,1,155111,41352,36076,113759,216407,0,0,0,0,0.0772516
879769,9,1,168557,43471,37707,125086,222691,0,0,0,0,0.081422
879770,9,1,156903,41245,34821,115658,216471,0,0,0,0,0.0589855
879771,9,1,175705,46609,40059,129096,242397,0,0,0,0,0.0615412
879774,9,1,147825,38843,33371,108982,202444,0,0,0,0,0.0585379
879779,9,1,155743,40700,35004,115043,210398,0,0,0,0,0.0575153
879780,9,1,161213,41660,35298,119553,216608,0,0,0,0,0.0687658
879781,9,1,185563,48624,42078,136939,251100,0,0,0,0,0.0652511
879784,9,1,158506,40878,35289,117628,209911,0,0,0,0,0.0578521
879789,9,1,154185,40934,35726,113251,214306,0,0,0,0,0.0568145
879790,9,1,163673,43241,36909,120432,226766,0,0,0,0,0.0626625
879791,9,1,170553,45618,39152,124935,238777,0,0,0,0,0.0590565
879794,9,1,194422,52408,45400,142014,272636,0,0,0,0,0.064807
879799,9,1,174317,45697,39378,128620,235539,0,0,0,0,0.0570643
879800,9,1,174918,46176,40084,128742,239304,0,0,0,0,0.0616658
879801,9,1,160933,42908,37146,118025,225271,0,0,0,0,0.0608906
879804,9,1,187861,50111,43503,137750,260413,0,0,0,0,0.0653007
879809,9,1,164889,44059,37935,120830,231215,0,0,0,0,0.0624774
879830,9,1,170312,45829,39161,124483,241077,0,0,0,0,0.0607023
879831,9,2,165192,43576,37944,121603,227308,1,0,0,0,0.14905
879834,9,2,177189,47155,41054,130021,245931,1,0,0,0,0.145141
879839,9,2,188504,50753,43881,137739,265253,1,0,0,0,0.149074
879840,9,1,188611,51221,44357,137390,269733,0,0,0,0,0.0668343
879841,9,2,289927,80700,70997,209215,427614,1,0,0,0,0.169112
879844,9,2,181506,48842,42645,132651,256725,1,0,0,0,0.141529
879849,9,2,222711,61612,53513,161086,326763,1,0,0,0,0.149013
879850,9,1,174532,45990,39456,128542,239488,0,0,0,0,0.0567013
879851,9,1,191290,52269,45743,139021,274233,0,0,0,0,0.0642619
879854,9,2,172856,46714,40765,126129,246504,1,0,0,0,0.147578
879859,9,2,169657,46157,39561,123487,244119,1,0,0,0,0.157947
879860,9,2,252208,69365,60981,182831,367331,1,0,0,0,0.188975
879861,9,1,182564,49932,43646,132632,263196,0,0,0,0,0.0801714
879864,9,2,243000,68191,59625,174797,362826,1,0,0,0,0.19689
879869,9,2,250816,69822,60346,180982,371350,1,0,0,0,0.208184
879890,9,1,167480,43922,37786,123558,228278,0,0,0,0,0.0740185
879891,9,2,266336,73006,63899,193318,386473,1,0,0,0,0.246441
879894,9,2,171181,46605,40472,124563,246483,1,0,0,0,0.129589
879899,9,2,171533,46575,40497,124946,246359,1,0,0,0,0.173194
879900,9,1,176115,46900,40322,129215,245430,0,0,0,0,0.0718464
879901,9,1,176757,47815,41985,128942,250627,0,0,0,0,0.0662147
879904,9,2,224339,63202,55238,161125,337275,1,0,0,0,0.171963
879909,9,2,184145,50624,43782,133508,268026,1,0,0,0,0.169631
879910,9,2,261778,72825,64094,188941,387203,1,0,0,0,0.176337
879911,9,1,180551,48911,42689,131640,255848,0,0,0,0,0.0609743
879914,9,2,223776,63055,55105,160709,335902,1,0,0,0,0.1944
879919,9,2,181737,49814,43074,131910,264115,1,0,0,0,0.160732
879940,9,1,165366,43728,37522,121638,228560,0,0,0,0,0.0625481
879941,9,2,237316,66997,58486,170307,357526,1,0,0,0,0.186832
879944,9,2,225863,63170,55038,162681,335701,1,0,0,0,0.177778
879949,9,2,179363,48604,41845,130747,257064,1,0,0,0,0.175565
879950,9,2,175199,47153,41347,128033,248164,1,0,0,0,0.165297
879951,9,2,172254,47177,40771,125064,250707,1,0,0,0,0.213795
879954,9,2,234879,66462,58080,168405,354923,1,0,0,0,0.171858
879959,9,2,180477,49135,42508,131330,260366,1,0,0,0,0.135561
879980,9,2,187325,50550,44309,136762,265342,1,0,0,0,0.196465
879981,9,2,182714,49559,43106,133142,261647,1,0,0,0,0.159558
879984,9,2,189694,51544,45358,138137,272877,1,0,0,0,0.161336
879989,9,2,169607,45487,39557,124107,239768,1,0,0,0,0.181484
