980030,6,1,196465,53618,47430,142847,285074,0,0,0,0,0.126841
980031,18,1,207425,56376,49612,151049,295968,0,0,0,0,0.0909798
980034,18,1,198378,54170,47505,144208,288547,0,0,0,0,0.0751723
980039,18,1,189339,51329,44897,138010,272476,0,0,0,0,0.0601201
980040,18,1,181498,49236,42877,132262,260904,0,0,0,0,0.0612113
980041,18,1,199074,53488,46912,145586,279418,0,0,0,0,0.0626049
980044,18,2,247969,67897,59807,180059,361238,1,0,0,0,0.177684
980049,18,2,307840,84164,74490,223663,448075,1,0,0,0,0.15427
980062,36,1,185566,49565,43584,136001,260950,0,0,0,0,0.0603355
980065,36,1,212198,58852,51622,153346,315207,0,0,0,0,0.0613394
980068,36,1,200396,54999,48167,145397,293410,0,0,0,0,0.0669324
980090,6,1,196691,53710,47529,142981,285584,0,0,0,0,0.0964247
980091,18,1,207927,56646,49924,151281,297643,0,0,0,0,0.071182
980094,18,1,197872,54088,47348,143784,288148,0,0,0,0,0.0592157
980099,18,1,190731,51759,45341,138972,274830,0,0,0,0,0.0619867
980100,18,1,182528,49576,43160,132952,262864,0,0,0,0,0.0658995
980101,18,1,199562,53662,47144,145900,280432,0,0,0,0,0.0584038
980104,18,2,248339,67956,59950,180370,361578,1,0,0,0,0.138992
980109,18,2,308750,84638,74747,224099,450951,1,0,0,0,0.168453
980122,36,1,185683,49777,43785,135906,262495,0,0,0,0,0.0584981
980125,36,1,212594,58992,51714,153602,315913,0,0,0,0,0.068214
980128,36,1,200149,55017,48208,145132,293652,0,0,0,0,0.0718682
980140,6,1,185906,50630,44465,135276,270353,0,0,0,0,0.103003
980141,18,1,194030,52632,46259,141398,278611,0,0,0,0,0.0681918
980144,18,1,221344,61898,54262,159446,330983,0,0,0,0,0.0738093
980149,18,1,223629,62236,54511,161393,332803,0,0,0,0,0.137591
980150,18,1,169860,46148,40028,123712,246025,0,0,0,0,0.0599928
980151,18,1,189233,51071,44604,138162,268861,0,0,0,0,0.0572417
980154,18,2,276255,76342,67184,199900,409056,1,0,0,0,0.144644
980159,18,2,294223,80729,71222,213481,431242,1,0,0,0,0.151062
980172,36,1,178339,47976,42142,130363,255319,0,0,0,0,0.0589862
980175,36,1,208586,58281,50840,150305,312349,0,0,0,0,0.0624411
980178,36,1,210731,58785,51509,151946,314991,0,0,0,0,0.0612935
980180,6,1,173347,45632,40059,127715,239677,0,0,0,0,0.132046
980181,18,1,188518,51467,45389,137051,274968,0,0,0,0,0.106318
980184,18,1,205390,56860,50386,148530,303068,0,0,0,0,0.093555
980189,18,1,214654,60743,53966,153911,325968,0,0,0,0,0.090542
980190,18,1,160683,42562,36823,118121,224541,0,0,0,0,0.0881342
980191,18,1,172750,46591,40691,126159,248470,0,0,0,0,0.0850499
980194,18,1,190145,52144,46021,138001,278029,0,0,0,0,0.0678688
980199,18,1,189013,52010,45990,137003,277330,0,0,0,0,0.0685491
980212,36,1,200103,55910,49386,144193,299914,0,0,0,0,0.0901722
980215,36,1,219625,62008,55200,157617,331290,0,0,0,0,0.085203
980218,36,1,224187,63507,56243,160680,339893,0,0,0,0,0.0751655
980220,18,1,174867,46138,40300,128729,241670,0,0,0,0,0.0778295
980221,18,1,178001,47447,41268,130554,250045,0,0,0,0,0.0543101
980224,18,2,235290,64837,56971,170440,343976,1,0,0,0,0.14313
980229,18,2,233108,63746,56210,169349,337468,1,0,0,0,0.178922
980242,36,1,188082,51639,45452,136443,276702,0,0,0,0,0.0638314
980245,36,1,208139,58260,51576,149879,312845,0,0,0,0,0.0802013
980248,36,1,209970,59104,52124,150866,318050,0,0,0,0,0.0834487
980270,18,1,167517,43794,38575,123723,229533,0,0,0,0,0.0822862
980271,18,1,180344,48848,42624,131496,258526,0,0,0,0,0.0592054
980272,18,1,179137,48375,42757,130762,256449,0,0,0,0,0.0615313
980273,18,1,157619,41648,36850,115971,220964,0,0,0,0,0.0579496
980274,18,2,233902,64217,56696,169672,340425,1,0,0,0,0.155892
980275,18,2,305366,85042,75245,220311,456599,1,0,0,0,0.167698
980276,18,1,176253,47288,41865,128965,250388,0,0,0,0,0.0819725
980277,18,1,176859,47688,42305,129171,253076,0,0,0,0,0.0666346
980278,18,2,275743,76698,67936,199032,412506,1,0,0,0,0.16177
980279,18,2,236715,65442,58038,171260,347939,1,0,0,0,0.144605
980320,18,2,190994,51386,44996,139595,272670,1,0,0,0,0.138849
980321,18,2,187725,50163,43706,137549,265426,1,0,0,0,0.129441
980324,18,2,245704,67701,59738,177990,360245,1,0,0,0,0.159714
980329,18,2,300644,82249,72650,218382,438138,1,0,0,0,0.211974
980342,36,1,183306,49150,42953,134156,259321,0,0,0,0,0.08691
980345,36,1,212871,58923,51769,153948,314152,0,0,0,0,0.0891389
980348,36,1,209791,58178,51268,151613,310582,0,0,0,0,0.0662875
980380,18,2,190610,51297,44949,139300,272127,1,0,0,0,0.148258
980381,18,2,186570,49794,43398,136763,263242,1,0,0,0,0.125419
980384,18,2,246082,67782,59857,178287,360776,1,0,0,0,0.149578
980389,18,2,301450,82580,72778,218857,440080,1,0,0,0,0.190366
980402,36,1,183809,49346,43077,134463,260445,0,0,0,0,0.0632222
980405,36,1,212824,58754,51590,154070,313097,0,0,0,0,0.0630786
980408,36,1,209970,58084,51066,151886,309921,0,0,0,0,0.0634496
980430,18,2,177090,47446,41583,129632,252933,1,0,0,0,0.158333
980431,18,2,176615,47138,41154,129465,251052,1,0,0,0,0.157438
980434,18,2,280533,77843,68324,202677,417248,1,0,0,0,0.180609
980439,18,2,299188,82311,72601,216864,439300,1,0,0,0,0.19448
980452,36,1,176999,47915,41802,129084,255317,0,0,0,0,0.0727725
980455,36,1,215564,60583,53215,154981,326001,0,0,0,0,0.0923399
980458,36,1,215944,60632,53083,155312,326299,0,0,0,0,0.088794
980470,18,1,203422,55383,48711,148039,293427,0,0,0,0,0.101935
980471,18,2,169277,44732,39042,124534,237375,1,0,0,0,0.144762
980474,18,2,196300,53195,46612,143094,283657,1,0,0,0,0.146448
980479,18,2,195993,52766,46369,143216,281130,1,0,0,0,0.164392
980492,36,1,203146,55989,49405,147157,300390,0,0,0,0,0.0975734
980495,36,1,227660,64010,56880,163650,343619,0,0,0,0,0.0978285
980498,36,1,222353,62344,55311,160009,334372,0,0,0,0,0.06591
980500,18,1,211225,57546,50872,153679,303978,0,0,0,0,0.121381
980501,18,2,175162,46380,40587,128771,245857,1,0,0,0,0.158976
980504,18,2,200689,54304,47770,146374,288689,1,0,0,0,0.136492
980509,18,2,198756,53359,47120,145386,283231,1,0,0,0,0.130196
980522,36,1,199850,54936,48618,144914,294807,0,0,0,0,0.067615
980525,36,1,225041,63073,56325,161968,338447,0,0,0,0,0.0715222
980528,36,1,220739,61792,54924,158947,331274,0,0,0,0,0.0718442
980550,18,1,160253,42032,36724,118221,221344,0,0,0,0,0.0821667
980551,18,1,176970,48371,42469,128599,258465,0,0,0,0,0.067934
980552,18,1,175870,47982,42163,127888,256342,0,0,0,0,0.064172
980553,18,1,151694,39999,35132,111695,212186,0,0,0,0,0.0651583
980554,18,1,196688,54426,48230,142262,290714,0,0,0,0,0.0715063
980555,18,1,197117,54868,48668,142249,293934,0,0,0,0,0.0708021
980556,18,1,172493,46546,40915,125947,247537,0,0,0,0,0.0618825
980557,18,1,170036,45974,40528,124062,244739,0,0,0,0,0.0668337
980558,18,1,199277,55153,48725,144124,294959,0,0,0,0,0.0711712
980559,18,1,196780,54201,47937,142579,288973,0,0,0,0,0.0654744
980830,18,1,180862,48351,42728,132511,254838,0,0,0,0,0.122104
980831,18,1,186825,51406,45384,135419,274764,0,0,0,0,0.0887653
980832,18,1,187675,51267,45553,136408,273534,0,0,0,0,0.109037
980833,18,1,179117,48504,42599,130613,258891,0,0,0,0,0.120026
980834,18,1,206167,57259,50919,148908,305825,0,0,0,0,0.106936
980835,18,1,209910,58482,52308,151428,312893,0,0,0,0,0.102303
980836,18,1,197429,54600,48472,142829,292165,0,0,0,0,0.0948759
980837,18,1,204337,57409,50827,146928,308590,0,0,0,0,0.0863921
980838,18,1,214747,60709,54028,154038,326381,0,0,0,0,0.0873842
980839,18,1,212575,60019,53661,152556,322274,0,0,0,0,0.0884254
981050,36,1,181283,49084,42846,132199,260330,0,0,0,0,0.0788329
981051,36,1,181694,49847,43710,131847,266328,0,0,0,0,0.0597198
981052,36,1,197784,54353,48085,143431,291091,0,0,0,0,0.0654827
981053,36,1,184600,51140,44880,133460,275262,0,0,0,0,0.0772723
981054,36,1,198571,54835,48385,143736,292626,0,0,0,0,0.0812647
981055,36,1,218808,61180,54460,157628,328142,0,0,0,0,0.0707113
981056,36,2,272279,76658,67714,195608,415108,1,0,0,0,0.160274
981057,36,2,270406,75844,67087,194549,410196,1,0,0,0,0.159416
981058,36,1,218501,61794,54822,156707,332068,0,0,0,0,0.0784896
981059,36,1,203920,56542,49933,147378,302194,0,0,0,0,0.064696
981080,36,1,190605,51891,45506,138714,274809,0,0,0,0,0.0855851
981081,36,1,188388,51694,45444,136694,275359,0,0,0,0,0.0641386
981082,36,1,196114,54124,47707,141990,290228,0,0,0,0,0.221335
981083,36,1,179859,49637,43513,130222,266964,0,0,0,0,0.0755507
981084,36,2,349138,96756,85556,252369,517519,1,0,0,0,0.204318
981085,36,1,218594,61378,54591,157216,329636,0,0,0,0,0.0835462
981086,36,1,202512,56866,50587,145646,305868,0,0,0,0,0.0640284
981087,36,1,202520,56570,50056,145950,303659,0,0,0,0,0.0674418
981088,36,1,217563,61630,54526,155933,331371,0,0,0,0,0.0732067
981089,36,2,353876,98408,87043,255455,527076,1,0,0,0,0.186243
981100,36,1,184967,50017,43427,134950,263362,0,0,0,0,0.0920807
981101,36,1,188345,52174,45660,136171,277732,0,0,0,0,0.0699517
981102,36,1,188235,51907,45359,136328,276166,0,0,0,0,0.0915026
981103,36,1,175894,47969,41832,127925,255560,0,0,0,0,0.0771579
981104,36,1,211402,59352,52146,152050,316042,0,0,0,0,0.0874374
981105,36,1,211864,59711,52541,152153,318830,0,0,0,0,0.104221
981106,36,1,196489,54777,48058,141712,292567,0,0,0,0,0.0899506
981107,36,1,195660,54283,47736,141377,289300,0,0,0,0,0.0930137
981108,36,1,222765,64088,56928,158677,344166,0,0,0,0,0.104916
981109,36,1,222203,63794,56713,158409,341882,0,0,0,0,0.105025
981430,6,1,176651,46439,40723,130212,243294,0,0,0,0,0.112488
981431,18,1,196126,53125,46712,143001,279891,0,0,0,0,0.0639464
981434,18,1,194938,54219,47662,140719,289575,0,0,0,0,0.0639408
981439,18,1,181586,49878,43959,131708,265577,0,0,0,0,0.0596426
981440,18,1,156933,41930,36699,115003,221486,0,0,0,0,0.0603264
981441,18,2,183437,49033,42543,134392,259232,1,0,0,0,0.132357
981444,18,1,176166,46815,41055,129351,246668,0,0,0,0,0.0558169
981449,18,1,186542,50045,44041,136497,263261,0,0,0,0,0.0598592
981462,36,1,196964,53826,47342,143138,285130,0,0,0,0,0.0585636
981465,36,1,205706,57249,50626,148457,305841,0,0,0,0,0.0635132
981468,36,2,181862,49025,42644,132825,260084,1,0,0,0,0.148504
981490,6,1,176144,46113,40527,130031,241344,0,0,0,0,0.109085
981491,18,1,196333,53166,46713,143167,280076,0,0,0,0,0.0656581
981494,18,1,194044,53728,47225,140316,286449,0,0,0,0,0.0905343
981499,18,1,181310,49854,43903,131456,265634,0,0,0,0,0.059935
981500,18,1,156620,41721,36564,114899,220318,0,0,0,0,0.0549679
981501,18,2,184552,49190,42741,135350,259781,1,0,0,0,0.181959
981504,18,1,175540,46547,40834,128993,245103,0,0,0,0,0.0739623
981509,18,1,188725,50752,44557,137973,267116,0,0,0,0,0.0693691
981522,36,1,196279,53582,47158,142697,283749,0,0,0,0,0.0614504
981525,36,1,205615,57004,50384,148611,304112,0,0,0,0,0.0607176
981528,36,2,182670,49248,42909,133410,261367,1,0,0,0,0.125736
981540,6,1,163127,42872,37425,120255,226589,0,0,0,0,0.081664
981541,18,1,179263,48346,42588,130917,256683,0,0,0,0,0.0603515
981544,18,1,211341,57883,51067,153458,306778,0,0,0,0,0.068264
981549,18,1,219991,61201,53992,158790,325790,0,0,0,0,0.0731869
981550,18,1,146912,39209,34151,107703,208860,0,0,0,0,0.0590751
981551,18,1,165927,43305,37890,122622,226749,0,0,0,0,0.063059
981554,18,2,245279,67562,59632,177705,362188,1,0,0,0,0.174983
981559,18,2,249400,68733,61038,180655,368705,1,0,0,0,0.160729
981572,36,1,186578,51366,44897,135212,274702,0,0,0,0,0.0838828
981575,36,2,232957,65687,57933,167257,354348,1,0,0,0,0.173623
981578,36,2,237846,67302,59404,170531,363833,1,0,0,0,0.139287
981580,6,1,169547,44000,38676,125547,230323,0,0,0,0,0.14767
981581,18,1,188284,51405,45304,136879,275022,0,0,0,0,0.10148
981584,18,1,207218,57672,51023,149546,309148,0,0,0,0,0.0844754
981589,18,1,206050,57369,50850,148681,307667,0,0,0,0,0.0903102
981590,18,1,156822,41352,36049,115470,218299,0,0,0,0,0.0794849
981591,18,1,153596,41149,35913,112447,219925,0,0,0,0,0.0581168
981594,18,1,170808,45990,40316,124818,244762,0,0,0,0,0.0584434
981599,18,1,168785,45236,39674,123549,240292,0,0,0,0,0.0598281
981612,36,1,187049,51743,45841,135306,277196,0,0,0,0,0.0787158
981615,36,1,207892,58017,51404,149875,310037,0,0,0,0,0.0787343
981618,36,1,209598,58270,51446,151328,310874,0,0,0,0,0.0763613
981620,18,1,166871,42641,37332,124230,221511,0,0,0,0,0.0794419
981621,18,1,153799,39891,34704,113908,209037,0,0,0,0,0.0784887
981624,18,2,200865,53969,47193,146883,282004,1,0,0,0,0.178151
981629,18,2,201378,53986,47566,147379,281783,1,0,0,0,0.132061
981642,36,1,164492,45060,39410,119432,242403,0,0,0,0,0.073553
981645,36,1,185433,51512,45588,133921,276791,0,0,0,0,0.0779018
981648,36,1,189081,52854,46577,136227,284396,0,0,0,0,0.0899729
981670,18,1,182134,47149,41689,134985,244087,0,0,0,0,0.108261
981671,18,1,171127,44725,39188,126402,232569,0,0,0,0,0.061455
981672,18,1,154501,39899,34654,114602,208262,0,0,0,0,0.0722595
981673,18,1,154254,40153,34964,114101,211034,0,0,0,0,0.0646072
981674,18,2,205050,54888,47949,150149,286698,1,0,0,0,0.178405
981675,18,1,185020,49072,43162,135948,256611,0,0,0,0,0.0570969
981676,18,2,235109,64218,56565,170878,343149,1,0,0,0,0.151344
981677,18,2,237481,65233,57288,172235,349293,1,0,0,0,0.204347
981678,18,1,183754,48817,43061,134937,255570,0,0,0,0,0.0701319
981679,18,2,202962,54571,47786,148378,285922,1,0,0,0,0.175939
981720,18,1,177532,47476,41610,130056,249457,0,0,0,0,0.0589541
981721,18,1,178000,47077,41465,130923,247366,0,0,0,0,0.0540019
981724,18,1,177823,47269,41579,130554,249044,0,0,0,0,0.0578963
981729,18,2,314829,85358,74887,229458,452681,1,0,0,0,0.21144
981742,36,1,190796,51811,45649,138985,276003,0,0,0,0,0.0581516
981745,36,1,201054,55191,48683,145863,294538,0,0,0,0,0.0681339
981748,36,1,188496,51301,44979,137195,273854,0,0,0,0,0.0765601
981780,18,1,177295,47238,41452,130057,247912,0,0,0,0,0.0772037
981781,18,1,177075,46752,41273,130323,245502,0,0,0,0,0.0684958
981784,18,1,177202,47019,41382,130183,247672,0,0,0,0,0.0738286
981789,18,2,317221,86136,75534,231072,457047,1,0,0,0,0.18104
981802,36,1,190456,51807,45728,138649,276128,0,0,0,0,0.0642031
981805,36,1,201146,55067,48571,146079,293568,0,0,0,0,0.0809364
981808,36,1,188208,51214,44899,136994,273392,0,0,0,0,0.0777212
981830,18,1,169335,45559,40231,123776,241810,0,0,0,0,0.0869495
981831,18,1,163017,42904,37632,120113,226490,0,0,0,0,0.0820361
981834,18,2,247782,68323,60434,179446,366295,1,0,0,0,0.207919
981839,18,2,249638,68495,60952,181130,366706,1,0,0,0,0.195011
981852,36,1,178566,48756,42749,129810,261921,0,0,0,0,0.0804243
981855,36,2,235181,66297,58592,168871,358160,1,0,0,0,0.175282
981858,36,2,237042,66814,59183,170215,361346,1,0,0,0,0.188661
981870,18,1,176487,46863,41366,129624,246944,0,0,0,0,0.115914
981871,18,1,159973,42834,37461,117139,227953,0,0,0,0,0.0834971
981874,18,1,178445,47831,42253,130614,252513,0,0,0,0,0.0846588
981879,18,1,174394,46546,41071,127848,245202,0,0,0,0,0.0723923
981892,36,1,187188,51561,45712,135627,276980,0,0,0,0,0.0935741
981895,36,1,211448,59210,52956,152238,318106,0,0,0,0,0.0920747
981898,36,1,211174,58924,52148,152250,316146,0,0,0,0,0.0645092
981900,18,1,172165,44601,39065,127564,233303,0,0,0,0,0.075743
981901,18,1,161006,42020,36584,118986,221175,0,0,0,0,0.0796043
981904,18,1,167707,44038,38793,123669,229914,0,0,0,0,0.0803243
981909,18,1,166966,43946,38797,123020,229649,0,0,0,0,0.0724338
981922,36,1,169188,45668,40237,123520,245059,0,0,0,0,0.0622108
981925,36,1,188606,51701,46032,136905,277202,0,0,0,0,0.0707601
981928,36,1,191644,52795,46825,138849,283578,0,0,0,0,0.0796047
981950,18,1,180832,47278,41754,133554,247271,0,0,0,0,0.110409
981951,18,1,170781,45038,39431,125743,236983,0,0,0,0,0.0597283
981952,18,1,148414,38446,33417,109968,202106,0,0,0,0,0.052554
981953,18,1,150315,39076,34315,111239,206043,0,0,0,0,0.0740629
981954,18,2,198005,54007,47404,143985,286035,1,0,0,0,0.164973
981955,18,1,175752,46438,40719,129314,243981,0,0,0,0,0.0530361
981956,18,2,232982,63555,55972,169414,340372,1,0,0,0,0.185667
981957,18,2,236061,64696,56764,171352,347365,1,0,0,0,0.185847
981958,18,1,176148,46682,41050,129466,245663,0,0,0,0,0.0627766
981959,18,2,196421,53993,47571,142415,287044,1,0,0,0,0.142588
982230,18,1,183671,48464,43421,135207,252827,0,0,0,0,0.0822548
982231,18,1,169598,45233,40026,124365,238345,0,0,0,0,0.0612943
982232,18,1,178345,48382,43015,129963,256109,0,0,0,0,0.0909139
982233,18,1,170107,45850,40729,124257,242920,0,0,0,0,0.0791742
982234,18,2,203956,55660,48891,148283,294795,1,0,0,0,0.14777
982235,18,1,198353,54001,48193,144352,284628,0,0,0,0,0.0655864
982236,18,1,191565,51888,46370,139677,274430,0,0,0,0,0.0877252
982237,18,1,199281,54926,49037,144355,292308,0,0,0,0,0.078846
982238,18,1,199084,54434,48531,144650,287295,0,0,0,0,0.0654786
982239,18,2,196274,53428,46989,142833,283278,1,0,0,0,0.154926
982480,36,1,211148,57337,50347,153811,303320,0,0,0,0,0.109233
982481,36,1,197880,53869,46826,144011,286280,0,0,0,0,0.0682949
982482,36,1,176818,48242,42160,128576,258351,0,0,0,0,0.0791384
982483,36,1,181931,49508,43404,132423,264294,0,0,0,0,0.0763997
982484,36,1,204314,55328,49032,148986,291172,0,0,0,0,0.0765299
982485,36,1,197860,54494,48250,143366,291213,0,0,0,0,0.0772144
982486,36,1,204551,56388,49582,148163,300597,0,0,0,0,0.0620181
982487,36,1,212776,58988,52013,153788,314944,0,0,0,0,0.0681158
982488,36,1,200688,55561,49218,145127,297391,0,0,0,0,0.0647219
982489,36,1,203888,55288,48850,148600,291132,0,0,0,0,0.0650938
982500,36,1,193873,51632,45474,142241,271162,0,0,0,0,0.105448
982501,36,1,180426,48466,42343,131960,256037,0,0,0,0,0.0818613
982502,36,1,176243,48041,42062,128202,255801,0,0,0,0,0.055487
982503,36,1,173789,47452,41566,126337,253182,0,0,0,0,0.0551354
982504,36,1,198219,53800,47473,144419,282649,0,0,0,0,0.057523
982505,36,1,192568,52498,46474,140070,277809,0,0,0,0,0.055637
982506,36,1,195246,54015,47815,141231,287959,0,0,0,0,0.0687262
982507,36,1,199873,55636,49139,144237,297308,0,0,0,0,0.0757034
982508,36,1,198673,54460,48103,144213,288897,0,0,0,0,0.0796529
982509,36,1,195303,52918,46655,142385,277887,0,0,0,0,0.0556582
982840,18,2,305067,84800,74498,220254,450377,1,0,0,0,0.159125
982841,18,1,178095,47131,41672,130964,247701,0,0,0,0,0.0538602
982844,18,1,176365,47133,41571,129232,248794,0,0,0,0,0.0521946
982849,18,2,308862,83710,73295,225139,444747,1,0,0,0,0.157851
982862,36,1,192228,51995,45811,140233,276001,0,0,0,0,0.0689282
982865,36,1,199510,54624,48072,144886,290484,0,0,0,0,0.057944
982868,36,2,186550,50214,43719,136324,266079,1,0,0,0,0.121302
982900,18,2,284631,78907,69367,205711,419117,1,0,0,0,0.147746
982901,18,1,177237,46861,41458,130376,246175,0,0,0,0,0.0545219
982904,18,1,176024,46983,41437,129041,247952,0,0,0,0,0.0579605
982909,18,2,310870,84428,73921,226429,448835,1,0,0,0,0.18601
982922,36,1,193017,52311,46084,140706,277789,0,0,0,0,0.065207
982925,36,1,199590,54508,48130,145082,289485,0,0,0,0,0.0599832
982928,36,2,186996,50396,43856,136588,267335,1,0,0,0,0.143686
982950,18,1,176715,47498,41961,129217,250464,0,0,0,0,0.0876929
982951,18,1,162589,42818,37633,119771,226137,0,0,0,0,0.0817889
982954,18,1,189527,50824,44794,138703,268610,0,0,0,0,0.0854899
982959,18,1,188795,50643,44664,138152,267591,0,0,0,0,0.0858377
982972,36,1,183394,49878,43875,133516,267035,0,0,0,0,0.0853089
982975,36,1,207092,57479,50706,149613,307266,0,0,0,0,0.084419
982978,36,1,208472,57535,50671,150937,306939,0,0,0,0,0.0744176
982990,18,1,186630,49363,43662,137267,258238,0,0,0,0,0.11473
982991,18,1,168109,44922,39452,123187,236804,0,0,0,0,0.0835127
982994,18,2,331205,90121,79142,241071,477549,1,0,0,0,0.185118
982999,18,2,326399,88377,77993,238009,467862,1,0,0,0,0.162801
983012,36,1,187699,51404,45406,136295,274746,0,0,0,0,0.063466
983015,36,1,214636,59910,53568,154726,320325,0,0,0,0,0.0648206
983018,36,1,214113,59511,52802,154602,317752,0,0,0,0,0.078004
983020,18,1,173296,45221,39395,128075,237094,0,0,0,0,0.0997216
983021,18,1,165412,43657,38055,121755,230756,0,0,0,0,0.0573319
983024,18,2,263377,72652,63783,190713,385944,1,0,0,0,0.148758
983029,18,2,259536,71438,62766,188086,379403,1,0,0,0,0.145153
983042,36,1,173788,46838,41449,126950,250943,0,0,0,0,0.0582983
983045,36,1,198140,54456,48759,143684,291476,0,0,0,0,0.0638415
983048,36,1,201238,55526,49299,145712,297765,0,0,0,0,0.0620799
983070,18,1,172412,45591,40144,126821,240555,0,0,0,0,0.0751592
983071,18,1,162563,43307,37948,119256,229640,0,0,0,0,0.0652589
983072,18,1,142252,37243,32434,105009,197764,0,0,0,0,0.0577932
983073,18,1,136405,35445,30883,100960,188187,0,0,0,0,0.0775421
983074,18,1,180119,48538,42684,131581,256448,0,0,0,0,0.0609921
983075,18,1,166168,44172,38831,121996,233898,0,0,0,0,0.0573044
983076,18,1,162209,43027,37802,119182,228039,0,0,0,0,0.0567892
983077,18,1,161638,42935,37814,118703,227780,0,0,0,0,0.0546292
983078,18,1,166168,44358,39041,121810,235256,0,0,0,0,0.0744656
983079,18,1,176704,47386,41550,129318,250137,0,0,0,0,0.0776933
983350,18,1,173461,45787,40729,127674,240458,0,0,0,0,0.0926635
983351,18,1,161361,42943,37830,118418,227389,0,0,0,0,0.0650993
983352,18,1,168611,45704,40228,122907,243282,0,0,0,0,0.0622662
983353,18,1,162448,43849,38607,118599,233598,0,0,0,0,0.0591593
983354,18,2,201745,55297,48412,146435,294101,1,0,0,0,0.146872
983355,18,1,188042,51102,45398,136940,270827,0,0,0,0,0.0611451
983356,18,1,182072,49869,44174,132203,266312,0,0,0,0,0.0642914
983357,18,1,189543,52571,46617,136972,281856,0,0,0,0,0.0682714
983358,18,1,188852,51747,46038,137105,275055,0,0,0,0,0.0591973
983359,18,2,195471,53173,46663,142285,282478,1,0,0,0,0.135333
983620,36,1,183962,49414,43180,134548,261304,0,0,0,0,0.0728035
983621,36,1,174366,47343,41005,127023,252137,0,0,0,0,0.0532387
983622,36,1,169469,46200,40366,123269,247303,0,0,0,0,0.0522836
983623,36,1,165692,45249,39367,120443,242627,0,0,0,0,0.0520143
983624,36,1,193123,52972,46650,140151,281032,0,0,0,0,0.0538697
983625,36,1,184122,50362,44532,133760,268233,0,0,0,0,0.0549298
983626,36,1,188172,52575,46261,135597,282915,0,0,0,0,0.0561334
983627,36,1,190453,53496,47137,136957,288327,0,0,0,0,0.0569648
983628,36,1,190011,52356,46400,137655,279612,0,0,0,0,0.0589434
983629,36,1,189254,51774,45452,137480,274727,0,0,0,0,0.0763581
984190,18,1,164843,42976,37758,121867,225841,0,0,0,0,0.0965275
984191,18,1,148347,38899,33999,109448,205949,0,0,0,0,0.0634289
984192,18,1,160293,43320,37932,116973,231930,0,0,0,0,0.067716
984193,18,1,159981,43194,37847,116787,231176,0,0,0,0,0.0661696
984194,18,1,163025,42943,37713,120082,225675,0,0,0,0,0.0551707
984195,18,1,180029,49620,44015,130409,266742,0,0,0,0,0.0650637
984196,18,1,179931,49579,43986,130352,266491,0,0,0,0,0.0705189
984197,18,1,184537,51561,45629,132976,278291,0,0,0,0,0.094181
984198,18,1,184710,51637,45690,133073,278756,0,0,0,0,0.069719
984199,18,1,161250,42450,37307,118800,223088,0,0,0,0,0.0608916
985600,3,1,148649,39570,33915,109079,208080,0,0,0,0,0.079975
985601,9,1,152528,41552,35383,110976,219641,0,0,0,0,0.0578826
985604,9,1,176922,48844,42195,128078,257922,0,0,0,0,0.0570307
985609,9,1,156870,42417,36558,114453,222951,0,0,0,0,0.0552078
985610,3,1,172571,45438,39803,127133,235557,0,0,0,0,0.0759089
985611,9,1,169456,45277,38822,124179,235856,0,0,0,0,0.0607555
985614,9,1,197386,53512,46360,143874,277487,0,0,0,0,0.0588787
985619,9,1,173703,46032,39858,127671,237244,0,0,0,0,0.0529352
985620,3,1,172551,45411,39844,127140,236278,0,0,0,0,0.0744111
985621,9,1,159503,43016,37314,116487,225694,0,0,0,0,0.0547719
985624,9,2,174249,46092,40248,128145,238997,1,0,0,0,0.123463
985629,9,2,173800,46055,40184,127734,239236,1,0,0,0,0.147279
985630,3,1,172460,45394,39833,127066,236199,0,0,0,0,0.102841
985631,9,1,164859,43818,38012,121041,228357,0,0,0,0,0.0577869
985634,9,2,203466,55365,48020,148088,290404,1,0,0,0,0.1906
985639,9,2,197112,52846,46000,144254,275786,1,0,0,0,0.146395
985640,9,1,148758,39137,33712,109621,204128,0,0,0,0,0.0548423
985641,9,2,159583,41775,35934,117795,216657,1,0,0,0,0.152713
985642,18,2,322215,85655,74201,236548,447321,1,0,0,0,0.189825
985644,9,2,207167,56716,49070,150438,298126,1,0,0,0,0.154728
985645,18,2,168420,44408,38265,123999,231047,1,0,0,0,0.131206
985648,18,2,161019,42342,36557,118664,220193,1,0,0,0,0.124244
985649,9,2,171534,45441,39515,126080,235907,1,0,0,0,0.149323
985670,3,1,173055,47082,41669,125973,247048,0,0,0,0,0.0855919
985671,9,1,158676,42309,36657,116367,221002,0,0,0,0,0.0582217
985674,9,1,181262,48369,42049,132893,251667,0,0,0,0,0.0552243
985679,9,1,163329,42867,37201,120462,221542,0,0,0,0,0.0543132
985680,3,1,191573,52780,46392,138793,277911,0,0,0,0,0.0762658
985681,9,1,178297,48333,41495,129964,254148,0,0,0,0,0.0521184
985684,9,1,193056,52589,45525,140467,275665,0,0,0,0,0.0578485
985689,9,1,192571,51557,44623,141014,268342,0,0,0,0,0.0577835
985690,3,1,191641,52802,46406,138839,278051,0,0,0,0,0.0785695
985691,9,1,196817,53941,46407,142876,282871,0,0,0,0,0.0556842
985694,9,1,193464,53050,46106,140414,278028,0,0,0,0,0.0553553
985699,9,1,184338,49488,42643,134850,258092,0,0,0,0,0.0540758
985700,9,1,177249,48167,40924,129082,253208,0,0,0,0,0.0552968
985701,9,1,197117,53713,46321,143404,281331,0,0,0,0,0.0569208
985702,18,1,189969,51671,44993,138298,270976,0,0,0,0,0.0550673
985704,9,1,170342,45392,39847,124950,236365,0,0,0,0,0.0633547
985705,18,1,196275,53836,46859,142439,283386,0,0,0,0,0.0604806
985708,18,1,196857,53916,46852,142941,282044,0,0,0,0,0.055224
985709,9,1,205032,56598,49835,148434,296564,0,0,0,0,0.0643542
985730,3,1,172876,46633,40455,126243,243839,0,0,0,0,0.0742822
985731,9,1,161215,44158,37790,117057,232961,0,0,0,0,0.0520405
985734,9,1,187738,51291,44578,136447,268912,0,0,0,0,0.0565312
985739,9,2,303973,84696,73906,219264,447522,1,0,0,0,0.149686
985740,3,1,173035,46672,40505,126363,244046,0,0,0,0,0.0721247
985741,9,2,165320,44341,38351,120968,233094,1,0,0,0,0.131189
985744,9,2,169499,45958,39915,123529,241353,1,0,0,0,0.122761
985749,9,1,178482,48391,42152,130091,252786,0,0,0,0,0.0515462
985750,9,1,158436,43024,36705,115412,225824,0,0,0,0,0.0513707
985751,9,1,182765,50164,43341,132601,263292,0,0,0,0,0.0574551
985754,9,2,199478,55271,48325,144194,291977,1,0,0,0,0.132409
985755,18,2,200055,55734,48409,144308,295086,1,0,0,0,0.158507
985758,18,1,193963,53002,45824,140961,278401,0,0,0,0,0.0731308
985759,9,1,184192,50210,43627,133982,261795,0,0,0,0,0.0714395
985762,18,1,170767,46657,40492,124110,245141,0,0,0,0,0.0572942
985780,3,1,171053,46450,41041,124603,243512,0,0,0,0,0.121386
985781,9,2,164232,44108,37953,120113,230865,1,0,0,0,0.194638
985784,9,2,165385,44611,38773,120762,233220,1,0,0,0,0.12333
985789,9,1,164210,43504,37881,120706,226091,0,0,0,0,0.0544063
985790,9,1,147574,39891,34744,107683,209368,0,0,0,0,0.0561312
985791,9,2,174940,47937,41735,126991,252262,1,0,0,0,0.130778
985794,9,2,207911,58129,50699,149769,307338,1,0,0,0,0.133183
985799,9,2,301700,82695,71778,218993,435143,1,0,0,0,0.215674
985802,18,2,162656,43894,37631,118750,230580,1,0,0,0,0.116397
985805,18,2,213922,60252,52336,153657,319635,1,0,0,0,0.126551
985808,18,1,183495,49385,42857,134110,258473,0,0,0,0,0.0512958
985820,9,1,160440,42911,37554,117529,222915,0,0,0,0,0.0516158
985821,9,2,179251,48986,42108,130253,256308,1,0,0,0,0.127746
985824,9,2,298757,83901,72730,214844,442358,1,0,0,0,0.151729
985829,9,1,175242,47164,40879,128078,246161,0,0,0,0,0.0546578
985842,18,2,164121,44295,38277,119815,232610,1,0,0,0,0.122102
985845,18,2,294256,82113,71237,212130,434507,1,0,0,0,0.141337
985848,18,1,180364,48929,42560,131435,256129,0,0,0,0,0.0508579
985870,9,1,155127,41075,35910,114052,212232,0,0,0,0,0.0520318
985871,9,2,172484,46193,40233,126279,240374,1,0,0,0,0.158545
985872,9,2,161655,43034,37155,118609,224904,1,0,0,0,0.132353
985873,9,2,163245,43871,37879,119362,229711,1,0,0,0,0.148392
985874,9,2,189618,51562,44678,138043,267699,1,0,0,0,0.162797
985875,9,2,180087,49069,42868,131005,257516,1,0,0,0,0.134967
985876,9,2,283730,79719,69695,203998,422426,1,0,0,0,0.166135
985877,9,1,162749,43524,38282,119225,226460,0,0,0,0,0.0627976
985878,9,1,171954,46872,41277,125082,245669,0,0,0,0,0.0804522
985879,9,1,181609,48857,42671,132752,255111,0,0,0,0,0.0718033
985880,3,1,148422,39381,33901,109041,206819,0,0,0,0,0.0901464
985881,9,1,153577,41606,35463,111971,219570,0,0,0,0,0.0757039
985884,9,1,178764,49025,42360,129739,258439,0,0,0,0,0.0586543
985889,9,1,158733,42748,36755,115985,224466,0,0,0,0,0.0568542
985890,3,1,171980,45137,39668,126843,233656,0,0,0,0,0.0965221
985891,9,1,170537,45375,39028,125162,236054,0,0,0,0,0.0833541
985894,9,1,199155,53736,46607,145419,278178,0,0,0,0,0.0622041
985899,9,1,175420,46377,40211,129043,238917,0,0,0,0,0.0637744
985900,3,1,173817,45622,40177,128195,237186,0,0,0,0,0.097504
985901,9,1,163269,43731,37929,119538,228908,0,0,0,0,0.0762033
985904,9,2,174678,46088,40294,128578,238726,1,0,0,0,0.184787
985909,9,2,174288,46089,40236,128188,239193,1,0,0,0,0.190685
985910,3,1,173713,45601,40165,128112,237082,0,0,0,0,0.095827
985911,9,1,168645,44681,38712,123964,232648,0,0,0,0,0.0738722
985914,9,2,204266,55412,48079,148841,290449,1,0,0,0,0.168224
985919,9,2,197835,52834,45993,144989,275340,1,0,0,0,0.149712
985920,9,1,149838,39315,33939,110523,204914,0,0,0,0,0.0761415
985921,9,2,159229,41525,35647,117691,215180,1,0,0,0,0.169454
985922,18,2,322270,85304,73927,236954,444852,1,0,0,0,0.20678
985924,9,2,207505,56598,48982,150894,297113,1,0,0,0,0.145209
985925,18,2,168836,44341,38250,124482,230429,1,0,0,0,0.125028
985928,18,2,161252,42179,36448,119060,218975,1,0,0,0,0.121482
985929,9,2,172118,45371,39485,126734,235202,1,0,0,0,0.13869
985950,3,1,174476,47434,42017,127042,248781,0,0,0,0,0.0833363
985951,9,1,159610,42582,36952,117028,222401,0,0,0,0,0.0543043
985954,9,1,182904,48813,42528,134091,253921,0,0,0,0,0.0545265
985959,9,1,165259,43322,37562,121937,223826,0,0,0,0,0.0534454
985960,3,1,192223,52785,46473,139438,277436,0,0,0,0,0.0782395
985961,9,1,178807,48396,41633,130411,254310,0,0,0,0,0.054509
985964,9,1,193058,52508,45537,140550,275003,0,0,0,0,0.0530729
985969,9,1,193077,51518,44724,141559,267903,0,0,0,0,0.0540611
985970,3,1,192293,52808,46490,139485,277582,0,0,0,0,0.110854
985971,9,1,198345,54349,46758,143996,284950,0,0,0,0,0.064783
985974,9,1,194299,53244,46267,141055,278934,0,0,0,0,0.0551513
985979,9,1,185065,49454,42690,135611,257449,0,0,0,0,0.0668441
985980,9,1,178630,48454,41298,130176,254553,0,0,0,0,0.0677705
985981,9,1,197734,53730,46353,144004,281080,0,0,0,0,0.0556754
985982,18,1,191475,51929,45237,139546,272043,0,0,0,0,0.0566897
985984,9,1,171117,45689,40172,125428,238049,0,0,0,0,0.0667572
985985,18,1,197808,54260,47172,143548,285618,0,0,0,0,0.0818184
985988,18,1,198764,54339,47233,144425,284068,0,0,0,0,0.0591808
985989,9,1,206605,56742,50039,149863,296764,0,0,0,0,0.0671703
986010,3,1,172228,46358,40289,125870,242226,0,0,0,0,0.0761032
986011,9,1,161341,44151,37857,117190,232766,0,0,0,0,0.0568509
986014,9,1,187833,51171,44540,136662,268006,0,0,0,0,0.0770787
986019,9,2,305187,84712,73869,220462,447075,1,0,0,0,0.166863
986020,3,1,172396,46400,40344,125996,242451,0,0,0,0,0.0723185
986021,9,2,164911,43888,37926,121012,229913,1,0,0,0,0.132174
986024,9,2,171135,46118,40032,125005,241625,1,0,0,0,0.11968
986029,9,1,179684,48581,42341,131103,253565,0,0,0,0,0.0745631
986030,9,1,158681,42867,36580,115814,224564,0,0,0,0,0.0656424
986031,9,1,183268,50087,43331,133181,262358,0,0,0,0,0.0533522
986034,9,2,201488,55602,48618,145873,293285,1,0,0,0,0.152897
986035,18,2,201446,55872,48543,145561,295339,1,0,0,0,0.125233
986038,18,1,194455,52916,45885,141539,277549,0,0,0,0,0.0566019
986039,9,1,185127,50178,43692,134949,261156,0,0,0,0,0.0669396
986042,18,1,171695,46759,40613,124936,245403,0,0,0,0,0.0742563
986060,3,1,172963,46940,41514,126023,245936,0,0,0,0,0.120038
986061,9,2,164226,43943,37781,120272,229721,1,0,0,0,0.134667
986064,9,2,165660,44439,38636,121209,231890,1,0,0,0,0.125719
986069,9,1,165127,43755,38091,121372,227435,0,0,0,0,0.055672
986070,9,1,149122,40327,35258,108795,211636,0,0,0,0,0.0636223
986071,9,2,174997,47776,41504,127209,251203,1,0,0,0,0.169843
986074,9,2,208511,58015,50621,150483,306357,1,0,0,0,0.171848
986079,9,2,301514,82268,71466,219234,432318,1,0,0,0,0.181934
986082,18,2,163180,43872,37673,119296,230262,1,0,0,0,0.127212
986085,18,2,214798,60226,52344,154559,319109,1,0,0,0,0.169657
986088,18,1,184757,49642,43080,135115,259624,0,0,0,0,0.0536619
986100,9,1,163166,43656,38208,119510,226784,0,0,0,0,0.067955
986101,9,2,178565,48573,41723,129980,253696,1,0,0,0,0.132598
986104,9,2,269943,75316,65297,194615,396025,1,0,0,0,0.157914
986109,9,1,177018,47459,41099,129559,247439,0,0,0,0,0.0608095
986122,18,2,164959,44236,38107,120712,231887,1,0,0,0,0.130775
986125,18,2,267989,74410,64740,193566,393120,1,0,0,0,0.142333
986128,18,1,180839,48772,42485,132067,254741,0,0,0,0,0.0507873
986150,9,1,157578,41753,36531,115825,215753,0,0,0,0,0.0552996
986151,9,2,173798,46227,40121,127559,240066,1,0,0,0,0.160296
986152,9,2,161907,42803,36901,119092,223203,1,0,0,0,0.142565
986153,9,2,165460,44102,37928,121346,230428,1,0,0,0,0.155296
986154,9,2,189994,51441,44551,138540,266766,1,0,0,0,0.139974
986155,9,2,180933,48957,42730,131963,256375,1,0,0,0,0.128734
986156,9,2,256593,71397,62340,185183,377309,1,0,0,0,0.147783
986157,9,1,164259,43809,38421,120450,227627,0,0,0,0,0.0532871
986158,9,1,173055,46936,41242,126119,245570,0,0,0,0,0.0555145
986159,9,1,183131,49094,42846,134037,256025,0,0,0,0,0.0604944
986160,3,1,149186,39870,33980,109316,211411,0,0,0,0,0.0922673
986161,9,1,152299,42060,35480,110239,224793,0,0,0,0,0.0659878
986164,9,1,177939,49721,42884,128218,265211,0,0,0,0,0.0645358
986169,9,1,157192,43037,36819,114155,228548,0,0,0,0,0.0638439
986170,3,1,176233,46799,40646,129434,244506,0,0,0,0,0.0842402
986171,9,1,172797,47228,40139,125569,249268,0,0,0,0,0.0644796
986174,9,1,204481,56514,48628,147967,296786,0,0,0,0,0.0729306
986179,9,1,176387,47515,40847,128872,247889,0,0,0,0,0.0734395
986180,3,1,177317,47365,41061,129952,249867,0,0,0,0,0.0997191
986181,9,1,164908,45135,38780,119773,239657,0,0,0,0,0.0839754
986184,9,2,184647,50389,43727,134246,266097,1,0,0,0,0.182455
986189,9,2,180748,49632,42943,131105,262898,1,0,0,0,0.159779
986190,3,1,177193,47323,41053,129870,249594,0,0,0,0,0.0863033
986191,9,1,169290,46115,39563,123175,243884,0,0,0,0,0.0818444
986194,9,1,178071,48857,42149,129214,257962,0,0,0,0,0.0916777
986199,9,1,182882,49148,42705,133734,256864,0,0,0,0,0.0618533
986200,9,1,147735,39519,33448,108216,209170,0,0,0,0,0.0830934
986201,9,2,153871,41126,35068,112732,217262,1,0,0,0,0.247668
986202,18,2,326002,88443,76480,237547,469014,1,0,0,0,0.199572
986204,9,1,168096,46110,39910,121986,242693,0,0,0,0,0.0658522
986205,18,2,349339,95736,83070,253591,507227,1,0,0,0,0.192408
986208,18,2,354168,97472,84384,256684,515757,1,0,0,0,0.197395
986209,9,2,256691,70474,61206,186205,372968,1,0,0,0,0.188209
986230,3,1,187935,51636,45454,136299,271680,0,0,0,0,0.0891198
986231,9,1,170114,46137,39631,123977,242070,0,0,0,0,0.0640906
986234,9,2,299264,82784,72018,216467,434986,1,0,0,0,0.183261
986239,9,1,177218,47206,41051,130012,245007,0,0,0,0,0.0810974
986240,3,1,195518,53117,46333,142401,278724,0,0,0,0,0.0916863
986241,9,1,171960,46317,39584,125643,242789,0,0,0,0,0.0576757
986244,9,1,187876,50338,43332,137538,260564,0,0,0,0,0.0552593
986249,9,2,313725,86096,75322,227617,451431,1,0,0,0,0.170169
986250,3,1,195524,53103,46324,142421,278629,0,0,0,0,0.0849237
986251,9,1,206707,57782,50136,148925,304020,0,0,0,0,0.0824766
986254,9,1,203249,56199,48856,147050,294885,0,0,0,0,0.0653825
986259,9,1,188650,50405,43603,138245,261295,0,0,0,0,0.0584691
986260,9,1,184911,50747,43486,134164,267235,0,0,0,0,0.0620068
986261,9,1,199070,54734,47551,144336,286421,0,0,0,0,0.0605939
986262,18,1,194966,53424,46573,141542,280945,0,0,0,0,0.060896
986264,9,2,297855,82591,72234,215251,436704,1,0,0,0,0.213164
986265,18,1,211286,58479,50954,152807,307510,0,0,0,0,0.060754
986268,18,1,201316,54542,46994,146774,283402,0,0,0,0,0.061673
986269,9,1,222158,60983,53641,161175,317450,0,0,0,0,0.0779056
986290,3,1,206879,57106,49973,149773,300593,0,0,0,0,0.0828152
986291,9,1,185458,50716,43666,134742,266799,0,0,0,0,0.0612885
986294,9,2,311684,87185,75491,224488,461920,1,0,0,0,0.196861
986299,9,2,226070,62650,54741,163407,330952,1,0,0,0,0.139819
986300,3,1,206834,57101,49968,149733,300590,0,0,0,0,0.0811837
986301,9,1,203621,55691,48588,147930,291494,0,0,0,0,0.0579436
986304,9,1,228884,63295,55402,165589,333272,0,0,0,0,0.0641573
986309,9,1,197595,54001,47076,143594,282787,0,0,0,0,0.0635464
986310,9,1,186977,51090,43872,135887,268680,0,0,0,0,0.0866239
986311,9,1,210428,58565,50797,151863,307459,0,0,0,0,0.0638348
986314,9,1,214441,58650,51433,155791,306802,0,0,0,0,0.0793645
986315,18,1,222067,61582,53315,160485,324584,0,0,0,0,0.0667432
986318,18,1,200485,54174,46653,146311,284163,0,0,0,0,0.0600554
986319,9,1,200187,55209,48144,144978,289070,0,0,0,0,0.0697395
986322,18,1,203652,56034,48703,147618,294945,0,0,0,0,0.0637564
986340,3,1,186707,50691,44461,136016,266191,0,0,0,0,0.0947966
986341,9,2,282522,78144,68278,204365,413383,1,0,0,0,0.171645
986344,9,1,221171,61206,53921,159965,321307,0,0,0,0,0.0664824
986349,9,1,173360,46997,40965,126363,246552,0,0,0,0,0.0561135
986350,9,1,173517,47096,40365,126421,247374,0,0,0,0,0.0633472
986351,9,1,200017,54928,47683,145089,287656,0,0,0,0,0.0624274
986354,9,1,222649,61556,53847,161093,323777,0,0,0,0,0.0666735
986359,9,1,195655,54189,46785,141466,286558,0,0,0,0,0.0645813
986362,18,1,221550,61778,53547,159772,326259,0,0,0,0,0.0661878
986365,18,1,224823,62683,54643,162140,330731,0,0,0,0,0.0649241
986368,18,1,191676,52505,45030,139171,277235,0,0,0,0,0.0562302
986380,9,2,276623,76422,66618,200188,402808,1,0,0,0,0.174173
986381,9,1,203064,55053,47744,148011,285863,0,0,0,0,0.065116
986384,9,2,287346,80429,70440,206906,426190,1,0,0,0,0.162918
986389,9,1,180644,49274,42469,131370,260970,0,0,0,0,0.0694448
986402,18,1,215905,58948,50672,156957,307685,0,0,0,0,0.0677819
986405,18,1,208324,57175,49622,151149,301328,0,0,0,0,0.0628869
986408,18,1,195518,53588,45843,141930,283118,0,0,0,0,0.0644608
986430,9,1,174355,46302,40210,128053,240154,0,0,0,0,0.0576536
986431,9,2,295049,81072,70824,213965,426752,1,0,0,0,0.165426
986432,9,1,197540,53620,46518,143920,279797,0,0,0,0,0.0600271
986433,9,1,240003,67295,59346,172708,353050,0,0,0,0,0.085492
986434,9,2,222362,61516,53853,160833,324572,1,0,0,0,0.158595
986435,9,1,191378,51994,45352,139384,271807,0,0,0,0,0.0823799
986436,9,1,200250,55195,48319,145055,289471,0,0,0,0,0.0672137
986437,9,1,169606,45755,39801,123851,239749,0,0,0,0,0.0549889
986438,9,1,191505,52600,45615,138905,278141,0,0,0,0,0.0616797
986439,9,1,174657,47675,41406,126982,253063,0,0,0,0,0.0647866
986440,3,1,149151,39326,33192,109825,206848,0,0,0,0,0.217512
986441,9,1,150211,40545,34521,109666,214566,0,0,0,0,0.138078
986444,9,1,181487,50109,43270,131378,265356,0,0,0,0,0.10572
986449,9,1,163948,44240,38061,119708,233088,0,0,0,0,0.0893316
986450,3,1,163824,45054,39409,118770,238543,0,0,0,0,0.123486
986451,9,1,159500,43933,37961,115567,232830,0,0,0,0,0.0924471
986454,9,1,183579,50001,43600,133578,262730,0,0,0,0,0.097488
986459,9,1,152508,40520,34956,111988,211956,0,0,0,0,0.0916484
986460,3,1,189394,51948,45040,137446,274160,0,0,0,0,0.113255
986461,9,1,186521,51305,43925,135216,270401,0,0,0,0,0.0712305
986464,9,1,203219,55172,46952,148047,288565,0,0,0,0,0.0703884
986469,9,1,200522,54131,46483,146391,282729,0,0,0,0,0.073535
986470,3,1,189098,51844,44965,137254,273559,0,0,0,0,0.148074
986471,9,2,201211,56360,48292,144838,301153,1,0,0,0,0.198037
986474,9,2,227981,64533,56291,163435,344011,1,0,0,0,0.227359
986479,9,1,193567,52345,45090,141222,274463,0,0,0,0,0.100414
986480,9,1,169111,46017,39261,123094,243110,0,0,0,0,0.107852
986481,9,1,200302,54748,47066,145554,287281,0,0,0,0,0.0842016
986482,18,1,190899,52409,45519,138490,276771,0,0,0,0,0.0733664
986484,9,1,173495,47131,41518,126364,248771,0,0,0,0,0.0652509
986485,18,1,211711,59269,52061,152442,314998,0,0,0,0,0.0681017
986488,18,1,214300,59629,51156,154671,314739,0,0,0,0,0.0805046
986489,9,1,196527,53431,46147,143096,280585,0,0,0,0,0.0960146
986510,3,1,185436,52168,46377,133268,276637,0,0,0,0,0.0963488
986511,9,1,180887,50569,44173,130318,267971,0,0,0,0,0.0715912
986514,9,2,306757,84795,74521,221949,446402,1,0,0,0,0.211917
986519,9,1,167912,45035,39180,122877,235003,0,0,0,0,0.0839639
986520,3,1,207671,57458,50632,150213,302679,0,0,0,0,0.146463
986521,9,1,202971,55760,47820,147211,291844,0,0,0,0,0.145686
986524,9,2,332805,92223,80381,240569,485427,1,0,0,0,0.386549
986529,9,1,203273,54486,46809,148787,282938,0,0,0,0,0.108406
986530,3,1,207505,57393,50596,150112,302286,0,0,0,0,0.157358
986531,9,2,222103,62878,54767,159212,335504,1,0,0,0,0.237762
986534,9,2,239128,67858,59715,171257,360880,1,0,0,0,0.18316
986539,9,1,196940,53314,46196,143626,278720,0,0,0,0,0.0720124
986540,9,1,190292,52446,45315,137846,277044,0,0,0,0,0.0865026
986541,9,1,221614,61235,52956,160379,320529,0,0,0,0,0.107403
986542,18,1,212869,59135,51903,153734,311592,0,0,0,0,0.0990739
986544,9,1,189536,51750,45868,137786,271666,0,0,0,0,0.0875169
986545,18,1,230434,65493,57671,164941,348261,0,0,0,0,0.109328
986548,18,1,228121,64109,55383,164012,337681,0,0,0,0,0.116622
986549,9,1,207788,56803,49226,150985,297436,0,0,0,0,0.106406
986570,3,1,209794,58123,51301,151671,306404,0,0,0,0,0.126914
986571,9,1,184870,50623,43684,134247,266470,0,0,0,0,0.0894916
986574,9,1,218893,61438,53398,157455,326740,0,0,0,0,0.113917
986579,9,1,227508,63638,55429,163870,337267,0,0,0,0,0.112134
986580,3,1,209891,58147,51311,151744,306530,0,0,0,0,0.121895
986581,9,1,217908,60088,52868,157820,314552,0,0,0,0,0.0940608
986584,9,1,229646,65118,56871,164528,347363,0,0,0,0,0.130719
986589,9,1,219570,61726,54165,157844,327721,0,0,0,0,0.118604
986590,9,1,208980,58260,50203,150720,306673,0,0,0,0,0.139736
986591,9,2,230130,66219,57879,163898,355061,1,0,0,0,0.298865
986594,9,2,229488,65479,57453,163996,349647,1,0,0,0,0.201854
986595,18,1,246208,70002,61250,176206,373374,0,0,0,0,0.0986987
986598,18,1,239971,68156,59216,171815,362750,0,0,0,0,0.0781727
986599,9,2,221756,62465,54800,159278,332909,1,0,0,0,0.184391
986602,18,1,213024,58829,51521,154195,309409,0,0,0,0,0.106848
986620,3,1,185078,51918,46034,133160,275374,0,0,0,0,0.145831
986621,9,1,187015,51319,45624,135696,269587,0,0,0,0,0.0705927
986624,9,2,234923,66256,57691,168654,353242,1,0,0,0,0.153167
986629,9,2,220807,62088,54391,158706,331314,1,0,0,0,0.19435
986630,9,1,179809,50643,44034,129166,269318,0,0,0,0,0.0761483
986631,9,2,234728,66939,58834,167776,357092,1,0,0,0,0.172082
986634,9,1,231710,65534,57506,166176,349196,0,0,0,0,0.0724935
986639,9,1,238773,67464,59412,171309,358012,0,0,0,0,0.0776619
986642,18,1,231238,65227,57202,166011,346310,0,0,0,0,0.0744076
986645,18,1,249592,71362,62865,178230,381190,0,0,0,0,0.0769062
986648,18,1,241633,69274,60477,172359,370089,0,0,0,0,0.0733521
986660,9,2,286127,79562,69800,206552,419896,1,0,0,0,0.185955
986661,9,2,300844,83613,73494,217218,441123,1,0,0,0,0.178647
986664,9,1,226115,63449,55678,162666,337209,0,0,0,0,0.0785631
986669,9,1,211659,59782,52540,151877,319521,0,0,0,0,0.08357
986682,18,1,241891,68241,59177,173650,359673,0,0,0,0,0.0843577
986685,18,1,233513,65861,57407,167652,349954,0,0,0,0,0.0695031
986688,18,1,242499,69321,60265,173178,370158,0,0,0,0,0.0902904
986710,9,1,163476,43623,37820,119853,227322,0,0,0,0,0.060968
986711,9,1,213676,58679,51378,154997,307518,0,0,0,0,0.069773
986712,9,1,213260,59405,51478,153855,313798,0,0,0,0,0.0882596
986713,9,1,227876,64849,56931,163027,344066,0,0,0,0,0.141352
986714,9,1,230287,64502,56769,165785,342350,0,0,0,0,0.0843719
986715,9,1,220386,61719,54093,158667,327841,0,0,0,0,0.0839874
986716,9,2,218592,61511,54022,157068,327687,1,0,0,0,0.213287
986717,9,2,206692,57500,50428,149179,305832,1,0,0,0,0.16521
986718,9,1,240639,68471,60190,172168,365135,0,0,0,0,0.0895145
986719,9,1,212042,60686,52996,151356,326346,0,0,0,0,0.110495
986720,3,1,154011,40218,34506,113793,210074,0,0,0,0,0.163264
986721,9,1,158497,42303,36160,116194,222376,0,0,0,0,0.0858768
986724,9,1,193048,52682,45666,140366,276532,0,0,0,0,0.0874805
986729,9,1,168775,45309,38848,123466,236956,0,0,0,0,0.0830688
986730,3,1,157317,41501,35375,115816,216984,0,0,0,0,0.0983359
986731,9,1,157756,42490,35969,115266,223592,0,0,0,0,0.097958
986734,9,1,182734,48892,42025,133842,255252,0,0,0,0,0.0842996
986739,9,1,151827,39610,33754,112217,205825,0,0,0,0,0.0710898
986740,3,1,159793,42618,36256,117175,225067,0,0,0,0,0.107665
986741,9,1,163582,44972,37944,118610,239466,0,0,0,0,0.079598
986744,9,1,188711,51851,44470,136860,274217,0,0,0,0,0.0674838
986749,9,1,179570,49522,42610,130048,263173,0,0,0,0,0.0686341
986750,3,1,159952,42659,36267,117293,225272,0,0,0,0,0.100172
986751,9,1,185899,51635,44329,134264,274439,0,0,0,0,0.0697325
986754,9,1,198314,54821,47509,143493,289636,0,0,0,0,0.0705242
986759,9,1,165083,45255,38362,119828,240967,0,0,0,0,0.0689195
986760,9,1,149282,39814,33117,109468,210741,0,0,0,0,0.0651932
986761,9,1,174332,47703,41050,126629,253640,0,0,0,0,0.0631553
986762,18,1,157123,42431,36170,114692,225215,0,0,0,0,0.0790211
986764,9,1,182448,49891,43821,132557,263561,0,0,0,0,0.0793529
986765,18,1,196060,54293,46849,141767,289151,0,0,0,0,0.0964078
986768,18,1,193993,54042,46579,139951,288301,0,0,0,0,0.074598
986769,9,1,172225,47358,40627,124867,251705,0,0,0,0,0.0862582
986790,3,1,183295,49437,43266,133858,258197,0,0,0,0,0.0932974
986791,9,1,179019,48561,41821,130458,254396,0,0,0,0,0.080837
986794,9,1,204696,55365,48333,149331,288137,0,0,0,0,0.0741768
986799,9,1,164020,42944,37073,121076,221194,0,0,0,0,0.0587965
986800,3,1,187925,51878,45532,136047,274924,0,0,0,0,0.0925631
986801,9,1,180576,49655,42775,130921,263242,0,0,0,0,0.0658126
986804,9,2,187534,50189,43675,137332,263340,1,0,0,0,0.159116
986809,9,1,190527,51648,44590,138879,271150,0,0,0,0,0.0631724
986810,3,1,187926,51885,45532,136041,274983,0,0,0,0,0.0908421
986811,9,1,217180,61134,53427,156046,324368,0,0,0,0,0.0777528
986814,9,1,221927,61804,53810,160123,326587,0,0,0,0,0.0864659
986819,9,1,180376,49432,42661,130944,262048,0,0,0,0,0.0810225
986820,9,1,176695,48849,42099,127846,259954,0,0,0,0,0.0848892
986821,9,1,196783,54656,47270,142127,289910,0,0,0,0,0.0934979
986822,18,1,187005,51533,44987,135472,273505,0,0,0,0,0.0779533
986824,9,2,305503,84534,74340,220957,447854,1,0,0,0,0.251503
986825,18,1,225630,63743,56004,161887,340004,0,0,0,0,0.0766873
986828,18,1,213805,60883,52592,152922,325618,0,0,0,0,0.110139
986829,9,1,191620,52908,46197,138712,280384,0,0,0,0,0.126739
986850,3,1,178596,48405,41830,130191,255982,0,0,0,0,0.111789
986851,9,1,162539,43961,37621,118578,232728,0,0,0,0,0.0687149
986854,9,1,194487,53348,45764,141139,281025,0,0,0,0,0.0749338
986859,9,1,211165,57928,49935,153237,305349,0,0,0,0,0.0929422
986860,3,1,178445,48361,41816,130084,255721,0,0,0,0,0.102384
986861,9,1,196549,54463,47351,142086,288901,0,0,0,0,0.0801128
986864,9,1,208049,58497,50811,149552,311178,0,0,0,0,0.112507
986869,9,1,198201,53841,46565,144360,283406,0,0,0,0,0.110321
986870,9,1,181484,50128,43105,131356,266211,0,0,0,0,0.0959072
986871,9,1,203334,56155,48907,147179,296265,0,0,0,0,0.0846225
986874,9,1,194583,54518,47265,140065,289123,0,0,0,0,0.0995241
986875,18,1,217921,60933,53093,156988,324584,0,0,0,0,0.0747516
986878,18,1,209681,57529,49477,152152,303124,0,0,0,0,0.0663351
986879,9,1,208970,57011,49463,151959,298509,0,0,0,0,0.0726058
986882,18,1,185200,50842,43905,134358,269479,0,0,0,0,0.0674103
986900,3,1,174407,46384,40245,128023,241400,0,0,0,0,0.0851575
986901,9,2,277474,78390,68662,199072,418964,1,0,0,0,0.218573
986904,9,1,192785,54255,47193,138530,288090,0,0,0,0,0.0673965
986909,9,1,172318,46680,40253,125638,245487,0,0,0,0,0.0579488
986910,9,1,173897,47277,40840,126620,247943,0,0,0,0,0.0658077
986911,9,1,214418,59195,50974,155223,311845,0,0,0,0,0.0948661
986914,9,1,212560,59887,51942,152673,318582,0,0,0,0,0.0703759
986919,9,1,194762,53730,46168,141032,283933,0,0,0,0,0.089369
986922,18,1,218992,61400,53364,157592,326905,0,0,0,0,0.0757241
986925,18,1,225825,63534,55365,162291,338972,0,0,0,0,0.0685844
986928,18,1,193721,53719,46433,140002,284994,0,0,0,0,0.0591244
986940,9,1,199302,53659,46744,145643,278698,0,0,0,0,0.0698315
986941,9,2,177436,47537,41396,129886,249744,1,0,0,0,0.167483
986944,9,1,205350,56483,48895,148867,298002,0,0,0,0,0.0767254
986949,9,1,177770,48670,41564,129100,257350,0,0,0,0,0.0692303
986962,18,1,214001,60062,51833,153939,319710,0,0,0,0,0.0733659
986965,18,1,214696,59402,50900,155294,314110,0,0,0,0,0.0833525
986968,18,1,196876,54706,47104,142170,290478,0,0,0,0,0.0638696
986990,9,1,159555,41808,35963,117747,215375,0,0,0,0,0.0599873
986991,9,1,189505,51666,45063,137839,271864,0,0,0,0,0.0758544
986992,9,1,178797,48967,41824,129830,260311,0,0,0,0,0.0896737
986993,9,1,183855,51067,44269,132788,271893,0,0,0,0,0.0896001
986994,9,1,219690,60659,52681,159031,320976,0,0,0,0,0.0706986
986995,9,1,205975,56690,49043,149285,299661,0,0,0,0,0.0696164
986996,9,1,221666,61532,53273,160134,324119,0,0,0,0,0.0773104
986997,9,1,173735,47015,40652,126720,247131,0,0,0,0,0.062536
986998,9,1,192868,52926,45297,139942,279844,0,0,0,0,0.0683446
986999,9,1,171324,46804,39932,124520,248016,0,0,0,0,0.0676508
987000,3,1,173877,45623,39968,128254,239293,0,0,0,0,0.13991
987001,9,1,163172,43753,37831,119419,231466,0,0,0,0,0.0958208
987004,9,1,202230,56862,49729,145368,302183,0,0,0,0,0.102625
987009,9,1,205924,56049,48769,149875,293994,0,0,0,0,0.0916033
987010,3,1,187632,49952,43211,137680,262739,0,0,0,0,0.0915613
987011,9,1,175774,47836,40920,127938,253336,0,0,0,0,0.0651709
987014,9,1,206355,56887,49531,149468,300095,0,0,0,0,0.0656615
987019,9,1,197302,53098,46263,144204,278220,0,0,0,0,0.0639229
987020,3,1,177977,46898,40286,131079,246285,0,0,0,0,0.097792
987021,9,1,168483,45377,38781,123106,240427,0,0,0,0,0.0701983
987024,9,1,205277,55685,48449,149592,292215,0,0,0,0,0.0715586
987029,9,1,191072,52420,45359,138652,277475,0,0,0,0,0.106874
987030,3,1,175632,47211,40785,128421,249886,0,0,0,0,0.0945221
987031,9,1,195153,53656,46452,141497,284226,0,0,0,0,0.0751986
987034,9,1,228093,63305,54571,164788,332945,0,0,0,0,0.0948812
987039,9,1,162438,43337,37256,119101,229604,0,0,0,0,0.0722284
987040,9,1,152606,41452,35444,111154,220742,0,0,0,0,0.0803684
987041,9,1,181269,49066,42366,132203,259813,0,0,0,0,0.0676195
987042,18,1,195180,53776,46504,141404,287029,0,0,0,0,0.0690444
987044,9,1,215736,58823,50960,156913,308239,0,0,0,0,0.0665197
987045,18,1,209243,58416,50488,150827,311029,0,0,0,0,0.0873802
987048,18,1,195211,54070,46800,141141,288378,0,0,0,0,0.071622
987049,9,1,187597,50986,44230,136611,270999,0,0,0,0,0.0910708
987070,3,1,201820,54901,48078,146919,288914,0,0,0,0,0.0885712
987071,9,1,179269,49182,42455,130087,260389,0,0,0,0,0.0618244
987074,9,2,206925,55937,48754,150975,291602,1,0,0,0,0.158221
987079,9,2,204578,54898,47673,149667,285266,1,0,0,0,0.142884
987080,3,1,209044,57259,50677,151785,302820,0,0,0,0,0.106036
987081,9,1,191630,52964,46054,138666,281707,0,0,0,0,0.0701932
987084,9,2,242213,67996,59624,174205,361310,1,0,0,0,0.169345
987089,9,2,231627,64559,56518,167055,342370,1,0,0,0,0.154301
987090,3,1,186016,49160,42825,136856,257354,0,0,0,0,0.0912926
987091,9,1,206849,56539,49139,150310,296663,0,0,0,0,0.067958
987094,9,2,423002,116573,100855,306416,614258,1,0,0,0,0.239599
987099,9,1,175163,46442,40069,128721,243755,0,0,0,0,0.0696839
987100,9,1,169283,45466,39105,123817,239973,0,0,0,0,0.0674706
987101,9,1,201173,55274,48117,145899,291924,0,0,0,0,0.0757237
987102,18,1,217279,60276,52836,157003,320410,0,0,0,0,0.0771825
987104,9,2,323392,90589,79365,232790,481053,1,0,0,0,0.221966
987105,18,1,226071,63563,55379,162508,338253,0,0,0,0,0.0795769
987108,18,1,211506,58823,51264,152683,312182,0,0,0,0,0.0830018
987109,9,1,201035,55124,48040,145911,292409,0,0,0,0,0.0948632
987130,3,1,186054,49247,43095,136807,257916,0,0,0,0,0.102269
987131,9,1,165789,44496,38272,121293,234745,0,0,0,0,0.0705444
987134,9,1,192269,52086,44728,140183,273794,0,0,0,0,0.0853461
987139,9,1,212194,57829,49987,154365,304772,0,0,0,0,0.0961948
987140,3,1,190588,51412,44949,139176,270625,0,0,0,0,0.0940601
987141,9,1,193371,52920,46300,140451,278545,0,0,0,0,0.0672521
987144,9,1,216898,59824,51680,157074,316259,0,0,0,0,0.0730295
987149,9,1,207539,56303,48408,151236,296148,0,0,0,0,0.0673091
987150,9,1,182618,49960,42928,132658,264398,0,0,0,0,0.069126
987151,9,1,207783,56396,48713,151387,295453,0,0,0,0,0.0754016
987154,9,2,230320,65324,57158,164983,349907,1,0,0,0,0.161569
987155,18,1,232474,64772,56557,167702,344410,0,0,0,0,0.083377
987158,18,1,226364,62721,54670,163643,331207,0,0,0,0,0.0956125
987159,9,1,230828,62046,53886,168782,322521,0,0,0,0,0.0952278
987162,18,1,217538,60068,52569,157470,318764,0,0,0,0,0.086954
987180,3,1,193950,51230,44616,142720,267128,0,0,0,0,0.122839
987181,9,2,294512,82953,72281,211546,441846,1,0,0,0,0.218141
987184,9,2,229732,65013,56585,164706,348428,1,0,0,0,0.18916
987189,9,2,284354,79255,68685,205086,421839,1,0,0,0,0.212818
987190,9,1,179681,48565,41875,131116,255868,0,0,0,0,0.0613055
987191,9,2,420072,116183,100010,303876,613191,1,0,0,0,0.257625
987194,9,1,219682,60677,52572,159005,321353,0,0,0,0,0.0798504
987199,9,1,208735,57277,49818,151458,301602,0,0,0,0,0.0730217
987202,18,1,232254,65132,56156,167122,346389,0,0,0,0,0.0781991
987205,18,1,233833,65538,57217,168295,349059,0,0,0,0,0.0699389
987208,18,1,207853,58373,50225,149480,310882,0,0,0,0,0.0808301
987220,9,2,201380,54115,47602,147252,281571,1,0,0,0,0.225026
987221,9,2,231129,64569,56334,166548,342712,1,0,0,0,0.224333
987224,9,1,196520,53396,46183,143124,280415,0,0,0,0,0.0987275
987229,9,1,190328,52098,44730,138230,275573,0,0,0,0,0.102518
987242,18,1,218192,59942,51752,158250,317043,0,0,0,0,0.105927
987245,18,1,234733,65236,56290,169497,345362,0,0,0,0,0.0946133
987248,18,1,213749,58882,50302,154867,312480,0,0,0,0,0.0899909
987270,9,2,193660,51765,45016,141882,269190,1,0,0,0,0.180668
987271,9,2,213651,58986,51203,154652,312391,1,0,0,0,0.196637
987272,9,1,171289,45531,39166,125758,239337,0,0,0,0,0.0625346
987273,9,1,196728,54282,47088,142446,288665,0,0,0,0,0.0962812
987274,9,1,208016,56270,48907,151746,295918,0,0,0,0,0.069288
987275,9,1,208615,56814,49459,151801,299788,0,0,0,0,0.0797513
987276,9,1,242590,67223,58632,175367,353279,0,0,0,0,0.0878086
987277,9,2,242724,66763,57847,175948,355292,1,0,0,0,0.163737
987278,9,1,207077,56153,48912,150924,295457,0,0,0,0,0.076222
987279,9,1,182724,49638,42680,133086,262447,0,0,0,0,0.0715751
987280,3,1,176102,46445,40756,129657,243822,0,0,0,0,0.153077
987281,9,1,166384,44564,38691,121820,235238,0,0,0,0,0.107834
987284,9,1,184442,50528,44224,133914,266557,0,0,0,0,0.130446
987289,9,1,177206,46628,40667,130578,242008,0,0,0,0,0.0947966
987290,3,1,188538,50325,43634,138213,264815,0,0,0,0,0.121299
987291,9,2,331177,89827,77500,241337,475719,1,0,0,0,0.211624
987294,9,1,182428,48888,42460,133540,256451,0,0,0,0,0.0631425
987299,9,1,170576,44235,38068,126341,229314,0,0,0,0,0.0626419
987300,3,1,179512,47569,40839,131943,250254,0,0,0,0,0.103412
987301,9,1,170786,45596,39012,125190,240738,0,0,0,0,0.0655185
987304,9,1,188399,50017,43596,138382,260312,0,0,0,0,0.0642269
987309,9,1,180661,48682,41932,131979,256327,0,0,0,0,0.0711118
987310,3,1,177000,47855,41401,129145,253665,0,0,0,0,0.0966023
987311,9,1,180575,48657,42361,131918,256642,0,0,0,0,0.0764985
987314,9,1,192586,51599,44558,140987,269975,0,0,0,0,0.100082
987319,9,1,166834,44360,38379,122474,234195,0,0,0,0,0.092599
987320,9,1,154750,41464,35482,113286,219575,0,0,0,0,0.0649084
987321,9,1,169421,45051,39041,124370,237085,0,0,0,0,0.0676641
987322,18,1,178198,48300,41775,129898,256545,0,0,0,0,0.0744734
987324,9,1,211803,57588,50091,154215,302190,0,0,0,0,0.0722281
987325,18,1,200418,55869,48374,144549,298294,0,0,0,0,0.0756461
987328,18,1,195260,54382,47149,140878,291612,0,0,0,0,0.102761
987329,9,1,186179,50443,43800,135736,267493,0,0,0,0,0.128906
987350,3,1,202660,55245,48415,147415,290869,0,0,0,0,0.139738
987351,9,2,340940,91888,79551,249039,482548,1,0,0,0,0.272017
987354,9,2,190272,51273,44579,138986,268542,1,0,0,0,0.222557
987359,9,2,183772,48878,42111,134881,254857,1,0,0,0,0.201983
987360,3,1,209538,57486,50859,152052,304160,0,0,0,0,0.103756
987361,9,1,199385,54951,47870,144434,291648,0,0,0,0,0.0997736
987364,9,2,227333,62981,55481,164340,333972,1,0,0,0,0.202692
987369,9,2,218538,60744,53224,157781,322755,1,0,0,0,0.22275
987370,3,1,187822,49806,43399,138016,261041,0,0,0,0,0.0924255
987371,9,1,186531,49376,43252,137155,257515,0,0,0,0,0.0675767
987374,9,2,240700,67033,58661,173654,356591,1,0,0,0,0.165289
987379,9,1,178992,47232,41030,131760,247052,0,0,0,0,0.0770676
987380,9,1,169696,44972,38957,124724,235937,0,0,0,0,0.087179
987381,9,1,192669,52228,45715,140441,275258,0,0,0,0,0.100613
987382,18,1,196596,53733,47120,142863,284561,0,0,0,0,0.116707
987384,9,2,258252,72709,63685,185530,388100,1,0,0,0,0.371919
987385,18,1,215999,60586,52850,155413,323147,0,0,0,0,0.121128
987388,18,1,207491,57578,50615,149913,306901,0,0,0,0,0.14279
987389,9,1,200802,55444,47918,145358,294405,0,0,0,0,0.141197
987410,3,1,186953,49761,43530,137192,260991,0,0,0,0,0.14226
987411,9,1,168666,44881,38674,123785,235885,0,0,0,0,0.0877161
987414,9,1,189215,50589,43814,138626,264468,0,0,0,0,0.0955624
987419,9,1,191070,50941,44190,140129,266800,0,0,0,0,0.0720282
987420,3,1,192915,52377,45860,140538,276123,0,0,0,0,0.107801
987421,9,1,180274,48555,42775,131719,254973,0,0,0,0,0.093328
987424,9,1,205982,56099,48643,149883,295041,0,0,0,0,0.0707577
987429,9,1,208229,56440,48396,151789,297113,0,0,0,0,0.0891646
987430,9,1,186613,50758,43687,135855,267828,0,0,0,0,0.0961868
987431,9,1,190735,50889,44525,139846,265898,0,0,0,0,0.0734701
987434,9,2,228873,65109,57044,163751,348718,1,0,0,0,0.170998
987435,18,1,213539,58262,51036,155277,307352,0,0,0,0,0.0649277
987438,18,1,215027,59509,51764,155518,315456,0,0,0,0,0.0637768
987439,9,1,223472,59921,52100,163551,311641,0,0,0,0,0.0698251
987442,18,1,198871,54368,47373,144503,287834,0,0,0,0,0.0652318
987460,3,1,196306,52184,45560,144122,272553,0,0,0,0,0.0857015
987461,9,2,255549,72547,63172,182989,387983,1,0,0,0,0.185271
987464,9,2,232445,65617,57230,166815,350955,1,0,0,0,0.181799
987469,9,2,258995,71880,62466,187102,382596,1,0,0,0,0.197841
987470,9,2,355187,96588,83657,258586,508949,1,0,0,0,0.20967
987471,9,2,246067,69822,60607,176232,373975,1,0,0,0,0.201665
987474,9,1,214103,58663,51344,155440,309267,0,0,0,0,0.0874006
987479,9,1,199128,54155,47183,144973,284789,0,0,0,0,0.0953523
987482,18,1,214167,59526,51411,154641,316801,0,0,0,0,0.0741975
987485,18,1,218211,60267,52772,157944,319299,0,0,0,0,0.0733654
987488,18,1,196978,54416,47541,142562,288801,0,0,0,0,0.0840575
987500,9,2,189076,51267,44832,137796,269676,1,0,0,0,0.146
987501,9,2,222189,61597,53952,160580,327135,1,0,0,0,0.164687
987504,9,1,191821,51389,44637,140432,268514,0,0,0,0,0.0651588
987509,9,1,190872,52341,45545,138531,276388,0,0,0,0,0.0680183
987522,18,1,212007,58119,50112,153888,308106,0,0,0,0,0.0675239
987525,18,1,224378,62000,53537,162378,328929,0,0,0,0,0.0632463
987528,18,1,198630,54219,46634,144411,286972,0,0,0,0,0.0617916
987550,9,2,173315,45769,39654,127533,238832,1,0,0,0,0.139563
987551,9,2,203273,55750,48676,147510,295623,1,0,0,0,0.170828
987552,9,1,174992,46104,39620,128888,240961,0,0,0,0,0.0657936
987553,9,1,191418,51769,44705,139649,273354,0,0,0,0,0.110288
987554,9,1,191500,51359,44889,140141,269752,0,0,0,0,0.0621739
987555,9,1,204179,55076,47689,149103,289925,0,0,0,0,0.0647978
987556,9,1,234430,64328,56390,170102,337299,0,0,0,0,0.0749569
987557,9,2,239349,65540,56666,173796,347968,1,0,0,0,0.178759
987558,9,1,189641,50408,44067,139233,263208,0,0,0,0,0.0757381
987559,9,1,182617,49456,42683,133161,261131,0,0,0,0,0.0691953
987560,9,1,148092,38823,33592,109269,204138,0,0,0,0,0.0866354
987561,9,1,168741,44606,38832,124135,232056,0,0,0,0,0.0823513
987564,9,1,154725,41250,36060,113475,215889,0,0,0,0,0.0938632
987569,9,1,168382,43428,37603,124954,222473,0,0,0,0,0.100864
987570,9,1,157076,41343,34892,115733,217075,0,0,0,0,0.0620658
987571,9,1,175804,46656,40059,129148,242698,0,0,0,0,0.0618429
987574,9,1,147756,38878,33451,108878,202760,0,0,0,0,0.0557892
987579,9,1,156509,40889,35118,115620,211341,0,0,0,0,0.0589621
987580,9,1,149202,38893,32780,110309,204204,0,0,0,0,0.0665381
987581,9,1,174656,46176,39709,128480,240641,0,0,0,0,0.0735845
987584,9,1,170881,44589,38726,126292,228843,0,0,0,0,0.0637458
987589,9,1,160483,43651,37916,116832,230225,0,0,0,0,0.0721108
987590,9,1,149975,39956,33768,110019,211375,0,0,0,0,0.0766077
987591,9,1,160431,43342,37201,117089,228727,0,0,0,0,0.0617891
987594,9,2,170762,46630,40191,124119,248093,1,0,0,0,0.211331
987599,9,2,232085,64111,55784,167962,341301,1,0,0,0,0.207667
987600,9,1,160687,42266,36156,118421,220141,0,0,0,0,0.0636378
987601,9,1,152813,41024,35469,111789,216998,0,0,0,0,0.0609341
987604,9,1,195679,52849,45966,142830,275483,0,0,0,0,0.069257
987609,9,1,160479,44117,38280,116362,235453,0,0,0,0,0.0665713
987630,9,1,169875,45739,39089,124136,240690,0,0,0,0,0.0666784
987631,9,2,167194,44031,38266,123150,229461,1,0,0,0,0.141332
987634,9,2,179314,47684,41447,131617,248573,1,0,0,0,0.188216
987639,9,2,189434,50987,44014,138435,266432,1,0,0,0,0.151242
987640,9,1,179684,49010,42314,130674,259839,0,0,0,0,0.0649084
987641,9,2,281935,78345,68788,203578,416009,1,0,0,0,0.180258
987644,9,2,179412,47710,41665,131689,249574,1,0,0,0,0.139035
987649,9,2,188942,51582,44822,137347,272464,1,0,0,0,0.146974
987650,9,1,162205,42927,36799,119278,225609,0,0,0,0,0.0584102
987651,9,1,182850,50077,43824,132773,264444,0,0,0,0,0.0610624
987654,9,2,177369,47947,41944,129409,253175,1,0,0,0,0.142059
987659,9,2,173312,47332,40987,125967,250718,1,0,0,0,0.139315
987660,9,2,248485,68513,60196,179960,363860,1,0,0,0,0.169026
987661,9,1,175018,47844,41661,127174,253641,0,0,0,0,0.0606443
987664,9,2,249968,70206,61785,179750,373663,1,0,0,0,0.157935
987669,9,2,250261,70051,61278,180198,374525,1,0,0,0,0.159731
987690,9,1,158495,41705,35768,116790,218754,0,0,0,0,0.0564095
987691,9,2,260974,71971,63083,188991,382502,1,0,0,0,0.166154
987694,9,2,178232,48229,41837,129990,254243,1,0,0,0,0.131348
987699,9,2,178105,48077,41790,130016,253362,1,0,0,0,0.134194
987700,9,1,165279,44340,38075,120939,233825,0,0,0,0,0.0586704
987701,9,1,172021,47140,41492,124881,249586,0,0,0,0,0.0577941
987704,9,2,182331,50097,43801,132221,265181,1,0,0,0,0.150331
987709,9,2,188612,51985,45502,136614,275395,1,0,0,0,0.134968
987710,9,2,253441,70906,62356,182523,378518,1,0,0,0,0.179422
987711,9,1,175751,48269,42242,127482,255066,0,0,0,0,0.0615569
987714,9,2,273421,76655,67070,196754,407843,1,0,0,0,0.166857
987719,9,2,190085,52668,45970,137404,279399,1,0,0,0,0.173868
987740,9,1,165669,43865,37679,121804,229375,0,0,0,0,0.0592789
987741,9,2,254083,72419,63397,181652,387236,1,0,0,0,0.172656
987744,9,2,272688,76461,66497,196214,407503,1,0,0,0,0.176653
987749,9,2,176258,48161,41554,128085,255351,1,0,0,0,0.176204
987750,9,2,176021,47288,41394,128720,248667,1,0,0,0,0.16779
987751,9,2,184532,51073,44229,133446,272047,1,0,0,0,0.19661
987754,9,2,189741,52197,45251,137531,276963,1,0,0,0,0.13816
987759,9,2,177574,48627,42181,128935,257967,1,0,0,0,0.137136
987780,9,2,188516,50793,44471,137710,266429,1,0,0,0,0.190609
987781,9,2,184298,50067,43577,134218,263869,1,0,0,0,0.160815
987784,9,2,192086,52079,45584,139994,274955,1,0,0,0,0.141802
987789,9,2,168975,45388,39061,123575,239386,1,0,0,0,0.193708
987830,9,2,180061,47619,41489,132430,248112,1,0,0,0,0.156826
987831,9,2,173807,46365,40423,127429,243149,1,0,0,0,0.160342
987832,9,2,161148,43431,37737,117704,230072,1,0,0,0,0.179957
987833,9,2,260766,72746,63497,188008,388667,1,0,0,0,0.175245
987834,9,2,167770,44480,38966,123278,232847,1,0,0,0,0.182116
987835,9,2,168619,45111,39072,123495,237489,1,0,0,0,0.161479
987836,9,2,169713,45451,39405,124249,239348,1,0,0,0,0.132292
987837,9,2,160602,42909,37072,117681,225862,1,0,0,0,0.130842
987838,9,2,160902,43104,37069,117786,227366,1,0,0,0,0.14
987839,9,2,162046,43094,37156,118940,226597,1,0,0,0,0.15827
988122,18,1,173517,46460,40603,127057,245137,0,0,0,0,0.0853593
988125,18,1,193223,52726,46461,140497,277759,0,0,0,0,0.0853599
988128,18,1,193429,52374,45720,141055,273919,0,0,0,0,0.089595
988132,18,1,176538,47644,41419,128894,251691,0,0,0,0,0.0618494
988135,18,1,186259,49785,42916,136474,261251,0,0,0,0,0.0694259
988138,18,1,187052,49986,42918,137066,260991,0,0,0,0,0.0611691
988142,18,1,172038,46287,39958,125751,245221,0,0,0,0,0.0676117
988145,18,1,188227,50332,43437,137895,262409,0,0,0,0,0.0791049
988148,18,1,192874,52635,45699,140239,277473,0,0,0,0,0.079517
988152,18,1,191269,53022,45921,138247,282105,0,0,0,0,0.0631499
988155,18,1,204995,56160,48423,148835,295316,0,0,0,0,0.0747284
988158,18,1,180391,49322,42706,131069,261853,0,0,0,0,0.0685346
988162,18,1,177702,48657,41812,129045,259382,0,0,0,0,0.0615541
988165,18,1,187963,51616,44510,136347,273544,0,0,0,0,0.0598386
988168,18,1,183265,49844,43776,133421,265107,0,0,0,0,0.0655502
988170,18,1,159168,42806,36935,116362,227203,0,0,0,0,0.0620871
988171,18,1,182367,49920,43364,132447,265103,0,0,0,0,0.0619575
988172,18,1,182475,49809,43120,132666,264380,0,0,0,0,0.0617992
988173,18,1,184144,50010,43617,134134,264238,0,0,0,0,0.0669794
988174,18,1,209141,57673,50002,151468,304427,0,0,0,0,0.0643974
988175,18,1,201881,54862,47526,147019,288977,0,0,0,0,0.0606214
988176,18,1,183697,50619,43972,133078,269114,0,0,0,0,0.0679074
988177,18,1,175720,47563,41739,128157,251681,0,0,0,0,0.0801924
988178,18,1,186329,51169,44887,135160,272131,0,0,0,0,0.0685
988179,18,1,188792,51539,44729,137253,273423,0,0,0,0,0.068339
988192,18,1,185490,50497,44060,134993,266016,0,0,0,0,0.0693846
988195,18,2,181302,47739,41279,133550,248187,1,0,0,0,0.167593
988198,18,2,181894,48377,41657,133504,252068,1,0,0,0,0.136359
988202,18,1,194132,53081,46480,141051,280969,0,0,0,0,0.0651561
988205,18,2,228771,63250,55422,165508,335232,1,0,0,0,0.196205
988208,18,2,222502,62071,54488,160418,330046,1,0,0,0,0.147102
988212,18,1,204036,55944,48826,148092,295225,0,0,0,0,0.0746149
988215,18,2,224057,62477,54996,161567,332606,1,0,0,0,0.165977
988218,18,1,186063,50312,43711,135751,264595,0,0,0,0,0.0627499
988222,18,1,196622,54028,46705,142594,286120,0,0,0,0,0.0597273
988225,18,1,220399,61366,53311,159033,324850,0,0,0,0,0.0641988
988228,18,1,200948,54918,48287,146030,290733,0,0,0,0,0.0946913
988230,18,1,174405,46789,40725,127616,246705,0,0,0,0,0.0615081
988231,18,1,195951,53413,46861,142538,282274,0,0,0,0,0.0594181
988232,18,1,196730,53358,46430,143372,280590,0,0,0,0,0.0589762
988233,18,1,204688,55587,48941,149101,291075,0,0,0,0,0.0719413
988234,18,2,231231,64443,56771,166775,342942,1,0,0,0,0.175703
988235,18,2,315066,86959,76285,228094,461160,1,0,0,0,0.241755
988236,18,2,310905,87669,77054,223223,469362,1,0,0,0,0.179925
988237,18,1,192068,52320,46120,139748,274973,0,0,0,0,0.0689871
988238,18,1,202872,56197,49571,146675,297670,0,0,0,0,0.0743358
988239,18,1,201445,55803,48767,145642,295534,0,0,0,0,0.0958665
988252,18,1,170415,46012,40284,124403,243138,0,0,0,0,0.0871094
988255,18,1,198572,54032,47056,144540,284049,0,0,0,0,0.0725496
988258,18,1,195306,53037,46078,142269,278396,0,0,0,0,0.0706513
988262,18,1,194124,53207,46754,140917,281511,0,0,0,0,0.0796235
988265,18,2,297167,84289,74003,212865,450608,1,0,0,0,0.223922
988268,18,1,209409,57258,49504,152151,302181,0,0,0,0,0.0808428
988272,18,1,197046,53634,46707,143412,282230,0,0,0,0,0.0654257
988275,18,2,291412,82014,72385,209385,437817,1,0,0,0,0.166279
988278,18,1,218743,60325,52384,158418,319255,0,0,0,0,0.0662038
988280,18,1,193521,52937,46037,140584,279835,0,0,0,0,0.065677
988281,18,1,204123,56113,49088,148010,296446,0,0,0,0,0.0695962
988282,18,1,196248,53521,46762,142727,283002,0,0,0,0,0.0864393
988284,18,1,220682,61019,53278,159663,322759,0,0,0,0,0.0662991
988285,18,2,310416,87504,76685,222899,466961,1,0,0,0,0.215861
988286,18,1,219820,60720,53301,159100,320061,0,0,0,0,0.0703354
988287,18,2,301684,84718,74489,216954,451548,1,0,0,0,0.196597
988288,18,1,237190,65470,56959,171720,345447,0,0,0,0,0.0722609
988289,18,1,221820,60247,52049,161573,316103,0,0,0,0,0.0910207
988293,18,1,209460,56923,49733,152537,298729,0,0,0,0,0.0851555
988302,18,2,232807,65991,57667,166803,353408,1,0,0,0,0.197389
988305,18,1,220223,60683,53217,159540,320617,0,0,0,0,0.0965116
988308,18,2,270771,75996,66273,194762,405522,1,0,0,0,0.195475
988312,18,2,285853,79754,70114,206086,424957,1,0,0,0,0.204832
988315,18,2,288992,81132,71218,207847,433542,1,0,0,0,0.216211
988318,18,2,191320,53363,46659,137944,284589,1,0,0,0,0.14086
988320,18,1,187604,50482,44015,137122,264660,0,0,0,0,0.061186
988321,18,2,231411,65743,57262,165655,352686,1,0,0,0,0.198834
988322,18,1,210496,58119,50085,152377,307230,0,0,0,0,0.0859973
988324,18,2,319642,90391,79064,229238,483433,1,0,0,0,0.206192
988325,18,2,310571,87980,76909,222578,470840,1,0,0,0,0.191028
988328,18,1,208637,57330,50224,151307,303366,0,0,0,0,0.0875673
988329,18,1,194895,53575,46522,141320,283592,0,0,0,0,0.0716158
988333,18,2,278031,77563,67928,200455,414488,1,0,0,0,0.171868
988336,18,1,218518,59959,52378,158559,315056,0,0,0,0,0.0734979
988337,18,1,193690,52467,45961,141223,275762,0,0,0,0,0.0758494
988342,18,1,191003,52029,45709,138974,273784,0,0,0,0,0.0707536
988345,18,2,278065,77924,68111,200129,416099,1,0,0,0,0.177606
988348,18,1,192789,52317,46082,140472,275278,0,0,0,0,0.0625356
988350,18,2,184887,49511,42975,135363,259349,1,0,0,0,0.161085
988351,18,2,223287,62200,54780,161074,330668,1,0,0,0,0.168393
988354,18,1,199849,54505,47370,145344,286692,0,0,0,0,0.0598905
988359,18,1,190971,52691,45292,138280,278567,0,0,0,0,0.0604248
988362,18,1,195607,53645,46806,141962,284296,0,0,0,0,0.0745624
988363,18,1,202443,55575,48625,146868,293842,0,0,0,0,0.0708583
988365,18,1,228458,63421,54552,165037,336408,0,0,0,0,0.0672397
988366,18,1,232522,64196,55815,168326,338632,0,0,0,0,0.07042
988367,18,2,177702,48650,42254,129039,258218,1,0,0,0,0.160868
988368,18,1,207668,57206,49713,150462,303249,0,0,0,0,0.0888914
988380,18,2,176190,46799,40526,129378,244415,1,0,0,0,0.154601
988381,18,2,214341,59474,52300,154854,315854,1,0,0,0,0.148461
988382,18,1,194095,52667,46030,141428,277539,0,0,0,0,0.0686387
988383,18,1,210348,58333,50852,152015,309191,0,0,0,0,0.0728641
988384,18,1,200346,54835,47691,145511,288727,0,0,0,0,0.059962
988385,18,1,221754,61152,52940,160602,323601,0,0,0,0,0.0630728
988386,18,1,231471,64024,55805,167447,337530,0,0,0,0,0.0648736
988387,18,2,256735,70832,61570,185890,376634,1,0,0,0,0.152374
988388,18,1,192861,52764,46147,140097,279107,0,0,0,0,0.0639349
988389,18,1,191810,52522,45312,139288,276845,0,0,0,0,0.0640942
989550,6,1,201341,56400,49632,144941,301236,0,0,0,0,0.0804063
989551,18,1,208464,58657,51194,149807,313536,0,0,0,0,0.0606493
989554,18,1,231821,64679,56191,167142,342944,0,0,0,0,0.0613493
989559,18,1,189238,51593,44638,137645,274134,0,0,0,0,0.0663507
989560,18,1,177963,49120,42448,128843,261764,0,0,0,0,0.0527774
989561,18,1,195221,53817,46802,141404,286077,0,0,0,0,0.0559579
989564,18,1,238049,66380,57454,171669,353263,0,0,0,0,0.0647396
989569,18,1,199956,54478,47551,145478,288510,0,0,0,0,0.0604732
989582,36,1,209315,58449,51080,150866,313241,0,0,0,0,0.0575121
989585,36,1,236075,66719,57592,169356,357293,0,0,0,0,0.063735
989588,36,1,210435,58402,50736,152033,311939,0,0,0,0,0.0585709
989610,6,1,198116,54069,47924,144047,286119,0,0,0,0,0.0695485
989611,18,1,201545,55290,48303,146255,293114,0,0,0,0,0.0561601
989614,18,2,253953,71602,63072,182338,385846,1,0,0,0,0.175737
989619,18,1,192698,52421,45596,140277,277662,0,0,0,0,0.0756116
989620,18,1,182907,49495,42768,133412,262122,0,0,0,0,0.0561767
989621,18,1,214111,59305,51359,154806,315063,0,0,0,0,0.0585874
989624,18,2,259484,73109,64642,186362,392694,1,0,0,0,0.137162
989629,18,1,203574,56114,48922,147460,298028,0,0,0,0,0.0590215
989642,36,1,222682,61878,53856,160804,330477,0,0,0,0,0.0718024
989645,36,2,255623,72137,63533,183473,388688,1,0,0,0,0.167819
989648,36,1,206693,56858,49231,149835,303048,0,0,0,0,0.0612418
989660,6,1,206680,56546,50055,150134,299060,0,0,0,0,0.0873137
989661,18,1,196665,53695,46994,142970,283676,0,0,0,0,0.0570906
989664,18,1,220368,61900,54216,158468,330099,0,0,0,0,0.0653136
989669,18,2,326610,92434,81070,234163,496773,1,0,0,0,0.167353
989670,18,1,191786,52071,44923,139715,275276,0,0,0,0,0.0815276
989671,18,1,199406,54599,47931,144807,289820,0,0,0,0,0.0799952
989674,18,1,211095,58117,50608,152978,308687,0,0,0,0,0.087474
989679,18,1,233185,64724,56172,168461,344180,0,0,0,0,0.0807869
989692,36,1,221729,61221,53272,160508,326000,0,0,0,0,0.0595881
989695,36,1,226165,63263,54913,162902,338594,0,0,0,0,0.0632684
989698,36,1,227275,63593,55449,163682,340695,0,0,0,0,0.0634929
989700,6,1,187760,50625,44630,137135,266725,0,0,0,0,0.0922872
989701,18,2,296826,83459,74051,213354,447448,1,0,0,0,0.200371
989704,18,1,216212,59660,52346,156552,317540,0,0,0,0,0.0593066
989709,18,2,275426,76810,67435,198603,411939,1,0,0,0,0.166007
989710,18,1,176551,47614,41275,128937,251309,0,0,0,0,0.0541225
989711,18,1,219134,60319,52772,158815,319926,0,0,0,0,0.0930926
989714,18,1,220749,60927,53277,159822,323384,0,0,0,0,0.0851544
989719,18,2,218963,61057,53918,157894,327406,1,0,0,0,0.158992
989732,36,1,218045,61026,53027,157019,325448,0,0,0,0,0.088706
989735,36,1,226122,62886,54618,163236,335541,0,0,0,0,0.0649292
989738,36,1,206956,57526,50170,149430,306033,0,0,0,0,0.0557007
989740,18,1,183439,49280,43077,134159,256846,0,0,0,0,0.0504375
989741,18,2,194576,52183,46003,142380,274206,1,0,0,0,0.11469
989744,18,2,281651,78210,69061,203428,415487,1,0,0,0,0.129887
989749,18,2,252451,69581,61175,182858,369447,1,0,0,0,0.127195
989762,36,1,194039,52509,45584,141530,278148,0,0,0,0,0.0549931
989765,36,1,220324,61240,53430,159084,326648,0,0,0,0,0.055651
989768,36,1,200998,55764,48429,145234,297207,0,0,0,0,0.0604192
989790,18,1,189622,50412,44645,139210,262240,0,0,0,0,0.0749657
989791,18,2,196194,52611,46375,143570,277109,1,0,0,0,0.156965
989792,18,1,187563,50801,44611,136762,269198,0,0,0,0,0.072988
989793,18,1,186322,49576,43756,136746,260871,0,0,0,0,0.0689308
989794,18,2,214955,58956,52004,155987,312157,1,0,0,0,0.150801
989795,18,1,216068,58999,51273,157069,311965,0,0,0,0,0.0760191
989796,18,1,225832,61694,53957,164138,325386,0,0,0,0,0.0709149
989797,18,2,248333,68868,60812,179452,368324,1,0,0,0,0.176172
989798,18,2,214966,59237,51900,155717,316552,1,0,0,0,0.155989
989799,18,1,182221,48949,42600,133272,257674,0,0,0,0,0.0556963
989840,18,1,183606,50306,43820,133300,266532,0,0,0,0,0.0631019
989841,18,1,183237,50038,43624,133199,265072,0,0,0,0,0.0782814
989844,18,1,227679,63356,55062,164323,336700,0,0,0,0,0.0891796
989849,18,1,186764,50560,44207,136204,267598,0,0,0,0,0.0831468
989862,36,1,198480,55077,47785,143403,294293,0,0,0,0,0.0782303
989865,36,1,212074,58688,51035,153386,313858,0,0,0,0,0.0582215
989868,36,1,204098,56024,49053,148074,298983,0,0,0,0,0.0588271
989900,18,2,332644,93179,81945,239453,498370,1,0,0,0,0.204552
989901,18,2,306342,86060,75463,220269,462085,1,0,0,0,0.146728
989904,18,2,193204,52690,46563,140503,280493,1,0,0,0,0.13879
989909,18,1,196403,54327,47407,142076,290439,0,0,0,0,0.0582381
989922,36,1,217642,60634,52759,157008,323319,0,0,0,0,0.0603955
989925,36,1,220097,61173,53310,158924,326691,0,0,0,0,0.0592247
989928,36,1,213278,58976,51389,154302,315300,0,0,0,0,0.0586696
989950,18,1,216958,59867,52167,157091,316182,0,0,0,0,0.059678
989951,18,1,205702,56971,50275,148731,302698,0,0,0,0,0.063581
989954,18,2,334042,95213,83581,238816,512736,1,0,0,0,0.153158
989959,18,2,340845,95423,83454,245409,510306,1,0,0,0,0.165526
989972,36,1,224012,62218,54253,161794,330505,0,0,0,0,0.061706
989975,36,1,225674,62895,54623,162779,336936,0,0,0,0,0.0626565
989978,36,1,235271,66137,57742,169134,355479,0,0,0,0,0.0625474
989990,18,1,205502,56691,49341,148811,298981,0,0,0,0,0.0575058
989991,18,2,201875,55282,48753,146580,294767,1,0,0,0,0.127146
989994,18,2,341278,96251,84492,245014,515416,1,0,0,0,0.157481
989999,18,1,193229,53393,46540,139836,283373,0,0,0,0,0.0576439
990012,36,1,215946,60536,53218,155410,323113,0,0,0,0,0.0784073
990015,36,1,220607,61217,53104,159390,326426,0,0,0,0,0.064727
990018,36,1,209432,58473,50887,150959,312899,0,0,0,0,0.0571948
990020,18,1,193008,52346,45967,140662,275624,0,0,0,0,0.0556001
990021,18,2,237163,65640,57966,171510,349956,1,0,0,0,0.142826
990024,18,1,191355,51810,45398,139545,273377,0,0,0,0,0.0563078
990029,18,1,187033,50938,44564,136095,270361,0,0,0,0,0.0562821
990042,36,2,273554,75752,66661,197789,406483,1,0,0,0,0.151279
990045,36,1,227963,63306,55528,164657,338621,0,0,0,0,0.0602523
990048,36,1,208968,57875,50582,151093,309543,0,0,0,0,0.0554497
990070,18,1,187378,50259,44077,137119,262204,0,0,0,0,0.0528321
990071,18,1,197422,53543,46854,143879,281946,0,0,0,0,0.0600897
990072,18,1,184532,49967,43988,134565,264794,0,0,0,0,0.0616934
990073,18,1,193929,52060,45931,141869,273038,0,0,0,0,0.0611678
990074,18,1,193036,52575,46176,140461,278244,0,0,0,0,0.0554668
990075,18,1,215154,58572,50949,156582,310043,0,0,0,0,0.0567465
990076,18,1,218672,60298,52642,158374,319961,0,0,0,0,0.0634043
990077,18,2,188365,51152,44905,137201,271675,1,0,0,0,0.123157
990078,18,1,195185,52903,46213,142282,280106,0,0,0,0,0.0693267
990079,18,1,189943,51887,45313,138056,275703,0,0,0,0,0.0675747
990350,18,1,196041,53024,46580,143017,276735,0,0,0,0,0.065311
990351,18,1,192262,52314,46038,139948,275780,0,0,0,0,0.0895346
990352,18,1,194877,52596,46316,142281,276569,0,0,0,0,0.0757944
990353,18,1,188947,51558,45153,137389,274613,0,0,0,0,0.0748718
990354,18,1,190820,52041,45986,138779,275605,0,0,0,0,0.0779121
990355,18,1,216259,59833,52287,156426,317915,0,0,0,0,0.0690933
990356,18,1,211735,58154,50939,153581,308221,0,0,0,0,0.0660719
990357,18,1,193336,52888,46192,140448,280465,0,0,0,0,0.064274
990358,18,1,182617,49934,43618,132683,265245,0,0,0,0,0.0735721
990359,18,1,175867,47888,42054,127979,254320,0,0,0,0,0.0583371
990420,36,1,181957,50276,43953,131681,268140,0,0,0,0,0.0542212
990421,36,1,201271,56029,48952,145242,299036,0,0,0,0,0.0551457
990422,36,1,203896,56356,48650,147540,300708,0,0,0,0,0.0529542
990423,36,1,218207,61508,54108,156699,329297,0,0,0,0,0.0587493
990424,36,1,230497,64318,55552,166179,342768,0,0,0,0,0.0643727
990425,36,1,227230,63145,54925,164085,336510,0,0,0,0,0.056187
990426,36,1,206640,58267,50961,148373,312698,0,0,0,0,0.0560903
990427,36,1,205783,57134,50211,148649,305364,0,0,0,0,0.05705
990428,36,1,203593,56537,49268,147056,302459,0,0,0,0,0.0555708
990429,36,1,205646,56991,49657,148655,303697,0,0,0,0,0.0591656
990480,36,1,184532,50230,43893,134302,266383,0,0,0,0,0.0492883
990481,36,1,217449,60550,52706,156899,323592,0,0,0,0,0.0556646
990482,36,1,209424,58111,50504,151313,309359,0,0,0,0,0.0670381
990483,36,1,233195,65599,57442,167596,349798,0,0,0,0,0.0837992
990484,36,1,217278,60417,52403,156861,320664,0,0,0,0,0.0618445
990485,36,1,211798,58254,50730,153544,308976,0,0,0,0,0.0564774
990486,36,1,206714,58035,50726,148679,309437,0,0,0,0,0.0652498
990487,36,1,199012,55172,48362,143840,294106,0,0,0,0,0.0557218
990488,36,1,206078,57168,49555,148910,305320,0,0,0,0,0.0593192
990489,36,1,191380,52338,45244,139042,278740,0,0,0,0,0.0571697
990530,36,1,196908,53290,46844,143618,280773,0,0,0,0,0.0547725
990531,36,1,222945,62136,54333,160809,332178,0,0,0,0,0.061126
990532,36,1,210160,58159,50769,152001,310489,0,0,0,0,0.0599647
990533,36,1,229006,64139,56137,164867,341411,0,0,0,0,0.0714719
990534,36,1,219233,60807,53071,158426,325452,0,0,0,0,0.0613307
990535,36,1,224927,62420,54367,162507,333342,0,0,0,0,0.0624491
990536,36,1,221243,62360,54385,158883,334605,0,0,0,0,0.0642495
990537,36,1,219304,60841,53528,158463,324511,0,0,0,0,0.0592357
990538,36,1,237562,66689,58260,170873,357840,0,0,0,0,0.0642015
990539,36,1,224996,62839,54373,162157,336558,0,0,0,0,0.0641342
990570,36,1,189073,51320,44889,137753,270633,0,0,0,0,0.0548631
990571,36,2,233550,65579,57506,167958,352617,1,0,0,0,0.130663
990572,36,1,202343,56790,49376,145553,304415,0,0,0,0,0.0567648
990573,36,1,202637,56503,49656,146134,301890,0,0,0,0,0.0623622
990574,36,1,218419,60648,52961,157771,324204,0,0,0,0,0.0788974
990575,36,1,218318,60714,53125,157604,323980,0,0,0,0,0.0653553
990576,36,2,196191,54247,47877,141931,289621,1,0,0,0,0.133263
990577,36,1,196984,54834,47924,142150,292658,0,0,0,0,0.0637631
990578,36,1,207325,57764,50166,149561,308720,0,0,0,0,0.0832764
990579,36,1,188516,51750,45162,136766,275533,0,0,0,0,0.0787556
990600,36,1,207106,56915,49826,150191,300849,0,0,0,0,0.0621209
990601,36,2,237482,65987,58061,171482,352754,1,0,0,0,0.140093
990602,36,1,198572,54963,48395,143609,294053,0,0,0,0,0.0595695
990603,36,1,203975,56687,49415,147288,303560,0,0,0,0,0.0665421
990604,36,1,204441,56034,49133,148407,298404,0,0,0,0,0.0661181
990605,36,1,224582,62362,54280,162220,333412,0,0,0,0,0.06207
990606,36,1,240073,67368,58560,172705,359836,0,0,0,0,0.0643108
990607,36,2,224796,62765,54915,162018,337438,1,0,0,0,0.13144
990608,36,1,211288,58870,51343,152418,314549,0,0,0,0,0.0783515
990609,36,1,185625,50945,43741,134680,271431,0,0,0,0,0.0591418
990620,36,1,197445,53878,47268,143567,282708,0,0,0,0,0.0614114
990621,36,1,199066,54382,47324,144684,287306,0,0,0,0,0.0820197
990622,36,1,190952,51965,45362,138987,275961,0,0,0,0,0.0817079
990623,36,1,187426,51440,44491,135986,274355,0,0,0,0,0.079435
990624,36,1,192978,53010,46514,139968,281710,0,0,0,0,0.0760131
990625,36,1,213094,58975,51134,154119,314839,0,0,0,0,0.0775809
990626,36,1,221384,61318,53425,160066,326010,0,0,0,0,0.0631907
990627,36,1,197348,54230,46884,143118,288481,0,0,0,0,0.0590156
990628,36,1,190603,52172,45623,138431,277415,0,0,0,0,0.0571598
990629,36,1,183820,50246,43200,133574,267521,0,0,0,0,0.0563106
991790,6,1,201104,56349,49644,144755,300918,0,0,0,0,0.0790545
991791,18,1,207263,58331,50960,148932,311827,0,0,0,0,0.0614122
991794,18,1,230481,64221,55872,166260,340425,0,0,0,0,0.073843
991799,18,1,189265,51602,44621,137663,274176,0,0,0,0,0.0807614
991800,18,1,177074,49007,42281,128067,261438,0,0,0,0,0.0662385
991801,18,1,194880,53876,46887,141004,286605,0,0,0,0,0.0603647
991804,18,1,238488,66573,57747,171915,354284,0,0,0,0,0.0716642
991809,18,1,198451,54211,47367,144240,287454,0,0,0,0,0.0662463
991822,36,1,208504,58403,51072,150101,313303,0,0,0,0,0.0592074
991825,36,1,235683,66811,57630,168872,358135,0,0,0,0,0.0916531
991828,36,1,209898,58286,50748,151612,311405,0,0,0,0,0.0848165
991850,6,1,198937,54337,48091,144600,287580,0,0,0,0,0.0900152
991851,18,1,202820,55608,48498,147212,294759,0,0,0,0,0.0833633
991854,18,2,255848,72261,63673,183574,389703,1,0,0,0,0.140733
991859,18,1,195224,53082,46138,142142,281209,0,0,0,0,0.0571192
991860,18,1,183357,49589,42834,133768,262589,0,0,0,0,0.05593
991861,18,1,215307,59700,51798,155607,317187,0,0,0,0,0.0626328
991864,18,2,261630,73834,65187,187783,396893,1,0,0,0,0.147229
991869,18,1,204814,56475,49289,148339,299999,0,0,0,0,0.0938453
991882,36,1,223908,62193,54130,161715,332121,0,0,0,0,0.0666922
991885,36,2,257214,72679,63951,184522,391905,1,0,0,0,0.168164
991888,36,1,207375,57043,49383,150332,304085,0,0,0,0,0.0669212
991900,6,1,207442,56768,50213,150674,300307,0,0,0,0,0.0981171
991901,18,1,196524,53653,46934,142871,283503,0,0,0,0,0.0598685
991904,18,1,220033,61764,54175,158269,329286,0,0,0,0,0.0649243
991909,18,2,299498,84657,74356,214828,455593,1,0,0,0,0.184039
991910,18,1,192395,52323,45152,140072,276773,0,0,0,0,0.059021
991911,18,1,200466,54940,48286,145526,291706,0,0,0,0,0.0713215
991914,18,1,211236,58255,50682,152981,309604,0,0,0,0,0.0646592
991919,18,1,233614,64859,56302,168755,344885,0,0,0,0,0.0902139
991932,36,1,221454,61204,53164,160250,326105,0,0,0,0,0.0711109
991935,36,1,226098,63331,55021,162767,339022,0,0,0,0,0.062224
991938,36,1,226872,63570,55425,163302,340709,0,0,0,0,0.0644028
991940,6,1,188493,50758,44822,137735,267515,0,0,0,0,0.0698323
991941,18,2,295603,82914,73471,212677,444651,1,0,0,0,0.156554
991944,18,1,216261,59654,52476,156607,317523,0,0,0,0,0.0594439
991949,18,2,302497,84473,74189,218011,452312,1,0,0,0,0.179222
991950,18,1,177083,47758,41441,129325,252188,0,0,0,0,0.0515818
991951,18,1,220353,60872,53192,159481,323218,0,0,0,0,0.063411
991954,18,1,221888,61400,53652,160488,326124,0,0,0,0,0.0602803
991959,18,2,220619,61507,54227,159100,329822,1,0,0,0,0.125526
991972,36,1,219496,61624,53572,157872,328967,0,0,0,0,0.0624304
991975,36,1,226574,62984,54702,163590,336050,0,0,0,0,0.0607247
991978,36,1,206840,57496,50110,149344,305833,0,0,0,0,0.0576944
991980,18,1,183060,49091,42918,133969,255819,0,0,0,0,0.0573969
991981,18,2,195664,52412,46267,143239,275228,1,0,0,0,0.128675
991984,18,2,283699,78818,69641,204868,418923,1,0,0,0,0.145785
991989,18,2,253818,69896,61402,183910,370955,1,0,0,0,0.14667
992002,36,1,194723,52799,45818,141924,280051,0,0,0,0,0.0759608
992005,36,1,220296,61137,53304,159159,325926,0,0,0,0,0.0563166
992008,36,1,201933,56071,48673,145862,298905,0,0,0,0,0.0568461
992030,18,1,188974,50037,44281,138937,260000,0,0,0,0,0.050136
992031,18,2,197003,52704,46397,144286,277375,1,0,0,0,0.119716
992032,18,1,189290,51322,45121,137968,272086,0,0,0,0,0.0666482
992033,18,1,187538,49918,43997,137620,262749,0,0,0,0,0.0649995
992034,18,2,216529,59451,52591,157066,314993,1,0,0,0,0.14256
992035,18,1,216647,59146,51436,157501,312698,0,0,0,0,0.0662047
992036,18,1,225003,61507,53796,163496,324476,0,0,0,0,0.0700499
992037,18,2,249998,69275,61130,180710,370352,1,0,0,0,0.142243
992038,18,2,216935,59791,52343,157132,319683,1,0,0,0,0.141625
992039,18,1,181407,48785,42441,132622,256893,0,0,0,0,0.060001
992080,18,1,182802,50010,43579,132792,264874,0,0,0,0,0.0716171
992081,18,1,183889,50247,43869,133642,266201,0,0,0,0,0.0537657
992084,18,1,228373,63622,55361,164751,338167,0,0,0,0,0.0650665
992089,18,1,186550,50645,44207,135905,268364,0,0,0,0,0.0669299
992102,36,1,197931,55054,47759,142877,294476,0,0,0,0,0.058132
992105,36,1,211179,58601,50958,152578,313680,0,0,0,0,0.0591437
992108,36,1,203405,55780,48823,147625,297651,0,0,0,0,0.0592711
992140,18,2,333982,93415,82234,240555,499491,1,0,0,0,0.216695
992141,18,2,332150,93383,81901,238754,500928,1,0,0,0,0.175298
992144,18,2,195149,53357,47039,141781,284408,1,0,0,0,0.169994
992149,18,1,199430,55308,48237,144122,295955,0,0,0,0,0.0620466
992162,36,1,219362,61140,53200,158222,326080,0,0,0,0,0.0632455
992165,36,1,221639,61738,53767,159901,330080,0,0,0,0,0.0696451
992168,36,1,214621,59399,51642,155222,317779,0,0,0,0,0.0833093
992190,18,1,217471,60023,52224,157448,317073,0,0,0,0,0.0753827
992191,18,1,208889,57970,51148,150919,308205,0,0,0,0,0.0641737
992194,18,2,302878,86259,75955,216606,465153,1,0,0,0,0.147086
992199,18,2,343644,96312,84245,247319,515295,1,0,0,0,0.160612
992212,36,1,223808,62086,54088,161722,329794,0,0,0,0,0.0599222
992215,36,1,225786,63020,54763,162766,337728,0,0,0,0,0.0603084
992218,36,1,235583,66295,57800,169288,356453,0,0,0,0,0.0622752
992230,18,1,206190,56913,49589,149277,300312,0,0,0,0,0.055754
992231,18,2,202079,55398,48848,146668,295412,1,0,0,0,0.124264
992234,18,2,309012,86796,76180,222203,465049,1,0,0,0,0.144186
992239,18,1,194390,53704,46867,140686,284968,0,0,0,0,0.0561465
992252,36,1,217241,61042,53641,156199,326244,0,0,0,0,0.0623519
992255,36,1,220895,61337,53228,159558,327157,0,0,0,0,0.0599307
992258,36,1,209991,58704,51139,151287,314207,0,0,0,0,0.0571
992260,18,1,192047,52154,45859,139893,274603,0,0,0,0,0.0572083
992261,18,2,237877,65723,58074,172141,350265,1,0,0,0,0.134018
992264,18,1,192471,52084,45530,140387,274718,0,0,0,0,0.0566027
992269,18,1,188760,51607,45157,137153,274283,0,0,0,0,0.0560371
992282,36,2,303772,84804,74783,218955,455616,1,0,0,0,0.164056
992285,36,1,228725,63484,55655,165241,339401,0,0,0,0,0.0704914
992288,36,1,209394,58119,50794,151275,310977,0,0,0,0,0.0837913
992310,18,1,187711,50269,44068,137442,262203,0,0,0,0,0.075494
992311,18,1,197746,53650,46905,144096,282651,0,0,0,0,0.117069
992312,18,1,186957,50642,44541,136315,268426,0,0,0,0,0.0642449
992313,18,1,195089,52456,46331,142633,275255,0,0,0,0,0.0599276
992314,18,1,194877,53138,46724,141739,281273,0,0,0,0,0.0581886
992315,18,1,215956,58743,51081,157213,310882,0,0,0,0,0.0582326
992316,18,1,218170,60028,52486,158142,318324,0,0,0,0,0.0653027
992317,18,2,189203,51277,44972,137914,272142,1,0,0,0,0.124857
992318,18,1,195660,53157,46385,142503,281629,0,0,0,0,0.0616589
992319,18,1,189759,51830,45288,137929,275435,0,0,0,0,0.0578221
992590,18,1,195906,52791,46468,143115,275368,0,0,0,0,0.0626746
992591,18,1,191727,51976,45856,139751,273654,0,0,0,0,0.0615618
992592,18,1,194477,52368,46163,142109,275215,0,0,0,0,0.0616053
992593,18,1,188099,51143,44915,136956,272053,0,0,0,0,0.062288
992594,18,1,190592,51709,45756,138883,273401,0,0,0,0,0.0615904
992595,18,1,216887,59845,52338,157042,317648,0,0,0,0,0.0622248
992596,18,1,211926,58116,50981,153810,307766,0,0,0,0,0.0604061
992597,18,1,193400,52704,46000,140696,279191,0,0,0,0,0.0713739
992598,18,1,181803,49519,43334,132284,262728,0,0,0,0,0.0576821
992599,18,1,176025,47845,42039,128180,253881,0,0,0,0,0.0590725
992720,36,1,184488,50175,43733,134313,265915,0,0,0,0,0.0508857
992721,36,1,217762,60598,52712,157164,323693,0,0,0,0,0.0628737
992722,36,1,209689,58219,50650,151470,309992,0,0,0,0,0.0552532
992723,36,1,232599,65362,57324,167237,348476,0,0,0,0,0.0652217
992724,36,1,217223,60412,52294,156811,320653,0,0,0,0,0.0579805
992725,36,1,211466,58122,50571,153344,308122,0,0,0,0,0.0552917
992726,36,1,207615,58270,50899,149345,310731,0,0,0,0,0.0584621
992727,36,1,198903,55030,48159,143873,293230,0,0,0,0,0.0576707
992728,36,1,207435,57570,49959,149865,307580,0,0,0,0,0.062675
992729,36,1,193712,53120,45972,140592,283131,0,0,0,0,0.0564437
992770,36,1,197501,53445,46963,144056,281619,0,0,0,0,0.054838
992771,36,1,222796,61977,54171,160819,331190,0,0,0,0,0.0643646
992772,36,1,209847,57996,50685,151851,309512,0,0,0,0,0.0625921
992773,36,1,229700,64305,56249,165395,342131,0,0,0,0,0.0686451
992774,36,1,218844,60662,52977,158182,324618,0,0,0,0,0.0622926
992775,36,1,225496,62570,54464,162926,334198,0,0,0,0,0.0621408
992776,36,1,221283,62237,54234,159046,333694,0,0,0,0,0.0634606
992777,36,1,219560,60821,53430,158739,324313,0,0,0,0,0.0609347
992778,36,1,237559,66762,58287,170797,358316,0,0,0,0,0.0626068
992779,36,1,224904,62869,54468,162035,336790,0,0,0,0,0.0599255
992810,36,1,189519,51302,44921,138217,270376,0,0,0,0,0.0540007
992811,36,2,233607,65568,57446,168026,352539,1,0,0,0,0.131331
992812,36,1,201560,56396,49067,145164,302143,0,0,0,0,0.0566001
992813,36,1,203261,56668,49865,146593,302849,0,0,0,0,0.078289
992814,36,1,218310,60586,52953,157724,323875,0,0,0,0,0.0661454
992815,36,1,218413,60701,53101,157712,323895,0,0,0,0,0.0797481
992816,36,2,197905,54805,48307,143087,292673,1,0,0,0,0.172468
992817,36,1,196964,54751,47868,142213,292136,0,0,0,0,0.0774376
992818,36,1,208099,57970,50349,150129,309889,0,0,0,0,0.0783768
992819,36,1,189586,52084,45407,137502,277392,0,0,0,0,0.0538534
992840,36,1,207589,57006,49910,150583,301228,0,0,0,0,0.0564471
992841,36,2,238192,66095,58063,172084,353271,1,0,0,0,0.127938
992842,36,1,198907,54852,48327,144055,293204,0,0,0,0,0.0593704
992843,36,1,204472,56875,49666,147597,304566,0,0,0,0,0.0625278
992844,36,1,205549,56189,49213,149360,298870,0,0,0,0,0.0681147
992845,36,1,225289,62488,54385,162801,333931,0,0,0,0,0.0812708
992846,36,1,240990,67635,58751,173355,361396,0,0,0,0,0.0814508
992847,36,2,225508,62792,54959,162703,337278,1,0,0,0,0.145718
992848,36,1,212209,59219,51796,152990,316702,0,0,0,0,0.0575102
992849,36,1,187457,51580,44276,135877,274948,0,0,0,0,0.0562074
992860,36,1,198478,54110,47474,144368,283989,0,0,0,0,0.0563283
992861,36,1,199153,54276,47170,144877,286689,0,0,0,0,0.0573586
992862,36,1,190830,51792,45185,139038,274903,0,0,0,0,0.0616973
992863,36,1,187262,51361,44587,135901,273826,0,0,0,0,0.0687085
992864,36,1,193846,53187,46631,140659,282565,0,0,0,0,0.0555487
992865,36,1,214116,59283,51409,154833,316444,0,0,0,0,0.0596765
992866,36,1,222660,61726,53856,160934,328186,0,0,0,0,0.0602529
992867,36,1,198676,54631,47199,144045,290515,0,0,0,0,0.0551177
992868,36,1,191389,52406,45884,138983,278783,0,0,0,0,0.0559057
992869,36,1,184557,50519,43483,134038,268960,0,0,0,0,0.0542693
993750,6,1,198445,53710,47143,144735,283335,0,0,0,0,0.0714822
993751,18,2,349002,97828,85353,251162,523083,1,0,0,0,0.167395
993754,18,1,227660,63159,55260,164501,335436,0,0,0,0,0.0857705
993759,18,2,271088,74538,64887,196538,398111,1,0,0,0,0.150377
993760,18,1,179421,48658,42216,130763,257503,0,0,0,0,0.0530762
993761,18,1,206115,56852,49475,149263,301003,0,0,0,0,0.0608531
993764,18,2,276014,77388,67676,198613,414708,1,0,0,0,0.175246
993769,18,1,209577,57644,50523,151933,306169,0,0,0,0,0.0650028
993782,36,1,226533,63200,55300,163333,337446,0,0,0,0,0.0846454
993785,36,1,229837,65198,57051,164639,348984,0,0,0,0,0.0620258
993788,36,1,211668,58801,50905,152867,314053,0,0,0,0,0.0636252
993810,6,1,199222,53866,47231,145356,284016,0,0,0,0,0.06996
993811,18,2,347166,97237,84819,249917,519795,1,0,0,0,0.149273
993814,18,1,228395,63345,55488,165050,336224,0,0,0,0,0.0610414
993819,18,2,293765,81036,70836,212717,432545,1,0,0,0,0.146352
993820,18,1,179469,48584,42082,130885,256878,0,0,0,0,0.0529869
993821,18,1,207522,57293,49984,150229,303498,0,0,0,0,0.0595255
993824,18,2,275562,77091,67355,198458,412939,1,0,0,0,0.178894
993829,18,1,211482,58287,51015,153195,309772,0,0,0,0,0.0710874
993842,36,1,227462,63501,55545,163961,339076,0,0,0,0,0.0611664
993845,36,1,232313,65918,57702,166395,352676,0,0,0,0,0.0893479
993848,36,1,212148,58918,51140,153230,314601,0,0,0,0,0.0760551
993860,6,1,192100,52388,46059,139712,278120,0,0,0,0,0.102152
993861,18,1,186550,51196,44864,135354,271900,0,0,0,0,0.0552497
993864,18,2,224765,64119,56783,160633,347197,1,0,0,0,0.130236
993869,18,2,220778,62307,55161,158458,336332,1,0,0,0,0.128417
993870,18,1,179392,49417,42610,129975,263626,0,0,0,0,0.0575519
993871,18,1,190307,52221,45522,138086,278946,0,0,0,0,0.0624455
993874,18,2,221995,63012,55432,158971,340599,1,0,0,0,0.12278
993879,18,2,221704,62609,55309,159083,338229,1,0,0,0,0.12447
993892,36,1,209843,58238,50299,151605,312646,0,0,0,0,0.0588758
993895,36,2,207854,58582,51735,149259,315941,1,0,0,0,0.118702
993898,36,2,209595,58996,52069,150586,318215,1,0,0,0,0.127491
993900,6,1,178163,47348,41212,130815,249941,0,0,0,0,0.0690775
993901,18,1,215532,59184,52285,156348,313890,0,0,0,0,0.0581872
993904,18,1,244926,68346,60414,176580,363505,0,0,0,0,0.0666124
993909,18,1,254845,71871,63458,182974,384159,0,0,0,0,0.0711021
993910,18,1,171092,46191,39979,124901,244906,0,0,0,0,0.0549449
993911,18,1,208946,58177,50352,150769,311918,0,0,0,0,0.0628769
993914,18,1,211953,58761,50971,153192,312117,0,0,0,0,0.0577885
993919,18,1,213164,59050,51681,154114,313425,0,0,0,0,0.0589602
993932,36,1,208786,58639,50743,150147,315508,0,0,0,0,0.0617496
993935,36,1,223801,62890,54571,160911,335850,0,0,0,0,0.0613946
993938,36,1,228472,64593,56206,163879,345944,0,0,0,0,0.06532
993940,18,1,175511,47080,41048,128431,247070,0,0,0,0,0.0508206
993941,18,2,230596,62756,55117,167828,333589,1,0,0,0,0.131525
993944,18,2,194191,52299,45856,141879,274631,1,0,0,0,0.143252
993949,18,2,198772,53624,47034,145135,282111,1,0,0,0,0.141762
993962,36,1,186523,50929,44260,135594,273069,0,0,0,0,0.0611698
993965,36,1,221473,61430,53884,160043,327318,0,0,0,0,0.0650284
993968,36,1,220146,60971,53580,159175,324739,0,0,0,0,0.0824899
993990,18,1,182357,48229,42270,134128,252250,0,0,0,0,0.0735295
993991,18,1,184781,49909,43592,134872,262915,0,0,0,0,0.0697334
993992,18,1,178539,48512,42405,130027,259054,0,0,0,0,0.0686057
993993,18,1,173192,46171,40589,127021,245214,0,0,0,0,0.0754552
993994,18,2,195814,53271,46756,142530,280999,1,0,0,0,0.125447
993995,18,1,212333,58699,51071,153634,312073,0,0,0,0,0.0574168
993996,18,1,208748,57229,50094,151519,303253,0,0,0,0,0.0568288
993997,18,1,212865,58436,51084,154429,309908,0,0,0,0,0.0606795
993998,18,1,213362,58879,51232,154483,313028,0,0,0,0,0.0584149
993999,18,2,205297,56162,49369,149122,296858,1,0,0,0,0.126742
994040,18,1,199701,54644,47838,145057,289611,0,0,0,0,0.0541578
994041,18,1,207732,57097,49844,150635,303274,0,0,0,0,0.0567427
994044,18,2,189771,51369,44878,138389,272511,1,0,0,0,0.114725
994049,18,1,224332,62501,54997,161831,332460,0,0,0,0,0.0672621
994062,36,1,226298,63062,55199,163236,335717,0,0,0,0,0.0652419
994065,36,1,230777,64842,56651,165935,346918,0,0,0,0,0.0653395
994068,36,1,220749,61420,53348,159329,328631,0,0,0,0,0.0778898
994100,18,1,199210,54428,47601,144782,288255,0,0,0,0,0.0649765
994101,18,1,209471,57584,50340,151887,305813,0,0,0,0,0.0762796
994104,18,2,189559,51205,44803,138341,271435,1,0,0,0,0.118209
994109,18,1,225433,63001,55297,162432,335384,0,0,0,0,0.0704851
994122,36,1,227235,63360,55467,163875,337304,0,0,0,0,0.0592248
994125,36,1,232035,65276,56922,166759,349232,0,0,0,0,0.0638372
994128,36,1,221666,61713,53674,159953,330133,0,0,0,0,0.0608481
994150,18,1,202718,55966,48256,146752,297181,0,0,0,0,0.0586995
994151,18,1,198697,55668,48787,143029,298843,0,0,0,0,0.068013
994154,18,2,194141,53749,47083,140379,287926,1,0,0,0,0.132092
994159,18,2,194960,53634,47230,141313,287081,1,0,0,0,0.12936
994172,36,1,208586,57586,50113,151000,307796,0,0,0,0,0.063135
994175,36,1,234169,66177,57531,167992,355640,0,0,0,0,0.0627903
994178,36,1,234300,66192,57641,168108,355779,0,0,0,0,0.0637029
994190,18,1,198304,54866,47687,143438,291508,0,0,0,0,0.057759
994191,18,1,208946,58218,50848,150728,311707,0,0,0,0,0.0663137
994194,18,1,218621,60142,52459,158479,318846,0,0,0,0,0.0557383
994199,18,1,222775,61766,54095,161009,328396,0,0,0,0,0.0593764
994212,36,1,203006,56764,49409,146242,304887,0,0,0,0,0.0602862
994215,36,1,225478,62906,54754,162572,336782,0,0,0,0,0.0582618
994218,36,1,226488,63405,55390,163083,340181,0,0,0,0,0.0576787
994220,18,1,187922,51517,45219,136405,273922,0,0,0,0,0.0539173
994221,18,1,200301,53546,46751,146755,281767,0,0,0,0,0.05519
994224,18,2,282389,78491,69239,203886,420886,1,0,0,0,0.139341
994229,18,2,311758,86671,76593,225075,464376,1,0,0,0,0.148085
994242,36,1,190184,52206,46012,137978,280393,0,0,0,0,0.0580571
994245,36,1,229729,63526,55485,166203,339546,0,0,0,0,0.0568015
994248,36,1,229507,63549,55894,165958,339639,0,0,0,0,0.0580702
994270,18,1,182289,48936,42670,133353,257882,0,0,0,0,0.0527214
994271,18,1,184763,49648,43197,135115,262578,0,0,0,0,0.0566509
994272,18,1,179241,48686,42631,130555,260005,0,0,0,0,0.0588966
994273,18,1,178765,47762,42052,131003,252083,0,0,0,0,0.0573421
994274,18,1,197978,53991,47324,143987,286476,0,0,0,0,0.0556517
994275,18,2,211780,58930,51922,152837,316880,1,0,0,0,0.175759
994276,18,1,207566,56854,49675,150712,302017,0,0,0,0,0.0652306
994277,18,1,209775,57693,50488,152082,307050,0,0,0,0,0.0875377
994278,18,2,220316,61573,54441,158730,331085,1,0,0,0,0.186788
994279,18,1,197450,54048,47337,143402,287092,0,0,0,0,0.0866545
994550,18,1,193092,53014,46458,140078,280903,0,0,0,0,0.103844
994551,18,1,183452,50424,44033,133028,268423,0,0,0,0,0.091258
994552,18,1,186348,50872,44829,135476,271210,0,0,0,0,0.0709547
994553,18,1,177023,48429,42359,128594,260146,0,0,0,0,0.0748149
994554,18,1,184619,50203,44295,134416,265472,0,0,0,0,0.0730403
994555,18,1,202900,55689,49117,147211,295282,0,0,0,0,0.060514
994556,18,1,204310,56353,49571,147957,299782,0,0,0,0,0.0652451
994557,18,1,208744,57712,50684,151032,307193,0,0,0,0,0.0602158
994558,18,1,211838,58663,51420,153175,311820,0,0,0,0,0.064224
994559,18,1,187034,50687,44648,136347,267635,0,0,0,0,0.0653252
994730,36,1,184677,50252,43743,134425,266476,0,0,0,0,0.0792437
994731,36,1,206278,57518,50140,148760,308524,0,0,0,0,0.0636107
994732,36,1,192095,52903,45968,139192,283562,0,0,0,0,0.0620996
994733,36,1,212160,59148,51628,153012,316468,0,0,0,0,0.0732723
994734,36,1,218238,61501,53419,156737,329951,0,0,0,0,0.0875577
994735,36,1,227881,64028,55955,163853,344141,0,0,0,0,0.0853971
994736,36,1,216886,60829,53209,156057,326276,0,0,0,0,0.0615704
994737,36,1,215367,59963,52461,155404,320941,0,0,0,0,0.060659
994738,36,1,225845,63283,54748,162562,339815,0,0,0,0,0.0616889
994739,36,1,221230,62414,54259,158816,335328,0,0,0,0,0.0654421
994770,36,1,187293,51378,44652,135915,273581,0,0,0,0,0.0657237
994771,36,1,207903,58639,50911,149264,315241,0,0,0,0,0.092125
994772,36,1,190172,53369,46121,136803,288079,0,0,0,0,0.0842896
994773,36,1,190520,52962,45863,137558,284375,0,0,0,0,0.0725135
994774,36,1,200448,55007,47744,145441,292443,0,0,0,0,0.0848523
994775,36,1,213982,59625,51602,154357,319415,0,0,0,0,0.0893273
994776,36,1,206306,57524,50171,148782,306877,0,0,0,0,0.082467
994777,36,1,206493,57630,50272,148863,307542,0,0,0,0,0.0833752
994778,36,1,215650,60135,52102,155515,322108,0,0,0,0,0.0886003
994779,36,1,206608,57146,49661,149462,304357,0,0,0,0,0.0823684
994800,36,1,207351,57470,50034,149881,306507,0,0,0,0,0.0906078
994801,36,1,203693,56112,48061,147581,298604,0,0,0,0,0.0772126
994802,36,1,187694,51738,45170,135956,278841,0,0,0,0,0.0597825
994803,36,1,194363,54011,46994,140352,291647,0,0,0,0,0.074569
994804,36,1,198090,54013,46605,144077,286540,0,0,0,0,0.0772399
994805,36,1,225148,62894,54610,162254,336998,0,0,0,0,0.0908436
994806,36,2,271318,76672,67388,194634,414551,1,0,0,0,0.175605
994807,36,2,274137,76988,67890,197137,415725,1,0,0,0,0.179692
994808,36,1,226449,63430,55079,163019,340147,0,0,0,0,0.0771676
994809,36,1,201668,55285,47789,146383,293846,0,0,0,0,0.0688248
994820,36,1,200481,55236,48126,145245,292759,0,0,0,0,0.0824755
994821,36,1,193882,53487,45875,140395,285638,0,0,0,0,0.0793025
994822,36,1,179825,49355,42778,130470,265258,0,0,0,0,0.0671798
994823,36,1,180320,49317,42294,131003,265085,0,0,0,0,0.091837
994824,36,1,194700,53149,45801,141551,281916,0,0,0,0,0.0804767
994825,36,1,208055,57575,49989,150480,307164,0,0,0,0,0.0628565
994826,36,1,215316,59491,51772,155825,317590,0,0,0,0,0.0636453
994827,36,1,213270,58716,50925,154554,313019,0,0,0,0,0.0593336
994828,36,1,212300,59113,51351,153187,316384,0,0,0,0,0.0638833
994829,36,1,197052,54254,46773,142798,288607,0,0,0,0,0.0578758
995430,6,1,198461,53448,47108,145013,280709,0,0,0,0,0.0748073
995431,18,1,198998,54124,47346,144874,284432,0,0,0,0,0.0592675
995434,18,1,220160,61795,54210,158365,329546,0,0,0,0,0.0624749
995439,18,1,215196,59417,51779,155779,314875,0,0,0,0,0.0590324
995440,18,1,185283,50285,43619,134998,265255,0,0,0,0,0.0536175
995441,18,1,204755,55867,48779,148888,293849,0,0,0,0,0.0694182
995444,18,2,312372,86326,75774,226033,460447,1,0,0,0,0.157738
995449,18,1,233408,65069,56693,168339,345608,0,0,0,0,0.0620311
995462,36,1,206127,55801,48812,150326,295564,0,0,0,0,0.0553086
995465,36,1,230721,64297,56525,166424,343236,0,0,0,0,0.0622566
995468,36,1,229424,64006,55756,165418,340745,0,0,0,0,0.0641718
995490,6,1,198892,53593,47325,145299,281488,0,0,0,0,0.0862456
995491,18,1,198409,53783,47010,144626,282373,0,0,0,0,0.0810298
995494,18,1,219578,61572,54048,158006,328307,0,0,0,0,0.0639929
995499,18,1,216514,59758,52064,156756,316669,0,0,0,0,0.056814
995500,18,1,184972,50110,43374,134862,264231,0,0,0,0,0.0540157
995501,18,1,203693,55620,48470,148073,292661,0,0,0,0,0.0579287
995504,18,2,282391,77616,68301,204762,413888,1,0,0,0,0.133833
995509,18,1,234719,65503,57079,169216,348139,0,0,0,0,0.0728011
995522,36,1,207109,56222,49011,150887,298177,0,0,0,0,0.0566919
995525,36,1,231677,64601,56770,167076,344955,0,0,0,0,0.0717636
995528,36,1,229700,64209,55907,165491,342017,0,0,0,0,0.0651013
995540,6,1,189236,51447,45090,137789,272684,0,0,0,0,0.0982001
995541,18,1,183133,49333,42800,133800,261166,0,0,0,0,0.063851
995544,18,2,215618,60757,53784,154848,327898,1,0,0,0,0.157516
995549,18,2,214964,60110,53378,154841,323852,1,0,0,0,0.155092
995550,18,1,173574,47024,40469,126550,249629,0,0,0,0,0.0761532
995551,18,1,186535,50972,44493,135563,270119,0,0,0,0,0.0597163
995554,18,2,254096,71508,63137,182575,385718,1,0,0,0,0.162644
995559,18,2,254494,71273,63096,183208,384236,1,0,0,0,0.136097
995572,36,1,197519,54282,46802,143237,291213,0,0,0,0,0.0660416
995575,36,1,216580,60765,53146,155815,325662,0,0,0,0,0.0756279
995578,36,1,219295,61344,53646,157951,328423,0,0,0,0,0.0598855
995580,6,1,183743,48891,42759,134852,257604,0,0,0,0,0.137636
995581,18,1,212743,59423,51930,153320,319840,0,0,0,0,0.0942905
995584,18,1,227334,64907,57101,162427,350161,0,0,0,0,0.0807819
995589,18,1,223876,63180,56120,160696,339819,0,0,0,0,0.088275
995590,18,1,173823,46379,40267,127444,244501,0,0,0,0,0.0921525
995591,18,1,189580,52153,45539,137427,279229,0,0,0,0,0.0559849
995594,18,1,203612,56907,49924,146705,304526,0,0,0,0,0.0597452
995599,18,1,205684,57269,50379,148415,306120,0,0,0,0,0.0610035
995612,36,1,220538,62588,54728,157950,337452,0,0,0,0,0.0716498
995615,36,1,234669,67423,59402,167246,362986,0,0,0,0,0.069384
995618,36,1,235756,67680,59434,168076,364342,0,0,0,0,0.0724782
995620,18,1,179001,47460,41288,131541,248302,0,0,0,0,0.0697683
995621,18,1,176299,47127,40875,129172,246841,0,0,0,0,0.0523243
995624,18,1,185819,49722,43771,136097,258428,0,0,0,0,0.0523903
995629,18,1,184771,49630,43643,135141,258133,0,0,0,0,0.0743929
995642,36,1,204882,56739,49603,148143,302756,0,0,0,0,0.0708625
995645,36,1,219999,62048,54994,157951,331574,0,0,0,0,0.0687492
995648,36,1,224125,62609,54911,161516,333653,0,0,0,0,0.0680055
995670,18,1,188204,49495,43723,138709,258339,0,0,0,0,0.0718163
995671,18,1,180685,47821,42120,132864,249317,0,0,0,0,0.0572878
995672,18,1,212575,57249,50023,155326,298473,0,0,0,0,0.0624215
995673,18,2,192406,51785,45478,140609,276643,1,0,0,0,0.19357
995674,18,1,204124,54863,48445,149261,285537,0,0,0,0,0.0558986
995675,18,1,241318,66729,58863,174589,349809,0,0,0,0,0.064326
995676,18,2,201323,55362,48951,145949,297107,1,0,0,0,0.136276
995677,18,2,198156,54511,48125,143633,292494,1,0,0,0,0.135977
995678,18,1,237026,65283,57625,171743,341747,0,0,0,0,0.0639741
995679,18,1,199503,53176,46992,146327,275737,0,0,0,0,0.0571536
995720,18,2,310621,86424,75953,224185,460538,1,0,0,0,0.153843
995721,18,1,207731,57103,49920,150628,302421,0,0,0,0,0.0633149
995724,18,1,199567,54489,47575,145078,289388,0,0,0,0,0.0598553
995729,18,1,215540,59677,51892,155863,317885,0,0,0,0,0.0621656
995742,36,1,203696,55414,48337,148282,294023,0,0,0,0,0.075723
995745,36,1,226947,63095,55080,163852,336561,0,0,0,0,0.0837854
995748,36,1,227521,63589,55308,163932,340156,0,0,0,0,0.0678753
995780,18,2,282402,78195,68861,204195,416862,1,0,0,0,0.142861
995781,18,1,206821,56885,49743,149936,301355,0,0,0,0,0.0584576
995784,18,1,199253,54304,47433,144949,288295,0,0,0,0,0.0575735
995789,18,1,217842,60352,52424,157490,321695,0,0,0,0,0.0893738
995802,36,1,203735,55547,48311,148188,294970,0,0,0,0,0.0781035
995805,36,1,226995,63276,55259,163719,337782,0,0,0,0,0.0865668
995808,36,1,228275,63866,55491,164409,341857,0,0,0,0,0.0651363
995830,18,1,194983,53275,46338,141708,281306,0,0,0,0,0.0698097
995831,18,1,192364,52997,46213,139367,282756,0,0,0,0,0.0631486
995834,18,2,258506,73164,64194,185329,394862,1,0,0,0,0.153363
995839,18,2,259115,72775,63974,186327,392299,1,0,0,0,0.185627
995852,36,1,195300,53546,46095,141754,286858,0,0,0,0,0.0754044
995855,36,1,222070,62368,54521,159702,334331,0,0,0,0,0.058136
995858,36,1,224325,63155,55045,161170,338941,0,0,0,0,0.0573071
995870,18,1,205348,56544,49672,148804,299582,0,0,0,0,0.0737615
995871,18,2,245071,68612,60330,176447,369569,1,0,0,0,0.177391
995874,18,2,243766,69303,60990,174450,374036,1,0,0,0,0.181555
995879,18,2,244500,69485,61718,175002,375416,1,0,0,0,0.197597
995892,36,1,210634,58858,51158,151776,316660,0,0,0,0,0.0612598
995895,36,1,232660,66263,58443,166397,357511,0,0,0,0,0.0671948
995898,36,1,225243,63802,56283,161441,343459,0,0,0,0,0.071662
995900,18,1,189015,50919,44793,138096,269412,0,0,0,0,0.0776187
995901,18,1,178008,47925,41835,130083,253430,0,0,0,0,0.0569686
995904,18,1,191616,51648,45720,139968,271469,0,0,0,0,0.0639486
995909,18,1,193960,52601,46324,141359,277107,0,0,0,0,0.0737515
995922,36,1,196255,53896,47095,142359,288870,0,0,0,0,0.0627178
995925,36,1,219542,61711,54810,157831,331737,0,0,0,0,0.0695366
995928,36,1,220080,61701,54574,158379,331201,0,0,0,0,0.092324
995950,18,1,190461,50648,44208,139813,265816,0,0,0,0,0.0869157
995951,18,1,181628,48289,42061,133339,252542,0,0,0,0,0.0726602
995952,18,2,181132,48732,42830,132388,259930,1,0,0,0,0.171518
995953,18,2,179653,47783,41953,131858,254407,1,0,0,0,0.172861
995954,18,1,206230,55889,49511,150341,292981,0,0,0,0,0.0622157
995955,18,2,204648,56406,49873,148230,302426,1,0,0,0,0.135053
995956,18,2,198668,54016,47748,144640,289088,1,0,0,0,0.138544
995957,18,2,197530,53823,47544,143695,288078,1,0,0,0,0.138302
995958,18,2,203854,56139,49541,147703,301276,1,0,0,0,0.141754
995959,18,1,205385,55664,49011,149721,291822,0,0,0,0,0.0587672
996230,18,1,202198,54687,47983,147511,287348,0,0,0,0,0.11002
996231,18,1,188457,51176,45042,137281,268910,0,0,0,0,0.102868
996232,18,1,216339,60440,53228,155899,321913,0,0,0,0,0.080992
996233,18,1,215084,59716,52542,155368,318326,0,0,0,0,0.0792961
996234,18,1,214893,59487,52975,155406,312492,0,0,0,0,0.103657
996235,18,1,238472,67428,59973,171044,359228,0,0,0,0,0.123001
996236,18,1,238910,67552,60007,171358,360762,0,0,0,0,0.127829
996237,18,1,235675,65906,58575,169769,350261,0,0,0,0,0.104627
996238,18,1,232568,65210,58009,167358,346413,0,0,0,0,0.0876312
996239,18,1,210495,57876,51443,152619,303577,0,0,0,0,0.101371
996450,36,1,199154,54697,47720,144457,290645,0,0,0,0,0.112682
996451,36,1,196735,54730,47642,142005,293629,0,0,0,0,0.0856882
996452,36,1,203599,56720,49552,146879,305053,0,0,0,0,0.0883552
996453,36,1,189272,52056,45618,137216,279020,0,0,0,0,0.0716257
996454,36,1,210655,59231,52251,151424,317846,0,0,0,0,0.0673665
996455,36,1,224844,63739,56185,161105,343549,0,0,0,0,0.100444
996456,36,1,207902,57959,51297,149943,309693,0,0,0,0,0.0768946
996457,36,1,209139,58247,51432,150892,311089,0,0,0,0,0.0882707
996458,36,1,218156,61434,53927,156722,330547,0,0,0,0,0.0764206
996459,36,1,216841,60815,53483,156026,326179,0,0,0,0,0.0612515
996480,36,1,213363,58929,51566,154434,313732,0,0,0,0,0.0782615
996481,36,1,204354,55776,48445,148578,295284,0,0,0,0,0.065836
996482,36,1,208701,57621,49950,151080,308099,0,0,0,0,0.0648578
996483,36,1,221942,61642,54066,160300,329727,0,0,0,0,0.0733421
996484,36,1,221579,61072,53672,160507,322896,0,0,0,0,0.0787331
996485,36,1,233871,65790,57820,168081,352735,0,0,0,0,0.0813717
996486,36,1,243738,68619,60438,175119,366328,0,0,0,0,0.0748993
996487,36,1,245828,69109,60979,176719,368756,0,0,0,0,0.0655477
996488,36,1,232731,65765,57537,166966,353079,0,0,0,0,0.0637668
996489,36,1,223689,61907,54139,161782,328026,0,0,0,0,0.0626387
996500,36,1,203411,55755,48630,147656,294830,0,0,0,0,0.080723
996501,36,1,197396,53640,46563,143756,282496,0,0,0,0,0.0603731
996502,36,1,205066,56100,48964,148966,297519,0,0,0,0,0.0600517
996503,36,1,209514,57602,50476,151912,306375,0,0,0,0,0.0600794
996504,36,1,217667,60018,52890,157649,316276,0,0,0,0,0.0624345
996505,36,1,228253,63588,56049,164665,337801,0,0,0,0,0.0733086
996506,36,1,231145,64401,56621,166744,342462,0,0,0,0,0.0792091
996507,36,1,231564,64420,56761,167144,342121,0,0,0,0,0.0847302
996508,36,1,227320,63637,55803,163683,338607,0,0,0,0,0.0934664
996509,36,1,216500,60170,52889,156330,318061,0,0,0,0,0.0766785
996830,6,1,196944,53975,47857,142969,285733,0,0,0,0,0.0897591
996831,18,2,285141,80274,70377,204854,431199,1,0,0,0,0.19058
996834,18,1,203359,56758,49847,146601,303476,0,0,0,0,0.0855124
996839,18,2,272133,75739,66188,196381,406126,1,0,0,0,0.145012
996840,18,1,185336,50950,44306,134386,270688,0,0,0,0,0.0543037
996841,18,1,208955,56651,49262,152304,297863,0,0,0,0,0.0571155
996844,18,1,193199,52627,45815,140572,278923,0,0,0,0,0.0653889
996849,18,1,205592,57186,50133,148406,305146,0,0,0,0,0.0849776
996862,36,1,207521,57565,50157,149956,306784,0,0,0,0,0.0612167
996865,36,1,224993,63302,55768,161691,339217,0,0,0,0,0.0584161
996868,36,1,206631,57667,50115,148964,308084,0,0,0,0,0.065022
996890,6,1,197227,53738,47648,143489,283974,0,0,0,0,0.106563
996891,18,2,285641,80392,70478,205237,431841,1,0,0,0,0.168942
996894,18,1,202995,56601,49742,146394,302478,0,0,0,0,0.0621622
996899,18,2,296136,82555,72349,213568,442294,1,0,0,0,0.148999
996900,18,1,184737,50533,43995,134204,267990,0,0,0,0,0.0584451
996901,18,1,207716,56374,48931,151342,296574,0,0,0,0,0.0645914
996904,18,1,194029,52819,45895,141210,279888,0,0,0,0,0.0817754
996909,18,1,207969,57818,50585,150151,308598,0,0,0,0,0.0864412
996922,36,1,207479,57594,50183,149885,307050,0,0,0,0,0.059014
996925,36,1,225337,63369,55703,161968,339574,0,0,0,0,0.0574882
996928,36,1,207344,57855,50248,149489,309131,0,0,0,0,0.0559678
996940,6,1,186319,50512,44452,135807,268085,0,0,0,0,0.0783712
996941,18,1,201357,55341,48623,146016,294455,0,0,0,0,0.0642816
996944,18,1,232448,64959,57602,167489,346086,0,0,0,0,0.0683555
996949,18,1,239452,67354,59758,172098,359726,0,0,0,0,0.0753923
996950,18,1,171987,46987,40749,125000,250496,0,0,0,0,0.0833444
996951,18,1,199333,54588,47378,144745,289296,0,0,0,0,0.0689712
996954,18,1,199553,54687,47611,144866,291178,0,0,0,0,0.0603427
996959,18,1,203703,55925,48883,147778,297450,0,0,0,0,0.0604406
996972,36,1,200925,56305,48688,144620,303491,0,0,0,0,0.0625969
996975,36,1,218460,60934,53332,157526,325481,0,0,0,0,0.0649429
996978,36,1,223021,62593,54545,160428,335178,0,0,0,0,0.0625801
996980,6,1,193547,52466,46510,141081,277493,0,0,0,0,0.113735
996981,18,1,207155,57893,50616,149262,311492,0,0,0,0,0.0800496
996984,18,1,224122,64408,57182,159714,348092,0,0,0,0,0.0905849
996989,18,1,220585,62648,55317,157937,337679,0,0,0,0,0.096845
996990,18,1,182434,50100,43888,132334,266132,0,0,0,0,0.0798531
996991,18,1,182369,50245,43399,132124,269491,0,0,0,0,0.0635995
996994,18,1,200947,55928,48951,145019,300064,0,0,0,0,0.0771846
996999,18,1,197391,54546,47748,142845,291920,0,0,0,0,0.0780072
997012,36,1,214030,60690,52643,153340,327396,0,0,0,0,0.0691129
997015,36,1,234330,67584,59552,166746,364604,0,0,0,0,0.0719402
997018,36,1,234678,67299,59012,167379,362584,0,0,0,0,0.0858839
997020,18,1,190804,51030,44936,139774,267972,0,0,0,0,0.0922484
997021,18,1,169120,45426,39706,123694,239514,0,0,0,0,0.0758413
997024,18,2,310995,85828,75647,225154,452516,1,0,0,0,0.189302
997029,18,2,287875,79317,70102,208545,418354,1,0,0,0,0.141664
997042,36,1,185091,50794,44083,134297,272484,0,0,0,0,0.0579376
997045,36,1,207505,58000,51145,149505,311302,0,0,0,0,0.0664256
997048,36,1,205508,57079,49827,148429,306037,0,0,0,0,0.0698948
997070,18,1,194847,52868,46424,141979,279299,0,0,0,0,0.0781743
997071,18,2,307116,83949,73275,223155,444911,1,0,0,0,0.165078
997072,18,1,179299,48357,41933,130942,256073,0,0,0,0,0.0647077
997073,18,1,173487,46831,40975,126656,249668,0,0,0,0,0.0674646
997074,18,2,314221,87135,76508,227074,460931,1,0,0,0,0.16065
997075,18,1,202480,55802,49019,146678,295823,0,0,0,0,0.064098
997076,18,1,194854,53506,47252,141348,284686,0,0,0,0,0.0671916
997077,18,1,193437,52893,46581,140544,280773,0,0,0,0,0.0700872
997078,18,1,201506,55214,48372,146292,292233,0,0,0,0,0.0769293
997079,18,2,291155,81173,71536,209970,430433,1,0,0,0,0.180266
997120,18,1,198710,54225,46967,144485,286186,0,0,0,0,0.0633618
997121,18,2,260751,72825,63771,187913,390013,1,0,0,0,0.144084
997124,18,1,201392,54839,48165,146553,290362,0,0,0,0,0.0597025
997129,18,1,196228,54119,47254,142109,288684,0,0,0,0,0.0589834
997142,36,1,214839,59033,51625,155806,314065,0,0,0,0,0.0609895
997145,36,1,229520,64075,56274,165445,343014,0,0,0,0,0.0580669
997148,36,2,261376,73378,64027,187985,395356,1,0,0,0,0.133822
997180,18,1,198406,53876,46749,144530,283820,0,0,0,0,0.0565264
997181,18,2,260730,72834,63896,187883,390187,1,0,0,0,0.188417
997184,18,1,201915,54925,48234,146990,290784,0,0,0,0,0.0631888
997189,18,1,198295,54857,47776,143438,292892,0,0,0,0,0.0791329
997202,36,1,215401,59353,52115,156048,315985,0,0,0,0,0.0889299
997205,36,1,229768,64100,56277,165668,343129,0,0,0,0,0.0757915
997208,36,2,262778,73817,64462,188948,397801,1,0,0,0,0.16332
997230,18,1,191306,52644,45902,138662,279924,0,0,0,0,0.0596246
997231,18,1,209881,58136,50575,151745,310277,0,0,0,0,0.062667
997234,18,2,199492,54994,48716,144485,294152,1,0,0,0,0.130203
997239,18,2,199547,54828,48720,144706,293005,1,0,0,0,0.126125
997252,36,1,207852,57715,50283,150137,310021,0,0,0,0,0.0626862
997255,36,1,229056,63934,55812,165122,342459,0,0,0,0,0.0579582
997258,36,1,234951,66368,57934,168583,356930,0,0,0,0,0.061176
997270,18,1,211343,58547,51213,152796,311156,0,0,0,0,0.0760204
997271,18,1,196429,54452,47167,141977,291080,0,0,0,0,0.0594754
997274,18,2,270456,76782,67658,193662,415077,1,0,0,0,0.176842
997279,18,2,267947,75773,67128,192162,409519,1,0,0,0,0.248283
997292,36,1,213923,60223,52501,153700,325477,0,0,0,0,0.0855139
997295,36,1,234686,67207,59217,167479,363542,0,0,0,0,0.0848301
997298,36,1,231576,66488,58185,165088,359831,0,0,0,0,0.0935746
997300,18,1,213877,57483,50395,156394,303393,0,0,0,0,0.0954097
997301,18,1,189294,50901,44538,138393,269395,0,0,0,0,0.057301
997304,18,2,293917,81255,71672,212649,431527,1,0,0,0,0.181128
997309,18,2,313784,86362,76273,227409,457384,1,0,0,0,0.195518
997322,36,1,199213,54370,47410,144843,291955,0,0,0,0,0.0825424
997325,36,1,222175,61816,54891,160359,332135,0,0,0,0,0.0665802
997328,36,1,223249,61926,54497,161323,332388,0,0,0,0,0.0631307
997350,18,1,194448,52313,46216,142135,276247,0,0,0,0,0.0750665
997351,18,1,181337,48794,42821,132543,258026,0,0,0,0,0.0744015
997352,18,1,181211,48798,42710,132413,258958,0,0,0,0,0.0843943
997353,18,1,160238,42722,37399,117516,227866,0,0,0,0,0.0752534
997354,18,1,196931,53117,46905,143814,279408,0,0,0,0,0.0756878
997355,18,1,203764,56379,49868,147385,300674,0,0,0,0,0.0736273
997356,18,2,243197,67195,59440,175989,361766,1,0,0,0,0.186252
997357,18,2,241099,66478,58374,174608,357410,1,0,0,0,0.201084
997358,18,1,199636,54717,48173,144919,291059,0,0,0,0,0.0643172
997359,18,1,197223,53422,46943,143801,281468,0,0,0,0,0.0713789
997630,18,1,189678,51187,45194,138491,269986,0,0,0,0,0.126486
997631,18,1,171507,45899,39748,125608,241757,0,0,0,0,0.0837943
997632,18,1,176332,48783,42434,127549,261448,0,0,0,0,0.0779984
997633,18,1,175708,48438,41879,127270,259925,0,0,0,0,0.0943441
997634,18,2,282304,77882,68751,204409,414076,1,0,0,0,0.164354
997635,18,1,200915,56636,49825,144279,304780,0,0,0,0,0.0692083
997636,18,1,199448,56058,49365,143390,302486,0,0,0,0,0.0749241
997637,18,1,196205,54840,48144,141365,295307,0,0,0,0,0.0696657
997638,18,1,197793,55497,48762,142296,298267,0,0,0,0,0.0735285
997639,18,2,311480,86896,76948,224571,463327,1,0,0,0,0.174114
997880,36,1,215360,59598,52034,155762,317669,0,0,0,0,0.0835715
997881,36,1,196378,53248,46064,143130,281934,0,0,0,0,0.0582383
997882,36,1,184993,50983,43912,134010,274201,0,0,0,0,0.0593761
997883,36,1,189592,52430,45099,137162,282548,0,0,0,0,0.0645959
997884,36,2,295471,82147,72323,213311,437386,1,0,0,0,0.203556
997885,36,1,207268,57746,50460,149522,310155,0,0,0,0,0.0847857
997886,36,1,212065,59390,51987,152675,319302,0,0,0,0,0.0817416
997887,36,1,213503,59552,51882,153951,319542,0,0,0,0,0.0676639
997888,36,1,206526,57720,50091,148806,310229,0,0,0,0,0.0606567
997889,36,2,324223,90778,79997,233432,483849,1,0,0,0,0.179547
997900,36,1,200689,55067,47708,145622,292862,0,0,0,0,0.0849758
997901,36,1,183864,50060,43315,133804,265792,0,0,0,0,0.0785475
997902,36,1,179486,49175,42496,130311,263189,0,0,0,0,0.0689191
997903,36,1,173598,47146,40689,126452,252354,0,0,0,0,0.0530057
997904,36,1,201027,54906,48053,146121,290051,0,0,0,0,0.057251
997905,36,1,200355,55011,48073,145344,293714,0,0,0,0,0.060546
997906,36,1,197087,54604,47753,142483,293039,0,0,0,0,0.0589643
997907,36,1,194805,54008,47051,140797,289766,0,0,0,0,0.0576445
997908,36,1,202172,55973,48783,146199,299402,0,0,0,0,0.0615628
997909,36,1,202025,55473,48559,146552,293314,0,0,0,0,0.0575276
998240,18,1,191313,51953,45930,139360,273303,0,0,0,0,0.0597636
998241,18,2,253079,69785,61436,183281,370838,1,0,0,0,0.21401
998244,18,1,178559,48313,42597,130246,255373,0,0,0,0,0.0858295
998249,18,1,182821,49762,43294,133059,264498,0,0,0,0,0.0659972
998262,36,1,194605,52661,46505,141944,279236,0,0,0,0,0.0780107
998265,36,1,219645,61405,53909,158240,328330,0,0,0,0,0.0776197
998268,36,1,197903,54745,48214,143158,292154,0,0,0,0,0.086634
998300,18,1,192399,52267,46166,140132,275010,0,0,0,0,0.072621
998301,18,2,252572,69425,61154,183134,368573,1,0,0,0,0.185779
998304,18,1,179241,48521,42770,130720,256443,0,0,0,0,0.0644208
998309,18,1,184764,50365,43742,134399,267760,0,0,0,0,0.0874105
998322,36,1,195105,52852,46710,142253,280361,0,0,0,0,0.0687502
998325,36,1,220449,61715,54194,158734,330063,0,0,0,0,0.0619596
998328,36,1,200622,55612,48967,145010,296879,0,0,0,0,0.0793108
998350,18,1,187227,51627,45548,135600,274594,0,0,0,0,0.0665364
998351,18,1,208584,57328,50561,151256,302754,0,0,0,0,0.0761655
998354,18,1,196893,53438,46735,143455,283023,0,0,0,0,0.0770769
998359,18,1,199511,54327,47812,145184,288078,0,0,0,0,0.0663321
998372,36,1,187806,51282,45185,136524,274704,0,0,0,0,0.0667489
998375,36,1,224850,62834,55346,162016,336103,0,0,0,0,0.0686486
998378,36,1,225613,62895,55631,162718,336356,0,0,0,0,0.0682679
998390,18,1,184823,50763,44667,134060,270169,0,0,0,0,0.119848
998391,18,1,177385,48134,42232,129251,255549,0,0,0,0,0.0654495
998394,18,1,188778,51067,45472,137711,269237,0,0,0,0,0.061387
998399,18,1,190354,52087,45987,138267,275402,0,0,0,0,0.0609192
998412,36,1,196359,54314,47878,142045,292115,0,0,0,0,0.067302
998415,36,1,220972,62771,56062,158201,339087,0,0,0,0,0.0726184
998418,36,1,220058,62331,55129,157727,336508,0,0,0,0,0.0717136
998420,18,1,208786,57039,50486,151747,301543,0,0,0,0,0.0876206
998421,18,1,189340,51175,44978,138165,269349,0,0,0,0,0.0651822
998424,18,2,204369,55613,49048,148743,293572,1,0,0,0,0.138698
998429,18,2,200879,54244,47809,146622,285781,1,0,0,0,0.140568
998442,36,1,186894,51365,45152,135529,276216,0,0,0,0,0.073059
998445,36,1,214434,59754,53006,154680,320963,0,0,0,0,0.070105
998448,36,1,208248,57930,51032,150318,310971,0,0,0,0,0.0916082
998470,18,1,173619,46058,40768,127561,243599,0,0,0,0,0.10586
998471,18,1,181348,48658,42462,132690,257778,0,0,0,0,0.0703384
998472,18,1,171425,45714,39919,125711,242182,0,0,0,0,0.0825696
998473,18,1,150435,39671,34617,110764,211108,0,0,0,0,0.072412
998474,18,1,189027,51041,45187,137986,269688,0,0,0,0,0.0603744
998475,18,1,196311,53725,47466,142586,286132,0,0,0,0,0.0690384
998476,18,1,173365,46533,41304,126832,247845,0,0,0,0,0.0639996
998477,18,1,171998,46449,40928,125549,247568,0,0,0,0,0.0852119
998478,18,1,195916,53085,46963,142831,281576,0,0,0,0,0.0743002
998479,18,1,192190,51921,46345,140269,274395,0,0,0,0,0.0709105
998750,18,1,198835,53876,47409,144959,285448,0,0,0,0,0.106145
998751,18,1,197394,53354,46746,144040,282115,0,0,0,0,0.0871161
998752,18,1,192874,52567,45458,140307,279405,0,0,0,0,0.0997123
998753,18,1,171091,45868,39776,125223,243933,0,0,0,0,0.0715116
998754,18,1,207112,56797,50145,150315,300181,0,0,0,0,0.0663242
998755,18,1,217139,60008,52824,157131,319729,0,0,0,0,0.0702221
998756,18,1,190929,51522,45222,139407,273524,0,0,0,0,0.066161
998757,18,1,191730,51829,45227,139901,274952,0,0,0,0,0.0692613
998758,18,1,210688,57884,50356,152804,307827,0,0,0,0,0.0730227
998759,18,1,207561,56507,49797,151054,297781,0,0,0,0,0.0657331
999020,36,1,195592,53820,47190,141772,287912,0,0,0,0,0.0808541
999021,36,1,190586,52369,45562,138217,279895,0,0,0,0,0.0615511
999022,36,1,183811,50623,44030,133188,271276,0,0,0,0,0.0597238
999023,36,1,166898,45790,39715,121108,246331,0,0,0,0,0.0559122
999024,36,1,198491,55178,48372,143313,294433,0,0,0,0,0.0606361
999025,36,1,210119,59018,51700,151101,316991,0,0,0,0,0.0655028
999026,36,1,183695,50507,44146,133188,270799,0,0,0,0,0.0545999
999027,36,1,183421,50555,44141,132866,270899,0,0,0,0,0.0544232
999028,36,1,202839,56335,48822,146504,301867,0,0,0,0,0.0612801
999029,36,1,201685,55990,48781,145695,298581,0,0,0,0,0.0577897
999590,18,1,184205,49406,43126,134799,262178,0,0,0,0,0.0915039
999591,18,1,182126,48885,42441,133241,259721,0,0,0,0,0.066384
999592,18,1,176114,47580,41061,128534,253962,0,0,0,0,0.0696942
999593,18,1,163679,44091,37926,119588,235636,0,0,0,0,0.0727085
999594,18,1,196604,54157,47515,142447,288876,0,0,0,0,0.0839448
999595,18,1,199848,55105,48426,144743,295219,0,0,0,0,0.0805947
999596,18,1,179168,48418,42265,130750,258159,0,0,0,0,0.0719713
999597,18,1,183636,49904,43319,133732,266314,0,0,0,0,0.0678407
999598,18,1,195247,53923,46829,141324,289194,0,0,0,0,0.0758361
999599,18,1,193782,53170,46897,140612,283139,0,0,0,0,0.073575
