1080000,9,1,148272,39741,33868,108531,208732,0,0,0,0,0.0889808
1080001,9,1,164151,45396,39555,118755,242801,0,0,0,0,0.0675741
1080004,9,1,175708,48800,42567,126908,260646,0,0,0,0,0.0940445
1080009,9,1,158603,43939,38152,114664,234797,0,0,0,0,0.0756669
1080030,9,1,165945,45258,38643,120687,240459,0,0,0,0,0.0693509
1080031,9,2,269105,75032,65486,194061,399856,1,0,0,0,0.225894
1080034,9,2,182108,48578,42533,133517,254409,1,0,0,0,0.215417
1080039,9,2,190482,51866,44630,138603,273421,1,0,0,0,0.221494
1080040,9,1,165676,45147,38568,120529,239817,0,0,0,0,0.0990276
1080041,9,2,268890,74935,65407,193943,399276,1,0,0,0,0.226929
1080044,9,2,181892,48530,42447,133349,254150,1,0,0,0,0.212372
1080049,9,2,190575,51890,44672,138672,273520,1,0,0,0,0.217637
1080050,9,1,155093,41336,35472,113757,218121,0,0,0,0,0.0643884
1080051,9,2,263244,74199,64677,189033,397429,1,0,0,0,0.179482
1080054,9,2,274203,77718,67939,196473,416618,1,0,0,0,0.207348
1080059,9,2,250380,69870,60340,180498,370519,1,0,0,0,0.196858
1080060,9,2,241409,66671,58434,174726,354153,1,0,0,0,0.210614
1080061,9,2,300365,85309,74727,215044,458068,1,0,0,0,0.193072
1080064,9,2,310101,88365,77544,221724,474420,1,0,0,0,0.229057
1080069,9,2,247983,70426,61186,177545,377833,1,0,0,0,0.183916
1080090,9,1,146676,38907,32937,107769,205286,0,0,0,0,0.0624863
1080091,9,2,249376,68796,59909,180568,366098,1,0,0,0,0.186522
1080094,9,2,180078,48542,42013,131524,255063,1,0,0,0,0.145009
1080099,9,2,178439,47928,41694,130499,251542,1,0,0,0,0.145951
1080100,9,1,159479,43237,36799,116242,229464,0,0,0,0,0.0716226
1080101,9,2,274456,78403,68775,196041,422068,1,0,0,0,0.18473
1080104,9,2,269307,76065,66145,193230,406630,1,0,0,0,0.179298
1080109,9,2,186711,51624,44863,135074,273643,1,0,0,0,0.155828
1080110,9,2,247905,69378,61103,178515,370535,1,0,0,0,0.228418
1080111,9,2,283387,80552,70341,202823,432671,1,0,0,0,0.200952
1080114,9,2,274379,77739,67804,196628,416093,1,0,0,0,0.187943
1080119,9,2,235787,67877,59465,167898,364388,1,0,0,0,0.176886
1080140,9,1,159513,43261,36823,116252,229582,0,0,0,0,0.0813853
1080141,9,2,284584,81852,71721,202720,440509,1,0,0,0,0.207042
1080144,9,2,270089,76517,66613,193560,409785,1,0,0,0,0.205356
1080149,9,2,181329,49772,43061,131544,263540,1,0,0,0,0.175332
1080150,9,2,247858,69366,61098,178480,370477,1,0,0,0,0.211419
1080151,9,2,296101,84574,73988,211515,454052,1,0,0,0,0.212927
1080154,9,2,273808,77827,67912,195969,417238,1,0,0,0,0.201352
1080159,9,2,228898,65266,56911,163620,349903,1,0,0,0,0.195031
1080180,9,2,188665,51256,44479,137396,270211,1,0,0,0,0.176659
1080181,9,2,188625,51251,44471,137361,270180,1,0,0,0,0.184185
1080184,9,2,189661,51477,44824,138172,270898,1,0,0,0,0.196387
1080189,9,2,160837,43265,37225,117560,228215,1,0,0,0,0.186425
1080230,9,2,172397,45928,39748,126456,240659,1,0,0,0,0.180072
1080231,9,2,172823,46038,39854,126772,241172,1,0,0,0,0.172305
1080232,9,2,257332,70703,61461,186617,372244,1,0,0,0,0.18346
1080233,9,2,257292,72961,63302,184319,391452,1,0,0,0,0.196825
1080234,9,2,165929,43935,38288,121982,229379,1,0,0,0,0.176033
1080235,9,2,166002,44590,38658,121399,234799,1,0,0,0,0.149178
1080236,9,2,213543,59558,51953,153973,317537,1,0,0,0,0.165796
1080237,9,2,159012,42563,36728,116436,223880,1,0,0,0,0.141901
1080238,9,2,204415,56734,49283,147669,302273,1,0,0,0,0.16636
1080239,9,2,157998,42308,36333,115678,222929,1,0,0,0,0.160449
1080522,18,1,160828,43143,37328,117685,228520,0,0,0,0,0.0964692
1080525,18,1,205448,58822,51389,146626,314739,0,0,0,0,0.0896633
1080528,18,1,206288,58959,51895,147329,315395,0,0,0,0,0.0903416
1080532,18,1,162207,43670,37225,118537,231798,0,0,0,0,0.0680381
1080535,18,1,193780,54132,46453,139648,287598,0,0,0,0,0.0842613
1080538,18,1,195588,54841,47599,140747,291918,0,0,0,0,0.0718886
1080542,18,1,162002,43644,37207,118358,231713,0,0,0,0,0.0705858
1080545,18,1,193955,54189,46527,139766,287893,0,0,0,0,0.0904234
1080548,18,1,195842,54899,47658,140943,292155,0,0,0,0,0.0832617
1080552,18,1,189171,54213,46801,134958,291447,0,0,0,0,0.0691275
1080555,18,1,199467,56855,49054,142612,304139,0,0,0,0,0.0730932
1080558,18,1,158983,43067,37294,115916,228745,0,0,0,0,0.0636907
1080562,18,1,175120,48987,42357,126133,263205,0,0,0,0,0.0835637
1080565,18,1,182548,50861,44196,131687,271915,0,0,0,0,0.0787235
1080568,18,1,175251,48087,41950,127164,256424,0,0,0,0,0.0707378
1080570,18,1,151419,41220,35078,110199,219750,0,0,0,0,0.0828559
1080571,18,1,186709,52191,44745,134518,279367,0,0,0,0,0.06708
1080572,18,1,193934,53863,46748,140071,287760,0,0,0,0,0.067277
1080573,18,1,190979,53248,46842,137731,283977,0,0,0,0,0.0691613
1080574,18,1,196502,55066,47274,141436,294167,0,0,0,0,0.0651634
1080575,18,1,201631,55878,48364,145753,297252,0,0,0,0,0.0629134
1080576,18,1,191267,53290,46861,137977,284132,0,0,0,0,0.0741538
1080577,18,1,182536,49641,43243,132895,260664,0,0,0,0,0.068601
1080578,18,1,179916,48636,42212,131280,256105,0,0,0,0,0.0816526
1080579,18,1,181634,49507,42900,132127,262072,0,0,0,0,0.0705392
1080592,18,1,181867,50560,43773,131307,270100,0,0,0,0,0.0678802
1080595,18,1,197648,54352,47237,143296,286054,0,0,0,0,0.0709786
1080598,18,1,200130,55419,48104,144711,292256,0,0,0,0,0.0672422
1080602,18,1,181622,50443,43651,131179,269415,0,0,0,0,0.0728103
1080605,18,1,198023,54428,47303,143595,286385,0,0,0,0,0.0589027
1080608,18,1,200107,55399,48118,144708,292121,0,0,0,0,0.0637824
1080612,18,2,268777,75690,66186,193074,405110,1,0,0,0,0.173228
1080615,18,2,275045,77438,67977,197594,414059,1,0,0,0,0.166503
1080618,18,1,175987,47865,41247,128122,252785,0,0,0,0,0.0631382
1080622,18,1,199865,56114,48896,143751,299936,0,0,0,0,0.0668782
1080625,18,1,207102,57982,50743,149120,308847,0,0,0,0,0.064808
1080628,18,1,197497,54774,47717,142723,291036,0,0,0,0,0.0792071
1080630,18,1,167494,45242,39242,122252,239338,0,0,0,0,0.0652208
1080631,18,2,301498,85041,74212,216444,455484,1,0,0,0,0.224256
1080632,18,1,203827,56463,48972,147364,299470,0,0,0,0,0.0613176
1080633,18,1,209915,59396,52746,150519,316863,0,0,0,0,0.0917255
1080634,18,2,310452,87798,76821,222641,469925,1,0,0,0,0.233689
1080635,18,1,211729,58550,51058,153179,309208,0,0,0,0,0.0769269
1080636,18,1,210267,59542,52874,150725,317714,0,0,0,0,0.0994969
1080637,18,1,190679,51894,45165,138785,270379,0,0,0,0,0.0806646
1080638,18,1,198215,54438,47435,143777,285665,0,0,0,0,0.121282
1080639,18,1,196725,54654,47378,142071,289039,0,0,0,0,0.0897401
1080652,18,1,161927,43638,37713,118289,230769,0,0,0,0,0.0917655
1080655,18,1,196414,53798,46475,142616,282531,0,0,0,0,0.0716466
1080658,18,1,195954,54203,46553,141751,285509,0,0,0,0,0.0643743
1080662,18,2,267862,75412,66110,192437,404048,1,0,0,0,0.294378
1080665,18,1,207294,58319,51047,148975,310964,0,0,0,0,0.116401
1080668,18,1,201392,55374,47899,146018,292501,0,0,0,0,0.0886895
1080672,18,1,205796,56928,49764,148868,301593,0,0,0,0,0.0904784
1080675,18,2,288338,81546,71504,206779,436374,1,0,0,0,0.230886
1080678,18,1,209106,57490,49665,151616,303950,0,0,0,0,0.0798701
1080680,18,1,185406,51405,44757,134001,274106,0,0,0,0,0.0877319
1080681,18,2,292191,83426,73018,208752,447997,1,0,0,0,0.210203
1080682,18,1,193721,53879,46751,139842,286920,0,0,0,0,0.0596961
1080684,18,1,211955,59599,52161,152356,317908,0,0,0,0,0.0867908
1080685,18,2,309962,88531,77358,221418,474636,1,0,0,0,0.225701
1080686,18,1,217632,60609,52957,157023,321197,0,0,0,0,0.0878334
1080687,18,2,302017,85367,74336,216637,454893,1,0,0,0,0.171927
1080688,18,1,221592,61639,53515,159953,326114,0,0,0,0,0.0666213
1080689,18,1,200337,55211,47602,145126,291309,0,0,0,0,0.0613098
1080693,18,1,215192,61239,54182,153953,327342,0,0,0,0,0.0694666
1080702,18,2,280634,79611,69895,201010,426749,1,0,0,0,0.169863
1080705,18,1,208329,58979,51506,149350,315276,0,0,0,0,0.0636404
1080708,18,1,191752,52945,45847,138807,280862,0,0,0,0,0.0622594
1080712,18,1,215793,59742,52312,156051,315546,0,0,0,0,0.0643669
1080715,18,2,285529,81019,71225,204497,434225,1,0,0,0,0.160032
1080718,18,1,198226,54564,47267,143662,289271,0,0,0,0,0.0684294
1080720,18,1,185460,51460,44811,134000,274406,0,0,0,0,0.0891933
1080721,18,2,303899,86775,76017,217111,465123,1,0,0,0,0.182731
1080722,18,1,200398,55879,48762,144519,296946,0,0,0,0,0.0603737
1080724,18,1,213090,59923,52446,153167,319546,0,0,0,0,0.0653378
1080725,18,2,313928,89826,78495,224089,481783,1,0,0,0,0.163147
1080728,18,1,215188,60035,52233,155153,318750,0,0,0,0,0.0917799
1080729,18,1,193446,53415,46047,140031,282620,0,0,0,0,0.0631434
1080733,18,1,214962,61200,54180,153762,327174,0,0,0,0,0.0716167
1080736,18,1,217430,60568,53062,156862,321023,0,0,0,0,0.0637441
1080737,18,2,296290,83939,73137,212338,448297,1,0,0,0,0.199584
1080742,18,1,196034,53917,46861,142117,281801,0,0,0,0,0.0707694
1080745,18,2,275285,77953,67348,197319,417397,1,0,0,0,0.168602
1080748,18,2,266689,75185,64900,191491,402271,1,0,0,0,0.172619
1080750,18,1,203272,56378,49123,146894,297168,0,0,0,0,0.0618483
1080751,18,1,203725,56470,49284,147255,297616,0,0,0,0,0.0689512
1080754,18,1,202900,55839,48498,147061,293669,0,0,0,0,0.0887381
1080759,18,1,182903,51097,43933,131806,271136,0,0,0,0,0.0884573
1080762,18,1,193781,53848,46862,139933,286001,0,0,0,0,0.0895873
1080763,18,1,194271,52583,45369,141688,275748,0,0,0,0,0.0806954
1080765,18,1,212659,59024,51370,153635,313476,0,0,0,0,0.0905745
1080766,18,1,221029,61706,53641,159323,327385,0,0,0,0,0.0914693
1080767,18,1,200830,55575,48161,145255,295259,0,0,0,0,0.069178
1080768,18,1,210429,58728,50786,151701,312448,0,0,0,0,0.0729009
1080780,18,1,203902,56200,49218,147702,295355,0,0,0,0,0.0768378
1080781,18,1,204041,56224,49207,147817,295458,0,0,0,0,0.0606403
1080782,18,1,183730,49764,43155,133966,262540,0,0,0,0,0.0655414
1080783,18,1,205733,57062,49296,148671,302122,0,0,0,0,0.0790308
1080784,18,1,203648,56317,48617,147331,296524,0,0,0,0,0.0709387
1080785,18,1,211012,58651,50663,152361,310997,0,0,0,0,0.0650959
1080786,18,1,208308,58081,50750,150227,307426,0,0,0,0,0.0645568
1080787,18,1,200580,55639,47850,144941,295767,0,0,0,0,0.0727365
1080788,18,1,197282,54665,47645,142617,289475,0,0,0,0,0.0661466
1080789,18,1,183930,51032,43936,132898,270104,0,0,0,0,0.074286
1081950,6,1,192599,54075,47585,138524,289487,0,0,0,0,0.0830313
1081951,18,2,234394,67284,58854,167097,363426,1,0,0,0,0.170173
1081954,18,2,248910,72073,62862,176824,390215,1,0,0,0,0.173272
1081959,18,1,177823,48736,41865,129087,260057,0,0,0,0,0.0587467
1081960,18,1,168434,46620,39862,121814,249005,0,0,0,0,0.0599212
1081961,18,1,202582,56994,48943,145588,305764,0,0,0,0,0.0629723
1081964,18,1,213873,59898,51743,153975,320620,0,0,0,0,0.078028
1081969,18,1,197266,54175,46869,143091,287063,0,0,0,0,0.0669571
1081982,36,1,210400,60029,51420,150371,323735,0,0,0,0,0.0721977
1081985,36,1,218730,62558,53644,156172,336940,0,0,0,0,0.0709946
1081988,36,1,200154,55961,48132,144193,299747,0,0,0,0,0.0851964
1082010,6,1,208716,58748,52171,149968,312547,0,0,0,0,0.0819557
1082011,18,1,219923,62175,54077,157748,332480,0,0,0,0,0.0699805
1082014,18,1,225654,63711,55717,161943,339824,0,0,0,0,0.0808684
1082019,18,1,188596,51268,44209,137328,270418,0,0,0,0,0.0667345
1082020,18,1,187405,51552,44279,135853,273299,0,0,0,0,0.0597595
1082021,18,1,217643,60748,52922,156895,324163,0,0,0,0,0.0882538
1082024,18,1,216425,60150,52562,156275,321099,0,0,0,0,0.0625799
1082029,18,1,202869,56360,49048,146509,299271,0,0,0,0,0.0823758
1082042,36,1,223700,63204,54677,160496,338967,0,0,0,0,0.0867302
1082045,36,1,218966,61537,53406,157429,329885,0,0,0,0,0.0609847
1082048,36,1,202546,56073,48422,146473,299984,0,0,0,0,0.0638438
1082060,6,1,195572,54061,47927,141511,287093,0,0,0,0,0.0804358
1082061,18,1,204064,56582,49424,147482,301658,0,0,0,0,0.0850152
1082064,18,1,205559,57036,49917,148523,303776,0,0,0,0,0.0738219
1082069,18,1,199965,54965,47859,145000,292009,0,0,0,0,0.0542567
1082070,18,1,178864,48929,42221,129935,259523,0,0,0,0,0.051316
1082071,18,1,204738,56553,49785,148185,301157,0,0,0,0,0.0661356
1082074,18,2,259053,73442,64797,185598,395517,1,0,0,0,0.167349
1082079,18,1,215203,59757,51635,155446,317840,0,0,0,0,0.0662682
1082092,36,1,211330,59159,51082,152171,316883,0,0,0,0,0.0617423
1082095,36,1,217916,60845,53095,157071,325149,0,0,0,0,0.058739
1082098,36,1,207650,57914,50404,149736,309383,0,0,0,0,0.0576686
1082100,6,1,195792,54146,47979,141646,287613,0,0,0,0,0.0746063
1082101,18,1,214479,59657,52186,154822,317547,0,0,0,0,0.0617028
1082104,18,1,205063,56917,49859,148146,303588,0,0,0,0,0.0805522
1082109,18,1,191739,52562,45783,139177,279410,0,0,0,0,0.0541034
1082110,18,1,179150,49046,42290,130104,260233,0,0,0,0,0.0554728
1082111,18,1,204055,56373,49576,147682,300556,0,0,0,0,0.0704866
1082114,18,2,259696,73567,64935,186116,396064,1,0,0,0,0.147293
1082119,18,1,200299,55284,47754,145015,294251,0,0,0,0,0.0574814
1082132,36,1,210391,58837,50733,151554,315318,0,0,0,0,0.0638195
1082135,36,1,217009,60515,52646,156494,323638,0,0,0,0,0.0601006
1082138,36,1,194538,53926,46666,140612,288573,0,0,0,0,0.0572403
1082140,18,2,272807,74518,65571,198277,391604,1,0,0,0,0.138365
1082141,18,2,271643,74176,65232,197455,389838,1,0,0,0,0.14764
1082144,18,2,281063,77262,68210,203788,406072,1,0,0,0,0.160271
1082149,18,2,246654,68007,59509,178635,361082,1,0,0,0,0.257185
1082162,36,1,188386,50732,43807,137654,267627,0,0,0,0,0.0797547
1082165,36,1,203509,56249,48410,147260,299199,0,0,0,0,0.0979099
1082168,36,1,197762,54744,47163,143018,292066,0,0,0,0,0.0564391
1082190,18,2,299261,81673,71692,217576,429249,1,0,0,0,0.195438
1082191,18,2,297735,81179,71238,216544,426570,1,0,0,0,0.146798
1082192,18,1,169522,45137,39170,124385,239094,0,0,0,0,0.0649963
1082193,18,1,180681,47968,41703,132713,252085,0,0,0,0,0.0661129
1082194,18,2,214651,58385,51611,156255,306233,1,0,0,0,0.121683
1082195,18,1,194434,52342,45225,142092,276574,0,0,0,0,0.0540004
1082196,18,1,197794,53760,46849,144034,284398,0,0,0,0,0.0558579
1082197,18,1,186266,50110,43316,136156,265348,0,0,0,0,0.284314
1082198,18,1,192128,52222,45569,139906,276648,0,0,0,0,0.0805598
1082199,18,1,172004,46548,40542,125456,245654,0,0,0,0,0.0643907
1082240,18,1,173643,47910,41459,125733,254819,0,0,0,0,0.0792392
1082241,18,1,198112,54825,47881,143287,292192,0,0,0,0,0.0849135
1082244,18,1,206092,57122,49774,148970,304476,0,0,0,0,0.065673
1082249,18,1,195109,53733,46618,141376,286306,0,0,0,0,0.0842628
1082262,36,1,201634,56354,48608,145280,302251,0,0,0,0,0.0838056
1082265,36,1,209755,58706,50878,151049,314789,0,0,0,0,0.0815775
1082268,36,1,199063,55228,47903,143835,295459,0,0,0,0,0.0853785
1082300,18,2,332614,93013,81637,239590,494397,1,0,0,0,0.215631
1082301,18,1,220475,61206,53297,159269,325270,0,0,0,0,0.0748736
1082304,18,1,219978,61258,53445,158720,326888,0,0,0,0,0.0870697
1082309,18,1,200695,56025,48495,144670,300351,0,0,0,0,0.0749912
1082322,36,1,221378,62256,54040,159122,333807,0,0,0,0,0.0841199
1082325,36,1,217282,60781,52820,156501,325518,0,0,0,0,0.0853675
1082328,36,1,206698,56995,49411,149703,304467,0,0,0,0,0.0619547
1082350,18,2,279942,77628,68091,202301,413310,1,0,0,0,0.151387
1082351,18,1,204854,55890,49239,148964,294796,0,0,0,0,0.0630602
1082354,18,2,258704,73079,64351,185613,393374,1,0,0,0,0.145285
1082359,18,2,330447,92693,81145,237741,495842,1,0,0,0,0.161748
1082372,36,1,217614,60037,52538,157577,319380,0,0,0,0,0.0606733
1082375,36,1,221666,61721,53673,159945,329741,0,0,0,0,0.0744233
1082378,36,1,216791,60412,52344,156379,323573,0,0,0,0,0.0580183
1082390,18,2,280211,77689,68134,202509,413643,1,0,0,0,0.142688
1082391,18,1,202028,55172,48451,146856,291545,0,0,0,0,0.0700057
1082394,18,2,260807,73743,65102,187052,396729,1,0,0,0,0.162716
1082399,18,1,191025,52887,45779,138138,281921,0,0,0,0,0.0584166
1082412,36,1,215805,59676,52066,156129,318077,0,0,0,0,0.0721306
1082415,36,1,221937,61909,53895,160028,331002,0,0,0,0,0.0845706
1082418,36,1,206427,57262,49694,149165,306697,0,0,0,0,0.0691622
1082420,18,1,187886,50878,44679,137008,268961,0,0,0,0,0.0782643
1082421,18,1,188123,50912,44684,137211,269091,0,0,0,0,0.0645072
1082424,18,1,186211,50696,44453,135515,267441,0,0,0,0,0.0589948
1082429,18,1,176569,48275,42168,128294,256556,0,0,0,0,0.0599894
1082442,36,2,267452,74427,65131,193013,399525,1,0,0,0,0.166752
1082445,36,1,208001,57721,50181,150280,307786,0,0,0,0,0.0613167
1082448,36,1,200420,55547,48224,144873,296810,0,0,0,0,0.0573563
1082470,18,1,187263,50897,44473,136366,269090,0,0,0,0,0.0752484
1082471,18,1,187095,50836,44449,136259,268722,0,0,0,0,0.078997
1082472,18,1,167109,44595,38614,122514,236233,0,0,0,0,0.0867847
1082473,18,1,187071,50045,43494,137026,262156,0,0,0,0,0.0904403
1082474,18,1,192068,52383,45953,139685,276623,0,0,0,0,0.067568
1082475,18,1,203687,55700,48496,147987,295709,0,0,0,0,0.0762734
1082476,18,1,196441,53248,46145,143193,281757,0,0,0,0,0.0738019
1082477,18,1,193986,52782,45899,141204,280566,0,0,0,0,0.0754614
1082478,18,1,189376,51341,44498,138035,271962,0,0,0,0,0.0636968
1082479,18,1,179431,49237,42966,130194,262097,0,0,0,0,0.0774753
1082750,18,1,186799,50770,44990,136029,268708,0,0,0,0,0.0861764
1082751,18,1,186581,50712,44930,135869,268373,0,0,0,0,0.087005
1082752,18,1,188343,50154,43626,138189,262007,0,0,0,0,0.0759927
1082753,18,1,185335,50259,43740,135076,267163,0,0,0,0,0.0658181
1082754,18,1,193759,52602,46261,141157,277110,0,0,0,0,0.0871422
1082755,18,1,202789,55621,48307,147168,294632,0,0,0,0,0.0850161
1082756,18,1,197063,53816,46943,143247,285230,0,0,0,0,0.0828849
1082757,18,1,193568,53030,46255,140538,281753,0,0,0,0,0.0707999
1082758,18,1,186698,51279,44746,135419,273065,0,0,0,0,0.0738085
1082759,18,1,169899,45833,40196,124066,242687,0,0,0,0,0.0650068
1082820,36,1,174024,48462,42000,125562,259177,0,0,0,0,0.0563943
1082821,36,1,194821,54323,46685,140498,290815,0,0,0,0,0.0526354
1082822,36,1,206477,57804,50042,148673,309987,0,0,0,0,0.0551294
1082823,36,1,205021,57503,50625,147518,308602,0,0,0,0,0.0585299
1082824,36,1,203185,56714,48984,146471,303291,0,0,0,0,0.0574762
1082825,36,1,212208,59122,51206,153086,315838,0,0,0,0,0.0584448
1082826,36,1,205223,57575,50675,147648,308976,0,0,0,0,0.057385
1082827,36,1,202571,55912,48583,146659,297075,0,0,0,0,0.0561455
1082828,36,1,201189,55657,48424,145532,296007,0,0,0,0,0.0611764
1082829,36,1,203096,56364,48655,146732,300155,0,0,0,0,0.0612553
1082880,36,1,186897,51684,44966,135213,273882,0,0,0,0,0.0544191
1082881,36,1,208049,57848,49947,150201,308950,0,0,0,0,0.0560279
1082882,36,1,208350,57858,50057,150492,308526,0,0,0,0,0.0553597
1082883,36,1,221117,62090,54514,159027,331816,0,0,0,0,0.082603
1082884,36,1,203439,56710,49181,146729,303449,0,0,0,0,0.0681367
1082885,36,1,202103,55807,48552,146296,297016,0,0,0,0,0.0556992
1082886,36,1,206567,57434,50406,149133,306819,0,0,0,0,0.062883
1082887,36,1,186057,50780,44475,135277,269458,0,0,0,0,0.0572133
1082888,36,1,195934,53840,46728,142094,285425,0,0,0,0,0.0610084
1082889,36,1,193563,53225,45508,140338,283754,0,0,0,0,0.0826944
1082930,36,1,182197,49649,43357,132548,262800,0,0,0,0,0.0595236
1082931,36,1,209322,57944,50530,151378,308714,0,0,0,0,0.0683332
1082932,36,1,203889,55989,48646,147900,298529,0,0,0,0,0.0861061
1082933,36,1,214657,59408,52262,155249,316513,0,0,0,0,0.0821988
1082934,36,1,211703,58542,50968,153161,312579,0,0,0,0,0.0645554
1082935,36,1,215178,59581,51868,155597,318211,0,0,0,0,0.0612056
1082936,36,1,226916,63587,55650,163329,340393,0,0,0,0,0.0684125
1082937,36,1,197665,54170,47406,143495,287345,0,0,0,0,0.0631429
1082938,36,1,214508,59510,51444,154998,318303,0,0,0,0,0.0834666
1082939,36,1,205978,57015,49154,148963,304766,0,0,0,0,0.0623402
1082970,36,1,182253,49701,43387,132552,263149,0,0,0,0,0.0558505
1082971,36,1,207600,57602,50039,149998,307241,0,0,0,0,0.0600963
1082972,36,1,200762,55313,47878,145449,295497,0,0,0,0,0.0615356
1082973,36,1,206540,57346,50392,149194,306675,0,0,0,0,0.0646104
1082974,36,1,210693,58083,50415,152610,310070,0,0,0,0,0.0603767
1082975,36,1,216153,60008,52170,156145,320772,0,0,0,0,0.0606326
1082976,36,1,227308,63714,55747,163594,341088,0,0,0,0,0.0635497
1082977,36,1,187323,51237,44921,136086,271915,0,0,0,0,0.0559248
1082978,36,1,200724,55584,48148,145140,297576,0,0,0,0,0.0581477
1082979,36,1,193971,53620,46017,140351,286682,0,0,0,0,0.0595324
1083000,36,1,196139,53742,46825,142397,284585,0,0,0,0,0.0629
1083001,36,1,196364,53786,46901,142578,284801,0,0,0,0,0.0573958
1083002,36,1,186966,51712,45130,135254,276584,0,0,0,0,0.0593563
1083003,36,1,201361,55986,48381,145375,298543,0,0,0,0,0.070044
1083004,36,1,198309,54096,47245,144213,286552,0,0,0,0,0.0629729
1083005,36,1,209173,57814,50359,151359,308232,0,0,0,0,0.0613469
1083006,36,1,220260,61448,53516,158812,328215,0,0,0,0,0.0623928
1083007,36,1,198469,54723,47579,143746,292126,0,0,0,0,0.0563718
1083008,36,1,208362,57848,50260,150514,309418,0,0,0,0,0.0597032
1083009,36,1,177643,48615,41676,129028,258911,0,0,0,0,0.0567371
1083020,36,2,190347,51311,44592,139023,270483,1,0,0,0,0.147951
1083021,36,2,190420,51348,44615,139059,270688,1,0,0,0,0.119657
1083022,36,1,177384,48234,41672,129150,256795,0,0,0,0,0.0539627
1083023,36,1,189084,51661,44699,137423,274888,0,0,0,0,0.0635686
1083024,36,2,189622,51131,45173,138479,268030,1,0,0,0,0.118255
1083025,36,1,201167,55119,47715,146048,293023,0,0,0,0,0.0556101
1083026,36,1,204740,56352,48597,148388,299675,0,0,0,0,0.0592714
1083027,36,1,191974,52956,45634,139018,282755,0,0,0,0,0.0575851
1083028,36,1,192332,52764,45484,139568,280845,0,0,0,0,0.0569535
1083029,36,1,174471,47580,40721,126891,253174,0,0,0,0,0.0540645
1084190,6,1,191070,53666,47210,137404,287374,0,0,0,0,0.0780552
1084191,18,2,233922,67390,58863,166519,364403,1,0,0,0,0.129153
1084194,18,2,248793,72303,63133,176477,391829,1,0,0,0,0.130334
1084199,18,1,177445,48591,41719,128854,259145,0,0,0,0,0.0571999
1084200,18,1,167054,46272,39592,120782,247257,0,0,0,0,0.0568102
1084201,18,1,202637,57094,49090,145543,306455,0,0,0,0,0.0583139
1084204,18,1,213059,59763,51643,153296,320105,0,0,0,0,0.0618755
1084209,18,1,194605,53508,46321,141097,283800,0,0,0,0,0.0617499
1084222,36,1,209696,59836,51277,149860,322742,0,0,0,0,0.0622935
1084225,36,1,218290,62513,53634,155777,336837,0,0,0,0,0.0612449
1084228,36,1,200180,56059,48213,144121,300460,0,0,0,0,0.0582749
1084250,6,1,208964,58664,52127,150300,311765,0,0,0,0,0.0813659
1084251,18,1,219997,62043,53909,157954,331526,0,0,0,0,0.063087
1084254,18,1,225785,63656,55615,162129,339364,0,0,0,0,0.0624106
1084259,18,1,188947,51312,44181,137635,270572,0,0,0,0,0.0573112
1084260,18,1,186720,51168,43894,135552,270916,0,0,0,0,0.053627
1084261,18,1,217895,60928,53121,156967,325315,0,0,0,0,0.0598091
1084264,18,1,217932,60679,53114,157253,324103,0,0,0,0,0.0601133
1084269,18,1,202836,56106,48804,146730,297597,0,0,0,0,0.0632204
1084282,36,1,224526,63408,54879,161118,340030,0,0,0,0,0.0598854
1084285,36,1,219450,61748,53698,157702,331089,0,0,0,0,0.0618701
1084288,36,1,202365,56025,48318,146340,299736,0,0,0,0,0.0581854
1084300,6,1,194279,53479,47496,140800,283667,0,0,0,0,0.0722905
1084301,18,1,202705,56013,49016,146692,298282,0,0,0,0,0.0568645
1084304,18,1,204841,56813,49685,148028,302616,0,0,0,0,0.0584053
1084309,18,1,200600,55017,47925,145583,292156,0,0,0,0,0.0551286
1084310,18,1,177332,48371,41770,128961,256290,0,0,0,0,0.0685349
1084311,18,1,205931,56907,49979,149024,303047,0,0,0,0,0.0732963
1084314,18,2,260202,73669,65138,186520,396589,1,0,0,0,0.151145
1084319,18,1,215919,59902,51706,156017,318559,0,0,0,0,0.0862172
1084332,36,1,211953,59309,51309,152644,317690,0,0,0,0,0.0784568
1084335,36,1,218206,60907,53162,157299,325574,0,0,0,0,0.085235
1084338,36,1,208141,58106,50548,150035,310571,0,0,0,0,0.0779613
1084340,6,1,194623,53588,47542,141035,284293,0,0,0,0,0.0721918
1084341,18,1,213869,59364,52011,154505,315826,0,0,0,0,0.0866277
1084344,18,1,204001,56524,49568,147477,301348,0,0,0,0,0.0814011
1084349,18,1,192709,52660,45906,140049,279729,0,0,0,0,0.0541989
1084350,18,1,177697,48517,41869,129180,257169,0,0,0,0,0.0762427
1084351,18,1,204667,56642,49798,148025,302083,0,0,0,0,0.0971236
1084354,18,2,260570,73839,65250,186718,397661,1,0,0,0,0.170409
1084359,18,1,201227,55490,47916,145737,295364,0,0,0,0,0.0789206
1084372,36,1,211798,59299,51219,152499,317963,0,0,0,0,0.0779849
1084375,36,1,216575,60370,52546,156205,322885,0,0,0,0,0.0620213
1084378,36,1,195282,54159,46790,141123,289953,0,0,0,0,0.0582674
1084380,18,2,275325,75105,66081,200208,394580,1,0,0,0,0.143908
1084381,18,2,274145,74759,65735,199374,392786,1,0,0,0,0.176721
1084384,18,2,284008,78059,68846,205936,410348,1,0,0,0,0.135083
1084389,18,2,247671,68237,59675,179422,362207,1,0,0,0,0.180203
1084402,36,1,187002,50330,43576,136672,265549,0,0,0,0,0.0584072
1084405,36,1,203488,56156,48361,147332,298640,0,0,0,0,0.0564926
1084408,36,1,197738,54693,47151,143045,291799,0,0,0,0,0.0555041
1084430,18,2,275333,74690,65566,200631,391828,1,0,0,0,0.143735
1084431,18,2,273961,74239,65134,199710,389378,1,0,0,0,0.135202
1084432,18,1,171216,45599,39577,125617,241582,0,0,0,0,0.0588534
1084433,18,1,180589,48000,41758,132589,252463,0,0,0,0,0.0616884
1084434,18,2,217117,59094,52308,158012,310084,1,0,0,0,0.130312
1084435,18,1,194217,52248,45189,141969,276027,0,0,0,0,0.0549866
1084436,18,1,196947,53558,46696,143389,283404,0,0,0,0,0.0595332
1084437,18,1,186142,50055,43334,136087,265082,0,0,0,0,0.0770402
1084438,18,1,191400,52084,45464,139316,276018,0,0,0,0,0.0793577
1084439,18,1,171385,46393,40379,124992,244848,0,0,0,0,0.0598674
1084480,18,1,172975,47567,41169,125408,252766,0,0,0,0,0.0718376
1084481,18,1,196973,54500,47653,142473,290450,0,0,0,0,0.062468
1084484,18,1,205134,56788,49517,148346,302585,0,0,0,0,0.0613247
1084489,18,1,193632,53365,46250,140267,284513,0,0,0,0,0.0673529
1084502,36,1,200432,56048,48348,144384,300767,0,0,0,0,0.0586409
1084505,36,1,208788,58433,50611,150355,313407,0,0,0,0,0.0612418
1084508,36,1,198636,55195,47737,143441,295391,0,0,0,0,0.0587422
1084540,18,2,335348,93626,82134,241711,497546,1,0,0,0,0.158761
1084541,18,1,220842,61433,53520,159409,326654,0,0,0,0,0.0616898
1084544,18,1,221364,61780,53916,159584,329878,0,0,0,0,0.0578413
1084549,18,1,202165,56574,48963,145591,303490,0,0,0,0,0.0650681
1084562,36,1,223066,62632,54458,160434,335655,0,0,0,0,0.0608999
1084565,36,1,218020,60970,53148,157050,326488,0,0,0,0,0.0656528
1084568,36,1,206481,57004,49401,149477,304576,0,0,0,0,0.0848026
1084590,18,2,308108,85630,75082,222465,455973,1,0,0,0,0.145442
1084591,18,1,205908,56274,49654,149634,297013,0,0,0,0,0.0642301
1084594,18,2,259457,73176,64471,186269,393731,1,0,0,0,0.143996
1084599,18,2,332413,93288,81490,239112,499166,1,0,0,0,0.207451
1084612,36,1,218050,60184,52631,157866,320175,0,0,0,0,0.0597667
1084615,36,1,221192,61557,53617,159635,328816,0,0,0,0,0.0582993
1084618,36,1,217418,60636,52519,156782,324867,0,0,0,0,0.059154
1084630,18,2,308339,85684,75139,222642,456282,1,0,0,0,0.146744
1084631,18,1,203501,55661,48898,147840,294290,0,0,0,0,0.0655022
1084634,18,2,260628,73751,64953,186865,396969,1,0,0,0,0.154808
1084639,18,1,191398,52975,45841,138423,282390,0,0,0,0,0.0582453
1084652,36,1,216758,59980,52295,156778,319850,0,0,0,0,0.060603
1084655,36,1,222098,61942,53917,160156,331205,0,0,0,0,0.0639271
1084658,36,1,207051,57549,49918,149502,308446,0,0,0,0,0.0604742
1084660,18,1,187473,50656,44528,136817,267574,0,0,0,0,0.0561309
1084661,18,1,187733,50693,44521,137040,267714,0,0,0,0,0.0561326
1084664,18,1,186702,50741,44390,135961,267442,0,0,0,0,0.0616774
1084669,18,1,177301,48546,42399,128755,258253,0,0,0,0,0.0600792
1084682,36,2,295714,82755,72457,212947,444171,1,0,0,0,0.173331
1084685,36,1,209420,58219,50682,151201,310487,0,0,0,0,0.0598637
1084688,36,1,201714,55999,48702,145715,299219,0,0,0,0,0.0751456
1084710,18,1,188309,51315,44881,136994,271611,0,0,0,0,0.0785341
1084711,18,1,188135,51255,44855,136880,271246,0,0,0,0,0.0634086
1084712,18,1,168371,44928,39013,123443,238025,0,0,0,0,0.0747132
1084713,18,1,187852,50364,43870,137488,264074,0,0,0,0,0.0756542
1084714,18,1,192473,52485,46135,139988,277001,0,0,0,0,0.0606565
1084715,18,1,204139,55861,48657,148278,296650,0,0,0,0,0.0604381
1084716,18,1,196313,53227,46173,143086,281715,0,0,0,0,0.0628228
1084717,18,1,194222,52915,46078,141307,281395,0,0,0,0,0.0766605
1084718,18,1,189146,51290,44519,137856,271707,0,0,0,0,0.0847044
1084719,18,1,179349,49193,42909,130156,261846,0,0,0,0,0.0695096
1084990,18,1,186506,50476,44764,136030,266791,0,0,0,0,0.0803394
1084991,18,1,186238,50410,44707,135828,266422,0,0,0,0,0.0637185
1084992,18,1,187384,49840,43477,137544,260266,0,0,0,0,0.0694461
1084993,18,1,184156,49805,43391,134351,264512,0,0,0,0,0.0754246
1084994,18,1,193244,52175,45954,141069,274271,0,0,0,0,0.0868822
1084995,18,1,202459,55431,48132,147028,293428,0,0,0,0,0.0675878
1084996,18,1,196444,53546,46685,142898,283679,0,0,0,0,0.0632502
1084997,18,1,193678,52989,46241,140689,281445,0,0,0,0,0.0605063
1084998,18,1,186113,51004,44504,135109,271473,0,0,0,0,0.0597934
1084999,18,1,169980,45774,40228,124206,242189,0,0,0,0,0.0603103
1085120,36,1,187243,51618,44817,135625,273239,0,0,0,0,0.0562077
1085121,36,1,208924,58090,50158,150834,310148,0,0,0,0,0.0630836
1085122,36,1,209264,57950,50196,151314,308655,0,0,0,0,0.0710084
1085123,36,1,222331,62371,54812,159960,333306,0,0,0,0,0.0658597
1085124,36,1,204314,56926,49395,147388,304482,0,0,0,0,0.0564632
1085125,36,1,203074,56042,48676,147032,298280,0,0,0,0,0.0539678
1085126,36,1,207848,57835,50798,150013,309092,0,0,0,0,0.0597091
1085127,36,1,186283,50805,44409,135478,269554,0,0,0,0,0.0536026
1085128,36,1,197753,54428,47084,143325,288720,0,0,0,0,0.0586356
1085129,36,1,194797,53661,45847,141136,286258,0,0,0,0,0.0583382
1085170,36,1,179855,48789,42628,131066,257825,0,0,0,0,0.0530346
1085171,36,1,209386,57776,50429,151610,307582,0,0,0,0,0.05893
1085172,36,1,203785,55793,48407,147992,297279,0,0,0,0,0.0644487
1085173,36,1,215466,59600,52402,155866,317494,0,0,0,0,0.0821447
1085174,36,1,212357,58721,51207,153636,313572,0,0,0,0,0.068809
1085175,36,1,215687,59644,52070,156043,318399,0,0,0,0,0.0687819
1085176,36,1,226118,63216,55387,162902,338104,0,0,0,0,0.0682501
1085177,36,1,198291,54335,47493,143956,288250,0,0,0,0,0.0645861
1085178,36,1,214943,59718,51569,155225,319575,0,0,0,0,0.0660218
1085179,36,1,206757,57256,49419,149501,305987,0,0,0,0,0.0593145
1085210,36,1,180015,48872,42703,131143,258357,0,0,0,0,0.0549433
1085211,36,1,207718,57563,50113,150155,306942,0,0,0,0,0.061961
1085212,36,1,200076,55001,47640,145075,293676,0,0,0,0,0.0616227
1085213,36,1,207097,57504,50579,149593,307528,0,0,0,0,0.0644152
1085214,36,1,211026,58150,50523,152876,310334,0,0,0,0,0.0657872
1085215,36,1,216602,60063,52339,156539,320930,0,0,0,0,0.0634249
1085216,36,1,226491,63348,55509,163143,338852,0,0,0,0,0.0631152
1085217,36,1,187813,51333,44937,136480,272415,0,0,0,0,0.0553038
1085218,36,1,201187,55760,48305,145427,298585,0,0,0,0,0.0574805
1085219,36,1,194267,53748,46182,140519,287407,0,0,0,0,0.0602362
1085240,36,1,196337,53807,46919,142530,284985,0,0,0,0,0.0572882
1085241,36,1,196553,53849,46989,142704,285189,0,0,0,0,0.0563102
1085242,36,1,187577,51630,45066,135947,275757,0,0,0,0,0.0573151
1085243,36,1,201435,55956,48353,145479,298317,0,0,0,0,0.0690459
1085244,36,1,199028,54114,47238,144914,286364,0,0,0,0,0.0607932
1085245,36,1,209989,58003,50579,151986,309180,0,0,0,0,0.0627671
1085246,36,1,220459,61518,53607,158941,328740,0,0,0,0,0.0645345
1085247,36,1,199287,54893,47797,144394,292917,0,0,0,0,0.0595364
1085248,36,1,208782,57996,50429,150786,310300,0,0,0,0,0.0600786
1085249,36,1,179715,49232,42133,130483,262243,0,0,0,0,0.0580575
1085260,36,2,191489,51583,44783,139893,271872,1,0,0,0,0.130447
1085261,36,2,191597,51630,44809,139954,272140,1,0,0,0,0.164268
1085262,36,1,177359,48060,41495,129299,255612,0,0,0,0,0.0559493
1085263,36,1,189135,51632,44750,137503,274611,0,0,0,0,0.0695219
1085264,36,2,192093,51864,45781,140217,272259,1,0,0,0,0.170851
1085265,36,1,202142,55466,48018,146676,294958,0,0,0,0,0.0659889
1085266,36,1,204921,56292,48602,148629,299218,0,0,0,0,0.0572867
1085267,36,1,193043,53345,46003,139698,284895,0,0,0,0,0.0551118
1085268,36,1,192864,52849,45597,140015,281231,0,0,0,0,0.0738799
1085269,36,1,175649,47988,41055,127661,255400,0,0,0,0,0.0805353
1086150,6,1,209319,58260,51283,151059,308815,0,0,0,0,0.0773065
1086151,18,1,220516,62004,54013,158512,330458,0,0,0,0,0.0771626
1086154,18,1,228707,64638,56322,164069,344434,0,0,0,0,0.0651633
1086159,18,1,189677,51227,44329,138450,269382,0,0,0,0,0.0552612
1086160,18,1,183327,50449,43302,132878,267158,0,0,0,0,0.0590842
1086161,18,1,222408,62649,54309,159759,335668,0,0,0,0,0.0619887
1086164,18,1,219729,61611,53486,158118,329906,0,0,0,0,0.0799105
1086169,18,1,203748,56019,48782,147729,297185,0,0,0,0,0.0714249
1086182,36,1,232010,66230,57485,165780,356238,0,0,0,0,0.0820829
1086185,36,1,228593,64905,56022,163688,349101,0,0,0,0,0.0705586
1086188,36,1,211936,59492,51107,152444,318855,0,0,0,0,0.0643427
1086210,6,1,209617,58149,51262,151468,307796,0,0,0,0,0.105579
1086211,18,1,220677,61951,53983,158726,330004,0,0,0,0,0.0904752
1086214,18,1,228545,64528,56301,164017,343685,0,0,0,0,0.0711533
1086219,18,1,190631,51351,44363,139280,269815,0,0,0,0,0.0586463
1086220,18,1,183623,50338,43200,133285,266148,0,0,0,0,0.0622512
1086221,18,1,222250,62488,54232,159762,334648,0,0,0,0,0.0635618
1086224,18,1,219554,61460,53411,158094,328872,0,0,0,0,0.0619138
1086229,18,1,206632,57041,49606,149591,302881,0,0,0,0,0.0749509
1086242,36,1,233353,66553,57649,166800,357970,0,0,0,0,0.0674419
1086245,36,1,230438,65445,56513,164993,352092,0,0,0,0,0.0748766
1086248,36,1,212477,59583,51158,152894,319334,0,0,0,0,0.0633582
1086260,6,1,189388,51991,45270,137397,277454,0,0,0,0,0.0746347
1086261,18,1,190268,52888,46083,137380,283610,0,0,0,0,0.05774
1086264,18,1,217274,61075,53591,156199,327605,0,0,0,0,0.0645521
1086269,18,1,218239,61311,53308,156928,329223,0,0,0,0,0.0832327
1086270,18,1,171888,47728,40892,124160,255444,0,0,0,0,0.0779093
1086271,18,1,195520,54517,47368,141003,292569,0,0,0,0,0.065458
1086274,18,1,208603,58297,50579,150306,311421,0,0,0,0,0.0599044
1086279,18,1,208256,58057,50616,150199,309485,0,0,0,0,0.060601
1086292,36,1,200191,56247,48456,143944,303008,0,0,0,0,0.0641083
1086295,36,1,216014,61107,53034,154907,328293,0,0,0,0,0.0611503
1086298,36,1,217343,61424,53022,155919,330027,0,0,0,0,0.0631782
1086300,6,1,189299,51994,45277,137305,277537,0,0,0,0,0.110693
1086301,18,1,197909,55025,47947,142884,294608,0,0,0,0,0.0827901
1086304,18,1,229215,64391,56454,164824,344943,0,0,0,0,0.0641863
1086309,18,1,233123,65969,57289,167154,354397,0,0,0,0,0.0721301
1086310,18,1,171949,47775,40911,124174,255772,0,0,0,0,0.0844771
1086311,18,1,196164,54882,47508,141282,295566,0,0,0,0,0.0975632
1086314,18,1,207063,57921,50195,149142,310507,0,0,0,0,0.0840795
1086319,18,1,207165,57642,49892,149523,308075,0,0,0,0,0.0619539
1086332,36,1,199069,56152,48403,142917,303536,0,0,0,0,0.0588192
1086335,36,1,212823,60005,51955,152818,322745,0,0,0,0,0.0626614
1086338,36,1,215338,60938,52693,154400,328220,0,0,0,0,0.0632218
1086340,18,1,178704,48369,42282,130335,255431,0,0,0,0,0.063611
1086341,18,1,178328,48226,42184,130102,254643,0,0,0,0,0.0739916
1086344,18,2,198190,53244,46329,144934,278179,1,0,0,0,0.155566
1086349,18,2,198565,53223,46392,145330,277775,1,0,0,0,0.151053
1086362,36,1,176847,47866,41266,128981,255284,0,0,0,0,0.0730691
1086365,36,1,211470,58457,50564,153013,312795,0,0,0,0,0.0606211
1086368,36,1,211818,58639,50689,153179,313909,0,0,0,0,0.0736459
1086390,18,1,177524,47637,41267,129887,251020,0,0,0,0,0.078814
1086391,18,1,176474,47261,40973,129213,248917,0,0,0,0,0.0633589
1086392,18,1,158113,42277,36571,115836,225772,0,0,0,0,0.0840128
1086393,18,1,169453,45043,38973,124410,238764,0,0,0,0,0.0901253
1086394,18,2,198548,53476,46569,145061,279543,1,0,0,0,0.162144
1086395,18,1,197676,54259,47442,143417,289543,0,0,0,0,0.0623057
1086396,18,1,195315,53261,46617,142054,283703,0,0,0,0,0.0697377
1086397,18,1,198136,54393,47526,143743,290237,0,0,0,0,0.0720383
1086398,18,1,196836,53848,47129,142988,287042,0,0,0,0,0.0653571
1086399,18,2,205151,55366,48440,149774,289199,1,0,0,0,0.182048
1086440,18,1,196660,53973,46778,142687,285100,0,0,0,0,0.075956
1086441,18,1,214405,59544,52225,154861,317562,0,0,0,0,0.0876939
1086444,18,1,212868,59257,51888,153611,316677,0,0,0,0,0.0622967
1086449,18,1,217837,60833,52953,157004,324082,0,0,0,0,0.104416
1086462,36,1,236499,67251,58548,169248,361431,0,0,0,0,0.0821401
1086465,36,1,233001,65764,57361,167237,352792,0,0,0,0,0.0911829
1086468,36,1,208947,58246,50357,150701,311961,0,0,0,0,0.0816547
1086500,18,1,196847,53905,46735,142942,284482,0,0,0,0,0.0575989
1086501,18,1,215138,59774,52382,155364,318789,0,0,0,0,0.0760398
1086504,18,1,213708,59392,51954,154316,317148,0,0,0,0,0.0814797
1086509,18,1,219532,61477,53496,158055,327778,0,0,0,0,0.105327
1086522,36,1,237926,67619,58816,170307,363221,0,0,0,0,0.0939664
1086525,36,1,234039,66059,57522,167980,354264,0,0,0,0,0.0809938
1086528,36,1,208806,58201,50350,150605,311613,0,0,0,0,0.088464
1086550,18,1,183605,50402,43675,133203,267874,0,0,0,0,0.0792954
1086551,18,1,188589,51601,44975,136988,274099,0,0,0,0,0.0893202
1086554,18,2,288313,81700,71689,206600,440607,1,0,0,0,0.18345
1086559,18,2,310421,87915,77249,222493,474118,1,0,0,0,0.202441
1086572,36,1,202908,55867,48457,147041,298678,0,0,0,0,0.0863033
1086575,36,1,224041,62698,54511,161343,335699,0,0,0,0,0.0864214
1086578,36,1,227413,63954,55427,163459,342962,0,0,0,0,0.0916615
1086590,18,1,183738,50481,43693,133257,268481,0,0,0,0,0.0683424
1086591,18,1,188499,51941,45167,136558,277209,0,0,0,0,0.0797023
1086594,18,1,203658,56241,48928,147417,300304,0,0,0,0,0.0604231
1086599,18,1,203671,56329,49247,147342,300759,0,0,0,0,0.0628005
1086612,36,1,201534,55835,48430,145699,299807,0,0,0,0,0.0827023
1086615,36,1,221645,62022,53827,159623,332685,0,0,0,0,0.0815154
1086618,36,1,224110,62901,54407,161209,337702,0,0,0,0,0.0748868
1086620,18,1,178368,48511,42416,129857,258424,0,0,0,0,0.0579713
1086621,18,1,178727,48570,42449,130157,258694,0,0,0,0,0.0544784
1086624,18,1,193442,52364,46001,141078,277053,0,0,0,0,0.0546328
1086629,18,1,193389,52715,46127,140674,279533,0,0,0,0,0.0545959
1086642,36,1,183670,50184,43494,133486,268722,0,0,0,0,0.0568437
1086645,36,1,211686,58530,51071,153156,314138,0,0,0,0,0.0819008
1086648,36,1,212860,58977,51484,153883,316633,0,0,0,0,0.071207
1086670,18,1,179317,49173,42654,130144,262428,0,0,0,0,0.0579354
1086671,18,1,179108,49123,42626,129985,262119,0,0,0,0,0.0568463
1086672,18,1,156848,41840,36102,115008,223168,0,0,0,0,0.0614669
1086673,18,1,173494,46419,40343,127075,245295,0,0,0,0,0.0684982
1086674,18,1,195863,53008,46402,142855,279513,0,0,0,0,0.0768596
1086675,18,1,200833,54906,47872,145927,292682,0,0,0,0,0.0752416
1086676,18,1,199663,54450,47197,145213,290047,0,0,0,0,0.0741912
1086677,18,1,202395,55671,48376,146724,297297,0,0,0,0,0.0729338
1086678,18,1,199584,54359,47443,145225,289419,0,0,0,0,0.0635386
1086679,18,1,196433,53482,46939,142951,282455,0,0,0,0,0.0608053
1086950,18,1,183277,50741,44680,132536,272206,0,0,0,0,0.0706319
1086951,18,1,183106,50669,44634,132437,271693,0,0,0,0,0.0695856
1086952,18,1,172996,46406,40631,126590,245284,0,0,0,0,0.0652578
1086953,18,1,172535,46913,40883,125622,251385,0,0,0,0,0.0685533
1086954,18,1,187460,50278,44249,137182,264477,0,0,0,0,0.0619876
1086955,18,1,198041,54784,47791,143257,292898,0,0,0,0,0.0599459
1086956,18,1,196815,54430,47589,142385,290948,0,0,0,0,0.0611425
1086957,18,1,198689,54963,47947,143726,294005,0,0,0,0,0.0626684
1086958,18,1,197345,54466,47612,142879,290887,0,0,0,0,0.0775253
1086959,18,1,187480,50379,44324,137101,265010,0,0,0,0,0.0593397
1087130,36,1,180532,49727,43181,130805,265589,0,0,0,0,0.0548314
1087131,36,1,196185,54271,47071,141914,290584,0,0,0,0,0.062803
1087132,36,1,189252,51440,44571,137812,275101,0,0,0,0,0.0578886
1087133,36,1,200845,55560,48603,145285,297520,0,0,0,0,0.0712179
1087134,36,1,206485,57028,49300,149457,304882,0,0,0,0,0.0572772
1087135,36,1,214516,59505,51552,155011,318934,0,0,0,0,0.0593474
1087136,36,1,211767,58713,51398,153054,312900,0,0,0,0,0.0572296
1087137,36,1,212987,59091,51820,153896,315102,0,0,0,0,0.0595019
1087138,36,1,215328,59717,51739,155611,319881,0,0,0,0,0.0575062
1087139,36,1,211666,58709,51064,152957,314608,0,0,0,0,0.0632635
1087170,36,1,180381,49686,43125,130695,265403,0,0,0,0,0.0682718
1087171,36,1,193996,54160,46987,139836,291396,0,0,0,0,0.0652037
1087172,36,1,185979,51057,44110,134922,274332,0,0,0,0,0.0591837
1087173,36,1,195034,54342,47292,140692,292790,0,0,0,0,0.0687677
1087174,36,1,200392,55166,47421,145226,294884,0,0,0,0,0.0619183
1087175,36,1,208678,57624,49833,151054,308461,0,0,0,0,0.060283
1087176,36,1,202693,55990,49144,146703,298544,0,0,0,0,0.055336
1087177,36,1,203799,56404,49344,147395,301086,0,0,0,0,0.056867
1087178,36,1,210415,58268,50155,152147,312186,0,0,0,0,0.057841
1087179,36,1,206215,57073,49423,149142,305710,0,0,0,0,0.0585632
1087200,36,1,192600,53008,45469,139592,283173,0,0,0,0,0.0583624
1087201,36,1,192640,53018,45530,139622,283243,0,0,0,0,0.0597558
1087202,36,1,175973,48448,41607,127525,260761,0,0,0,0,0.058556
1087203,36,1,192063,53138,45879,138925,284823,0,0,0,0,0.0778811
1087204,36,1,192380,52560,45069,139820,278293,0,0,0,0,0.0790576
1087205,36,1,208900,57901,50149,150999,309936,0,0,0,0,0.061126
1087206,36,1,213966,59413,51095,154553,318631,0,0,0,0,0.0602692
1087207,36,1,210079,58571,50453,151508,314096,0,0,0,0,0.0615725
1087208,36,1,214329,59558,51309,154771,319358,0,0,0,0,0.0608483
1087209,36,1,195780,53621,46101,142159,284226,0,0,0,0,0.0810408
1087220,36,1,189311,52289,44900,137022,279894,0,0,0,0,0.0781803
1087221,36,1,189375,52299,44896,137076,279927,0,0,0,0,0.0604293
1087222,36,1,164730,44571,38503,120159,238709,0,0,0,0,0.0583908
1087223,36,1,179760,48764,41865,130996,260953,0,0,0,0,0.0773372
1087224,36,1,192213,52226,45002,139987,276157,0,0,0,0,0.0732696
1087225,36,1,200900,55214,47466,145686,295265,0,0,0,0,0.0564566
1087226,36,1,202663,55868,48051,146795,299258,0,0,0,0,0.0549059
1087227,36,1,201226,55788,48015,145438,299212,0,0,0,0,0.0547525
1087228,36,1,204730,56521,48587,148209,302631,0,0,0,0,0.0573082
1087229,36,1,193782,52838,45607,140944,279743,0,0,0,0,0.0544284
1087830,6,1,196860,54253,47822,142607,287565,0,0,0,0,0.0804765
1087831,18,2,280589,78480,68476,202096,420221,1,0,0,0,0.189067
1087834,18,1,205347,57087,49734,148260,304464,0,0,0,0,0.0695488
1087839,18,2,273241,75773,66532,197455,405715,1,0,0,0,0.190265
1087840,18,1,178804,48855,42333,129949,258677,0,0,0,0,0.0667988
1087841,18,2,254488,70740,61827,183735,377167,1,0,0,0,0.181652
1087844,18,2,304677,84443,73818,220221,451032,1,0,0,0,0.186085
1087849,18,2,360232,99517,86995,260702,529866,1,0,0,0,0.18537
1087862,36,1,203606,56068,48655,147538,297874,0,0,0,0,0.0717439
1087865,36,1,216987,60284,52707,156703,321251,0,0,0,0,0.0686158
1087868,36,1,211531,59093,50979,152438,315305,0,0,0,0,0.0891788
1087890,6,1,196014,53675,47260,142339,283956,0,0,0,0,0.0849472
1087891,18,2,282709,79271,69226,203426,424848,1,0,0,0,0.212046
1087894,18,1,205196,56928,49674,148268,303451,0,0,0,0,0.0705023
1087899,18,2,295866,82068,72151,213785,438777,1,0,0,0,0.180312
1087900,18,1,178911,48614,42043,130297,256945,0,0,0,0,0.0777203
1087901,18,2,255241,70953,62116,184275,378350,1,0,0,0,0.168884
1087904,18,2,273176,75130,65882,198033,400972,1,0,0,0,0.161889
1087909,18,2,363445,100514,87778,262918,535452,1,0,0,0,0.182083
1087922,36,1,205417,56533,48899,148884,300302,0,0,0,0,0.0593748
1087925,36,1,218392,60598,53006,157794,322824,0,0,0,0,0.0705408
1087928,36,1,212486,59403,51328,153083,317141,0,0,0,0,0.0581649
1087940,6,1,192761,53627,46835,139134,287477,0,0,0,0,0.0826795
1087941,18,1,195752,54434,47620,141318,292362,0,0,0,0,0.0572849
1087944,18,1,225955,63904,55794,162051,343011,0,0,0,0,0.0643127
1087949,18,1,223736,63286,55449,160450,339745,0,0,0,0,0.0908166
1087950,18,1,174895,48277,41548,126618,258454,0,0,0,0,0.0597162
1087951,18,2,234603,65288,56953,169302,350615,1,0,0,0,0.137885
1087954,18,1,201688,55525,48017,146163,295634,0,0,0,0,0.055073
1087959,18,1,202486,55937,48779,146549,298078,0,0,0,0,0.0561407
1087972,36,1,195686,54542,46914,141144,293238,0,0,0,0,0.0584334
1087975,36,1,213898,59922,52175,153976,320235,0,0,0,0,0.0558132
1087978,36,1,217053,60817,53025,156236,325248,0,0,0,0,0.0672985
1087980,6,1,194797,53711,47175,141086,286488,0,0,0,0,0.124042
1087981,18,1,213703,60259,52148,153444,325067,0,0,0,0,0.0808007
1087984,18,1,226491,65465,57617,161026,354284,0,0,0,0,0.0821234
1087989,18,1,222314,63474,55751,158840,342625,0,0,0,0,0.090292
1087990,18,1,180319,50063,43526,130256,267597,0,0,0,0,0.116914
1087991,18,1,185208,51725,44663,133483,278719,0,0,0,0,0.0912439
1087994,18,1,197817,55338,48121,142479,297315,0,0,0,0,0.0836407
1087999,18,1,197118,54704,47694,142414,293103,0,0,0,0,0.0881036
1088012,36,1,209871,59339,51369,150532,319612,0,0,0,0,0.0717383
1088015,36,1,229149,66244,58065,162905,357007,0,0,0,0,0.0849
1088018,36,1,232796,66802,57845,165994,359723,0,0,0,0,0.070156
1088020,18,1,190496,51554,45287,138942,272155,0,0,0,0,0.0725097
1088021,18,1,175123,47523,41246,127600,251399,0,0,0,0,0.0556191
1088024,18,2,311805,86285,75769,225507,454943,1,0,0,0,0.16458
1088029,18,2,285593,78228,68877,207352,411239,1,0,0,0,0.174382
1088042,36,1,192271,52908,45547,139363,283744,0,0,0,0,0.0585841
1088045,36,1,211688,59325,51771,152363,318105,0,0,0,0,0.0638456
1088048,36,1,210180,58837,51171,151343,315280,0,0,0,0,0.0601444
1088070,18,1,192999,52302,45999,140697,276119,0,0,0,0,0.079962
1088071,18,2,299425,81116,70922,218297,428934,1,0,0,0,0.183588
1088072,18,1,177748,47534,41068,130214,250799,0,0,0,0,0.0741786
1088073,18,2,176403,46916,40989,129475,250125,1,0,0,0,0.189454
1088074,18,2,309740,85434,75119,224294,450851,1,0,0,0,0.214079
1088075,18,1,202626,55210,48280,147416,291284,0,0,0,0,0.075119
1088076,18,2,196390,53738,47123,142640,288534,1,0,0,0,0.163141
1088077,18,2,190918,51875,45414,139031,277727,1,0,0,0,0.165824
1088078,18,1,198840,53769,47125,145071,282966,0,0,0,0,0.0606793
1088079,18,2,286048,78403,69185,207633,412826,1,0,0,0,0.183518
1088120,18,1,187508,50589,44039,136919,265474,0,0,0,0,0.0632608
1088121,18,1,201221,55222,48133,145999,293260,0,0,0,0,0.0622362
1088124,18,1,191159,51974,45165,139185,275422,0,0,0,0,0.0615563
1088129,18,1,200455,55161,47790,145294,293771,0,0,0,0,0.0653812
1088142,36,1,205677,56387,49380,149290,299815,0,0,0,0,0.0616987
1088145,36,1,219896,61145,53417,158751,326460,0,0,0,0,0.072452
1088148,36,1,208704,57587,49875,151117,307258,0,0,0,0,0.0802918
1088180,18,1,186430,50106,43624,136324,262622,0,0,0,0,0.0558198
1088181,18,1,202145,55517,48469,146628,295009,0,0,0,0,0.0669889
1088184,18,1,191371,51950,45239,139421,275231,0,0,0,0,0.076652
1088189,18,1,202547,55842,48394,146705,297514,0,0,0,0,0.0888776
1088202,36,1,207783,57044,49940,150739,303483,0,0,0,0,0.0863909
1088205,36,1,220972,61507,53736,159465,328614,0,0,0,0,0.0850202
1088208,36,1,209061,57876,50099,151185,309215,0,0,0,0,0.0804618
1088230,18,1,181191,49936,43365,131255,265928,0,0,0,0,0.0776765
1088231,18,1,191634,53114,46329,138520,284612,0,0,0,0,0.0875524
1088234,18,2,365082,101797,89008,263272,545583,1,0,0,0,0.229001
1088239,18,2,367852,102739,90147,265100,551079,1,0,0,0,0.191624
1088252,36,1,197248,54599,47376,142649,292699,0,0,0,0,0.0798986
1088255,36,1,218232,61347,53705,156885,329331,0,0,0,0,0.0693996
1088258,36,1,219296,61822,53739,157474,332326,0,0,0,0,0.0697719
1088270,18,1,189847,52525,45646,137322,279634,0,0,0,0,0.0775732
1088271,18,1,185127,51459,44863,133668,276001,0,0,0,0,0.0578617
1088274,18,1,195903,54275,47331,141628,289175,0,0,0,0,0.0566702
1088279,18,1,196068,54245,47383,141823,288871,0,0,0,0,0.057373
1088292,36,1,200579,56350,49256,144229,304154,0,0,0,0,0.0632538
1088295,36,1,222688,63388,56101,159300,341974,0,0,0,0,0.0667542
1088298,36,1,219067,62259,54320,156808,335687,0,0,0,0,0.0649436
1088300,18,1,188540,50693,44444,137847,268749,0,0,0,0,0.0756149
1088301,18,1,177072,47889,41788,129183,254469,0,0,0,0,0.0572136
1088304,18,1,182840,49306,43418,133534,260421,0,0,0,0,0.0558614
1088309,18,1,183455,49695,43833,133760,262772,0,0,0,0,0.0575275
1088322,36,1,192885,52592,45613,140293,281528,0,0,0,0,0.0596992
1088325,36,1,213033,59252,52213,153781,317870,0,0,0,0,0.0621883
1088328,36,1,210211,58509,51379,151702,314269,0,0,0,0,0.0654473
1088350,18,1,192255,52061,45669,140194,276048,0,0,0,0,0.0842791
1088351,18,1,180155,48598,42210,131557,257397,0,0,0,0,0.056513
1088352,18,1,181429,49377,42774,132052,263208,0,0,0,0,0.0573012
1088353,18,1,168433,45222,39358,123211,241229,0,0,0,0,0.0563634
1088354,18,1,190277,51397,45754,138880,271082,0,0,0,0,0.0583602
1088355,18,1,206930,57509,50279,149421,307457,0,0,0,0,0.0596422
1088356,18,1,192416,52458,46016,139958,279595,0,0,0,0,0.0592543
1088357,18,1,191278,52330,45932,138948,279119,0,0,0,0,0.058572
1088358,18,1,202523,56079,49019,146444,299589,0,0,0,0,0.0587369
1088359,18,1,189544,51275,45269,138269,270541,0,0,0,0,0.0557002
1088630,18,1,191942,52145,45934,139797,277328,0,0,0,0,0.0854938
1088631,18,1,172802,46929,41161,125873,249477,0,0,0,0,0.0775867
1088632,18,1,189731,52012,45320,137719,278167,0,0,0,0,0.0870785
1088633,18,1,186587,51102,44666,135485,273432,0,0,0,0,0.0717
1088634,18,1,179387,48596,42781,130791,257053,0,0,0,0,0.0857968
1088635,18,1,212267,59089,52347,153178,316423,0,0,0,0,0.0912018
1088636,18,1,208891,58149,51408,150742,311986,0,0,0,0,0.067136
1088637,18,1,200864,55437,48787,145427,296742,0,0,0,0,0.0801932
1088638,18,1,204924,56410,49727,148514,301126,0,0,0,0,0.0925922
1088639,18,1,179048,48569,42727,130479,256970,0,0,0,0,0.085164
1088850,36,1,193498,53982,47219,139516,288708,0,0,0,0,0.0758105
1088851,36,1,194439,54238,46834,140201,292088,0,0,0,0,0.0592031
1088852,36,1,205083,57651,49749,147432,311010,0,0,0,0,0.0616177
1088853,36,1,199854,55655,48912,144199,297585,0,0,0,0,0.0598764
1088854,36,1,206843,57807,50453,149036,310274,0,0,0,0,0.0571255
1088855,36,1,223656,63474,55456,160182,342259,0,0,0,0,0.0621871
1088856,36,1,217775,61341,54147,156434,327522,0,0,0,0,0.0582493
1088857,36,1,222039,62812,55467,159227,335810,0,0,0,0,0.059015
1088858,36,1,215806,61145,53199,154661,329360,0,0,0,0,0.0601465
1088859,36,1,211023,58860,51323,152163,315770,0,0,0,0,0.0566669
1088880,36,1,198944,54343,47195,144601,289261,0,0,0,0,0.0753468
1088881,36,1,189342,51255,44142,138087,272289,0,0,0,0,0.0589282
1088882,36,1,188213,51773,44571,136440,277370,0,0,0,0,0.0620389
1088883,36,1,199392,55038,47943,144354,295035,0,0,0,0,0.0694245
1088884,36,1,200608,54722,47837,145886,289959,0,0,0,0,0.0879406
1088885,36,1,214459,59962,52434,154497,321746,0,0,0,0,0.0927261
1088886,36,1,220184,61408,53934,158776,328607,0,0,0,0,0.0919106
1088887,36,1,220126,61427,54245,158699,328843,0,0,0,0,0.0911714
1088888,36,1,208854,58516,50917,150338,314300,0,0,0,0,0.0805699
1088889,36,1,203684,55745,48558,147939,295599,0,0,0,0,0.0820157
1088900,36,1,198541,54432,47263,144109,289967,0,0,0,0,0.0802729
1088901,36,1,181975,49107,42237,132868,260382,0,0,0,0,0.0748899
1088902,36,1,191019,52533,45334,138486,280434,0,0,0,0,0.0828773
1088903,36,1,182834,49628,43157,133206,264778,0,0,0,0,0.0587773
1088904,36,1,194947,53077,46616,141870,280843,0,0,0,0,0.0626652
1088905,36,1,212786,59148,51362,153638,316177,0,0,0,0,0.0662426
1088906,36,1,206219,57044,49592,149175,304786,0,0,0,0,0.0628761
1088907,36,1,205088,56497,49470,148591,301368,0,0,0,0,0.0643412
1088908,36,1,209381,58400,50866,150981,312520,0,0,0,0,0.0684037
1088909,36,1,195844,53377,46618,142467,282344,0,0,0,0,0.0606078
1089230,6,1,197187,54378,47901,142809,288301,0,0,0,0,0.0866098
1089231,18,2,284658,79625,69682,205020,426380,1,0,0,0,0.188767
1089234,18,1,205158,57078,50101,148080,304462,0,0,0,0,0.0580931
1089239,18,2,266784,73623,64229,193148,393659,1,0,0,0,0.17457
1089240,18,1,178995,48933,42386,130062,259183,0,0,0,0,0.0648202
1089241,18,1,206353,56054,48744,150299,295000,0,0,0,0,0.0785521
1089244,18,2,301773,83446,72948,218314,445109,1,0,0,0,0.196383
1089249,18,2,335330,93032,81362,242285,496457,1,0,0,0,0.175388
1089262,36,1,206922,56990,49532,149932,302944,0,0,0,0,0.0678531
1089265,36,1,220600,61630,53950,158970,329059,0,0,0,0,0.0569082
1089268,36,1,203795,56829,48883,146966,303838,0,0,0,0,0.055595
1089290,6,1,196437,53833,47365,142604,284904,0,0,0,0,0.0701275
1089291,18,2,285574,79920,70001,205642,428069,1,0,0,0,0.184229
1089294,18,1,205016,56849,49950,148167,303006,0,0,0,0,0.0731657
1089299,18,2,290302,80248,70161,210041,428701,1,0,0,0,0.195807
1089300,18,1,179317,48761,42154,130556,257821,0,0,0,0,0.0695916
1089301,18,1,206126,55978,48729,150148,294609,0,0,0,0,0.0777076
1089304,18,2,271216,74545,65334,196658,397540,1,0,0,0,0.148906
1089309,18,2,338370,93922,82112,244435,501332,1,0,0,0,0.181084
1089322,36,1,208923,57507,49961,151416,305630,0,0,0,0,0.0642888
1089325,36,1,221942,61842,54035,160100,329892,0,0,0,0,0.0655975
1089328,36,1,203887,56804,48931,147083,303698,0,0,0,0,0.0584402
1089340,6,1,192834,53656,46854,139178,287683,0,0,0,0,0.083434
1089341,18,1,206764,57266,50123,149498,305519,0,0,0,0,0.061873
1089344,18,1,237996,67282,59053,170714,359926,0,0,0,0,0.0713539
1089349,18,1,240858,68545,60375,172313,367386,0,0,0,0,0.0724524
1089350,18,1,175063,48334,41578,126729,258830,0,0,0,0,0.0608956
1089351,18,1,198554,54869,47808,143685,291891,0,0,0,0,0.0591158
1089354,18,1,201858,55411,48174,146447,294884,0,0,0,0,0.0597496
1089359,18,1,203964,56341,48859,147623,300385,0,0,0,0,0.0593481
1089372,36,1,201376,56350,48724,145026,303593,0,0,0,0,0.0650243
1089375,36,1,214194,59632,51843,154562,318197,0,0,0,0,0.0609952
1089378,36,1,218346,60992,53146,157354,325840,0,0,0,0,0.0634244
1089380,6,1,193948,53565,46996,140383,285830,0,0,0,0,0.111919
1089381,18,1,212924,60316,52323,152608,325569,0,0,0,0,0.0901569
1089384,18,1,224731,64759,57010,159972,350102,0,0,0,0,0.0953952
1089389,18,1,221499,63011,55294,158488,339612,0,0,0,0,0.100287
1089390,18,1,179917,49944,43439,129973,266925,0,0,0,0,0.113736
1089391,18,1,182862,50801,44085,132061,273157,0,0,0,0,0.0662919
1089394,18,1,196642,54855,47929,141787,294292,0,0,0,0,0.0626221
1089399,18,1,197251,54776,47718,142475,293425,0,0,0,0,0.0646207
1089412,36,1,210780,59796,51897,150984,322122,0,0,0,0,0.0700452
1089415,36,1,228532,65781,57752,162751,353975,0,0,0,0,0.0713101
1089418,36,1,231333,66151,57446,165182,355767,0,0,0,0,0.074087
1089420,18,1,190788,51596,45267,139192,272277,0,0,0,0,0.072946
1089421,18,1,175382,47617,41221,127765,251945,0,0,0,0,0.0555517
1089424,18,2,312082,86374,75798,225695,455475,1,0,0,0,0.157208
1089429,18,2,285673,78277,68883,207383,411602,1,0,0,0,0.1788
1089442,36,1,184317,50901,43676,133416,274087,0,0,0,0,0.0611767
1089445,36,1,204091,57147,49894,146944,307140,0,0,0,0,0.0651327
1089448,36,1,203177,56667,49338,146510,304145,0,0,0,0,0.077028
1089470,18,1,191733,51966,45738,139767,274354,0,0,0,0,0.0796935
1089471,18,2,299987,81373,71034,218602,430514,1,0,0,0,0.17342
1089472,18,1,169820,45409,39065,124411,240176,0,0,0,0,0.0517481
1089473,18,2,312575,83110,72204,229452,441743,1,0,0,0,0.182704
1089474,18,2,310322,85609,75205,224701,451868,1,0,0,0,0.159361
1089475,18,1,196143,53603,46839,142540,283697,0,0,0,0,0.0601981
1089476,18,2,360078,98520,86269,261545,526421,1,0,0,0,0.183631
1089477,18,2,358966,98082,85625,260871,523478,1,0,0,0,0.17457
1089478,18,1,192181,52099,45604,140082,275049,0,0,0,0,0.0643971
1089479,18,2,286284,78498,69232,207774,413425,1,0,0,0,0.152142
1089520,18,1,187494,50630,44075,136864,265793,0,0,0,0,0.0680166
1089521,18,1,201050,55021,48000,146029,292725,0,0,0,0,0.0888071
1089524,18,1,190851,51909,45361,138942,275344,0,0,0,0,0.0655114
1089529,18,1,195193,53902,46929,141291,287753,0,0,0,0,0.0630042
1089542,36,1,203292,55598,48541,147694,295570,0,0,0,0,0.0628953
1089545,36,1,220481,61324,53664,159157,327739,0,0,0,0,0.0702168
1089548,36,1,197247,54327,46975,142920,290125,0,0,0,0,0.0766311
1089580,18,1,186406,50119,43683,136287,262756,0,0,0,0,0.0694741
1089581,18,1,202701,55523,48441,147178,295654,0,0,0,0,0.0801267
1089584,18,1,190999,51844,45375,139155,274873,0,0,0,0,0.0590027
1089589,18,1,197339,54655,47479,142684,291999,0,0,0,0,0.0782463
1089602,36,1,206171,56456,49238,149715,300352,0,0,0,0,0.0721673
1089605,36,1,221700,61642,53942,160058,329383,0,0,0,0,0.0598152
1089608,36,1,197723,54591,47196,143132,291752,0,0,0,0,0.0537691
1089630,18,1,180997,49914,43310,131083,265928,0,0,0,0,0.0726284
1089631,18,1,192495,53631,46737,138864,288548,0,0,0,0,0.0579861
1089634,18,2,346489,96969,85097,249507,520634,1,0,0,0,0.161761
1089639,18,2,349370,97841,86052,251516,525609,1,0,0,0,0.161889
1089652,36,1,197257,54840,47653,142417,294782,0,0,0,0,0.0623421
1089655,36,1,214865,60184,52650,154681,323024,0,0,0,0,0.0615331
1089658,36,1,216748,60843,53018,155905,326912,0,0,0,0,0.0614061
1089670,18,1,189019,52203,45448,136816,277676,0,0,0,0,0.0783296
1089671,18,1,183675,50909,44231,132766,272534,0,0,0,0,0.0596265
1089674,18,1,197726,54606,47581,143120,290648,0,0,0,0,0.0575049
1089679,18,1,195390,53817,46675,141573,286086,0,0,0,0,0.0612496
1089692,36,1,201904,56558,49337,145346,305037,0,0,0,0,0.0650169
1089695,36,1,220500,62555,55281,157945,337331,0,0,0,0,0.0670207
1089698,36,1,217471,61453,53703,156018,331116,0,0,0,0,0.0862052
1089700,18,1,189232,50924,44706,138308,270100,0,0,0,0,0.0782042
1089701,18,1,177285,47943,41743,129342,254779,0,0,0,0,0.0590726
1089704,18,1,182650,49262,43327,133388,260227,0,0,0,0,0.0554644
1089709,18,1,183278,49673,43745,133605,262705,0,0,0,0,0.0554861
1089722,36,1,183641,49848,43356,133793,267082,0,0,0,0,0.0685472
1089725,36,1,206083,57390,50382,148693,308806,0,0,0,0,0.0641472
1089728,36,1,202441,56267,49241,146174,303072,0,0,0,0,0.07022
1089750,18,1,192242,52057,45660,140185,276064,0,0,0,0,0.0826714
1089751,18,1,179564,48387,41937,131177,256174,0,0,0,0,0.0585138
1089752,18,1,172081,46834,40604,125247,250328,0,0,0,0,0.0569
1089753,18,1,159881,42760,37217,117121,228214,0,0,0,0,0.079206
1089754,18,1,189468,51154,45504,138314,269816,0,0,0,0,0.0630188
1089755,18,1,199506,55420,48325,144086,296802,0,0,0,0,0.0613836
1089756,18,1,185469,50335,44034,135134,268520,0,0,0,0,0.0784221
1089757,18,1,184780,50337,44010,134443,268748,0,0,0,0,0.0712427
1089758,18,1,195873,54166,47278,141707,289744,0,0,0,0,0.0603942
1089759,18,1,189149,51158,45061,137991,269972,0,0,0,0,0.0569934
1090030,18,1,192074,52160,45926,139914,277383,0,0,0,0,0.0871907
1090031,18,1,172431,46809,41044,125622,248852,0,0,0,0,0.0578528
1090032,18,1,178311,49244,42724,129067,264931,0,0,0,0,0.0627809
1090033,18,1,177202,48726,42294,128476,261933,0,0,0,0,0.0664295
1090034,18,1,178676,48405,42620,130271,256093,0,0,0,0,0.0585729
1090035,18,1,200024,55719,49162,144305,299542,0,0,0,0,0.0661269
1090036,18,1,198857,55266,48757,143591,297413,0,0,0,0,0.0689803
1090037,18,1,192816,53496,46791,139320,287749,0,0,0,0,0.0632946
1090038,18,1,196971,54710,47922,142261,293997,0,0,0,0,0.0629913
1090039,18,1,178368,48392,42567,129976,256093,0,0,0,0,0.0621856
1090280,36,1,200207,54736,47362,145471,291343,0,0,0,0,0.0780768
1090281,36,1,189291,51295,44109,137996,272553,0,0,0,0,0.0560757
1090282,36,1,178199,49021,41978,129178,263625,0,0,0,0,0.0557526
1090283,36,1,185505,50882,43931,134623,272938,0,0,0,0,0.0576373
1090284,36,1,200401,54714,47822,145687,289992,0,0,0,0,0.0588404
1090285,36,1,202402,56458,49119,145944,303591,0,0,0,0,0.058602
1090286,36,1,207465,57701,50303,149764,309692,0,0,0,0,0.0600339
1090287,36,1,208062,57797,50616,150265,310095,0,0,0,0,0.0596658
1090288,36,1,198733,55501,47979,143232,298752,0,0,0,0,0.0611895
1090289,36,1,203551,55779,48557,147772,295874,0,0,0,0,0.0607891
1090300,36,1,198607,54465,47314,144142,290128,0,0,0,0,0.0778823
1090301,36,1,182178,49158,42222,133020,260701,0,0,0,0,0.055739
1090302,36,1,182556,50511,43257,132045,271243,0,0,0,0,0.0604137
1090303,36,1,172887,46706,40349,126181,249217,0,0,0,0,0.0545055
1090304,36,1,194541,52993,46490,141548,280491,0,0,0,0,0.056931
1090305,36,1,203570,56543,49037,147027,303137,0,0,0,0,0.0586524
1090306,36,1,194164,53273,46384,140891,284687,0,0,0,0,0.0567637
1090307,36,1,193356,53180,46401,140176,284346,0,0,0,0,0.0571564
1090308,36,1,201410,56111,48719,145299,301244,0,0,0,0,0.0590427
1090309,36,1,195803,53403,46526,142400,282598,0,0,0,0,0.0568347
1090640,18,1,196042,53523,47195,142519,283026,0,0,0,0,0.0638066
1090641,18,1,196375,53580,47259,142795,283256,0,0,0,0,0.0728871
1090644,18,1,174555,47342,41676,127213,249621,0,0,0,0,0.0628041
1090649,18,1,170526,46917,40686,123609,249896,0,0,0,0,0.0805387
1090662,36,1,180564,48791,42482,131773,258522,0,0,0,0,0.0867569
1090665,36,1,199760,55542,48936,144218,296281,0,0,0,0,0.0756383
1090668,36,1,191528,52983,46352,138545,283005,0,0,0,0,0.0646466
1090700,18,1,197726,53959,47595,143767,285425,0,0,0,0,0.069554
1090701,18,1,198081,54025,47667,144056,285709,0,0,0,0,0.0754896
1090704,18,1,175317,47511,41877,127806,250426,0,0,0,0,0.0671367
1090709,18,1,171197,47267,40885,123930,252043,0,0,0,0,0.0637019
1090722,36,1,181258,48981,42685,132277,259491,0,0,0,0,0.0682085
1090725,36,1,200479,55885,49195,144594,298261,0,0,0,0,0.065577
1090728,36,1,192600,53392,46666,139208,285264,0,0,0,0,0.0621449
1090750,18,1,193317,53634,46911,139683,286881,0,0,0,0,0.0692009
1090751,18,1,193578,53653,47020,139925,286815,0,0,0,0,0.0676186
1090754,18,1,201160,55050,48341,146110,291757,0,0,0,0,0.0644298
1090759,18,1,203752,56225,49205,147527,299039,0,0,0,0,0.0671519
1090772,36,1,174096,47735,41516,126361,255818,0,0,0,0,0.0638457
1090775,36,1,209550,58210,50868,151340,312193,0,0,0,0,0.0669232
1090778,36,1,211075,59074,51684,152001,317535,0,0,0,0,0.0648989
1090790,18,1,191431,52713,46161,138718,281180,0,0,0,0,0.116818
1090791,18,1,176951,48149,42018,128802,256240,0,0,0,0,0.0691273
1090794,18,1,188486,51596,45593,136890,273633,0,0,0,0,0.0784585
1090799,18,1,190045,52301,45875,137744,277757,0,0,0,0,0.0722134
1090812,36,1,186121,51390,45095,134731,276159,0,0,0,0,0.0716382
1090815,36,1,209700,59034,52414,150666,317995,0,0,0,0,0.0785312
1090818,36,1,205710,57787,50870,147923,310892,0,0,0,0,0.0959403
1090820,18,1,192708,53141,46490,139567,283550,0,0,0,0,0.129908
1090821,18,1,177030,48313,42195,128717,257284,0,0,0,0,0.0681073
1090824,18,1,188430,51673,45605,136757,274197,0,0,0,0,0.078235
1090829,18,1,189988,52372,45909,137616,278243,0,0,0,0,0.0671598
1090842,36,1,174753,47934,41839,126819,257933,0,0,0,0,0.0655978
1090845,36,1,201623,56429,49738,145194,304430,0,0,0,0,0.069222
1090848,36,1,193614,54107,47434,139507,291647,0,0,0,0,0.0688884
1090870,18,1,151710,39928,34602,111782,211995,0,0,0,0,0.0828363
1090871,18,1,158278,42781,36905,115497,229389,0,0,0,0,0.0863465
1090872,18,1,158058,42698,36894,115360,228890,0,0,0,0,0.091648
1090873,18,1,137304,36387,31642,100917,194120,0,0,0,0,0.071065
1090874,18,1,179938,49842,43805,130096,268452,0,0,0,0,0.083947
1090875,18,1,179873,49809,43774,130064,268265,0,0,0,0,0.0924784
1090876,18,1,157429,42239,37305,115190,225296,0,0,0,0,0.0802634
1090877,18,1,155810,41691,36570,114119,221869,0,0,0,0,0.0714406
1090878,18,1,177063,48571,42669,128492,260836,0,0,0,0,0.0763419
1090879,18,1,177302,48669,42715,128633,261401,0,0,0,0,0.0647246
1091150,18,1,180571,48581,42317,131990,257667,0,0,0,0,0.0937127
1091151,18,1,177217,47927,41175,129290,254839,0,0,0,0,0.0939191
1091152,18,1,176974,47867,41141,129107,254522,0,0,0,0,0.0753697
1091153,18,1,164061,44100,37603,119961,234509,0,0,0,0,0.0787744
1091154,18,1,198028,54693,47838,143335,292802,0,0,0,0,0.0962789
1091155,18,1,197912,54658,47803,143254,292603,0,0,0,0,0.0684753
1091156,18,1,181749,49303,42795,132446,262133,0,0,0,0,0.0667915
1091157,18,1,176521,47447,40716,129074,251705,0,0,0,0,0.067255
1091158,18,1,197767,54539,47457,143228,291589,0,0,0,0,0.0840502
1091159,18,1,197623,54507,47452,143116,291396,0,0,0,0,0.0804875
1091420,36,1,174369,47512,41256,126857,254648,0,0,0,0,0.0884595
1091421,36,1,167618,46032,39257,121586,247678,0,0,0,0,0.0708253
1091422,36,1,167469,46002,39252,121467,247521,0,0,0,0,0.0695181
1091423,36,1,154755,42478,36503,112277,228625,0,0,0,0,0.0561573
1091424,36,1,190171,53579,46582,136592,289882,0,0,0,0,0.0816476
1091425,36,1,189969,53518,46553,136451,289542,0,0,0,0,0.0632573
1091426,36,1,171195,47044,40864,124151,252577,0,0,0,0,0.0554429
1091427,36,1,168923,46142,39699,122781,247271,0,0,0,0,0.0640398
1091428,36,1,186657,52291,45202,134366,282549,0,0,0,0,0.0596752
1091429,36,1,186645,52297,45216,134348,282585,0,0,0,0,0.0605034
1091990,18,1,167836,44576,38373,123260,236417,0,0,0,0,0.096271
1091991,18,1,160900,42907,36782,117993,228460,0,0,0,0,0.0826426
1091992,18,1,160802,42871,36751,117931,228239,0,0,0,0,0.0709394
1091993,18,1,157181,42414,36066,114767,226751,0,0,0,0,0.0672702
1091994,18,1,185976,51021,44355,134955,273793,0,0,0,0,0.0737761
1091995,18,1,185858,50951,44313,134907,273339,0,0,0,0,0.0803727
1091996,18,1,171135,46397,40211,124738,247656,0,0,0,0,0.0642804
1091997,18,1,167234,45088,38561,122146,240268,0,0,0,0,0.0702692
1091998,18,1,184649,51142,44383,133507,275310,0,0,0,0,0.0789291
1091999,18,1,184481,51112,44371,133369,275145,0,0,0,0,0.0743265
1093400,3,1,161522,42711,37937,118811,221508,0,0,0,0,0.0745645
1093401,9,1,152922,40967,35810,111955,213337,0,0,0,0,0.053337
1093404,9,1,165011,43855,38249,121156,226297,0,0,0,0,0.0512263
1093409,9,1,150919,39845,35304,111074,205603,0,0,0,0,0.0470746
1093410,3,1,162718,42959,38199,119759,222571,0,0,0,0,0.0738911
1093411,9,1,154004,41187,36054,112817,214269,0,0,0,0,0.0557629
1093414,9,1,166274,44101,38458,122173,227329,0,0,0,0,0.0528902
1093419,9,1,152043,40063,35516,111980,206496,0,0,0,0,0.0508803
1093420,3,1,171096,44496,38400,126600,229875,0,0,0,0,0.0878054
1093421,9,1,154258,40808,34590,113450,212536,0,0,0,0,0.0610356
1093424,9,2,175466,47153,41020,128302,246109,1,0,0,0,0.145534
1093429,9,2,175746,47285,41117,128449,246801,1,0,0,0,0.140093
1093430,3,1,170901,44453,38382,126448,229674,0,0,0,0,0.0836098
1093431,9,1,180932,47159,41021,133773,241704,0,0,0,0,0.0603147
1093434,9,2,208833,57443,49774,151377,302252,1,0,0,0,0.140174
1093439,9,2,204048,55936,48438,148099,293875,1,0,0,0,0.145365
1093440,9,1,146382,38025,31949,108357,196864,0,0,0,0,0.0548727
1093441,9,2,157292,41441,35211,115839,215410,1,0,0,0,0.17566
1093442,18,2,158701,41491,34758,117198,216162,1,0,0,0,0.148678
1093444,9,2,205002,56644,48775,148346,298104,1,0,0,0,0.191479
1093445,18,2,165833,44262,37878,121558,231203,1,0,0,0,0.148693
1093448,18,2,159697,42221,36274,117463,219804,1,0,0,0,0.134848
1093449,9,2,202834,55295,48005,147526,288994,1,0,0,0,0.182614
1093470,3,1,166430,43881,38897,122549,226711,0,0,0,0,0.0819782
1093471,9,1,148466,38743,33846,109723,200173,0,0,0,0,0.0551591
1093474,9,1,165243,42856,37719,122387,219493,0,0,0,0,0.0504772
1093479,9,1,146694,37844,32888,108850,193154,0,0,0,0,0.0521713
1093480,3,1,189519,51099,44766,138420,265937,0,0,0,0,0.0894279
1093481,9,1,172175,45979,39466,126196,238556,0,0,0,0,0.0810462
1093484,9,2,171439,46629,40587,124797,243922,1,0,0,0,0.141422
1093489,9,2,175194,47772,41511,127411,250495,1,0,0,0,0.121001
1093490,3,1,189229,51031,44720,138198,265556,0,0,0,0,0.100962
1093491,9,2,172348,46654,40330,125683,244102,1,0,0,0,0.184454
1093494,9,2,169549,45403,39210,124135,236595,1,0,0,0,0.180107
1093499,9,2,166861,44884,38467,121964,234831,1,0,0,0,0.165327
1093500,9,1,167761,44766,37928,122995,232717,0,0,0,0,0.0586783
1093501,9,2,171465,46492,40085,124961,243434,1,0,0,0,0.142923
1093502,18,2,285852,79138,68316,206701,415925,1,0,0,0,0.174548
1093504,9,1,186117,50798,44818,135319,265083,0,0,0,0,0.0762514
1093505,18,2,166188,44639,38307,121536,232871,1,0,0,0,0.152994
1093508,18,1,196202,53686,46384,142516,280884,0,0,0,0,0.0558917
1093509,9,1,183299,50090,44085,133209,262742,0,0,0,0,0.0573345
1093530,3,1,181964,49790,43451,132174,261913,0,0,0,0,0.0846051
1093531,9,1,164231,44425,38099,119806,232770,0,0,0,0,0.0596872
1093534,9,2,167159,45013,39160,122133,235195,1,0,0,0,0.127511
1093539,9,2,169839,46039,40083,123789,241339,1,0,0,0,0.126695
1093540,3,1,182070,49816,43500,132254,262016,0,0,0,0,0.0740766
1093541,9,2,167638,45396,39387,122231,238201,1,0,0,0,0.12767
1093544,9,2,165043,43984,37962,121048,229545,1,0,0,0,0.126903
1093549,9,2,167514,45135,38872,122366,236675,1,0,0,0,0.144765
1093550,9,1,157885,42498,36295,115387,222725,0,0,0,0,0.0629555
1093551,9,2,170197,46030,39864,124155,241620,1,0,0,0,0.126345
1093554,9,1,196183,53359,47031,142824,277258,0,0,0,0,0.0611483
1093555,18,2,161356,43342,37318,118001,226796,1,0,0,0,0.12148
1093558,18,1,200704,55066,47757,145638,288543,0,0,0,0,0.0576208
1093559,9,1,189956,51628,45744,138328,270158,0,0,0,0,0.0620414
1093562,18,2,282474,78787,68335,203674,417177,1,0,0,0,0.177265
1093580,3,1,168121,45526,39926,122595,239176,0,0,0,0,0.096416
1093581,9,2,157316,42174,36473,115132,220813,1,0,0,0,0.166694
1093584,9,2,165213,44592,38672,120610,233392,1,0,0,0,0.14388
1093589,9,1,163678,43602,37911,120076,227736,0,0,0,0,0.0636261
1093590,9,1,146555,39546,34176,107009,207759,0,0,0,0,0.0733579
1093591,9,2,160778,43677,37333,117089,229542,1,0,0,0,0.151421
1093594,9,2,166188,45039,38654,121137,236160,1,0,0,0,0.133313
1093599,9,2,302701,82855,71395,219834,434860,1,0,0,0,0.192928
1093602,18,2,162819,44136,37962,118671,231723,1,0,0,0,0.154239
1093605,18,2,168810,46102,39741,122696,242332,1,0,0,0,0.167289
1093608,18,1,181859,49683,43049,132176,261765,0,0,0,0,0.055152
1093620,9,1,159872,42737,37125,117135,222544,0,0,0,0,0.0692381
1093621,9,1,169315,45695,39514,123620,238658,0,0,0,0,0.0613458
1093624,9,1,175969,47138,40648,128831,245253,0,0,0,0,0.0779411
1093629,9,1,179271,48396,41379,130875,253207,0,0,0,0,0.0938648
1093642,18,2,158533,42903,36912,115619,225319,1,0,0,0,0.158955
1093645,18,2,163097,44841,38533,118245,236019,1,0,0,0,0.140447
1093648,18,2,150668,40149,34023,110507,209692,1,0,0,0,0.165634
1093670,9,1,151995,40378,35161,111617,209554,0,0,0,0,0.0818926
1093671,9,1,167720,45205,39185,122515,235428,0,0,0,0,0.0543125
1093672,9,2,157164,42346,36266,114806,222344,1,0,0,0,0.171768
1093673,9,2,159537,43124,37237,116401,226246,1,0,0,0,0.158377
1093674,9,2,179110,48765,41724,130332,253952,1,0,0,0,0.128853
1093675,9,2,163472,44617,38295,118842,234508,1,0,0,0,0.128102
1093676,9,2,163408,44236,37957,119160,231982,1,0,0,0,0.153719
1093677,9,2,152144,40595,34110,111537,212241,1,0,0,0,0.148544
1093678,9,2,154243,40925,35036,113306,213426,1,0,0,0,0.158922
1093679,9,1,185653,50101,43091,135552,261691,0,0,0,0,0.0566402
1093680,3,1,161215,42261,37552,118954,218451,0,0,0,0,0.108495
1093681,9,1,154524,41128,35938,113396,213689,0,0,0,0,0.081899
1093684,9,1,165833,43848,38270,121985,225903,0,0,0,0,0.0663716
1093689,9,1,152377,40096,35436,112281,206701,0,0,0,0,0.0546943
1093690,3,1,162350,42503,37829,119847,219513,0,0,0,0,0.076193
1093691,9,1,155319,41317,36156,114002,214591,0,0,0,0,0.0591863
1093694,9,1,166965,44078,38489,122887,226894,0,0,0,0,0.0639492
1093699,9,1,153635,40324,35674,113311,207579,0,0,0,0,0.0615057
1093700,3,1,172145,44570,38523,127575,229761,0,0,0,0,0.1213
1093701,9,1,155575,40928,34677,114647,212714,0,0,0,0,0.0697
1093704,9,2,176663,47289,41109,129363,246386,1,0,0,0,0.164584
1093709,9,2,176957,47471,41290,129474,247452,1,0,0,0,0.158846
1093710,3,1,171948,44527,38507,127421,229563,0,0,0,0,0.0952533
1093711,9,1,183253,47639,41414,135614,243912,0,0,0,0,0.0837763
1093714,9,2,208994,57230,49587,151751,300652,1,0,0,0,0.156737
1093719,9,2,204628,55909,48487,148706,293318,1,0,0,0,0.149049
1093720,9,1,146368,37868,31931,108500,195725,0,0,0,0,0.0568401
1093721,9,2,157315,41238,35071,116065,214030,1,0,0,0,0.166165
1093722,18,2,158884,41362,34675,117510,215177,1,0,0,0,0.149424
1093724,9,2,205107,56319,48579,148776,295664,1,0,0,0,0.15829
1093725,18,2,166310,44142,37748,122155,230054,1,0,0,0,0.126267
1093728,18,2,159699,41951,35982,117735,217820,1,0,0,0,0.141382
1093729,9,2,201733,54772,47495,146948,285787,1,0,0,0,0.158361
1093750,3,1,168018,44199,39189,123819,228054,0,0,0,0,0.0825753
1093751,9,1,150922,39274,34383,111648,202499,0,0,0,0,0.0554645
1093754,9,1,166182,43049,37979,123133,220311,0,0,0,0,0.0562537
1093759,9,1,147520,37899,32818,109621,193201,0,0,0,0,0.050312
1093760,3,1,190609,51193,44865,139416,266017,0,0,0,0,0.0780553
1093761,9,1,172979,46085,39502,126894,238872,0,0,0,0,0.0634107
1093764,9,2,175109,47453,41318,127643,247945,1,0,0,0,0.174703
1093769,9,2,175910,47651,41464,128248,249357,1,0,0,0,0.173536
1093770,3,1,190350,51133,44817,139217,265676,0,0,0,0,0.0998493
1093771,9,2,172740,46522,40330,126207,242958,1,0,0,0,0.127197
1093774,9,2,170001,45334,39198,124656,235845,1,0,0,0,0.12605
1093779,9,2,168345,45105,38652,123227,235691,1,0,0,0,0.124278
1093780,9,1,168793,44895,37964,123898,233044,0,0,0,0,0.0717
1093781,9,2,170724,46066,39791,124646,240730,1,0,0,0,0.168526
1093782,18,2,257266,70834,61246,186419,372060,1,0,0,0,0.159165
1093784,9,1,187187,51078,45026,136109,266462,0,0,0,0,0.0717249
1093785,18,2,165876,44335,38124,121528,230961,1,0,0,0,0.149818
1093788,18,1,196544,53578,46393,142966,279951,0,0,0,0,0.0548054
1093789,9,1,183590,49903,43990,133687,261351,0,0,0,0,0.0552107
1093810,3,1,182616,49752,43506,132864,261315,0,0,0,0,0.0749218
1093811,9,1,164901,44549,38125,120352,233379,0,0,0,0,0.066584
1093814,9,2,170233,45715,39699,124505,238676,1,0,0,0,0.161428
1093819,9,2,171101,46050,40123,125040,240802,1,0,0,0,0.133137
1093820,3,1,182742,49781,43553,132961,261430,0,0,0,0,0.108414
1093821,9,2,168046,45206,39260,122829,236682,1,0,0,0,0.156554
1093824,9,2,165756,43973,37988,121772,229142,1,0,0,0,0.131461
1093829,9,2,168642,45263,39032,123366,237094,1,0,0,0,0.127248
1093830,9,1,158816,42643,36389,116173,223363,0,0,0,0,0.0537236
1093831,9,2,168977,45482,39534,123483,238259,1,0,0,0,0.171399
1093834,9,1,197350,53688,47174,143662,278923,0,0,0,0,0.0614617
1093835,18,2,161497,43172,37207,118312,225535,1,0,0,0,0.126553
1093838,18,1,201188,55044,47824,146144,288092,0,0,0,0,0.0579623
1093839,9,1,190201,51338,45498,138863,268026,0,0,0,0,0.0611978
1093842,18,2,254394,70463,61333,183918,372286,1,0,0,0,0.170239
1093860,3,1,169091,45778,40214,123313,240361,0,0,0,0,0.108547
1093861,9,2,157722,41966,36299,115746,219188,1,0,0,0,0.150218
1093864,9,2,165740,44406,38442,121323,231892,1,0,0,0,0.135754
1093869,9,1,165762,44155,38440,121607,230556,0,0,0,0,0.0753561
1093870,9,1,147806,39876,34612,107930,209398,0,0,0,0,0.0648849
1093871,9,2,161583,43601,37296,117970,228672,1,0,0,0,0.135323
1093874,9,2,166153,44644,38314,121497,233367,1,0,0,0,0.131518
1093879,9,2,303403,82649,71212,220742,433181,1,0,0,0,0.171453
1093882,18,2,163113,43915,37816,119186,230108,1,0,0,0,0.138203
1093885,18,2,169111,45857,39637,123242,240509,1,0,0,0,0.135121
1093888,18,1,183526,49960,43266,133566,262849,0,0,0,0,0.0626551
1093900,9,1,162328,43381,37711,118947,225831,0,0,0,0,0.0614012
1093901,9,1,170936,45980,39750,124956,239912,0,0,0,0,0.0535887
1093904,9,1,177653,47470,40955,130183,246804,0,0,0,0,0.0592359
1093909,9,1,180371,48392,41534,131979,252614,0,0,0,0,0.064108
1093922,18,2,159441,42808,36647,116622,224347,1,0,0,0,0.125365
1093925,18,2,163629,44632,38166,118986,234399,1,0,0,0,0.133039
1093928,18,2,152339,40371,34042,111956,210544,1,0,0,0,0.136241
1093950,9,1,153856,40859,35588,112997,212026,0,0,0,0,0.0770035
1093951,9,1,168782,45403,39349,123379,236321,0,0,0,0,0.0551877
1093952,9,2,157489,42090,35866,115387,220511,1,0,0,0,0.156718
1093953,9,2,160617,42970,37047,117635,224684,1,0,0,0,0.156887
1093954,9,2,177404,47933,40965,129458,248970,1,0,0,0,0.134829
1093955,9,2,164033,44381,38000,119639,232719,1,0,0,0,0.17516
1093956,9,2,164996,44230,37911,120754,231163,1,0,0,0,0.154377
1093957,9,2,153172,40668,34122,112492,212374,1,0,0,0,0.164696
1093958,9,2,155829,41103,35117,114714,213972,1,0,0,0,0.130194
1093959,9,1,186819,50300,43290,136519,262563,0,0,0,0,0.0572685
1093960,3,1,171042,46178,40504,124864,243646,0,0,0,0,0.0816693
1093961,9,1,154984,42426,36739,112558,224737,0,0,0,0,0.0574222
1093964,9,1,169352,45945,39958,123407,241041,0,0,0,0,0.0557126
1093969,9,1,154628,41519,36299,113109,217422,0,0,0,0,0.0506942
1093970,3,1,172754,46691,40881,126063,246457,0,0,0,0,0.0814667
1093971,9,1,156699,42923,37112,113776,227437,0,0,0,0,0.0585529
1093974,9,1,170918,46394,40347,124524,243459,0,0,0,0,0.0541226
1093979,9,1,157124,42174,36730,114950,220910,0,0,0,0,0.0544455
1093980,3,1,170430,44865,38545,125565,234701,0,0,0,0,0.125235
1093981,9,1,152071,40656,34584,111415,213951,0,0,0,0,0.06493
1093984,9,2,183700,50756,43870,132932,269311,1,0,0,0,0.190637
1093989,9,2,176749,48681,42053,128056,258216,1,0,0,0,0.187786
1093990,3,1,170316,44844,38536,125472,234613,0,0,0,0,0.111884
1093991,9,1,174224,45970,39996,128254,238887,0,0,0,0,0.0640722
1093994,9,1,205556,57301,50180,148255,303833,0,0,0,0,0.0719082
1093999,9,1,204936,57044,49934,147892,301823,0,0,0,0,0.0966718
1094000,9,1,142449,37517,31664,104932,196890,0,0,0,0,0.0890019
1094001,9,2,145952,38788,32616,107152,205180,1,0,0,0,0.170435
1094002,18,2,153279,40633,34190,112634,214733,1,0,0,0,0.157849
1094004,9,2,264744,74821,65429,189911,400722,1,0,0,0,0.199161
1094005,18,2,357921,99093,85933,258816,526364,1,0,0,0,0.200866
1094008,18,2,358196,99698,86050,258486,529631,1,0,0,0,0.237815
1094009,9,2,250617,69973,61344,180632,371875,1,0,0,0,0.201525
1094030,3,1,185710,49134,43486,136576,254207,0,0,0,0,0.0927806
1094031,9,1,163626,43428,37804,120198,225569,0,0,0,0,0.0824644
1094034,9,2,285501,76582,66114,208907,394157,1,0,0,0,0.193587
1094039,9,1,166128,43174,37747,122954,221184,0,0,0,0,0.0769253
1094040,3,1,198691,53847,47040,144844,283457,0,0,0,0,0.10153
1094041,9,1,173166,46498,39525,126668,244636,0,0,0,0,0.0609723
1094044,9,1,192622,52469,45495,140153,274410,0,0,0,0,0.0688918
1094049,9,2,314141,86758,75707,227371,456475,1,0,0,0,0.225434
1094050,3,1,198609,53834,47031,144775,283424,0,0,0,0,0.104961
1094051,9,1,196457,52519,45407,143938,273202,0,0,0,0,0.069972
1094054,9,1,221657,61336,53863,160321,323181,0,0,0,0,0.0759542
1094059,9,1,201044,54536,47242,146508,285232,0,0,0,0,0.0821717
1094060,9,1,176767,47726,40573,129041,251566,0,0,0,0,0.0852763
1094061,9,1,201131,54267,46609,146864,282416,0,0,0,0,0.0677881
1094062,18,1,198527,53519,46536,145008,280397,0,0,0,0,0.0743208
1094064,9,1,213417,58583,51138,154834,306303,0,0,0,0,0.0824414
1094065,18,1,219506,60790,52735,158716,319643,0,0,0,0,0.0641078
1094068,18,1,205876,55827,48537,150049,291311,0,0,0,0,0.0587953
1094069,9,1,221389,60956,53844,160433,319316,0,0,0,0,0.0664938
1094090,3,1,199250,54433,47852,144817,287399,0,0,0,0,0.0753528
1094091,9,1,173732,46870,40034,126862,246958,0,0,0,0,0.0755577
1094094,9,1,195122,53055,46121,142067,277762,0,0,0,0,0.0840554
1094099,9,2,182222,49027,42531,133182,256085,1,0,0,0,0.149719
1094100,3,1,198600,54251,47807,144349,286327,0,0,0,0,0.0927307
1094101,9,1,196814,52597,45431,144217,272763,0,0,0,0,0.0866305
1094104,9,1,219050,60313,53051,158737,317132,0,0,0,0,0.0812356
1094109,9,1,201413,54575,47489,146838,285550,0,0,0,0,0.0581094
1094110,9,1,178852,48427,41415,130425,255212,0,0,0,0,0.0582327
1094111,9,1,198741,53352,45878,145389,277984,0,0,0,0,0.0571529
1094114,9,1,220855,61105,53525,159750,319094,0,0,0,0,0.0807594
1094115,18,1,219026,60477,52170,158549,317362,0,0,0,0,0.0646269
1094118,18,1,205992,55753,48158,150239,291985,0,0,0,0,0.0598419
1094119,9,1,207478,57075,50502,150403,301017,0,0,0,0,0.078942
1094122,18,1,197492,53259,46286,144233,279050,0,0,0,0,0.0798837
1094140,3,1,187542,49802,44022,137740,257947,0,0,0,0,0.0980604
1094141,9,1,218657,60645,53506,158012,317931,0,0,0,0,0.0696558
1094144,9,1,229089,63880,56467,165209,334349,0,0,0,0,0.0756695
1094149,9,1,181321,47659,41827,133662,245571,0,0,0,0,0.0832336
1094150,9,1,164997,43982,38448,121015,228636,0,0,0,0,0.073991
1094151,9,1,221038,61463,53667,159575,324924,0,0,0,0,0.0623181
1094154,9,1,214216,59252,51861,154964,312424,0,0,0,0,0.0621813
1094159,9,2,323111,88838,77106,234261,467207,1,0,0,0,0.18823
1094162,18,1,222977,62414,54679,160563,329560,0,0,0,0,0.0657015
1094165,18,1,223783,62508,54422,161275,329296,0,0,0,0,0.0699913
1094168,18,1,204989,56161,48734,148828,294585,0,0,0,0,0.0667295
1094180,9,2,265457,70962,61200,194483,365568,1,0,0,0,0.159252
1094181,9,1,196897,54262,46974,142635,284691,0,0,0,0,0.0691833
1094184,9,1,196950,54175,46981,142775,284403,0,0,0,0,0.0573374
1094189,9,1,178920,49086,41953,129834,260305,0,0,0,0,0.0805422
1094202,18,1,222424,61789,53766,160635,325594,0,0,0,0,0.0782232
1094205,18,1,218222,60393,52495,157829,318458,0,0,0,0,0.0690963
1094208,18,1,203211,55403,48235,147808,290282,0,0,0,0,0.0895764
1094230,9,1,167318,43628,38131,123690,223837,0,0,0,0,0.0677303
1094231,9,2,293367,81167,70926,212188,428065,1,0,0,0,0.176087
1094232,9,1,204982,56192,49168,148790,294829,0,0,0,0,0.0722913
1094233,9,1,228663,63420,56099,165243,333085,0,0,0,0,0.10163
1094234,9,2,183693,49470,43027,134210,258327,1,0,0,0,0.2018
1094235,9,1,205066,56179,49009,148887,294766,0,0,0,0,0.072682
1094236,9,1,213558,59256,52414,154302,313847,0,0,0,0,0.065539
1094237,9,1,179507,47317,41454,132190,244189,0,0,0,0,0.0538192
1094238,9,2,320868,87587,75687,233269,459365,1,0,0,0,0.191378
1094239,9,1,176498,48374,41386,128124,256757,0,0,0,0,0.07412
1094240,3,1,160920,42499,37487,118421,222638,0,0,0,0,0.159532
1094241,9,1,144316,38357,33347,105959,200994,0,0,0,0,0.0849096
1094244,9,1,164109,43603,38116,120506,226750,0,0,0,0,0.0755789
1094249,9,1,156366,41222,36175,115144,214143,0,0,0,0,0.100195
1094250,3,1,154968,40850,35884,114118,213102,0,0,0,0,0.120562
1094251,9,1,142377,37607,32552,104770,196384,0,0,0,0,0.0658653
1094254,9,1,159075,41584,36460,117491,214895,0,0,0,0,0.0574704
1094259,9,1,141728,36750,32145,104978,189868,0,0,0,0,0.0841907
1094260,3,1,181371,49000,42281,132371,257927,0,0,0,0,0.0926393
1094261,9,2,183768,50052,42708,133703,266292,1,0,0,0,0.172275
1094264,9,2,186608,51429,44097,135166,271703,1,0,0,0,0.157961
1094269,9,1,176070,48070,42191,128000,253250,0,0,0,0,0.0581237
1094270,3,1,181219,48949,42253,132270,257638,0,0,0,0,0.0892506
1094271,9,2,194888,53186,45445,141690,282363,1,0,0,0,0.180734
1094274,9,2,188781,52117,45374,136651,275817,1,0,0,0,0.179582
1094279,9,1,178934,49382,42839,129552,261912,0,0,0,0,0.0648089
1094280,9,1,152055,40446,33925,111609,212721,0,0,0,0,0.0591941
1094281,9,1,187390,49804,43077,137586,258051,0,0,0,0,0.0581097
1094282,18,1,178270,47524,41181,130746,247768,0,0,0,0,0.0589873
1094284,9,1,175999,48161,42380,127838,254097,0,0,0,0,0.0618889
1094285,18,1,186958,50928,44056,136030,268759,0,0,0,0,0.0622891
1094288,18,1,193941,53276,45676,140665,281092,0,0,0,0,0.0665705
1094289,9,1,183440,49985,43678,133455,264060,0,0,0,0,0.11495
1094310,3,1,165156,43675,38649,121481,226383,0,0,0,0,0.0810287
1094311,9,1,148031,38829,33818,109202,201118,0,0,0,0,0.052862
1094314,9,2,284547,75786,65633,208750,390670,1,0,0,0,0.18078
1094319,9,1,141480,36709,32316,104771,188220,0,0,0,0,0.0515209
1094320,3,1,200922,55622,49439,145300,294054,0,0,0,0,0.0953735
1094321,9,2,198390,54444,46916,143933,289341,1,0,0,0,0.170619
1094324,9,2,207698,56930,49275,150755,299255,1,0,0,0,0.168665
1094329,9,2,280912,77126,67552,203773,405876,1,0,0,0,0.224707
1094330,3,1,200371,55465,49317,144906,293183,0,0,0,0,0.104629
1094331,9,2,212420,58304,51075,154104,308167,1,0,0,0,0.234216
1094334,9,2,192946,53648,47129,139285,283744,1,0,0,0,0.204501
1094339,9,1,190700,51939,45566,138761,273196,0,0,0,0,0.0671031
1094340,9,1,172646,47228,40951,125418,249062,0,0,0,0,0.0665568
1094341,9,1,209990,56945,49648,153045,294895,0,0,0,0,0.0620845
1094342,18,1,193477,52080,45629,141397,270523,0,0,0,0,0.0611115
1094344,9,1,186072,50684,44889,135388,264619,0,0,0,0,0.0609836
1094345,18,1,208408,58005,50858,150403,306282,0,0,0,0,0.0677908
1094348,18,1,204867,56771,49199,148096,298550,0,0,0,0,0.0691671
1094349,9,1,190290,51639,45463,138651,270943,0,0,0,0,0.0829876
1094370,3,1,191137,51245,45220,139892,268049,0,0,0,0,0.103299
1094371,9,1,165647,44443,38449,121204,232740,0,0,0,0,0.080934
1094374,9,1,194408,52924,46163,141484,277758,0,0,0,0,0.0887875
1094379,9,2,189464,51578,44356,137873,270991,1,0,0,0,0.147308
1094380,3,1,191219,51275,45231,139944,268233,0,0,0,0,0.0893719
1094381,9,1,205480,54725,48156,150755,281602,0,0,0,0,0.0649006
1094384,9,1,209941,57890,50883,152051,304944,0,0,0,0,0.0858236
1094389,9,1,193204,52173,45369,141031,273234,0,0,0,0,0.08923
1094390,9,2,205412,57197,49724,148202,304457,1,0,0,0,0.243707
1094391,9,2,213338,59585,51921,153741,316258,1,0,0,0,0.16663
1094394,9,2,289683,80303,70287,209368,425032,1,0,0,0,0.201108
1094395,18,1,220379,60983,53311,159396,321657,0,0,0,0,0.0905164
1094398,18,1,200899,54792,47621,146107,287597,0,0,0,0,0.0643631
1094399,9,2,214517,59315,51778,155189,314258,1,0,0,0,0.197434
1094402,18,1,189200,50207,44123,138993,259339,0,0,0,0,0.0900694
1094420,3,1,166257,44175,39196,122082,229472,0,0,0,0,0.0798809
1094421,9,1,191135,52721,46773,138414,276306,0,0,0,0,0.0865816
1094424,9,2,269118,74802,65435,194304,397316,1,0,0,0,0.165661
1094429,9,1,185079,50025,44302,135054,260757,0,0,0,0,0.0778568
1094430,9,1,149592,39607,34571,109985,205740,0,0,0,0,0.0622312
1094431,9,2,186317,51827,45310,134477,274414,1,0,0,0,0.156935
1094434,9,1,206481,57072,49918,149409,301032,0,0,0,0,0.0940117
1094439,9,2,164157,44043,38366,120101,231743,1,0,0,0,0.178457
1094442,18,1,213790,60026,52343,153764,317308,0,0,0,0,0.0770794
1094445,18,1,224700,62973,55259,161727,332942,0,0,0,0,0.0626716
1094448,18,1,209204,57588,50059,151616,302067,0,0,0,0,0.0581397
1094460,9,2,263252,70208,60741,193033,362580,1,0,0,0,0.160445
1094461,9,2,198856,54315,46962,144528,285468,1,0,0,0,0.159196
1094464,9,1,198280,54130,47478,144150,284351,0,0,0,0,0.069366
1094469,9,1,181789,49887,43254,131902,263601,0,0,0,0,0.0640748
1094482,18,1,220962,61797,54224,159165,325818,0,0,0,0,0.0748034
1094485,18,1,206764,57528,50137,149236,303543,0,0,0,0,0.0675079
1094488,18,1,212130,58263,50672,153867,305247,0,0,0,0,0.0587588
1094510,9,1,140278,36368,31784,103910,186379,0,0,0,0,0.0461252
1094511,9,2,291812,79870,69898,211929,419519,1,0,0,0,0.202385
1094512,9,1,190928,52775,46526,138153,278422,0,0,0,0,0.0628931
1094513,9,1,202341,56443,50095,145898,298328,0,0,0,0,0.0864417
1094514,9,2,169525,45171,39134,124341,235760,1,0,0,0,0.131777
1094515,9,1,195092,53706,46907,141386,282734,0,0,0,0,0.0610591
1094516,9,2,212796,59113,51839,153670,314079,1,0,0,0,0.156775
1094517,9,1,182381,48797,42972,133584,253915,0,0,0,0,0.0567198
1094518,9,2,158281,42260,36372,116008,222392,1,0,0,0,0.146799
1094519,9,1,187439,52348,45274,135091,278386,0,0,0,0,0.0893744
1094520,3,1,161164,42560,37570,118604,222895,0,0,0,0,0.143259
1094521,9,1,144994,38527,33481,106467,201865,0,0,0,0,0.0883765
1094524,9,1,164852,43910,38470,120942,228584,0,0,0,0,0.0989805
1094529,9,1,157020,41301,36304,115719,214332,0,0,0,0,0.116084
1094530,3,1,154758,40748,35795,114010,212465,0,0,0,0,0.087322
1094531,9,1,142943,37712,32699,105231,196764,0,0,0,0,0.0665801
1094534,9,1,159062,41522,36422,117540,214462,0,0,0,0,0.0696516
1094539,9,1,141727,36828,32193,104899,190410,0,0,0,0,0.079236
1094540,3,1,173106,47517,40674,125589,252881,0,0,0,0,0.157668
1094541,9,1,153589,42401,36169,111188,226300,0,0,0,0,0.158422
1094544,9,1,181585,50021,43024,131564,264248,0,0,0,0,0.0852139
1094549,9,1,172477,47700,41657,124777,253178,0,0,0,0,0.0647719
1094550,3,1,173000,47479,40646,125521,252656,0,0,0,0,0.135034
1094551,9,2,285843,77952,66926,207879,413372,1,0,0,0,0.22744
1094554,9,2,320040,89189,77753,230839,473220,1,0,0,0,0.209271
1094559,9,1,184939,51416,44931,133523,273039,0,0,0,0,0.0672412
1094560,9,1,145793,39428,32850,106365,209452,0,0,0,0,0.0658411
1094561,9,1,180851,49000,42280,131851,257851,0,0,0,0,0.059457
1094562,18,1,171016,46469,40247,124547,246249,0,0,0,0,0.063959
1094564,9,1,197994,54546,48287,143448,286568,0,0,0,0,0.0687721
1094565,18,1,200252,55324,47754,144928,292547,0,0,0,0,0.0695287
1094568,18,1,197584,54598,47329,142986,288497,0,0,0,0,0.0838166
1094569,9,1,194348,53253,46938,141095,281246,0,0,0,0,0.119952
1094590,3,1,164980,43623,38626,121357,226069,0,0,0,0,0.0978126
1094591,9,1,148305,38906,33899,109399,201519,0,0,0,0,0.0727322
1094594,9,2,284716,75778,65560,208927,390494,1,0,0,0,0.18504
1094599,9,1,141128,36663,32274,104465,188082,0,0,0,0,0.0475848
1094600,3,1,198199,55254,48861,142945,294287,0,0,0,0,0.0953515
1094601,9,1,175528,48121,41458,127407,255235,0,0,0,0,0.0669261
1094604,9,2,317998,88349,76868,229636,466992,1,0,0,0,0.189884
1094609,9,2,275343,76115,66526,199215,402198,1,0,0,0,0.169282
1094610,3,1,197693,55125,48769,142568,293604,0,0,0,0,0.0903317
1094611,9,2,326599,90037,78720,236550,476435,1,0,0,0,0.196814
1094614,9,2,344399,95668,83871,248719,504950,1,0,0,0,0.204907
1094619,9,1,197462,54080,47085,143382,285255,0,0,0,0,0.0679892
1094620,9,1,166771,45849,39769,120922,243384,0,0,0,0,0.0644743
1094621,9,1,203400,55615,48784,147785,291445,0,0,0,0,0.0642828
1094622,18,1,186400,50572,44387,135828,266073,0,0,0,0,0.0615427
1094624,9,1,198942,54291,48413,144651,282253,0,0,0,0,0.0637096
1094625,18,1,214624,59832,52507,154792,315982,0,0,0,0,0.0688997
1094628,18,1,210133,57939,50178,152194,304603,0,0,0,0,0.0679953
1094629,9,1,202932,55241,48744,147691,290373,0,0,0,0,0.0878365
1094650,3,1,186908,50800,44438,136108,268707,0,0,0,0,0.0877564
1094651,9,1,161076,43735,37541,117341,231492,0,0,0,0,0.0631441
1094654,9,1,194249,53377,46211,140872,281568,0,0,0,0,0.0692751
1094659,9,2,183785,50065,43181,133707,263266,1,0,0,0,0.176353
1094660,3,1,187143,50821,44488,136322,268708,0,0,0,0,0.096193
1094661,9,1,198519,53620,47254,144899,279647,0,0,0,0,0.0652912
1094664,9,1,219047,60621,53088,158426,319774,0,0,0,0,0.0700759
1094669,9,1,200744,54462,47430,146282,285209,0,0,0,0,0.0680689
1094670,9,1,174804,47708,41023,127096,252708,0,0,0,0,0.0612816
1094671,9,2,318431,87439,75971,230980,462034,1,0,0,0,0.185403
1094674,9,2,290990,80119,70309,210859,423120,1,0,0,0,0.163432
1094675,18,1,226606,62342,54667,164264,328355,0,0,0,0,0.0630625
1094678,18,1,209681,57297,49891,152384,300510,0,0,0,0,0.0639592
1094679,9,2,220556,61143,53730,159400,323431,1,0,0,0,0.165978
1094682,18,1,184458,49498,43279,134960,259018,0,0,0,0,0.0737056
1094700,3,1,166020,44113,39158,121907,229136,0,0,0,0,0.0805906
1094701,9,1,206865,57156,50939,149709,298248,0,0,0,0,0.0672508
1094704,9,2,271170,75002,65646,196156,398168,1,0,0,0,0.176072
1094709,9,1,177761,47901,42101,129860,250847,0,0,0,0,0.0829708
1094710,9,1,149914,39696,34673,110218,206197,0,0,0,0,0.05449
1094711,9,2,334998,92907,81455,242079,490160,1,0,0,0,0.214873
1094714,9,1,215442,59906,52787,155536,316567,0,0,0,0,0.099863
1094719,9,2,158269,42245,36638,116011,222318,1,0,0,0,0.171403
1094722,18,1,221437,62261,54340,159176,329368,0,0,0,0,0.0701082
1094725,18,1,231775,65175,57307,166600,345255,0,0,0,0,0.0656385
1094728,18,1,200439,55662,48525,144777,294222,0,0,0,0,0.0608925
1094740,9,2,263776,70297,60722,193468,362916,1,0,0,0,0.16894
1094741,9,2,279463,77210,67117,202240,408156,1,0,0,0,0.182223
1094744,9,1,197892,54518,47571,143374,287784,0,0,0,0,0.065502
1094749,9,1,176831,49036,42028,127795,260938,0,0,0,0,0.0624516
1094762,18,1,225799,62930,55086,162869,331664,0,0,0,0,0.072524
1094765,18,1,214065,59478,51933,154587,313609,0,0,0,0,0.0625969
1094768,18,1,203508,56486,49568,147022,298622,0,0,0,0,0.0590618
1094790,9,1,139969,36330,31759,103639,186273,0,0,0,0,0.0471134
1094791,9,2,284960,78399,68353,206548,413562,1,0,0,0,0.166807
1094792,9,1,194950,53523,46701,141427,282227,0,0,0,0,0.0635048
1094793,9,1,210084,58723,52000,151361,310952,0,0,0,0,0.0896458
1094794,9,2,170011,45427,39062,124571,237680,1,0,0,0,0.140207
1094795,9,1,203376,56089,49157,147287,295359,0,0,0,0,0.0668526
1094796,9,2,218388,60730,53469,157645,322404,1,0,0,0,0.156339
1094797,9,1,175940,47194,41481,128746,247107,0,0,0,0,0.0568775
1094798,9,2,154249,41253,35392,112983,217785,1,0,0,0,0.147311
1094799,9,1,180256,50496,43132,129760,269917,0,0,0,0,0.0660243
1094800,3,1,162096,42506,36323,119590,223725,0,0,0,0,0.162559
1094801,9,1,152077,40868,34686,111209,216797,0,0,0,0,0.0989482
1094804,9,1,199341,56838,49521,142503,304363,0,0,0,0,0.103367
1094809,9,1,195813,55333,48159,140480,296102,0,0,0,0,0.111644
1094810,3,1,169555,44318,37515,125237,232334,0,0,0,0,0.11085
1094811,9,1,158887,42956,36126,115931,227944,0,0,0,0,0.0757883
1094814,9,1,196503,54783,47255,141720,291554,0,0,0,0,0.0698944
1094819,9,1,190094,52847,45268,137247,281824,0,0,0,0,0.0746484
1094820,3,1,169453,44295,37499,125158,232233,0,0,0,0,0.103324
1094821,9,1,158867,42965,36136,115902,228027,0,0,0,0,0.069498
1094824,9,1,196563,54788,47360,141775,291482,0,0,0,0,0.070368
1094829,9,1,189894,52791,45303,137103,281484,0,0,0,0,0.074921
1094830,3,1,165411,44725,38222,120686,237719,0,0,0,0,0.102024
1094831,9,1,198762,56013,48500,142749,299437,0,0,0,0,0.0779275
1094834,9,1,207734,58136,50277,149598,308930,0,0,0,0,0.07841
1094839,9,1,159439,43051,36746,116388,228983,0,0,0,0,0.072963
1094840,9,1,140143,38629,32537,101514,207102,0,0,0,0,0.0712136
1094841,9,1,187470,51806,44539,135664,276886,0,0,0,0,0.0769632
1094842,18,1,194099,54923,46961,139176,295524,0,0,0,0,0.0788497
1094844,9,1,199765,54818,47061,144947,290861,0,0,0,0,0.072659
1094845,18,1,202918,57186,49187,145732,306782,0,0,0,0,0.0775227
1094848,18,1,190362,53086,45647,137276,283118,0,0,0,0,0.0783444
1094849,9,1,180782,49179,42713,131603,260684,0,0,0,0,0.0979973
1094870,3,1,195963,54107,47190,141856,287320,0,0,0,0,0.102817
1094871,9,1,178577,49760,42864,128817,266000,0,0,0,0,0.0701892
1094874,9,1,204660,56805,49331,147855,300652,0,0,0,0,0.0688106
1094879,9,1,188219,51098,44346,137121,268959,0,0,0,0,0.0653965
1094880,3,1,195661,53972,47106,141689,286540,0,0,0,0,0.101893
1094881,9,1,178532,49767,42871,128765,266095,0,0,0,0,0.0706461
1094884,9,1,204856,56846,49428,148010,300760,0,0,0,0,0.0749425
1094889,9,1,188145,51093,44361,137052,268933,0,0,0,0,0.0673617
1094890,3,1,183971,49124,42381,134847,258586,0,0,0,0,0.117412
1094891,9,1,217490,60489,52613,157001,319965,0,0,0,0,0.0749369
1094894,9,1,224680,62291,54249,162389,328559,0,0,0,0,0.07689
1094899,9,1,170075,45420,38944,124655,238947,0,0,0,0,0.0670213
1094900,9,1,161685,43959,37828,117726,233133,0,0,0,0,0.0662853
1094901,9,1,202852,56809,49340,146043,303223,0,0,0,0,0.0739108
1094902,18,1,214900,61217,53251,153683,328695,0,0,0,0,0.0770002
1094904,9,1,212420,59027,51370,153393,313016,0,0,0,0,0.0704773
1094905,18,1,222781,63418,55401,159363,339696,0,0,0,0,0.079482
1094908,18,1,207687,58673,50782,149014,312563,0,0,0,0,0.0792756
1094909,9,1,198152,54997,47884,143155,292357,0,0,0,0,0.0939666
1094930,3,1,174633,46514,40223,128119,244717,0,0,0,0,0.0923202
1094931,9,1,152884,41261,34985,111623,218863,0,0,0,0,0.0651489
1094934,9,1,186755,51445,44118,135310,271067,0,0,0,0,0.0685907
1094939,9,1,202337,55285,47808,147052,291343,0,0,0,0,0.0674012
1094940,3,1,187425,50970,44287,136455,269859,0,0,0,0,0.0962953
1094941,9,1,208604,59170,52022,149434,316334,0,0,0,0,0.0732707
1094944,9,1,212435,59571,52076,152864,317173,0,0,0,0,0.0733907
1094949,9,1,199994,54238,46999,145756,285684,0,0,0,0,0.0665046
1094950,9,1,180964,50322,42981,130642,268406,0,0,0,0,0.0710315
1094951,9,1,205570,56513,48680,149057,298068,0,0,0,0,0.0727004
1094954,9,1,206209,57055,49853,149154,303117,0,0,0,0,0.0736343
1094955,18,1,228594,64577,56380,164017,345442,0,0,0,0,0.0738362
1094958,18,1,214063,59910,51865,154153,317909,0,0,0,0,0.0686864
1094959,9,1,213986,58689,50599,155297,309974,0,0,0,0,0.0739614
1094962,18,1,211745,59767,51534,151978,319976,0,0,0,0,0.0944412
1094980,3,1,187264,50913,44276,136351,269495,0,0,0,0,0.0987928
1094981,9,1,216960,60884,53518,156076,323344,0,0,0,0,0.0733582
1094984,9,1,210340,58936,51340,151404,313896,0,0,0,0,0.081639
1094989,9,1,191986,52282,45199,139704,276492,0,0,0,0,0.0768407
1094990,9,1,181085,50377,43035,130708,268702,0,0,0,0,0.0732468
1094991,9,1,212676,58389,50343,154287,307383,0,0,0,0,0.0750852
1094994,9,1,206463,56697,49625,149766,300384,0,0,0,0,0.078724
1094999,9,1,201216,55218,47678,145998,292783,0,0,0,0,0.0715392
1095002,18,1,218774,61423,53200,157351,327696,0,0,0,0,0.0746644
1095005,18,1,226698,64001,55918,162697,342286,0,0,0,0,0.0812272
1095008,18,1,206379,58115,50215,148264,309523,0,0,0,0,0.0753291
1095020,9,1,213837,59643,51895,154194,315911,0,0,0,0,0.0836013
1095021,9,1,213746,59574,51853,154172,315462,0,0,0,0,0.0758352
1095024,9,1,196950,54290,46667,142660,285946,0,0,0,0,0.0820783
1095029,9,1,179133,49841,42657,129292,264987,0,0,0,0,0.0810619
1095042,18,1,209639,58291,50145,151348,308979,0,0,0,0,0.0844675
1095045,18,1,219054,61009,52545,158045,323788,0,0,0,0,0.0738629
1095048,18,1,212763,59503,51206,153260,316740,0,0,0,0,0.0784851
1095070,9,1,191876,52279,45036,139597,275397,0,0,0,0,0.0725459
1095071,9,1,191900,52270,45058,139630,275299,0,0,0,0,0.0713876
1095072,9,1,167645,44918,38640,122727,236744,0,0,0,0,0.0690792
1095073,9,1,193705,54017,46895,139688,287488,0,0,0,0,0.13434
1095074,9,1,203011,55378,48150,147633,292215,0,0,0,0,0.0719519
1095075,9,1,196877,53858,46992,143019,284888,0,0,0,0,0.0720665
1095076,9,1,219688,61225,52994,158463,325090,0,0,0,0,0.0803667
1095077,9,1,189242,52006,45190,137236,276001,0,0,0,0,0.0692768
1095078,9,1,207155,57904,50048,149251,309141,0,0,0,0,0.0775484
1095079,9,1,168554,46563,40094,121991,247411,0,0,0,0,0.0980031
1095080,3,1,165516,43691,37322,121825,230250,0,0,0,0,0.188161
1095081,9,1,182739,48724,42178,134015,255888,0,0,0,0,0.101794
1095084,9,1,223011,62943,55148,160068,333913,0,0,0,0,0.103934
1095089,9,1,226873,63781,56001,163092,338392,0,0,0,0,0.109649
1095090,3,1,172698,45659,38688,127039,240256,0,0,0,0,0.121463
1095091,9,1,182520,48355,41493,134165,252921,0,0,0,0,0.0992388
1095094,9,1,209290,57147,49551,152143,299876,0,0,0,0,0.0893917
1095099,9,1,210150,58308,50491,151842,308779,0,0,0,0,0.0823326
1095100,3,1,172569,45631,38666,126938,240127,0,0,0,0,0.145668
1095101,9,1,182349,48316,41472,134033,252723,0,0,0,0,0.071724
1095104,9,1,208786,57025,49571,151761,299241,0,0,0,0,0.0855302
1095109,9,1,210342,58340,50564,152002,308852,0,0,0,0,0.103042
1095110,3,1,168728,45949,39307,122779,244687,0,0,0,0,0.108902
1095111,9,1,206639,57793,49971,148846,306928,0,0,0,0,0.0832036
1095114,9,1,222942,62700,54409,160242,330864,0,0,0,0,0.0879084
1095119,9,1,162480,43156,37471,119324,226802,0,0,0,0,0.0672301
1095120,9,1,161988,43704,37454,118284,230795,0,0,0,0,0.066361
1095121,9,1,190711,51389,44235,139322,270520,0,0,0,0,0.069502
1095122,18,1,211350,59320,51286,152030,318288,0,0,0,0,0.11521
1095124,9,1,214303,58704,50550,155599,308055,0,0,0,0,0.0724604
1095125,18,1,227962,64476,56037,163486,345341,0,0,0,0,0.0837069
1095128,18,1,199170,55320,48142,143850,294500,0,0,0,0,0.0753828
1095129,9,1,199602,54084,46510,145518,285266,0,0,0,0,0.0981963
1095150,3,1,197204,54640,47635,142564,290468,0,0,0,0,0.120338
1095151,9,1,202302,54638,47629,147664,287115,0,0,0,0,0.0713052
1095154,9,2,239786,67008,59305,172765,355169,1,0,0,0,0.17963
1095159,9,2,203092,55517,48420,147562,291695,1,0,0,0,0.200235
1095160,3,1,196936,54511,47551,142425,289712,0,0,0,0,0.124336
1095161,9,1,201935,54488,47488,147447,286288,0,0,0,0,0.0714497
1095164,9,2,239719,66998,59300,172708,355126,1,0,0,0,0.19423
1095169,9,2,202974,55477,48368,147484,291483,1,0,0,0,0.175935
1095170,3,1,185431,49800,43104,135631,262504,0,0,0,0,0.116992
1095171,9,1,224644,61521,53746,163123,322475,0,0,0,0,0.0838296
1095174,9,1,239539,66227,57680,173312,346157,0,0,0,0,0.0822725
1095179,9,2,267245,73505,63852,193728,388924,1,0,0,0,0.22096
1095180,9,1,172615,45337,39302,127278,235441,0,0,0,0,0.0622023
1095181,9,1,213513,58109,50754,155404,304798,0,0,0,0,0.0694454
1095182,18,1,236744,67155,58679,169589,358833,0,0,0,0,0.08097
1095184,9,1,229901,62713,54720,167188,326811,0,0,0,0,0.0757465
1095185,18,1,248289,70476,61730,177813,375526,0,0,0,0,0.0813715
1095188,18,1,219928,61506,53915,158422,325634,0,0,0,0,0.0771722
1095189,9,1,208168,57352,49579,150816,301923,0,0,0,0,0.0979678
1095210,3,1,177160,47445,40977,129715,250011,0,0,0,0,0.0995053
1095211,9,1,183605,49348,42788,134257,258356,0,0,0,0,0.0717848
1095214,9,2,248552,69850,60857,178689,370530,1,0,0,0,0.174019
1095219,9,2,205331,56528,48833,148790,297841,1,0,0,0,0.156787
1095220,3,1,189658,52049,45370,137609,276348,0,0,0,0,0.0988187
1095221,9,1,217590,59668,52159,157922,313359,0,0,0,0,0.0761808
1095224,9,1,231610,64445,56463,167165,340630,0,0,0,0,0.0778256
1095229,9,2,293535,82285,71686,211238,436241,1,0,0,0,0.206157
1095230,9,1,197888,53096,45513,144792,278085,0,0,0,0,0.0785153
1095231,9,1,216663,58734,50635,157929,306936,0,0,0,0,0.10495
1095234,9,1,221465,60498,53070,160967,318106,0,0,0,0,0.0818798
1095235,18,1,244105,68395,59477,175710,362911,0,0,0,0,0.0739237
1095238,18,1,240417,67426,58641,172991,356437,0,0,0,0,0.0721555
1095239,9,1,223886,61095,52294,162791,318172,0,0,0,0,0.0788474
1095242,18,1,228198,63949,55757,164249,340891,0,0,0,0,0.091848
1095260,3,1,189399,51975,45325,137424,275912,0,0,0,0,0.153858
1095261,9,1,238315,66079,57886,172236,345867,0,0,0,0,0.0769994
1095264,9,1,232350,65056,56758,167294,344656,0,0,0,0,0.104166
1095269,9,2,284426,79116,69213,205298,419515,1,0,0,0,0.174275
1095270,9,1,197930,53163,45611,144767,278496,0,0,0,0,0.0644978
1095271,9,1,232536,63716,54788,168820,332293,0,0,0,0,0.0713072
1095274,9,1,226641,62390,54634,164251,328945,0,0,0,0,0.0728316
1095279,9,1,205961,55679,47788,150282,290767,0,0,0,0,0.07387
1095282,18,1,240815,67834,59121,172981,360982,0,0,0,0,0.0858891
1095285,18,1,245722,69033,60034,176689,366529,0,0,0,0,0.0769545
1095288,18,1,229102,64286,55885,164816,341234,0,0,0,0,0.0792878
1095300,9,2,233256,64985,57105,168258,344460,1,0,0,0,0.193076
1095301,9,2,233725,65084,57181,168628,344935,1,0,0,0,0.236707
1095304,9,2,248633,69119,60466,179501,365158,1,0,0,0,0.208189
1095309,9,1,192158,52880,45668,139278,278695,0,0,0,0,0.074658
1095322,18,1,221714,61034,53086,160680,321162,0,0,0,0,0.0765521
1095325,18,1,239282,66814,57823,172468,353079,0,0,0,0,0.0764412
1095328,18,1,227974,63480,54692,164494,336293,0,0,0,0,0.0689543
1095350,9,2,184414,49889,43081,134512,262006,1,0,0,0,0.149691
1095351,9,2,184466,49880,43069,134573,261887,1,0,0,0,0.152698
1095352,9,2,269410,73416,63073,195982,387765,1,0,0,0,0.233558
1095353,9,1,210064,58021,50090,152043,306059,0,0,0,0,0.112979
1095354,9,2,194932,52702,45770,142217,276262,1,0,0,0,0.232912
1095355,9,2,302037,83837,73358,218188,442803,1,0,0,0,0.196705
1095356,9,1,240727,67579,58371,173148,355479,0,0,0,0,0.107327
1095357,9,2,286118,78661,68648,207445,415354,1,0,0,0,0.192051
1095358,9,1,214016,58715,50601,155301,308678,0,0,0,0,0.100309
1095359,9,1,192530,52720,45576,139810,277514,0,0,0,0,0.0789155
1095360,9,1,138107,36254,30662,101853,191053,0,0,0,0,0.102798
1095361,9,1,173247,45457,39518,127790,234900,0,0,0,0,0.110816
1095364,9,1,191176,52067,45938,139109,273095,0,0,0,0,0.127885
1095369,9,1,191523,52294,46232,139229,274459,0,0,0,0,0.17044
1095370,9,1,143439,37410,31036,106029,196475,0,0,0,0,0.0995815
1095371,9,1,174297,45972,39548,128325,238003,0,0,0,0,0.0808844
1095374,9,1,173490,47024,40979,126466,246460,0,0,0,0,0.0604471
1095379,9,1,184045,50953,44536,133092,269506,0,0,0,0,0.0815985
1095380,9,1,143377,37384,31015,105993,196314,0,0,0,0,0.101725
1095381,9,1,174161,45944,39530,128217,237873,0,0,0,0,0.0866855
1095384,9,1,173914,47103,41021,126811,246827,0,0,0,0,0.091902
1095389,9,1,183853,50879,44556,132974,268971,0,0,0,0,0.0936172
1095390,9,1,139052,37438,31325,101614,199120,0,0,0,0,0.0993976
1095391,9,1,180848,49648,42545,131200,262251,0,0,0,0,0.0772239
1095394,9,1,199354,55213,47387,144141,290178,0,0,0,0,0.0754929
1095399,9,2,184711,50240,43219,134458,265400,1,0,0,0,0.175527
1095400,9,1,161090,42593,36559,118497,220911,0,0,0,0,0.0688768
1095401,9,2,257884,72207,62227,185665,386343,1,0,0,0,0.255209
1095404,9,2,269658,76125,65794,193521,407542,1,0,0,0,0.238322
1095409,9,1,176398,48771,42213,127627,258083,0,0,0,0,0.0735758
1095430,9,1,165882,45232,38597,120650,240281,0,0,0,0,0.0788487
1095431,9,2,168843,44907,39085,123923,236040,1,0,0,0,0.167745
1095434,9,2,187752,50151,44040,137588,262069,1,0,0,0,0.157393
1095439,9,2,195492,52864,45586,142615,277390,1,0,0,0,0.169033
1095440,9,1,165617,45123,38518,120494,239652,0,0,0,0,0.102499
1095441,9,2,168739,44873,39081,123853,235850,1,0,0,0,0.213171
1095444,9,2,187705,50146,44008,137546,262062,1,0,0,0,0.217995
1095449,9,2,195701,52931,45645,142757,277750,1,0,0,0,0.208373
1095450,9,1,154977,41315,35458,113662,218024,0,0,0,0,0.0790817
1095451,9,2,178425,48773,42571,129639,258478,1,0,0,0,0.201889
1095454,9,2,186321,50977,44644,135331,270274,1,0,0,0,0.191774
1095459,9,2,175331,48255,41673,127063,256491,1,0,0,0,0.172384
1095460,9,2,168335,45047,39383,123275,237648,1,0,0,0,0.183287
1095461,9,2,237320,67101,59046,170207,358866,1,0,0,0,0.188557
1095464,9,2,244362,69427,61175,174923,371370,1,0,0,0,0.189448
1095469,9,2,253522,71678,62001,181832,382458,1,0,0,0,0.194226
1095490,9,1,146588,38893,32941,107695,205239,0,0,0,0,0.0826891
1095491,9,2,158258,42123,36881,116122,221858,1,0,0,0,0.18013
1095494,9,2,183569,49346,43001,134211,258445,1,0,0,0,0.151761
1095499,9,2,184812,49689,43257,135111,260087,1,0,0,0,0.154872
1095500,9,1,159453,43233,36792,116220,229447,0,0,0,0,0.0845699
1095501,9,2,241623,68538,60279,173073,366780,1,0,0,0,0.207868
1095504,9,2,225996,63462,55506,162522,337811,1,0,0,0,0.155035
1095509,9,2,184708,50613,44199,134082,267842,1,0,0,0,0.145411
1095510,9,2,169042,46110,40442,122919,244694,1,0,0,0,0.17568
1095511,9,2,171098,47229,41194,123856,251388,1,0,0,0,0.171111
1095514,9,2,234629,66693,58445,167924,356163,1,0,0,0,0.161865
1095519,9,2,224052,63432,55626,160608,337219,1,0,0,0,0.177902
1095540,9,1,159487,43257,36815,116230,229565,0,0,0,0,0.0670829
1095541,9,2,249002,71156,62442,177834,380872,1,0,0,0,0.225445
1095544,9,2,234670,66352,57769,168306,353889,1,0,0,0,0.142617
1095549,9,2,180575,49273,42816,131289,260832,1,0,0,0,0.150613
1095550,9,2,168945,46084,40433,122848,244556,1,0,0,0,0.154775
1095551,9,2,177537,49307,43044,128217,262759,1,0,0,0,0.144028
1095554,9,2,225582,64097,56136,161473,342795,1,0,0,0,0.145437
1095559,9,2,217446,61217,53329,156217,325882,1,0,0,0,0.155636
1095580,9,2,191134,51704,44960,139417,271416,1,0,0,0,0.148383
1095581,9,2,191163,51700,44955,139450,271353,1,0,0,0,0.15204
1095584,9,2,192400,52179,45603,140209,273909,1,0,0,0,0.139379
1095589,9,2,163143,43800,37905,119331,230346,1,0,0,0,0.153108
1095630,9,2,175747,46477,40279,129257,242457,1,0,0,0,0.135914
1095631,9,2,175832,46510,40337,129309,242643,1,0,0,0,0.139134
1095632,9,2,157906,42382,36542,115511,224221,1,0,0,0,0.14215
1095633,9,2,269825,76173,65904,193640,406229,1,0,0,0,0.1914
1095634,9,2,169494,44459,38638,125023,230739,1,0,0,0,0.139137
1095635,9,2,164707,44036,37992,120658,231508,1,0,0,0,0.127348
1095636,9,2,208713,57793,50506,150908,305961,1,0,0,0,0.160975
1095637,9,2,157911,42155,36221,115743,221753,1,0,0,0,0.17304
1095638,9,2,199020,55006,47670,144002,291817,1,0,0,0,0.170535
1095639,9,2,163393,43705,37487,119676,229895,1,0,0,0,0.181567
1095922,18,1,179876,47932,41599,131944,252174,0,0,0,0,0.110483
1095925,18,1,214553,60284,52715,154269,319645,0,0,0,0,0.0916375
1095928,18,1,219663,62050,54471,157613,329780,0,0,0,0,0.111598
1095932,18,1,176623,47310,40882,129313,249633,0,0,0,0,0.0706187
1095935,18,1,198504,54678,47341,143826,288679,0,0,0,0,0.0822755
1095938,18,1,207811,58067,50214,149744,308062,0,0,0,0,0.0661657
1095942,18,1,176367,47262,40830,129105,249416,0,0,0,0,0.0673158
1095945,18,1,198594,54714,47441,143880,288859,0,0,0,0,0.0624527
1095948,18,1,208115,58126,50272,149989,308324,0,0,0,0,0.063436
1095952,18,1,194728,55233,47459,139495,295155,0,0,0,0,0.0672534
1095955,18,1,206508,58747,50464,147761,312113,0,0,0,0,0.0680622
1095958,18,1,170515,45951,40064,124564,242312,0,0,0,0,0.0613618
1095962,18,1,181011,50648,43944,130363,271741,0,0,0,0,0.0672831
1095965,18,1,196147,54700,47666,141447,291447,0,0,0,0,0.0693625
1095968,18,1,175145,47621,41497,127524,253310,0,0,0,0,0.0768468
1095970,18,1,169146,45922,39509,123224,243319,0,0,0,0,0.0930846
1095971,18,1,194843,53672,45982,141171,284802,0,0,0,0,0.0795862
1095972,18,1,191847,52799,45516,139048,281133,0,0,0,0,0.0677637
1095973,18,1,182885,50605,44197,132280,270321,0,0,0,0,0.0675833
1095974,18,1,210270,58531,50056,151739,309476,0,0,0,0,0.0730888
1095975,18,1,210379,57854,50167,152525,305665,0,0,0,0,0.0683291
1095976,18,1,198796,54791,48078,144005,291106,0,0,0,0,0.0687675
1095977,18,1,175220,47176,41209,128044,248246,0,0,0,0,0.0768928
1095978,18,1,180278,48228,42124,132050,253195,0,0,0,0,0.0764836
1095979,18,1,193478,52305,44899,141173,274899,0,0,0,0,0.0911627
1095992,18,1,197479,53458,46793,144021,281911,0,0,0,0,0.0994437
1095995,18,2,243611,67998,59901,175600,360424,1,0,0,0,0.162265
1095998,18,2,206276,56643,49787,149620,298064,1,0,0,0,0.154509
1096002,18,1,197094,53327,46694,143767,281175,0,0,0,0,0.0706569
1096005,18,2,243603,67995,59889,175595,360398,1,0,0,0,0.154314
1096008,18,2,206088,56598,49730,149477,297825,1,0,0,0,0.155089
1096012,18,2,274570,76734,67305,197823,409034,1,0,0,0,0.165585
1096015,18,2,283175,79396,69749,203766,422908,1,0,0,0,0.164629
1096018,18,2,270060,74939,65141,195109,398296,1,0,0,0,0.175392
1096022,18,1,205581,57858,50423,147723,309084,0,0,0,0,0.0647209
1096025,18,1,218618,61053,53199,157565,323389,0,0,0,0,0.0670632
1096028,18,1,200510,54850,48060,145660,289859,0,0,0,0,0.0689676
1096030,18,2,281322,76739,66878,204570,406464,1,0,0,0,0.18792
1096031,18,2,309064,86694,75836,222357,462385,1,0,0,0,0.174228
1096032,18,1,212211,58681,51224,153530,310738,0,0,0,0,0.0674135
1096033,18,1,206700,57799,51329,148901,307914,0,0,0,0,0.0752958
1096034,18,2,317794,89254,78275,228527,474983,1,0,0,0,0.179627
1096035,18,1,227714,62758,55006,164956,329262,0,0,0,0,0.0710093
1096036,18,1,218335,60824,54103,157511,322199,0,0,0,0,0.0663166
1096037,18,1,188321,50861,44544,137460,264971,0,0,0,0,0.0652296
1096038,18,1,205572,55742,49039,149830,291088,0,0,0,0,0.0705973
1096039,18,1,203503,56065,48565,147438,294328,0,0,0,0,0.0733011
1096052,18,2,247085,67690,59436,179382,359173,1,0,0,0,0.17857
1096055,18,2,245308,68716,59973,176579,363757,1,0,0,0,0.167122
1096058,18,2,199904,54908,47811,144983,289226,1,0,0,0,0.1962
1096062,18,2,278600,78167,68629,200420,417121,1,0,0,0,0.213261
1096065,18,1,222079,62002,54032,160077,328935,0,0,0,0,0.0692498
1096068,18,2,295459,82839,72269,212608,439374,1,0,0,0,0.178498
1096072,18,1,210736,58234,50789,152502,307848,0,0,0,0,0.0865911
1096075,18,2,289111,81434,71730,207664,434872,1,0,0,0,0.180267
1096078,18,1,216920,59436,51751,157484,312364,0,0,0,0,0.0691455
1096080,18,1,193450,52271,45438,141179,275240,0,0,0,0,0.0662347
1096081,18,2,293485,83616,73157,209856,448233,1,0,0,0,0.181479
1096082,18,1,202444,56554,48996,145890,301321,0,0,0,0,0.0632664
1096084,18,1,224286,62381,54349,161905,330657,0,0,0,0,0.0782649
1096085,18,2,313991,89061,78035,224917,475896,1,0,0,0,0.196561
1096086,18,1,221219,61565,53219,159654,326421,0,0,0,0,0.0785287
1096087,18,2,308584,86561,75533,222010,460189,1,0,0,0,0.164596
1096088,18,1,235755,65571,56955,170184,345610,0,0,0,0,0.0752067
1096089,18,1,205240,55907,47944,149333,291547,0,0,0,0,0.0650795
1096093,18,1,208213,58500,51537,149713,312081,0,0,0,0,0.071462
1096102,18,2,290527,81888,71796,208626,436581,1,0,0,0,0.169508
1096105,18,1,222988,62711,54680,160277,333187,0,0,0,0,0.064151
1096108,18,2,286492,80170,69807,206310,426519,1,0,0,0,0.159844
1096112,18,1,229800,63545,55629,166255,333541,0,0,0,0,0.0669558
1096115,18,2,288598,81447,71711,207138,435349,1,0,0,0,0.161906
1096118,18,1,199902,54786,47788,145116,289830,0,0,0,0,0.0599886
1096120,18,1,193420,52286,45437,141134,275351,0,0,0,0,0.0647744
1096121,18,2,307998,87605,76717,220380,468290,1,0,0,0,0.174712
1096122,18,1,214790,59900,52054,154890,316840,0,0,0,0,0.0672619
1096124,18,1,225835,62985,54751,162850,334061,0,0,0,0,0.101205
1096125,18,2,316165,89875,78950,226277,480881,1,0,0,0,0.18349
1096128,18,1,219183,60916,52827,158267,322789,0,0,0,0,0.0650764
1096129,18,1,197686,53841,46241,143845,282260,0,0,0,0,0.0650175
1096133,18,1,221012,61850,54670,159162,327990,0,0,0,0,0.0674853
1096136,18,1,222072,62002,53567,160070,329154,0,0,0,0,0.0658895
1096137,18,2,295662,82710,71873,212940,440788,1,0,0,0,0.164393
1096142,18,1,191357,52021,45428,139336,271624,0,0,0,0,0.0634083
1096145,18,2,282102,79171,68923,202918,422231,1,0,0,0,0.162947
1096148,18,2,267677,74687,64965,192978,398550,1,0,0,0,0.162488
1096150,18,2,235750,65503,57626,170234,346881,1,0,0,0,0.165033
1096151,18,2,235950,65536,57668,170401,347005,1,0,0,0,0.170767
1096154,18,2,242297,67222,59025,175062,355045,1,0,0,0,0.160256
1096159,18,1,189919,52226,44998,137693,274798,0,0,0,0,0.0640494
1096162,18,1,200311,55349,48472,144962,293624,0,0,0,0,0.0755113
1096163,18,1,198431,53414,46489,145017,278854,0,0,0,0,0.0690499
1096165,18,1,225931,62276,54274,163655,328071,0,0,0,0,0.0714023
1096166,18,1,235141,65725,57358,169416,347231,0,0,0,0,0.0909757
1096167,18,1,206446,56728,49402,149718,300024,0,0,0,0,0.0863228
1096168,18,1,213912,59390,51735,154522,314860,0,0,0,0,0.0671919
1096180,18,2,190306,51745,45114,138548,271998,1,0,0,0,0.137298
1096181,18,2,190395,51732,45121,138650,271839,1,0,0,0,0.140722
1096182,18,2,278778,76583,66571,202183,405788,1,0,0,0,0.227813
1096183,18,1,222862,62174,54099,160688,327823,0,0,0,0,0.108118
1096184,18,2,200388,54341,47547,146034,284759,1,0,0,0,0.196579
1096185,18,2,311490,86854,75617,224624,460274,1,0,0,0,0.190459
1096186,18,1,222897,62159,54153,160738,326417,0,0,0,0,0.0893493
1096187,18,2,297384,82486,71490,214886,437413,1,0,0,0,0.223482
1096188,18,1,211424,58758,51205,152666,310009,0,0,0,0,0.0943755
1096189,18,1,196845,54489,46973,142356,287308,0,0,0,0,0.0933487
1097640,18,1,187096,50791,44115,136305,267331,0,0,0,0,0.0801767
1097641,18,2,295718,84355,73941,211350,453581,1,0,0,0,0.170811
1097644,18,2,296382,84814,74247,211555,456868,1,0,0,0,0.150182
1097649,18,1,208649,57319,49966,151330,303085,0,0,0,0,0.0690704
1097662,36,1,209817,58503,50856,151314,313497,0,0,0,0,0.062619
1097665,36,1,223699,62653,54357,161046,335351,0,0,0,0,0.0642937
1097668,36,1,205414,56633,49063,148781,302516,0,0,0,0,0.0590276
1097700,18,2,213645,58436,51330,155197,308312,1,0,0,0,0.129585
1097701,18,2,210151,58180,51316,151960,310395,1,0,0,0,0.166366
1097704,18,2,200768,55301,48827,145456,294892,1,0,0,0,0.141563
1097709,18,1,211972,58806,51086,153166,312970,0,0,0,0,0.0668591
1097722,36,1,231743,65036,56674,166707,348110,0,0,0,0,0.0819115
1097725,36,1,234523,65758,57387,168765,351374,0,0,0,0,0.0758583
1097728,36,1,215430,59592,51789,155838,318417,0,0,0,0,0.0631912
1097750,18,2,291776,81095,71326,210668,430616,1,0,0,0,0.200752
1097751,18,1,207909,56353,49489,151556,295869,0,0,0,0,0.0665608
1097754,18,2,265932,75277,66440,190643,404942,1,0,0,0,0.129399
1097759,18,2,335690,94281,82383,241396,503949,1,0,0,0,0.153162
1097772,36,2,199782,55291,48429,144478,296242,1,0,0,0,0.121751
1097775,36,1,234154,65293,56806,168861,348124,0,0,0,0,0.065264
1097778,36,1,233615,65090,56361,168525,347291,0,0,0,0,0.0640134
1097790,18,2,291809,81102,71312,210694,430674,1,0,0,0,0.137966
1097791,18,1,206012,55841,48864,150171,293554,0,0,0,0,0.0783014
1097794,18,2,269375,76073,67269,193290,408573,1,0,0,0,0.165027
1097799,18,1,195819,54054,46748,141765,286932,0,0,0,0,0.0565918
1097812,36,2,202605,56149,49391,146443,301408,1,0,0,0,0.133422
1097815,36,1,229265,63892,55466,165373,341283,0,0,0,0,0.0685564
1097818,36,1,220121,61397,53542,158724,328875,0,0,0,0,0.0700014
1097820,18,1,197969,53404,46803,144565,281017,0,0,0,0,0.0701361
1097821,18,1,197897,53336,46785,144561,280549,0,0,0,0,0.0806581
1097824,18,2,242559,67120,59090,175426,355677,1,0,0,0,0.191589
1097829,18,1,187505,51104,44705,136401,270223,0,0,0,0,0.0840707
1097842,36,2,192596,52985,46457,139599,283355,1,0,0,0,0.190902
1097845,36,1,221863,61828,53753,160035,329057,0,0,0,0,0.0835536
1097848,36,1,222297,61972,53856,160325,329860,0,0,0,0,0.0835559
1097870,18,2,192186,51569,45175,140604,270942,1,0,0,0,0.145964
1097871,18,2,192143,51576,45158,140554,270988,1,0,0,0,0.180469
1097872,18,2,288346,79393,69516,208941,423392,1,0,0,0,0.200479
1097873,18,1,204507,55413,48333,149094,289447,0,0,0,0,0.0985165
1097874,18,2,203072,55190,48724,147869,290195,1,0,0,0,0.183366
1097875,18,2,200177,55139,48314,145026,293677,1,0,0,0,0.18432
1097876,18,1,208017,56642,49241,151375,297614,0,0,0,0,0.0870765
1097877,18,2,190326,51841,45319,138473,275351,1,0,0,0,0.17349
1097878,18,1,199718,54479,47353,145239,287222,0,0,0,0,0.0889208
1097879,18,1,189939,52103,45464,137836,275910,0,0,0,0,0.0885785
1098150,18,2,190996,51105,44701,139878,267993,1,0,0,0,0.142639
1098151,18,2,190845,51083,44691,139749,267876,1,0,0,0,0.124794
1098152,18,2,185635,50651,44296,134972,269401,1,0,0,0,0.157571
1098153,18,1,198514,53777,46779,144737,283504,0,0,0,0,0.0924621
1098154,18,2,189085,50616,44621,138456,264790,1,0,0,0,0.177391
1098155,18,2,190384,52493,46141,137878,279714,1,0,0,0,0.177187
1098156,18,1,205471,55952,48888,149519,294396,0,0,0,0,0.0816939
1098157,18,2,300886,84062,74007,216812,448699,1,0,0,0,0.206522
1098158,18,1,193674,52984,46373,140690,280288,0,0,0,0,0.0841371
1098159,18,1,184718,50289,43876,134429,265889,0,0,0,0,0.085586
1098220,36,1,191341,52863,45456,138478,281299,0,0,0,0,0.084778
1098221,36,1,204980,57035,49141,147945,303253,0,0,0,0,0.0784471
1098222,36,1,209914,58317,50392,151597,311596,0,0,0,0,0.0760819
1098223,36,1,203361,56712,49495,146649,304142,0,0,0,0,0.0551834
1098224,36,1,216102,60353,51930,155749,320597,0,0,0,0,0.0570542
1098225,36,1,228323,63523,55018,164800,337977,0,0,0,0,0.0576504
1098226,36,1,219014,61632,53986,157382,330482,0,0,0,0,0.0592199
1098227,36,1,200374,54991,47802,145383,292100,0,0,0,0,0.0569292
1098228,36,1,201659,55329,48215,146330,293286,0,0,0,0,0.0568395
1098229,36,1,216656,60315,52082,156341,319593,0,0,0,0,0.0593004
1098280,36,1,201197,55112,47979,146085,289879,0,0,0,0,0.0555289
1098281,36,2,199264,54602,47939,144649,290603,1,0,0,0,0.112675
1098282,36,1,220535,61374,52937,159161,327400,0,0,0,0,0.0728757
1098283,36,1,222987,62433,54664,160554,333702,0,0,0,0,0.0868234
1098284,36,2,190540,51907,45643,138620,275897,1,0,0,0,0.16326
1098285,36,1,221037,61311,53404,159726,326127,0,0,0,0,0.0828456
1098286,36,1,223006,62482,54807,160524,334124,0,0,0,0,0.0790851
1098287,36,1,195987,53775,47038,142212,285773,0,0,0,0,0.0645856
1098288,36,1,203179,55698,48360,147481,294733,0,0,0,0,0.0857566
1098289,36,1,204955,56816,48494,148139,302071,0,0,0,0,0.0685578
1098330,36,1,193655,52266,45715,141389,274500,0,0,0,0,0.0517399
1098331,36,1,214866,59550,51867,155316,316260,0,0,0,0,0.0648045
1098332,36,1,216598,59824,52242,156774,319038,0,0,0,0,0.0771977
1098333,36,1,218475,60674,53483,157801,323702,0,0,0,0,0.0964732
1098334,36,1,221433,61235,53460,160198,325499,0,0,0,0,0.0845021
1098335,36,1,220910,61277,53181,159633,327313,0,0,0,0,0.0710155
1098336,36,1,229238,64302,55912,164936,344648,0,0,0,0,0.106644
1098337,36,1,213808,58848,51535,154960,312165,0,0,0,0,0.0858522
1098338,36,1,228524,63580,55278,164944,339018,0,0,0,0,0.0785811
1098339,36,1,210383,58195,50148,152188,309386,0,0,0,0,0.0828788
1098370,36,1,193879,52370,45802,141509,275129,0,0,0,0,0.0717754
1098371,36,1,213592,59356,51597,154236,315543,0,0,0,0,0.0858195
1098372,36,1,218831,60344,52689,158487,321171,0,0,0,0,0.0866934
1098373,36,1,221115,61547,54347,159568,328759,0,0,0,0,0.122919
1098374,36,1,221091,61080,53394,160011,324533,0,0,0,0,0.0845841
1098375,36,1,221187,61406,53297,159781,328029,0,0,0,0,0.088582
1098376,36,1,228721,64133,55609,164588,343646,0,0,0,0,0.0855547
1098377,36,1,202555,55537,48544,147018,295503,0,0,0,0,0.081377
1098378,36,1,215472,59900,51890,155572,320848,0,0,0,0,0.0763182
1098379,36,1,198276,54881,47163,143395,292309,0,0,0,0,0.0653026
1098400,36,1,202993,55609,48478,147384,293534,0,0,0,0,0.0694116
1098401,36,1,202954,55596,48490,147358,293417,0,0,0,0,0.0663052
1098402,36,1,200882,55498,48422,145384,296643,0,0,0,0,0.0683706
1098403,36,1,210636,58184,50379,152452,309041,0,0,0,0,0.0877557
1098404,36,1,208008,56573,49318,151435,298483,0,0,0,0,0.0918633
1098405,36,1,225696,62521,54661,163175,332805,0,0,0,0,0.0869784
1098406,36,1,235026,65592,56870,169434,349442,0,0,0,0,0.0950799
1098407,36,1,211815,58488,50678,153327,312259,0,0,0,0,0.0845991
1098408,36,1,222459,62069,53759,160390,332239,0,0,0,0,0.0840247
1098409,36,1,187056,51561,44221,135495,274033,0,0,0,0,0.0841109
1098420,36,2,193519,52282,45476,141224,275489,1,0,0,0,0.175327
1098421,36,2,193524,52304,45479,141207,275602,1,0,0,0,0.177482
1098422,36,2,294303,81791,71317,212500,437618,1,0,0,0,0.217381
1098423,36,1,199856,54705,47076,145151,289211,0,0,0,0,0.0945754
1098424,36,2,194509,52717,46583,141779,276469,1,0,0,0,0.179678
1098425,36,2,313307,87990,76872,225305,470522,1,0,0,0,0.209173
1098426,36,1,215049,59168,51166,155881,312478,0,0,0,0,0.0924077
1098427,36,2,305719,86084,75343,219623,461591,1,0,0,0,0.214812
1098428,36,1,202386,55527,48045,146859,293802,0,0,0,0,0.0721545
1098429,36,1,188720,52258,45314,136462,278017,0,0,0,0,0.0712221
1099880,18,1,185342,50349,43761,134993,265129,0,0,0,0,0.0786078
1099881,18,2,324842,92770,81117,232059,498120,1,0,0,0,0.202276
1099884,18,2,326008,93353,81650,232642,501822,1,0,0,0,0.228012
1099889,18,1,207426,57004,49592,150422,301498,0,0,0,0,0.0965469
1099902,36,1,209177,58464,50744,150713,313549,0,0,0,0,0.079722
1099905,36,1,223657,62754,54411,160903,336099,0,0,0,0,0.0823082
1099908,36,1,203248,56127,48558,147121,300018,0,0,0,0,0.0864886
1099940,18,2,215278,58731,51634,156535,309643,1,0,0,0,0.156686
1099941,18,2,211774,58720,51756,153043,313501,1,0,0,0,0.153959
1099944,18,2,201831,55598,49048,146222,296497,1,0,0,0,0.134649
1099949,18,1,212645,59119,51331,153526,314942,0,0,0,0,0.0740121
1099962,36,1,233650,65482,57083,168168,350254,0,0,0,0,0.0782843
1099965,36,1,236529,66367,58117,170162,354692,0,0,0,0,0.0676357
1099968,36,1,215507,59623,51816,155884,318533,0,0,0,0,0.0601112
1099990,18,2,321095,89187,78456,231895,472954,1,0,0,0,0.152804
1099991,18,1,209134,56727,49874,152407,297902,0,0,0,0,0.0910317
1099994,18,2,268067,75810,66994,192245,407762,1,0,0,0,0.152632
1099999,18,2,337300,94924,82858,242363,507782,1,0,0,0,0.189339
