1001000,3,1,148709,39582,33908,109127,208152,0,0,0,0,0.0933012
1001001,9,1,152625,41573,35398,111052,219754,0,0,0,0,0.0870228
1001004,9,1,176899,48846,42260,128053,257938,0,0,0,0,0.0754874
1001009,9,1,157207,42479,36603,114728,223246,0,0,0,0,0.0675634
1001010,3,1,172503,45414,39786,127089,235403,0,0,0,0,0.093889
1001011,9,1,169249,45229,38791,124020,235594,0,0,0,0,0.0629174
1001014,9,1,197270,53465,46369,143805,277176,0,0,0,0,0.0634281
1001019,9,1,173414,45959,39835,127455,236853,0,0,0,0,0.073554
1001020,3,1,172483,45396,39836,127087,236195,0,0,0,0,0.0769872
1001021,9,1,159479,43011,37296,116468,225677,0,0,0,0,0.0633413
1001024,9,2,174190,46080,40239,128098,238933,1,0,0,0,0.185854
1001029,9,2,173760,46048,40179,127701,239199,1,0,0,0,0.151492
1001030,3,1,172575,45405,39831,127170,236208,0,0,0,0,0.0798998
1001031,9,2,196503,52344,45650,144146,273593,1,0,0,0,0.147937
1001034,9,1,174255,45508,39520,128747,235658,0,0,0,0,0.0570515
1001039,9,1,166837,43267,37317,123570,223353,0,0,0,0,0.0690082
1001040,9,1,149119,39222,33747,109897,204559,0,0,0,0,0.06319
1001041,9,2,157236,40744,34983,116479,210857,1,0,0,0,0.141901
1001042,18,2,160907,41859,35746,119035,217000,1,0,0,0,0.14497
1001044,9,2,198010,53856,46103,144141,283372,1,0,0,0,0.160351
1001045,18,2,164438,42975,36538,121450,223408,1,0,0,0,0.123356
1001048,18,2,327976,86988,74701,240976,453114,1,0,0,0,0.164934
1001049,9,2,189332,50627,43808,138692,264301,1,0,0,0,0.15028
1001070,3,1,172755,46953,41564,125802,246306,0,0,0,0,0.0856896
1001071,9,1,158398,42208,36559,116190,220434,0,0,0,0,0.0583256
1001074,9,1,181429,48400,42112,133029,251813,0,0,0,0,0.0784202
1001079,9,1,163409,42885,37199,120524,221633,0,0,0,0,0.0806262
1001080,3,1,191464,52753,46375,138711,277748,0,0,0,0,0.0808923
1001081,9,1,178036,48274,41450,129762,253842,0,0,0,0,0.0529807
1001084,9,1,192851,52541,45500,140310,275419,0,0,0,0,0.0574632
1001089,9,1,192518,51551,44607,140967,268335,0,0,0,0,0.0521503
1001090,3,1,191706,52822,46397,138884,278146,0,0,0,0,0.077582
1001091,9,2,173564,46992,41046,126560,246240,1,0,0,0,0.134285
1001094,9,2,168879,45319,38946,123548,236752,1,0,0,0,0.16543
1001099,9,1,172364,46191,39318,126173,241628,0,0,0,0,0.0740641
1001100,9,1,177136,48152,40911,128984,253155,0,0,0,0,0.0801558
1001101,9,1,208977,57150,49284,151827,298762,0,0,0,0,0.0598983
1001102,18,1,196899,53500,46509,143399,279547,0,0,0,0,0.0571315
1001104,9,1,165096,44053,38529,121043,229828,0,0,0,0,0.0619622
1001105,18,1,191446,52350,45110,139096,275585,0,0,0,0,0.0580825
1001108,18,1,183925,49609,42675,134316,259336,0,0,0,0,0.0552515
1001109,9,1,184260,50561,44515,133699,265387,0,0,0,0,0.0668192
1001130,3,1,172968,46651,40463,126317,243927,0,0,0,0,0.079503
1001131,9,1,161187,44151,37775,117036,232921,0,0,0,0,0.0553693
1001134,9,1,187686,51280,44575,136406,268845,0,0,0,0,0.0738228
1001139,9,2,303899,84671,73878,219215,447384,1,0,0,0,0.157645
1001140,3,1,172973,46652,40470,126321,243932,0,0,0,0,0.0763575
1001141,9,2,169594,45530,39548,124053,238892,1,0,0,0,0.135896
1001144,9,2,170144,45787,39720,124345,239847,1,0,0,0,0.124742
1001149,9,1,182303,48709,42563,133594,253403,0,0,0,0,0.0521783
1001150,9,1,158416,43026,36713,115390,225847,0,0,0,0,0.051847
1001151,9,2,204968,56539,49334,148416,298830,1,0,0,0,0.136507
1001154,9,2,191298,52246,45309,139039,274887,1,0,0,0,0.138241
1001155,18,2,194023,53537,46326,140473,282368,1,0,0,0,0.118973
1001158,18,1,194629,52850,45961,141779,277119,0,0,0,0,0.051951
1001159,9,1,186811,50599,44061,136212,263922,0,0,0,0,0.0623813
1001162,18,2,204886,56681,49038,148192,299962,1,0,0,0,0.15098
1001180,3,1,171148,46464,41050,124684,243557,0,0,0,0,0.105811
1001181,9,1,177198,48546,42792,128652,254782,0,0,0,0,0.0670808
1001184,9,1,194011,53433,46759,140578,280099,0,0,0,0,0.0878464
1001189,9,1,169647,45267,39428,124380,235622,0,0,0,0,0.0706216
1001190,9,1,147584,39883,34700,107701,209317,0,0,0,0,0.0665984
1001191,9,1,177682,48219,42052,129463,253189,0,0,0,0,0.0595907
1001194,9,1,192836,52129,45479,140707,273408,0,0,0,0,0.0712657
1001199,9,2,304546,84395,73165,220139,446146,1,0,0,0,0.195925
1001202,18,2,159219,42435,36361,116771,222058,1,0,0,0,0.122078
1001205,18,1,206322,56760,48870,149562,298761,0,0,0,0,0.0594792
1001208,18,1,188349,51314,44675,137035,269717,0,0,0,0,0.0738435
1001220,9,1,160597,42929,37539,117668,222960,0,0,0,0,0.073386
1001221,9,2,179018,48896,42078,130110,255766,1,0,0,0,0.136014
1001224,9,2,299042,83960,72748,215070,442646,1,0,0,0,0.159378
1001229,9,1,175059,47121,40854,127938,245914,0,0,0,0,0.0566382
1001242,18,1,168670,45345,38990,123325,237183,0,0,0,0,0.0699267
1001245,18,1,187904,50308,43036,137596,262553,0,0,0,0,0.0517693
1001248,18,2,153033,40975,34828,112046,214201,1,0,0,0,0.119024
1001270,9,1,155323,41093,35950,114230,212374,0,0,0,0,0.0509691
1001271,9,2,172425,46143,40183,126270,240050,1,0,0,0,0.124992
1001272,9,1,159426,42638,36690,116788,222599,0,0,0,0,0.0474977
1001273,9,1,168646,46410,40574,122236,244043,0,0,0,0,0.0634029
1001274,9,2,189210,51480,44629,137717,267399,1,0,0,0,0.159504
1001275,9,1,187628,50418,43841,137210,263519,0,0,0,0,0.0701952
1001276,9,1,189198,51687,45228,137511,270277,0,0,0,0,0.0787257
1001277,9,2,152758,40627,34669,112120,211801,1,0,0,0,0.158545
1001278,9,2,151017,39646,34109,111359,205878,1,0,0,0,0.175596
1001279,9,1,181554,48856,42648,132698,255109,0,0,0,0,0.0591114
1001280,3,1,148491,39395,33894,109096,206902,0,0,0,0,0.0834491
1001281,9,1,153667,41625,35480,112042,219672,0,0,0,0,0.0615262
1001284,9,1,178763,49028,42424,129735,258451,0,0,0,0,0.0716326
1001289,9,1,159082,42792,36786,116290,224622,0,0,0,0,0.0699234
1001290,3,1,171915,45114,39657,126801,233507,0,0,0,0,0.10108
1001291,9,1,170336,45329,38998,125007,235803,0,0,0,0,0.0594865
1001294,9,1,199027,53691,46622,145336,277893,0,0,0,0,0.0807093
1001299,9,1,175214,46313,40176,128901,238550,0,0,0,0,0.0661476
1001300,3,1,173693,45596,40161,128097,237053,0,0,0,0,0.0976648
1001301,9,1,163207,43720,37914,119487,228865,0,0,0,0,0.100967
1001304,9,2,174669,46086,40290,128571,238713,1,0,0,0,0.195382
1001309,9,2,174262,46085,40232,128166,239172,1,0,0,0,0.170642
1001310,3,1,173809,45614,40176,128195,237112,0,0,0,0,0.0978445
1001311,9,2,195840,51964,45281,143863,271215,1,0,0,0,0.200174
1001314,9,1,176292,45985,39969,130307,238150,0,0,0,0,0.0602785
1001319,9,1,167404,43303,37346,124101,223501,0,0,0,0,0.0612236
1001320,9,1,150180,39403,33989,110777,205375,0,0,0,0,0.0604923
1001321,9,2,157043,40500,34743,116530,209313,1,0,0,0,0.16286
1001322,18,2,159632,41317,35248,118302,213783,1,0,0,0,0.212432
1001324,9,2,197728,53668,46003,144047,282201,1,0,0,0,0.165947
1001325,18,2,164064,42840,36496,121211,222754,1,0,0,0,0.151407
1001328,18,2,327541,86607,74535,240922,450788,1,0,0,0,0.171199
1001329,9,2,189845,50598,43752,139234,263891,1,0,0,0,0.150775
1001350,3,1,174174,47304,41912,126870,248033,0,0,0,0,0.0879364
1001351,9,1,159324,42479,36852,116845,221823,0,0,0,0,0.0591143
1001354,9,1,183108,48854,42576,134254,254122,0,0,0,0,0.0583982
1001359,9,1,165273,43324,37561,121949,223835,0,0,0,0,0.061989
1001360,3,1,192097,52755,46460,139342,277260,0,0,0,0,0.0972895
1001361,9,1,178593,48345,41596,130248,254038,0,0,0,0,0.0603676
1001364,9,1,192872,52469,45517,140403,274809,0,0,0,0,0.0571499
1001369,9,1,193018,51510,44714,141508,267891,0,0,0,0,0.070788
1001370,3,1,192359,52831,46479,139528,277708,0,0,0,0,0.0888668
1001371,9,2,173765,46765,40863,126988,244520,1,0,0,0,0.159769
1001374,9,2,169469,45129,38819,124328,235084,1,0,0,0,0.126967
1001379,9,1,173307,46288,39493,127019,241813,0,0,0,0,0.071074
1001380,9,1,178517,48439,41286,130078,254500,0,0,0,0,0.0830436
1001381,9,1,210065,57366,49505,152699,299643,0,0,0,0,0.0693118
1001382,18,1,198227,53759,46785,144468,280583,0,0,0,0,0.0607116
1001384,9,1,165469,44205,38668,121264,230728,0,0,0,0,0.0540628
1001385,18,1,192478,52598,45330,139880,276825,0,0,0,0,0.0585315
1001388,18,1,185236,49832,42821,135404,260323,0,0,0,0,0.0693099
1001389,9,1,185387,50671,44700,134716,265618,0,0,0,0,0.079383
1001410,3,1,172339,46381,40297,125958,242340,0,0,0,0,0.0962092
1001411,9,1,161303,44143,37844,117160,232726,0,0,0,0,0.075662
1001414,9,1,187750,51150,44533,136600,267888,0,0,0,0,0.0811473
1001419,9,2,305124,84692,73852,220419,446969,1,0,0,0,0.171684
1001420,3,1,172343,46383,40312,125960,242353,0,0,0,0,0.0764961
1001421,9,2,168978,45108,39124,123859,236114,1,0,0,0,0.131659
1001424,9,2,170489,45570,39479,124907,238144,1,0,0,0,0.16791
1001429,9,1,182729,48685,42592,134044,253094,0,0,0,0,0.0525491
1001430,9,1,158655,42868,36586,115787,224582,0,0,0,0,0.0545582
1001431,9,2,204854,56288,49026,148553,297061,1,0,0,0,0.135121
1001434,9,2,192639,52301,45329,140325,274610,1,0,0,0,0.146811
1001435,18,2,195220,53544,46303,141663,281869,1,0,0,0,0.130663
1001438,18,1,195677,52913,46130,142764,277129,0,0,0,0,0.0565429
1001439,9,1,187292,50481,44040,136811,262851,0,0,0,0,0.0666271
1001442,18,2,204227,56229,48723,147985,296934,1,0,0,0,0.149481
1001460,3,1,172972,46932,41517,126040,245873,0,0,0,0,0.091365
1001461,9,1,179209,49167,43364,130042,258067,0,0,0,0,0.0820418
1001464,9,1,195118,53705,47076,141413,281415,0,0,0,0,0.0635964
1001469,9,1,171007,45633,39832,125374,237464,0,0,0,0,0.0646619
1001470,9,1,149142,40322,35217,108820,211604,0,0,0,0,0.062221
1001471,9,1,178533,48491,42358,130042,254672,0,0,0,0,0.0571212
1001474,9,1,194006,52372,45687,141634,274505,0,0,0,0,0.0568973
1001479,9,2,304487,84002,72820,220473,443456,1,0,0,0,0.180853
1001482,18,2,159867,42430,36386,117424,221780,1,0,0,0,0.178285
1001485,18,1,208324,57180,49169,151144,300761,0,0,0,0,0.0749433
1001488,18,1,189998,51666,45006,138332,271355,0,0,0,0,0.0628761
1001500,9,1,163315,43673,38192,119642,226827,0,0,0,0,0.0579095
1001501,9,2,178386,48495,41700,129879,253203,1,0,0,0,0.18097
1001504,9,2,270097,75350,65299,194735,396211,1,0,0,0,0.159379
1001509,9,1,176848,47418,41070,129430,247200,0,0,0,0,0.0604199
1001522,18,1,169262,45343,39016,123919,236913,0,0,0,0,0.0508733
1001525,18,1,188519,50313,43039,138206,262313,0,0,0,0,0.0601777
1001528,18,2,154397,41128,34856,113257,214599,1,0,0,0,0.16203
1001550,9,1,157634,41750,36552,115884,215821,0,0,0,0,0.079248
1001551,9,2,173686,46175,40067,127499,239769,1,0,0,0,0.142808
1001552,9,1,160645,42916,36910,117729,223975,0,0,0,0,0.0607172
1001553,9,1,169536,46539,40680,122997,244481,0,0,0,0,0.0627253
1001554,9,2,189714,51373,44505,138328,266470,1,0,0,0,0.151654
1001555,9,1,189857,50973,44272,138884,266316,0,0,0,0,0.07687
1001556,9,1,189459,51502,45003,137957,268888,0,0,0,0,0.0819654
1001557,9,2,153962,40823,34794,113128,212619,1,0,0,0,0.197922
1001558,9,2,152954,39986,34397,112956,207422,1,0,0,0,0.189913
1001559,9,1,183149,49110,42841,134039,256105,0,0,0,0,0.0847839
1001560,3,1,149303,39899,33979,109404,211578,0,0,0,0,0.138063
1001561,9,1,152449,42098,35521,110351,225010,0,0,0,0,0.0960276
1001564,9,1,177816,49698,42937,128118,265101,0,0,0,0,0.0757481
1001569,9,1,156586,42761,36579,113825,226876,0,0,0,0,0.0653836
1001570,3,1,176139,46771,40621,129368,244331,0,0,0,0,0.114959
1001571,9,1,172554,47174,40115,125380,248980,0,0,0,0,0.0948664
1001574,9,1,204385,56479,48609,147906,296566,0,0,0,0,0.0743748
1001579,9,1,176191,47488,40838,128703,247783,0,0,0,0,0.0655831
1001580,3,1,177398,47382,41042,130016,249948,0,0,0,0,0.0937838
1001581,9,1,164822,45122,38773,119700,239602,0,0,0,0,0.0704862
1001584,9,2,184517,50358,43703,134147,265938,1,0,0,0,0.1955
1001589,9,2,180692,49619,42944,131062,262838,1,0,0,0,0.168204
1001590,3,1,177191,47328,41081,129863,249622,0,0,0,0,0.0987136
1001591,9,1,184306,49657,42934,134649,260726,0,0,0,0,0.0777805
1001594,9,1,178365,47569,40968,130796,250385,0,0,0,0,0.069155
1001599,9,1,169090,44731,38440,124359,234006,0,0,0,0,0.0649851
1001600,9,1,147861,39594,33515,108267,209625,0,0,0,0,0.0637344
1001601,9,2,152376,40546,34588,111817,213960,1,0,0,0,0.164299
1001602,18,2,346519,93693,80910,252814,495475,1,0,0,0,0.205763
1001604,9,1,166284,44774,38671,121510,235303,0,0,0,0,0.0651691
1001605,18,2,339567,91189,78459,248366,481027,1,0,0,0,0.194287
1001608,18,2,328099,88334,75913,239753,466018,1,0,0,0,0.211896
1001609,9,1,169732,45414,39570,124318,236353,0,0,0,0,0.0608983
1001630,3,1,187698,51513,45364,136185,270930,0,0,0,0,0.0909882
1001631,9,1,169791,46019,39527,123772,241385,0,0,0,0,0.0584809
1001634,9,2,298730,82612,71994,216105,433990,1,0,0,0,0.210119
1001639,9,1,177116,47179,41042,129937,244877,0,0,0,0,0.0552811
1001640,3,1,195450,53095,46316,142355,278588,0,0,0,0,0.109925
1001641,9,1,171932,46310,39579,125622,242749,0,0,0,0,0.0623419
1001644,9,1,187932,50340,43329,137592,260535,0,0,0,0,0.0558047
1001649,9,2,314183,86259,75440,227912,452313,1,0,0,0,0.161616
1001650,3,1,195413,53085,46311,142328,278577,0,0,0,0,0.0941938
1001651,9,1,221244,61300,53396,159944,320921,0,0,0,0,0.0637947
1001654,9,1,203925,55583,48314,148342,291662,0,0,0,0,0.0665659
1001659,9,1,181045,48372,41680,132673,251874,0,0,0,0,0.076334
1001660,9,1,184812,50730,43449,134082,267185,0,0,0,0,0.0602157
1001661,9,1,208655,56931,49465,151724,295968,0,0,0,0,0.0604919
1001662,18,1,205466,55880,48821,149586,292490,0,0,0,0,0.0728662
1001664,9,2,290689,79944,69644,210732,422666,1,0,0,0,0.237064
1001665,18,1,209134,57195,49751,151939,300546,0,0,0,0,0.0874918
1001668,18,1,189164,50782,43695,138382,264615,0,0,0,0,0.0801165
1001669,9,1,203100,55324,48339,147776,289377,0,0,0,0,0.111001
1001690,3,1,206906,57074,49932,149832,300297,0,0,0,0,0.121608
1001691,9,1,185091,50605,43545,134486,266190,0,0,0,0,0.0883413
1001694,9,2,311753,87187,75496,224555,461901,1,0,0,0,0.219238
1001699,9,2,226056,62656,54749,163387,331006,1,0,0,0,0.142921
1001700,3,1,206878,57108,49970,149770,300620,0,0,0,0,0.0833687
1001701,9,1,215762,59125,51723,156637,308933,0,0,0,0,0.0609566
1001704,9,1,217891,59909,52270,157982,315806,0,0,0,0,0.0700959
1001709,9,1,200437,54632,47718,145805,286222,0,0,0,0,0.060155
1001710,9,1,186887,51074,43873,135813,268599,0,0,0,0,0.0622524
1001711,9,1,222722,61550,53444,161172,322130,0,0,0,0,0.0644116
1001714,9,1,198739,54306,47434,144433,285567,0,0,0,0,0.0766252
1001715,18,1,210109,57875,50096,152234,305260,0,0,0,0,0.0840238
1001718,18,1,201583,54180,46602,147403,283612,0,0,0,0,0.0557069
1001719,9,1,204376,55960,49030,148416,292757,0,0,0,0,0.065439
1001722,18,1,214710,58652,51262,156058,307259,0,0,0,0,0.0638373
1001740,3,1,186509,50617,44433,135892,265739,0,0,0,0,0.0845342
1001741,9,2,277396,76484,66934,200899,404798,1,0,0,0,0.176449
1001744,9,1,205800,56810,49905,148990,299335,0,0,0,0,0.0921949
1001749,9,1,184522,49730,43450,134792,259861,0,0,0,0,0.0754464
1001750,9,1,173504,47101,40377,126403,247390,0,0,0,0,0.0914624
1001751,9,1,202928,55065,47696,147863,288506,0,0,0,0,0.07107
1001754,9,1,211060,57890,50436,153170,304567,0,0,0,0,0.0755366
1001759,9,1,207840,57117,49674,150723,300535,0,0,0,0,0.0993079
1001762,18,1,218388,60301,52524,158087,318235,0,0,0,0,0.0905207
1001765,18,1,211558,58177,50598,153381,306673,0,0,0,0,0.0914485
1001768,18,1,201888,55425,48035,146463,291900,0,0,0,0,0.0878954
1001780,9,2,276163,76321,66653,199829,402302,1,0,0,0,0.246445
1001781,9,1,203026,55047,47732,147979,285836,0,0,0,0,0.0651925
1001784,9,2,287380,80444,70443,206925,426297,1,0,0,0,0.224582
1001789,9,1,180409,49228,42432,131181,260752,0,0,0,0,0.0631138
1001802,18,1,202384,54843,47148,147541,287055,0,0,0,0,0.0626626
1001805,18,1,210945,57239,49432,153706,300686,0,0,0,0,0.0648876
1001808,18,1,207110,56622,48993,150488,298005,0,0,0,0,0.0607174
1001830,9,1,174165,46261,40177,127904,239957,0,0,0,0,0.0555769
1001831,9,2,295032,81068,70833,213952,426726,1,0,0,0,0.172473
1001832,9,1,187681,50787,44024,136894,265769,0,0,0,0,0.0560339
1001833,9,1,221117,61739,54072,159378,325195,0,0,0,0,0.0794897
1001834,9,2,222353,61515,53858,160825,324561,1,0,0,0,0.180344
1001835,9,1,197545,53447,46441,144098,279325,0,0,0,0,0.0614682
1001836,9,1,207287,56615,49727,150672,296101,0,0,0,0,0.0738688
1001837,9,1,181355,48680,42338,132675,253980,0,0,0,0,0.0609779
1001838,9,1,209776,57782,50527,151994,304792,0,0,0,0,0.0680086
1001839,9,1,174399,47613,41372,126786,252710,0,0,0,0,0.0830545
1001840,3,1,149310,39357,33189,109953,207009,0,0,0,0,0.176353
1001841,9,1,150310,40568,34528,109742,214692,0,0,0,0,0.110041
1001844,9,1,181121,49963,43206,131158,264452,0,0,0,0,0.0864896
1001849,9,1,165948,44871,38649,121077,236516,0,0,0,0,0.0885012
1001850,3,1,163928,45071,39417,118857,238614,0,0,0,0,0.117213
1001851,9,1,159343,43883,37901,115460,232545,0,0,0,0,0.076222
1001854,9,1,183751,50037,43602,133714,262916,0,0,0,0,0.0801883
1001859,9,1,152588,40542,35001,112046,212073,0,0,0,0,0.0949657
1001860,3,1,189368,51949,45041,137419,274182,0,0,0,0,0.0995124
1001861,9,1,186664,51339,43954,135325,270577,0,0,0,0,0.0910839
1001864,9,1,203183,55166,46943,148017,288543,0,0,0,0,0.0696219
1001869,9,1,200977,54259,46577,146718,283422,0,0,0,0,0.0668728
1001870,3,1,188909,51774,44882,137135,273177,0,0,0,0,0.12886
1001871,9,2,208630,58369,50252,150248,311972,1,0,0,0,0.164638
1001874,9,2,210565,59059,50798,151493,314827,1,0,0,0,0.198241
1001879,9,1,173148,46823,40197,126325,246994,0,0,0,0,0.0746959
1001880,9,1,168961,45958,39204,123003,242756,0,0,0,0,0.0749149
1001881,9,1,200725,54770,47129,145955,287190,0,0,0,0,0.0654831
1001882,18,1,190965,52316,45439,138649,276056,0,0,0,0,0.0703451
1001884,9,1,154854,41417,36071,113437,218605,0,0,0,0,0.0634035
1001885,18,1,188891,52032,45141,136859,276674,0,0,0,0,0.0653601
1001888,18,1,195440,54060,46417,141380,286140,0,0,0,0,0.0779515
1001889,9,1,174572,46899,40335,127673,246618,0,0,0,0,0.0910192
1001910,3,1,186632,52529,46650,134103,278676,0,0,0,0,0.102799
1001911,9,1,182256,50938,44444,131318,269920,0,0,0,0,0.10583
1001914,9,2,306503,84724,74347,221766,446043,1,0,0,0,0.241684
1001919,9,1,167793,45000,39190,122793,234799,0,0,0,0,0.0637735
1001920,3,1,207821,57488,50646,150333,302809,0,0,0,0,0.123305
1001921,9,1,203049,55780,47841,147269,291954,0,0,0,0,0.0978831
1001924,9,2,332817,92226,80380,240578,485440,1,0,0,0,0.232263
1001929,9,1,203485,54527,46821,148958,283151,0,0,0,0,0.091312
1001930,3,1,206755,57135,50396,149620,300761,0,0,0,0,0.123176
1001931,9,2,229639,65001,57149,164625,346671,1,0,0,0,0.213097
1001934,9,2,225345,63589,55645,161743,338848,1,0,0,0,0.212101
1001939,9,1,180562,49194,42671,131368,259240,0,0,0,0,0.0992981
1001940,9,1,189870,52300,45210,137570,276166,0,0,0,0,0.0815059
1001941,9,1,221806,61231,53017,160575,320384,0,0,0,0,0.073225
1001942,18,1,212378,58885,51660,153493,310102,0,0,0,0,0.0747574
1001944,9,1,173894,46998,41457,126896,247031,0,0,0,0,0.0665965
1001945,18,1,213665,60455,53054,153210,322615,0,0,0,0,0.0744571
1001948,18,1,212396,59818,51752,152578,316475,0,0,0,0,0.077474
1001949,9,1,189508,51751,44842,137757,272102,0,0,0,0,0.0975955
1001970,3,1,209056,57884,51128,151172,305079,0,0,0,0,0.107276
1001971,9,1,184877,50601,43658,134276,266285,0,0,0,0,0.0697278
1001974,9,1,218637,61331,53345,157306,326083,0,0,0,0,0.072928
1001979,9,1,227315,63561,55378,163754,336795,0,0,0,0,0.0720743
1001980,3,1,209912,58152,51306,151760,306557,0,0,0,0,0.0994763
1001981,9,1,217720,60018,52849,157702,314145,0,0,0,0,0.0677441
1001984,9,1,209512,59161,51619,150351,316454,0,0,0,0,0.0756303
1001989,9,1,200861,56471,49471,144390,300896,0,0,0,0,0.0682473
1001990,9,1,208736,58194,50144,150542,306346,0,0,0,0,0.0713997
1001991,9,2,234699,67338,59208,167348,360633,1,0,0,0,0.172885
1001994,9,1,209383,58075,50634,151308,305093,0,0,0,0,0.0692829
1001995,18,1,229658,65629,57377,164029,352218,0,0,0,0,0.0710908
1001998,18,1,221960,63197,54473,158763,338334,0,0,0,0,0.0730413
1001999,9,1,187598,52186,45636,135412,276048,0,0,0,0,0.0751733
1002002,18,1,213620,58917,51568,154703,309774,0,0,0,0,0.072823
1002020,3,1,185175,51943,46035,133232,275531,0,0,0,0,0.104547
1002021,9,1,171617,46652,41107,124965,245577,0,0,0,0,0.0653972
1002024,9,1,213168,59902,52295,153266,316009,0,0,0,0,0.0759981
1002029,9,2,221313,62134,54378,159166,331388,1,0,0,0,0.153857
1002030,9,1,179542,50570,43952,128972,268937,0,0,0,0,0.070186
1002031,9,2,224555,63612,55478,160930,339708,1,0,0,0,0.16417
1002034,9,1,211743,59329,51890,152414,316424,0,0,0,0,0.0763488
1002039,9,1,238670,67429,59403,171241,357796,0,0,0,0,0.078001
1002042,18,1,212795,59520,52131,153275,316446,0,0,0,0,0.0754889
1002045,18,1,229786,65383,57329,164403,350294,0,0,0,0,0.0708771
1002048,18,1,241511,69215,60437,172296,369701,0,0,0,0,0.0702181
1002060,9,2,286216,79620,69860,206583,420286,1,0,0,0,0.188301
1002061,9,2,300670,83571,73469,217086,440902,1,0,0,0,0.1793
1002064,9,1,225967,63376,55638,162591,336766,0,0,0,0,0.0732703
1002069,9,1,211411,59735,52470,151676,319275,0,0,0,0,0.0750961
1002082,18,1,224369,63162,54699,161207,333865,0,0,0,0,0.0791912
1002085,18,1,214705,60506,52126,154199,322913,0,0,0,0,0.0646763
1002088,18,1,242478,69208,60123,173270,369342,0,0,0,0,0.0690946
1002110,9,1,163400,43606,37814,119794,227210,0,0,0,0,0.0609498
1002111,9,1,213778,58691,51364,155087,307569,0,0,0,0,0.0726862
1002112,9,1,196255,54627,47096,141628,289804,0,0,0,0,0.0769709
1002113,9,1,203970,57629,50505,146341,306229,0,0,0,0,0.100131
1002114,9,1,229900,64396,56725,165504,341789,0,0,0,0,0.0792201
1002115,9,1,199631,55576,48669,144055,295478,0,0,0,0,0.0711971
1002116,9,1,191894,53671,46635,138223,284392,0,0,0,0,0.0779739
1002117,9,2,207635,57721,50681,149901,306931,1,0,0,0,0.19113
1002118,9,1,240969,68508,60246,172461,365226,0,0,0,0,0.0836306
1002119,9,1,211814,60650,52961,151164,326182,0,0,0,0,0.108394
1002120,3,1,154058,40231,34516,113827,210146,0,0,0,0,0.131169
1002121,9,1,158476,42301,36147,116175,222376,0,0,0,0,0.115342
1002124,9,1,192895,52638,45643,140257,276289,0,0,0,0,0.0901902
1002129,9,1,168706,45268,38889,123438,236698,0,0,0,0,0.0840419
1002130,3,1,157297,41501,35376,115796,216986,0,0,0,0,0.0945557
1002131,9,1,157745,42488,35968,115257,223580,0,0,0,0,0.0672183
1002134,9,1,182902,48906,42067,133996,255232,0,0,0,0,0.0884418
1002139,9,1,151860,39634,33778,112226,205965,0,0,0,0,0.0838536
1002140,3,1,159933,42642,36274,117291,225164,0,0,0,0,0.101945
1002141,9,1,163474,44947,37926,118527,239341,0,0,0,0,0.0731103
1002144,9,1,188793,51861,44485,136932,274233,0,0,0,0,0.0931241
1002149,9,1,179568,49523,42615,130045,263180,0,0,0,0,0.0695731
1002150,3,1,159911,42655,36267,117256,225260,0,0,0,0,0.102268
1002151,9,1,202574,56006,48494,146568,295862,0,0,0,0,0.100691
1002154,9,1,198298,54817,47514,143481,289593,0,0,0,0,0.0821764
1002159,9,1,182517,49778,42757,132739,263779,0,0,0,0,0.0762192
1002160,9,1,149227,39804,33114,109423,210693,0,0,0,0,0.0738279
1002161,9,1,193847,52866,45469,140981,279335,0,0,0,0,0.0652364
1002162,18,1,173692,47449,40815,126243,252375,0,0,0,0,0.0647231
1002164,9,1,182567,49886,43805,132681,263448,0,0,0,0,0.0870403
1002165,18,1,196144,54322,46878,141822,289274,0,0,0,0,0.103671
1002168,18,1,205926,57462,49452,148464,306419,0,0,0,0,0.0938941
1002169,9,1,185051,50616,44135,134435,268142,0,0,0,0,0.0918027
1002190,3,1,183415,49442,43268,133973,258189,0,0,0,0,0.115365
1002191,9,1,179055,48582,41846,130473,254522,0,0,0,0,0.0708916
1002194,9,1,204510,55321,48293,149189,287931,0,0,0,0,0.082825
1002199,9,1,163889,42905,37020,120984,220966,0,0,0,0,0.0805169
1002200,3,1,188169,51921,45545,136248,275116,0,0,0,0,0.0953693
1002201,9,1,180470,49631,42768,130839,263119,0,0,0,0,0.0716706
1002204,9,2,187659,50220,43702,137426,263504,1,0,0,0,0.174883
1002209,9,1,190393,51607,44561,138786,270924,0,0,0,0,0.0612174
1002210,3,1,187357,51700,45314,135657,273952,0,0,0,0,0.0878968
1002211,9,1,230595,64706,56440,165889,342416,0,0,0,0,0.0938945
1002214,9,1,221674,61712,53744,159962,326029,0,0,0,0,0.0728123
1002219,9,1,191694,52168,45101,139526,275414,0,0,0,0,0.0663943
1002220,9,1,176276,48687,41898,127589,258977,0,0,0,0,0.0694766
1002221,9,1,209015,57568,50311,151447,303164,0,0,0,0,0.0704172
1002222,18,1,197918,54575,47567,143343,289326,0,0,0,0,0.0711424
1002224,9,2,305708,84479,74335,221217,447417,1,0,0,0,0.196323
1002225,18,1,224910,63387,55715,161523,337908,0,0,0,0,0.0734323
1002228,18,1,226163,63809,55245,162354,339751,0,0,0,0,0.0740398
1002229,9,1,202073,55605,48845,146468,293928,0,0,0,0,0.0885313
1002250,3,1,177864,48192,41611,129672,254801,0,0,0,0,0.0838081
1002251,9,1,161724,43725,37394,117999,231416,0,0,0,0,0.0701186
1002254,9,1,193809,53162,45585,140647,280015,0,0,0,0,0.0673085
1002259,9,1,210320,57698,49717,152622,304145,0,0,0,0,0.0679584
1002260,3,1,178540,48387,41831,130153,255870,0,0,0,0,0.0876885
1002261,9,1,212725,58823,51594,153902,310438,0,0,0,0,0.0694517
1002264,9,1,220043,61263,53407,158780,324802,0,0,0,0,0.0738694
1002269,9,1,198146,53819,46550,144327,283250,0,0,0,0,0.0673984
1002270,9,1,181423,50121,43098,131302,266191,0,0,0,0,0.0666761
1002271,9,1,215666,59354,51476,156312,311852,0,0,0,0,0.0715656
1002274,9,1,201969,55576,48342,146393,292880,0,0,0,0,0.0671962
1002275,18,1,230685,64591,56208,166094,343363,0,0,0,0,0.0653305
1002278,18,1,209483,57473,49415,152010,302804,0,0,0,0,0.0596336
1002279,9,1,209134,57046,49488,152088,298669,0,0,0,0,0.0694702
1002282,18,1,197340,54072,46890,143268,285851,0,0,0,0,0.0645576
1002300,3,1,174403,46385,40246,128018,241405,0,0,0,0,0.0841734
1002301,9,2,280435,79132,69389,201291,422838,1,0,0,0,0.175584
1002304,9,1,208946,58234,50822,150712,307808,0,0,0,0,0.0686631
1002309,9,1,187351,50275,43671,137076,262893,0,0,0,0,0.0609724
1002310,9,1,173939,47274,40816,126665,247881,0,0,0,0,0.06442
1002311,9,1,214356,59183,50964,155173,311770,0,0,0,0,0.0939865
1002314,9,1,224094,62984,55150,161110,334562,0,0,0,0,0.0904027
1002319,9,1,212824,58850,51150,153974,310545,0,0,0,0,0.0802964
1002322,18,1,219012,61408,53377,157604,326954,0,0,0,0,0.0821276
1002325,18,1,239001,67610,59170,171391,360374,0,0,0,0,0.0691362
1002328,18,1,206703,57636,50072,149067,305616,0,0,0,0,0.0723147
1002340,9,1,199228,53642,46735,145586,278606,0,0,0,0,0.0747349
1002341,9,2,177423,47540,41394,129870,249772,1,0,0,0,0.16248
1002344,9,1,204628,56272,48680,148356,296827,0,0,0,0,0.10167
1002349,9,1,177715,48638,41570,129077,257145,0,0,0,0,0.0689353
1002362,18,1,228112,63708,55343,164404,337890,0,0,0,0,0.0774157
1002365,18,1,214608,59393,50903,155215,314078,0,0,0,0,0.0682786
1002368,18,1,210522,58457,50617,152065,309583,0,0,0,0,0.0778291
1002390,9,1,159474,41793,35956,117681,215301,0,0,0,0,0.0768085
1002391,9,1,189299,51648,45046,137651,271826,0,0,0,0,0.0759637
1002392,9,1,195405,53239,45799,142166,281245,0,0,0,0,0.0943286
1002393,9,1,198740,55210,48181,143530,293159,0,0,0,0,0.113761
1002394,9,1,218841,60385,52432,158456,319403,0,0,0,0,0.0690749
1002395,9,1,205879,56642,49009,149237,299347,0,0,0,0,0.0645899
1002396,9,1,221942,61584,53321,160358,324328,0,0,0,0,0.0751114
1002397,9,1,186474,50562,44116,135912,265620,0,0,0,0,0.060907
1002398,9,1,220697,61164,52964,159533,323337,0,0,0,0,0.0714176
1002399,9,1,171114,46763,39905,124351,247778,0,0,0,0,0.0643126
1002400,3,1,173386,45546,39880,127840,239074,0,0,0,0,0.145083
1002401,9,1,162430,43602,37681,118828,230799,0,0,0,0,0.126175
1002404,9,1,200868,56367,49277,144501,299384,0,0,0,0,0.122441
1002409,9,1,203578,55339,48175,148239,290097,0,0,0,0,0.130281
1002410,3,1,187453,49931,43129,137522,262698,0,0,0,0,0.101271
1002411,9,1,174693,47572,40710,127121,251986,0,0,0,0,0.0819687
1002414,9,1,205360,56554,49286,148806,298201,0,0,0,0,0.0946917
1002419,9,1,196801,52957,46187,143844,277453,0,0,0,0,0.0637608
1002420,3,1,178200,46900,40245,131300,246139,0,0,0,0,0.111115
1002421,9,1,166827,45008,38493,121819,238560,0,0,0,0,0.103295
1002424,9,1,204739,55472,48329,149267,290873,0,0,0,0,0.0897207
1002429,9,1,190841,52349,45322,138492,277114,0,0,0,0,0.095467
1002430,3,1,174423,46927,40514,127496,248474,0,0,0,0,0.116486
1002431,9,1,197352,54367,46720,142985,288086,0,0,0,0,0.0810311
1002434,9,1,226878,62964,54316,163914,331097,0,0,0,0,0.0764937
1002439,9,1,167813,45280,38867,122533,240664,0,0,0,0,0.0770785
1002440,9,1,151120,41145,35227,109975,219184,0,0,0,0,0.0738154
1002441,9,1,188382,51640,44762,136742,274358,0,0,0,0,0.0760717
1002442,18,1,197409,54488,47017,142921,290563,0,0,0,0,0.0783796
1002444,9,1,215795,58809,50938,156986,308077,0,0,0,0,0.0777864
1002445,18,1,208529,58190,50290,150339,309746,0,0,0,0,0.0776597
1002448,18,1,199883,55822,48334,144061,298307,0,0,0,0,0.0716704
1002449,9,1,192210,52609,45713,139601,280101,0,0,0,0,0.0934671
1002470,3,1,201829,54861,47976,146968,288624,0,0,0,0,0.0901415
1002471,9,1,178698,49033,42329,129665,259574,0,0,0,0,0.0623898
1002474,9,2,206484,55806,48649,150665,290657,1,0,0,0,0.157798
1002479,9,2,203819,54708,47475,149098,284257,1,0,0,0,0.151827
1002480,3,1,208298,56904,50356,151394,300651,0,0,0,0,0.104894
1002481,9,1,190859,52680,45813,138179,279969,0,0,0,0,0.0807569
1002484,9,2,241728,67858,59511,173858,360512,1,0,0,0,0.180771
1002489,9,2,230724,64318,56279,166393,341092,1,0,0,0,0.16004
1002490,3,1,186556,49305,42891,137251,258076,0,0,0,0,0.0860021
1002491,9,1,210904,57827,50198,153077,303753,0,0,0,0,0.0707191
1002494,9,2,419800,115513,99958,304274,608081,1,0,0,0,0.204128
1002499,9,1,181244,48522,41920,132722,255500,0,0,0,0,0.0628124
1002500,9,1,168651,45367,39013,123284,239591,0,0,0,0,0.0601126
1002501,9,1,204973,56706,49572,148267,300224,0,0,0,0,0.0653558
1002502,18,1,218527,60948,53297,157579,324361,0,0,0,0,0.069348
1002504,9,2,321404,89849,78798,231542,476581,1,0,0,0,0.187648
1002505,18,1,225240,63349,55139,161891,337077,0,0,0,0,0.0712662
1002508,18,1,214731,60200,52650,154531,320275,0,0,0,0,0.0704126
1002509,9,1,203369,55887,48794,147482,296715,0,0,0,0,0.0879995
1002530,3,1,185664,49200,43108,136464,257726,0,0,0,0,0.084776
1002531,9,1,165314,44354,38187,120960,233932,0,0,0,0,0.0644161
1002534,9,1,191912,52013,44738,139899,273346,0,0,0,0,0.0643712
1002539,9,1,211221,57543,49816,153678,303164,0,0,0,0,0.0645676
1002540,3,1,190457,51283,44854,139174,269663,0,0,0,0,0.0851138
1002541,9,1,201973,56216,49664,145757,297356,0,0,0,0,0.0649202
1002544,9,1,221298,61718,53503,159580,327187,0,0,0,0,0.0689791
1002549,9,1,206803,56063,48198,150740,294811,0,0,0,0,0.0649091
1002550,9,1,181156,49626,42699,131530,262693,0,0,0,0,0.0670572
1002551,9,1,212659,57995,50113,154664,304273,0,0,0,0,0.0670707
1002554,9,2,229406,64733,56645,164660,346161,1,0,0,0,0.145805
1002555,18,1,236983,66407,57840,170576,353514,0,0,0,0,0.0667916
1002558,18,1,225882,62526,54486,163356,329973,0,0,0,0,0.0637343
1002559,9,1,230104,61805,53765,168299,321114,0,0,0,0,0.0713949
1002562,18,1,220846,61375,53626,159471,326238,0,0,0,0,0.0683879
1002580,3,1,193904,51281,44658,142623,267485,0,0,0,0,0.0863879
1002581,9,2,291192,81990,71710,209189,436747,1,0,0,0,0.173082
1002584,9,2,228650,64716,56605,163921,346729,1,0,0,0,0.14663
1002589,9,2,286078,80044,69295,206021,426386,1,0,0,0,0.169243
1002590,9,1,179234,48453,41852,130781,255218,0,0,0,0,0.0602584
1002591,9,2,417001,115133,99356,301855,606961,1,0,0,0,0.207851
1002594,9,1,219963,61256,53500,158707,325118,0,0,0,0,0.0773994
1002599,9,1,214025,59138,51571,154887,312361,0,0,0,0,0.0739909
1002602,18,1,231559,64797,55911,166762,344354,0,0,0,0,0.0808409
1002605,18,1,236038,66555,58318,169483,354810,0,0,0,0,0.0691555
1002608,18,1,209253,58816,50738,150437,313247,0,0,0,0,0.0648596
1002620,9,2,199206,53561,47117,145632,278693,1,0,0,0,0.155747
1002621,9,2,229632,64153,55980,165467,340468,1,0,0,0,0.165655
1002624,9,1,195553,53130,45983,142423,278891,0,0,0,0,0.0646013
1002629,9,1,189269,51817,44492,137452,273997,0,0,0,0,0.066998
1002642,18,1,222834,61786,53730,161048,327457,0,0,0,0,0.0728007
1002645,18,1,233930,65014,56186,168916,344119,0,0,0,0,0.0662785
1002648,18,1,215033,59490,51091,155543,315938,0,0,0,0,0.0626781
1002670,9,2,192632,51432,44736,141187,267308,1,0,0,0,0.135184
1002671,9,2,213334,58928,51085,154393,312024,1,0,0,0,0.147237
1002672,9,1,178706,48069,41577,130637,253425,0,0,0,0,0.0634629
1002673,9,1,205613,57608,50359,148005,307394,0,0,0,0,0.0875
1002674,9,1,207457,56172,48837,151285,295426,0,0,0,0,0.0634534
1002675,9,1,207388,56479,49168,150909,297979,0,0,0,0,0.0642835
1002676,9,1,242227,67117,58559,175110,352737,0,0,0,0,0.0753978
1002677,9,2,249994,69398,60299,180583,370052,1,0,0,0,0.1588
1002678,9,1,217854,60534,52827,157320,321034,0,0,0,0,0.077917
1002679,9,1,181367,49339,42427,132028,260875,0,0,0,0,0.0661099
1002680,3,1,176074,46435,40761,129639,243758,0,0,0,0,0.137578
1002681,9,1,188479,50303,44123,138176,262902,0,0,0,0,0.0851523
1002684,9,1,173257,46211,40433,127046,242737,0,0,0,0,0.0864641
1002689,9,1,156554,40700,34930,115854,212046,0,0,0,0,0.0981059
1002690,3,1,188585,50339,43661,138246,264899,0,0,0,0,0.109894
1002691,9,2,352050,94992,82309,257045,500395,1,0,0,0,0.254917
1002694,9,1,179581,47597,41091,131984,249180,0,0,0,0,0.0647443
1002699,9,1,156438,40657,34701,115781,212485,0,0,0,0,0.0578381
1002700,3,1,179465,47549,40826,131916,250141,0,0,0,0,0.0930812
1002701,9,1,188310,50019,43345,138291,261254,0,0,0,0,0.0651535
1002704,9,1,177550,47131,40907,130419,247150,0,0,0,0,0.0637511
1002709,9,1,181026,48230,41546,132796,253558,0,0,0,0,0.0665144
1002710,3,1,177006,47863,41396,129143,253720,0,0,0,0,0.0937295
1002711,9,1,167692,44630,38035,123062,235686,0,0,0,0,0.061404
1002714,9,1,178283,47537,40769,130746,250711,0,0,0,0,0.0639774
1002719,9,1,177495,47190,40875,130305,247579,0,0,0,0,0.0625626
1002720,9,1,170118,44930,38564,125188,235031,0,0,0,0,0.0602043
1002721,9,1,159259,41492,35564,117767,217339,0,0,0,0,0.0620733
1002722,18,1,176507,47182,40729,129325,248729,0,0,0,0,0.0619311
1002724,9,1,196122,53213,46182,142909,281022,0,0,0,0,0.0658104
1002725,18,1,199434,55111,47495,144323,294243,0,0,0,0,0.0676478
1002728,18,1,190323,51947,44977,138376,276961,0,0,0,0,0.0636478
1002729,9,1,186252,50973,44212,135279,271733,0,0,0,0,0.0850046
1002750,3,1,202671,55246,48419,147425,290886,0,0,0,0,0.0867803
1002751,9,2,223859,61732,54424,162114,326192,1,0,0,0,0.171554
1002754,9,1,195219,52952,46368,142267,277580,0,0,0,0,0.0711115
1002759,9,1,168675,44442,38297,124233,231322,0,0,0,0,0.0618695
1002760,3,1,209493,57465,50832,152028,304052,0,0,0,0,0.133163
1002761,9,1,209351,56459,49368,152892,294935,0,0,0,0,0.0873728
1002764,9,1,202022,54969,48353,147053,289791,0,0,0,0,0.097347
1002769,9,1,187494,49655,43142,137839,259510,0,0,0,0,0.0810472
1002770,3,1,187782,49795,43384,137987,260976,0,0,0,0,0.125678
1002771,9,1,182015,47832,41191,134183,250078,0,0,0,0,0.0766889
1002774,9,1,192156,50930,43992,141226,266250,0,0,0,0,0.0949354
1002779,9,2,276908,76135,66552,200761,402466,1,0,0,0,0.215648
1002780,9,1,181273,47095,40988,134178,243095,0,0,0,0,0.0592563
1002781,9,1,183698,49055,42799,134643,257783,0,0,0,0,0.0651655
1002782,18,1,196543,53582,46702,142961,282889,0,0,0,0,0.0711937
1002784,9,2,304586,85122,74551,219451,454334,1,0,0,0,0.219584
1002785,18,2,313603,87743,77012,225847,468802,1,0,0,0,0.213335
1002788,18,1,207132,56775,49920,150357,301279,0,0,0,0,0.0730655
1002789,9,1,202420,55938,48685,146482,297098,0,0,0,0,0.128952
1002810,3,1,186522,49663,43444,136859,260490,0,0,0,0,0.130677
1002811,9,1,190536,50700,44139,139836,263542,0,0,0,0,0.0913643
1002814,9,1,194286,52274,45506,142012,274943,0,0,0,0,0.0756471
1002819,9,2,266726,73360,63602,193354,389015,1,0,0,0,0.209955
1002820,3,1,192934,52378,45863,140556,276133,0,0,0,0,0.124876
1002821,9,1,172583,46122,40054,126461,242296,0,0,0,0,0.081586
1002824,9,1,200769,54166,46650,146603,284780,0,0,0,0,0.0816275
1002829,9,1,203170,55167,47348,148003,290733,0,0,0,0,0.0730579
1002830,9,1,200069,53645,46316,146424,279581,0,0,0,0,0.0931336
1002831,9,1,183923,48241,41775,135682,251903,0,0,0,0,0.0846789
1002834,9,1,205376,55648,48722,149728,292961,0,0,0,0,0.0806719
1002835,18,1,207465,55580,47946,151885,291787,0,0,0,0,0.0653947
1002838,18,1,218165,60267,52444,157898,319667,0,0,0,0,0.0804472
1002839,9,1,211193,57095,50112,154098,300120,0,0,0,0,0.086464
1002842,18,1,189937,51323,44424,138614,270314,0,0,0,0,0.0873662
1002860,3,1,196319,52185,45562,144134,272555,0,0,0,0,0.0944687
1002861,9,2,275974,76672,66792,199289,408805,1,0,0,0,0.175985
1002864,9,1,210067,57496,50095,152571,304256,0,0,0,0,0.071173
1002869,9,1,195246,53026,45767,142220,279757,0,0,0,0,0.0628148
1002870,9,2,229473,63796,56244,165664,338473,1,0,0,0,0.157565
1002871,9,1,191001,50682,43599,140319,265083,0,0,0,0,0.0628278
1002874,9,1,209813,57182,49782,152631,301447,0,0,0,0,0.0704744
1002879,9,1,191345,51728,44984,139617,271723,0,0,0,0,0.073768
1002882,18,2,280027,78771,68953,201243,422754,1,0,0,0,0.244776
1002885,18,1,214425,58356,50627,156069,307975,0,0,0,0,0.08551
1002888,18,1,205552,56569,49471,148983,300292,0,0,0,0,0.102859
1002900,9,1,187033,50018,43413,137015,260958,0,0,0,0,0.116769
1002901,9,1,196489,53201,46106,143288,280017,0,0,0,0,0.0929857
1002904,9,1,195015,52157,45693,142858,273433,0,0,0,0,0.090535
1002909,9,1,204190,55681,48253,148509,292219,0,0,0,0,0.0980027
1002922,18,1,210742,57434,49739,153308,304145,0,0,0,0,0.11457
1002925,18,1,230403,63770,54987,166633,338713,0,0,0,0,0.0900528
1002928,18,1,203898,55735,47918,148163,295307,0,0,0,0,0.0609751
1002950,9,1,162851,42395,36323,120456,219910,0,0,0,0,0.0564498
1002951,9,1,183591,48537,41777,135054,253400,0,0,0,0,0.0657213
1002952,9,2,282766,76953,66585,205801,405901,1,0,0,0,0.245806
1002953,9,1,194686,52753,45738,141933,278665,0,0,0,0,0.123073
1002954,9,2,281219,76479,66324,204728,403629,1,0,0,0,0.238003
1002955,9,1,206601,55798,48668,150803,293673,0,0,0,0,0.0701119
1002956,9,1,221840,61035,53595,160805,322658,0,0,0,0,0.0975764
1002957,9,1,194638,52394,45639,142244,275232,0,0,0,0,0.0919457
1002958,9,1,184412,48693,42146,135719,253695,0,0,0,0,0.098225
1002959,9,1,204160,55192,47528,148968,289150,0,0,0,0,0.0889769
1002960,9,1,147982,38806,33591,109176,204067,0,0,0,0,0.119231
1002961,9,1,180840,47323,41472,133517,244052,0,0,0,0,0.111084
1002964,9,1,155916,41048,35666,114868,213964,0,0,0,0,0.125553
1002969,9,1,151703,38865,33161,112838,200165,0,0,0,0,0.141549
1002970,9,1,156888,41294,34861,115594,216798,0,0,0,0,0.0965444
1002971,9,1,187558,49230,42463,138328,253694,0,0,0,0,0.0914254
1002974,9,1,148973,39138,33491,109835,203774,0,0,0,0,0.105418
1002979,9,1,143091,37365,31680,105726,194196,0,0,0,0,0.133219
1002980,9,1,149229,38895,32779,110334,204208,0,0,0,0,0.119855
1002981,9,1,182241,48073,41661,134168,248593,0,0,0,0,0.118599
1002984,9,1,157663,41425,35858,116238,215052,0,0,0,0,0.110154
1002989,9,1,163010,43755,37835,119255,230240,0,0,0,0,0.0873451
1002990,9,1,149839,39941,33764,109898,211337,0,0,0,0,0.0661335
1002991,9,1,158842,42705,36503,116137,225349,0,0,0,0,0.0622578
1002994,9,2,167279,45371,39159,121895,240905,1,0,0,0,0.173302
1002999,9,2,190530,52202,45319,138315,276690,1,0,0,0,0.185621
1003000,9,1,167548,43571,37563,123977,224274,0,0,0,0,0.0654631
1003001,9,1,148225,39300,33384,108925,207128,0,0,0,0,0.0808149
1003004,9,1,179372,48912,42131,130460,258703,0,0,0,0,0.096562
1003009,9,1,164651,44815,38928,119836,238775,0,0,0,0,0.0896492
1003030,9,1,169703,45700,39067,124003,240478,0,0,0,0,0.0873936
1003031,9,2,177712,46494,40428,131205,241512,1,0,0,0,0.181216
1003034,9,2,256933,69687,60350,187234,365916,1,0,0,0,0.187384
1003039,9,2,183186,49135,41732,134039,257430,1,0,0,0,0.204019
1003040,9,1,179380,48933,42254,130447,259433,0,0,0,0,0.0966773
1003041,9,2,172118,46100,40282,126005,242791,1,0,0,0,0.166518
1003044,9,2,256665,69901,61566,186752,368741,1,0,0,0,0.206602
1003049,9,2,220706,61150,53088,159543,325287,1,0,0,0,0.154161
1003050,9,1,162041,42894,36789,119147,225445,0,0,0,0,0.0612428
1003051,9,2,176804,47682,41644,129109,252013,1,0,0,0,0.160629
1003054,9,2,174975,46901,41144,128061,247274,1,0,0,0,0.158049
1003059,9,2,175698,47924,41563,127761,254017,1,0,0,0,0.14879
1003060,9,2,172504,46281,40556,126210,244374,1,0,0,0,0.163734
1003061,9,2,276377,77222,67544,199143,413018,1,0,0,0,0.234089
1003064,9,2,295660,82111,72026,213537,437115,1,0,0,0,0.18817
1003069,9,2,261747,73604,63960,188131,393720,1,0,0,0,0.180989
1003090,9,1,158238,41655,35733,116583,218524,0,0,0,0,0.0707577
1003091,9,2,164351,44118,38735,120220,233049,1,0,0,0,0.164502
1003094,9,2,252846,70181,61454,182653,373067,1,0,0,0,0.163363
1003099,9,2,176358,47636,41721,128710,250909,1,0,0,0,0.142822
1003100,9,1,165259,44341,38072,120918,233842,0,0,0,0,0.0669734
1003101,9,2,246580,68535,60180,178033,366297,1,0,0,0,0.173447
1003104,9,2,184716,50660,44429,134043,268056,1,0,0,0,0.162258
1003109,9,2,185372,50734,44057,134625,268365,1,0,0,0,0.15129
1003110,9,2,171017,46530,40537,124474,246545,1,0,0,0,0.153409
1003111,9,2,175914,48517,41945,127384,258992,1,0,0,0,0.154
1003114,9,2,233155,65998,57777,167145,352337,1,0,0,0,0.150608
1003119,9,2,188307,51603,45099,136691,272373,1,0,0,0,0.13746
1003140,9,1,165566,43844,37670,121722,229267,0,0,0,0,0.0581791
1003141,9,2,268269,74812,65533,193445,399266,1,0,0,0,0.170079
1003144,9,2,234235,65964,57590,168259,351828,1,0,0,0,0.16156
1003149,9,2,178524,48650,41931,129861,256970,1,0,0,0,0.167414
1003150,9,2,181453,48461,42456,132979,253966,1,0,0,0,0.159043
1003151,9,2,183475,50574,44042,132888,269188,1,0,0,0,0.16169
1003154,9,2,188791,51967,45277,136811,275682,1,0,0,0,0.150735
1003159,9,2,176249,48311,42080,127926,255908,1,0,0,0,0.14841
1003180,9,2,285244,78092,68154,207140,411238,1,0,0,0,0.181792
1003181,9,2,288094,79808,69867,208274,423799,1,0,0,0,0.219956
1003184,9,2,270661,74792,65701,195857,397345,1,0,0,0,0.171375
1003189,9,2,169104,45545,39492,123547,239746,1,0,0,0,0.146036
1003230,9,2,176915,47006,40588,129897,245868,1,0,0,0,0.211111
1003231,9,2,208231,57065,49856,151153,302453,1,0,0,0,0.158319
1003232,9,2,162637,43220,37382,119404,227895,1,0,0,0,0.13993
1003233,9,2,270155,75232,65288,194911,401498,1,0,0,0,0.168621
1003234,9,2,167357,44295,38458,123050,231969,1,0,0,0,0.135012
1003235,9,2,165908,44036,38055,121859,230836,1,0,0,0,0.134923
1003236,9,2,168348,44857,38840,123478,235300,1,0,0,0,0.131899
1003237,9,2,159194,42538,36716,116643,223235,1,0,0,0,0.128492
1003238,9,2,167229,44740,38580,122477,235580,1,0,0,0,0.138732
1003239,9,2,168459,44886,38728,123561,235852,1,0,0,0,0.180472
1003522,18,1,187609,50020,44091,137589,262038,0,0,0,0,0.0930976
1003525,18,1,185600,50094,43823,135506,264131,0,0,0,0,0.0792334
1003528,18,1,171562,45872,39628,125690,240737,0,0,0,0,0.080007
1003532,18,1,186573,49714,43528,136859,260499,0,0,0,0,0.0665855
1003535,18,1,188753,50438,43539,138315,265188,0,0,0,0,0.0627625
1003538,18,1,173557,46276,39460,127281,242934,0,0,0,0,0.0589441
1003542,18,1,186065,49923,43332,136142,262490,0,0,0,0,0.0679472
1003545,18,1,178445,47925,41249,130520,252233,0,0,0,0,0.0621079
1003548,18,1,196327,53255,46525,143072,280698,0,0,0,0,0.0627773
1003552,18,1,180454,49629,42707,130825,264198,0,0,0,0,0.0586081
1003555,18,1,187317,51011,43538,136306,269828,0,0,0,0,0.060974
1003558,18,1,189428,51605,44826,137823,272474,0,0,0,0,0.0708443
1003562,18,1,166742,45213,38641,121529,239890,0,0,0,0,0.079769
1003565,18,1,194139,53283,46049,140856,282184,0,0,0,0,0.0636665
1003568,18,1,181996,49599,43252,132397,264080,0,0,0,0,0.0651988
1003570,18,1,175708,47121,40830,128587,248428,0,0,0,0,0.0673889
1003571,18,1,172057,46593,39670,125464,246905,0,0,0,0,0.0624973
1003572,18,1,171939,46234,39816,125705,243930,0,0,0,0,0.0589533
1003573,18,1,165786,45110,39084,120676,239040,0,0,0,0,0.0720826
1003574,18,1,189669,52245,45010,137424,277857,0,0,0,0,0.0643283
1003575,18,1,202078,54596,47164,147482,286863,0,0,0,0,0.0648025
1003576,18,1,186166,51175,44293,134991,272157,0,0,0,0,0.070786
1003577,18,1,173122,46820,41131,126302,247779,0,0,0,0,0.0648437
1003578,18,1,186816,51119,44499,135697,271734,0,0,0,0,0.0680129
1003579,18,1,193328,52955,45942,140373,281776,0,0,0,0,0.0701107
1003592,18,2,229091,62688,54976,166390,330299,1,0,0,0,0.189813
1003595,18,2,272867,74591,65335,198263,393111,1,0,0,0,0.160551
1003598,18,1,183822,49310,42363,134512,257220,0,0,0,0,0.0576609
1003602,18,1,201904,54003,47341,147901,281834,0,0,0,0,0.0716478
1003605,18,1,204532,55602,48142,148930,292357,0,0,0,0,0.0638099
1003608,18,1,209338,56704,49485,152634,297567,0,0,0,0,0.0648556
1003612,18,1,190858,51923,45111,138935,273943,0,0,0,0,0.0601341
1003615,18,1,206061,56335,48434,149726,296752,0,0,0,0,0.0662074
1003618,18,2,275279,76044,66541,199223,403414,1,0,0,0,0.172872
1003622,18,1,193274,53133,45562,140141,281065,0,0,0,0,0.0620093
1003625,18,2,319351,89454,78448,229884,477534,1,0,0,0,0.172777
1003628,18,2,308924,86700,76237,222211,463765,1,0,0,0,0.185564
1003630,18,2,290571,79341,69713,211217,420178,1,0,0,0,0.183833
1003631,18,1,186214,50309,43914,135905,265407,0,0,0,0,0.0568405
1003632,18,1,188937,50856,44343,138081,266269,0,0,0,0,0.0675874
1003633,18,1,192700,52948,46272,139752,279636,0,0,0,0,0.0835917
1003634,18,1,204563,56549,49038,148014,299523,0,0,0,0,0.0646068
1003635,18,2,308355,84228,73728,224114,445383,1,0,0,0,0.208854
1003636,18,1,209048,57671,50310,151377,305386,0,0,0,0,0.0752512
1003637,18,2,282170,78044,68736,204113,414937,1,0,0,0,0.207913
1003638,18,1,206284,56596,50129,149688,298408,0,0,0,0,0.0709693
1003639,18,1,203644,56254,49158,147390,297699,0,0,0,0,0.0975773
1003652,18,2,256074,69883,61770,186178,370435,1,0,0,0,0.178607
1003655,18,1,201197,54885,47778,146312,290060,0,0,0,0,0.0625961
1003658,18,2,264748,73240,63601,191496,389098,1,0,0,0,0.158423
1003662,18,1,183815,49623,43273,134192,261486,0,0,0,0,0.0588485
1003665,18,1,208722,57589,49759,151133,305085,0,0,0,0,0.0630094
1003668,18,1,207435,56629,49075,150806,299022,0,0,0,0,0.0608962
1003672,18,1,192844,52377,45482,140467,275229,0,0,0,0,0.0594137
1003675,18,2,284352,79639,69891,204700,424434,1,0,0,0,0.184474
1003678,18,1,222102,61277,53133,160825,324725,0,0,0,0,0.0911087
1003680,18,1,199226,53315,46402,145911,278214,0,0,0,0,0.095561
1003681,18,1,192500,52152,45093,140348,274823,0,0,0,0,0.0606767
1003682,18,1,185078,50488,43161,134590,266998,0,0,0,0,0.057712
1003684,18,1,221667,60790,52868,160877,320687,0,0,0,0,0.0656062
1003685,18,2,299853,83583,73115,216257,444394,1,0,0,0,0.160086
1003686,18,1,204725,56090,48550,148635,294907,0,0,0,0,0.0656305
1003687,18,1,206223,56381,49441,149842,297272,0,0,0,0,0.0592557
1003688,18,1,234653,64631,56239,170022,340705,0,0,0,0,0.0643785
1003689,18,1,213750,58510,50563,155240,309578,0,0,0,0,0.0689534
1003693,18,1,196826,54536,47572,142290,289143,0,0,0,0,0.0795199
1003702,18,1,205278,56763,49244,148515,300784,0,0,0,0,0.0645807
1003705,18,1,219031,59748,52110,159283,314368,0,0,0,0,0.0636001
1003708,18,1,196585,53895,46797,142690,284647,0,0,0,0,0.0596266
1003712,18,2,278921,77435,67714,201473,412553,1,0,0,0,0.162287
1003715,18,2,281752,78473,68900,203266,418323,1,0,0,0,0.174269
1003718,18,2,188497,52137,45556,136347,277447,1,0,0,0,0.159293
1003720,18,2,229556,63245,56115,166298,334122,1,0,0,0,0.200347
1003721,18,1,207874,57011,49221,150863,300556,0,0,0,0,0.0681512
1003722,18,2,278585,77743,67765,200829,415777,1,0,0,0,0.185962
1003724,18,1,221802,61571,53520,160231,326851,0,0,0,0,0.0886778
1003725,18,2,309426,87251,76451,222162,466278,1,0,0,0,0.187313
1003728,18,1,214046,58969,51572,155077,312329,0,0,0,0,0.0695165
1003729,18,1,190435,52004,44851,138431,275129,0,0,0,0,0.0705009
1003733,18,1,210805,58515,51394,152290,310830,0,0,0,0,0.0877831
1003736,18,1,207234,56551,49222,150683,296930,0,0,0,0,0.065013
1003737,18,1,195560,52973,45876,142587,278900,0,0,0,0,0.0676069
1003742,18,2,299500,83776,73567,215711,447394,1,0,0,0,0.202769
1003745,18,1,208042,56960,49774,151082,300413,0,0,0,0,0.0813575
1003748,18,1,192633,52065,45227,140568,273885,0,0,0,0,0.0758011
1003750,18,2,294256,80588,70634,213655,424668,1,0,0,0,0.163647
1003751,18,1,197354,53732,46571,143622,282595,0,0,0,0,0.0595026
1003754,18,1,200043,54242,47267,145801,286300,0,0,0,0,0.058767
1003759,18,1,201838,55268,47533,146570,290630,0,0,0,0,0.0606227
1003762,18,2,265293,74102,64653,191178,397378,1,0,0,0,0.171986
1003763,18,1,205607,56417,49411,149190,297927,0,0,0,0,0.0681506
1003765,18,1,226856,62566,53952,164290,331281,0,0,0,0,0.0848848
1003766,18,1,233254,64548,56145,168706,340953,0,0,0,0,0.0695809
1003767,18,2,183909,50510,43911,133386,268339,1,0,0,0,0.142007
1003768,18,1,210655,58238,50874,152417,309103,0,0,0,0,0.0640694
1003780,18,1,181537,48182,41685,133355,250045,0,0,0,0,0.0554196
1003781,18,1,205119,55178,48101,149941,288245,0,0,0,0,0.0792599
1003782,18,2,289766,79636,69977,210118,422095,1,0,0,0,0.216703
1003783,18,1,211529,58897,51700,152632,312903,0,0,0,0,0.0813687
1003784,18,2,288594,79004,68873,209578,417851,1,0,0,0,0.222068
1003785,18,1,217851,59777,51910,158074,316067,0,0,0,0,0.0856334
1003786,18,1,218597,60688,53194,157909,322274,0,0,0,0,0.0814541
1003787,18,1,203579,55824,48630,147755,295105,0,0,0,0,0.0896831
1003788,18,1,189527,51675,44903,137852,272839,0,0,0,0,0.0832442
1003789,18,1,204783,55989,48642,148794,294101,0,0,0,0,0.0896796
1005240,18,1,191457,51671,45021,139786,270849,0,0,0,0,0.0787865
1005241,18,2,299360,84713,74149,214634,455358,1,0,0,0,0.209361
1005244,18,1,218167,60541,52206,157626,323949,0,0,0,0,0.0849146
1005249,18,1,188364,51298,44767,137066,272597,0,0,0,0,0.0827401
1005262,36,1,193251,53593,46470,139658,286350,0,0,0,0,0.0659759
1005265,36,1,214824,58960,51054,155864,314282,0,0,0,0,0.0793779
1005268,36,1,200069,54573,47737,145496,290889,0,0,0,0,0.077129
1005300,18,2,206137,56258,49642,149868,298887,1,0,0,0,0.136251
1005301,18,2,302222,84696,74251,217513,454584,1,0,0,0,0.144582
1005304,18,1,212473,58468,50972,154005,311165,0,0,0,0,0.057356
1005309,18,1,198015,54690,47704,143325,292274,0,0,0,0,0.0765821
1005322,36,1,209920,58478,50705,151442,312192,0,0,0,0,0.0614957
1005325,36,1,224351,62110,54089,162241,331482,0,0,0,0,0.068399
1005328,36,1,215694,59428,51902,156266,317244,0,0,0,0,0.0754176
1005350,18,1,223279,60997,53623,162282,319837,0,0,0,0,0.067674
1005351,18,1,202011,55822,49413,146189,296694,0,0,0,0,0.0748831
1005354,18,2,337737,96132,84499,241592,517734,1,0,0,0,0.219276
1005359,18,2,337166,94663,82583,242490,507733,1,0,0,0,0.212052
1005372,36,1,221156,61515,53498,159641,326439,0,0,0,0,0.0651225
1005375,36,1,222142,61684,53522,160458,330016,0,0,0,0,0.078863
1005378,36,1,239193,66880,58129,172313,358586,0,0,0,0,0.0923339
1005390,18,1,212961,58415,51107,154546,306461,0,0,0,0,0.0801477
1005391,18,2,200956,54926,48426,146017,292717,1,0,0,0,0.159786
1005394,18,1,216509,59465,51765,157044,315049,0,0,0,0,0.0650727
1005399,18,1,191946,52780,45917,139166,279853,0,0,0,0,0.0599115
1005412,36,1,228697,63448,55840,165249,337564,0,0,0,0,0.0676141
1005415,36,1,218185,60459,52639,157726,322781,0,0,0,0,0.0674859
1005418,36,1,216174,60143,52474,156031,321528,0,0,0,0,0.0639677
1005420,18,1,189804,51447,45178,138357,271032,0,0,0,0,0.0606177
1005421,18,1,206895,55948,49037,150947,295164,0,0,0,0,0.0663301
1005424,18,2,232661,64748,57202,167900,346042,1,0,0,0,0.166902
1005429,18,1,194291,52631,46139,141660,277722,0,0,0,0,0.0832385
1005442,36,2,202842,55577,48760,147252,296939,1,0,0,0,0.17519
1005445,36,1,225876,62698,54933,163178,335452,0,0,0,0,0.0859842
1005448,36,1,213029,59092,51618,153937,316452,0,0,0,0,0.0788412
1005470,18,1,176066,47535,41614,128531,250544,0,0,0,0,0.0709316
1005471,18,1,197979,53210,46774,144769,279868,0,0,0,0,0.0831137
1005472,18,2,303998,83993,73937,219993,448129,1,0,0,0,0.228024
1005473,18,1,197898,53368,47381,144530,280414,0,0,0,0,0.0858314
1005474,18,2,194511,53002,46713,141497,280769,1,0,0,0,0.183069
1005475,18,1,213748,58481,50950,155267,309743,0,0,0,0,0.0755741
1005476,18,1,205389,56407,49383,148982,301004,0,0,0,0,0.0610567
1005477,18,1,199418,54846,48087,144572,291660,0,0,0,0,0.0582858
1005478,18,1,189970,51395,44661,138575,271749,0,0,0,0,0.0565511
1005479,18,1,198546,54148,47480,144398,286042,0,0,0,0,0.0581403
1005750,18,1,183490,49856,43751,133634,262735,0,0,0,0,0.0636864
1005751,18,1,195952,53163,46959,142789,280396,0,0,0,0,0.0632735
1005752,18,2,270706,74161,65390,196532,394625,1,0,0,0,0.173895
1005753,18,1,192518,52836,46247,139682,281983,0,0,0,0,0.0696829
1005754,18,1,188359,51003,44741,137356,268943,0,0,0,0,0.0643898
1005755,18,1,217263,60013,52634,157250,318607,0,0,0,0,0.082421
1005756,18,1,203390,55957,48783,147433,298668,0,0,0,0,0.0696053
1005757,18,1,194535,53261,46422,141274,283238,0,0,0,0,0.0809491
1005758,18,1,182948,50080,43803,132868,266389,0,0,0,0,0.0631455
1005759,18,1,187021,51072,44723,135949,270036,0,0,0,0,0.0695976
1005820,36,1,195319,53643,46528,141676,284549,0,0,0,0,0.0617096
1005821,36,1,194273,53910,46634,140363,287788,0,0,0,0,0.068149
1005822,36,1,195680,53760,46255,141920,286593,0,0,0,0,0.0766918
1005823,36,1,194978,54656,47770,140322,293572,0,0,0,0,0.0698743
1005824,36,1,213534,59668,51546,153866,320146,0,0,0,0,0.0762802
1005825,36,1,226045,62411,54387,163634,332043,0,0,0,0,0.0557576
1005826,36,1,209495,58919,51625,150576,316110,0,0,0,0,0.0903087
1005827,36,1,198653,54661,47661,143992,290769,0,0,0,0,0.101007
1005828,36,1,202545,55805,48652,146740,297472,0,0,0,0,0.10194
1005829,36,1,206015,57387,50159,148628,306377,0,0,0,0,0.111401
1005880,36,1,201705,54915,47914,146790,289291,0,0,0,0,0.138137
1005881,36,1,210923,58393,50803,152530,311500,0,0,0,0,0.102273
1005882,36,1,206742,57339,49574,149403,305232,0,0,0,0,0.104284
1005883,36,1,214141,60117,52648,154024,321464,0,0,0,0,0.135505
1005884,36,1,203462,56641,48990,146821,302902,0,0,0,0,0.0734808
1005885,36,1,211581,57845,50389,153736,306459,0,0,0,0,0.101269
1005886,36,1,211752,59105,51788,152647,315121,0,0,0,0,0.10152
1005887,36,1,197608,54646,47720,142962,291524,0,0,0,0,0.0818678
1005888,36,1,211989,58708,51320,153281,312824,0,0,0,0,0.08988
1005889,36,1,192667,52861,45750,139806,281849,0,0,0,0,0.0996794
1005930,36,1,204315,54964,48065,149351,287889,0,0,0,0,0.0593697
1005931,36,1,216507,60237,52877,156270,321632,0,0,0,0,0.0667639
1005932,36,1,205301,56767,49125,148534,302932,0,0,0,0,0.0831102
1005933,36,1,211425,59236,51792,152189,316475,0,0,0,0,0.072104
1005934,36,1,218558,60646,52914,157912,324570,0,0,0,0,0.0806199
1005935,36,1,214780,59639,51884,155141,318592,0,0,0,0,0.0875386
1005936,36,1,213012,59413,51402,153599,317716,0,0,0,0,0.0933412
1005937,36,1,215963,59506,52102,156457,317442,0,0,0,0,0.0876825
1005938,36,1,234633,65597,57258,169036,351340,0,0,0,0,0.0841243
1005939,36,1,218013,60835,52683,157178,326950,0,0,0,0,0.0802909
1005970,36,1,196934,53119,46376,143815,278758,0,0,0,0,0.0619579
1005971,36,1,212581,59684,51705,152897,319308,0,0,0,0,0.0629464
1005972,36,1,209645,58055,50246,151590,309831,0,0,0,0,0.0615153
1005973,36,1,210806,58781,51658,152025,313898,0,0,0,0,0.090222
1005974,36,1,214885,59387,51951,155498,317217,0,0,0,0,0.0597839
1005975,36,1,220566,61487,53219,159079,328999,0,0,0,0,0.0612591
1005976,36,2,201578,56011,49342,145554,299599,1,0,0,0,0.13264
1005977,36,1,200128,55204,48031,144924,294307,0,0,0,0,0.0780978
1005978,36,1,214453,59655,51715,154798,319146,0,0,0,0,0.0592125
1005979,36,1,182778,50042,43556,132736,266208,0,0,0,0,0.055405
1006000,36,1,204376,56075,49100,148301,296776,0,0,0,0,0.0624732
1006001,36,1,202258,55709,48528,146549,295652,0,0,0,0,0.059574
1006002,36,1,203589,56138,49185,147451,300088,0,0,0,0,0.0690847
1006003,36,1,209592,58043,50849,151549,310084,0,0,0,0,0.0692176
1006004,36,1,206219,56403,49467,149816,300262,0,0,0,0,0.0604881
1006005,36,1,233134,64694,56342,168440,345778,0,0,0,0,0.0689922
1006006,36,1,240166,66804,58183,173362,355958,0,0,0,0,0.0900904
1006007,36,2,229000,64064,56077,164923,344789,1,0,0,0,0.162416
1006008,36,1,222757,62378,54295,160379,334473,0,0,0,0,0.07081
1006009,36,1,194770,53555,45948,141215,284303,0,0,0,0,0.0617055
1006020,36,1,190429,52181,45487,138248,275964,0,0,0,0,0.0610666
1006021,36,1,198545,54230,46874,144315,286686,0,0,0,0,0.0581804
1006022,36,1,196409,53391,46637,143018,281852,0,0,0,0,0.0591334
1006023,36,1,189101,52108,45090,136993,278518,0,0,0,0,0.0687584
1006024,36,1,186177,50503,44264,135674,267105,0,0,0,0,0.0645181
1006025,36,1,213305,59140,51394,154165,315516,0,0,0,0,0.0621351
1006026,36,1,210958,58709,51259,152249,314418,0,0,0,0,0.0612412
1006027,36,1,198588,54719,47192,143869,291638,0,0,0,0,0.0607388
1006028,36,1,186523,50839,44294,135684,270004,0,0,0,0,0.0666261
1006029,36,1,193636,53275,46028,140361,282740,0,0,0,0,0.0597043
1007480,18,1,190226,51379,44871,138847,269471,0,0,0,0,0.0586106
1007481,18,2,269322,75937,66642,193372,408206,1,0,0,0,0.172138
1007484,18,1,218449,60619,52310,157830,324227,0,0,0,0,0.0619021
1007489,18,1,188216,51446,44834,136770,273736,0,0,0,0,0.0603863
1007502,36,1,192687,53498,46302,139189,285981,0,0,0,0,0.0665575
1007505,36,1,213994,58858,50956,155136,313908,0,0,0,0,0.0793899
1007508,36,1,199422,54479,47539,144943,290571,0,0,0,0,0.0545189
1007540,18,2,206945,56341,49808,150593,299175,1,0,0,0,0.138848
1007541,18,2,327460,91826,80401,235621,492417,1,0,0,0,0.148727
1007544,18,1,213969,59020,51496,154949,314211,0,0,0,0,0.0605164
1007549,18,1,200513,55541,48430,144972,297067,0,0,0,0,0.0651833
1007562,36,1,210949,58761,51032,152188,313625,0,0,0,0,0.0612161
1007565,36,1,226579,62846,54636,163733,335676,0,0,0,0,0.0653742
1007568,36,1,217113,59922,52331,157191,320085,0,0,0,0,0.0604961
1007590,18,1,223919,61080,53773,162839,320099,0,0,0,0,0.0580691
1007591,18,1,204151,56503,49978,147648,300401,0,0,0,0,0.0647644
1007594,18,2,307526,87417,77048,220096,471393,1,0,0,0,0.159882
1007599,18,2,339110,95460,83274,243637,512433,1,0,0,0,0.183251
1007612,36,1,220544,61300,53356,159244,325292,0,0,0,0,0.067497
1007615,36,1,222444,61886,53721,160558,331259,0,0,0,0,0.0604881
1007618,36,1,238847,66767,58014,172080,357951,0,0,0,0,0.0658689
1007630,18,1,213444,58596,51332,154848,307587,0,0,0,0,0.059841
1007631,18,2,201989,55206,48687,146770,294099,1,0,0,0,0.13074
1007634,18,1,216979,59617,51828,157362,315930,0,0,0,0,0.0632323
1007639,18,1,193611,53325,46477,140286,282855,0,0,0,0,0.0617419
1007652,36,1,229596,63911,56115,165685,340418,0,0,0,0,0.0640055
1007655,36,1,218273,60540,52726,157733,323231,0,0,0,0,0.0602508
1007658,36,1,216837,60449,52808,156388,323380,0,0,0,0,0.0610556
1007660,18,1,189746,51564,45319,138182,271871,0,0,0,0,0.0666873
1007661,18,1,206480,55839,48936,150641,294607,0,0,0,0,0.075049
1007664,18,2,234868,65444,57852,169411,350037,1,0,0,0,0.14337
1007669,18,1,195724,53151,46526,142573,280716,0,0,0,0,0.0580259
1007682,36,2,204109,56006,49155,148090,299403,1,0,0,0,0.132186
1007685,36,1,226974,63022,55201,163952,337202,0,0,0,0,0.0599958
1007688,36,1,213446,59281,51797,154165,317681,0,0,0,0,0.0560808
1007710,18,1,176647,47636,41650,129011,251034,0,0,0,0,0.0499975
1007711,18,1,199100,53390,46927,145710,280639,0,0,0,0,0.0546046
1007712,18,2,275096,75452,66575,199632,402170,1,0,0,0,0.146459
1007713,18,1,198566,53628,47492,144938,281874,0,0,0,0,0.0603991
1007714,18,2,196297,53446,47023,142839,283134,1,0,0,0,0.148335
1007715,18,1,213912,58527,51003,155385,309997,0,0,0,0,0.0659775
1007716,18,1,205251,56322,49315,148929,300498,0,0,0,0,0.0582215
1007717,18,1,200012,55144,48451,144868,293373,0,0,0,0,0.0570788
1007718,18,1,190999,51810,44968,139189,274242,0,0,0,0,0.0547982
1007719,18,1,199164,54378,47800,144786,287383,0,0,0,0,0.0617679
1007990,18,1,182957,49512,43560,133445,260761,0,0,0,0,0.0611188
1007991,18,1,195700,52965,46886,142735,279067,0,0,0,0,0.0598538
1007992,18,2,300858,82906,73060,217939,440659,1,0,0,0,0.153263
1007993,18,1,192075,52614,46215,139461,280698,0,0,0,0,0.0685449
1007994,18,1,188276,50736,44531,137540,267163,0,0,0,0,0.0639838
1007995,18,1,217796,60020,52674,157776,318377,0,0,0,0,0.0864462
1007996,18,1,202826,55671,48641,147155,296901,0,0,0,0,0.0746891
1007997,18,1,194925,53177,46391,141748,282488,0,0,0,0,0.0556635
1007998,18,1,182393,49780,43610,132613,264568,0,0,0,0,0.0556115
1007999,18,1,186949,51066,44794,135883,269976,0,0,0,0,0.0610062
1008120,36,1,202886,55140,48125,147746,290262,0,0,0,0,0.0538609
1008121,36,1,211584,58548,50888,153036,312203,0,0,0,0,0.0543338
1008122,36,1,207942,57628,49766,150314,306733,0,0,0,0,0.0556672
1008123,36,1,214128,60102,52634,154026,321380,0,0,0,0,0.0647648
1008124,36,1,203918,56799,49026,147119,303805,0,0,0,0,0.0550623
1008125,36,1,212140,58062,50557,154078,307699,0,0,0,0,0.0514875
1008126,36,1,213403,59521,52169,153882,317346,0,0,0,0,0.0580561
1008127,36,1,198370,54765,47758,143605,292047,0,0,0,0,0.0543656
1008128,36,1,213850,59266,51885,154584,315883,0,0,0,0,0.061209
1008129,36,1,193821,53328,46143,140493,284634,0,0,0,0,0.0570757
1008170,36,1,204633,55020,48138,149613,288181,0,0,0,0,0.0581422
1008171,36,1,216335,60014,52659,156321,320213,0,0,0,0,0.0591495
1008172,36,1,205215,56649,49141,148566,302159,0,0,0,0,0.0592008
1008173,36,1,211616,59277,51745,152339,316578,0,0,0,0,0.0671305
1008174,36,1,218414,60573,52935,157841,324042,0,0,0,0,0.0603086
1008175,36,1,215167,59755,51935,155412,319255,0,0,0,0,0.0586895
1008176,36,1,213366,59446,51489,153920,317731,0,0,0,0,0.0636179
1008177,36,1,215868,59387,52009,156481,316622,0,0,0,0,0.0583499
1008178,36,1,234862,65667,57317,169195,351659,0,0,0,0,0.0610101
1008179,36,1,217956,60899,52781,157057,327342,0,0,0,0,0.0596413
1008210,36,1,197372,53165,46450,144207,278976,0,0,0,0,0.0558175
1008211,36,1,212695,59500,51598,153195,318088,0,0,0,0,0.058253
1008212,36,1,209712,57932,50279,151780,308957,0,0,0,0,0.0578093
1008213,36,1,210466,58685,51551,151781,313414,0,0,0,0,0.0678648
1008214,36,1,214749,59354,51951,155395,316969,0,0,0,0,0.0685379
1008215,36,1,220963,61602,53384,159361,329618,0,0,0,0,0.0596061
1008216,36,2,202762,56415,49693,146334,301867,1,0,0,0,0.123323
1008217,36,1,200151,55160,48046,144991,293940,0,0,0,0,0.0539182
1008218,36,1,215765,60098,52036,155667,321686,0,0,0,0,0.0586856
1008219,36,1,184060,50497,43966,133563,268847,0,0,0,0,0.0529143
1008240,36,1,205445,56351,49296,149094,298255,0,0,0,0,0.0617517
1008241,36,1,202674,55829,48629,146845,296372,0,0,0,0,0.0628727
1008242,36,1,203707,56070,49100,147637,299765,0,0,0,0,0.0577401
1008243,36,1,210329,58306,51088,152023,311641,0,0,0,0,0.0641644
1008244,36,1,207665,56717,49784,150948,301659,0,0,0,0,0.0549676
1008245,36,1,233383,64770,56440,168613,346219,0,0,0,0,0.0610741
1008246,36,1,241069,67113,58496,173956,357819,0,0,0,0,0.0624494
1008247,36,2,228832,63968,56038,164851,344242,1,0,0,0,0.125922
1008248,36,1,224720,63026,54936,161694,338251,0,0,0,0,0.0600679
1008249,36,1,196222,54047,46318,142175,287092,0,0,0,0,0.0660571
1008260,36,1,190778,52124,45374,138654,275416,0,0,0,0,0.0625913
1008261,36,1,198901,54171,46884,144730,286214,0,0,0,0,0.0564082
1008262,36,1,196827,53352,46641,143475,281435,0,0,0,0,0.0609082
1008263,36,1,188853,52005,45181,136848,277822,0,0,0,0,0.0714845
1008264,36,1,187654,50953,44680,136701,269469,0,0,0,0,0.0781601
1008265,36,1,214239,59396,51536,154843,316772,0,0,0,0,0.0769168
1008266,36,1,211571,58843,51489,152728,315104,0,0,0,0,0.0630514
1008267,36,1,200282,55189,47563,145093,294075,0,0,0,0,0.0544176
1008268,36,1,187350,51084,44575,136266,271415,0,0,0,0,0.0541202
1008269,36,1,194963,53714,46444,141249,285069,0,0,0,0,0.056566
1009440,18,2,211974,58103,51440,153858,309342,1,0,0,0,0.118183
1009441,18,1,203780,55758,48658,148022,295796,0,0,0,0,0.0554275
1009444,18,1,214463,59094,51779,155369,314659,0,0,0,0,0.0562564
1009449,18,1,227099,63447,55697,163652,338104,0,0,0,0,0.0667928
1009462,36,1,221992,61568,53860,160424,326898,0,0,0,0,0.059945
1009465,36,1,237849,66668,58306,171181,356380,0,0,0,0,0.06784
1009468,36,1,222217,61641,53900,160576,329061,0,0,0,0,0.0608723
1009500,18,2,212982,58260,51600,154709,310028,1,0,0,0,0.118055
1009501,18,1,204310,55865,48762,148445,296284,0,0,0,0,0.0600126
1009504,18,1,215375,59346,52001,156029,316086,0,0,0,0,0.0578234
1009509,18,1,228130,63942,55998,164188,340975,0,0,0,0,0.0693601
1009522,36,1,222651,61755,53983,160896,327804,0,0,0,0,0.0660973
1009525,36,1,239259,67054,58663,172205,358338,0,0,0,0,0.0624813
1009528,36,1,223266,61968,54203,161298,330761,0,0,0,0,0.058591
1009550,18,1,209331,57466,50057,151865,303641,0,0,0,0,0.0588717
1009551,18,1,194264,54037,47427,140227,289764,0,0,0,0,0.064139
1009554,18,2,304323,86742,76138,217568,468563,1,0,0,0,0.141561
1009559,18,2,326768,92637,81526,234118,499102,1,0,0,0,0.14448
1009572,36,1,208170,57415,49732,150755,306096,0,0,0,0,0.0604104
1009575,36,1,233561,65520,56869,168041,351555,0,0,0,0,0.0606499
1009578,36,1,233013,65449,56902,167564,351207,0,0,0,0,0.0617298
1009590,18,1,206032,56956,49833,149076,301284,0,0,0,0,0.0612183
1009591,18,1,195450,54129,47108,141321,290258,0,0,0,0,0.0897179
1009594,18,1,221209,60738,52925,160471,322028,0,0,0,0,0.0741097
1009599,18,1,223591,61769,54078,161822,327881,0,0,0,0,0.0683112
1009612,36,1,211767,58910,51205,152857,315967,0,0,0,0,0.0749143
1009615,36,1,236040,65868,57420,170172,352612,0,0,0,0,0.0820211
1009618,36,1,236630,66279,57818,170351,355411,0,0,0,0,0.0634528
1009620,18,1,186094,50760,44389,135334,269361,0,0,0,0,0.0616519
1009621,18,1,193686,52340,45772,141346,277496,0,0,0,0,0.0588477
1009624,18,2,191835,52445,46083,139378,279582,1,0,0,0,0.120083
1009629,18,2,197887,54114,47705,143761,288830,1,0,0,0,0.121129
1009642,36,2,215376,59459,52085,155904,320719,1,0,0,0,0.165862
1009645,36,1,231955,63943,56069,168012,341563,0,0,0,0,0.0660983
1009648,36,1,230105,63424,55607,166681,338777,0,0,0,0,0.0737663
1009670,18,1,167445,44736,38776,122709,236897,0,0,0,0,0.0538305
1009671,18,1,188452,50425,43871,138027,266342,0,0,0,0,0.0632779
1009672,18,1,186237,50173,43734,136064,266092,0,0,0,0,0.0895816
1009673,18,1,183694,49633,43702,134061,262922,0,0,0,0,0.059967
1009674,18,1,198551,53861,47283,144690,285488,0,0,0,0,0.0556328
1009675,18,2,216203,60295,53147,155895,324495,1,0,0,0,0.17904
1009676,18,1,209733,57600,50566,152133,305887,0,0,0,0,0.0608945
1009677,18,1,210586,57942,50837,152644,308105,0,0,0,0,0.0592084
1009678,18,2,223080,62627,55497,160440,337157,1,0,0,0,0.13464
1009679,18,1,199619,54366,47753,145253,288606,0,0,0,0,0.0586976
1009950,18,1,176514,48311,42156,128203,257294,0,0,0,0,0.0724732
1009951,18,1,188088,51422,45286,136666,273509,0,0,0,0,0.0836333
1009952,18,2,301288,82624,72472,218651,443082,1,0,0,0,0.181153
1009953,18,1,182289,50372,44198,131917,271494,0,0,0,0,0.0708499
1009954,18,1,187999,51275,45229,136724,271866,0,0,0,0,0.0649581
1009955,18,1,199551,54711,48024,144840,290356,0,0,0,0,0.0678314
1009956,18,1,208581,57605,50659,150976,305965,0,0,0,0,0.0829256
1009957,18,1,212334,58669,51313,153665,311729,0,0,0,0,0.0752449
1009958,18,1,209603,57833,50686,151770,307357,0,0,0,0,0.0670434
1009959,18,1,189683,51591,45295,138092,273385,0,0,0,0,0.086118
1010130,36,1,196041,53184,46245,142857,280835,0,0,0,0,0.0649102
1010131,36,1,204440,56831,49492,147609,305053,0,0,0,0,0.060062
1010132,36,1,188667,51749,44651,136918,276702,0,0,0,0,0.0792508
1010133,36,1,196265,54827,47469,141438,294071,0,0,0,0,0.0712995
1010134,36,1,219750,61788,53569,157962,332291,0,0,0,0,0.0627377
1010135,36,1,219845,61724,53582,158121,331763,0,0,0,0,0.0649522
1010136,36,1,214660,59924,52229,154736,321153,0,0,0,0,0.0651943
1010137,36,1,211778,58806,51165,152972,314804,0,0,0,0,0.0616142
1010138,36,1,217732,61011,52783,156721,328017,0,0,0,0,0.0601345
1010139,36,1,223449,63165,54927,160284,340347,0,0,0,0,0.0637577
1010170,36,1,194811,53329,46322,141482,283030,0,0,0,0,0.0663696
1010171,36,1,201116,56805,49190,144311,306655,0,0,0,0,0.0629474
1010172,36,1,197500,54591,47251,142909,293273,0,0,0,0,0.069188
1010173,36,1,199186,55462,48011,143724,298211,0,0,0,0,0.0680147
1010174,36,1,199556,54531,47282,145025,289613,0,0,0,0,0.0558283
1010175,36,1,223900,62423,54337,161477,334129,0,0,0,0,0.0596064
1010176,36,1,210156,58037,50591,152119,309319,0,0,0,0,0.0564246
1010177,36,1,209744,57605,50320,152139,306478,0,0,0,0,0.058163
1010178,36,1,222450,61778,53836,160672,330074,0,0,0,0,0.0605847
1010179,36,1,205935,56723,49267,149212,301674,0,0,0,0,0.0594143
1010200,36,1,201574,55862,48649,145712,298408,0,0,0,0,0.0639127
1010201,36,1,196473,54389,46571,142084,291029,0,0,0,0,0.0637547
1010202,36,1,187864,51419,44835,136445,276510,0,0,0,0,0.0627919
1010203,36,1,197967,54977,47753,142990,296741,0,0,0,0,0.0713233
1010204,36,2,227463,63571,56048,163879,342029,1,0,0,0,0.140083
1010205,36,1,227696,63798,55253,163898,342010,0,0,0,0,0.0731571
1010206,36,2,213801,60179,53132,153609,324928,1,0,0,0,0.137222
1010207,36,2,213041,59493,52542,153535,320597,1,0,0,0,0.137838
1010208,36,1,229082,64209,55586,164873,344411,0,0,0,0,0.0648708
1010209,36,2,237711,67048,59337,170650,361703,1,0,0,0,0.16135
1010220,36,1,190122,52318,45186,137804,278768,0,0,0,0,0.0620951
1010221,36,1,196617,54350,46739,142267,290557,0,0,0,0,0.0609352
1010222,36,1,186366,51158,44326,135208,273885,0,0,0,0,0.0730834
1010223,36,1,182749,50602,43368,132147,273016,0,0,0,0,0.0903917
1010224,36,1,198185,54291,46970,143894,288298,0,0,0,0,0.0628597
1010225,36,1,206800,57049,49458,149751,304214,0,0,0,0,0.0621392
1010226,36,1,216354,60085,52314,156269,320913,0,0,0,0,0.0648247
1010227,36,1,215868,59596,51727,156272,317835,0,0,0,0,0.0629366
1010228,36,1,212608,59161,51316,153447,316456,0,0,0,0,0.061893
1010229,36,1,202318,56113,48448,146205,299238,0,0,0,0,0.0626091
1011120,18,2,323005,89466,78855,233527,475206,1,0,0,0,0.163859
1011121,18,1,201995,55298,48399,146697,292758,0,0,0,0,0.0839991
1011124,18,1,200040,54813,47864,145227,291413,0,0,0,0,0.0636095
1011129,18,1,209530,58124,50456,151406,311434,0,0,0,0,0.0849857
1011142,36,1,197965,53747,46619,144218,284967,0,0,0,0,0.076393
1011145,36,1,221299,61534,53316,159765,328630,0,0,0,0,0.0801576
1011148,36,1,228944,63379,54957,165565,338361,0,0,0,0,0.0677352
1011180,18,2,295698,81670,72111,214016,434353,1,0,0,0,0.159797
1011181,18,1,201342,55097,48231,146245,291720,0,0,0,0,0.0650255
1011184,18,1,199767,54603,47727,145164,290156,0,0,0,0,0.0634781
1011189,18,1,211825,58768,50954,153057,314935,0,0,0,0,0.0649311
1011202,36,1,198458,53951,46725,144507,286174,0,0,0,0,0.064883
1011205,36,1,221631,61696,53458,159935,329524,0,0,0,0,0.0657288
1011208,36,1,229051,63480,55045,165571,338921,0,0,0,0,0.0609333
1011230,18,1,205287,55627,48599,149660,291945,0,0,0,0,0.0666988
1011231,18,1,189709,52231,45448,137478,278976,0,0,0,0,0.0775782
1011234,18,1,211867,58745,50909,153122,314024,0,0,0,0,0.0857659
1011239,18,1,212837,58990,51091,153847,315491,0,0,0,0,0.0617573
1011252,36,1,190857,52283,45261,138574,279531,0,0,0,0,0.0602927
1011255,36,1,225643,63554,55359,162089,341539,0,0,0,0,0.06242
1011258,36,1,227340,63857,55434,163483,343038,0,0,0,0,0.0625639
1011270,18,1,216883,59438,52236,157445,313280,0,0,0,0,0.106188
1011271,18,2,249315,69823,61344,179480,375970,1,0,0,0,0.157764
1011274,18,2,250769,71217,62859,179539,383800,1,0,0,0,0.133468
1011279,18,2,250065,70882,62947,179170,382315,1,0,0,0,0.136418
1011292,36,1,213093,59300,51451,153793,318871,0,0,0,0,0.089721
1011295,36,1,236927,67429,59592,169498,363614,0,0,0,0,0.0708195
1011298,36,1,231588,65766,57798,165822,354300,0,0,0,0,0.0743395
1011300,18,1,187380,50342,44364,137038,265978,0,0,0,0,0.087985
1011301,18,1,180965,48667,42507,132298,257148,0,0,0,0,0.0770584
1011304,18,1,199718,54119,47915,145599,284854,0,0,0,0,0.0831135
1011309,18,1,196633,53513,47213,143120,282015,0,0,0,0,0.0650416
1011322,36,1,201049,55089,48475,145960,295007,0,0,0,0,0.06273
1011325,36,1,223319,62480,55626,160839,335478,0,0,0,0,0.0720468
1011328,36,1,228377,63977,56497,164400,343744,0,0,0,0,0.0955736
1011350,18,1,175294,46380,40318,128914,244504,0,0,0,0,0.0802023
1011351,18,1,172338,45869,39956,126469,241794,0,0,0,0,0.0670464
1011352,18,1,194913,53190,46100,141723,281964,0,0,0,0,0.0703297
1011353,18,1,177091,47747,41471,129344,254181,0,0,0,0,0.0548933
1011354,18,1,200645,54693,48240,145952,289345,0,0,0,0,0.0679088
1011355,18,1,217209,60448,52822,156761,320896,0,0,0,0,0.0808124
1011356,18,1,197955,54199,47699,143756,288928,0,0,0,0,0.0817518
1011357,18,1,197327,54234,47688,143093,289310,0,0,0,0,0.0610663
1011358,18,1,215479,59662,52094,155817,315953,0,0,0,0,0.0726259
1011359,18,1,197997,54050,47459,143947,286221,0,0,0,0,0.0719969
1011630,18,1,180095,48740,42682,131355,257539,0,0,0,0,0.111834
1011631,18,1,174331,47239,41485,127092,249640,0,0,0,0,0.0695401
1011632,18,1,200247,55910,48919,144337,299681,0,0,0,0,0.0949813
1011633,18,1,198623,55106,48131,143517,295662,0,0,0,0,0.070074
1011634,18,1,201100,55647,49052,145453,294987,0,0,0,0,0.0670148
1011635,18,1,221207,62511,55397,158696,334672,0,0,0,0,0.0762826
1011636,18,1,222479,62811,55667,159668,337631,0,0,0,0,0.0777308
1011637,18,1,219230,61354,54311,157876,328830,0,0,0,0,0.0735681
1011638,18,1,216171,60595,53888,155576,323752,0,0,0,0,0.0716472
1011639,18,1,195879,53993,47640,141886,285691,0,0,0,0,0.0666954
1011850,36,1,209880,57775,50578,152105,306268,0,0,0,0,0.0790185
1011851,36,1,203617,56602,49258,147015,302917,0,0,0,0,0.0607468
1011852,36,1,201104,55906,48621,145198,301069,0,0,0,0,0.0613614
1011853,36,1,184293,50643,44028,133650,271790,0,0,0,0,0.055318
1011854,36,1,214215,59560,52385,154655,317197,0,0,0,0,0.078105
1011855,36,1,224869,63885,56028,160984,344975,0,0,0,0,0.0629156
1011856,36,1,207739,57789,50728,149950,308717,0,0,0,0,0.0637755
1011857,36,1,207613,57819,50828,149794,309016,0,0,0,0,0.0613752
1011858,36,1,219049,61875,54093,157174,333607,0,0,0,0,0.0637659
1011859,36,1,222136,61945,54363,160191,330228,0,0,0,0,0.0624566
1011880,36,1,211989,58306,50918,153683,310486,0,0,0,0,0.0795826
1011881,36,1,203287,55492,48440,147795,294216,0,0,0,0,0.062317
1011882,36,1,212225,58706,51101,153519,314344,0,0,0,0,0.0630381
1011883,36,1,223705,61988,54185,161717,331486,0,0,0,0,0.0651011
1011884,36,1,223566,61414,53946,162152,325076,0,0,0,0,0.0624237
1011885,36,1,237942,67203,59192,170739,360861,0,0,0,0,0.0862745
1011886,36,1,244799,68707,60247,176092,366441,0,0,0,0,0.0772482
1011887,36,1,247198,69348,61115,177850,369749,0,0,0,0,0.0803932
1011888,36,1,234891,65985,57776,168906,353746,0,0,0,0,0.0927243
1011889,36,1,224596,61961,54256,162635,328279,0,0,0,0,0.0624701
1011900,36,1,191937,52203,45424,139734,276468,0,0,0,0,0.0867193
1011901,36,1,188854,51367,44489,137487,272341,0,0,0,0,0.0778055
1011902,36,1,193672,53003,46027,140669,282654,0,0,0,0,0.056828
1011903,36,1,195869,53881,47258,141988,288453,0,0,0,0,0.0580905
1011904,36,1,213167,58821,51756,154346,312128,0,0,0,0,0.0621401
1011905,36,1,216690,60382,53056,156308,322354,0,0,0,0,0.0650866
1011906,36,1,220306,61693,54490,158613,330963,0,0,0,0,0.065315
1011907,36,1,221208,61801,54384,159407,331047,0,0,0,0,0.0622789
1011908,36,1,217312,60649,52935,156663,323873,0,0,0,0,0.067637
1011909,36,1,211068,58844,51353,152224,313405,0,0,0,0,0.0632998
1012520,18,1,205569,56005,48913,149564,294244,0,0,0,0,0.0846361
1012521,18,1,210969,57478,49944,153491,305002,0,0,0,0,0.0621019
1012524,18,1,199103,54174,47573,144929,286931,0,0,0,0,0.0588861
1012529,18,1,193868,53412,46624,140456,284798,0,0,0,0,0.0594329
1012542,36,1,215922,58671,51457,157251,311047,0,0,0,0,0.0598583
1012545,36,1,225176,62567,54766,162609,334764,0,0,0,0,0.0556716
1012548,36,1,215946,59528,51860,156418,318139,0,0,0,0,0.0613558
1012580,18,1,206040,55969,48934,150071,293751,0,0,0,0,0.0555354
1012581,18,1,209328,56990,49591,152338,302298,0,0,0,0,0.0727891
1012584,18,1,199251,54092,47440,145159,286359,0,0,0,0,0.0620004
1012589,18,1,195570,53923,46988,141647,287534,0,0,0,0,0.0617801
1012602,36,1,216545,59017,51790,157528,313117,0,0,0,0,0.0648012
1012605,36,1,224905,62465,54665,162440,334106,0,0,0,0,0.0603745
1012608,36,1,217008,59856,52061,157152,319895,0,0,0,0,0.0723892
1012630,18,1,199571,54756,47976,144815,289900,0,0,0,0,0.085325
1012631,18,1,197974,54580,47370,143394,292081,0,0,0,0,0.0639798
1012634,18,2,200018,54966,48730,145039,293784,1,0,0,0,0.154594
1012639,18,2,198485,54322,48462,144150,290014,1,0,0,0,0.155568
1012652,36,1,208419,57108,50016,151311,305654,0,0,0,0,0.0790468
1012655,36,1,230939,64307,56135,166632,344202,0,0,0,0,0.0589741
1012658,36,1,236541,66601,58155,169940,357727,0,0,0,0,0.0658118
1012670,18,1,219106,60547,53508,158559,320452,0,0,0,0,0.0887624
1012671,18,1,201345,55522,48146,145823,295328,0,0,0,0,0.0711983
1012674,18,2,273575,77585,68503,195978,418409,1,0,0,0,0.19195
1012679,18,2,270501,76346,67651,194143,411607,1,0,0,0,0.139202
1012692,36,1,211860,59410,51612,152450,320645,0,0,0,0,0.0623865
1012695,36,1,235988,67452,59762,168536,364676,0,0,0,0,0.0709786
1012698,36,1,231698,66276,58090,165422,357917,0,0,0,0,0.0958239
1012700,18,1,202534,54513,47829,148021,288998,0,0,0,0,0.113425
1012701,18,1,180625,48536,42327,132089,257751,0,0,0,0,0.0584853
1012704,18,1,191832,51681,45843,140151,272582,0,0,0,0,0.0632718
1012709,18,1,188564,50577,44606,137987,266249,0,0,0,0,0.0811194
1012722,36,1,196736,53285,46493,143451,285857,0,0,0,0,0.0762232
1012725,36,1,219195,60912,53961,158283,327742,0,0,0,0,0.0946348
1012728,36,1,222842,61892,54378,160950,333247,0,0,0,0,0.0737972
1012750,18,1,193771,51728,45592,142043,272316,0,0,0,0,0.110832
1012751,18,1,180406,48265,42429,132141,254716,0,0,0,0,0.0610068
1012752,18,1,178043,47987,41838,130056,254750,0,0,0,0,0.0545291
1012753,18,1,157044,41595,35868,115449,220920,0,0,0,0,0.0556668
1012754,18,1,201184,54533,48203,146651,287587,0,0,0,0,0.0737697
1012755,18,1,198995,54719,48001,144276,290880,0,0,0,0,0.0714122
1012756,18,2,248295,68696,60807,179586,369645,1,0,0,0,0.154739
1012757,18,2,242840,66677,58501,176150,357860,1,0,0,0,0.153688
1012758,18,1,198227,54114,47469,144113,286934,0,0,0,0,0.0575334
1012759,18,1,199811,54162,47761,145649,285354,0,0,0,0,0.0592323
1013030,18,1,189970,50868,44999,139102,267590,0,0,0,0,0.107342
1013031,18,1,170321,45545,39747,124776,239944,0,0,0,0,0.0781158
1013032,18,1,175644,48419,41905,127225,259460,0,0,0,0,0.0808671
1013033,18,1,170271,46488,40015,123783,248683,0,0,0,0,0.0826776
1013034,18,1,192588,52604,46419,139984,277620,0,0,0,0,0.0780909
1013035,18,1,196670,54981,48440,141689,295234,0,0,0,0,0.0975714
1013036,18,1,197757,55476,48844,142281,298752,0,0,0,0,0.088706
1013037,18,1,192161,53714,47142,138447,288988,0,0,0,0,0.0707553
1013038,18,1,195303,54600,47772,140703,293415,0,0,0,0,0.0812741
1013039,18,1,190091,51948,45456,138143,274209,0,0,0,0,0.0924567
1013280,36,1,205258,56439,49039,148819,300932,0,0,0,0,0.109513
1013281,36,1,188346,51420,44613,136926,274076,0,0,0,0,0.0820048
1013282,36,1,183378,50244,43222,133134,269712,0,0,0,0,0.0818828
1013283,36,1,193996,53408,46082,140588,286929,0,0,0,0,0.0849747
1013284,36,1,203049,55280,48212,147769,292389,0,0,0,0,0.0831445
1013285,36,1,208558,58225,50659,150333,313059,0,0,0,0,0.0926871
1013286,36,1,214678,60101,52722,154577,322920,0,0,0,0,0.0879878
1013287,36,1,214539,59736,52326,154803,320391,0,0,0,0,0.0686193
1013288,36,1,205034,56923,49333,148111,305256,0,0,0,0,0.0737434
1013289,36,1,204520,55801,48642,148719,295424,0,0,0,0,0.0633363
1013300,36,1,200451,54997,47532,145454,292443,0,0,0,0,0.0782477
1013301,36,1,180739,49126,42509,131613,260732,0,0,0,0,0.0648748
1013302,36,1,180272,49265,42416,131007,263436,0,0,0,0,0.0564574
1013303,36,1,174617,47832,41240,126785,256287,0,0,0,0,0.0561881
1013304,36,1,203728,56269,49225,147459,298572,0,0,0,0,0.0606567
1013305,36,1,198517,54634,47602,143883,291523,0,0,0,0,0.0625598
1013306,36,1,197974,55289,48103,142685,297267,0,0,0,0,0.0625696
1013307,36,1,194015,53953,46897,140062,289759,0,0,0,0,0.0614911
1013308,36,1,200161,55329,48047,144832,295658,0,0,0,0,0.0806978
1013309,36,1,203771,56609,49723,147162,300590,0,0,0,0,0.0848149
1013640,18,1,191230,52156,46063,139074,275037,0,0,0,0,0.0592634
1013641,18,1,200071,54500,48091,145571,287943,0,0,0,0,0.0704007
1013644,18,1,180516,48785,43034,131731,257716,0,0,0,0,0.0840976
1013649,18,1,189745,51741,44985,138004,274038,0,0,0,0,0.0717
1013662,36,1,199857,54352,47891,145505,289159,0,0,0,0,0.0622667
1013665,36,1,223895,62636,54962,161259,335391,0,0,0,0,0.074975
1013668,36,1,200812,55657,49206,145155,297522,0,0,0,0,0.0835795
1013700,18,1,192185,52423,46360,139762,276410,0,0,0,0,0.0633324
1013701,18,1,200401,54586,48203,145815,288430,0,0,0,0,0.0722651
1013704,18,1,180561,48821,43133,131740,257946,0,0,0,0,0.0751478
1013709,18,1,191774,52426,45559,139348,277951,0,0,0,0,0.0841601
1013722,36,1,200790,54651,48218,146139,290795,0,0,0,0,0.0886669
1013725,36,1,224494,62920,55174,161574,337020,0,0,0,0,0.0640431
1013728,36,1,202334,56126,49533,146208,300101,0,0,0,0,0.0641974
1013750,18,1,185510,50805,44799,134705,269899,0,0,0,0,0.0657765
1013751,18,1,195114,53551,47222,141563,285116,0,0,0,0,0.0694923
1013754,18,2,256421,71393,62785,185015,383152,1,0,0,0,0.173191
1013759,18,2,255050,70617,62276,184420,378298,1,0,0,0,0.153614
1013772,36,1,190561,51977,45709,138584,278561,0,0,0,0,0.0653577
1013775,36,1,224924,63033,55242,161891,337954,0,0,0,0,0.0654407
1013778,36,1,223714,62650,55313,161064,335805,0,0,0,0,0.0663275
1013790,18,1,185004,50515,44428,134489,268729,0,0,0,0,0.08726
1013791,18,1,181497,49209,43320,132288,261372,0,0,0,0,0.065262
1013794,18,1,189823,51220,45671,138603,269973,0,0,0,0,0.0639935
1013799,18,1,192053,52194,46284,139859,275765,0,0,0,0,0.0641275
1013812,36,1,207391,57671,51094,149720,310316,0,0,0,0,0.0715811
1013815,36,1,228010,64746,57763,163264,349482,0,0,0,0,0.0723654
1013818,36,1,224229,63288,56136,160941,340815,0,0,0,0,0.0769808
1013820,18,1,189070,51455,45354,137615,273365,0,0,0,0,0.118824
1013821,18,1,174721,47443,41500,127278,251811,0,0,0,0,0.0718698
1013824,18,1,183691,49485,43758,134206,260104,0,0,0,0,0.0535432
1013829,18,1,183562,49446,43755,134116,259958,0,0,0,0,0.054861
1013842,36,1,184116,50583,44247,133533,272416,0,0,0,0,0.0661172
1013845,36,1,209018,58670,51978,150348,316363,0,0,0,0,0.0675328
1013848,36,1,200423,56015,49405,144408,301700,0,0,0,0,0.0619371
1013870,18,1,186338,49428,43828,136910,260001,0,0,0,0,0.0830647
1013871,18,1,188714,50620,44314,138094,266861,0,0,0,0,0.0638455
1013872,18,1,184403,49188,42999,135215,259307,0,0,0,0,0.0651993
1013873,18,1,165347,43724,38208,121623,231239,0,0,0,0,0.0587675
1013874,18,1,197878,53282,47428,144596,279714,0,0,0,0,0.0639026
1013875,18,1,202963,54641,48344,148322,287742,0,0,0,0,0.0661434
1013876,18,2,244224,67037,59232,177174,359783,1,0,0,0,0.198768
1013877,18,2,239666,65655,57790,173998,351901,1,0,0,0,0.151833
1013878,18,1,201769,54280,47783,147489,285554,0,0,0,0,0.0731797
1013879,18,1,199028,53233,47466,145795,278812,0,0,0,0,0.0611057
1014150,18,1,208877,56350,49772,152527,296851,0,0,0,0,0.0892018
1014151,18,1,205892,55451,48542,150441,291916,0,0,0,0,0.0678882
1014152,18,1,201812,54818,47860,146994,289640,0,0,0,0,0.0674978
1014153,18,1,184218,49347,43018,134871,260661,0,0,0,0,0.0633638
1014154,18,1,217730,59520,52508,158210,313290,0,0,0,0,0.0638962
1014155,18,1,220229,60187,53117,160042,317764,0,0,0,0,0.0671834
1014156,18,1,201017,54014,47690,147003,284277,0,0,0,0,0.0633722
1014157,18,1,200844,54163,47258,146681,285306,0,0,0,0,0.0636292
1014158,18,1,211208,57677,50646,153531,304607,0,0,0,0,0.0674688
1014159,18,1,215809,58574,51782,157235,307416,0,0,0,0,0.0635035
1014420,36,1,206643,56767,49751,149876,302164,0,0,0,0,0.0796755
1014421,36,1,200805,54811,47774,145994,291106,0,0,0,0,0.058729
1014422,36,1,197179,54332,47305,142847,289805,0,0,0,0,0.0604579
1014423,36,1,178734,49286,42858,129448,263868,0,0,0,0,0.0556878
1014424,36,1,209152,58111,51032,151041,308805,0,0,0,0,0.064779
1014425,36,1,216139,59990,52704,156149,319283,0,0,0,0,0.0649513
1014426,36,1,192624,52921,46319,139703,281836,0,0,0,0,0.055875
1014427,36,1,194025,53432,46652,140593,284475,0,0,0,0,0.0583941
1014428,36,1,207838,57605,50076,150233,306821,0,0,0,0,0.0603109
1014429,36,1,209569,57854,50590,151715,306652,0,0,0,0,0.0587021
1014990,18,1,184128,49394,43151,134734,262118,0,0,0,0,0.0883944
1014991,18,1,182204,48895,42466,133309,259702,0,0,0,0,0.0658351
1014992,18,1,176025,47562,41065,128463,253871,0,0,0,0,0.0789695
1014993,18,1,163622,44080,37943,119542,235577,0,0,0,0,0.0634567
1014994,18,1,196615,54154,47507,142461,288823,0,0,0,0,0.0690412
1014995,18,1,199777,55092,48437,144685,295146,0,0,0,0,0.0699315
1014996,18,1,179219,48433,42281,130786,258232,0,0,0,0,0.0638302
1014997,18,1,183610,49900,43302,133710,266287,0,0,0,0,0.0633302
1014998,18,1,195081,53886,46817,141195,289010,0,0,0,0,0.0667463
1014999,18,1,193855,53180,46938,140675,283158,0,0,0,0,0.0815083
1016400,3,1,148692,39577,33902,109115,208125,0,0,0,0,0.121476
1016401,9,1,172591,46709,40055,125882,245652,0,0,0,0,0.0695734
1016404,9,1,191234,52416,45563,138818,275160,0,0,0,0,0.0654931
1016409,9,1,143668,38173,32423,105495,200406,0,0,0,0,0.0591026
1016410,3,1,172453,45404,39774,127049,235356,0,0,0,0,0.0773659
1016411,9,1,196889,52761,45566,144128,273279,0,0,0,0,0.066695
1016414,9,2,160829,42455,36351,118361,221543,1,0,0,0,0.152623
1016419,9,1,160275,42086,36228,118189,217504,0,0,0,0,0.0743868
1016420,3,1,172611,45410,39836,127201,236220,0,0,0,0,0.0901263
1016421,9,2,159318,41253,35503,118052,213613,1,0,0,0,0.136394
1016424,9,2,162034,42306,35989,119715,219796,1,0,0,0,0.155545
1016429,9,1,182044,47915,42272,134129,247059,0,0,0,0,0.0728889
1016430,3,1,172528,45397,39827,127131,236173,0,0,0,0,0.0738178
1016431,9,2,161063,41552,35729,119498,214862,1,0,0,0,0.133875
1016434,9,1,179748,47428,41142,132320,246370,0,0,0,0,0.0547875
1016439,9,1,168127,43890,37851,124237,227096,0,0,0,0,0.0511024
1016440,9,2,188596,50786,43604,137797,266159,1,0,0,0,0.149069
1016441,9,2,159395,41593,35357,117790,215869,1,0,0,0,0.147644
1016442,18,2,160359,41394,35298,118952,214372,1,0,0,0,0.14685
1016444,9,2,268975,73018,62404,195946,383058,1,0,0,0,0.163762
1016445,18,2,210127,56959,49357,153156,298888,1,0,0,0,0.148221
1016448,18,2,204826,55490,47954,149324,291648,1,0,0,0,0.155878
1016449,9,2,258809,69589,59960,189209,363540,1,0,0,0,0.202526
1016470,3,1,172729,46947,41562,125782,246278,0,0,0,0,0.0982613
1016471,9,2,161963,43125,37301,118828,225024,1,0,0,0,0.164446
1016474,9,2,162039,42845,37219,119181,223010,1,0,0,0,0.152851
1016479,9,1,155229,40357,34898,114872,208895,0,0,0,0,0.078199
1016480,3,1,191522,52771,46369,138751,277830,0,0,0,0,0.0744679
1016481,9,2,183344,49251,42867,134080,257505,1,0,0,0,0.143107
1016484,9,2,280307,76867,66734,203427,404437,1,0,0,0,0.186415
1016489,9,2,186795,50536,43731,136247,264796,1,0,0,0,0.140928
1016490,3,1,191568,52790,46377,138778,277962,0,0,0,0,0.0832198
1016491,9,2,171313,45868,39855,125432,239581,1,0,0,0,0.142579
1016494,9,2,164751,43692,37364,121048,227675,1,0,0,0,0.132136
1016499,9,2,183170,49471,42743,133687,259457,1,0,0,0,0.122693
1016500,9,2,182844,49383,42944,133448,258435,1,0,0,0,0.147109
1016501,9,2,184538,49969,43461,134556,261499,1,0,0,0,0.169613
1016502,18,1,187189,50627,43260,136562,264348,0,0,0,0,0.0626405
1016504,9,1,154254,40763,35584,113491,211969,0,0,0,0,0.0533381
1016505,18,2,177171,48089,41602,129069,252353,1,0,0,0,0.148468
1016508,18,2,177496,48189,41730,129294,253416,1,0,0,0,0.140206
1016509,9,1,172786,47482,41540,125304,249903,0,0,0,0,0.0616377
1016530,3,1,172894,46629,40428,126265,243803,0,0,0,0,0.0723805
1016531,9,1,177321,47886,41842,129435,251245,0,0,0,0,0.0518563
1016534,9,1,182086,50017,43164,132069,263681,0,0,0,0,0.0526562
1016539,9,1,172067,46251,40416,125816,241286,0,0,0,0,0.0520088
1016540,3,1,173065,46670,40478,126395,244020,0,0,0,0,0.0702867
1016541,9,2,165641,44414,38508,121215,232932,1,0,0,0,0.124589
1016544,9,2,160105,42489,36782,117604,221553,1,0,0,0,0.118631
1016549,9,1,182230,48913,42782,133317,254618,0,0,0,0,0.0541553
1016550,9,2,205715,56140,48642,149562,295835,1,0,0,0,0.143208
1016551,9,2,208054,56795,49300,151246,299047,1,0,0,0,0.140362
1016554,9,2,262257,72076,62784,190169,380046,1,0,0,0,0.148406
1016555,18,2,201657,55867,48593,145777,295661,1,0,0,0,0.12345
1016558,18,2,203534,56148,48861,147373,296893,1,0,0,0,0.1663
1016559,9,2,307809,85252,74618,222545,450130,1,0,0,0,0.17039
1016562,18,1,179077,48100,41144,130977,250795,0,0,0,0,0.0592816
1016580,3,1,171225,46471,41059,124754,243553,0,0,0,0,0.0845763
1016581,9,1,173454,47143,41311,126311,246996,0,0,0,0,0.0579372
1016584,9,1,185996,50952,44402,135044,267673,0,0,0,0,0.0594507
1016589,9,1,174240,46820,41222,127420,243611,0,0,0,0,0.0588698
1016590,9,1,183795,50221,43727,133574,262531,0,0,0,0,0.0627103
1016591,9,1,177003,47853,41428,129150,250430,0,0,0,0,0.053123
1016594,9,2,230687,64018,55761,166656,338075,1,0,0,0,0.138794
1016599,9,1,181617,49574,43060,132043,260441,0,0,0,0,0.0581682
1016602,18,1,197153,54220,46784,142933,286192,0,0,0,0,0.0574933
1016605,18,1,208239,56938,49363,151301,299942,0,0,0,0,0.0578375
1016608,18,2,161052,43339,36823,117700,227249,1,0,0,0,0.127064
1016620,9,1,193872,53162,46337,140710,277531,0,0,0,0,0.0634122
1016621,9,1,164574,43788,37805,120786,228166,0,0,0,0,0.0531555
1016624,9,1,186817,50087,43510,136730,261587,0,0,0,0,0.0771394
1016629,9,1,178446,47955,42060,130491,250929,0,0,0,0,0.0847095
1016642,18,1,183223,49716,42544,133507,262081,0,0,0,0,0.0641235
1016645,18,1,200133,54222,46843,145911,284835,0,0,0,0,0.0578892
1016648,18,2,155797,41408,35257,114376,216525,1,0,0,0,0.139382
1016670,9,1,153146,40841,35301,112305,212802,0,0,0,0,0.0827157
1016671,9,1,162149,43776,37782,118373,228938,0,0,0,0,0.0579441
1016672,9,1,156342,42043,36245,114299,219868,0,0,0,0,0.0514692
1016673,9,1,164902,45204,39087,119698,238119,0,0,0,0,0.0778077
1016674,9,2,176839,47732,41284,129095,248783,1,0,0,0,0.148785
1016675,9,2,175520,47331,40995,128177,246964,1,0,0,0,0.129814
1016676,9,2,280222,77511,67584,202699,409636,1,0,0,0,0.155177
1016677,9,2,154474,41273,35176,113190,215260,1,0,0,0,0.131371
1016678,9,1,170602,46499,40458,124103,244574,0,0,0,0,0.0578431
1016679,9,1,177165,48322,42136,128843,253721,0,0,0,0,0.057657
1016680,3,1,148474,39390,33888,109084,206875,0,0,0,0,0.0860275
1016681,9,1,173268,46749,40269,126519,245650,0,0,0,0,0.0864472
1016684,9,1,191415,52142,45487,139273,273199,0,0,0,0,0.0632779
1016689,9,1,144645,38195,32450,106450,200087,0,0,0,0,0.0576007
1016690,3,1,171865,45104,39645,126761,233460,0,0,0,0,0.0746447
1016691,9,1,197253,52664,45596,144589,272480,0,0,0,0,0.0605595
1016694,9,2,160980,42324,36283,118643,220484,1,0,0,0,0.121803
1016699,9,1,161516,42239,36459,119277,217961,0,0,0,0,0.0624526
1016700,3,1,173815,45613,40178,128202,237101,0,0,0,0,0.0776377
1016701,9,2,159564,41198,35466,118353,213085,1,0,0,0,0.146679
1016704,9,2,162529,42329,36053,120187,219745,1,0,0,0,0.181953
1016709,9,1,182901,47993,42231,134908,247162,0,0,0,0,0.111085
1016710,3,1,173719,45596,40168,128123,237029,0,0,0,0,0.128917
1016711,9,2,161335,41506,35700,119816,214399,1,0,0,0,0.209625
1016714,9,1,180894,47677,41413,133217,247731,0,0,0,0,0.0823841
1016719,9,1,168433,43875,37867,124558,226944,0,0,0,0,0.0717953
1016720,9,2,188899,50688,43714,138198,265325,1,0,0,0,0.221912
1016721,9,2,159616,41476,35476,118128,214966,1,0,0,0,0.19642
1016722,18,2,159843,41035,34920,118795,212025,1,0,0,0,0.208281
1016724,9,2,243819,65831,56381,177977,345064,1,0,0,0,0.188052
1016725,18,2,210082,56901,49325,153169,298517,1,0,0,0,0.189949
1016728,18,2,204696,55410,47945,149274,291134,1,0,0,0,0.178213
1016729,9,2,234208,62510,53864,171687,326312,1,0,0,0,0.256831
1016750,3,1,174148,47298,41912,126850,248005,0,0,0,0,0.109765
1016751,9,2,162869,43104,37324,119755,224349,1,0,0,0,0.13338
1016754,9,2,163136,42803,37249,120320,222126,1,0,0,0,0.120438
1016759,9,1,156633,40679,35112,115954,210465,0,0,0,0,0.0578668
1016760,3,1,192143,52774,46449,139369,277365,0,0,0,0,0.0747767
1016761,9,2,184402,49294,42840,135095,257243,1,0,0,0,0.132945
1016764,9,2,252104,68494,59590,183597,359346,1,0,0,0,0.159853
1016769,9,2,188581,50649,43920,137920,264632,1,0,0,0,0.154012
1016770,3,1,192217,52798,46464,139419,277519,0,0,0,0,0.114529
1016771,9,2,172455,45867,39766,126575,238930,1,0,0,0,0.168169
1016774,9,2,164943,43403,37126,121529,225491,1,0,0,0,0.129396
1016779,9,2,184219,49441,42733,134766,258680,1,0,0,0,0.14069
1016780,9,2,183590,49398,43048,134179,258122,1,0,0,0,0.153214
1016781,9,2,185147,49890,43454,135244,260590,1,0,0,0,0.152331
1016782,18,1,187444,50454,43228,136990,262890,0,0,0,0,0.0796537
1016784,9,1,154921,40914,35733,114007,212710,0,0,0,0,0.0727326
1016785,18,2,177346,47768,41332,129565,250008,1,0,0,0,0.153442
1016788,18,2,177805,47900,41508,129892,251156,1,0,0,0,0.16677
1016789,9,1,173402,47403,41551,125999,248998,0,0,0,0,0.0730527
1016810,3,1,172285,46364,40265,125921,242242,0,0,0,0,0.0795069
1016811,9,1,177574,47906,41965,129668,251231,0,0,0,0,0.0538071
1016814,9,1,182747,50155,43382,132592,264285,0,0,0,0,0.0594943
1016819,9,1,173107,46541,40701,126566,242817,0,0,0,0,0.0550219
1016820,3,1,172445,46404,40318,126041,242457,0,0,0,0,0.0720564
1016821,9,2,167081,44487,38563,122582,232608,1,0,0,0,0.127285
1016824,9,2,160550,42358,36612,118180,220438,1,0,0,0,0.120667
1016829,9,1,183272,49085,43016,134187,255347,0,0,0,0,0.0566464
1016830,9,2,206212,56071,48541,150128,295088,1,0,0,0,0.148306
1016831,9,2,208511,56669,49117,151829,297888,1,0,0,0,0.168289
1016834,9,2,236947,64725,56379,172210,340550,1,0,0,0,0.170483
1016835,18,2,202632,55784,48477,146835,294613,1,0,0,0,0.1607
1016838,18,2,204089,55974,48639,148102,295410,1,0,0,0,0.141201
1016839,9,2,307892,84675,74041,223205,445977,1,0,0,0,0.204508
1016842,18,1,179198,48046,41155,131152,250330,0,0,0,0,0.0839758
1016860,3,1,173019,46933,41524,126086,245842,0,0,0,0,0.0912242
1016861,9,1,175196,47645,41770,127551,249643,0,0,0,0,0.0797027
1016864,9,1,186100,50931,44477,135169,267451,0,0,0,0,0.0769516
1016869,9,1,175403,47008,41506,128395,244223,0,0,0,0,0.0815829
1016870,9,1,185329,50651,44149,134678,264652,0,0,0,0,0.0663536
1016871,9,1,177459,47989,41626,129470,251206,0,0,0,0,0.0590805
1016874,9,2,231158,63951,55653,167194,337427,1,0,0,0,0.194031
1016879,9,1,182434,49587,43140,132847,260075,0,0,0,0,0.0825398
1016882,18,1,199105,54735,47246,144370,288856,0,0,0,0,0.0637285
1016885,18,1,209813,57180,49535,152633,300748,0,0,0,0,0.0790304
1016888,18,2,161158,43109,36659,118036,225547,1,0,0,0,0.150857
1016900,9,1,195925,53733,46897,142192,280365,0,0,0,0,0.0847453
1016901,9,1,164968,43865,37953,121103,228460,0,0,0,0,0.0771169
1016904,9,1,186587,49855,43365,136732,260025,0,0,0,0,0.0540219
1016909,9,1,179468,48094,42218,131374,251405,0,0,0,0,0.0564996
1016922,18,1,185256,50209,43034,135047,264602,0,0,0,0,0.0552677
1016925,18,1,201365,54402,46970,146963,285535,0,0,0,0,0.0583136
1016928,18,2,157029,41548,35336,115468,216877,1,0,0,0,0.12137
1016950,9,1,154660,41210,35577,113450,214614,0,0,0,0,0.0558078
1016951,9,1,163170,44080,37901,119090,230541,0,0,0,0,0.0510379
1016952,9,1,157164,42267,36353,114897,221019,0,0,0,0,0.0531033
1016953,9,1,166463,45393,39155,121070,238637,0,0,0,0,0.0641045
1016954,9,2,177185,47553,41073,129620,247471,1,0,0,0,0.131465
1016955,9,2,176353,47304,40902,129037,246534,1,0,0,0,0.133782
1016956,9,2,255184,69976,60970,185196,368839,1,0,0,0,0.147989
1016957,9,2,155303,41324,35171,113968,215287,1,0,0,0,0.146911
1016958,9,1,172119,46796,40650,125323,245977,0,0,0,0,0.0597273
1016959,9,1,178988,48701,42429,130287,255558,0,0,0,0,0.077995
1016960,3,1,149326,39904,33978,109422,211607,0,0,0,0,0.115385
1016961,9,1,175391,47980,41092,127411,255107,0,0,0,0,0.0729409
1016964,9,1,196033,54604,47462,141429,290221,0,0,0,0,0.0865757
1016969,9,1,143376,38188,32001,105188,201920,0,0,0,0,0.08914
1016970,3,1,176119,46767,40618,129352,244310,0,0,0,0,0.0950077
1016971,9,1,200204,54115,46676,146089,282839,0,0,0,0,0.0680803
1016974,9,1,213573,58580,50639,154993,306765,0,0,0,0,0.0734836
1016979,9,1,160949,42652,36163,118297,222543,0,0,0,0,0.0599708
1016980,3,1,177450,47410,41095,130040,250111,0,0,0,0,0.0939134
1016981,9,2,341094,91340,79230,249742,479551,1,0,0,0,0.212087
1016984,9,1,193320,53283,46445,140037,282321,0,0,0,0,0.0720483
1016989,9,1,185754,50591,44646,135163,265359,0,0,0,0,0.0641909
1016990,3,1,177295,47351,41067,129944,249743,0,0,0,0,0.0873435
1016991,9,2,354155,95143,82560,259000,499032,1,0,0,0,0.208485
1016994,9,1,183239,49211,42461,134028,259107,0,0,0,0,0.076429
1016999,9,1,170639,45279,39313,125360,236947,0,0,0,0,0.0808541
1017000,9,1,183471,49456,42994,134015,261041,0,0,0,0,0.0619357
1017001,9,2,341687,91499,78850,250176,479091,1,0,0,0,0.232726
1017002,18,2,159335,42422,36128,116900,223984,1,0,0,0,0.249566
1017004,9,1,174145,46440,40012,127705,242439,0,0,0,0,0.0886855
1017005,18,2,199953,54581,46966,145360,289783,1,0,0,0,0.161922
1017008,18,2,195103,53393,45835,141698,284428,1,0,0,0,0.202951
1017009,9,1,161153,43231,37202,117922,225689,0,0,0,0,0.0798807
1017030,3,1,187661,51505,45361,136156,270889,0,0,0,0,0.115479
1017031,9,1,209148,56919,49429,152229,298135,0,0,0,0,0.0693196
1017034,9,1,224308,61938,54245,162370,323939,0,0,0,0,0.0710741
1017039,9,1,169006,45322,39239,123684,236798,0,0,0,0,0.0629564
1017040,3,1,195358,53083,46304,142275,278576,0,0,0,0,0.084352
1017041,9,2,290374,80606,70125,209756,426783,1,0,0,0,0.173715
1017044,9,1,191019,50811,43590,140208,264466,0,0,0,0,0.0565595
1017049,9,1,195421,52117,45081,143304,269254,0,0,0,0,0.0612759
1017050,3,1,195364,53069,46298,142295,278481,0,0,0,0,0.0911157
1017051,9,2,297370,83130,72729,214228,440457,1,0,0,0,0.159513
1017054,9,1,201999,54907,47673,147092,288299,0,0,0,0,0.0732336
1017059,9,1,186545,50174,43324,136371,261718,0,0,0,0,0.0814023
1017060,9,2,303743,84329,73452,219401,446725,1,0,0,0,0.232882
1017061,9,2,308128,85561,75119,222554,452447,1,0,0,0,0.179831
1017062,18,1,193217,51739,44472,141478,269574,0,0,0,0,0.0565175
1017064,9,2,283880,78168,68231,205699,413745,1,0,0,0,0.189374
1017065,18,1,224384,61638,53879,162746,324624,0,0,0,0,0.0670253
1017068,18,1,204927,54942,47192,149985,288021,0,0,0,0,0.0704815
1017069,9,1,193978,52653,45989,141325,276442,0,0,0,0,0.102972
1017090,3,1,206966,57086,49938,149880,300361,0,0,0,0,0.120903
1017091,9,2,285284,78588,68465,206683,415946,1,0,0,0,0.225438
1017094,9,1,202380,55295,47596,147085,291957,0,0,0,0,0.0607774
1017099,9,1,203087,55877,49091,147210,294374,0,0,0,0,0.0612476
1017100,3,1,206907,57078,49931,149829,300340,0,0,0,0,0.0883893
1017101,9,2,292021,80790,70793,211218,427365,1,0,0,0,0.179836
1017104,9,1,214842,58967,51216,155875,310336,0,0,0,0,0.0627975
1017109,9,1,209729,57391,50425,152338,300748,0,0,0,0,0.0625145
1017110,9,2,285200,78502,68052,206686,414993,1,0,0,0,0.162681
1017111,9,2,291281,80398,69882,210871,424966,1,0,0,0,0.179684
1017114,9,1,189844,51912,45224,137932,273625,0,0,0,0,0.0608947
1017115,18,1,227120,63174,54901,163946,335265,0,0,0,0,0.0630686
1017118,18,1,221523,60727,52308,160796,320557,0,0,0,0,0.0665519
1017119,9,1,204109,55932,48511,148177,292766,0,0,0,0,0.0665272
1017122,18,1,200054,53909,46430,146145,281021,0,0,0,0,0.0581768
1017140,3,1,186647,50647,44449,136000,265885,0,0,0,0,0.12069
1017141,9,2,276565,76290,66820,200262,404209,1,0,0,0,0.164876
1017144,9,1,196157,53759,46886,142398,283531,0,0,0,0,0.063549
1017149,9,2,169912,45765,39556,124134,241059,1,0,0,0,0.19617
1017150,9,1,210181,57297,49878,152884,299965,0,0,0,0,0.0995964
1017151,9,1,199305,53871,46608,145434,282313,0,0,0,0,0.0888731
1017154,9,1,212804,58241,50799,154563,305717,0,0,0,0,0.0757773
1017159,9,1,214495,58759,51307,155736,308226,0,0,0,0,0.100521
1017162,18,1,230304,63606,55914,166698,335388,0,0,0,0,0.0854969
1017165,18,1,229462,63750,55633,165712,338033,0,0,0,0,0.0733669
1017168,18,1,208274,57082,49480,151192,301663,0,0,0,0,0.0640635
1017180,9,1,220699,60523,52929,160176,315672,0,0,0,0,0.0703454
1017181,9,1,201052,53824,46116,147228,280684,0,0,0,0,0.0645495
1017184,9,1,201309,54861,47371,146448,289067,0,0,0,0,0.0779227
1017189,9,1,202167,55187,48026,146980,290734,0,0,0,0,0.0968791
1017202,18,1,213200,57847,50499,155353,304204,0,0,0,0,0.0646555
1017205,18,1,225912,62322,53984,163590,329587,0,0,0,0,0.0843919
1017208,18,1,211780,58372,50299,153408,308895,0,0,0,0,0.0765586
1017230,9,1,169164,44974,38732,124190,234715,0,0,0,0,0.0599459
1017231,9,1,203145,54589,47434,148556,283170,0,0,0,0,0.0604132
1017232,9,1,191958,51690,44526,140268,269873,0,0,0,0,0.061963
1017233,9,1,211894,58992,51661,152902,311546,0,0,0,0,0.117147
1017234,9,1,198638,53892,46778,144746,282903,0,0,0,0,0.084193
1017235,9,1,204581,55494,48340,149087,290252,0,0,0,0,0.067654
1017236,9,1,213541,58780,51253,154761,307779,0,0,0,0,0.0709497
1017237,9,2,160537,42778,37115,117746,224420,1,0,0,0,0.147555
1017238,9,1,224847,62657,54931,162190,330593,0,0,0,0,0.076086
1017239,9,1,207613,56817,49581,150796,300031,0,0,0,0,0.0829293
1017240,3,1,149215,39333,33156,109882,206893,0,0,0,0,0.167497
1017241,9,1,177319,47921,40998,129398,252747,0,0,0,0,0.0944223
1017244,9,1,205519,57074,49659,148445,301979,0,0,0,0,0.0990283
1017249,9,1,144227,37164,31274,107063,193615,0,0,0,0,0.094717
1017250,3,1,163843,45054,39410,118789,238532,0,0,0,0,0.0973187
1017251,9,1,182802,49853,43015,132949,262676,0,0,0,0,0.0744028
1017254,9,1,195071,53164,46113,141907,279087,0,0,0,0,0.0729046
1017259,9,1,143627,37857,32444,105770,198321,0,0,0,0,0.0675251
1017260,3,1,189273,51896,44970,137377,273886,0,0,0,0,0.106938
1017261,9,2,163797,43820,37882,119966,231274,1,0,0,0,0.186208
1017264,9,1,174318,47013,40155,127305,246902,0,0,0,0,0.0885557
1017269,9,2,160169,42436,36362,117723,223134,1,0,0,0,0.159172
1017270,3,1,188961,51793,44892,137168,273301,0,0,0,0,0.0982024
1017271,9,2,163592,43548,37581,120033,229430,1,0,0,0,0.156101
1017274,9,2,197606,53859,46205,143734,285247,1,0,0,0,0.173541
1017279,9,2,155246,41177,35296,114059,216582,1,0,0,0,0.156354
1017280,9,2,160419,42920,36605,117489,227054,1,0,0,0,0.211244
1017281,9,2,163074,43783,37332,119281,231680,1,0,0,0,0.210546
1017282,18,1,170857,45628,39107,125229,239325,0,0,0,0,0.0700489
1017284,9,1,144399,38522,33240,105877,202796,0,0,0,0,0.0664526
1017285,18,1,201423,55632,48732,145791,294853,0,0,0,0,0.0820789
1017288,18,1,192152,52477,45496,139675,277151,0,0,0,0,0.0917324
1017289,9,1,164424,44221,37846,120203,232866,0,0,0,0,0.0935355
1017310,3,1,186559,52513,46637,134046,278600,0,0,0,0,0.0991805
1017311,9,1,208882,57776,50641,151106,303936,0,0,0,0,0.0770532
1017314,9,1,217897,60235,52883,157662,315355,0,0,0,0,0.0915999
1017319,9,1,158757,42486,36790,116271,222370,0,0,0,0,0.0856288
1017320,3,1,207126,57239,50447,149887,301327,0,0,0,0,0.0977244
1017321,9,2,183083,49415,43192,133657,260034,1,0,0,0,0.177361
1017324,9,1,193607,53216,46241,140391,279860,0,0,0,0,0.070189
1017329,9,2,172190,45886,39935,126294,240554,1,0,0,0,0.141224
1017330,3,1,206949,57176,50416,149773,300957,0,0,0,0,0.103625
1017331,9,2,186240,50180,44093,136049,263897,1,0,0,0,0.169005
1017334,9,2,217445,60917,53161,156515,324308,1,0,0,0,0.189598
1017339,9,2,167947,45062,39099,122875,237066,1,0,0,0,0.181215
1017340,9,2,181492,48849,42154,132633,257390,1,0,0,0,0.204535
1017341,9,2,182346,49104,42251,133232,258523,1,0,0,0,0.213684
1017342,18,1,190841,52217,45499,138624,275011,0,0,0,0,0.0724191
1017344,9,1,164889,45266,39772,119623,239437,0,0,0,0,0.0707644
1017345,18,1,229428,64824,57706,164604,344471,0,0,0,0,0.0784916
1017348,18,1,218524,60847,53513,157677,322425,0,0,0,0,0.0789767
1017349,9,1,180630,49381,42765,131249,260690,0,0,0,0,0.0970567
1017370,3,1,209097,57891,51124,151206,305109,0,0,0,0,0.106121
1017371,9,2,184380,50118,43478,134252,264413,1,0,0,0,0.19205
1017374,9,1,213359,59702,52381,153657,316865,0,0,0,0,0.111594
1017379,9,1,216905,60967,53440,155938,323250,0,0,0,0,0.0960525
1017380,3,1,209212,57916,51131,151296,305234,0,0,0,0,0.143839
1017381,9,2,185434,50371,43808,135053,265212,1,0,0,0,0.20133
1017384,9,1,218444,60958,53723,157486,322297,0,0,0,0,0.0851727
1017389,9,2,186222,51269,44368,134940,271483,1,0,0,0,0.172507
1017390,9,2,181460,49253,43192,132196,259247,1,0,0,0,0.20288
1017391,9,2,181910,49308,43179,132591,259431,1,0,0,0,0.156682
1017394,9,1,201639,55956,48906,145683,294094,0,0,0,0,0.0736574
1017395,18,2,345806,96898,84658,248895,514885,1,0,0,0,0.172513
1017398,18,1,232149,66016,57344,166133,351247,0,0,0,0,0.0709004
1017399,9,1,180309,50002,43608,130307,264244,0,0,0,0,0.0739903
1017402,18,1,194073,52872,45700,141201,277752,0,0,0,0,0.0698565
1017420,3,1,185152,51935,46024,133217,275494,0,0,0,0,0.0964635
1017421,9,1,160770,44053,38651,116717,233025,0,0,0,0,0.0680669
1017424,9,1,203367,56980,49752,146387,300795,0,0,0,0,0.0723811
1017429,9,1,212159,59679,52190,152480,315721,0,0,0,0,0.0689235
1017430,9,1,205202,56759,49379,148443,298745,0,0,0,0,0.0711247
1017431,9,2,219228,61779,53951,157436,329834,1,0,0,0,0.163064
1017434,9,1,217884,61095,53751,156789,323992,0,0,0,0,0.0713483
1017439,9,1,236675,66495,58372,170180,350955,0,0,0,0,0.0756
1017442,18,1,221957,61702,54276,160255,326256,0,0,0,0,0.0705628
1017445,18,2,346795,97659,85225,249123,520282,1,0,0,0,0.182456
1017448,18,1,235750,66783,58560,168967,354228,0,0,0,0,0.0691061
1017460,9,1,214745,59270,51580,155475,310370,0,0,0,0,0.0773135
1017461,9,1,195926,54151,47280,141775,285375,0,0,0,0,0.0701142
1017464,9,1,217327,61203,53815,156124,325446,0,0,0,0,0.103574
1017469,9,1,227438,63909,56095,163529,338694,0,0,0,0,0.0989335
1017482,18,1,220260,61452,53576,158808,325706,0,0,0,0,0.0897153
1017485,18,1,231390,65799,57118,165591,350312,0,0,0,0,0.0727198
1017488,18,1,238616,67816,59348,170800,359873,0,0,0,0,0.0940588
1017510,9,1,157614,42135,36386,115479,220616,0,0,0,0,0.093825
1017511,9,2,166195,44208,37992,121977,231985,1,0,0,0,0.141569
1017512,9,2,164690,44234,37930,120446,233371,1,0,0,0,0.146232
1017513,9,1,197371,55644,48659,141727,296269,0,0,0,0,0.101617
1017514,9,1,219079,61862,54287,157217,328773,0,0,0,0,0.0715207
1017515,9,2,176116,47814,41198,128289,252376,1,0,0,0,0.142561
1017516,9,1,185091,51892,45227,133199,275125,0,0,0,0,0.0754137
1017517,9,1,210962,59264,51765,151698,313254,0,0,0,0,0.0718929
1017518,9,1,238025,67480,59554,170545,357452,0,0,0,0,0.0849013
1017519,9,1,232685,65977,57735,166708,351203,0,0,0,0,0.118966
1017520,3,1,153965,40214,34504,113751,210057,0,0,0,0,0.144738
1017521,9,1,189333,51020,43936,138313,267383,0,0,0,0,0.128252
1017524,9,1,218765,59836,52014,158929,313929,0,0,0,0,0.119099
1017529,9,1,150641,38977,32906,111664,202421,0,0,0,0,0.0889614
1017530,3,1,157254,41495,35385,115759,216952,0,0,0,0,0.0976759
1017531,9,1,181848,48930,41649,132918,256013,0,0,0,0,0.0693313
1017534,9,1,196687,53025,45437,143662,276918,0,0,0,0,0.0897218
1017539,9,1,135763,34708,29181,101055,180132,0,0,0,0,0.0701279
1017540,3,1,159894,42638,36275,117256,225151,0,0,0,0,0.102772
1017541,9,1,189247,51788,44389,137459,273496,0,0,0,0,0.0986786
1017544,9,1,176390,47806,40712,128584,252712,0,0,0,0,0.0784391
1017549,9,1,215342,59602,51796,155740,313688,0,0,0,0,0.0785311
1017550,3,1,160046,42678,36287,117368,225352,0,0,0,0,0.125137
1017551,9,1,205562,57420,49773,148142,303812,0,0,0,0,0.121356
1017554,9,1,181710,49846,42742,131864,264603,0,0,0,0,0.0934981
1017559,9,1,198367,54416,46835,143951,287093,0,0,0,0,0.105425
1017560,9,1,166400,44367,37710,122033,234102,0,0,0,0,0.0961663
1017561,9,1,185332,50202,43022,135130,264203,0,0,0,0,0.0978611
1017562,18,1,176935,47458,40472,129477,248773,0,0,0,0,0.098283
1017564,9,1,169196,45327,39554,123869,238453,0,0,0,0,0.0948711
1017565,18,1,201509,55209,48315,146300,293798,0,0,0,0,0.0805305
1017568,18,1,189289,51435,44271,137854,273586,0,0,0,0,0.0809884
1017569,9,1,188370,51155,44275,137215,270125,0,0,0,0,0.100271
1017590,3,1,183354,49430,43263,133924,258129,0,0,0,0,0.117987
1017591,9,1,205463,55632,48258,149831,289184,0,0,0,0,0.0757249
1017594,9,1,219699,60030,52227,159669,312331,0,0,0,0,0.0908763
1017599,9,1,155874,40550,34516,115324,209658,0,0,0,0,0.0859639
1017600,3,1,187588,51734,45320,135854,274074,0,0,0,0,0.0935217
1017601,9,1,199276,54251,47147,145025,284534,0,0,0,0,0.0747277
1017604,9,1,188051,51106,44560,136945,269528,0,0,0,0,0.0702355
1017609,9,2,280102,77438,68055,202651,410047,1,0,0,0,0.184812
1017610,3,1,187583,51740,45321,135843,274129,0,0,0,0,0.107535
1017611,9,1,220786,61498,53752,159288,323597,0,0,0,0,0.101803
1017614,9,1,201398,56091,48636,145307,298225,0,0,0,0,0.0799875
1017619,9,1,202317,54973,47522,147344,288036,0,0,0,0,0.0854446
1017620,9,2,297647,82563,71809,215072,438938,1,0,0,0,0.256639
1017621,9,2,306072,84921,74119,221139,449906,1,0,0,0,0.228086
1017622,18,1,192147,52774,45924,139373,277547,0,0,0,0,0.0663834
1017624,9,2,290958,80252,70136,210693,425573,1,0,0,0,0.245917
1017625,18,1,229444,64341,57158,165103,343132,0,0,0,0,0.0956495
1017628,18,1,217759,60288,52693,157471,320767,0,0,0,0,0.0848888
1017629,9,1,205834,56119,49123,149715,295273,0,0,0,0,0.0944172
1017650,3,1,177957,48217,41625,129740,254944,0,0,0,0,0.11164
1017651,9,2,262200,72510,63263,189678,385616,1,0,0,0,0.227205
1017654,9,1,206373,56425,48867,149948,297843,0,0,0,0,0.0752456
1017659,9,1,202654,55646,47862,147008,294090,0,0,0,0,0.0697162
1017660,3,1,177825,48175,41616,129650,254683,0,0,0,0,0.113312
1017661,9,2,270464,75331,65860,195121,399722,1,0,0,0,0.249538
1017664,9,1,215752,59517,51972,156235,314786,0,0,0,0,0.0868381
1017669,9,1,198582,54254,47302,144328,286053,0,0,0,0,0.063444
1017670,9,1,209298,57673,50122,151625,303390,0,0,0,0,0.0699208
1017671,9,1,218285,60342,52590,157943,316702,0,0,0,0,0.0681019
1017674,9,1,225467,62664,54225,162803,329222,0,0,0,0,0.0792561
1017675,18,1,221575,61285,53015,160290,325061,0,0,0,0,0.0750462
1017678,18,1,218995,60356,51941,158639,319513,0,0,0,0,0.0664856
1017679,9,1,201419,54816,47521,146603,287748,0,0,0,0,0.0718065
1017682,18,1,192694,52404,44599,140290,274847,0,0,0,0,0.0664452
1017700,3,1,174367,46379,40259,127988,241373,0,0,0,0,0.0829292
1017701,9,2,267232,74337,64817,192882,396380,1,0,0,0,0.186729
1017704,9,1,229568,64505,55653,165063,339773,0,0,0,0,0.0868855
1017709,9,1,216933,59806,51771,157127,312977,0,0,0,0,0.0733656
1017710,9,1,200361,54052,46487,146309,280712,0,0,0,0,0.0659263
1017711,9,1,198151,54426,46931,143725,288175,0,0,0,0,0.0751893
1017714,9,1,215662,59406,51813,156256,314142,0,0,0,0,0.0832364
1017719,9,1,199729,54453,46779,145276,286740,0,0,0,0,0.0856077
1017722,18,1,226082,62881,55218,163201,334612,0,0,0,0,0.102884
1017725,18,1,233758,65385,56892,168373,347588,0,0,0,0,0.0768002
1017728,18,1,212157,58971,51131,153186,314280,0,0,0,0,0.0617077
1017740,9,1,210634,57128,49269,153506,296503,0,0,0,0,0.0824618
1017741,9,1,194071,53009,45992,141062,279988,0,0,0,0,0.0704606
1017744,9,1,209897,57688,50311,152209,305281,0,0,0,0,0.0859715
1017749,9,1,186151,50560,43415,135591,266421,0,0,0,0,0.0672266
1017762,18,1,223737,62468,54325,161269,333008,0,0,0,0,0.0790376
1017765,18,1,228340,63977,55434,164363,340010,0,0,0,0,0.0856198
1017768,18,1,212423,59440,51584,152983,317266,0,0,0,0,0.0688924
1017790,9,1,153115,39802,33721,113313,205742,0,0,0,0,0.0644353
1017791,9,2,279340,77660,67771,201667,412423,1,0,0,0,0.206471
1017792,9,1,203709,55458,47735,148251,290736,0,0,0,0,0.0753063
1017793,9,1,215815,60863,52919,154952,324181,0,0,0,0,0.0941757
1017794,9,1,207198,57040,49294,150158,301755,0,0,0,0,0.0671236
1017795,9,1,201281,54818,47585,146463,288736,0,0,0,0,0.0696532
1017796,9,1,214904,59758,51442,155146,315660,0,0,0,0,0.0821941
1017797,9,1,214094,58975,51275,155119,308620,0,0,0,0,0.0712669
1017798,9,1,213889,59986,52104,153903,318358,0,0,0,0,0.0803418
1017799,9,1,189428,51370,43784,138058,270958,0,0,0,0,0.0683528
1017800,3,1,173257,45514,39881,127743,238892,0,0,0,0,0.146415
1017801,9,1,186677,50530,44264,136147,265800,0,0,0,0,0.0949417
1017804,9,1,198904,55134,48582,143770,292144,0,0,0,0,0.0964129
1017809,9,1,186219,50336,44235,135883,264481,0,0,0,0,0.089863
1017810,3,1,187453,49931,43141,137522,262702,0,0,0,0,0.0930887
1017811,9,2,333911,90810,78926,243088,479693,1,0,0,0,0.2582
1017814,9,1,198198,54931,48032,143267,290687,0,0,0,0,0.0681565
1017819,9,1,182501,49020,42455,133481,257575,0,0,0,0,0.0736117
1017820,3,1,178161,46884,40237,131277,246050,0,0,0,0,0.0957898
1017821,9,1,184412,49573,42765,134839,260409,0,0,0,0,0.142221
1017824,9,1,191249,52050,45522,139199,274352,0,0,0,0,0.0708932
1017829,9,1,195992,54073,47764,141919,286087,0,0,0,0,0.0969806
1017830,3,1,174396,46923,40506,127473,248454,0,0,0,0,0.128495
1017831,9,1,187515,51551,44004,135964,274065,0,0,0,0,0.0817705
1017834,9,1,194607,53329,46164,141278,281389,0,0,0,0,0.0686763
1017839,9,1,175954,47120,41050,128834,248073,0,0,0,0,0.0689422
1017840,9,2,298819,81540,69898,217266,433471,1,0,0,0,0.267327
1017841,9,1,176012,47239,40560,128773,249132,0,0,0,0,0.0751281
1017842,18,1,188927,51776,45150,137151,275667,0,0,0,0,0.0808547
1017844,9,1,202033,54940,47837,147093,288829,0,0,0,0,0.0635682
1017845,18,1,205211,57668,50425,147543,309185,0,0,0,0,0.10735
1017848,18,2,211647,59668,51887,151966,320528,1,0,0,0,0.296571
1017849,9,1,182689,50072,43396,132617,265632,0,0,0,0,0.128605
1017870,3,1,201831,54857,47969,146974,288608,0,0,0,0,0.113695
1017871,9,2,354028,96353,84179,257662,506193,1,0,0,0,0.200649
1017874,9,1,209786,58652,51797,151134,309875,0,0,0,0,0.0670606
1017879,9,2,284446,77557,66936,206877,407129,1,0,0,0,0.166259
1017880,3,1,208112,56851,50309,151261,300362,0,0,0,0,0.0945255
1017881,9,1,198175,53485,47188,144690,279676,0,0,0,0,0.0668408
1017884,9,1,208180,57167,50376,151013,300888,0,0,0,0,0.0771158
1017889,9,1,197886,53173,46985,144713,277063,0,0,0,0,0.0912633
1017890,3,1,186508,49295,42882,137213,258024,0,0,0,0,0.126807
1017891,9,1,198878,54294,47038,144584,286210,0,0,0,0,0.0703835
1017894,9,2,312634,86763,75299,225858,460572,1,0,0,0,0.195367
1017899,9,2,297915,82058,71815,215844,434454,1,0,0,0,0.202866
1017900,9,2,332870,90636,78539,242221,478867,1,0,0,0,0.20166
1017901,9,1,196325,53152,46490,143173,279450,0,0,0,0,0.0677488
1017902,18,1,210155,59041,52079,151114,315015,0,0,0,0,0.0737423
1017904,9,2,300839,83781,73709,217045,444780,1,0,0,0,0.182535
1017905,18,1,224007,63527,56012,160480,339974,0,0,0,0,0.0774314
1017908,18,2,226979,64602,56776,162364,346579,1,0,0,0,0.181315
1017909,9,1,194243,53499,46523,140744,282777,0,0,0,0,0.0883854
1017930,3,1,185199,49099,43009,136100,257235,0,0,0,0,0.0891175
1017931,9,2,329610,91083,79442,238514,483503,1,0,0,0,0.199964
1017934,9,1,214575,59332,51452,155243,313324,0,0,0,0,0.0713544
1017939,9,1,194992,52652,45611,142340,276665,0,0,0,0,0.0647886
1017940,3,1,190458,51280,44847,139178,269647,0,0,0,0,0.0965217
1017941,9,1,202056,55693,48709,146363,293921,0,0,0,0,0.0695956
1017944,9,1,216099,60378,52885,155721,319962,0,0,0,0,0.0736616
1017949,9,1,199124,53992,46645,145132,283373,0,0,0,0,0.0652941
1017950,9,1,200352,54694,47651,145658,286934,0,0,0,0,0.0651845
1017951,9,1,194808,53000,45600,141808,279120,0,0,0,0,0.0701389
1017954,9,1,210929,57710,50305,153219,304112,0,0,0,0,0.0696583
1017955,18,2,368913,102417,89204,266483,543916,1,0,0,0,0.184318
1017958,18,2,373402,105246,91515,268143,561982,1,0,0,0,0.189782
1017959,9,1,218303,58835,51517,159468,306942,0,0,0,0,0.0720982
1017962,18,1,205397,57226,49940,148171,304355,0,0,0,0,0.075695
1017980,3,1,193919,51282,44657,142637,267486,0,0,0,0,0.0848128
1017981,9,2,274105,75676,66460,198416,401946,1,0,0,0,0.177935
1017984,9,1,214693,59055,51494,155638,311474,0,0,0,0,0.0702081
1017989,9,2,285916,79066,68984,206838,419106,1,0,0,0,0.17398
1017990,9,2,352137,96087,84193,256037,504556,1,0,0,0,0.218435
1017991,9,2,281143,78553,68161,202577,418894,1,0,0,0,0.195395
1017994,9,1,210664,57615,50379,153049,303697,0,0,0,0,0.0846056
1017999,9,1,192852,52178,45367,140674,274263,0,0,0,0,0.087783
1018002,18,1,224090,63219,55569,160871,337839,0,0,0,0,0.0989533
1018005,18,2,370838,103780,90719,267045,552781,1,0,0,0,0.227384
1018008,18,2,350919,98656,85834,252250,526574,1,0,0,0,0.196766
1018020,9,1,198680,53876,46833,144804,281709,0,0,0,0,0.0718329
1018021,9,1,203586,55975,49105,147611,294596,0,0,0,0,0.0800212
1018024,9,1,206159,56548,48551,149611,298165,0,0,0,0,0.0778917
1018029,9,1,203069,55831,47780,147238,293857,0,0,0,0,0.07758
1018042,18,2,216449,61131,53757,155305,328013,1,0,0,0,0.185232
1018045,18,2,369753,103744,90567,265996,553668,1,0,0,0,0.212019
1018048,18,2,346637,97246,84761,249378,518978,1,0,0,0,0.19684
1018070,9,2,289694,78254,67778,211428,409445,1,0,0,0,0.170945
1018071,9,1,198008,53723,47171,144285,281424,0,0,0,0,0.0658152
1018072,9,2,256557,70204,60667,186340,372575,1,0,0,0,0.215925
1018073,9,1,211521,60026,53145,151495,319659,0,0,0,0,0.0934662
1018074,9,1,193260,51729,45124,141531,270832,0,0,0,0,0.0616514
1018075,9,1,202037,54640,47287,147397,287158,0,0,0,0,0.0681902
1018076,9,1,231955,64268,56537,167687,339049,0,0,0,0,0.0794641
1018077,9,2,252826,69857,60816,182957,371426,1,0,0,0,0.172168
1018078,9,1,211114,58455,51291,152659,309332,0,0,0,0,0.111116
1018079,9,1,209436,57904,50005,151532,305477,0,0,0,0,0.0905329
1018080,3,1,175967,46417,40744,129550,243790,0,0,0,0,0.13784
1018081,9,1,199891,54300,47930,145591,285469,0,0,0,0,0.0889018
1018084,9,1,181220,48416,42368,132804,254032,0,0,0,0,0.107287
1018089,9,1,162004,42230,36539,119774,220487,0,0,0,0,0.110196
1018090,3,1,188479,50335,43588,138144,264925,0,0,0,0,0.119989
1018091,9,2,345184,93732,81562,251439,494529,1,0,0,0,0.215221
1018094,9,1,186352,49811,42961,136541,261165,0,0,0,0,0.0718527
1018099,9,1,160174,41682,35722,118492,218064,0,0,0,0,0.0612038
1018100,3,1,179611,47533,40796,132078,249904,0,0,0,0,0.101545
1018101,9,1,196541,53070,45959,143471,278361,0,0,0,0,0.0691131
1018104,9,1,177556,47391,41078,130165,249452,0,0,0,0,0.0670915
1018109,9,1,188837,51024,44623,137813,268896,0,0,0,0,0.0697405
1018110,3,1,175649,47542,41111,128107,252104,0,0,0,0,0.095848
1018111,9,1,180000,48065,40914,131935,253889,0,0,0,0,0.0647126
1018114,9,1,175271,46308,39633,128963,242991,0,0,0,0,0.0637735
1018119,9,2,341705,92276,80419,249416,487587,1,0,0,0,0.216447
1018120,9,2,303526,82920,71445,220593,440106,1,0,0,0,0.20362
1018121,9,1,167021,43658,37440,123363,228934,0,0,0,0,0.0846418
1018122,18,1,184273,49787,43408,134486,263224,0,0,0,0,0.0784965
1018124,9,1,190641,51262,44581,139379,269951,0,0,0,0,0.0943027
1018125,18,1,199422,55358,48423,144064,296134,0,0,0,0,0.0852598
1018128,18,1,202389,56299,49005,146090,300852,0,0,0,0,0.0879047
1018129,9,1,188522,51562,45023,136960,274196,0,0,0,0,0.091147
1018150,3,1,202631,55194,48312,147437,290533,0,0,0,0,0.114086
1018151,9,2,361872,98264,86136,263595,515218,1,0,0,0,0.20094
1018154,9,1,200011,54787,47982,145224,287639,0,0,0,0,0.063427
1018159,9,1,170954,45307,39090,125647,236633,0,0,0,0,0.0578229
1018160,3,1,208712,57105,50492,151607,301828,0,0,0,0,0.0966882
1018161,9,1,208623,56278,49732,152345,293646,0,0,0,0,0.0899382
1018164,9,1,203010,55408,48645,147602,292208,0,0,0,0,0.0692625
1018169,9,1,191347,50740,44706,140607,264505,0,0,0,0,0.0643804
1018170,3,1,188264,49930,43449,138334,261663,0,0,0,0,0.108919
1018171,9,1,189406,50132,43530,139274,262326,0,0,0,0,0.0704153
1018174,9,2,302347,82559,71616,219775,436897,1,0,0,0,0.185018
1018179,9,2,303823,83540,73498,220270,441046,1,0,0,0,0.188299
1018180,9,2,239986,66794,58547,173179,355467,1,0,0,0,0.189438
1018181,9,1,186291,49766,43381,136525,261369,0,0,0,0,0.0734244
1018182,18,1,197481,54143,47723,143338,286494,0,0,0,0,0.0668069
1018184,9,2,296068,82250,72186,213806,437693,1,0,0,0,0.213605
1018185,18,2,317465,88797,78043,228655,474694,1,0,0,0,0.231048
1018188,18,1,217413,60620,53258,156793,322893,0,0,0,0,0.102199
1018189,9,1,199296,54893,48285,144403,291099,0,0,0,0,0.103852
1018210,3,1,186094,49610,43418,136484,260301,0,0,0,0,0.0855837
1018211,9,2,228188,64253,56411,163922,343518,1,0,0,0,0.170249
1018214,9,1,208048,56626,49400,151422,298333,0,0,0,0,0.0739852
1018219,9,1,188272,50204,43525,138068,262594,0,0,0,0,0.0809962
1018220,3,1,192963,52282,45755,140681,275304,0,0,0,0,0.110676
1018221,9,1,188692,50920,44382,137772,268124,0,0,0,0,0.0692991
1018224,9,1,207364,57120,49442,150244,302157,0,0,0,0,0.0958498
1018229,9,2,297372,82847,72486,214513,441046,1,0,0,0,0.191658
1018230,9,1,213179,58073,50833,155106,303538,0,0,0,0,0.07017
1018231,9,1,188546,50144,43484,138402,262609,0,0,0,0,0.0679792
1018234,9,1,212005,58064,50882,153941,306771,0,0,0,0,0.0933336
1018235,18,2,361648,99632,86598,262003,528031,1,0,0,0,0.202261
1018238,18,2,366857,102748,89157,264096,548081,1,0,0,0,0.173073
1018239,9,1,211786,57191,50330,154595,300388,0,0,0,0,0.0666513
1018242,18,1,195278,53631,46793,141647,283911,0,0,0,0,0.0636252
1018260,3,1,196335,52254,45573,144081,273021,0,0,0,0,0.0868473
1018261,9,2,268524,73205,64349,195307,388255,1,0,0,0,0.169348
1018264,9,1,213092,58454,51213,154638,308725,0,0,0,0,0.065665
1018269,9,1,203810,55558,48395,148252,293443,0,0,0,0,0.0631409
1018270,9,2,362482,98531,86609,263938,516053,1,0,0,0,0.188709
1018271,9,2,275962,76628,66389,199321,408433,1,0,0,0,0.170653
1018274,9,1,205625,56087,48793,149538,295696,0,0,0,0,0.0680788
1018279,9,1,192503,51746,45146,140757,271439,0,0,0,0,0.0680141
1018282,18,2,284066,79687,69840,204366,427332,1,0,0,0,0.243313
1018285,18,2,364612,100849,88198,263750,535450,1,0,0,0,0.187159
1018288,18,2,344453,96159,83494,248281,513124,1,0,0,0,0.182764
1018300,9,1,192141,51456,44719,140685,268300,0,0,0,0,0.064
1018301,9,1,192682,52267,45539,140415,275175,0,0,0,0,0.0647713
1018304,9,1,203126,55036,48076,148090,289802,0,0,0,0,0.0909642
1018309,9,1,214005,58885,50695,155120,309313,0,0,0,0,0.0722111
1018322,18,1,224072,62150,54267,161922,329844,0,0,0,0,0.0734059
1018325,18,2,367982,102595,89374,265374,547103,1,0,0,0,0.189662
1018328,18,2,338322,94537,82213,243772,504764,1,0,0,0,0.199745
1018350,9,1,163872,42877,37005,120995,222626,0,0,0,0,0.0603402
1018351,9,1,195154,52285,45337,142869,273696,0,0,0,0,0.0680502
1018352,9,2,260165,70993,61538,189159,375764,1,0,0,0,0.18752
1018353,9,1,207759,57682,50542,150077,306840,0,0,0,0,0.103171
1018354,9,1,187499,49642,43347,137857,258846,0,0,0,0,0.0775669
1018355,9,2,263103,71778,62338,191313,380557,1,0,0,0,0.180891
1018356,9,1,222642,60948,53597,161694,321824,0,0,0,0,0.076043
1018357,9,1,204398,55971,48923,148427,296160,0,0,0,0,0.0654693
1018358,9,1,197017,52863,45696,144154,277182,0,0,0,0,0.0692414
1018359,9,1,222139,61564,53365,160575,323861,0,0,0,0,0.07343
1018360,9,1,171865,44425,38855,127440,229700,0,0,0,0,0.0798546
1018361,9,1,171753,44388,38833,127365,229501,0,0,0,0,0.107328
1018364,9,1,149316,38720,33066,110596,199935,0,0,0,0,0.0803105
1018369,9,1,142090,36952,31370,105138,191903,0,0,0,0,0.0830882
1018370,9,2,179160,47250,41103,131898,246818,1,0,0,0,0.150653
1018371,9,2,179001,47215,41055,131774,246644,1,0,0,0,0.153931
1018374,9,1,142750,36804,31229,105946,189560,0,0,0,0,0.0608356
1018379,9,1,136813,36203,30423,100610,189567,0,0,0,0,0.0606613
1018380,9,1,164853,42848,37166,122005,222398,0,0,0,0,0.0834255
1018381,9,1,164706,42803,37125,121903,222148,0,0,0,0,0.0647598
1018384,9,1,151788,40263,35142,111525,209826,0,0,0,0,0.0653546
1018389,9,1,162725,43203,36992,119522,225019,0,0,0,0,0.0607969
1018390,9,2,165700,44379,38492,121308,234427,1,0,0,0,0.212689
1018391,9,1,153270,40414,33941,112856,210508,0,0,0,0,0.0798714
1018394,9,2,170745,45809,39625,124924,241746,1,0,0,0,0.191436
1018399,9,1,168374,44624,39034,123750,233400,0,0,0,0,0.0790411
1018400,9,2,165486,44319,38386,121154,234082,1,0,0,0,0.196736
1018401,9,1,153305,40407,33909,112898,210436,0,0,0,0,0.0608912
1018404,9,2,170806,45824,39634,124970,241816,1,0,0,0,0.171094
1018409,9,1,168280,44601,39039,123679,233295,0,0,0,0,0.0737306
1018430,9,2,189851,49457,42629,140382,255498,1,0,0,0,0.158895
1018431,9,2,189606,49388,42577,140206,255105,1,0,0,0,0.146704
1018434,9,2,267892,72143,62784,195737,375681,1,0,0,0,0.171499
1018439,9,2,255948,69976,60252,185960,368133,1,0,0,0,0.189401
1018440,9,2,307775,83586,73500,224177,440808,1,0,0,0,0.220002
1018441,9,2,307420,83511,73443,223897,440445,1,0,0,0,0.2141
1018444,9,2,262436,71843,63379,190581,378846,1,0,0,0,0.171359
1018449,9,2,278210,76458,66659,201740,401355,1,0,0,0,0.166249
1018450,9,2,183355,49194,43185,134148,258749,1,0,0,0,0.14284
1018451,9,2,290907,80443,70421,210453,425986,1,0,0,0,0.178457
1018454,9,2,181486,48942,43166,132531,257683,1,0,0,0,0.148206
1018459,9,2,179589,48332,41645,131245,253158,1,0,0,0,0.169783
1018460,9,2,183170,49156,43152,134001,258572,1,0,0,0,0.188857
1018461,9,2,290651,80351,70399,210289,425422,1,0,0,0,0.171437
1018464,9,2,181391,48926,43167,132452,257599,1,0,0,0,0.146618
1018469,9,2,179448,48304,41628,131132,253020,1,0,0,0,0.171502
1018490,9,2,178588,48021,41933,130554,253208,1,0,0,0,0.148402
1018491,9,2,178407,47985,41905,130409,253056,1,0,0,0,0.150286
1018494,9,2,188096,51951,45599,136132,274621,1,0,0,0,0.167411
1018499,9,2,188716,51017,44368,137687,266972,1,0,0,0,0.169417
1018500,9,2,280636,76838,67134,203786,406402,1,0,0,0,0.200222
1018501,9,2,258568,71534,62288,187023,379894,1,0,0,0,0.190089
1018504,9,2,193527,53383,46788,140131,282172,1,0,0,0,0.173635
1018509,9,2,189923,51834,45208,138077,272194,1,0,0,0,0.159363
1018510,9,2,280332,76755,67077,203565,405918,1,0,0,0,0.213995
1018511,9,2,258610,71536,62260,187063,379880,1,0,0,0,0.20912
1018514,9,2,193451,53375,46801,140063,282137,1,0,0,0,0.167627
1018519,9,2,189774,51788,45192,137974,271969,1,0,0,0,0.177959
1018540,9,2,186922,49094,42987,137816,253891,1,0,0,0,0.156396
1018541,9,2,183838,49896,43386,133929,263640,1,0,0,0,0.189398
1018544,9,2,194159,53281,46634,140865,281066,1,0,0,0,0.134354
1018549,9,2,177389,48273,41591,129103,253620,1,0,0,0,0.139391
1018550,9,2,186672,49030,42920,137630,253532,1,0,0,0,0.176504
1018551,9,2,183686,49871,43358,133802,263518,1,0,0,0,0.16921
1018554,9,2,194072,53265,46634,140794,280971,1,0,0,0,0.148857
1018559,9,2,177352,48259,41578,129080,253541,1,0,0,0,0.152909
1018580,9,2,290755,78162,68075,212581,406055,1,0,0,0,0.250717
1018581,9,2,284450,78217,68371,206221,413466,1,0,0,0,0.223901
1018584,9,2,197143,53514,46846,143616,281039,1,0,0,0,0.16096
1018589,9,2,173228,46041,39644,127174,239625,1,0,0,0,0.189129
1018630,9,2,268455,72922,63304,195521,381995,1,0,0,0,0.219437
1018631,9,2,287324,77847,67896,209465,405276,1,0,0,0,0.224917
1018632,9,2,172111,45373,39479,126726,236834,1,0,0,0,0.184251
1018633,9,2,172291,45408,39514,126871,236990,1,0,0,0,0.175483
1018634,9,2,177782,46726,40677,131044,242150,1,0,0,0,0.197323
1018635,9,2,179716,47501,41509,132203,247164,1,0,0,0,0.181358
1018636,9,2,179960,47569,41547,132379,247546,1,0,0,0,0.169487
1018637,9,2,174794,46412,40217,128369,242472,1,0,0,0,0.181017
1018638,9,2,174701,46388,40200,128300,242349,1,0,0,0,0.166813
1018639,9,2,169325,44716,38786,124596,232531,1,0,0,0,0.198508
1018922,18,1,169383,44210,38812,125173,228593,0,0,0,0,0.124777
1018925,18,1,186113,50429,43793,135684,264797,0,0,0,0,0.0969813
1018928,18,1,178538,48360,41992,130178,254276,0,0,0,0,0.114211
1018932,18,1,173372,45712,39952,127660,236643,0,0,0,0,0.0925802
1018935,18,1,183928,49074,41856,134854,256538,0,0,0,0,0.0824975
1018938,18,1,177579,47340,40553,130239,247806,0,0,0,0,0.0731185
1018942,18,1,170884,45005,39310,125879,233758,0,0,0,0,0.0899806
1018945,18,1,186830,50271,43582,136559,263798,0,0,0,0,0.077365
1018948,18,1,195254,52648,45768,142606,276051,0,0,0,0,0.0807087
1018952,18,1,179934,49390,42386,130544,261323,0,0,0,0,0.0778062
1018955,18,2,182992,49931,43531,133048,265266,1,0,0,0,0.215458
1018958,18,1,181498,49523,43073,131975,261204,0,0,0,0,0.0764518
1018962,18,1,173525,47482,40629,126043,251566,0,0,0,0,0.0652744
1018965,18,2,175832,47674,41763,128145,253112,1,0,0,0,0.164573
1018968,18,1,180690,49102,42771,131588,258753,0,0,0,0,0.0690551
1018970,18,1,154284,40898,35450,113386,213646,0,0,0,0,0.0672344
1018971,18,1,165036,44594,38417,120442,235125,0,0,0,0,0.0669453
1018972,18,1,158258,42430,36366,115828,223642,0,0,0,0,0.0625858
1018973,18,1,157078,42592,36445,114486,225737,0,0,0,0,0.0748733
1018974,18,2,183140,49852,43573,133276,264910,1,0,0,0,0.250636
1018975,18,2,184623,50518,44024,134093,269155,1,0,0,0,0.20003
1018976,18,1,190140,51298,44401,138842,269679,0,0,0,0,0.0858959
1018977,18,1,160804,42514,37252,118290,221854,0,0,0,0,0.0870285
1018978,18,1,178092,48572,42637,129520,258125,0,0,0,0,0.0832791
1018979,18,1,190814,52286,46025,138528,277556,0,0,0,0,0.0971093
1018992,18,1,184564,48970,42750,135594,252597,0,0,0,0,0.0768002
1018995,18,2,280082,76684,66681,203385,403722,1,0,0,0,0.16706
1018998,18,2,272112,74308,64467,197791,391406,1,0,0,0,0.15935
1019002,18,1,187329,49431,43106,137898,255028,0,0,0,0,0.066881
1019005,18,1,208997,56634,49360,152363,296550,0,0,0,0,0.0736458
1019008,18,2,294490,81593,71750,212884,433096,1,0,0,0,0.189428
1019012,18,1,194538,53114,45942,141424,279376,0,0,0,0,0.0602485
1019015,18,2,199338,54605,47878,144720,289339,1,0,0,0,0.162356
1019018,18,2,276369,76803,67678,199553,408009,1,0,0,0,0.172793
1019022,18,1,187645,51358,44182,136287,270909,0,0,0,0,0.0584783
1019025,18,2,202959,55486,48717,147460,294013,1,0,0,0,0.14662
1019028,18,1,201073,55348,48919,145725,291323,0,0,0,0,0.068713
1019030,18,2,179788,47697,41526,132078,250711,1,0,0,0,0.166908
1019031,18,2,294960,80930,70574,214018,429148,1,0,0,0,0.185733
1019032,18,2,288146,79206,68991,208929,420269,1,0,0,0,0.224643
1019033,18,1,181668,49851,43116,131817,263524,0,0,0,0,0.0748341
1019034,18,2,203341,55663,48786,147666,295336,1,0,0,0,0.148033
1019035,18,2,207559,56617,49695,150930,299827,1,0,0,0,0.183484
1019036,18,2,317131,87915,76889,229203,466492,1,0,0,0,0.186315
1019037,18,1,177729,47373,41769,130356,246397,0,0,0,0,0.0847266
1019038,18,1,194702,53224,46853,141478,281110,0,0,0,0,0.0815332
1019039,18,1,202399,55305,48841,147094,291311,0,0,0,0,0.0629463
1019052,18,2,168902,45125,39496,123764,237910,1,0,0,0,0.159257
1019055,18,2,270633,74966,65800,195655,397870,1,0,0,0,0.153666
1019058,18,2,270806,75034,65565,195760,397958,1,0,0,0,0.154037
1019062,18,2,262624,73216,64577,189396,390697,1,0,0,0,0.209574
1019065,18,2,290697,81415,71402,209269,433328,1,0,0,0,0.208291
1019068,18,2,188393,51602,45129,136778,273424,1,0,0,0,0.179597
1019072,18,2,252537,70090,61496,182436,373368,1,0,0,0,0.189641
1019075,18,2,282127,78869,69008,203245,419388,1,0,0,0,0.19658
1019078,18,2,186768,51124,44602,135631,270608,1,0,0,0,0.17438
1019080,18,1,183813,48710,42094,135103,252335,0,0,0,0,0.0728345
1019081,18,1,196150,53403,46416,142747,280446,0,0,0,0,0.0642981
1019082,18,1,189790,51895,44991,137895,273646,0,0,0,0,0.0841088
1019084,18,1,209783,57481,50147,152302,303275,0,0,0,0,0.0898911
1019085,18,1,201769,55034,47797,146735,290067,0,0,0,0,0.0678214
1019086,18,1,186185,50542,43843,135643,265459,0,0,0,0,0.0842741
1019087,18,2,179682,48393,42244,131276,254980,1,0,0,0,0.174517
1019088,18,2,183657,49431,42937,134214,260653,1,0,0,0,0.171809
1019089,18,2,185071,49835,43384,135224,262469,1,0,0,0,0.173018
1019093,18,1,183644,50985,43865,132659,271069,0,0,0,0,0.117712
1019102,18,2,194913,53751,47246,141150,285964,1,0,0,0,0.19116
1019105,18,1,210494,57469,50695,153025,302706,0,0,0,0,0.0866622
1019108,18,2,265636,73942,64605,191681,394044,1,0,0,0,0.190391
1019112,18,2,196692,54374,47885,142306,289575,1,0,0,0,0.179895
1019115,18,1,202758,55296,48560,147462,291220,0,0,0,0,0.0888318
1019118,18,2,258806,71793,62901,187000,382424,1,0,0,0,0.214953
1019120,18,1,177090,46549,40535,130541,239206,0,0,0,0,0.0873706
1019121,18,2,198227,54590,47540,143624,290510,1,0,0,0,0.208827
1019122,18,2,197172,54255,47389,142904,288470,1,0,0,0,0.171972
1019124,18,2,312522,87624,76781,224885,466790,1,0,0,0,0.22252
1019125,18,2,307227,86050,75236,221164,458355,1,0,0,0,0.230463
1019128,18,2,267188,73880,64160,193295,393597,1,0,0,0,0.216988
1019129,18,2,271507,75193,65306,196301,400467,1,0,0,0,0.224773
1019133,18,2,289290,80284,70330,208993,427156,1,0,0,0,0.181689
1019136,18,1,191247,51970,45101,139277,273103,0,0,0,0,0.0648409
1019137,18,1,195303,53339,46037,141964,280990,0,0,0,0,0.0632757
1019142,18,1,174555,46129,40163,128426,239403,0,0,0,0,0.0770629
1019145,18,2,187387,50957,44088,136417,269727,1,0,0,0,0.153196
1019148,18,1,186870,50778,43998,136092,267011,0,0,0,0,0.0730412
1019150,18,2,299947,82283,71285,217651,432500,1,0,0,0,0.163553
1019151,18,1,208707,57027,49510,151680,299114,0,0,0,0,0.0685571
1019154,18,2,303178,83936,73706,219230,445111,1,0,0,0,0.226149
1019159,18,1,205653,56050,48461,149603,294489,0,0,0,0,0.0865878
1019162,18,1,201540,55228,48490,146312,290340,0,0,0,0,0.0975784
1019163,18,1,200487,55250,48684,145237,292483,0,0,0,0,0.0736261
1019165,18,2,185990,50060,43330,135917,264121,1,0,0,0,0.175444
1019166,18,2,184603,50243,43700,134348,265936,1,0,0,0,0.192957
1019167,18,2,267396,74494,65288,192889,397498,1,0,0,0,0.202848
1019168,18,2,285787,79072,68971,206702,420521,1,0,0,0,0.219009
1019180,18,2,293624,80393,69619,213218,422794,1,0,0,0,0.205954
1019181,18,2,311052,86453,75649,224586,459292,1,0,0,0,0.200413
1019182,18,2,292720,81637,72140,211070,434809,1,0,0,0,0.246506
1019183,18,1,207470,57155,50533,150315,301656,0,0,0,0,0.0932804
1019184,18,2,295968,81863,71597,214093,433727,1,0,0,0,0.218053
1019185,18,2,182499,48938,42535,133548,258124,1,0,0,0,0.188074
1019186,18,2,182564,49627,43200,132925,262441,1,0,0,0,0.188637
1019187,18,2,274201,76589,66922,197599,408769,1,0,0,0,0.206033
1019188,18,2,290384,80692,70305,209679,429391,1,0,0,0,0.174998
1019189,18,1,206906,56525,48851,150381,297138,0,0,0,0,0.0837301
